timestamp,x1,y1,z1,x2,y2,z2,x3,y3,z3,x4,y4,z4,x1_calib,y1_calib,z1_calib,x2_calib,y2_calib,z2_calib,x3_calib,y3_calib,z3_calib,x4_calib,y4_calib,z4_calib
2025-08-11T17:26:57.040173,57.0,-40.0,-2.0,-17.0,59.0,-66.0,18.0,-74.0,-4.0,63.0,112.0,-80.0,46.519999999999996,-22.77,-4.45,-27.68,42.739999999999995,-38.34,8.97,-75.28,-4.59,82.06,79.57,-35.47
2025-08-11T17:26:57.044401,30.0,-3.0,33.0,28.0,-21.0,-48.0,17.0,0.0,2.0,34.0,4.0,-86.0,19.52,14.23,30.55,17.32,-37.260000000000005,-20.34,7.970000000000001,-1.28,1.4100000000000001,53.06,-28.43,-41.47
2025-08-11T17:26:57.052560,53.0,-120.0,26.0,-27.0,34.0,-7.0,4.0,-53.0,26.0,-10.0,79.0,-88.0,42.519999999999996,-102.77,23.55,-37.68,17.74,20.66,-5.029999999999999,-54.28,25.41,9.059999999999999,46.57,-43.47
2025-08-11T17:26:57.056636,-22.0,-63.0,7.0,23.0,32.0,-59.0,31.0,11.0,23.0,-14.0,58.0,-7.0,-32.480000000000004,-45.769999999999996,4.55,12.32,15.739999999999998,-31.34,21.97,9.72,22.41,5.059999999999999,25.57,37.53
2025-08-11T17:26:57.060719,18.0,7.0,-8.0,-48.0,34.0,4.0,-26.0,26.0,-2.0,-26.0,33.0,-60.0,7.52,24.23,-10.45,-58.68,17.74,31.66,-35.03,24.72,-2.59,-6.940000000000001,0.5700000000000003,-15.469999999999999
2025-08-11T17:26:57.069111,-25.0,-56.0,24.0,44.0,-10.0,-52.0,-14.0,-2.0,-20.0,-72.0,45.0,-60.0,-35.480000000000004,-38.769999999999996,21.55,33.32,-26.26,-24.34,-23.03,-3.2800000000000002,-20.59,-52.94,12.57,-15.469999999999999
2025-08-11T17:26:57.076921,23.0,23.0,-27.0,28.0,-38.0,57.0,-8.0,-54.0,24.0,-81.0,74.0,-72.0,12.52,40.230000000000004,-29.45,17.32,-54.260000000000005,84.66,-17.03,-55.28,23.41,-61.94,41.57,-27.47
2025-08-11T17:26:57.081229,78.0,54.0,-66.0,37.0,83.0,18.0,58.0,46.0,19.0,-38.0,-6.0,-43.0,67.52,71.23,-68.45,26.32,66.74,45.66,48.97,44.72,18.41,-18.94,-38.43,1.5300000000000011
2025-08-11T17:26:57.089318,50.0,-34.0,-52.0,-10.0,58.0,24.0,-20.0,-44.0,39.0,-46.0,37.0,-48.0,39.519999999999996,-16.77,-54.45,-20.68,41.739999999999995,51.66,-29.03,-45.28,38.41,-26.94,4.57,-3.469999999999999
2025-08-11T17:26:57.093548,118.0,-3.0,-28.0,-6.0,10.0,-1.0,-58.0,33.0,55.0,59.0,65.0,-94.0,107.52,14.23,-30.45,-16.68,-6.260000000000002,26.66,-67.03,31.72,54.41,78.06,32.57,-49.47
2025-08-11T17:26:57.097579,77.0,-55.0,13.0,-82.0,80.0,-8.0,14.0,24.0,56.0,-77.0,111.0,-67.0,66.52,-37.769999999999996,10.55,-92.68,63.739999999999995,19.66,4.970000000000001,22.72,55.41,-57.94,78.57,-22.47
2025-08-11T17:26:57.105819,23.0,-28.0,-25.0,35.0,21.0,-33.0,-18.0,72.0,6.0,-13.0,23.0,-57.0,12.52,-10.77,-27.45,24.32,4.739999999999998,-5.34,-27.03,70.72,5.41,6.059999999999999,-9.43,-12.469999999999999
2025-08-11T17:26:57.110467,-5.0,46.0,-4.0,18.0,-26.0,5.0,-31.0,-27.0,-9.0,-78.0,74.0,-88.0,-15.48,63.230000000000004,-6.45,7.32,-42.260000000000005,32.66,-40.03,-28.28,-9.59,-58.94,41.57,-43.47
2025-08-11T17:26:57.118079,-35.0,16.0,10.0,-34.0,74.0,-19.0,-13.0,7.0,15.0,-61.0,91.0,-111.0,-45.480000000000004,33.230000000000004,7.55,-44.68,57.739999999999995,8.66,-22.03,5.72,14.41,-41.94,58.57,-66.47
2025-08-11T17:26:57.122179,-28.0,-22.0,-35.0,11.0,20.0,1.0,-18.0,62.0,-34.0,-59.0,51.0,-47.0,-38.480000000000004,-4.77,-37.45,0.3200000000000003,3.7399999999999984,28.66,-27.03,60.72,-34.59,-39.94,18.57,-2.469999999999999
2025-08-11T17:26:57.130297,86.0,54.0,-31.0,13.0,83.0,-59.0,15.0,3.0,-19.0,11.0,52.0,-35.0,75.52,71.23,-33.45,2.3200000000000003,66.74,-31.34,5.970000000000001,1.72,-19.59,30.06,19.57,9.530000000000001
2025-08-11T17:26:57.135092,66.0,-43.0,-87.0,19.0,65.0,-53.0,31.0,-47.0,42.0,-25.0,48.0,-60.0,55.519999999999996,-25.77,-89.45,8.32,48.739999999999995,-25.34,21.97,-48.28,41.41,-5.940000000000001,15.57,-15.469999999999999
2025-08-11T17:26:57.142647,23.0,-128.0,70.0,12.0,79.0,-82.0,32.0,60.0,-50.0,-26.0,22.0,-27.0,12.52,-110.77,67.55,1.3200000000000003,62.739999999999995,-54.34,22.97,58.72,-50.59,-6.940000000000001,-10.43,17.53
2025-08-11T17:26:57.147072,-69.0,3.0,89.0,-10.0,-6.0,-64.0,40.0,38.0,-66.0,-82.0,65.0,6.0,-79.48,20.23,86.55,-20.68,-22.26,-36.34,30.97,36.72,-66.59,-62.94,32.57,50.53
2025-08-11T17:26:57.154970,-11.0,-59.0,106.0,32.0,8.0,-106.0,40.0,-7.0,5.0,3.0,48.0,-29.0,-21.48,-41.769999999999996,103.55,21.32,-8.260000000000002,-78.34,30.97,-8.28,4.41,22.06,15.57,15.530000000000001
2025-08-11T17:26:57.159262,-25.0,-68.0,2.0,69.0,48.0,-67.0,-17.0,-47.0,29.0,-50.0,60.0,-94.0,-35.480000000000004,-50.769999999999996,-0.4500000000000002,58.32,31.74,-39.34,-26.03,-48.28,28.41,-30.94,27.57,-49.47
2025-08-11T17:26:57.167217,-32.0,-38.0,4.0,-9.0,17.0,-24.0,17.0,-77.0,53.0,8.0,32.0,-71.0,-42.480000000000004,-20.77,1.5499999999999998,-19.68,0.7399999999999984,3.66,7.970000000000001,-78.28,52.41,27.06,-0.4299999999999997,-26.47
2025-08-11T17:26:57.171471,-59.0,-20.0,8.0,-2.0,-21.0,-46.0,94.0,34.0,5.0,-25.0,19.0,-75.0,-69.48,-2.7699999999999996,5.55,-12.68,-37.260000000000005,-18.34,84.97,32.72,4.41,-5.940000000000001,-13.43,-30.47
2025-08-11T17:26:57.179420,-15.0,10.0,18.0,3.0,13.0,3.0,54.0,-4.0,-2.0,6.0,13.0,-8.0,-25.48,27.23,15.55,-7.68,-3.2600000000000016,30.66,44.97,-5.28,-2.59,25.06,-19.43,36.53
2025-08-11T17:26:57.183698,15.0,-9.0,3.0,55.0,-33.0,-8.0,33.0,-26.0,18.0,-5.0,46.0,7.0,4.52,8.23,0.5499999999999998,44.32,-49.260000000000005,19.66,23.97,-27.28,17.41,14.059999999999999,13.57,51.53
2025-08-11T17:26:57.191870,-7.0,38.0,12.0,17.0,39.0,17.0,-29.0,-11.0,-11.0,-34.0,-87.0,56.0,-17.48,55.230000000000004,9.55,6.32,22.74,44.66,-38.03,-12.28,-11.59,-14.940000000000001,-119.43,100.53
2025-08-11T17:26:57.196139,-39.0,19.0,-60.0,-39.0,0.0,-21.0,26.0,29.0,1.0,-88.0,24.0,40.0,-49.480000000000004,36.230000000000004,-62.45,-49.68,-16.26,6.66,16.97,27.72,0.41000000000000003,-68.94,-8.43,84.53
2025-08-11T17:26:57.204076,-18.0,-25.0,-56.0,-83.0,-9.0,29.0,54.0,-6.0,-4.0,-50.0,-24.0,0.0,-28.48,-7.77,-58.45,-93.68,-25.26,56.66,44.97,-7.28,-4.59,-30.94,-56.43,44.53
2025-08-11T17:26:57.208810,19.0,48.0,-46.0,76.0,37.0,-15.0,1.0,30.0,77.0,66.0,-65.0,-8.0,8.52,65.23,-48.45,65.32,20.74,12.66,-8.03,28.72,76.41,85.06,-97.43,36.53
2025-08-11T17:26:57.216143,48.0,95.0,-21.0,-11.0,47.0,-85.0,-26.0,31.0,-48.0,43.0,43.0,6.0,37.519999999999996,112.23,-23.45,-21.68,30.74,-57.34,-35.03,29.72,-48.59,62.06,10.57,50.53
2025-08-11T17:26:57.220494,56.0,26.0,-61.0,70.0,-7.0,-39.0,-71.0,8.0,-36.0,-6.0,-52.0,48.0,45.519999999999996,43.230000000000004,-63.45,59.32,-23.26,-11.34,-80.03,6.72,-36.59,13.059999999999999,-84.43,92.53
2025-08-11T17:26:57.225117,13.0,-90.0,-41.0,-8.0,3.0,-77.0,6.0,11.0,-54.0,7.0,-18.0,16.0,2.5199999999999996,-72.77,-43.45,-18.68,-13.260000000000002,-49.34,-3.0299999999999994,9.72,-54.59,26.06,-50.43,60.53
2025-08-11T17:26:57.232728,26.0,-41.0,-27.0,-74.0,-15.0,-80.0,1.0,-1.0,21.0,44.0,-4.0,-34.0,15.52,-23.77,-29.45,-84.68,-31.26,-52.34,-8.03,-2.2800000000000002,20.41,63.06,-36.43,10.530000000000001
2025-08-11T17:26:57.236906,52.0,21.0,-8.0,18.0,45.0,-48.0,4.0,-32.0,-48.0,2.0,-32.0,-10.0,41.519999999999996,38.230000000000004,-10.45,7.32,28.74,-20.34,-5.029999999999999,-33.28,-48.59,21.06,-64.43,34.53
2025-08-11T17:26:57.245058,45.0,-43.0,18.0,-48.0,0.0,4.0,-20.0,-15.0,-22.0,-37.0,-51.0,-22.0,34.519999999999996,-25.77,15.55,-58.68,-16.26,31.66,-29.03,-16.28,-22.59,-17.94,-83.43,22.53
2025-08-11T17:26:57.249634,-18.0,-61.0,0.0,72.0,-3.0,-4.0,24.0,19.0,13.0,17.0,9.0,-20.0,-28.48,-43.769999999999996,-2.45,61.32,-19.26,23.66,14.97,17.72,12.41,36.06,-23.43,24.53
2025-08-11T17:26:57.257291,19.0,-83.0,-41.0,60.0,30.0,-43.0,-8.0,-65.0,-16.0,-53.0,-1.0,51.0,8.52,-65.77,-43.45,49.32,13.739999999999998,-15.34,-17.03,-66.28,-16.59,-33.94,-33.43,95.53
2025-08-11T17:26:57.261569,12.0,2.0,-30.0,-5.0,47.0,-36.0,-26.0,-43.0,-34.0,66.0,-11.0,-52.0,1.5199999999999996,19.23,-32.45,-15.68,30.74,-8.34,-35.03,-44.28,-34.59,85.06,-43.43,-7.469999999999999
2025-08-11T17:26:57.269420,7.0,20.0,-24.0,-62.0,40.0,10.0,7.0,-24.0,-36.0,40.0,39.0,0.0,-3.4800000000000004,37.230000000000004,-26.45,-72.68,23.74,37.66,-2.0299999999999994,-25.28,-36.59,59.06,6.57,44.53
2025-08-11T17:26:57.273861,-8.0,11.0,-36.0,-3.0,45.0,15.0,115.0,-40.0,-11.0,-64.0,39.0,-8.0,-18.48,28.23,-38.45,-13.68,28.74,42.66,105.97,-41.28,-11.59,-44.94,6.57,36.53
2025-08-11T17:26:57.281884,47.0,-30.0,-53.0,39.0,-53.0,-127.0,-2.0,-28.0,-11.0,6.0,35.0,-1.0,36.519999999999996,-12.77,-55.45,28.32,-69.26,-99.34,-11.03,-29.28,-11.59,25.06,2.5700000000000003,43.53
2025-08-11T17:26:57.286208,63.0,-74.0,-40.0,-44.0,-10.0,-59.0,65.0,1.0,15.0,15.0,35.0,-30.0,52.519999999999996,-56.769999999999996,-42.45,-54.68,-26.26,-31.34,55.97,-0.28,14.41,34.06,2.5700000000000003,14.530000000000001
2025-08-11T17:26:57.294167,82.0,-22.0,-86.0,19.0,9.0,-52.0,31.0,29.0,78.0,20.0,-29.0,8.0,71.52,-4.77,-88.45,8.32,-7.260000000000002,-24.34,21.97,27.72,77.41,39.06,-61.43,52.53
2025-08-11T17:26:57.298460,20.0,-36.0,-49.0,-27.0,-35.0,-51.0,9.0,-29.0,31.0,2.0,-41.0,13.0,9.52,-18.77,-51.45,-37.68,-51.260000000000005,-23.34,-0.02999999999999936,-30.28,30.41,21.06,-73.43,57.53
2025-08-11T17:26:57.306441,-1.0,-6.0,3.0,-22.0,47.0,-9.0,-11.0,-82.0,-5.0,33.0,-68.0,-26.0,-11.48,11.23,0.5499999999999998,-32.68,30.74,18.66,-20.03,-83.28,-5.59,52.06,-100.43,18.53
2025-08-11T17:26:57.310672,13.0,-83.0,19.0,-62.0,75.0,-22.0,13.0,-76.0,-19.0,47.0,-2.0,46.0,2.5199999999999996,-65.77,16.55,-72.68,58.739999999999995,5.66,3.9700000000000006,-77.28,-19.59,66.06,-34.43,90.53
2025-08-11T17:26:57.318781,3.0,-51.0,10.0,7.0,39.0,-13.0,34.0,-31.0,53.0,36.0,30.0,13.0,-7.48,-33.769999999999996,7.55,-3.6799999999999997,22.74,14.66,24.97,-32.28,52.41,55.06,-2.4299999999999997,57.53
2025-08-11T17:26:57.323073,-15.0,-12.0,44.0,38.0,84.0,31.0,38.0,25.0,29.0,-16.0,24.0,-14.0,-25.48,5.23,41.55,27.32,67.74,58.66,28.97,23.72,28.41,3.0599999999999987,-8.43,30.53
2025-08-11T17:26:57.330942,-23.0,27.0,-77.0,67.0,27.0,-51.0,-26.0,21.0,51.0,-5.0,-19.0,-28.0,-33.480000000000004,44.230000000000004,-79.45,56.32,10.739999999999998,-23.34,-35.03,19.72,50.41,14.059999999999999,-51.43,16.53
2025-08-11T17:26:57.335238,107.0,-26.0,-30.0,41.0,10.0,8.0,0.0,1.0,-40.0,52.0,-26.0,15.0,96.52,-8.77,-32.45,30.32,-6.260000000000002,35.66,-9.03,-0.28,-40.59,71.06,-58.43,59.53
2025-08-11T17:26:57.343220,67.0,-50.0,-97.0,-21.0,40.0,-23.0,5.0,-51.0,58.0,-3.0,-42.0,-29.0,56.519999999999996,-32.769999999999996,-99.45,-31.68,23.74,4.66,-4.029999999999999,-52.28,57.41,16.06,-74.43,15.530000000000001
2025-08-11T17:26:57.347541,52.0,-73.0,-68.0,61.0,48.0,-76.0,24.0,11.0,10.0,70.0,-54.0,43.0,41.519999999999996,-55.769999999999996,-70.45,50.32,31.74,-48.34,14.97,9.72,9.41,89.06,-86.43,87.53
2025-08-11T17:26:57.355561,9.0,-96.0,-90.0,-10.0,75.0,-40.0,-28.0,-50.0,4.0,44.0,-25.0,21.0,-1.4800000000000004,-78.77,-92.45,-20.68,58.739999999999995,-12.34,-37.03,-51.28,3.41,63.06,-57.43,65.53
2025-08-11T17:26:57.359905,80.0,-5.0,10.0,37.0,-33.0,-23.0,8.0,-10.0,-11.0,56.0,8.0,-88.0,69.52,12.23,7.55,26.32,-49.260000000000005,4.66,-1.0299999999999994,-11.28,-11.59,75.06,-24.43,-43.47
2025-08-11T17:26:57.367991,66.0,-10.0,43.0,45.0,52.0,-38.0,-4.0,-24.0,45.0,35.0,-19.0,-48.0,55.519999999999996,7.23,40.55,34.32,35.739999999999995,-10.34,-13.03,-25.28,44.41,54.06,-51.43,-3.469999999999999
2025-08-11T17:26:57.372195,28.0,-16.0,58.0,-41.0,-8.0,26.0,28.0,2.0,13.0,17.0,-43.0,45.0,17.52,1.2300000000000004,55.55,-51.68,-24.26,53.66,18.97,0.72,12.41,36.06,-75.43,89.53
2025-08-11T17:26:57.376087,-55.0,12.0,4.0,45.0,-35.0,14.0,-61.0,-67.0,33.0,45.0,5.0,35.0,-65.48,29.23,1.5499999999999998,34.32,-51.260000000000005,41.66,-70.03,-68.28,32.41,64.06,-27.43,79.53
2025-08-11T17:26:57.384293,-30.0,38.0,-68.0,-36.0,-43.0,38.0,8.0,18.0,2.0,52.0,-13.0,-3.0,-40.480000000000004,55.230000000000004,-70.45,-46.68,-59.260000000000005,65.66,-1.0299999999999994,16.72,1.4100000000000001,71.06,-45.43,41.53
2025-08-11T17:26:57.388379,-27.0,62.0,-42.0,11.0,29.0,17.0,-37.0,-35.0,71.0,-14.0,54.0,0.0,-37.480000000000004,79.23,-44.45,0.3200000000000003,12.739999999999998,44.66,-46.03,-36.28,70.41,5.059999999999999,21.57,44.53
2025-08-11T17:26:57.396519,34.0,23.0,-68.0,-63.0,29.0,-7.0,21.0,-24.0,-8.0,18.0,2.0,-49.0,23.52,40.230000000000004,-70.45,-73.68,12.739999999999998,20.66,11.97,-25.28,-8.59,37.06,-30.43,-4.469999999999999
2025-08-11T17:26:57.400698,-1.0,86.0,-57.0,-26.0,21.0,-53.0,15.0,-73.0,21.0,64.0,65.0,-34.0,-11.48,103.23,-59.45,-36.68,4.739999999999998,-25.34,5.970000000000001,-74.28,20.41,83.06,32.57,10.530000000000001
2025-08-11T17:26:57.408934,-24.0,-32.0,-25.0,39.0,23.0,-77.0,37.0,4.0,-9.0,-3.0,-48.0,-24.0,-34.480000000000004,-14.77,-27.45,28.32,6.739999999999998,-49.34,27.97,2.7199999999999998,-9.59,16.06,-80.43,20.53
2025-08-11T17:26:57.413562,47.0,-7.0,-86.0,85.0,46.0,-40.0,-22.0,46.0,43.0,7.0,8.0,-2.0,36.519999999999996,10.23,-88.45,74.32,29.74,-12.34,-31.03,44.72,42.41,26.06,-24.43,42.53
2025-08-11T17:26:57.421120,54.0,45.0,-33.0,24.0,-27.0,-63.0,80.0,46.0,40.0,32.0,35.0,-40.0,43.519999999999996,62.230000000000004,-35.45,13.32,-43.260000000000005,-35.34,70.97,44.72,39.41,51.06,2.5700000000000003,4.530000000000001
2025-08-11T17:26:57.425386,12.0,-47.0,-4.0,84.0,-13.0,-37.0,11.0,6.0,-1.0,81.0,-56.0,-49.0,1.5199999999999996,-29.77,-6.45,73.32,-29.26,-9.34,1.9700000000000006,4.72,-1.5899999999999999,100.06,-88.43,-4.469999999999999
2025-08-11T17:26:57.433407,69.0,-157.0,4.0,-23.0,21.0,-40.0,18.0,-41.0,27.0,-6.0,-4.0,-65.0,58.519999999999996,-139.77,1.5499999999999998,-33.68,4.739999999999998,-12.34,8.97,-42.28,26.41,13.059999999999999,-36.43,-20.47
2025-08-11T17:26:57.437653,63.0,-61.0,24.0,-11.0,-9.0,-27.0,7.0,-9.0,-36.0,1.0,-48.0,-46.0,52.519999999999996,-43.769999999999996,21.55,-21.68,-25.26,0.6600000000000001,-2.0299999999999994,-10.28,-36.59,20.06,-80.43,-1.4699999999999989
2025-08-11T17:26:57.445616,24.0,-42.0,22.0,39.0,-52.0,-30.0,-7.0,29.0,-11.0,58.0,22.0,-68.0,13.52,-24.77,19.55,28.32,-68.26,-2.34,-16.03,27.72,-11.59,77.06,-10.43,-23.47
2025-08-11T17:26:57.450026,21.0,-17.0,50.0,-19.0,10.0,-77.0,-4.0,-51.0,24.0,19.0,60.0,-46.0,10.52,0.23000000000000043,47.55,-29.68,-6.260000000000002,-49.34,-13.03,-52.28,23.41,38.06,27.57,-1.4699999999999989
2025-08-11T17:26:57.457939,13.0,46.0,9.0,-14.0,-5.0,-116.0,34.0,14.0,48.0,32.0,-31.0,-46.0,2.5199999999999996,63.230000000000004,6.55,-24.68,-21.26,-88.34,24.97,12.72,47.41,51.06,-63.43,-1.4699999999999989
2025-08-11T17:26:57.462397,-44.0,56.0,0.0,26.0,71.0,4.0,9.0,39.0,-7.0,60.0,32.0,-37.0,-54.480000000000004,73.23,-2.45,15.32,54.739999999999995,31.66,-0.02999999999999936,37.72,-7.59,79.06,-0.4299999999999997,7.530000000000001
2025-08-11T17:26:57.470211,16.0,31.0,-55.0,-10.0,29.0,-15.0,-9.0,-33.0,20.0,-29.0,27.0,-65.0,5.52,48.230000000000004,-57.45,-20.68,12.739999999999998,12.66,-18.03,-34.28,19.41,-9.940000000000001,-5.43,-20.47
2025-08-11T17:26:57.474605,23.0,26.0,-13.0,29.0,-42.0,-51.0,-17.0,88.0,61.0,6.0,74.0,-72.0,12.52,43.230000000000004,-15.45,18.32,-58.260000000000005,-23.34,-26.03,86.72,60.41,25.06,41.57,-27.47
2025-08-11T17:26:57.482484,29.0,-67.0,-63.0,-13.0,-2.0,29.0,-23.0,-22.0,29.0,-2.0,53.0,-98.0,18.52,-49.769999999999996,-65.45,-23.68,-18.26,56.66,-32.03,-23.28,28.41,17.06,20.57,-53.47
2025-08-11T17:26:57.486775,56.0,-81.0,-18.0,24.0,-14.0,-64.0,-20.0,2.0,34.0,-30.0,61.0,-118.0,45.519999999999996,-63.769999999999996,-20.45,13.32,-30.26,-36.34,-29.03,0.72,33.41,-10.940000000000001,28.57,-73.47
2025-08-11T17:26:57.494786,57.0,-42.0,49.0,-112.0,87.0,54.0,55.0,-28.0,51.0,-18.0,79.0,-43.0,46.519999999999996,-24.77,46.55,-122.68,70.74,81.66,45.97,-29.28,50.41,1.0599999999999987,46.57,1.5300000000000011
2025-08-11T17:26:57.499195,-28.0,-67.0,6.0,-22.0,62.0,7.0,34.0,-17.0,-33.0,-14.0,60.0,-90.0,-38.480000000000004,-49.769999999999996,3.55,-32.68,45.739999999999995,34.66,24.97,-18.28,-33.59,5.059999999999999,27.57,-45.47
2025-08-11T17:26:57.507048,-76.0,-110.0,40.0,-7.0,26.0,-56.0,-1.0,57.0,15.0,-28.0,-21.0,-93.0,-86.48,-92.77,37.55,-17.68,9.739999999999998,-28.34,-10.03,55.72,14.41,-8.940000000000001,-53.43,-48.47
2025-08-11T17:26:57.511255,16.0,5.0,-5.0,-1.0,45.0,-50.0,2.0,14.0,-5.0,47.0,78.0,-81.0,5.52,22.23,-7.45,-11.68,28.74,-22.34,-7.029999999999999,12.72,-5.59,66.06,45.57,-36.47
2025-08-11T17:26:57.515339,22.0,44.0,-15.0,58.0,0.0,-89.0,-52.0,-3.0,10.0,-39.0,35.0,-60.0,11.52,61.230000000000004,-17.45,47.32,-16.26,-61.34,-61.03,-4.28,9.41,-19.94,2.5700000000000003,-15.469999999999999
2025-08-11T17:26:57.523516,-11.0,-4.0,13.0,17.0,14.0,5.0,-51.0,3.0,-32.0,-35.0,78.0,-37.0,-21.48,13.23,10.55,6.32,-2.2600000000000016,32.66,-60.03,1.72,-32.59,-15.940000000000001,45.57,7.530000000000001
2025-08-11T17:26:57.527704,19.0,-29.0,5.0,26.0,-13.0,-42.0,19.0,21.0,10.0,-54.0,23.0,-18.0,8.52,-11.77,2.55,15.32,-29.26,-14.34,9.97,19.72,9.41,-34.94,-9.43,26.53
2025-08-11T17:26:57.535817,12.0,13.0,30.0,8.0,51.0,26.0,-11.0,10.0,-23.0,-30.0,33.0,-37.0,1.5199999999999996,30.23,27.55,-2.6799999999999997,34.739999999999995,53.66,-20.03,8.72,-23.59,-10.940000000000001,0.5700000000000003,7.530000000000001
2025-08-11T17:26:57.539971,76.0,1.0,-64.0,-6.0,44.0,-29.0,-61.0,61.0,-36.0,-51.0,81.0,-3.0,65.52,18.23,-66.45,-16.68,27.74,-1.3399999999999999,-70.03,59.72,-36.59,-31.94,48.57,41.53
2025-08-11T17:26:57.548075,65.0,-24.0,-31.0,-53.0,23.0,-47.0,-33.0,46.0,37.0,-32.0,5.0,3.0,54.519999999999996,-6.77,-33.45,-63.68,6.739999999999998,-19.34,-42.03,44.72,36.41,-12.940000000000001,-27.43,47.53
2025-08-11T17:26:57.552262,104.0,-23.0,-3.0,22.0,76.0,-55.0,-30.0,78.0,-15.0,-70.0,-56.0,74.0,93.52,-5.77,-5.45,11.32,59.739999999999995,-27.34,-39.03,76.72,-15.59,-50.94,-88.43,118.53
2025-08-11T17:26:57.560404,1.0,-13.0,-22.0,14.0,-4.0,1.0,24.0,-20.0,7.0,-27.0,-41.0,-44.0,-9.48,4.23,-24.45,3.3200000000000003,-20.26,28.66,14.97,-21.28,6.41,-7.940000000000001,-73.43,0.5300000000000011
2025-08-11T17:26:57.565101,21.0,-48.0,27.0,45.0,30.0,-5.0,-19.0,-1.0,-72.0,46.0,16.0,-44.0,10.52,-30.77,24.55,34.32,13.739999999999998,22.66,-28.03,-2.2800000000000002,-72.59,65.06,-16.43,0.5300000000000011
2025-08-11T17:26:57.572718,-22.0,-86.0,29.0,-44.0,34.0,-24.0,-13.0,43.0,-1.0,-36.0,-40.0,-12.0,-32.480000000000004,-68.77,26.55,-54.68,17.74,3.66,-22.03,41.72,-1.5899999999999999,-16.94,-72.43,32.53
2025-08-11T17:26:57.577063,43.0,-59.0,77.0,-13.0,49.0,17.0,48.0,48.0,-38.0,80.0,64.0,12.0,32.519999999999996,-41.769999999999996,74.55,-23.68,32.739999999999995,44.66,38.97,46.72,-38.59,99.06,31.57,56.53
2025-08-11T17:26:57.585224,-14.0,33.0,31.0,-15.0,15.0,-96.0,13.0,46.0,2.0,18.0,-14.0,-13.0,-24.48,50.230000000000004,28.55,-25.68,-1.2600000000000016,-68.34,3.9700000000000006,44.72,1.4100000000000001,37.06,-46.43,31.53
2025-08-11T17:26:57.589251,53.0,-28.0,50.0,22.0,46.0,-40.0,63.0,-3.0,12.0,73.0,33.0,23.0,42.519999999999996,-10.77,47.55,11.32,29.74,-12.34,53.97,-4.28,11.41,92.06,0.5700000000000003,67.53
2025-08-11T17:26:57.597197,26.0,54.0,-53.0,58.0,-1.0,-82.0,-22.0,18.0,-67.0,-26.0,48.0,68.0,15.52,71.23,-55.45,47.32,-17.26,-54.34,-31.03,16.72,-67.59,-6.940000000000001,15.57,112.53
2025-08-11T17:26:57.601518,39.0,-31.0,-23.0,30.0,-50.0,-71.0,8.0,26.0,-6.0,20.0,33.0,-32.0,28.52,-13.77,-25.45,19.32,-66.26,-43.34,-1.0299999999999994,24.72,-6.59,39.06,0.5700000000000003,12.530000000000001
2025-08-11T17:26:57.609486,71.0,17.0,-22.0,12.0,45.0,-19.0,80.0,62.0,19.0,19.0,0.0,24.0,60.519999999999996,34.230000000000004,-24.45,1.3200000000000003,28.74,8.66,70.97,60.72,18.41,38.06,-32.43,68.53
2025-08-11T17:26:57.613782,24.0,-59.0,32.0,-42.0,16.0,22.0,-30.0,66.0,0.0,52.0,-4.0,-3.0,13.52,-41.769999999999996,29.55,-52.68,-0.26000000000000156,49.66,-39.03,64.72,-0.59,71.06,-36.43,41.53
2025-08-11T17:26:57.621789,21.0,-22.0,-17.0,-19.0,45.0,-49.0,31.0,8.0,-19.0,9.0,-12.0,20.0,10.52,-4.77,-19.45,-29.68,28.74,-21.34,21.97,6.72,-19.59,28.06,-44.43,64.53
2025-08-11T17:26:57.626035,21.0,-20.0,-56.0,54.0,-43.0,-58.0,57.0,-62.0,-67.0,11.0,-29.0,11.0,10.52,-2.7699999999999996,-58.45,43.32,-59.260000000000005,-30.34,47.97,-63.28,-67.59,30.06,-61.43,55.53
2025-08-11T17:26:57.634089,6.0,-4.0,47.0,39.0,47.0,-51.0,-47.0,11.0,11.0,33.0,-72.0,-19.0,-4.48,13.23,44.55,28.32,30.74,-23.34,-56.03,9.72,10.41,52.06,-104.43,25.53
2025-08-11T17:26:57.638312,-13.0,37.0,-44.0,95.0,11.0,-12.0,64.0,44.0,-23.0,6.0,-16.0,-33.0,-23.48,54.230000000000004,-46.45,84.32,-5.260000000000002,15.66,54.97,42.72,-23.59,25.06,-48.43,11.530000000000001
2025-08-11T17:26:57.646346,8.0,15.0,-45.0,42.0,48.0,-32.0,0.0,19.0,30.0,28.0,-72.0,2.0,-2.4800000000000004,32.230000000000004,-47.45,31.32,31.74,-4.34,-9.03,17.72,29.41,47.06,-104.43,46.53
2025-08-11T17:26:57.650597,53.0,-10.0,4.0,-30.0,57.0,-17.0,-2.0,-24.0,79.0,39.0,70.0,3.0,42.519999999999996,7.23,1.5499999999999998,-40.68,40.739999999999995,10.66,-11.03,-25.28,78.41,58.06,37.57,47.53
2025-08-11T17:26:57.658793,82.0,80.0,-42.0,-33.0,48.0,-24.0,-19.0,-31.0,-36.0,2.0,-2.0,11.0,71.52,97.23,-44.45,-43.68,31.74,3.66,-28.03,-32.28,-36.59,21.06,-34.43,55.53
2025-08-11T17:26:57.662960,46.0,4.0,-50.0,-20.0,17.0,-55.0,16.0,-66.0,31.0,54.0,44.0,8.0,35.519999999999996,21.23,-52.45,-30.68,0.7399999999999984,-27.34,6.970000000000001,-67.28,30.41,73.06,11.57,52.53
2025-08-11T17:26:57.671048,53.0,-7.0,84.0,48.0,-27.0,-109.0,27.0,44.0,-16.0,42.0,39.0,69.0,42.519999999999996,10.23,81.55,37.32,-43.260000000000005,-81.34,17.97,42.72,-16.59,61.06,6.57,113.53
2025-08-11T17:26:57.675194,48.0,-101.0,69.0,-10.0,30.0,-52.0,-1.0,40.0,-2.0,-59.0,-22.0,42.0,37.519999999999996,-83.77,66.55,-20.68,13.739999999999998,-24.34,-10.03,38.72,-2.59,-39.94,-54.43,86.53
2025-08-11T17:26:57.683425,8.0,-11.0,10.0,-7.0,9.0,-14.0,-3.0,-63.0,-9.0,0.0,-53.0,-44.0,-2.4800000000000004,6.23,7.55,-17.68,-7.260000000000002,13.66,-12.03,-64.28,-9.59,19.06,-85.43,0.5300000000000011
2025-08-11T17:26:57.687579,69.0,-53.0,86.0,29.0,-2.0,-18.0,45.0,10.0,33.0,50.0,-52.0,-20.0,58.519999999999996,-35.769999999999996,83.55,18.32,-18.26,9.66,35.97,8.72,32.41,69.06,-84.43,24.53
2025-08-11T17:26:57.695541,21.0,35.0,10.0,-49.0,-27.0,-14.0,34.0,-20.0,-14.0,35.0,33.0,53.0,10.52,52.230000000000004,7.55,-59.68,-43.260000000000005,13.66,24.97,-21.28,-14.59,54.06,0.5700000000000003,97.53
2025-08-11T17:26:57.699618,10.0,59.0,-79.0,-8.0,26.0,26.0,25.0,-1.0,-1.0,1.0,9.0,25.0,-0.4800000000000004,76.23,-81.45,-18.68,9.739999999999998,53.66,15.97,-2.2800000000000002,-1.5899999999999999,20.06,-23.43,69.53
2025-08-11T17:26:57.703797,-107.0,1.0,-17.0,-20.0,73.0,99.0,7.0,72.0,37.0,56.0,-7.0,-20.0,-117.48,18.23,-19.45,-30.68,56.739999999999995,126.66,-2.0299999999999994,70.72,36.41,75.06,-39.43,24.53
2025-08-11T17:26:57.711989,-19.0,14.0,-21.0,-14.0,62.0,15.0,-6.0,-33.0,-12.0,25.0,54.0,-54.0,-29.48,31.23,-23.45,-24.68,45.739999999999995,42.66,-15.03,-34.28,-12.59,44.06,21.57,-9.469999999999999
2025-08-11T17:26:57.716082,96.0,-4.0,-37.0,15.0,35.0,-41.0,-3.0,-8.0,-46.0,99.0,34.0,-49.0,85.52,13.23,-39.45,4.32,18.74,-13.34,-12.03,-9.28,-46.59,118.06,1.5700000000000003,-4.469999999999999
2025-08-11T17:26:57.724213,52.0,71.0,-9.0,20.0,75.0,-19.0,34.0,-46.0,10.0,81.0,14.0,-62.0,41.519999999999996,88.23,-11.45,9.32,58.739999999999995,8.66,24.97,-47.28,9.41,100.06,-18.43,-17.47
2025-08-11T17:26:57.728431,45.0,8.0,-20.0,43.0,62.0,-79.0,45.0,24.0,12.0,0.0,52.0,11.0,34.519999999999996,25.23,-22.45,32.32,45.739999999999995,-51.34,35.97,22.72,11.41,19.06,19.57,55.53
2025-08-11T17:26:57.736705,25.0,49.0,-39.0,65.0,-73.0,-33.0,12.0,-9.0,-17.0,-77.0,12.0,-48.0,14.52,66.23,-41.45,54.32,-89.26,-5.34,2.9700000000000006,-10.28,-17.59,-57.94,-20.43,-3.469999999999999
2025-08-11T17:26:57.740872,-9.0,-52.0,8.0,-31.0,14.0,32.0,24.0,-37.0,39.0,-79.0,71.0,-101.0,-19.48,-34.769999999999996,5.55,-41.68,-2.2600000000000016,59.66,14.97,-38.28,38.41,-59.94,38.57,-56.47
2025-08-11T17:26:57.748705,37.0,-20.0,23.0,-110.0,54.0,-44.0,7.0,-94.0,-6.0,-54.0,1.0,-118.0,26.52,-2.7699999999999996,20.55,-120.68,37.739999999999995,-16.34,-2.0299999999999994,-95.28,-6.59,-34.94,-31.43,-73.47
2025-08-11T17:26:57.753197,-37.0,-62.0,-77.0,-31.0,71.0,-54.0,-35.0,-19.0,-6.0,-56.0,-7.0,-62.0,-47.480000000000004,-44.769999999999996,-79.45,-41.68,54.739999999999995,-26.34,-44.03,-20.28,-6.59,-36.94,-39.43,-17.47
2025-08-11T17:26:57.761194,-10.0,73.0,75.0,-31.0,19.0,-42.0,13.0,-24.0,-6.0,-10.0,61.0,-58.0,-20.48,90.23,72.55,-41.68,2.7399999999999984,-14.34,3.9700000000000006,-25.28,-6.59,9.059999999999999,28.57,-13.469999999999999
2025-08-11T17:26:57.765319,-19.0,-33.0,-53.0,51.0,46.0,-25.0,-12.0,9.0,-56.0,-27.0,0.0,-71.0,-29.48,-15.77,-55.45,40.32,29.74,2.66,-21.03,7.72,-56.59,-7.940000000000001,-32.43,-26.47
2025-08-11T17:26:57.773361,-11.0,24.0,-21.0,-21.0,-32.0,-34.0,-42.0,-26.0,54.0,-57.0,12.0,-81.0,-21.48,41.230000000000004,-23.45,-31.68,-48.260000000000005,-6.34,-51.03,-27.28,53.41,-37.94,-20.43,-36.47
2025-08-11T17:26:57.777640,120.0,-1.0,23.0,27.0,66.0,-5.0,37.0,-13.0,30.0,-29.0,-14.0,-55.0,109.52,16.23,20.55,16.32,49.739999999999995,22.66,27.97,-14.28,29.41,-9.940000000000001,-46.43,-10.469999999999999
2025-08-11T17:26:57.785524,38.0,1.0,-84.0,29.0,6.0,-7.0,-7.0,41.0,47.0,-14.0,90.0,7.0,27.52,18.23,-86.45,18.32,-10.260000000000002,20.66,-16.03,39.72,46.41,5.059999999999999,57.57,51.53
2025-08-11T17:26:57.789941,19.0,-12.0,-21.0,12.0,39.0,-29.0,18.0,-74.0,9.0,-9.0,41.0,27.0,8.52,5.23,-23.45,1.3200000000000003,22.74,-1.3399999999999999,8.97,-75.28,8.41,10.059999999999999,8.57,71.53
2025-08-11T17:26:57.798104,49.0,-70.0,-18.0,32.0,71.0,21.0,-48.0,4.0,10.0,-2.0,109.0,-2.0,38.519999999999996,-52.769999999999996,-20.45,21.32,54.739999999999995,48.66,-57.03,2.7199999999999998,9.41,17.06,76.57,42.53
2025-08-11T17:26:57.802250,29.0,-45.0,14.0,3.0,15.0,11.0,-35.0,27.0,72.0,-70.0,32.0,13.0,18.52,-27.77,11.55,-7.68,-1.2600000000000016,38.66,-44.03,25.72,71.41,-50.94,-0.4299999999999997,57.53
2025-08-11T17:26:57.810173,-4.0,-22.0,42.0,46.0,43.0,42.0,-7.0,-46.0,-19.0,-35.0,15.0,-21.0,-14.48,-4.77,39.55,35.32,26.74,69.66,-16.03,-47.28,-19.59,-15.940000000000001,-17.43,23.53
2025-08-11T17:26:57.814488,5.0,-5.0,70.0,46.0,15.0,-98.0,-51.0,-72.0,132.0,-27.0,44.0,7.0,-5.48,12.23,67.55,35.32,-1.2600000000000016,-70.34,-60.03,-73.28,131.41,-7.940000000000001,11.57,51.53
2025-08-11T17:26:57.822452,-20.0,59.0,-16.0,26.0,-44.0,-42.0,-20.0,6.0,26.0,-55.0,0.0,7.0,-30.48,76.23,-18.45,15.32,-60.260000000000005,-14.34,-29.03,4.72,25.41,-35.94,-32.43,51.53
2025-08-11T17:26:57.826755,-50.0,-30.0,16.0,14.0,46.0,9.0,30.0,27.0,81.0,-79.0,-12.0,64.0,-60.480000000000004,-12.77,13.55,3.3200000000000003,29.74,36.66,20.97,25.72,80.41,-59.94,-44.43,108.53
2025-08-11T17:26:57.834746,-26.0,48.0,-4.0,5.0,13.0,-18.0,7.0,-6.0,-18.0,-21.0,-2.0,15.0,-36.480000000000004,65.23,-6.45,-5.68,-3.2600000000000016,9.66,-2.0299999999999994,-7.28,-18.59,-1.9400000000000013,-34.43,59.53
2025-08-11T17:26:57.838971,-59.0,-6.0,29.0,-37.0,16.0,5.0,37.0,-48.0,-37.0,19.0,21.0,-6.0,-69.48,11.23,26.55,-47.68,-0.26000000000000156,32.66,27.97,-49.28,-37.59,38.06,-11.43,38.53
2025-08-11T17:26:57.843588,-23.0,5.0,-4.0,2.0,22.0,22.0,3.0,54.0,28.0,20.0,-40.0,-44.0,-33.480000000000004,22.23,-6.45,-8.68,5.739999999999998,49.66,-6.029999999999999,52.72,27.41,39.06,-72.43,0.5300000000000011
2025-08-11T17:26:57.851228,-5.0,51.0,64.0,-70.0,27.0,38.0,-7.0,-29.0,-7.0,38.0,-33.0,23.0,-15.48,68.23,61.55,-80.68,10.739999999999998,65.66,-16.03,-30.28,-7.59,57.06,-65.43,67.53
2025-08-11T17:26:57.855832,3.0,14.0,21.0,4.0,48.0,40.0,-15.0,3.0,-2.0,53.0,-62.0,52.0,-7.48,31.23,18.55,-6.68,31.74,67.66,-24.03,1.72,-2.59,72.06,-94.43,96.53
2025-08-11T17:26:57.863466,9.0,-76.0,14.0,-10.0,46.0,-25.0,9.0,-12.0,5.0,56.0,-11.0,-2.0,-1.4800000000000004,-58.769999999999996,11.55,-20.68,29.74,2.66,-0.02999999999999936,-13.28,4.41,75.06,-43.43,42.53
2025-08-11T17:26:57.868190,23.0,-23.0,0.0,-30.0,107.0,-34.0,17.0,-1.0,-3.0,-8.0,49.0,-14.0,12.52,-5.77,-2.45,-40.68,90.74,-6.34,7.970000000000001,-2.2800000000000002,-3.59,11.059999999999999,16.57,30.53
2025-08-11T17:26:57.875865,-30.0,-30.0,24.0,-22.0,45.0,-35.0,-27.0,20.0,-1.0,-39.0,25.0,-9.0,-40.480000000000004,-12.77,21.55,-32.68,28.74,-7.34,-36.03,18.72,-1.5899999999999999,-19.94,-7.43,35.53
2025-08-11T17:26:57.880111,37.0,-25.0,-33.0,14.0,-24.0,-62.0,8.0,37.0,-13.0,33.0,-64.0,-59.0,26.52,-7.77,-35.45,3.3200000000000003,-40.260000000000005,-34.34,-1.0299999999999994,35.72,-13.59,52.06,-96.43,-14.469999999999999
2025-08-11T17:26:57.888085,66.0,15.0,-45.0,10.0,-41.0,54.0,-56.0,10.0,5.0,27.0,9.0,14.0,55.519999999999996,32.230000000000004,-47.45,-0.6799999999999997,-57.260000000000005,81.66,-65.03,8.72,4.41,46.06,-23.43,58.53
2025-08-11T17:26:57.892391,22.0,33.0,-62.0,33.0,12.0,-91.0,-58.0,-17.0,7.0,0.0,-70.0,-18.0,11.52,50.230000000000004,-64.45,22.32,-4.260000000000002,-63.34,-67.03,-18.28,6.41,19.06,-102.43,26.53
2025-08-11T17:26:57.900358,79.0,23.0,5.0,-41.0,4.0,-26.0,-31.0,1.0,-32.0,1.0,-56.0,14.0,68.52,40.230000000000004,2.55,-51.68,-12.260000000000002,1.6600000000000001,-40.03,-0.28,-32.59,20.06,-88.43,58.53
2025-08-11T17:26:57.904740,-52.0,-27.0,10.0,-79.0,31.0,23.0,20.0,-23.0,-19.0,-35.0,35.0,19.0,-62.480000000000004,-9.77,7.55,-89.68,14.739999999999998,50.66,10.97,-24.28,-19.59,-15.940000000000001,2.5700000000000003,63.53
2025-08-11T17:26:57.912705,-29.0,-108.0,-42.0,12.0,52.0,15.0,-43.0,17.0,13.0,4.0,-42.0,-38.0,-39.480000000000004,-90.77,-44.45,1.3200000000000003,35.739999999999995,42.66,-52.03,15.72,12.41,23.06,-74.43,6.530000000000001
2025-08-11T17:26:57.916965,-5.0,-46.0,10.0,15.0,64.0,-48.0,-49.0,84.0,-40.0,23.0,-13.0,-10.0,-15.48,-28.77,7.55,4.32,47.739999999999995,-20.34,-58.03,82.72,-40.59,42.06,-45.43,34.53
2025-08-11T17:26:57.925039,29.0,36.0,32.0,95.0,21.0,-43.0,-20.0,-41.0,-21.0,14.0,72.0,5.0,18.52,53.230000000000004,29.55,84.32,4.739999999999998,-15.34,-29.03,-42.28,-21.59,33.06,39.57,49.53
2025-08-11T17:26:57.929330,29.0,16.0,-3.0,-64.0,-28.0,-47.0,21.0,80.0,0.0,39.0,-48.0,-5.0,18.52,33.230000000000004,-5.45,-74.68,-44.260000000000005,-19.34,11.97,78.72,-0.59,58.06,-80.43,39.53
2025-08-11T17:26:57.937254,-28.0,41.0,4.0,52.0,39.0,-23.0,8.0,-76.0,-62.0,14.0,35.0,40.0,-38.480000000000004,58.230000000000004,1.5499999999999998,41.32,22.74,4.66,-1.0299999999999994,-77.28,-62.59,33.06,2.5700000000000003,84.53
2025-08-11T17:26:57.941632,39.0,20.0,-28.0,59.0,4.0,-3.0,53.0,-44.0,-59.0,16.0,25.0,24.0,28.52,37.230000000000004,-30.45,48.32,-12.260000000000002,24.66,43.97,-45.28,-59.59,35.06,-7.43,68.53
2025-08-11T17:26:57.949485,43.0,0.0,-18.0,-54.0,-54.0,-32.0,23.0,-38.0,-46.0,26.0,36.0,3.0,32.519999999999996,17.23,-20.45,-64.68,-70.26,-4.34,13.97,-39.28,-46.59,45.06,3.5700000000000003,47.53
2025-08-11T17:26:57.953775,-14.0,-101.0,-65.0,-49.0,54.0,18.0,17.0,10.0,11.0,22.0,-4.0,-16.0,-24.48,-83.77,-67.45,-59.68,37.739999999999995,45.66,7.970000000000001,8.72,10.41,41.06,-36.43,28.53
2025-08-11T17:26:57.961929,48.0,-66.0,28.0,-79.0,63.0,-84.0,47.0,18.0,-50.0,-15.0,-35.0,-6.0,37.519999999999996,-48.769999999999996,25.55,-89.68,46.739999999999995,-56.34,37.97,16.72,-50.59,4.059999999999999,-67.43,38.53
2025-08-11T17:26:57.966142,-22.0,-73.0,-16.0,36.0,27.0,-56.0,70.0,25.0,15.0,44.0,-59.0,-8.0,-32.480000000000004,-55.769999999999996,-18.45,25.32,10.739999999999998,-28.34,60.97,23.72,14.41,63.06,-91.43,36.53
2025-08-11T17:26:57.974109,-17.0,8.0,29.0,71.0,15.0,-57.0,52.0,0.0,19.0,14.0,19.0,6.0,-27.48,25.23,26.55,60.32,-1.2600000000000016,-29.34,42.97,-1.28,18.41,33.06,-13.43,50.53
2025-08-11T17:26:57.978259,-68.0,-30.0,-5.0,39.0,19.0,-27.0,30.0,90.0,-13.0,5.0,29.0,-20.0,-78.48,-12.77,-7.45,28.32,2.7399999999999984,0.6600000000000001,20.97,88.72,-13.59,24.06,-3.4299999999999997,24.53
2025-08-11T17:26:57.986482,-20.0,-18.0,-30.0,-54.0,37.0,28.0,27.0,65.0,-58.0,-9.0,21.0,16.0,-30.48,-0.7699999999999996,-32.45,-64.68,20.74,55.66,17.97,63.72,-58.59,10.059999999999999,-11.43,60.53
2025-08-11T17:26:57.990631,54.0,-39.0,-61.0,-72.0,34.0,12.0,-36.0,70.0,-22.0,61.0,-77.0,4.0,43.519999999999996,-21.77,-63.45,-82.68,17.74,39.66,-45.03,68.72,-22.59,80.06,-109.43,48.53
2025-08-11T17:26:57.998547,80.0,-52.0,-83.0,-27.0,-8.0,9.0,23.0,40.0,-45.0,5.0,-11.0,-29.0,69.52,-34.769999999999996,-85.45,-37.68,-24.26,36.66,13.97,38.72,-45.59,24.06,-43.43,15.530000000000001
2025-08-11T17:26:58.003021,64.0,-91.0,22.0,4.0,79.0,-31.0,-21.0,22.0,59.0,25.0,15.0,-16.0,53.519999999999996,-73.77,19.55,-6.68,62.739999999999995,-3.34,-30.03,20.72,58.41,44.06,-17.43,28.53
2025-08-11T17:26:58.011061,31.0,-44.0,-3.0,42.0,-5.0,-54.0,42.0,-17.0,-78.0,26.0,8.0,-27.0,20.52,-26.77,-5.45,31.32,-21.26,-26.34,32.97,-18.28,-78.59,45.06,-24.43,17.53
2025-08-11T17:26:58.015109,48.0,-95.0,32.0,35.0,91.0,-35.0,43.0,52.0,23.0,37.0,-31.0,33.0,37.519999999999996,-77.77,29.55,24.32,74.74,-7.34,33.97,50.72,22.41,56.06,-63.43,77.53
2025-08-11T17:26:58.023159,-31.0,-10.0,16.0,-36.0,10.0,-36.0,-6.0,-33.0,-16.0,41.0,-72.0,-21.0,-41.480000000000004,7.23,13.55,-46.68,-6.260000000000002,-8.34,-15.03,-34.28,-16.59,60.06,-104.43,23.53
2025-08-11T17:26:58.027392,-39.0,44.0,66.0,-16.0,12.0,-4.0,83.0,40.0,-48.0,-39.0,52.0,-3.0,-49.480000000000004,61.230000000000004,63.55,-26.68,-4.260000000000002,23.66,73.97,38.72,-48.59,-19.94,19.57,41.53
2025-08-11T17:26:58.031715,25.0,10.0,-31.0,35.0,57.0,-30.0,8.0,2.0,-13.0,-6.0,7.0,20.0,14.52,27.23,-33.45,24.32,40.739999999999995,-2.34,-1.0299999999999994,0.72,-13.59,13.059999999999999,-25.43,64.53
2025-08-11T17:26:58.039621,38.0,1.0,44.0,-8.0,67.0,-18.0,-28.0,20.0,59.0,23.0,-14.0,-43.0,27.52,18.23,41.55,-18.68,50.739999999999995,9.66,-37.03,18.72,58.41,42.06,-46.43,1.5300000000000011
2025-08-11T17:26:58.044089,54.0,49.0,-21.0,-43.0,-4.0,-55.0,-10.0,-37.0,26.0,35.0,36.0,15.0,43.519999999999996,66.23,-23.45,-53.68,-20.26,-27.34,-19.03,-38.28,25.41,54.06,3.5700000000000003,59.53
2025-08-11T17:26:58.051943,60.0,-3.0,-67.0,-12.0,9.0,-54.0,9.0,-23.0,-32.0,10.0,-13.0,-20.0,49.519999999999996,14.23,-69.45,-22.68,-7.260000000000002,-26.34,-0.02999999999999936,-24.28,-32.59,29.06,-45.43,24.53
2025-08-11T17:26:58.056065,41.0,7.0,-34.0,38.0,32.0,-21.0,12.0,-27.0,-59.0,44.0,-1.0,-33.0,30.52,24.23,-36.45,27.32,15.739999999999998,6.66,2.9700000000000006,-28.28,-59.59,63.06,-33.43,11.530000000000001
2025-08-11T17:26:58.064353,105.0,-15.0,-64.0,11.0,-18.0,1.0,31.0,-53.0,27.0,18.0,41.0,-30.0,94.52,2.2300000000000004,-66.45,0.3200000000000003,-34.260000000000005,28.66,21.97,-54.28,26.41,37.06,8.57,14.530000000000001
2025-08-11T17:26:58.068331,59.0,-76.0,-9.0,28.0,-6.0,1.0,-2.0,-11.0,10.0,40.0,-4.0,-7.0,48.519999999999996,-58.769999999999996,-11.45,17.32,-22.26,28.66,-11.03,-12.28,9.41,59.06,-36.43,37.53
2025-08-11T17:26:58.076695,39.0,-56.0,26.0,-19.0,-44.0,-7.0,33.0,-17.0,-51.0,30.0,-50.0,-126.0,28.52,-38.769999999999996,23.55,-29.68,-60.260000000000005,20.66,23.97,-18.28,-51.59,49.06,-82.43,-81.47
2025-08-11T17:26:58.080813,-45.0,-25.0,46.0,31.0,-26.0,-94.0,-19.0,-41.0,-31.0,71.0,-2.0,-48.0,-55.480000000000004,-7.77,43.55,20.32,-42.260000000000005,-66.34,-28.03,-42.28,-31.59,90.06,-34.43,-3.469999999999999
2025-08-11T17:26:58.088890,-1.0,24.0,78.0,-8.0,69.0,-31.0,28.0,14.0,-32.0,10.0,-21.0,-19.0,-11.48,41.230000000000004,75.55,-18.68,52.739999999999995,-3.34,18.97,12.72,-32.59,29.06,-53.43,25.53
2025-08-11T17:26:58.093138,8.0,-34.0,-9.0,47.0,56.0,-46.0,68.0,-22.0,8.0,0.0,-1.0,-95.0,-2.4800000000000004,-16.77,-11.45,36.32,39.739999999999995,-18.34,58.97,-23.28,7.41,19.06,-33.43,-50.47
2025-08-11T17:26:58.101002,-76.0,-16.0,-5.0,-47.0,35.0,6.0,28.0,8.0,4.0,11.0,64.0,-99.0,-86.48,1.2300000000000004,-7.45,-57.68,18.74,33.66,18.97,6.72,3.41,30.06,31.57,-54.47
2025-08-11T17:26:58.105297,-45.0,47.0,14.0,-31.0,83.0,-16.0,15.0,19.0,1.0,-31.0,54.0,-56.0,-55.480000000000004,64.23,11.55,-41.68,66.74,11.66,5.970000000000001,17.72,0.41000000000000003,-11.940000000000001,21.57,-11.469999999999999
2025-08-11T17:26:58.113298,20.0,30.0,-77.0,-10.0,25.0,-81.0,48.0,45.0,-21.0,2.0,25.0,-75.0,9.52,47.230000000000004,-79.45,-20.68,8.739999999999998,-53.34,38.97,43.72,-21.59,21.06,-7.43,-30.47
2025-08-11T17:26:58.117553,60.0,-9.0,-20.0,-5.0,25.0,-65.0,71.0,-31.0,33.0,-88.0,71.0,-101.0,49.519999999999996,8.23,-22.45,-15.68,8.739999999999998,-37.34,61.97,-32.28,32.41,-68.94,38.57,-56.47
2025-08-11T17:26:58.125484,42.0,-8.0,-19.0,67.0,14.0,-12.0,6.0,25.0,-45.0,-107.0,28.0,-22.0,31.52,9.23,-21.45,56.32,-2.2600000000000016,15.66,-3.0299999999999994,23.72,-45.59,-87.94,-4.43,22.53
2025-08-11T17:26:58.129973,45.0,-24.0,19.0,28.0,15.0,18.0,47.0,-3.0,24.0,-102.0,100.0,-37.0,34.519999999999996,-6.77,16.55,17.32,-1.2600000000000016,45.66,37.97,-4.28,23.41,-82.94,67.57,7.530000000000001
2025-08-11T17:26:58.137880,25.0,-99.0,21.0,-49.0,61.0,16.0,-31.0,-76.0,-13.0,48.0,83.0,-18.0,14.52,-81.77,18.55,-59.68,44.739999999999995,43.66,-40.03,-77.28,-13.59,67.06,50.57,26.53
2025-08-11T17:26:58.142001,71.0,1.0,-23.0,-3.0,31.0,-59.0,28.0,24.0,55.0,-15.0,50.0,-123.0,60.519999999999996,18.23,-25.45,-13.68,14.739999999999998,-31.34,18.97,22.72,54.41,4.059999999999999,17.57,-78.47
2025-08-11T17:26:58.150137,11.0,7.0,-80.0,1.0,36.0,-70.0,-18.0,14.0,31.0,-11.0,27.0,-45.0,0.5199999999999996,24.23,-82.45,-9.68,19.74,-42.34,-27.03,12.72,30.41,8.059999999999999,-5.43,-0.46999999999999886
2025-08-11T17:26:58.154457,-15.0,-14.0,30.0,24.0,-21.0,-102.0,-55.0,98.0,-28.0,-26.0,96.0,-91.0,-25.48,3.2300000000000004,27.55,13.32,-37.260000000000005,-74.34,-64.03,96.72,-28.59,-6.940000000000001,63.57,-46.47
2025-08-11T17:26:58.162435,33.0,46.0,21.0,-9.0,1.0,25.0,-42.0,-18.0,-37.0,-70.0,47.0,-23.0,22.52,63.230000000000004,18.55,-19.68,-15.260000000000002,52.66,-51.03,-19.28,-37.59,-50.94,14.57,21.53
2025-08-11T17:26:58.166688,85.0,-23.0,-24.0,-44.0,-36.0,-58.0,-43.0,-24.0,-43.0,-82.0,10.0,-97.0,74.52,-5.77,-26.45,-54.68,-52.260000000000005,-30.34,-52.03,-25.28,-43.59,-62.94,-22.43,-52.47
2025-08-11T17:26:58.174865,74.0,43.0,-28.0,-39.0,10.0,33.0,21.0,-2.0,-31.0,-69.0,59.0,-79.0,63.519999999999996,60.230000000000004,-30.45,-49.68,-6.260000000000002,60.66,11.97,-3.2800000000000002,-31.59,-49.94,26.57,-34.47
2025-08-11T17:26:58.179132,69.0,-56.0,-11.0,64.0,64.0,-33.0,7.0,37.0,36.0,27.0,92.0,-90.0,58.519999999999996,-38.769999999999996,-13.45,53.32,47.739999999999995,-5.34,-2.0299999999999994,35.72,35.41,46.06,59.57,-45.47
2025-08-11T17:26:58.187026,90.0,-22.0,5.0,10.0,67.0,-62.0,-43.0,-14.0,-30.0,-1.0,116.0,-53.0,79.52,-4.77,2.55,-0.6799999999999997,50.739999999999995,-34.34,-52.03,-15.28,-30.59,18.06,83.57,-8.469999999999999
2025-08-11T17:26:58.191413,56.0,-41.0,-34.0,29.0,9.0,40.0,27.0,19.0,-37.0,-38.0,82.0,-84.0,45.519999999999996,-23.77,-36.45,18.32,-7.260000000000002,67.66,17.97,17.72,-37.59,-18.94,49.57,-39.47
2025-08-11T17:26:58.199279,-31.0,-10.0,20.0,-42.0,60.0,-7.0,-27.0,96.0,-32.0,-32.0,74.0,-105.0,-41.480000000000004,7.23,17.55,-52.68,43.739999999999995,20.66,-36.03,94.72,-32.59,-12.940000000000001,41.57,-60.47
2025-08-11T17:26:58.203544,-45.0,60.0,-17.0,52.0,-80.0,-26.0,22.0,-22.0,12.0,-71.0,39.0,-61.0,-55.480000000000004,77.23,-19.45,41.32,-96.26,1.6600000000000001,12.97,-23.28,11.41,-51.94,6.57,-16.47
2025-08-11T17:26:58.211615,25.0,35.0,-34.0,-59.0,28.0,-12.0,-20.0,-17.0,-35.0,-59.0,59.0,-95.0,14.52,52.230000000000004,-36.45,-69.68,11.739999999999998,15.66,-29.03,-18.28,-35.59,-39.94,26.57,-50.47
2025-08-11T17:26:58.215933,58.0,-7.0,-23.0,-6.0,62.0,-90.0,57.0,2.0,2.0,-14.0,89.0,-113.0,47.519999999999996,10.23,-25.45,-16.68,45.739999999999995,-62.34,47.97,0.72,1.4100000000000001,5.059999999999999,56.57,-68.47
2025-08-11T17:26:58.220184,80.0,2.0,-54.0,29.0,53.0,-31.0,13.0,51.0,4.0,-91.0,19.0,-57.0,69.52,19.23,-56.45,18.32,36.739999999999995,-3.34,3.9700000000000006,49.72,3.41,-71.94,-13.43,-12.469999999999999
2025-08-11T17:26:58.228117,64.0,-15.0,-22.0,10.0,61.0,-11.0,53.0,17.0,-24.0,-28.0,134.0,-81.0,53.519999999999996,2.2300000000000004,-24.45,-0.6799999999999997,44.739999999999995,16.66,43.97,15.72,-24.59,-8.940000000000001,101.57,-36.47
2025-08-11T17:26:58.232645,1.0,-76.0,36.0,-44.0,-22.0,-43.0,50.0,18.0,-50.0,30.0,13.0,-71.0,-9.48,-58.769999999999996,33.55,-54.68,-38.260000000000005,-15.34,40.97,16.72,-50.59,49.06,-19.43,-26.47
2025-08-11T17:26:58.240279,73.0,51.0,23.0,22.0,-22.0,-34.0,40.0,8.0,-65.0,-48.0,46.0,-57.0,62.519999999999996,68.23,20.55,11.32,-38.260000000000005,-6.34,30.97,6.72,-65.59,-28.94,13.57,-12.469999999999999
2025-08-11T17:26:58.244779,0.0,33.0,-46.0,-2.0,-45.0,3.0,48.0,-80.0,30.0,-54.0,73.0,-40.0,-10.48,50.230000000000004,-48.45,-12.68,-61.260000000000005,30.66,38.97,-81.28,29.41,-34.94,40.57,4.530000000000001
2025-08-11T17:26:58.252611,18.0,76.0,-95.0,-3.0,110.0,11.0,31.0,-1.0,-6.0,-41.0,64.0,-73.0,7.52,93.23,-97.45,-13.68,93.74,38.66,21.97,-2.2800000000000002,-6.59,-21.94,31.57,-28.47
2025-08-11T17:26:58.257116,-65.0,-10.0,-81.0,-21.0,36.0,-66.0,-12.0,-31.0,-82.0,-13.0,53.0,-37.0,-75.48,7.23,-83.45,-31.68,19.74,-38.34,-21.03,-32.28,-82.59,6.059999999999999,20.57,7.530000000000001
2025-08-11T17:26:58.264878,108.0,30.0,-49.0,-18.0,40.0,-39.0,33.0,-22.0,-18.0,-60.0,-13.0,-97.0,97.52,47.230000000000004,-51.45,-28.68,23.74,-11.34,23.97,-23.28,-18.59,-40.94,-45.43,-52.47
2025-08-11T17:26:58.269339,72.0,-42.0,-23.0,47.0,33.0,-51.0,-25.0,-51.0,11.0,-19.0,82.0,-128.0,61.519999999999996,-24.77,-25.45,36.32,16.74,-23.34,-34.03,-52.28,10.41,0.05999999999999872,49.57,-83.47
2025-08-11T17:26:58.277215,78.0,-36.0,14.0,-7.0,45.0,-18.0,-73.0,62.0,-13.0,18.0,74.0,-97.0,67.52,-18.77,11.55,-17.68,28.74,9.66,-82.03,60.72,-13.59,37.06,41.57,-52.47
2025-08-11T17:26:58.281747,13.0,-59.0,38.0,-49.0,-27.0,-21.0,-5.0,26.0,-27.0,-27.0,72.0,-106.0,2.5199999999999996,-41.769999999999996,35.55,-59.68,-43.260000000000005,6.66,-14.03,24.72,-27.59,-7.940000000000001,39.57,-61.47
2025-08-11T17:26:58.289435,-9.0,9.0,3.0,11.0,-5.0,-30.0,-44.0,22.0,-38.0,-26.0,33.0,-62.0,-19.48,26.23,0.5499999999999998,0.3200000000000003,-21.26,-2.34,-53.03,20.72,-38.59,-6.940000000000001,0.5700000000000003,-17.47
2025-08-11T17:26:58.293989,59.0,28.0,35.0,-17.0,17.0,-26.0,30.0,29.0,-12.0,-64.0,23.0,-107.0,48.519999999999996,45.230000000000004,32.55,-27.68,0.7399999999999984,1.6600000000000001,20.97,27.72,-12.59,-44.94,-9.43,-62.47
2025-08-11T17:26:58.301752,-31.0,-1.0,-9.0,-61.0,13.0,-17.0,9.0,66.0,26.0,4.0,94.0,-25.0,-41.480000000000004,16.23,-11.45,-71.68,-3.2600000000000016,10.66,-0.02999999999999936,64.72,25.41,23.06,61.57,19.53
2025-08-11T17:26:58.306319,13.0,50.0,-23.0,-40.0,19.0,-62.0,-25.0,25.0,-27.0,-43.0,35.0,-72.0,2.5199999999999996,67.23,-25.45,-50.68,2.7399999999999984,-34.34,-34.03,23.72,-27.59,-23.94,2.5700000000000003,-27.47
2025-08-11T17:26:58.314005,103.0,38.0,-73.0,24.0,39.0,-69.0,24.0,-37.0,-106.0,-20.0,62.0,-79.0,92.52,55.230000000000004,-75.45,13.32,22.74,-41.34,14.97,-38.28,-106.59,-0.9400000000000013,29.57,-34.47
2025-08-11T17:26:58.318720,27.0,-8.0,-46.0,-40.0,5.0,-10.0,10.0,46.0,-61.0,-67.0,50.0,-56.0,16.52,9.23,-48.45,-50.68,-11.260000000000002,17.66,0.9700000000000006,44.72,-61.59,-47.94,17.57,-11.469999999999999
2025-08-11T17:26:58.326571,110.0,-63.0,-116.0,14.0,-32.0,-64.0,-5.0,-6.0,-21.0,-22.0,26.0,-79.0,99.52,-45.769999999999996,-118.45,3.3200000000000003,-48.260000000000005,-36.34,-14.03,-7.28,-21.59,-2.9400000000000013,-6.43,-34.47
2025-08-11T17:26:58.330941,65.0,-43.0,-19.0,80.0,28.0,-13.0,49.0,-12.0,20.0,-48.0,19.0,-97.0,54.519999999999996,-25.77,-21.45,69.32,11.739999999999998,14.66,39.97,-13.28,19.41,-28.94,-13.43,-52.47
2025-08-11T17:26:58.338558,-33.0,-16.0,101.0,-56.0,3.0,-45.0,16.0,23.0,-25.0,-47.0,98.0,-34.0,-43.480000000000004,1.2300000000000004,98.55,-66.68,-13.260000000000002,-17.34,6.970000000000001,21.72,-25.59,-27.94,65.57,10.530000000000001
2025-08-11T17:26:58.343221,-12.0,-14.0,-18.0,-18.0,13.0,-39.0,19.0,30.0,-8.0,-16.0,-3.0,-132.0,-22.48,3.2300000000000004,-20.45,-28.68,-3.2600000000000016,-11.34,9.97,28.72,-8.59,3.0599999999999987,-35.43,-87.47
2025-08-11T17:26:58.350998,-29.0,67.0,-86.0,-16.0,53.0,-99.0,6.0,1.0,-28.0,36.0,36.0,-57.0,-39.480000000000004,84.23,-88.45,-26.68,36.739999999999995,-71.34,-3.0299999999999994,-0.28,-28.59,55.06,3.5700000000000003,-12.469999999999999
2025-08-11T17:26:58.355379,17.0,38.0,-12.0,42.0,81.0,-84.0,19.0,54.0,-22.0,-54.0,47.0,-88.0,6.52,55.230000000000004,-14.45,31.32,64.74,-56.34,9.97,52.72,-22.59,-34.94,14.57,-43.47
2025-08-11T17:26:58.363198,15.0,11.0,-28.0,88.0,82.0,-87.0,-2.0,-12.0,-77.0,-80.0,39.0,-80.0,4.52,28.23,-30.45,77.32,65.74,-59.34,-11.03,-13.28,-77.59,-60.94,6.57,-35.47
2025-08-11T17:26:58.367702,42.0,-89.0,-17.0,73.0,45.0,-122.0,24.0,43.0,-24.0,0.0,82.0,-105.0,31.52,-71.77,-19.45,62.32,28.74,-94.34,14.97,41.72,-24.59,19.06,49.57,-60.47
2025-08-11T17:26:58.375458,86.0,19.0,-13.0,5.0,-12.0,-32.0,28.0,8.0,-18.0,-34.0,91.0,-85.0,75.52,36.230000000000004,-15.45,-5.68,-28.26,-4.34,18.97,6.72,-18.59,-14.940000000000001,58.57,-40.47
2025-08-11T17:26:58.379974,85.0,-74.0,12.0,0.0,29.0,-69.0,-1.0,-9.0,-17.0,-42.0,83.0,-102.0,74.52,-56.769999999999996,9.55,-10.68,12.739999999999998,-41.34,-10.03,-10.28,-17.59,-22.94,50.57,-57.47
2025-08-11T17:26:58.387957,37.0,-67.0,36.0,-48.0,47.0,-40.0,-12.0,-51.0,-2.0,-20.0,92.0,-89.0,26.52,-49.769999999999996,33.55,-58.68,30.74,-12.34,-21.03,-52.28,-2.59,-0.9400000000000013,59.57,-44.47
2025-08-11T17:26:58.392238,41.0,9.0,22.0,48.0,38.0,-18.0,-7.0,23.0,-53.0,-34.0,51.0,-51.0,30.52,26.23,19.55,37.32,21.74,9.66,-16.03,21.72,-53.59,-14.940000000000001,18.57,-6.469999999999999
2025-08-11T17:26:58.400070,16.0,78.0,-4.0,44.0,31.0,-47.0,50.0,-10.0,84.0,-27.0,55.0,-73.0,5.52,95.23,-6.45,33.32,14.739999999999998,-19.34,40.97,-11.28,83.41,-7.940000000000001,22.57,-28.47
2025-08-11T17:26:58.404584,-6.0,24.0,-57.0,-8.0,-66.0,-28.0,10.0,42.0,-17.0,-66.0,68.0,-59.0,-16.48,41.230000000000004,-59.45,-18.68,-82.26,-0.33999999999999986,0.9700000000000006,40.72,-17.59,-46.94,35.57,-14.469999999999999
2025-08-11T17:26:58.412388,-3.0,-13.0,-29.0,78.0,-10.0,12.0,43.0,-11.0,-29.0,-51.0,60.0,-50.0,-13.48,4.23,-31.45,67.32,-26.26,39.66,33.97,-12.28,-29.59,-31.94,27.57,-5.469999999999999
2025-08-11T17:26:58.416847,-6.0,-47.0,-92.0,28.0,-47.0,27.0,41.0,36.0,15.0,-58.0,91.0,-55.0,-16.48,-29.77,-94.45,17.32,-63.260000000000005,54.66,31.97,34.72,14.41,-38.94,58.57,-10.469999999999999
2025-08-11T17:26:58.424629,51.0,20.0,-8.0,-18.0,62.0,-101.0,-61.0,-42.0,8.0,-59.0,76.0,-109.0,40.519999999999996,37.230000000000004,-10.45,-28.68,45.739999999999995,-73.34,-70.03,-43.28,7.41,-39.94,43.57,-64.47
2025-08-11T17:26:58.429106,6.0,-57.0,1.0,-30.0,40.0,-113.0,-10.0,-1.0,-19.0,21.0,71.0,-91.0,-4.48,-39.769999999999996,-1.4500000000000002,-40.68,23.74,-85.34,-19.03,-2.2800000000000002,-19.59,40.06,38.57,-46.47
2025-08-11T17:26:58.436890,-28.0,-24.0,3.0,48.0,13.0,-74.0,-14.0,28.0,-11.0,-18.0,-16.0,-60.0,-38.480000000000004,-6.77,0.5499999999999998,37.32,-3.2600000000000016,-46.34,-23.03,26.72,-11.59,1.0599999999999987,-48.43,-15.469999999999999
2025-08-11T17:26:58.441512,-6.0,-51.0,68.0,7.0,-38.0,-90.0,-11.0,-26.0,-3.0,38.0,1.0,-84.0,-16.48,-33.769999999999996,65.55,-3.6799999999999997,-54.260000000000005,-62.34,-20.03,-27.28,-3.59,57.06,-31.43,-39.47
2025-08-11T17:26:58.449210,78.0,59.0,6.0,44.0,-39.0,-19.0,17.0,16.0,-8.0,-66.0,34.0,-13.0,67.52,76.23,3.55,33.32,-55.260000000000005,8.66,7.970000000000001,14.72,-8.59,-46.94,1.5700000000000003,31.53
2025-08-11T17:26:58.453555,-39.0,-14.0,-56.0,33.0,9.0,5.0,53.0,22.0,-22.0,-12.0,79.0,-120.0,-49.480000000000004,3.2300000000000004,-58.45,22.32,-7.260000000000002,32.66,43.97,20.72,-22.59,7.059999999999999,46.57,-75.47
2025-08-11T17:26:58.461561,55.0,-20.0,-68.0,10.0,23.0,-38.0,-13.0,-23.0,-13.0,-20.0,46.0,-55.0,44.519999999999996,-2.7699999999999996,-70.45,-0.6799999999999997,6.739999999999998,-10.34,-22.03,-24.28,-13.59,-0.9400000000000013,13.57,-10.469999999999999
2025-08-11T17:26:58.465642,47.0,-59.0,-51.0,-16.0,-11.0,-69.0,-4.0,-11.0,-12.0,-50.0,3.0,-101.0,36.519999999999996,-41.769999999999996,-53.45,-26.68,-27.26,-41.34,-13.03,-12.28,-12.59,-30.94,-29.43,-56.47
2025-08-11T17:26:58.473923,40.0,-31.0,20.0,-44.0,-20.0,-74.0,-52.0,-17.0,-34.0,-26.0,64.0,-167.0,29.52,-13.77,17.55,-54.68,-36.260000000000005,-46.34,-61.03,-18.28,-34.59,-6.940000000000001,31.57,-122.47
2025-08-11T17:26:58.477871,39.0,19.0,71.0,4.0,-36.0,-99.0,-29.0,12.0,-61.0,-41.0,47.0,-42.0,28.52,36.230000000000004,68.55,-6.68,-52.260000000000005,-71.34,-38.03,10.72,-61.59,-21.94,14.57,2.530000000000001
2025-08-11T17:26:58.485986,-13.0,-1.0,-2.0,84.0,23.0,-88.0,-42.0,-14.0,-40.0,-106.0,110.0,-45.0,-23.48,16.23,-4.45,73.32,6.739999999999998,-60.34,-51.03,-15.28,-40.59,-86.94,77.57,-0.46999999999999886
2025-08-11T17:26:58.490275,21.0,21.0,-94.0,62.0,32.0,-37.0,2.0,-5.0,13.0,-29.0,93.0,-103.0,10.52,38.230000000000004,-96.45,51.32,15.739999999999998,-9.34,-7.029999999999999,-6.28,12.41,-9.940000000000001,60.57,-58.47
2025-08-11T17:26:58.494414,38.0,-31.0,-106.0,81.0,60.0,5.0,-44.0,36.0,-11.0,-78.0,81.0,-35.0,27.52,-13.77,-108.45,70.32,43.739999999999995,32.66,-53.03,34.72,-11.59,-58.94,48.57,9.530000000000001
2025-08-11T17:26:58.502533,48.0,24.0,-64.0,-34.0,51.0,-64.0,-42.0,-11.0,-35.0,-23.0,51.0,-23.0,37.519999999999996,41.230000000000004,-66.45,-44.68,34.739999999999995,-36.34,-51.03,-12.28,-35.59,-3.9400000000000013,18.57,21.53
2025-08-11T17:26:58.510750,33.0,-68.0,-73.0,-39.0,6.0,-21.0,-10.0,-19.0,-52.0,-55.0,32.0,-51.0,22.52,-50.769999999999996,-75.45,-49.68,-10.260000000000002,6.66,-19.03,-20.28,-52.59,-35.94,-0.4299999999999997,-6.469999999999999
2025-08-11T17:26:58.514954,40.0,-18.0,-36.0,22.0,81.0,-46.0,5.0,14.0,-19.0,-45.0,26.0,-96.0,29.52,-0.7699999999999996,-38.45,11.32,64.74,-18.34,-4.029999999999999,12.72,-19.59,-25.94,-6.43,-51.47
2025-08-11T17:26:58.518881,5.0,-15.0,-10.0,6.0,-21.0,-67.0,77.0,-3.0,-32.0,-62.0,48.0,-72.0,-5.48,2.2300000000000004,-12.45,-4.68,-37.260000000000005,-39.34,67.97,-4.28,-32.59,-42.94,15.57,-27.47
2025-08-11T17:26:58.527170,6.0,-47.0,44.0,26.0,1.0,-71.0,0.0,-5.0,-2.0,-104.0,-48.0,-58.0,-4.48,-29.77,41.55,15.32,-15.260000000000002,-43.34,-9.03,-6.28,-2.59,-84.94,-80.43,-13.469999999999999
2025-08-11T17:26:58.531230,16.0,-14.0,-20.0,22.0,-38.0,-72.0,4.0,3.0,-19.0,-98.0,99.0,-74.0,5.52,3.2300000000000004,-22.45,11.32,-54.260000000000005,-44.34,-5.029999999999999,1.72,-19.59,-78.94,66.57,-29.47
2025-08-11T17:26:58.539435,-35.0,-24.0,50.0,32.0,-12.0,17.0,-42.0,-114.0,-44.0,-3.0,26.0,-77.0,-45.480000000000004,-6.77,47.55,21.32,-28.26,44.66,-51.03,-115.28,-44.59,16.06,-6.43,-32.47
2025-08-11T17:26:58.543788,-41.0,59.0,-43.0,24.0,29.0,-42.0,-38.0,-17.0,77.0,-33.0,93.0,-79.0,-51.480000000000004,76.23,-45.45,13.32,12.739999999999998,-14.34,-47.03,-18.28,76.41,-13.940000000000001,60.57,-34.47
2025-08-11T17:26:58.551598,-31.0,43.0,-46.0,-16.0,-22.0,-13.0,-5.0,-6.0,-8.0,-66.0,31.0,-62.0,-41.480000000000004,60.230000000000004,-48.45,-26.68,-38.260000000000005,14.66,-14.03,-7.28,-8.59,-46.94,-1.4299999999999997,-17.47
2025-08-11T17:26:58.555964,48.0,2.0,-24.0,45.0,78.0,-65.0,-17.0,-30.0,-36.0,-43.0,59.0,-26.0,37.519999999999996,19.23,-26.45,34.32,61.739999999999995,-37.34,-26.03,-31.28,-36.59,-23.94,26.57,18.53
2025-08-11T17:26:58.563985,-15.0,70.0,-78.0,81.0,45.0,-48.0,-73.0,7.0,-12.0,31.0,-9.0,-117.0,-25.48,87.23,-80.45,70.32,28.74,-20.34,-82.03,5.72,-12.59,50.06,-41.43,-72.47
2025-08-11T17:26:58.568371,28.0,61.0,-49.0,58.0,-10.0,-79.0,-50.0,13.0,-37.0,17.0,23.0,-50.0,17.52,78.23,-51.45,47.32,-26.26,-51.34,-59.03,11.72,-37.59,36.06,-9.43,-5.469999999999999
2025-08-11T17:26:58.576355,61.0,-64.0,-96.0,-28.0,27.0,20.0,-79.0,23.0,-66.0,-56.0,88.0,-87.0,50.519999999999996,-46.769999999999996,-98.45,-38.68,10.739999999999998,47.66,-88.03,21.72,-66.59,-36.94,55.57,-42.47
2025-08-11T17:26:58.580556,126.0,-20.0,-46.0,23.0,3.0,-99.0,-37.0,-52.0,17.0,-78.0,74.0,-97.0,115.52,-2.7699999999999996,-48.45,12.32,-13.260000000000002,-71.34,-46.03,-53.28,16.41,-58.94,41.57,-52.47
2025-08-11T17:26:58.588483,23.0,-40.0,7.0,14.0,-56.0,-85.0,6.0,43.0,47.0,-52.0,75.0,-96.0,12.52,-22.77,4.55,3.3200000000000003,-72.26,-57.34,-3.0299999999999994,41.72,46.41,-32.94,42.57,-51.47
2025-08-11T17:26:58.592691,-4.0,-6.0,3.0,-22.0,-1.0,-6.0,-18.0,-21.0,-78.0,5.0,110.0,-90.0,-14.48,11.23,0.5499999999999998,-32.68,-17.26,21.66,-27.03,-22.28,-78.59,24.06,77.57,-45.47
2025-08-11T17:26:58.600876,-6.0,22.0,30.0,-38.0,88.0,-29.0,36.0,8.0,0.0,-58.0,25.0,-43.0,-16.48,39.230000000000004,27.55,-48.68,71.74,-1.3399999999999999,26.97,6.72,-0.59,-38.94,-7.43,1.5300000000000011
2025-08-11T17:26:58.605107,63.0,35.0,-96.0,-19.0,14.0,-69.0,-13.0,5.0,8.0,-48.0,78.0,-38.0,52.519999999999996,52.230000000000004,-98.45,-29.68,-2.2600000000000016,-41.34,-22.03,3.7199999999999998,7.41,-28.94,45.57,6.530000000000001
2025-08-11T17:26:58.612925,8.0,40.0,-2.0,63.0,-5.0,-33.0,23.0,-66.0,54.0,-72.0,106.0,-21.0,-2.4800000000000004,57.230000000000004,-4.45,52.32,-21.26,-5.34,13.97,-67.28,53.41,-52.94,73.57,23.53
2025-08-11T17:26:58.617470,-70.0,48.0,-91.0,52.0,32.0,-68.0,11.0,-2.0,-74.0,-56.0,70.0,-9.0,-80.48,65.23,-93.45,41.32,15.739999999999998,-40.34,1.9700000000000006,-3.2800000000000002,-74.59,-36.94,37.57,35.53
2025-08-11T17:26:58.625247,8.0,44.0,-57.0,35.0,-25.0,-79.0,48.0,-24.0,34.0,-13.0,110.0,-50.0,-2.4800000000000004,61.230000000000004,-59.45,24.32,-41.260000000000005,-51.34,38.97,-25.28,33.41,6.059999999999999,77.57,-5.469999999999999
2025-08-11T17:26:58.629577,87.0,44.0,-64.0,21.0,-46.0,-16.0,-5.0,-23.0,23.0,-52.0,53.0,20.0,76.52,61.230000000000004,-66.45,10.32,-62.260000000000005,11.66,-14.03,-24.28,22.41,-32.94,20.57,64.53
2025-08-11T17:26:58.637577,30.0,-102.0,-54.0,-16.0,8.0,-74.0,-9.0,12.0,-8.0,-47.0,44.0,-39.0,19.52,-84.77,-56.45,-26.68,-8.260000000000002,-46.34,-18.03,10.72,-8.59,-27.94,11.57,5.530000000000001
2025-08-11T17:26:58.641818,106.0,-17.0,-67.0,40.0,88.0,-7.0,10.0,20.0,37.0,-96.0,84.0,-43.0,95.52,0.23000000000000043,-69.45,29.32,71.74,20.66,0.9700000000000006,18.72,36.41,-76.94,51.57,1.5300000000000011
2025-08-11T17:26:58.649997,64.0,-82.0,62.0,50.0,21.0,-28.0,-50.0,-27.0,-92.0,-113.0,51.0,-76.0,53.519999999999996,-64.77,59.55,39.32,4.739999999999998,-0.33999999999999986,-59.03,-28.28,-92.59,-93.94,18.57,-31.47
2025-08-11T17:26:58.654110,-5.0,-28.0,-18.0,-1.0,-65.0,-76.0,74.0,16.0,-32.0,-43.0,107.0,-24.0,-15.48,-10.77,-20.45,-11.68,-81.26,-48.34,64.97,14.72,-32.59,-23.94,74.57,20.53
2025-08-11T17:26:58.662148,28.0,47.0,-6.0,54.0,-10.0,-26.0,38.0,-23.0,-38.0,-10.0,-22.0,-20.0,17.52,64.23,-8.45,43.32,-26.26,1.6600000000000001,28.97,-24.28,-38.59,9.059999999999999,-54.43,24.53
2025-08-11T17:26:58.666479,-4.0,17.0,-67.0,-55.0,-28.0,-37.0,70.0,-12.0,-26.0,-18.0,53.0,-13.0,-14.48,34.230000000000004,-69.45,-65.68,-44.260000000000005,-9.34,60.97,-13.28,-26.59,1.0599999999999987,20.57,31.53
2025-08-11T17:26:58.674550,35.0,60.0,-135.0,3.0,57.0,-73.0,16.0,-16.0,-9.0,-101.0,71.0,-53.0,24.52,77.23,-137.45,-7.68,40.739999999999995,-45.34,6.970000000000001,-17.28,-9.59,-81.94,38.57,-8.469999999999999
2025-08-11T17:26:58.678561,87.0,-63.0,-21.0,-23.0,-8.0,-66.0,49.0,26.0,-84.0,-23.0,45.0,-8.0,76.52,-45.769999999999996,-23.45,-33.68,-24.26,-38.34,39.97,24.72,-84.59,-3.9400000000000013,12.57,36.53
2025-08-11T17:26:58.686578,73.0,14.0,-17.0,124.0,-18.0,-18.0,6.0,-14.0,-27.0,-69.0,83.0,-44.0,62.519999999999996,31.23,-19.45,113.32,-34.260000000000005,9.66,-3.0299999999999994,-15.28,-27.59,-49.94,50.57,0.5300000000000011
2025-08-11T17:26:58.690950,105.0,-31.0,10.0,88.0,52.0,-77.0,-80.0,5.0,-81.0,-83.0,126.0,-61.0,94.52,-13.77,7.55,77.32,35.739999999999995,-49.34,-89.03,3.7199999999999998,-81.59,-63.94,93.57,-16.47
2025-08-11T17:26:58.695282,-39.0,-55.0,-4.0,18.0,6.0,-95.0,-25.0,4.0,-34.0,-41.0,61.0,-61.0,-49.480000000000004,-37.769999999999996,-6.45,7.32,-10.260000000000002,-67.34,-34.03,2.7199999999999998,-34.59,-21.94,28.57,-16.47
2025-08-11T17:26:58.703248,25.0,1.0,29.0,35.0,41.0,-25.0,56.0,-24.0,-56.0,-39.0,3.0,-31.0,14.52,18.23,26.55,24.32,24.74,2.66,46.97,-25.28,-56.59,-19.94,-29.43,13.530000000000001
2025-08-11T17:26:58.707287,-8.0,-10.0,-46.0,5.0,0.0,-54.0,12.0,-58.0,5.0,-51.0,79.0,-22.0,-18.48,7.23,-48.45,-5.68,-16.26,-26.34,2.9700000000000006,-59.28,4.41,-31.94,46.57,22.53
2025-08-11T17:26:58.715671,25.0,-31.0,-56.0,-15.0,24.0,-32.0,6.0,-9.0,-7.0,61.0,-42.0,-50.0,14.52,-13.77,-58.45,-25.68,7.739999999999998,-4.34,-3.0299999999999994,-10.28,-7.59,80.06,-74.43,-5.469999999999999
2025-08-11T17:26:58.719558,-5.0,63.0,-51.0,43.0,38.0,-78.0,21.0,7.0,-29.0,10.0,-64.0,16.0,-15.48,80.23,-53.45,32.32,21.74,-50.34,11.97,5.72,-29.59,29.06,-96.43,60.53
2025-08-11T17:26:58.727753,68.0,55.0,-75.0,-41.0,26.0,-108.0,13.0,27.0,-47.0,32.0,-28.0,-23.0,57.519999999999996,72.23,-77.45,-51.68,9.739999999999998,-80.34,3.9700000000000006,25.72,-47.59,51.06,-60.43,21.53
2025-08-11T17:26:58.732568,61.0,61.0,-101.0,34.0,17.0,-79.0,67.0,-44.0,8.0,40.0,-10.0,-12.0,50.519999999999996,78.23,-103.45,23.32,0.7399999999999984,-51.34,57.97,-45.28,7.41,59.06,-42.43,32.53
2025-08-11T17:26:58.740024,60.0,-68.0,-48.0,31.0,-21.0,-68.0,9.0,-24.0,12.0,-11.0,55.0,-33.0,49.519999999999996,-50.769999999999996,-50.45,20.32,-37.260000000000005,-40.34,-0.02999999999999936,-25.28,11.41,8.059999999999999,22.57,11.530000000000001
2025-08-11T17:26:58.744873,56.0,1.0,32.0,-16.0,-7.0,-2.0,-37.0,-13.0,-44.0,-10.0,-39.0,-47.0,45.519999999999996,18.23,29.55,-26.68,-23.26,25.66,-46.03,-14.28,-44.59,9.059999999999999,-71.43,-2.469999999999999
2025-08-11T17:26:58.752293,4.0,16.0,-52.0,-58.0,3.0,-32.0,14.0,-82.0,-60.0,70.0,-13.0,4.0,-6.48,33.230000000000004,-54.45,-68.68,-13.260000000000002,-4.34,4.970000000000001,-83.28,-60.59,89.06,-45.43,48.53
2025-08-11T17:26:58.756596,-47.0,11.0,-12.0,-15.0,8.0,-98.0,33.0,-8.0,-50.0,5.0,55.0,-61.0,-57.480000000000004,28.23,-14.45,-25.68,-8.260000000000002,-70.34,23.97,-9.28,-50.59,24.06,22.57,-16.47
2025-08-11T17:26:58.764520,52.0,-73.0,-16.0,34.0,58.0,12.0,29.0,-70.0,-12.0,-18.0,-18.0,5.0,41.519999999999996,-55.769999999999996,-18.45,23.32,41.739999999999995,39.66,19.97,-71.28,-12.59,1.0599999999999987,-50.43,49.53
2025-08-11T17:26:58.768995,0.0,56.0,-42.0,-21.0,29.0,-34.0,46.0,-45.0,-55.0,62.0,22.0,-7.0,-10.48,73.23,-44.45,-31.68,12.739999999999998,-6.34,36.97,-46.28,-55.59,81.06,-10.43,37.53
2025-08-11T17:26:58.776859,22.0,3.0,-16.0,-36.0,40.0,-98.0,-41.0,-8.0,-52.0,22.0,1.0,-37.0,11.52,20.23,-18.45,-46.68,23.74,-70.34,-50.03,-9.28,-52.59,41.06,-31.43,7.530000000000001
2025-08-11T17:26:58.781085,51.0,-4.0,-68.0,0.0,54.0,-52.0,-13.0,28.0,-60.0,30.0,29.0,-63.0,40.519999999999996,13.23,-70.45,-10.68,37.739999999999995,-24.34,-22.03,26.72,-60.59,49.06,-3.4299999999999997,-18.47
2025-08-11T17:26:58.789101,12.0,52.0,-42.0,-17.0,40.0,-126.0,24.0,-2.0,-57.0,3.0,-12.0,-48.0,1.5199999999999996,69.23,-44.45,-27.68,23.74,-98.34,14.97,-3.2800000000000002,-57.59,22.06,-44.43,-3.469999999999999
2025-08-11T17:26:58.793475,123.0,7.0,-22.0,97.0,62.0,-94.0,8.0,-8.0,-4.0,48.0,20.0,-52.0,112.52,24.23,-24.45,86.32,45.739999999999995,-66.34,-1.0299999999999994,-9.28,-4.59,67.06,-12.43,-7.469999999999999
2025-08-11T17:26:58.801462,58.0,-27.0,-64.0,44.0,-23.0,-40.0,-7.0,-35.0,-12.0,-42.0,65.0,-25.0,47.519999999999996,-9.77,-66.45,33.32,-39.260000000000005,-12.34,-16.03,-36.28,-12.59,-22.94,32.57,19.53
2025-08-11T17:26:58.805660,97.0,-77.0,-33.0,-36.0,35.0,7.0,-33.0,-49.0,14.0,34.0,31.0,-65.0,86.52,-59.769999999999996,-35.45,-46.68,18.74,34.66,-42.03,-50.28,13.41,53.06,-1.4299999999999997,-20.47
2025-08-11T17:26:58.813661,38.0,-89.0,2.0,26.0,67.0,-9.0,-36.0,-3.0,-13.0,13.0,14.0,-3.0,27.52,-71.77,-0.4500000000000002,15.32,50.739999999999995,18.66,-45.03,-4.28,-13.59,32.06,-18.43,41.53
2025-08-11T17:26:58.818068,93.0,-50.0,-15.0,-25.0,78.0,-26.0,83.0,11.0,-48.0,26.0,-27.0,-62.0,82.52,-32.769999999999996,-17.45,-35.68,61.739999999999995,1.6600000000000001,73.97,9.72,-48.59,45.06,-59.43,-17.47
2025-08-11T17:26:58.825872,-10.0,-55.0,-6.0,-49.0,70.0,-51.0,0.0,-76.0,-64.0,6.0,27.0,32.0,-20.48,-37.769999999999996,-8.45,-59.68,53.739999999999995,-23.34,-9.03,-77.28,-64.59,25.06,-5.43,76.53
2025-08-11T17:26:58.830200,-14.0,-51.0,1.0,-32.0,-18.0,-52.0,47.0,-15.0,6.0,16.0,-16.0,-68.0,-24.48,-33.769999999999996,-1.4500000000000002,-42.68,-34.260000000000005,-24.34,37.97,-16.28,5.41,35.06,-48.43,-23.47
2025-08-11T17:26:58.838256,-2.0,-43.0,-34.0,-19.0,-10.0,-134.0,34.0,-73.0,-42.0,69.0,42.0,-34.0,-12.48,-25.77,-36.45,-29.68,-26.26,-106.34,24.97,-74.28,-42.59,88.06,9.57,10.530000000000001
2025-08-11T17:26:58.842489,13.0,36.0,-36.0,-41.0,12.0,-46.0,27.0,37.0,-27.0,-12.0,-9.0,-39.0,2.5199999999999996,53.230000000000004,-38.45,-51.68,-4.260000000000002,-18.34,17.97,35.72,-27.59,7.059999999999999,-41.43,5.530000000000001
2025-08-11T17:26:58.850514,31.0,-22.0,-78.0,66.0,-1.0,-61.0,41.0,-33.0,-24.0,-22.0,2.0,-29.0,20.52,-4.77,-80.45,55.32,-17.26,-33.34,31.97,-34.28,-24.59,-2.9400000000000013,-30.43,15.530000000000001
2025-08-11T17:26:58.854694,-20.0,66.0,-42.0,-40.0,17.0,-16.0,39.0,-35.0,-13.0,56.0,38.0,-21.0,-30.48,83.23,-44.45,-50.68,0.7399999999999984,11.66,29.97,-36.28,-13.59,75.06,5.57,23.53
2025-08-11T17:26:58.858850,54.0,73.0,-98.0,-38.0,3.0,-37.0,-9.0,1.0,-31.0,17.0,27.0,-33.0,43.519999999999996,90.23,-100.45,-48.68,-13.260000000000002,-9.34,-18.03,-0.28,-31.59,36.06,-5.43,11.530000000000001
2025-08-11T17:26:58.866993,25.0,10.0,-139.0,-51.0,78.0,-32.0,4.0,-37.0,-27.0,3.0,17.0,-5.0,14.52,27.23,-141.45,-61.68,61.739999999999995,-4.34,-5.029999999999999,-38.28,-27.59,22.06,-15.43,39.53
2025-08-11T17:26:58.871122,42.0,-56.0,-60.0,22.0,46.0,-41.0,37.0,-25.0,-6.0,23.0,-5.0,-61.0,31.52,-38.769999999999996,-62.45,11.32,29.74,-13.34,27.97,-26.28,-6.59,42.06,-37.43,-16.47
2025-08-11T17:26:58.879426,16.0,26.0,-50.0,-31.0,-21.0,-108.0,12.0,-61.0,-9.0,19.0,73.0,-27.0,5.52,43.230000000000004,-52.45,-41.68,-37.260000000000005,-80.34,2.9700000000000006,-62.28,-9.59,38.06,40.57,17.53
2025-08-11T17:26:58.883485,-45.0,-5.0,-49.0,99.0,8.0,-52.0,15.0,-18.0,24.0,37.0,-5.0,-46.0,-55.480000000000004,12.23,-51.45,88.32,-8.260000000000002,-24.34,5.970000000000001,-19.28,23.41,56.06,-37.43,-1.4699999999999989
2025-08-11T17:26:58.891714,13.0,-20.0,-109.0,-32.0,22.0,-72.0,49.0,-42.0,-78.0,43.0,18.0,5.0,2.5199999999999996,-2.7699999999999996,-111.45,-42.68,5.739999999999998,-44.34,39.97,-43.28,-78.59,62.06,-14.43,49.53
2025-08-11T17:26:58.895674,104.0,-39.0,10.0,44.0,75.0,-39.0,22.0,11.0,-71.0,-30.0,-46.0,-35.0,93.52,-21.77,7.55,33.32,58.739999999999995,-11.34,12.97,9.72,-71.59,-10.940000000000001,-78.43,9.530000000000001
2025-08-11T17:26:58.903908,9.0,-12.0,49.0,-41.0,13.0,-15.0,-58.0,-18.0,-16.0,-18.0,24.0,-54.0,-1.4800000000000004,5.23,46.55,-51.68,-3.2600000000000016,12.66,-67.03,-19.28,-16.59,1.0599999999999987,-8.43,-9.469999999999999
2025-08-11T17:26:58.907978,-21.0,-16.0,8.0,-62.0,8.0,-120.0,-47.0,23.0,-16.0,58.0,79.0,-17.0,-31.48,1.2300000000000004,5.55,-72.68,-8.260000000000002,-92.34,-56.03,21.72,-16.59,77.06,46.57,27.53
2025-08-11T17:26:58.916145,-8.0,-22.0,-79.0,39.0,35.0,-47.0,45.0,-10.0,-68.0,28.0,47.0,-57.0,-18.48,-4.77,-81.45,28.32,18.74,-19.34,35.97,-11.28,-68.59,47.06,14.57,-12.469999999999999
2025-08-11T17:26:58.920411,17.0,88.0,-47.0,44.0,0.0,-74.0,-38.0,-33.0,-76.0,30.0,15.0,-14.0,6.52,105.23,-49.45,33.32,-16.26,-46.34,-47.03,-34.28,-76.59,49.06,-17.43,30.53
2025-08-11T17:26:58.928629,85.0,-75.0,-85.0,20.0,-10.0,-28.0,1.0,20.0,33.0,3.0,46.0,-25.0,74.52,-57.769999999999996,-87.45,9.32,-26.26,-0.33999999999999986,-8.03,18.72,32.41,22.06,13.57,19.53
2025-08-11T17:26:58.932550,46.0,-32.0,-43.0,19.0,17.0,32.0,12.0,11.0,-57.0,49.0,-25.0,-52.0,35.519999999999996,-14.77,-45.45,8.32,0.7399999999999984,59.66,2.9700000000000006,9.72,-57.59,68.06,-57.43,-7.469999999999999
2025-08-11T17:26:58.940684,48.0,-25.0,70.0,-9.0,5.0,-57.0,47.0,18.0,-23.0,77.0,20.0,-72.0,37.519999999999996,-7.77,67.55,-19.68,-11.260000000000002,-29.34,37.97,16.72,-23.59,96.06,-12.43,-27.47
2025-08-11T17:26:58.945084,70.0,12.0,-69.0,2.0,-37.0,11.0,54.0,42.0,-3.0,49.0,-40.0,-15.0,59.519999999999996,29.23,-71.45,-8.68,-53.260000000000005,38.66,44.97,40.72,-3.59,68.06,-72.43,29.53
2025-08-11T17:26:58.953221,19.0,-38.0,34.0,-31.0,-37.0,-4.0,-65.0,-26.0,-147.0,28.0,-43.0,-26.0,8.52,-20.77,31.55,-41.68,-53.260000000000005,23.66,-74.03,-27.28,-147.59,47.06,-75.43,18.53
2025-08-11T17:26:58.957395,-5.0,-36.0,44.0,-3.0,20.0,-78.0,-41.0,-19.0,-35.0,25.0,60.0,9.0,-15.48,-18.77,41.55,-13.68,3.7399999999999984,-50.34,-50.03,-20.28,-35.59,44.06,27.57,53.53
2025-08-11T17:26:58.965353,42.0,-44.0,1.0,0.0,95.0,-54.0,-34.0,-42.0,-39.0,59.0,21.0,-9.0,31.52,-26.77,-1.4500000000000002,-10.68,78.74,-26.34,-43.03,-43.28,-39.59,78.06,-11.43,35.53
2025-08-11T17:26:58.969525,-13.0,59.0,-6.0,77.0,-12.0,-70.0,-10.0,4.0,-95.0,36.0,-54.0,7.0,-23.48,76.23,-8.45,66.32,-28.26,-42.34,-19.03,2.7199999999999998,-95.59,55.06,-86.43,51.53
2025-08-11T17:26:58.977455,27.0,5.0,13.0,-47.0,12.0,-33.0,2.0,8.0,-19.0,36.0,4.0,-5.0,16.52,22.23,10.55,-57.68,-4.260000000000002,-5.34,-7.029999999999999,6.72,-19.59,55.06,-28.43,39.53
2025-08-11T17:26:58.981847,40.0,85.0,-8.0,4.0,20.0,-66.0,54.0,11.0,-20.0,-17.0,53.0,-56.0,29.52,102.23,-10.45,-6.68,3.7399999999999984,-38.34,44.97,9.72,-20.59,2.0599999999999987,20.57,-11.469999999999999
2025-08-11T17:26:58.985779,5.0,48.0,-20.0,-37.0,57.0,-80.0,-4.0,1.0,6.0,61.0,48.0,-40.0,-5.48,65.23,-22.45,-47.68,40.739999999999995,-52.34,-13.03,-0.28,5.41,80.06,15.57,4.530000000000001
2025-08-11T17:26:58.993864,10.0,20.0,-75.0,36.0,53.0,-43.0,6.0,9.0,-29.0,63.0,86.0,-50.0,-0.4800000000000004,37.230000000000004,-77.45,25.32,36.739999999999995,-15.34,-3.0299999999999994,7.72,-29.59,82.06,53.57,-5.469999999999999
2025-08-11T17:26:58.998061,52.0,46.0,26.0,9.0,37.0,-50.0,28.0,67.0,-51.0,35.0,22.0,-60.0,41.519999999999996,63.230000000000004,23.55,-1.6799999999999997,20.74,-22.34,18.97,65.72,-51.59,54.06,-10.43,-15.469999999999999
2025-08-11T17:26:59.006410,-38.0,28.0,-62.0,-22.0,72.0,-65.0,-8.0,-24.0,-32.0,-9.0,14.0,-83.0,-48.480000000000004,45.230000000000004,-64.45,-32.68,55.739999999999995,-37.34,-17.03,-25.28,-32.59,10.059999999999999,-18.43,-38.47
2025-08-11T17:26:59.010424,47.0,122.0,-81.0,30.0,14.0,-107.0,-12.0,3.0,-43.0,32.0,36.0,-104.0,36.519999999999996,139.23,-83.45,19.32,-2.2600000000000016,-79.34,-21.03,1.72,-43.59,51.06,3.5700000000000003,-59.47
2025-08-11T17:26:59.018459,81.0,-2.0,-96.0,71.0,-28.0,-87.0,6.0,-71.0,32.0,32.0,44.0,-94.0,70.52,15.23,-98.45,60.32,-44.260000000000005,-59.34,-3.0299999999999994,-72.28,31.41,51.06,11.57,-49.47
2025-08-11T17:26:59.022990,94.0,5.0,-57.0,7.0,33.0,0.0,6.0,-16.0,14.0,28.0,87.0,-105.0,83.52,22.23,-59.45,-3.6799999999999997,16.74,27.66,-3.0299999999999994,-17.28,13.41,47.06,54.57,-60.47
2025-08-11T17:26:59.030937,49.0,14.0,-73.0,-13.0,9.0,-49.0,55.0,-107.0,-4.0,5.0,52.0,-92.0,38.519999999999996,31.23,-75.45,-23.68,-7.260000000000002,-21.34,45.97,-108.28,-4.59,24.06,19.57,-47.47
2025-08-11T17:26:59.035299,22.0,-27.0,-37.0,-33.0,23.0,-50.0,-2.0,-44.0,-9.0,-91.0,51.0,-124.0,11.52,-9.77,-39.45,-43.68,6.739999999999998,-22.34,-11.03,-45.28,-9.59,-71.94,18.57,-79.47
2025-08-11T17:26:59.043027,67.0,-30.0,-97.0,-50.0,58.0,2.0,14.0,-11.0,1.0,-25.0,42.0,-109.0,56.519999999999996,-12.77,-99.45,-60.68,41.739999999999995,29.66,4.970000000000001,-12.28,0.41000000000000003,-5.940000000000001,9.57,-64.47
2025-08-11T17:26:59.047470,78.0,-27.0,49.0,31.0,-20.0,-75.0,-7.0,-68.0,12.0,-43.0,38.0,-67.0,67.52,-9.77,46.55,20.32,-36.260000000000005,-47.34,-16.03,-69.28,11.41,-23.94,5.57,-22.47
2025-08-11T17:26:59.055541,-3.0,11.0,-26.0,-64.0,35.0,-72.0,78.0,-9.0,-51.0,-2.0,26.0,-104.0,-13.48,28.23,-28.45,-74.68,18.74,-44.34,68.97,-10.28,-51.59,17.06,-6.43,-59.47
2025-08-11T17:26:59.059705,-25.0,-42.0,-34.0,43.0,-26.0,-108.0,15.0,-10.0,-57.0,-21.0,41.0,-157.0,-35.480000000000004,-24.77,-36.45,32.32,-42.260000000000005,-80.34,5.970000000000001,-11.28,-57.59,-1.9400000000000013,8.57,-112.47
2025-08-11T17:26:59.067666,48.0,0.0,-28.0,-48.0,-43.0,12.0,-23.0,-5.0,-29.0,-103.0,23.0,-93.0,37.519999999999996,17.23,-30.45,-58.68,-59.260000000000005,39.66,-32.03,-6.28,-29.59,-83.94,-9.43,-48.47
2025-08-11T17:26:59.072125,31.0,45.0,-105.0,-51.0,37.0,11.0,-9.0,-110.0,-95.0,-53.0,72.0,-111.0,20.52,62.230000000000004,-107.45,-61.68,20.74,38.66,-18.03,-111.28,-95.59,-33.94,39.57,-66.47
2025-08-11T17:26:59.079940,98.0,0.0,-49.0,-13.0,8.0,11.0,11.0,9.0,-30.0,-21.0,27.0,-93.0,87.52,17.23,-51.45,-23.68,-8.260000000000002,38.66,1.9700000000000006,7.72,-30.59,-1.9400000000000013,-5.43,-48.47
2025-08-11T17:26:59.084369,105.0,-6.0,-32.0,45.0,63.0,-25.0,-12.0,72.0,-13.0,-33.0,78.0,-128.0,94.52,11.23,-34.45,34.32,46.739999999999995,2.66,-21.03,70.72,-13.59,-13.940000000000001,45.57,-83.47
2025-08-11T17:26:59.092204,89.0,-68.0,-41.0,17.0,56.0,-115.0,-21.0,5.0,-81.0,-39.0,93.0,-86.0,78.52,-50.769999999999996,-43.45,6.32,39.739999999999995,-87.34,-30.03,3.7199999999999998,-81.59,-19.94,60.57,-41.47
2025-08-11T17:26:59.096553,106.0,-27.0,-3.0,-87.0,38.0,-82.0,-24.0,26.0,-54.0,4.0,51.0,-117.0,95.52,-9.77,-5.45,-97.68,21.74,-54.34,-33.03,24.72,-54.59,23.06,18.57,-72.47
2025-08-11T17:26:59.104738,-11.0,-64.0,31.0,83.0,32.0,-36.0,0.0,124.0,-45.0,-45.0,-1.0,-139.0,-21.48,-46.769999999999996,28.55,72.32,15.739999999999998,-8.34,-9.03,122.72,-45.59,-25.94,-33.43,-94.47
2025-08-11T17:26:59.108793,-1.0,49.0,-53.0,-41.0,-18.0,-87.0,39.0,-38.0,-35.0,-79.0,56.0,-27.0,-11.48,66.23,-55.45,-51.68,-34.260000000000005,-59.34,29.97,-39.28,-35.59,-59.94,23.57,17.53
2025-08-11T17:26:59.116978,-31.0,3.0,-63.0,-54.0,-35.0,-16.0,-86.0,59.0,21.0,-3.0,76.0,-109.0,-41.480000000000004,20.23,-65.45,-64.68,-51.260000000000005,11.66,-95.03,57.72,20.41,16.06,43.57,-64.47
2025-08-11T17:26:59.121106,77.0,27.0,-93.0,39.0,66.0,-45.0,44.0,25.0,31.0,7.0,43.0,-50.0,66.52,44.230000000000004,-95.45,28.32,49.739999999999995,-17.34,34.97,23.72,30.41,26.06,10.57,-5.469999999999999
2025-08-11T17:26:59.129234,81.0,20.0,-68.0,16.0,71.0,-77.0,-9.0,-2.0,-35.0,-32.0,49.0,-103.0,70.52,37.230000000000004,-70.45,5.32,54.739999999999995,-49.34,-18.03,-3.2800000000000002,-35.59,-12.940000000000001,16.57,-58.47
2025-08-11T17:26:59.133215,48.0,2.0,12.0,23.0,-13.0,-50.0,-10.0,1.0,-56.0,4.0,77.0,-28.0,37.519999999999996,19.23,9.55,12.32,-29.26,-22.34,-19.03,-0.28,-56.59,23.06,44.57,16.53
2025-08-11T17:26:59.141399,44.0,-50.0,9.0,44.0,-32.0,-78.0,38.0,43.0,-67.0,-30.0,105.0,-53.0,33.519999999999996,-32.769999999999996,6.55,33.32,-48.260000000000005,-50.34,28.97,41.72,-67.59,-10.940000000000001,72.57,-8.469999999999999
2025-08-11T17:26:59.145587,42.0,-76.0,33.0,61.0,17.0,-100.0,8.0,-25.0,-56.0,21.0,96.0,-42.0,31.52,-58.769999999999996,30.55,50.32,0.7399999999999984,-72.34,-1.0299999999999994,-26.28,-56.59,40.06,63.57,2.530000000000001
2025-08-11T17:26:59.153500,26.0,-10.0,31.0,-15.0,29.0,-14.0,5.0,55.0,-64.0,-19.0,70.0,-96.0,15.52,7.23,28.55,-25.68,12.739999999999998,13.66,-4.029999999999999,53.72,-64.59,0.05999999999999872,37.57,-51.47
2025-08-11T17:26:59.158010,2.0,51.0,-18.0,-57.0,-28.0,-49.0,57.0,22.0,-14.0,104.0,62.0,-26.0,-8.48,68.23,-20.45,-67.68,-44.260000000000005,-21.34,47.97,20.72,-14.59,123.06,29.57,18.53
2025-08-11T17:26:59.165967,13.0,34.0,-76.0,-8.0,111.0,-79.0,53.0,8.0,-63.0,46.0,15.0,-96.0,2.5199999999999996,51.230000000000004,-78.45,-18.68,94.74,-51.34,43.97,6.72,-63.59,65.06,-17.43,-51.47
2025-08-11T17:26:59.170276,83.0,1.0,-64.0,30.0,-1.0,-21.0,-19.0,3.0,-11.0,-105.0,62.0,-22.0,72.52,18.23,-66.45,19.32,-17.26,6.66,-28.03,1.72,-11.59,-85.94,29.57,22.53
2025-08-11T17:26:59.178244,76.0,-1.0,-56.0,-20.0,-2.0,-47.0,37.0,-30.0,-9.0,18.0,31.0,-94.0,65.52,16.23,-58.45,-30.68,-18.26,-19.34,27.97,-31.28,-9.59,37.06,-1.4299999999999997,-49.47
2025-08-11T17:26:59.182523,61.0,19.0,-37.0,59.0,-27.0,-36.0,22.0,76.0,-73.0,-60.0,35.0,-99.0,50.519999999999996,36.230000000000004,-39.45,48.32,-43.260000000000005,-8.34,12.97,74.72,-73.59,-40.94,2.5700000000000003,-54.47
2025-08-11T17:26:59.190490,27.0,-56.0,-58.0,-3.0,-36.0,26.0,47.0,16.0,51.0,-16.0,22.0,-79.0,16.52,-38.769999999999996,-60.45,-13.68,-52.260000000000005,53.66,37.97,14.72,50.41,3.0599999999999987,-10.43,-34.47
2025-08-11T17:26:59.194730,84.0,-89.0,-37.0,-23.0,62.0,-45.0,18.0,78.0,-18.0,-55.0,73.0,-60.0,73.52,-71.77,-39.45,-33.68,45.739999999999995,-17.34,8.97,76.72,-18.59,-35.94,40.57,-15.469999999999999
2025-08-11T17:26:59.202812,-12.0,-33.0,-84.0,-45.0,0.0,-59.0,31.0,-2.0,16.0,-72.0,113.0,-89.0,-22.48,-15.77,-86.45,-55.68,-16.26,-31.34,21.97,-3.2800000000000002,15.41,-52.94,80.57,-44.47
2025-08-11T17:26:59.207192,10.0,8.0,-37.0,15.0,44.0,-27.0,25.0,10.0,43.0,-82.0,55.0,-58.0,-0.4800000000000004,25.23,-39.45,4.32,27.74,0.6600000000000001,15.97,8.72,42.41,-62.94,22.57,-13.469999999999999
2025-08-11T17:26:59.215072,43.0,87.0,-70.0,47.0,21.0,-108.0,3.0,-32.0,-39.0,-20.0,26.0,-49.0,32.519999999999996,104.23,-72.45,36.32,4.739999999999998,-80.34,-6.029999999999999,-33.28,-39.59,-0.9400000000000013,-6.43,-4.469999999999999
2025-08-11T17:26:59.219367,16.0,30.0,4.0,87.0,-4.0,-59.0,-8.0,-12.0,-48.0,1.0,99.0,-39.0,5.52,47.230000000000004,1.5499999999999998,76.32,-20.26,-31.34,-17.03,-13.28,-48.59,20.06,66.57,5.530000000000001
2025-08-11T17:26:59.227320,75.0,23.0,-50.0,-33.0,5.0,-129.0,0.0,-39.0,-1.0,-68.0,20.0,-31.0,64.52,40.230000000000004,-52.45,-43.68,-11.260000000000002,-101.34,-9.03,-40.28,-1.5899999999999999,-48.94,-12.43,13.530000000000001
2025-08-11T17:26:59.231614,74.0,22.0,-35.0,16.0,-45.0,-25.0,32.0,-33.0,-7.0,-31.0,-10.0,-77.0,63.519999999999996,39.230000000000004,-37.45,5.32,-61.260000000000005,2.66,22.97,-34.28,-7.59,-11.940000000000001,-42.43,-32.47
2025-08-11T17:26:59.239817,57.0,9.0,-65.0,7.0,-42.0,-97.0,-61.0,61.0,-60.0,-10.0,134.0,-59.0,46.519999999999996,26.23,-67.45,-3.6799999999999997,-58.260000000000005,-69.34,-70.03,59.72,-60.59,9.059999999999999,101.57,-14.469999999999999
2025-08-11T17:26:59.244040,73.0,2.0,37.0,-18.0,6.0,-18.0,-14.0,-71.0,-75.0,-24.0,51.0,-6.0,62.519999999999996,19.23,34.55,-28.68,-10.260000000000002,9.66,-23.03,-72.28,-75.59,-4.940000000000001,18.57,38.53
2025-08-11T17:26:59.248806,-11.0,0.0,-15.0,-52.0,18.0,-73.0,27.0,-56.0,73.0,-20.0,143.0,-43.0,-21.48,17.23,-17.45,-62.68,1.7399999999999984,-45.34,17.97,-57.28,72.41,-0.9400000000000013,110.57,1.5300000000000011
2025-08-11T17:26:59.256141,53.0,33.0,-27.0,23.0,42.0,-73.0,18.0,-11.0,-31.0,-62.0,88.0,-58.0,42.519999999999996,50.230000000000004,-29.45,12.32,25.74,-45.34,8.97,-12.28,-31.59,-42.94,55.57,-13.469999999999999
2025-08-11T17:26:59.260901,8.0,96.0,7.0,84.0,2.0,-58.0,89.0,-12.0,12.0,3.0,97.0,-17.0,-2.4800000000000004,113.23,4.55,73.32,-14.260000000000002,-30.34,79.97,-13.28,11.41,22.06,64.57,27.53
2025-08-11T17:26:59.268424,35.0,51.0,29.0,60.0,46.0,-69.0,49.0,-36.0,-65.0,8.0,107.0,-81.0,24.52,68.23,26.55,49.32,29.74,-41.34,39.97,-37.28,-65.59,27.06,74.57,-36.47
2025-08-11T17:26:59.273349,31.0,33.0,-55.0,35.0,35.0,-70.0,-8.0,-40.0,19.0,90.0,132.0,-55.0,20.52,50.230000000000004,-57.45,24.32,18.74,-42.34,-17.03,-41.28,18.41,109.06,99.57,-10.469999999999999
2025-08-11T17:26:59.280733,20.0,38.0,-53.0,106.0,-44.0,-65.0,6.0,-50.0,-2.0,15.0,58.0,-52.0,9.52,55.230000000000004,-55.45,95.32,-60.260000000000005,-37.34,-3.0299999999999994,-51.28,-2.59,34.06,25.57,-7.469999999999999
2025-08-11T17:26:59.285488,55.0,31.0,-36.0,53.0,1.0,-82.0,43.0,-22.0,15.0,55.0,49.0,-54.0,44.519999999999996,48.230000000000004,-38.45,42.32,-15.260000000000002,-54.34,33.97,-23.28,14.41,74.06,16.57,-9.469999999999999
2025-08-11T17:26:59.292963,86.0,42.0,14.0,130.0,23.0,-57.0,42.0,14.0,-66.0,5.0,82.0,-30.0,75.52,59.230000000000004,11.55,119.32,6.739999999999998,-29.34,32.97,12.72,-66.59,24.06,49.57,14.530000000000001
2025-08-11T17:26:59.297353,6.0,28.0,-3.0,108.0,53.0,-43.0,-8.0,-56.0,-72.0,18.0,59.0,-54.0,-4.48,45.230000000000004,-5.45,97.32,36.739999999999995,-15.34,-17.03,-57.28,-72.59,37.06,26.57,-9.469999999999999
2025-08-11T17:26:59.305325,49.0,-8.0,22.0,82.0,109.0,-81.0,50.0,-60.0,-70.0,43.0,93.0,-79.0,38.519999999999996,9.23,19.55,71.32,92.74,-53.34,40.97,-61.28,-70.59,62.06,60.57,-34.47
2025-08-11T17:26:59.309488,39.0,62.0,9.0,73.0,41.0,-90.0,27.0,1.0,34.0,77.0,143.0,-81.0,28.52,79.23,6.55,62.32,24.74,-62.34,17.97,-0.28,33.41,96.06,110.57,-36.47
2025-08-11T17:26:59.317490,55.0,88.0,-30.0,98.0,-20.0,-108.0,45.0,-27.0,-8.0,65.0,104.0,-117.0,44.519999999999996,105.23,-32.45,87.32,-36.260000000000005,-80.34,35.97,-28.28,-8.59,84.06,71.57,-72.47
2025-08-11T17:26:59.321707,6.0,58.0,-37.0,95.0,-8.0,-89.0,22.0,-83.0,-16.0,-15.0,64.0,-110.0,-4.48,75.23,-39.45,84.32,-24.26,-61.34,12.97,-84.28,-16.59,4.059999999999999,31.57,-65.47
2025-08-11T17:26:59.329959,84.0,116.0,-12.0,110.0,-10.0,-61.0,-3.0,-40.0,46.0,79.0,244.0,-16.0,73.52,133.23,-14.45,99.32,-26.26,-33.34,-12.03,-41.28,45.41,98.06,211.57,28.53
2025-08-11T17:26:59.334223,67.0,4.0,-91.0,111.0,57.0,-144.0,43.0,-29.0,-58.0,14.0,127.0,-35.0,56.519999999999996,21.23,-93.45,100.32,40.739999999999995,-116.34,33.97,-30.28,-58.59,33.06,94.57,9.530000000000001
2025-08-11T17:26:59.342129,98.0,38.0,-26.0,122.0,1.0,-44.0,31.0,19.0,-9.0,38.0,170.0,-107.0,87.52,55.230000000000004,-28.45,111.32,-15.260000000000002,-16.34,21.97,17.72,-9.59,57.06,137.57,-62.47
2025-08-11T17:26:59.346389,51.0,6.0,-37.0,73.0,-23.0,-114.0,-27.0,6.0,-34.0,32.0,90.0,-44.0,40.519999999999996,23.23,-39.45,62.32,-39.260000000000005,-86.34,-36.03,4.72,-34.59,51.06,57.57,0.5300000000000011
2025-08-11T17:26:59.354382,24.0,107.0,6.0,121.0,10.0,-58.0,47.0,-33.0,-44.0,14.0,127.0,-22.0,13.52,124.23,3.55,110.32,-6.260000000000002,-30.34,37.97,-34.28,-44.59,33.06,94.57,22.53
2025-08-11T17:26:59.358769,49.0,163.0,-119.0,46.0,38.0,-102.0,12.0,27.0,-59.0,124.0,123.0,-56.0,38.519999999999996,180.23,-121.45,35.32,21.74,-74.34,2.9700000000000006,25.72,-59.59,143.06,90.57,-11.469999999999999
2025-08-11T17:26:59.366655,51.0,50.0,-48.0,56.0,35.0,-75.0,9.0,-72.0,-25.0,89.0,82.0,22.0,40.519999999999996,67.23,-50.45,45.32,18.74,-47.34,-0.02999999999999936,-73.28,-25.59,108.06,49.57,66.53
2025-08-11T17:26:59.371627,128.0,58.0,9.0,90.0,31.0,-96.0,36.0,16.0,-8.0,121.0,52.0,-8.0,117.52,75.23,6.55,79.32,14.739999999999998,-68.34,26.97,14.72,-8.59,140.06,19.57,36.53
2025-08-11T17:26:59.379498,52.0,40.0,-63.0,101.0,49.0,-103.0,10.0,-22.0,-21.0,85.0,126.0,-76.0,41.519999999999996,57.230000000000004,-65.45,90.32,32.739999999999995,-75.34,0.9700000000000006,-23.28,-21.59,104.06,93.57,-31.47
2025-08-11T17:26:59.383794,115.0,131.0,-17.0,51.0,2.0,-62.0,7.0,26.0,0.0,48.0,134.0,-1.0,104.52,148.23,-19.45,40.32,-14.260000000000002,-34.34,-2.0299999999999994,24.72,-0.59,67.06,101.57,43.53
2025-08-11T17:26:59.391231,72.0,133.0,-33.0,50.0,-65.0,-31.0,-35.0,-8.0,7.0,110.0,62.0,-110.0,61.519999999999996,150.23,-35.45,39.32,-81.26,-3.34,-44.03,-9.28,6.41,129.06,29.57,-65.47
2025-08-11T17:26:59.396175,33.0,142.0,-32.0,50.0,78.0,-55.0,-62.0,-68.0,-51.0,106.0,50.0,-46.0,22.52,159.23,-34.45,39.32,61.739999999999995,-27.34,-71.03,-69.28,-51.59,125.06,17.57,-1.4699999999999989
2025-08-11T17:26:59.403588,186.0,82.0,-28.0,95.0,16.0,-131.0,-67.0,-19.0,-67.0,74.0,80.0,26.0,175.52,99.23,-30.45,84.32,-0.26000000000000156,-103.34,-76.03,-20.28,-67.59,93.06,47.57,70.53
2025-08-11T17:26:59.408454,110.0,54.0,-43.0,119.0,43.0,-116.0,-3.0,-21.0,-41.0,84.0,135.0,40.0,99.52,71.23,-45.45,108.32,26.74,-88.34,-12.03,-22.28,-41.59,103.06,102.57,84.53
2025-08-11T17:26:59.415903,51.0,-24.0,-38.0,156.0,-53.0,-118.0,-26.0,27.0,1.0,107.0,59.0,-30.0,40.519999999999996,-6.77,-40.45,145.32,-69.26,-90.34,-35.03,25.72,0.41000000000000003,126.06,26.57,14.530000000000001
2025-08-11T17:26:59.420675,-13.0,45.0,18.0,148.0,-36.0,-122.0,18.0,-84.0,15.0,4.0,112.0,0.0,-23.48,62.230000000000004,15.55,137.32,-52.260000000000005,-94.34,8.97,-85.28,14.41,23.06,79.57,44.53
2025-08-11T17:26:59.428327,39.0,112.0,-69.0,38.0,9.0,-44.0,-39.0,-19.0,-20.0,52.0,51.0,-5.0,28.52,129.23,-71.45,27.32,-7.260000000000002,-16.34,-48.03,-20.28,-20.59,71.06,18.57,39.53
2025-08-11T17:26:59.432941,142.0,55.0,-19.0,20.0,14.0,-35.0,37.0,-22.0,-19.0,86.0,24.0,-58.0,131.52,72.23,-21.45,9.32,-2.2600000000000016,-7.34,27.97,-23.28,-19.59,105.06,-8.43,-13.469999999999999
2025-08-11T17:26:59.440448,93.0,71.0,-63.0,-11.0,24.0,-76.0,-41.0,26.0,-27.0,31.0,38.0,54.0,82.52,88.23,-65.45,-21.68,7.739999999999998,-48.34,-50.03,24.72,-27.59,50.06,5.57,98.53
2025-08-11T17:26:59.445318,119.0,42.0,29.0,108.0,97.0,-94.0,5.0,-39.0,-8.0,131.0,111.0,32.0,108.52,59.230000000000004,26.55,97.32,80.74,-66.34,-4.029999999999999,-40.28,-8.59,150.06,78.57,76.53
2025-08-11T17:26:59.452779,20.0,29.0,-14.0,47.0,-1.0,-123.0,0.0,66.0,-61.0,103.0,44.0,10.0,9.52,46.230000000000004,-16.45,36.32,-17.26,-95.34,-9.03,64.72,-61.59,122.06,11.57,54.53
2025-08-11T17:26:59.457567,95.0,88.0,45.0,88.0,40.0,-48.0,-1.0,-33.0,20.0,123.0,64.0,9.0,84.52,105.23,42.55,77.32,23.74,-20.34,-10.03,-34.28,19.41,142.06,31.57,53.53
2025-08-11T17:26:59.465118,21.0,150.0,-48.0,79.0,14.0,-38.0,-37.0,-49.0,5.0,61.0,53.0,20.0,10.52,167.23,-50.45,68.32,-2.2600000000000016,-10.34,-46.03,-50.28,4.41,80.06,20.57,64.53
2025-08-11T17:26:59.473041,116.0,87.0,-115.0,73.0,27.0,-75.0,-25.0,-29.0,-22.0,99.0,61.0,20.0,105.52,104.23,-117.45,62.32,10.739999999999998,-47.34,-34.03,-30.28,-22.59,118.06,28.57,64.53
2025-08-11T17:26:59.477884,43.0,20.0,-52.0,12.0,31.0,-100.0,-1.0,11.0,-58.0,96.0,57.0,11.0,32.519999999999996,37.230000000000004,-54.45,1.3200000000000003,14.739999999999998,-72.34,-10.03,9.72,-58.59,115.06,24.57,55.53
2025-08-11T17:26:59.482152,107.0,64.0,16.0,13.0,93.0,-119.0,40.0,-17.0,-65.0,79.0,41.0,29.0,96.52,81.23,13.55,2.3200000000000003,76.74,-91.34,30.97,-18.28,-65.59,98.06,8.57,73.53
2025-08-11T17:26:59.489456,55.0,-20.0,-9.0,79.0,-45.0,-120.0,-31.0,1.0,-27.0,59.0,53.0,7.0,44.519999999999996,-2.7699999999999996,-11.45,68.32,-61.260000000000005,-92.34,-40.03,-0.28,-27.59,78.06,20.57,51.53
2025-08-11T17:26:59.497709,105.0,29.0,-69.0,106.0,-43.0,-102.0,-7.0,15.0,-64.0,47.0,73.0,18.0,94.52,46.230000000000004,-71.45,95.32,-59.260000000000005,-74.34,-16.03,13.72,-64.59,66.06,40.57,62.53
2025-08-11T17:26:59.501830,-8.0,32.0,-32.0,75.0,1.0,-90.0,4.0,-31.0,-49.0,79.0,57.0,-38.0,-18.48,49.230000000000004,-34.45,64.32,-15.260000000000002,-62.34,-5.029999999999999,-32.28,-49.59,98.06,24.57,6.530000000000001
2025-08-11T17:26:59.506650,27.0,142.0,-9.0,28.0,32.0,-124.0,44.0,-41.0,2.0,63.0,58.0,-45.0,16.52,159.23,-11.45,17.32,15.739999999999998,-96.34,34.97,-42.28,1.4100000000000001,82.06,25.57,-0.46999999999999886
2025-08-11T17:26:59.514069,-13.0,107.0,-62.0,73.0,63.0,-65.0,-40.0,17.0,-24.0,93.0,56.0,68.0,-23.48,124.23,-64.45,62.32,46.739999999999995,-37.34,-49.03,15.72,-24.59,112.06,23.57,112.53
2025-08-11T17:26:59.518991,94.0,173.0,-39.0,95.0,42.0,-149.0,-56.0,-22.0,6.0,41.0,80.0,-20.0,83.52,190.23,-41.45,84.32,25.74,-121.34,-65.03,-23.28,5.41,60.06,47.57,24.53
2025-08-11T17:26:59.526785,102.0,39.0,-66.0,122.0,31.0,-116.0,-49.0,13.0,39.0,-4.0,39.0,49.0,91.52,56.230000000000004,-68.45,111.32,14.739999999999998,-88.34,-58.03,11.72,38.41,15.059999999999999,6.57,93.53
2025-08-11T17:26:59.530953,97.0,59.0,-1.0,13.0,-34.0,-130.0,68.0,14.0,-12.0,67.0,39.0,-80.0,86.52,76.23,-3.45,2.3200000000000003,-50.260000000000005,-102.34,58.97,12.72,-12.59,86.06,6.57,-35.47
2025-08-11T17:26:59.538628,3.0,48.0,0.0,122.0,23.0,-127.0,-26.0,-34.0,-16.0,46.0,62.0,41.0,-7.48,65.23,-2.45,111.32,6.739999999999998,-99.34,-35.03,-35.28,-16.59,65.06,29.57,85.53
2025-08-11T17:26:59.543068,13.0,112.0,-56.0,31.0,-10.0,-101.0,-26.0,66.0,30.0,62.0,55.0,20.0,2.5199999999999996,129.23,-58.45,20.32,-26.26,-73.34,-35.03,64.72,29.41,81.06,22.57,64.53
2025-08-11T17:26:59.551130,14.0,149.0,-67.0,97.0,37.0,-107.0,-95.0,9.0,-59.0,110.0,78.0,45.0,3.5199999999999996,166.23,-69.45,86.32,20.74,-79.34,-104.03,7.72,-59.59,129.06,45.57,89.53
2025-08-11T17:26:59.555315,32.0,64.0,-33.0,4.0,17.0,-129.0,-64.0,-66.0,-12.0,91.0,61.0,-51.0,21.52,81.23,-35.45,-6.68,0.7399999999999984,-101.34,-73.03,-67.28,-12.59,110.06,28.57,-6.469999999999999
2025-08-11T17:26:59.563356,111.0,-43.0,-145.0,121.0,51.0,-109.0,-38.0,-21.0,-4.0,55.0,42.0,36.0,100.52,-25.77,-147.45,110.32,34.739999999999995,-81.34,-47.03,-22.28,-4.59,74.06,9.57,80.53
2025-08-11T17:26:59.571431,84.0,-4.0,-53.0,85.0,-51.0,-130.0,24.0,-38.0,-38.0,152.0,19.0,16.0,73.52,13.23,-55.45,74.32,-67.26,-102.34,14.97,-39.28,-38.59,171.06,-13.43,60.53
2025-08-11T17:26:59.575785,-6.0,-9.0,17.0,84.0,-11.0,-115.0,-37.0,-27.0,-17.0,92.0,36.0,22.0,-16.48,8.23,14.55,73.32,-27.26,-87.34,-46.03,-28.28,-17.59,111.06,3.5700000000000003,66.53
2025-08-11T17:26:59.579623,49.0,79.0,34.0,89.0,-51.0,-62.0,58.0,-35.0,7.0,65.0,72.0,-27.0,38.519999999999996,96.23,31.55,78.32,-67.26,-34.34,48.97,-36.28,6.41,84.06,39.57,17.53
2025-08-11T17:26:59.587955,47.0,145.0,11.0,47.0,-18.0,-33.0,13.0,-4.0,-45.0,39.0,88.0,-38.0,36.519999999999996,162.23,8.55,36.32,-34.260000000000005,-5.34,3.9700000000000006,-5.28,-45.59,58.06,55.57,6.530000000000001
2025-08-11T17:26:59.592005,-34.0,147.0,-27.0,24.0,-51.0,-80.0,9.0,-33.0,23.0,79.0,46.0,61.0,-44.480000000000004,164.23,-29.45,13.32,-67.26,-52.34,-0.02999999999999936,-34.28,22.41,98.06,13.57,105.53
2025-08-11T17:26:59.600167,108.0,130.0,-121.0,132.0,5.0,-101.0,8.0,10.0,-63.0,42.0,89.0,32.0,97.52,147.23,-123.45,121.32,-11.260000000000002,-73.34,-1.0299999999999994,8.72,-63.59,61.06,56.57,76.53
2025-08-11T17:26:59.604210,81.0,59.0,-72.0,111.0,-34.0,-123.0,6.0,15.0,12.0,116.0,31.0,3.0,70.52,76.23,-74.45,100.32,-50.260000000000005,-95.34,-3.0299999999999994,13.72,11.41,135.06,-1.4299999999999997,47.53
2025-08-11T17:26:59.612470,90.0,53.0,17.0,81.0,-6.0,-105.0,-41.0,-1.0,-8.0,36.0,55.0,56.0,79.52,70.23,14.55,70.32,-22.26,-77.34,-50.03,-2.2800000000000002,-8.59,55.06,22.57,100.53
2025-08-11T17:26:59.616564,66.0,36.0,5.0,43.0,13.0,-59.0,-18.0,12.0,-13.0,89.0,41.0,-19.0,55.519999999999996,53.230000000000004,2.55,32.32,-3.2600000000000016,-31.34,-27.03,10.72,-13.59,108.06,8.57,25.53
2025-08-11T17:26:59.624703,40.0,54.0,3.0,82.0,0.0,-111.0,6.0,19.0,24.0,96.0,49.0,-29.0,29.52,71.23,0.5499999999999998,71.32,-16.26,-83.34,-3.0299999999999994,17.72,23.41,115.06,16.57,15.530000000000001
2025-08-11T17:26:59.628823,6.0,132.0,17.0,14.0,12.0,-47.0,-28.0,4.0,-4.0,11.0,81.0,-14.0,-4.48,149.23,14.55,3.3200000000000003,-4.260000000000002,-19.34,-37.03,2.7199999999999998,-4.59,30.06,48.57,30.53
2025-08-11T17:26:59.637001,42.0,104.0,-69.0,0.0,36.0,-137.0,-3.0,-17.0,-20.0,74.0,56.0,71.0,31.52,121.23,-71.45,-10.68,19.74,-109.34,-12.03,-18.28,-20.59,93.06,23.57,115.53
2025-08-11T17:26:59.641233,1.0,41.0,-87.0,118.0,20.0,-99.0,-75.0,42.0,37.0,59.0,59.0,75.0,-9.48,58.230000000000004,-89.45,107.32,3.7399999999999984,-71.34,-84.03,40.72,36.41,78.06,26.57,119.53
2025-08-11T17:26:59.649442,126.0,121.0,-45.0,89.0,-44.0,-64.0,-74.0,-36.0,24.0,64.0,94.0,-7.0,115.52,138.23,-47.45,78.32,-60.260000000000005,-36.34,-83.03,-37.28,23.41,83.06,61.57,37.53
2025-08-11T17:26:59.653480,50.0,94.0,3.0,94.0,55.0,-116.0,-68.0,-62.0,-12.0,64.0,36.0,39.0,39.519999999999996,111.23,0.5499999999999998,83.32,38.739999999999995,-88.34,-77.03,-63.28,-12.59,83.06,3.5700000000000003,83.53
2025-08-11T17:26:59.661522,59.0,15.0,48.0,45.0,-17.0,-111.0,-11.0,2.0,-43.0,20.0,71.0,39.0,48.519999999999996,32.230000000000004,45.55,34.32,-33.260000000000005,-83.34,-20.03,0.72,-43.59,39.06,38.57,83.53
2025-08-11T17:26:59.665708,2.0,97.0,-11.0,40.0,30.0,-6.0,-19.0,24.0,-140.0,81.0,35.0,23.0,-8.48,114.23,-13.45,29.32,13.739999999999998,21.66,-28.03,22.72,-140.59,100.06,2.5700000000000003,67.53
2025-08-11T17:26:59.673929,59.0,45.0,-32.0,35.0,44.0,-106.0,-80.0,21.0,12.0,43.0,42.0,-4.0,48.519999999999996,62.230000000000004,-34.45,24.32,27.74,-78.34,-89.03,19.72,11.41,62.06,9.57,40.53
2025-08-11T17:26:59.678033,62.0,117.0,-60.0,132.0,21.0,-49.0,-20.0,93.0,-52.0,106.0,47.0,62.0,51.519999999999996,134.23,-62.45,121.32,4.739999999999998,-21.34,-29.03,91.72,-52.59,125.06,14.57,106.53
2025-08-11T17:26:59.686121,73.0,94.0,-45.0,62.0,-27.0,-91.0,-53.0,-9.0,-69.0,62.0,12.0,57.0,62.519999999999996,111.23,-47.45,51.32,-43.260000000000005,-63.34,-62.03,-10.28,-69.59,81.06,-20.43,101.53
2025-08-11T17:26:59.690295,105.0,46.0,-89.0,14.0,-8.0,-43.0,16.0,19.0,-38.0,65.0,93.0,-15.0,94.52,63.230000000000004,-91.45,3.3200000000000003,-24.26,-15.34,6.970000000000001,17.72,-38.59,84.06,60.57,29.53
2025-08-11T17:26:59.698433,102.0,8.0,22.0,34.0,72.0,-96.0,-39.0,36.0,-5.0,119.0,3.0,17.0,91.52,25.23,19.55,23.32,55.739999999999995,-68.34,-48.03,34.72,-5.59,138.06,-29.43,61.53
2025-08-11T17:26:59.702726,92.0,81.0,-13.0,53.0,75.0,-73.0,3.0,61.0,-44.0,98.0,61.0,4.0,81.52,98.23,-15.45,42.32,58.739999999999995,-45.34,-6.029999999999999,59.72,-44.59,117.06,28.57,48.53
2025-08-11T17:26:59.710858,120.0,79.0,-55.0,118.0,17.0,-29.0,-57.0,-27.0,-10.0,104.0,135.0,-31.0,109.52,96.23,-57.45,107.32,0.7399999999999984,-1.3399999999999999,-66.03,-28.28,-10.59,123.06,102.57,13.530000000000001
2025-08-11T17:26:59.715026,-15.0,101.0,39.0,69.0,-10.0,-87.0,-15.0,-22.0,-43.0,-8.0,45.0,47.0,-25.48,118.23,36.55,58.32,-26.26,-59.34,-24.03,-23.28,-43.59,11.059999999999999,12.57,91.53
2025-08-11T17:26:59.723005,75.0,110.0,-9.0,151.0,38.0,-146.0,-81.0,-28.0,-3.0,7.0,69.0,17.0,64.52,127.23,-11.45,140.32,21.74,-118.34,-90.03,-29.28,-3.59,26.06,36.57,61.53
2025-08-11T17:26:59.727285,127.0,116.0,-23.0,105.0,-45.0,-94.0,29.0,22.0,7.0,-45.0,59.0,21.0,116.52,133.23,-25.45,94.32,-61.260000000000005,-66.34,19.97,20.72,6.41,-25.94,26.57,65.53
2025-08-11T17:26:59.735267,97.0,9.0,-3.0,86.0,-31.0,-128.0,0.0,-2.0,5.0,-7.0,73.0,21.0,86.52,26.23,-5.45,75.32,-47.260000000000005,-100.34,-9.03,-3.2800000000000002,4.41,12.059999999999999,40.57,65.53
2025-08-11T17:26:59.739664,192.0,34.0,-105.0,74.0,25.0,-100.0,-14.0,-14.0,-9.0,62.0,86.0,-7.0,181.52,51.230000000000004,-107.45,63.32,8.739999999999998,-72.34,-23.03,-15.28,-9.59,81.06,53.57,37.53
2025-08-11T17:26:59.747562,15.0,41.0,-14.0,46.0,3.0,-153.0,-93.0,-39.0,13.0,71.0,97.0,29.0,4.52,58.230000000000004,-16.45,35.32,-13.260000000000002,-125.34,-102.03,-40.28,12.41,90.06,64.57,73.53
2025-08-11T17:26:59.751824,41.0,47.0,32.0,82.0,42.0,-99.0,-2.0,1.0,-25.0,54.0,34.0,27.0,30.52,64.23,29.55,71.32,25.74,-71.34,-11.03,-0.28,-25.59,73.06,1.5700000000000003,71.53
2025-08-11T17:26:59.759733,-4.0,51.0,-44.0,43.0,24.0,-77.0,33.0,32.0,6.0,28.0,35.0,16.0,-14.48,68.23,-46.45,32.32,7.739999999999998,-49.34,23.97,30.72,5.41,47.06,2.5700000000000003,60.53
2025-08-11T17:26:59.764075,64.0,-24.0,-1.0,58.0,42.0,-83.0,-29.0,-53.0,17.0,74.0,62.0,-62.0,53.519999999999996,-6.77,-3.45,47.32,25.74,-55.34,-38.03,-54.28,16.41,93.06,29.57,-17.47
2025-08-11T17:26:59.772107,8.0,113.0,-11.0,60.0,50.0,-121.0,-70.0,-54.0,5.0,70.0,12.0,25.0,-2.4800000000000004,130.23,-13.45,49.32,33.739999999999995,-93.34,-79.03,-55.28,4.41,89.06,-20.43,69.53
2025-08-11T17:26:59.776412,49.0,88.0,-41.0,162.0,47.0,-163.0,-29.0,-46.0,-13.0,62.0,17.0,5.0,38.519999999999996,105.23,-43.45,151.32,30.74,-135.34,-38.03,-47.28,-13.59,81.06,-15.43,49.53
2025-08-11T17:26:59.784429,44.0,108.0,-99.0,126.0,-57.0,-57.0,13.0,-50.0,60.0,18.0,98.0,14.0,33.519999999999996,125.23,-101.45,115.32,-73.26,-29.34,3.9700000000000006,-51.28,59.41,37.06,65.57,58.53
2025-08-11T17:26:59.788750,131.0,27.0,-37.0,82.0,11.0,-70.0,-20.0,-1.0,-53.0,143.0,44.0,47.0,120.52,44.230000000000004,-39.45,71.32,-5.260000000000002,-42.34,-29.03,-2.2800000000000002,-53.59,162.06,11.57,91.53
2025-08-11T17:26:59.796649,78.0,66.0,15.0,53.0,48.0,-88.0,-5.0,4.0,-28.0,96.0,38.0,26.0,67.52,83.23,12.55,42.32,31.74,-60.34,-14.03,2.7199999999999998,-28.59,115.06,5.57,70.53
2025-08-11T17:26:59.801062,148.0,-30.0,9.0,94.0,1.0,-50.0,-38.0,0.0,-98.0,55.0,88.0,18.0,137.52,-12.77,6.55,83.32,-15.260000000000002,-22.34,-47.03,-1.28,-98.59,74.06,55.57,62.53
2025-08-11T17:26:59.809122,100.0,66.0,-69.0,80.0,55.0,-111.0,21.0,27.0,-30.0,38.0,90.0,-21.0,89.52,83.23,-71.45,69.32,38.739999999999995,-83.34,11.97,25.72,-30.59,57.06,57.57,23.53
2025-08-11T17:26:59.813279,-30.0,33.0,-60.0,1.0,72.0,-86.0,-27.0,29.0,25.0,24.0,51.0,-2.0,-40.480000000000004,50.230000000000004,-62.45,-9.68,55.739999999999995,-58.34,-36.03,27.72,24.41,43.06,18.57,42.53
2025-08-11T17:26:59.821218,-1.0,30.0,29.0,87.0,92.0,-165.0,-47.0,-24.0,-43.0,51.0,107.0,2.0,-11.48,47.230000000000004,26.55,76.32,75.74,-137.34,-56.03,-25.28,-43.59,70.06,74.57,46.53
2025-08-11T17:26:59.825504,40.0,87.0,-16.0,61.0,52.0,-160.0,-20.0,-9.0,-57.0,93.0,106.0,71.0,29.52,104.23,-18.45,50.32,35.739999999999995,-132.34,-29.03,-10.28,-57.59,112.06,73.57,115.53
2025-08-11T17:26:59.833546,16.0,125.0,-50.0,103.0,-39.0,-68.0,-23.0,-46.0,30.0,68.0,-3.0,31.0,5.52,142.23,-52.45,92.32,-55.260000000000005,-40.34,-32.03,-47.28,29.41,87.06,-35.43,75.53
2025-08-11T17:26:59.837766,55.0,146.0,-141.0,35.0,-3.0,-98.0,-45.0,-58.0,7.0,37.0,41.0,-32.0,44.519999999999996,163.23,-143.45,24.32,-19.26,-70.34,-54.03,-59.28,6.41,56.06,8.57,12.530000000000001
2025-08-11T17:26:59.845843,70.0,27.0,-95.0,65.0,-8.0,-90.0,-53.0,-3.0,15.0,37.0,6.0,-3.0,59.519999999999996,44.230000000000004,-97.45,54.32,-24.26,-62.34,-62.03,-4.28,14.41,56.06,-26.43,41.53
2025-08-11T17:26:59.850054,106.0,53.0,-67.0,74.0,41.0,-45.0,-41.0,-10.0,54.0,29.0,43.0,-41.0,95.52,70.23,-69.45,63.32,24.74,-17.34,-50.03,-11.28,53.41,48.06,10.57,3.530000000000001
2025-08-11T17:26:59.858070,116.0,91.0,15.0,7.0,31.0,-177.0,22.0,3.0,-4.0,92.0,28.0,-4.0,105.52,108.23,12.55,-3.6799999999999997,14.739999999999998,-149.34,12.97,1.72,-4.59,111.06,-4.43,40.53
2025-08-11T17:26:59.862434,72.0,107.0,-66.0,66.0,-9.0,-123.0,14.0,-8.0,-16.0,22.0,100.0,-31.0,61.519999999999996,124.23,-68.45,55.32,-25.26,-95.34,4.970000000000001,-9.28,-16.59,41.06,67.57,13.530000000000001
2025-08-11T17:26:59.870378,67.0,48.0,24.0,112.0,72.0,-94.0,10.0,-27.0,-26.0,47.0,114.0,10.0,56.519999999999996,65.23,21.55,101.32,55.739999999999995,-66.34,0.9700000000000006,-28.28,-26.59,66.06,81.57,54.53
2025-08-11T17:26:59.874657,-23.0,93.0,-26.0,102.0,25.0,-89.0,-58.0,-23.0,52.0,43.0,91.0,-39.0,-33.480000000000004,110.23,-28.45,91.32,8.739999999999998,-61.34,-67.03,-24.28,51.41,62.06,58.57,5.530000000000001
2025-08-11T17:26:59.882795,-27.0,184.0,-78.0,111.0,-2.0,-103.0,-68.0,32.0,14.0,107.0,139.0,-65.0,-37.480000000000004,201.23,-80.45,100.32,-18.26,-75.34,-77.03,30.72,13.41,126.06,106.57,-20.47
2025-08-11T17:26:59.887031,85.0,84.0,-60.0,90.0,42.0,-92.0,17.0,-39.0,33.0,92.0,81.0,-61.0,74.52,101.23,-62.45,79.32,25.74,-64.34,7.970000000000001,-40.28,32.41,111.06,48.57,-16.47
2025-08-11T17:26:59.895113,104.0,51.0,-11.0,-13.0,-13.0,-124.0,-46.0,-50.0,39.0,38.0,102.0,-1.0,93.52,68.23,-13.45,-23.68,-29.26,-96.34,-55.03,-51.28,38.41,57.06,69.57,43.53
2025-08-11T17:26:59.899314,-33.0,52.0,-25.0,79.0,-13.0,-186.0,-4.0,-15.0,-20.0,90.0,72.0,5.0,-43.480000000000004,69.23,-27.45,68.32,-29.26,-158.34,-13.03,-16.28,-20.59,109.06,39.57,49.53
2025-08-11T17:26:59.907177,-13.0,92.0,-1.0,111.0,-29.0,-117.0,40.0,2.0,59.0,42.0,49.0,-61.0,-23.48,109.23,-3.45,100.32,-45.260000000000005,-89.34,30.97,0.72,58.41,61.06,16.57,-16.47
2025-08-11T17:26:59.911552,12.0,85.0,-95.0,64.0,5.0,-55.0,-19.0,-13.0,20.0,50.0,20.0,-16.0,1.5199999999999996,102.23,-97.45,53.32,-11.260000000000002,-27.34,-28.03,-14.28,19.41,69.06,-12.43,28.53
2025-08-11T17:26:59.919636,117.0,170.0,-133.0,62.0,3.0,-45.0,-60.0,-1.0,8.0,32.0,70.0,5.0,106.52,187.23,-135.45,51.32,-13.260000000000002,-17.34,-69.03,-2.2800000000000002,7.41,51.06,37.57,49.53
2025-08-11T17:26:59.923891,51.0,110.0,-16.0,65.0,17.0,-100.0,-47.0,43.0,18.0,1.0,86.0,-20.0,40.519999999999996,127.23,-18.45,54.32,0.7399999999999984,-72.34,-56.03,41.72,17.41,20.06,53.57,24.53
2025-08-11T17:26:59.931850,41.0,76.0,-78.0,48.0,-80.0,-133.0,-58.0,-82.0,-5.0,-20.0,64.0,-44.0,30.52,93.23,-80.45,37.32,-96.26,-105.34,-67.03,-83.28,-5.59,-0.9400000000000013,31.57,0.5300000000000011
2025-08-11T17:26:59.936177,34.0,33.0,-36.0,139.0,-24.0,-135.0,32.0,-23.0,-3.0,117.0,36.0,-54.0,23.52,50.230000000000004,-38.45,128.32,-40.260000000000005,-107.34,22.97,-24.28,-3.59,136.06,3.5700000000000003,-9.469999999999999
2025-08-11T17:26:59.944170,-35.0,-37.0,-23.0,82.0,-52.0,-132.0,-46.0,26.0,45.0,14.0,-6.0,-34.0,-45.480000000000004,-19.77,-25.45,71.32,-68.26,-104.34,-55.03,24.72,44.41,33.06,-38.43,10.530000000000001
2025-08-11T17:26:59.948363,67.0,129.0,21.0,92.0,-31.0,-24.0,32.0,-13.0,99.0,78.0,17.0,-20.0,56.519999999999996,146.23,18.55,81.32,-47.260000000000005,3.66,22.97,-14.28,98.41,97.06,-15.43,24.53
2025-08-11T17:26:59.956457,18.0,102.0,-91.0,60.0,-10.0,-132.0,-48.0,25.0,-35.0,28.0,140.0,-41.0,7.52,119.23,-93.45,49.32,-26.26,-104.34,-57.03,23.72,-35.59,47.06,107.57,3.530000000000001
2025-08-11T17:26:59.960665,69.0,136.0,-43.0,24.0,-8.0,-92.0,17.0,-43.0,-18.0,-15.0,57.0,-50.0,58.519999999999996,153.23,-45.45,13.32,-24.26,-64.34,7.970000000000001,-44.28,-18.59,4.059999999999999,24.57,-5.469999999999999
2025-08-11T17:26:59.968682,96.0,42.0,-20.0,64.0,9.0,-113.0,-35.0,12.0,11.0,65.0,34.0,-21.0,85.52,59.230000000000004,-22.45,53.32,-7.260000000000002,-85.34,-44.03,10.72,10.41,84.06,1.5700000000000003,23.53
2025-08-11T17:26:59.973012,70.0,1.0,-29.0,77.0,21.0,-108.0,28.0,40.0,-21.0,96.0,48.0,-26.0,59.519999999999996,18.23,-31.45,66.32,4.739999999999998,-80.34,18.97,38.72,-21.59,115.06,15.57,18.53
2025-08-11T17:26:59.981076,20.0,34.0,20.0,108.0,4.0,-86.0,-42.0,-19.0,-85.0,93.0,44.0,-10.0,9.52,51.230000000000004,17.55,97.32,-12.260000000000002,-58.34,-51.03,-20.28,-85.59,112.06,11.57,34.53
2025-08-11T17:26:59.985258,-32.0,125.0,-16.0,31.0,-20.0,-93.0,39.0,0.0,-1.0,72.0,61.0,-73.0,-42.480000000000004,142.23,-18.45,20.32,-36.260000000000005,-65.34,29.97,-1.28,-1.5899999999999999,91.06,28.57,-28.47
2025-08-11T17:26:59.993208,23.0,147.0,-64.0,48.0,63.0,-14.0,-72.0,2.0,13.0,2.0,-39.0,-20.0,12.52,164.23,-66.45,37.32,46.739999999999995,13.66,-81.03,0.72,12.41,21.06,-71.43,24.53
2025-08-11T17:26:59.997474,42.0,156.0,-93.0,30.0,46.0,-118.0,-55.0,24.0,-17.0,72.0,42.0,2.0,31.52,173.23,-95.45,19.32,29.74,-90.34,-64.03,22.72,-17.59,91.06,9.57,46.53
2025-08-11T17:27:00.005518,64.0,54.0,-87.0,62.0,38.0,-135.0,-17.0,-54.0,-63.0,80.0,66.0,-25.0,53.519999999999996,71.23,-89.45,51.32,21.74,-107.34,-26.03,-55.28,-63.59,99.06,33.57,19.53
2025-08-11T17:27:00.009887,80.0,46.0,-36.0,38.0,-49.0,-135.0,-58.0,-41.0,-19.0,1.0,117.0,-14.0,69.52,63.230000000000004,-38.45,27.32,-65.26,-107.34,-67.03,-42.28,-19.59,20.06,84.57,30.53
2025-08-11T17:27:00.017876,49.0,56.0,-19.0,101.0,-30.0,-9.0,14.0,20.0,-25.0,36.0,43.0,-62.0,38.519999999999996,73.23,-21.45,90.32,-46.260000000000005,18.66,4.970000000000001,18.72,-25.59,55.06,10.57,-17.47
2025-08-11T17:27:00.022057,61.0,132.0,-32.0,119.0,2.0,-44.0,-47.0,13.0,-37.0,10.0,69.0,-101.0,50.519999999999996,149.23,-34.45,108.32,-14.260000000000002,-16.34,-56.03,11.72,-37.59,29.06,36.57,-56.47
2025-08-11T17:27:00.030166,24.0,53.0,-48.0,55.0,-26.0,-104.0,3.0,13.0,-65.0,50.0,27.0,-41.0,13.52,70.23,-50.45,44.32,-42.260000000000005,-76.34,-6.029999999999999,11.72,-65.59,69.06,-5.43,3.530000000000001
2025-08-11T17:27:00.034446,36.0,54.0,-101.0,80.0,64.0,-116.0,-59.0,15.0,-16.0,48.0,29.0,-110.0,25.52,71.23,-103.45,69.32,47.739999999999995,-88.34,-68.03,13.72,-16.59,67.06,-3.4299999999999997,-65.47
2025-08-11T17:27:00.042437,59.0,14.0,-27.0,85.0,7.0,-139.0,-24.0,51.0,-85.0,92.0,117.0,-158.0,48.519999999999996,31.23,-29.45,74.32,-9.260000000000002,-111.34,-33.03,49.72,-85.59,111.06,84.57,-113.47
2025-08-11T17:27:00.046682,53.0,55.0,-59.0,94.0,-30.0,-146.0,46.0,58.0,-83.0,20.0,37.0,-70.0,42.519999999999996,72.23,-61.45,83.32,-46.260000000000005,-118.34,36.97,56.72,-83.59,39.06,4.57,-25.47
2025-08-11T17:27:00.054813,42.0,67.0,15.0,73.0,-53.0,-134.0,27.0,-55.0,-51.0,-5.0,38.0,-64.0,31.52,84.23,12.55,62.32,-69.26,-106.34,17.97,-56.28,-51.59,14.059999999999999,5.57,-19.47
2025-08-11T17:27:00.059112,14.0,66.0,-28.0,-107.0,-50.0,-39.0,-1.0,13.0,-81.0,32.0,1.0,-33.0,3.5199999999999996,83.23,-30.45,-117.68,-66.26,-11.34,-10.03,11.72,-81.59,51.06,-31.43,11.530000000000001
2025-08-11T17:27:00.066986,22.0,88.0,-92.0,45.0,-11.0,-80.0,-25.0,19.0,-69.0,-26.0,97.0,-26.0,11.52,105.23,-94.45,34.32,-27.26,-52.34,-34.03,17.72,-69.59,-6.940000000000001,64.57,18.53
2025-08-11T17:27:00.071418,33.0,79.0,-96.0,8.0,1.0,-99.0,-42.0,-43.0,-52.0,5.0,16.0,-98.0,22.52,96.23,-98.45,-2.6799999999999997,-15.260000000000002,-71.34,-51.03,-44.28,-52.59,24.06,-16.43,-53.47
2025-08-11T17:27:00.079382,80.0,39.0,-82.0,-20.0,-8.0,-96.0,9.0,-53.0,-30.0,-30.0,20.0,-64.0,69.52,56.230000000000004,-84.45,-30.68,-24.26,-68.34,-0.02999999999999936,-54.28,-30.59,-10.940000000000001,-12.43,-19.47
2025-08-11T17:27:00.083566,94.0,30.0,-14.0,6.0,44.0,-21.0,68.0,-10.0,-53.0,-48.0,44.0,-66.0,83.52,47.230000000000004,-16.45,-4.68,27.74,6.66,58.97,-11.28,-53.59,-28.94,11.57,-21.47
2025-08-11T17:27:00.091503,21.0,38.0,-90.0,59.0,-9.0,-20.0,-21.0,-61.0,-84.0,-5.0,18.0,-78.0,10.52,55.230000000000004,-92.45,48.32,-25.26,7.66,-30.03,-62.28,-84.59,14.059999999999999,-14.43,-33.47
2025-08-11T17:27:00.095818,59.0,-73.0,-83.0,84.0,-1.0,8.0,-36.0,3.0,-27.0,-10.0,72.0,-89.0,48.519999999999996,-55.769999999999996,-85.45,73.32,-17.26,35.66,-45.03,1.72,-27.59,9.059999999999999,39.57,-44.47
2025-08-11T17:27:00.100770,-5.0,-5.0,-80.0,-16.0,-36.0,-80.0,-8.0,-37.0,-55.0,-45.0,53.0,-59.0,-15.48,12.23,-82.45,-26.68,-52.260000000000005,-52.34,-17.03,-38.28,-55.59,-25.94,20.57,-14.469999999999999
2025-08-11T17:27:00.107907,88.0,-26.0,-71.0,21.0,-18.0,-10.0,18.0,-49.0,-19.0,1.0,52.0,-114.0,77.52,-8.77,-73.45,10.32,-34.260000000000005,17.66,8.97,-50.28,-19.59,20.06,19.57,-69.47
2025-08-11T17:27:00.112918,58.0,-44.0,-17.0,-8.0,53.0,-80.0,8.0,-25.0,-53.0,-62.0,77.0,-65.0,47.519999999999996,-26.77,-19.45,-18.68,36.739999999999995,-52.34,-1.0299999999999994,-26.28,-53.59,-42.94,44.57,-20.47
2025-08-11T17:27:00.120332,18.0,1.0,-19.0,15.0,46.0,-61.0,39.0,16.0,-11.0,-34.0,7.0,-106.0,7.52,18.23,-21.45,4.32,29.74,-33.34,29.97,14.72,-11.59,-14.940000000000001,-25.43,-61.47
2025-08-11T17:27:00.125241,37.0,-16.0,-65.0,55.0,72.0,-57.0,-37.0,-26.0,23.0,-91.0,26.0,-59.0,26.52,1.2300000000000004,-67.45,44.32,55.739999999999995,-29.34,-46.03,-27.28,22.41,-71.94,-6.43,-14.469999999999999
2025-08-11T17:27:00.132506,6.0,60.0,-5.0,54.0,57.0,-66.0,-7.0,15.0,-9.0,-15.0,80.0,-83.0,-4.48,77.23,-7.45,43.32,40.739999999999995,-38.34,-16.03,13.72,-9.59,4.059999999999999,47.57,-38.47
2025-08-11T17:27:00.136908,51.0,51.0,-40.0,-54.0,12.0,-112.0,7.0,-28.0,-60.0,-52.0,83.0,-42.0,40.519999999999996,68.23,-42.45,-64.68,-4.260000000000002,-84.34,-2.0299999999999994,-29.28,-60.59,-32.94,50.57,2.530000000000001
2025-08-11T17:27:00.144871,7.0,47.0,-37.0,5.0,14.0,-44.0,6.0,-32.0,57.0,-32.0,122.0,-38.0,-3.4800000000000004,64.23,-39.45,-5.68,-2.2600000000000016,-16.34,-3.0299999999999994,-33.28,56.41,-12.940000000000001,89.57,6.530000000000001
2025-08-11T17:27:00.149096,132.0,-20.0,-37.0,-8.0,1.0,-62.0,27.0,8.0,-119.0,-56.0,115.0,-25.0,121.52,-2.7699999999999996,-39.45,-18.68,-15.260000000000002,-34.34,17.97,6.72,-119.59,-36.94,82.57,19.53
2025-08-11T17:27:00.157090,27.0,-4.0,-38.0,41.0,53.0,-67.0,-48.0,35.0,-68.0,-74.0,60.0,-68.0,16.52,13.23,-40.45,30.32,36.739999999999995,-39.34,-57.03,33.72,-68.59,-54.94,27.57,-23.47
2025-08-11T17:27:00.161389,93.0,-29.0,-35.0,37.0,65.0,-69.0,-36.0,18.0,-71.0,-34.0,27.0,-46.0,82.52,-11.77,-37.45,26.32,48.739999999999995,-41.34,-45.03,16.72,-71.59,-14.940000000000001,-5.43,-1.4699999999999989
2025-08-11T17:27:00.169414,20.0,-73.0,-39.0,7.0,104.0,-39.0,83.0,-1.0,-21.0,-30.0,45.0,-58.0,9.52,-55.769999999999996,-41.45,-3.6799999999999997,87.74,-11.34,73.97,-2.2800000000000002,-21.59,-10.940000000000001,12.57,-13.469999999999999
2025-08-11T17:27:00.173602,78.0,61.0,34.0,27.0,29.0,-53.0,-15.0,-34.0,-48.0,-9.0,0.0,-29.0,67.52,78.23,31.55,16.32,12.739999999999998,-25.34,-24.03,-35.28,-48.59,10.059999999999999,-32.43,15.530000000000001
2025-08-11T17:27:00.181836,-15.0,95.0,-83.0,54.0,-52.0,-50.0,40.0,-5.0,-46.0,-98.0,89.0,-18.0,-25.48,112.23,-85.45,43.32,-68.26,-22.34,30.97,-6.28,-46.59,-78.94,56.57,26.53
2025-08-11T17:27:00.186089,65.0,60.0,-81.0,7.0,-22.0,-66.0,-47.0,16.0,-27.0,-63.0,71.0,-22.0,54.519999999999996,77.23,-83.45,-3.6799999999999997,-38.260000000000005,-38.34,-56.03,14.72,-27.59,-43.94,38.57,22.53
2025-08-11T17:27:00.193979,38.0,-98.0,-49.0,44.0,58.0,-47.0,4.0,-6.0,-6.0,-31.0,72.0,-75.0,27.52,-80.77,-51.45,33.32,41.739999999999995,-19.34,-5.029999999999999,-7.28,-6.59,-11.940000000000001,39.57,-30.47
2025-08-11T17:27:00.198272,44.0,-29.0,-39.0,23.0,88.0,-59.0,48.0,-22.0,1.0,5.0,7.0,-14.0,33.519999999999996,-11.77,-41.45,12.32,71.74,-31.34,38.97,-23.28,0.41000000000000003,24.06,-25.43,30.53
2025-08-11T17:27:00.206330,140.0,-61.0,-65.0,-55.0,54.0,-19.0,44.0,-4.0,-29.0,27.0,-15.0,-41.0,129.52,-43.769999999999996,-67.45,-65.68,37.739999999999995,8.66,34.97,-5.28,-29.59,46.06,-47.43,3.530000000000001
2025-08-11T17:27:00.210547,9.0,14.0,13.0,72.0,74.0,-77.0,34.0,16.0,-43.0,-36.0,-52.0,25.0,-1.4800000000000004,31.23,10.55,61.32,57.739999999999995,-49.34,24.97,14.72,-43.59,-16.94,-84.43,69.53
2025-08-11T17:27:00.218465,56.0,-61.0,-29.0,28.0,-18.0,-96.0,80.0,2.0,24.0,-43.0,-2.0,-29.0,45.519999999999996,-43.769999999999996,-31.45,17.32,-34.260000000000005,-68.34,70.97,0.72,23.41,-23.94,-34.43,15.530000000000001
2025-08-11T17:27:00.222909,100.0,-79.0,-13.0,-25.0,3.0,-70.0,39.0,-16.0,-33.0,-30.0,-25.0,-42.0,89.52,-61.769999999999996,-15.45,-35.68,-13.260000000000002,-42.34,29.97,-17.28,-33.59,-10.940000000000001,-57.43,2.530000000000001
2025-08-11T17:27:00.230958,46.0,-46.0,11.0,4.0,14.0,-49.0,-27.0,-38.0,-16.0,-14.0,39.0,-15.0,35.519999999999996,-28.77,8.55,-6.68,-2.2600000000000016,-21.34,-36.03,-39.28,-16.59,5.059999999999999,6.57,29.53
2025-08-11T17:27:00.235106,57.0,-22.0,-23.0,-21.0,13.0,-68.0,-40.0,-21.0,-39.0,-8.0,-24.0,-39.0,46.519999999999996,-4.77,-25.45,-31.68,-3.2600000000000016,-40.34,-49.03,-22.28,-39.59,11.059999999999999,-56.43,5.530000000000001
2025-08-11T17:27:00.243062,21.0,55.0,-105.0,10.0,40.0,-33.0,-59.0,-1.0,7.0,32.0,-21.0,-52.0,10.52,72.23,-107.45,-0.6799999999999997,23.74,-5.34,-68.03,-2.2800000000000002,6.41,51.06,-53.43,-7.469999999999999
2025-08-11T17:27:00.247438,83.0,66.0,-27.0,-32.0,85.0,-55.0,53.0,38.0,-39.0,-54.0,-9.0,-23.0,72.52,83.23,-29.45,-42.68,68.74,-27.34,43.97,36.72,-39.59,-34.94,-41.43,21.53
2025-08-11T17:27:00.255436,28.0,-62.0,-43.0,-9.0,31.0,-44.0,37.0,3.0,-64.0,-55.0,-30.0,-46.0,17.52,-44.769999999999996,-45.45,-19.68,14.739999999999998,-16.34,27.97,1.72,-64.59,-35.94,-62.43,-1.4699999999999989
2025-08-11T17:27:00.259579,100.0,-29.0,-52.0,2.0,-13.0,-47.0,24.0,48.0,-58.0,-49.0,12.0,-42.0,89.52,-11.77,-54.45,-8.68,-29.26,-19.34,14.97,46.72,-58.59,-29.94,-20.43,2.530000000000001
2025-08-11T17:27:00.267771,57.0,23.0,-52.0,46.0,24.0,-9.0,5.0,35.0,-46.0,-33.0,20.0,-20.0,46.519999999999996,40.230000000000004,-54.45,35.32,7.739999999999998,18.66,-4.029999999999999,33.72,-46.59,-13.940000000000001,-12.43,24.53
2025-08-11T17:27:00.272008,-5.0,-37.0,35.0,-11.0,-58.0,-20.0,-10.0,17.0,-42.0,-41.0,7.0,-6.0,-15.48,-19.77,32.55,-21.68,-74.26,7.66,-19.03,15.72,-42.59,-21.94,-25.43,38.53
2025-08-11T17:27:00.279915,-22.0,56.0,34.0,-1.0,77.0,-84.0,122.0,63.0,-30.0,-61.0,4.0,18.0,-32.480000000000004,73.23,31.55,-11.68,60.739999999999995,-56.34,112.97,61.72,-30.59,-41.94,-28.43,62.53
2025-08-11T17:27:00.284188,-3.0,-13.0,19.0,-19.0,-38.0,-53.0,10.0,23.0,-49.0,-57.0,-1.0,-6.0,-13.48,4.23,16.55,-29.68,-54.260000000000005,-25.34,0.9700000000000006,21.72,-49.59,-37.94,-33.43,38.53
2025-08-11T17:27:00.292272,-39.0,-18.0,-5.0,23.0,14.0,-68.0,38.0,-63.0,-30.0,-67.0,57.0,-10.0,-49.480000000000004,-0.7699999999999996,-7.45,12.32,-2.2600000000000016,-40.34,28.97,-64.28,-30.59,-47.94,24.57,34.53
2025-08-11T17:27:00.296469,116.0,-17.0,-10.0,92.0,6.0,-31.0,-7.0,-6.0,-25.0,-41.0,-33.0,-81.0,105.52,0.23000000000000043,-12.45,81.32,-10.260000000000002,-3.34,-16.03,-7.28,-25.59,-21.94,-65.43,-36.47
2025-08-11T17:27:00.300710,61.0,-49.0,-73.0,40.0,24.0,12.0,21.0,43.0,-48.0,-31.0,68.0,-24.0,50.519999999999996,-31.77,-75.45,29.32,7.739999999999998,39.66,11.97,41.72,-48.59,-11.940000000000001,35.57,20.53
2025-08-11T17:27:00.308858,101.0,7.0,11.0,19.0,-26.0,-102.0,15.0,-24.0,20.0,4.0,11.0,-6.0,90.52,24.23,8.55,8.32,-42.260000000000005,-74.34,5.970000000000001,-25.28,19.41,23.06,-21.43,38.53
2025-08-11T17:27:00.312879,54.0,-45.0,-30.0,-56.0,21.0,-37.0,-31.0,7.0,-50.0,-50.0,22.0,-7.0,43.519999999999996,-27.77,-32.45,-66.68,4.739999999999998,-9.34,-40.03,5.72,-50.59,-30.94,-10.43,37.53
2025-08-11T17:27:00.321229,-16.0,-60.0,-24.0,-17.0,46.0,-60.0,61.0,-15.0,18.0,-86.0,33.0,-16.0,-26.48,-42.769999999999996,-26.45,-27.68,29.74,-32.34,51.97,-16.28,17.41,-66.94,0.5700000000000003,28.53
2025-08-11T17:27:00.326682,48.0,23.0,-31.0,74.0,103.0,-104.0,42.0,25.0,-9.0,-27.0,-6.0,-48.0,37.519999999999996,40.230000000000004,-33.45,63.32,86.74,-76.34,32.97,23.72,-9.59,-7.940000000000001,-38.43,-3.469999999999999
2025-08-11T17:27:00.333822,-20.0,13.0,-60.0,32.0,-36.0,-59.0,29.0,-17.0,-13.0,-94.0,8.0,-33.0,-30.48,30.23,-62.45,21.32,-52.260000000000005,-31.34,19.97,-18.28,-13.59,-74.94,-24.43,11.530000000000001
2025-08-11T17:27:00.338101,17.0,-8.0,-66.0,42.0,15.0,-83.0,-25.0,92.0,2.0,-5.0,-45.0,-55.0,6.52,9.23,-68.45,31.32,-1.2600000000000016,-55.34,-34.03,90.72,1.4100000000000001,14.059999999999999,-77.43,-10.469999999999999
2025-08-11T17:27:00.345629,58.0,21.0,-73.0,67.0,-1.0,-20.0,-33.0,37.0,-13.0,18.0,-11.0,-72.0,47.519999999999996,38.230000000000004,-75.45,56.32,-17.26,7.66,-42.03,35.72,-13.59,37.06,-43.43,-27.47
2025-08-11T17:27:00.350381,95.0,-51.0,-36.0,-16.0,66.0,-1.0,-37.0,-58.0,-38.0,33.0,9.0,-38.0,84.52,-33.769999999999996,-38.45,-26.68,49.739999999999995,26.66,-46.03,-59.28,-38.59,52.06,-23.43,6.530000000000001
2025-08-11T17:27:00.357931,107.0,-14.0,-10.0,-36.0,1.0,23.0,43.0,27.0,25.0,14.0,-1.0,-29.0,96.52,3.2300000000000004,-12.45,-46.68,-15.260000000000002,50.66,33.97,25.72,24.41,33.06,-33.43,15.530000000000001
2025-08-11T17:27:00.362726,44.0,20.0,-61.0,54.0,70.0,-64.0,19.0,-29.0,-7.0,-3.0,46.0,-62.0,33.519999999999996,37.230000000000004,-63.45,43.32,53.739999999999995,-36.34,9.97,-30.28,-7.59,16.06,13.57,-17.47
2025-08-11T17:27:00.370155,-24.0,-65.0,-92.0,89.0,73.0,-19.0,10.0,54.0,-25.0,13.0,-57.0,-19.0,-34.480000000000004,-47.769999999999996,-94.45,78.32,56.739999999999995,8.66,0.9700000000000006,52.72,-25.59,32.06,-89.43,25.53
2025-08-11T17:27:00.374988,34.0,47.0,19.0,-3.0,24.0,-118.0,57.0,-24.0,-15.0,-6.0,-38.0,-28.0,23.52,64.23,16.55,-13.68,7.739999999999998,-90.34,47.97,-25.28,-15.59,13.059999999999999,-70.43,16.53
2025-08-11T17:27:00.382240,31.0,54.0,-59.0,57.0,15.0,-14.0,2.0,-23.0,2.0,11.0,-22.0,-15.0,20.52,71.23,-61.45,46.32,-1.2600000000000016,13.66,-7.029999999999999,-24.28,1.4100000000000001,30.06,-54.43,29.53
2025-08-11T17:27:00.386739,86.0,100.0,-112.0,10.0,-39.0,-29.0,-26.0,19.0,3.0,38.0,4.0,-21.0,75.52,117.23,-114.45,-0.6799999999999997,-55.260000000000005,-1.3399999999999999,-35.03,17.72,2.41,57.06,-28.43,23.53
2025-08-11T17:27:00.394850,84.0,-4.0,-126.0,-51.0,44.0,-2.0,85.0,40.0,20.0,-3.0,21.0,-37.0,73.52,13.23,-128.45,-61.68,27.74,25.66,75.97,38.72,19.41,16.06,-11.43,7.530000000000001
2025-08-11T17:27:00.399104,59.0,-20.0,-51.0,2.0,35.0,-133.0,-11.0,20.0,-6.0,2.0,-27.0,-30.0,48.519999999999996,-2.7699999999999996,-53.45,-8.68,18.74,-105.34,-20.03,18.72,-6.59,21.06,-59.43,14.530000000000001
2025-08-11T17:27:00.407131,65.0,-71.0,-94.0,35.0,45.0,-70.0,81.0,18.0,9.0,5.0,-4.0,-80.0,54.519999999999996,-53.769999999999996,-96.45,24.32,28.74,-42.34,71.97,16.72,8.41,24.06,-36.43,-35.47
2025-08-11T17:27:00.411408,98.0,-28.0,-53.0,26.0,43.0,-106.0,74.0,-20.0,-21.0,-30.0,-37.0,7.0,87.52,-10.77,-55.45,15.32,26.74,-78.34,64.97,-21.28,-21.59,-10.940000000000001,-69.43,51.53
2025-08-11T17:27:00.419187,24.0,-10.0,51.0,94.0,21.0,-14.0,9.0,-36.0,21.0,1.0,22.0,3.0,13.52,7.23,48.55,83.32,4.739999999999998,13.66,-0.02999999999999936,-37.28,20.41,20.06,-10.43,47.53
2025-08-11T17:27:00.423694,91.0,-59.0,16.0,66.0,39.0,-73.0,7.0,11.0,-28.0,93.0,-24.0,-6.0,80.52,-41.769999999999996,13.55,55.32,22.74,-45.34,-2.0299999999999994,9.72,-28.59,112.06,-56.43,38.53
2025-08-11T17:27:00.431584,51.0,-43.0,-52.0,22.0,-1.0,-106.0,47.0,-104.0,-15.0,38.0,31.0,-23.0,40.519999999999996,-25.77,-54.45,11.32,-17.26,-78.34,37.97,-105.28,-15.59,57.06,-1.4299999999999997,21.53
2025-08-11T17:27:00.435774,36.0,-98.0,-5.0,-89.0,-2.0,-1.0,-15.0,72.0,-11.0,-59.0,-7.0,-69.0,25.52,-80.77,-7.45,-99.68,-18.26,26.66,-24.03,70.72,-11.59,-39.94,-39.43,-24.47
2025-08-11T17:27:00.443913,26.0,-5.0,13.0,5.0,-9.0,32.0,10.0,2.0,-55.0,15.0,13.0,17.0,15.52,12.23,10.55,-5.68,-25.26,59.66,0.9700000000000006,0.72,-55.59,34.06,-19.43,61.53
2025-08-11T17:27:00.448179,31.0,-50.0,-82.0,18.0,-3.0,-38.0,-33.0,0.0,-34.0,-32.0,-18.0,-4.0,20.52,-32.769999999999996,-84.45,7.32,-19.26,-10.34,-42.03,-1.28,-34.59,-12.940000000000001,-50.43,40.53
2025-08-11T17:27:00.456273,-37.0,-5.0,5.0,9.0,-20.0,-63.0,-35.0,-36.0,16.0,5.0,10.0,-42.0,-47.480000000000004,12.23,2.55,-1.6799999999999997,-36.260000000000005,-35.34,-44.03,-37.28,15.41,24.06,-22.43,2.530000000000001
2025-08-11T17:27:00.460306,28.0,-86.0,2.0,-56.0,32.0,-17.0,-62.0,20.0,-24.0,22.0,20.0,-95.0,17.52,-68.77,-0.4500000000000002,-66.68,15.739999999999998,10.66,-71.03,18.72,-24.59,41.06,-12.43,-50.47
2025-08-11T17:27:00.464430,30.0,32.0,2.0,2.0,86.0,-44.0,-53.0,4.0,-48.0,-8.0,29.0,-101.0,19.52,49.230000000000004,-0.4500000000000002,-8.68,69.74,-16.34,-62.03,2.7199999999999998,-48.59,11.059999999999999,-3.4299999999999997,-56.47
2025-08-11T17:27:00.472579,13.0,53.0,-61.0,-91.0,86.0,-19.0,-81.0,-41.0,50.0,10.0,82.0,-32.0,2.5199999999999996,70.23,-63.45,-101.68,69.74,8.66,-90.03,-42.28,49.41,29.06,49.57,12.530000000000001
2025-08-11T17:27:00.476645,20.0,16.0,-40.0,16.0,11.0,-101.0,-30.0,-26.0,-47.0,64.0,33.0,-67.0,9.52,33.230000000000004,-42.45,5.32,-5.260000000000002,-73.34,-39.03,-27.28,-47.59,83.06,0.5700000000000003,-22.47
2025-08-11T17:27:00.484771,78.0,90.0,2.0,23.0,8.0,-64.0,-48.0,6.0,-29.0,35.0,43.0,-88.0,67.52,107.23,-0.4500000000000002,12.32,-8.260000000000002,-36.34,-57.03,4.72,-29.59,54.06,10.57,-43.47
2025-08-11T17:27:00.489000,137.0,7.0,-48.0,75.0,12.0,-93.0,-26.0,86.0,6.0,-31.0,82.0,-85.0,126.52,24.23,-50.45,64.32,-4.260000000000002,-65.34,-35.03,84.72,5.41,-11.940000000000001,49.57,-40.47
2025-08-11T17:27:00.497229,47.0,18.0,-104.0,26.0,-15.0,-95.0,13.0,39.0,9.0,-42.0,80.0,-76.0,36.519999999999996,35.230000000000004,-106.45,15.32,-31.26,-67.34,3.9700000000000006,37.72,8.41,-22.94,47.57,-31.47
2025-08-11T17:27:00.501272,125.0,-37.0,-16.0,71.0,-24.0,-18.0,1.0,9.0,-5.0,-46.0,54.0,-109.0,114.52,-19.77,-18.45,60.32,-40.260000000000005,9.66,-8.03,7.72,-5.59,-26.94,21.57,-64.47
2025-08-11T17:27:00.509389,75.0,-18.0,24.0,2.0,-17.0,-27.0,-35.0,4.0,9.0,-70.0,58.0,-45.0,64.52,-0.7699999999999996,21.55,-8.68,-33.260000000000005,0.6600000000000001,-44.03,2.7199999999999998,8.41,-50.94,25.57,-0.46999999999999886
2025-08-11T17:27:00.513655,81.0,-71.0,16.0,28.0,38.0,-25.0,43.0,18.0,12.0,-15.0,92.0,-95.0,70.52,-53.769999999999996,13.55,17.32,21.74,2.66,33.97,16.72,11.41,4.059999999999999,59.57,-50.47
2025-08-11T17:27:00.521918,36.0,-35.0,-94.0,-15.0,10.0,-75.0,-27.0,13.0,-34.0,-14.0,43.0,-95.0,25.52,-17.77,-96.45,-25.68,-6.260000000000002,-47.34,-36.03,11.72,-34.59,5.059999999999999,10.57,-50.47
2025-08-11T17:27:00.525923,-4.0,-33.0,-30.0,39.0,25.0,-62.0,24.0,9.0,-50.0,16.0,54.0,-104.0,-14.48,-15.77,-32.45,28.32,8.739999999999998,-34.34,14.97,7.72,-50.59,35.06,21.57,-59.47
2025-08-11T17:27:00.534120,-23.0,-3.0,-85.0,47.0,-69.0,-41.0,12.0,-66.0,-48.0,-52.0,34.0,-102.0,-33.480000000000004,14.23,-87.45,36.32,-85.26,-13.34,2.9700000000000006,-67.28,-48.59,-32.94,1.5700000000000003,-57.47
2025-08-11T17:27:00.538377,135.0,9.0,-58.0,25.0,39.0,2.0,-70.0,-11.0,-36.0,-80.0,96.0,-76.0,124.52,26.23,-60.45,14.32,22.74,29.66,-79.03,-12.28,-36.59,-60.94,63.57,-31.47
2025-08-11T17:27:00.546364,26.0,-32.0,-31.0,25.0,-2.0,-45.0,-30.0,-39.0,-51.0,3.0,55.0,-69.0,15.52,-14.77,-33.45,14.32,-18.26,-17.34,-39.03,-40.28,-51.59,22.06,22.57,-24.47
2025-08-11T17:27:00.550563,94.0,-103.0,-61.0,52.0,46.0,-37.0,6.0,44.0,-23.0,-36.0,29.0,-98.0,83.52,-85.77,-63.45,41.32,29.74,-9.34,-3.0299999999999994,42.72,-23.59,-16.94,-3.4299999999999997,-53.47
2025-08-11T17:27:00.558531,46.0,-4.0,32.0,11.0,39.0,-107.0,38.0,34.0,-54.0,-78.0,75.0,-80.0,35.519999999999996,13.23,29.55,0.3200000000000003,22.74,-79.34,28.97,32.72,-54.59,-58.94,42.57,-35.47
2025-08-11T17:27:00.562917,1.0,-37.0,-22.0,56.0,44.0,-80.0,24.0,-23.0,-82.0,2.0,72.0,-91.0,-9.48,-19.77,-24.45,45.32,27.74,-52.34,14.97,-24.28,-82.59,21.06,39.57,-46.47
2025-08-11T17:27:00.570828,-45.0,-20.0,57.0,46.0,-25.0,-31.0,98.0,17.0,-77.0,-26.0,12.0,-89.0,-55.480000000000004,-2.7699999999999996,54.55,35.32,-41.260000000000005,-3.34,88.97,15.72,-77.59,-6.940000000000001,-20.43,-44.47
2025-08-11T17:27:00.575189,4.0,29.0,4.0,-52.0,82.0,-46.0,-34.0,4.0,-15.0,-71.0,149.0,-68.0,-6.48,46.230000000000004,1.5499999999999998,-62.68,65.74,-18.34,-43.03,2.7199999999999998,-15.59,-51.94,116.57,-23.47
2025-08-11T17:27:00.583271,-13.0,-3.0,38.0,106.0,73.0,-54.0,51.0,64.0,-22.0,-45.0,86.0,-136.0,-23.48,14.23,35.55,95.32,56.739999999999995,-26.34,41.97,62.72,-22.59,-25.94,53.57,-91.47
2025-08-11T17:27:00.587463,-27.0,52.0,-77.0,4.0,8.0,-65.0,28.0,34.0,-63.0,-37.0,45.0,-105.0,-37.480000000000004,69.23,-79.45,-6.68,-8.260000000000002,-37.34,18.97,32.72,-63.59,-17.94,12.57,-60.47
2025-08-11T17:27:00.595425,41.0,16.0,-73.0,44.0,84.0,-65.0,-14.0,-4.0,-18.0,-52.0,94.0,-96.0,30.52,33.230000000000004,-75.45,33.32,67.74,-37.34,-23.03,-5.28,-18.59,-32.94,61.57,-51.47
2025-08-11T17:27:00.599796,27.0,-10.0,-66.0,74.0,65.0,-134.0,39.0,1.0,-49.0,-35.0,28.0,-74.0,16.52,7.23,-68.45,63.32,48.739999999999995,-106.34,29.97,-0.28,-49.59,-15.940000000000001,-4.43,-29.47
2025-08-11T17:27:00.607822,65.0,-65.0,-12.0,22.0,28.0,-51.0,-33.0,-73.0,-6.0,3.0,51.0,-121.0,54.519999999999996,-47.769999999999996,-14.45,11.32,11.739999999999998,-23.34,-42.03,-74.28,-6.59,22.06,18.57,-76.47
2025-08-11T17:27:00.611946,67.0,-57.0,0.0,52.0,-57.0,-14.0,57.0,55.0,-48.0,-82.0,74.0,-53.0,56.519999999999996,-39.769999999999996,-2.45,41.32,-73.26,13.66,47.97,53.72,-48.59,-62.94,41.57,-8.469999999999999
2025-08-11T17:27:00.620011,-24.0,27.0,-6.0,14.0,-13.0,-17.0,75.0,-5.0,-19.0,-44.0,38.0,-142.0,-34.480000000000004,44.230000000000004,-8.45,3.3200000000000003,-29.26,10.66,65.97,-6.28,-19.59,-24.94,5.57,-97.47
2025-08-11T17:27:00.624388,-13.0,24.0,3.0,14.0,42.0,21.0,-37.0,46.0,15.0,37.0,36.0,-52.0,-23.48,41.230000000000004,0.5499999999999998,3.3200000000000003,25.74,48.66,-46.03,44.72,14.41,56.06,3.5700000000000003,-7.469999999999999
2025-08-11T17:27:00.632431,120.0,59.0,-59.0,24.0,5.0,-110.0,6.0,-32.0,-18.0,-45.0,124.0,-107.0,109.52,76.23,-61.45,13.32,-11.260000000000002,-82.34,-3.0299999999999994,-33.28,-18.59,-25.94,91.57,-62.47
2025-08-11T17:27:00.636719,18.0,-12.0,-71.0,10.0,52.0,-79.0,-60.0,-11.0,-22.0,-32.0,89.0,-112.0,7.52,5.23,-73.45,-0.6799999999999997,35.739999999999995,-51.34,-69.03,-12.28,-22.59,-12.940000000000001,56.57,-67.47
2025-08-11T17:27:00.644546,70.0,-67.0,50.0,20.0,10.0,-15.0,-3.0,21.0,-20.0,-26.0,46.0,-70.0,59.519999999999996,-49.769999999999996,47.55,9.32,-6.260000000000002,12.66,-12.03,19.72,-20.59,-6.940000000000001,13.57,-25.47
2025-08-11T17:27:00.648697,-69.0,-78.0,-2.0,-3.0,41.0,-63.0,-47.0,-29.0,16.0,-64.0,92.0,-70.0,-79.48,-60.769999999999996,-4.45,-13.68,24.74,-35.34,-56.03,-30.28,15.41,-44.94,59.57,-25.47
2025-08-11T17:27:00.656756,-13.0,-96.0,-7.0,29.0,-17.0,-66.0,-90.0,-11.0,-59.0,-45.0,41.0,-115.0,-23.48,-78.77,-9.45,18.32,-33.260000000000005,-38.34,-99.03,-12.28,-59.59,-25.94,8.57,-70.47
2025-08-11T17:27:00.661073,-8.0,45.0,-15.0,3.0,40.0,-25.0,7.0,40.0,-32.0,-44.0,85.0,-75.0,-18.48,62.230000000000004,-17.45,-7.68,23.74,2.66,-2.0299999999999994,38.72,-32.59,-24.94,52.57,-30.47
2025-08-11T17:27:00.668929,-3.0,53.0,43.0,36.0,-8.0,-47.0,4.0,-7.0,-14.0,-47.0,90.0,-108.0,-13.48,70.23,40.55,25.32,-24.26,-19.34,-5.029999999999999,-8.28,-14.59,-27.94,57.57,-63.47
2025-08-11T17:27:00.673336,4.0,52.0,6.0,18.0,14.0,-75.0,-36.0,-63.0,-35.0,-67.0,42.0,-75.0,-6.48,69.23,3.55,7.32,-2.2600000000000016,-47.34,-45.03,-64.28,-35.59,-47.94,9.57,-30.47
2025-08-11T17:27:00.681338,3.0,41.0,-38.0,-20.0,48.0,-20.0,26.0,54.0,-23.0,13.0,104.0,-13.0,-7.48,58.230000000000004,-40.45,-30.68,31.74,7.66,16.97,52.72,-23.59,32.06,71.57,31.53
2025-08-11T17:27:00.685605,0.0,18.0,-79.0,37.0,-15.0,-82.0,-53.0,4.0,-77.0,-63.0,-18.0,-48.0,-10.48,35.230000000000004,-81.45,26.32,-31.26,-54.34,-62.03,2.7199999999999998,-77.59,-43.94,-50.43,-3.469999999999999
2025-08-11T17:27:00.693698,12.0,74.0,-67.0,-4.0,-15.0,-51.0,-39.0,-22.0,-41.0,-65.0,73.0,-89.0,1.5199999999999996,91.23,-69.45,-14.68,-31.26,-23.34,-48.03,-23.28,-41.59,-45.94,40.57,-44.47
2025-08-11T17:27:00.698087,76.0,-3.0,-20.0,-13.0,-34.0,26.0,-35.0,45.0,-41.0,-39.0,48.0,-104.0,65.52,14.23,-22.45,-23.68,-50.260000000000005,53.66,-44.03,43.72,-41.59,-19.94,15.57,-59.47
2025-08-11T17:27:00.706170,169.0,-55.0,-52.0,15.0,9.0,-24.0,-25.0,-45.0,-64.0,-67.0,116.0,-98.0,158.52,-37.769999999999996,-54.45,4.32,-7.260000000000002,3.66,-34.03,-46.28,-64.59,-47.94,83.57,-53.47
2025-08-11T17:27:00.710203,46.0,-21.0,-65.0,18.0,-9.0,-54.0,-10.0,-18.0,-24.0,-96.0,92.0,-80.0,35.519999999999996,-3.7699999999999996,-67.45,7.32,-25.26,-26.34,-19.03,-19.28,-24.59,-76.94,59.57,-35.47
2025-08-11T17:27:00.718221,19.0,-28.0,-1.0,-2.0,33.0,-51.0,19.0,-27.0,-114.0,-25.0,69.0,-98.0,8.52,-10.77,-3.45,-12.68,16.74,-23.34,9.97,-28.28,-114.59,-5.940000000000001,36.57,-53.47
2025-08-11T17:27:00.722629,56.0,50.0,-43.0,87.0,-15.0,-41.0,3.0,-12.0,-31.0,-50.0,77.0,-103.0,45.519999999999996,67.23,-45.45,76.32,-31.26,-13.34,-6.029999999999999,-13.28,-31.59,-30.94,44.57,-58.47
2025-08-11T17:27:00.726777,11.0,-14.0,-24.0,18.0,10.0,-92.0,39.0,91.0,-39.0,-43.0,44.0,-83.0,0.5199999999999996,3.2300000000000004,-26.45,7.32,-6.260000000000002,-64.34,29.97,89.72,-39.59,-23.94,11.57,-38.47
2025-08-11T17:27:00.734683,30.0,33.0,-53.0,42.0,8.0,-77.0,10.0,46.0,31.0,-57.0,99.0,-97.0,19.52,50.230000000000004,-55.45,31.32,-8.260000000000002,-49.34,0.9700000000000006,44.72,30.41,-37.94,66.57,-52.47
2025-08-11T17:27:00.742626,100.0,99.0,-130.0,-88.0,-5.0,-17.0,6.0,19.0,-68.0,-72.0,55.0,-113.0,89.52,116.23,-132.45,-98.68,-21.26,10.66,-3.0299999999999994,17.72,-68.59,-52.94,22.57,-68.47
2025-08-11T17:27:00.747088,83.0,-38.0,-54.0,-3.0,-2.0,-34.0,-84.0,-12.0,21.0,15.0,53.0,-118.0,72.52,-20.77,-56.45,-13.68,-18.26,-6.34,-93.03,-13.28,20.41,34.06,20.57,-73.47
2025-08-11T17:27:00.751077,90.0,-70.0,-8.0,-45.0,31.0,-77.0,76.0,21.0,-50.0,30.0,62.0,-116.0,79.52,-52.769999999999996,-10.45,-55.68,14.739999999999998,-49.34,66.97,19.72,-50.59,49.06,29.57,-71.47
2025-08-11T17:27:00.759408,4.0,13.0,26.0,86.0,10.0,-75.0,12.0,-10.0,-34.0,-64.0,57.0,-55.0,-6.48,30.23,23.55,75.32,-6.260000000000002,-47.34,2.9700000000000006,-11.28,-34.59,-44.94,24.57,-10.469999999999999
2025-08-11T17:27:00.763324,41.0,-86.0,-44.0,101.0,18.0,-83.0,53.0,42.0,-33.0,-49.0,73.0,-28.0,30.52,-68.77,-46.45,90.32,1.7399999999999984,-55.34,43.97,40.72,-33.59,-29.94,40.57,16.53
2025-08-11T17:27:00.771480,-31.0,14.0,35.0,0.0,31.0,-28.0,22.0,-12.0,-50.0,-43.0,89.0,-85.0,-41.480000000000004,31.23,32.55,-10.68,14.739999999999998,-0.33999999999999986,12.97,-13.28,-50.59,-23.94,56.57,-40.47
2025-08-11T17:27:00.775878,-7.0,18.0,-76.0,-12.0,42.0,-55.0,4.0,29.0,-8.0,16.0,69.0,-107.0,-17.48,35.230000000000004,-78.45,-22.68,25.74,-27.34,-5.029999999999999,27.72,-8.59,35.06,36.57,-62.47
2025-08-11T17:27:00.783811,-39.0,-32.0,-80.0,14.0,49.0,-42.0,49.0,-38.0,-21.0,-117.0,13.0,-69.0,-49.480000000000004,-14.77,-82.45,3.3200000000000003,32.739999999999995,-14.34,39.97,-39.28,-21.59,-97.94,-19.43,-24.47
2025-08-11T17:27:00.787922,104.0,-6.0,-63.0,15.0,-34.0,-63.0,-28.0,32.0,-85.0,2.0,77.0,-37.0,93.52,11.23,-65.45,4.32,-50.260000000000005,-35.34,-37.03,30.72,-85.59,21.06,44.57,7.530000000000001
2025-08-11T17:27:00.796085,93.0,-19.0,-40.0,23.0,68.0,-48.0,10.0,32.0,-16.0,26.0,82.0,-132.0,82.52,-1.7699999999999996,-42.45,12.32,51.739999999999995,-20.34,0.9700000000000006,30.72,-16.59,45.06,49.57,-87.47
2025-08-11T17:27:00.800258,82.0,-40.0,-21.0,72.0,-24.0,-44.0,46.0,-25.0,-17.0,-25.0,54.0,-101.0,71.52,-22.77,-23.45,61.32,-40.260000000000005,-16.34,36.97,-26.28,-17.59,-5.940000000000001,21.57,-56.47
2025-08-11T17:27:00.808425,35.0,5.0,67.0,100.0,-64.0,-47.0,-41.0,0.0,-94.0,-67.0,57.0,-120.0,24.52,22.23,64.55,89.32,-80.26,-19.34,-50.03,-1.28,-94.59,-47.94,24.57,-75.47
2025-08-11T17:27:00.812656,-32.0,37.0,-4.0,-30.0,-1.0,-90.0,24.0,-3.0,-70.0,12.0,98.0,-101.0,-42.480000000000004,54.230000000000004,-6.45,-40.68,-17.26,-62.34,14.97,-4.28,-70.59,31.06,65.57,-56.47
2025-08-11T17:27:00.820565,50.0,77.0,4.0,3.0,-34.0,-39.0,29.0,44.0,-29.0,-96.0,22.0,-63.0,39.519999999999996,94.23,1.5499999999999998,-7.68,-50.260000000000005,-11.34,19.97,42.72,-29.59,-76.94,-10.43,-18.47
2025-08-11T17:27:00.824806,-54.0,21.0,-53.0,-3.0,22.0,-27.0,-8.0,6.0,-17.0,6.0,45.0,-98.0,-64.48,38.230000000000004,-55.45,-13.68,5.739999999999998,0.6600000000000001,-17.03,4.72,-17.59,25.06,12.57,-53.47
2025-08-11T17:27:00.832860,-4.0,32.0,-27.0,-98.0,42.0,-93.0,-62.0,38.0,11.0,-44.0,73.0,-60.0,-14.48,49.230000000000004,-29.45,-108.68,25.74,-65.34,-71.03,36.72,10.41,-24.94,40.57,-15.469999999999999
2025-08-11T17:27:00.837158,5.0,66.0,-44.0,49.0,-2.0,-69.0,7.0,2.0,-13.0,-44.0,62.0,-71.0,-5.48,83.23,-46.45,38.32,-18.26,-41.34,-2.0299999999999994,0.72,-13.59,-24.94,29.57,-26.47
2025-08-11T17:27:00.845203,-21.0,-9.0,-119.0,18.0,-12.0,-109.0,-9.0,-74.0,-46.0,-57.0,53.0,-1.0,-31.48,8.23,-121.45,7.32,-28.26,-81.34,-18.03,-75.28,-46.59,-37.94,20.57,43.53
2025-08-11T17:27:00.849410,75.0,36.0,-100.0,59.0,19.0,-116.0,-26.0,4.0,-44.0,-66.0,8.0,-4.0,64.52,53.230000000000004,-102.45,48.32,2.7399999999999984,-88.34,-35.03,2.7199999999999998,-44.59,-46.94,-24.43,40.53
2025-08-11T17:27:00.857498,69.0,-59.0,-46.0,31.0,-57.0,-53.0,72.0,-22.0,-57.0,-55.0,68.0,-62.0,58.519999999999996,-41.769999999999996,-48.45,20.32,-73.26,-25.34,62.97,-23.28,-57.59,-35.94,35.57,-17.47
2025-08-11T17:27:00.861677,44.0,17.0,-12.0,4.0,-10.0,-4.0,19.0,29.0,-37.0,-40.0,125.0,-28.0,33.519999999999996,34.230000000000004,-14.45,-6.68,-26.26,23.66,9.97,27.72,-37.59,-20.94,92.57,16.53
2025-08-11T17:27:00.869962,53.0,55.0,-44.0,-33.0,16.0,-19.0,18.0,-35.0,-16.0,-52.0,42.0,-7.0,42.519999999999996,72.23,-46.45,-43.68,-0.26000000000000156,8.66,8.97,-36.28,-16.59,-32.94,9.57,37.53
2025-08-11T17:27:00.874032,47.0,62.0,-33.0,5.0,64.0,-82.0,22.0,45.0,-85.0,-39.0,-3.0,-36.0,36.519999999999996,79.23,-35.45,-5.68,47.739999999999995,-54.34,12.97,43.72,-85.59,-19.94,-35.43,8.530000000000001
2025-08-11T17:27:00.882059,31.0,57.0,-17.0,59.0,61.0,-35.0,86.0,13.0,-19.0,-5.0,61.0,-44.0,20.52,74.23,-19.45,48.32,44.739999999999995,-7.34,76.97,11.72,-19.59,14.059999999999999,28.57,0.5300000000000011
2025-08-11T17:27:00.886294,-26.0,-44.0,-117.0,84.0,-3.0,-61.0,-9.0,9.0,-42.0,-5.0,61.0,20.0,-36.480000000000004,-26.77,-119.45,73.32,-19.26,-33.34,-18.03,7.72,-42.59,14.059999999999999,28.57,64.53
2025-08-11T17:27:00.894365,21.0,16.0,-20.0,8.0,12.0,-83.0,2.0,-44.0,-62.0,-29.0,19.0,-2.0,10.52,33.230000000000004,-22.45,-2.6799999999999997,-4.260000000000002,-55.34,-7.029999999999999,-45.28,-62.59,-9.940000000000001,-13.43,42.53
2025-08-11T17:27:00.898634,48.0,13.0,-66.0,51.0,25.0,-114.0,83.0,-7.0,-19.0,12.0,-45.0,-38.0,37.519999999999996,30.23,-68.45,40.32,8.739999999999998,-86.34,73.97,-8.28,-19.59,31.06,-77.43,6.530000000000001
2025-08-11T17:27:00.906765,87.0,47.0,-50.0,67.0,35.0,-51.0,40.0,-25.0,-55.0,18.0,-31.0,-37.0,76.52,64.23,-52.45,56.32,18.74,-23.34,30.97,-26.28,-55.59,37.06,-63.43,7.530000000000001
2025-08-11T17:27:00.910854,-33.0,-70.0,-33.0,-26.0,64.0,3.0,16.0,-9.0,56.0,24.0,-28.0,-15.0,-43.480000000000004,-52.769999999999996,-35.45,-36.68,47.739999999999995,30.66,6.970000000000001,-10.28,55.41,43.06,-60.43,29.53
2025-08-11T17:27:00.918883,74.0,-1.0,39.0,-51.0,43.0,-15.0,60.0,52.0,-44.0,4.0,-14.0,-11.0,63.519999999999996,16.23,36.55,-61.68,26.74,12.66,50.97,50.72,-44.59,23.06,-46.43,33.53
2025-08-11T17:27:00.923116,-20.0,-59.0,-11.0,23.0,74.0,-43.0,9.0,37.0,-50.0,79.0,-29.0,-30.0,-30.48,-41.769999999999996,-13.45,12.32,57.739999999999995,-15.34,-0.02999999999999936,35.72,-50.59,98.06,-61.43,14.530000000000001
2025-08-11T17:27:00.931125,7.0,-41.0,-30.0,9.0,67.0,-27.0,-42.0,-84.0,-14.0,39.0,-8.0,16.0,-3.4800000000000004,-23.77,-32.45,-1.6799999999999997,50.739999999999995,0.6600000000000001,-51.03,-85.28,-14.59,58.06,-40.43,60.53
2025-08-11T17:27:00.935504,3.0,54.0,26.0,21.0,-10.0,-2.0,45.0,23.0,-11.0,6.0,20.0,-55.0,-7.48,71.23,23.55,10.32,-26.26,25.66,35.97,21.72,-11.59,25.06,-12.43,-10.469999999999999
2025-08-11T17:27:00.939540,54.0,34.0,30.0,-14.0,-9.0,-59.0,-5.0,0.0,-21.0,5.0,78.0,-1.0,43.519999999999996,51.230000000000004,27.55,-24.68,-25.26,-31.34,-14.03,-1.28,-21.59,24.06,45.57,43.53
2025-08-11T17:27:00.947589,-9.0,-38.0,-42.0,46.0,-12.0,-43.0,-40.0,6.0,0.0,66.0,36.0,-33.0,-19.48,-20.77,-44.45,35.32,-28.26,-15.34,-49.03,4.72,-0.59,85.06,3.5700000000000003,11.530000000000001
2025-08-11T17:27:00.951731,-29.0,7.0,-6.0,8.0,28.0,-16.0,-29.0,-17.0,20.0,-2.0,-37.0,22.0,-39.480000000000004,24.23,-8.45,-2.6799999999999997,11.739999999999998,11.66,-38.03,-18.28,19.41,17.06,-69.43,66.53
2025-08-11T17:27:00.960060,-25.0,17.0,-18.0,17.0,38.0,-12.0,-76.0,-6.0,-1.0,60.0,70.0,15.0,-35.480000000000004,34.230000000000004,-20.45,6.32,21.74,15.66,-85.03,-7.28,-1.5899999999999999,79.06,37.57,59.53
2025-08-11T17:27:00.964010,-30.0,67.0,-40.0,-20.0,-37.0,5.0,13.0,6.0,0.0,16.0,15.0,-39.0,-40.480000000000004,84.23,-42.45,-30.68,-53.260000000000005,32.66,3.9700000000000006,4.72,-0.59,35.06,-17.43,5.530000000000001
2025-08-11T17:27:00.972255,8.0,-29.0,7.0,12.0,-3.0,-131.0,6.0,-69.0,-20.0,90.0,27.0,-31.0,-2.4800000000000004,-11.77,4.55,1.3200000000000003,-19.26,-103.34,-3.0299999999999994,-70.28,-20.59,109.06,-5.43,13.530000000000001
2025-08-11T17:27:00.976533,0.0,83.0,-74.0,-24.0,-28.0,-45.0,-31.0,34.0,-20.0,28.0,35.0,57.0,-10.48,100.23,-76.45,-34.68,-44.260000000000005,-17.34,-40.03,32.72,-20.59,47.06,2.5700000000000003,101.53
2025-08-11T17:27:00.984443,-9.0,44.0,-54.0,29.0,53.0,-34.0,7.0,7.0,7.0,17.0,16.0,-58.0,-19.48,61.230000000000004,-56.45,18.32,36.739999999999995,-6.34,-2.0299999999999994,5.72,6.41,36.06,-16.43,-13.469999999999999
2025-08-11T17:27:00.988712,36.0,0.0,-32.0,73.0,26.0,-47.0,-53.0,3.0,7.0,-11.0,-7.0,35.0,25.52,17.23,-34.45,62.32,9.739999999999998,-19.34,-62.03,1.72,6.41,8.059999999999999,-39.43,79.53
2025-08-11T17:27:00.996879,2.0,60.0,-53.0,33.0,63.0,-23.0,-54.0,-70.0,20.0,80.0,-74.0,-3.0,-8.48,77.23,-55.45,22.32,46.739999999999995,4.66,-63.03,-71.28,19.41,99.06,-106.43,41.53
2025-08-11T17:27:01.000976,42.0,-109.0,-18.0,14.0,-76.0,-74.0,-6.0,-33.0,24.0,12.0,-58.0,-27.0,31.52,-91.77,-20.45,3.3200000000000003,-92.26,-46.34,-15.03,-34.28,23.41,31.06,-90.43,17.53
2025-08-11T17:27:01.009025,64.0,-26.0,12.0,1.0,3.0,2.0,-58.0,-19.0,-1.0,26.0,15.0,13.0,53.519999999999996,-8.77,9.55,-9.68,-13.260000000000002,29.66,-67.03,-20.28,-1.5899999999999999,45.06,-17.43,57.53
2025-08-11T17:27:01.013366,10.0,-39.0,-14.0,25.0,-38.0,-40.0,-6.0,-2.0,-24.0,19.0,-44.0,17.0,-0.4800000000000004,-21.77,-16.45,14.32,-54.260000000000005,-12.34,-15.03,-3.2800000000000002,-24.59,38.06,-76.43,61.53
2025-08-11T17:27:01.021384,33.0,-101.0,18.0,3.0,-42.0,16.0,-7.0,-54.0,13.0,-26.0,-45.0,-2.0,22.52,-83.77,15.55,-7.68,-58.260000000000005,43.66,-16.03,-55.28,12.41,-6.940000000000001,-77.43,42.53
2025-08-11T17:27:01.025528,-6.0,43.0,-59.0,15.0,70.0,21.0,-35.0,10.0,-17.0,43.0,27.0,14.0,-16.48,60.230000000000004,-61.45,4.32,53.739999999999995,48.66,-44.03,8.72,-17.59,62.06,-5.43,58.53
2025-08-11T17:27:01.033589,-33.0,54.0,-48.0,-17.0,47.0,-10.0,22.0,51.0,-2.0,8.0,-6.0,17.0,-43.480000000000004,71.23,-50.45,-27.68,30.74,17.66,12.97,49.72,-2.59,27.06,-38.43,61.53
2025-08-11T17:27:01.037988,29.0,19.0,-102.0,2.0,11.0,-113.0,-37.0,15.0,22.0,23.0,-10.0,-50.0,18.52,36.230000000000004,-104.45,-8.68,-5.260000000000002,-85.34,-46.03,13.72,21.41,42.06,-42.43,-5.469999999999999
2025-08-11T17:27:01.046067,54.0,25.0,-31.0,76.0,-15.0,-18.0,-62.0,-6.0,23.0,-5.0,-51.0,-66.0,43.519999999999996,42.230000000000004,-33.45,65.32,-31.26,9.66,-71.03,-7.28,22.41,14.059999999999999,-83.43,-21.47
2025-08-11T17:27:01.050190,64.0,-40.0,-101.0,28.0,-72.0,13.0,-6.0,-37.0,-73.0,29.0,62.0,52.0,53.519999999999996,-22.77,-103.45,17.32,-88.26,40.66,-15.03,-38.28,-73.59,48.06,29.57,96.53
2025-08-11T17:27:01.058223,13.0,-26.0,-66.0,42.0,42.0,-27.0,22.0,35.0,-31.0,-22.0,-24.0,-23.0,2.5199999999999996,-8.77,-68.45,31.32,25.74,0.6600000000000001,12.97,33.72,-31.59,-2.9400000000000013,-56.43,21.53
2025-08-11T17:27:01.062436,-7.0,-39.0,0.0,14.0,21.0,-28.0,-13.0,-63.0,-40.0,29.0,58.0,83.0,-17.48,-21.77,-2.45,3.3200000000000003,4.739999999999998,-0.33999999999999986,-22.03,-64.28,-40.59,48.06,25.57,127.53
2025-08-11T17:27:01.070469,65.0,17.0,21.0,1.0,16.0,-35.0,-1.0,33.0,-21.0,13.0,38.0,25.0,54.519999999999996,34.230000000000004,18.55,-9.68,-0.26000000000000156,-7.34,-10.03,31.72,-21.59,32.06,5.57,69.53
2025-08-11T17:27:01.074690,23.0,-23.0,-21.0,26.0,37.0,17.0,-41.0,60.0,-15.0,49.0,11.0,4.0,12.52,-5.77,-23.45,15.32,20.74,44.66,-50.03,58.72,-15.59,68.06,-21.43,48.53
2025-08-11T17:27:01.078949,5.0,2.0,-6.0,51.0,-18.0,-20.0,11.0,20.0,25.0,66.0,-4.0,20.0,-5.48,19.23,-8.45,40.32,-34.260000000000005,7.66,1.9700000000000006,18.72,24.41,85.06,-36.43,64.53
2025-08-11T17:27:01.086989,-10.0,-13.0,-4.0,27.0,-2.0,-11.0,-21.0,-21.0,-35.0,-10.0,2.0,-42.0,-20.48,4.23,-6.45,16.32,-18.26,16.66,-30.03,-22.28,-35.59,9.059999999999999,-30.43,2.530000000000001
2025-08-11T17:27:01.095081,-46.0,36.0,-21.0,-8.0,22.0,-19.0,-19.0,-26.0,40.0,64.0,11.0,-28.0,-56.480000000000004,53.230000000000004,-23.45,-18.68,5.739999999999998,8.66,-28.03,-27.28,39.41,83.06,-21.43,16.53
2025-08-11T17:27:01.099297,94.0,18.0,-76.0,14.0,12.0,-23.0,-22.0,12.0,0.0,5.0,-16.0,-43.0,83.52,35.230000000000004,-78.45,3.3200000000000003,-4.260000000000002,4.66,-31.03,10.72,-0.59,24.06,-48.43,1.5300000000000011
2025-08-11T17:27:01.103307,39.0,38.0,-25.0,14.0,36.0,-21.0,12.0,5.0,-82.0,60.0,-15.0,-25.0,28.52,55.230000000000004,-27.45,3.3200000000000003,19.74,6.66,2.9700000000000006,3.7199999999999998,-82.59,79.06,-47.43,19.53
2025-08-11T17:27:01.111534,86.0,-65.0,-67.0,-16.0,92.0,-105.0,-34.0,15.0,-81.0,71.0,-7.0,20.0,75.52,-47.769999999999996,-69.45,-26.68,75.74,-77.34,-43.03,13.72,-81.59,90.06,-39.43,64.53
2025-08-11T17:27:01.115591,14.0,-84.0,35.0,7.0,1.0,-24.0,-36.0,31.0,-37.0,-17.0,13.0,15.0,3.5199999999999996,-66.77,32.55,-3.6799999999999997,-15.260000000000002,3.66,-45.03,29.72,-37.59,2.0599999999999987,-19.43,59.53
2025-08-11T17:27:01.123894,-30.0,5.0,0.0,45.0,50.0,-25.0,-17.0,39.0,-29.0,30.0,-17.0,6.0,-40.480000000000004,22.23,-2.45,34.32,33.739999999999995,2.66,-26.03,37.72,-29.59,49.06,-49.43,50.53
2025-08-11T17:27:01.127834,25.0,-71.0,40.0,-5.0,-3.0,-17.0,-39.0,53.0,1.0,46.0,27.0,-24.0,14.52,-53.769999999999996,37.55,-15.68,-19.26,10.66,-48.03,51.72,0.41000000000000003,65.06,-5.43,20.53
2025-08-11T17:27:01.136085,40.0,-8.0,2.0,19.0,10.0,-33.0,-30.0,25.0,8.0,7.0,-10.0,-26.0,29.52,9.23,-0.4500000000000002,8.32,-6.260000000000002,-5.34,-39.03,23.72,7.41,26.06,-42.43,18.53
2025-08-11T17:27:01.140231,20.0,-47.0,34.0,-9.0,-25.0,-61.0,-82.0,31.0,-3.0,7.0,11.0,44.0,9.52,-29.77,31.55,-19.68,-41.260000000000005,-33.34,-91.03,29.72,-3.59,26.06,-21.43,88.53
2025-08-11T17:27:01.148205,15.0,-5.0,27.0,24.0,-1.0,33.0,47.0,85.0,-28.0,74.0,22.0,5.0,4.52,12.23,24.55,13.32,-17.26,60.66,37.97,83.72,-28.59,93.06,-10.43,49.53
2025-08-11T17:27:01.152647,37.0,-111.0,-7.0,25.0,43.0,-57.0,-47.0,36.0,-15.0,24.0,-59.0,34.0,26.52,-93.77,-9.45,14.32,26.74,-29.34,-56.03,34.72,-15.59,43.06,-91.43,78.53
2025-08-11T17:27:01.160617,-87.0,-72.0,16.0,-43.0,46.0,-69.0,32.0,-26.0,-40.0,7.0,-10.0,29.0,-97.48,-54.769999999999996,13.55,-53.68,29.74,-41.34,22.97,-27.28,-40.59,26.06,-42.43,73.53
2025-08-11T17:27:01.164775,-32.0,0.0,-101.0,-2.0,84.0,-22.0,-12.0,-4.0,5.0,46.0,-29.0,20.0,-42.480000000000004,17.23,-103.45,-12.68,67.74,5.66,-21.03,-5.28,4.41,65.06,-61.43,64.53
2025-08-11T17:27:01.172853,4.0,26.0,-33.0,102.0,76.0,-45.0,20.0,24.0,4.0,27.0,17.0,-19.0,-6.48,43.230000000000004,-35.45,91.32,59.739999999999995,-17.34,10.97,22.72,3.41,46.06,-15.43,25.53
2025-08-11T17:27:01.177158,97.0,34.0,-78.0,31.0,71.0,-107.0,90.0,33.0,-77.0,4.0,28.0,-14.0,86.52,51.230000000000004,-80.45,20.32,54.739999999999995,-79.34,80.97,31.72,-77.59,23.06,-4.43,30.53
2025-08-11T17:27:01.185284,56.0,-10.0,-89.0,35.0,28.0,-47.0,-17.0,15.0,-7.0,46.0,22.0,-30.0,45.519999999999996,7.23,-91.45,24.32,11.739999999999998,-19.34,-26.03,13.72,-7.59,65.06,-10.43,14.530000000000001
2025-08-11T17:27:01.189356,72.0,-77.0,24.0,-58.0,-27.0,-57.0,35.0,-68.0,-8.0,58.0,42.0,21.0,61.519999999999996,-59.769999999999996,21.55,-68.68,-43.260000000000005,-29.34,25.97,-69.28,-8.59,77.06,9.57,65.53
2025-08-11T17:27:01.197462,-25.0,-72.0,18.0,-77.0,96.0,-27.0,66.0,64.0,-44.0,121.0,-2.0,-6.0,-35.480000000000004,-54.769999999999996,15.55,-87.68,79.74,0.6600000000000001,56.97,62.72,-44.59,140.06,-34.43,38.53
2025-08-11T17:27:01.201569,16.0,3.0,17.0,-21.0,81.0,-41.0,-18.0,6.0,43.0,-41.0,26.0,-34.0,5.52,20.23,14.55,-31.68,64.74,-13.34,-27.03,4.72,42.41,-21.94,-6.43,10.530000000000001
2025-08-11T17:27:01.209840,-68.0,-6.0,0.0,-11.0,78.0,-34.0,78.0,25.0,-34.0,26.0,-31.0,32.0,-78.48,11.23,-2.45,-21.68,61.739999999999995,-6.34,68.97,23.72,-34.59,45.06,-63.43,76.53
2025-08-11T17:27:01.214162,94.0,39.0,-54.0,21.0,1.0,-35.0,49.0,-20.0,17.0,33.0,-50.0,-19.0,83.52,56.230000000000004,-56.45,10.32,-15.260000000000002,-7.34,39.97,-21.28,16.41,52.06,-82.43,25.53
2025-08-11T17:27:01.221985,65.0,-72.0,-46.0,34.0,49.0,6.0,-11.0,31.0,5.0,42.0,-11.0,17.0,54.519999999999996,-54.769999999999996,-48.45,23.32,32.739999999999995,33.66,-20.03,29.72,4.41,61.06,-43.43,61.53
2025-08-11T17:27:01.226681,54.0,4.0,-11.0,-123.0,-24.0,-11.0,-45.0,-33.0,-15.0,44.0,41.0,5.0,43.519999999999996,21.23,-13.45,-133.68,-40.260000000000005,16.66,-54.03,-34.28,-15.59,63.06,8.57,49.53
2025-08-11T17:27:01.234395,-3.0,-66.0,2.0,-12.0,39.0,-57.0,11.0,6.0,6.0,12.0,-51.0,-20.0,-13.48,-48.769999999999996,-0.4500000000000002,-22.68,22.74,-29.34,1.9700000000000006,4.72,5.41,31.06,-83.43,24.53
2025-08-11T17:27:01.238487,-8.0,-69.0,48.0,-46.0,48.0,37.0,-22.0,-4.0,38.0,37.0,58.0,-31.0,-18.48,-51.769999999999996,45.55,-56.68,31.74,64.66,-31.03,-5.28,37.41,56.06,25.57,13.530000000000001
2025-08-11T17:27:01.246570,18.0,19.0,-31.0,-17.0,26.0,-58.0,8.0,-30.0,3.0,55.0,-18.0,-33.0,7.52,36.230000000000004,-33.45,-27.68,9.739999999999998,-30.34,-1.0299999999999994,-31.28,2.41,74.06,-50.43,11.530000000000001
2025-08-11T17:27:01.250720,1.0,7.0,-52.0,48.0,73.0,-89.0,-46.0,-46.0,-11.0,21.0,-43.0,16.0,-9.48,24.23,-54.45,37.32,56.739999999999995,-61.34,-55.03,-47.28,-11.59,40.06,-75.43,60.53
2025-08-11T17:27:01.258868,29.0,22.0,-39.0,1.0,-50.0,-52.0,-85.0,34.0,54.0,61.0,31.0,-5.0,18.52,39.230000000000004,-41.45,-9.68,-66.26,-24.34,-94.03,32.72,53.41,80.06,-1.4299999999999997,39.53
2025-08-11T17:27:01.263024,104.0,5.0,-32.0,41.0,3.0,-3.0,7.0,-5.0,43.0,34.0,-30.0,31.0,93.52,22.23,-34.45,30.32,-13.260000000000002,24.66,-2.0299999999999994,-6.28,42.41,53.06,-62.43,75.53
2025-08-11T17:27:01.271118,46.0,47.0,10.0,-16.0,74.0,35.0,-47.0,24.0,-32.0,36.0,6.0,-38.0,35.519999999999996,64.23,7.55,-26.68,57.739999999999995,62.66,-56.03,22.72,-32.59,55.06,-26.43,6.530000000000001
2025-08-11T17:27:01.275362,44.0,-15.0,-11.0,6.0,-5.0,-47.0,62.0,44.0,51.0,11.0,7.0,-23.0,33.519999999999996,2.2300000000000004,-13.45,-4.68,-21.26,-19.34,52.97,42.72,50.41,30.06,-25.43,21.53
2025-08-11T17:27:01.283429,35.0,-60.0,-19.0,31.0,-20.0,35.0,70.0,79.0,-1.0,28.0,-27.0,16.0,24.52,-42.769999999999996,-21.45,20.32,-36.260000000000005,62.66,60.97,77.72,-1.5899999999999999,47.06,-59.43,60.53
2025-08-11T17:27:01.287658,106.0,-26.0,40.0,17.0,17.0,-103.0,-7.0,34.0,-8.0,12.0,-26.0,59.0,95.52,-8.77,37.55,6.32,0.7399999999999984,-75.34,-16.03,32.72,-8.59,31.06,-58.43,103.53
2025-08-11T17:27:01.291900,18.0,-99.0,8.0,43.0,58.0,-74.0,-65.0,-5.0,-1.0,36.0,-18.0,36.0,7.52,-81.77,5.55,32.32,41.739999999999995,-46.34,-74.03,-6.28,-1.5899999999999999,55.06,-50.43,80.53
2025-08-11T17:27:01.299875,-26.0,-88.0,3.0,45.0,23.0,-94.0,-19.0,27.0,32.0,12.0,3.0,5.0,-36.480000000000004,-70.77,0.5499999999999998,34.32,6.739999999999998,-66.34,-28.03,25.72,31.41,31.06,-29.43,49.53
2025-08-11T17:27:01.304018,-9.0,5.0,20.0,12.0,87.0,-38.0,3.0,23.0,-27.0,-17.0,-2.0,-17.0,-19.48,22.23,17.55,1.3200000000000003,70.74,-10.34,-6.029999999999999,21.72,-27.59,2.0599999999999987,-34.43,27.53
2025-08-11T17:27:01.312158,-37.0,-39.0,13.0,46.0,95.0,-15.0,5.0,24.0,30.0,17.0,-22.0,3.0,-47.480000000000004,-21.77,10.55,35.32,78.74,12.66,-4.029999999999999,22.72,29.41,36.06,-54.43,47.53
2025-08-11T17:27:01.316275,14.0,-1.0,82.0,2.0,-28.0,-76.0,6.0,38.0,59.0,-7.0,-11.0,-14.0,3.5199999999999996,16.23,79.55,-8.68,-44.260000000000005,-48.34,-3.0299999999999994,36.72,58.41,12.059999999999999,-43.43,30.53
2025-08-11T17:27:01.324527,-11.0,77.0,11.0,86.0,37.0,-27.0,17.0,29.0,35.0,49.0,-26.0,-104.0,-21.48,94.23,8.55,75.32,20.74,0.6600000000000001,7.970000000000001,27.72,34.41,68.06,-58.43,-59.47
2025-08-11T17:27:01.328653,-3.0,5.0,-62.0,73.0,-2.0,15.0,26.0,-11.0,1.0,97.0,18.0,48.0,-13.48,22.23,-64.45,62.32,-18.26,42.66,16.97,-12.28,0.41000000000000003,116.06,-14.43,92.53
2025-08-11T17:27:01.336648,50.0,83.0,-71.0,24.0,32.0,-75.0,1.0,34.0,-32.0,30.0,-19.0,-36.0,39.519999999999996,100.23,-73.45,13.32,15.739999999999998,-47.34,-8.03,32.72,-32.59,49.06,-51.43,8.530000000000001
2025-08-11T17:27:01.341049,3.0,26.0,-130.0,48.0,-38.0,12.0,-26.0,-34.0,-63.0,-18.0,18.0,-23.0,-7.48,43.230000000000004,-132.45,37.32,-54.260000000000005,39.66,-35.03,-35.28,-63.59,1.0599999999999987,-14.43,21.53
2025-08-11T17:27:01.349177,140.0,-36.0,-22.0,-44.0,73.0,-29.0,-67.0,-23.0,-67.0,1.0,56.0,-84.0,129.52,-18.77,-24.45,-54.68,56.739999999999995,-1.3399999999999999,-76.03,-24.28,-67.59,20.06,23.57,-39.47
2025-08-11T17:27:01.353422,53.0,-41.0,-9.0,-68.0,100.0,-32.0,61.0,-12.0,19.0,40.0,-4.0,-62.0,42.519999999999996,-23.77,-11.45,-78.68,83.74,-4.34,51.97,-13.28,18.41,59.06,-36.43,-17.47
2025-08-11T17:27:01.361275,-24.0,-83.0,25.0,29.0,22.0,-64.0,-27.0,10.0,50.0,18.0,-66.0,3.0,-34.480000000000004,-65.77,22.55,18.32,5.739999999999998,-36.34,-36.03,8.72,49.41,37.06,-98.43,47.53
2025-08-11T17:27:01.365625,14.0,-129.0,4.0,-22.0,59.0,-33.0,34.0,7.0,19.0,14.0,-37.0,-65.0,3.5199999999999996,-111.77,1.5499999999999998,-32.68,42.739999999999995,-5.34,24.97,5.72,18.41,33.06,-69.43,-20.47
2025-08-11T17:27:01.373608,3.0,2.0,20.0,-7.0,-15.0,-21.0,-6.0,81.0,-13.0,-27.0,-27.0,-61.0,-7.48,19.23,17.55,-17.68,-31.26,6.66,-15.03,79.72,-13.59,-7.940000000000001,-59.43,-16.47
2025-08-11T17:27:01.377815,-40.0,-35.0,-4.0,-18.0,-46.0,-33.0,24.0,25.0,-25.0,37.0,-5.0,-29.0,-50.480000000000004,-17.77,-6.45,-28.68,-62.260000000000005,-5.34,14.97,23.72,-25.59,56.06,-37.43,15.530000000000001
2025-08-11T17:27:01.385883,-57.0,44.0,-45.0,13.0,-30.0,-8.0,-42.0,61.0,-80.0,30.0,17.0,-29.0,-67.48,61.230000000000004,-47.45,2.3200000000000003,-46.260000000000005,19.66,-51.03,59.72,-80.59,49.06,-15.43,15.530000000000001
2025-08-11T17:27:01.390059,51.0,-31.0,-5.0,40.0,30.0,17.0,-57.0,37.0,-35.0,12.0,87.0,-115.0,40.519999999999996,-13.77,-7.45,29.32,13.739999999999998,44.66,-66.03,35.72,-35.59,31.06,54.57,-70.47
2025-08-11T17:27:01.398248,86.0,-72.0,-33.0,10.0,72.0,-48.0,5.0,-9.0,6.0,27.0,28.0,-24.0,75.52,-54.769999999999996,-35.45,-0.6799999999999997,55.739999999999995,-20.34,-4.029999999999999,-10.28,5.41,46.06,-4.43,20.53
2025-08-11T17:27:01.402313,48.0,-27.0,-61.0,23.0,72.0,-74.0,-24.0,15.0,-40.0,0.0,48.0,-36.0,37.519999999999996,-9.77,-63.45,12.32,55.739999999999995,-46.34,-33.03,13.72,-40.59,19.06,15.57,8.530000000000001
2025-08-11T17:27:01.410336,40.0,12.0,6.0,12.0,42.0,-15.0,6.0,-22.0,20.0,43.0,12.0,-43.0,29.52,29.23,3.55,1.3200000000000003,25.74,12.66,-3.0299999999999994,-23.28,19.41,62.06,-20.43,1.5300000000000011
2025-08-11T17:27:01.414832,-36.0,-106.0,3.0,-41.0,18.0,-77.0,20.0,11.0,3.0,5.0,38.0,-46.0,-46.480000000000004,-88.77,0.5499999999999998,-51.68,1.7399999999999984,-49.34,10.97,9.72,2.41,24.06,5.57,-1.4699999999999989
2025-08-11T17:27:01.422577,-20.0,-68.0,-34.0,25.0,-23.0,31.0,-43.0,46.0,-69.0,86.0,49.0,-34.0,-30.48,-50.769999999999996,-36.45,14.32,-39.260000000000005,58.66,-52.03,44.72,-69.59,105.06,16.57,10.530000000000001
2025-08-11T17:27:01.427064,15.0,15.0,-19.0,52.0,-29.0,-19.0,-18.0,13.0,46.0,42.0,12.0,-103.0,4.52,32.230000000000004,-21.45,41.32,-45.260000000000005,8.66,-27.03,11.72,45.41,61.06,-20.43,-58.47
2025-08-11T17:27:01.434896,-54.0,32.0,-94.0,48.0,74.0,16.0,-16.0,-53.0,30.0,11.0,38.0,-43.0,-64.48,49.230000000000004,-96.45,37.32,57.739999999999995,43.66,-25.03,-54.28,29.41,30.06,5.57,1.5300000000000011
2025-08-11T17:27:01.439431,20.0,25.0,-25.0,-49.0,-13.0,-22.0,9.0,44.0,-24.0,0.0,76.0,-33.0,9.52,42.230000000000004,-27.45,-59.68,-29.26,5.66,-0.02999999999999936,42.72,-24.59,19.06,43.57,11.530000000000001
2025-08-11T17:27:01.443338,28.0,12.0,-95.0,53.0,5.0,-54.0,-21.0,11.0,6.0,-5.0,69.0,-88.0,17.52,29.23,-97.45,42.32,-11.260000000000002,-26.34,-30.03,9.72,5.41,14.059999999999999,36.57,-43.47
2025-08-11T17:27:01.451534,50.0,-45.0,-51.0,-35.0,-12.0,-53.0,43.0,20.0,-12.0,-39.0,63.0,-77.0,39.519999999999996,-27.77,-53.45,-45.68,-28.26,-25.34,33.97,18.72,-12.59,-19.94,30.57,-32.47
2025-08-11T17:27:01.459527,143.0,-107.0,71.0,25.0,23.0,-5.0,-41.0,-25.0,-15.0,-90.0,62.0,-17.0,132.52,-89.77,68.55,14.32,6.739999999999998,22.66,-50.03,-26.28,-15.59,-70.94,29.57,27.53
2025-08-11T17:27:01.463887,-52.0,-42.0,13.0,45.0,-34.0,-4.0,28.0,-31.0,6.0,32.0,85.0,-14.0,-62.480000000000004,-24.77,10.55,34.32,-50.260000000000005,23.66,18.97,-32.28,5.41,51.06,52.57,30.53
2025-08-11T17:27:01.471822,21.0,-19.0,-20.0,-57.0,22.0,-24.0,35.0,-36.0,-23.0,-44.0,78.0,-16.0,10.52,-1.7699999999999996,-22.45,-67.68,5.739999999999998,3.66,25.97,-37.28,-23.59,-24.94,45.57,28.53
2025-08-11T17:27:01.475955,-31.0,42.0,-59.0,-18.0,57.0,-61.0,41.0,36.0,28.0,31.0,10.0,-85.0,-41.480000000000004,59.230000000000004,-61.45,-28.68,40.739999999999995,-33.34,31.97,34.72,27.41,50.06,-22.43,-40.47
2025-08-11T17:27:01.480068,28.0,50.0,-40.0,17.0,23.0,-16.0,46.0,18.0,-2.0,11.0,49.0,-109.0,17.52,67.23,-42.45,6.32,6.739999999999998,11.66,36.97,16.72,-2.59,30.06,16.57,-64.47
2025-08-11T17:27:01.488246,-8.0,-25.0,-55.0,60.0,50.0,-31.0,32.0,-90.0,42.0,6.0,72.0,-103.0,-18.48,-7.77,-57.45,49.32,33.739999999999995,-3.34,22.97,-91.28,41.41,25.06,39.57,-58.47
2025-08-11T17:27:01.492437,66.0,-86.0,12.0,8.0,-34.0,-34.0,35.0,4.0,51.0,-64.0,53.0,-56.0,55.519999999999996,-68.77,9.55,-2.6799999999999997,-50.260000000000005,-6.34,25.97,2.7199999999999998,50.41,-44.94,20.57,-11.469999999999999
2025-08-11T17:27:01.500664,38.0,-29.0,46.0,3.0,46.0,-35.0,46.0,40.0,-15.0,-61.0,70.0,-37.0,27.52,-11.77,43.55,-7.68,29.74,-7.34,36.97,38.72,-15.59,-41.94,37.57,7.530000000000001
2025-08-11T17:27:01.504771,-20.0,28.0,5.0,-5.0,-25.0,-9.0,-24.0,-25.0,-18.0,-24.0,47.0,-61.0,-30.48,45.230000000000004,2.55,-15.68,-41.260000000000005,18.66,-33.03,-26.28,-18.59,-4.940000000000001,14.57,-16.47
2025-08-11T17:27:01.512922,-64.0,26.0,23.0,-10.0,-18.0,-36.0,-42.0,50.0,-24.0,-1.0,15.0,-58.0,-74.48,43.230000000000004,20.55,-20.68,-34.260000000000005,-8.34,-51.03,48.72,-24.59,18.06,-17.43,-13.469999999999999
2025-08-11T17:27:01.517049,-71.0,-25.0,-9.0,17.0,13.0,-66.0,4.0,40.0,22.0,-52.0,65.0,-83.0,-81.48,-7.77,-11.45,6.32,-3.2600000000000016,-38.34,-5.029999999999999,38.72,21.41,-32.94,32.57,-38.47
2025-08-11T17:27:01.525048,16.0,5.0,10.0,58.0,33.0,-47.0,-61.0,18.0,-87.0,-8.0,75.0,-108.0,5.52,22.23,7.55,47.32,16.74,-19.34,-70.03,16.72,-87.59,11.059999999999999,42.57,-63.47
2025-08-11T17:27:01.529220,26.0,51.0,-5.0,71.0,32.0,-6.0,5.0,14.0,27.0,-30.0,75.0,7.0,15.52,68.23,-7.45,60.32,15.739999999999998,21.66,-4.029999999999999,12.72,26.41,-10.940000000000001,42.57,51.53
2025-08-11T17:27:01.537384,68.0,74.0,-63.0,-23.0,81.0,-43.0,7.0,62.0,3.0,-20.0,17.0,-21.0,57.519999999999996,91.23,-65.45,-33.68,64.74,-15.34,-2.0299999999999994,60.72,2.41,-0.9400000000000013,-15.43,23.53
2025-08-11T17:27:01.541747,29.0,72.0,-64.0,-65.0,6.0,-50.0,35.0,19.0,20.0,34.0,64.0,-48.0,18.52,89.23,-66.45,-75.68,-10.260000000000002,-22.34,25.97,17.72,19.41,53.06,31.57,-3.469999999999999
2025-08-11T17:27:01.549741,30.0,27.0,-32.0,12.0,-2.0,-64.0,-57.0,6.0,19.0,-41.0,22.0,-67.0,19.52,44.230000000000004,-34.45,1.3200000000000003,-18.26,-36.34,-66.03,4.72,18.41,-21.94,-10.43,-22.47
2025-08-11T17:27:01.554001,108.0,-51.0,12.0,51.0,-22.0,3.0,37.0,13.0,-29.0,0.0,-3.0,-55.0,97.52,-33.769999999999996,9.55,40.32,-38.260000000000005,30.66,27.97,11.72,-29.59,19.06,-35.43,-10.469999999999999
2025-08-11T17:27:01.562012,34.0,29.0,-30.0,18.0,-1.0,-8.0,-21.0,-50.0,-2.0,3.0,94.0,-24.0,23.52,46.230000000000004,-32.45,7.32,-17.26,19.66,-30.03,-51.28,-2.59,22.06,61.57,20.53
2025-08-11T17:27:01.566273,-14.0,-77.0,-101.0,97.0,-10.0,-3.0,-37.0,-38.0,12.0,-21.0,87.0,-97.0,-24.48,-59.769999999999996,-103.45,86.32,-26.26,24.66,-46.03,-39.28,11.41,-1.9400000000000013,54.57,-52.47
2025-08-11T17:27:01.574287,50.0,-42.0,20.0,-18.0,74.0,-5.0,-30.0,-25.0,26.0,-12.0,102.0,-21.0,39.519999999999996,-24.77,17.55,-28.68,57.739999999999995,22.66,-39.03,-26.28,25.41,7.059999999999999,69.57,23.53
2025-08-11T17:27:01.578584,-25.0,-75.0,62.0,-54.0,9.0,-65.0,3.0,107.0,-89.0,-91.0,46.0,-51.0,-35.480000000000004,-57.769999999999996,59.55,-64.68,-7.260000000000002,-37.34,-6.029999999999999,105.72,-89.59,-71.94,13.57,-6.469999999999999
2025-08-11T17:27:01.586592,17.0,7.0,-26.0,12.0,31.0,-36.0,-41.0,13.0,-13.0,-37.0,77.0,-11.0,6.52,24.23,-28.45,1.3200000000000003,14.739999999999998,-8.34,-50.03,11.72,-13.59,-17.94,44.57,33.53
2025-08-11T17:27:01.590999,57.0,16.0,-54.0,-24.0,26.0,-68.0,-16.0,49.0,26.0,-82.0,0.0,-72.0,46.519999999999996,33.230000000000004,-56.45,-34.68,9.739999999999998,-40.34,-25.03,47.72,25.41,-62.94,-32.43,-27.47
2025-08-11T17:27:01.598871,46.0,-46.0,-27.0,29.0,-26.0,42.0,15.0,21.0,-3.0,-20.0,22.0,-66.0,35.519999999999996,-28.77,-29.45,18.32,-42.260000000000005,69.66,5.970000000000001,19.72,-3.59,-0.9400000000000013,-10.43,-21.47
2025-08-11T17:27:01.603180,84.0,-67.0,-27.0,-13.0,-15.0,12.0,89.0,71.0,26.0,-14.0,27.0,-49.0,73.52,-49.769999999999996,-29.45,-23.68,-31.26,39.66,79.97,69.72,25.41,5.059999999999999,-5.43,-4.469999999999999
2025-08-11T17:27:01.611133,40.0,-53.0,-32.0,-66.0,10.0,25.0,49.0,3.0,-10.0,6.0,58.0,-38.0,29.52,-35.769999999999996,-34.45,-76.68,-6.260000000000002,52.66,39.97,1.72,-10.59,25.06,25.57,6.530000000000001
2025-08-11T17:27:01.615444,-22.0,-46.0,35.0,-15.0,44.0,-81.0,-14.0,-25.0,-68.0,-42.0,-4.0,-84.0,-32.480000000000004,-28.77,32.55,-25.68,27.74,-53.34,-23.03,-26.28,-68.59,-22.94,-36.43,-39.47
2025-08-11T17:27:01.623447,12.0,15.0,39.0,22.0,-5.0,-57.0,51.0,-7.0,-68.0,-41.0,31.0,-40.0,1.5199999999999996,32.230000000000004,36.55,11.32,-21.26,-29.34,41.97,-8.28,-68.59,-21.94,-1.4299999999999997,4.530000000000001
2025-08-11T17:27:01.627736,29.0,6.0,-12.0,41.0,-52.0,-22.0,-40.0,-111.0,-9.0,-52.0,-4.0,-75.0,18.52,23.23,-14.45,30.32,-68.26,5.66,-49.03,-112.28,-9.59,-32.94,-36.43,-30.47
2025-08-11T17:27:01.635735,40.0,-59.0,62.0,-9.0,-34.0,-1.0,-17.0,-61.0,21.0,-112.0,46.0,-80.0,29.52,-41.769999999999996,59.55,-19.68,-50.260000000000005,26.66,-26.03,-62.28,20.41,-92.94,13.57,-35.47
2025-08-11T17:27:01.640044,-34.0,22.0,-19.0,10.0,-24.0,-11.0,17.0,-18.0,19.0,-73.0,73.0,-67.0,-44.480000000000004,39.230000000000004,-21.45,-0.6799999999999997,-40.260000000000005,16.66,7.970000000000001,-19.28,18.41,-53.94,40.57,-22.47
2025-08-11T17:27:01.648046,65.0,25.0,-27.0,-44.0,20.0,-59.0,-11.0,32.0,4.0,-40.0,94.0,-81.0,54.519999999999996,42.230000000000004,-29.45,-54.68,3.7399999999999984,-31.34,-20.03,30.72,3.41,-20.94,61.57,-36.47
2025-08-11T17:27:01.652288,-7.0,-27.0,-2.0,-17.0,-22.0,-17.0,49.0,19.0,-59.0,-59.0,67.0,-39.0,-17.48,-9.77,-4.45,-27.68,-38.260000000000005,10.66,39.97,17.72,-59.59,-39.94,34.57,5.530000000000001
2025-08-11T17:27:01.660336,56.0,-26.0,68.0,6.0,54.0,-31.0,-2.0,-33.0,-11.0,-66.0,45.0,-81.0,45.519999999999996,-8.77,65.55,-4.68,37.739999999999995,-3.34,-11.03,-34.28,-11.59,-46.94,12.57,-36.47
2025-08-11T17:27:01.664478,9.0,-31.0,57.0,6.0,20.0,-8.0,15.0,30.0,-4.0,3.0,56.0,-17.0,-1.4800000000000004,-13.77,54.55,-4.68,3.7399999999999984,19.66,5.970000000000001,28.72,-4.59,22.06,23.57,27.53
2025-08-11T17:27:01.672655,66.0,-49.0,32.0,75.0,-16.0,-12.0,59.0,-29.0,10.0,-65.0,37.0,-48.0,55.519999999999996,-31.77,29.55,64.32,-32.260000000000005,15.66,49.97,-30.28,9.41,-45.94,4.57,-3.469999999999999
2025-08-11T17:27:01.676776,-56.0,-71.0,43.0,85.0,-32.0,34.0,5.0,32.0,-17.0,-20.0,109.0,-69.0,-66.48,-53.769999999999996,40.55,74.32,-48.260000000000005,61.66,-4.029999999999999,30.72,-17.59,-0.9400000000000013,76.57,-24.47
2025-08-11T17:27:01.684865,31.0,48.0,21.0,31.0,-19.0,-22.0,14.0,-36.0,-17.0,-58.0,35.0,-51.0,20.52,65.23,18.55,20.32,-35.260000000000005,5.66,4.970000000000001,-37.28,-17.59,-38.94,2.5700000000000003,-6.469999999999999
2025-08-11T17:27:01.689064,10.0,36.0,-9.0,-21.0,38.0,-55.0,3.0,-10.0,-34.0,-38.0,105.0,-69.0,-0.4800000000000004,53.230000000000004,-11.45,-31.68,21.74,-27.34,-6.029999999999999,-11.28,-34.59,-18.94,72.57,-24.47
2025-08-11T17:27:01.697261,106.0,-83.0,9.0,-45.0,41.0,-42.0,5.0,-11.0,-51.0,-54.0,74.0,-83.0,95.52,-65.77,6.55,-55.68,24.74,-14.34,-4.029999999999999,-12.28,-51.59,-34.94,41.57,-38.47
2025-08-11T17:27:01.701348,-22.0,-74.0,-30.0,-4.0,-30.0,-39.0,-15.0,-19.0,7.0,-10.0,18.0,-102.0,-32.480000000000004,-56.769999999999996,-32.45,-14.68,-46.260000000000005,-11.34,-24.03,-20.28,6.41,9.059999999999999,-14.43,-57.47
2025-08-11T17:27:01.709436,24.0,1.0,-18.0,52.0,65.0,-56.0,-11.0,-18.0,-9.0,-21.0,29.0,-47.0,13.52,18.23,-20.45,41.32,48.739999999999995,-28.34,-20.03,-19.28,-9.59,-1.9400000000000013,-3.4299999999999997,-2.469999999999999
2025-08-11T17:27:01.713606,-23.0,-60.0,5.0,-9.0,-71.0,69.0,16.0,8.0,34.0,-73.0,71.0,-70.0,-33.480000000000004,-42.769999999999996,2.55,-19.68,-87.26,96.66,6.970000000000001,6.72,33.41,-53.94,38.57,-25.47
2025-08-11T17:27:01.717654,-7.0,-12.0,2.0,36.0,30.0,-26.0,-10.0,-79.0,25.0,-107.0,5.0,-43.0,-17.48,5.23,-0.4500000000000002,25.32,13.739999999999998,1.6600000000000001,-19.03,-80.28,24.41,-87.94,-27.43,1.5300000000000011
2025-08-11T17:27:01.725868,-17.0,24.0,-17.0,-14.0,-81.0,-20.0,-32.0,-39.0,35.0,-14.0,98.0,-62.0,-27.48,41.230000000000004,-19.45,-24.68,-97.26,7.66,-41.03,-40.28,34.41,5.059999999999999,65.57,-17.47
2025-08-11T17:27:01.734060,-17.0,-62.0,-27.0,101.0,35.0,-45.0,-23.0,63.0,3.0,-18.0,92.0,-59.0,-27.48,-44.769999999999996,-29.45,90.32,18.74,-17.34,-32.03,61.72,2.41,1.0599999999999987,59.57,-14.469999999999999
2025-08-11T17:27:01.738188,11.0,-28.0,-108.0,-12.0,11.0,-8.0,-5.0,17.0,-1.0,-59.0,37.0,-60.0,0.5199999999999996,-10.77,-110.45,-22.68,-5.260000000000002,19.66,-14.03,15.72,-1.5899999999999999,-39.94,4.57,-15.469999999999999
2025-08-11T17:27:01.742199,89.0,16.0,-38.0,44.0,53.0,-32.0,26.0,5.0,13.0,-46.0,58.0,-28.0,78.52,33.230000000000004,-40.45,33.32,36.739999999999995,-4.34,16.97,3.7199999999999998,12.41,-26.94,25.57,16.53
2025-08-11T17:27:01.750516,35.0,-52.0,-19.0,-9.0,40.0,-17.0,-30.0,18.0,21.0,-127.0,-3.0,-87.0,24.52,-34.769999999999996,-21.45,-19.68,23.74,10.66,-39.03,16.72,20.41,-107.94,-35.43,-42.47
2025-08-11T17:27:01.754536,54.0,-93.0,13.0,31.0,-38.0,46.0,-38.0,55.0,-28.0,-26.0,8.0,-75.0,43.519999999999996,-75.77,10.55,20.32,-54.260000000000005,73.66,-47.03,53.72,-28.59,-6.940000000000001,-24.43,-30.47
2025-08-11T17:27:01.762736,6.0,-56.0,15.0,-13.0,-23.0,2.0,-19.0,41.0,-13.0,-9.0,117.0,-54.0,-4.48,-38.769999999999996,12.55,-23.68,-39.260000000000005,29.66,-28.03,39.72,-13.59,10.059999999999999,84.57,-9.469999999999999
2025-08-11T17:27:01.766835,31.0,20.0,-59.0,-26.0,40.0,-29.0,-6.0,35.0,-23.0,6.0,24.0,-55.0,20.52,37.230000000000004,-61.45,-36.68,23.74,-1.3399999999999999,-15.03,33.72,-23.59,25.06,-8.43,-10.469999999999999
2025-08-11T17:27:01.775160,-6.0,6.0,-12.0,-4.0,67.0,-72.0,-9.0,-59.0,-33.0,-18.0,110.0,-43.0,-16.48,23.23,-14.45,-14.68,50.739999999999995,-44.34,-18.03,-60.28,-33.59,1.0599999999999987,77.57,1.5300000000000011
2025-08-11T17:27:01.779140,-18.0,-5.0,-65.0,26.0,48.0,-38.0,-52.0,36.0,4.0,-53.0,106.0,-70.0,-28.48,12.23,-67.45,15.32,31.74,-10.34,-61.03,34.72,3.41,-33.94,73.57,-25.47
2025-08-11T17:27:01.787356,16.0,5.0,-52.0,8.0,-16.0,-56.0,-29.0,17.0,-2.0,-31.0,97.0,-39.0,5.52,22.23,-54.45,-2.6799999999999997,-32.260000000000005,-28.34,-38.03,15.72,-2.59,-11.940000000000001,64.57,5.530000000000001
2025-08-11T17:27:01.791495,19.0,-51.0,-59.0,-24.0,-22.0,-34.0,-29.0,-14.0,-9.0,-54.0,68.0,-28.0,8.52,-33.769999999999996,-61.45,-34.68,-38.260000000000005,-6.34,-38.03,-15.28,-9.59,-34.94,35.57,16.53
2025-08-11T17:27:01.799766,14.0,-38.0,16.0,-58.0,-44.0,-15.0,17.0,37.0,-46.0,-31.0,67.0,-94.0,3.5199999999999996,-20.77,13.55,-68.68,-60.260000000000005,12.66,7.970000000000001,35.72,-46.59,-11.940000000000001,34.57,-49.47
2025-08-11T17:27:01.803697,-15.0,-77.0,14.0,53.0,22.0,-20.0,-12.0,45.0,-1.0,-76.0,-8.0,-56.0,-25.48,-59.769999999999996,11.55,42.32,5.739999999999998,7.66,-21.03,43.72,-1.5899999999999999,-56.94,-40.43,-11.469999999999999
2025-08-11T17:27:01.811820,30.0,11.0,-1.0,13.0,101.0,-78.0,20.0,-4.0,-23.0,17.0,56.0,-109.0,19.52,28.23,-3.45,2.3200000000000003,84.74,-50.34,10.97,-5.28,-23.59,36.06,23.57,-64.47
2025-08-11T17:27:01.816237,-65.0,1.0,-35.0,52.0,-11.0,-83.0,-4.0,-41.0,41.0,-55.0,72.0,-37.0,-75.48,18.23,-37.45,41.32,-27.26,-55.34,-13.03,-42.28,40.41,-35.94,39.57,7.530000000000001
2025-08-11T17:27:01.824155,-57.0,7.0,-61.0,9.0,-21.0,-28.0,15.0,-27.0,25.0,-119.0,-41.0,-165.0,-67.48,24.23,-63.45,-1.6799999999999997,-37.260000000000005,-0.33999999999999986,5.970000000000001,-28.28,24.41,-99.94,-73.43,-120.47
2025-08-11T17:27:01.828702,63.0,-16.0,-48.0,26.0,9.0,13.0,23.0,-103.0,-16.0,-66.0,17.0,-64.0,52.519999999999996,1.2300000000000004,-50.45,15.32,-7.260000000000002,40.66,13.97,-104.28,-16.59,-46.94,-15.43,-19.47
2025-08-11T17:27:01.836570,43.0,-75.0,1.0,30.0,-13.0,-33.0,-44.0,-36.0,-73.0,3.0,18.0,-12.0,32.519999999999996,-57.769999999999996,-1.4500000000000002,19.32,-29.26,-5.34,-53.03,-37.28,-73.59,22.06,-14.43,32.53
2025-08-11T17:27:01.840689,21.0,18.0,3.0,-15.0,61.0,9.0,33.0,-63.0,-12.0,-50.0,29.0,-58.0,10.52,35.230000000000004,0.5499999999999998,-25.68,44.739999999999995,36.66,23.97,-64.28,-12.59,-30.94,-3.4299999999999997,-13.469999999999999
2025-08-11T17:27:01.848933,35.0,-18.0,50.0,-17.0,32.0,-20.0,47.0,29.0,71.0,-48.0,69.0,-62.0,24.52,-0.7699999999999996,47.55,-27.68,15.739999999999998,7.66,37.97,27.72,70.41,-28.94,36.57,-17.47
2025-08-11T17:27:01.853100,0.0,-8.0,25.0,-3.0,69.0,-51.0,16.0,-56.0,-71.0,8.0,84.0,-111.0,-10.48,9.23,22.55,-13.68,52.739999999999995,-23.34,6.970000000000001,-57.28,-71.59,27.06,51.57,-66.47
2025-08-11T17:27:01.861026,-26.0,-59.0,28.0,-2.0,47.0,-45.0,86.0,-28.0,-8.0,-34.0,27.0,-91.0,-36.480000000000004,-41.769999999999996,25.55,-12.68,30.74,-17.34,76.97,-29.28,-8.59,-14.940000000000001,-5.43,-46.47
2025-08-11T17:27:01.865261,26.0,-123.0,23.0,24.0,10.0,-78.0,6.0,-20.0,-11.0,-7.0,26.0,-83.0,15.52,-105.77,20.55,13.32,-6.260000000000002,-50.34,-3.0299999999999994,-21.28,-11.59,12.059999999999999,-6.43,-38.47
2025-08-11T17:27:01.873182,17.0,-48.0,18.0,17.0,-9.0,-65.0,68.0,-28.0,-19.0,-45.0,69.0,-42.0,6.52,-30.77,15.55,6.32,-25.26,-37.34,58.97,-29.28,-19.59,-25.94,36.57,2.530000000000001
2025-08-11T17:27:01.877377,-89.0,51.0,-11.0,2.0,32.0,13.0,74.0,-51.0,30.0,3.0,76.0,-48.0,-99.48,68.23,-13.45,-8.68,15.739999999999998,40.66,64.97,-52.28,29.41,22.06,43.57,-3.469999999999999
2025-08-11T17:27:01.885542,20.0,45.0,-17.0,-31.0,36.0,-14.0,12.0,-19.0,11.0,-49.0,24.0,-55.0,9.52,62.230000000000004,-19.45,-41.68,19.74,13.66,2.9700000000000006,-20.28,10.41,-29.94,-8.43,-10.469999999999999
2025-08-11T17:27:01.889908,18.0,63.0,8.0,-9.0,27.0,-44.0,9.0,23.0,41.0,-51.0,59.0,-49.0,7.52,80.23,5.55,-19.68,10.739999999999998,-16.34,-0.02999999999999936,21.72,40.41,-31.94,26.57,-4.469999999999999
2025-08-11T17:27:01.897782,81.0,42.0,-59.0,49.0,104.0,-90.0,16.0,-24.0,28.0,-64.0,23.0,-49.0,70.52,59.230000000000004,-61.45,38.32,87.74,-62.34,6.970000000000001,-25.28,27.41,-44.94,-9.43,-4.469999999999999
2025-08-11T17:27:01.902220,-20.0,-27.0,-46.0,65.0,23.0,-35.0,0.0,56.0,-35.0,-13.0,-27.0,-67.0,-30.48,-9.77,-48.45,54.32,6.739999999999998,-7.34,-9.03,54.72,-35.59,6.059999999999999,-59.43,-22.47
2025-08-11T17:27:01.910219,55.0,-18.0,41.0,61.0,-31.0,47.0,10.0,29.0,38.0,-62.0,33.0,-23.0,44.519999999999996,-0.7699999999999996,38.55,50.32,-47.260000000000005,74.66,0.9700000000000006,27.72,37.41,-42.94,0.5700000000000003,21.53
2025-08-11T17:27:01.914393,58.0,-77.0,38.0,55.0,-48.0,-15.0,-24.0,81.0,-17.0,-57.0,31.0,-99.0,47.519999999999996,-59.769999999999996,35.55,44.32,-64.26,12.66,-33.03,79.72,-17.59,-37.94,-1.4299999999999997,-54.47
2025-08-11T17:27:01.922409,-10.0,-11.0,-11.0,31.0,14.0,-2.0,27.0,17.0,-15.0,-22.0,8.0,-45.0,-20.48,6.23,-13.45,20.32,-2.2600000000000016,25.66,17.97,15.72,-15.59,-2.9400000000000013,-24.43,-0.46999999999999886
2025-08-11T17:27:01.926750,-53.0,40.0,3.0,-50.0,62.0,-79.0,-65.0,-17.0,51.0,-25.0,95.0,-105.0,-63.480000000000004,57.230000000000004,0.5499999999999998,-60.68,45.739999999999995,-51.34,-74.03,-18.28,50.41,-5.940000000000001,62.57,-60.47
2025-08-11T17:27:01.934695,3.0,21.0,-87.0,10.0,17.0,-30.0,-43.0,-4.0,12.0,-77.0,4.0,-65.0,-7.48,38.230000000000004,-89.45,-0.6799999999999997,0.7399999999999984,-2.34,-52.03,-5.28,11.41,-57.94,-28.43,-20.47
2025-08-11T17:27:01.938813,-5.0,35.0,-50.0,23.0,29.0,35.0,-32.0,-5.0,-12.0,-11.0,69.0,-92.0,-15.48,52.230000000000004,-52.45,12.32,12.739999999999998,62.66,-41.03,-6.28,-12.59,8.059999999999999,36.57,-47.47
2025-08-11T17:27:01.946911,84.0,-43.0,-6.0,16.0,35.0,-18.0,18.0,25.0,-19.0,-57.0,35.0,-20.0,73.52,-25.77,-8.45,5.32,18.74,9.66,8.97,23.72,-19.59,-37.94,2.5700000000000003,24.53
2025-08-11T17:27:01.951256,67.0,-78.0,45.0,43.0,35.0,-65.0,28.0,19.0,91.0,-28.0,101.0,-89.0,56.519999999999996,-60.769999999999996,42.55,32.32,18.74,-37.34,18.97,17.72,90.41,-8.940000000000001,68.57,-44.47
2025-08-11T17:27:01.959317,12.0,-62.0,20.0,-14.0,8.0,-90.0,-25.0,1.0,0.0,-1.0,45.0,-71.0,1.5199999999999996,-44.769999999999996,17.55,-24.68,-8.260000000000002,-62.34,-34.03,-0.28,-0.59,18.06,12.57,-26.47
2025-08-11T17:27:01.963487,-54.0,4.0,6.0,-13.0,-18.0,32.0,-10.0,-22.0,29.0,4.0,16.0,-34.0,-64.48,21.23,3.55,-23.68,-34.260000000000005,59.66,-19.03,-23.28,28.41,23.06,-16.43,10.530000000000001
2025-08-11T17:27:01.971591,-64.0,-47.0,-19.0,38.0,34.0,26.0,-24.0,-41.0,-17.0,-69.0,49.0,-18.0,-74.48,-29.77,-21.45,27.32,17.74,53.66,-33.03,-42.28,-17.59,-49.94,16.57,26.53
2025-08-11T17:27:01.975753,27.0,21.0,5.0,17.0,107.0,-72.0,54.0,-19.0,28.0,-14.0,88.0,20.0,16.52,38.230000000000004,2.55,6.32,90.74,-44.34,44.97,-20.28,27.41,5.059999999999999,55.57,64.53
2025-08-11T17:27:01.983743,-25.0,-2.0,-58.0,-33.0,34.0,-13.0,-24.0,28.0,-3.0,-21.0,84.0,-9.0,-35.480000000000004,15.23,-60.45,-43.68,17.74,14.66,-33.03,26.72,-3.59,-1.9400000000000013,51.57,35.53
2025-08-11T17:27:01.988027,66.0,15.0,-25.0,64.0,6.0,-44.0,-71.0,25.0,25.0,-72.0,37.0,-36.0,55.519999999999996,32.230000000000004,-27.45,53.32,-10.260000000000002,-16.34,-80.03,23.72,24.41,-52.94,4.57,8.530000000000001
2025-08-11T17:27:01.992090,88.0,-14.0,-2.0,55.0,-42.0,19.0,-6.0,20.0,-73.0,32.0,101.0,-1.0,77.52,3.2300000000000004,-4.45,44.32,-58.260000000000005,46.66,-15.03,18.72,-73.59,51.06,68.57,43.53
2025-08-11T17:27:02.000354,3.0,-55.0,-62.0,-45.0,-57.0,-21.0,27.0,111.0,13.0,-24.0,43.0,-40.0,-7.48,-37.769999999999996,-64.45,-55.68,-73.26,6.66,17.97,109.72,12.41,-4.940000000000001,10.57,4.530000000000001
2025-08-11T17:27:02.004373,30.0,-60.0,57.0,-34.0,14.0,6.0,8.0,111.0,-16.0,-46.0,3.0,7.0,19.52,-42.769999999999996,54.55,-44.68,-2.2600000000000016,33.66,-1.0299999999999994,109.72,-16.59,-26.94,-29.43,51.53
2025-08-11T17:27:02.012531,57.0,-106.0,34.0,-52.0,56.0,-44.0,7.0,-13.0,13.0,32.0,32.0,31.0,46.519999999999996,-88.77,31.55,-62.68,39.739999999999995,-16.34,-2.0299999999999994,-14.28,12.41,51.06,-0.4299999999999997,75.53
2025-08-11T17:27:02.016721,-36.0,-81.0,14.0,24.0,42.0,-21.0,24.0,-27.0,16.0,-6.0,43.0,-20.0,-46.480000000000004,-63.769999999999996,11.55,13.32,25.74,6.66,14.97,-28.28,15.41,13.059999999999999,10.57,24.53
2025-08-11T17:27:02.025048,72.0,71.0,74.0,67.0,20.0,-23.0,-6.0,21.0,-35.0,-113.0,56.0,-46.0,61.519999999999996,88.23,71.55,56.32,3.7399999999999984,4.66,-15.03,19.72,-35.59,-93.94,23.57,-1.4699999999999989
2025-08-11T17:27:02.028922,68.0,-4.0,6.0,13.0,48.0,4.0,-14.0,-6.0,-12.0,-32.0,1.0,104.0,57.519999999999996,13.23,3.55,2.3200000000000003,31.74,31.66,-23.03,-7.28,-12.59,-12.940000000000001,-31.43,148.53
2025-08-11T17:27:02.037195,-2.0,-2.0,-82.0,54.0,22.0,25.0,59.0,-18.0,19.0,-20.0,-27.0,-23.0,-12.48,15.23,-84.45,43.32,5.739999999999998,52.66,49.97,-19.28,18.41,-0.9400000000000013,-59.43,21.53
2025-08-11T17:27:02.041241,-14.0,-14.0,-61.0,37.0,42.0,-12.0,33.0,-4.0,25.0,-33.0,53.0,46.0,-24.48,3.2300000000000004,-63.45,26.32,25.74,15.66,23.97,-5.28,24.41,-13.940000000000001,20.57,90.53
2025-08-11T17:27:02.049537,58.0,5.0,-34.0,-63.0,44.0,11.0,-19.0,12.0,-29.0,-23.0,38.0,1.0,47.519999999999996,22.23,-36.45,-73.68,27.74,38.66,-28.03,10.72,-29.59,-3.9400000000000013,5.57,45.53
2025-08-11T17:27:02.053590,102.0,-56.0,-52.0,25.0,13.0,-21.0,53.0,21.0,23.0,-21.0,-32.0,17.0,91.52,-38.769999999999996,-54.45,14.32,-3.2600000000000016,6.66,43.97,19.72,22.41,-1.9400000000000013,-64.43,61.53
2025-08-11T17:27:02.061693,81.0,19.0,39.0,-14.0,52.0,-53.0,60.0,2.0,7.0,-70.0,64.0,5.0,70.52,36.230000000000004,36.55,-24.68,35.739999999999995,-25.34,50.97,0.72,6.41,-50.94,31.57,49.53
2025-08-11T17:27:02.065788,66.0,-60.0,33.0,48.0,47.0,-62.0,36.0,24.0,-5.0,2.0,-14.0,26.0,55.519999999999996,-42.769999999999996,30.55,37.32,30.74,-34.34,26.97,22.72,-5.59,21.06,-46.43,70.53
2025-08-11T17:27:02.073898,62.0,-32.0,8.0,-29.0,76.0,49.0,35.0,-5.0,15.0,19.0,13.0,-93.0,51.519999999999996,-14.77,5.55,-39.68,59.739999999999995,76.66,25.97,-6.28,14.41,38.06,-19.43,-48.47
2025-08-11T17:27:02.078093,43.0,-82.0,9.0,-28.0,29.0,-80.0,30.0,-4.0,42.0,-11.0,50.0,42.0,32.519999999999996,-64.77,6.55,-38.68,12.739999999999998,-52.34,20.97,-5.28,41.41,8.059999999999999,17.57,86.53
2025-08-11T17:27:02.086258,76.0,-12.0,33.0,53.0,34.0,-47.0,62.0,-73.0,-10.0,-64.0,-5.0,2.0,65.52,5.23,30.55,42.32,17.74,-19.34,52.97,-74.28,-10.59,-44.94,-37.43,46.53
2025-08-11T17:27:02.090685,14.0,-89.0,13.0,-9.0,62.0,-59.0,45.0,-41.0,26.0,-35.0,-2.0,15.0,3.5199999999999996,-71.77,10.55,-19.68,45.739999999999995,-31.34,35.97,-42.28,25.41,-15.940000000000001,-34.43,59.53
2025-08-11T17:27:02.098428,-24.0,-4.0,5.0,51.0,-47.0,-52.0,-37.0,2.0,45.0,63.0,19.0,5.0,-34.480000000000004,13.23,2.55,40.32,-63.260000000000005,-24.34,-46.03,0.72,44.41,82.06,-13.43,49.53
2025-08-11T17:27:02.102779,-45.0,59.0,-19.0,77.0,-15.0,17.0,-10.0,-7.0,61.0,60.0,-16.0,20.0,-55.480000000000004,76.23,-21.45,66.32,-31.26,44.66,-19.03,-8.28,60.41,79.06,-48.43,64.53
2025-08-11T17:27:02.110719,-9.0,43.0,-58.0,42.0,49.0,-75.0,4.0,-88.0,-31.0,17.0,29.0,-12.0,-19.48,60.230000000000004,-60.45,31.32,32.739999999999995,-47.34,-5.029999999999999,-89.28,-31.59,36.06,-3.4299999999999997,32.53
2025-08-11T17:27:02.115150,29.0,14.0,4.0,61.0,-1.0,15.0,29.0,5.0,1.0,58.0,4.0,0.0,18.52,31.23,1.5499999999999998,50.32,-17.26,42.66,19.97,3.7199999999999998,0.41000000000000003,77.06,-28.43,44.53
2025-08-11T17:27:02.123016,-8.0,-39.0,-62.0,-2.0,31.0,-39.0,24.0,-111.0,48.0,-39.0,-15.0,-57.0,-18.48,-21.77,-64.45,-12.68,14.739999999999998,-11.34,14.97,-112.28,47.41,-19.94,-47.43,-12.469999999999999
2025-08-11T17:27:02.127234,83.0,74.0,-29.0,-35.0,17.0,-41.0,7.0,5.0,-23.0,57.0,-60.0,-98.0,72.52,91.23,-31.45,-45.68,0.7399999999999984,-13.34,-2.0299999999999994,3.7199999999999998,-23.59,76.06,-92.43,-53.47
2025-08-11T17:27:02.131280,59.0,-95.0,19.0,12.0,10.0,5.0,-16.0,33.0,6.0,124.0,1.0,-29.0,48.519999999999996,-77.77,16.55,1.3200000000000003,-6.260000000000002,32.66,-25.03,31.72,5.41,143.06,-31.43,15.530000000000001
2025-08-11T17:27:02.139515,57.0,-78.0,-86.0,28.0,36.0,-56.0,-45.0,22.0,62.0,29.0,0.0,17.0,46.519999999999996,-60.769999999999996,-88.45,17.32,19.74,-28.34,-54.03,20.72,61.41,48.06,-32.43,61.53
2025-08-11T17:27:02.143579,16.0,-38.0,-2.0,31.0,-20.0,90.0,38.0,-62.0,34.0,5.0,-11.0,5.0,5.52,-20.77,-4.45,20.32,-36.260000000000005,117.66,28.97,-63.28,33.41,24.06,-43.43,49.53
2025-08-11T17:27:02.151819,88.0,-125.0,-17.0,70.0,18.0,17.0,75.0,-35.0,19.0,49.0,56.0,-74.0,77.52,-107.77,-19.45,59.32,1.7399999999999984,44.66,65.97,-36.28,18.41,68.06,23.57,-29.47
2025-08-11T17:27:02.156145,-8.0,-115.0,52.0,-42.0,-11.0,20.0,12.0,18.0,10.0,21.0,-26.0,-140.0,-18.48,-97.77,49.55,-52.68,-27.26,47.66,2.9700000000000006,16.72,9.41,40.06,-58.43,-95.47
2025-08-11T17:27:02.164021,2.0,-81.0,-34.0,-16.0,25.0,-35.0,1.0,11.0,8.0,35.0,62.0,-92.0,-8.48,-63.769999999999996,-36.45,-26.68,8.739999999999998,-7.34,-8.03,9.72,7.41,54.06,29.57,-47.47
2025-08-11T17:27:02.168885,-73.0,-11.0,-5.0,-55.0,39.0,15.0,29.0,-29.0,-12.0,-91.0,34.0,-117.0,-83.48,6.23,-7.45,-65.68,22.74,42.66,19.97,-30.28,-12.59,-71.94,1.5700000000000003,-72.47
2025-08-11T17:27:02.176447,-8.0,-67.0,13.0,35.0,37.0,-29.0,2.0,14.0,-17.0,-62.0,61.0,-79.0,-18.48,-49.769999999999996,10.55,24.32,20.74,-1.3399999999999999,-7.029999999999999,12.72,-17.59,-42.94,28.57,-34.47
2025-08-11T17:27:02.181067,11.0,46.0,30.0,45.0,52.0,-40.0,-29.0,-55.0,-30.0,-88.0,25.0,-39.0,0.5199999999999996,63.230000000000004,27.55,34.32,35.739999999999995,-12.34,-38.03,-56.28,-30.59,-68.94,-7.43,5.530000000000001
2025-08-11T17:27:02.188678,-8.0,44.0,-24.0,70.0,-80.0,-126.0,63.0,-45.0,-40.0,7.0,39.0,-21.0,-18.48,61.230000000000004,-26.45,59.32,-96.26,-98.34,53.97,-46.28,-40.59,26.06,6.57,23.53
2025-08-11T17:27:02.193388,118.0,-44.0,-19.0,-13.0,1.0,41.0,11.0,-39.0,-89.0,-40.0,-5.0,-129.0,107.52,-26.77,-21.45,-23.68,-15.260000000000002,68.66,1.9700000000000006,-40.28,-89.59,-20.94,-37.43,-84.47
2025-08-11T17:27:02.201137,92.0,-39.0,-17.0,-6.0,-84.0,-8.0,21.0,24.0,-59.0,-24.0,55.0,-17.0,81.52,-21.77,-19.45,-16.68,-100.26,19.66,11.97,22.72,-59.59,-4.940000000000001,22.57,27.53
2025-08-11T17:27:02.205409,113.0,-68.0,31.0,-9.0,47.0,-1.0,36.0,-35.0,-13.0,-6.0,-12.0,-63.0,102.52,-50.769999999999996,28.55,-19.68,30.74,26.66,26.97,-36.28,-13.59,13.059999999999999,-44.43,-18.47
2025-08-11T17:27:02.213252,85.0,-34.0,28.0,-18.0,-2.0,7.0,56.0,24.0,4.0,11.0,92.0,-24.0,74.52,-16.77,25.55,-28.68,-18.26,34.66,46.97,22.72,3.41,30.06,59.57,20.53
2025-08-11T17:27:02.217536,52.0,-20.0,47.0,12.0,78.0,8.0,30.0,26.0,-73.0,-31.0,8.0,-34.0,41.519999999999996,-2.7699999999999996,44.55,1.3200000000000003,61.739999999999995,35.66,20.97,24.72,-73.59,-11.940000000000001,-24.43,10.530000000000001
2025-08-11T17:27:02.225464,40.0,16.0,13.0,48.0,26.0,-47.0,27.0,3.0,56.0,2.0,8.0,-60.0,29.52,33.230000000000004,10.55,37.32,9.739999999999998,-19.34,17.97,1.72,55.41,21.06,-24.43,-15.469999999999999
2025-08-11T17:27:02.229816,58.0,-42.0,-9.0,32.0,-8.0,-55.0,27.0,-38.0,-56.0,7.0,25.0,-50.0,47.519999999999996,-24.77,-11.45,21.32,-24.26,-27.34,17.97,-39.28,-56.59,26.06,-7.43,-5.469999999999999
2025-08-11T17:27:02.237942,38.0,-33.0,-11.0,17.0,3.0,-72.0,-1.0,74.0,40.0,-21.0,26.0,-35.0,27.52,-15.77,-13.45,6.32,-13.260000000000002,-44.34,-10.03,72.72,39.41,-1.9400000000000013,-6.43,9.530000000000001
2025-08-11T17:27:02.242057,34.0,-23.0,-4.0,-64.0,-3.0,4.0,39.0,-26.0,-25.0,-73.0,34.0,-64.0,23.52,-5.77,-6.45,-74.68,-19.26,31.66,29.97,-27.28,-25.59,-53.94,1.5700000000000003,-19.47
2025-08-11T17:27:02.250328,80.0,-68.0,63.0,-19.0,69.0,15.0,-24.0,4.0,-25.0,-25.0,46.0,-31.0,69.52,-50.769999999999996,60.55,-29.68,52.739999999999995,42.66,-33.03,2.7199999999999998,-25.59,-5.940000000000001,13.57,13.530000000000001
2025-08-11T17:27:02.254206,65.0,-98.0,34.0,37.0,43.0,-15.0,-7.0,-4.0,-44.0,-29.0,30.0,-65.0,54.519999999999996,-80.77,31.55,26.32,26.74,12.66,-16.03,-5.28,-44.59,-9.940000000000001,-2.4299999999999997,-20.47
2025-08-11T17:27:02.262371,-14.0,-43.0,14.0,-2.0,18.0,-16.0,2.0,-9.0,-19.0,-27.0,-12.0,-32.0,-24.48,-25.77,11.55,-12.68,1.7399999999999984,11.66,-7.029999999999999,-10.28,-19.59,-7.940000000000001,-44.43,12.530000000000001
2025-08-11T17:27:02.266547,-10.0,70.0,44.0,73.0,-88.0,-33.0,39.0,6.0,-12.0,-97.0,68.0,-21.0,-20.48,87.23,41.55,62.32,-104.26,-5.34,29.97,4.72,-12.59,-77.94,35.57,23.53
2025-08-11T17:27:02.274751,-6.0,-14.0,-50.0,70.0,-11.0,-9.0,16.0,10.0,-45.0,-67.0,19.0,-65.0,-16.48,3.2300000000000004,-52.45,59.32,-27.26,18.66,6.970000000000001,8.72,-45.59,-47.94,-13.43,-20.47
2025-08-11T17:27:02.279019,-56.0,-27.0,0.0,23.0,-28.0,-17.0,46.0,15.0,-74.0,11.0,14.0,-9.0,-66.48,-9.77,-2.45,12.32,-44.260000000000005,10.66,36.97,13.72,-74.59,30.06,-18.43,35.53
2025-08-11T17:27:02.286867,-14.0,16.0,-61.0,-12.0,57.0,19.0,-40.0,-39.0,12.0,-87.0,-11.0,-94.0,-24.48,33.230000000000004,-63.45,-22.68,40.739999999999995,46.66,-49.03,-40.28,11.41,-67.94,-43.43,-49.47
2025-08-11T17:27:02.291083,66.0,36.0,-66.0,-32.0,68.0,9.0,15.0,30.0,19.0,26.0,72.0,2.0,55.519999999999996,53.230000000000004,-68.45,-42.68,51.739999999999995,36.66,5.970000000000001,28.72,18.41,45.06,39.57,46.53
2025-08-11T17:27:02.295134,67.0,1.0,-34.0,-6.0,58.0,-53.0,36.0,30.0,65.0,-57.0,102.0,-8.0,56.519999999999996,18.23,-36.45,-16.68,41.739999999999995,-25.34,26.97,28.72,64.41,-37.94,69.57,36.53
2025-08-11T17:27:02.303583,107.0,13.0,-32.0,51.0,31.0,-31.0,-21.0,-77.0,-18.0,-28.0,30.0,1.0,96.52,30.23,-34.45,40.32,14.739999999999998,-3.34,-30.03,-78.28,-18.59,-8.940000000000001,-2.4299999999999997,45.53
2025-08-11T17:27:02.311426,80.0,-23.0,-24.0,13.0,37.0,-15.0,55.0,-3.0,-14.0,-49.0,52.0,-109.0,69.52,-5.77,-26.45,2.3200000000000003,20.74,12.66,45.97,-4.28,-14.59,-29.94,19.57,-64.47
2025-08-11T17:27:02.315537,30.0,-90.0,91.0,-48.0,-28.0,24.0,4.0,-19.0,91.0,-7.0,75.0,-27.0,19.52,-72.77,88.55,-58.68,-44.260000000000005,51.66,-5.029999999999999,-20.28,90.41,12.059999999999999,42.57,17.53
2025-08-11T17:27:02.319715,3.0,-81.0,47.0,31.0,4.0,1.0,10.0,-58.0,-58.0,-59.0,139.0,-92.0,-7.48,-63.769999999999996,44.55,20.32,-12.260000000000002,28.66,0.9700000000000006,-59.28,-58.59,-39.94,106.57,-47.47
2025-08-11T17:27:02.327879,57.0,-45.0,51.0,68.0,12.0,58.0,35.0,16.0,6.0,-40.0,51.0,-53.0,46.519999999999996,-27.77,48.55,57.32,-4.260000000000002,85.66,25.97,14.72,5.41,-20.94,18.57,-8.469999999999999
2025-08-11T17:27:02.332604,-39.0,-62.0,25.0,53.0,51.0,-8.0,29.0,11.0,-33.0,-32.0,44.0,-104.0,-49.480000000000004,-44.769999999999996,22.55,42.32,34.739999999999995,19.66,19.97,9.72,-33.59,-12.940000000000001,11.57,-59.47
2025-08-11T17:27:02.340278,-26.0,19.0,3.0,12.0,51.0,6.0,22.0,-41.0,-43.0,-29.0,41.0,-65.0,-36.480000000000004,36.230000000000004,0.5499999999999998,1.3200000000000003,34.739999999999995,33.66,12.97,-42.28,-43.59,-9.940000000000001,8.57,-20.47
2025-08-11T17:27:02.344900,-5.0,36.0,58.0,-26.0,86.0,-74.0,-8.0,-4.0,52.0,28.0,32.0,-39.0,-15.48,53.230000000000004,55.55,-36.68,69.74,-46.34,-17.03,-5.28,51.41,47.06,-0.4299999999999997,5.530000000000001
2025-08-11T17:27:02.352530,22.0,53.0,41.0,66.0,7.0,-101.0,41.0,-64.0,3.0,17.0,78.0,-56.0,11.52,70.23,38.55,55.32,-9.260000000000002,-73.34,31.97,-65.28,2.41,36.06,45.57,-11.469999999999999
2025-08-11T17:27:02.357167,1.0,-82.0,15.0,-1.0,47.0,-46.0,41.0,25.0,48.0,7.0,97.0,-50.0,-9.48,-64.77,12.55,-11.68,30.74,-18.34,31.97,23.72,47.41,26.06,64.57,-5.469999999999999
2025-08-11T17:27:02.364852,22.0,47.0,-50.0,-14.0,58.0,26.0,91.0,-58.0,-39.0,-38.0,81.0,-51.0,11.52,64.23,-52.45,-24.68,41.739999999999995,53.66,81.97,-59.28,-39.59,-18.94,48.57,-6.469999999999999
2025-08-11T17:27:02.369041,-19.0,-38.0,-53.0,-30.0,6.0,-63.0,-17.0,-22.0,31.0,-27.0,69.0,-86.0,-29.48,-20.77,-55.45,-40.68,-10.260000000000002,-35.34,-26.03,-23.28,30.41,-7.940000000000001,36.57,-41.47
2025-08-11T17:27:02.377106,-16.0,35.0,-2.0,-3.0,27.0,15.0,-5.0,-56.0,-59.0,-15.0,14.0,-65.0,-26.48,52.230000000000004,-4.45,-13.68,10.739999999999998,42.66,-14.03,-57.28,-59.59,4.059999999999999,-18.43,-20.47
2025-08-11T17:27:02.381513,4.0,12.0,2.0,-40.0,35.0,26.0,-34.0,-32.0,60.0,-53.0,66.0,-83.0,-6.48,29.23,-0.4500000000000002,-50.68,18.74,53.66,-43.03,-33.28,59.41,-33.94,33.57,-38.47
2025-08-11T17:27:02.389423,61.0,-54.0,27.0,-1.0,-27.0,41.0,-6.0,59.0,-2.0,-25.0,59.0,-21.0,50.519999999999996,-36.769999999999996,24.55,-11.68,-43.260000000000005,68.66,-15.03,57.72,-2.59,-5.940000000000001,26.57,23.53
2025-08-11T17:27:02.393650,46.0,44.0,22.0,71.0,54.0,-10.0,-27.0,-36.0,54.0,-48.0,43.0,-43.0,35.519999999999996,61.230000000000004,19.55,60.32,37.739999999999995,17.66,-36.03,-37.28,53.41,-28.94,10.57,1.5300000000000011
2025-08-11T17:27:02.401713,32.0,-130.0,-60.0,-13.0,-16.0,-65.0,45.0,10.0,-35.0,-94.0,47.0,1.0,21.52,-112.77,-62.45,-23.68,-32.260000000000005,-37.34,35.97,8.72,-35.59,-74.94,14.57,45.53
2025-08-11T17:27:02.406027,44.0,-48.0,36.0,-50.0,48.0,3.0,-7.0,-26.0,-5.0,-88.0,32.0,-125.0,33.519999999999996,-30.77,33.55,-60.68,31.74,30.66,-16.03,-27.28,-5.59,-68.94,-0.4299999999999997,-80.47
2025-08-11T17:27:02.414015,8.0,-63.0,26.0,-52.0,-15.0,-1.0,28.0,-18.0,6.0,-72.0,62.0,-33.0,-2.4800000000000004,-45.769999999999996,23.55,-62.68,-31.26,26.66,18.97,-19.28,5.41,-52.94,29.57,11.530000000000001
2025-08-11T17:27:02.418072,-49.0,-108.0,29.0,7.0,92.0,41.0,72.0,-4.0,68.0,-53.0,2.0,-90.0,-59.480000000000004,-90.77,26.55,-3.6799999999999997,75.74,68.66,62.97,-5.28,67.41,-33.94,-30.43,-45.47
2025-08-11T17:27:02.426671,-23.0,-21.0,51.0,-25.0,81.0,14.0,-3.0,36.0,9.0,-18.0,78.0,-98.0,-33.480000000000004,-3.7699999999999996,48.55,-35.68,64.74,41.66,-12.03,34.72,8.41,1.0599999999999987,45.57,-53.47
2025-08-11T17:27:02.430582,-17.0,-72.0,73.0,-41.0,4.0,-28.0,-58.0,-12.0,19.0,-42.0,76.0,-79.0,-27.48,-54.769999999999996,70.55,-51.68,-12.260000000000002,-0.33999999999999986,-67.03,-13.28,18.41,-22.94,43.57,-34.47
2025-08-11T17:27:02.438551,-43.0,-14.0,17.0,95.0,-24.0,-89.0,-22.0,36.0,12.0,-31.0,38.0,-90.0,-53.480000000000004,3.2300000000000004,14.55,84.32,-40.260000000000005,-61.34,-31.03,34.72,11.41,-11.940000000000001,5.57,-45.47
2025-08-11T17:27:02.442721,-23.0,17.0,-4.0,27.0,52.0,-18.0,20.0,29.0,8.0,-101.0,35.0,-87.0,-33.480000000000004,34.230000000000004,-6.45,16.32,35.739999999999995,9.66,10.97,27.72,7.41,-81.94,2.5700000000000003,-42.47
2025-08-11T17:27:02.450600,-70.0,3.0,-40.0,63.0,0.0,1.0,-20.0,12.0,70.0,-68.0,73.0,-5.0,-80.48,20.23,-42.45,52.32,-16.26,28.66,-29.03,10.72,69.41,-48.94,40.57,39.53
2025-08-11T17:27:02.455024,-102.0,3.0,-48.0,47.0,-25.0,22.0,26.0,-27.0,65.0,-45.0,44.0,4.0,-112.48,20.23,-50.45,36.32,-41.260000000000005,49.66,16.97,-28.28,64.41,-25.94,11.57,48.53
