timestamp,x1,y1,z1,x2,y2,z2,x3,y3,z3,x4,y4,z4,x1_calib,y1_calib,z1_calib,x2_calib,y2_calib,z2_calib,x3_calib,y3_calib,z3_calib,x4_calib,y4_calib,z4_calib
2025-08-11T17:40:34.064555,0.0,28.0,-40.0,-97.0,-57.0,-44.0,-41.0,-13.0,-28.0,-9.0,6.0,-46.0,6.58,-1.0,-55.31,-85.45,-76.21000000000001,-22.96,-19.25,-27.93,-8.7,-13.25,-14.5,-21.91
2025-08-11T17:40:34.068647,1.0,14.0,11.0,4.0,89.0,-26.0,-83.0,-19.0,-40.0,-31.0,74.0,-24.0,7.58,-15.0,-4.3100000000000005,15.55,69.78999999999999,-4.960000000000001,-61.25,-33.93,-20.7,-35.25,53.5,0.08999999999999986
2025-08-11T17:40:34.076724,-61.0,46.0,22.0,-91.0,18.0,-14.0,-23.0,56.0,-64.0,-31.0,9.0,35.0,-54.42,17.0,6.6899999999999995,-79.45,-1.2100000000000009,7.039999999999999,-1.25,41.07,-44.7,-35.25,-11.5,59.09
2025-08-11T17:40:34.081040,-55.0,80.0,-20.0,-38.0,32.0,-1.0,-67.0,40.0,-11.0,1.0,39.0,14.0,-48.42,51.0,-35.31,-26.45,12.79,20.04,-45.25,25.07,8.3,-3.25,18.5,38.09
2025-08-11T17:40:34.088888,60.0,8.0,47.0,17.0,59.0,25.0,-53.0,6.0,39.0,-4.0,3.0,-54.0,66.58,-21.0,31.689999999999998,28.55,39.79,46.04,-31.25,-8.93,58.3,-8.25,-17.5,-29.91
2025-08-11T17:40:34.093217,-27.0,120.0,-50.0,8.0,55.0,-38.0,43.0,0.0,-4.0,-22.0,9.0,-20.0,-20.42,91.0,-65.31,19.55,35.79,-16.96,64.75,-14.93,15.3,-26.25,-11.5,4.09
2025-08-11T17:40:34.101366,29.0,19.0,28.0,-35.0,-35.0,-45.0,-4.0,26.0,-23.0,5.0,30.0,-21.0,35.58,-10.0,12.69,-23.45,-54.21,-23.96,17.75,11.07,-3.6999999999999993,0.75,9.5,3.09
2025-08-11T17:40:34.105450,3.0,15.0,-35.0,20.0,47.0,-54.0,-41.0,-1.0,52.0,13.0,15.0,7.0,9.58,-14.0,-50.31,31.55,27.79,-32.96,-19.25,-15.93,71.3,8.75,-5.5,31.09
2025-08-11T17:40:34.113630,38.0,53.0,4.0,31.0,6.0,-13.0,-40.0,-9.0,12.0,-34.0,-10.0,-18.0,44.58,24.0,-11.31,42.55,-13.21,8.04,-18.25,-23.93,31.3,-38.25,-30.5,6.09
2025-08-11T17:40:34.117879,53.0,11.0,-33.0,-9.0,45.0,-5.0,-85.0,17.0,-37.0,8.0,67.0,-97.0,59.58,-18.0,-48.31,2.5500000000000007,25.79,16.04,-63.25,2.0700000000000003,-17.7,3.75,46.5,-72.91
2025-08-11T17:40:34.125719,42.0,45.0,-5.0,21.0,32.0,-38.0,4.0,14.0,26.0,20.0,37.0,-35.0,48.58,16.0,-20.310000000000002,32.55,12.79,-16.96,25.75,-0.9299999999999997,45.3,15.75,16.5,-10.91
2025-08-11T17:40:34.130069,-52.0,40.0,26.0,39.0,46.0,-67.0,-34.0,30.0,-1.0,62.0,50.0,-47.0,-45.42,11.0,10.69,50.55,26.79,-45.96,-12.25,15.07,18.3,57.75,29.5,-22.91
2025-08-11T17:40:34.138139,-10.0,81.0,60.0,-51.0,-10.0,-3.0,-19.0,99.0,-53.0,-10.0,-52.0,-33.0,-3.42,52.0,44.69,-39.45,-29.21,18.04,2.75,84.07,-33.7,-14.25,-72.5,-8.91
2025-08-11T17:40:34.142405,35.0,11.0,16.0,-44.0,-3.0,-68.0,-38.0,0.0,-35.0,30.0,-2.0,-5.0,41.58,-18.0,0.6899999999999995,-32.45,-22.21,-46.96,-16.25,-14.93,-15.7,25.75,-22.5,19.09
2025-08-11T17:40:34.150229,13.0,-15.0,-40.0,10.0,19.0,25.0,25.0,32.0,-12.0,18.0,-6.0,-6.0,19.58,-44.0,-55.31,21.55,-0.21000000000000085,46.04,46.75,17.07,7.300000000000001,13.75,-26.5,18.09
2025-08-11T17:40:34.154456,-3.0,-19.0,36.0,-4.0,0.0,19.0,-28.0,34.0,2.0,-9.0,-10.0,10.0,3.58,-48.0,20.689999999999998,7.550000000000001,-19.21,40.04,-6.25,19.07,21.3,-13.25,-30.5,34.09
2025-08-11T17:40:34.162618,21.0,13.0,-47.0,-58.0,26.0,-46.0,27.0,-16.0,-60.0,-25.0,33.0,8.0,27.58,-16.0,-62.31,-46.45,6.789999999999999,-24.96,48.75,-30.93,-40.7,-29.25,12.5,32.09
2025-08-11T17:40:34.166988,-5.0,46.0,-20.0,-7.0,51.0,-24.0,-54.0,19.0,-48.0,0.0,-12.0,-69.0,1.58,17.0,-35.31,4.550000000000001,31.79,-2.960000000000001,-32.25,4.07,-28.7,-4.25,-32.5,-44.91
2025-08-11T17:40:34.171529,36.0,-34.0,42.0,6.0,27.0,-45.0,10.0,9.0,-25.0,51.0,17.0,-37.0,42.58,-63.0,26.689999999999998,17.55,7.789999999999999,-23.96,31.75,-5.93,-5.699999999999999,46.75,-3.5,-12.91
2025-08-11T17:40:34.179269,72.0,60.0,49.0,-12.0,4.0,21.0,-16.0,-16.0,33.0,31.0,-24.0,-19.0,78.58,31.0,33.69,-0.4499999999999993,-15.21,42.04,5.75,-30.93,52.3,26.75,-44.5,5.09
2025-08-11T17:40:34.183708,-55.0,30.0,40.0,-52.0,28.0,-8.0,1.0,8.0,6.0,-43.0,32.0,25.0,-48.42,1.0,24.689999999999998,-40.45,8.79,13.04,22.75,-6.93,25.3,-47.25,11.5,49.09
2025-08-11T17:40:34.191389,-48.0,64.0,28.0,36.0,38.0,-8.0,-77.0,44.0,6.0,1.0,55.0,-9.0,-41.42,35.0,12.69,47.55,18.79,13.04,-55.25,29.07,25.3,-3.25,34.5,15.09
2025-08-11T17:40:34.196648,-12.0,57.0,-24.0,-13.0,39.0,21.0,24.0,7.0,3.0,-23.0,0.0,-5.0,-5.42,28.0,-39.31,-1.4499999999999993,19.79,42.04,45.75,-7.93,22.3,-27.25,-20.5,19.09
2025-08-11T17:40:34.203625,-82.0,11.0,52.0,10.0,36.0,7.0,-28.0,24.0,-23.0,10.0,22.0,-30.0,-75.42,-18.0,36.69,21.55,16.79,28.04,-6.25,9.07,-3.6999999999999993,5.75,1.5,-5.91
2025-08-11T17:40:34.208029,-39.0,123.0,78.0,-48.0,16.0,-20.0,-31.0,-4.0,3.0,33.0,17.0,-29.0,-32.42,94.0,62.69,-36.45,-3.210000000000001,1.0399999999999991,-9.25,-18.93,22.3,28.75,-3.5,-4.91
2025-08-11T17:40:34.215826,-53.0,60.0,56.0,-18.0,-10.0,3.0,-30.0,86.0,-11.0,5.0,20.0,-53.0,-46.42,31.0,40.69,-6.449999999999999,-29.21,24.04,-8.25,71.07,8.3,0.75,-0.5,-28.91
2025-08-11T17:40:34.220361,-42.0,109.0,67.0,43.0,61.0,33.0,-20.0,14.0,-84.0,27.0,73.0,-49.0,-35.42,80.0,51.69,54.55,41.79,54.04,1.75,-0.9299999999999997,-64.7,22.75,52.5,-24.91
2025-08-11T17:40:34.228401,-50.0,34.0,20.0,126.0,-7.0,-13.0,-37.0,54.0,-18.0,-57.0,34.0,-68.0,-43.42,5.0,4.6899999999999995,137.55,-26.21,8.04,-15.25,39.07,1.3000000000000007,-61.25,13.5,-43.91
2025-08-11T17:40:34.232839,52.0,57.0,42.0,-11.0,14.0,-11.0,-10.0,6.0,-22.0,26.0,35.0,21.0,58.58,28.0,26.689999999999998,0.5500000000000007,-5.210000000000001,10.04,11.75,-8.93,-2.6999999999999993,21.75,14.5,45.09
2025-08-11T17:40:34.240569,-4.0,5.0,-41.0,-50.0,28.0,-59.0,-51.0,33.0,0.0,-21.0,-28.0,-43.0,2.58,-24.0,-56.31,-38.45,8.79,-37.96,-29.25,18.07,19.3,-25.25,-48.5,-18.91
2025-08-11T17:40:34.244732,-30.0,39.0,-15.0,-16.0,12.0,24.0,8.0,7.0,37.0,45.0,22.0,-50.0,-23.42,10.0,-30.310000000000002,-4.449999999999999,-7.210000000000001,45.04,29.75,-7.93,56.3,40.75,1.5,-25.91
2025-08-11T17:40:34.252866,-26.0,-1.0,-5.0,-24.0,10.0,-22.0,-42.0,-20.0,-30.0,51.0,73.0,14.0,-19.42,-30.0,-20.310000000000002,-12.45,-9.21,-0.9600000000000009,-20.25,-34.93,-10.7,46.75,52.5,38.09
2025-08-11T17:40:34.257097,71.0,1.0,4.0,52.0,67.0,0.0,-54.0,-24.0,7.0,-56.0,32.0,-64.0,77.58,-28.0,-11.31,63.55,47.79,21.04,-32.25,-38.93,26.3,-60.25,11.5,-39.91
2025-08-11T17:40:34.265057,-12.0,-28.0,4.0,-45.0,38.0,-66.0,15.0,8.0,9.0,5.0,23.0,-92.0,-5.42,-57.0,-11.31,-33.45,18.79,-44.96,36.75,-6.93,28.3,0.75,2.5,-67.91
2025-08-11T17:40:34.269430,-45.0,50.0,25.0,6.0,12.0,23.0,-45.0,30.0,26.0,7.0,57.0,6.0,-38.42,21.0,9.69,17.55,-7.210000000000001,44.04,-23.25,15.07,45.3,2.75,36.5,30.09
2025-08-11T17:40:34.277372,38.0,-10.0,29.0,42.0,65.0,-70.0,17.0,14.0,-14.0,37.0,12.0,-40.0,44.58,-39.0,13.69,53.55,45.79,-48.96,38.75,-0.9299999999999997,5.300000000000001,32.75,-8.5,-15.91
2025-08-11T17:40:34.281604,62.0,-21.0,-36.0,-28.0,26.0,-37.0,38.0,70.0,-2.0,5.0,42.0,-44.0,68.58,-50.0,-51.31,-16.45,6.789999999999999,-15.96,59.75,55.07,17.3,0.75,21.5,-19.91
2025-08-11T17:40:34.289681,-22.0,14.0,42.0,23.0,29.0,-49.0,-38.0,13.0,-30.0,-5.0,47.0,-71.0,-15.42,-15.0,26.689999999999998,34.55,9.79,-27.96,-16.25,-1.9299999999999997,-10.7,-9.25,26.5,-46.91
2025-08-11T17:40:34.293851,-56.0,-33.0,1.0,63.0,16.0,-15.0,-51.0,12.0,-107.0,-13.0,21.0,-31.0,-49.42,-62.0,-14.31,74.55,-3.210000000000001,6.039999999999999,-29.25,-2.9299999999999997,-87.7,-17.25,0.5,-6.91
2025-08-11T17:40:34.301914,24.0,95.0,11.0,-48.0,41.0,-42.0,-40.0,49.0,43.0,21.0,53.0,-17.0,30.58,66.0,-4.3100000000000005,-36.45,21.79,-20.96,-18.25,34.07,62.3,16.75,32.5,7.09
2025-08-11T17:40:34.306121,-17.0,-7.0,4.0,-12.0,53.0,16.0,-82.0,19.0,9.0,-25.0,29.0,3.0,-10.42,-36.0,-11.31,-0.4499999999999993,33.79,37.04,-60.25,4.07,28.3,-29.25,8.5,27.09
2025-08-11T17:40:34.314152,-24.0,31.0,-34.0,-49.0,18.0,-51.0,-43.0,5.0,49.0,46.0,5.0,-72.0,-17.42,2.0,-49.31,-37.45,-1.2100000000000009,-29.96,-21.25,-9.93,68.3,41.75,-15.5,-47.91
2025-08-11T17:40:34.318494,68.0,-20.0,-29.0,22.0,83.0,6.0,-82.0,11.0,-50.0,-1.0,43.0,-30.0,74.58,-49.0,-44.31,33.55,63.79,27.04,-60.25,-3.9299999999999997,-30.7,-5.25,22.5,-5.91
2025-08-11T17:40:34.326551,-14.0,20.0,-35.0,-1.0,-18.0,-109.0,-51.0,40.0,15.0,-32.0,33.0,-13.0,-7.42,-9.0,-50.31,10.55,-37.21,-87.96000000000001,-29.25,25.07,34.3,-36.25,12.5,11.09
2025-08-11T17:40:34.330891,-21.0,34.0,-58.0,-24.0,14.0,-22.0,-84.0,55.0,-23.0,18.0,100.0,3.0,-14.42,5.0,-73.31,-12.45,-5.210000000000001,-0.9600000000000009,-62.25,40.07,-3.6999999999999993,13.75,79.5,27.09
2025-08-11T17:40:34.339062,30.0,34.0,3.0,-17.0,-56.0,-72.0,-24.0,51.0,-33.0,-29.0,83.0,-18.0,36.58,5.0,-12.31,-5.449999999999999,-75.21000000000001,-50.96,-2.25,36.07,-13.7,-33.25,62.5,6.09
2025-08-11T17:40:34.343013,29.0,36.0,60.0,-34.0,38.0,-9.0,-42.0,-12.0,-58.0,-7.0,-2.0,-46.0,35.58,7.0,44.69,-22.45,18.79,12.04,-20.25,-26.93,-38.7,-11.25,-22.5,-21.91
2025-08-11T17:40:34.351133,33.0,1.0,21.0,-31.0,28.0,-42.0,-13.0,-3.0,-43.0,-31.0,65.0,-27.0,39.58,-28.0,5.6899999999999995,-19.45,8.79,-20.96,8.75,-17.93,-23.7,-35.25,44.5,-2.91
2025-08-11T17:40:34.355377,3.0,-11.0,-5.0,-28.0,-22.0,4.0,-34.0,-13.0,-5.0,19.0,9.0,-11.0,9.58,-40.0,-20.310000000000002,-16.45,-41.21,25.04,-12.25,-27.93,14.3,14.75,-11.5,13.09
2025-08-11T17:40:34.363281,-31.0,4.0,35.0,-31.0,-17.0,-15.0,-30.0,-34.0,-16.0,-15.0,-8.0,30.0,-24.42,-25.0,19.689999999999998,-19.45,-36.21,6.039999999999999,-8.25,-48.93,3.3000000000000007,-19.25,-28.5,54.09
2025-08-11T17:40:34.367680,12.0,49.0,55.0,-28.0,30.0,3.0,-54.0,15.0,49.0,21.0,6.0,-26.0,18.58,20.0,39.69,-16.45,10.79,24.04,-32.25,0.07000000000000028,68.3,16.75,-14.5,-1.9100000000000001
2025-08-11T17:40:34.372494,-2.0,-26.0,36.0,-33.0,53.0,-22.0,-1.0,34.0,35.0,25.0,12.0,-64.0,4.58,-55.0,20.689999999999998,-21.45,33.79,-0.9600000000000009,20.75,19.07,54.3,20.75,-8.5,-39.91
2025-08-11T17:40:34.379937,12.0,53.0,8.0,39.0,37.0,18.0,-11.0,22.0,4.0,62.0,39.0,6.0,18.58,24.0,-7.3100000000000005,50.55,17.79,39.04,10.75,7.07,23.3,57.75,18.5,30.09
2025-08-11T17:40:34.384187,-44.0,-6.0,4.0,-77.0,19.0,28.0,-10.0,64.0,-3.0,8.0,12.0,-17.0,-37.42,-35.0,-11.31,-65.45,-0.21000000000000085,49.04,11.75,49.07,16.3,3.75,-8.5,7.09
2025-08-11T17:40:34.392105,17.0,31.0,29.0,-39.0,-55.0,-36.0,-118.0,43.0,-6.0,23.0,2.0,38.0,23.58,2.0,13.69,-27.45,-74.21000000000001,-14.96,-96.25,28.07,13.3,18.75,-18.5,62.09
2025-08-11T17:40:34.396203,-5.0,32.0,6.0,36.0,-11.0,10.0,-28.0,27.0,-28.0,-18.0,52.0,-28.0,1.58,3.0,-9.31,47.55,-30.21,31.04,-6.25,12.07,-8.7,-22.25,31.5,-3.91
2025-08-11T17:40:34.404488,16.0,77.0,-32.0,-27.0,59.0,14.0,4.0,93.0,6.0,-37.0,22.0,-48.0,22.58,48.0,-47.31,-15.45,39.79,35.04,25.75,78.07,25.3,-41.25,1.5,-23.91
2025-08-11T17:40:34.408740,-54.0,19.0,16.0,-51.0,-38.0,11.0,10.0,39.0,-14.0,18.0,48.0,-21.0,-47.42,-10.0,0.6899999999999995,-39.45,-57.21,32.04,31.75,24.07,5.300000000000001,13.75,27.5,3.09
2025-08-11T17:40:34.416720,12.0,45.0,-23.0,-26.0,-87.0,15.0,-10.0,19.0,56.0,-8.0,-42.0,-42.0,18.58,16.0,-38.31,-14.45,-106.21000000000001,36.04,11.75,4.07,75.3,-12.25,-62.5,-17.91
2025-08-11T17:40:34.420847,3.0,66.0,-12.0,-3.0,35.0,-25.0,-10.0,-3.0,18.0,27.0,14.0,-106.0,9.58,37.0,-27.310000000000002,8.55,15.79,-3.960000000000001,11.75,-17.93,37.3,22.75,-6.5,-81.91
2025-08-11T17:40:34.428981,5.0,65.0,38.0,5.0,84.0,-27.0,-43.0,66.0,32.0,-5.0,44.0,-48.0,11.58,36.0,22.689999999999998,16.55,64.78999999999999,-5.960000000000001,-21.25,51.07,51.3,-9.25,23.5,-23.91
2025-08-11T17:40:34.433107,0.0,71.0,22.0,-4.0,45.0,-31.0,-20.0,28.0,-22.0,-2.0,36.0,-42.0,6.58,42.0,6.6899999999999995,7.550000000000001,25.79,-9.96,1.75,13.07,-2.6999999999999993,-6.25,15.5,-17.91
2025-08-11T17:40:34.441213,50.0,14.0,30.0,23.0,28.0,-7.0,-78.0,-19.0,-7.0,23.0,92.0,29.0,56.58,-15.0,14.69,34.55,8.79,14.04,-56.25,-33.93,12.3,18.75,71.5,53.09
2025-08-11T17:40:34.445539,20.0,34.0,-41.0,-7.0,34.0,2.0,-57.0,87.0,50.0,25.0,34.0,-50.0,26.58,5.0,-56.31,4.550000000000001,14.79,23.04,-35.25,72.07,69.3,20.75,13.5,-25.91
2025-08-11T17:40:34.453496,11.0,51.0,48.0,26.0,-28.0,-53.0,-69.0,32.0,38.0,-11.0,-82.0,-20.0,17.58,22.0,32.69,37.55,-47.21,-31.96,-47.25,17.07,57.3,-15.25,-102.5,4.09
2025-08-11T17:40:34.457745,54.0,-11.0,-18.0,-43.0,26.0,-61.0,23.0,57.0,22.0,54.0,36.0,-10.0,60.58,-40.0,-33.31,-31.45,6.789999999999999,-39.96,44.75,42.07,41.3,49.75,15.5,14.09
2025-08-11T17:40:34.465935,17.0,60.0,5.0,-37.0,60.0,-12.0,14.0,52.0,-50.0,26.0,-25.0,6.0,23.58,31.0,-10.31,-25.45,40.79,9.04,35.75,37.07,-30.7,21.75,-45.5,30.09
2025-08-11T17:40:34.470076,-5.0,69.0,23.0,7.0,68.0,-29.0,4.0,14.0,10.0,-68.0,76.0,12.0,1.58,40.0,7.6899999999999995,18.55,48.79,-7.960000000000001,25.75,-0.9299999999999997,29.3,-72.25,55.5,36.09
2025-08-11T17:40:34.478260,-14.0,0.0,-19.0,-37.0,28.0,-68.0,-36.0,34.0,-36.0,6.0,110.0,-39.0,-7.42,-29.0,-34.31,-25.45,8.79,-46.96,-14.25,19.07,-16.7,1.75,89.5,-14.91
2025-08-11T17:40:34.482608,13.0,-20.0,-2.0,10.0,36.0,8.0,4.0,2.0,37.0,-14.0,26.0,-25.0,19.58,-49.0,-17.310000000000002,21.55,16.79,29.04,25.75,-12.93,56.3,-18.25,5.5,-0.9100000000000001
2025-08-11T17:40:34.490473,-5.0,32.0,-41.0,-72.0,-22.0,35.0,-15.0,-18.0,-22.0,-28.0,24.0,-44.0,1.58,3.0,-56.31,-60.45,-41.21,56.04,6.75,-32.93,-2.6999999999999993,-32.25,3.5,-19.91
2025-08-11T17:40:34.494594,-74.0,13.0,37.0,-36.0,52.0,-11.0,20.0,45.0,-52.0,-14.0,48.0,-39.0,-67.42,-16.0,21.689999999999998,-24.45,32.79,10.04,41.75,30.07,-32.7,-18.25,27.5,-14.91
2025-08-11T17:40:34.502841,7.0,26.0,10.0,-98.0,48.0,12.0,-69.0,29.0,-42.0,11.0,-20.0,-7.0,13.58,-3.0,-5.3100000000000005,-86.45,28.79,33.04,-47.25,14.07,-22.7,6.75,-40.5,17.09
2025-08-11T17:40:34.507008,-56.0,92.0,-7.0,11.0,97.0,-28.0,-30.0,45.0,-22.0,9.0,33.0,4.0,-49.42,63.0,-22.310000000000002,22.55,77.78999999999999,-6.960000000000001,-8.25,30.07,-2.6999999999999993,4.75,12.5,28.09
2025-08-11T17:40:34.514962,2.0,1.0,28.0,-10.0,47.0,-45.0,-22.0,40.0,-108.0,-19.0,65.0,-82.0,8.58,-28.0,12.69,1.5500000000000007,27.79,-23.96,-0.25,25.07,-88.7,-23.25,44.5,-57.91
2025-08-11T17:40:34.519319,-30.0,-12.0,44.0,-19.0,-3.0,10.0,-39.0,72.0,-66.0,-9.0,27.0,-34.0,-23.42,-41.0,28.689999999999998,-7.449999999999999,-22.21,31.04,-17.25,57.07,-46.7,-13.25,6.5,-9.91
2025-08-11T17:40:34.527228,-72.0,3.0,31.0,3.0,-19.0,-33.0,-21.0,71.0,5.0,13.0,-29.0,-30.0,-65.42,-26.0,15.69,14.55,-38.21,-11.96,0.75,56.07,24.3,8.75,-49.5,-5.91
2025-08-11T17:40:34.531551,-11.0,59.0,24.0,17.0,22.0,-29.0,-41.0,12.0,-29.0,15.0,-52.0,-35.0,-4.42,30.0,8.69,28.55,2.789999999999999,-7.960000000000001,-19.25,-2.9299999999999997,-9.7,10.75,-72.5,-10.91
2025-08-11T17:40:34.539677,-74.0,45.0,-18.0,-54.0,40.0,-17.0,-38.0,25.0,31.0,-40.0,4.0,-82.0,-67.42,16.0,-33.31,-42.45,20.79,4.039999999999999,-16.25,10.07,50.3,-44.25,-16.5,-57.91
2025-08-11T17:40:34.543766,0.0,64.0,12.0,-38.0,41.0,17.0,52.0,2.0,6.0,-29.0,28.0,-27.0,6.58,35.0,-3.3100000000000005,-26.45,21.79,38.04,73.75,-12.93,25.3,-33.25,7.5,-2.91
2025-08-11T17:40:34.551869,57.0,37.0,23.0,43.0,65.0,-62.0,-4.0,76.0,26.0,-97.0,26.0,38.0,63.58,8.0,7.6899999999999995,54.55,45.79,-40.96,17.75,61.07,45.3,-101.25,5.5,62.09
2025-08-11T17:40:34.556090,-4.0,81.0,44.0,-48.0,24.0,-7.0,-20.0,11.0,42.0,55.0,47.0,-44.0,2.58,52.0,28.689999999999998,-36.45,4.789999999999999,14.04,1.75,-3.9299999999999997,61.3,50.75,26.5,-19.91
2025-08-11T17:40:34.564159,-3.0,11.0,37.0,11.0,53.0,-69.0,-67.0,-44.0,2.0,-56.0,13.0,-27.0,3.58,-18.0,21.689999999999998,22.55,33.79,-47.96,-45.25,-58.93,21.3,-60.25,-7.5,-2.91
2025-08-11T17:40:34.568425,29.0,83.0,-8.0,-50.0,19.0,-56.0,-46.0,-64.0,35.0,22.0,37.0,6.0,35.58,54.0,-23.310000000000002,-38.45,-0.21000000000000085,-34.96,-24.25,-78.93,54.3,17.75,16.5,30.09
2025-08-11T17:40:34.576415,-9.0,63.0,-55.0,-18.0,41.0,-79.0,11.0,-28.0,-48.0,-14.0,58.0,-44.0,-2.42,34.0,-70.31,-6.449999999999999,21.79,-57.96,32.75,-42.93,-28.7,-18.25,37.5,-19.91
2025-08-11T17:40:34.580612,-1.0,92.0,11.0,-32.0,109.0,-41.0,84.0,47.0,7.0,-14.0,-18.0,1.0,5.58,63.0,-4.3100000000000005,-20.45,89.78999999999999,-19.96,105.75,32.07,26.3,-18.25,-38.5,25.09
2025-08-11T17:40:34.588509,13.0,54.0,-70.0,32.0,36.0,-20.0,27.0,53.0,-6.0,37.0,-50.0,5.0,19.58,25.0,-85.31,43.55,16.79,1.0399999999999991,48.75,38.07,13.3,32.75,-70.5,29.09
2025-08-11T17:40:34.593001,43.0,-18.0,-22.0,-71.0,-73.0,-34.0,28.0,89.0,-2.0,74.0,59.0,-33.0,49.58,-47.0,-37.31,-59.45,-92.21000000000001,-12.96,49.75,74.07,17.3,69.75,38.5,-8.91
2025-08-11T17:40:34.600890,67.0,17.0,-6.0,19.0,19.0,-6.0,-43.0,-5.0,-11.0,-10.0,-6.0,46.0,73.58,-12.0,-21.310000000000002,30.55,-0.21000000000000085,15.04,-21.25,-19.93,8.3,-14.25,-26.5,70.09
2025-08-11T17:40:34.605209,-10.0,32.0,36.0,-19.0,14.0,-88.0,-2.0,-18.0,-33.0,-12.0,14.0,-9.0,-3.42,3.0,20.689999999999998,-7.449999999999999,-5.210000000000001,-66.96000000000001,19.75,-32.93,-13.7,-16.25,-6.5,15.09
2025-08-11T17:40:34.613084,16.0,11.0,16.0,36.0,-25.0,15.0,-15.0,47.0,-26.0,13.0,-1.0,-21.0,22.58,-18.0,0.6899999999999995,47.55,-44.21,36.04,6.75,32.07,-6.699999999999999,8.75,-21.5,3.09
2025-08-11T17:40:34.617558,46.0,14.0,40.0,-80.0,56.0,-2.0,-49.0,72.0,27.0,-2.0,-21.0,-18.0,52.58,-15.0,24.689999999999998,-68.45,36.79,19.04,-27.25,57.07,46.3,-6.25,-41.5,6.09
2025-08-11T17:40:34.621777,-36.0,2.0,64.0,-3.0,29.0,-52.0,-60.0,40.0,32.0,-4.0,2.0,45.0,-29.42,-27.0,48.69,8.55,9.79,-30.96,-38.25,25.07,51.3,-8.25,-18.5,69.09
2025-08-11T17:40:34.629687,-15.0,-4.0,7.0,-32.0,37.0,-11.0,-51.0,-14.0,42.0,-50.0,38.0,27.0,-8.42,-33.0,-8.31,-20.45,17.79,10.04,-29.25,-28.93,61.3,-54.25,17.5,51.09
2025-08-11T17:40:34.634523,-2.0,38.0,-2.0,10.0,-12.0,-25.0,-60.0,51.0,-50.0,2.0,23.0,12.0,4.58,9.0,-17.310000000000002,21.55,-31.21,-3.960000000000001,-38.25,36.07,-30.7,-2.25,2.5,36.09
2025-08-11T17:40:34.642146,-51.0,-10.0,32.0,-27.0,-37.0,62.0,-37.0,60.0,10.0,-19.0,58.0,-22.0,-44.42,-39.0,16.689999999999998,-15.45,-56.21,83.03999999999999,-15.25,45.07,29.3,-23.25,37.5,2.09
2025-08-11T17:40:34.647011,-7.0,31.0,-34.0,-18.0,22.0,43.0,19.0,26.0,-11.0,2.0,68.0,-21.0,-0.41999999999999993,2.0,-49.31,-6.449999999999999,2.789999999999999,64.03999999999999,40.75,11.07,8.3,-2.25,47.5,3.09
2025-08-11T17:40:34.654439,19.0,31.0,-10.0,-50.0,16.0,-3.0,-36.0,17.0,-86.0,28.0,-17.0,-13.0,25.58,2.0,-25.310000000000002,-38.45,-3.210000000000001,18.04,-14.25,2.0700000000000003,-66.7,23.75,-37.5,11.09
2025-08-11T17:40:34.659267,-93.0,95.0,-22.0,1.0,51.0,3.0,11.0,4.0,-24.0,8.0,49.0,11.0,-86.42,66.0,-37.31,12.55,31.79,24.04,32.75,-10.93,-4.699999999999999,3.75,28.5,35.09
2025-08-11T17:40:34.666535,-70.0,19.0,16.0,-51.0,24.0,21.0,-2.0,13.0,-39.0,53.0,19.0,18.0,-63.42,-10.0,0.6899999999999995,-39.45,4.789999999999999,42.04,19.75,-1.9299999999999997,-19.7,48.75,-1.5,42.09
2025-08-11T17:40:34.671605,32.0,-44.0,17.0,12.0,45.0,0.0,39.0,4.0,30.0,39.0,-40.0,2.0,38.58,-73.0,1.6899999999999995,23.55,25.79,21.04,60.75,-10.93,49.3,34.75,-60.5,26.09
2025-08-11T17:40:34.678747,-27.0,29.0,-4.0,-28.0,48.0,-45.0,17.0,13.0,24.0,43.0,-53.0,0.0,-20.42,0.0,-19.310000000000002,-16.45,28.79,-23.96,38.75,-1.9299999999999997,43.3,38.75,-73.5,24.09
2025-08-11T17:40:34.683320,2.0,1.0,-60.0,11.0,14.0,-25.0,-33.0,17.0,0.0,26.0,8.0,-25.0,8.58,-28.0,-75.31,22.55,-5.210000000000001,-3.960000000000001,-11.25,2.0700000000000003,19.3,21.75,-12.5,-0.9100000000000001
2025-08-11T17:40:34.691285,14.0,27.0,-44.0,-15.0,-21.0,36.0,-7.0,-45.0,-34.0,59.0,57.0,16.0,20.58,-2.0,-59.31,-3.4499999999999993,-40.21,57.04,14.75,-59.93,-14.7,54.75,36.5,40.09
2025-08-11T17:40:34.695478,0.0,4.0,-27.0,-28.0,-9.0,-57.0,10.0,33.0,-64.0,-67.0,3.0,-63.0,6.58,-25.0,-42.31,-16.45,-28.21,-35.96,31.75,18.07,-44.7,-71.25,-17.5,-38.91
2025-08-11T17:40:34.703554,34.0,40.0,-28.0,-61.0,42.0,-34.0,-58.0,-15.0,-46.0,36.0,-39.0,3.0,40.58,11.0,-43.31,-49.45,22.79,-12.96,-36.25,-29.93,-26.7,31.75,-59.5,27.09
2025-08-11T17:40:34.707664,15.0,-2.0,59.0,13.0,14.0,-20.0,-6.0,18.0,-37.0,-46.0,74.0,8.0,21.58,-31.0,43.69,24.55,-5.210000000000001,1.0399999999999991,15.75,3.0700000000000003,-17.7,-50.25,53.5,32.09
2025-08-11T17:40:34.715808,-9.0,-8.0,-12.0,-35.0,57.0,-37.0,-61.0,81.0,-88.0,-11.0,58.0,-23.0,-2.42,-37.0,-27.310000000000002,-23.45,37.79,-15.96,-39.25,66.07,-68.7,-15.25,37.5,1.0899999999999999
2025-08-11T17:40:34.720079,5.0,16.0,86.0,2.0,37.0,-3.0,-102.0,-29.0,-51.0,22.0,76.0,1.0,11.58,-13.0,70.69,13.55,17.79,18.04,-80.25,-43.93,-31.7,17.75,55.5,25.09
2025-08-11T17:40:34.727987,17.0,-30.0,79.0,25.0,88.0,-47.0,-39.0,66.0,-28.0,20.0,66.0,-35.0,23.58,-59.0,63.69,36.55,68.78999999999999,-25.96,-17.25,51.07,-8.7,15.75,45.5,-10.91
2025-08-11T17:40:34.732282,3.0,63.0,11.0,-1.0,1.0,24.0,-53.0,72.0,12.0,43.0,82.0,-89.0,9.58,34.0,-4.3100000000000005,10.55,-18.21,45.04,-31.25,57.07,31.3,38.75,61.5,-64.91
2025-08-11T17:40:34.740116,8.0,-45.0,44.0,-20.0,-10.0,0.0,-72.0,-38.0,-31.0,38.0,44.0,-21.0,14.58,-74.0,28.689999999999998,-8.45,-29.21,21.04,-50.25,-52.93,-11.7,33.75,23.5,3.09
2025-08-11T17:40:34.744638,-14.0,32.0,-6.0,26.0,-15.0,-17.0,8.0,-24.0,-31.0,11.0,61.0,-47.0,-7.42,3.0,-21.310000000000002,37.55,-34.21,4.039999999999999,29.75,-38.93,-11.7,6.75,40.5,-22.91
2025-08-11T17:40:34.752452,-16.0,34.0,-13.0,-25.0,89.0,-35.0,28.0,-11.0,18.0,-4.0,-1.0,-79.0,-9.42,5.0,-28.310000000000002,-13.45,69.78999999999999,-13.96,49.75,-25.93,37.3,-8.25,-21.5,-54.91
2025-08-11T17:40:34.756786,16.0,52.0,65.0,54.0,33.0,-42.0,15.0,-39.0,5.0,-26.0,42.0,-50.0,22.58,23.0,49.69,65.55,13.79,-20.96,36.75,-53.93,24.3,-30.25,21.5,-25.91
2025-08-11T17:40:34.764751,18.0,62.0,27.0,-33.0,52.0,-33.0,-30.0,11.0,-3.0,10.0,74.0,-61.0,24.58,33.0,11.69,-21.45,32.79,-11.96,-8.25,-3.9299999999999997,16.3,5.75,53.5,-36.91
2025-08-11T17:40:34.769006,14.0,43.0,23.0,-16.0,55.0,-20.0,-76.0,-36.0,-32.0,-1.0,-14.0,-49.0,20.58,14.0,7.6899999999999995,-4.449999999999999,35.79,1.0399999999999991,-54.25,-50.93,-12.7,-5.25,-34.5,-24.91
2025-08-11T17:40:34.773332,-5.0,81.0,-1.0,-33.0,64.0,1.0,-70.0,36.0,19.0,19.0,116.0,-11.0,1.58,52.0,-16.310000000000002,-21.45,44.79,22.04,-48.25,21.07,38.3,14.75,95.5,13.09
2025-08-11T17:40:34.781297,-60.0,84.0,-3.0,13.0,-11.0,-60.0,-51.0,80.0,32.0,-16.0,-33.0,-46.0,-53.42,55.0,-18.310000000000002,24.55,-30.21,-38.96,-29.25,65.07,51.3,-20.25,-53.5,-21.91
2025-08-11T17:40:34.785493,14.0,18.0,-25.0,7.0,27.0,-83.0,-62.0,75.0,-53.0,-36.0,14.0,5.0,20.58,-11.0,-40.31,18.55,7.789999999999999,-61.96,-40.25,60.07,-33.7,-40.25,-6.5,29.09
2025-08-11T17:40:34.793768,-71.0,19.0,29.0,-126.0,27.0,19.0,-5.0,43.0,-95.0,-10.0,81.0,-26.0,-64.42,-10.0,13.69,-114.45,7.789999999999999,40.04,16.75,28.07,-75.7,-14.25,60.5,-1.9100000000000001
2025-08-11T17:40:34.801658,-29.0,42.0,-21.0,-27.0,81.0,-35.0,-37.0,71.0,-76.0,-83.0,111.0,-64.0,-22.42,13.0,-36.31,-15.45,61.79,-13.96,-15.25,56.07,-56.7,-87.25,90.5,-39.91
2025-08-11T17:40:34.805837,-12.0,33.0,32.0,35.0,66.0,-20.0,-37.0,3.0,9.0,74.0,7.0,-17.0,-5.42,4.0,16.689999999999998,46.55,46.79,1.0399999999999991,-15.25,-11.93,28.3,69.75,-13.5,7.09
2025-08-11T17:40:34.810290,51.0,-18.0,1.0,9.0,-10.0,9.0,-27.0,31.0,-12.0,67.0,76.0,-54.0,57.58,-47.0,-14.31,20.55,-29.21,30.04,-5.25,16.07,7.300000000000001,62.75,55.5,-29.91
2025-08-11T17:40:34.818155,66.0,25.0,33.0,-1.0,16.0,-45.0,-16.0,8.0,-53.0,-21.0,72.0,-42.0,72.58,-4.0,17.689999999999998,10.55,-3.210000000000001,-23.96,5.75,-6.93,-33.7,-25.25,51.5,-17.91
2025-08-11T17:40:34.823065,10.0,38.0,26.0,-10.0,94.0,-66.0,-52.0,0.0,31.0,-13.0,22.0,-36.0,16.58,9.0,10.69,1.5500000000000007,74.78999999999999,-44.96,-30.25,-14.93,50.3,-17.25,1.5,-11.91
2025-08-11T17:40:34.830255,18.0,24.0,-11.0,-6.0,59.0,-47.0,-60.0,37.0,-30.0,2.0,11.0,-94.0,24.58,-5.0,-26.310000000000002,5.550000000000001,39.79,-25.96,-38.25,22.07,-10.7,-2.25,-9.5,-69.91
2025-08-11T17:40:34.834533,-19.0,-18.0,-20.0,-35.0,79.0,0.0,-25.0,-3.0,1.0,-18.0,10.0,-103.0,-12.42,-47.0,-35.31,-23.45,59.79,21.04,-3.25,-17.93,20.3,-22.25,-10.5,-78.91
2025-08-11T17:40:34.842639,-10.0,22.0,5.0,-51.0,26.0,-17.0,23.0,102.0,-12.0,14.0,-16.0,17.0,-3.42,-7.0,-10.31,-39.45,6.789999999999999,4.039999999999999,44.75,87.07,7.300000000000001,9.75,-36.5,41.09
2025-08-11T17:40:34.846755,-9.0,-8.0,14.0,-66.0,-22.0,-5.0,-41.0,48.0,-19.0,10.0,20.0,-41.0,-2.42,-37.0,-1.3100000000000005,-54.45,-41.21,16.04,-19.25,33.07,0.3000000000000007,5.75,-0.5,-16.91
2025-08-11T17:40:34.854893,-93.0,33.0,34.0,14.0,30.0,-29.0,-30.0,35.0,-26.0,-15.0,37.0,-26.0,-86.42,4.0,18.689999999999998,25.55,10.79,-7.960000000000001,-8.25,20.07,-6.699999999999999,-19.25,16.5,-1.9100000000000001
2025-08-11T17:40:34.859058,35.0,26.0,-15.0,-45.0,31.0,-51.0,3.0,-30.0,-2.0,-8.0,-40.0,-26.0,41.58,-3.0,-30.310000000000002,-33.45,11.79,-29.96,24.75,-44.93,17.3,-12.25,-60.5,-1.9100000000000001
2025-08-11T17:40:34.867232,26.0,71.0,47.0,-12.0,15.0,-63.0,-34.0,70.0,-42.0,-34.0,53.0,-1.0,32.58,42.0,31.689999999999998,-0.4499999999999993,-4.210000000000001,-41.96,-12.25,55.07,-22.7,-38.25,32.5,23.09
2025-08-11T17:40:34.871416,43.0,90.0,17.0,-7.0,20.0,-32.0,59.0,29.0,-9.0,-37.0,34.0,-2.0,49.58,61.0,1.6899999999999995,4.550000000000001,0.7899999999999991,-10.96,80.75,14.07,10.3,-41.25,13.5,22.09
2025-08-11T17:40:34.879651,-91.0,42.0,74.0,-28.0,29.0,-2.0,32.0,77.0,-78.0,-39.0,68.0,-38.0,-84.42,13.0,58.69,-16.45,9.79,19.04,53.75,62.07,-58.7,-43.25,47.5,-13.91
2025-08-11T17:40:34.883748,-61.0,69.0,39.0,-35.0,-2.0,-51.0,-84.0,-35.0,9.0,25.0,28.0,-18.0,-54.42,40.0,23.689999999999998,-23.45,-21.21,-29.96,-62.25,-49.93,28.3,20.75,7.5,6.09
2025-08-11T17:40:34.891895,-59.0,-15.0,-58.0,-6.0,35.0,-13.0,16.0,42.0,-102.0,36.0,62.0,-66.0,-52.42,-44.0,-73.31,5.550000000000001,15.79,8.04,37.75,27.07,-82.7,31.75,41.5,-41.91
2025-08-11T17:40:34.896231,-2.0,18.0,29.0,-13.0,78.0,-7.0,-40.0,-24.0,-34.0,45.0,22.0,-19.0,4.58,-11.0,13.69,-1.4499999999999993,58.79,14.04,-18.25,-38.93,-14.7,40.75,1.5,5.09
2025-08-11T17:40:34.904455,-5.0,72.0,7.0,-24.0,-11.0,-39.0,-30.0,-6.0,19.0,-37.0,-75.0,-53.0,1.58,43.0,-8.31,-12.45,-30.21,-17.96,-8.25,-20.93,38.3,-41.25,-95.5,-28.91
2025-08-11T17:40:34.908482,7.0,31.0,-89.0,-7.0,52.0,-50.0,-35.0,72.0,-11.0,-31.0,21.0,-11.0,13.58,2.0,-104.31,4.550000000000001,32.79,-28.96,-13.25,57.07,8.3,-35.25,0.5,13.09
2025-08-11T17:40:34.916375,39.0,87.0,-36.0,58.0,73.0,-26.0,-46.0,9.0,-57.0,-22.0,12.0,-74.0,45.58,58.0,-51.31,69.55,53.79,-4.960000000000001,-24.25,-5.93,-37.7,-26.25,-8.5,-49.91
2025-08-11T17:40:34.920558,28.0,53.0,-14.0,26.0,-34.0,-95.0,-5.0,41.0,-40.0,-82.0,34.0,-33.0,34.58,24.0,-29.310000000000002,37.55,-53.21,-73.96000000000001,16.75,26.07,-20.7,-86.25,13.5,-8.91
2025-08-11T17:40:34.928718,14.0,57.0,5.0,-83.0,38.0,-21.0,-65.0,27.0,-41.0,-22.0,65.0,-6.0,20.58,28.0,-10.31,-71.45,18.79,0.03999999999999915,-43.25,12.07,-21.7,-26.25,44.5,18.09
2025-08-11T17:40:34.933047,-30.0,-14.0,-26.0,-3.0,50.0,17.0,-40.0,49.0,-28.0,10.0,48.0,15.0,-23.42,-43.0,-41.31,8.55,30.79,38.04,-18.25,34.07,-8.7,5.75,27.5,39.09
2025-08-11T17:40:34.940967,30.0,28.0,-30.0,37.0,35.0,-78.0,-50.0,7.0,-16.0,-75.0,58.0,-74.0,36.58,-1.0,-45.31,48.55,15.79,-56.96,-28.25,-7.93,3.3000000000000007,-79.25,37.5,-49.91
2025-08-11T17:40:34.945397,43.0,29.0,59.0,17.0,86.0,-42.0,-38.0,-12.0,-19.0,-121.0,76.0,-30.0,49.58,0.0,43.69,28.55,66.78999999999999,-20.96,-16.25,-26.93,0.3000000000000007,-125.25,55.5,-5.91
2025-08-11T17:40:34.953167,45.0,0.0,0.0,-48.0,10.0,-11.0,-24.0,16.0,-1.0,6.0,37.0,-82.0,51.58,-29.0,-15.31,-36.45,-9.21,10.04,-2.25,1.0700000000000003,18.3,1.75,16.5,-57.91
2025-08-11T17:40:34.957628,-68.0,-17.0,41.0,-30.0,33.0,-19.0,-50.0,11.0,-15.0,26.0,50.0,-92.0,-61.42,-46.0,25.689999999999998,-18.45,13.79,2.039999999999999,-28.25,-3.9299999999999997,4.300000000000001,21.75,29.5,-67.91
2025-08-11T17:40:34.965654,-57.0,76.0,-28.0,-12.0,28.0,-56.0,-26.0,14.0,-54.0,21.0,-15.0,-80.0,-50.42,47.0,-43.31,-0.4499999999999993,8.79,-34.96,-4.25,-0.9299999999999997,-34.7,16.75,-35.5,-55.91
2025-08-11T17:40:34.969742,-72.0,70.0,-97.0,-49.0,1.0,-63.0,-5.0,34.0,-3.0,7.0,40.0,-18.0,-65.42,41.0,-112.31,-37.45,-18.21,-41.96,16.75,19.07,16.3,2.75,19.5,6.09
2025-08-11T17:40:34.977818,-95.0,72.0,-65.0,12.0,54.0,-12.0,-62.0,-17.0,-64.0,17.0,14.0,-36.0,-88.42,43.0,-80.31,23.55,34.79,9.04,-40.25,-31.93,-44.7,12.75,-6.5,-11.91
2025-08-11T17:40:34.982151,-31.0,18.0,12.0,-49.0,-12.0,-5.0,34.0,43.0,-46.0,-1.0,8.0,-36.0,-24.42,-11.0,-3.3100000000000005,-37.45,-31.21,16.04,55.75,28.07,-26.7,-5.25,-12.5,-11.91
2025-08-11T17:40:34.990147,2.0,-5.0,-39.0,32.0,-39.0,-22.0,-22.0,39.0,-37.0,-65.0,-1.0,-32.0,8.58,-34.0,-54.31,43.55,-58.21,-0.9600000000000009,-0.25,24.07,-17.7,-69.25,-21.5,-7.91
2025-08-11T17:40:34.994355,51.0,63.0,-2.0,2.0,-3.0,-60.0,-26.0,-10.0,-57.0,24.0,43.0,-25.0,57.58,34.0,-17.310000000000002,13.55,-22.21,-38.96,-4.25,-24.93,-37.7,19.75,22.5,-0.9100000000000001
2025-08-11T17:40:35.002366,-15.0,136.0,-92.0,-19.0,32.0,-21.0,39.0,34.0,-74.0,52.0,-1.0,-29.0,-8.42,107.0,-107.31,-7.449999999999999,12.79,0.03999999999999915,60.75,19.07,-54.7,47.75,-21.5,-4.91
2025-08-11T17:40:35.006718,85.0,45.0,-43.0,-9.0,38.0,-40.0,-6.0,25.0,-68.0,-26.0,-2.0,-63.0,91.58,16.0,-58.31,2.5500000000000007,18.79,-18.96,15.75,10.07,-48.7,-30.25,-22.5,-38.91
2025-08-11T17:40:35.014625,35.0,-16.0,-38.0,17.0,49.0,-23.0,-69.0,-5.0,-4.0,23.0,-2.0,-24.0,41.58,-45.0,-53.31,28.55,29.79,-1.9600000000000009,-47.25,-19.93,15.3,18.75,-22.5,0.08999999999999986
2025-08-11T17:40:35.018921,65.0,45.0,30.0,0.0,31.0,-36.0,-36.0,-26.0,0.0,5.0,96.0,-63.0,71.58,16.0,14.69,11.55,11.79,-14.96,-14.25,-40.93,19.3,0.75,75.5,-38.91
2025-08-11T17:40:35.023061,39.0,79.0,-47.0,6.0,45.0,-7.0,-10.0,55.0,-55.0,3.0,41.0,-54.0,45.58,50.0,-62.31,17.55,25.79,14.04,11.75,40.07,-35.7,-1.25,20.5,-29.91
2025-08-11T17:40:35.031125,48.0,-22.0,-88.0,7.0,91.0,-83.0,-39.0,41.0,-28.0,42.0,44.0,-56.0,54.58,-51.0,-103.31,18.55,71.78999999999999,-61.96,-17.25,26.07,-8.7,37.75,23.5,-31.91
2025-08-11T17:40:35.039178,-13.0,77.0,-56.0,-52.0,-2.0,-38.0,-5.0,121.0,-10.0,-43.0,28.0,7.0,-6.42,48.0,-71.31,-40.45,-21.21,-16.96,16.75,106.07,9.3,-47.25,7.5,31.09
2025-08-11T17:40:35.043489,21.0,70.0,37.0,-50.0,56.0,-59.0,-10.0,31.0,-33.0,-21.0,47.0,-80.0,27.58,41.0,21.689999999999998,-38.45,36.79,-37.96,11.75,16.07,-13.7,-25.25,26.5,-55.91
2025-08-11T17:40:35.051478,21.0,28.0,-25.0,-58.0,-48.0,-33.0,-93.0,31.0,-51.0,-64.0,-6.0,-52.0,27.58,-1.0,-40.31,-46.45,-67.21000000000001,-11.96,-71.25,16.07,-31.7,-68.25,-26.5,-27.91
2025-08-11T17:40:35.055774,-14.0,18.0,68.0,-75.0,10.0,-14.0,-20.0,79.0,-36.0,-10.0,60.0,-51.0,-7.42,-11.0,52.69,-63.45,-9.21,7.039999999999999,1.75,64.07,-16.7,-14.25,39.5,-26.91
2025-08-11T17:40:35.063969,-50.0,51.0,-40.0,-76.0,34.0,-57.0,-39.0,37.0,-12.0,19.0,-19.0,-51.0,-43.42,22.0,-55.31,-64.45,14.79,-35.96,-17.25,22.07,7.300000000000001,14.75,-39.5,-26.91
2025-08-11T17:40:35.068004,-61.0,13.0,-50.0,17.0,79.0,-42.0,-62.0,0.0,-70.0,-52.0,25.0,-18.0,-54.42,-16.0,-65.31,28.55,59.79,-20.96,-40.25,-14.93,-50.7,-56.25,4.5,6.09
2025-08-11T17:40:35.076003,11.0,59.0,-42.0,24.0,17.0,-60.0,-29.0,19.0,12.0,-38.0,-7.0,-42.0,17.58,30.0,-57.31,35.55,-2.210000000000001,-38.96,-7.25,4.07,31.3,-42.25,-27.5,-17.91
2025-08-11T17:40:35.080514,30.0,36.0,-103.0,20.0,-14.0,-50.0,-111.0,-3.0,-54.0,26.0,74.0,-109.0,36.58,7.0,-118.31,31.55,-33.21,-28.96,-89.25,-17.93,-34.7,21.75,53.5,-84.91
2025-08-11T17:40:35.084543,36.0,79.0,-10.0,21.0,92.0,3.0,-71.0,56.0,-20.0,20.0,11.0,-96.0,42.58,50.0,-25.310000000000002,32.55,72.78999999999999,24.04,-49.25,41.07,-0.6999999999999993,15.75,-9.5,-71.91
2025-08-11T17:40:35.093102,21.0,43.0,-27.0,5.0,-35.0,-74.0,-33.0,-7.0,3.0,37.0,34.0,-78.0,27.58,14.0,-42.31,16.55,-54.21,-52.96,-11.25,-21.93,22.3,32.75,13.5,-53.91
2025-08-11T17:40:35.100537,50.0,-18.0,-31.0,-49.0,-36.0,-79.0,-40.0,101.0,-27.0,-9.0,-21.0,-55.0,56.58,-47.0,-46.31,-37.45,-55.21,-57.96,-18.25,86.07,-7.699999999999999,-13.25,-41.5,-30.91
2025-08-11T17:40:35.104860,-92.0,40.0,25.0,-40.0,13.0,-67.0,-48.0,-56.0,-89.0,-25.0,3.0,-99.0,-85.42,11.0,9.69,-28.45,-6.210000000000001,-45.96,-26.25,-70.93,-69.7,-29.25,-17.5,-74.91
2025-08-11T17:40:35.108889,-9.0,23.0,42.0,26.0,-28.0,-58.0,-46.0,35.0,-47.0,70.0,49.0,-72.0,-2.42,-6.0,26.689999999999998,37.55,-47.21,-36.96,-24.25,20.07,-27.7,65.75,28.5,-47.91
2025-08-11T17:40:35.117255,-55.0,33.0,48.0,-12.0,8.0,-65.0,-20.0,67.0,-22.0,-56.0,68.0,-75.0,-48.42,4.0,32.69,-0.4499999999999993,-11.21,-43.96,1.75,52.07,-2.6999999999999993,-60.25,47.5,-50.91
2025-08-11T17:40:35.125259,-46.0,107.0,-7.0,-51.0,-26.0,-30.0,-32.0,43.0,-112.0,19.0,52.0,-52.0,-39.42,78.0,-22.310000000000002,-39.45,-45.21,-8.96,-10.25,28.07,-92.7,14.75,31.5,-27.91
2025-08-11T17:40:35.129457,-6.0,76.0,-3.0,-30.0,28.0,-18.0,-44.0,22.0,-78.0,-64.0,-29.0,-75.0,0.5800000000000001,47.0,-18.310000000000002,-18.45,8.79,3.039999999999999,-22.25,7.07,-58.7,-68.25,-49.5,-50.91
2025-08-11T17:40:35.133549,-12.0,85.0,18.0,-46.0,88.0,-29.0,-17.0,28.0,-57.0,-67.0,-35.0,-25.0,-5.42,56.0,2.6899999999999995,-34.45,68.78999999999999,-7.960000000000001,4.75,13.07,-37.7,-71.25,-55.5,-0.9100000000000001
2025-08-11T17:40:35.141771,-21.0,90.0,-62.0,-37.0,7.0,-64.0,-20.0,1.0,-70.0,-25.0,22.0,-8.0,-14.42,61.0,-77.31,-25.45,-12.21,-42.96,1.75,-13.93,-50.7,-29.25,1.5,16.09
2025-08-11T17:40:35.145828,-34.0,104.0,-78.0,-6.0,-17.0,-40.0,-20.0,7.0,-12.0,-9.0,-25.0,-62.0,-27.42,75.0,-93.31,5.550000000000001,-36.21,-18.96,1.75,-7.93,7.300000000000001,-13.25,-45.5,-37.91
2025-08-11T17:40:35.154033,-3.0,12.0,-97.0,-21.0,45.0,-74.0,-58.0,-60.0,-59.0,6.0,16.0,-65.0,3.58,-17.0,-112.31,-9.45,25.79,-52.96,-36.25,-74.93,-39.7,1.75,-4.5,-40.91
2025-08-11T17:40:35.158373,-59.0,106.0,-75.0,-35.0,58.0,-86.0,-25.0,34.0,-27.0,-15.0,38.0,-82.0,-52.42,77.0,-90.31,-23.45,38.79,-64.96000000000001,-3.25,19.07,-7.699999999999999,-19.25,17.5,-57.91
2025-08-11T17:40:35.166438,21.0,50.0,-12.0,30.0,39.0,-92.0,-58.0,12.0,15.0,-62.0,36.0,-37.0,27.58,21.0,-27.310000000000002,41.55,19.79,-70.96000000000001,-36.25,-2.9299999999999997,34.3,-66.25,15.5,-12.91
2025-08-11T17:40:35.170614,-5.0,78.0,36.0,-21.0,-45.0,-105.0,-63.0,32.0,-22.0,-34.0,81.0,-118.0,1.58,49.0,20.689999999999998,-9.45,-64.21000000000001,-83.96000000000001,-41.25,17.07,-2.6999999999999993,-38.25,60.5,-93.91
2025-08-11T17:40:35.178619,72.0,-29.0,-1.0,-25.0,22.0,-50.0,0.0,5.0,-28.0,-56.0,63.0,-1.0,78.58,-58.0,-16.310000000000002,-13.45,2.789999999999999,-28.96,21.75,-9.93,-8.7,-60.25,42.5,23.09
2025-08-11T17:40:35.182686,15.0,64.0,-24.0,19.0,45.0,-81.0,-74.0,17.0,-83.0,-3.0,33.0,-21.0,21.58,35.0,-39.31,30.55,25.79,-59.96,-52.25,2.0700000000000003,-63.7,-7.25,12.5,3.09
2025-08-11T17:40:35.190957,77.0,3.0,-20.0,0.0,-11.0,-66.0,-52.0,57.0,-38.0,-28.0,41.0,-139.0,83.58,-26.0,-35.31,11.55,-30.21,-44.96,-30.25,42.07,-18.7,-32.25,20.5,-114.91
2025-08-11T17:40:35.195296,26.0,-40.0,-61.0,14.0,58.0,-89.0,-25.0,95.0,-98.0,32.0,34.0,-59.0,32.58,-69.0,-76.31,25.55,38.79,-67.96000000000001,-3.25,80.07,-78.7,27.75,13.5,-34.91
2025-08-11T17:40:35.203281,54.0,29.0,-17.0,16.0,-29.0,-23.0,-54.0,-19.0,-82.0,-42.0,37.0,-100.0,60.58,0.0,-32.31,27.55,-48.21,-1.9600000000000009,-32.25,-33.93,-62.7,-46.25,16.5,-75.91
2025-08-11T17:40:35.207534,-45.0,51.0,8.0,-47.0,-19.0,-84.0,-6.0,-10.0,-82.0,6.0,24.0,-50.0,-38.42,22.0,-7.3100000000000005,-35.45,-38.21,-62.96,15.75,-24.93,-62.7,1.75,3.5,-25.91
2025-08-11T17:40:35.215570,-87.0,52.0,-31.0,15.0,-5.0,-56.0,-23.0,-40.0,-31.0,30.0,22.0,-100.0,-80.42,23.0,-46.31,26.55,-24.21,-34.96,-1.25,-54.93,-11.7,25.75,1.5,-75.91
2025-08-11T17:40:35.219685,10.0,20.0,-35.0,16.0,35.0,-56.0,-98.0,27.0,79.0,11.0,96.0,-54.0,16.58,-9.0,-50.31,27.55,15.79,-34.96,-76.25,12.07,98.3,6.75,75.5,-29.91
2025-08-11T17:40:35.227731,-41.0,34.0,-5.0,-31.0,24.0,-31.0,-33.0,31.0,-70.0,-64.0,11.0,-91.0,-34.42,5.0,-20.310000000000002,-19.45,4.789999999999999,-9.96,-11.25,16.07,-50.7,-68.25,-9.5,-66.91
2025-08-11T17:40:35.232054,-25.0,15.0,-30.0,43.0,-56.0,-66.0,-64.0,73.0,-98.0,-45.0,111.0,-52.0,-18.42,-14.0,-45.31,54.55,-75.21000000000001,-44.96,-42.25,58.07,-78.7,-49.25,90.5,-27.91
2025-08-11T17:40:35.240198,21.0,50.0,-23.0,-70.0,34.0,-30.0,0.0,42.0,-77.0,-7.0,12.0,-38.0,27.58,21.0,-38.31,-58.45,14.79,-8.96,21.75,27.07,-57.7,-11.25,-8.5,-13.91
2025-08-11T17:40:35.244223,25.0,90.0,-32.0,33.0,41.0,-89.0,-42.0,8.0,-95.0,13.0,32.0,-149.0,31.58,61.0,-47.31,44.55,21.79,-67.96000000000001,-20.25,-6.93,-75.7,8.75,11.5,-124.91
2025-08-11T17:40:35.252270,7.0,23.0,-88.0,-11.0,50.0,-74.0,-43.0,21.0,-36.0,48.0,39.0,-73.0,13.58,-6.0,-103.31,0.5500000000000007,30.79,-52.96,-21.25,6.07,-16.7,43.75,18.5,-48.91
2025-08-11T17:40:35.256558,14.0,87.0,-68.0,-55.0,2.0,-58.0,-27.0,-34.0,25.0,-74.0,87.0,-70.0,20.58,58.0,-83.31,-43.45,-17.21,-36.96,-5.25,-48.93,44.3,-78.25,66.5,-45.91
2025-08-11T17:40:35.264689,63.0,4.0,-55.0,-53.0,-5.0,-79.0,-16.0,-27.0,-58.0,74.0,23.0,-45.0,69.58,-25.0,-70.31,-41.45,-24.21,-57.96,5.75,-41.93,-38.7,69.75,2.5,-20.91
2025-08-11T17:40:35.268906,74.0,-23.0,-78.0,-45.0,24.0,4.0,-52.0,55.0,-44.0,-24.0,21.0,-103.0,80.58,-52.0,-93.31,-33.45,4.789999999999999,25.04,-30.25,40.07,-24.7,-28.25,0.5,-78.91
2025-08-11T17:40:35.276920,42.0,-8.0,-16.0,-69.0,37.0,-8.0,-86.0,20.0,-38.0,-72.0,53.0,-71.0,48.58,-37.0,-31.310000000000002,-57.45,17.79,13.04,-64.25,5.07,-18.7,-76.25,32.5,-46.91
2025-08-11T17:40:35.281196,27.0,11.0,17.0,-20.0,30.0,-26.0,3.0,12.0,-10.0,-26.0,38.0,-22.0,33.58,-18.0,1.6899999999999995,-8.45,10.79,-4.960000000000001,24.75,-2.9299999999999997,9.3,-30.25,17.5,2.09
2025-08-11T17:40:35.289202,51.0,29.0,-69.0,-20.0,-2.0,-123.0,28.0,50.0,-55.0,-19.0,37.0,-52.0,57.58,0.0,-84.31,-8.45,-21.21,-101.96000000000001,49.75,35.07,-35.7,-23.25,16.5,-27.91
2025-08-11T17:40:35.293466,-15.0,10.0,-40.0,-33.0,47.0,-75.0,-27.0,67.0,-70.0,4.0,77.0,-163.0,-8.42,-19.0,-55.31,-21.45,27.79,-53.96,-5.25,52.07,-50.7,-0.25,56.5,-138.91
2025-08-11T17:40:35.301531,21.0,100.0,-71.0,27.0,18.0,-33.0,20.0,18.0,-92.0,21.0,105.0,-85.0,27.58,71.0,-86.31,38.55,-1.2100000000000009,-11.96,41.75,3.0700000000000003,-72.7,16.75,84.5,-60.91
2025-08-11T17:40:35.305717,75.0,28.0,13.0,9.0,19.0,-76.0,54.0,13.0,-77.0,-25.0,-24.0,-27.0,81.58,-1.0,-2.3100000000000005,20.55,-0.21000000000000085,-54.96,75.75,-1.9299999999999997,-57.7,-29.25,-44.5,-2.91
2025-08-11T17:40:35.313643,-19.0,106.0,-57.0,-6.0,-10.0,-107.0,0.0,-9.0,-115.0,-15.0,27.0,-53.0,-12.42,77.0,-72.31,5.550000000000001,-29.21,-85.96000000000001,21.75,-23.93,-95.7,-19.25,6.5,-28.91
2025-08-11T17:40:35.318064,-18.0,32.0,-13.0,-9.0,-15.0,-36.0,-49.0,15.0,-59.0,2.0,23.0,-90.0,-11.42,3.0,-28.310000000000002,2.5500000000000007,-34.21,-14.96,-27.25,0.07000000000000028,-39.7,-2.25,2.5,-65.91
2025-08-11T17:40:35.325927,-3.0,5.0,-67.0,-29.0,-17.0,-24.0,-9.0,10.0,-24.0,-45.0,-1.0,-65.0,3.58,-24.0,-82.31,-17.45,-36.21,-2.960000000000001,12.75,-4.93,-4.699999999999999,-49.25,-21.5,-40.91
2025-08-11T17:40:35.330171,-12.0,37.0,-49.0,23.0,87.0,-59.0,19.0,10.0,-48.0,-7.0,1.0,-77.0,-5.42,8.0,-64.31,34.55,67.78999999999999,-37.96,40.75,-4.93,-28.7,-11.25,-19.5,-52.91
2025-08-11T17:40:35.338115,9.0,81.0,-91.0,-39.0,40.0,-119.0,-3.0,-1.0,-91.0,-9.0,53.0,-71.0,15.58,52.0,-106.31,-27.45,20.79,-97.96000000000001,18.75,-15.93,-71.7,-13.25,32.5,-46.91
2025-08-11T17:40:35.342561,81.0,36.0,-88.0,26.0,7.0,-80.0,-43.0,10.0,-59.0,15.0,60.0,-86.0,87.58,7.0,-103.31,37.55,-12.21,-58.96,-21.25,-4.93,-39.7,10.75,39.5,-61.91
2025-08-11T17:40:35.350449,14.0,42.0,-67.0,21.0,0.0,-120.0,-62.0,49.0,-41.0,-10.0,54.0,-115.0,20.58,13.0,-82.31,32.55,-19.21,-98.96000000000001,-40.25,34.07,-21.7,-14.25,33.5,-90.91
2025-08-11T17:40:35.354733,80.0,40.0,-57.0,-14.0,27.0,-102.0,-33.0,23.0,-19.0,20.0,51.0,-103.0,86.58,11.0,-72.31,-2.4499999999999993,7.789999999999999,-80.96000000000001,-11.25,8.07,0.3000000000000007,15.75,30.5,-78.91
2025-08-11T17:40:35.362758,3.0,65.0,-34.0,-20.0,-20.0,-87.0,-52.0,50.0,-105.0,-90.0,53.0,-100.0,9.58,36.0,-49.31,-8.45,-39.21,-65.96000000000001,-30.25,35.07,-85.7,-94.25,32.5,-75.91
2025-08-11T17:40:35.367151,-20.0,47.0,-46.0,37.0,45.0,-106.0,-51.0,56.0,-86.0,37.0,94.0,-101.0,-13.42,18.0,-61.31,48.55,25.79,-84.96000000000001,-29.25,41.07,-66.7,32.75,73.5,-76.91
2025-08-11T17:40:35.375076,17.0,31.0,-81.0,-61.0,8.0,-52.0,-54.0,20.0,-37.0,1.0,88.0,-142.0,23.58,2.0,-96.31,-49.45,-11.21,-30.96,-32.25,5.07,-17.7,-3.25,67.5,-117.91
2025-08-11T17:40:35.379240,-58.0,83.0,-92.0,-20.0,10.0,-80.0,-91.0,18.0,-101.0,11.0,73.0,-152.0,-51.42,54.0,-107.31,-8.45,-9.21,-58.96,-69.25,3.0700000000000003,-81.7,6.75,52.5,-127.91
2025-08-11T17:40:35.387476,41.0,-6.0,-76.0,-11.0,-37.0,-59.0,-27.0,-36.0,-49.0,-2.0,9.0,-70.0,47.58,-35.0,-91.31,0.5500000000000007,-56.21,-37.96,-5.25,-50.93,-29.7,-6.25,-11.5,-45.91
2025-08-11T17:40:35.391635,28.0,51.0,-113.0,-47.0,-24.0,-116.0,-87.0,48.0,-59.0,-71.0,47.0,-110.0,34.58,22.0,-128.31,-35.45,-43.21,-94.96000000000001,-65.25,33.07,-39.7,-75.25,26.5,-85.91
2025-08-11T17:40:35.399699,47.0,23.0,-55.0,5.0,-9.0,-181.0,-30.0,-8.0,-40.0,-49.0,-13.0,-99.0,53.58,-6.0,-70.31,16.55,-28.21,-159.96,-8.25,-22.93,-20.7,-53.25,-33.5,-74.91
2025-08-11T17:40:35.404051,-5.0,18.0,-73.0,6.0,-2.0,-103.0,-33.0,-30.0,-28.0,-13.0,29.0,-155.0,1.58,-11.0,-88.31,17.55,-21.21,-81.96000000000001,-11.25,-44.93,-8.7,-17.25,8.5,-130.91
2025-08-11T17:40:35.412036,2.0,76.0,-128.0,-36.0,67.0,-101.0,-59.0,-24.0,-55.0,-79.0,52.0,-58.0,8.58,47.0,-143.31,-24.45,47.79,-79.96000000000001,-37.25,-38.93,-35.7,-83.25,31.5,-33.91
2025-08-11T17:40:35.416227,62.0,68.0,16.0,-61.0,54.0,-121.0,-74.0,11.0,-28.0,20.0,28.0,-119.0,68.58,39.0,0.6899999999999995,-49.45,34.79,-99.96000000000001,-52.25,-3.9299999999999997,-8.7,15.75,7.5,-94.91
2025-08-11T17:40:35.424265,18.0,5.0,-14.0,-89.0,31.0,-114.0,-46.0,89.0,-109.0,-52.0,69.0,-143.0,24.58,-24.0,-29.310000000000002,-77.45,11.79,-92.96000000000001,-24.25,74.07,-89.7,-56.25,48.5,-118.91
2025-08-11T17:40:35.428515,-18.0,37.0,-43.0,1.0,-17.0,-94.0,-10.0,27.0,-120.0,-25.0,91.0,-112.0,-11.42,8.0,-58.31,12.55,-36.21,-72.96000000000001,11.75,12.07,-100.7,-29.25,70.5,-87.91
2025-08-11T17:40:35.436671,-26.0,79.0,-137.0,5.0,-10.0,-66.0,-5.0,-97.0,-109.0,-12.0,4.0,-175.0,-19.42,50.0,-152.31,16.55,-29.21,-44.96,16.75,-111.93,-89.7,-16.25,-16.5,-150.91
2025-08-11T17:40:35.440784,-6.0,112.0,-60.0,48.0,-60.0,-82.0,-2.0,-41.0,-156.0,11.0,27.0,-76.0,0.5800000000000001,83.0,-75.31,59.55,-79.21000000000001,-60.96,19.75,-55.93,-136.7,6.75,6.5,-51.91
2025-08-11T17:40:35.448690,43.0,56.0,-88.0,26.0,30.0,-68.0,-43.0,5.0,-8.0,-46.0,74.0,-52.0,49.58,27.0,-103.31,37.55,10.79,-46.96,-21.25,-9.93,11.3,-50.25,53.5,-27.91
2025-08-11T17:40:35.453074,59.0,61.0,-36.0,-12.0,-13.0,-143.0,-82.0,-46.0,-79.0,-48.0,66.0,-127.0,65.58,32.0,-51.31,-0.4499999999999993,-32.21,-121.96000000000001,-60.25,-60.93,-59.7,-52.25,45.5,-102.91
2025-08-11T17:40:35.461217,113.0,54.0,-7.0,35.0,-23.0,-120.0,-44.0,30.0,-94.0,-77.0,96.0,-71.0,119.58,25.0,-22.310000000000002,46.55,-42.21,-98.96000000000001,-22.25,15.07,-74.7,-81.25,75.5,-46.91
2025-08-11T17:40:35.465405,1.0,22.0,-77.0,91.0,50.0,-108.0,-76.0,61.0,-49.0,-29.0,5.0,-166.0,7.58,-7.0,-92.31,102.55,30.79,-86.96000000000001,-54.25,46.07,-29.7,-33.25,-15.5,-141.91
2025-08-11T17:40:35.473425,53.0,46.0,-49.0,44.0,-44.0,-110.0,-34.0,17.0,-131.0,-29.0,21.0,-134.0,59.58,17.0,-64.31,55.55,-63.21,-88.96000000000001,-12.25,2.0700000000000003,-111.7,-33.25,0.5,-109.91
2025-08-11T17:40:35.477826,-11.0,28.0,-80.0,18.0,-11.0,-118.0,-19.0,-7.0,-97.0,-3.0,17.0,-131.0,-4.42,-1.0,-95.31,29.55,-30.21,-96.96000000000001,2.75,-21.93,-77.7,-7.25,-3.5,-106.91
2025-08-11T17:40:35.485762,-10.0,34.0,-107.0,-40.0,16.0,-120.0,-6.0,-11.0,-70.0,-18.0,-6.0,-143.0,-3.42,5.0,-122.31,-28.45,-3.210000000000001,-98.96000000000001,15.75,-25.93,-50.7,-22.25,-26.5,-118.91
2025-08-11T17:40:35.489987,101.0,91.0,-116.0,-1.0,29.0,-89.0,-98.0,21.0,-127.0,-69.0,66.0,-128.0,107.58,62.0,-131.31,10.55,9.79,-67.96000000000001,-76.25,6.07,-107.7,-73.25,45.5,-103.91
2025-08-11T17:40:35.498000,50.0,3.0,-142.0,20.0,-28.0,-200.0,-47.0,41.0,-95.0,-96.0,44.0,-103.0,56.58,-26.0,-157.31,31.55,-47.21,-178.96,-25.25,26.07,-75.7,-100.25,23.5,-78.91
2025-08-11T17:40:35.503206,35.0,76.0,-84.0,15.0,19.0,-143.0,-45.0,31.0,-85.0,-39.0,0.0,-112.0,41.58,47.0,-99.31,26.55,-0.21000000000000085,-121.96000000000001,-23.25,16.07,-65.7,-43.25,-20.5,-87.91
2025-08-11T17:40:35.510408,-41.0,-1.0,-81.0,61.0,12.0,-143.0,-8.0,-1.0,-143.0,-56.0,36.0,-104.0,-34.42,-30.0,-96.31,72.55,-7.210000000000001,-121.96000000000001,13.75,-15.93,-123.7,-60.25,15.5,-79.91
2025-08-11T17:40:35.514939,19.0,142.0,-114.0,27.0,80.0,-148.0,-54.0,7.0,-125.0,-67.0,27.0,-197.0,25.58,113.0,-129.31,38.55,60.79,-126.96000000000001,-32.25,-7.93,-105.7,-71.25,6.5,-172.91
2025-08-11T17:40:35.522518,-38.0,55.0,-145.0,-20.0,63.0,-152.0,-46.0,-42.0,-124.0,5.0,17.0,-132.0,-31.42,26.0,-160.31,-8.45,43.79,-130.96,-24.25,-56.93,-104.7,0.75,-3.5,-107.91
2025-08-11T17:40:35.526813,4.0,44.0,-202.0,-12.0,-27.0,-126.0,-57.0,28.0,-116.0,-93.0,5.0,-103.0,10.58,15.0,-217.31,-0.4499999999999993,-46.21,-104.96000000000001,-35.25,13.07,-96.7,-97.25,-15.5,-78.91
2025-08-11T17:40:35.535041,10.0,111.0,-111.0,-4.0,66.0,-173.0,-64.0,22.0,-67.0,-31.0,42.0,-123.0,16.58,82.0,-126.31,7.550000000000001,46.79,-151.96,-42.25,7.07,-47.7,-35.25,21.5,-98.91
2025-08-11T17:40:35.543168,26.0,23.0,-109.0,-87.0,-18.0,-193.0,-84.0,42.0,-147.0,-34.0,16.0,-138.0,32.58,-6.0,-124.31,-75.45,-37.21,-171.96,-62.25,27.07,-127.7,-38.25,-4.5,-113.91
2025-08-11T17:40:35.547413,45.0,28.0,-111.0,-13.0,5.0,-155.0,-114.0,-43.0,-137.0,38.0,126.0,-145.0,51.58,-1.0,-126.31,-1.4499999999999993,-14.21,-133.96,-92.25,-57.93,-117.7,33.75,105.5,-120.91
2025-08-11T17:40:35.555395,34.0,78.0,-97.0,61.0,-14.0,-117.0,-116.0,-18.0,-129.0,-24.0,46.0,-258.0,40.58,49.0,-112.31,72.55,-33.21,-95.96000000000001,-94.25,-32.93,-109.7,-28.25,25.5,-233.91
2025-08-11T17:40:35.559656,58.0,53.0,-74.0,46.0,0.0,-108.0,-62.0,-73.0,-127.0,-59.0,74.0,-142.0,64.58,24.0,-89.31,57.55,-19.21,-86.96000000000001,-40.25,-87.93,-107.7,-63.25,53.5,-117.91
2025-08-11T17:40:35.567559,46.0,83.0,-102.0,6.0,-31.0,-137.0,-46.0,-9.0,-110.0,-62.0,23.0,-163.0,52.58,54.0,-117.31,17.55,-50.21,-115.96000000000001,-24.25,-23.93,-90.7,-66.25,2.5,-138.91
2025-08-11T17:40:35.571916,46.0,26.0,-161.0,30.0,42.0,-127.0,-66.0,57.0,-194.0,-5.0,98.0,-202.0,52.58,-3.0,-176.31,41.55,22.79,-105.96000000000001,-44.25,42.07,-174.7,-9.25,77.5,-177.91
2025-08-11T17:40:35.579973,-42.0,60.0,-29.0,28.0,-27.0,-130.0,-70.0,53.0,-157.0,-18.0,63.0,-134.0,-35.42,31.0,-44.31,39.55,-46.21,-108.96000000000001,-48.25,38.07,-137.7,-22.25,42.5,-109.91
2025-08-11T17:40:35.584312,-76.0,128.0,-88.0,-12.0,-3.0,-126.0,-7.0,24.0,-115.0,-80.0,23.0,-190.0,-69.42,99.0,-103.31,-0.4499999999999993,-22.21,-104.96000000000001,14.75,9.07,-95.7,-84.25,2.5,-165.91
2025-08-11T17:40:35.592303,14.0,121.0,-131.0,16.0,14.0,-148.0,-34.0,-9.0,-45.0,3.0,52.0,-226.0,20.58,92.0,-146.31,27.55,-5.210000000000001,-126.96000000000001,-12.25,-23.93,-25.7,-1.25,31.5,-201.91
2025-08-11T17:40:35.596616,3.0,85.0,-171.0,-76.0,-19.0,-134.0,-52.0,-32.0,-116.0,-4.0,74.0,-110.0,9.58,56.0,-186.31,-64.45,-38.21,-112.96000000000001,-30.25,-46.93,-96.7,-8.25,53.5,-85.91
2025-08-11T17:40:35.604655,68.0,28.0,-103.0,24.0,-66.0,-142.0,-88.0,3.0,-92.0,-28.0,125.0,-155.0,74.58,-1.0,-118.31,35.55,-85.21000000000001,-120.96000000000001,-66.25,-11.93,-72.7,-32.25,104.5,-130.91
2025-08-11T17:40:35.608954,52.0,60.0,-48.0,33.0,-20.0,-169.0,-131.0,-12.0,-117.0,-72.0,109.0,-143.0,58.58,31.0,-63.31,44.55,-39.21,-147.96,-109.25,-26.93,-97.7,-76.25,88.5,-118.91
2025-08-11T17:40:35.616776,30.0,8.0,-91.0,14.0,14.0,-143.0,-94.0,-12.0,-171.0,-61.0,4.0,-254.0,36.58,-21.0,-106.31,25.55,-5.210000000000001,-121.96000000000001,-72.25,-26.93,-151.7,-65.25,-16.5,-229.91
2025-08-11T17:40:35.625082,38.0,79.0,-171.0,-12.0,15.0,-139.0,-48.0,-39.0,-136.0,-15.0,-14.0,-103.0,44.58,50.0,-186.31,-0.4499999999999993,-4.210000000000001,-117.96000000000001,-26.25,-53.93,-116.7,-19.25,-34.5,-78.91
2025-08-11T17:40:35.629191,67.0,77.0,-64.0,71.0,67.0,-183.0,-91.0,-33.0,-92.0,-60.0,-18.0,-183.0,73.58,48.0,-79.31,82.55,47.79,-161.96,-69.25,-47.93,-72.7,-64.25,-38.5,-158.91
2025-08-11T17:40:35.637252,30.0,48.0,-150.0,65.0,-29.0,-111.0,-86.0,-17.0,-66.0,-2.0,16.0,-157.0,36.58,19.0,-165.31,76.55,-48.21,-89.96000000000001,-64.25,-31.93,-46.7,-6.25,-4.5,-132.91
2025-08-11T17:40:35.641541,75.0,25.0,-89.0,69.0,1.0,-180.0,-107.0,-1.0,-168.0,-29.0,76.0,-143.0,81.58,-4.0,-104.31,80.55,-18.21,-158.96,-85.25,-15.93,-148.7,-33.25,55.5,-118.91
2025-08-11T17:40:35.649637,18.0,64.0,-131.0,15.0,8.0,-133.0,-109.0,-37.0,-127.0,-9.0,70.0,-115.0,24.58,35.0,-146.31,26.55,-11.21,-111.96000000000001,-87.25,-51.93,-107.7,-13.25,49.5,-90.91
2025-08-11T17:40:35.653768,0.0,96.0,-56.0,49.0,25.0,-160.0,6.0,-84.0,-174.0,-71.0,12.0,-101.0,6.58,67.0,-71.31,60.55,5.789999999999999,-138.96,27.75,-98.93,-154.7,-75.25,-8.5,-76.91
2025-08-11T17:40:35.661926,-36.0,104.0,-124.0,-12.0,-29.0,-101.0,-47.0,11.0,-111.0,-12.0,64.0,-132.0,-29.42,75.0,-139.31,-0.4499999999999993,-48.21,-79.96000000000001,-25.25,-3.9299999999999997,-91.7,-16.25,43.5,-107.91
2025-08-11T17:40:35.666084,112.0,48.0,-175.0,36.0,24.0,-86.0,-43.0,-6.0,-62.0,-71.0,83.0,-100.0,118.58,19.0,-190.31,47.55,4.789999999999999,-64.96000000000001,-21.25,-20.93,-42.7,-75.25,62.5,-75.91
2025-08-11T17:40:35.674217,9.0,23.0,-19.0,1.0,22.0,-93.0,-74.0,-10.0,-105.0,-21.0,46.0,-156.0,15.58,-6.0,-34.31,12.55,2.789999999999999,-71.96000000000001,-52.25,-24.93,-85.7,-25.25,25.5,-131.91
2025-08-11T17:40:35.678481,-68.0,23.0,-149.0,-12.0,40.0,-136.0,-46.0,-37.0,-150.0,-38.0,42.0,-173.0,-61.42,-6.0,-164.31,-0.4499999999999993,20.79,-114.96000000000001,-24.25,-51.93,-130.7,-42.25,21.5,-148.91
2025-08-11T17:40:35.686437,-25.0,28.0,-132.0,19.0,-38.0,-106.0,-63.0,-16.0,-98.0,-70.0,15.0,-161.0,-18.42,-1.0,-147.31,30.55,-57.21,-84.96000000000001,-41.25,-30.93,-78.7,-74.25,-5.5,-136.91
2025-08-11T17:40:35.690948,85.0,83.0,-55.0,65.0,-13.0,-173.0,-79.0,-11.0,-85.0,-9.0,35.0,-99.0,91.58,54.0,-70.31,76.55,-32.21,-151.96,-57.25,-25.93,-65.7,-13.25,14.5,-74.91
2025-08-11T17:40:35.698641,82.0,80.0,-95.0,-11.0,10.0,-91.0,-21.0,25.0,-102.0,-98.0,45.0,-110.0,88.58,51.0,-110.31,0.5500000000000007,-9.21,-69.96000000000001,0.75,10.07,-82.7,-102.25,24.5,-85.91
2025-08-11T17:40:35.703101,52.0,66.0,-132.0,-35.0,34.0,-124.0,-116.0,51.0,-106.0,-26.0,42.0,-104.0,58.58,37.0,-147.31,-23.45,14.79,-102.96000000000001,-94.25,36.07,-86.7,-30.25,21.5,-79.91
2025-08-11T17:40:35.711097,55.0,74.0,-112.0,4.0,40.0,-111.0,-17.0,-34.0,-65.0,-22.0,-9.0,-197.0,61.58,45.0,-127.31,15.55,20.79,-89.96000000000001,4.75,-48.93,-45.7,-26.25,-29.5,-172.91
2025-08-11T17:40:35.715387,-38.0,86.0,-138.0,29.0,-24.0,-175.0,-113.0,-23.0,-107.0,-99.0,124.0,-151.0,-31.42,57.0,-153.31,40.55,-43.21,-153.96,-91.25,-37.93,-87.7,-103.25,103.5,-126.91
2025-08-11T17:40:35.723459,-26.0,80.0,-133.0,14.0,9.0,-117.0,-40.0,-10.0,-162.0,-14.0,-9.0,-122.0,-19.42,51.0,-148.31,25.55,-10.21,-95.96000000000001,-18.25,-24.93,-142.7,-18.25,-29.5,-97.91
2025-08-11T17:40:35.731336,49.0,64.0,-139.0,38.0,-51.0,-177.0,-120.0,18.0,-107.0,-78.0,-4.0,-118.0,55.58,35.0,-154.31,49.55,-70.21000000000001,-155.96,-98.25,3.0700000000000003,-87.7,-82.25,-24.5,-93.91
2025-08-11T17:40:35.735704,24.0,16.0,-128.0,7.0,-7.0,-168.0,0.0,-4.0,-103.0,-88.0,79.0,-142.0,30.58,-13.0,-143.31,18.55,-26.21,-146.96,21.75,-18.93,-83.7,-92.25,58.5,-117.91
2025-08-11T17:40:35.743637,59.0,-18.0,-87.0,6.0,50.0,-230.0,-36.0,-18.0,-118.0,-16.0,35.0,-193.0,65.58,-47.0,-102.31,17.55,30.79,-208.96,-14.25,-32.93,-98.7,-20.25,14.5,-168.91
2025-08-11T17:40:35.747905,28.0,49.0,-80.0,7.0,23.0,-144.0,-29.0,-3.0,-98.0,-25.0,54.0,-106.0,34.58,20.0,-95.31,18.55,3.789999999999999,-122.96000000000001,-7.25,-17.93,-78.7,-29.25,33.5,-81.91
2025-08-11T17:40:35.755994,-53.0,72.0,-62.0,-14.0,-65.0,-171.0,-64.0,-43.0,-67.0,-16.0,-13.0,-149.0,-46.42,43.0,-77.31,-2.4499999999999993,-84.21000000000001,-149.96,-42.25,-57.93,-47.7,-20.25,-33.5,-124.91
2025-08-11T17:40:35.760297,-3.0,102.0,-188.0,30.0,8.0,-198.0,-63.0,36.0,-96.0,-42.0,-5.0,-108.0,3.58,73.0,-203.31,41.55,-11.21,-176.96,-41.25,21.07,-76.7,-46.25,-25.5,-83.91
2025-08-11T17:40:35.768360,49.0,76.0,-105.0,61.0,-5.0,-150.0,-91.0,-38.0,-157.0,-55.0,24.0,-159.0,55.58,47.0,-120.31,72.55,-24.21,-128.96,-69.25,-52.93,-137.7,-59.25,3.5,-134.91
2025-08-11T17:40:35.772632,49.0,46.0,-197.0,64.0,-84.0,-194.0,-12.0,-63.0,-123.0,-76.0,76.0,-126.0,55.58,17.0,-212.31,75.55,-103.21000000000001,-172.96,9.75,-77.93,-103.7,-80.25,55.5,-101.91
2025-08-11T17:40:35.780554,162.0,19.0,-97.0,-2.0,-1.0,-158.0,-27.0,6.0,-144.0,-59.0,30.0,-225.0,168.58,-10.0,-112.31,9.55,-20.21,-136.96,-5.25,-8.93,-124.7,-63.25,9.5,-200.91
2025-08-11T17:40:35.784911,32.0,73.0,-85.0,29.0,28.0,-114.0,-53.0,47.0,-94.0,44.0,-18.0,-186.0,38.58,44.0,-100.31,40.55,8.79,-92.96000000000001,-31.25,32.07,-74.7,39.75,-38.5,-161.91
2025-08-11T17:40:35.792976,-57.0,64.0,-70.0,-48.0,-3.0,-123.0,-95.0,-27.0,-45.0,24.0,64.0,-206.0,-50.42,35.0,-85.31,-36.45,-22.21,-101.96000000000001,-73.25,-41.93,-25.7,19.75,43.5,-181.91
2025-08-11T17:40:35.797052,12.0,63.0,-69.0,-9.0,-29.0,-73.0,-33.0,14.0,-161.0,-54.0,51.0,-131.0,18.58,34.0,-84.31,2.5500000000000007,-48.21,-51.96,-11.25,-0.9299999999999997,-141.7,-58.25,30.5,-106.91
2025-08-11T17:40:35.805266,82.0,112.0,-151.0,-11.0,-60.0,-93.0,-38.0,-9.0,-139.0,-116.0,74.0,-106.0,88.58,83.0,-166.31,0.5500000000000007,-79.21000000000001,-71.96000000000001,-16.25,-23.93,-119.7,-120.25,53.5,-81.91
2025-08-11T17:40:35.809528,29.0,47.0,-137.0,47.0,-12.0,-123.0,-31.0,-61.0,-73.0,-25.0,96.0,-185.0,35.58,18.0,-152.31,58.55,-31.21,-101.96000000000001,-9.25,-75.93,-53.7,-29.25,75.5,-160.91
2025-08-11T17:40:35.817610,115.0,45.0,-139.0,-12.0,-37.0,-162.0,-86.0,21.0,-146.0,-9.0,36.0,-153.0,121.58,16.0,-154.31,-0.4499999999999993,-56.21,-140.96,-64.25,6.07,-126.7,-13.25,15.5,-128.91
2025-08-11T17:40:35.821734,-37.0,-2.0,-78.0,25.0,17.0,-167.0,-85.0,38.0,-140.0,-31.0,72.0,-180.0,-30.42,-31.0,-93.31,36.55,-2.210000000000001,-145.96,-63.25,23.07,-120.7,-35.25,51.5,-155.91
2025-08-11T17:40:35.829921,32.0,98.0,-55.0,-29.0,-21.0,-177.0,6.0,-28.0,-115.0,-50.0,52.0,-88.0,38.58,69.0,-70.31,-17.45,-40.21,-155.96,27.75,-42.93,-95.7,-54.25,31.5,-63.91
2025-08-11T17:40:35.834154,67.0,28.0,-116.0,-24.0,30.0,-223.0,16.0,-27.0,-188.0,-40.0,69.0,-122.0,73.58,-1.0,-131.31,-12.45,10.79,-201.96,37.75,-41.93,-168.7,-44.25,48.5,-97.91
2025-08-11T17:40:35.842121,67.0,92.0,-175.0,-8.0,-23.0,-112.0,30.0,-8.0,-82.0,-26.0,24.0,-96.0,73.58,63.0,-190.31,3.5500000000000007,-42.21,-90.96000000000001,51.75,-22.93,-62.7,-30.25,3.5,-71.91
2025-08-11T17:40:35.846356,59.0,52.0,-122.0,48.0,-11.0,-144.0,-68.0,11.0,-106.0,-42.0,79.0,-172.0,65.58,23.0,-137.31,59.55,-30.21,-122.96000000000001,-46.25,-3.9299999999999997,-86.7,-46.25,58.5,-147.91
2025-08-11T17:40:35.854531,60.0,52.0,-132.0,53.0,-46.0,-101.0,-116.0,-11.0,-97.0,9.0,61.0,-127.0,66.58,23.0,-147.31,64.55,-65.21000000000001,-79.96000000000001,-94.25,-25.93,-77.7,4.75,40.5,-102.91
2025-08-11T17:40:35.862377,25.0,53.0,-113.0,-23.0,-24.0,-66.0,-38.0,36.0,-92.0,-38.0,14.0,-106.0,31.58,24.0,-128.31,-11.45,-43.21,-44.96,-16.25,21.07,-72.7,-42.25,-6.5,-81.91
2025-08-11T17:40:35.866517,6.0,83.0,-41.0,46.0,-11.0,-108.0,-78.0,-6.0,-112.0,0.0,75.0,-150.0,12.58,54.0,-56.31,57.55,-30.21,-86.96000000000001,-56.25,-20.93,-92.7,-4.25,54.5,-125.91
2025-08-11T17:40:35.874669,-79.0,24.0,-82.0,50.0,50.0,-187.0,-105.0,-39.0,-190.0,-111.0,-9.0,-141.0,-72.42,-5.0,-97.31,61.55,30.79,-165.96,-83.25,-53.93,-170.7,-115.25,-29.5,-116.91
2025-08-11T17:40:35.879165,26.0,88.0,-155.0,-2.0,3.0,-133.0,-104.0,-15.0,-126.0,-79.0,62.0,-132.0,32.58,59.0,-170.31,9.55,-16.21,-111.96000000000001,-82.25,-29.93,-106.7,-83.25,41.5,-107.91
2025-08-11T17:40:35.887007,30.0,17.0,-135.0,76.0,14.0,-122.0,-9.0,-12.0,-81.0,-82.0,72.0,-164.0,36.58,-12.0,-150.31,87.55,-5.210000000000001,-100.96000000000001,12.75,-26.93,-61.7,-86.25,51.5,-139.91
2025-08-11T17:40:35.891441,78.0,44.0,-73.0,-40.0,3.0,-159.0,-25.0,-46.0,-116.0,-92.0,135.0,-199.0,84.58,15.0,-88.31,-28.45,-16.21,-137.96,-3.25,-60.93,-96.7,-96.25,114.5,-174.91
2025-08-11T17:40:35.899624,-42.0,-21.0,-129.0,22.0,-59.0,-129.0,-113.0,-12.0,-165.0,-16.0,93.0,-155.0,-35.42,-50.0,-144.31,33.55,-78.21000000000001,-107.96000000000001,-91.25,-26.93,-145.7,-20.25,72.5,-130.91
2025-08-11T17:40:35.904461,53.0,79.0,-155.0,6.0,35.0,-132.0,-54.0,-27.0,-179.0,5.0,0.0,-139.0,59.58,50.0,-170.31,17.55,15.79,-110.96000000000001,-32.25,-41.93,-159.7,0.75,-20.5,-114.91
2025-08-11T17:40:35.911568,95.0,45.0,-143.0,1.0,13.0,-66.0,-33.0,22.0,-135.0,12.0,112.0,-117.0,101.58,16.0,-158.31,12.55,-6.210000000000001,-44.96,-11.25,7.07,-115.7,7.75,91.5,-92.91
2025-08-11T17:40:35.915789,128.0,77.0,-89.0,-30.0,67.0,-128.0,-125.0,-45.0,-95.0,-71.0,45.0,-106.0,134.58,48.0,-104.31,-18.45,47.79,-106.96000000000001,-103.25,-59.93,-75.7,-75.25,24.5,-81.91
2025-08-11T17:40:35.924068,76.0,21.0,-53.0,70.0,18.0,-143.0,-135.0,-45.0,-105.0,-58.0,7.0,-105.0,82.58,-8.0,-68.31,81.55,-1.2100000000000009,-121.96000000000001,-113.25,-59.93,-85.7,-62.25,-13.5,-80.91
2025-08-11T17:40:35.928181,-30.0,35.0,-98.0,1.0,5.0,-104.0,-37.0,5.0,-144.0,-55.0,66.0,-145.0,-23.42,6.0,-113.31,12.55,-14.21,-82.96000000000001,-15.25,-9.93,-124.7,-59.25,45.5,-120.91
2025-08-11T17:40:35.936459,50.0,41.0,-151.0,30.0,32.0,-126.0,-34.0,-34.0,-161.0,-47.0,45.0,-172.0,56.58,12.0,-166.31,41.55,12.79,-104.96000000000001,-12.25,-48.93,-141.7,-51.25,24.5,-147.91
2025-08-11T17:40:35.940629,28.0,108.0,-109.0,46.0,8.0,-111.0,0.0,-63.0,-110.0,-19.0,41.0,-125.0,34.58,79.0,-124.31,57.55,-11.21,-89.96000000000001,21.75,-77.93,-90.7,-23.25,20.5,-100.91
2025-08-11T17:40:35.948716,52.0,78.0,-80.0,-10.0,-12.0,-176.0,-48.0,-1.0,-66.0,-28.0,53.0,-177.0,58.58,49.0,-95.31,1.5500000000000007,-31.21,-154.96,-26.25,-15.93,-46.7,-32.25,32.5,-152.91
2025-08-11T17:40:35.953753,50.0,17.0,-100.0,28.0,0.0,-46.0,-29.0,69.0,-95.0,10.0,0.0,-119.0,56.58,-12.0,-115.31,39.55,-19.21,-24.96,-7.25,54.07,-75.7,5.75,-20.5,-94.91
2025-08-11T17:40:35.961010,69.0,3.0,-75.0,-21.0,-14.0,-98.0,-72.0,-10.0,-136.0,14.0,6.0,-170.0,75.58,-26.0,-90.31,-9.45,-33.21,-76.96000000000001,-50.25,-24.93,-116.7,9.75,-14.5,-145.91
2025-08-11T17:40:35.966326,-29.0,12.0,-60.0,18.0,90.0,-150.0,-59.0,25.0,-141.0,22.0,-17.0,-114.0,-22.42,-17.0,-75.31,29.55,70.78999999999999,-128.96,-37.25,10.07,-121.7,17.75,-37.5,-89.91
2025-08-11T17:40:35.973032,75.0,84.0,-140.0,35.0,56.0,-97.0,-29.0,-6.0,-170.0,-23.0,14.0,-159.0,81.58,55.0,-155.31,46.55,36.79,-75.96000000000001,-7.25,-20.93,-150.7,-27.25,-6.5,-134.91
2025-08-11T17:40:35.981117,-19.0,110.0,-76.0,25.0,55.0,-107.0,-49.0,13.0,-127.0,-51.0,12.0,-107.0,-12.42,81.0,-91.31,36.55,35.79,-85.96000000000001,-27.25,-1.9299999999999997,-107.7,-55.25,-8.5,-82.91
2025-08-11T17:40:35.985480,51.0,82.0,-85.0,20.0,28.0,-158.0,-168.0,-43.0,-133.0,-35.0,-13.0,-139.0,57.58,53.0,-100.31,31.55,8.79,-136.96,-146.25,-57.93,-113.7,-39.25,-33.5,-114.91
2025-08-11T17:40:35.993651,45.0,-1.0,-129.0,6.0,24.0,-159.0,-104.0,14.0,-53.0,-92.0,57.0,-105.0,51.58,-30.0,-144.31,17.55,4.789999999999999,-137.96,-82.25,-0.9299999999999997,-33.7,-96.25,36.5,-80.91
2025-08-11T17:40:35.997791,101.0,28.0,-137.0,84.0,-48.0,-129.0,-76.0,55.0,-163.0,-99.0,23.0,-186.0,107.58,-1.0,-152.31,95.55,-67.21000000000001,-107.96000000000001,-54.25,40.07,-143.7,-103.25,2.5,-161.91
2025-08-11T17:40:36.006078,-13.0,-8.0,-111.0,-10.0,28.0,-151.0,-48.0,-7.0,-147.0,-28.0,13.0,-200.0,-6.42,-37.0,-126.31,1.5500000000000007,8.79,-129.96,-26.25,-21.93,-127.7,-32.25,-7.5,-175.91
2025-08-11T17:40:36.010240,-44.0,114.0,-91.0,44.0,-43.0,-173.0,-35.0,-43.0,-138.0,-16.0,16.0,-204.0,-37.42,85.0,-106.31,55.55,-62.21,-151.96,-13.25,-57.93,-118.7,-20.25,-4.5,-179.91
2025-08-11T17:40:36.018245,-18.0,60.0,-180.0,-2.0,-50.0,-117.0,-78.0,38.0,-89.0,-31.0,22.0,-137.0,-11.42,31.0,-195.31,9.55,-69.21000000000001,-95.96000000000001,-56.25,23.07,-69.7,-35.25,1.5,-112.91
2025-08-11T17:40:36.022513,18.0,98.0,-138.0,-19.0,25.0,-122.0,-178.0,-2.0,-35.0,76.0,114.0,-131.0,24.58,69.0,-153.31,-7.449999999999999,5.789999999999999,-100.96000000000001,-156.25,-16.93,-15.7,71.75,93.5,-106.91
2025-08-11T17:40:36.030467,29.0,37.0,-170.0,25.0,-36.0,-151.0,-32.0,1.0,-135.0,-26.0,19.0,-160.0,35.58,8.0,-185.31,36.55,-55.21,-129.96,-10.25,-13.93,-115.7,-30.25,-1.5,-135.91
2025-08-11T17:40:36.034574,44.0,33.0,-118.0,-20.0,41.0,-88.0,-60.0,-62.0,-97.0,24.0,28.0,-144.0,50.58,4.0,-133.31,-8.45,21.79,-66.96000000000001,-38.25,-76.93,-77.7,19.75,7.5,-119.91
2025-08-11T17:40:36.042723,19.0,117.0,-77.0,3.0,-58.0,-127.0,-59.0,-48.0,-113.0,-67.0,-8.0,-140.0,25.58,88.0,-92.31,14.55,-77.21000000000001,-105.96000000000001,-37.25,-62.93,-93.7,-71.25,-28.5,-115.91
2025-08-11T17:40:36.047066,52.0,118.0,-137.0,9.0,4.0,-106.0,-121.0,52.0,-158.0,-25.0,85.0,-124.0,58.58,89.0,-152.31,20.55,-15.21,-84.96000000000001,-99.25,37.07,-138.7,-29.25,64.5,-99.91
2025-08-11T17:40:36.055198,30.0,9.0,-227.0,13.0,38.0,-118.0,-61.0,15.0,-174.0,-59.0,43.0,-111.0,36.58,-20.0,-242.31,24.55,18.79,-96.96000000000001,-39.25,0.07000000000000028,-154.7,-63.25,22.5,-86.91
2025-08-11T17:40:36.059228,47.0,2.0,-157.0,-64.0,2.0,-130.0,-54.0,-46.0,-140.0,25.0,62.0,-92.0,53.58,-27.0,-172.31,-52.45,-17.21,-108.96000000000001,-32.25,-60.93,-120.7,20.75,41.5,-67.91
2025-08-11T17:40:36.067414,51.0,29.0,-129.0,11.0,-16.0,-115.0,-39.0,-7.0,-141.0,-42.0,26.0,-193.0,57.58,0.0,-144.31,22.55,-35.21,-93.96000000000001,-17.25,-21.93,-121.7,-46.25,5.5,-168.91
2025-08-11T17:40:36.075543,99.0,15.0,-93.0,20.0,36.0,-161.0,-27.0,52.0,-96.0,-29.0,29.0,-129.0,105.58,-14.0,-108.31,31.55,16.79,-139.96,-5.25,37.07,-76.7,-33.25,8.5,-104.91
2025-08-11T17:40:36.079790,17.0,54.0,-98.0,-16.0,-50.0,-160.0,-22.0,-18.0,-98.0,-28.0,64.0,-168.0,23.58,25.0,-113.31,-4.449999999999999,-69.21000000000001,-138.96,-0.25,-32.93,-78.7,-32.25,43.5,-143.91
2025-08-11T17:40:36.087903,-8.0,129.0,-66.0,18.0,4.0,-163.0,-152.0,-6.0,-139.0,-80.0,61.0,-191.0,-1.42,100.0,-81.31,29.55,-15.21,-141.96,-130.25,-20.93,-119.7,-84.25,40.5,-166.91
2025-08-11T17:40:36.092147,-37.0,66.0,-102.0,14.0,20.0,-78.0,-74.0,-42.0,-89.0,-83.0,65.0,-110.0,-30.42,37.0,-117.31,25.55,0.7899999999999991,-56.96,-52.25,-56.93,-69.7,-87.25,44.5,-85.91
2025-08-11T17:40:36.100171,3.0,16.0,-160.0,-9.0,-23.0,-106.0,-66.0,66.0,-143.0,-72.0,63.0,-133.0,9.58,-13.0,-175.31,2.5500000000000007,-42.21,-84.96000000000001,-44.25,51.07,-123.7,-76.25,42.5,-108.91
2025-08-11T17:40:36.104266,31.0,59.0,-122.0,-39.0,10.0,-98.0,-22.0,1.0,-132.0,-10.0,43.0,-191.0,37.58,30.0,-137.31,-27.45,-9.21,-76.96000000000001,-0.25,-13.93,-112.7,-14.25,22.5,-166.91
2025-08-11T17:40:36.112477,55.0,33.0,-71.0,16.0,19.0,-143.0,-61.0,-19.0,-142.0,-14.0,131.0,-174.0,61.58,4.0,-86.31,27.55,-0.21000000000000085,-121.96000000000001,-39.25,-33.93,-122.7,-18.25,110.5,-149.91
2025-08-11T17:40:36.116679,49.0,45.0,-89.0,20.0,-9.0,-125.0,-29.0,-15.0,-92.0,-66.0,34.0,-187.0,55.58,16.0,-104.31,31.55,-28.21,-103.96000000000001,-7.25,-29.93,-72.7,-70.25,13.5,-162.91
2025-08-11T17:40:36.124638,-31.0,71.0,-93.0,13.0,44.0,-187.0,-88.0,-56.0,-140.0,-47.0,82.0,-168.0,-24.42,42.0,-108.31,24.55,24.79,-165.96,-66.25,-70.93,-120.7,-51.25,61.5,-143.91
2025-08-11T17:40:36.129060,51.0,81.0,-77.0,22.0,-19.0,-159.0,-93.0,-25.0,-125.0,-92.0,33.0,-158.0,57.58,52.0,-92.31,33.55,-38.21,-137.96,-71.25,-39.93,-105.7,-96.25,12.5,-133.91
2025-08-11T17:40:36.136965,83.0,95.0,-110.0,38.0,9.0,-225.0,-50.0,-35.0,-92.0,-18.0,106.0,-173.0,89.58,66.0,-125.31,49.55,-10.21,-203.96,-28.25,-49.93,-72.7,-22.25,85.5,-148.91
2025-08-11T17:40:36.141178,62.0,63.0,-126.0,54.0,-1.0,-167.0,-86.0,-25.0,-88.0,-11.0,30.0,-118.0,68.58,34.0,-141.31,65.55,-20.21,-145.96,-64.25,-39.93,-68.7,-15.25,9.5,-93.91
2025-08-11T17:40:36.149447,-38.0,-63.0,-35.0,30.0,-8.0,-125.0,-68.0,23.0,-156.0,-94.0,81.0,-150.0,-31.42,-92.0,-50.31,41.55,-27.21,-103.96000000000001,-46.25,8.07,-136.7,-98.25,60.5,-125.91
2025-08-11T17:40:36.153706,11.0,-16.0,-134.0,-15.0,12.0,-116.0,-140.0,-55.0,-106.0,-51.0,64.0,-140.0,17.58,-45.0,-149.31,-3.4499999999999993,-7.210000000000001,-94.96000000000001,-118.25,-69.93,-86.7,-55.25,43.5,-115.91
2025-08-11T17:40:36.161514,23.0,75.0,-97.0,18.0,-31.0,-163.0,-94.0,81.0,-88.0,58.0,47.0,-138.0,29.58,46.0,-112.31,29.55,-50.21,-141.96,-72.25,66.07,-68.7,53.75,26.5,-113.91
2025-08-11T17:40:36.169559,19.0,45.0,-63.0,39.0,70.0,-126.0,-15.0,-35.0,-122.0,-114.0,19.0,-125.0,25.58,16.0,-78.31,50.55,50.79,-104.96000000000001,6.75,-49.93,-102.7,-118.25,-1.5,-100.91
2025-08-11T17:40:36.173957,80.0,92.0,-132.0,-15.0,-36.0,-171.0,-103.0,4.0,-82.0,-41.0,74.0,-133.0,86.58,63.0,-147.31,-3.4499999999999993,-55.21,-149.96,-81.25,-10.93,-62.7,-45.25,53.5,-108.91
2025-08-11T17:40:36.182008,107.0,-5.0,-85.0,31.0,-67.0,-105.0,-140.0,57.0,-160.0,-56.0,36.0,-146.0,113.58,-34.0,-100.31,42.55,-86.21000000000001,-83.96000000000001,-118.25,42.07,-140.7,-60.25,15.5,-121.91
2025-08-11T17:40:36.186161,13.0,99.0,-78.0,-40.0,19.0,-188.0,-43.0,-2.0,-132.0,-1.0,98.0,-233.0,19.58,70.0,-93.31,-28.45,-0.21000000000000085,-166.96,-21.25,-16.93,-112.7,-5.25,77.5,-208.91
2025-08-11T17:40:36.194243,-69.0,69.0,-66.0,40.0,-31.0,-143.0,-28.0,26.0,-200.0,-45.0,-1.0,-170.0,-62.42,40.0,-81.31,51.55,-50.21,-121.96000000000001,-6.25,11.07,-180.7,-49.25,-21.5,-145.91
2025-08-11T17:40:36.198479,9.0,-3.0,-95.0,39.0,13.0,-189.0,-46.0,-67.0,-91.0,41.0,18.0,-156.0,15.58,-32.0,-110.31,50.55,-6.210000000000001,-167.96,-24.25,-81.93,-71.7,36.75,-2.5,-131.91
2025-08-11T17:40:36.206561,39.0,75.0,-76.0,-3.0,-14.0,-153.0,-62.0,-50.0,-67.0,-45.0,63.0,-138.0,45.58,46.0,-91.31,8.55,-33.21,-131.96,-40.25,-64.93,-47.7,-49.25,42.5,-113.91
2025-08-11T17:40:36.210936,29.0,36.0,-175.0,-40.0,-35.0,-153.0,-102.0,-23.0,-74.0,-88.0,60.0,-112.0,35.58,7.0,-190.31,-28.45,-54.21,-131.96,-80.25,-37.93,-54.7,-92.25,39.5,-87.91
2025-08-11T17:40:36.218962,72.0,-27.0,-85.0,7.0,-12.0,-110.0,-41.0,-25.0,-79.0,-4.0,28.0,-124.0,78.58,-56.0,-100.31,18.55,-31.21,-88.96000000000001,-19.25,-39.93,-59.7,-8.25,7.5,-99.91
2025-08-11T17:40:36.223278,70.0,48.0,-107.0,38.0,6.0,-75.0,-51.0,-52.0,-140.0,-45.0,63.0,-182.0,76.58,19.0,-122.31,49.55,-13.21,-53.96,-29.25,-66.93,-120.7,-49.25,42.5,-157.91
2025-08-11T17:40:36.231028,36.0,108.0,-184.0,-7.0,-15.0,-228.0,31.0,17.0,-132.0,-86.0,67.0,-197.0,42.58,79.0,-199.31,4.550000000000001,-34.21,-206.96,52.75,2.0700000000000003,-112.7,-90.25,46.5,-172.91
2025-08-11T17:40:36.235479,65.0,55.0,-105.0,38.0,20.0,-172.0,-50.0,5.0,-100.0,-47.0,9.0,-104.0,71.58,26.0,-120.31,49.55,0.7899999999999991,-150.96,-28.25,-9.93,-80.7,-51.25,-11.5,-79.91
2025-08-11T17:40:36.243385,86.0,60.0,-174.0,49.0,-11.0,-187.0,-164.0,-75.0,-178.0,-58.0,74.0,-157.0,92.58,31.0,-189.31,60.55,-30.21,-165.96,-142.25,-89.93,-158.7,-62.25,53.5,-132.91
2025-08-11T17:40:36.248022,85.0,52.0,-155.0,20.0,-12.0,-207.0,-24.0,-67.0,-156.0,-152.0,31.0,-216.0,91.58,23.0,-170.31,31.55,-31.21,-185.96,-2.25,-81.93,-136.7,-156.25,10.5,-191.91
2025-08-11T17:40:36.255740,96.0,57.0,-126.0,48.0,-162.0,-216.0,-43.0,-26.0,-202.0,-89.0,1.0,-164.0,102.58,28.0,-141.31,59.55,-181.21,-194.96,-21.25,-40.93,-182.7,-93.25,-19.5,-139.91
2025-08-11T17:40:36.263832,50.0,186.0,-182.0,40.0,-44.0,-210.0,-44.0,-86.0,-107.0,-49.0,30.0,-145.0,56.58,157.0,-197.31,51.55,-63.21,-188.96,-22.25,-100.93,-87.7,-53.25,9.5,-120.91
2025-08-11T17:40:36.268165,56.0,70.0,-221.0,51.0,-39.0,-239.0,-146.0,-81.0,-181.0,-87.0,22.0,-203.0,62.58,41.0,-236.31,62.55,-58.21,-217.96,-124.25,-95.93,-161.7,-91.25,1.5,-178.91
2025-08-11T17:40:36.276455,68.0,46.0,-178.0,111.0,-63.0,-211.0,-82.0,-13.0,-213.0,-117.0,108.0,-223.0,74.58,17.0,-193.31,122.55,-82.21000000000001,-189.96,-60.25,-27.93,-193.7,-121.25,87.5,-198.91
2025-08-11T17:40:36.280453,4.0,87.0,-133.0,82.0,-55.0,-195.0,-71.0,-5.0,-192.0,-32.0,54.0,-217.0,10.58,58.0,-148.31,93.55,-74.21000000000001,-173.96,-49.25,-19.93,-172.7,-36.25,33.5,-192.91
2025-08-11T17:40:36.288594,0.0,92.0,-189.0,94.0,-58.0,-154.0,-71.0,10.0,-210.0,-21.0,39.0,-73.0,6.58,63.0,-204.31,105.55,-77.21000000000001,-132.96,-49.25,-4.93,-190.7,-25.25,18.5,-48.91
2025-08-11T17:40:36.292737,100.0,78.0,-139.0,56.0,-54.0,-180.0,-66.0,-77.0,-209.0,-65.0,75.0,-190.0,106.58,49.0,-154.31,67.55,-73.21000000000001,-158.96,-44.25,-91.93,-189.7,-69.25,54.5,-165.91
2025-08-11T17:40:36.300797,111.0,145.0,-190.0,68.0,-65.0,-227.0,-64.0,-20.0,-156.0,-73.0,42.0,-213.0,117.58,116.0,-205.31,79.55,-84.21000000000001,-205.96,-42.25,-34.93,-136.7,-77.25,21.5,-188.91
2025-08-11T17:40:36.305169,69.0,100.0,-175.0,149.0,-23.0,-255.0,-122.0,-58.0,-191.0,-88.0,45.0,-225.0,75.58,71.0,-190.31,160.55,-42.21,-233.96,-100.25,-72.93,-171.7,-92.25,24.5,-200.91
2025-08-11T17:40:36.313226,60.0,102.0,-228.0,97.0,-3.0,-229.0,-84.0,-62.0,-168.0,-73.0,117.0,-206.0,66.58,73.0,-243.31,108.55,-22.21,-207.96,-62.25,-76.93,-148.7,-77.25,96.5,-181.91
2025-08-11T17:40:36.321256,83.0,125.0,-201.0,90.0,-46.0,-253.0,-151.0,-16.0,-260.0,-127.0,138.0,-240.0,89.58,96.0,-216.31,101.55,-65.21000000000001,-231.96,-129.25,-30.93,-240.7,-131.25,117.5,-215.91
2025-08-11T17:40:36.325491,88.0,143.0,-165.0,70.0,-10.0,-251.0,-90.0,-44.0,-270.0,8.0,99.0,-312.0,94.58,114.0,-180.31,81.55,-29.21,-229.96,-68.25,-58.93,-250.7,3.75,78.5,-287.91
2025-08-11T17:40:36.333586,130.0,143.0,-222.0,127.0,-38.0,-195.0,-41.0,-59.0,-238.0,-31.0,71.0,-259.0,136.58,114.0,-237.31,138.55,-57.21,-173.96,-19.25,-73.93,-218.7,-35.25,50.5,-234.91
2025-08-11T17:40:36.337817,165.0,125.0,-252.0,102.0,-64.0,-230.0,-81.0,-63.0,-231.0,-89.0,132.0,-286.0,171.58,96.0,-267.31,113.55,-83.21000000000001,-208.96,-59.25,-77.93,-211.7,-93.25,111.5,-261.91
2025-08-11T17:40:36.345878,184.0,164.0,-265.0,142.0,22.0,-211.0,-93.0,6.0,-295.0,-102.0,197.0,-200.0,190.58,135.0,-280.31,153.55,2.789999999999999,-189.96,-71.25,-8.93,-275.7,-106.25,176.5,-175.91
2025-08-11T17:40:36.353994,105.0,181.0,-232.0,137.0,-84.0,-254.0,-69.0,-87.0,-277.0,-72.0,192.0,-261.0,111.58,152.0,-247.31,148.55,-103.21000000000001,-232.96,-47.25,-101.93,-257.7,-76.25,171.5,-236.91
2025-08-11T17:40:36.358285,153.0,258.0,-279.0,202.0,-129.0,-237.0,-43.0,-94.0,-310.0,-59.0,123.0,-250.0,159.58,229.0,-294.31,213.55,-148.21,-215.96,-21.25,-108.93,-290.7,-63.25,102.5,-225.91
2025-08-11T17:40:36.366386,174.0,180.0,-208.0,95.0,-71.0,-292.0,-110.0,-107.0,-299.0,-46.0,203.0,-283.0,180.58,151.0,-223.31,106.55,-90.21000000000001,-270.96,-88.25,-121.93,-279.7,-50.25,182.5,-258.91
2025-08-11T17:40:36.370710,132.0,203.0,-182.0,146.0,-86.0,-332.0,-23.0,-70.0,-303.0,-60.0,147.0,-289.0,138.58,174.0,-197.31,157.55,-105.21000000000001,-310.96,-1.25,-84.93,-283.7,-64.25,126.5,-264.91
2025-08-11T17:40:36.378731,138.0,136.0,-246.0,124.0,-6.0,-290.0,-145.0,-40.0,-278.0,-129.0,155.0,-311.0,144.58,107.0,-261.31,135.55,-25.21,-268.96,-123.25,-54.93,-258.7,-133.25,134.5,-286.91
2025-08-11T17:40:36.386838,121.0,140.0,-221.0,171.0,-77.0,-256.0,-109.0,-10.0,-336.0,-15.0,179.0,-290.0,127.58,111.0,-236.31,182.55,-96.21000000000001,-234.96,-87.25,-24.93,-316.7,-19.25,158.5,-265.91
2025-08-11T17:40:36.391055,120.0,190.0,-198.0,128.0,-89.0,-260.0,-104.0,-62.0,-305.0,-65.0,104.0,-307.0,126.58,161.0,-213.31,139.55,-108.21000000000001,-238.96,-82.25,-76.93,-285.7,-69.25,83.5,-282.91
2025-08-11T17:40:36.399503,163.0,212.0,-257.0,163.0,-99.0,-252.0,-117.0,-53.0,-329.0,-149.0,231.0,-304.0,169.58,183.0,-272.31,174.55,-118.21000000000001,-230.96,-95.25,-67.93,-309.7,-153.25,210.5,-279.91
2025-08-11T17:40:36.404133,148.0,171.0,-209.0,176.0,-55.0,-353.0,-90.0,-118.0,-293.0,-93.0,227.0,-279.0,154.58,142.0,-224.31,187.55,-74.21000000000001,-331.96,-68.25,-132.93,-273.7,-97.25,206.5,-254.91
2025-08-11T17:40:36.411671,143.0,239.0,-129.0,147.0,-40.0,-342.0,-91.0,-60.0,-320.0,-63.0,79.0,-294.0,149.58,210.0,-144.31,158.55,-59.21,-320.96,-69.25,-74.93,-300.7,-67.25,58.5,-269.91
2025-08-11T17:40:36.419634,197.0,133.0,-215.0,126.0,-90.0,-265.0,-170.0,-60.0,-280.0,-141.0,163.0,-306.0,203.58,104.0,-230.31,137.55,-109.21000000000001,-243.96,-148.25,-74.93,-260.7,-145.25,142.5,-281.91
2025-08-11T17:40:36.424232,134.0,114.0,-195.0,166.0,-105.0,-311.0,-130.0,-85.0,-287.0,-110.0,215.0,-309.0,140.58,85.0,-210.31,177.55,-124.21000000000001,-289.96,-108.25,-99.93,-267.7,-114.25,194.5,-284.91
2025-08-11T17:40:36.431986,58.0,246.0,-268.0,113.0,-56.0,-275.0,-53.0,-58.0,-316.0,-52.0,166.0,-214.0,64.58,217.0,-283.31,124.55,-75.21000000000001,-253.96,-31.25,-72.93,-296.7,-56.25,145.5,-189.91
2025-08-11T17:40:36.436252,160.0,195.0,-274.0,80.0,-72.0,-293.0,-140.0,-64.0,-301.0,-108.0,167.0,-288.0,166.58,166.0,-289.31,91.55,-91.21000000000001,-271.96,-118.25,-78.93,-281.7,-112.25,146.5,-263.91
2025-08-11T17:40:36.444153,115.0,162.0,-189.0,177.0,-73.0,-287.0,-85.0,-53.0,-328.0,-51.0,201.0,-331.0,121.58,133.0,-204.31,188.55,-92.21000000000001,-265.96,-63.25,-67.93,-308.7,-55.25,180.5,-306.91
2025-08-11T17:40:36.452331,102.0,205.0,-259.0,85.0,-68.0,-305.0,-127.0,-36.0,-304.0,-108.0,168.0,-253.0,108.58,176.0,-274.31,96.55,-87.21000000000001,-283.96,-105.25,-50.93,-284.7,-112.25,147.5,-228.91
2025-08-11T17:40:36.456521,159.0,137.0,-221.0,147.0,-91.0,-307.0,-68.0,-55.0,-263.0,-139.0,191.0,-263.0,165.58,108.0,-236.31,158.55,-110.21000000000001,-285.96,-46.25,-69.93,-243.7,-143.25,170.5,-238.91
2025-08-11T17:40:36.464690,180.0,175.0,-218.0,116.0,16.0,-308.0,-145.0,-43.0,-273.0,-115.0,198.0,-278.0,186.58,146.0,-233.31,127.55,-3.210000000000001,-286.96,-123.25,-57.93,-253.7,-119.25,177.5,-253.91
2025-08-11T17:40:36.468888,103.0,222.0,-220.0,180.0,-66.0,-307.0,-147.0,-52.0,-289.0,-30.0,193.0,-242.0,109.58,193.0,-235.31,191.55,-85.21000000000001,-285.96,-125.25,-66.93,-269.7,-34.25,172.5,-217.91
2025-08-11T17:40:36.477086,160.0,188.0,-220.0,156.0,-56.0,-303.0,-67.0,-78.0,-256.0,-88.0,156.0,-212.0,166.58,159.0,-235.31,167.55,-75.21000000000001,-281.96,-45.25,-92.93,-236.7,-92.25,135.5,-187.91
2025-08-11T17:40:36.485157,100.0,127.0,-205.0,82.0,-82.0,-301.0,-182.0,-21.0,-315.0,-51.0,139.0,-323.0,106.58,98.0,-220.31,93.55,-101.21000000000001,-279.96,-160.25,-35.93,-295.7,-55.25,118.5,-298.91
2025-08-11T17:40:36.489379,171.0,182.0,-305.0,122.0,-31.0,-299.0,-55.0,-7.0,-327.0,-86.0,115.0,-293.0,177.58,153.0,-320.31,133.55,-50.21,-277.96,-33.25,-21.93,-307.7,-90.25,94.5,-268.91
2025-08-11T17:40:36.497678,115.0,188.0,-280.0,128.0,-114.0,-280.0,-169.0,-59.0,-278.0,-86.0,230.0,-255.0,121.58,159.0,-295.31,139.55,-133.21,-258.96,-147.25,-73.93,-258.7,-90.25,209.5,-230.91
2025-08-11T17:40:36.501583,49.0,117.0,-146.0,120.0,-127.0,-317.0,-114.0,-27.0,-275.0,-89.0,199.0,-252.0,55.58,88.0,-161.31,131.55,-146.21,-295.96,-92.25,-41.93,-255.7,-93.25,178.5,-227.91
2025-08-11T17:40:36.509785,156.0,175.0,-282.0,139.0,-47.0,-318.0,-60.0,-40.0,-312.0,-143.0,202.0,-237.0,162.58,146.0,-297.31,150.55,-66.21000000000001,-296.96,-38.25,-54.93,-292.7,-147.25,181.5,-212.91
2025-08-11T17:40:36.517888,223.0,146.0,-229.0,119.0,-85.0,-299.0,-133.0,-11.0,-280.0,-114.0,209.0,-222.0,229.58,117.0,-244.31,130.55,-104.21000000000001,-277.96,-111.25,-25.93,-260.7,-118.25,188.5,-197.91
2025-08-11T17:40:36.522045,123.0,169.0,-216.0,123.0,-90.0,-291.0,-72.0,-132.0,-338.0,-144.0,208.0,-233.0,129.58,140.0,-231.31,134.55,-109.21000000000001,-269.96,-50.25,-146.93,-318.7,-148.25,187.5,-208.91
2025-08-11T17:40:36.530188,118.0,208.0,-249.0,88.0,-60.0,-312.0,-104.0,-85.0,-318.0,-84.0,148.0,-281.0,124.58,179.0,-264.31,99.55,-79.21000000000001,-290.96,-82.25,-99.93,-298.7,-88.25,127.5,-256.91
2025-08-11T17:40:36.538482,81.0,163.0,-183.0,136.0,-19.0,-261.0,-118.0,-62.0,-349.0,-82.0,142.0,-317.0,87.58,134.0,-198.31,147.55,-38.21,-239.96,-96.25,-76.93,-329.7,-86.25,121.5,-292.91
2025-08-11T17:40:36.542704,108.0,121.0,-185.0,219.0,-27.0,-300.0,-96.0,-46.0,-273.0,-75.0,216.0,-317.0,114.58,92.0,-200.31,230.55,-46.21,-278.96,-74.25,-60.93,-253.7,-79.25,195.5,-292.91
2025-08-11T17:40:36.550698,56.0,234.0,-233.0,149.0,-85.0,-276.0,-144.0,-22.0,-270.0,-40.0,198.0,-278.0,62.58,205.0,-248.31,160.55,-104.21000000000001,-254.96,-122.25,-36.93,-250.7,-44.25,177.5,-253.91
2025-08-11T17:40:36.555071,170.0,143.0,-250.0,173.0,-90.0,-264.0,-114.0,24.0,-319.0,-45.0,184.0,-285.0,176.58,114.0,-265.31,184.55,-109.21000000000001,-242.96,-92.25,9.07,-299.7,-49.25,163.5,-260.91
2025-08-11T17:40:36.563108,93.0,202.0,-180.0,113.0,-30.0,-310.0,-164.0,-87.0,-270.0,-69.0,158.0,-286.0,99.58,173.0,-195.31,124.55,-49.21,-288.96,-142.25,-101.93,-250.7,-73.25,137.5,-261.91
2025-08-11T17:40:36.571196,119.0,218.0,-240.0,155.0,-138.0,-333.0,-188.0,-61.0,-334.0,-39.0,191.0,-333.0,125.58,189.0,-255.31,166.55,-157.21,-311.96,-166.25,-75.93,-314.7,-43.25,170.5,-308.91
2025-08-11T17:40:36.575411,165.0,177.0,-244.0,134.0,-26.0,-287.0,-61.0,-33.0,-346.0,-83.0,219.0,-296.0,171.58,148.0,-259.31,145.55,-45.21,-265.96,-39.25,-47.93,-326.7,-87.25,198.5,-271.91
2025-08-11T17:40:36.583530,156.0,209.0,-235.0,132.0,-89.0,-308.0,-168.0,-14.0,-326.0,-77.0,170.0,-295.0,162.58,180.0,-250.31,143.55,-108.21000000000001,-286.96,-146.25,-28.93,-306.7,-81.25,149.5,-270.91
2025-08-11T17:40:36.587735,55.0,189.0,-284.0,114.0,-6.0,-322.0,-135.0,-12.0,-331.0,-88.0,166.0,-284.0,61.58,160.0,-299.31,125.55,-25.21,-300.96,-113.25,-26.93,-311.7,-92.25,145.5,-259.91
2025-08-11T17:40:36.595760,146.0,174.0,-210.0,78.0,-94.0,-302.0,-42.0,-62.0,-308.0,-114.0,181.0,-309.0,152.58,145.0,-225.31,89.55,-113.21000000000001,-280.96,-20.25,-76.93,-288.7,-118.25,160.5,-284.91
2025-08-11T17:40:36.600238,86.0,254.0,-226.0,143.0,-135.0,-278.0,-116.0,2.0,-274.0,-75.0,131.0,-305.0,92.58,225.0,-241.31,154.55,-154.21,-256.96,-94.25,-12.93,-254.7,-79.25,110.5,-280.91
2025-08-11T17:40:36.608186,151.0,245.0,-246.0,126.0,-95.0,-353.0,-52.0,-34.0,-359.0,-115.0,149.0,-310.0,157.58,216.0,-261.31,137.55,-114.21000000000001,-331.96,-30.25,-48.93,-339.7,-119.25,128.5,-285.91
2025-08-11T17:40:36.616188,172.0,141.0,-257.0,123.0,-36.0,-289.0,-111.0,-88.0,-286.0,-66.0,204.0,-261.0,178.58,112.0,-272.31,134.55,-55.21,-267.96,-89.25,-102.93,-266.7,-70.25,183.5,-236.91
2025-08-11T17:40:36.620462,111.0,219.0,-227.0,102.0,-43.0,-298.0,-146.0,-73.0,-272.0,-161.0,138.0,-284.0,117.58,190.0,-242.31,113.55,-62.21,-276.96,-124.25,-87.93,-252.7,-165.25,117.5,-259.91
2025-08-11T17:40:36.628660,135.0,196.0,-268.0,118.0,-56.0,-290.0,-83.0,-82.0,-281.0,-100.0,128.0,-270.0,141.58,167.0,-283.31,129.55,-75.21000000000001,-268.96,-61.25,-96.93,-261.7,-104.25,107.5,-245.91
2025-08-11T17:40:36.636635,107.0,129.0,-252.0,140.0,-33.0,-326.0,-152.0,5.0,-304.0,-189.0,165.0,-272.0,113.58,100.0,-267.31,151.55,-52.21,-304.96,-130.25,-9.93,-284.7,-193.25,144.5,-247.91
2025-08-11T17:40:36.640807,145.0,256.0,-282.0,161.0,12.0,-330.0,-77.0,-63.0,-289.0,-76.0,191.0,-301.0,151.58,227.0,-297.31,172.55,-7.210000000000001,-308.96,-55.25,-77.93,-269.7,-80.25,170.5,-276.91
2025-08-11T17:40:36.649074,119.0,130.0,-244.0,155.0,-88.0,-273.0,-113.0,-36.0,-306.0,-89.0,182.0,-233.0,125.58,101.0,-259.31,166.55,-107.21000000000001,-251.96,-91.25,-50.93,-286.7,-93.25,161.5,-208.91
2025-08-11T17:40:36.653258,113.0,146.0,-256.0,147.0,-58.0,-320.0,-81.0,-82.0,-348.0,-73.0,205.0,-312.0,119.58,117.0,-271.31,158.55,-77.21000000000001,-298.96,-59.25,-96.93,-328.7,-77.25,184.5,-287.91
2025-08-11T17:40:36.661463,101.0,208.0,-194.0,86.0,-47.0,-310.0,-112.0,-70.0,-270.0,-161.0,127.0,-307.0,107.58,179.0,-209.31,97.55,-66.21000000000001,-288.96,-90.25,-84.93,-250.7,-165.25,106.5,-282.91
2025-08-11T17:40:36.669525,113.0,211.0,-255.0,151.0,-82.0,-296.0,-109.0,-35.0,-285.0,-91.0,160.0,-268.0,119.58,182.0,-270.31,162.55,-101.21000000000001,-274.96,-87.25,-49.93,-265.7,-95.25,139.5,-243.91
2025-08-11T17:40:36.673804,180.0,99.0,-264.0,142.0,-23.0,-357.0,-77.0,-21.0,-294.0,-123.0,148.0,-318.0,186.58,70.0,-279.31,153.55,-42.21,-335.96,-55.25,-35.93,-274.7,-127.25,127.5,-293.91
2025-08-11T17:40:36.681695,107.0,171.0,-223.0,141.0,-38.0,-268.0,-120.0,-52.0,-257.0,-107.0,150.0,-266.0,113.58,142.0,-238.31,152.55,-57.21,-246.96,-98.25,-66.93,-237.7,-111.25,129.5,-241.91
2025-08-11T17:40:36.685981,173.0,138.0,-239.0,64.0,-47.0,-272.0,-111.0,-76.0,-246.0,-180.0,167.0,-294.0,179.58,109.0,-254.31,75.55,-66.21000000000001,-250.96,-89.25,-90.93,-226.7,-184.25,146.5,-269.91
2025-08-11T17:40:36.694208,138.0,158.0,-219.0,104.0,-55.0,-264.0,-130.0,-55.0,-226.0,-150.0,176.0,-277.0,144.58,129.0,-234.31,115.55,-74.21000000000001,-242.96,-108.25,-69.93,-206.7,-154.25,155.5,-252.91
2025-08-11T17:40:36.702047,133.0,146.0,-228.0,87.0,-79.0,-308.0,-115.0,-50.0,-294.0,-57.0,166.0,-329.0,139.58,117.0,-243.31,98.55,-98.21000000000001,-286.96,-93.25,-64.93,-274.7,-61.25,145.5,-304.91
2025-08-11T17:40:36.706404,138.0,123.0,-271.0,72.0,-99.0,-294.0,-85.0,-78.0,-322.0,-135.0,176.0,-293.0,144.58,94.0,-286.31,83.55,-118.21000000000001,-272.96,-63.25,-92.93,-302.7,-139.25,155.5,-268.91
2025-08-11T17:40:36.714608,81.0,161.0,-180.0,59.0,-53.0,-380.0,-122.0,-149.0,-257.0,-113.0,188.0,-271.0,87.58,132.0,-195.31,70.55,-72.21000000000001,-358.96,-100.25,-163.93,-237.7,-117.25,167.5,-246.91
2025-08-11T17:40:36.718830,72.0,269.0,-217.0,80.0,-109.0,-286.0,-84.0,-27.0,-240.0,-100.0,149.0,-244.0,78.58,240.0,-232.31,91.55,-128.21,-264.96,-62.25,-41.93,-220.7,-104.25,128.5,-219.91
2025-08-11T17:40:36.726921,121.0,45.0,-309.0,106.0,-70.0,-284.0,-111.0,-97.0,-304.0,-117.0,146.0,-246.0,127.58,16.0,-324.31,117.55,-89.21000000000001,-262.96,-89.25,-111.93,-284.7,-121.25,125.5,-221.91
2025-08-11T17:40:36.735090,38.0,134.0,-171.0,142.0,-79.0,-282.0,-215.0,-109.0,-280.0,-74.0,203.0,-304.0,44.58,105.0,-186.31,153.55,-98.21000000000001,-260.96,-193.25,-123.93,-260.7,-78.25,182.5,-279.91
2025-08-11T17:40:36.739230,129.0,217.0,-303.0,107.0,-26.0,-353.0,-112.0,-58.0,-327.0,-92.0,116.0,-223.0,135.58,188.0,-318.31,118.55,-45.21,-331.96,-90.25,-72.93,-307.7,-96.25,95.5,-198.91
2025-08-11T17:40:36.747428,120.0,104.0,-295.0,130.0,-54.0,-351.0,-130.0,-135.0,-300.0,-99.0,174.0,-279.0,126.58,75.0,-310.31,141.55,-73.21000000000001,-329.96,-108.25,-149.93,-280.7,-103.25,153.5,-254.91
2025-08-11T17:40:36.751688,67.0,118.0,-234.0,106.0,-118.0,-338.0,-95.0,-31.0,-261.0,-96.0,146.0,-296.0,73.58,89.0,-249.31,117.55,-137.21,-316.96,-73.25,-45.93,-241.7,-100.25,125.5,-271.91
2025-08-11T17:40:36.759546,168.0,185.0,-303.0,99.0,-70.0,-292.0,-132.0,-57.0,-249.0,-129.0,131.0,-230.0,174.58,156.0,-318.31,110.55,-89.21000000000001,-270.96,-110.25,-71.93,-229.7,-133.25,110.5,-205.91
2025-08-11T17:40:36.767779,187.0,125.0,-237.0,120.0,-51.0,-298.0,-9.0,-82.0,-314.0,-41.0,220.0,-306.0,193.58,96.0,-252.31,131.55,-70.21000000000001,-276.96,12.75,-96.93,-294.7,-45.25,199.5,-281.91
2025-08-11T17:40:36.771837,134.0,134.0,-207.0,73.0,-129.0,-287.0,-138.0,-23.0,-227.0,-86.0,141.0,-311.0,140.58,105.0,-222.31,84.55,-148.21,-265.96,-116.25,-37.93,-207.7,-90.25,120.5,-286.91
2025-08-11T17:40:36.780032,93.0,227.0,-240.0,148.0,-88.0,-314.0,-151.0,-29.0,-302.0,-129.0,137.0,-288.0,99.58,198.0,-255.31,159.55,-107.21000000000001,-292.96,-129.25,-43.93,-282.7,-133.25,116.5,-263.91
2025-08-11T17:40:36.788175,128.0,188.0,-273.0,141.0,-92.0,-309.0,-114.0,-135.0,-225.0,-161.0,176.0,-300.0,134.58,159.0,-288.31,152.55,-111.21000000000001,-287.96,-92.25,-149.93,-205.7,-165.25,155.5,-275.91
2025-08-11T17:40:36.792393,70.0,158.0,-202.0,170.0,-43.0,-286.0,-55.0,21.0,-334.0,-89.0,128.0,-397.0,76.58,129.0,-217.31,181.55,-62.21,-264.96,-33.25,6.07,-314.7,-93.25,107.5,-372.91
2025-08-11T17:40:36.800570,105.0,147.0,-251.0,70.0,-101.0,-279.0,-109.0,-78.0,-243.0,-110.0,156.0,-306.0,111.58,118.0,-266.31,81.55,-120.21000000000001,-257.96,-87.25,-92.93,-223.7,-114.25,135.5,-281.91
2025-08-11T17:40:36.804744,205.0,209.0,-299.0,122.0,-36.0,-333.0,-170.0,-26.0,-249.0,-119.0,149.0,-303.0,211.58,180.0,-314.31,133.55,-55.21,-311.96,-148.25,-40.93,-229.7,-123.25,128.5,-278.91
2025-08-11T17:40:36.813018,118.0,114.0,-282.0,104.0,-112.0,-353.0,-117.0,42.0,-254.0,-117.0,111.0,-299.0,124.58,85.0,-297.31,115.55,-131.21,-331.96,-95.25,27.07,-234.7,-121.25,90.5,-274.91
2025-08-11T17:40:36.820947,90.0,184.0,-266.0,64.0,-120.0,-322.0,-119.0,-51.0,-309.0,-93.0,170.0,-296.0,96.58,155.0,-281.31,75.55,-139.21,-300.96,-97.25,-65.93,-289.7,-97.25,149.5,-271.91
2025-08-11T17:40:36.825193,142.0,201.0,-205.0,99.0,-116.0,-317.0,-151.0,-39.0,-226.0,-145.0,95.0,-293.0,148.58,172.0,-220.31,110.55,-135.21,-295.96,-129.25,-53.93,-206.7,-149.25,74.5,-268.91
2025-08-11T17:40:36.833195,117.0,100.0,-274.0,189.0,-67.0,-370.0,-67.0,-55.0,-293.0,-134.0,143.0,-227.0,123.58,71.0,-289.31,200.55,-86.21000000000001,-348.96,-45.25,-69.93,-273.7,-138.25,122.5,-202.91
2025-08-11T17:40:36.837679,155.0,216.0,-171.0,165.0,-72.0,-290.0,-117.0,-39.0,-281.0,-128.0,139.0,-240.0,161.58,187.0,-186.31,176.55,-91.21000000000001,-268.96,-95.25,-53.93,-261.7,-132.25,118.5,-215.91
2025-08-11T17:40:36.845697,99.0,104.0,-236.0,54.0,-85.0,-292.0,-125.0,-45.0,-282.0,-146.0,125.0,-269.0,105.58,75.0,-251.31,65.55,-104.21000000000001,-270.96,-103.25,-59.93,-262.7,-150.25,104.5,-244.91
2025-08-11T17:40:36.853579,74.0,105.0,-175.0,106.0,-81.0,-309.0,-57.0,-99.0,-301.0,-149.0,117.0,-349.0,80.58,76.0,-190.31,117.55,-100.21000000000001,-287.96,-35.25,-113.93,-281.7,-153.25,96.5,-324.91
2025-08-11T17:40:36.858095,106.0,152.0,-262.0,124.0,-61.0,-320.0,-142.0,-35.0,-260.0,-83.0,152.0,-290.0,112.58,123.0,-277.31,135.55,-80.21000000000001,-298.96,-120.25,-49.93,-240.7,-87.25,131.5,-265.91
2025-08-11T17:40:36.866127,143.0,159.0,-231.0,125.0,-64.0,-299.0,-189.0,-100.0,-316.0,-73.0,156.0,-232.0,149.58,130.0,-246.31,136.55,-83.21000000000001,-277.96,-167.25,-114.93,-296.7,-77.25,135.5,-207.91
2025-08-11T17:40:36.870299,84.0,154.0,-205.0,144.0,-98.0,-299.0,-95.0,-23.0,-316.0,-152.0,169.0,-262.0,90.58,125.0,-220.31,155.55,-117.21000000000001,-277.96,-73.25,-37.93,-296.7,-156.25,148.5,-237.91
2025-08-11T17:40:36.878555,75.0,191.0,-242.0,110.0,-124.0,-326.0,-137.0,-31.0,-255.0,-86.0,147.0,-324.0,81.58,162.0,-257.31,121.55,-143.21,-304.96,-115.25,-45.93,-235.7,-90.25,126.5,-299.91
2025-08-11T17:40:36.886419,124.0,114.0,-262.0,133.0,0.0,-357.0,-88.0,-77.0,-241.0,-147.0,123.0,-264.0,130.58,85.0,-277.31,144.55,-19.21,-335.96,-66.25,-91.93,-221.7,-151.25,102.5,-239.91
2025-08-11T17:40:36.890778,83.0,196.0,-254.0,144.0,-113.0,-274.0,-101.0,-61.0,-257.0,-129.0,151.0,-255.0,89.58,167.0,-269.31,155.55,-132.21,-252.96,-79.25,-75.93,-237.7,-133.25,130.5,-230.91
2025-08-11T17:40:36.898847,71.0,211.0,-217.0,142.0,-50.0,-293.0,-139.0,-22.0,-246.0,-117.0,109.0,-252.0,77.58,182.0,-232.31,153.55,-69.21000000000001,-271.96,-117.25,-36.93,-226.7,-121.25,88.5,-227.91
2025-08-11T17:40:36.903230,98.0,222.0,-217.0,95.0,-92.0,-276.0,-182.0,-91.0,-255.0,-73.0,168.0,-228.0,104.58,193.0,-232.31,106.55,-111.21000000000001,-254.96,-160.25,-105.93,-235.7,-77.25,147.5,-203.91
2025-08-11T17:40:36.911097,102.0,197.0,-251.0,58.0,-98.0,-301.0,-159.0,-78.0,-246.0,-32.0,158.0,-283.0,108.58,168.0,-266.31,69.55,-117.21000000000001,-279.96,-137.25,-92.93,-226.7,-36.25,137.5,-258.91
2025-08-11T17:40:36.919304,133.0,182.0,-297.0,88.0,-17.0,-355.0,-212.0,-14.0,-302.0,-83.0,211.0,-241.0,139.58,153.0,-312.31,99.55,-36.21,-333.96,-190.25,-28.93,-282.7,-87.25,190.5,-216.91
2025-08-11T17:40:36.923545,230.0,200.0,-281.0,103.0,-133.0,-311.0,-119.0,-96.0,-242.0,-83.0,200.0,-334.0,236.58,171.0,-296.31,114.55,-152.21,-289.96,-97.25,-110.93,-222.7,-87.25,179.5,-309.91
2025-08-11T17:40:36.931549,123.0,104.0,-226.0,197.0,-103.0,-268.0,-133.0,-43.0,-273.0,-168.0,114.0,-331.0,129.58,75.0,-241.31,208.55,-122.21000000000001,-246.96,-111.25,-57.93,-253.7,-172.25,93.5,-306.91
2025-08-11T17:40:36.935774,122.0,181.0,-298.0,68.0,-56.0,-306.0,-55.0,-75.0,-298.0,-50.0,121.0,-289.0,128.58,152.0,-313.31,79.55,-75.21000000000001,-284.96,-33.25,-89.93,-278.7,-54.25,100.5,-264.91
2025-08-11T17:40:36.943942,101.0,130.0,-268.0,129.0,-42.0,-300.0,-113.0,-77.0,-292.0,-126.0,151.0,-275.0,107.58,101.0,-283.31,140.55,-61.21,-278.96,-91.25,-91.93,-272.7,-130.25,130.5,-250.91
2025-08-11T17:40:36.951989,131.0,153.0,-233.0,60.0,-76.0,-247.0,-70.0,-23.0,-300.0,-89.0,153.0,-318.0,137.58,124.0,-248.31,71.55,-95.21000000000001,-225.96,-48.25,-37.93,-280.7,-93.25,132.5,-293.91
2025-08-11T17:40:36.956329,166.0,161.0,-229.0,132.0,-8.0,-335.0,-121.0,-138.0,-273.0,-62.0,114.0,-271.0,172.58,132.0,-244.31,143.55,-27.21,-313.96,-99.25,-152.93,-253.7,-66.25,93.5,-246.91
2025-08-11T17:40:36.964424,136.0,127.0,-249.0,51.0,-31.0,-314.0,-75.0,0.0,-270.0,-115.0,181.0,-292.0,142.58,98.0,-264.31,62.55,-50.21,-292.96,-53.25,-14.93,-250.7,-119.25,160.5,-267.91
2025-08-11T17:40:36.968554,174.0,148.0,-234.0,120.0,-88.0,-338.0,-46.0,-5.0,-357.0,-49.0,134.0,-281.0,180.58,119.0,-249.31,131.55,-107.21000000000001,-316.96,-24.25,-19.93,-337.7,-53.25,113.5,-256.91
2025-08-11T17:40:36.976722,168.0,217.0,-239.0,79.0,-114.0,-304.0,-86.0,-83.0,-257.0,-118.0,225.0,-255.0,174.58,188.0,-254.31,90.55,-133.21,-282.96,-64.25,-97.93,-237.7,-122.25,204.5,-230.91
2025-08-11T17:40:36.984935,142.0,59.0,-241.0,120.0,-122.0,-263.0,-165.0,-49.0,-304.0,-90.0,199.0,-300.0,148.58,30.0,-256.31,131.55,-141.21,-241.96,-143.25,-63.93,-284.7,-94.25,178.5,-275.91
2025-08-11T17:40:36.989048,103.0,156.0,-167.0,47.0,-27.0,-290.0,-130.0,-69.0,-269.0,-106.0,113.0,-336.0,109.58,127.0,-182.31,58.55,-46.21,-268.96,-108.25,-83.93,-249.7,-110.25,92.5,-311.91
2025-08-11T17:40:36.997148,123.0,162.0,-264.0,131.0,-174.0,-323.0,-126.0,-73.0,-294.0,-78.0,175.0,-253.0,129.58,133.0,-279.31,142.55,-193.21,-301.96,-104.25,-87.93,-274.7,-82.25,154.5,-228.91
2025-08-11T17:40:37.005280,224.0,126.0,-185.0,176.0,-98.0,-318.0,-42.0,49.0,-284.0,-113.0,158.0,-297.0,230.58,97.0,-200.31,187.55,-117.21000000000001,-296.96,-20.25,34.07,-264.7,-117.25,137.5,-272.91
2025-08-11T17:40:37.009510,125.0,225.0,-245.0,130.0,-111.0,-315.0,-110.0,-103.0,-282.0,-134.0,112.0,-325.0,131.58,196.0,-260.31,141.55,-130.21,-293.96,-88.25,-117.93,-262.7,-138.25,91.5,-300.91
2025-08-11T17:40:37.017636,135.0,148.0,-240.0,75.0,-124.0,-353.0,-149.0,-54.0,-297.0,-105.0,96.0,-275.0,141.58,119.0,-255.31,86.55,-143.21,-331.96,-127.25,-68.93,-277.7,-109.25,75.5,-250.91
2025-08-11T17:40:37.022101,83.0,162.0,-224.0,108.0,-78.0,-288.0,-142.0,-43.0,-211.0,-119.0,167.0,-303.0,89.58,133.0,-239.31,119.55,-97.21000000000001,-266.96,-120.25,-57.93,-191.7,-123.25,146.5,-278.91
2025-08-11T17:40:37.029912,127.0,194.0,-230.0,136.0,-35.0,-302.0,-154.0,-67.0,-292.0,-126.0,120.0,-257.0,133.58,165.0,-245.31,147.55,-54.21,-280.96,-132.25,-81.93,-272.7,-130.25,99.5,-232.91
2025-08-11T17:40:37.037894,151.0,112.0,-184.0,144.0,-56.0,-290.0,-91.0,-128.0,-293.0,-157.0,125.0,-339.0,157.58,83.0,-199.31,155.55,-75.21000000000001,-268.96,-69.25,-142.93,-273.7,-161.25,104.5,-314.91
2025-08-11T17:40:37.042280,116.0,184.0,-218.0,112.0,-109.0,-240.0,-103.0,-39.0,-293.0,-90.0,133.0,-170.0,122.58,155.0,-233.31,123.55,-128.21,-218.96,-81.25,-53.93,-273.7,-94.25,112.5,-145.91
2025-08-11T17:40:37.050401,171.0,98.0,-232.0,112.0,-88.0,-294.0,-67.0,-119.0,-256.0,-113.0,86.0,-289.0,177.58,69.0,-247.31,123.55,-107.21000000000001,-272.96,-45.25,-133.93,-236.7,-117.25,65.5,-264.91
2025-08-11T17:40:37.054608,177.0,179.0,-198.0,100.0,-107.0,-283.0,-141.0,-56.0,-240.0,-93.0,100.0,-280.0,183.58,150.0,-213.31,111.55,-126.21000000000001,-261.96,-119.25,-70.93,-220.7,-97.25,79.5,-255.91
2025-08-11T17:40:37.062830,107.0,158.0,-190.0,136.0,-133.0,-293.0,-80.0,-29.0,-220.0,-141.0,91.0,-292.0,113.58,129.0,-205.31,147.55,-152.21,-271.96,-58.25,-43.93,-200.7,-145.25,70.5,-267.91
2025-08-11T17:40:37.070778,92.0,171.0,-232.0,44.0,-67.0,-260.0,-90.0,-73.0,-252.0,-137.0,122.0,-273.0,98.58,142.0,-247.31,55.55,-86.21000000000001,-238.96,-68.25,-87.93,-232.7,-141.25,101.5,-248.91
2025-08-11T17:40:37.075117,135.0,182.0,-281.0,47.0,-101.0,-253.0,-127.0,-117.0,-203.0,-39.0,138.0,-257.0,141.58,153.0,-296.31,58.55,-120.21000000000001,-231.96,-105.25,-131.93,-183.7,-43.25,117.5,-232.91
2025-08-11T17:40:37.083038,38.0,119.0,-171.0,38.0,-29.0,-232.0,-101.0,-41.0,-193.0,-157.0,113.0,-213.0,44.58,90.0,-186.31,49.55,-48.21,-210.96,-79.25,-55.93,-173.7,-161.25,92.5,-188.91
2025-08-11T17:40:37.087487,131.0,137.0,-222.0,-12.0,23.0,-289.0,-95.0,-95.0,-238.0,-107.0,97.0,-195.0,137.58,108.0,-237.31,-0.4499999999999993,3.789999999999999,-267.96,-73.25,-109.93,-218.7,-111.25,76.5,-170.91
2025-08-11T17:40:37.095612,137.0,91.0,-77.0,97.0,-40.0,-278.0,-140.0,-31.0,-205.0,-15.0,49.0,-232.0,143.58,62.0,-92.31,108.55,-59.21,-256.96,-118.25,-45.93,-185.7,-19.25,28.5,-207.91
2025-08-11T17:40:37.103421,51.0,74.0,-122.0,-1.0,-9.0,-211.0,-86.0,-7.0,-190.0,-114.0,73.0,-269.0,57.58,45.0,-137.31,10.55,-28.21,-189.96,-64.25,-21.93,-170.7,-118.25,52.5,-244.91
2025-08-11T17:40:37.107678,57.0,154.0,-186.0,10.0,-49.0,-211.0,-40.0,16.0,-193.0,-68.0,51.0,-242.0,63.58,125.0,-201.31,21.55,-68.21000000000001,-189.96,-18.25,1.0700000000000003,-173.7,-72.25,30.5,-217.91
2025-08-11T17:40:37.115842,103.0,112.0,-132.0,51.0,-30.0,-229.0,-62.0,-24.0,-148.0,-125.0,98.0,-201.0,109.58,83.0,-147.31,62.55,-49.21,-207.96,-40.25,-38.93,-128.7,-129.25,77.5,-176.91
2025-08-11T17:40:37.120223,2.0,122.0,-94.0,41.0,-59.0,-227.0,-106.0,-21.0,-197.0,-110.0,64.0,-151.0,8.58,93.0,-109.31,52.55,-78.21000000000001,-205.96,-84.25,-35.93,-177.7,-114.25,43.5,-126.91
2025-08-11T17:40:37.128135,19.0,121.0,-85.0,10.0,11.0,-226.0,-104.0,80.0,-157.0,-69.0,42.0,-162.0,25.58,92.0,-100.31,21.55,-8.21,-204.96,-82.25,65.07,-137.7,-73.25,21.5,-137.91
2025-08-11T17:40:37.132552,19.0,131.0,-172.0,-1.0,4.0,-172.0,-54.0,-43.0,-183.0,-36.0,112.0,-184.0,25.58,102.0,-187.31,10.55,-15.21,-150.96,-32.25,-57.93,-163.7,-40.25,91.5,-159.91
2025-08-11T17:40:37.140669,138.0,131.0,-251.0,57.0,-37.0,-206.0,-45.0,-44.0,-119.0,-103.0,167.0,-158.0,144.58,102.0,-266.31,68.55,-56.21,-184.96,-23.25,-58.93,-99.7,-107.25,146.5,-133.91
2025-08-11T17:40:37.144717,48.0,109.0,-144.0,59.0,-43.0,-206.0,-106.0,97.0,-103.0,-55.0,50.0,-178.0,54.58,80.0,-159.31,70.55,-62.21,-184.96,-84.25,82.07,-83.7,-59.25,29.5,-153.91
2025-08-11T17:40:37.152765,36.0,107.0,-153.0,63.0,-35.0,-247.0,-99.0,-16.0,-219.0,-24.0,98.0,-166.0,42.58,78.0,-168.31,74.55,-54.21,-225.96,-77.25,-30.93,-199.7,-28.25,77.5,-141.91
2025-08-11T17:40:37.160937,52.0,80.0,-146.0,-30.0,-13.0,-153.0,-66.0,-45.0,-192.0,-68.0,76.0,-167.0,58.58,51.0,-161.31,-18.45,-32.21,-131.96,-44.25,-59.93,-172.7,-72.25,55.5,-142.91
2025-08-11T17:40:37.165280,87.0,103.0,-133.0,-55.0,22.0,-124.0,-18.0,-45.0,-167.0,1.0,33.0,-228.0,93.58,74.0,-148.31,-43.45,2.789999999999999,-102.96000000000001,3.75,-59.93,-147.7,-3.25,12.5,-203.91
2025-08-11T17:40:37.173220,83.0,127.0,-134.0,64.0,-25.0,-217.0,-76.0,-65.0,-60.0,-55.0,127.0,-130.0,89.58,98.0,-149.31,75.55,-44.21,-195.96,-54.25,-79.93,-40.7,-59.25,106.5,-105.91
2025-08-11T17:40:37.177498,26.0,23.0,-97.0,-13.0,17.0,-147.0,-76.0,11.0,-126.0,-5.0,82.0,-145.0,32.58,-6.0,-112.31,-1.4499999999999993,-2.210000000000001,-125.96000000000001,-54.25,-3.9299999999999997,-106.7,-9.25,61.5,-120.91
2025-08-11T17:40:37.185507,88.0,36.0,-130.0,59.0,-56.0,-209.0,-41.0,9.0,-165.0,-65.0,-10.0,-140.0,94.58,7.0,-145.31,70.55,-75.21000000000001,-187.96,-19.25,-5.93,-145.7,-69.25,-30.5,-115.91
2025-08-11T17:40:37.189678,51.0,89.0,-123.0,5.0,45.0,-190.0,-76.0,-6.0,-138.0,-92.0,55.0,-126.0,57.58,60.0,-138.31,16.55,25.79,-168.96,-54.25,-20.93,-118.7,-96.25,34.5,-101.91
2025-08-11T17:40:37.197758,0.0,33.0,-239.0,56.0,57.0,-133.0,-9.0,-25.0,-145.0,-109.0,30.0,-126.0,6.58,4.0,-254.31,67.55,37.79,-111.96000000000001,12.75,-39.93,-125.7,-113.25,9.5,-101.91
2025-08-11T17:40:37.202020,14.0,75.0,-138.0,-28.0,21.0,-158.0,-84.0,3.0,-122.0,-4.0,78.0,-182.0,20.58,46.0,-153.31,-16.45,1.7899999999999991,-136.96,-62.25,-11.93,-102.7,-8.25,57.5,-157.91
2025-08-11T17:40:37.210061,35.0,75.0,-102.0,19.0,-22.0,-128.0,-92.0,26.0,-97.0,25.0,46.0,-145.0,41.58,46.0,-117.31,30.55,-41.21,-106.96000000000001,-70.25,11.07,-77.7,20.75,25.5,-120.91
2025-08-11T17:40:37.214277,78.0,0.0,-85.0,65.0,-33.0,-174.0,-76.0,14.0,-227.0,12.0,-15.0,-141.0,84.58,-29.0,-100.31,76.55,-52.21,-152.96,-54.25,-0.9299999999999997,-207.7,7.75,-35.5,-116.91
2025-08-11T17:40:37.222529,-15.0,20.0,-131.0,-32.0,-98.0,-148.0,-35.0,9.0,-108.0,-96.0,111.0,-168.0,-8.42,-9.0,-146.31,-20.45,-117.21000000000001,-126.96000000000001,-13.25,-5.93,-88.7,-100.25,90.5,-143.91
2025-08-11T17:40:37.230408,41.0,32.0,-108.0,-16.0,15.0,-190.0,-104.0,-7.0,-132.0,-134.0,100.0,-158.0,47.58,3.0,-123.31,-4.449999999999999,-4.210000000000001,-168.96,-82.25,-21.93,-112.7,-138.25,79.5,-133.91
2025-08-11T17:40:37.234777,-27.0,61.0,-108.0,-15.0,-55.0,-182.0,-37.0,3.0,-164.0,-64.0,26.0,-102.0,-20.42,32.0,-123.31,-3.4499999999999993,-74.21000000000001,-160.96,-15.25,-11.93,-144.7,-68.25,5.5,-77.91
2025-08-11T17:40:37.242839,53.0,49.0,-131.0,-6.0,35.0,-191.0,-45.0,-17.0,-78.0,-121.0,48.0,-154.0,59.58,20.0,-146.31,5.550000000000001,15.79,-169.96,-23.25,-31.93,-58.7,-125.25,27.5,-129.91
2025-08-11T17:40:37.247038,19.0,21.0,-106.0,9.0,19.0,-74.0,-110.0,-16.0,-149.0,-97.0,10.0,-139.0,25.58,-8.0,-121.31,20.55,-0.21000000000000085,-52.96,-88.25,-30.93,-129.7,-101.25,-10.5,-114.91
2025-08-11T17:40:37.255200,33.0,41.0,-95.0,35.0,20.0,-117.0,-67.0,76.0,-76.0,-17.0,-7.0,-122.0,39.58,12.0,-110.31,46.55,0.7899999999999991,-95.96000000000001,-45.25,61.07,-56.7,-21.25,-27.5,-97.91
2025-08-11T17:40:37.259442,-43.0,24.0,-91.0,48.0,21.0,-192.0,-53.0,22.0,-137.0,-137.0,55.0,-132.0,-36.42,-5.0,-106.31,59.55,1.7899999999999991,-170.96,-31.25,7.07,-117.7,-141.25,34.5,-107.91
2025-08-11T17:40:37.267458,15.0,29.0,-101.0,98.0,25.0,-157.0,39.0,10.0,-162.0,-40.0,126.0,-140.0,21.58,0.0,-116.31,109.55,5.789999999999999,-135.96,60.75,-4.93,-142.7,-44.25,105.5,-115.91
2025-08-11T17:40:37.271816,-38.0,87.0,-116.0,-20.0,-26.0,-167.0,-76.0,64.0,-141.0,-6.0,86.0,-139.0,-31.42,58.0,-131.31,-8.45,-45.21,-145.96,-54.25,49.07,-121.7,-10.25,65.5,-114.91
2025-08-11T17:40:37.279589,63.0,107.0,-135.0,1.0,12.0,-143.0,-101.0,-31.0,-126.0,18.0,-5.0,-134.0,69.58,78.0,-150.31,12.55,-7.210000000000001,-121.96000000000001,-79.25,-45.93,-106.7,13.75,-25.5,-109.91
2025-08-11T17:40:37.284036,40.0,-4.0,-130.0,-36.0,2.0,-195.0,-117.0,-64.0,-111.0,-16.0,49.0,-123.0,46.58,-33.0,-145.31,-24.45,-17.21,-173.96,-95.25,-78.93,-91.7,-20.25,28.5,-98.91
2025-08-11T17:40:37.292046,60.0,24.0,-79.0,10.0,17.0,-117.0,-74.0,-3.0,-146.0,1.0,33.0,-154.0,66.58,-5.0,-94.31,21.55,-2.210000000000001,-95.96000000000001,-52.25,-17.93,-126.7,-3.25,12.5,-129.91
2025-08-11T17:40:37.296255,-3.0,35.0,-79.0,-46.0,-3.0,-173.0,-76.0,-24.0,-121.0,-69.0,108.0,-131.0,3.58,6.0,-94.31,-34.45,-22.21,-151.96,-54.25,-38.93,-101.7,-73.25,87.5,-106.91
2025-08-11T17:40:37.304271,-1.0,85.0,-63.0,61.0,13.0,-164.0,-15.0,-20.0,-195.0,-34.0,53.0,-105.0,5.58,56.0,-78.31,72.55,-6.210000000000001,-142.96,6.75,-34.93,-175.7,-38.25,32.5,-80.91
2025-08-11T17:40:37.308633,17.0,22.0,-121.0,56.0,-19.0,-119.0,-45.0,-1.0,-127.0,-46.0,55.0,-192.0,23.58,-7.0,-136.31,67.55,-38.21,-97.96000000000001,-23.25,-15.93,-107.7,-50.25,34.5,-167.91
2025-08-11T17:40:37.316708,77.0,89.0,-136.0,-15.0,-13.0,-143.0,-91.0,-21.0,-118.0,-72.0,108.0,-145.0,83.58,60.0,-151.31,-3.4499999999999993,-32.21,-121.96000000000001,-69.25,-35.93,-98.7,-76.25,87.5,-120.91
2025-08-11T17:40:37.324579,-47.0,66.0,-129.0,-31.0,21.0,-142.0,-100.0,48.0,-88.0,-10.0,76.0,-92.0,-40.42,37.0,-144.31,-19.45,1.7899999999999991,-120.96000000000001,-78.25,33.07,-68.7,-14.25,55.5,-67.91
2025-08-11T17:40:37.328782,6.0,6.0,-98.0,-4.0,-32.0,-150.0,-46.0,38.0,-117.0,-28.0,11.0,-179.0,12.58,-23.0,-113.31,7.550000000000001,-51.21,-128.96,-24.25,23.07,-97.7,-32.25,-9.5,-154.91
2025-08-11T17:40:37.336885,0.0,113.0,-84.0,78.0,48.0,-146.0,-73.0,-49.0,-112.0,-48.0,86.0,-152.0,6.58,84.0,-99.31,89.55,28.79,-124.96000000000001,-51.25,-63.93,-92.7,-52.25,65.5,-127.91
2025-08-11T17:40:37.341125,51.0,108.0,-129.0,2.0,56.0,-111.0,-55.0,-8.0,-91.0,-61.0,33.0,-178.0,57.58,79.0,-144.31,13.55,36.79,-89.96000000000001,-33.25,-22.93,-71.7,-65.25,12.5,-153.91
2025-08-11T17:40:37.349347,65.0,81.0,-146.0,19.0,-11.0,-151.0,-53.0,9.0,-173.0,-68.0,4.0,-201.0,71.58,52.0,-161.31,30.55,-30.21,-129.96,-31.25,-5.93,-153.7,-72.25,-16.5,-176.91
2025-08-11T17:40:37.353541,58.0,117.0,-115.0,24.0,12.0,-155.0,-80.0,-37.0,-53.0,-36.0,65.0,-186.0,64.58,88.0,-130.31,35.55,-7.210000000000001,-133.96,-58.25,-51.93,-33.7,-40.25,44.5,-161.91
2025-08-11T17:40:37.361664,49.0,-16.0,-157.0,-6.0,-9.0,-130.0,-76.0,45.0,-70.0,-18.0,60.0,-116.0,55.58,-45.0,-172.31,5.550000000000001,-28.21,-108.96000000000001,-54.25,30.07,-50.7,-22.25,39.5,-91.91
2025-08-11T17:40:37.365823,90.0,54.0,-51.0,47.0,-6.0,-185.0,-29.0,17.0,-107.0,-71.0,14.0,-117.0,96.58,25.0,-66.31,58.55,-25.21,-163.96,-7.25,2.0700000000000003,-87.7,-75.25,-6.5,-92.91
2025-08-11T17:40:37.374046,7.0,95.0,-97.0,37.0,-48.0,-110.0,-12.0,17.0,-138.0,-24.0,97.0,-170.0,13.58,66.0,-112.31,48.55,-67.21000000000001,-88.96000000000001,9.75,2.0700000000000003,-118.7,-28.25,76.5,-145.91
2025-08-11T17:40:37.378021,-15.0,96.0,-83.0,15.0,-44.0,-140.0,-43.0,0.0,-178.0,-43.0,134.0,-151.0,-8.42,67.0,-98.31,26.55,-63.21,-118.96000000000001,-21.25,-14.93,-158.7,-47.25,113.5,-126.91
2025-08-11T17:40:37.386150,-13.0,113.0,-150.0,-2.0,33.0,-122.0,-45.0,19.0,-102.0,-34.0,116.0,-113.0,-6.42,84.0,-165.31,9.55,13.79,-100.96000000000001,-23.25,4.07,-82.7,-38.25,95.5,-88.91
2025-08-11T17:40:37.390557,90.0,55.0,-72.0,32.0,-14.0,-167.0,-33.0,3.0,-157.0,42.0,20.0,-114.0,96.58,26.0,-87.31,43.55,-33.21,-145.96,-11.25,-11.93,-137.7,37.75,-0.5,-89.91
2025-08-11T17:40:37.398572,-28.0,56.0,-69.0,49.0,-19.0,-95.0,-15.0,-19.0,-181.0,-58.0,2.0,-100.0,-21.42,27.0,-84.31,60.55,-38.21,-73.96000000000001,6.75,-33.93,-161.7,-62.25,-18.5,-75.91
2025-08-11T17:40:37.402679,-62.0,75.0,-72.0,-57.0,-24.0,-82.0,-28.0,-6.0,-130.0,-9.0,88.0,-136.0,-55.42,46.0,-87.31,-45.45,-43.21,-60.96,-6.25,-20.93,-110.7,-13.25,67.5,-111.91
2025-08-11T17:40:37.410858,-1.0,24.0,-93.0,-23.0,2.0,-169.0,-48.0,-23.0,-137.0,6.0,58.0,-162.0,5.58,-5.0,-108.31,-11.45,-17.21,-147.96,-26.25,-37.93,-117.7,1.75,37.5,-137.91
2025-08-11T17:40:37.415037,113.0,88.0,-178.0,42.0,31.0,-120.0,-159.0,-19.0,-139.0,-34.0,86.0,-139.0,119.58,59.0,-193.31,53.55,11.79,-98.96000000000001,-137.25,-33.93,-119.7,-38.25,65.5,-114.91
2025-08-11T17:40:37.423147,64.0,9.0,-125.0,12.0,15.0,-171.0,-86.0,87.0,-72.0,-11.0,61.0,-154.0,70.58,-20.0,-140.31,23.55,-4.210000000000001,-149.96,-64.25,72.07,-52.7,-15.25,40.5,-129.91
2025-08-11T17:40:37.427412,-55.0,8.0,-58.0,23.0,-2.0,-96.0,-58.0,56.0,-96.0,-43.0,120.0,-164.0,-48.42,-21.0,-73.31,34.55,-21.21,-74.96000000000001,-36.25,41.07,-76.7,-47.25,99.5,-139.91
2025-08-11T17:40:37.435575,-28.0,149.0,-95.0,26.0,-27.0,-170.0,-47.0,-7.0,-110.0,11.0,29.0,-151.0,-21.42,120.0,-110.31,37.55,-46.21,-148.96,-25.25,-21.93,-90.7,6.75,8.5,-126.91
2025-08-11T17:40:37.439518,-32.0,72.0,-81.0,40.0,21.0,-163.0,-57.0,-6.0,-170.0,-11.0,36.0,-156.0,-25.42,43.0,-96.31,51.55,1.7899999999999991,-141.96,-35.25,-20.93,-150.7,-15.25,15.5,-131.91
2025-08-11T17:40:37.447663,43.0,120.0,-155.0,5.0,33.0,-92.0,-28.0,5.0,-107.0,25.0,55.0,-140.0,49.58,91.0,-170.31,16.55,13.79,-70.96000000000001,-6.25,-9.93,-87.7,20.75,34.5,-115.91
2025-08-11T17:40:37.455732,78.0,26.0,-169.0,-12.0,-23.0,-166.0,-157.0,0.0,-126.0,-41.0,23.0,-123.0,84.58,-3.0,-184.31,-0.4499999999999993,-42.21,-144.96,-135.25,-14.93,-106.7,-45.25,2.5,-98.91
2025-08-11T17:40:37.460012,52.0,35.0,-89.0,48.0,-39.0,-128.0,-82.0,-21.0,-131.0,-48.0,57.0,-130.0,58.58,6.0,-104.31,59.55,-58.21,-106.96000000000001,-60.25,-35.93,-111.7,-52.25,36.5,-105.91
2025-08-11T17:40:37.468103,100.0,102.0,-77.0,-26.0,8.0,-143.0,-62.0,-11.0,-138.0,-45.0,80.0,-224.0,106.58,73.0,-92.31,-14.45,-11.21,-121.96000000000001,-40.25,-25.93,-118.7,-49.25,59.5,-199.91
2025-08-11T17:40:37.472464,48.0,81.0,-124.0,5.0,-32.0,-141.0,-57.0,64.0,-81.0,-66.0,1.0,-163.0,54.58,52.0,-139.31,16.55,-51.21,-119.96000000000001,-35.25,49.07,-61.7,-70.25,-19.5,-138.91
2025-08-11T17:40:37.480410,51.0,89.0,-72.0,25.0,-71.0,-111.0,-89.0,34.0,-155.0,-10.0,78.0,-102.0,57.58,60.0,-87.31,36.55,-90.21000000000001,-89.96000000000001,-67.25,19.07,-135.7,-14.25,57.5,-77.91
2025-08-11T17:40:37.484592,29.0,81.0,-85.0,-17.0,-31.0,-163.0,-58.0,5.0,-173.0,-10.0,94.0,-133.0,35.58,52.0,-100.31,-5.449999999999999,-50.21,-141.96,-36.25,-9.93,-153.7,-14.25,73.5,-108.91
2025-08-11T17:40:37.492658,33.0,70.0,-119.0,6.0,3.0,-169.0,-76.0,-11.0,-155.0,-73.0,90.0,-129.0,39.58,41.0,-134.31,17.55,-16.21,-147.96,-54.25,-25.93,-135.7,-77.25,69.5,-104.91
2025-08-11T17:40:37.496902,100.0,59.0,-115.0,26.0,58.0,-116.0,-4.0,16.0,-109.0,-30.0,22.0,-127.0,106.58,30.0,-130.31,37.55,38.79,-94.96000000000001,17.75,1.0700000000000003,-89.7,-34.25,1.5,-102.91
2025-08-11T17:40:37.504964,32.0,44.0,-43.0,-9.0,-21.0,-182.0,-123.0,18.0,-181.0,-89.0,-24.0,-152.0,38.58,15.0,-58.31,2.5500000000000007,-40.21,-160.96,-101.25,3.0700000000000003,-161.7,-93.25,-44.5,-127.91
2025-08-11T17:40:37.509335,-42.0,60.0,-69.0,38.0,-3.0,-169.0,-74.0,-51.0,-80.0,15.0,78.0,-135.0,-35.42,31.0,-84.31,49.55,-22.21,-147.96,-52.25,-65.93,-60.7,10.75,57.5,-110.91
2025-08-11T17:40:37.517163,-50.0,83.0,-98.0,68.0,-89.0,-161.0,-60.0,-14.0,-125.0,-11.0,43.0,-175.0,-43.42,54.0,-113.31,79.55,-108.21000000000001,-139.96,-38.25,-28.93,-105.7,-15.25,22.5,-150.91
2025-08-11T17:40:37.521615,45.0,53.0,-160.0,87.0,-37.0,-187.0,-66.0,1.0,-118.0,3.0,19.0,-138.0,51.58,24.0,-175.31,98.55,-56.21,-165.96,-44.25,-13.93,-98.7,-1.25,-1.5,-113.91
2025-08-11T17:40:37.529530,71.0,86.0,-157.0,5.0,33.0,-114.0,-61.0,4.0,-149.0,-45.0,95.0,-188.0,77.58,57.0,-172.31,16.55,13.79,-92.96000000000001,-39.25,-10.93,-129.7,-49.25,74.5,-163.91
2025-08-11T17:40:37.537745,44.0,43.0,-94.0,109.0,-12.0,-155.0,-54.0,-19.0,-211.0,-23.0,12.0,-142.0,50.58,14.0,-109.31,120.55,-31.21,-133.96,-32.25,-33.93,-191.7,-27.25,-8.5,-117.91
2025-08-11T17:40:37.541821,18.0,8.0,-59.0,23.0,-9.0,-116.0,-72.0,-62.0,-117.0,-92.0,70.0,-154.0,24.58,-21.0,-74.31,34.55,-28.21,-94.96000000000001,-50.25,-76.93,-97.7,-96.25,49.5,-129.91
2025-08-11T17:40:37.545978,47.0,116.0,-113.0,7.0,66.0,-140.0,2.0,4.0,-6.0,-41.0,85.0,-134.0,53.58,87.0,-128.31,18.55,46.79,-118.96000000000001,23.75,-10.93,13.3,-45.25,64.5,-109.91
2025-08-11T17:40:37.554234,8.0,133.0,-136.0,26.0,-10.0,-148.0,-55.0,-76.0,-127.0,-39.0,98.0,-181.0,14.58,104.0,-151.31,37.55,-29.21,-126.96000000000001,-33.25,-90.93,-107.7,-43.25,77.5,-156.91
2025-08-11T17:40:37.562431,11.0,33.0,-169.0,83.0,-8.0,-151.0,-79.0,5.0,-128.0,-35.0,81.0,-116.0,17.58,4.0,-184.31,94.55,-27.21,-129.96,-57.25,-9.93,-108.7,-39.25,60.5,-91.91
2025-08-11T17:40:37.566504,107.0,69.0,-162.0,-22.0,-4.0,-147.0,-85.0,-23.0,-155.0,-49.0,67.0,-118.0,113.58,40.0,-177.31,-10.45,-23.21,-125.96000000000001,-63.25,-37.93,-135.7,-53.25,46.5,-93.91
2025-08-11T17:40:37.574411,2.0,18.0,-75.0,33.0,18.0,-137.0,-69.0,-23.0,-150.0,34.0,15.0,-126.0,8.58,-11.0,-90.31,44.55,-1.2100000000000009,-115.96000000000001,-47.25,-37.93,-130.7,29.75,-5.5,-101.91
2025-08-11T17:40:37.578708,2.0,44.0,-83.0,9.0,19.0,-120.0,-16.0,55.0,-145.0,-78.0,-38.0,-159.0,8.58,15.0,-98.31,20.55,-0.21000000000000085,-98.96000000000001,5.75,40.07,-125.7,-82.25,-58.5,-134.91
2025-08-11T17:40:37.586812,-60.0,53.0,-153.0,39.0,39.0,-129.0,-66.0,-96.0,-96.0,-76.0,-5.0,-101.0,-53.42,24.0,-168.31,50.55,19.79,-107.96000000000001,-44.25,-110.93,-76.7,-80.25,-25.5,-76.91
2025-08-11T17:40:37.591042,56.0,85.0,-125.0,12.0,-12.0,-159.0,-41.0,31.0,-101.0,-16.0,66.0,-121.0,62.58,56.0,-140.31,23.55,-31.21,-137.96,-19.25,16.07,-81.7,-20.25,45.5,-96.91
2025-08-11T17:40:37.599298,115.0,53.0,-148.0,45.0,-25.0,-121.0,-66.0,-5.0,-66.0,13.0,45.0,-91.0,121.58,24.0,-163.31,56.55,-44.21,-99.96000000000001,-44.25,-19.93,-46.7,8.75,24.5,-66.91
2025-08-11T17:40:37.603437,66.0,51.0,-135.0,80.0,-8.0,-180.0,-114.0,10.0,-93.0,-48.0,48.0,-132.0,72.58,22.0,-150.31,91.55,-27.21,-158.96,-92.25,-4.93,-73.7,-52.25,27.5,-107.91
2025-08-11T17:40:37.611443,27.0,86.0,-75.0,33.0,19.0,-140.0,2.0,17.0,-150.0,-6.0,12.0,-107.0,33.58,57.0,-90.31,44.55,-0.21000000000000085,-118.96000000000001,23.75,2.0700000000000003,-130.7,-10.25,-8.5,-82.91
2025-08-11T17:40:37.615722,-4.0,48.0,-141.0,35.0,-51.0,-164.0,-50.0,-39.0,-96.0,-47.0,83.0,-176.0,2.58,19.0,-156.31,46.55,-70.21000000000001,-142.96,-28.25,-53.93,-76.7,-51.25,62.5,-151.91
2025-08-11T17:40:37.623748,2.0,35.0,-111.0,11.0,48.0,-89.0,-53.0,-9.0,-70.0,-50.0,64.0,-99.0,8.58,6.0,-126.31,22.55,28.79,-67.96000000000001,-31.25,-23.93,-50.7,-54.25,43.5,-74.91
2025-08-11T17:40:37.627920,-44.0,95.0,-88.0,87.0,-87.0,-147.0,-21.0,17.0,-46.0,-47.0,19.0,-130.0,-37.42,66.0,-103.31,98.55,-106.21000000000001,-125.96000000000001,0.75,2.0700000000000003,-26.7,-51.25,-1.5,-105.91
2025-08-11T17:40:37.636070,35.0,72.0,-120.0,-18.0,-32.0,-166.0,-59.0,-51.0,-58.0,-77.0,30.0,-189.0,41.58,43.0,-135.31,-6.449999999999999,-51.21,-144.96,-37.25,-65.93,-38.7,-81.25,9.5,-164.91
2025-08-11T17:40:37.640266,37.0,114.0,-108.0,47.0,0.0,-157.0,-54.0,-41.0,-130.0,-88.0,84.0,-140.0,43.58,85.0,-123.31,58.55,-19.21,-135.96,-32.25,-55.93,-110.7,-92.25,63.5,-115.91
2025-08-11T17:40:37.648319,33.0,27.0,-194.0,-37.0,-47.0,-149.0,-62.0,115.0,-90.0,2.0,83.0,-155.0,39.58,-2.0,-209.31,-25.45,-66.21000000000001,-127.96000000000001,-40.25,100.07,-70.7,-2.25,62.5,-130.91
2025-08-11T17:40:37.652693,64.0,6.0,-96.0,29.0,-68.0,-130.0,25.0,-15.0,-121.0,-55.0,73.0,-124.0,70.58,-23.0,-111.31,40.55,-87.21000000000001,-108.96000000000001,46.75,-29.93,-101.7,-59.25,52.5,-99.91
2025-08-11T17:40:37.660568,76.0,-27.0,-71.0,-6.0,8.0,-158.0,4.0,-16.0,-104.0,6.0,42.0,-120.0,82.58,-56.0,-86.31,5.550000000000001,-11.21,-136.96,25.75,-30.93,-84.7,1.75,21.5,-95.91
2025-08-11T17:40:37.665326,-19.0,113.0,-113.0,7.0,4.0,-85.0,-34.0,-18.0,-135.0,-44.0,38.0,-193.0,-12.42,84.0,-128.31,18.55,-15.21,-63.96,-12.25,-32.93,-115.7,-48.25,17.5,-168.91
2025-08-11T17:40:37.672864,-17.0,110.0,-74.0,56.0,51.0,-106.0,-74.0,0.0,-154.0,-56.0,73.0,-122.0,-10.42,81.0,-89.31,67.55,31.79,-84.96000000000001,-52.25,-14.93,-134.7,-60.25,52.5,-97.91
2025-08-11T17:40:37.680939,-11.0,33.0,-122.0,93.0,7.0,-124.0,-91.0,-19.0,-157.0,-28.0,39.0,-186.0,-4.42,4.0,-137.31,104.55,-12.21,-102.96000000000001,-69.25,-33.93,-137.7,-32.25,18.5,-161.91
2025-08-11T17:40:37.685207,-42.0,55.0,-134.0,-27.0,30.0,-127.0,-68.0,-31.0,-131.0,-17.0,98.0,-210.0,-35.42,26.0,-149.31,-15.45,10.79,-105.96000000000001,-46.25,-45.93,-111.7,-21.25,77.5,-185.91
2025-08-11T17:40:37.693326,127.0,-3.0,-57.0,64.0,-10.0,-100.0,-122.0,-28.0,-119.0,-11.0,103.0,-178.0,133.58,-32.0,-72.31,75.55,-29.21,-78.96000000000001,-100.25,-42.93,-99.7,-15.25,82.5,-153.91
2025-08-11T17:40:37.697585,55.0,77.0,-88.0,10.0,-15.0,-186.0,-126.0,-75.0,-129.0,-53.0,54.0,-124.0,61.58,48.0,-103.31,21.55,-34.21,-164.96,-104.25,-89.93,-109.7,-57.25,33.5,-99.91
2025-08-11T17:40:37.705660,-8.0,32.0,-118.0,0.0,-18.0,-128.0,-45.0,-41.0,-176.0,-31.0,53.0,-123.0,-1.42,3.0,-133.31,11.55,-37.21,-106.96000000000001,-23.25,-55.93,-156.7,-35.25,32.5,-98.91
2025-08-11T17:40:37.710027,53.0,63.0,-117.0,32.0,38.0,-141.0,-82.0,-40.0,-103.0,-61.0,68.0,-174.0,59.58,34.0,-132.31,43.55,18.79,-119.96000000000001,-60.25,-54.93,-83.7,-65.25,47.5,-149.91
2025-08-11T17:40:37.718027,15.0,13.0,-142.0,-49.0,29.0,-118.0,-87.0,-22.0,-141.0,-95.0,35.0,-203.0,21.58,-16.0,-157.31,-37.45,9.79,-96.96000000000001,-65.25,-36.93,-121.7,-99.25,14.5,-178.91
2025-08-11T17:40:37.722262,82.0,118.0,-164.0,10.0,-4.0,-148.0,-46.0,1.0,-177.0,-35.0,14.0,-178.0,88.58,89.0,-179.31,21.55,-23.21,-126.96000000000001,-24.25,-13.93,-157.7,-39.25,-6.5,-153.91
2025-08-11T17:40:37.730304,33.0,66.0,-173.0,16.0,-48.0,-132.0,-53.0,17.0,-193.0,-21.0,-21.0,-206.0,39.58,37.0,-188.31,27.55,-67.21000000000001,-110.96000000000001,-31.25,2.0700000000000003,-173.7,-25.25,-41.5,-181.91
2025-08-11T17:40:37.734542,-5.0,64.0,-41.0,15.0,9.0,-134.0,-23.0,-1.0,-69.0,-27.0,101.0,-167.0,1.58,35.0,-56.31,26.55,-10.21,-112.96000000000001,-1.25,-15.93,-49.7,-31.25,80.5,-142.91
2025-08-11T17:40:37.742673,12.0,32.0,-156.0,4.0,-29.0,-139.0,-63.0,-46.0,-58.0,-60.0,29.0,-135.0,18.58,3.0,-171.31,15.55,-48.21,-117.96000000000001,-41.25,-60.93,-38.7,-64.25,8.5,-110.91
2025-08-11T17:40:37.750603,61.0,136.0,-147.0,25.0,140.0,-120.0,-54.0,-62.0,-126.0,-64.0,26.0,-190.0,67.58,107.0,-162.31,36.55,120.78999999999999,-98.96000000000001,-32.25,-76.93,-106.7,-68.25,5.5,-165.91
2025-08-11T17:40:37.755011,16.0,82.0,-139.0,-13.0,-25.0,-155.0,-65.0,46.0,-113.0,-51.0,131.0,-119.0,22.58,53.0,-154.31,-1.4499999999999993,-44.21,-133.96,-43.25,31.07,-93.7,-55.25,110.5,-94.91
2025-08-11T17:40:37.762985,43.0,53.0,-129.0,-9.0,-8.0,-163.0,-76.0,-42.0,-117.0,-26.0,50.0,-224.0,49.58,24.0,-144.31,2.5500000000000007,-27.21,-141.96,-54.25,-56.93,-97.7,-30.25,29.5,-199.91
2025-08-11T17:40:37.767472,78.0,64.0,-128.0,83.0,45.0,-212.0,-38.0,25.0,-110.0,-13.0,83.0,-156.0,84.58,35.0,-143.31,94.55,25.79,-190.96,-16.25,10.07,-90.7,-17.25,62.5,-131.91
2025-08-11T17:40:37.775228,9.0,148.0,-100.0,53.0,-18.0,-179.0,-36.0,-11.0,-132.0,-56.0,64.0,-157.0,15.58,119.0,-115.31,64.55,-37.21,-157.96,-14.25,-25.93,-112.7,-60.25,43.5,-132.91
2025-08-11T17:40:37.779602,57.0,64.0,-94.0,-10.0,-55.0,-124.0,-61.0,-26.0,-145.0,-49.0,-10.0,-117.0,63.58,35.0,-109.31,1.5500000000000007,-74.21000000000001,-102.96000000000001,-39.25,-40.93,-125.7,-53.25,-30.5,-92.91
2025-08-11T17:40:37.787681,50.0,78.0,-142.0,-15.0,19.0,-88.0,-11.0,64.0,-135.0,-49.0,96.0,-137.0,56.58,49.0,-157.31,-3.4499999999999993,-0.21000000000000085,-66.96000000000001,10.75,49.07,-115.7,-53.25,75.5,-112.91
2025-08-11T17:40:37.791927,-4.0,92.0,-151.0,2.0,-45.0,-107.0,24.0,24.0,-133.0,20.0,77.0,-186.0,2.58,63.0,-166.31,13.55,-64.21000000000001,-85.96000000000001,45.75,9.07,-113.7,15.75,56.5,-161.91
2025-08-11T17:40:37.800046,88.0,-18.0,-124.0,-50.0,7.0,-189.0,-80.0,-31.0,-140.0,-20.0,90.0,-166.0,94.58,-47.0,-139.31,-38.45,-12.21,-167.96,-58.25,-45.93,-120.7,-24.25,69.5,-141.91
2025-08-11T17:40:37.804369,41.0,115.0,-84.0,15.0,-77.0,-144.0,-82.0,-68.0,-140.0,-21.0,39.0,-126.0,47.58,86.0,-99.31,26.55,-96.21000000000001,-122.96000000000001,-60.25,-82.93,-120.7,-25.25,18.5,-101.91
2025-08-11T17:40:37.812216,20.0,7.0,-119.0,80.0,-74.0,-125.0,-45.0,32.0,-119.0,1.0,73.0,-89.0,26.58,-22.0,-134.31,91.55,-93.21000000000001,-103.96000000000001,-23.25,17.07,-99.7,-3.25,52.5,-64.91
2025-08-11T17:40:37.816640,7.0,55.0,-135.0,22.0,13.0,-135.0,-41.0,2.0,-125.0,21.0,48.0,-171.0,13.58,26.0,-150.31,33.55,-6.210000000000001,-113.96000000000001,-19.25,-12.93,-105.7,16.75,27.5,-146.91
2025-08-11T17:40:37.824603,-34.0,41.0,-123.0,43.0,-9.0,-105.0,-65.0,-7.0,-153.0,-86.0,62.0,-153.0,-27.42,12.0,-138.31,54.55,-28.21,-83.96000000000001,-43.25,-21.93,-133.7,-90.25,41.5,-128.91
2025-08-11T17:40:37.829116,54.0,54.0,-161.0,-8.0,-35.0,-162.0,-40.0,-32.0,-143.0,6.0,141.0,-166.0,60.58,25.0,-176.31,3.5500000000000007,-54.21,-140.96,-18.25,-46.93,-123.7,1.75,120.5,-141.91
2025-08-11T17:40:37.836704,24.0,74.0,-122.0,-5.0,38.0,-119.0,-84.0,60.0,-160.0,16.0,78.0,-154.0,30.58,45.0,-137.31,6.550000000000001,18.79,-97.96000000000001,-62.25,45.07,-140.7,11.75,57.5,-129.91
2025-08-11T17:40:37.841793,-13.0,33.0,-88.0,11.0,12.0,-147.0,-17.0,-113.0,-149.0,-19.0,49.0,-95.0,-6.42,4.0,-103.31,22.55,-7.210000000000001,-125.96000000000001,4.75,-127.93,-129.7,-23.25,28.5,-70.91
2025-08-11T17:40:37.849278,32.0,115.0,-53.0,37.0,31.0,-157.0,-156.0,-13.0,-100.0,-67.0,14.0,-85.0,38.58,86.0,-68.31,48.55,11.79,-135.96,-134.25,-27.93,-80.7,-71.25,-6.5,-60.91
2025-08-11T17:40:37.857206,18.0,152.0,-74.0,80.0,20.0,-165.0,-53.0,67.0,-136.0,-65.0,93.0,-111.0,24.58,123.0,-89.31,91.55,0.7899999999999991,-143.96,-31.25,52.07,-116.7,-69.25,72.5,-86.91
2025-08-11T17:40:37.861495,10.0,66.0,-229.0,15.0,-17.0,-107.0,-38.0,-1.0,-127.0,-58.0,81.0,-136.0,16.58,37.0,-244.31,26.55,-36.21,-85.96000000000001,-16.25,-15.93,-107.7,-62.25,60.5,-111.91
2025-08-11T17:40:37.869520,35.0,36.0,-92.0,-19.0,-29.0,-103.0,-47.0,-71.0,-122.0,-38.0,98.0,-53.0,41.58,7.0,-107.31,-7.449999999999999,-48.21,-81.96000000000001,-25.25,-85.93,-102.7,-42.25,77.5,-28.91
2025-08-11T17:40:37.873788,38.0,53.0,-155.0,-15.0,-30.0,-84.0,-46.0,-19.0,-63.0,-74.0,68.0,-148.0,44.58,24.0,-170.31,-3.4499999999999993,-49.21,-62.96,-24.25,-33.93,-43.7,-78.25,47.5,-123.91
2025-08-11T17:40:37.881874,64.0,102.0,-77.0,20.0,-17.0,-104.0,-51.0,-17.0,-80.0,-53.0,19.0,-183.0,70.58,73.0,-92.31,31.55,-36.21,-82.96000000000001,-29.25,-31.93,-60.7,-57.25,-1.5,-158.91
2025-08-11T17:40:37.886030,8.0,-10.0,-88.0,-83.0,-41.0,-155.0,-75.0,-5.0,-168.0,-71.0,7.0,-194.0,14.58,-39.0,-103.31,-71.45,-60.21,-133.96,-53.25,-19.93,-148.7,-75.25,-13.5,-169.91
2025-08-11T17:40:37.894167,68.0,91.0,-84.0,-12.0,-2.0,-141.0,-61.0,2.0,-85.0,-53.0,19.0,-90.0,74.58,62.0,-99.31,-0.4499999999999993,-21.21,-119.96000000000001,-39.25,-12.93,-65.7,-57.25,-1.5,-65.91
2025-08-11T17:40:37.898447,23.0,79.0,-61.0,6.0,-24.0,-76.0,-41.0,22.0,-73.0,-35.0,91.0,-183.0,29.58,50.0,-76.31,17.55,-43.21,-54.96,-19.25,7.07,-53.7,-39.25,70.5,-158.91
2025-08-11T17:40:37.906416,-1.0,2.0,-180.0,36.0,21.0,-104.0,4.0,-82.0,-127.0,28.0,97.0,-110.0,5.58,-27.0,-195.31,47.55,1.7899999999999991,-82.96000000000001,25.75,-96.93,-107.7,23.75,76.5,-85.91
2025-08-11T17:40:37.910681,8.0,60.0,-104.0,14.0,39.0,-107.0,-27.0,11.0,-96.0,-2.0,45.0,-130.0,14.58,31.0,-119.31,25.55,19.79,-85.96000000000001,-5.25,-3.9299999999999997,-76.7,-6.25,24.5,-105.91
2025-08-11T17:40:37.918512,20.0,41.0,-128.0,7.0,-65.0,-165.0,-57.0,1.0,-126.0,7.0,0.0,-83.0,26.58,12.0,-143.31,18.55,-84.21000000000001,-143.96,-35.25,-13.93,-106.7,2.75,-20.5,-58.91
2025-08-11T17:40:37.922883,5.0,54.0,-125.0,6.0,67.0,-132.0,-38.0,-11.0,-119.0,-11.0,-11.0,-144.0,11.58,25.0,-140.31,17.55,47.79,-110.96000000000001,-16.25,-25.93,-99.7,-15.25,-31.5,-119.91
2025-08-11T17:40:37.930942,-2.0,13.0,-65.0,0.0,15.0,-105.0,-68.0,-11.0,-100.0,-46.0,23.0,-144.0,4.58,-16.0,-80.31,11.55,-4.210000000000001,-83.96000000000001,-46.25,-25.93,-80.7,-50.25,2.5,-119.91
2025-08-11T17:40:37.935182,12.0,74.0,-29.0,17.0,75.0,-100.0,-80.0,45.0,-67.0,-26.0,16.0,-131.0,18.58,45.0,-44.31,28.55,55.79,-78.96000000000001,-58.25,30.07,-47.7,-30.25,-4.5,-106.91
2025-08-11T17:40:37.943139,-69.0,15.0,-24.0,33.0,1.0,-70.0,-65.0,35.0,-133.0,8.0,71.0,-154.0,-62.42,-14.0,-39.31,44.55,-18.21,-48.96,-43.25,20.07,-113.7,3.75,50.5,-129.91
2025-08-11T17:40:37.947519,-65.0,41.0,-105.0,21.0,51.0,-88.0,-34.0,-47.0,-94.0,2.0,29.0,-181.0,-58.42,12.0,-120.31,32.55,31.79,-66.96000000000001,-12.25,-61.93,-74.7,-2.25,8.5,-156.91
2025-08-11T17:40:37.955527,55.0,49.0,-185.0,41.0,48.0,-114.0,-27.0,3.0,-38.0,-8.0,38.0,-116.0,61.58,20.0,-200.31,52.55,28.79,-92.96000000000001,-5.25,-11.93,-18.7,-12.25,17.5,-91.91
2025-08-11T17:40:37.960081,-8.0,70.0,-33.0,-40.0,35.0,-139.0,-29.0,-10.0,-95.0,-28.0,21.0,-82.0,-1.42,41.0,-48.31,-28.45,15.79,-117.96000000000001,-7.25,-24.93,-75.7,-32.25,0.5,-57.91
2025-08-11T17:40:37.967763,93.0,56.0,8.0,-26.0,5.0,-111.0,-119.0,25.0,-63.0,19.0,1.0,-108.0,99.58,27.0,-7.3100000000000005,-14.45,-14.21,-89.96000000000001,-97.25,10.07,-43.7,14.75,-19.5,-83.91
2025-08-11T17:40:37.972039,-28.0,37.0,-54.0,33.0,48.0,-147.0,-125.0,44.0,-73.0,-64.0,47.0,-64.0,-21.42,8.0,-69.31,44.55,28.79,-125.96000000000001,-103.25,29.07,-53.7,-68.25,26.5,-39.91
2025-08-11T17:40:37.980226,7.0,32.0,-53.0,-18.0,34.0,-149.0,-58.0,105.0,-66.0,-13.0,43.0,-147.0,13.58,3.0,-68.31,-6.449999999999999,14.79,-127.96000000000001,-36.25,90.07,-46.7,-17.25,22.5,-122.91
2025-08-11T17:40:37.984530,-13.0,-37.0,-75.0,11.0,-11.0,-86.0,-40.0,-22.0,-100.0,-31.0,-2.0,-104.0,-6.42,-66.0,-90.31,22.55,-30.21,-64.96000000000001,-18.25,-36.93,-80.7,-35.25,-22.5,-79.91
2025-08-11T17:40:37.992437,18.0,67.0,-80.0,-41.0,-7.0,-53.0,-16.0,2.0,-86.0,51.0,52.0,-134.0,24.58,38.0,-95.31,-29.45,-26.21,-31.96,5.75,-12.93,-66.7,46.75,31.5,-109.91
2025-08-11T17:40:37.996629,39.0,31.0,-110.0,-25.0,-51.0,-102.0,-30.0,50.0,-58.0,13.0,11.0,-121.0,45.58,2.0,-125.31,-13.45,-70.21000000000001,-80.96000000000001,-8.25,35.07,-38.7,8.75,-9.5,-96.91
2025-08-11T17:40:38.004645,35.0,70.0,-44.0,60.0,20.0,-115.0,11.0,-6.0,-92.0,-36.0,32.0,-76.0,41.58,41.0,-59.31,71.55,0.7899999999999991,-93.96000000000001,32.75,-20.93,-72.7,-40.25,11.5,-51.91
2025-08-11T17:40:38.009290,-6.0,18.0,-68.0,41.0,-27.0,-100.0,-75.0,19.0,-110.0,-23.0,48.0,-23.0,0.5800000000000001,-11.0,-83.31,52.55,-46.21,-78.96000000000001,-53.25,4.07,-90.7,-27.25,27.5,1.0899999999999999
2025-08-11T17:40:38.016978,-49.0,34.0,-30.0,-54.0,48.0,-87.0,-65.0,32.0,-119.0,-49.0,105.0,-120.0,-42.42,5.0,-45.31,-42.45,28.79,-65.96000000000001,-43.25,17.07,-99.7,-53.25,84.5,-95.91
2025-08-11T17:40:38.021138,-49.0,0.0,-51.0,-8.0,17.0,-69.0,-37.0,-51.0,-114.0,-63.0,51.0,-157.0,-42.42,-29.0,-66.31,3.5500000000000007,-2.210000000000001,-47.96,-15.25,-65.93,-94.7,-67.25,30.5,-132.91
2025-08-11T17:40:38.029757,-4.0,114.0,-69.0,26.0,-18.0,-102.0,-69.0,17.0,-49.0,-49.0,23.0,-110.0,2.58,85.0,-84.31,37.55,-37.21,-80.96000000000001,-47.25,2.0700000000000003,-29.7,-53.25,2.5,-85.91
2025-08-11T17:40:38.033429,32.0,28.0,-89.0,-34.0,-13.0,-71.0,-36.0,-53.0,-46.0,-26.0,38.0,-63.0,38.58,-1.0,-104.31,-22.45,-32.21,-49.96,-14.25,-67.93,-26.7,-30.25,17.5,-38.91
2025-08-11T17:40:38.041529,47.0,26.0,-77.0,-47.0,-15.0,-72.0,-24.0,18.0,-96.0,-23.0,-16.0,-97.0,53.58,-3.0,-92.31,-35.45,-34.21,-50.96,-2.25,3.0700000000000003,-76.7,-27.25,-36.5,-72.91
2025-08-11T17:40:38.045652,9.0,-28.0,-16.0,-22.0,23.0,-134.0,-84.0,59.0,-68.0,-23.0,31.0,-91.0,15.58,-57.0,-31.310000000000002,-10.45,3.789999999999999,-112.96000000000001,-62.25,44.07,-48.7,-27.25,10.5,-66.91
2025-08-11T17:40:38.053845,-11.0,51.0,-81.0,26.0,-54.0,-73.0,-36.0,36.0,-101.0,-91.0,-21.0,-112.0,-4.42,22.0,-96.31,37.55,-73.21000000000001,-51.96,-14.25,21.07,-81.7,-95.25,-41.5,-87.91
2025-08-11T17:40:38.057963,10.0,89.0,45.0,26.0,19.0,-79.0,-33.0,-26.0,-54.0,87.0,30.0,-132.0,16.58,60.0,29.689999999999998,37.55,-0.21000000000000085,-57.96,-11.25,-40.93,-34.7,82.75,9.5,-107.91
2025-08-11T17:40:38.066217,15.0,79.0,-24.0,-50.0,41.0,-120.0,-66.0,-10.0,-24.0,-6.0,24.0,-66.0,21.58,50.0,-39.31,-38.45,21.79,-98.96000000000001,-44.25,-24.93,-4.699999999999999,-10.25,3.5,-41.91
2025-08-11T17:40:38.070214,40.0,88.0,-109.0,-5.0,91.0,-126.0,-47.0,-5.0,28.0,33.0,17.0,-101.0,46.58,59.0,-124.31,6.550000000000001,71.78999999999999,-104.96000000000001,-25.25,-19.93,47.3,28.75,-3.5,-76.91
2025-08-11T17:40:38.078420,25.0,31.0,-64.0,-35.0,3.0,-81.0,-64.0,-2.0,4.0,-69.0,-11.0,-91.0,31.58,2.0,-79.31,-23.45,-16.21,-59.96,-42.25,-16.93,23.3,-73.25,-31.5,-66.91
2025-08-11T17:40:38.082525,2.0,42.0,-22.0,-48.0,5.0,-42.0,-29.0,59.0,-66.0,37.0,71.0,-157.0,8.58,13.0,-37.31,-36.45,-14.21,-20.96,-7.25,44.07,-46.7,32.75,50.5,-132.91
2025-08-11T17:40:38.090606,0.0,37.0,-90.0,7.0,59.0,-119.0,-102.0,26.0,-75.0,-42.0,47.0,-62.0,6.58,8.0,-105.31,18.55,39.79,-97.96000000000001,-80.25,11.07,-55.7,-46.25,26.5,-37.91
2025-08-11T17:40:38.094997,86.0,57.0,-3.0,-2.0,-6.0,-34.0,-23.0,13.0,-91.0,-23.0,48.0,-110.0,92.58,28.0,-18.310000000000002,9.55,-25.21,-12.96,-1.25,-1.9299999999999997,-71.7,-27.25,27.5,-85.91
2025-08-11T17:40:38.102949,15.0,3.0,-55.0,33.0,46.0,-23.0,-78.0,11.0,-46.0,-54.0,32.0,-73.0,21.58,-26.0,-70.31,44.55,26.79,-1.9600000000000009,-56.25,-3.9299999999999997,-26.7,-58.25,11.5,-48.91
2025-08-11T17:40:38.107066,45.0,21.0,-6.0,13.0,-19.0,-94.0,-11.0,58.0,-84.0,44.0,-11.0,-59.0,51.58,-8.0,-21.310000000000002,24.55,-38.21,-72.96000000000001,10.75,43.07,-64.7,39.75,-31.5,-34.91
2025-08-11T17:40:38.115258,-5.0,-33.0,-24.0,-89.0,19.0,-133.0,-57.0,32.0,-69.0,-36.0,56.0,-67.0,1.58,-62.0,-39.31,-77.45,-0.21000000000000085,-111.96000000000001,-35.25,17.07,-49.7,-40.25,35.5,-42.91
2025-08-11T17:40:38.119529,43.0,118.0,-25.0,-34.0,45.0,-94.0,8.0,-42.0,-50.0,-2.0,68.0,-66.0,49.58,89.0,-40.31,-22.45,25.79,-72.96000000000001,29.75,-56.93,-30.7,-6.25,47.5,-41.91
2025-08-11T17:40:38.127711,-24.0,28.0,0.0,18.0,-52.0,-63.0,-60.0,-20.0,-47.0,-23.0,122.0,-88.0,-17.42,-1.0,-15.31,29.55,-71.21000000000001,-41.96,-38.25,-34.93,-27.7,-27.25,101.5,-63.91
2025-08-11T17:40:38.131882,-37.0,49.0,-2.0,-71.0,10.0,-19.0,-40.0,-28.0,-48.0,1.0,48.0,-105.0,-30.42,20.0,-17.310000000000002,-59.45,-9.21,2.039999999999999,-18.25,-42.93,-28.7,-3.25,27.5,-80.91
2025-08-11T17:40:38.139829,18.0,32.0,-40.0,-8.0,13.0,20.0,-20.0,5.0,-69.0,-15.0,38.0,-61.0,24.58,3.0,-55.31,3.5500000000000007,-6.210000000000001,41.04,1.75,-9.93,-49.7,-19.25,17.5,-36.91
2025-08-11T17:40:38.144160,-52.0,53.0,-15.0,5.0,-38.0,-39.0,-44.0,36.0,5.0,61.0,1.0,-69.0,-45.42,24.0,-30.310000000000002,16.55,-57.21,-17.96,-22.25,21.07,24.3,56.75,-19.5,-44.91
2025-08-11T17:40:38.152133,-46.0,141.0,-24.0,72.0,-20.0,-54.0,-29.0,72.0,-2.0,31.0,62.0,-61.0,-39.42,112.0,-39.31,83.55,-39.21,-32.96,-7.25,57.07,17.3,26.75,41.5,-36.91
2025-08-11T17:40:38.156528,17.0,101.0,-49.0,-6.0,23.0,-135.0,-32.0,27.0,-74.0,-25.0,-33.0,-37.0,23.58,72.0,-64.31,5.550000000000001,3.789999999999999,-113.96000000000001,-10.25,12.07,-54.7,-29.25,-53.5,-12.91
2025-08-11T17:40:38.164527,-31.0,89.0,-67.0,60.0,45.0,-63.0,-74.0,12.0,-116.0,-98.0,70.0,2.0,-24.42,60.0,-82.31,71.55,25.79,-41.96,-52.25,-2.9299999999999997,-96.7,-102.25,49.5,26.09
2025-08-11T17:40:38.168704,-1.0,22.0,-25.0,22.0,60.0,-28.0,-39.0,27.0,-27.0,-28.0,29.0,-80.0,5.58,-7.0,-40.31,33.55,40.79,-6.960000000000001,-17.25,12.07,-7.699999999999999,-32.25,8.5,-55.91
2025-08-11T17:40:38.176628,-3.0,71.0,-67.0,-36.0,29.0,-63.0,-36.0,-3.0,-30.0,14.0,67.0,-87.0,3.58,42.0,-82.31,-24.45,9.79,-41.96,-14.25,-17.93,-10.7,9.75,46.5,-62.91
2025-08-11T17:40:38.180985,0.0,75.0,-46.0,-30.0,40.0,-54.0,-39.0,20.0,4.0,13.0,54.0,-97.0,6.58,46.0,-61.31,-18.45,20.79,-32.96,-17.25,5.07,23.3,8.75,33.5,-72.91
2025-08-11T17:40:38.189075,32.0,38.0,-63.0,-6.0,44.0,-31.0,-42.0,28.0,31.0,-29.0,34.0,-112.0,38.58,9.0,-78.31,5.550000000000001,24.79,-9.96,-20.25,13.07,50.3,-33.25,13.5,-87.91
2025-08-11T17:40:38.193387,-13.0,20.0,-14.0,-68.0,77.0,-61.0,-66.0,7.0,-39.0,39.0,36.0,-103.0,-6.42,-9.0,-29.310000000000002,-56.45,57.79,-39.96,-44.25,-7.93,-19.7,34.75,15.5,-78.91
2025-08-11T17:40:38.201247,-36.0,31.0,39.0,66.0,49.0,-97.0,3.0,64.0,-35.0,13.0,-21.0,-76.0,-29.42,2.0,23.689999999999998,77.55,29.79,-75.96000000000001,24.75,49.07,-15.7,8.75,-41.5,-51.91
2025-08-11T17:40:38.205699,-72.0,60.0,-23.0,-1.0,107.0,-63.0,-62.0,60.0,4.0,-86.0,9.0,-47.0,-65.42,31.0,-38.31,10.55,87.78999999999999,-41.96,-40.25,45.07,23.3,-90.25,-11.5,-22.91
2025-08-11T17:40:38.213603,-18.0,-36.0,-34.0,-19.0,0.0,-90.0,3.0,14.0,-85.0,-21.0,38.0,-79.0,-11.42,-65.0,-49.31,-7.449999999999999,-19.21,-68.96000000000001,24.75,-0.9299999999999997,-65.7,-25.25,17.5,-54.91
2025-08-11T17:40:38.217775,-11.0,-3.0,-18.0,-6.0,-1.0,-42.0,-87.0,6.0,-4.0,58.0,72.0,-86.0,-4.42,-32.0,-33.31,5.550000000000001,-20.21,-20.96,-65.25,-8.93,15.3,53.75,51.5,-61.91
2025-08-11T17:40:38.225832,-1.0,-11.0,-39.0,-18.0,22.0,-54.0,-53.0,63.0,8.0,-24.0,-16.0,-64.0,5.58,-40.0,-54.31,-6.449999999999999,2.789999999999999,-32.96,-31.25,48.07,27.3,-28.25,-36.5,-39.91
2025-08-11T17:40:38.230097,-84.0,53.0,-33.0,17.0,-15.0,-77.0,-23.0,16.0,-6.0,59.0,43.0,-106.0,-77.42,24.0,-48.31,28.55,-34.21,-55.96,-1.25,1.0700000000000003,13.3,54.75,22.5,-81.91
2025-08-11T17:40:38.238179,-18.0,116.0,2.0,-8.0,-29.0,-52.0,-87.0,8.0,-58.0,59.0,-6.0,-66.0,-11.42,87.0,-13.31,3.5500000000000007,-48.21,-30.96,-65.25,-6.93,-38.7,54.75,-26.5,-41.91
2025-08-11T17:40:38.242395,-61.0,94.0,-19.0,42.0,92.0,-22.0,-41.0,53.0,-96.0,-52.0,-64.0,-38.0,-54.42,65.0,-34.31,53.55,72.78999999999999,-0.9600000000000009,-19.25,38.07,-76.7,-56.25,-84.5,-13.91
2025-08-11T17:40:38.250481,-78.0,95.0,-106.0,-49.0,28.0,-65.0,16.0,3.0,-58.0,27.0,55.0,10.0,-71.42,66.0,-121.31,-37.45,8.79,-43.96,37.75,-11.93,-38.7,22.75,34.5,34.09
2025-08-11T17:40:38.254655,13.0,-11.0,-89.0,6.0,28.0,-70.0,21.0,-21.0,-42.0,-5.0,36.0,-67.0,19.58,-40.0,-104.31,17.55,8.79,-48.96,42.75,-35.93,-22.7,-9.25,15.5,-42.91
2025-08-11T17:40:38.258599,43.0,111.0,-3.0,18.0,62.0,-84.0,26.0,59.0,-40.0,9.0,67.0,-75.0,49.58,82.0,-18.310000000000002,29.55,42.79,-62.96,47.75,44.07,-20.7,4.75,46.5,-50.91
2025-08-11T17:40:38.266921,16.0,90.0,-45.0,-109.0,59.0,-26.0,-83.0,-22.0,-46.0,-55.0,75.0,-108.0,22.58,61.0,-60.31,-97.45,39.79,-4.960000000000001,-61.25,-36.93,-26.7,-59.25,54.5,-83.91
2025-08-11T17:40:38.271504,-2.0,43.0,-37.0,8.0,37.0,-37.0,-47.0,9.0,-39.0,31.0,30.0,-68.0,4.58,14.0,-52.31,19.55,17.79,-15.96,-25.25,-5.93,-19.7,26.75,9.5,-43.91
2025-08-11T17:40:38.279229,18.0,1.0,-39.0,35.0,18.0,-48.0,-25.0,25.0,-48.0,20.0,74.0,-143.0,24.58,-28.0,-54.31,46.55,-1.2100000000000009,-26.96,-3.25,10.07,-28.7,15.75,53.5,-118.91
2025-08-11T17:40:38.283167,8.0,18.0,38.0,-19.0,16.0,-52.0,-32.0,66.0,21.0,4.0,51.0,-78.0,14.58,-11.0,22.689999999999998,-7.449999999999999,-3.210000000000001,-30.96,-10.25,51.07,40.3,-0.25,30.5,-53.91
2025-08-11T17:40:38.291468,37.0,-9.0,35.0,23.0,60.0,-80.0,-37.0,-28.0,-79.0,-9.0,-41.0,-74.0,43.58,-38.0,19.689999999999998,34.55,40.79,-58.96,-15.25,-42.93,-59.7,-13.25,-61.5,-49.91
2025-08-11T17:40:38.295492,19.0,36.0,22.0,-30.0,51.0,-43.0,-23.0,-24.0,-20.0,-4.0,45.0,-81.0,25.58,7.0,6.6899999999999995,-18.45,31.79,-21.96,-1.25,-38.93,-0.6999999999999993,-8.25,24.5,-56.91
2025-08-11T17:40:38.303702,-2.0,-10.0,6.0,-33.0,2.0,-106.0,-42.0,68.0,-55.0,55.0,72.0,-13.0,4.58,-39.0,-9.31,-21.45,-17.21,-84.96000000000001,-20.25,53.07,-35.7,50.75,51.5,11.09
2025-08-11T17:40:38.307867,-12.0,36.0,-14.0,-4.0,34.0,-95.0,-84.0,78.0,-51.0,15.0,61.0,-63.0,-5.42,7.0,-29.310000000000002,7.550000000000001,14.79,-73.96000000000001,-62.25,63.07,-31.7,10.75,40.5,-38.91
2025-08-11T17:40:38.315919,-33.0,50.0,-44.0,-82.0,87.0,-58.0,-3.0,-20.0,-69.0,66.0,50.0,21.0,-26.42,21.0,-59.31,-70.45,67.78999999999999,-36.96,18.75,-34.93,-49.7,61.75,29.5,45.09
2025-08-11T17:40:38.321073,-20.0,61.0,-39.0,-11.0,2.0,0.0,10.0,48.0,-84.0,67.0,40.0,-75.0,-13.42,32.0,-54.31,0.5500000000000007,-17.21,21.04,31.75,33.07,-64.7,62.75,19.5,-50.91
2025-08-11T17:40:38.328248,9.0,-12.0,48.0,-63.0,-15.0,-44.0,-65.0,37.0,-24.0,37.0,-30.0,-2.0,15.58,-41.0,32.69,-51.45,-34.21,-22.96,-43.25,22.07,-4.699999999999999,32.75,-50.5,22.09
2025-08-11T17:40:38.332546,24.0,17.0,-49.0,-7.0,42.0,-80.0,-66.0,-31.0,-63.0,-7.0,13.0,-57.0,30.58,-12.0,-64.31,4.550000000000001,22.79,-58.96,-44.25,-45.93,-43.7,-11.25,-7.5,-32.91
2025-08-11T17:40:38.340623,-25.0,-7.0,-2.0,-7.0,14.0,-24.0,-24.0,25.0,-20.0,17.0,5.0,-75.0,-18.42,-36.0,-17.310000000000002,4.550000000000001,-5.210000000000001,-2.960000000000001,-2.25,10.07,-0.6999999999999993,12.75,-15.5,-50.91
2025-08-11T17:40:38.344807,1.0,-8.0,-23.0,-41.0,64.0,-75.0,22.0,55.0,-80.0,-38.0,-19.0,-24.0,7.58,-37.0,-38.31,-29.45,44.79,-53.96,43.75,40.07,-60.7,-42.25,-39.5,0.08999999999999986
2025-08-11T17:40:38.352785,-30.0,21.0,-1.0,-31.0,55.0,-28.0,6.0,-15.0,-91.0,-19.0,91.0,-23.0,-23.42,-8.0,-16.310000000000002,-19.45,35.79,-6.960000000000001,27.75,-29.93,-71.7,-23.25,70.5,1.0899999999999999
2025-08-11T17:40:38.357095,-38.0,14.0,-32.0,-22.0,56.0,-46.0,43.0,69.0,29.0,39.0,12.0,2.0,-31.42,-15.0,-47.31,-10.45,36.79,-24.96,64.75,54.07,48.3,34.75,-8.5,26.09
2025-08-11T17:40:38.365128,-22.0,67.0,14.0,32.0,42.0,-29.0,58.0,37.0,19.0,43.0,68.0,-48.0,-15.42,38.0,-1.3100000000000005,43.55,22.79,-7.960000000000001,79.75,22.07,38.3,38.75,47.5,-23.91
2025-08-11T17:40:38.370221,-67.0,165.0,8.0,-56.0,-11.0,-58.0,-4.0,19.0,-61.0,-11.0,108.0,-66.0,-60.42,136.0,-7.3100000000000005,-44.45,-30.21,-36.96,17.75,4.07,-41.7,-15.25,87.5,-41.91
2025-08-11T17:40:38.377322,-1.0,-24.0,-7.0,-54.0,44.0,-72.0,-3.0,73.0,-27.0,68.0,6.0,-72.0,5.58,-53.0,-22.310000000000002,-42.45,24.79,-50.96,18.75,58.07,-7.699999999999999,63.75,-14.5,-47.91
2025-08-11T17:40:38.382376,-32.0,-12.0,-7.0,13.0,40.0,-84.0,-23.0,20.0,26.0,-22.0,88.0,-50.0,-25.42,-41.0,-22.310000000000002,24.55,20.79,-62.96,-1.25,5.07,45.3,-26.25,67.5,-25.91
2025-08-11T17:40:38.389616,15.0,65.0,28.0,-11.0,-13.0,-43.0,40.0,42.0,37.0,39.0,40.0,-115.0,21.58,36.0,12.69,0.5500000000000007,-32.21,-21.96,61.75,27.07,56.3,34.75,19.5,-90.91
2025-08-11T17:40:38.393845,65.0,2.0,-5.0,-36.0,55.0,-49.0,10.0,68.0,-36.0,-6.0,7.0,-46.0,71.58,-27.0,-20.310000000000002,-24.45,35.79,-27.96,31.75,53.07,-16.7,-10.25,-13.5,-21.91
2025-08-11T17:40:38.401952,-15.0,-5.0,-15.0,24.0,-9.0,-4.0,14.0,31.0,-27.0,28.0,-55.0,-55.0,-8.42,-34.0,-30.310000000000002,35.55,-28.21,17.04,35.75,16.07,-7.699999999999999,23.75,-75.5,-30.91
2025-08-11T17:40:38.406261,11.0,-10.0,-42.0,3.0,39.0,-32.0,-49.0,48.0,-32.0,2.0,15.0,-79.0,17.58,-39.0,-57.31,14.55,19.79,-10.96,-27.25,33.07,-12.7,-2.25,-5.5,-54.91
2025-08-11T17:40:38.414121,6.0,-3.0,4.0,34.0,-71.0,-118.0,0.0,21.0,-38.0,-7.0,-27.0,-28.0,12.58,-32.0,-11.31,45.55,-90.21000000000001,-96.96000000000001,21.75,6.07,-18.7,-11.25,-47.5,-3.91
2025-08-11T17:40:38.418482,1.0,25.0,-21.0,-14.0,45.0,-29.0,-8.0,35.0,-28.0,25.0,28.0,11.0,7.58,-4.0,-36.31,-2.4499999999999993,25.79,-7.960000000000001,13.75,20.07,-8.7,20.75,7.5,35.09
2025-08-11T17:40:38.426644,-5.0,-6.0,-41.0,-2.0,31.0,-40.0,-29.0,43.0,-67.0,21.0,-8.0,-105.0,1.58,-35.0,-56.31,9.55,11.79,-18.96,-7.25,28.07,-47.7,16.75,-28.5,-80.91
2025-08-11T17:40:38.430603,-1.0,28.0,-55.0,3.0,-38.0,-50.0,-54.0,23.0,-65.0,-24.0,3.0,12.0,5.58,-1.0,-70.31,14.55,-57.21,-28.96,-32.25,8.07,-45.7,-28.25,-17.5,36.09
2025-08-11T17:40:38.434795,15.0,25.0,-4.0,6.0,22.0,-38.0,14.0,-31.0,-12.0,-5.0,40.0,-19.0,21.58,-4.0,-19.310000000000002,17.55,2.789999999999999,-16.96,35.75,-45.93,7.300000000000001,-9.25,19.5,5.09
2025-08-11T17:40:38.442928,-2.0,32.0,9.0,31.0,-16.0,3.0,3.0,89.0,14.0,-2.0,-3.0,-23.0,4.58,3.0,-6.3100000000000005,42.55,-35.21,24.04,24.75,74.07,33.3,-6.25,-23.5,1.0899999999999999
2025-08-11T17:40:38.447056,59.0,45.0,-5.0,8.0,-37.0,-22.0,-37.0,24.0,-62.0,16.0,60.0,0.0,65.58,16.0,-20.310000000000002,19.55,-56.21,-0.9600000000000009,-15.25,9.07,-42.7,11.75,39.5,24.09
2025-08-11T17:40:38.455127,3.0,27.0,12.0,-28.0,-4.0,-49.0,-17.0,17.0,-47.0,57.0,12.0,-18.0,9.58,-2.0,-3.3100000000000005,-16.45,-23.21,-27.96,4.75,2.0700000000000003,-27.7,52.75,-8.5,6.09
2025-08-11T17:40:38.459492,-7.0,59.0,23.0,19.0,54.0,12.0,44.0,40.0,-4.0,-3.0,7.0,-23.0,-0.41999999999999993,30.0,7.6899999999999995,30.55,34.79,33.04,65.75,25.07,15.3,-7.25,-13.5,1.0899999999999999
2025-08-11T17:40:38.467584,10.0,121.0,-123.0,-8.0,26.0,-10.0,10.0,5.0,-10.0,-85.0,30.0,-65.0,16.58,92.0,-138.31,3.5500000000000007,6.789999999999999,11.04,31.75,-9.93,9.3,-89.25,9.5,-40.91
2025-08-11T17:40:38.471651,21.0,24.0,-10.0,-68.0,59.0,22.0,29.0,-46.0,-23.0,48.0,28.0,-19.0,27.58,-5.0,-25.310000000000002,-56.45,39.79,43.04,50.75,-60.93,-3.6999999999999993,43.75,7.5,5.09
2025-08-11T17:40:38.479896,-89.0,-49.0,-2.0,46.0,71.0,-12.0,-90.0,72.0,-9.0,-81.0,29.0,-21.0,-82.42,-78.0,-17.310000000000002,57.55,51.79,9.04,-68.25,57.07,10.3,-85.25,8.5,3.09
2025-08-11T17:40:38.484272,7.0,24.0,-57.0,17.0,-37.0,-40.0,0.0,32.0,-35.0,-10.0,6.0,-95.0,13.58,-5.0,-72.31,28.55,-56.21,-18.96,21.75,17.07,-15.7,-14.25,-14.5,-70.91
2025-08-11T17:40:38.492090,-20.0,12.0,46.0,-72.0,-9.0,-15.0,-69.0,90.0,-66.0,39.0,66.0,-62.0,-13.42,-17.0,30.689999999999998,-60.45,-28.21,6.039999999999999,-47.25,75.07,-46.7,34.75,45.5,-37.91
2025-08-11T17:40:38.496660,-14.0,90.0,10.0,-19.0,78.0,-56.0,-48.0,21.0,-24.0,-42.0,-19.0,-19.0,-7.42,61.0,-5.3100000000000005,-7.449999999999999,58.79,-34.96,-26.25,6.07,-4.699999999999999,-46.25,-39.5,5.09
2025-08-11T17:40:38.504385,-8.0,36.0,67.0,-46.0,78.0,-56.0,52.0,114.0,-73.0,-62.0,-38.0,-46.0,-1.42,7.0,51.69,-34.45,58.79,-34.96,73.75,99.07,-53.7,-66.25,-58.5,-21.91
2025-08-11T17:40:38.508923,-61.0,74.0,0.0,-36.0,1.0,-13.0,35.0,41.0,-82.0,54.0,-44.0,-8.0,-54.42,45.0,-15.31,-24.45,-18.21,8.04,56.75,26.07,-62.7,49.75,-64.5,16.09
2025-08-11T17:40:38.516588,-80.0,-4.0,-41.0,-32.0,40.0,-9.0,-46.0,53.0,-51.0,3.0,8.0,38.0,-73.42,-33.0,-56.31,-20.45,20.79,12.04,-24.25,38.07,-31.7,-1.25,-12.5,62.09
2025-08-11T17:40:38.521399,-6.0,-16.0,-31.0,-25.0,-4.0,45.0,-52.0,-13.0,-61.0,-45.0,-26.0,-32.0,0.5800000000000001,-45.0,-46.31,-13.45,-23.21,66.03999999999999,-30.25,-27.93,-41.7,-49.25,-46.5,-7.91
2025-08-11T17:40:38.528761,-5.0,58.0,-49.0,11.0,-4.0,-32.0,8.0,70.0,-24.0,-40.0,-27.0,20.0,1.58,29.0,-64.31,22.55,-23.21,-10.96,29.75,55.07,-4.699999999999999,-44.25,-47.5,44.09
2025-08-11T17:40:38.533280,37.0,61.0,-32.0,-53.0,10.0,5.0,-91.0,-1.0,-4.0,-4.0,-25.0,-93.0,43.58,32.0,-47.31,-41.45,-9.21,26.04,-69.25,-15.93,15.3,-8.25,-45.5,-68.91
2025-08-11T17:40:38.541250,33.0,52.0,18.0,-17.0,58.0,-44.0,-25.0,-18.0,-3.0,25.0,106.0,-5.0,39.58,23.0,2.6899999999999995,-5.449999999999999,38.79,-22.96,-3.25,-32.93,16.3,20.75,85.5,19.09
2025-08-11T17:40:38.545584,14.0,79.0,-74.0,30.0,5.0,28.0,-12.0,2.0,19.0,-40.0,-20.0,9.0,20.58,50.0,-89.31,41.55,-14.21,49.04,9.75,-12.93,38.3,-44.25,-40.5,33.09
2025-08-11T17:40:38.553512,-4.0,37.0,45.0,32.0,0.0,-41.0,-31.0,0.0,-13.0,-23.0,-52.0,-64.0,2.58,8.0,29.689999999999998,43.55,-19.21,-19.96,-9.25,-14.93,6.300000000000001,-27.25,-72.5,-39.91
2025-08-11T17:40:38.557840,20.0,45.0,-44.0,-5.0,58.0,-25.0,11.0,-56.0,-42.0,-14.0,12.0,-26.0,26.58,16.0,-59.31,6.550000000000001,38.79,-3.960000000000001,32.75,-70.93,-22.7,-18.25,-8.5,-1.9100000000000001
2025-08-11T17:40:38.565789,0.0,-16.0,-18.0,-21.0,69.0,10.0,-36.0,27.0,35.0,-1.0,-8.0,-87.0,6.58,-45.0,-33.31,-9.45,49.79,31.04,-14.25,12.07,54.3,-5.25,-28.5,-62.91
2025-08-11T17:40:38.570102,89.0,26.0,-18.0,30.0,7.0,-36.0,-44.0,40.0,-28.0,-51.0,15.0,-39.0,95.58,-3.0,-33.31,41.55,-12.21,-14.96,-22.25,25.07,-8.7,-55.25,-5.5,-14.91
2025-08-11T17:40:38.577944,22.0,-19.0,5.0,-40.0,11.0,1.0,-74.0,10.0,-10.0,-44.0,-11.0,-35.0,28.58,-48.0,-10.31,-28.45,-8.21,22.04,-52.25,-4.93,9.3,-48.25,-31.5,-10.91
2025-08-11T17:40:38.582437,-15.0,-58.0,2.0,30.0,49.0,3.0,-57.0,-64.0,-83.0,-24.0,-65.0,-58.0,-8.42,-87.0,-13.31,41.55,29.79,24.04,-35.25,-78.93,-63.7,-28.25,-85.5,-33.91
2025-08-11T17:40:38.590437,27.0,51.0,-4.0,-59.0,50.0,-71.0,-44.0,16.0,-57.0,29.0,63.0,-19.0,33.58,22.0,-19.310000000000002,-47.45,30.79,-49.96,-22.25,1.0700000000000003,-37.7,24.75,42.5,5.09
2025-08-11T17:40:38.594574,80.0,14.0,29.0,24.0,22.0,-39.0,-123.0,36.0,-31.0,-17.0,16.0,-14.0,86.58,-15.0,13.69,35.55,2.789999999999999,-17.96,-101.25,21.07,-11.7,-21.25,-4.5,10.09
2025-08-11T17:40:38.602607,-21.0,19.0,6.0,-27.0,49.0,-31.0,-28.0,-5.0,-67.0,21.0,12.0,-51.0,-14.42,-10.0,-9.31,-15.45,29.79,-9.96,-6.25,-19.93,-47.7,16.75,-8.5,-26.91
2025-08-11T17:40:38.606719,-15.0,43.0,5.0,-55.0,75.0,51.0,8.0,18.0,-35.0,60.0,74.0,-31.0,-8.42,14.0,-10.31,-43.45,55.79,72.03999999999999,29.75,3.0700000000000003,-15.7,55.75,53.5,-6.91
2025-08-11T17:40:38.614744,44.0,-12.0,2.0,11.0,-4.0,-48.0,12.0,-12.0,-51.0,-25.0,51.0,-23.0,50.58,-41.0,-13.31,22.55,-23.21,-26.96,33.75,-26.93,-31.7,-29.25,30.5,1.0899999999999999
2025-08-11T17:40:38.619162,30.0,48.0,-15.0,9.0,33.0,-36.0,-5.0,43.0,15.0,-4.0,22.0,-9.0,36.58,19.0,-30.310000000000002,20.55,13.79,-14.96,16.75,28.07,34.3,-8.25,1.5,15.09
2025-08-11T17:40:38.623107,-123.0,0.0,24.0,4.0,80.0,3.0,-43.0,-7.0,25.0,-42.0,-34.0,-52.0,-116.42,-29.0,8.69,15.55,60.79,24.04,-21.25,-21.93,44.3,-46.25,-54.5,-27.91
2025-08-11T17:40:38.631378,9.0,-5.0,-4.0,-47.0,68.0,63.0,-26.0,9.0,10.0,-24.0,12.0,-23.0,15.58,-34.0,-19.310000000000002,-35.45,48.79,84.03999999999999,-4.25,-5.93,29.3,-28.25,-8.5,1.0899999999999999
2025-08-11T17:40:38.635502,2.0,-7.0,-22.0,-22.0,-100.0,24.0,60.0,-22.0,16.0,-19.0,39.0,-41.0,8.58,-36.0,-37.31,-10.45,-119.21000000000001,45.04,81.75,-36.93,35.3,-23.25,18.5,-16.91
2025-08-11T17:40:38.643632,37.0,99.0,-19.0,-8.0,51.0,-67.0,-76.0,16.0,-35.0,-22.0,24.0,-47.0,43.58,70.0,-34.31,3.5500000000000007,31.79,-45.96,-54.25,1.0700000000000003,-15.7,-26.25,3.5,-22.91
2025-08-11T17:40:38.647716,-84.0,107.0,4.0,-30.0,38.0,55.0,-19.0,1.0,45.0,-38.0,9.0,-66.0,-77.42,78.0,-11.31,-18.45,18.79,76.03999999999999,2.75,-13.93,64.3,-42.25,-11.5,-41.91
2025-08-11T17:40:38.655997,-11.0,35.0,7.0,22.0,58.0,11.0,-20.0,31.0,27.0,-34.0,58.0,-20.0,-4.42,6.0,-8.31,33.55,38.79,32.04,1.75,16.07,46.3,-38.25,37.5,4.09
2025-08-11T17:40:38.660214,-25.0,-3.0,-38.0,-7.0,46.0,-23.0,-38.0,31.0,-25.0,49.0,40.0,-79.0,-18.42,-32.0,-53.31,4.550000000000001,26.79,-1.9600000000000009,-16.25,16.07,-5.699999999999999,44.75,19.5,-54.91
2025-08-11T17:40:38.668234,-32.0,90.0,0.0,-35.0,33.0,-58.0,-55.0,-9.0,-94.0,24.0,-6.0,-45.0,-25.42,61.0,-15.31,-23.45,13.79,-36.96,-33.25,-23.93,-74.7,19.75,-26.5,-20.91
2025-08-11T17:40:38.672838,-33.0,82.0,25.0,18.0,36.0,-15.0,-51.0,57.0,10.0,24.0,25.0,-26.0,-26.42,53.0,9.69,29.55,16.79,6.039999999999999,-29.25,42.07,29.3,19.75,4.5,-1.9100000000000001
2025-08-11T17:40:38.680547,-14.0,83.0,-8.0,-67.0,69.0,-39.0,74.0,65.0,-16.0,46.0,63.0,-20.0,-7.42,54.0,-23.310000000000002,-55.45,49.79,-17.96,95.75,50.07,3.3000000000000007,41.75,42.5,4.09
2025-08-11T17:40:38.684793,-53.0,36.0,-46.0,-26.0,46.0,-73.0,-65.0,-32.0,-34.0,-30.0,38.0,-87.0,-46.42,7.0,-61.31,-14.45,26.79,-51.96,-43.25,-46.93,-14.7,-34.25,17.5,-62.91
2025-08-11T17:40:38.692778,34.0,8.0,-14.0,80.0,53.0,-14.0,-82.0,-36.0,26.0,16.0,-8.0,-38.0,40.58,-21.0,-29.310000000000002,91.55,33.79,7.039999999999999,-60.25,-50.93,45.3,11.75,-28.5,-13.91
2025-08-11T17:40:38.697000,-24.0,-52.0,15.0,-53.0,-44.0,14.0,-15.0,-42.0,4.0,25.0,32.0,-38.0,-17.42,-81.0,-0.3100000000000005,-41.45,-63.21,35.04,6.75,-56.93,23.3,20.75,11.5,-13.91
2025-08-11T17:40:38.704978,-71.0,73.0,19.0,-66.0,51.0,-100.0,-20.0,53.0,64.0,-34.0,39.0,-95.0,-64.42,44.0,3.6899999999999995,-54.45,31.79,-78.96000000000001,1.75,38.07,83.3,-38.25,18.5,-70.91
2025-08-11T17:40:38.709445,18.0,16.0,22.0,-29.0,22.0,7.0,-37.0,-13.0,30.0,-15.0,35.0,-40.0,24.58,-13.0,6.6899999999999995,-17.45,2.789999999999999,28.04,-15.25,-27.93,49.3,-19.25,14.5,-15.91
2025-08-11T17:40:38.717528,2.0,33.0,-35.0,-4.0,-22.0,7.0,-23.0,85.0,31.0,50.0,-32.0,-92.0,8.58,4.0,-50.31,7.550000000000001,-41.21,28.04,-1.25,70.07,50.3,45.75,-52.5,-67.91
2025-08-11T17:40:38.721803,14.0,68.0,-5.0,-53.0,3.0,-22.0,-12.0,66.0,-68.0,39.0,-19.0,-66.0,20.58,39.0,-20.310000000000002,-41.45,-16.21,-0.9600000000000009,9.75,51.07,-48.7,34.75,-39.5,-41.91
2025-08-11T17:40:38.729594,88.0,7.0,-66.0,-39.0,-1.0,-32.0,6.0,26.0,15.0,-16.0,-2.0,-50.0,94.58,-22.0,-81.31,-27.45,-20.21,-10.96,27.75,11.07,34.3,-20.25,-22.5,-25.91
2025-08-11T17:40:38.733832,4.0,5.0,47.0,5.0,33.0,-63.0,19.0,13.0,-32.0,-21.0,8.0,-68.0,10.58,-24.0,31.689999999999998,16.55,13.79,-41.96,40.75,-1.9299999999999997,-12.7,-25.25,-12.5,-43.91
2025-08-11T17:40:38.742006,37.0,41.0,-33.0,-16.0,8.0,-56.0,47.0,41.0,-36.0,61.0,-14.0,-70.0,43.58,12.0,-48.31,-4.449999999999999,-11.21,-34.96,68.75,26.07,-16.7,56.75,-34.5,-45.91
2025-08-11T17:40:38.746188,44.0,71.0,-16.0,-23.0,62.0,-34.0,42.0,56.0,-58.0,3.0,37.0,-23.0,50.58,42.0,-31.310000000000002,-11.45,42.79,-12.96,63.75,41.07,-38.7,-1.25,16.5,1.0899999999999999
2025-08-11T17:40:38.754236,22.0,-15.0,-15.0,-4.0,12.0,-27.0,11.0,52.0,-47.0,57.0,-13.0,-68.0,28.58,-44.0,-30.310000000000002,7.550000000000001,-7.210000000000001,-5.960000000000001,32.75,37.07,-27.7,52.75,-33.5,-43.91
2025-08-11T17:40:38.758572,13.0,-60.0,-39.0,-83.0,40.0,-25.0,-35.0,-26.0,-4.0,-14.0,22.0,12.0,19.58,-89.0,-54.31,-71.45,20.79,-3.960000000000001,-13.25,-40.93,15.3,-18.25,1.5,36.09
2025-08-11T17:40:38.766439,-29.0,81.0,-45.0,-57.0,35.0,-1.0,16.0,-13.0,47.0,34.0,29.0,19.0,-22.42,52.0,-60.31,-45.45,15.79,20.04,37.75,-27.93,66.3,29.75,8.5,43.09
2025-08-11T17:40:38.770855,-14.0,17.0,56.0,14.0,34.0,-20.0,-43.0,24.0,19.0,14.0,82.0,-112.0,-7.42,-12.0,40.69,25.55,14.79,1.0399999999999991,-21.25,9.07,38.3,9.75,61.5,-87.91
2025-08-11T17:40:38.778748,0.0,33.0,64.0,-85.0,-34.0,-17.0,-107.0,54.0,-77.0,28.0,-22.0,-37.0,6.58,4.0,48.69,-73.45,-53.21,4.039999999999999,-85.25,39.07,-57.7,23.75,-42.5,-12.91
2025-08-11T17:40:38.782980,-58.0,5.0,-78.0,-21.0,25.0,-26.0,-47.0,49.0,-8.0,-37.0,22.0,-37.0,-51.42,-24.0,-93.31,-9.45,5.789999999999999,-4.960000000000001,-25.25,34.07,11.3,-41.25,1.5,-12.91
2025-08-11T17:40:38.790963,1.0,10.0,-73.0,-40.0,-56.0,-2.0,-1.0,18.0,-55.0,-7.0,58.0,-3.0,7.58,-19.0,-88.31,-28.45,-75.21000000000001,19.04,20.75,3.0700000000000003,-35.7,-11.25,37.5,21.09
2025-08-11T17:40:38.795419,-17.0,40.0,-30.0,3.0,76.0,-45.0,3.0,83.0,-27.0,13.0,1.0,-113.0,-10.42,11.0,-45.31,14.55,56.79,-23.96,24.75,68.07,-7.699999999999999,8.75,-19.5,-88.91
2025-08-11T17:40:38.803482,17.0,73.0,-6.0,-41.0,-10.0,28.0,-14.0,85.0,-68.0,84.0,10.0,-41.0,23.58,44.0,-21.310000000000002,-29.45,-29.21,49.04,7.75,70.07,-48.7,79.75,-10.5,-16.91
2025-08-11T17:40:38.807517,-12.0,11.0,-21.0,0.0,91.0,0.0,24.0,48.0,0.0,30.0,-17.0,-61.0,-5.42,-18.0,-36.31,11.55,71.78999999999999,21.04,45.75,33.07,19.3,25.75,-37.5,-36.91
2025-08-11T17:40:38.815612,-11.0,54.0,10.0,-54.0,20.0,-39.0,39.0,-55.0,-36.0,-9.0,37.0,-22.0,-4.42,25.0,-5.3100000000000005,-42.45,0.7899999999999991,-17.96,60.75,-69.93,-16.7,-13.25,16.5,2.09
2025-08-11T17:40:38.819758,-13.0,72.0,-54.0,-2.0,11.0,24.0,65.0,18.0,-1.0,6.0,-3.0,-31.0,-6.42,43.0,-69.31,9.55,-8.21,45.04,86.75,3.0700000000000003,18.3,1.75,-23.5,-6.91
2025-08-11T17:40:38.823848,-12.0,86.0,-52.0,9.0,45.0,-35.0,-30.0,3.0,-11.0,-18.0,24.0,42.0,-5.42,57.0,-67.31,20.55,25.79,-13.96,-8.25,-11.93,8.3,-22.25,3.5,66.09
2025-08-11T17:40:38.832190,21.0,-8.0,28.0,-29.0,13.0,-75.0,-15.0,71.0,51.0,-40.0,78.0,-37.0,27.58,-37.0,12.69,-17.45,-6.210000000000001,-53.96,6.75,56.07,70.3,-44.25,57.5,-12.91
2025-08-11T17:40:38.836112,10.0,28.0,31.0,0.0,10.0,-31.0,-90.0,-26.0,-12.0,30.0,-59.0,-35.0,16.58,-1.0,15.69,11.55,-9.21,-9.96,-68.25,-40.93,7.300000000000001,25.75,-79.5,-10.91
2025-08-11T17:40:38.844468,22.0,4.0,-12.0,-41.0,35.0,-56.0,17.0,10.0,-2.0,-47.0,35.0,-11.0,28.58,-25.0,-27.310000000000002,-29.45,15.79,-34.96,38.75,-4.93,17.3,-51.25,14.5,13.09
2025-08-11T17:40:38.848460,-50.0,-8.0,-10.0,42.0,11.0,7.0,4.0,-8.0,-56.0,22.0,-26.0,-11.0,-43.42,-37.0,-25.310000000000002,53.55,-8.21,28.04,25.75,-22.93,-36.7,17.75,-46.5,13.09
2025-08-11T17:40:38.856632,17.0,-43.0,61.0,-60.0,-51.0,-3.0,-20.0,13.0,-36.0,25.0,-31.0,-79.0,23.58,-72.0,45.69,-48.45,-70.21000000000001,18.04,1.75,-1.9299999999999997,-16.7,20.75,-51.5,-54.91
2025-08-11T17:40:38.860764,-30.0,-19.0,27.0,14.0,97.0,1.0,4.0,12.0,-25.0,7.0,78.0,-42.0,-23.42,-48.0,11.69,25.55,77.78999999999999,22.04,25.75,-2.9299999999999997,-5.699999999999999,2.75,57.5,-17.91
2025-08-11T17:40:38.868994,-15.0,-16.0,5.0,-5.0,-2.0,13.0,-23.0,46.0,46.0,-41.0,50.0,-77.0,-8.42,-45.0,-10.31,6.550000000000001,-21.21,34.04,-1.25,31.07,65.3,-45.25,29.5,-52.91
2025-08-11T17:40:38.873274,33.0,16.0,68.0,-70.0,105.0,-37.0,-40.0,45.0,-27.0,-17.0,17.0,-67.0,39.58,-13.0,52.69,-58.45,85.78999999999999,-15.96,-18.25,30.07,-7.699999999999999,-21.25,-3.5,-42.91
2025-08-11T17:40:38.881217,-39.0,-28.0,-11.0,16.0,55.0,-4.0,-60.0,-61.0,-62.0,-16.0,-65.0,-57.0,-32.42,-57.0,-26.310000000000002,27.55,35.79,17.04,-38.25,-75.93,-42.7,-20.25,-85.5,-32.91
2025-08-11T17:40:38.885480,3.0,1.0,34.0,-19.0,44.0,-43.0,-27.0,-45.0,-21.0,51.0,9.0,55.0,9.58,-28.0,18.689999999999998,-7.449999999999999,24.79,-21.96,-5.25,-59.93,-1.6999999999999993,46.75,-11.5,79.09
2025-08-11T17:40:38.893480,30.0,49.0,45.0,42.0,38.0,1.0,-48.0,-17.0,-11.0,-37.0,21.0,-17.0,36.58,20.0,29.689999999999998,53.55,18.79,22.04,-26.25,-31.93,8.3,-41.25,0.5,7.09
2025-08-11T17:40:38.897663,-17.0,35.0,-72.0,-70.0,38.0,-4.0,-94.0,27.0,-64.0,-32.0,40.0,-19.0,-10.42,6.0,-87.31,-58.45,18.79,17.04,-72.25,12.07,-44.7,-36.25,19.5,5.09
2025-08-11T17:40:38.905839,13.0,83.0,-55.0,33.0,0.0,-61.0,-17.0,39.0,-14.0,-18.0,72.0,13.0,19.58,54.0,-70.31,44.55,-19.21,-39.96,4.75,24.07,5.300000000000001,-22.25,51.5,37.09
2025-08-11T17:40:38.909979,-73.0,29.0,-42.0,-27.0,26.0,-68.0,-6.0,24.0,9.0,-10.0,27.0,2.0,-66.42,0.0,-57.31,-15.45,6.789999999999999,-46.96,15.75,9.07,28.3,-14.25,6.5,26.09
2025-08-11T17:40:38.918324,-37.0,49.0,-5.0,-76.0,10.0,-29.0,-64.0,98.0,-27.0,-59.0,38.0,-4.0,-30.42,20.0,-20.310000000000002,-64.45,-9.21,-7.960000000000001,-42.25,83.07,-7.699999999999999,-63.25,17.5,20.09
2025-08-11T17:40:38.922378,29.0,39.0,-58.0,-31.0,25.0,-16.0,16.0,-6.0,-7.0,1.0,71.0,-48.0,35.58,10.0,-73.31,-19.45,5.789999999999999,5.039999999999999,37.75,-20.93,12.3,-3.25,50.5,-23.91
2025-08-11T17:40:38.930272,20.0,45.0,-20.0,-7.0,40.0,-69.0,11.0,67.0,-55.0,-52.0,54.0,-57.0,26.58,16.0,-35.31,4.550000000000001,20.79,-47.96,32.75,52.07,-35.7,-56.25,33.5,-32.91
2025-08-11T17:40:38.934539,14.0,55.0,71.0,-16.0,51.0,-43.0,11.0,52.0,24.0,-27.0,37.0,-62.0,20.58,26.0,55.69,-4.449999999999999,31.79,-21.96,32.75,37.07,43.3,-31.25,16.5,-37.91
2025-08-11T17:40:38.942665,20.0,88.0,-45.0,-2.0,31.0,-23.0,-33.0,6.0,-23.0,-3.0,26.0,-19.0,26.58,59.0,-60.31,9.55,11.79,-1.9600000000000009,-11.25,-8.93,-3.6999999999999993,-7.25,5.5,5.09
2025-08-11T17:40:38.946952,-28.0,30.0,11.0,-3.0,56.0,-61.0,31.0,16.0,-8.0,26.0,11.0,-45.0,-21.42,1.0,-4.3100000000000005,8.55,36.79,-39.96,52.75,1.0700000000000003,11.3,21.75,-9.5,-20.91
2025-08-11T17:40:38.954889,-38.0,-10.0,51.0,-50.0,1.0,-3.0,11.0,12.0,10.0,34.0,28.0,7.0,-31.42,-39.0,35.69,-38.45,-18.21,18.04,32.75,-2.9299999999999997,29.3,29.75,7.5,31.09
2025-08-11T17:40:38.959237,29.0,17.0,-8.0,-37.0,-13.0,-42.0,-59.0,15.0,11.0,48.0,32.0,17.0,35.58,-12.0,-23.310000000000002,-25.45,-32.21,-20.96,-37.25,0.07000000000000028,30.3,43.75,11.5,41.09
2025-08-11T17:40:38.967154,-4.0,-77.0,68.0,14.0,-50.0,-2.0,-16.0,0.0,17.0,43.0,10.0,-18.0,2.58,-106.0,52.69,25.55,-69.21000000000001,19.04,5.75,-14.93,36.3,38.75,-10.5,6.09
2025-08-11T17:40:38.971468,-44.0,13.0,30.0,4.0,42.0,-47.0,-17.0,30.0,27.0,19.0,20.0,-29.0,-37.42,-16.0,14.69,15.55,22.79,-25.96,4.75,15.07,46.3,14.75,-0.5,-4.91
2025-08-11T17:40:38.979535,-7.0,42.0,33.0,-57.0,45.0,-12.0,-51.0,24.0,25.0,-73.0,-4.0,-25.0,-0.41999999999999993,13.0,17.689999999999998,-45.45,25.79,9.04,-29.25,9.07,44.3,-77.25,-24.5,-0.9100000000000001
2025-08-11T17:40:38.983631,-89.0,-64.0,55.0,-30.0,59.0,-17.0,-31.0,-60.0,-61.0,3.0,17.0,-75.0,-82.42,-93.0,39.69,-18.45,39.79,4.039999999999999,-9.25,-74.93,-41.7,-1.25,-3.5,-50.91
2025-08-11T17:40:38.991777,-58.0,-21.0,-6.0,-74.0,76.0,25.0,-55.0,87.0,16.0,-29.0,11.0,-3.0,-51.42,-50.0,-21.310000000000002,-62.45,56.79,46.04,-33.25,72.07,35.3,-33.25,-9.5,21.09
2025-08-11T17:40:38.996063,-36.0,59.0,7.0,-54.0,46.0,-30.0,5.0,11.0,13.0,-5.0,30.0,21.0,-29.42,30.0,-8.31,-42.45,26.79,-8.96,26.75,-3.9299999999999997,32.3,-9.25,9.5,45.09
2025-08-11T17:40:39.003853,32.0,54.0,41.0,13.0,-29.0,-5.0,-3.0,35.0,-22.0,-8.0,76.0,-62.0,38.58,25.0,25.689999999999998,24.55,-48.21,16.04,18.75,20.07,-2.6999999999999993,-12.25,55.5,-37.91
2025-08-11T17:40:39.008823,-10.0,67.0,39.0,-29.0,3.0,28.0,39.0,36.0,-46.0,-9.0,-14.0,18.0,-3.42,38.0,23.689999999999998,-17.45,-16.21,49.04,60.75,21.07,-26.7,-13.25,-34.5,42.09
2025-08-11T17:40:39.012269,-69.0,9.0,49.0,-32.0,46.0,-36.0,44.0,0.0,-31.0,-54.0,9.0,-66.0,-62.42,-20.0,33.69,-20.45,26.79,-14.96,65.75,-14.93,-11.7,-58.25,-11.5,-41.91
2025-08-11T17:40:39.021146,-71.0,19.0,11.0,-4.0,-33.0,34.0,-32.0,-52.0,-34.0,-43.0,48.0,-63.0,-64.42,-10.0,-4.3100000000000005,7.550000000000001,-52.21,55.04,-10.25,-66.93,-14.7,-47.25,27.5,-38.91
2025-08-11T17:40:39.024526,-86.0,73.0,40.0,-15.0,98.0,-34.0,4.0,11.0,-67.0,61.0,8.0,-95.0,-79.42,44.0,24.689999999999998,-3.4499999999999993,78.78999999999999,-12.96,25.75,-3.9299999999999997,-47.7,56.75,-12.5,-70.91
2025-08-11T17:40:39.033179,-31.0,48.0,1.0,-76.0,69.0,35.0,-7.0,19.0,22.0,-30.0,61.0,-31.0,-24.42,19.0,-14.31,-64.45,49.79,56.04,14.75,4.07,41.3,-34.25,40.5,-6.91
2025-08-11T17:40:39.036835,-35.0,49.0,56.0,9.0,46.0,5.0,-44.0,-4.0,55.0,21.0,-16.0,-2.0,-28.42,20.0,40.69,20.55,26.79,26.04,-22.25,-18.93,74.3,16.75,-36.5,22.09
2025-08-11T17:40:39.044944,18.0,86.0,28.0,37.0,4.0,6.0,-42.0,0.0,13.0,9.0,46.0,-32.0,24.58,57.0,12.69,48.55,-15.21,27.04,-20.25,-14.93,32.3,4.75,25.5,-7.91
2025-08-11T17:40:39.049306,-10.0,70.0,6.0,-57.0,14.0,-10.0,-27.0,68.0,14.0,32.0,-14.0,41.0,-3.42,41.0,-9.31,-45.45,-5.210000000000001,11.04,-5.25,53.07,33.3,27.75,-34.5,65.09
2025-08-11T17:40:39.057264,52.0,5.0,-47.0,32.0,29.0,18.0,-55.0,-4.0,33.0,13.0,42.0,-53.0,58.58,-24.0,-62.31,43.55,9.79,39.04,-33.25,-18.93,52.3,8.75,21.5,-28.91
2025-08-11T17:40:39.061606,-114.0,2.0,39.0,-28.0,60.0,-16.0,-25.0,43.0,-23.0,-42.0,-5.0,16.0,-107.42,-27.0,23.689999999999998,-16.45,40.79,5.039999999999999,-3.25,28.07,-3.6999999999999993,-46.25,-25.5,40.09
2025-08-11T17:40:39.069520,50.0,28.0,-12.0,-43.0,-25.0,-13.0,28.0,23.0,37.0,-11.0,40.0,-34.0,56.58,-1.0,-27.310000000000002,-31.45,-44.21,8.04,49.75,8.07,56.3,-15.25,19.5,-9.91
2025-08-11T17:40:39.073708,36.0,-39.0,-9.0,7.0,1.0,-63.0,11.0,17.0,19.0,16.0,-20.0,-32.0,42.58,-68.0,-24.310000000000002,18.55,-18.21,-41.96,32.75,2.0700000000000003,38.3,11.75,-40.5,-7.91
2025-08-11T17:40:39.082012,-29.0,-52.0,-13.0,-23.0,11.0,-5.0,-38.0,-19.0,-2.0,12.0,21.0,-23.0,-22.42,-81.0,-28.310000000000002,-11.45,-8.21,16.04,-16.25,-33.93,17.3,7.75,0.5,1.0899999999999999
2025-08-11T17:40:39.086234,50.0,42.0,88.0,0.0,41.0,-15.0,-46.0,12.0,45.0,111.0,29.0,-85.0,56.58,13.0,72.69,11.55,21.79,6.039999999999999,-24.25,-2.9299999999999997,64.3,106.75,8.5,-60.91
2025-08-11T17:40:39.094285,108.0,-38.0,36.0,53.0,47.0,-52.0,2.0,6.0,14.0,-17.0,34.0,-74.0,114.58,-67.0,20.689999999999998,64.55,27.79,-30.96,23.75,-8.93,33.3,-21.25,13.5,-49.91
2025-08-11T17:40:39.098523,-3.0,-14.0,40.0,-46.0,31.0,14.0,33.0,-30.0,46.0,48.0,33.0,-107.0,3.58,-43.0,24.689999999999998,-34.45,11.79,35.04,54.75,-44.93,65.3,43.75,12.5,-82.91
2025-08-11T17:40:39.106472,15.0,53.0,-21.0,-90.0,6.0,-31.0,-33.0,8.0,-33.0,-42.0,92.0,-4.0,21.58,24.0,-36.31,-78.45,-13.21,-9.96,-11.25,-6.93,-13.7,-46.25,71.5,20.09
2025-08-11T17:40:39.110758,-10.0,40.0,-19.0,-34.0,75.0,-67.0,-58.0,56.0,-2.0,29.0,69.0,5.0,-3.42,11.0,-34.31,-22.45,55.79,-45.96,-36.25,41.07,17.3,24.75,48.5,29.09
2025-08-11T17:40:39.118716,-31.0,-27.0,37.0,-24.0,-16.0,-117.0,-44.0,41.0,-8.0,-9.0,-6.0,39.0,-24.42,-56.0,21.689999999999998,-12.45,-35.21,-95.96000000000001,-22.25,26.07,11.3,-13.25,-26.5,63.09
2025-08-11T17:40:39.123810,-5.0,-49.0,51.0,20.0,21.0,-77.0,46.0,72.0,-41.0,97.0,-13.0,-22.0,1.58,-78.0,35.69,31.55,1.7899999999999991,-55.96,67.75,57.07,-21.7,92.75,-33.5,2.09
2025-08-11T17:40:39.130979,-1.0,-53.0,41.0,-23.0,-5.0,-17.0,-18.0,-7.0,27.0,-33.0,-42.0,-16.0,5.58,-82.0,25.689999999999998,-11.45,-24.21,4.039999999999999,3.75,-21.93,46.3,-37.25,-62.5,8.09
2025-08-11T17:40:39.136031,-62.0,26.0,97.0,-70.0,-52.0,33.0,-62.0,63.0,14.0,-45.0,-16.0,32.0,-55.42,-3.0,81.69,-58.45,-71.21000000000001,54.04,-40.25,48.07,33.3,-49.25,-36.5,56.09
2025-08-11T17:40:39.143249,-47.0,-5.0,1.0,3.0,63.0,-9.0,-68.0,23.0,-32.0,12.0,20.0,19.0,-40.42,-34.0,-14.31,14.55,43.79,12.04,-46.25,8.07,-12.7,7.75,-0.5,43.09
2025-08-11T17:40:39.148278,-49.0,65.0,62.0,-41.0,-3.0,-6.0,38.0,76.0,-5.0,-57.0,118.0,-15.0,-42.42,36.0,46.69,-29.45,-22.21,15.04,59.75,61.07,14.3,-61.25,97.5,9.09
2025-08-11T17:40:39.155560,-32.0,51.0,36.0,-52.0,-8.0,-20.0,45.0,18.0,-17.0,-15.0,28.0,16.0,-25.42,22.0,20.689999999999998,-40.45,-27.21,1.0399999999999991,66.75,3.0700000000000003,2.3000000000000007,-19.25,7.5,40.09
2025-08-11T17:40:39.160443,10.0,-9.0,8.0,1.0,34.0,10.0,27.0,54.0,-68.0,21.0,62.0,-22.0,16.58,-38.0,-7.3100000000000005,12.55,14.79,31.04,48.75,39.07,-48.7,16.75,41.5,2.09
2025-08-11T17:40:39.167813,-89.0,-13.0,37.0,-23.0,-40.0,14.0,-32.0,13.0,-15.0,23.0,18.0,-33.0,-82.42,-42.0,21.689999999999998,-11.45,-59.21,35.04,-10.25,-1.9299999999999997,4.300000000000001,18.75,-2.5,-8.91
2025-08-11T17:40:39.172162,-16.0,-29.0,-47.0,-17.0,1.0,14.0,-6.0,75.0,-8.0,32.0,68.0,-35.0,-9.42,-58.0,-62.31,-5.449999999999999,-18.21,35.04,15.75,60.07,11.3,27.75,47.5,-10.91
2025-08-11T17:40:39.180053,34.0,43.0,-8.0,-32.0,-44.0,-33.0,-50.0,19.0,-23.0,11.0,25.0,10.0,40.58,14.0,-23.310000000000002,-20.45,-63.21,-11.96,-28.25,4.07,-3.6999999999999993,6.75,4.5,34.09
2025-08-11T17:40:39.184368,8.0,-8.0,14.0,-14.0,-6.0,-14.0,-23.0,31.0,-18.0,22.0,-18.0,-74.0,14.58,-37.0,-1.3100000000000005,-2.4499999999999993,-25.21,7.039999999999999,-1.25,16.07,1.3000000000000007,17.75,-38.5,-49.91
2025-08-11T17:40:39.192372,36.0,28.0,-17.0,6.0,30.0,-16.0,-5.0,61.0,2.0,-20.0,-12.0,-50.0,42.58,-1.0,-32.31,17.55,10.79,5.039999999999999,16.75,46.07,21.3,-24.25,-32.5,-25.91
2025-08-11T17:40:39.196768,50.0,27.0,25.0,-28.0,74.0,-28.0,93.0,21.0,-30.0,27.0,29.0,-39.0,56.58,-2.0,9.69,-16.45,54.79,-6.960000000000001,114.75,6.07,-10.7,22.75,8.5,-14.91
2025-08-11T17:40:39.204689,26.0,19.0,37.0,-28.0,43.0,-24.0,-18.0,46.0,-20.0,-22.0,-26.0,-19.0,32.58,-10.0,21.689999999999998,-16.45,23.79,-2.960000000000001,3.75,31.07,-0.6999999999999993,-26.25,-46.5,5.09
2025-08-11T17:40:39.208853,5.0,1.0,81.0,-54.0,5.0,-52.0,-82.0,-1.0,-25.0,-2.0,-8.0,-26.0,11.58,-28.0,65.69,-42.45,-14.21,-30.96,-60.25,-15.93,-5.699999999999999,-6.25,-28.5,-1.9100000000000001
2025-08-11T17:40:39.212919,30.0,16.0,-25.0,32.0,45.0,15.0,-44.0,25.0,13.0,30.0,2.0,1.0,36.58,-13.0,-40.31,43.55,25.79,36.04,-22.25,10.07,32.3,25.75,-18.5,25.09
2025-08-11T17:40:39.221170,-2.0,34.0,37.0,-10.0,11.0,-12.0,-10.0,24.0,-5.0,-26.0,-35.0,-16.0,4.58,5.0,21.689999999999998,1.5500000000000007,-8.21,9.04,11.75,9.07,14.3,-30.25,-55.5,8.09
2025-08-11T17:40:39.225207,34.0,-70.0,6.0,-17.0,87.0,-45.0,-12.0,39.0,-14.0,2.0,59.0,-59.0,40.58,-99.0,-9.31,-5.449999999999999,67.78999999999999,-23.96,9.75,24.07,5.300000000000001,-2.25,38.5,-34.91
2025-08-11T17:40:39.233457,-36.0,47.0,8.0,25.0,31.0,-16.0,-7.0,77.0,17.0,37.0,18.0,-85.0,-29.42,18.0,-7.3100000000000005,36.55,11.79,5.039999999999999,14.75,62.07,36.3,32.75,-2.5,-60.91
2025-08-11T17:40:39.238179,53.0,12.0,65.0,-24.0,35.0,-50.0,29.0,-26.0,-41.0,44.0,23.0,-2.0,59.58,-17.0,49.69,-12.45,15.79,-28.96,50.75,-40.93,-21.7,39.75,2.5,22.09
2025-08-11T17:40:39.245761,-105.0,-41.0,4.0,-105.0,40.0,27.0,-63.0,31.0,3.0,-21.0,24.0,-32.0,-98.42,-70.0,-11.31,-93.45,20.79,48.04,-41.25,16.07,22.3,-25.25,3.5,-7.91
2025-08-11T17:40:39.250152,-21.0,24.0,34.0,-8.0,60.0,-58.0,-76.0,34.0,-29.0,-4.0,61.0,-39.0,-14.42,-5.0,18.689999999999998,3.5500000000000007,40.79,-36.96,-54.25,19.07,-9.7,-8.25,40.5,-14.91
2025-08-11T17:40:39.257993,6.0,68.0,94.0,-14.0,18.0,-31.0,-31.0,-24.0,-18.0,38.0,-35.0,-79.0,12.58,39.0,78.69,-2.4499999999999993,-1.2100000000000009,-9.96,-9.25,-38.93,1.3000000000000007,33.75,-55.5,-54.91
2025-08-11T17:40:39.262457,-66.0,46.0,21.0,44.0,53.0,-35.0,-31.0,12.0,56.0,-19.0,33.0,-59.0,-59.42,17.0,5.6899999999999995,55.55,33.79,-13.96,-9.25,-2.9299999999999997,75.3,-23.25,12.5,-34.91
2025-08-11T17:40:39.270362,-94.0,-20.0,21.0,-6.0,37.0,-26.0,-37.0,23.0,-4.0,-15.0,24.0,-28.0,-87.42,-49.0,5.6899999999999995,5.550000000000001,17.79,-4.960000000000001,-15.25,8.07,15.3,-19.25,3.5,-3.91
2025-08-11T17:40:39.274792,16.0,-27.0,103.0,-86.0,-1.0,-61.0,-19.0,7.0,-36.0,0.0,-29.0,14.0,22.58,-56.0,87.69,-74.45,-20.21,-39.96,2.75,-7.93,-16.7,-4.25,-49.5,38.09
2025-08-11T17:40:39.282545,34.0,21.0,11.0,-54.0,17.0,-49.0,-15.0,77.0,-17.0,-16.0,55.0,-51.0,40.58,-8.0,-4.3100000000000005,-42.45,-2.210000000000001,-27.96,6.75,62.07,2.3000000000000007,-20.25,34.5,-26.91
2025-08-11T17:40:39.286990,-3.0,34.0,-44.0,-64.0,-22.0,-10.0,-67.0,35.0,-54.0,-23.0,13.0,-41.0,3.58,5.0,-59.31,-52.45,-41.21,11.04,-45.25,20.07,-34.7,-27.25,-7.5,-16.91
2025-08-11T17:40:39.294814,9.0,14.0,19.0,34.0,-41.0,11.0,-41.0,-1.0,54.0,-25.0,17.0,-45.0,15.58,-15.0,3.6899999999999995,45.55,-60.21,32.04,-19.25,-15.93,73.3,-29.25,-3.5,-20.91
2025-08-11T17:40:39.299120,-30.0,4.0,-20.0,-30.0,48.0,27.0,-68.0,-18.0,4.0,-24.0,62.0,-12.0,-23.42,-25.0,-35.31,-18.45,28.79,48.04,-46.25,-32.93,23.3,-28.25,41.5,12.09
2025-08-11T17:40:39.307115,-8.0,20.0,6.0,12.0,6.0,-23.0,-74.0,-31.0,28.0,5.0,52.0,-39.0,-1.42,-9.0,-9.31,23.55,-13.21,-1.9600000000000009,-52.25,-45.93,47.3,0.75,31.5,-14.91
2025-08-11T17:40:39.311564,-1.0,-26.0,81.0,-8.0,25.0,-21.0,2.0,-3.0,34.0,-50.0,-21.0,-45.0,5.58,-55.0,65.69,3.5500000000000007,5.789999999999999,0.03999999999999915,23.75,-17.93,53.3,-54.25,-41.5,-20.91
2025-08-11T17:40:39.319387,-23.0,-48.0,80.0,-62.0,-39.0,-22.0,21.0,-32.0,43.0,19.0,34.0,-12.0,-16.42,-77.0,64.69,-50.45,-58.21,-0.9600000000000009,42.75,-46.93,62.3,14.75,13.5,12.09
2025-08-11T17:40:39.323631,-97.0,45.0,91.0,0.0,-9.0,-40.0,-51.0,57.0,-40.0,6.0,58.0,1.0,-90.42,16.0,75.69,11.55,-28.21,-18.96,-29.25,42.07,-20.7,1.75,37.5,25.09
2025-08-11T17:40:39.331589,-4.0,14.0,-24.0,-54.0,26.0,-17.0,26.0,0.0,-36.0,-2.0,12.0,-36.0,2.58,-15.0,-39.31,-42.45,6.789999999999999,4.039999999999999,47.75,-14.93,-16.7,-6.25,-8.5,-11.91
2025-08-11T17:40:39.335878,-17.0,-1.0,42.0,15.0,42.0,-56.0,-29.0,37.0,2.0,56.0,-81.0,-24.0,-10.42,-30.0,26.689999999999998,26.55,22.79,-34.96,-7.25,22.07,21.3,51.75,-101.5,0.08999999999999986
2025-08-11T17:40:39.343906,2.0,2.0,21.0,-20.0,-13.0,9.0,-93.0,49.0,-28.0,19.0,11.0,-69.0,8.58,-27.0,5.6899999999999995,-8.45,-32.21,30.04,-71.25,34.07,-8.7,14.75,-9.5,-44.91
2025-08-11T17:40:39.348311,29.0,4.0,55.0,-34.0,10.0,-54.0,-96.0,25.0,-26.0,0.0,22.0,-48.0,35.58,-25.0,39.69,-22.45,-9.21,-32.96,-74.25,10.07,-6.699999999999999,-4.25,1.5,-23.91
2025-08-11T17:40:39.356260,-19.0,21.0,13.0,0.0,-3.0,-49.0,-28.0,63.0,-22.0,-42.0,62.0,-24.0,-12.42,-8.0,-2.3100000000000005,11.55,-22.21,-27.96,-6.25,48.07,-2.6999999999999993,-46.25,41.5,0.08999999999999986
2025-08-11T17:40:39.360503,-35.0,19.0,61.0,29.0,24.0,-66.0,12.0,75.0,0.0,34.0,95.0,18.0,-28.42,-10.0,45.69,40.55,4.789999999999999,-44.96,33.75,60.07,19.3,29.75,74.5,42.09
2025-08-11T17:40:39.368528,-60.0,51.0,15.0,-37.0,23.0,-9.0,11.0,-38.0,-91.0,-13.0,22.0,9.0,-53.42,22.0,-0.3100000000000005,-25.45,3.789999999999999,12.04,32.75,-52.93,-71.7,-17.25,1.5,33.09
2025-08-11T17:40:39.372935,-23.0,58.0,123.0,23.0,47.0,15.0,-19.0,-7.0,-51.0,-33.0,2.0,-31.0,-16.42,29.0,107.69,34.55,27.79,36.04,2.75,-21.93,-31.7,-37.25,-18.5,-6.91
2025-08-11T17:40:39.380798,-87.0,14.0,5.0,-6.0,-32.0,-44.0,-56.0,51.0,1.0,-35.0,36.0,-77.0,-80.42,-15.0,-10.31,5.550000000000001,-51.21,-22.96,-34.25,36.07,20.3,-39.25,15.5,-52.91
2025-08-11T17:40:39.385102,7.0,16.0,65.0,-8.0,-4.0,-10.0,8.0,27.0,-39.0,-36.0,45.0,8.0,13.58,-13.0,49.69,3.5500000000000007,-23.21,11.04,29.75,12.07,-19.7,-40.25,24.5,32.09
2025-08-11T17:40:39.393084,-89.0,-14.0,54.0,-54.0,23.0,-31.0,-82.0,-15.0,-61.0,-21.0,50.0,-14.0,-82.42,-43.0,38.69,-42.45,3.789999999999999,-9.96,-60.25,-29.93,-41.7,-25.25,29.5,10.09
2025-08-11T17:40:39.397294,-69.0,6.0,-53.0,25.0,36.0,-5.0,15.0,25.0,73.0,-13.0,-21.0,-96.0,-62.42,-23.0,-68.31,36.55,16.79,16.04,36.75,10.07,92.3,-17.25,-41.5,-71.91
2025-08-11T17:40:39.405225,38.0,-12.0,-47.0,-93.0,-14.0,27.0,-18.0,10.0,21.0,41.0,25.0,-82.0,44.58,-41.0,-62.31,-81.45,-33.21,48.04,3.75,-4.93,40.3,36.75,4.5,-57.91
2025-08-11T17:40:39.409616,-19.0,28.0,-16.0,-23.0,14.0,-29.0,-3.0,1.0,-27.0,19.0,86.0,-33.0,-12.42,-1.0,-31.310000000000002,-11.45,-5.210000000000001,-7.960000000000001,18.75,-13.93,-7.699999999999999,14.75,65.5,-8.91
2025-08-11T17:40:39.417549,35.0,54.0,10.0,-38.0,72.0,-42.0,-9.0,55.0,39.0,-15.0,-15.0,-50.0,41.58,25.0,-5.3100000000000005,-26.45,52.79,-20.96,12.75,40.07,58.3,-19.25,-35.5,-25.91
2025-08-11T17:40:39.422053,-39.0,-11.0,46.0,-22.0,57.0,-18.0,-36.0,35.0,32.0,-18.0,16.0,-36.0,-32.42,-40.0,30.689999999999998,-10.45,37.79,3.039999999999999,-14.25,20.07,51.3,-22.25,-4.5,-11.91
2025-08-11T17:40:39.427810,-48.0,5.0,52.0,-44.0,53.0,54.0,-88.0,79.0,-68.0,-52.0,-6.0,-16.0,-41.42,-24.0,36.69,-32.45,33.79,75.03999999999999,-66.25,64.07,-48.7,-56.25,-26.5,8.09
2025-08-11T17:40:39.434003,-53.0,11.0,-43.0,15.0,-6.0,-31.0,-17.0,50.0,-9.0,-22.0,-24.0,4.0,-46.42,-18.0,-58.31,26.55,-25.21,-9.96,4.75,35.07,10.3,-26.25,-44.5,28.09
2025-08-11T17:40:39.438665,1.0,-36.0,86.0,-9.0,47.0,-15.0,-31.0,25.0,-56.0,7.0,-15.0,6.0,7.58,-65.0,70.69,2.5500000000000007,27.79,6.039999999999999,-9.25,10.07,-36.7,2.75,-35.5,30.09
2025-08-11T17:40:39.446598,-23.0,17.0,17.0,-4.0,-23.0,-7.0,-21.0,48.0,-18.0,0.0,-1.0,-27.0,-16.42,-12.0,1.6899999999999995,7.550000000000001,-42.21,14.04,0.75,33.07,1.3000000000000007,-4.25,-21.5,-2.91
2025-08-11T17:40:39.450556,-32.0,76.0,37.0,-7.0,33.0,-81.0,46.0,18.0,-38.0,40.0,-20.0,-85.0,-25.42,47.0,21.689999999999998,4.550000000000001,13.79,-59.96,67.75,3.0700000000000003,-18.7,35.75,-40.5,-60.91
2025-08-11T17:40:39.458629,-33.0,34.0,12.0,-41.0,36.0,-30.0,12.0,1.0,-54.0,6.0,28.0,-34.0,-26.42,5.0,-3.3100000000000005,-29.45,16.79,-8.96,33.75,-13.93,-34.7,1.75,7.5,-9.91
2025-08-11T17:40:39.462873,-102.0,95.0,19.0,0.0,44.0,-10.0,-41.0,0.0,-47.0,-50.0,20.0,-25.0,-95.42,66.0,3.6899999999999995,11.55,24.79,11.04,-19.25,-14.93,-27.7,-54.25,-0.5,-0.9100000000000001
2025-08-11T17:40:39.471105,-32.0,13.0,-22.0,-50.0,45.0,-31.0,-25.0,9.0,-7.0,-28.0,12.0,-34.0,-25.42,-16.0,-37.31,-38.45,25.79,-9.96,-3.25,-5.93,12.3,-32.25,-8.5,-9.91
2025-08-11T17:40:39.475103,27.0,83.0,28.0,-23.0,54.0,-15.0,16.0,36.0,-18.0,-10.0,-16.0,-32.0,33.58,54.0,12.69,-11.45,34.79,6.039999999999999,37.75,21.07,1.3000000000000007,-14.25,-36.5,-7.91
2025-08-11T17:40:39.484532,-54.0,8.0,35.0,7.0,36.0,19.0,-19.0,57.0,-22.0,35.0,29.0,-30.0,-47.42,-21.0,19.689999999999998,18.55,16.79,40.04,2.75,42.07,-2.6999999999999993,30.75,8.5,-5.91
