timestamp,x1,y1,z1,x2,y2,z2,x3,y3,z3,x4,y4,z4,x1_calib,y1_calib,z1_calib,x2_calib,y2_calib,z2_calib,x3_calib,y3_calib,z3_calib,x4_calib,y4_calib,z4_calib
2025-08-13T13:05:55.658525,-69.0,137.0,-60.0,49.0,11.0,68.0,5.0,45.0,-7.0,-17.0,29.0,-40.0,-43.34,46.349999999999994,-24.17,40.22,-23.54,69.17,-24.09,6.420000000000002,14.59,15.25,-29.479999999999997,-8.510000000000002
2025-08-13T13:05:55.664498,-77.0,186.0,-92.0,2.0,-29.0,-17.0,9.0,-18.0,37.0,-24.0,99.0,-8.0,-51.34,95.35,-56.17,-6.779999999999999,-63.54,-15.83,-20.09,-56.58,58.59,8.25,40.52,23.49
2025-08-13T13:05:55.670360,-74.0,85.0,-72.0,-39.0,39.0,-2.0,48.0,-6.0,-46.0,-63.0,36.0,-22.0,-48.34,-5.650000000000006,-36.17,-47.78,4.460000000000001,-0.8300000000000001,18.91,-44.58,-24.41,-30.75,-22.479999999999997,9.489999999999998
2025-08-13T13:05:55.677236,-65.0,80.0,-3.0,-105.0,132.0,-28.0,124.0,61.0,-129.0,-19.0,116.0,49.0,-39.34,-10.650000000000006,32.83,-113.78,97.46000000000001,-26.83,94.91,22.42,-107.41,13.25,57.52,80.49
2025-08-13T13:05:55.681723,62.0,44.0,1.0,51.0,-36.0,23.0,44.0,79.0,-88.0,-16.0,43.0,36.0,87.66,-46.650000000000006,36.83,42.22,-70.53999999999999,24.17,14.91,40.42,-66.41,16.25,-15.479999999999997,67.49
2025-08-13T13:05:55.685128,-26.0,68.0,-55.0,14.0,53.0,11.0,46.0,29.0,-8.0,34.0,9.0,13.0,-0.33999999999999986,-22.650000000000006,-19.17,5.220000000000001,18.46,12.17,16.91,-9.579999999999998,13.59,66.25,-49.48,44.489999999999995
2025-08-13T13:05:55.693063,35.0,24.0,-4.0,-35.0,9.0,-12.0,47.0,31.0,-56.0,26.0,41.0,-7.0,60.66,-66.65,31.83,-43.78,-25.54,-10.83,17.91,-7.579999999999998,-34.41,58.25,-17.479999999999997,24.49
2025-08-13T13:05:55.697400,22.0,62.0,-23.0,50.0,107.0,-52.0,41.0,61.0,-28.0,19.0,19.0,38.0,47.66,-28.650000000000006,12.829999999999998,41.22,72.46000000000001,-50.83,11.91,22.42,-6.41,51.25,-39.48,69.49
2025-08-13T13:05:55.705392,-57.0,54.0,-23.0,-31.0,76.0,20.0,6.0,-20.0,-21.0,56.0,66.0,-46.0,-31.34,-36.650000000000006,12.829999999999998,-39.78,41.46,21.17,-23.09,-58.58,0.5899999999999999,88.25,7.520000000000003,-14.510000000000002
2025-08-13T13:05:55.709648,-54.0,64.0,-19.0,18.0,-13.0,-16.0,39.0,61.0,-47.0,13.0,70.0,1.0,-28.34,-26.650000000000006,16.83,9.22,-47.54,-14.83,9.91,22.42,-25.41,45.25,11.520000000000003,32.489999999999995
2025-08-13T13:05:55.717710,-6.0,138.0,-31.0,59.0,-12.0,25.0,74.0,83.0,16.0,0.0,2.0,-17.0,19.66,47.349999999999994,4.829999999999998,50.22,-46.54,26.17,44.91,44.42,37.59,32.25,-56.48,14.489999999999998
2025-08-13T13:05:55.721934,-11.0,106.0,9.0,-40.0,28.0,-41.0,7.0,-43.0,-26.0,0.0,30.0,-77.0,14.66,15.349999999999994,44.83,-48.78,-6.539999999999999,-39.83,-22.09,-81.58,-4.41,32.25,-28.479999999999997,-45.510000000000005
2025-08-13T13:05:55.726082,10.0,128.0,-19.0,2.0,2.0,-1.0,121.0,40.0,22.0,38.0,26.0,0.0,35.66,37.349999999999994,16.83,-6.779999999999999,-32.54,0.16999999999999993,91.91,1.4200000000000017,43.59,70.25,-32.48,31.49
2025-08-13T13:05:55.734157,-12.0,49.0,-91.0,20.0,31.0,76.0,30.0,38.0,-48.0,29.0,58.0,-4.0,13.66,-41.650000000000006,-55.17,11.22,-3.539999999999999,77.17,0.9100000000000001,-0.5799999999999983,-26.41,61.25,-0.4799999999999969,27.49
2025-08-13T13:05:55.738300,-21.0,31.0,19.0,8.0,-24.0,6.0,54.0,-12.0,-6.0,26.0,32.0,-10.0,4.66,-59.650000000000006,54.83,-0.7799999999999994,-58.54,7.17,24.91,-50.58,15.59,58.25,-26.479999999999997,21.49
2025-08-13T13:05:55.746534,11.0,3.0,28.0,-51.0,45.0,-18.0,-4.0,4.0,21.0,16.0,109.0,-84.0,36.66,-87.65,63.83,-59.78,10.46,-16.83,-33.09,-34.58,42.59,48.25,50.52,-52.510000000000005
2025-08-13T13:05:55.750608,6.0,45.0,-49.0,-15.0,14.0,-36.0,39.0,43.0,-5.0,-2.0,77.0,-26.0,31.66,-45.650000000000006,-13.170000000000002,-23.78,-20.54,-34.83,9.91,4.420000000000002,16.59,30.25,18.520000000000003,5.489999999999998
2025-08-13T13:05:55.758726,-94.0,121.0,-35.0,56.0,-35.0,36.0,43.0,50.0,-74.0,8.0,76.0,-52.0,-68.34,30.349999999999994,0.8299999999999983,47.22,-69.53999999999999,37.17,13.91,11.420000000000002,-52.41,40.25,17.520000000000003,-20.51
2025-08-13T13:05:55.762861,-39.0,174.0,36.0,85.0,-15.0,8.0,46.0,58.0,-16.0,36.0,87.0,-31.0,-13.34,83.35,71.83,76.22,-49.54,9.17,16.91,19.42,5.59,68.25,28.520000000000003,0.48999999999999844
2025-08-13T13:05:55.770961,-21.0,162.0,-81.0,22.0,7.0,7.0,22.0,27.0,72.0,29.0,53.0,-78.0,4.66,71.35,-45.17,13.22,-27.54,8.17,-7.09,-11.579999999999998,93.59,61.25,-5.479999999999997,-46.510000000000005
2025-08-13T13:05:55.775156,-76.0,161.0,-59.0,3.0,54.0,38.0,-18.0,52.0,-31.0,-28.0,85.0,-50.0,-50.34,70.35,-23.17,-5.779999999999999,19.46,39.17,-47.09,13.420000000000002,-9.41,4.25,26.520000000000003,-18.51
2025-08-13T13:05:55.783250,-22.0,184.0,-78.0,-13.0,18.0,57.0,26.0,76.0,6.0,11.0,47.0,-71.0,3.66,93.35,-42.17,-21.78,-16.54,58.17,-3.09,37.42,27.59,43.25,-11.479999999999997,-39.510000000000005
2025-08-13T13:05:55.787422,19.0,71.0,-95.0,51.0,58.0,-93.0,40.0,48.0,20.0,39.0,40.0,-19.0,44.66,-19.650000000000006,-59.17,42.22,23.46,-91.83,10.91,9.420000000000002,41.59,71.25,-18.479999999999997,12.489999999999998
2025-08-13T13:05:55.795535,41.0,34.0,1.0,-12.0,44.0,1.0,-34.0,-8.0,6.0,33.0,74.0,-64.0,66.66,-56.650000000000006,36.83,-20.78,9.46,2.17,-63.09,-46.58,27.59,65.25,15.520000000000003,-32.510000000000005
2025-08-13T13:05:55.799681,7.0,75.0,0.0,37.0,18.0,3.0,1.0,60.0,10.0,-41.0,87.0,-47.0,32.66,-15.650000000000006,35.83,28.22,-16.54,4.17,-28.09,21.42,31.59,-8.75,28.520000000000003,-15.510000000000002
2025-08-13T13:05:55.807794,30.0,145.0,17.0,-4.0,43.0,-44.0,2.0,61.0,-40.0,-24.0,45.0,2.0,55.66,54.349999999999994,52.83,-12.78,8.46,-42.83,-27.09,22.42,-18.41,8.25,-13.479999999999997,33.489999999999995
2025-08-13T13:05:55.812100,-57.0,79.0,-24.0,48.0,32.0,58.0,20.0,31.0,-30.0,-68.0,113.0,-18.0,-31.34,-11.650000000000006,11.829999999999998,39.22,-2.539999999999999,59.17,-9.09,-7.579999999999998,-8.41,-35.75,54.52,13.489999999999998
2025-08-13T13:05:55.820355,-51.0,136.0,-28.0,-24.0,-17.0,39.0,-25.0,76.0,15.0,-47.0,74.0,-30.0,-25.34,45.349999999999994,7.829999999999998,-32.78,-51.54,40.17,-54.09,37.42,36.59,-14.75,15.520000000000003,1.4899999999999984
2025-08-13T13:05:55.824562,-36.0,131.0,-79.0,37.0,39.0,25.0,-3.0,116.0,16.0,-32.0,53.0,-5.0,-10.34,40.349999999999994,-43.17,28.22,4.460000000000001,26.17,-32.09,77.42,37.59,0.25,-5.479999999999997,26.49
2025-08-13T13:05:55.832720,36.0,108.0,-52.0,-47.0,64.0,-23.0,23.0,14.0,-21.0,-51.0,91.0,-98.0,61.66,17.349999999999994,-16.17,-55.78,29.46,-21.83,-6.09,-24.58,0.5899999999999999,-18.75,32.52,-66.51
2025-08-13T13:05:55.836883,-19.0,67.0,-61.0,11.0,38.0,36.0,68.0,3.0,-34.0,-37.0,17.0,-35.0,6.66,-23.650000000000006,-25.17,2.2200000000000006,3.460000000000001,37.17,38.91,-35.58,-12.41,-4.75,-41.48,-3.5100000000000016
2025-08-13T13:05:55.844783,38.0,118.0,-21.0,54.0,26.0,30.0,27.0,44.0,-70.0,-25.0,52.0,-16.0,63.66,27.349999999999994,14.829999999999998,45.22,-8.54,31.17,-2.09,5.420000000000002,-48.41,7.25,-6.479999999999997,15.489999999999998
2025-08-13T13:05:55.849076,-29.0,67.0,-66.0,44.0,96.0,-15.0,37.0,15.0,20.0,22.0,-6.0,-20.0,-3.34,-23.650000000000006,-30.17,35.22,61.46,-13.83,7.91,-23.58,41.59,54.25,-64.47999999999999,11.489999999999998
2025-08-13T13:05:55.857153,-35.0,91.0,18.0,-15.0,18.0,98.0,39.0,-29.0,0.0,-30.0,2.0,-11.0,-9.34,0.3499999999999943,53.83,-23.78,-16.54,99.17,9.91,-67.58,21.59,2.25,-56.48,20.49
2025-08-13T13:05:55.861359,-45.0,187.0,26.0,-42.0,79.0,17.0,91.0,28.0,-39.0,11.0,18.0,6.0,-19.34,96.35,61.83,-50.78,44.46,18.17,61.91,-10.579999999999998,-17.41,43.25,-40.48,37.489999999999995
2025-08-13T13:05:55.869455,-103.0,139.0,-45.0,18.0,65.0,-51.0,13.0,-25.0,-18.0,-41.0,24.0,-73.0,-77.34,48.349999999999994,-9.170000000000002,9.22,30.46,-49.83,-16.09,-63.58,3.59,-8.75,-34.48,-41.510000000000005
2025-08-13T13:05:55.873660,18.0,85.0,-33.0,52.0,42.0,16.0,-21.0,114.0,-29.0,-40.0,89.0,-49.0,43.66,-5.650000000000006,2.8299999999999983,43.22,7.460000000000001,17.17,-50.09,75.42,-7.41,-7.75,30.520000000000003,-17.51
2025-08-13T13:05:55.881713,1.0,30.0,-99.0,71.0,56.0,10.0,36.0,-16.0,-31.0,-68.0,32.0,-52.0,26.66,-60.650000000000006,-63.17,62.22,21.46,11.17,6.91,-54.58,-9.41,-35.75,-26.479999999999997,-20.51
2025-08-13T13:05:55.885908,5.0,30.0,-39.0,10.0,59.0,7.0,-58.0,80.0,-46.0,-37.0,61.0,-40.0,30.66,-60.650000000000006,-3.1700000000000017,1.2200000000000006,24.46,8.17,-87.09,41.42,-24.41,-4.75,2.520000000000003,-8.510000000000002
2025-08-13T13:05:55.894101,52.0,120.0,2.0,-87.0,109.0,-28.0,74.0,38.0,-49.0,-19.0,48.0,-31.0,77.66,29.349999999999994,37.83,-95.78,74.46000000000001,-26.83,44.91,-0.5799999999999983,-27.41,13.25,-10.479999999999997,0.48999999999999844
2025-08-13T13:05:55.898290,-133.0,71.0,7.0,-52.0,74.0,-6.0,64.0,-2.0,-8.0,-58.0,42.0,-50.0,-107.34,-19.650000000000006,42.83,-60.78,39.46,-4.83,34.91,-40.58,13.59,-25.75,-16.479999999999997,-18.51
2025-08-13T13:05:55.906254,-37.0,-12.0,-26.0,13.0,55.0,-24.0,20.0,138.0,-53.0,-33.0,38.0,-43.0,-11.34,-102.65,9.829999999999998,4.220000000000001,20.46,-22.83,-9.09,99.42,-31.41,-0.75,-20.479999999999997,-11.510000000000002
2025-08-13T13:05:55.910646,-68.0,81.0,-48.0,36.0,95.0,-21.0,73.0,18.0,3.0,-56.0,49.0,-76.0,-42.34,-9.650000000000006,-12.170000000000002,27.22,60.46,-19.83,43.91,-20.58,24.59,-23.75,-9.479999999999997,-44.510000000000005
2025-08-13T13:05:55.918676,10.0,99.0,-37.0,78.0,66.0,29.0,31.0,-17.0,9.0,-19.0,7.0,-65.0,35.66,8.349999999999994,-1.1700000000000017,69.22,31.46,30.17,1.9100000000000001,-55.58,30.59,13.25,-51.48,-33.510000000000005
2025-08-13T13:05:55.922869,-82.0,135.0,-62.0,73.0,-24.0,34.0,18.0,19.0,-19.0,-110.0,-5.0,-17.0,-56.34,44.349999999999994,-26.17,64.22,-58.54,35.17,-11.09,-19.58,2.59,-77.75,-63.48,14.489999999999998
2025-08-13T13:05:55.930891,25.0,26.0,-57.0,-14.0,-3.0,4.0,36.0,28.0,-6.0,19.0,68.0,14.0,50.66,-64.65,-21.17,-22.78,-37.54,5.17,6.91,-10.579999999999998,15.59,51.25,9.520000000000003,45.489999999999995
2025-08-13T13:05:55.935386,-23.0,107.0,-62.0,7.0,59.0,9.0,29.0,69.0,-16.0,-13.0,5.0,-29.0,2.66,16.349999999999994,-26.17,-1.7799999999999994,24.46,10.17,-0.08999999999999986,30.42,5.59,19.25,-53.48,2.4899999999999984
2025-08-13T13:05:55.943424,-19.0,56.0,-110.0,-32.0,38.0,-53.0,15.0,31.0,27.0,-36.0,66.0,-13.0,6.66,-34.650000000000006,-74.17,-40.78,3.460000000000001,-51.83,-14.09,-7.579999999999998,48.59,-3.75,7.520000000000003,18.49
2025-08-13T13:05:55.947969,-13.0,65.0,-22.0,-74.0,142.0,-70.0,58.0,46.0,-44.0,-26.0,97.0,-67.0,12.66,-25.650000000000006,13.829999999999998,-82.78,107.46000000000001,-68.83,28.91,7.420000000000002,-22.41,6.25,38.52,-35.510000000000005
2025-08-13T13:05:55.955690,-40.0,57.0,55.0,85.0,40.0,-50.0,-14.0,96.0,-12.0,-52.0,50.0,-70.0,-14.34,-33.650000000000006,90.83,76.22,5.460000000000001,-48.83,-43.09,57.42,9.59,-19.75,-8.479999999999997,-38.510000000000005
2025-08-13T13:05:55.960357,-90.0,136.0,32.0,25.0,-47.0,-5.0,-37.0,8.0,-4.0,28.0,47.0,-55.0,-64.34,45.349999999999994,67.83,16.22,-81.53999999999999,-3.83,-66.09,-30.58,17.59,60.25,-11.479999999999997,-23.51
2025-08-13T13:05:55.968796,-78.0,158.0,-69.0,-37.0,44.0,16.0,24.0,15.0,-2.0,-56.0,17.0,-86.0,-52.34,67.35,-33.17,-45.78,9.46,17.17,-5.09,-23.58,19.59,-23.75,-41.48,-54.510000000000005
2025-08-13T13:05:55.972462,-8.0,166.0,-4.0,-64.0,19.0,27.0,43.0,52.0,34.0,16.0,95.0,-47.0,17.66,75.35,31.83,-72.78,-15.54,28.17,13.91,13.420000000000002,55.59,48.25,36.52,-15.510000000000002
2025-08-13T13:05:55.980233,-12.0,29.0,-60.0,-70.0,88.0,-55.0,91.0,-7.0,4.0,-30.0,47.0,-25.0,13.66,-61.650000000000006,-24.17,-78.78,53.46,-53.83,61.91,-45.58,25.59,2.25,-11.479999999999997,6.489999999999998
2025-08-13T13:05:55.984917,-15.0,39.0,-21.0,21.0,61.0,-44.0,-41.0,25.0,-31.0,-48.0,42.0,-77.0,10.66,-51.650000000000006,14.829999999999998,12.22,26.46,-42.83,-70.09,-13.579999999999998,-9.41,-15.75,-16.479999999999997,-45.510000000000005
2025-08-13T13:05:55.992536,-45.0,-11.0,-41.0,24.0,-42.0,21.0,-55.0,100.0,27.0,10.0,5.0,11.0,-19.34,-101.65,-5.170000000000002,15.22,-76.53999999999999,22.17,-84.09,61.42,48.59,42.25,-53.48,42.489999999999995
2025-08-13T13:05:55.997384,-155.0,85.0,-45.0,112.0,27.0,83.0,14.0,61.0,-25.0,-34.0,31.0,-59.0,-129.34,-5.650000000000006,-9.170000000000002,103.22,-7.539999999999999,84.17,-15.09,22.42,-3.41,-1.75,-27.479999999999997,-27.51
2025-08-13T13:05:56.005351,-26.0,130.0,-61.0,-10.0,45.0,43.0,12.0,-8.0,-35.0,-77.0,68.0,-11.0,-0.33999999999999986,39.349999999999994,-25.17,-18.78,10.46,44.17,-17.09,-46.58,-13.41,-44.75,9.520000000000003,20.49
2025-08-13T13:05:56.009296,-10.0,59.0,-82.0,-68.0,54.0,62.0,53.0,57.0,39.0,-34.0,-3.0,-54.0,15.66,-31.650000000000006,-46.17,-76.78,19.46,63.17,23.91,18.42,60.59,-1.75,-61.48,-22.51
2025-08-13T13:05:56.017740,71.0,120.0,-21.0,-50.0,37.0,10.0,53.0,34.0,-18.0,9.0,88.0,-25.0,96.66,29.349999999999994,14.829999999999998,-58.78,2.460000000000001,11.17,23.91,-4.579999999999998,3.59,41.25,29.520000000000003,6.489999999999998
2025-08-13T13:05:56.021755,-33.0,153.0,-93.0,54.0,42.0,35.0,43.0,42.0,2.0,-79.0,36.0,-53.0,-7.34,62.349999999999994,-57.17,45.22,7.460000000000001,36.17,13.91,3.4200000000000017,23.59,-46.75,-22.479999999999997,-21.51
2025-08-13T13:05:56.029638,35.0,83.0,-58.0,-45.0,-70.0,28.0,15.0,28.0,-92.0,1.0,69.0,-29.0,60.66,-7.650000000000006,-22.17,-53.78,-104.53999999999999,29.17,-14.09,-10.579999999999998,-70.41,33.25,10.520000000000003,2.4899999999999984
2025-08-13T13:05:56.034722,-93.0,102.0,-15.0,31.0,-15.0,-11.0,-10.0,20.0,-7.0,-41.0,47.0,-75.0,-67.34,11.349999999999994,20.83,22.22,-49.54,-9.83,-39.09,-18.58,14.59,-8.75,-11.479999999999997,-43.510000000000005
2025-08-13T13:05:56.042050,-53.0,107.0,-3.0,-38.0,-38.0,-1.0,70.0,89.0,-15.0,-25.0,40.0,-42.0,-27.34,16.349999999999994,32.83,-46.78,-72.53999999999999,0.16999999999999993,40.91,50.42,6.59,7.25,-18.479999999999997,-10.510000000000002
2025-08-13T13:05:56.046403,-61.0,106.0,-79.0,41.0,33.0,53.0,28.0,43.0,-10.0,-61.0,36.0,-21.0,-35.34,15.349999999999994,-43.17,32.22,-1.5399999999999991,54.17,-1.0899999999999999,4.420000000000002,11.59,-28.75,-22.479999999999997,10.489999999999998
2025-08-13T13:05:56.053942,-18.0,158.0,-123.0,55.0,35.0,-13.0,71.0,31.0,19.0,-38.0,42.0,-11.0,7.66,67.35,-87.17,46.22,0.46000000000000085,-11.83,41.91,-7.579999999999998,40.59,-5.75,-16.479999999999997,20.49
2025-08-13T13:05:56.058551,-46.0,68.0,-77.0,35.0,38.0,1.0,22.0,52.0,6.0,-84.0,34.0,15.0,-20.34,-22.650000000000006,-41.17,26.22,3.460000000000001,2.17,-7.09,13.420000000000002,27.59,-51.75,-24.479999999999997,46.489999999999995
2025-08-13T13:05:56.066147,42.0,108.0,-34.0,-4.0,1.0,-52.0,-9.0,24.0,-94.0,-17.0,93.0,-66.0,67.66,17.349999999999994,1.8299999999999983,-12.78,-33.54,-50.83,-38.09,-14.579999999999998,-72.41,15.25,34.52,-34.510000000000005
2025-08-13T13:05:56.070841,20.0,45.0,-53.0,-30.0,6.0,-8.0,-22.0,61.0,-30.0,-12.0,20.0,-93.0,45.66,-45.650000000000006,-17.17,-38.78,-28.54,-6.83,-51.09,22.42,-8.41,20.25,-38.48,-61.510000000000005
2025-08-13T13:05:56.079415,5.0,-51.0,-64.0,-12.0,79.0,49.0,49.0,25.0,-77.0,-53.0,35.0,-8.0,30.66,-141.65,-28.17,-20.78,44.46,50.17,19.91,-13.579999999999998,-55.41,-20.75,-23.479999999999997,23.49
2025-08-13T13:05:56.086014,41.0,-9.0,-112.0,-42.0,12.0,-15.0,18.0,31.0,-29.0,-12.0,29.0,-5.0,66.66,-99.65,-76.17,-50.78,-22.54,-13.83,-11.09,-7.579999999999998,-7.41,20.25,-29.479999999999997,26.49
2025-08-13T13:05:56.091097,-26.0,25.0,-87.0,14.0,64.0,-22.0,-10.0,81.0,13.0,27.0,83.0,24.0,-0.33999999999999986,-65.65,-51.17,5.220000000000001,29.46,-20.83,-39.09,42.42,34.59,59.25,24.520000000000003,55.489999999999995
2025-08-13T13:05:56.094952,-4.0,62.0,12.0,2.0,72.0,82.0,33.0,42.0,4.0,-17.0,-10.0,-9.0,21.66,-28.650000000000006,47.83,-6.779999999999999,37.46,83.17,3.91,3.4200000000000017,25.59,15.25,-68.47999999999999,22.49
2025-08-13T13:05:56.102699,23.0,118.0,16.0,17.0,74.0,-55.0,15.0,15.0,44.0,-66.0,22.0,11.0,48.66,27.349999999999994,51.83,8.22,39.46,-53.83,-14.09,-23.58,65.59,-33.75,-36.48,42.489999999999995
2025-08-13T13:05:56.107318,-87.0,36.0,12.0,12.0,62.0,-20.0,82.0,41.0,-66.0,-41.0,12.0,76.0,-61.34,-54.650000000000006,47.83,3.2200000000000006,27.46,-18.83,52.91,2.4200000000000017,-44.41,-8.75,-46.48,107.49
2025-08-13T13:05:56.114978,-55.0,83.0,26.0,30.0,-20.0,22.0,79.0,111.0,-17.0,-98.0,47.0,43.0,-29.34,-7.650000000000006,61.83,21.22,-54.54,23.17,49.91,72.42,4.59,-65.75,-11.479999999999997,74.49
2025-08-13T13:05:56.119641,-24.0,148.0,-37.0,30.0,-16.0,10.0,26.0,30.0,-38.0,-70.0,-1.0,29.0,1.6600000000000001,57.349999999999994,-1.1700000000000017,21.22,-50.54,11.17,-3.09,-8.579999999999998,-16.41,-37.75,-59.48,60.489999999999995
2025-08-13T13:05:56.127471,-34.0,104.0,-71.0,-28.0,-20.0,67.0,5.0,17.0,-37.0,-26.0,41.0,8.0,-8.34,13.349999999999994,-35.17,-36.78,-54.54,68.17,-24.09,-21.58,-15.41,6.25,-17.479999999999997,39.489999999999995
2025-08-13T13:05:56.131838,64.0,74.0,-51.0,11.0,41.0,-4.0,22.0,-42.0,-35.0,-28.0,57.0,24.0,89.66,-16.650000000000006,-15.170000000000002,2.2200000000000006,6.460000000000001,-2.83,-7.09,-80.58,-13.41,4.25,-1.4799999999999969,55.489999999999995
2025-08-13T13:05:56.139736,-26.0,60.0,-11.0,29.0,40.0,-37.0,103.0,20.0,-27.0,-53.0,10.0,29.0,-0.33999999999999986,-30.650000000000006,24.83,20.22,5.460000000000001,-35.83,73.91,-18.58,-5.41,-20.75,-48.48,60.489999999999995
2025-08-13T13:05:56.144029,-96.0,87.0,-27.0,-12.0,71.0,59.0,-8.0,39.0,34.0,-49.0,98.0,20.0,-70.34,-3.6500000000000057,8.829999999999998,-20.78,36.46,60.17,-37.09,0.4200000000000017,55.59,-16.75,39.52,51.489999999999995
2025-08-13T13:05:56.152031,-60.0,168.0,-11.0,-6.0,-7.0,44.0,11.0,47.0,8.0,-37.0,41.0,53.0,-34.34,77.35,24.83,-14.78,-41.54,45.17,-18.09,8.420000000000002,29.59,-4.75,-17.479999999999997,84.49
2025-08-13T13:05:56.156420,-45.0,103.0,-109.0,-31.0,13.0,52.0,54.0,-29.0,31.0,-37.0,48.0,68.0,-19.34,12.349999999999994,-73.17,-39.78,-21.54,53.17,24.91,-67.58,52.59,-4.75,-10.479999999999997,99.49
2025-08-13T13:05:56.164280,-24.0,76.0,-129.0,-1.0,-12.0,17.0,84.0,-15.0,-41.0,-13.0,89.0,80.0,1.6600000000000001,-14.650000000000006,-93.17,-9.78,-46.54,18.17,54.91,-53.58,-19.41,19.25,30.520000000000003,111.49
2025-08-13T13:05:56.169009,3.0,83.0,-103.0,15.0,27.0,-83.0,50.0,27.0,3.0,7.0,55.0,49.0,28.66,-7.650000000000006,-67.17,6.220000000000001,-7.539999999999999,-81.83,20.91,-11.579999999999998,24.59,39.25,-3.479999999999997,80.49
2025-08-13T13:05:56.176530,18.0,31.0,-39.0,-40.0,67.0,34.0,25.0,-31.0,13.0,19.0,9.0,-3.0,43.66,-59.650000000000006,-3.1700000000000017,-48.78,32.46,35.17,-4.09,-69.58,34.59,51.25,-49.48,28.49
2025-08-13T13:05:56.181347,-57.0,57.0,-2.0,-2.0,52.0,-76.0,59.0,53.0,-66.0,-42.0,59.0,11.0,-31.34,-33.650000000000006,33.83,-10.78,17.46,-74.83,29.91,14.420000000000002,-44.41,-9.75,0.5200000000000031,42.489999999999995
2025-08-13T13:05:56.188699,43.0,52.0,8.0,-2.0,-55.0,19.0,47.0,49.0,-12.0,-30.0,-21.0,26.0,68.66,-38.650000000000006,43.83,-10.78,-89.53999999999999,20.17,17.91,10.420000000000002,9.59,2.25,-79.47999999999999,57.489999999999995
2025-08-13T13:05:56.193402,-61.0,51.0,-16.0,-8.0,2.0,-8.0,-54.0,-20.0,5.0,-20.0,-57.0,33.0,-35.34,-39.650000000000006,19.83,-16.78,-32.54,-6.83,-83.09,-58.58,26.59,12.25,-115.47999999999999,64.49
2025-08-13T13:05:56.197488,-92.0,116.0,-6.0,31.0,38.0,48.0,-43.0,66.0,-12.0,35.0,-35.0,-5.0,-66.34,25.349999999999994,29.83,22.22,3.460000000000001,49.17,-72.09,27.42,9.59,67.25,-93.47999999999999,26.49
2025-08-13T13:05:56.205580,-12.0,93.0,26.0,-19.0,11.0,-38.0,19.0,51.0,35.0,68.0,-46.0,41.0,13.66,2.3499999999999943,61.83,-27.78,-23.54,-36.83,-10.09,12.420000000000002,56.59,100.25,-104.47999999999999,72.49
2025-08-13T13:05:56.209866,-57.0,144.0,-6.0,-66.0,51.0,3.0,-28.0,25.0,25.0,21.0,-43.0,18.0,-31.34,53.349999999999994,29.83,-74.78,16.46,4.17,-57.09,-13.579999999999998,46.59,53.25,-101.47999999999999,49.489999999999995
2025-08-13T13:05:56.217794,-42.0,153.0,-28.0,-22.0,42.0,1.0,-66.0,91.0,-32.0,-30.0,3.0,57.0,-16.34,62.349999999999994,7.829999999999998,-30.78,7.460000000000001,2.17,-95.09,52.42,-10.41,2.25,-55.48,88.49
2025-08-13T13:05:56.222328,24.0,110.0,-32.0,6.0,26.0,-24.0,14.0,88.0,-2.0,9.0,39.0,51.0,49.66,19.349999999999994,3.8299999999999983,-2.7799999999999994,-8.54,-22.83,-15.09,49.42,19.59,41.25,-19.479999999999997,82.49
2025-08-13T13:05:56.229884,42.0,51.0,-33.0,23.0,82.0,-10.0,22.0,72.0,6.0,22.0,-6.0,68.0,67.66,-39.650000000000006,2.8299999999999983,14.22,47.46,-8.83,-7.09,33.42,27.59,54.25,-64.47999999999999,99.49
2025-08-13T13:05:56.234560,17.0,86.0,1.0,27.0,36.0,-34.0,-15.0,-28.0,-55.0,-67.0,17.0,3.0,42.66,-4.650000000000006,36.83,18.22,1.4600000000000009,-32.83,-44.09,-66.58,-33.41,-34.75,-41.48,34.489999999999995
2025-08-13T13:05:56.242112,-36.0,31.0,16.0,47.0,60.0,-32.0,66.0,10.0,-66.0,14.0,30.0,48.0,-10.34,-59.650000000000006,51.83,38.22,25.46,-30.83,36.91,-28.58,-44.41,46.25,-28.479999999999997,79.49
2025-08-13T13:05:56.246355,-56.0,153.0,-52.0,4.0,-32.0,-1.0,11.0,-13.0,-82.0,72.0,-33.0,6.0,-30.34,62.349999999999994,-16.17,-4.779999999999999,-66.53999999999999,0.16999999999999993,-18.09,-51.58,-60.41,104.25,-91.47999999999999,37.489999999999995
2025-08-13T13:05:56.254534,-85.0,183.0,13.0,-26.0,22.0,33.0,20.0,90.0,-53.0,35.0,35.0,-5.0,-59.34,92.35,48.83,-34.78,-12.54,34.17,-9.09,51.42,-31.41,67.25,-23.479999999999997,26.49
2025-08-13T13:05:56.258980,-28.0,139.0,-121.0,-58.0,35.0,37.0,40.0,59.0,-78.0,35.0,5.0,30.0,-2.34,48.349999999999994,-85.17,-66.78,0.46000000000000085,38.17,10.91,20.42,-56.41,67.25,-53.48,61.489999999999995
2025-08-13T13:05:56.266772,53.0,115.0,-109.0,-57.0,43.0,-42.0,-54.0,-25.0,-36.0,58.0,10.0,28.0,78.66,24.349999999999994,-73.17,-65.78,8.46,-40.83,-83.09,-63.58,-14.41,90.25,-48.48,59.489999999999995
2025-08-13T13:05:56.271249,-18.0,113.0,-48.0,125.0,131.0,-17.0,92.0,-4.0,-6.0,58.0,-17.0,133.0,7.66,22.349999999999994,-12.170000000000002,116.22,96.46000000000001,-15.83,62.91,-42.58,15.59,90.25,-75.47999999999999,164.49
2025-08-13T13:05:56.278985,20.0,80.0,-5.0,65.0,-25.0,-10.0,35.0,57.0,40.0,-28.0,-24.0,-15.0,45.66,-10.650000000000006,30.83,56.22,-59.54,-8.83,5.91,18.42,61.59,4.25,-82.47999999999999,16.49
2025-08-13T13:05:56.283115,-40.0,-2.0,-5.0,19.0,51.0,29.0,33.0,55.0,40.0,1.0,-23.0,34.0,-14.34,-92.65,30.83,10.22,16.46,30.17,3.91,16.42,61.59,33.25,-81.47999999999999,65.49
2025-08-13T13:05:56.291263,-50.0,69.0,-69.0,34.0,58.0,16.0,-22.0,22.0,-59.0,2.0,-3.0,27.0,-24.34,-21.650000000000006,-33.17,25.22,23.46,17.17,-51.09,-16.58,-37.41,34.25,-61.48,58.489999999999995
2025-08-13T13:05:56.295409,-42.0,75.0,-20.0,-33.0,85.0,44.0,40.0,83.0,5.0,2.0,4.0,-12.0,-16.34,-15.650000000000006,15.829999999999998,-41.78,50.46,45.17,10.91,44.42,26.59,34.25,-54.48,19.49
2025-08-13T13:05:56.303525,20.0,80.0,7.0,0.0,51.0,14.0,58.0,51.0,-25.0,56.0,-14.0,87.0,45.66,-10.650000000000006,42.83,-8.78,16.46,15.17,28.91,12.420000000000002,-3.41,88.25,-72.47999999999999,118.49
2025-08-13T13:05:56.307789,-78.0,30.0,3.0,27.0,39.0,-16.0,85.0,122.0,21.0,38.0,9.0,-11.0,-52.34,-60.650000000000006,38.83,18.22,4.460000000000001,-14.83,55.91,83.42,42.59,70.25,-49.48,20.49
2025-08-13T13:05:56.315862,-138.0,171.0,-34.0,30.0,33.0,25.0,32.0,61.0,-49.0,6.0,-27.0,-7.0,-112.34,80.35,1.8299999999999983,21.22,-1.5399999999999991,26.17,2.91,22.42,-27.41,38.25,-85.47999999999999,24.49
2025-08-13T13:05:56.320041,-35.0,186.0,-23.0,24.0,79.0,-45.0,72.0,67.0,-22.0,-9.0,20.0,39.0,-9.34,95.35,12.829999999999998,15.22,44.46,-43.83,42.91,28.42,-0.41000000000000014,23.25,-38.48,70.49
2025-08-13T13:05:56.328217,-29.0,100.0,-113.0,-17.0,26.0,-5.0,24.0,99.0,-25.0,-34.0,-1.0,4.0,-3.34,9.349999999999994,-77.17,-25.78,-8.54,-3.83,-5.09,60.42,-3.41,-1.75,-59.48,35.489999999999995
2025-08-13T13:05:56.332708,61.0,68.0,-89.0,26.0,42.0,-48.0,83.0,42.0,-58.0,6.0,-4.0,10.0,86.66,-22.650000000000006,-53.17,17.22,7.460000000000001,-46.83,53.91,3.4200000000000017,-36.41,38.25,-62.48,41.489999999999995
2025-08-13T13:05:56.340538,62.0,28.0,-67.0,-20.0,-32.0,-18.0,-9.0,19.0,80.0,41.0,19.0,5.0,87.66,-62.650000000000006,-31.17,-28.78,-66.53999999999999,-16.83,-38.09,-19.58,101.59,73.25,-39.48,36.489999999999995
2025-08-13T13:05:56.345041,9.0,17.0,-58.0,-49.0,40.0,-18.0,-48.0,103.0,-65.0,91.0,10.0,52.0,34.66,-73.65,-22.17,-57.78,5.460000000000001,-16.83,-77.09,64.42,-43.41,123.25,-48.48,83.49
2025-08-13T13:05:56.352877,8.0,47.0,-25.0,-44.0,116.0,25.0,82.0,70.0,38.0,28.0,-43.0,36.0,33.66,-43.650000000000006,10.829999999999998,-52.78,81.46000000000001,26.17,52.91,31.42,59.59,60.25,-101.47999999999999,67.49
2025-08-13T13:05:56.357480,-9.0,38.0,-9.0,-31.0,58.0,-25.0,66.0,89.0,-39.0,44.0,-7.0,60.0,16.66,-52.650000000000006,26.83,-39.78,23.46,-23.83,36.91,50.42,-17.41,76.25,-65.47999999999999,91.49
2025-08-13T13:05:56.365062,-83.0,93.0,21.0,73.0,51.0,-2.0,102.0,-20.0,-53.0,7.0,0.0,4.0,-57.34,2.3499999999999943,56.83,64.22,16.46,-0.8300000000000001,72.91,-58.58,-31.41,39.25,-58.48,35.489999999999995
2025-08-13T13:05:56.370390,-80.0,41.0,39.0,18.0,52.0,-13.0,22.0,51.0,-4.0,20.0,14.0,-41.0,-54.34,-49.650000000000006,74.83,9.22,17.46,-11.83,-7.09,12.420000000000002,17.59,52.25,-44.48,-9.510000000000002
2025-08-13T13:05:56.377590,-77.0,78.0,-72.0,42.0,28.0,-53.0,65.0,86.0,-94.0,-8.0,31.0,77.0,-51.34,-12.650000000000006,-36.17,33.22,-6.539999999999999,-51.83,35.91,47.42,-72.41,24.25,-27.479999999999997,108.49
2025-08-13T13:05:56.382890,-78.0,117.0,-63.0,10.0,17.0,77.0,74.0,10.0,-39.0,70.0,-7.0,51.0,-52.34,26.349999999999994,-27.17,1.2200000000000006,-17.54,78.17,44.91,-28.58,-17.41,102.25,-65.47999999999999,82.49
2025-08-13T13:05:56.389745,19.0,178.0,-36.0,-23.0,39.0,6.0,16.0,71.0,-11.0,97.0,18.0,27.0,44.66,87.35,-0.1700000000000017,-31.78,4.460000000000001,7.17,-13.09,32.42,10.59,129.25,-40.48,58.489999999999995
2025-08-13T13:05:56.395067,-56.0,7.0,-17.0,42.0,42.0,-26.0,-7.0,8.0,28.0,1.0,41.0,-44.0,-30.34,-83.65,18.83,33.22,7.460000000000001,-24.83,-36.09,-30.58,49.59,33.25,-17.479999999999997,-12.510000000000002
2025-08-13T13:05:56.401889,10.0,78.0,-69.0,18.0,90.0,-31.0,83.0,12.0,-26.0,21.0,-11.0,-12.0,35.66,-12.650000000000006,-33.17,9.22,55.46,-29.83,53.91,-26.58,-4.41,53.25,-69.47999999999999,19.49
2025-08-13T13:05:56.406470,24.0,83.0,-27.0,22.0,67.0,21.0,5.0,34.0,35.0,15.0,7.0,35.0,49.66,-7.650000000000006,8.829999999999998,13.22,32.46,22.17,-24.09,-4.579999999999998,56.59,47.25,-51.48,66.49
2025-08-13T13:05:56.414153,-108.0,17.0,-55.0,9.0,4.0,-31.0,59.0,-1.0,-23.0,20.0,49.0,30.0,-82.34,-73.65,-19.17,0.22000000000000064,-30.54,-29.83,29.91,-39.58,-1.4100000000000001,52.25,-9.479999999999997,61.489999999999995
2025-08-13T13:05:56.418789,-63.0,142.0,21.0,85.0,67.0,-8.0,80.0,110.0,-13.0,30.0,-26.0,57.0,-37.34,51.349999999999994,56.83,76.22,32.46,-6.83,50.91,71.42,8.59,62.25,-84.47999999999999,88.49
2025-08-13T13:05:56.426638,-51.0,178.0,-99.0,25.0,31.0,-13.0,11.0,-6.0,-33.0,7.0,10.0,8.0,-25.34,87.35,-63.17,16.22,-3.539999999999999,-11.83,-18.09,-44.58,-11.41,39.25,-48.48,39.489999999999995
2025-08-13T13:05:56.430967,-85.0,128.0,-62.0,58.0,75.0,37.0,42.0,55.0,-42.0,-35.0,-16.0,61.0,-59.34,37.349999999999994,-26.17,49.22,40.46,38.17,12.91,16.42,-20.41,-2.75,-74.47999999999999,92.49
2025-08-13T13:05:56.438757,3.0,91.0,-66.0,0.0,-16.0,-26.0,3.0,10.0,-56.0,57.0,-9.0,-2.0,28.66,0.3499999999999943,-30.17,-8.78,-50.54,-24.83,-26.09,-28.58,-34.41,89.25,-67.47999999999999,29.49
2025-08-13T13:05:56.443344,64.0,118.0,-43.0,-57.0,99.0,-13.0,17.0,38.0,-19.0,31.0,-17.0,-73.0,89.66,27.349999999999994,-7.170000000000002,-65.78,64.46000000000001,-11.83,-12.09,-0.5799999999999983,2.59,63.25,-75.47999999999999,-41.510000000000005
2025-08-13T13:05:56.451277,26.0,71.0,-71.0,-31.0,50.0,24.0,25.0,21.0,16.0,-16.0,-45.0,-2.0,51.66,-19.650000000000006,-35.17,-39.78,15.46,25.17,-4.09,-17.58,37.59,16.25,-103.47999999999999,29.49
2025-08-13T13:05:56.456064,-13.0,58.0,-137.0,13.0,-28.0,-19.0,-13.0,47.0,-48.0,31.0,24.0,-65.0,12.66,-32.650000000000006,-101.17,4.220000000000001,-62.54,-17.83,-42.09,8.420000000000002,-26.41,63.25,-34.48,-33.510000000000005
2025-08-13T13:05:56.463318,-46.0,-15.0,28.0,58.0,34.0,-28.0,30.0,42.0,-53.0,67.0,67.0,-64.0,-20.34,-105.65,63.83,49.22,-0.5399999999999991,-26.83,0.9100000000000001,3.4200000000000017,-31.41,99.25,8.520000000000003,-32.510000000000005
2025-08-13T13:05:56.468061,-41.0,43.0,77.0,-9.0,25.0,12.0,-60.0,13.0,-61.0,60.0,-21.0,-15.0,-15.34,-47.650000000000006,112.83,-17.78,-9.54,13.17,-89.09,-25.58,-39.41,92.25,-79.47999999999999,16.49
2025-08-13T13:05:56.475580,-94.0,88.0,24.0,-8.0,59.0,-16.0,88.0,71.0,-36.0,31.0,-38.0,-63.0,-68.34,-2.6500000000000057,59.83,-16.78,24.46,-14.83,58.91,32.42,-14.41,63.25,-96.47999999999999,-31.51
2025-08-13T13:05:56.480240,-11.0,98.0,-40.0,-18.0,6.0,1.0,-34.0,30.0,29.0,34.0,-30.0,-23.0,14.66,7.349999999999994,-4.170000000000002,-26.78,-28.54,2.17,-63.09,-8.579999999999998,50.59,66.25,-88.47999999999999,8.489999999999998
2025-08-13T13:05:56.488301,-135.0,115.0,-72.0,6.0,114.0,0.0,55.0,-18.0,-67.0,34.0,-23.0,-52.0,-109.34,24.349999999999994,-36.17,-2.7799999999999994,79.46000000000001,1.17,25.91,-56.58,-45.41,66.25,-81.47999999999999,-20.51
2025-08-13T13:05:56.493597,-4.0,173.0,-74.0,42.0,47.0,-31.0,51.0,56.0,-40.0,78.0,25.0,-60.0,21.66,82.35,-38.17,33.22,12.46,-29.83,21.91,17.42,-18.41,110.25,-33.48,-28.51
2025-08-13T13:05:56.498053,2.0,22.0,-1.0,-12.0,8.0,11.0,45.0,82.0,-23.0,15.0,1.0,-98.0,27.66,-68.65,34.83,-20.78,-26.54,12.17,15.91,43.42,-1.4100000000000001,47.25,-57.48,-66.51
2025-08-13T13:05:56.504751,-16.0,79.0,-90.0,15.0,1.0,-10.0,-8.0,13.0,-24.0,69.0,169.0,-80.0,9.66,-11.650000000000006,-54.17,6.220000000000001,-33.54,-8.83,-37.09,-25.58,-2.41,101.25,110.52000000000001,-48.510000000000005
2025-08-13T13:05:56.510718,13.0,90.0,-75.0,-68.0,-51.0,-22.0,54.0,6.0,-47.0,-16.0,40.0,-4.0,38.66,-0.6500000000000057,-39.17,-76.78,-85.53999999999999,-20.83,24.91,-32.58,-25.41,16.25,-18.479999999999997,27.49
2025-08-13T13:05:56.516905,37.0,90.0,-91.0,21.0,89.0,12.0,57.0,60.0,-70.0,23.0,94.0,-55.0,62.66,-0.6500000000000057,-55.17,12.22,54.46,13.17,27.91,21.42,-48.41,55.25,35.52,-23.51
2025-08-13T13:05:56.523907,-40.0,38.0,41.0,-36.0,72.0,-6.0,124.0,-10.0,-3.0,67.0,110.0,-46.0,-14.34,-52.650000000000006,76.83,-44.78,37.46,-4.83,94.91,-48.58,18.59,99.25,51.52,-14.510000000000002
2025-08-13T13:05:56.530137,-32.0,49.0,19.0,35.0,83.0,-58.0,5.0,80.0,15.0,25.0,44.0,-79.0,-6.34,-41.650000000000006,54.83,26.22,48.46,-56.83,-24.09,41.42,36.59,57.25,-14.479999999999997,-47.510000000000005
2025-08-13T13:05:56.534343,-53.0,1.0,-11.0,61.0,22.0,-11.0,6.0,47.0,-42.0,-23.0,96.0,-23.0,-27.34,-89.65,24.83,52.22,-12.54,-9.83,-23.09,8.420000000000002,-20.41,9.25,37.52,8.489999999999998
2025-08-13T13:05:56.541357,-130.0,90.0,-11.0,-41.0,0.0,54.0,69.0,4.0,-3.0,57.0,77.0,-36.0,-104.34,-0.6500000000000057,24.83,-49.78,-34.54,55.17,39.91,-34.58,18.59,89.25,18.520000000000003,-4.510000000000002
2025-08-13T13:05:56.546026,-26.0,210.0,-35.0,2.0,-34.0,23.0,22.0,99.0,21.0,0.0,115.0,-57.0,-0.33999999999999986,119.35,0.8299999999999983,-6.779999999999999,-68.53999999999999,24.17,-7.09,60.42,42.59,32.25,56.52,-25.51
2025-08-13T13:05:56.553698,-57.0,152.0,-30.0,11.0,77.0,120.0,15.0,8.0,-68.0,-56.0,72.0,-25.0,-31.34,61.349999999999994,5.829999999999998,2.2200000000000006,42.46,121.17,-14.09,-30.58,-46.41,-23.75,13.520000000000003,6.489999999999998
2025-08-13T13:05:56.557785,-2.0,88.0,-63.0,-1.0,103.0,-42.0,10.0,70.0,-21.0,52.0,44.0,-77.0,23.66,-2.6500000000000057,-27.17,-9.78,68.46000000000001,-40.83,-19.09,31.42,0.5899999999999999,84.25,-14.479999999999997,-45.510000000000005
2025-08-13T13:05:56.565840,43.0,35.0,14.0,-19.0,64.0,3.0,3.0,62.0,-9.0,-3.0,51.0,21.0,68.66,-55.650000000000006,49.83,-27.78,29.46,4.17,-26.09,23.42,12.59,29.25,-7.479999999999997,52.489999999999995
2025-08-13T13:05:56.570071,-20.0,-2.0,9.0,112.0,52.0,-9.0,60.0,41.0,-3.0,-22.0,62.0,-27.0,5.66,-92.65,44.83,103.22,17.46,-7.83,30.91,2.4200000000000017,18.59,10.25,3.520000000000003,4.489999999999998
2025-08-13T13:05:56.578193,1.0,39.0,49.0,64.0,-17.0,-39.0,-1.0,84.0,12.0,-23.0,32.0,-20.0,26.66,-51.650000000000006,84.83,55.22,-51.54,-37.83,-30.09,45.42,33.59,9.25,-26.479999999999997,11.489999999999998
2025-08-13T13:05:56.582574,-31.0,30.0,-23.0,6.0,-12.0,49.0,-5.0,-14.0,-30.0,-38.0,34.0,18.0,-5.34,-60.650000000000006,12.829999999999998,-2.7799999999999994,-46.54,50.17,-34.09,-52.58,-8.41,-5.75,-24.479999999999997,49.489999999999995
2025-08-13T13:05:56.590488,-56.0,211.0,30.0,-7.0,-39.0,6.0,48.0,-56.0,-25.0,-88.0,125.0,-9.0,-30.34,120.35,65.83,-15.78,-73.53999999999999,7.17,18.91,-94.58,-3.41,-55.75,66.52000000000001,22.49
2025-08-13T13:05:56.595297,-48.0,131.0,22.0,-99.0,-9.0,-25.0,-28.0,61.0,-32.0,-1.0,22.0,-48.0,-22.34,40.349999999999994,57.83,-107.78,-43.54,-23.83,-57.09,22.42,-10.41,31.25,-36.48,-16.51
2025-08-13T13:05:56.602623,-9.0,94.0,-138.0,-49.0,32.0,25.0,11.0,30.0,-18.0,-25.0,66.0,-130.0,16.66,3.3499999999999943,-102.17,-57.78,-2.539999999999999,26.17,-18.09,-8.579999999999998,3.59,7.25,7.520000000000003,-98.51
2025-08-13T13:05:56.606934,25.0,33.0,-96.0,56.0,72.0,-55.0,62.0,83.0,-41.0,-20.0,55.0,-31.0,50.66,-57.650000000000006,-60.17,47.22,37.46,-53.83,32.91,44.42,-19.41,12.25,-3.479999999999997,0.48999999999999844
2025-08-13T13:05:56.614877,5.0,63.0,-7.0,27.0,66.0,69.0,62.0,-11.0,-90.0,0.0,42.0,3.0,30.66,-27.650000000000006,28.83,18.22,31.46,70.17,32.91,-49.58,-68.41,32.25,-16.479999999999997,34.489999999999995
2025-08-13T13:05:56.619284,8.0,75.0,-5.0,72.0,43.0,-38.0,42.0,114.0,24.0,-2.0,61.0,32.0,33.66,-15.650000000000006,30.83,63.22,8.46,-36.83,12.91,75.42,45.59,30.25,2.520000000000003,63.489999999999995
2025-08-13T13:05:56.627247,-41.0,72.0,-6.0,27.0,59.0,-7.0,96.0,17.0,-15.0,-62.0,50.0,6.0,-15.34,-18.650000000000006,29.83,18.22,24.46,-5.83,66.91,-21.58,6.59,-29.75,-8.479999999999997,37.489999999999995
2025-08-13T13:05:56.631607,-80.0,58.0,35.0,16.0,-9.0,74.0,50.0,83.0,-70.0,-69.0,35.0,42.0,-54.34,-32.650000000000006,70.83,7.220000000000001,-43.54,75.17,20.91,44.42,-48.41,-36.75,-23.479999999999997,73.49
2025-08-13T13:05:56.639529,7.0,94.0,-12.0,7.0,90.0,12.0,46.0,71.0,-26.0,-6.0,58.0,-50.0,32.66,3.3499999999999943,23.83,-1.7799999999999994,55.46,13.17,16.91,32.42,-4.41,26.25,-0.4799999999999969,-18.51
2025-08-13T13:05:56.643923,-55.0,102.0,-42.0,7.0,38.0,-31.0,54.0,45.0,-61.0,-14.0,49.0,5.0,-29.34,11.349999999999994,-6.170000000000002,-1.7799999999999994,3.460000000000001,-29.83,24.91,6.420000000000002,-39.41,18.25,-9.479999999999997,36.489999999999995
2025-08-13T13:05:56.651710,-14.0,118.0,1.0,6.0,20.0,-77.0,95.0,51.0,-39.0,-59.0,11.0,4.0,11.66,27.349999999999994,36.83,-2.7799999999999994,-14.54,-75.83,65.91,12.420000000000002,-17.41,-26.75,-47.48,35.489999999999995
2025-08-13T13:05:56.656030,-65.0,119.0,26.0,-25.0,88.0,39.0,45.0,34.0,-95.0,87.0,28.0,-3.0,-39.34,28.349999999999994,61.83,-33.78,53.46,40.17,15.91,-4.579999999999998,-73.41,119.25,-30.479999999999997,28.49
2025-08-13T13:05:56.664072,-45.0,163.0,-68.0,46.0,-6.0,8.0,36.0,33.0,-48.0,-100.0,17.0,-1.0,-19.34,72.35,-32.17,37.22,-40.54,9.17,6.91,-5.579999999999998,-26.41,-67.75,-41.48,30.49
2025-08-13T13:05:56.668456,-45.0,91.0,-94.0,-28.0,16.0,42.0,16.0,18.0,-2.0,-48.0,12.0,-2.0,-19.34,0.3499999999999943,-58.17,-36.78,-18.54,43.17,-13.09,-20.58,19.59,-15.75,-46.48,29.49
2025-08-13T13:05:56.676370,-15.0,89.0,-98.0,48.0,18.0,-39.0,58.0,43.0,-18.0,82.0,-32.0,40.0,10.66,-1.6500000000000057,-62.17,39.22,-16.54,-37.83,28.91,4.420000000000002,3.59,114.25,-90.47999999999999,71.49
2025-08-13T13:05:56.680711,-42.0,46.0,-71.0,-25.0,40.0,-57.0,-11.0,61.0,-62.0,17.0,-1.0,26.0,-16.34,-44.650000000000006,-35.17,-33.78,5.460000000000001,-55.83,-40.09,22.42,-40.41,49.25,-59.48,57.489999999999995
2025-08-13T13:05:56.684864,-22.0,55.0,13.0,40.0,32.0,0.0,102.0,53.0,-13.0,29.0,14.0,-25.0,3.66,-35.650000000000006,48.83,31.22,-2.539999999999999,1.17,72.91,14.420000000000002,8.59,61.25,-44.48,6.489999999999998
2025-08-13T13:05:56.692805,4.0,56.0,-17.0,84.0,7.0,35.0,42.0,29.0,-52.0,8.0,17.0,-8.0,29.66,-34.650000000000006,18.83,75.22,-27.54,36.17,12.91,-9.579999999999998,-30.41,40.25,-41.48,23.49
2025-08-13T13:05:56.700768,-84.0,114.0,-28.0,-17.0,-14.0,-58.0,81.0,27.0,-5.0,-38.0,-1.0,0.0,-58.34,23.349999999999994,7.829999999999998,-25.78,-48.54,-56.83,51.91,-11.579999999999998,16.59,-5.75,-59.48,31.49
2025-08-13T13:05:56.705101,-46.0,134.0,7.0,51.0,-31.0,-55.0,93.0,16.0,-36.0,8.0,34.0,-17.0,-20.34,43.349999999999994,42.83,42.22,-65.53999999999999,-53.83,63.91,-22.58,-14.41,40.25,-24.479999999999997,14.489999999999998
2025-08-13T13:05:56.709309,-32.0,203.0,-73.0,-112.0,1.0,17.0,42.0,33.0,-59.0,11.0,78.0,17.0,-6.34,112.35,-37.17,-120.78,-33.54,18.17,12.91,-5.579999999999998,-37.41,43.25,19.520000000000003,48.489999999999995
2025-08-13T13:05:56.717571,42.0,154.0,-64.0,-12.0,83.0,31.0,71.0,-17.0,-48.0,-17.0,19.0,11.0,67.66,63.349999999999994,-28.17,-20.78,48.46,32.17,41.91,-55.58,-26.41,15.25,-39.48,42.489999999999995
2025-08-13T13:05:56.722575,48.0,96.0,-34.0,-2.0,11.0,-2.0,27.0,-39.0,6.0,-40.0,34.0,-42.0,73.66,5.349999999999994,1.8299999999999983,-10.78,-23.54,-0.8300000000000001,-2.09,-77.58,27.59,-7.75,-24.479999999999997,-10.510000000000002
2025-08-13T13:05:56.729562,-23.0,46.0,-68.0,-14.0,49.0,-16.0,19.0,-4.0,24.0,43.0,21.0,7.0,2.66,-44.650000000000006,-32.17,-22.78,14.46,-14.83,-10.09,-42.58,45.59,75.25,-37.48,38.489999999999995
2025-08-13T13:05:56.733909,-27.0,26.0,-40.0,46.0,59.0,-23.0,64.0,-27.0,-59.0,85.0,7.0,-14.0,-1.3399999999999999,-64.65,-4.170000000000002,37.22,24.46,-21.83,34.91,-65.58,-37.41,117.25,-51.48,17.49
2025-08-13T13:05:56.741949,-55.0,-1.0,9.0,-1.0,27.0,-30.0,65.0,37.0,0.0,33.0,68.0,21.0,-29.34,-91.65,44.83,-9.78,-7.539999999999999,-28.83,35.91,-1.5799999999999983,21.59,65.25,9.520000000000003,52.489999999999995
2025-08-13T13:05:56.747018,-96.0,123.0,-89.0,2.0,34.0,-18.0,86.0,49.0,-49.0,38.0,-13.0,25.0,-70.34,32.349999999999994,-53.17,-6.779999999999999,-0.5399999999999991,-16.83,56.91,10.420000000000002,-27.41,70.25,-71.47999999999999,56.489999999999995
2025-08-13T13:05:56.754477,-62.0,165.0,-54.0,16.0,-31.0,46.0,-40.0,18.0,-5.0,-61.0,9.0,64.0,-36.34,74.35,-18.17,7.220000000000001,-65.53999999999999,47.17,-69.09,-20.58,16.59,-28.75,-49.48,95.49
2025-08-13T13:05:56.759632,-59.0,117.0,-47.0,-38.0,35.0,18.0,82.0,20.0,8.0,56.0,74.0,-18.0,-33.34,26.349999999999994,-11.170000000000002,-46.78,0.46000000000000085,19.17,52.91,-18.58,29.59,88.25,15.520000000000003,13.489999999999998
2025-08-13T13:05:56.766587,-20.0,81.0,-76.0,8.0,20.0,39.0,77.0,35.0,-28.0,55.0,-19.0,53.0,5.66,-9.650000000000006,-40.17,-0.7799999999999994,-14.54,40.17,47.91,-3.5799999999999983,-6.41,87.25,-77.47999999999999,84.49
2025-08-13T13:05:56.771030,-14.0,124.0,-61.0,-11.0,43.0,-90.0,1.0,46.0,17.0,68.0,29.0,56.0,11.66,33.349999999999994,-25.17,-19.78,8.46,-88.83,-28.09,7.420000000000002,38.59,100.25,-29.479999999999997,87.49
2025-08-13T13:05:56.778881,-1.0,68.0,-23.0,-2.0,94.0,-31.0,-14.0,103.0,-27.0,33.0,-10.0,47.0,24.66,-22.650000000000006,12.829999999999998,-10.78,59.46,-29.83,-43.09,64.42,-5.41,65.25,-68.47999999999999,78.49
2025-08-13T13:05:56.783209,-61.0,81.0,-15.0,-12.0,34.0,-4.0,3.0,55.0,-14.0,-68.0,51.0,33.0,-35.34,-9.650000000000006,20.83,-20.78,-0.5399999999999991,-2.83,-26.09,16.42,7.59,-35.75,-7.479999999999997,64.49
2025-08-13T13:05:56.791181,-6.0,102.0,-44.0,55.0,-10.0,7.0,61.0,71.0,-42.0,26.0,-40.0,12.0,19.66,11.349999999999994,-8.170000000000002,46.22,-44.54,8.17,31.91,32.42,-20.41,58.25,-98.47999999999999,43.489999999999995
2025-08-13T13:05:56.797428,-62.0,127.0,-163.0,28.0,58.0,7.0,-29.0,60.0,-33.0,65.0,-20.0,11.0,-36.34,36.349999999999994,-127.17,19.22,23.46,8.17,-58.09,21.42,-11.41,97.25,-78.47999999999999,42.489999999999995
2025-08-13T13:05:56.803544,6.0,107.0,-72.0,-43.0,83.0,4.0,-17.0,147.0,-75.0,13.0,30.0,13.0,31.66,16.349999999999994,-36.17,-51.78,48.46,5.17,-46.09,108.42,-53.41,45.25,-28.479999999999997,44.489999999999995
2025-08-13T13:05:56.809882,39.0,78.0,-70.0,-27.0,42.0,-32.0,-20.0,63.0,-38.0,25.0,20.0,-8.0,64.66,-12.650000000000006,-34.17,-35.78,7.460000000000001,-30.83,-49.09,24.42,-16.41,57.25,-38.48,23.49
2025-08-13T13:05:56.815755,11.0,14.0,-26.0,27.0,68.0,36.0,-17.0,40.0,-9.0,11.0,-9.0,35.0,36.66,-76.65,9.829999999999998,18.22,33.46,37.17,-46.09,1.4200000000000017,12.59,43.25,-67.47999999999999,66.49
2025-08-13T13:05:56.821806,-81.0,91.0,-20.0,38.0,9.0,12.0,15.0,78.0,-8.0,69.0,26.0,-39.0,-55.34,0.3499999999999943,15.829999999999998,29.22,-25.54,13.17,-14.09,39.42,13.59,101.25,-32.48,-7.510000000000002
2025-08-13T13:05:56.827904,-51.0,88.0,-73.0,76.0,50.0,49.0,-37.0,-6.0,-50.0,24.0,-14.0,-16.0,-25.34,-2.6500000000000057,-37.17,67.22,15.46,50.17,-66.09,-44.58,-28.41,56.25,-72.47999999999999,15.489999999999998
2025-08-13T13:05:56.832478,3.0,130.0,-53.0,-19.0,-10.0,47.0,47.0,82.0,-43.0,-69.0,75.0,13.0,28.66,39.349999999999994,-17.17,-27.78,-44.54,48.17,17.91,43.42,-21.41,-36.75,16.520000000000003,44.489999999999995
2025-08-13T13:05:56.840427,-67.0,98.0,-53.0,-27.0,42.0,-7.0,-44.0,16.0,-49.0,-12.0,-25.0,3.0,-41.34,7.349999999999994,-17.17,-35.78,7.460000000000001,-5.83,-73.09,-22.58,-27.41,20.25,-83.47999999999999,34.489999999999995
2025-08-13T13:05:56.844709,-6.0,26.0,-73.0,67.0,13.0,-37.0,55.0,48.0,-88.0,77.0,29.0,51.0,19.66,-64.65,-37.17,58.22,-21.54,-35.83,25.91,9.420000000000002,-66.41,109.25,-29.479999999999997,82.49
2025-08-13T13:05:56.852574,14.0,48.0,-57.0,58.0,90.0,32.0,-11.0,43.0,-74.0,-4.0,48.0,7.0,39.66,-42.650000000000006,-21.17,49.22,55.46,33.17,-40.09,4.420000000000002,-52.41,28.25,-10.479999999999997,38.489999999999995
2025-08-13T13:05:56.856884,-3.0,92.0,-6.0,17.0,29.0,24.0,33.0,23.0,-41.0,33.0,-16.0,37.0,22.66,1.3499999999999943,29.83,8.22,-5.539999999999999,25.17,3.91,-15.579999999999998,-19.41,65.25,-74.47999999999999,68.49
2025-08-13T13:05:56.864830,22.0,40.0,-65.0,-43.0,-22.0,-31.0,142.0,82.0,-22.0,-10.0,21.0,59.0,47.66,-50.650000000000006,-29.17,-51.78,-56.54,-29.83,112.91,43.42,-0.41000000000000014,22.25,-37.48,90.49
2025-08-13T13:05:56.869152,46.0,94.0,-14.0,-16.0,20.0,29.0,32.0,22.0,-74.0,48.0,18.0,13.0,71.66,3.3499999999999943,21.83,-24.78,-14.54,30.17,2.91,-16.58,-52.41,80.25,-40.48,44.489999999999995
2025-08-13T13:05:56.877240,-119.0,146.0,-47.0,-80.0,15.0,-26.0,52.0,86.0,-71.0,22.0,18.0,19.0,-93.34,55.349999999999994,-11.170000000000002,-88.78,-19.54,-24.83,22.91,47.42,-49.41,54.25,-40.48,50.489999999999995
2025-08-13T13:05:56.881694,-32.0,103.0,-75.0,86.0,71.0,20.0,45.0,47.0,-16.0,-55.0,34.0,-10.0,-6.34,12.349999999999994,-39.17,77.22,36.46,21.17,15.91,8.420000000000002,5.59,-22.75,-24.479999999999997,21.49
2025-08-13T13:05:56.889532,-8.0,64.0,-53.0,-5.0,54.0,-35.0,-37.0,65.0,19.0,42.0,86.0,-24.0,17.66,-26.650000000000006,-17.17,-13.78,19.46,-33.83,-66.09,26.42,40.59,74.25,27.520000000000003,7.489999999999998
2025-08-13T13:05:56.894053,2.0,84.0,-15.0,1.0,13.0,-33.0,33.0,35.0,-28.0,33.0,-7.0,14.0,27.66,-6.650000000000006,20.83,-7.779999999999999,-21.54,-31.83,3.91,-3.5799999999999983,-6.41,65.25,-65.47999999999999,45.489999999999995
2025-08-13T13:05:56.901600,14.0,100.0,-16.0,22.0,-39.0,-12.0,-43.0,-3.0,-19.0,33.0,8.0,-6.0,39.66,9.349999999999994,19.83,13.22,-73.53999999999999,-10.83,-72.09,-41.58,2.59,65.25,-50.48,25.49
2025-08-13T13:05:56.906015,-82.0,40.0,-25.0,31.0,5.0,-24.0,-6.0,15.0,-32.0,50.0,-45.0,28.0,-56.34,-50.650000000000006,10.829999999999998,22.22,-29.54,-22.83,-35.09,-23.58,-10.41,82.25,-103.47999999999999,59.489999999999995
2025-08-13T13:05:56.913910,-51.0,132.0,-40.0,4.0,15.0,-7.0,-2.0,51.0,10.0,-27.0,17.0,-2.0,-25.34,41.349999999999994,-4.170000000000002,-4.779999999999999,-19.54,-5.83,-31.09,12.420000000000002,31.59,5.25,-41.48,29.49
2025-08-13T13:05:56.918301,-41.0,133.0,-91.0,-40.0,48.0,75.0,-34.0,-27.0,24.0,-13.0,59.0,13.0,-15.34,42.349999999999994,-55.17,-48.78,13.46,76.17,-63.09,-65.58,45.59,19.25,0.5200000000000031,44.489999999999995
2025-08-13T13:05:56.926202,4.0,137.0,-93.0,-25.0,83.0,-49.0,-39.0,44.0,-6.0,1.0,-29.0,53.0,29.66,46.349999999999994,-57.17,-33.78,48.46,-47.83,-68.09,5.420000000000002,15.59,33.25,-87.47999999999999,84.49
2025-08-13T13:05:56.930660,-26.0,113.0,-76.0,27.0,52.0,-59.0,-20.0,-22.0,-72.0,-21.0,22.0,24.0,-0.33999999999999986,22.349999999999994,-40.17,18.22,17.46,-57.83,-49.09,-60.58,-50.41,11.25,-36.48,55.489999999999995
2025-08-13T13:05:56.938602,67.0,48.0,-123.0,16.0,44.0,-68.0,69.0,77.0,-72.0,40.0,58.0,-21.0,92.66,-42.650000000000006,-87.17,7.220000000000001,9.46,-66.83,39.91,38.42,-50.41,72.25,-0.4799999999999969,10.489999999999998
2025-08-13T13:05:56.942821,-4.0,118.0,-20.0,52.0,70.0,30.0,-2.0,34.0,-48.0,64.0,-84.0,-23.0,21.66,27.349999999999994,15.829999999999998,43.22,35.46,31.17,-31.09,-4.579999999999998,-26.41,96.25,-142.48,8.489999999999998
2025-08-13T13:05:56.950758,-70.0,81.0,46.0,-20.0,-5.0,48.0,94.0,51.0,-18.0,30.0,17.0,29.0,-44.34,-9.650000000000006,81.83,-28.78,-39.54,49.17,64.91,12.420000000000002,3.59,62.25,-41.48,60.489999999999995
2025-08-13T13:05:56.955225,-82.0,177.0,-41.0,-57.0,97.0,-23.0,16.0,49.0,-102.0,-22.0,-6.0,-10.0,-56.34,86.35,-5.170000000000002,-65.78,62.46,-21.83,-13.09,10.420000000000002,-80.41,10.25,-64.47999999999999,21.49
2025-08-13T13:05:56.963243,-55.0,128.0,-80.0,-39.0,50.0,-62.0,12.0,-21.0,-89.0,-8.0,30.0,-3.0,-29.34,37.349999999999994,-44.17,-47.78,15.46,-60.83,-17.09,-59.58,-67.41,24.25,-28.479999999999997,28.49
2025-08-13T13:05:56.967533,-18.0,113.0,-70.0,35.0,41.0,-29.0,-10.0,32.0,-65.0,28.0,41.0,28.0,7.66,22.349999999999994,-34.17,26.22,6.460000000000001,-27.83,-39.09,-6.579999999999998,-43.41,60.25,-17.479999999999997,59.489999999999995
2025-08-13T13:05:56.975270,-58.0,26.0,-98.0,43.0,-3.0,-96.0,35.0,16.0,-44.0,28.0,63.0,56.0,-32.34,-64.65,-62.17,34.22,-37.54,-94.83,5.91,-22.58,-22.41,60.25,4.520000000000003,87.49
2025-08-13T13:05:56.979802,54.0,-26.0,-21.0,-12.0,28.0,-32.0,28.0,76.0,7.0,-11.0,101.0,12.0,79.66,-116.65,14.829999999999998,-20.78,-6.539999999999999,-30.83,-1.0899999999999999,37.42,28.59,21.25,42.52,43.489999999999995
2025-08-13T13:05:56.987710,-57.0,45.0,-54.0,-35.0,64.0,11.0,49.0,29.0,-14.0,17.0,31.0,18.0,-31.34,-45.650000000000006,-18.17,-43.78,29.46,12.17,19.91,-9.579999999999998,7.59,49.25,-27.479999999999997,49.489999999999995
2025-08-13T13:05:56.991958,-55.0,167.0,-40.0,12.0,58.0,-10.0,-71.0,-38.0,-44.0,16.0,-3.0,-4.0,-29.34,76.35,-4.170000000000002,3.2200000000000006,23.46,-8.83,-100.09,-76.58,-22.41,48.25,-61.48,27.49
2025-08-13T13:05:57.000102,-46.0,170.0,-132.0,-24.0,47.0,-49.0,-14.0,77.0,-64.0,52.0,47.0,6.0,-20.34,79.35,-96.17,-32.78,12.46,-47.83,-43.09,38.42,-42.41,84.25,-11.479999999999997,37.489999999999995
2025-08-13T13:05:57.004537,-13.0,136.0,-45.0,-3.0,50.0,-56.0,28.0,32.0,-79.0,72.0,-42.0,-36.0,12.66,45.349999999999994,-9.170000000000002,-11.78,15.46,-54.83,-1.0899999999999999,-6.579999999999998,-57.41,104.25,-100.47999999999999,-4.510000000000002
2025-08-13T13:05:57.012367,15.0,91.0,-138.0,-14.0,49.0,-5.0,-1.0,113.0,-31.0,87.0,-29.0,7.0,40.66,0.3499999999999943,-102.17,-22.78,14.46,-3.83,-30.09,74.42,-9.41,119.25,-87.47999999999999,38.489999999999995
2025-08-13T13:05:57.017308,22.0,53.0,-84.0,-2.0,-8.0,-43.0,42.0,59.0,-99.0,64.0,21.0,-15.0,47.66,-37.650000000000006,-48.17,-10.78,-42.54,-41.83,12.91,20.42,-77.41,96.25,-37.48,16.49
2025-08-13T13:05:57.024455,-10.0,71.0,-39.0,12.0,19.0,-12.0,61.0,46.0,-129.0,15.0,-12.0,10.0,15.66,-19.650000000000006,-3.1700000000000017,3.2200000000000006,-15.54,-10.83,31.91,7.420000000000002,-107.41,47.25,-70.47999999999999,41.489999999999995
2025-08-13T13:05:57.030142,-39.0,114.0,5.0,-9.0,31.0,31.0,36.0,12.0,-37.0,32.0,-33.0,-9.0,-13.34,23.349999999999994,40.83,-17.78,-3.539999999999999,32.17,6.91,-26.58,-15.41,64.25,-91.47999999999999,22.49
2025-08-13T13:05:57.036784,-118.0,91.0,-9.0,-20.0,85.0,3.0,-53.0,-21.0,-20.0,11.0,-27.0,0.0,-92.34,0.3499999999999943,26.83,-28.78,50.46,4.17,-82.09,-59.58,1.5899999999999999,43.25,-85.47999999999999,31.49
2025-08-13T13:05:57.042416,7.0,131.0,-59.0,35.0,50.0,-71.0,52.0,104.0,-35.0,10.0,99.0,-1.0,32.66,40.349999999999994,-23.17,26.22,15.46,-69.83,22.91,65.42,-13.41,42.25,40.52,30.49
2025-08-13T13:05:57.049029,-22.0,97.0,-131.0,-34.0,10.0,-77.0,63.0,-11.0,-86.0,2.0,-21.0,31.0,3.66,6.349999999999994,-95.17,-42.78,-24.54,-75.83,33.91,-49.58,-64.41,34.25,-79.47999999999999,62.489999999999995
2025-08-13T13:05:57.055048,40.0,91.0,-65.0,-31.0,-10.0,-23.0,24.0,-11.0,-60.0,13.0,24.0,12.0,65.66,0.3499999999999943,-29.17,-39.78,-44.54,-21.83,-5.09,-49.58,-38.41,45.25,-34.48,43.489999999999995
2025-08-13T13:05:57.061282,-12.0,57.0,-100.0,-23.0,26.0,30.0,-17.0,-10.0,-78.0,-14.0,-30.0,15.0,13.66,-33.650000000000006,-64.17,-31.78,-8.54,31.17,-46.09,-48.58,-56.41,18.25,-88.47999999999999,46.489999999999995
2025-08-13T13:05:57.067123,40.0,9.0,-10.0,-5.0,82.0,-16.0,76.0,-36.0,-2.0,-4.0,20.0,-35.0,65.66,-81.65,25.83,-13.78,47.46,-14.83,46.91,-74.58,19.59,28.25,-38.48,-3.5100000000000016
2025-08-13T13:05:57.073775,-40.0,94.0,-38.0,-34.0,48.0,-44.0,69.0,9.0,50.0,36.0,-4.0,-43.0,-14.34,3.3499999999999943,-2.1700000000000017,-42.78,13.46,-42.83,39.91,-29.58,71.59,68.25,-62.48,-11.510000000000002
2025-08-13T13:05:57.078402,-102.0,98.0,-37.0,30.0,36.0,-58.0,11.0,21.0,-54.0,111.0,3.0,-19.0,-76.34,7.349999999999994,-1.1700000000000017,21.22,1.4600000000000009,-56.83,-18.09,-17.58,-32.41,143.25,-55.48,12.489999999999998
2025-08-13T13:05:57.085870,-11.0,131.0,-27.0,38.0,69.0,-5.0,-6.0,25.0,-94.0,16.0,9.0,-1.0,14.66,40.349999999999994,8.829999999999998,29.22,34.46,-3.83,-35.09,-13.579999999999998,-72.41,48.25,-49.48,30.49
2025-08-13T13:05:57.090758,-16.0,150.0,-12.0,80.0,38.0,15.0,-10.0,-18.0,-108.0,56.0,27.0,-15.0,9.66,59.349999999999994,23.83,71.22,3.460000000000001,16.17,-39.09,-56.58,-86.41,88.25,-31.479999999999997,16.49
2025-08-13T13:05:57.098322,-29.0,131.0,-144.0,0.0,14.0,-21.0,-37.0,116.0,-36.0,59.0,20.0,48.0,-3.34,40.349999999999994,-108.17,-8.78,-20.54,-19.83,-66.09,77.42,-14.41,91.25,-38.48,79.49
2025-08-13T13:05:57.102700,-9.0,97.0,-53.0,-20.0,29.0,-44.0,-87.0,30.0,-53.0,-5.0,-5.0,-44.0,16.66,6.349999999999994,-17.17,-28.78,-5.539999999999999,-42.83,-116.09,-8.579999999999998,-31.41,27.25,-63.48,-12.510000000000002
2025-08-13T13:05:57.110471,28.0,60.0,-76.0,-56.0,98.0,-19.0,2.0,30.0,-36.0,-6.0,-20.0,-22.0,53.66,-30.650000000000006,-40.17,-64.78,63.46,-17.83,-27.09,-8.579999999999998,-14.41,26.25,-78.47999999999999,9.489999999999998
2025-08-13T13:05:57.115197,8.0,92.0,-80.0,-45.0,96.0,24.0,55.0,59.0,-82.0,80.0,-25.0,44.0,33.66,1.3499999999999943,-44.17,-53.78,61.46,25.17,25.91,20.42,-60.41,112.25,-83.47999999999999,75.49
2025-08-13T13:05:57.122603,34.0,118.0,-67.0,49.0,53.0,33.0,-77.0,49.0,-60.0,12.0,37.0,-22.0,59.66,27.349999999999994,-31.17,40.22,18.46,34.17,-106.09,10.420000000000002,-38.41,44.25,-21.479999999999997,9.489999999999998
2025-08-13T13:05:57.126952,-60.0,76.0,-45.0,-17.0,51.0,-63.0,98.0,59.0,-18.0,35.0,42.0,55.0,-34.34,-14.650000000000006,-9.170000000000002,-25.78,16.46,-61.83,68.91,20.42,3.59,67.25,-16.479999999999997,86.49
2025-08-13T13:05:57.134897,-41.0,156.0,-8.0,38.0,119.0,-29.0,56.0,88.0,-40.0,44.0,32.0,-39.0,-15.34,65.35,27.83,29.22,84.46000000000001,-27.83,26.91,49.42,-18.41,76.25,-26.479999999999997,-7.510000000000002
2025-08-13T13:05:57.139529,43.0,138.0,-80.0,-3.0,0.0,17.0,51.0,81.0,-70.0,49.0,23.0,-20.0,68.66,47.349999999999994,-44.17,-11.78,-34.54,18.17,21.91,42.42,-48.41,81.25,-35.48,11.489999999999998
2025-08-13T13:05:57.147188,-39.0,158.0,-66.0,42.0,27.0,-16.0,-20.0,-16.0,-37.0,28.0,15.0,-10.0,-13.34,67.35,-30.17,33.22,-7.539999999999999,-14.83,-49.09,-54.58,-15.41,60.25,-43.48,21.49
2025-08-13T13:05:57.151742,32.0,179.0,-51.0,-12.0,9.0,-59.0,-18.0,30.0,-22.0,35.0,12.0,24.0,57.66,88.35,-15.170000000000002,-20.78,-25.54,-57.83,-47.09,-8.579999999999998,-0.41000000000000014,67.25,-46.48,55.489999999999995
2025-08-13T13:05:57.159654,21.0,73.0,-40.0,44.0,89.0,-3.0,60.0,-51.0,-38.0,18.0,17.0,-27.0,46.66,-17.650000000000006,-4.170000000000002,35.22,54.46,-1.83,30.91,-89.58,-16.41,50.25,-41.48,4.489999999999998
2025-08-13T13:05:57.163988,85.0,57.0,-36.0,24.0,-25.0,-35.0,10.0,-67.0,-6.0,-41.0,24.0,-4.0,110.66,-33.650000000000006,-0.1700000000000017,15.22,-59.54,-33.83,-19.09,-105.58,15.59,-8.75,-34.48,27.49
2025-08-13T13:05:57.172002,-52.0,72.0,-84.0,85.0,39.0,-87.0,-38.0,30.0,-39.0,16.0,-9.0,22.0,-26.34,-18.650000000000006,-48.17,76.22,4.460000000000001,-85.83,-67.09,-8.579999999999998,-17.41,48.25,-67.47999999999999,53.489999999999995
2025-08-13T13:05:57.176193,-24.0,114.0,-42.0,-92.0,5.0,-6.0,36.0,62.0,-79.0,28.0,4.0,9.0,1.6600000000000001,23.349999999999994,-6.170000000000002,-100.78,-29.54,-4.83,6.91,23.42,-57.41,60.25,-54.48,40.489999999999995
2025-08-13T13:05:57.180317,-61.0,190.0,-50.0,4.0,41.0,1.0,1.0,30.0,-89.0,98.0,1.0,-19.0,-35.34,99.35,-14.170000000000002,-4.779999999999999,6.460000000000001,2.17,-28.09,-8.579999999999998,-67.41,130.25,-57.48,12.489999999999998
2025-08-13T13:05:57.188632,-44.0,97.0,9.0,-41.0,94.0,7.0,36.0,19.0,-83.0,35.0,-4.0,-33.0,-18.34,6.349999999999994,44.83,-49.78,59.46,8.17,6.91,-19.58,-61.41,67.25,-62.48,-1.5100000000000016
2025-08-13T13:05:57.192901,40.0,108.0,-23.0,-20.0,66.0,31.0,55.0,88.0,-5.0,11.0,14.0,5.0,65.66,17.349999999999994,12.829999999999998,-28.78,31.46,32.17,25.91,49.42,16.59,43.25,-44.48,36.489999999999995
2025-08-13T13:05:57.201685,-73.0,163.0,-68.0,13.0,14.0,-18.0,-6.0,31.0,-54.0,16.0,70.0,-41.0,-47.34,72.35,-32.17,4.220000000000001,-20.54,-16.83,-35.09,-7.579999999999998,-32.41,48.25,11.520000000000003,-9.510000000000002
2025-08-13T13:05:57.206081,57.0,116.0,-100.0,13.0,4.0,-46.0,-50.0,19.0,-78.0,-47.0,60.0,-7.0,82.66,25.349999999999994,-64.17,4.220000000000001,-30.54,-44.83,-79.09,-19.58,-56.41,-14.75,1.5200000000000031,24.49
2025-08-13T13:05:57.213123,70.0,50.0,-95.0,50.0,20.0,-65.0,-4.0,40.0,-19.0,-27.0,-13.0,20.0,95.66,-40.650000000000006,-59.17,41.22,-14.54,-63.83,-33.09,1.4200000000000017,2.59,5.25,-71.47999999999999,51.489999999999995
2025-08-13T13:05:57.217151,-49.0,151.0,-23.0,79.0,-7.0,-4.0,19.0,47.0,-22.0,-10.0,-61.0,-1.0,-23.34,60.349999999999994,12.829999999999998,70.22,-41.54,-2.83,-10.09,8.420000000000002,-0.41000000000000014,22.25,-119.47999999999999,30.49
2025-08-13T13:05:57.225258,-43.0,17.0,-60.0,64.0,78.0,2.0,-45.0,56.0,-2.0,11.0,28.0,-53.0,-17.34,-73.65,-24.17,55.22,43.46,3.17,-74.09,17.42,19.59,43.25,-30.479999999999997,-21.51
2025-08-13T13:05:57.229589,-30.0,63.0,-17.0,-66.0,25.0,24.0,-24.0,-5.0,-36.0,2.0,-8.0,26.0,-4.34,-27.650000000000006,18.83,-74.78,-9.54,25.17,-53.09,-43.58,-14.41,34.25,-66.47999999999999,57.489999999999995
2025-08-13T13:05:57.237538,-14.0,122.0,-92.0,-8.0,39.0,-8.0,19.0,48.0,-19.0,9.0,-9.0,-7.0,11.66,31.349999999999994,-56.17,-16.78,4.460000000000001,-6.83,-10.09,9.420000000000002,2.59,41.25,-67.47999999999999,24.49
2025-08-13T13:05:57.241742,-46.0,122.0,-70.0,-48.0,96.0,38.0,-6.0,67.0,-94.0,42.0,80.0,-33.0,-20.34,31.349999999999994,-34.17,-56.78,61.46,39.17,-35.09,28.42,-72.41,74.25,21.520000000000003,-1.5100000000000016
2025-08-13T13:05:57.249800,-41.0,113.0,-79.0,19.0,72.0,-86.0,15.0,102.0,-7.0,-6.0,18.0,-50.0,-15.34,22.349999999999994,-43.17,10.22,37.46,-84.83,-14.09,63.42,14.59,26.25,-40.48,-18.51
2025-08-13T13:05:57.254141,8.0,41.0,-87.0,42.0,33.0,-50.0,79.0,79.0,-27.0,24.0,87.0,-78.0,33.66,-49.650000000000006,-51.17,33.22,-1.5399999999999991,-48.83,49.91,40.42,-5.41,56.25,28.520000000000003,-46.510000000000005
2025-08-13T13:05:57.262038,33.0,107.0,-10.0,37.0,24.0,-87.0,-3.0,121.0,-33.0,22.0,37.0,65.0,58.66,16.349999999999994,25.83,28.22,-10.54,-85.83,-32.09,82.42,-11.41,54.25,-21.479999999999997,96.49
2025-08-13T13:05:57.266526,-65.0,65.0,-55.0,65.0,-2.0,16.0,6.0,59.0,-72.0,-7.0,3.0,16.0,-39.34,-25.650000000000006,-19.17,56.22,-36.54,17.17,-23.09,20.42,-50.41,25.25,-55.48,47.489999999999995
2025-08-13T13:05:57.274404,-10.0,127.0,-34.0,45.0,-11.0,2.0,17.0,5.0,-112.0,-17.0,4.0,-66.0,15.66,36.349999999999994,1.8299999999999983,36.22,-45.54,3.17,-12.09,-33.58,-90.41,15.25,-54.48,-34.510000000000005
2025-08-13T13:05:57.278947,-46.0,139.0,-101.0,-2.0,-12.0,35.0,-43.0,52.0,-93.0,-19.0,-59.0,-58.0,-20.34,48.349999999999994,-65.17,-10.78,-46.54,36.17,-72.09,13.420000000000002,-71.41,13.25,-117.47999999999999,-26.51
2025-08-13T13:05:57.286971,-31.0,179.0,-51.0,-29.0,110.0,12.0,9.0,21.0,-98.0,-80.0,-23.0,-75.0,-5.34,88.35,-15.170000000000002,-37.78,75.46000000000001,13.17,-20.09,-17.58,-76.41,-47.75,-81.47999999999999,-43.510000000000005
2025-08-13T13:05:57.291678,51.0,172.0,-110.0,22.0,-18.0,-77.0,87.0,35.0,-77.0,20.0,64.0,-28.0,76.66,81.35,-74.17,13.22,-52.54,-75.83,57.91,-3.5799999999999983,-55.41,52.25,5.520000000000003,3.4899999999999984
2025-08-13T13:05:57.299131,-11.0,67.0,-102.0,20.0,93.0,-30.0,4.0,7.0,-59.0,22.0,-26.0,-49.0,14.66,-23.650000000000006,-66.17,11.22,58.46,-28.83,-25.09,-31.58,-37.41,54.25,-84.47999999999999,-17.51
2025-08-13T13:05:57.303796,-4.0,84.0,-105.0,50.0,39.0,-24.0,40.0,19.0,-1.0,54.0,10.0,-103.0,21.66,-6.650000000000006,-69.17,41.22,4.460000000000001,-22.83,10.91,-19.58,20.59,86.25,-48.48,-71.51
2025-08-13T13:05:57.311286,23.0,68.0,-19.0,9.0,68.0,-15.0,28.0,33.0,-74.0,22.0,19.0,4.0,48.66,-22.650000000000006,16.83,0.22000000000000064,33.46,-13.83,-1.0899999999999999,-5.579999999999998,-52.41,54.25,-39.48,35.489999999999995
2025-08-13T13:05:57.317637,27.0,58.0,-23.0,30.0,-23.0,66.0,39.0,-30.0,-37.0,72.0,123.0,-36.0,52.66,-32.650000000000006,12.829999999999998,21.22,-57.54,67.17,9.91,-68.58,-15.41,104.25,64.52000000000001,-4.510000000000002
2025-08-13T13:05:57.323542,-23.0,57.0,-32.0,-52.0,101.0,-49.0,-48.0,25.0,-109.0,1.0,80.0,-32.0,2.66,-33.650000000000006,3.8299999999999983,-60.78,66.46000000000001,-47.83,-77.09,-13.579999999999998,-87.41,33.25,21.520000000000003,-0.5100000000000016
2025-08-13T13:05:57.328390,-124.0,95.0,-31.0,22.0,43.0,-88.0,-30.0,59.0,-14.0,-9.0,76.0,-25.0,-98.34,4.349999999999994,4.829999999999998,13.22,8.46,-86.83,-59.09,20.42,7.59,23.25,17.520000000000003,6.489999999999998
2025-08-13T13:05:57.336076,-54.0,119.0,-126.0,10.0,44.0,-117.0,-38.0,3.0,-109.0,102.0,57.0,-82.0,-28.34,28.349999999999994,-90.17,1.2200000000000006,9.46,-115.83,-67.09,-35.58,-87.41,134.25,-1.4799999999999969,-50.510000000000005
2025-08-13T13:05:57.340918,24.0,107.0,-137.0,-3.0,-11.0,-11.0,46.0,91.0,-117.0,-5.0,-9.0,-66.0,49.66,16.349999999999994,-101.17,-11.78,-45.54,-9.83,16.91,52.42,-95.41,27.25,-67.47999999999999,-34.510000000000005
2025-08-13T13:05:57.348430,39.0,2.0,-64.0,-34.0,-35.0,13.0,-64.0,47.0,-51.0,3.0,-6.0,-68.0,64.66,-88.65,-28.17,-42.78,-69.53999999999999,14.17,-93.09,8.420000000000002,-29.41,35.25,-64.47999999999999,-36.510000000000005
2025-08-13T13:05:57.352882,35.0,137.0,-97.0,25.0,23.0,22.0,-62.0,53.0,-67.0,44.0,79.0,-59.0,60.66,46.349999999999994,-61.17,16.22,-11.54,23.17,-91.09,14.420000000000002,-45.41,76.25,20.520000000000003,-27.51
2025-08-13T13:05:57.360555,33.0,140.0,-33.0,21.0,48.0,-14.0,10.0,36.0,-98.0,-6.0,51.0,-48.0,58.66,49.349999999999994,2.8299999999999983,12.22,13.46,-12.83,-19.09,-2.5799999999999983,-76.41,26.25,-7.479999999999997,-16.51
2025-08-13T13:05:57.365095,-57.0,97.0,-55.0,35.0,77.0,-34.0,46.0,58.0,-44.0,-16.0,84.0,-68.0,-31.34,6.349999999999994,-19.17,26.22,42.46,-32.83,16.91,19.42,-22.41,16.25,25.520000000000003,-36.510000000000005
2025-08-13T13:05:57.374126,-47.0,183.0,-56.0,35.0,56.0,-17.0,45.0,50.0,-35.0,68.0,53.0,-83.0,-21.34,92.35,-20.17,26.22,21.46,-15.83,15.91,11.420000000000002,-13.41,100.25,-5.479999999999997,-51.510000000000005
2025-08-13T13:05:57.377711,-82.0,117.0,-113.0,-31.0,74.0,-16.0,-4.0,28.0,-51.0,56.0,28.0,6.0,-56.34,26.349999999999994,-77.17,-39.78,39.46,-14.83,-33.09,-10.579999999999998,-29.41,88.25,-30.479999999999997,37.489999999999995
2025-08-13T13:05:57.385236,-31.0,150.0,-78.0,6.0,4.0,31.0,21.0,13.0,-10.0,45.0,21.0,-62.0,-5.34,59.349999999999994,-42.17,-2.7799999999999994,-30.54,32.17,-8.09,-25.58,11.59,77.25,-37.48,-30.51
2025-08-13T13:05:57.389769,-4.0,74.0,-88.0,24.0,0.0,8.0,3.0,27.0,-107.0,38.0,35.0,-49.0,21.66,-16.650000000000006,-52.17,15.22,-34.54,9.17,-26.09,-11.579999999999998,-85.41,70.25,-23.479999999999997,-17.51
2025-08-13T13:05:57.397617,51.0,88.0,-76.0,-6.0,-28.0,-12.0,43.0,-9.0,-72.0,-44.0,11.0,-79.0,76.66,-2.6500000000000057,-40.17,-14.78,-62.54,-10.83,13.91,-47.58,-50.41,-11.75,-47.48,-47.510000000000005
2025-08-13T13:05:57.402169,54.0,54.0,-35.0,-25.0,38.0,-26.0,20.0,45.0,-109.0,-91.0,8.0,-63.0,79.66,-36.650000000000006,0.8299999999999983,-33.78,3.460000000000001,-24.83,-9.09,6.420000000000002,-87.41,-58.75,-50.48,-31.51
2025-08-13T13:05:57.409594,19.0,52.0,-5.0,25.0,82.0,-64.0,-10.0,28.0,-70.0,-6.0,62.0,-13.0,44.66,-38.650000000000006,30.83,16.22,47.46,-62.83,-39.09,-10.579999999999998,-48.41,26.25,3.520000000000003,18.49
2025-08-13T13:05:57.414210,52.0,76.0,-27.0,37.0,31.0,33.0,70.0,28.0,-31.0,-77.0,53.0,-52.0,77.66,-14.650000000000006,8.829999999999998,28.22,-3.539999999999999,34.17,40.91,-10.579999999999998,-9.41,-44.75,-5.479999999999997,-20.51
2025-08-13T13:05:57.422106,-78.0,36.0,-103.0,-40.0,19.0,-52.0,58.0,58.0,-55.0,-95.0,81.0,-93.0,-52.34,-54.650000000000006,-67.17,-48.78,-15.54,-50.83,28.91,19.42,-33.41,-62.75,22.520000000000003,-61.510000000000005
2025-08-13T13:05:57.426730,-36.0,113.0,-17.0,-3.0,26.0,16.0,66.0,67.0,-44.0,-54.0,73.0,-60.0,-10.34,22.349999999999994,18.83,-11.78,-8.54,17.17,36.91,28.42,-22.41,-21.75,14.520000000000003,-28.51
2025-08-13T13:05:57.434225,-67.0,136.0,-26.0,-24.0,56.0,-5.0,23.0,73.0,-51.0,-48.0,95.0,-17.0,-41.34,45.349999999999994,9.829999999999998,-32.78,21.46,-3.83,-6.09,34.42,-29.41,-15.75,36.52,14.489999999999998
2025-08-13T13:05:57.439085,10.0,81.0,-133.0,-39.0,43.0,-51.0,10.0,31.0,-63.0,-13.0,18.0,-74.0,35.66,-9.650000000000006,-97.17,-47.78,8.46,-49.83,-19.09,-7.579999999999998,-41.41,19.25,-40.48,-42.510000000000005
2025-08-13T13:05:57.446562,22.0,22.0,-72.0,18.0,98.0,-27.0,48.0,43.0,-36.0,-64.0,83.0,23.0,47.66,-68.65,-36.17,9.22,63.46,-25.83,18.91,4.420000000000002,-14.41,-31.75,24.520000000000003,54.489999999999995
2025-08-13T13:05:57.451190,24.0,20.0,-17.0,-24.0,110.0,-24.0,16.0,36.0,-82.0,4.0,99.0,-23.0,49.66,-70.65,18.83,-32.78,75.46000000000001,-22.83,-13.09,-2.5799999999999983,-60.41,36.25,40.52,8.489999999999998
2025-08-13T13:05:57.458625,-29.0,77.0,-75.0,46.0,14.0,-68.0,22.0,49.0,-42.0,-15.0,59.0,-97.0,-3.34,-13.650000000000006,-39.17,37.22,-20.54,-66.83,-7.09,10.420000000000002,-20.41,17.25,0.5200000000000031,-65.51
2025-08-13T13:05:57.463133,-26.0,124.0,-38.0,18.0,71.0,-15.0,19.0,34.0,-100.0,2.0,18.0,-127.0,-0.33999999999999986,33.349999999999994,-2.1700000000000017,9.22,36.46,-13.83,-10.09,-4.579999999999998,-78.41,34.25,-40.48,-95.51
2025-08-13T13:05:57.471157,-79.0,166.0,-52.0,-26.0,3.0,50.0,-14.0,64.0,-99.0,-86.0,137.0,-86.0,-53.34,75.35,-16.17,-34.78,-31.54,51.17,-43.09,25.42,-77.41,-53.75,78.52000000000001,-54.510000000000005
2025-08-13T13:05:57.475521,-59.0,169.0,-61.0,-31.0,16.0,-57.0,-7.0,69.0,-84.0,-55.0,85.0,-27.0,-33.34,78.35,-25.17,-39.78,-18.54,-55.83,-36.09,30.42,-62.41,-22.75,26.520000000000003,4.489999999999998
2025-08-13T13:05:57.483318,64.0,90.0,-97.0,2.0,63.0,-2.0,59.0,-8.0,-17.0,-65.0,45.0,-91.0,89.66,-0.6500000000000057,-61.17,-6.779999999999999,28.46,-0.8300000000000001,29.91,-46.58,4.59,-32.75,-13.479999999999997,-59.510000000000005
2025-08-13T13:05:57.487695,7.0,76.0,-57.0,-49.0,23.0,-31.0,59.0,-21.0,-68.0,-58.0,41.0,-121.0,32.66,-14.650000000000006,-21.17,-57.78,-11.54,-29.83,29.91,-59.58,-46.41,-25.75,-17.479999999999997,-89.51
2025-08-13T13:05:57.495477,13.0,13.0,-74.0,-17.0,42.0,-35.0,21.0,22.0,-93.0,-26.0,55.0,-33.0,38.66,-77.65,-38.17,-25.78,7.460000000000001,-33.83,-8.09,-16.58,-71.41,6.25,-3.479999999999997,-1.5100000000000016
2025-08-13T13:05:57.499973,-88.0,88.0,-56.0,68.0,41.0,-37.0,88.0,42.0,-67.0,-58.0,35.0,-38.0,-62.34,-2.6500000000000057,-20.17,59.22,6.460000000000001,-35.83,58.91,3.4200000000000017,-45.41,-25.75,-23.479999999999997,-6.510000000000002
2025-08-13T13:05:57.504848,-34.0,139.0,-35.0,33.0,32.0,4.0,20.0,28.0,-53.0,12.0,68.0,-88.0,-8.34,48.349999999999994,0.8299999999999983,24.22,-2.539999999999999,5.17,-9.09,-10.579999999999998,-31.41,44.25,9.520000000000003,-56.510000000000005
2025-08-13T13:05:57.511860,55.0,169.0,-37.0,20.0,23.0,1.0,28.0,49.0,-10.0,6.0,54.0,-61.0,80.66,78.35,-1.1700000000000017,11.22,-11.54,2.17,-1.0899999999999999,10.420000000000002,11.59,38.25,-4.479999999999997,-29.51
2025-08-13T13:05:57.519966,-22.0,181.0,-89.0,-43.0,49.0,-39.0,24.0,89.0,-23.0,-114.0,23.0,-63.0,3.66,90.35,-53.17,-51.78,14.46,-37.83,-5.09,50.42,-1.4100000000000001,-81.75,-35.48,-31.51
2025-08-13T13:05:57.524431,-21.0,103.0,-125.0,-6.0,43.0,-19.0,15.0,55.0,-93.0,-2.0,96.0,-89.0,4.66,12.349999999999994,-89.17,-14.78,8.46,-17.83,-14.09,16.42,-71.41,30.25,37.52,-57.510000000000005
2025-08-13T13:05:57.528764,49.0,61.0,-91.0,-23.0,52.0,6.0,-30.0,-19.0,-92.0,4.0,46.0,-96.0,74.66,-29.650000000000006,-55.17,-31.78,17.46,7.17,-59.09,-57.58,-70.41,36.25,-12.479999999999997,-64.51
2025-08-13T13:05:57.536821,31.0,41.0,-83.0,37.0,-1.0,-39.0,37.0,36.0,-60.0,-60.0,28.0,-89.0,56.66,-49.650000000000006,-47.17,28.22,-35.54,-37.83,7.91,-2.5799999999999983,-38.41,-27.75,-30.479999999999997,-57.510000000000005
2025-08-13T13:05:57.540761,-37.0,81.0,-77.0,-11.0,2.0,-12.0,7.0,65.0,-33.0,-25.0,126.0,-47.0,-11.34,-9.650000000000006,-41.17,-19.78,-32.54,-10.83,-22.09,26.42,-11.41,7.25,67.52000000000001,-15.510000000000002
2025-08-13T13:05:57.548876,-61.0,67.0,1.0,-13.0,70.0,-16.0,-7.0,33.0,-64.0,-36.0,65.0,-60.0,-35.34,-23.650000000000006,36.83,-21.78,35.46,-14.83,-36.09,-5.579999999999998,-42.41,-3.75,6.520000000000003,-28.51
2025-08-13T13:05:57.553075,4.0,98.0,20.0,-63.0,15.0,-9.0,32.0,27.0,-41.0,-72.0,49.0,-106.0,29.66,7.349999999999994,55.83,-71.78,-19.54,-7.83,2.91,-11.579999999999998,-19.41,-39.75,-9.479999999999997,-74.51
2025-08-13T13:05:57.561090,-30.0,152.0,-41.0,-18.0,41.0,-32.0,11.0,65.0,-35.0,-57.0,10.0,-39.0,-4.34,61.349999999999994,-5.170000000000002,-26.78,6.460000000000001,-30.83,-18.09,26.42,-13.41,-24.75,-48.48,-7.510000000000002
2025-08-13T13:05:57.569258,-37.0,155.0,-39.0,19.0,36.0,-1.0,-24.0,147.0,-37.0,-35.0,143.0,-54.0,-11.34,64.35,-3.1700000000000017,10.22,1.4600000000000009,0.16999999999999993,-53.09,108.42,-15.41,-2.75,84.52000000000001,-22.51
2025-08-13T13:05:57.573871,-120.0,162.0,-62.0,24.0,105.0,-26.0,-7.0,82.0,-22.0,-50.0,-2.0,-75.0,-94.34,71.35,-26.17,15.22,70.46000000000001,-24.83,-36.09,43.42,-0.41000000000000014,-17.75,-60.48,-43.510000000000005
2025-08-13T13:05:57.577884,0.0,112.0,-37.0,42.0,6.0,-24.0,17.0,89.0,-74.0,37.0,60.0,-91.0,25.66,21.349999999999994,-1.1700000000000017,33.22,-28.54,-22.83,-12.09,50.42,-52.41,69.25,1.5200000000000031,-59.510000000000005
2025-08-13T13:05:57.585845,22.0,141.0,-77.0,-37.0,81.0,36.0,65.0,78.0,-53.0,23.0,77.0,-72.0,47.66,50.349999999999994,-41.17,-45.78,46.46,37.17,35.91,39.42,-31.41,55.25,18.520000000000003,-40.510000000000005
2025-08-13T13:05:57.593772,43.0,127.0,-119.0,-59.0,75.0,-39.0,49.0,-3.0,-57.0,57.0,-15.0,-80.0,68.66,36.349999999999994,-83.17,-67.78,40.46,-37.83,19.91,-41.58,-35.41,89.25,-73.47999999999999,-48.510000000000005
2025-08-13T13:05:57.598079,18.0,57.0,-15.0,65.0,17.0,-30.0,46.0,-17.0,-14.0,77.0,62.0,-93.0,43.66,-33.650000000000006,20.83,56.22,-17.54,-28.83,16.91,-55.58,7.59,109.25,3.520000000000003,-61.510000000000005
2025-08-13T13:05:57.606129,-89.0,45.0,-23.0,-22.0,-20.0,-15.0,15.0,-17.0,-36.0,34.0,134.0,-48.0,-63.34,-45.650000000000006,12.829999999999998,-30.78,-54.54,-13.83,-14.09,-55.58,-14.41,66.25,75.52000000000001,-16.51
2025-08-13T13:05:57.610414,48.0,47.0,-43.0,25.0,-2.0,20.0,-2.0,43.0,-53.0,60.0,82.0,-96.0,73.66,-43.650000000000006,-7.170000000000002,16.22,-36.54,21.17,-31.09,4.420000000000002,-31.41,92.25,23.520000000000003,-64.51
2025-08-13T13:05:57.614436,-63.0,104.0,22.0,28.0,35.0,32.0,-42.0,-1.0,-26.0,24.0,106.0,-69.0,-37.34,13.349999999999994,57.83,19.22,0.46000000000000085,33.17,-71.09,-39.58,-4.41,56.25,47.52,-37.510000000000005
2025-08-13T13:05:57.622770,-25.0,120.0,-64.0,-3.0,3.0,20.0,-16.0,38.0,-51.0,79.0,74.0,-50.0,0.6600000000000001,29.349999999999994,-28.17,-11.78,-31.54,21.17,-45.09,-0.5799999999999983,-29.41,111.25,15.520000000000003,-18.51
2025-08-13T13:05:57.626736,15.0,153.0,-117.0,17.0,31.0,-44.0,28.0,48.0,-8.0,2.0,49.0,8.0,40.66,62.349999999999994,-81.17,8.22,-3.539999999999999,-42.83,-1.0899999999999999,9.420000000000002,13.59,34.25,-9.479999999999997,39.489999999999995
2025-08-13T13:05:57.634882,55.0,91.0,-106.0,-26.0,26.0,8.0,12.0,55.0,7.0,-79.0,115.0,-34.0,80.66,0.3499999999999943,-70.17,-34.78,-8.54,9.17,-17.09,16.42,28.59,-46.75,56.52,-2.5100000000000016
2025-08-13T13:05:57.639076,2.0,73.0,-74.0,55.0,31.0,-24.0,25.0,22.0,-86.0,-26.0,-2.0,-59.0,27.66,-17.650000000000006,-38.17,46.22,-3.539999999999999,-22.83,-4.09,-16.58,-64.41,6.25,-60.48,-27.51
2025-08-13T13:05:57.647198,4.0,46.0,-49.0,28.0,27.0,-25.0,23.0,101.0,-87.0,-26.0,29.0,-60.0,29.66,-44.650000000000006,-13.170000000000002,19.22,-7.539999999999999,-23.83,-6.09,62.42,-65.41,6.25,-29.479999999999997,-28.51
2025-08-13T13:05:57.651399,21.0,32.0,-42.0,-24.0,37.0,2.0,-12.0,8.0,-63.0,-37.0,63.0,-111.0,46.66,-58.650000000000006,-6.170000000000002,-32.78,2.460000000000001,3.17,-41.09,-30.58,-41.41,-4.75,4.520000000000003,-79.51
2025-08-13T13:05:57.659512,-63.0,114.0,16.0,-25.0,26.0,1.0,-24.0,38.0,-54.0,-13.0,56.0,-85.0,-37.34,23.349999999999994,51.83,-33.78,-8.54,2.17,-53.09,-0.5799999999999983,-32.41,19.25,-2.479999999999997,-53.510000000000005
2025-08-13T13:05:57.663726,-58.0,89.0,1.0,-35.0,46.0,-17.0,-99.0,33.0,-5.0,-41.0,75.0,-30.0,-32.34,-1.6500000000000057,36.83,-43.78,11.46,-15.83,-128.09,-5.579999999999998,16.59,-8.75,16.520000000000003,1.4899999999999984
2025-08-13T13:05:57.671775,-54.0,155.0,-108.0,53.0,20.0,-26.0,-18.0,27.0,-66.0,-103.0,73.0,-94.0,-28.34,64.35,-72.17,44.22,-14.54,-24.83,-47.09,-11.579999999999998,-44.41,-70.75,14.520000000000003,-62.510000000000005
2025-08-13T13:05:57.675955,89.0,152.0,-106.0,2.0,-22.0,-48.0,29.0,53.0,0.0,-55.0,74.0,-51.0,114.66,61.349999999999994,-70.17,-6.779999999999999,-56.54,-46.83,-0.08999999999999986,14.420000000000002,21.59,-22.75,15.520000000000003,-19.51
2025-08-13T13:05:57.684013,13.0,51.0,-115.0,-62.0,9.0,-42.0,20.0,136.0,-36.0,-32.0,95.0,-25.0,38.66,-39.650000000000006,-79.17,-70.78,-25.54,-40.83,-9.09,97.42,-14.41,0.25,36.52,6.489999999999998
2025-08-13T13:05:57.688175,39.0,38.0,-107.0,-44.0,40.0,-2.0,-13.0,9.0,-74.0,-7.0,82.0,-12.0,64.66,-52.650000000000006,-71.17,-52.78,5.460000000000001,-0.8300000000000001,-42.09,-29.58,-52.41,25.25,23.520000000000003,19.49
2025-08-13T13:05:57.696220,105.0,30.0,-1.0,28.0,59.0,-14.0,46.0,89.0,-70.0,-27.0,96.0,-81.0,130.66,-60.650000000000006,34.83,19.22,24.46,-12.83,16.91,50.42,-48.41,5.25,37.52,-49.510000000000005
2025-08-13T13:05:57.700647,-39.0,67.0,-52.0,8.0,41.0,-7.0,64.0,107.0,-50.0,-83.0,42.0,-73.0,-13.34,-23.650000000000006,-16.17,-0.7799999999999994,6.460000000000001,-5.83,34.91,68.42,-28.41,-50.75,-16.479999999999997,-41.510000000000005
2025-08-13T13:05:57.708692,-43.0,203.0,-45.0,58.0,26.0,-28.0,5.0,19.0,-59.0,-7.0,66.0,-101.0,-17.34,112.35,-9.170000000000002,49.22,-8.54,-26.83,-24.09,-19.58,-37.41,25.25,7.520000000000003,-69.51
2025-08-13T13:05:57.713042,-17.0,132.0,-62.0,-7.0,18.0,34.0,54.0,62.0,-47.0,-42.0,93.0,-60.0,8.66,41.349999999999994,-26.17,-15.78,-16.54,35.17,24.91,23.42,-25.41,-9.75,34.52,-28.51
2025-08-13T13:05:57.720863,7.0,75.0,-105.0,-6.0,38.0,-11.0,32.0,61.0,-64.0,-21.0,85.0,-31.0,32.66,-15.650000000000006,-69.17,-14.78,3.460000000000001,-9.83,2.91,22.42,-42.41,11.25,26.520000000000003,0.48999999999999844
2025-08-13T13:05:57.725318,75.0,168.0,-96.0,-93.0,73.0,-52.0,97.0,72.0,-29.0,1.0,12.0,-108.0,100.66,77.35,-60.17,-101.78,38.46,-50.83,67.91,33.42,-7.41,33.25,-46.48,-76.51
2025-08-13T13:05:57.733324,15.0,138.0,-56.0,-68.0,23.0,-25.0,-9.0,-47.0,-63.0,-60.0,97.0,-54.0,40.66,47.349999999999994,-20.17,-76.78,-11.54,-23.83,-38.09,-85.58,-41.41,-27.75,38.52,-22.51
2025-08-13T13:05:57.737753,-5.0,89.0,-53.0,38.0,14.0,-18.0,-23.0,-38.0,-77.0,-6.0,75.0,-35.0,20.66,-1.6500000000000057,-17.17,29.22,-20.54,-16.83,-52.09,-76.58,-55.41,26.25,16.520000000000003,-3.5100000000000016
2025-08-13T13:05:57.745866,-80.0,135.0,-43.0,36.0,12.0,-120.0,-16.0,-16.0,-57.0,-26.0,86.0,-37.0,-54.34,44.349999999999994,-7.170000000000002,27.22,-22.54,-118.83,-45.09,-54.58,-35.41,6.25,27.520000000000003,-5.510000000000002
2025-08-13T13:05:57.750406,-74.0,142.0,-52.0,20.0,34.0,-16.0,88.0,33.0,-5.0,-18.0,136.0,-72.0,-48.34,51.349999999999994,-16.17,11.22,-0.5399999999999991,-14.83,58.91,-5.579999999999998,16.59,14.25,77.52000000000001,-40.510000000000005
2025-08-13T13:05:57.758223,-81.0,193.0,-109.0,-67.0,-5.0,-109.0,-22.0,14.0,-76.0,-1.0,65.0,-61.0,-55.34,102.35,-73.17,-75.78,-39.54,-107.83,-51.09,-24.58,-54.41,31.25,6.520000000000003,-29.51
2025-08-13T13:05:57.762706,53.0,117.0,-114.0,4.0,13.0,-18.0,-3.0,-20.0,-54.0,18.0,29.0,-90.0,78.66,26.349999999999994,-78.17,-4.779999999999999,-21.54,-16.83,-32.09,-58.58,-32.41,50.25,-29.479999999999997,-58.510000000000005
2025-08-13T13:05:57.770597,16.0,64.0,-111.0,-34.0,-6.0,-93.0,38.0,76.0,0.0,-73.0,130.0,-29.0,41.66,-26.650000000000006,-75.17,-42.78,-40.54,-91.83,8.91,37.42,21.59,-40.75,71.52000000000001,2.4899999999999984
2025-08-13T13:05:57.777789,-1.0,40.0,-86.0,23.0,-41.0,-32.0,40.0,30.0,-44.0,-53.0,138.0,-78.0,24.66,-50.650000000000006,-50.17,14.22,-75.53999999999999,-30.83,10.91,-8.579999999999998,-22.41,-20.75,79.52000000000001,-46.510000000000005
2025-08-13T13:05:57.783260,-81.0,65.0,-58.0,16.0,29.0,-29.0,-30.0,44.0,-54.0,-82.0,81.0,-109.0,-55.34,-25.650000000000006,-22.17,7.220000000000001,-5.539999999999999,-27.83,-59.09,5.420000000000002,-32.41,-49.75,22.520000000000003,-77.51
2025-08-13T13:05:57.789249,12.0,108.0,13.0,56.0,61.0,-14.0,-54.0,61.0,-15.0,-22.0,121.0,-62.0,37.66,17.349999999999994,48.83,47.22,26.46,-12.83,-83.09,22.42,6.59,10.25,62.52,-30.51
2025-08-13T13:05:57.794790,-95.0,167.0,-98.0,-42.0,51.0,-21.0,26.0,28.0,-43.0,18.0,58.0,-31.0,-69.34,76.35,-62.17,-50.78,16.46,-19.83,-3.09,-10.579999999999998,-21.41,50.25,-0.4799999999999969,0.48999999999999844
2025-08-13T13:05:57.799485,22.0,99.0,-62.0,-23.0,72.0,1.0,55.0,14.0,-14.0,-50.0,6.0,5.0,47.66,8.349999999999994,-26.17,-31.78,37.46,2.17,25.91,-24.58,7.59,-17.75,-52.48,36.489999999999995
2025-08-13T13:05:57.807471,34.0,131.0,-49.0,-32.0,48.0,-53.0,78.0,28.0,6.0,-63.0,106.0,-24.0,59.66,40.349999999999994,-13.170000000000002,-40.78,13.46,-51.83,48.91,-10.579999999999998,27.59,-30.75,47.52,7.489999999999998
2025-08-13T13:05:57.811941,0.0,52.0,-121.0,25.0,71.0,-106.0,29.0,31.0,-41.0,-16.0,63.0,11.0,25.66,-38.650000000000006,-85.17,16.22,36.46,-104.83,-0.08999999999999986,-7.579999999999998,-19.41,16.25,4.520000000000003,42.489999999999995
2025-08-13T13:05:57.819406,25.0,43.0,-20.0,54.0,35.0,-40.0,-3.0,18.0,25.0,28.0,73.0,29.0,50.66,-47.650000000000006,15.829999999999998,45.22,0.46000000000000085,-38.83,-32.09,-20.58,46.59,60.25,14.520000000000003,60.489999999999995
2025-08-13T13:05:57.824061,-85.0,38.0,-72.0,20.0,17.0,-61.0,-7.0,26.0,-1.0,70.0,53.0,46.0,-59.34,-52.650000000000006,-36.17,11.22,-17.54,-59.83,-36.09,-12.579999999999998,20.59,102.25,-5.479999999999997,77.49
2025-08-13T13:05:57.831752,-19.0,33.0,-74.0,60.0,47.0,-34.0,57.0,-45.0,56.0,6.0,60.0,94.0,6.66,-57.650000000000006,-38.17,51.22,12.46,-32.83,27.91,-83.58,77.59,38.25,1.5200000000000031,125.49
2025-08-13T13:05:57.836102,-27.0,136.0,-76.0,5.0,45.0,7.0,51.0,-1.0,36.0,8.0,38.0,-4.0,-1.3399999999999999,45.349999999999994,-40.17,-3.7799999999999994,10.46,8.17,21.91,-39.58,57.59,40.25,-20.479999999999997,27.49
2025-08-13T13:05:57.843940,-22.0,160.0,10.0,-99.0,42.0,-48.0,18.0,-54.0,66.0,60.0,29.0,134.0,3.66,69.35,45.83,-107.78,7.460000000000001,-46.83,-11.09,-92.58,87.59,92.25,-29.479999999999997,165.49
2025-08-13T13:05:57.848475,-38.0,93.0,-59.0,-49.0,74.0,-11.0,42.0,-22.0,62.0,29.0,18.0,88.0,-12.34,2.3499999999999943,-23.17,-57.78,39.46,-9.83,12.91,-60.58,83.59,61.25,-40.48,119.49
2025-08-13T13:05:57.856137,-21.0,117.0,-78.0,10.0,-80.0,-24.0,89.0,44.0,46.0,-21.0,86.0,125.0,4.66,26.349999999999994,-42.17,1.2200000000000006,-114.53999999999999,-22.83,59.91,5.420000000000002,67.59,11.25,27.520000000000003,156.49
2025-08-13T13:05:57.860738,54.0,26.0,12.0,59.0,17.0,-50.0,57.0,-10.0,28.0,39.0,100.0,116.0,79.66,-64.65,47.83,50.22,-17.54,-48.83,27.91,-48.58,49.59,71.25,41.52,147.49
2025-08-13T13:05:57.869088,29.0,51.0,49.0,90.0,25.0,-121.0,2.0,71.0,122.0,35.0,83.0,95.0,54.66,-39.650000000000006,84.83,81.22,-9.54,-119.83,-27.09,32.42,143.59,67.25,24.520000000000003,126.49
2025-08-13T13:05:57.876520,88.0,135.0,7.0,92.0,-7.0,29.0,94.0,38.0,134.0,93.0,81.0,115.0,113.66,44.349999999999994,42.83,83.22,-41.54,30.17,64.91,-0.5799999999999983,155.59,125.25,22.520000000000003,146.49
2025-08-13T13:05:57.881346,-33.0,169.0,5.0,71.0,-47.0,3.0,77.0,51.0,52.0,67.0,52.0,48.0,-7.34,78.35,40.83,62.22,-81.53999999999999,4.17,47.91,12.420000000000002,73.59,99.25,-6.479999999999997,79.49
2025-08-13T13:05:57.884728,-1.0,54.0,3.0,62.0,14.0,74.0,45.0,42.0,10.0,59.0,91.0,37.0,24.66,-36.650000000000006,38.83,53.22,-20.54,75.17,15.91,3.4200000000000017,31.59,91.25,32.52,68.49
2025-08-13T13:05:57.892704,66.0,246.0,-4.0,63.0,-23.0,68.0,-4.0,81.0,41.0,104.0,44.0,70.0,91.66,155.35,31.83,54.22,-57.54,69.17,-33.09,42.42,62.59,136.25,-14.479999999999997,101.49
2025-08-13T13:05:57.897250,98.0,233.0,-42.0,29.0,30.0,45.0,71.0,36.0,64.0,73.0,37.0,98.0,123.66,142.35,-6.170000000000002,20.22,-4.539999999999999,46.17,41.91,-2.5799999999999983,85.59,105.25,-21.479999999999997,129.49
2025-08-13T13:05:57.905162,86.0,103.0,-31.0,151.0,-3.0,13.0,72.0,133.0,124.0,103.0,62.0,1.0,111.66,12.349999999999994,4.829999999999998,142.22,-37.54,14.17,42.91,94.42,145.59,135.25,3.520000000000003,32.489999999999995
2025-08-13T13:05:57.909614,105.0,121.0,94.0,96.0,41.0,-16.0,104.0,122.0,-7.0,133.0,68.0,18.0,130.66,30.349999999999994,129.82999999999998,87.22,6.460000000000001,-14.83,74.91,83.42,14.59,165.25,9.520000000000003,49.489999999999995
2025-08-13T13:05:57.917330,39.0,196.0,61.0,169.0,69.0,41.0,136.0,-15.0,86.0,68.0,46.0,27.0,64.66,105.35,96.83,160.22,34.46,42.17,106.91,-53.58,107.59,100.25,-12.479999999999997,58.489999999999995
2025-08-13T13:05:57.921647,54.0,190.0,43.0,63.0,-55.0,65.0,83.0,-4.0,24.0,131.0,45.0,28.0,79.66,99.35,78.83,54.22,-89.53999999999999,66.17,53.91,-42.58,45.59,163.25,-13.479999999999997,59.489999999999995
2025-08-13T13:05:57.929848,103.0,167.0,-6.0,125.0,-2.0,45.0,136.0,-5.0,70.0,167.0,94.0,111.0,128.66,76.35,29.83,116.22,-36.54,46.17,106.91,-43.58,91.59,199.25,35.52,142.49
2025-08-13T13:05:57.934031,188.0,167.0,-19.0,63.0,-26.0,-3.0,48.0,-49.0,5.0,182.0,108.0,39.0,213.66,76.35,16.83,54.22,-60.54,-1.83,18.91,-87.58,26.59,214.25,49.52,70.49
2025-08-13T13:05:57.942029,175.0,220.0,-8.0,183.0,-11.0,13.0,92.0,65.0,51.0,116.0,153.0,9.0,200.66,129.35,27.83,174.22,-45.54,14.17,62.91,26.42,72.59,148.25,94.52000000000001,40.489999999999995
2025-08-13T13:05:57.946907,155.0,184.0,-24.0,251.0,-29.0,45.0,38.0,16.0,-32.0,158.0,221.0,93.0,180.66,93.35,11.829999999999998,242.22,-63.54,46.17,8.91,-22.58,-10.41,190.25,162.52,124.49
2025-08-13T13:05:57.954512,141.0,256.0,15.0,113.0,80.0,1.0,38.0,18.0,32.0,147.0,319.0,-11.0,166.66,165.35,50.83,104.22,45.46,2.17,8.91,-20.58,53.59,179.25,260.52,20.49
2025-08-13T13:05:57.962318,159.0,348.0,-98.0,263.0,-33.0,-60.0,84.0,28.0,-5.0,203.0,306.0,8.0,184.66,257.35,-62.17,254.22,-67.53999999999999,-58.83,54.91,-10.579999999999998,16.59,235.25,247.52,39.489999999999995
2025-08-13T13:05:57.966765,275.0,363.0,-25.0,270.0,46.0,-43.0,87.0,31.0,-117.0,194.0,325.0,25.0,300.66,272.35,10.829999999999998,261.22,11.46,-41.83,57.91,-7.579999999999998,-95.41,226.25,266.52,56.489999999999995
2025-08-13T13:05:57.974719,299.0,346.0,-18.0,255.0,87.0,-34.0,120.0,40.0,-119.0,203.0,309.0,-47.0,324.66,255.35,17.83,246.22,52.46,-32.83,90.91,1.4200000000000017,-97.41,235.25,250.52,-15.510000000000002
2025-08-13T13:05:57.979167,113.0,367.0,7.0,216.0,6.0,-78.0,35.0,87.0,-106.0,219.0,344.0,43.0,138.66,276.35,42.83,207.22,-28.54,-76.83,5.91,48.42,-84.41,251.25,285.52,74.49
2025-08-13T13:05:57.987226,161.0,363.0,-41.0,314.0,-22.0,-100.0,119.0,5.0,-130.0,203.0,280.0,-50.0,186.66,272.35,-5.170000000000002,305.22,-56.54,-98.83,89.91,-33.58,-108.41,235.25,221.52,-18.51
2025-08-13T13:05:57.991556,276.0,311.0,-52.0,256.0,36.0,-35.0,63.0,-5.0,-87.0,142.0,258.0,46.0,301.66,220.35,-16.17,247.22,1.4600000000000009,-33.83,33.91,-43.58,-65.41,174.25,199.52,77.49
2025-08-13T13:05:57.999464,277.0,372.0,22.0,225.0,-19.0,-88.0,74.0,-35.0,-155.0,153.0,364.0,63.0,302.66,281.35,57.83,216.22,-53.54,-86.83,44.91,-73.58,-133.41,185.25,305.52,94.49
2025-08-13T13:05:58.004247,141.0,396.0,59.0,274.0,45.0,-113.0,29.0,6.0,-130.0,162.0,351.0,-49.0,166.66,305.35,94.83,265.22,10.46,-111.83,-0.08999999999999986,-32.58,-108.41,194.25,292.52,-17.51
2025-08-13T13:05:58.011935,155.0,384.0,-73.0,208.0,73.0,-13.0,69.0,17.0,-153.0,199.0,336.0,-67.0,180.66,293.35,-37.17,199.22,38.46,-11.83,39.91,-21.58,-131.41,231.25,277.52,-35.510000000000005
2025-08-13T13:05:58.019839,269.0,327.0,-50.0,312.0,91.0,-75.0,128.0,22.0,-105.0,180.0,313.0,-29.0,294.66,236.35,-14.170000000000002,303.22,56.46,-73.83,98.91,-16.58,-83.41,212.25,254.52,2.4899999999999984
2025-08-13T13:05:58.024124,222.0,339.0,-13.0,256.0,-46.0,-141.0,95.0,51.0,-88.0,265.0,387.0,42.0,247.66,248.35,22.83,247.22,-80.53999999999999,-139.83,65.91,12.420000000000002,-66.41,297.25,328.52,73.49
2025-08-13T13:05:58.032266,211.0,376.0,-91.0,212.0,62.0,-83.0,83.0,37.0,-190.0,192.0,312.0,26.0,236.66,285.35,-55.17,203.22,27.46,-81.83,53.91,-1.5799999999999983,-168.41,224.25,253.52,57.489999999999995
2025-08-13T13:05:58.036674,288.0,352.0,-72.0,252.0,45.0,-129.0,111.0,59.0,-163.0,176.0,354.0,-6.0,313.66,261.35,-36.17,243.22,10.46,-127.83,81.91,20.42,-141.41,208.25,295.52,25.49
2025-08-13T13:05:58.044769,188.0,324.0,25.0,321.0,66.0,-91.0,61.0,-43.0,-160.0,129.0,434.0,-38.0,213.66,233.35,60.83,312.22,31.46,-89.83,31.91,-81.58,-138.41,161.25,375.52,-6.510000000000002
2025-08-13T13:05:58.049432,228.0,380.0,-26.0,265.0,56.0,-69.0,29.0,30.0,-109.0,213.0,397.0,-27.0,253.66,289.35,9.829999999999998,256.22,21.46,-67.83,-0.08999999999999986,-8.579999999999998,-87.41,245.25,338.52,4.489999999999998
2025-08-13T13:05:58.057165,289.0,371.0,-22.0,197.0,35.0,-66.0,93.0,60.0,-185.0,202.0,272.0,-21.0,314.66,280.35,13.829999999999998,188.22,0.46000000000000085,-64.83,63.91,21.42,-163.41,234.25,213.52,10.489999999999998
2025-08-13T13:05:58.065003,231.0,269.0,31.0,313.0,64.0,-93.0,162.0,-6.0,-152.0,217.0,368.0,-4.0,256.66,178.35,66.83,304.22,29.46,-91.83,132.91,-44.58,-130.41,249.25,309.52,27.49
2025-08-13T13:05:58.071629,178.0,417.0,-5.0,308.0,77.0,-99.0,87.0,-10.0,-232.0,136.0,385.0,31.0,203.66,326.35,30.83,299.22,42.46,-97.83,57.91,-48.58,-210.41,168.25,326.52,62.489999999999995
2025-08-13T13:05:58.080534,228.0,438.0,-34.0,267.0,22.0,-68.0,51.0,39.0,-171.0,81.0,367.0,-80.0,253.66,347.35,1.8299999999999983,258.22,-12.54,-66.83,21.91,0.4200000000000017,-149.41,113.25,308.52,-48.510000000000005
2025-08-13T13:05:58.086933,304.0,328.0,-24.0,245.0,76.0,-67.0,30.0,123.0,-170.0,164.0,398.0,-61.0,329.66,237.35,11.829999999999998,236.22,41.46,-65.83,0.9100000000000001,84.42,-148.41,196.25,339.52,-29.51
2025-08-13T13:05:58.092472,232.0,377.0,64.0,245.0,85.0,-154.0,93.0,46.0,-157.0,157.0,381.0,-41.0,257.66,286.35,99.83,236.22,50.46,-152.83,63.91,7.420000000000002,-135.41,189.25,322.52,-9.510000000000002
2025-08-13T13:05:58.096731,182.0,432.0,-41.0,173.0,56.0,-14.0,95.0,66.0,-216.0,195.0,390.0,-44.0,207.66,341.35,-5.170000000000002,164.22,21.46,-12.83,65.91,27.42,-194.41,227.25,331.52,-12.510000000000002
2025-08-13T13:05:58.101870,233.0,344.0,-65.0,271.0,90.0,-68.0,66.0,72.0,-166.0,191.0,333.0,10.0,258.66,253.35,-29.17,262.22,55.46,-66.83,36.91,33.42,-144.41,223.25,274.52,41.489999999999995
2025-08-13T13:05:58.106447,236.0,373.0,2.0,258.0,76.0,-71.0,94.0,7.0,-161.0,149.0,367.0,5.0,261.66,282.35,37.83,249.22,41.46,-69.83,64.91,-31.58,-139.41,181.25,308.52,36.489999999999995
2025-08-13T13:05:58.114223,198.0,379.0,25.0,318.0,61.0,-76.0,65.0,-5.0,-202.0,96.0,362.0,-34.0,223.66,288.35,60.83,309.22,26.46,-74.83,35.91,-43.58,-180.41,128.25,303.52,-2.5100000000000016
2025-08-13T13:05:58.118411,200.0,417.0,-89.0,183.0,81.0,-42.0,64.0,25.0,-238.0,62.0,327.0,-1.0,225.66,326.35,-53.17,174.22,46.46,-40.83,34.91,-13.579999999999998,-216.41,94.25,268.52,30.49
2025-08-13T13:05:58.126423,238.0,386.0,-61.0,278.0,149.0,-94.0,134.0,2.0,-180.0,187.0,415.0,-47.0,263.66,295.35,-25.17,269.22,114.46000000000001,-92.83,104.91,-36.58,-158.41,219.25,356.52,-15.510000000000002
2025-08-13T13:05:58.134589,299.0,314.0,-12.0,322.0,-3.0,-110.0,37.0,23.0,-188.0,208.0,389.0,-18.0,324.66,223.35,23.83,313.22,-37.54,-108.83,7.91,-15.579999999999998,-166.41,240.25,330.52,13.489999999999998
2025-08-13T13:05:58.138930,161.0,410.0,23.0,224.0,66.0,-99.0,58.0,93.0,-188.0,203.0,373.0,-153.0,186.66,319.35,58.83,215.22,31.46,-97.83,28.91,54.42,-166.41,235.25,314.52,-121.51
2025-08-13T13:05:58.146788,216.0,419.0,-40.0,227.0,72.0,-140.0,119.0,56.0,-215.0,226.0,356.0,-58.0,241.66,328.35,-4.170000000000002,218.22,37.46,-138.83,89.91,17.42,-193.41,258.25,297.52,-26.51
2025-08-13T13:05:58.151108,186.0,357.0,15.0,255.0,91.0,-116.0,165.0,-26.0,-190.0,201.0,320.0,9.0,211.66,266.35,50.83,246.22,56.46,-114.83,135.91,-64.58,-168.41,233.25,261.52,40.489999999999995
2025-08-13T13:05:58.159145,199.0,410.0,-2.0,275.0,21.0,-46.0,108.0,84.0,-154.0,41.0,347.0,-40.0,224.66,319.35,33.83,266.22,-13.54,-44.83,78.91,45.42,-132.41,73.25,288.52,-8.510000000000002
2025-08-13T13:05:58.167064,153.0,346.0,-38.0,235.0,68.0,-126.0,60.0,24.0,-164.0,111.0,374.0,-7.0,178.66,255.35,-2.1700000000000017,226.22,33.46,-124.83,30.91,-14.579999999999998,-142.41,143.25,315.52,24.49
2025-08-13T13:05:58.171582,210.0,378.0,-95.0,243.0,67.0,-86.0,82.0,31.0,-188.0,110.0,424.0,-46.0,235.66,287.35,-59.17,234.22,32.46,-84.83,52.91,-7.579999999999998,-166.41,142.25,365.52,-14.510000000000002
2025-08-13T13:05:58.179657,198.0,390.0,39.0,223.0,60.0,-96.0,109.0,71.0,-212.0,229.0,455.0,-10.0,223.66,299.35,74.83,214.22,25.46,-94.83,79.91,32.42,-190.41,261.25,396.52,21.49
2025-08-13T13:05:58.183796,177.0,441.0,24.0,236.0,124.0,-139.0,145.0,-12.0,-248.0,256.0,303.0,-2.0,202.66,350.35,59.83,227.22,89.46000000000001,-137.83,115.91,-50.58,-226.41,288.25,244.52,29.49
2025-08-13T13:05:58.191896,170.0,379.0,-82.0,281.0,25.0,-56.0,115.0,-19.0,-191.0,183.0,360.0,2.0,195.66,288.35,-46.17,272.22,-9.54,-54.83,85.91,-57.58,-169.41,215.25,301.52,33.489999999999995
2025-08-13T13:05:58.196399,205.0,353.0,-15.0,280.0,40.0,-60.0,52.0,69.0,-184.0,161.0,304.0,-30.0,230.66,262.35,20.83,271.22,5.460000000000001,-58.83,22.91,30.42,-162.41,193.25,245.52,1.4899999999999984
2025-08-13T13:05:58.204428,180.0,395.0,-18.0,239.0,80.0,-125.0,64.0,7.0,-160.0,144.0,386.0,-13.0,205.66,304.35,17.83,230.22,45.46,-123.83,34.91,-31.58,-138.41,176.25,327.52,18.49
2025-08-13T13:05:58.212162,152.0,382.0,-89.0,271.0,-5.0,-116.0,27.0,115.0,-211.0,167.0,445.0,-27.0,177.66,291.35,-53.17,262.22,-39.54,-114.83,-2.09,76.42,-189.41,199.25,386.52,4.489999999999998
2025-08-13T13:05:58.216749,174.0,399.0,-67.0,271.0,75.0,-86.0,136.0,19.0,-227.0,214.0,409.0,-63.0,199.66,308.35,-31.17,262.22,40.46,-84.83,106.91,-19.58,-205.41,246.25,350.52,-31.51
2025-08-13T13:05:58.224789,143.0,311.0,-12.0,248.0,80.0,-118.0,107.0,21.0,-170.0,205.0,280.0,-83.0,168.66,220.35,23.83,239.22,45.46,-116.83,77.91,-17.58,-148.41,237.25,221.52,-51.510000000000005
2025-08-13T13:05:58.229391,155.0,399.0,-88.0,235.0,92.0,-129.0,103.0,36.0,-169.0,237.0,369.0,-10.0,180.66,308.35,-52.17,226.22,57.46,-127.83,73.91,-2.5799999999999983,-147.41,269.25,310.52,21.49
2025-08-13T13:05:58.237198,246.0,296.0,-106.0,177.0,45.0,-119.0,131.0,71.0,-178.0,109.0,410.0,-15.0,271.66,205.35,-70.17,168.22,10.46,-117.83,101.91,32.42,-156.41,141.25,351.52,16.49
2025-08-13T13:05:58.241886,97.0,392.0,-4.0,292.0,63.0,-99.0,154.0,19.0,-192.0,125.0,439.0,12.0,122.66,301.35,31.83,283.22,28.46,-97.83,124.91,-19.58,-170.41,157.25,380.52,43.489999999999995
2025-08-13T13:05:58.249930,145.0,385.0,-97.0,296.0,35.0,-80.0,105.0,8.0,-136.0,60.0,409.0,-67.0,170.66,294.35,-61.17,287.22,0.46000000000000085,-78.83,75.91,-30.58,-114.41,92.25,350.52,-35.510000000000005
2025-08-13T13:05:58.257650,194.0,340.0,-88.0,251.0,-16.0,-66.0,101.0,40.0,-171.0,231.0,378.0,-52.0,219.66,249.35,-52.17,242.22,-50.54,-64.83,71.91,1.4200000000000017,-149.41,263.25,319.52,-20.51
2025-08-13T13:05:58.262029,159.0,274.0,-6.0,251.0,100.0,-68.0,54.0,14.0,-193.0,175.0,378.0,-103.0,184.66,183.35,29.83,242.22,65.46000000000001,-66.83,24.91,-24.58,-171.41,207.25,319.52,-71.51
2025-08-13T13:05:58.269934,133.0,435.0,-116.0,320.0,48.0,-87.0,112.0,-43.0,-276.0,233.0,354.0,-50.0,158.66,344.35,-80.17,311.22,13.46,-85.83,82.91,-81.58,-254.41,265.25,295.52,-18.51
2025-08-13T13:05:58.275016,152.0,342.0,-65.0,260.0,32.0,-46.0,145.0,20.0,-204.0,162.0,299.0,26.0,177.66,251.35,-29.17,251.22,-2.539999999999999,-44.83,115.91,-18.58,-182.41,194.25,240.52,57.489999999999995
2025-08-13T13:05:58.282310,188.0,408.0,-15.0,250.0,144.0,-175.0,62.0,46.0,-232.0,43.0,460.0,-28.0,213.66,317.35,20.83,241.22,109.46000000000001,-173.83,32.91,7.420000000000002,-210.41,75.25,401.52,3.4899999999999984
2025-08-13T13:05:58.286751,111.0,396.0,-46.0,271.0,42.0,-134.0,93.0,25.0,-182.0,122.0,363.0,-80.0,136.66,305.35,-10.170000000000002,262.22,7.460000000000001,-132.83,63.91,-13.579999999999998,-160.41,154.25,304.52,-48.510000000000005
2025-08-13T13:05:58.294733,219.0,358.0,-29.0,260.0,101.0,5.0,23.0,-36.0,-234.0,237.0,423.0,-72.0,244.66,267.35,6.829999999999998,251.22,66.46000000000001,6.17,-6.09,-74.58,-212.41,269.25,364.52,-40.510000000000005
2025-08-13T13:05:58.302474,196.0,370.0,-32.0,287.0,96.0,-109.0,13.0,63.0,-183.0,154.0,365.0,-47.0,221.66,279.35,3.8299999999999983,278.22,61.46,-107.83,-16.09,24.42,-161.41,186.25,306.52,-15.510000000000002
2025-08-13T13:05:58.307145,122.0,356.0,-37.0,318.0,-10.0,-109.0,-25.0,26.0,-244.0,215.0,297.0,-26.0,147.66,265.35,-1.1700000000000017,309.22,-44.54,-107.83,-54.09,-12.579999999999998,-222.41,247.25,238.52,5.489999999999998
2025-08-13T13:05:58.314871,182.0,359.0,-1.0,261.0,25.0,-88.0,92.0,35.0,-241.0,149.0,353.0,-38.0,207.66,268.35,34.83,252.22,-9.54,-86.83,62.91,-3.5799999999999983,-219.41,181.25,294.52,-6.510000000000002
2025-08-13T13:05:58.319517,209.0,354.0,-1.0,266.0,142.0,-84.0,97.0,-18.0,-198.0,174.0,444.0,40.0,234.66,263.35,34.83,257.22,107.46000000000001,-82.83,67.91,-56.58,-176.41,206.25,385.52,71.49
2025-08-13T13:05:58.327412,127.0,373.0,56.0,262.0,32.0,-139.0,46.0,82.0,-214.0,129.0,379.0,-72.0,152.66,282.35,91.83,253.22,-2.539999999999999,-137.83,16.91,43.42,-192.41,161.25,320.52,-40.510000000000005
2025-08-13T13:05:58.331799,200.0,408.0,-44.0,270.0,87.0,-122.0,51.0,13.0,-196.0,238.0,380.0,-100.0,225.66,317.35,-8.170000000000002,261.22,52.46,-120.83,21.91,-25.58,-174.41,270.25,321.52,-68.51
2025-08-13T13:05:58.339871,246.0,387.0,-48.0,230.0,130.0,-164.0,100.0,-23.0,-242.0,193.0,367.0,-65.0,271.66,296.35,-12.170000000000002,221.22,95.46000000000001,-162.83,70.91,-61.58,-220.41,225.25,308.52,-33.510000000000005
2025-08-13T13:05:58.347728,201.0,339.0,118.0,293.0,63.0,-110.0,100.0,74.0,-192.0,117.0,349.0,39.0,226.66,248.35,153.82999999999998,284.22,28.46,-108.83,70.91,35.42,-170.41,149.25,290.52,70.49
2025-08-13T13:05:58.352260,213.0,454.0,-105.0,249.0,111.0,-79.0,67.0,-32.0,-187.0,119.0,349.0,-21.0,238.66,363.35,-69.17,240.22,76.46000000000001,-77.83,37.91,-70.58,-165.41,151.25,290.52,10.489999999999998
2025-08-13T13:05:58.359905,137.0,410.0,-11.0,255.0,126.0,-69.0,156.0,-4.0,-255.0,121.0,416.0,-13.0,162.66,319.35,24.83,246.22,91.46000000000001,-67.83,126.91,-42.58,-233.41,153.25,357.52,18.49
2025-08-13T13:05:58.364696,142.0,446.0,-31.0,250.0,49.0,-111.0,96.0,53.0,-163.0,98.0,407.0,-112.0,167.66,355.35,4.829999999999998,241.22,14.46,-109.83,66.91,14.420000000000002,-141.41,130.25,348.52,-80.51
2025-08-13T13:05:58.372530,216.0,409.0,-78.0,258.0,127.0,-82.0,57.0,181.0,-186.0,192.0,400.0,-27.0,241.66,318.35,-42.17,249.22,92.46000000000001,-80.83,27.91,142.42000000000002,-164.41,224.25,341.52,4.489999999999998
2025-08-13T13:05:58.380117,185.0,327.0,-60.0,279.0,116.0,-108.0,89.0,62.0,-265.0,154.0,335.0,-72.0,210.66,236.35,-24.17,270.22,81.46000000000001,-106.83,59.91,23.42,-243.41,186.25,276.52,-40.510000000000005
2025-08-13T13:05:58.384833,143.0,410.0,-30.0,254.0,23.0,-68.0,116.0,91.0,-215.0,225.0,378.0,38.0,168.66,319.35,5.829999999999998,245.22,-11.54,-66.83,86.91,52.42,-193.41,257.25,319.52,69.49
2025-08-13T13:05:58.392760,226.0,390.0,-18.0,267.0,86.0,-103.0,95.0,74.0,-230.0,108.0,378.0,20.0,251.66,299.35,17.83,258.22,51.46,-101.83,65.91,35.42,-208.41,140.25,319.52,51.489999999999995
2025-08-13T13:05:58.397297,162.0,354.0,-28.0,220.0,88.0,-109.0,80.0,85.0,-176.0,105.0,434.0,-32.0,187.66,263.35,7.829999999999998,211.22,53.46,-107.83,50.91,46.42,-154.41,137.25,375.52,-0.5100000000000016
2025-08-13T13:05:58.405078,84.0,477.0,-31.0,281.0,31.0,-76.0,-18.0,49.0,-274.0,112.0,372.0,-44.0,109.66,386.35,4.829999999999998,272.22,-3.539999999999999,-74.83,-47.09,10.420000000000002,-252.41,144.25,313.52,-12.510000000000002
2025-08-13T13:05:58.409752,92.0,416.0,-103.0,250.0,29.0,-117.0,85.0,33.0,-226.0,226.0,402.0,-127.0,117.66,325.35,-67.17,241.22,-5.539999999999999,-115.83,55.91,-5.579999999999998,-204.41,258.25,343.52,-95.51
2025-08-13T13:05:58.417653,240.0,385.0,-57.0,302.0,52.0,-147.0,74.0,19.0,-213.0,218.0,355.0,-46.0,265.66,294.35,-21.17,293.22,17.46,-145.83,44.91,-19.58,-191.41,250.25,296.52,-14.510000000000002
2025-08-13T13:05:58.422615,116.0,359.0,-51.0,261.0,11.0,-87.0,93.0,38.0,-169.0,143.0,395.0,-74.0,141.66,268.35,-15.170000000000002,252.22,-23.54,-85.83,63.91,-0.5799999999999983,-147.41,175.25,336.52,-42.510000000000005
2025-08-13T13:05:58.429904,107.0,409.0,-104.0,277.0,-2.0,-107.0,105.0,59.0,-247.0,195.0,356.0,-125.0,132.66,318.35,-68.17,268.22,-36.54,-105.83,75.91,20.42,-225.41,227.25,297.52,-93.51
2025-08-13T13:05:58.437708,250.0,356.0,-100.0,249.0,39.0,-123.0,154.0,83.0,-213.0,125.0,397.0,-14.0,275.66,265.35,-64.17,240.22,4.460000000000001,-121.83,124.91,44.42,-191.41,157.25,338.52,17.49
2025-08-13T13:05:58.442295,119.0,301.0,-32.0,280.0,4.0,-69.0,61.0,1.0,-248.0,159.0,418.0,-11.0,144.66,210.35,3.8299999999999983,271.22,-30.54,-67.83,31.91,-37.58,-226.41,191.25,359.52,20.49
2025-08-13T13:05:58.450175,100.0,431.0,-34.0,163.0,100.0,-62.0,131.0,68.0,-166.0,82.0,476.0,-87.0,125.66,340.35,1.8299999999999983,154.22,65.46000000000001,-60.83,101.91,29.42,-144.41,114.25,417.52,-55.510000000000005
2025-08-13T13:05:58.454854,189.0,427.0,-126.0,289.0,45.0,-161.0,107.0,-15.0,-247.0,163.0,426.0,-31.0,214.66,336.35,-90.17,280.22,10.46,-159.83,77.91,-53.58,-225.41,195.25,367.52,0.48999999999999844
2025-08-13T13:05:58.462528,221.0,323.0,-5.0,330.0,89.0,-78.0,170.0,77.0,-213.0,212.0,318.0,-99.0,246.66,232.35,30.83,321.22,54.46,-76.83,140.91,38.42,-191.41,244.25,259.52,-67.51
2025-08-13T13:05:58.470256,155.0,454.0,-19.0,267.0,113.0,-92.0,83.0,63.0,-211.0,129.0,319.0,-38.0,180.66,363.35,16.83,258.22,78.46000000000001,-90.83,53.91,24.42,-189.41,161.25,260.52,-6.510000000000002
2025-08-13T13:05:58.475791,167.0,441.0,-37.0,296.0,98.0,-71.0,109.0,108.0,-217.0,96.0,380.0,-45.0,192.66,350.35,-1.1700000000000017,287.22,63.46,-69.83,79.91,69.42,-195.41,128.25,321.52,-13.510000000000002
2025-08-13T13:05:58.482759,199.0,289.0,-46.0,192.0,82.0,-67.0,64.0,78.0,-163.0,156.0,360.0,-2.0,224.66,198.35,-10.170000000000002,183.22,47.46,-65.83,34.91,39.42,-141.41,188.25,301.52,29.49
2025-08-13T13:05:58.487288,161.0,406.0,-23.0,170.0,96.0,-79.0,129.0,23.0,-300.0,120.0,473.0,-64.0,186.66,315.35,12.829999999999998,161.22,61.46,-77.83,99.91,-15.579999999999998,-278.41,152.25,414.52,-32.510000000000005
2025-08-13T13:05:58.495181,123.0,378.0,-66.0,221.0,49.0,-165.0,100.0,16.0,-225.0,214.0,473.0,-78.0,148.66,287.35,-30.17,212.22,14.46,-163.83,70.91,-22.58,-203.41,246.25,414.52,-46.510000000000005
2025-08-13T13:05:58.499962,152.0,346.0,-63.0,233.0,39.0,-175.0,79.0,97.0,-181.0,198.0,364.0,-79.0,177.66,255.35,-27.17,224.22,4.460000000000001,-173.83,49.91,58.42,-159.41,230.25,305.52,-47.510000000000005
2025-08-13T13:05:58.507585,145.0,443.0,14.0,253.0,17.0,-70.0,84.0,25.0,-244.0,229.0,346.0,-23.0,170.66,352.35,49.83,244.22,-17.54,-68.83,54.91,-13.579999999999998,-222.41,261.25,287.52,8.489999999999998
2025-08-13T13:05:58.515499,140.0,412.0,-115.0,253.0,106.0,-126.0,184.0,51.0,-294.0,151.0,369.0,-103.0,165.66,321.35,-79.17,244.22,71.46000000000001,-124.83,154.91,12.420000000000002,-272.41,183.25,310.52,-71.51
2025-08-13T13:05:58.520001,219.0,374.0,-8.0,219.0,16.0,-88.0,113.0,14.0,-256.0,124.0,417.0,-36.0,244.66,283.35,27.83,210.22,-18.54,-86.83,83.91,-24.58,-234.41,156.25,358.52,-4.510000000000002
2025-08-13T13:05:58.527866,148.0,406.0,-52.0,240.0,69.0,-81.0,101.0,117.0,-215.0,102.0,409.0,-58.0,173.66,315.35,-16.17,231.22,34.46,-79.83,71.91,78.42,-193.41,134.25,350.52,-26.51
2025-08-13T13:05:58.532350,261.0,411.0,-65.0,297.0,37.0,-125.0,142.0,35.0,-280.0,163.0,394.0,-61.0,286.66,320.35,-29.17,288.22,2.460000000000001,-123.83,112.91,-3.5799999999999983,-258.41,195.25,335.52,-29.51
2025-08-13T13:05:58.540392,255.0,339.0,-21.0,276.0,37.0,-93.0,54.0,91.0,-276.0,178.0,359.0,-2.0,280.66,248.35,14.829999999999998,267.22,2.460000000000001,-91.83,24.91,52.42,-254.41,210.25,300.52,29.49
2025-08-13T13:05:58.544814,185.0,395.0,18.0,224.0,113.0,-102.0,99.0,67.0,-218.0,106.0,351.0,2.0,210.66,304.35,53.83,215.22,78.46000000000001,-100.83,69.91,28.42,-196.41,138.25,292.52,33.489999999999995
2025-08-13T13:05:58.552814,203.0,357.0,-122.0,236.0,16.0,-82.0,99.0,105.0,-281.0,136.0,437.0,31.0,228.66,266.35,-86.17,227.22,-18.54,-80.83,69.91,66.42,-259.41,168.25,378.52,62.489999999999995
2025-08-13T13:05:58.560430,195.0,355.0,-28.0,254.0,43.0,-88.0,70.0,21.0,-280.0,120.0,468.0,-39.0,220.66,264.35,7.829999999999998,245.22,8.46,-86.83,40.91,-17.58,-258.41,152.25,409.52,-7.510000000000002
2025-08-13T13:05:58.565052,93.0,403.0,35.0,242.0,97.0,-136.0,169.0,-28.0,-171.0,122.0,415.0,-50.0,118.66,312.35,70.83,233.22,62.46,-134.83,139.91,-66.58,-149.41,154.25,356.52,-18.51
2025-08-13T13:05:58.572909,158.0,412.0,-53.0,294.0,34.0,-95.0,63.0,107.0,-190.0,149.0,333.0,-71.0,183.66,321.35,-17.17,285.22,-0.5399999999999991,-93.83,33.91,68.42,-168.41,181.25,274.52,-39.510000000000005
2025-08-13T13:05:58.577591,207.0,379.0,-17.0,295.0,15.0,-79.0,98.0,76.0,-205.0,187.0,389.0,9.0,232.66,288.35,18.83,286.22,-19.54,-77.83,68.91,37.42,-183.41,219.25,330.52,40.489999999999995
2025-08-13T13:05:58.585301,132.0,411.0,-45.0,263.0,99.0,-141.0,123.0,26.0,-247.0,79.0,363.0,-50.0,157.66,320.35,-9.170000000000002,254.22,64.46000000000001,-139.83,93.91,-12.579999999999998,-225.41,111.25,304.52,-18.51
2025-08-13T13:05:58.589956,148.0,456.0,-143.0,287.0,30.0,-160.0,195.0,58.0,-268.0,182.0,378.0,-70.0,173.66,365.35,-107.17,278.22,-4.539999999999999,-158.83,165.91,19.42,-246.41,214.25,319.52,-38.510000000000005
2025-08-13T13:05:58.597794,195.0,366.0,-16.0,180.0,19.0,-105.0,63.0,107.0,-224.0,169.0,403.0,-103.0,220.66,275.35,19.83,171.22,-15.54,-103.83,33.91,68.42,-202.41,201.25,344.52,-71.51
2025-08-13T13:05:58.605726,90.0,460.0,-11.0,232.0,112.0,-142.0,62.0,40.0,-265.0,139.0,374.0,-43.0,115.66,369.35,24.83,223.22,77.46000000000001,-140.83,32.91,1.4200000000000017,-243.41,171.25,315.52,-11.510000000000002
2025-08-13T13:05:58.610211,210.0,438.0,-86.0,266.0,0.0,-91.0,106.0,20.0,-172.0,244.0,341.0,-139.0,235.66,347.35,-50.17,257.22,-34.54,-89.83,76.91,-18.58,-150.41,276.25,282.52,-107.51
2025-08-13T13:05:58.617817,202.0,318.0,36.0,287.0,67.0,-104.0,88.0,84.0,-228.0,167.0,371.0,-5.0,227.66,227.35,71.83,278.22,32.46,-102.83,58.91,45.42,-206.41,199.25,312.52,26.49
2025-08-13T13:05:58.622437,137.0,370.0,-10.0,215.0,56.0,-109.0,122.0,39.0,-229.0,133.0,399.0,9.0,162.66,279.35,25.83,206.22,21.46,-107.83,92.91,0.4200000000000017,-207.41,165.25,340.52,40.489999999999995
2025-08-13T13:05:58.630621,226.0,376.0,-93.0,253.0,35.0,-170.0,140.0,-16.0,-238.0,104.0,393.0,-39.0,251.66,285.35,-57.17,244.22,0.46000000000000085,-168.83,110.91,-54.58,-216.41,136.25,334.52,-7.510000000000002
2025-08-13T13:05:58.635856,183.0,354.0,-11.0,227.0,67.0,-94.0,132.0,-23.0,-197.0,76.0,389.0,-27.0,208.66,263.35,24.83,218.22,32.46,-92.83,102.91,-61.58,-175.41,108.25,330.52,4.489999999999998
2025-08-13T13:05:58.642799,134.0,349.0,-29.0,234.0,114.0,-83.0,66.0,33.0,-264.0,208.0,305.0,-159.0,159.66,258.35,6.829999999999998,225.22,79.46000000000001,-81.83,36.91,-5.579999999999998,-242.41,240.25,246.52,-127.51
2025-08-13T13:05:58.650724,195.0,321.0,-67.0,329.0,29.0,-86.0,74.0,9.0,-271.0,197.0,358.0,-88.0,220.66,230.35,-31.17,320.22,-5.539999999999999,-84.83,44.91,-29.58,-249.41,229.25,299.52,-56.510000000000005
2025-08-13T13:05:58.655312,186.0,300.0,-5.0,186.0,53.0,-41.0,190.0,61.0,-248.0,171.0,270.0,-32.0,211.66,209.35,30.83,177.22,18.46,-39.83,160.91,22.42,-226.41,203.25,211.52,-0.5100000000000016
2025-08-13T13:05:58.663000,105.0,328.0,30.0,138.0,115.0,-12.0,86.0,28.0,-247.0,92.0,260.0,-28.0,130.66,237.35,65.83,129.22,80.46000000000001,-10.83,56.91,-10.579999999999998,-225.41,124.25,201.52,3.4899999999999984
2025-08-13T13:05:58.667785,48.0,423.0,-64.0,190.0,113.0,-70.0,128.0,79.0,-184.0,144.0,381.0,-29.0,73.66,332.35,-28.17,181.22,78.46000000000001,-68.83,98.91,40.42,-162.41,176.25,322.52,2.4899999999999984
2025-08-13T13:05:58.675509,133.0,247.0,-63.0,159.0,78.0,-131.0,101.0,53.0,-205.0,55.0,363.0,-104.0,158.66,156.35,-27.17,150.22,43.46,-129.83,71.91,14.420000000000002,-183.41,87.25,304.52,-72.51
2025-08-13T13:05:58.681585,56.0,275.0,39.0,152.0,100.0,-75.0,65.0,85.0,-318.0,170.0,284.0,-120.0,81.66,184.35,74.83,143.22,65.46000000000001,-73.83,35.91,46.42,-296.41,202.25,225.52,-88.51
2025-08-13T13:05:58.687977,112.0,341.0,-28.0,245.0,59.0,-57.0,147.0,3.0,-172.0,159.0,278.0,-126.0,137.66,250.35,7.829999999999998,236.22,24.46,-55.83,117.91,-35.58,-150.41,191.25,219.52,-94.51
2025-08-13T13:05:58.695722,61.0,282.0,-49.0,212.0,90.0,-80.0,127.0,132.0,-214.0,88.0,239.0,-1.0,86.66,191.35,-13.170000000000002,203.22,55.46,-78.83,97.91,93.42,-192.41,120.25,180.52,30.49
2025-08-13T13:05:58.700170,73.0,228.0,-8.0,156.0,98.0,-6.0,120.0,99.0,-202.0,119.0,140.0,-11.0,98.66,137.35,27.83,147.22,63.46,-4.83,90.91,60.42,-180.41,151.25,81.52000000000001,20.49
2025-08-13T13:05:58.708113,-32.0,195.0,5.0,64.0,103.0,5.0,88.0,95.0,-184.0,127.0,252.0,12.0,-6.34,104.35,40.83,55.22,68.46000000000001,6.17,58.91,56.42,-162.41,159.25,193.52,43.489999999999995
2025-08-13T13:05:58.712631,48.0,253.0,-14.0,143.0,91.0,-25.0,86.0,32.0,-243.0,26.0,248.0,-17.0,73.66,162.35,21.83,134.22,56.46,-23.83,56.91,-6.579999999999998,-221.41,58.25,189.52,14.489999999999998
2025-08-13T13:05:58.720616,0.0,272.0,-100.0,159.0,29.0,-49.0,96.0,-44.0,-127.0,76.0,264.0,-57.0,25.66,181.35,-64.17,150.22,-5.539999999999999,-47.83,66.91,-82.58,-105.41,108.25,205.52,-25.51
2025-08-13T13:05:58.725039,105.0,138.0,-47.0,137.0,168.0,64.0,98.0,148.0,-126.0,87.0,221.0,-46.0,130.66,47.349999999999994,-11.170000000000002,128.22,133.46,65.17,68.91,109.42,-104.41,119.25,162.52,-14.510000000000002
2025-08-13T13:05:58.732763,36.0,182.0,-20.0,109.0,47.0,3.0,53.0,61.0,-169.0,171.0,95.0,-6.0,61.66,91.35,15.829999999999998,100.22,12.46,4.17,23.91,22.42,-147.41,203.25,36.52,25.49
2025-08-13T13:05:58.737478,43.0,184.0,-10.0,117.0,30.0,-15.0,80.0,45.0,-128.0,120.0,140.0,2.0,68.66,93.35,25.83,108.22,-4.539999999999999,-13.83,50.91,6.420000000000002,-106.41,152.25,81.52000000000001,33.489999999999995
2025-08-13T13:05:58.745007,50.0,143.0,-87.0,77.0,60.0,21.0,184.0,46.0,-122.0,94.0,79.0,-33.0,75.66,52.349999999999994,-51.17,68.22,25.46,22.17,154.91,7.420000000000002,-100.41,126.25,20.520000000000003,-1.5100000000000016
2025-08-13T13:05:58.749616,-28.0,166.0,-85.0,-9.0,20.0,0.0,141.0,71.0,-30.0,32.0,99.0,-36.0,-2.34,75.35,-49.17,-17.78,-14.54,1.17,111.91,32.42,-8.41,64.25,40.52,-4.510000000000002
2025-08-13T13:05:58.757538,71.0,71.0,-39.0,26.0,106.0,0.0,21.0,-20.0,-40.0,140.0,42.0,-60.0,96.66,-19.650000000000006,-3.1700000000000017,17.22,71.46000000000001,1.17,-8.09,-58.58,-18.41,172.25,-16.479999999999997,-28.51
2025-08-13T13:05:58.763033,37.0,126.0,-10.0,61.0,76.0,-76.0,59.0,11.0,-86.0,118.0,63.0,-31.0,62.66,35.349999999999994,25.83,52.22,41.46,-74.83,29.91,-27.58,-64.41,150.25,4.520000000000003,0.48999999999999844
2025-08-13T13:05:58.769881,-47.0,121.0,-57.0,94.0,76.0,-10.0,85.0,164.0,-44.0,82.0,44.0,-36.0,-21.34,30.349999999999994,-21.17,85.22,41.46,-8.83,55.91,125.42,-22.41,114.25,-14.479999999999997,-4.510000000000002
2025-08-13T13:05:58.779015,-96.0,158.0,-42.0,96.0,60.0,3.0,51.0,105.0,-115.0,66.0,73.0,-52.0,-70.34,67.35,-6.170000000000002,87.22,25.46,4.17,21.91,66.42,-93.41,98.25,14.520000000000003,-20.51
2025-08-13T13:05:58.785613,-82.0,186.0,-100.0,-12.0,42.0,-8.0,54.0,27.0,-51.0,87.0,33.0,-5.0,-56.34,95.35,-64.17,-20.78,7.460000000000001,-6.83,24.91,-11.579999999999998,-29.41,119.25,-25.479999999999997,26.49
2025-08-13T13:05:58.791675,-17.0,141.0,-95.0,-8.0,66.0,54.0,87.0,51.0,-36.0,27.0,-4.0,-60.0,8.66,50.349999999999994,-59.17,-16.78,31.46,55.17,57.91,12.420000000000002,-14.41,59.25,-62.48,-28.51
2025-08-13T13:05:58.795882,21.0,15.0,17.0,62.0,26.0,4.0,61.0,9.0,-94.0,97.0,-21.0,-33.0,46.66,-75.65,52.83,53.22,-8.54,5.17,31.91,-29.58,-72.41,129.25,-79.47999999999999,-1.5100000000000016
2025-08-13T13:05:58.799527,-24.0,129.0,-21.0,67.0,3.0,-17.0,60.0,35.0,-116.0,48.0,88.0,-49.0,1.6600000000000001,38.349999999999994,14.829999999999998,58.22,-31.54,-15.83,30.91,-3.5799999999999983,-94.41,80.25,29.520000000000003,-17.51
2025-08-13T13:05:58.806396,33.0,51.0,-34.0,57.0,84.0,8.0,39.0,87.0,-47.0,111.0,111.0,-1.0,58.66,-39.650000000000006,1.8299999999999983,48.22,49.46,9.17,9.91,48.42,-25.41,143.25,52.52,30.49
2025-08-13T13:05:58.810739,-14.0,70.0,-69.0,50.0,24.0,35.0,47.0,58.0,-28.0,78.0,67.0,-26.0,11.66,-20.650000000000006,-33.17,41.22,-10.54,36.17,17.91,19.42,-6.41,110.25,8.520000000000003,5.489999999999998
2025-08-13T13:05:58.818572,25.0,131.0,-50.0,-3.0,10.0,31.0,63.0,37.0,-26.0,68.0,36.0,-11.0,50.66,40.349999999999994,-14.170000000000002,-11.78,-24.54,32.17,33.91,-1.5799999999999983,-4.41,100.25,-22.479999999999997,20.49
2025-08-13T13:05:58.822683,-9.0,110.0,-91.0,-79.0,50.0,-1.0,22.0,-8.0,-46.0,68.0,118.0,-67.0,16.66,19.349999999999994,-55.17,-87.78,15.46,0.16999999999999993,-7.09,-46.58,-24.41,100.25,59.52,-35.510000000000005
2025-08-13T13:05:58.830778,12.0,116.0,-40.0,-56.0,40.0,-27.0,55.0,16.0,-22.0,61.0,109.0,-61.0,37.66,25.349999999999994,-4.170000000000002,-64.78,5.460000000000001,-25.83,25.91,-22.58,-0.41000000000000014,93.25,50.52,-29.51
2025-08-13T13:05:58.834958,52.0,20.0,-123.0,-45.0,53.0,-93.0,-11.0,23.0,-17.0,-11.0,89.0,-78.0,77.66,-70.65,-87.17,-53.78,18.46,-91.83,-40.09,-15.579999999999998,4.59,21.25,30.520000000000003,-46.510000000000005
2025-08-13T13:05:58.843308,97.0,153.0,-55.0,-1.0,-29.0,-23.0,-16.0,3.0,-46.0,8.0,123.0,-36.0,122.66,62.349999999999994,-19.17,-9.78,-63.54,-21.83,-45.09,-35.58,-24.41,40.25,64.52000000000001,-4.510000000000002
2025-08-13T13:05:58.847533,-86.0,64.0,-18.0,66.0,114.0,-17.0,2.0,87.0,8.0,69.0,129.0,-75.0,-60.34,-26.650000000000006,17.83,57.22,79.46000000000001,-15.83,-27.09,48.42,29.59,101.25,70.52000000000001,-43.510000000000005
2025-08-13T13:05:58.855574,-67.0,165.0,-42.0,14.0,-25.0,-21.0,61.0,32.0,-94.0,-38.0,60.0,-66.0,-41.34,74.35,-6.170000000000002,5.220000000000001,-59.54,-19.83,31.91,-6.579999999999998,-72.41,-5.75,1.5200000000000031,-34.510000000000005
2025-08-13T13:05:58.859609,-5.0,194.0,-108.0,16.0,8.0,20.0,13.0,36.0,-39.0,39.0,85.0,-44.0,20.66,103.35,-72.17,7.220000000000001,-26.54,21.17,-16.09,-2.5799999999999983,-17.41,71.25,26.520000000000003,-12.510000000000002
2025-08-13T13:05:58.867702,20.0,176.0,-73.0,-14.0,93.0,-15.0,108.0,53.0,-34.0,58.0,46.0,-11.0,45.66,85.35,-37.17,-22.78,58.46,-13.83,78.91,14.420000000000002,-12.41,90.25,-12.479999999999997,20.49
2025-08-13T13:05:58.871830,42.0,99.0,-80.0,-2.0,28.0,-70.0,15.0,-20.0,-15.0,88.0,75.0,-95.0,67.66,8.349999999999994,-44.17,-10.78,-6.539999999999999,-68.83,-14.09,-58.58,6.59,120.25,16.520000000000003,-63.510000000000005
2025-08-13T13:05:58.880092,-10.0,23.0,6.0,-7.0,37.0,-38.0,53.0,59.0,3.0,0.0,42.0,12.0,15.66,-67.65,41.83,-15.78,2.460000000000001,-36.83,23.91,20.42,24.59,32.25,-16.479999999999997,43.489999999999995
2025-08-13T13:05:58.884194,-4.0,88.0,-30.0,-8.0,75.0,-32.0,28.0,16.0,9.0,-33.0,48.0,-69.0,21.66,-2.6500000000000057,5.829999999999998,-16.78,40.46,-30.83,-1.0899999999999999,-22.58,30.59,-0.75,-10.479999999999997,-37.510000000000005
2025-08-13T13:05:58.892377,76.0,104.0,-37.0,5.0,74.0,-60.0,45.0,5.0,-101.0,-35.0,98.0,-59.0,101.66,13.349999999999994,-1.1700000000000017,-3.7799999999999994,39.46,-58.83,15.91,-33.58,-79.41,-2.75,39.52,-27.51
2025-08-13T13:05:58.896671,-56.0,104.0,-117.0,73.0,14.0,1.0,25.0,44.0,38.0,-67.0,53.0,-96.0,-30.34,13.349999999999994,-81.17,64.22,-20.54,2.17,-4.09,5.420000000000002,59.59,-34.75,-5.479999999999997,-64.51
2025-08-13T13:05:58.904590,-45.0,106.0,-19.0,-30.0,-12.0,11.0,-1.0,30.0,-22.0,-11.0,71.0,-33.0,-19.34,15.349999999999994,16.83,-38.78,-46.54,12.17,-30.09,-8.579999999999998,-0.41000000000000014,21.25,12.520000000000003,-1.5100000000000016
2025-08-13T13:05:58.908966,-86.0,154.0,-65.0,5.0,40.0,18.0,40.0,58.0,-45.0,-17.0,48.0,-71.0,-60.34,63.349999999999994,-29.17,-3.7799999999999994,5.460000000000001,19.17,10.91,19.42,-23.41,15.25,-10.479999999999997,-39.510000000000005
2025-08-13T13:05:58.916879,26.0,103.0,-103.0,50.0,83.0,-2.0,92.0,-90.0,-42.0,-39.0,64.0,-43.0,51.66,12.349999999999994,-67.17,41.22,48.46,-0.8300000000000001,62.91,-128.57999999999998,-20.41,-6.75,5.520000000000003,-11.510000000000002
2025-08-13T13:05:58.921327,-30.0,45.0,-109.0,1.0,43.0,-12.0,12.0,38.0,-107.0,-59.0,48.0,-27.0,-4.34,-45.650000000000006,-73.17,-7.779999999999999,8.46,-10.83,-17.09,-0.5799999999999983,-85.41,-26.75,-10.479999999999997,4.489999999999998
2025-08-13T13:05:58.929303,13.0,49.0,-85.0,-15.0,59.0,-62.0,74.0,72.0,-62.0,5.0,48.0,-90.0,38.66,-41.650000000000006,-49.17,-23.78,24.46,-60.83,44.91,33.42,-40.41,37.25,-10.479999999999997,-58.510000000000005
2025-08-13T13:05:58.933813,-56.0,11.0,-47.0,66.0,72.0,-26.0,58.0,41.0,-115.0,-58.0,97.0,-87.0,-30.34,-79.65,-11.170000000000002,57.22,37.46,-24.83,28.91,2.4200000000000017,-93.41,-25.75,38.52,-55.510000000000005
2025-08-13T13:05:58.941832,-45.0,145.0,-77.0,-1.0,23.0,-18.0,100.0,64.0,9.0,4.0,49.0,-62.0,-19.34,54.349999999999994,-41.17,-9.78,-11.54,-16.83,70.91,25.42,30.59,36.25,-9.479999999999997,-30.51
2025-08-13T13:05:58.946320,-45.0,142.0,-1.0,3.0,57.0,-21.0,58.0,-32.0,-46.0,1.0,68.0,-87.0,-19.34,51.349999999999994,34.83,-5.779999999999999,22.46,-19.83,28.91,-70.58,-24.41,33.25,9.520000000000003,-55.510000000000005
2025-08-13T13:05:58.953994,-27.0,195.0,-33.0,44.0,72.0,17.0,9.0,43.0,-92.0,-28.0,91.0,-38.0,-1.3399999999999999,104.35,2.8299999999999983,35.22,37.46,18.17,-20.09,4.420000000000002,-70.41,4.25,32.52,-6.510000000000002
2025-08-13T13:05:58.961114,-47.0,170.0,-73.0,18.0,134.0,-47.0,-17.0,36.0,-91.0,3.0,85.0,-50.0,-21.34,79.35,-37.17,9.22,99.46000000000001,-45.83,-46.09,-2.5799999999999983,-69.41,35.25,26.520000000000003,-18.51
2025-08-13T13:05:58.970948,34.0,164.0,-124.0,77.0,39.0,-7.0,115.0,56.0,-8.0,-62.0,45.0,-59.0,59.66,73.35,-88.17,68.22,4.460000000000001,-5.83,85.91,17.42,13.59,-29.75,-13.479999999999997,-27.51
2025-08-13T13:05:58.981788,24.0,92.0,-97.0,70.0,26.0,-31.0,10.0,-10.0,29.0,-6.0,127.0,-45.0,49.66,1.3499999999999943,-61.17,61.22,-8.54,-29.83,-19.09,-48.58,50.59,26.25,68.52000000000001,-13.510000000000002
2025-08-13T13:05:58.987493,95.0,62.0,-44.0,25.0,75.0,28.0,45.0,53.0,-69.0,-51.0,125.0,-66.0,120.66,-28.650000000000006,-8.170000000000002,16.22,40.46,29.17,15.91,14.420000000000002,-47.41,-18.75,66.52000000000001,-34.510000000000005
2025-08-13T13:05:58.992116,-82.0,132.0,-61.0,-21.0,-14.0,16.0,25.0,40.0,-24.0,-19.0,81.0,-94.0,-56.34,41.349999999999994,-25.17,-29.78,-48.54,17.17,-4.09,1.4200000000000017,-2.41,13.25,22.520000000000003,-62.510000000000005
2025-08-13T13:05:58.995609,26.0,206.0,-23.0,17.0,65.0,-4.0,-2.0,32.0,20.0,-50.0,48.0,-51.0,51.66,115.35,12.829999999999998,8.22,30.46,-2.83,-31.09,-6.579999999999998,41.59,-17.75,-10.479999999999997,-19.51
2025-08-13T13:05:58.998653,-48.0,78.0,-57.0,22.0,47.0,35.0,28.0,33.0,-79.0,-19.0,105.0,-62.0,-22.34,-12.650000000000006,-21.17,13.22,12.46,36.17,-1.0899999999999999,-5.579999999999998,-57.41,13.25,46.52,-30.51
2025-08-13T13:05:59.002881,-7.0,152.0,-70.0,47.0,24.0,-58.0,7.0,60.0,-44.0,-49.0,91.0,-25.0,18.66,61.349999999999994,-34.17,38.22,-10.54,-56.83,-22.09,21.42,-22.41,-16.75,32.52,6.489999999999998
2025-08-13T13:05:59.007936,23.0,93.0,-106.0,62.0,40.0,-60.0,13.0,22.0,-19.0,21.0,62.0,-71.0,48.66,2.3499999999999943,-70.17,53.22,5.460000000000001,-58.83,-16.09,-16.58,2.59,53.25,3.520000000000003,-39.510000000000005
2025-08-13T13:05:59.015431,60.0,109.0,-21.0,69.0,68.0,-36.0,22.0,97.0,-111.0,-67.0,74.0,-50.0,85.66,18.349999999999994,14.829999999999998,60.22,33.46,-34.83,-7.09,58.42,-89.41,-34.75,15.520000000000003,-18.51
2025-08-13T13:05:59.019958,2.0,94.0,-17.0,10.0,86.0,-7.0,28.0,42.0,-91.0,21.0,46.0,-36.0,27.66,3.3499999999999943,18.83,1.2200000000000006,51.46,-5.83,-1.0899999999999999,3.4200000000000017,-69.41,53.25,-12.479999999999997,-4.510000000000002
2025-08-13T13:05:59.028202,-72.0,65.0,-64.0,-30.0,43.0,76.0,12.0,55.0,-82.0,-21.0,24.0,-83.0,-46.34,-25.650000000000006,-28.17,-38.78,8.46,77.17,-17.09,16.42,-60.41,11.25,-34.48,-51.510000000000005
2025-08-13T13:05:59.031969,-39.0,103.0,-68.0,-38.0,60.0,-24.0,8.0,57.0,-86.0,-8.0,34.0,-30.0,-13.34,12.349999999999994,-32.17,-46.78,25.46,-22.83,-21.09,18.42,-64.41,24.25,-24.479999999999997,1.4899999999999984
2025-08-13T13:05:59.039823,-25.0,108.0,-47.0,37.0,108.0,-9.0,38.0,34.0,-70.0,-35.0,9.0,-81.0,0.6600000000000001,17.349999999999994,-11.170000000000002,28.22,73.46000000000001,-7.83,8.91,-4.579999999999998,-48.41,-2.75,-49.48,-49.510000000000005
2025-08-13T13:05:59.044289,-78.0,157.0,-42.0,76.0,51.0,-6.0,69.0,36.0,51.0,3.0,52.0,-72.0,-52.34,66.35,-6.170000000000002,67.22,16.46,-4.83,39.91,-2.5799999999999983,72.59,35.25,-6.479999999999997,-40.510000000000005
2025-08-13T13:05:59.052091,47.0,67.0,-68.0,31.0,76.0,-20.0,19.0,58.0,-74.0,-54.0,66.0,-51.0,72.66,-23.650000000000006,-32.17,22.22,41.46,-18.83,-10.09,19.42,-52.41,-21.75,7.520000000000003,-19.51
2025-08-13T13:05:59.056388,18.0,12.0,-72.0,43.0,-5.0,-28.0,12.0,102.0,-62.0,-74.0,83.0,-59.0,43.66,-78.65,-36.17,34.22,-39.54,-26.83,-17.09,63.42,-40.41,-41.75,24.520000000000003,-27.51
2025-08-13T13:05:59.064395,14.0,102.0,-37.0,37.0,34.0,70.0,97.0,62.0,-73.0,-42.0,97.0,-37.0,39.66,11.349999999999994,-1.1700000000000017,28.22,-0.5399999999999991,71.17,67.91,23.42,-51.41,-9.75,38.52,-5.510000000000002
2025-08-13T13:05:59.068809,-54.0,105.0,-34.0,-18.0,27.0,-41.0,32.0,21.0,-41.0,-53.0,103.0,37.0,-28.34,14.349999999999994,1.8299999999999983,-26.78,-7.539999999999999,-39.83,2.91,-17.58,-19.41,-20.75,44.52,68.49
2025-08-13T13:05:59.076758,-114.0,147.0,-68.0,8.0,37.0,-113.0,31.0,16.0,49.0,106.0,90.0,-136.0,-88.34,56.349999999999994,-32.17,-0.7799999999999994,2.460000000000001,-111.83,1.9100000000000001,-22.58,70.59,138.25,31.520000000000003,-104.51
2025-08-13T13:05:59.080991,-18.0,132.0,-35.0,53.0,23.0,15.0,14.0,25.0,-62.0,3.0,-8.0,-60.0,7.66,41.349999999999994,0.8299999999999983,44.22,-11.54,16.17,-15.09,-13.579999999999998,-40.41,35.25,-66.47999999999999,-28.51
2025-08-13T13:05:59.089076,-11.0,81.0,-109.0,-8.0,50.0,-31.0,-8.0,31.0,-22.0,15.0,99.0,-52.0,14.66,-9.650000000000006,-73.17,-16.78,15.46,-29.83,-37.09,-7.579999999999998,-0.41000000000000014,47.25,40.52,-20.51
2025-08-13T13:05:59.093399,2.0,100.0,-99.0,-27.0,2.0,-71.0,6.0,-6.0,-19.0,32.0,77.0,-25.0,27.66,9.349999999999994,-63.17,-35.78,-32.54,-69.83,-23.09,-44.58,2.59,64.25,18.520000000000003,6.489999999999998
2025-08-13T13:05:59.101404,-36.0,167.0,-121.0,-46.0,-56.0,-45.0,44.0,74.0,-30.0,29.0,15.0,-41.0,-10.34,76.35,-85.17,-54.78,-90.53999999999999,-43.83,14.91,35.42,-8.41,61.25,-43.48,-9.510000000000002
2025-08-13T13:05:59.105799,15.0,164.0,-129.0,52.0,90.0,7.0,-50.0,82.0,-58.0,24.0,68.0,-63.0,40.66,73.35,-93.17,43.22,55.46,8.17,-79.09,43.42,-36.41,56.25,9.520000000000003,-31.51
2025-08-13T13:05:59.113614,27.0,124.0,-95.0,-1.0,67.0,-39.0,34.0,-15.0,-17.0,19.0,31.0,-80.0,52.66,33.349999999999994,-59.17,-9.78,32.46,-37.83,4.91,-53.58,4.59,51.25,-27.479999999999997,-48.510000000000005
2025-08-13T13:05:59.118306,-19.0,134.0,-37.0,25.0,54.0,-87.0,-37.0,-32.0,9.0,24.0,73.0,-45.0,6.66,43.349999999999994,-1.1700000000000017,16.22,19.46,-85.83,-66.09,-70.58,30.59,56.25,14.520000000000003,-13.510000000000002
2025-08-13T13:05:59.125906,-74.0,98.0,-44.0,25.0,39.0,-29.0,-4.0,38.0,15.0,21.0,60.0,-63.0,-48.34,7.349999999999994,-8.170000000000002,16.22,4.460000000000001,-27.83,-33.09,-0.5799999999999983,36.59,53.25,1.5200000000000031,-31.51
2025-08-13T13:05:59.130631,-22.0,160.0,-61.0,47.0,-9.0,-61.0,43.0,63.0,-45.0,21.0,62.0,-36.0,3.66,69.35,-25.17,38.22,-43.54,-59.83,13.91,24.42,-23.41,53.25,3.520000000000003,-4.510000000000002
2025-08-13T13:05:59.138532,-83.0,165.0,-142.0,41.0,51.0,-51.0,-21.0,21.0,-85.0,2.0,108.0,-19.0,-57.34,74.35,-106.17,32.22,16.46,-49.83,-50.09,-17.58,-63.41,34.25,49.52,12.489999999999998
2025-08-13T13:05:59.142916,-1.0,127.0,-104.0,45.0,58.0,-36.0,12.0,71.0,9.0,-34.0,58.0,-45.0,24.66,36.349999999999994,-68.17,36.22,23.46,-34.83,-17.09,32.42,30.59,-1.75,-0.4799999999999969,-13.510000000000002
2025-08-13T13:05:59.150551,-61.0,13.0,-74.0,29.0,88.0,-81.0,57.0,49.0,-89.0,20.0,77.0,-98.0,-35.34,-77.65,-38.17,20.22,53.46,-79.83,27.91,10.420000000000002,-67.41,52.25,18.520000000000003,-66.51
2025-08-13T13:05:59.155330,30.0,54.0,-10.0,8.0,44.0,-68.0,-40.0,11.0,-94.0,25.0,111.0,-99.0,55.66,-36.650000000000006,25.83,-0.7799999999999994,9.46,-66.83,-69.09,-27.58,-72.41,57.25,52.52,-67.51
2025-08-13T13:05:59.162683,7.0,62.0,-45.0,48.0,12.0,-40.0,31.0,71.0,-26.0,30.0,94.0,-65.0,32.66,-28.650000000000006,-9.170000000000002,39.22,-22.54,-38.83,1.9100000000000001,32.42,-4.41,62.25,35.52,-33.510000000000005
2025-08-13T13:05:59.167521,-22.0,158.0,-44.0,-55.0,-33.0,10.0,15.0,124.0,-80.0,55.0,153.0,-51.0,3.66,67.35,-8.170000000000002,-63.78,-67.53999999999999,11.17,-14.09,85.42,-58.41,87.25,94.52000000000001,-19.51
2025-08-13T13:05:59.176030,-60.0,159.0,-132.0,8.0,-42.0,-44.0,-68.0,59.0,-85.0,79.0,42.0,-75.0,-34.34,68.35,-96.17,-0.7799999999999994,-76.53999999999999,-42.83,-97.09,20.42,-63.41,111.25,-16.479999999999997,-43.510000000000005
2025-08-13T13:05:59.181676,-25.0,211.0,-67.0,-42.0,51.0,12.0,77.0,94.0,-20.0,-70.0,68.0,-76.0,0.6600000000000001,120.35,-31.17,-50.78,16.46,13.17,47.91,55.42,1.5899999999999999,-37.75,9.520000000000003,-44.510000000000005
2025-08-13T13:05:59.187510,-32.0,42.0,-97.0,29.0,65.0,-42.0,4.0,9.0,-86.0,-5.0,4.0,-36.0,-6.34,-48.650000000000006,-61.17,20.22,30.46,-40.83,-25.09,-29.58,-64.41,27.25,-54.48,-4.510000000000002
2025-08-13T13:05:59.193944,-16.0,78.0,-131.0,-45.0,126.0,-63.0,54.0,36.0,-31.0,-53.0,104.0,-75.0,9.66,-12.650000000000006,-95.17,-53.78,91.46000000000001,-61.83,24.91,-2.5799999999999983,-9.41,-20.75,45.52,-43.510000000000005
2025-08-13T13:05:59.201016,33.0,150.0,-65.0,56.0,107.0,-39.0,-13.0,47.0,-55.0,-20.0,41.0,-22.0,58.66,59.349999999999994,-29.17,47.22,72.46000000000001,-37.83,-42.09,8.420000000000002,-33.41,12.25,-17.479999999999997,9.489999999999998
2025-08-13T13:05:59.205628,-32.0,109.0,1.0,70.0,-53.0,-63.0,16.0,7.0,-65.0,25.0,41.0,-91.0,-6.34,18.349999999999994,36.83,61.22,-87.53999999999999,-61.83,-13.09,-31.58,-43.41,57.25,-17.479999999999997,-59.510000000000005
2025-08-13T13:05:59.211708,-32.0,151.0,-69.0,57.0,49.0,24.0,36.0,40.0,71.0,32.0,43.0,-11.0,-6.34,60.349999999999994,-33.17,48.22,14.46,25.17,6.91,1.4200000000000017,92.59,64.25,-15.479999999999997,20.49
2025-08-13T13:05:59.216201,-106.0,123.0,-57.0,24.0,7.0,40.0,43.0,47.0,-35.0,-64.0,95.0,-91.0,-80.34,32.349999999999994,-21.17,15.22,-27.54,41.17,13.91,8.420000000000002,-13.41,-31.75,36.52,-59.510000000000005
2025-08-13T13:05:59.224208,56.0,78.0,-59.0,-41.0,62.0,27.0,13.0,13.0,-68.0,-35.0,53.0,-112.0,81.66,-12.650000000000006,-23.17,-49.78,27.46,28.17,-16.09,-25.58,-46.41,-2.75,-5.479999999999997,-80.51
2025-08-13T13:05:59.228642,-54.0,26.0,-38.0,11.0,12.0,10.0,15.0,28.0,-41.0,-68.0,59.0,-22.0,-28.34,-64.65,-2.1700000000000017,2.2200000000000006,-22.54,11.17,-14.09,-10.579999999999998,-19.41,-35.75,0.5200000000000031,9.489999999999998
2025-08-13T13:05:59.236583,9.0,115.0,-24.0,75.0,32.0,-52.0,12.0,17.0,-8.0,-68.0,67.0,-49.0,34.66,24.349999999999994,11.829999999999998,66.22,-2.539999999999999,-50.83,-17.09,-21.58,13.59,-35.75,8.520000000000003,-17.51
2025-08-13T13:05:59.240859,-40.0,45.0,-20.0,26.0,2.0,-69.0,33.0,76.0,-43.0,-136.0,91.0,-37.0,-14.34,-45.650000000000006,15.829999999999998,17.22,-32.54,-67.83,3.91,37.42,-21.41,-103.75,32.52,-5.510000000000002
2025-08-13T13:05:59.248682,-1.0,133.0,-61.0,38.0,-17.0,15.0,16.0,92.0,-42.0,13.0,62.0,-16.0,24.66,42.349999999999994,-25.17,29.22,-51.54,16.17,-13.09,53.42,-20.41,45.25,3.520000000000003,15.489999999999998
2025-08-13T13:05:59.253103,-52.0,175.0,-54.0,-16.0,49.0,4.0,67.0,91.0,-73.0,-28.0,26.0,-85.0,-26.34,84.35,-18.17,-24.78,14.46,5.17,37.91,52.42,-51.41,4.25,-32.48,-53.510000000000005
2025-08-13T13:05:59.261050,63.0,110.0,-70.0,-64.0,5.0,82.0,78.0,17.0,13.0,-60.0,98.0,-59.0,88.66,19.349999999999994,-34.17,-72.78,-29.54,83.17,48.91,-21.58,34.59,-27.75,39.52,-27.51
2025-08-13T13:05:59.265360,9.0,81.0,-72.0,5.0,45.0,-64.0,-23.0,30.0,-30.0,-2.0,106.0,-60.0,34.66,-9.650000000000006,-36.17,-3.7799999999999994,10.46,-62.83,-52.09,-8.579999999999998,-8.41,30.25,47.52,-28.51
2025-08-13T13:05:59.273899,35.0,135.0,-42.0,12.0,76.0,-52.0,85.0,10.0,-77.0,-65.0,45.0,-49.0,60.66,44.349999999999994,-6.170000000000002,3.2200000000000006,41.46,-50.83,55.91,-28.58,-55.41,-32.75,-13.479999999999997,-17.51
2025-08-13T13:05:59.277879,41.0,8.0,-27.0,22.0,8.0,14.0,75.0,6.0,10.0,-21.0,51.0,-77.0,66.66,-82.65,8.829999999999998,13.22,-26.54,15.17,45.91,-32.58,31.59,11.25,-7.479999999999997,-45.510000000000005
2025-08-13T13:05:59.286056,-13.0,74.0,-26.0,102.0,0.0,-15.0,42.0,60.0,-12.0,-37.0,58.0,-81.0,12.66,-16.650000000000006,9.829999999999998,93.22,-34.54,-13.83,12.91,21.42,9.59,-4.75,-0.4799999999999969,-49.510000000000005
2025-08-13T13:05:59.289933,9.0,7.0,7.0,49.0,59.0,32.0,102.0,26.0,-44.0,34.0,88.0,-70.0,34.66,-83.65,42.83,40.22,24.46,33.17,72.91,-12.579999999999998,-22.41,66.25,29.520000000000003,-38.510000000000005
2025-08-13T13:05:59.298046,38.0,72.0,-63.0,-15.0,108.0,2.0,46.0,-25.0,-29.0,21.0,78.0,-75.0,63.66,-18.650000000000006,-27.17,-23.78,73.46000000000001,3.17,16.91,-63.58,-7.41,53.25,19.520000000000003,-43.510000000000005
2025-08-13T13:05:59.302292,-48.0,150.0,-34.0,-19.0,39.0,-44.0,13.0,67.0,2.0,-59.0,43.0,-33.0,-22.34,59.349999999999994,1.8299999999999983,-27.78,4.460000000000001,-42.83,-16.09,28.42,23.59,-26.75,-15.479999999999997,-1.5100000000000016
2025-08-13T13:05:59.310179,-42.0,180.0,-80.0,-18.0,91.0,1.0,-17.0,39.0,-57.0,-69.0,122.0,-102.0,-16.34,89.35,-44.17,-26.78,56.46,2.17,-46.09,0.4200000000000017,-35.41,-36.75,63.52,-70.51
2025-08-13T13:05:59.314641,8.0,141.0,-159.0,23.0,30.0,-71.0,-75.0,12.0,16.0,-61.0,80.0,-18.0,33.66,50.349999999999994,-123.17,14.22,-4.539999999999999,-69.83,-104.09,-26.58,37.59,-28.75,21.520000000000003,13.489999999999998
2025-08-13T13:05:59.322572,-21.0,55.0,-119.0,39.0,-5.0,-84.0,29.0,99.0,-62.0,-46.0,61.0,-52.0,4.66,-35.650000000000006,-83.17,30.22,-39.54,-82.83,-0.08999999999999986,60.42,-40.41,-13.75,2.520000000000003,-20.51
2025-08-13T13:05:59.326875,46.0,95.0,-19.0,54.0,-37.0,-60.0,29.0,37.0,-67.0,-64.0,60.0,-79.0,71.66,4.349999999999994,16.83,45.22,-71.53999999999999,-58.83,-0.08999999999999986,-1.5799999999999983,-45.41,-31.75,1.5200000000000031,-47.510000000000005
2025-08-13T13:05:59.334694,-4.0,90.0,-67.0,52.0,-4.0,-28.0,21.0,32.0,-66.0,11.0,41.0,-95.0,21.66,-0.6500000000000057,-31.17,43.22,-38.54,-26.83,-8.09,-6.579999999999998,-44.41,43.25,-17.479999999999997,-63.510000000000005
2025-08-13T13:05:59.339006,-99.0,45.0,-29.0,43.0,-30.0,22.0,44.0,58.0,-2.0,-76.0,99.0,-104.0,-73.34,-45.650000000000006,6.829999999999998,34.22,-64.53999999999999,23.17,14.91,19.42,19.59,-43.75,40.52,-72.51
2025-08-13T13:05:59.347118,-36.0,147.0,-30.0,95.0,4.0,-74.0,58.0,22.0,-94.0,-50.0,87.0,-113.0,-10.34,56.349999999999994,5.829999999999998,86.22,-30.54,-72.83,28.91,-16.58,-72.41,-17.75,28.520000000000003,-81.51
2025-08-13T13:05:59.351308,-11.0,192.0,-71.0,-21.0,42.0,11.0,47.0,152.0,-92.0,-36.0,124.0,-116.0,14.66,101.35,-35.17,-29.78,7.460000000000001,12.17,17.91,113.42,-70.41,-3.75,65.52000000000001,-84.51
2025-08-13T13:05:59.359248,0.0,75.0,-97.0,41.0,-9.0,15.0,-3.0,-1.0,-85.0,35.0,12.0,-61.0,25.66,-15.650000000000006,-61.17,32.22,-43.54,16.17,-32.09,-39.58,-63.41,67.25,-46.48,-29.51
2025-08-13T13:05:59.363769,75.0,74.0,-65.0,55.0,-25.0,-94.0,121.0,54.0,-42.0,-64.0,66.0,-63.0,100.66,-16.650000000000006,-29.17,46.22,-59.54,-92.83,91.91,15.420000000000002,-20.41,-31.75,7.520000000000003,-31.51
2025-08-13T13:05:59.371684,-30.0,65.0,-69.0,10.0,-58.0,-40.0,40.0,9.0,36.0,-5.0,65.0,-51.0,-4.34,-25.650000000000006,-33.17,1.2200000000000006,-92.53999999999999,-38.83,10.91,-29.58,57.59,27.25,6.520000000000003,-19.51
2025-08-13T13:05:59.375942,7.0,112.0,-18.0,-6.0,26.0,37.0,0.0,54.0,-76.0,-51.0,37.0,-61.0,32.66,21.349999999999994,17.83,-14.78,-8.54,38.17,-29.09,15.420000000000002,-54.41,-18.75,-21.479999999999997,-29.51
2025-08-13T13:05:59.383588,-10.0,70.0,-20.0,16.0,-7.0,1.0,41.0,-12.0,-20.0,67.0,18.0,-69.0,15.66,-20.650000000000006,15.829999999999998,7.220000000000001,-41.54,2.17,11.91,-50.58,1.5899999999999999,99.25,-40.48,-37.510000000000005
2025-08-13T13:05:59.388180,27.0,113.0,-63.0,0.0,31.0,33.0,-2.0,0.0,-52.0,-56.0,107.0,-74.0,52.66,22.349999999999994,-27.17,-8.78,-3.539999999999999,34.17,-31.09,-38.58,-30.41,-23.75,48.52,-42.510000000000005
2025-08-13T13:05:59.395985,-15.0,49.0,-42.0,-25.0,72.0,-36.0,32.0,29.0,-15.0,-11.0,77.0,-43.0,10.66,-41.650000000000006,-6.170000000000002,-33.78,37.46,-34.83,2.91,-9.579999999999998,6.59,21.25,18.520000000000003,-11.510000000000002
2025-08-13T13:05:59.400584,-21.0,186.0,19.0,27.0,50.0,34.0,59.0,-8.0,-38.0,-64.0,5.0,-127.0,4.66,95.35,54.83,18.22,15.46,35.17,29.91,-46.58,-16.41,-31.75,-53.48,-95.51
2025-08-13T13:05:59.408275,-23.0,169.0,-102.0,-6.0,31.0,-9.0,-28.0,-2.0,-22.0,-11.0,36.0,-16.0,2.66,78.35,-66.17,-14.78,-3.539999999999999,-7.83,-57.09,-40.58,-0.41000000000000014,21.25,-22.479999999999997,15.489999999999998
2025-08-13T13:05:59.412741,-11.0,149.0,-77.0,-13.0,42.0,-23.0,2.0,-9.0,-33.0,-35.0,69.0,-82.0,14.66,58.349999999999994,-41.17,-21.78,7.460000000000001,-21.83,-27.09,-47.58,-11.41,-2.75,10.520000000000003,-50.510000000000005
2025-08-13T13:05:59.417338,61.0,67.0,-139.0,41.0,-5.0,21.0,15.0,-6.0,-53.0,-70.0,23.0,-41.0,86.66,-23.650000000000006,-103.17,32.22,-39.54,22.17,-14.09,-44.58,-31.41,-37.75,-35.48,-9.510000000000002
2025-08-13T13:05:59.424923,23.0,85.0,-49.0,28.0,8.0,3.0,-26.0,31.0,-39.0,2.0,49.0,-68.0,48.66,-5.650000000000006,-13.170000000000002,19.22,-26.54,4.17,-55.09,-7.579999999999998,-17.41,34.25,-9.479999999999997,-36.510000000000005
2025-08-13T13:05:59.430789,27.0,96.0,-77.0,8.0,38.0,-51.0,19.0,70.0,-20.0,11.0,109.0,-73.0,52.66,5.349999999999994,-41.17,-0.7799999999999994,3.460000000000001,-49.83,-10.09,31.42,1.5899999999999999,43.25,50.52,-41.510000000000005
2025-08-13T13:05:59.437306,-20.0,40.0,-32.0,-19.0,139.0,-78.0,-7.0,15.0,-10.0,-57.0,47.0,-48.0,5.66,-50.650000000000006,3.8299999999999983,-27.78,104.46000000000001,-76.83,-36.09,-23.58,11.59,-24.75,-11.479999999999997,-16.51
2025-08-13T13:05:59.443132,-141.0,119.0,11.0,-5.0,50.0,-31.0,-30.0,1.0,-58.0,-13.0,50.0,-12.0,-115.34,28.349999999999994,46.83,-13.78,15.46,-29.83,-59.09,-37.58,-36.41,19.25,-8.479999999999997,19.49
2025-08-13T13:05:59.449602,-7.0,113.0,-128.0,29.0,36.0,-57.0,-1.0,-6.0,3.0,-58.0,59.0,-112.0,18.66,22.349999999999994,-92.17,20.22,1.4600000000000009,-55.83,-30.09,-44.58,24.59,-25.75,0.5200000000000031,-80.51
2025-08-13T13:05:59.457435,126.0,109.0,-107.0,-14.0,78.0,-15.0,-3.0,22.0,-90.0,-71.0,70.0,-11.0,151.66,18.349999999999994,-71.17,-22.78,43.46,-13.83,-32.09,-16.58,-68.41,-38.75,11.520000000000003,20.49
2025-08-13T13:05:59.462883,32.0,34.0,-10.0,-13.0,14.0,44.0,-1.0,85.0,-15.0,-87.0,81.0,-56.0,57.66,-56.650000000000006,25.83,-21.78,-20.54,45.17,-30.09,46.42,6.59,-54.75,22.520000000000003,-24.51
2025-08-13T13:05:59.467573,54.0,19.0,-61.0,-77.0,-20.0,-20.0,53.0,109.0,-74.0,-17.0,48.0,7.0,79.66,-71.65,-25.17,-85.78,-54.54,-18.83,23.91,70.42,-52.41,15.25,-10.479999999999997,38.489999999999995
2025-08-13T13:05:59.475215,-48.0,-3.0,-3.0,36.0,29.0,-128.0,5.0,-16.0,-86.0,-63.0,116.0,-79.0,-22.34,-93.65,32.83,27.22,-5.539999999999999,-126.83,-24.09,-54.58,-64.41,-30.75,57.52,-47.510000000000005
2025-08-13T13:05:59.479026,-3.0,57.0,-49.0,-3.0,26.0,-67.0,-25.0,14.0,-67.0,-47.0,122.0,-41.0,22.66,-33.650000000000006,-13.170000000000002,-11.78,-8.54,-65.83,-54.09,-24.58,-45.41,-14.75,63.52,-9.510000000000002
2025-08-13T13:05:59.486575,-22.0,200.0,-82.0,-35.0,27.0,-12.0,30.0,98.0,-61.0,-16.0,94.0,-12.0,3.66,109.35,-46.17,-43.78,-7.539999999999999,-10.83,0.9100000000000001,59.42,-39.41,16.25,35.52,19.49
2025-08-13T13:05:59.490611,-20.0,120.0,-78.0,38.0,39.0,-5.0,59.0,9.0,-3.0,10.0,84.0,-33.0,5.66,29.349999999999994,-42.17,29.22,4.460000000000001,-3.83,29.91,-29.58,18.59,42.25,25.520000000000003,-1.5100000000000016
2025-08-13T13:05:59.498663,7.0,140.0,-83.0,-40.0,20.0,-21.0,66.0,-6.0,-59.0,-44.0,55.0,-88.0,32.66,49.349999999999994,-47.17,-48.78,-14.54,-19.83,36.91,-44.58,-37.41,-11.75,-3.479999999999997,-56.510000000000005
2025-08-13T13:05:59.502845,-21.0,71.0,-50.0,3.0,99.0,27.0,33.0,67.0,-29.0,-13.0,85.0,-8.0,4.66,-19.650000000000006,-14.170000000000002,-5.779999999999999,64.46000000000001,28.17,3.91,28.42,-7.41,19.25,26.520000000000003,23.49
2025-08-13T13:05:59.510905,-14.0,53.0,-48.0,53.0,45.0,-4.0,-11.0,44.0,-71.0,-57.0,44.0,-53.0,11.66,-37.650000000000006,-12.170000000000002,44.22,10.46,-2.83,-40.09,5.420000000000002,-49.41,-24.75,-14.479999999999997,-21.51
2025-08-13T13:05:59.515307,-77.0,88.0,-70.0,-1.0,123.0,-42.0,39.0,47.0,-53.0,-32.0,1.0,-26.0,-51.34,-2.6500000000000057,-34.17,-9.78,88.46000000000001,-40.83,9.91,8.420000000000002,-31.41,0.25,-57.48,5.489999999999998
2025-08-13T13:05:59.523054,-48.0,63.0,-45.0,14.0,9.0,-55.0,66.0,26.0,-47.0,-12.0,80.0,-76.0,-22.34,-27.650000000000006,-9.170000000000002,5.220000000000001,-25.54,-53.83,36.91,-12.579999999999998,-25.41,20.25,21.520000000000003,-44.510000000000005
2025-08-13T13:05:59.527819,32.0,144.0,-119.0,15.0,36.0,-22.0,-28.0,10.0,-59.0,-32.0,106.0,-105.0,57.66,53.349999999999994,-83.17,6.220000000000001,1.4600000000000009,-20.83,-57.09,-28.58,-37.41,0.25,47.52,-73.51
2025-08-13T13:05:59.535613,38.0,169.0,-100.0,-35.0,18.0,-25.0,55.0,39.0,-39.0,63.0,29.0,-69.0,63.66,78.35,-64.17,-43.78,-16.54,-23.83,25.91,0.4200000000000017,-17.41,95.25,-29.479999999999997,-37.510000000000005
2025-08-13T13:05:59.539732,6.0,90.0,-94.0,-28.0,95.0,19.0,18.0,-26.0,-18.0,14.0,93.0,-74.0,31.66,-0.6500000000000057,-58.17,-36.78,60.46,20.17,-11.09,-64.58,3.59,46.25,34.52,-42.510000000000005
2025-08-13T13:05:59.547778,55.0,56.0,-92.0,23.0,44.0,-21.0,-24.0,12.0,-8.0,32.0,29.0,33.0,80.66,-34.650000000000006,-56.17,14.22,9.46,-19.83,-53.09,-26.58,13.59,64.25,-29.479999999999997,64.49
2025-08-13T13:05:59.552099,54.0,142.0,-27.0,-15.0,94.0,10.0,-30.0,33.0,-11.0,37.0,36.0,-31.0,79.66,51.349999999999994,8.829999999999998,-23.78,59.46,11.17,-59.09,-5.579999999999998,10.59,69.25,-22.479999999999997,0.48999999999999844
2025-08-13T13:05:59.560088,-56.0,90.0,17.0,-8.0,-1.0,46.0,13.0,22.0,-7.0,-14.0,15.0,-78.0,-30.34,-0.6500000000000057,52.83,-16.78,-35.54,47.17,-16.09,-16.58,14.59,18.25,-43.48,-46.510000000000005
2025-08-13T13:05:59.564587,-67.0,70.0,-6.0,90.0,23.0,8.0,55.0,27.0,0.0,-59.0,54.0,-54.0,-41.34,-20.650000000000006,29.83,81.22,-11.54,9.17,25.91,-11.579999999999998,21.59,-26.75,-4.479999999999997,-22.51
2025-08-13T13:05:59.572473,-72.0,86.0,-44.0,-73.0,-9.0,-6.0,0.0,37.0,44.0,-87.0,88.0,-67.0,-46.34,-4.650000000000006,-8.170000000000002,-81.78,-43.54,-4.83,-29.09,-1.5799999999999983,65.59,-54.75,29.520000000000003,-35.510000000000005
2025-08-13T13:05:59.576748,-41.0,82.0,-66.0,29.0,9.0,-50.0,-25.0,76.0,-50.0,-57.0,50.0,-23.0,-15.34,-8.650000000000006,-30.17,20.22,-25.54,-48.83,-54.09,37.42,-28.41,-24.75,-8.479999999999997,8.489999999999998
2025-08-13T13:05:59.584693,14.0,140.0,-23.0,-30.0,98.0,12.0,11.0,62.0,11.0,-45.0,58.0,-91.0,39.66,49.349999999999994,12.829999999999998,-38.78,63.46,13.17,-18.09,23.42,32.59,-12.75,-0.4799999999999969,-59.510000000000005
2025-08-13T13:05:59.589139,7.0,163.0,-114.0,30.0,52.0,-19.0,50.0,28.0,-21.0,-22.0,57.0,-29.0,32.66,72.35,-78.17,21.22,17.46,-17.83,20.91,-10.579999999999998,0.5899999999999999,10.25,-1.4799999999999969,2.4899999999999984
2025-08-13T13:05:59.597100,9.0,108.0,-39.0,-1.0,38.0,-70.0,63.0,98.0,-51.0,-15.0,69.0,-21.0,34.66,17.349999999999994,-3.1700000000000017,-9.78,3.460000000000001,-68.83,33.91,59.42,-29.41,17.25,10.520000000000003,10.489999999999998
2025-08-13T13:05:59.601795,32.0,146.0,-60.0,-27.0,-16.0,-62.0,2.0,-32.0,-43.0,-71.0,9.0,-82.0,57.66,55.349999999999994,-24.17,-35.78,-50.54,-60.83,-27.09,-70.58,-21.41,-38.75,-49.48,-50.510000000000005
2025-08-13T13:05:59.609272,30.0,106.0,-72.0,72.0,87.0,-7.0,70.0,69.0,-63.0,-48.0,69.0,-15.0,55.66,15.349999999999994,-36.17,63.22,52.46,-5.83,40.91,30.42,-41.41,-15.75,10.520000000000003,16.49
2025-08-13T13:05:59.614047,12.0,61.0,-1.0,-51.0,38.0,31.0,72.0,56.0,-53.0,54.0,94.0,-53.0,37.66,-29.650000000000006,34.83,-59.78,3.460000000000001,32.17,42.91,17.42,-31.41,86.25,35.52,-21.51
2025-08-13T13:05:59.621645,-70.0,72.0,-39.0,13.0,48.0,73.0,46.0,27.0,-29.0,-75.0,86.0,-66.0,-44.34,-18.650000000000006,-3.1700000000000017,4.220000000000001,13.46,74.17,16.91,-11.579999999999998,-7.41,-42.75,27.520000000000003,-34.510000000000005
2025-08-13T13:05:59.626286,-46.0,135.0,-86.0,-16.0,53.0,-23.0,-36.0,24.0,-36.0,60.0,80.0,-47.0,-20.34,44.349999999999994,-50.17,-24.78,18.46,-21.83,-65.09,-14.579999999999998,-14.41,92.25,21.520000000000003,-15.510000000000002
2025-08-13T13:05:59.634159,-55.0,72.0,-75.0,40.0,24.0,-3.0,52.0,42.0,-34.0,-77.0,75.0,-50.0,-29.34,-18.650000000000006,-39.17,31.22,-10.54,-1.83,22.91,3.4200000000000017,-12.41,-44.75,16.520000000000003,-18.51
2025-08-13T13:05:59.638688,-3.0,132.0,-66.0,-18.0,81.0,-56.0,30.0,-33.0,-99.0,15.0,66.0,-118.0,22.66,41.349999999999994,-30.17,-26.78,46.46,-54.83,0.9100000000000001,-71.58,-77.41,47.25,7.520000000000003,-86.51
2025-08-13T13:05:59.646751,24.0,86.0,-54.0,-15.0,-29.0,35.0,95.0,29.0,-30.0,-48.0,48.0,-49.0,49.66,-4.650000000000006,-18.17,-23.78,-63.54,36.17,65.91,-9.579999999999998,-8.41,-15.75,-10.479999999999997,-17.51
2025-08-13T13:05:59.650825,24.0,56.0,-18.0,38.0,6.0,27.0,0.0,13.0,-56.0,-39.0,89.0,-76.0,49.66,-34.650000000000006,17.83,29.22,-28.54,28.17,-29.09,-25.58,-34.41,-6.75,30.520000000000003,-44.510000000000005
2025-08-13T13:05:59.658425,27.0,62.0,-27.0,-37.0,37.0,35.0,17.0,46.0,-3.0,-37.0,3.0,-101.0,52.66,-28.650000000000006,8.829999999999998,-45.78,2.460000000000001,36.17,-12.09,7.420000000000002,18.59,-4.75,-55.48,-69.51
2025-08-13T13:05:59.663072,-26.0,45.0,20.0,1.0,65.0,-55.0,-49.0,-21.0,-56.0,21.0,87.0,-75.0,-0.33999999999999986,-45.650000000000006,55.83,-7.779999999999999,30.46,-53.83,-78.09,-59.58,-34.41,53.25,28.520000000000003,-43.510000000000005
2025-08-13T13:05:59.670728,4.0,73.0,-6.0,90.0,97.0,-21.0,2.0,89.0,-100.0,-46.0,153.0,-83.0,29.66,-17.650000000000006,29.83,81.22,62.46,-19.83,-27.09,50.42,-78.41,-13.75,94.52000000000001,-51.510000000000005
2025-08-13T13:05:59.677407,-22.0,108.0,-82.0,50.0,57.0,-9.0,-53.0,71.0,-37.0,-2.0,107.0,17.0,3.66,17.349999999999994,-46.17,41.22,22.46,-7.83,-82.09,32.42,-15.41,30.25,48.52,48.489999999999995
2025-08-13T13:05:59.683075,30.0,131.0,-71.0,59.0,12.0,20.0,-18.0,12.0,-57.0,-24.0,3.0,-10.0,55.66,40.349999999999994,-35.17,50.22,-22.54,21.17,-47.09,-26.58,-35.41,8.25,-55.48,21.49
2025-08-13T13:05:59.687738,0.0,95.0,-75.0,-65.0,38.0,-16.0,-8.0,12.0,-4.0,50.0,62.0,-17.0,25.66,4.349999999999994,-39.17,-73.78,3.460000000000001,-14.83,-37.09,-26.58,17.59,82.25,3.520000000000003,14.489999999999998
2025-08-13T13:05:59.695664,80.0,42.0,-31.0,-31.0,46.0,-39.0,-18.0,14.0,-57.0,-9.0,36.0,-53.0,105.66,-48.650000000000006,4.829999999999998,-39.78,11.46,-37.83,-47.09,-24.58,-35.41,23.25,-22.479999999999997,-21.51
2025-08-13T13:05:59.701389,-7.0,14.0,-13.0,-6.0,104.0,37.0,-42.0,39.0,-38.0,-77.0,42.0,17.0,18.66,-76.65,22.83,-14.78,69.46000000000001,38.17,-71.09,0.4200000000000017,-16.41,-44.75,-16.479999999999997,48.489999999999995
2025-08-13T13:05:59.707257,-89.0,79.0,44.0,-85.0,50.0,-20.0,30.0,87.0,-68.0,-76.0,121.0,-30.0,-63.34,-11.650000000000006,79.83,-93.78,15.46,-18.83,0.9100000000000001,48.42,-46.41,-43.75,62.52,1.4899999999999984
2025-08-13T13:05:59.712027,-37.0,104.0,-41.0,67.0,95.0,10.0,65.0,33.0,-57.0,-53.0,49.0,-102.0,-11.34,13.349999999999994,-5.170000000000002,58.22,60.46,11.17,35.91,-5.579999999999998,-35.41,-20.75,-9.479999999999997,-70.51
2025-08-13T13:05:59.719595,-57.0,184.0,-58.0,48.0,23.0,-95.0,57.0,94.0,-55.0,-46.0,143.0,-17.0,-31.34,93.35,-22.17,39.22,-11.54,-93.83,27.91,55.42,-33.41,-13.75,84.52000000000001,14.489999999999998
2025-08-13T13:05:59.724184,-4.0,161.0,-79.0,86.0,73.0,-28.0,-24.0,11.0,1.0,11.0,48.0,-27.0,21.66,70.35,-43.17,77.22,38.46,-26.83,-53.09,-27.58,22.59,43.25,-10.479999999999997,4.489999999999998
2025-08-13T13:05:59.731837,7.0,129.0,-91.0,-3.0,-4.0,-37.0,-21.0,7.0,-55.0,10.0,75.0,-16.0,32.66,38.349999999999994,-55.17,-11.78,-38.54,-35.83,-50.09,-31.58,-33.41,42.25,16.520000000000003,15.489999999999998
2025-08-13T13:05:59.736391,35.0,105.0,-44.0,20.0,79.0,-52.0,34.0,61.0,-49.0,-20.0,66.0,9.0,60.66,14.349999999999994,-8.170000000000002,11.22,44.46,-50.83,4.91,22.42,-27.41,12.25,7.520000000000003,40.489999999999995
2025-08-13T13:05:59.744361,-32.0,75.0,-33.0,-20.0,20.0,24.0,17.0,95.0,-65.0,-17.0,24.0,-25.0,-6.34,-15.650000000000006,2.8299999999999983,-28.78,-14.54,25.17,-12.09,56.42,-43.41,15.25,-34.48,6.489999999999998
2025-08-13T13:05:59.748945,-49.0,92.0,-33.0,55.0,104.0,-12.0,1.0,71.0,-10.0,53.0,78.0,-77.0,-23.34,1.3499999999999943,2.8299999999999983,46.22,69.46000000000001,-10.83,-28.09,32.42,11.59,85.25,19.520000000000003,-45.510000000000005
2025-08-13T13:05:59.756632,-95.0,153.0,-38.0,14.0,62.0,-11.0,3.0,-23.0,-18.0,-10.0,105.0,-65.0,-69.34,62.349999999999994,-2.1700000000000017,5.220000000000001,27.46,-9.83,-26.09,-61.58,3.59,22.25,46.52,-33.510000000000005
2025-08-13T13:05:59.761067,-65.0,64.0,-24.0,44.0,-16.0,23.0,55.0,51.0,-29.0,-35.0,64.0,-83.0,-39.34,-26.650000000000006,11.829999999999998,35.22,-50.54,24.17,25.91,12.420000000000002,-7.41,-2.75,5.520000000000003,-51.510000000000005
2025-08-13T13:05:59.768818,-24.0,172.0,-62.0,-41.0,95.0,2.0,40.0,48.0,-5.0,21.0,27.0,-78.0,1.6600000000000001,81.35,-26.17,-49.78,60.46,3.17,10.91,9.420000000000002,16.59,53.25,-31.479999999999997,-46.510000000000005
2025-08-13T13:05:59.774282,6.0,55.0,-70.0,70.0,21.0,34.0,19.0,70.0,-17.0,-12.0,4.0,33.0,31.66,-35.650000000000006,-34.17,61.22,-13.54,35.17,-10.09,31.42,4.59,20.25,-54.48,64.49
2025-08-13T13:05:59.780996,-9.0,25.0,-135.0,23.0,-52.0,75.0,-17.0,39.0,-7.0,-78.0,60.0,-26.0,16.66,-65.65,-99.17,14.22,-86.53999999999999,76.17,-46.09,0.4200000000000017,14.59,-45.75,1.5200000000000031,5.489999999999998
2025-08-13T13:05:59.785975,-23.0,118.0,-38.0,-6.0,39.0,-9.0,31.0,44.0,-54.0,-37.0,34.0,-97.0,2.66,27.349999999999994,-2.1700000000000017,-14.78,4.460000000000001,-7.83,1.9100000000000001,5.420000000000002,-32.41,-4.75,-24.479999999999997,-65.51
2025-08-13T13:05:59.789986,-36.0,15.0,-79.0,3.0,22.0,-58.0,18.0,25.0,-14.0,-55.0,65.0,-59.0,-10.34,-75.65,-43.17,-5.779999999999999,-12.54,-56.83,-11.09,-13.579999999999998,7.59,-22.75,6.520000000000003,-27.51
2025-08-13T13:05:59.799262,-63.0,167.0,-33.0,78.0,46.0,-21.0,53.0,80.0,-24.0,-88.0,109.0,-45.0,-37.34,76.35,2.8299999999999983,69.22,11.46,-19.83,23.91,41.42,-2.41,-55.75,50.52,-13.510000000000002
2025-08-13T13:05:59.805604,-36.0,100.0,-79.0,77.0,65.0,29.0,-11.0,71.0,-123.0,9.0,66.0,18.0,-10.34,9.349999999999994,-43.17,68.22,30.46,30.17,-40.09,32.42,-101.41,41.25,7.520000000000003,49.489999999999995
2025-08-13T13:05:59.810067,2.0,110.0,-132.0,-51.0,30.0,39.0,-4.0,148.0,-52.0,-3.0,71.0,-66.0,27.66,19.349999999999994,-96.17,-59.78,-4.539999999999999,40.17,-33.09,109.42,-30.41,29.25,12.520000000000003,-34.510000000000005
2025-08-13T13:05:59.814519,90.0,47.0,-43.0,39.0,70.0,1.0,57.0,-84.0,-24.0,-41.0,87.0,-9.0,115.66,-43.650000000000006,-7.170000000000002,30.22,35.46,2.17,27.91,-122.58,-2.41,-8.75,28.520000000000003,22.49
2025-08-13T13:05:59.823113,41.0,38.0,-47.0,-19.0,20.0,2.0,21.0,11.0,-52.0,6.0,29.0,-60.0,66.66,-52.650000000000006,-11.170000000000002,-27.78,-14.54,3.17,-8.09,-27.58,-30.41,38.25,-29.479999999999997,-28.51
2025-08-13T13:05:59.827456,-80.0,88.0,-10.0,12.0,107.0,-18.0,76.0,39.0,22.0,-1.0,61.0,-13.0,-54.34,-2.6500000000000057,25.83,3.2200000000000006,72.46000000000001,-16.83,46.91,0.4200000000000017,43.59,31.25,2.520000000000003,18.49
2025-08-13T13:05:59.834347,-108.0,169.0,-1.0,28.0,79.0,18.0,51.0,-16.0,-27.0,16.0,42.0,-28.0,-82.34,78.35,34.83,19.22,44.46,19.17,21.91,-54.58,-5.41,48.25,-16.479999999999997,3.4899999999999984
2025-08-13T13:05:59.842527,36.0,125.0,-49.0,3.0,64.0,15.0,-44.0,21.0,-52.0,22.0,44.0,-73.0,61.66,34.349999999999994,-13.170000000000002,-5.779999999999999,29.46,16.17,-73.09,-17.58,-30.41,54.25,-14.479999999999997,-41.510000000000005
2025-08-13T13:05:59.846858,41.0,121.0,-124.0,13.0,-8.0,22.0,82.0,43.0,-22.0,-45.0,68.0,26.0,66.66,30.349999999999994,-88.17,4.220000000000001,-42.54,23.17,52.91,4.420000000000002,-0.41000000000000014,-12.75,9.520000000000003,57.489999999999995
2025-08-13T13:05:59.854649,-37.0,109.0,-104.0,30.0,43.0,35.0,-1.0,19.0,31.0,-12.0,2.0,-11.0,-11.34,18.349999999999994,-68.17,21.22,8.46,36.17,-30.09,-19.58,52.59,20.25,-56.48,20.49
2025-08-13T13:05:59.858967,47.0,75.0,46.0,-14.0,95.0,-12.0,-44.0,22.0,29.0,-24.0,64.0,-21.0,72.66,-15.650000000000006,81.83,-22.78,60.46,-10.83,-73.09,-16.58,50.59,8.25,5.520000000000003,10.489999999999998
2025-08-13T13:05:59.867020,-40.0,117.0,28.0,60.0,58.0,-25.0,-15.0,21.0,-45.0,17.0,75.0,20.0,-14.34,26.349999999999994,63.83,51.22,23.46,-23.83,-44.09,-17.58,-23.41,49.25,16.520000000000003,51.489999999999995
2025-08-13T13:05:59.871364,-85.0,146.0,-5.0,45.0,-25.0,-30.0,-65.0,73.0,-49.0,-34.0,57.0,-97.0,-59.34,55.349999999999994,30.83,36.22,-59.54,-28.83,-94.09,34.42,-27.41,-1.75,-1.4799999999999969,-65.51
2025-08-13T13:05:59.879446,-125.0,115.0,-80.0,46.0,48.0,67.0,1.0,52.0,-22.0,-17.0,101.0,-85.0,-99.34,24.349999999999994,-44.17,37.22,13.46,68.17,-28.09,13.420000000000002,-0.41000000000000014,15.25,42.52,-53.510000000000005
2025-08-13T13:05:59.883604,25.0,173.0,-87.0,-22.0,39.0,-22.0,7.0,61.0,-30.0,-84.0,7.0,-32.0,50.66,82.35,-51.17,-30.78,4.460000000000001,-20.83,-22.09,22.42,-8.41,-51.75,-51.48,-0.5100000000000016
2025-08-13T13:05:59.891537,-19.0,43.0,-52.0,17.0,54.0,4.0,77.0,-5.0,-36.0,-104.0,102.0,-78.0,6.66,-47.650000000000006,-16.17,8.22,19.46,5.17,47.91,-43.58,-14.41,-71.75,43.52,-46.510000000000005
2025-08-13T13:05:59.895815,24.0,37.0,-43.0,-40.0,43.0,-5.0,64.0,65.0,8.0,3.0,42.0,-58.0,49.66,-53.650000000000006,-7.170000000000002,-48.78,8.46,-3.83,34.91,26.42,29.59,35.25,-16.479999999999997,-26.51
2025-08-13T13:05:59.903828,71.0,45.0,-9.0,-43.0,66.0,1.0,64.0,44.0,-48.0,-22.0,-10.0,-33.0,96.66,-45.650000000000006,26.83,-51.78,31.46,2.17,34.91,5.420000000000002,-26.41,10.25,-68.47999999999999,-1.5100000000000016
2025-08-13T13:05:59.908329,-46.0,70.0,-93.0,53.0,50.0,-23.0,34.0,128.0,-45.0,-3.0,19.0,-52.0,-20.34,-20.650000000000006,-57.17,44.22,15.46,-21.83,4.91,89.42,-23.41,29.25,-39.48,-20.51
2025-08-13T13:05:59.912245,-73.0,148.0,-64.0,53.0,35.0,12.0,52.0,70.0,-76.0,16.0,80.0,-43.0,-47.34,57.349999999999994,-28.17,44.22,0.46000000000000085,13.17,22.91,31.42,-54.41,48.25,21.520000000000003,-11.510000000000002
2025-08-13T13:05:59.920404,-17.0,147.0,-129.0,29.0,-11.0,-41.0,14.0,25.0,-15.0,-63.0,78.0,-2.0,8.66,56.349999999999994,-93.17,20.22,-45.54,-39.83,-15.09,-13.579999999999998,6.59,-30.75,19.520000000000003,29.49
2025-08-13T13:05:59.928610,-14.0,156.0,-147.0,-43.0,80.0,-23.0,73.0,101.0,27.0,-13.0,65.0,-70.0,11.66,65.35,-111.17,-51.78,45.46,-21.83,43.91,62.42,48.59,19.25,6.520000000000003,-38.510000000000005
2025-08-13T13:05:59.932923,16.0,78.0,-62.0,40.0,39.0,-56.0,-1.0,3.0,-2.0,-61.0,104.0,-80.0,41.66,-12.650000000000006,-26.17,31.22,4.460000000000001,-54.83,-30.09,-35.58,19.59,-28.75,45.52,-48.510000000000005
2025-08-13T13:05:59.937024,-27.0,48.0,-44.0,80.0,49.0,-53.0,-28.0,-4.0,-1.0,15.0,70.0,-78.0,-1.3399999999999999,-42.650000000000006,-8.170000000000002,71.22,14.46,-51.83,-57.09,-42.58,20.59,47.25,11.520000000000003,-46.510000000000005
2025-08-13T13:05:59.944828,57.0,94.0,-79.0,24.0,72.0,33.0,41.0,69.0,1.0,48.0,21.0,47.0,82.66,3.3499999999999943,-43.17,15.22,37.46,34.17,11.91,30.42,22.59,80.25,-37.48,78.49
2025-08-13T13:05:59.949134,-10.0,101.0,-56.0,8.0,27.0,-75.0,71.0,35.0,-40.0,17.0,62.0,-39.0,15.66,10.349999999999994,-20.17,-0.7799999999999994,-7.539999999999999,-73.83,41.91,-3.5799999999999983,-18.41,49.25,3.520000000000003,-7.510000000000002
2025-08-13T13:05:59.957434,67.0,111.0,25.0,40.0,49.0,12.0,30.0,55.0,-2.0,36.0,12.0,-22.0,92.66,20.349999999999994,60.83,31.22,14.46,13.17,0.9100000000000001,16.42,19.59,68.25,-46.48,9.489999999999998
2025-08-13T13:05:59.961452,-42.0,64.0,-19.0,-21.0,20.0,15.0,93.0,73.0,-37.0,-77.0,84.0,-9.0,-16.34,-26.650000000000006,16.83,-29.78,-14.54,16.17,63.91,34.42,-15.41,-44.75,25.520000000000003,22.49
2025-08-13T13:05:59.969722,-30.0,165.0,0.0,-12.0,13.0,-11.0,-11.0,50.0,-34.0,-88.0,131.0,-71.0,-4.34,74.35,35.83,-20.78,-21.54,-9.83,-40.09,11.420000000000002,-12.41,-55.75,72.52000000000001,-39.510000000000005
2025-08-13T13:05:59.977681,-75.0,179.0,28.0,-53.0,48.0,-9.0,16.0,72.0,-16.0,-15.0,38.0,-16.0,-49.34,88.35,63.83,-61.78,13.46,-7.83,-13.09,33.42,5.59,17.25,-20.479999999999997,15.489999999999998
2025-08-13T13:05:59.981881,26.0,85.0,-45.0,-76.0,127.0,-46.0,10.0,9.0,-16.0,-34.0,12.0,3.0,51.66,-5.650000000000006,-9.170000000000002,-84.78,92.46000000000001,-44.83,-19.09,-29.58,5.59,-1.75,-46.48,34.489999999999995
2025-08-13T13:05:59.985950,3.0,51.0,-66.0,27.0,10.0,-108.0,13.0,-3.0,-7.0,6.0,38.0,-32.0,28.66,-39.650000000000006,-30.17,18.22,-24.54,-106.83,-16.09,-41.58,14.59,38.25,-20.479999999999997,-0.5100000000000016
2025-08-13T13:05:59.994336,4.0,73.0,-143.0,-58.0,105.0,-50.0,60.0,38.0,-50.0,19.0,37.0,-21.0,29.66,-17.650000000000006,-107.17,-66.78,70.46000000000001,-48.83,30.91,-0.5799999999999983,-28.41,51.25,-21.479999999999997,10.489999999999998
2025-08-13T13:05:59.998583,-57.0,153.0,-40.0,44.0,23.0,-10.0,-24.0,67.0,41.0,-38.0,34.0,-39.0,-31.34,62.349999999999994,-4.170000000000002,35.22,-11.54,-8.83,-53.09,28.42,62.59,-5.75,-24.479999999999997,-7.510000000000002
2025-08-13T13:06:00.006454,-62.0,27.0,-53.0,-2.0,15.0,21.0,-18.0,-19.0,-41.0,-30.0,125.0,-60.0,-36.34,-63.650000000000006,-17.17,-10.78,-19.54,22.17,-47.09,-57.58,-19.41,2.25,66.52000000000001,-28.51
2025-08-13T13:06:00.010646,-38.0,132.0,-18.0,19.0,60.0,60.0,-5.0,19.0,-14.0,-95.0,79.0,-75.0,-12.34,41.349999999999994,17.83,10.22,25.46,61.17,-34.09,-19.58,7.59,-62.75,20.520000000000003,-43.510000000000005
2025-08-13T13:06:00.018579,-59.0,99.0,-95.0,-19.0,38.0,-72.0,68.0,8.0,-26.0,2.0,60.0,-65.0,-33.34,8.349999999999994,-59.17,-27.78,3.460000000000001,-70.83,38.91,-30.58,-4.41,34.25,1.5200000000000031,-33.510000000000005
2025-08-13T13:06:00.026875,-81.0,115.0,-2.0,-13.0,16.0,-13.0,26.0,61.0,-24.0,-86.0,106.0,-57.0,-55.34,24.349999999999994,33.83,-21.78,-18.54,-11.83,-3.09,22.42,-2.41,-53.75,47.52,-25.51
2025-08-13T13:06:00.031160,8.0,133.0,-123.0,6.0,18.0,-7.0,-8.0,37.0,-46.0,-90.0,41.0,-10.0,33.66,42.349999999999994,-87.17,-2.7799999999999994,-16.54,-5.83,-37.09,-1.5799999999999983,-24.41,-57.75,-17.479999999999997,21.49
2025-08-13T13:06:00.035091,26.0,68.0,-120.0,-34.0,9.0,-19.0,22.0,81.0,24.0,10.0,95.0,-66.0,51.66,-22.650000000000006,-84.17,-42.78,-25.54,-17.83,-7.09,42.42,45.59,42.25,36.52,-34.510000000000005
2025-08-13T13:06:00.043417,-8.0,34.0,-90.0,-76.0,52.0,-5.0,-50.0,74.0,-37.0,-22.0,91.0,-53.0,17.66,-56.650000000000006,-54.17,-84.78,17.46,-3.83,-79.09,35.42,-15.41,10.25,32.52,-21.51
2025-08-13T13:06:00.047546,33.0,63.0,-59.0,56.0,58.0,-16.0,5.0,101.0,-14.0,27.0,116.0,-38.0,58.66,-27.650000000000006,-23.17,47.22,23.46,-14.83,-24.09,62.42,7.59,59.25,57.52,-6.510000000000002
2025-08-13T13:06:00.055775,13.0,112.0,6.0,53.0,-12.0,-25.0,9.0,75.0,-40.0,-54.0,94.0,-26.0,38.66,21.349999999999994,41.83,44.22,-46.54,-23.83,-20.09,36.42,-18.41,-21.75,35.52,5.489999999999998
2025-08-13T13:06:00.059674,-25.0,104.0,7.0,-50.0,21.0,-22.0,72.0,87.0,-121.0,-58.0,94.0,-9.0,0.6600000000000001,13.349999999999994,42.83,-58.78,-13.54,-20.83,42.91,48.42,-99.41,-25.75,35.52,22.49
2025-08-13T13:06:00.067997,-33.0,106.0,-35.0,10.0,-4.0,-24.0,40.0,16.0,-62.0,-23.0,62.0,-2.0,-7.34,15.349999999999994,0.8299999999999983,1.2200000000000006,-38.54,-22.83,10.91,-22.58,-40.41,9.25,3.520000000000003,29.49
2025-08-13T13:06:00.072507,-84.0,103.0,22.0,-77.0,-19.0,32.0,47.0,42.0,-21.0,-100.0,76.0,-38.0,-58.34,12.349999999999994,57.83,-85.78,-53.54,33.17,17.91,3.4200000000000017,0.5899999999999999,-67.75,17.520000000000003,-6.510000000000002
2025-08-13T13:06:00.080680,59.0,127.0,-78.0,-7.0,24.0,17.0,3.0,41.0,-54.0,11.0,81.0,-41.0,84.66,36.349999999999994,-42.17,-15.78,-10.54,18.17,-26.09,2.4200000000000017,-32.41,43.25,22.520000000000003,-9.510000000000002
2025-08-13T13:06:00.084563,-21.0,151.0,2.0,17.0,60.0,29.0,49.0,-38.0,-49.0,-9.0,86.0,-42.0,4.66,60.349999999999994,37.83,8.22,25.46,30.17,19.91,-76.58,-27.41,23.25,27.520000000000003,-10.510000000000002
2025-08-13T13:06:00.093105,56.0,84.0,-63.0,8.0,67.0,-89.0,-9.0,-32.0,-58.0,-24.0,88.0,-2.0,81.66,-6.650000000000006,-27.17,-0.7799999999999994,32.46,-87.83,-38.09,-70.58,-36.41,8.25,29.520000000000003,29.49
2025-08-13T13:06:00.097053,-26.0,107.0,-46.0,-49.0,152.0,-46.0,45.0,13.0,6.0,-57.0,107.0,-43.0,-0.33999999999999986,16.349999999999994,-10.170000000000002,-57.78,117.46000000000001,-44.83,15.91,-25.58,27.59,-24.75,48.52,-11.510000000000002
2025-08-13T13:06:00.105325,21.0,26.0,13.0,68.0,-64.0,-21.0,64.0,-96.0,-39.0,65.0,66.0,-37.0,46.66,-64.65,48.83,59.22,-98.53999999999999,-19.83,34.91,-134.57999999999998,-17.41,97.25,7.520000000000003,-5.510000000000002
2025-08-13T13:06:00.109188,-100.0,57.0,42.0,-33.0,73.0,70.0,25.0,41.0,-7.0,19.0,81.0,-8.0,-74.34,-33.650000000000006,77.83,-41.78,38.46,71.17,-4.09,2.4200000000000017,14.59,51.25,22.520000000000003,23.49
2025-08-13T13:06:00.117082,-54.0,87.0,-1.0,23.0,68.0,-93.0,26.0,71.0,-25.0,51.0,83.0,-59.0,-28.34,-3.6500000000000057,34.83,14.22,33.46,-91.83,-3.09,32.42,-3.41,83.25,24.520000000000003,-27.51
2025-08-13T13:06:00.121110,-124.0,95.0,36.0,-48.0,11.0,2.0,-12.0,46.0,7.0,34.0,20.0,-43.0,-98.34,4.349999999999994,71.83,-56.78,-23.54,3.17,-41.09,7.420000000000002,28.59,66.25,-38.48,-11.510000000000002
2025-08-13T13:06:00.129476,-69.0,176.0,-24.0,39.0,31.0,-56.0,43.0,43.0,46.0,41.0,50.0,-38.0,-43.34,85.35,11.829999999999998,30.22,-3.539999999999999,-54.83,13.91,4.420000000000002,67.59,73.25,-8.479999999999997,-6.510000000000002
2025-08-13T13:06:00.133463,-22.0,184.0,-90.0,41.0,54.0,-35.0,-4.0,125.0,-81.0,24.0,75.0,-24.0,3.66,93.35,-54.17,32.22,19.46,-33.83,-33.09,86.42,-59.41,56.25,16.520000000000003,7.489999999999998
2025-08-13T13:06:00.141582,11.0,130.0,-28.0,76.0,73.0,38.0,19.0,66.0,10.0,8.0,124.0,-58.0,36.66,39.349999999999994,7.829999999999998,67.22,38.46,39.17,-10.09,27.42,31.59,40.25,65.52000000000001,-26.51
2025-08-13T13:06:00.146028,-31.0,89.0,-64.0,4.0,73.0,40.0,35.0,71.0,-48.0,-22.0,48.0,-35.0,-5.34,-1.6500000000000057,-28.17,-4.779999999999999,38.46,41.17,5.91,32.42,-26.41,10.25,-10.479999999999997,-3.5100000000000016
2025-08-13T13:06:00.153973,-39.0,77.0,-16.0,8.0,75.0,-49.0,5.0,69.0,-58.0,-11.0,54.0,-13.0,-13.34,-13.650000000000006,19.83,-0.7799999999999994,40.46,-47.83,-24.09,30.42,-36.41,21.25,-4.479999999999997,18.49
2025-08-13T13:06:00.158619,-41.0,104.0,27.0,-49.0,35.0,-24.0,-21.0,48.0,-110.0,27.0,81.0,-48.0,-15.34,13.349999999999994,62.83,-57.78,0.46000000000000085,-22.83,-50.09,9.420000000000002,-88.41,59.25,22.520000000000003,-16.51
2025-08-13T13:06:00.166111,-52.0,73.0,-9.0,85.0,77.0,-30.0,14.0,70.0,-58.0,55.0,155.0,-56.0,-26.34,-17.650000000000006,26.83,76.22,42.46,-28.83,-15.09,31.42,-36.41,87.25,96.52000000000001,-24.51
2025-08-13T13:06:00.170810,-91.0,105.0,-63.0,22.0,13.0,26.0,67.0,117.0,-53.0,-6.0,35.0,-16.0,-65.34,14.349999999999994,-27.17,13.22,-21.54,27.17,37.91,78.42,-31.41,26.25,-23.479999999999997,15.489999999999998
2025-08-13T13:06:00.178624,6.0,83.0,-96.0,28.0,20.0,31.0,10.0,110.0,-69.0,26.0,64.0,-15.0,31.66,-7.650000000000006,-60.17,19.22,-14.54,32.17,-19.09,71.42,-47.41,58.25,5.520000000000003,16.49
2025-08-13T13:06:00.182874,82.0,57.0,-70.0,-54.0,47.0,14.0,6.0,46.0,-6.0,13.0,47.0,-40.0,107.66,-33.650000000000006,-34.17,-62.78,12.46,15.17,-23.09,7.420000000000002,15.59,45.25,-11.479999999999997,-8.510000000000002
2025-08-13T13:06:00.190867,12.0,14.0,-12.0,2.0,101.0,57.0,39.0,29.0,8.0,-68.0,-4.0,-60.0,37.66,-76.65,23.83,-6.779999999999999,66.46000000000001,58.17,9.91,-9.579999999999998,29.59,-35.75,-62.48,-28.51
2025-08-13T13:06:00.194984,-18.0,67.0,-21.0,-28.0,99.0,-1.0,82.0,-42.0,-12.0,-2.0,80.0,-33.0,7.66,-23.650000000000006,14.829999999999998,-36.78,64.46000000000001,0.16999999999999993,52.91,-80.58,9.59,30.25,21.520000000000003,-1.5100000000000016
2025-08-13T13:06:00.203251,19.0,137.0,-23.0,-23.0,0.0,16.0,30.0,-15.0,-53.0,-47.0,95.0,-35.0,44.66,46.349999999999994,12.829999999999998,-31.78,-34.54,17.17,0.9100000000000001,-53.58,-31.41,-14.75,36.52,-3.5100000000000016
2025-08-13T13:06:00.207189,-57.0,124.0,-28.0,-44.0,-11.0,24.0,-23.0,29.0,0.0,-81.0,60.0,1.0,-31.34,33.349999999999994,7.829999999999998,-52.78,-45.54,25.17,-52.09,-9.579999999999998,21.59,-48.75,1.5200000000000031,32.489999999999995
2025-08-13T13:06:00.215537,-26.0,129.0,-119.0,21.0,20.0,-24.0,-17.0,99.0,-4.0,-41.0,42.0,-22.0,-0.33999999999999986,38.349999999999994,-83.17,12.22,-14.54,-22.83,-46.09,60.42,17.59,-8.75,-16.479999999999997,9.489999999999998
2025-08-13T13:06:00.219416,-6.0,55.0,-28.0,-16.0,16.0,55.0,94.0,14.0,-9.0,-10.0,97.0,-6.0,19.66,-35.650000000000006,7.829999999999998,-24.78,-18.54,56.17,64.91,-24.58,12.59,22.25,38.52,25.49
2025-08-13T13:06:00.227864,-36.0,154.0,-70.0,-22.0,62.0,-53.0,13.0,32.0,-67.0,8.0,148.0,-37.0,-10.34,63.349999999999994,-34.17,-30.78,27.46,-51.83,-16.09,-6.579999999999998,-45.41,40.25,89.52000000000001,-5.510000000000002
2025-08-13T13:06:00.232249,-61.0,28.0,-27.0,-7.0,-8.0,-2.0,104.0,10.0,-37.0,-35.0,41.0,-47.0,-35.34,-62.650000000000006,8.829999999999998,-15.78,-42.54,-0.8300000000000001,74.91,-28.58,-15.41,-2.75,-17.479999999999997,-15.510000000000002
2025-08-13T13:06:00.239943,-28.0,101.0,24.0,10.0,71.0,25.0,21.0,81.0,-13.0,-35.0,56.0,-64.0,-2.34,10.349999999999994,59.83,1.2200000000000006,36.46,26.17,-8.09,42.42,8.59,-2.75,-2.479999999999997,-32.510000000000005
2025-08-13T13:06:00.244421,-69.0,58.0,41.0,8.0,49.0,17.0,-48.0,18.0,51.0,-74.0,21.0,11.0,-43.34,-32.650000000000006,76.83,-0.7799999999999994,14.46,18.17,-77.09,-20.58,72.59,-41.75,-37.48,42.489999999999995
2025-08-13T13:06:00.252356,-53.0,107.0,22.0,46.0,35.0,16.0,-23.0,16.0,-9.0,-51.0,66.0,-65.0,-27.34,16.349999999999994,57.83,37.22,0.46000000000000085,17.17,-52.09,-22.58,12.59,-18.75,7.520000000000003,-33.510000000000005
2025-08-13T13:06:00.256818,-28.0,144.0,-39.0,-21.0,25.0,32.0,45.0,-28.0,-40.0,-74.0,68.0,70.0,-2.34,53.349999999999994,-3.1700000000000017,-29.78,-9.54,33.17,15.91,-66.58,-18.41,-41.75,9.520000000000003,101.49
2025-08-13T13:06:00.264575,38.0,177.0,5.0,-42.0,29.0,-23.0,18.0,20.0,-9.0,-26.0,54.0,-3.0,63.66,86.35,40.83,-50.78,-5.539999999999999,-21.83,-11.09,-18.58,12.59,6.25,-4.479999999999997,28.49
2025-08-13T13:06:00.269082,-11.0,89.0,-152.0,-4.0,81.0,-6.0,25.0,60.0,48.0,-70.0,76.0,-25.0,14.66,-1.6500000000000057,-116.17,-12.78,46.46,-4.83,-4.09,21.42,69.59,-37.75,17.520000000000003,6.489999999999998
2025-08-13T13:06:00.276843,-63.0,19.0,-29.0,17.0,34.0,-6.0,55.0,26.0,69.0,22.0,57.0,-36.0,-37.34,-71.65,6.829999999999998,8.22,-0.5399999999999991,-4.83,25.91,-12.579999999999998,90.59,54.25,-1.4799999999999969,-4.510000000000002
2025-08-13T13:06:00.282105,-6.0,65.0,-29.0,31.0,-27.0,26.0,-7.0,-13.0,38.0,11.0,67.0,-1.0,19.66,-25.650000000000006,6.829999999999998,22.22,-61.54,27.17,-36.09,-51.58,59.59,43.25,8.520000000000003,30.49
2025-08-13T13:06:00.289091,-52.0,105.0,20.0,17.0,103.0,-37.0,38.0,-12.0,-49.0,-34.0,81.0,27.0,-26.34,14.349999999999994,55.83,8.22,68.46000000000001,-35.83,8.91,-50.58,-27.41,-1.75,22.520000000000003,58.489999999999995
2025-08-13T13:06:00.293834,-82.0,147.0,12.0,53.0,42.0,-11.0,-27.0,76.0,5.0,-56.0,101.0,-74.0,-56.34,56.349999999999994,47.83,44.22,7.460000000000001,-9.83,-56.09,37.42,26.59,-23.75,42.52,-42.510000000000005
2025-08-13T13:06:00.301422,5.0,142.0,-59.0,-25.0,21.0,-41.0,-32.0,24.0,30.0,18.0,15.0,-37.0,30.66,51.349999999999994,-23.17,-33.78,-13.54,-39.83,-61.09,-14.579999999999998,51.59,50.25,-43.48,-5.510000000000002
2025-08-13T13:06:00.305459,5.0,94.0,-69.0,51.0,60.0,12.0,0.0,45.0,-14.0,-66.0,50.0,11.0,30.66,3.3499999999999943,-33.17,42.22,25.46,13.17,-29.09,6.420000000000002,7.59,-33.75,-8.479999999999997,42.489999999999995
2025-08-13T13:06:00.313775,22.0,107.0,-136.0,12.0,-5.0,-33.0,23.0,135.0,-33.0,-3.0,100.0,8.0,47.66,16.349999999999994,-100.17,3.2200000000000006,-39.54,-31.83,-6.09,96.42,-11.41,29.25,41.52,39.489999999999995
2025-08-13T13:06:00.318146,61.0,50.0,4.0,-5.0,-14.0,-72.0,34.0,59.0,49.0,1.0,64.0,-23.0,86.66,-40.650000000000006,39.83,-13.78,-48.54,-70.83,4.91,20.42,70.59,33.25,5.520000000000003,8.489999999999998
2025-08-13T13:06:00.326017,-76.0,68.0,-85.0,95.0,-20.0,13.0,44.0,-8.0,-74.0,-96.0,40.0,-65.0,-50.34,-22.650000000000006,-49.17,86.22,-54.54,14.17,14.91,-46.58,-52.41,-63.75,-18.479999999999997,-33.510000000000005
2025-08-13T13:06:00.330534,-1.0,97.0,-56.0,62.0,52.0,40.0,77.0,22.0,-103.0,-81.0,73.0,-50.0,24.66,6.349999999999994,-20.17,53.22,17.46,41.17,47.91,-16.58,-81.41,-48.75,14.520000000000003,-18.51
2025-08-13T13:06:00.338414,-52.0,27.0,-14.0,-104.0,-1.0,12.0,-15.0,96.0,-133.0,-13.0,28.0,-36.0,-26.34,-63.650000000000006,21.83,-112.78,-35.54,13.17,-44.09,57.42,-111.41,19.25,-30.479999999999997,-4.510000000000002
2025-08-13T13:06:00.342652,-43.0,88.0,5.0,-31.0,86.0,21.0,-4.0,8.0,-17.0,-21.0,88.0,-27.0,-17.34,-2.6500000000000057,40.83,-39.78,51.46,22.17,-33.09,-30.58,4.59,11.25,29.520000000000003,4.489999999999998
2025-08-13T13:06:00.350494,-13.0,108.0,-28.0,-11.0,-8.0,-3.0,62.0,2.0,-33.0,-51.0,74.0,-23.0,12.66,17.349999999999994,7.829999999999998,-19.78,-42.54,-1.83,32.91,-36.58,-11.41,-18.75,15.520000000000003,8.489999999999998
2025-08-13T13:06:00.354788,-29.0,251.0,-71.0,14.0,73.0,6.0,-21.0,14.0,-54.0,-22.0,67.0,-50.0,-3.34,160.35,-35.17,5.220000000000001,38.46,7.17,-50.09,-24.58,-32.41,10.25,8.520000000000003,-18.51
2025-08-13T13:06:00.362902,-45.0,189.0,-32.0,75.0,34.0,-70.0,37.0,14.0,-51.0,-6.0,64.0,-54.0,-19.34,98.35,3.8299999999999983,66.22,-0.5399999999999991,-68.83,7.91,-24.58,-29.41,26.25,5.520000000000003,-22.51
2025-08-13T13:06:00.367296,-28.0,27.0,-51.0,38.0,-27.0,2.0,32.0,33.0,-17.0,-7.0,47.0,-26.0,-2.34,-63.650000000000006,-15.170000000000002,29.22,-61.54,3.17,2.91,-5.579999999999998,4.59,25.25,-11.479999999999997,5.489999999999998
2025-08-13T13:06:00.375154,-43.0,46.0,13.0,-26.0,31.0,3.0,59.0,36.0,-43.0,-93.0,41.0,-8.0,-17.34,-44.650000000000006,48.83,-34.78,-3.539999999999999,4.17,29.91,-2.5799999999999983,-21.41,-60.75,-17.479999999999997,23.49
2025-08-13T13:06:00.379958,-91.0,-16.0,-4.0,-67.0,35.0,68.0,-37.0,-2.0,38.0,-49.0,59.0,-63.0,-65.34,-106.65,31.83,-75.78,0.46000000000000085,69.17,-66.09,-40.58,59.59,-16.75,0.5200000000000031,-31.51
2025-08-13T13:06:00.387380,9.0,38.0,-15.0,-35.0,106.0,78.0,4.0,-8.0,-81.0,11.0,6.0,4.0,34.66,-52.650000000000006,20.83,-43.78,71.46000000000001,79.17,-25.09,-46.58,-59.41,43.25,-52.48,35.489999999999995
2025-08-13T13:06:00.392104,-67.0,60.0,-44.0,-1.0,91.0,-17.0,55.0,54.0,-2.0,-4.0,14.0,-8.0,-41.34,-30.650000000000006,-8.170000000000002,-9.78,56.46,-15.83,25.91,15.420000000000002,19.59,28.25,-44.48,23.49
2025-08-13T13:06:00.399830,-104.0,51.0,-18.0,29.0,59.0,-25.0,97.0,17.0,-49.0,-23.0,41.0,-12.0,-78.34,-39.650000000000006,17.83,20.22,24.46,-23.83,67.91,-21.58,-27.41,9.25,-17.479999999999997,19.49
2025-08-13T13:06:00.404468,-106.0,135.0,-58.0,-8.0,13.0,-40.0,35.0,46.0,-22.0,11.0,86.0,37.0,-80.34,44.349999999999994,-22.17,-16.78,-21.54,-38.83,5.91,7.420000000000002,-0.41000000000000014,43.25,27.520000000000003,68.49
2025-08-13T13:06:00.412049,-63.0,87.0,-98.0,7.0,-7.0,38.0,37.0,21.0,10.0,3.0,66.0,-28.0,-37.34,-3.6500000000000057,-62.17,-1.7799999999999994,-41.54,39.17,7.91,-17.58,31.59,35.25,7.520000000000003,3.4899999999999984
2025-08-13T13:06:00.416669,-62.0,126.0,-43.0,-21.0,26.0,20.0,30.0,33.0,1.0,-67.0,25.0,27.0,-36.34,35.349999999999994,-7.170000000000002,-29.78,-8.54,21.17,0.9100000000000001,-5.579999999999998,22.59,-34.75,-33.48,58.489999999999995
2025-08-13T13:06:00.424417,1.0,94.0,-17.0,84.0,15.0,42.0,-66.0,47.0,-37.0,-57.0,58.0,19.0,26.66,3.3499999999999943,18.83,75.22,-19.54,43.17,-95.09,8.420000000000002,-15.41,-24.75,-0.4799999999999969,50.489999999999995
2025-08-13T13:06:00.429062,-6.0,-7.0,-25.0,-33.0,27.0,10.0,-60.0,20.0,19.0,-36.0,5.0,17.0,19.66,-97.65,10.829999999999998,-41.78,-7.539999999999999,11.17,-89.09,-18.58,40.59,-3.75,-53.48,48.489999999999995
2025-08-13T13:06:00.436727,-18.0,124.0,-100.0,-59.0,49.0,46.0,27.0,46.0,12.0,-42.0,-38.0,7.0,7.66,33.349999999999994,-64.17,-67.78,14.46,47.17,-2.09,7.420000000000002,33.59,-9.75,-96.47999999999999,38.489999999999995
2025-08-13T13:06:00.441195,-11.0,26.0,-67.0,-8.0,34.0,34.0,43.0,11.0,-54.0,-26.0,1.0,53.0,14.66,-64.65,-31.17,-16.78,-0.5399999999999991,35.17,13.91,-27.58,-32.41,6.25,-57.48,84.49
2025-08-13T13:06:00.449019,-19.0,76.0,27.0,-54.0,58.0,-5.0,8.0,91.0,-14.0,-22.0,-7.0,82.0,6.66,-14.650000000000006,62.83,-62.78,23.46,-3.83,-21.09,52.42,7.59,10.25,-65.47999999999999,113.49
2025-08-13T13:06:00.456199,-37.0,143.0,-31.0,-3.0,3.0,-26.0,85.0,80.0,-13.0,32.0,31.0,33.0,-11.34,52.349999999999994,4.829999999999998,-11.78,-31.54,-24.83,55.91,41.42,8.59,64.25,-27.479999999999997,64.49
2025-08-13T13:06:00.461570,7.0,80.0,38.0,26.0,41.0,2.0,65.0,-7.0,-35.0,1.0,-26.0,40.0,32.66,-10.650000000000006,73.83,17.22,6.460000000000001,3.17,35.91,-45.58,-13.41,33.25,-84.47999999999999,71.49
2025-08-13T13:06:00.465408,-33.0,28.0,2.0,62.0,20.0,-42.0,47.0,66.0,-71.0,57.0,56.0,53.0,-7.34,-62.650000000000006,37.83,53.22,-14.54,-40.83,17.91,27.42,-49.41,89.25,-2.479999999999997,84.49
2025-08-13T13:06:00.470433,-17.0,83.0,28.0,30.0,41.0,31.0,4.0,47.0,-23.0,84.0,-6.0,45.0,8.66,-7.650000000000006,63.83,21.22,6.460000000000001,32.17,-25.09,8.420000000000002,-1.4100000000000001,116.25,-64.47999999999999,76.49
2025-08-13T13:06:00.477530,-6.0,39.0,3.0,-50.0,-29.0,-36.0,-18.0,80.0,-41.0,43.0,-22.0,50.0,19.66,-51.650000000000006,38.83,-58.78,-63.54,-34.83,-47.09,41.42,-19.41,75.25,-80.47999999999999,81.49
2025-08-13T13:06:00.481947,-9.0,126.0,-17.0,-6.0,28.0,8.0,91.0,26.0,-15.0,84.0,-21.0,24.0,16.66,35.349999999999994,18.83,-14.78,-6.539999999999999,9.17,61.91,-12.579999999999998,6.59,116.25,-79.47999999999999,55.489999999999995
2025-08-13T13:06:00.489701,-43.0,139.0,-71.0,-82.0,73.0,29.0,42.0,56.0,30.0,-19.0,-5.0,-20.0,-17.34,48.349999999999994,-35.17,-90.78,38.46,30.17,12.91,17.42,51.59,13.25,-63.48,11.489999999999998
2025-08-13T13:06:00.493885,-24.0,110.0,-69.0,-10.0,14.0,40.0,82.0,30.0,7.0,-9.0,52.0,64.0,1.6600000000000001,19.349999999999994,-33.17,-18.78,-20.54,41.17,52.91,-8.579999999999998,28.59,23.25,-6.479999999999997,95.49
2025-08-13T13:06:00.502022,-27.0,123.0,-37.0,22.0,-3.0,19.0,-15.0,44.0,-14.0,-4.0,-2.0,2.0,-1.3399999999999999,32.349999999999994,-1.1700000000000017,13.22,-37.54,20.17,-44.09,5.420000000000002,7.59,28.25,-60.48,33.489999999999995
2025-08-13T13:06:00.507036,-17.0,108.0,-68.0,-23.0,20.0,45.0,71.0,46.0,12.0,51.0,23.0,2.0,8.66,17.349999999999994,-32.17,-31.78,-14.54,46.17,41.91,7.420000000000002,33.59,83.25,-35.48,33.489999999999995
2025-08-13T13:06:00.514514,28.0,28.0,32.0,-58.0,-7.0,-14.0,87.0,24.0,-100.0,42.0,18.0,63.0,53.66,-62.650000000000006,67.83,-66.78,-41.54,-12.83,57.91,-14.579999999999998,-78.41,74.25,-40.48,94.49
2025-08-13T13:06:00.519480,-51.0,113.0,-44.0,24.0,67.0,-20.0,56.0,71.0,24.0,61.0,108.0,-4.0,-25.34,22.349999999999994,-8.170000000000002,15.22,32.46,-18.83,26.91,32.42,45.59,93.25,49.52,27.49
2025-08-13T13:06:00.526642,-32.0,158.0,-57.0,-50.0,63.0,-69.0,38.0,22.0,-51.0,2.0,-14.0,-77.0,-6.34,67.35,-21.17,-58.78,28.46,-67.83,8.91,-16.58,-29.41,34.25,-72.47999999999999,-45.510000000000005
2025-08-13T13:06:00.531544,-7.0,49.0,-84.0,-28.0,46.0,15.0,12.0,9.0,-49.0,47.0,34.0,24.0,18.66,-41.650000000000006,-48.17,-36.78,11.46,16.17,-17.09,-29.58,-27.41,79.25,-24.479999999999997,55.489999999999995
2025-08-13T13:06:00.538957,-35.0,129.0,-31.0,60.0,11.0,-68.0,32.0,-27.0,-54.0,22.0,65.0,16.0,-9.34,38.349999999999994,4.829999999999998,51.22,-23.54,-66.83,2.91,-65.58,-32.41,54.25,6.520000000000003,47.489999999999995
2025-08-13T13:06:00.543974,64.0,154.0,-79.0,26.0,38.0,16.0,59.0,70.0,-41.0,1.0,-3.0,-10.0,89.66,63.349999999999994,-43.17,17.22,3.460000000000001,17.17,29.91,31.42,-19.41,33.25,-61.48,21.49
2025-08-13T13:06:00.551111,8.0,149.0,-54.0,22.0,53.0,25.0,26.0,0.0,-50.0,112.0,-24.0,-25.0,33.66,58.349999999999994,-18.17,13.22,18.46,26.17,-3.09,-38.58,-28.41,144.25,-82.47999999999999,6.489999999999998
2025-08-13T13:06:00.555845,-2.0,88.0,-66.0,5.0,83.0,31.0,-22.0,-3.0,-1.0,21.0,-13.0,56.0,23.66,-2.6500000000000057,-30.17,-3.7799999999999994,48.46,32.17,-51.09,-41.58,20.59,53.25,-71.47999999999999,87.49
2025-08-13T13:06:00.563375,-32.0,44.0,-55.0,-73.0,91.0,23.0,27.0,25.0,87.0,56.0,-14.0,-47.0,-6.34,-46.650000000000006,-19.17,-81.78,56.46,24.17,-2.09,-13.579999999999998,108.59,88.25,-72.47999999999999,-15.510000000000002
2025-08-13T13:06:00.568611,7.0,41.0,12.0,-5.0,43.0,-38.0,46.0,0.0,-12.0,40.0,91.0,-29.0,32.66,-49.650000000000006,47.83,-13.78,8.46,-36.83,16.91,-38.58,9.59,72.25,32.52,2.4899999999999984
2025-08-13T13:06:00.575737,28.0,105.0,6.0,8.0,68.0,6.0,38.0,-38.0,-43.0,22.0,-9.0,17.0,53.66,14.349999999999994,41.83,-0.7799999999999994,33.46,7.17,8.91,-76.58,-21.41,54.25,-67.47999999999999,48.489999999999995
2025-08-13T13:06:00.580055,17.0,81.0,-50.0,14.0,33.0,-38.0,38.0,39.0,8.0,37.0,71.0,-4.0,42.66,-9.650000000000006,-14.170000000000002,5.220000000000001,-1.5399999999999991,-36.83,8.91,0.4200000000000017,29.59,69.25,12.520000000000003,27.49
2025-08-13T13:06:00.588130,-59.0,10.0,-27.0,-18.0,43.0,-25.0,52.0,78.0,65.0,30.0,100.0,-78.0,-33.34,-80.65,8.829999999999998,-26.78,8.46,-23.83,22.91,39.42,86.59,62.25,41.52,-46.510000000000005
2025-08-13T13:06:00.592267,-24.0,142.0,22.0,-16.0,65.0,29.0,15.0,78.0,-54.0,30.0,55.0,-47.0,1.6600000000000001,51.349999999999994,57.83,-24.78,30.46,30.17,-14.09,39.42,-32.41,62.25,-3.479999999999997,-15.510000000000002
2025-08-13T13:06:00.600483,-21.0,160.0,-45.0,-29.0,83.0,16.0,37.0,87.0,-90.0,-5.0,22.0,4.0,4.66,69.35,-9.170000000000002,-37.78,48.46,17.17,7.91,48.42,-68.41,27.25,-36.48,35.489999999999995
2025-08-13T13:06:00.604773,-69.0,154.0,22.0,-23.0,135.0,-29.0,38.0,94.0,3.0,79.0,-13.0,-64.0,-43.34,63.349999999999994,57.83,-31.78,100.46000000000001,-27.83,8.91,55.42,24.59,111.25,-71.47999999999999,-32.510000000000005
2025-08-13T13:06:00.612752,-8.0,134.0,-28.0,41.0,-1.0,18.0,40.0,43.0,-43.0,-33.0,38.0,-15.0,17.66,43.349999999999994,7.829999999999998,32.22,-35.54,19.17,10.91,4.420000000000002,-21.41,-0.75,-20.479999999999997,16.49
2025-08-13T13:06:00.617011,-48.0,18.0,-67.0,3.0,34.0,-25.0,8.0,69.0,-6.0,51.0,114.0,-12.0,-22.34,-72.65,-31.17,-5.779999999999999,-0.5399999999999991,-23.83,-21.09,30.42,15.59,83.25,55.52,19.49
2025-08-13T13:06:00.625295,19.0,59.0,-80.0,12.0,-63.0,56.0,61.0,122.0,-26.0,-28.0,49.0,-56.0,44.66,-31.650000000000006,-44.17,3.2200000000000006,-97.53999999999999,57.17,31.91,83.42,-4.41,4.25,-9.479999999999997,-24.51
2025-08-13T13:06:00.629767,-7.0,55.0,26.0,2.0,97.0,61.0,30.0,42.0,-26.0,-59.0,64.0,-38.0,18.66,-35.650000000000006,61.83,-6.779999999999999,62.46,62.17,0.9100000000000001,3.4200000000000017,-4.41,-26.75,5.520000000000003,-6.510000000000002
2025-08-13T13:06:00.637433,71.0,91.0,-25.0,-29.0,-6.0,-46.0,14.0,44.0,-24.0,9.0,96.0,20.0,96.66,0.3499999999999943,10.829999999999998,-37.78,-40.54,-44.83,-15.09,5.420000000000002,-2.41,41.25,37.52,51.489999999999995
2025-08-13T13:06:00.642154,12.0,75.0,-15.0,-17.0,102.0,31.0,70.0,-40.0,-44.0,-29.0,124.0,-5.0,37.66,-15.650000000000006,20.83,-25.78,67.46000000000001,32.17,40.91,-78.58,-22.41,3.25,65.52000000000001,26.49
2025-08-13T13:06:00.649820,-87.0,119.0,-43.0,2.0,30.0,-29.0,-28.0,-6.0,-27.0,-18.0,62.0,-75.0,-61.34,28.349999999999994,-7.170000000000002,-6.779999999999999,-4.539999999999999,-27.83,-57.09,-44.58,-5.41,14.25,3.520000000000003,-43.510000000000005
2025-08-13T13:06:00.654411,-62.0,83.0,-72.0,31.0,5.0,-10.0,18.0,0.0,-15.0,-16.0,56.0,-87.0,-36.34,-7.650000000000006,-36.17,22.22,-29.54,-8.83,-11.09,-38.58,6.59,16.25,-2.479999999999997,-55.510000000000005
2025-08-13T13:06:00.661974,-54.0,198.0,-91.0,22.0,33.0,81.0,25.0,60.0,-29.0,-95.0,70.0,-22.0,-28.34,107.35,-55.17,13.22,-1.5399999999999991,82.17,-4.09,21.42,-7.41,-62.75,11.520000000000003,9.489999999999998
2025-08-13T13:06:00.666876,22.0,126.0,-25.0,-4.0,15.0,66.0,36.0,22.0,-50.0,-143.0,34.0,-52.0,47.66,35.349999999999994,10.829999999999998,-12.78,-19.54,67.17,6.91,-16.58,-28.41,-110.75,-24.479999999999997,-20.51
2025-08-13T13:06:00.675752,-85.0,57.0,-17.0,-50.0,29.0,28.0,10.0,19.0,21.0,-24.0,42.0,-31.0,-59.34,-33.650000000000006,18.83,-58.78,-5.539999999999999,29.17,-19.09,-19.58,42.59,8.25,-16.479999999999997,0.48999999999999844
2025-08-13T13:06:00.684837,-25.0,42.0,-13.0,-17.0,50.0,30.0,-47.0,56.0,-61.0,34.0,115.0,-7.0,0.6600000000000001,-48.650000000000006,22.83,-25.78,15.46,31.17,-76.09,17.42,-39.41,66.25,56.52,24.49
2025-08-13T13:06:00.690220,-61.0,17.0,53.0,24.0,50.0,18.0,6.0,52.0,-71.0,-43.0,90.0,47.0,-35.34,-73.65,88.83,15.22,15.46,19.17,-23.09,13.420000000000002,-49.41,-10.75,31.520000000000003,78.49
2025-08-13T13:06:00.695915,-49.0,73.0,-2.0,42.0,8.0,27.0,13.0,25.0,-55.0,-23.0,56.0,-101.0,-23.34,-17.650000000000006,33.83,33.22,-26.54,28.17,-16.09,-13.579999999999998,-33.41,9.25,-2.479999999999997,-69.51
2025-08-13T13:06:00.699935,-31.0,54.0,-48.0,10.0,73.0,7.0,-80.0,60.0,-43.0,-46.0,28.0,-71.0,-5.34,-36.650000000000006,-12.170000000000002,1.2200000000000006,38.46,8.17,-109.09,21.42,-21.41,-13.75,-30.479999999999997,-39.510000000000005
2025-08-13T13:06:00.702923,-40.0,87.0,-79.0,-28.0,90.0,-22.0,57.0,69.0,36.0,-12.0,36.0,-8.0,-14.34,-3.6500000000000057,-43.17,-36.78,55.46,-20.83,27.91,30.42,57.59,20.25,-22.479999999999997,23.49
2025-08-13T13:06:00.710921,-53.0,83.0,-55.0,-64.0,100.0,7.0,-26.0,51.0,7.0,-1.0,98.0,-15.0,-27.34,-7.650000000000006,-19.17,-72.78,65.46000000000001,8.17,-55.09,12.420000000000002,28.59,31.25,39.52,16.49
2025-08-13T13:06:00.715460,33.0,107.0,-47.0,6.0,30.0,-32.0,-14.0,69.0,-39.0,-30.0,-3.0,-62.0,58.66,16.349999999999994,-11.170000000000002,-2.7799999999999994,-4.539999999999999,-30.83,-43.09,30.42,-17.41,2.25,-61.48,-30.51
2025-08-13T13:06:00.723122,19.0,124.0,-52.0,21.0,114.0,26.0,6.0,20.0,-48.0,-55.0,75.0,-21.0,44.66,33.349999999999994,-16.17,12.22,79.46000000000001,27.17,-23.09,-18.58,-26.41,-22.75,16.520000000000003,10.489999999999998
2025-08-13T13:06:00.727727,-30.0,71.0,8.0,-2.0,60.0,-24.0,68.0,74.0,-68.0,-50.0,84.0,-23.0,-4.34,-19.650000000000006,43.83,-10.78,25.46,-22.83,38.91,35.42,-46.41,-17.75,25.520000000000003,8.489999999999998
2025-08-13T13:06:00.735350,4.0,35.0,35.0,-25.0,34.0,-28.0,26.0,72.0,-79.0,-36.0,37.0,2.0,29.66,-55.650000000000006,70.83,-33.78,-0.5399999999999991,-26.83,-3.09,33.42,-57.41,-3.75,-21.479999999999997,33.489999999999995
2025-08-13T13:06:00.740009,-32.0,-10.0,61.0,-34.0,66.0,1.0,21.0,110.0,-50.0,-56.0,104.0,-23.0,-6.34,-100.65,96.83,-42.78,31.46,2.17,-8.09,71.42,-28.41,-23.75,45.52,8.489999999999998
2025-08-13T13:06:00.747685,-55.0,50.0,-7.0,-35.0,82.0,-2.0,63.0,36.0,-11.0,-70.0,73.0,-34.0,-29.34,-40.650000000000006,28.83,-43.78,47.46,-0.8300000000000001,33.91,-2.5799999999999983,10.59,-37.75,14.520000000000003,-2.5100000000000016
2025-08-13T13:06:00.752204,1.0,57.0,29.0,49.0,36.0,30.0,8.0,22.0,-34.0,-64.0,119.0,26.0,26.66,-33.650000000000006,64.83,40.22,1.4600000000000009,31.17,-21.09,-16.58,-12.41,-31.75,60.52,57.489999999999995
2025-08-13T13:06:00.760004,-40.0,86.0,-48.0,17.0,25.0,-41.0,-72.0,30.0,-41.0,-61.0,91.0,-36.0,-14.34,-4.650000000000006,-12.170000000000002,8.22,-9.54,-39.83,-101.09,-8.579999999999998,-19.41,-28.75,32.52,-4.510000000000002
2025-08-13T13:06:00.764457,-10.0,120.0,-81.0,0.0,96.0,43.0,32.0,35.0,-14.0,-84.0,27.0,-21.0,15.66,29.349999999999994,-45.17,-8.78,61.46,44.17,2.91,-3.5799999999999983,7.59,-51.75,-31.479999999999997,10.489999999999998
2025-08-13T13:06:00.772209,-32.0,25.0,-76.0,30.0,-43.0,-28.0,30.0,6.0,22.0,-39.0,91.0,-62.0,-6.34,-65.65,-40.17,21.22,-77.53999999999999,-26.83,0.9100000000000001,-32.58,43.59,-6.75,32.52,-30.51
2025-08-13T13:06:00.776839,0.0,107.0,-4.0,-3.0,76.0,14.0,66.0,20.0,-20.0,-66.0,49.0,-36.0,25.66,16.349999999999994,31.83,-11.78,41.46,15.17,36.91,-18.58,1.5899999999999999,-33.75,-9.479999999999997,-4.510000000000002
2025-08-13T13:06:00.781735,-8.0,50.0,-81.0,46.0,22.0,32.0,23.0,15.0,-10.0,-42.0,63.0,-50.0,17.66,-40.650000000000006,-45.17,37.22,-12.54,33.17,-6.09,-23.58,11.59,-9.75,4.520000000000003,-18.51
2025-08-13T13:06:00.788875,-91.0,128.0,-43.0,-67.0,103.0,72.0,65.0,19.0,-43.0,-29.0,35.0,-2.0,-65.34,37.349999999999994,-7.170000000000002,-75.78,68.46000000000001,73.17,35.91,-19.58,-21.41,3.25,-23.479999999999997,29.49
2025-08-13T13:06:00.796790,-49.0,143.0,0.0,-49.0,89.0,11.0,62.0,26.0,26.0,-19.0,23.0,-38.0,-23.34,52.349999999999994,35.83,-57.78,54.46,12.17,32.91,-12.579999999999998,47.59,13.25,-35.48,-6.510000000000002
2025-08-13T13:06:00.801363,6.0,104.0,-30.0,34.0,81.0,-90.0,24.0,37.0,26.0,21.0,13.0,-50.0,31.66,13.349999999999994,5.829999999999998,25.22,46.46,-88.83,-5.09,-1.5799999999999983,47.59,53.25,-45.48,-18.51
2025-08-13T13:06:00.809021,-19.0,90.0,-80.0,5.0,-4.0,-6.0,-33.0,94.0,-16.0,-74.0,112.0,-8.0,6.66,-0.6500000000000057,-44.17,-3.7799999999999994,-38.54,-4.83,-62.09,55.42,5.59,-41.75,53.52,23.49
2025-08-13T13:06:00.813616,-23.0,128.0,-64.0,24.0,11.0,1.0,-55.0,60.0,-105.0,-36.0,16.0,-10.0,2.66,37.349999999999994,-28.17,15.22,-23.54,2.17,-84.09,21.42,-83.41,-3.75,-42.48,21.49
2025-08-13T13:06:00.821375,-36.0,70.0,-31.0,-28.0,57.0,45.0,-11.0,53.0,-43.0,-33.0,78.0,-20.0,-10.34,-20.650000000000006,4.829999999999998,-36.78,22.46,46.17,-40.09,14.420000000000002,-21.41,-0.75,19.520000000000003,11.489999999999998
2025-08-13T13:06:00.825980,-109.0,131.0,-7.0,-3.0,-2.0,-13.0,44.0,67.0,-25.0,-44.0,52.0,43.0,-83.34,40.349999999999994,28.83,-11.78,-36.54,-11.83,14.91,28.42,-3.41,-11.75,-6.479999999999997,74.49
2025-08-13T13:06:00.830126,-23.0,139.0,6.0,5.0,54.0,-33.0,57.0,45.0,-49.0,-22.0,37.0,-35.0,2.66,48.349999999999994,41.83,-3.7799999999999994,19.46,-31.83,27.91,6.420000000000002,-27.41,10.25,-21.479999999999997,-3.5100000000000016
2025-08-13T13:06:00.838009,-86.0,84.0,-45.0,-40.0,66.0,-6.0,84.0,12.0,-10.0,-3.0,36.0,-24.0,-60.34,-6.650000000000006,-9.170000000000002,-48.78,31.46,-4.83,54.91,-26.58,11.59,29.25,-22.479999999999997,7.489999999999998
2025-08-13T13:06:00.842234,32.0,131.0,-82.0,39.0,49.0,-52.0,30.0,-20.0,-63.0,-76.0,94.0,4.0,57.66,40.349999999999994,-46.17,30.22,14.46,-50.83,0.9100000000000001,-58.58,-41.41,-43.75,35.52,35.489999999999995
2025-08-13T13:06:00.850242,-1.0,80.0,-47.0,44.0,29.0,10.0,41.0,-4.0,-11.0,15.0,-23.0,-10.0,24.66,-10.650000000000006,-11.170000000000002,35.22,-5.539999999999999,11.17,11.91,-42.58,10.59,47.25,-81.47999999999999,21.49
2025-08-13T13:06:00.854538,-12.0,39.0,-23.0,42.0,14.0,27.0,40.0,21.0,-59.0,-63.0,50.0,-14.0,13.66,-51.650000000000006,12.829999999999998,33.22,-20.54,28.17,10.91,-17.58,-37.41,-30.75,-8.479999999999997,17.49
2025-08-13T13:06:00.862618,-39.0,27.0,42.0,-73.0,-55.0,4.0,56.0,-1.0,-21.0,-14.0,17.0,-67.0,-13.34,-63.650000000000006,77.83,-81.78,-89.53999999999999,5.17,26.91,-39.58,0.5899999999999999,18.25,-41.48,-35.510000000000005
2025-08-13T13:06:00.866871,-65.0,19.0,-12.0,-28.0,81.0,-21.0,-4.0,56.0,-22.0,30.0,48.0,-40.0,-39.34,-71.65,23.83,-36.78,46.46,-19.83,-33.09,17.42,-0.41000000000000014,62.25,-10.479999999999997,-8.510000000000002
2025-08-13T13:06:00.874800,-48.0,166.0,-57.0,-88.0,16.0,34.0,19.0,85.0,18.0,-7.0,79.0,-52.0,-22.34,75.35,-21.17,-96.78,-18.54,35.17,-10.09,46.42,39.59,25.25,20.520000000000003,-20.51
2025-08-13T13:06:00.879117,-19.0,101.0,-55.0,8.0,77.0,43.0,77.0,69.0,-12.0,-27.0,64.0,-38.0,6.66,10.349999999999994,-19.17,-0.7799999999999994,42.46,44.17,47.91,30.42,9.59,5.25,5.520000000000003,-6.510000000000002
2025-08-13T13:06:00.887035,-37.0,78.0,-171.0,44.0,-27.0,0.0,44.0,84.0,-33.0,-39.0,30.0,-9.0,-11.34,-12.650000000000006,-135.17000000000002,35.22,-61.54,1.17,14.91,45.42,-11.41,-6.75,-28.479999999999997,22.49
2025-08-13T13:06:00.895151,9.0,55.0,-71.0,17.0,-61.0,23.0,-60.0,-30.0,-39.0,-40.0,118.0,-71.0,34.66,-35.650000000000006,-35.17,8.22,-95.53999999999999,24.17,-89.09,-68.58,-17.41,-7.75,59.52,-39.510000000000005
2025-08-13T13:06:00.899603,18.0,91.0,-18.0,-42.0,13.0,14.0,54.0,55.0,-72.0,-23.0,100.0,-26.0,43.66,0.3499999999999943,17.83,-50.78,-21.54,15.17,24.91,16.42,-50.41,9.25,41.52,5.489999999999998
2025-08-13T13:06:00.904324,-74.0,142.0,31.0,-101.0,29.0,37.0,30.0,-12.0,-25.0,6.0,15.0,-32.0,-48.34,51.349999999999994,66.83,-109.78,-5.539999999999999,38.17,0.9100000000000001,-50.58,-3.41,38.25,-43.48,-0.5100000000000016
2025-08-13T13:06:00.911892,-91.0,163.0,-26.0,14.0,100.0,-36.0,34.0,29.0,-70.0,11.0,77.0,-15.0,-65.34,72.35,9.829999999999998,5.220000000000001,65.46000000000001,-34.83,4.91,-9.579999999999998,-48.41,43.25,18.520000000000003,16.49
2025-08-13T13:06:00.916413,-29.0,143.0,-2.0,15.0,54.0,-16.0,12.0,4.0,-53.0,14.0,58.0,7.0,-3.34,52.349999999999994,33.83,6.220000000000001,19.46,-14.83,-17.09,-34.58,-31.41,46.25,-0.4799999999999969,38.489999999999995
2025-08-13T13:06:00.924086,-1.0,170.0,-124.0,87.0,-13.0,60.0,8.0,16.0,-17.0,-52.0,23.0,-8.0,24.66,79.35,-88.17,78.22,-47.54,61.17,-21.09,-22.58,4.59,-19.75,-35.48,23.49
2025-08-13T13:06:00.928309,-10.0,94.0,-108.0,3.0,-33.0,42.0,43.0,30.0,-17.0,-47.0,46.0,-43.0,15.66,3.3499999999999943,-72.17,-5.779999999999999,-67.53999999999999,43.17,13.91,-8.579999999999998,4.59,-14.75,-12.479999999999997,-11.510000000000002
2025-08-13T13:06:00.936196,-4.0,33.0,30.0,-14.0,8.0,-21.0,60.0,28.0,-43.0,-49.0,38.0,26.0,21.66,-57.650000000000006,65.83,-22.78,-26.54,-19.83,30.91,-10.579999999999998,-21.41,-16.75,-20.479999999999997,57.489999999999995
2025-08-13T13:06:00.940435,-36.0,-7.0,-5.0,26.0,49.0,11.0,29.0,-15.0,1.0,-19.0,46.0,16.0,-10.34,-97.65,30.83,17.22,14.46,12.17,-0.08999999999999986,-53.58,22.59,13.25,-12.479999999999997,47.489999999999995
2025-08-13T13:06:00.948598,-39.0,90.0,40.0,-17.0,75.0,7.0,64.0,-3.0,15.0,-41.0,42.0,-9.0,-13.34,-0.6500000000000057,75.83,-25.78,40.46,8.17,34.91,-41.58,36.59,-8.75,-16.479999999999997,22.49
2025-08-13T13:06:00.952619,-90.0,98.0,-6.0,18.0,103.0,-10.0,-13.0,56.0,-14.0,-44.0,57.0,-17.0,-64.34,7.349999999999994,29.83,9.22,68.46000000000001,-8.83,-42.09,17.42,7.59,-11.75,-1.4799999999999969,14.489999999999998
2025-08-13T13:06:00.960798,-72.0,125.0,-49.0,1.0,17.0,-76.0,57.0,48.0,-52.0,-47.0,65.0,33.0,-46.34,34.349999999999994,-13.170000000000002,-7.779999999999999,-17.54,-74.83,27.91,9.420000000000002,-30.41,-14.75,6.520000000000003,64.49
2025-08-13T13:06:00.964869,-3.0,166.0,-25.0,25.0,26.0,44.0,9.0,-21.0,-30.0,-26.0,62.0,-24.0,22.66,75.35,10.829999999999998,16.22,-8.54,45.17,-20.09,-59.58,-8.41,6.25,3.520000000000003,7.489999999999998
2025-08-13T13:06:00.973313,-8.0,96.0,-73.0,-64.0,-1.0,41.0,55.0,-32.0,70.0,-66.0,51.0,-2.0,17.66,5.349999999999994,-37.17,-72.78,-35.54,42.17,25.91,-70.58,91.59,-33.75,-7.479999999999997,29.49
2025-08-13T13:06:00.977225,-38.0,151.0,-92.0,-23.0,-7.0,-12.0,-44.0,41.0,-7.0,-36.0,73.0,-49.0,-12.34,60.349999999999994,-56.17,-31.78,-41.54,-10.83,-73.09,2.4200000000000017,14.59,-3.75,14.520000000000003,-17.51
2025-08-13T13:06:00.985467,20.0,-3.0,-77.0,-38.0,61.0,53.0,10.0,-2.0,21.0,23.0,2.0,-7.0,45.66,-93.65,-41.17,-46.78,26.46,54.17,-19.09,-40.58,42.59,55.25,-56.48,24.49
2025-08-13T13:06:00.989650,36.0,114.0,-1.0,-79.0,107.0,1.0,5.0,31.0,-37.0,-49.0,32.0,89.0,61.66,23.349999999999994,34.83,-87.78,72.46000000000001,2.17,-24.09,-7.579999999999998,-15.41,-16.75,-26.479999999999997,120.49
2025-08-13T13:06:00.997747,45.0,46.0,-59.0,12.0,96.0,-1.0,-28.0,-10.0,2.0,-8.0,99.0,5.0,70.66,-44.650000000000006,-23.17,3.2200000000000006,61.46,0.16999999999999993,-57.09,-48.58,23.59,24.25,40.52,36.489999999999995
2025-08-13T13:06:01.001851,26.0,52.0,-42.0,-63.0,29.0,-48.0,2.0,-12.0,-56.0,3.0,-3.0,5.0,51.66,-38.650000000000006,-6.170000000000002,-71.78,-5.539999999999999,-46.83,-27.09,-50.58,-34.41,35.25,-61.48,36.489999999999995
2025-08-13T13:06:01.010078,74.0,28.0,-57.0,-30.0,30.0,-27.0,35.0,57.0,21.0,25.0,0.0,-21.0,99.66,-62.650000000000006,-21.17,-38.78,-4.539999999999999,-25.83,5.91,18.42,42.59,57.25,-58.48,10.489999999999998
2025-08-13T13:06:01.014352,55.0,26.0,-27.0,26.0,86.0,39.0,21.0,52.0,21.0,-11.0,32.0,27.0,80.66,-64.65,8.829999999999998,17.22,51.46,40.17,-8.09,13.420000000000002,42.59,21.25,-26.479999999999997,58.489999999999995
