timestamp,x1,y1,z1,x2,y2,z2,x3,y3,z3,x4,y4,z4,x1_calib,y1_calib,z1_calib,x2_calib,y2_calib,z2_calib,x3_calib,y3_calib,z3_calib,x4_calib,y4_calib,z4_calib
2025-08-13T12:56:21.191300,-41.0,67.0,-33.0,40.0,-15.0,-1.0,-70.0,42.0,-10.0,-11.0,-1.0,-50.0,-55.86,37.510000000000005,-11.68,38.26,-30.64,20.47,-60.57,0.3200000000000003,8.46,-6.09,-8.14,-45.1
2025-08-13T12:56:21.195615,-50.0,-31.0,32.0,-22.0,-35.0,2.0,-28.0,58.0,-18.0,-66.0,-108.0,-16.0,-64.86,-60.489999999999995,53.32,-23.74,-50.64,23.47,-18.57,16.32,0.46000000000000085,-61.09,-115.14,-11.1
2025-08-13T12:56:21.203510,8.0,64.0,-35.0,2.0,17.0,42.0,-42.0,3.0,-34.0,-23.0,16.0,27.0,-6.859999999999999,34.510000000000005,-13.68,0.26,1.3599999999999994,63.47,-32.57,-38.68,-15.54,-18.09,8.86,31.9
2025-08-13T12:56:21.207823,11.0,85.0,19.0,15.0,18.0,4.0,-37.0,15.0,0.0,-66.0,-49.0,25.0,-3.8599999999999994,55.510000000000005,40.32,13.26,2.3599999999999994,25.47,-27.57,-26.68,18.46,-61.09,-56.14,29.9
2025-08-13T12:56:21.215594,34.0,56.0,-57.0,-70.0,-30.0,-39.0,22.0,10.0,8.0,-19.0,-22.0,10.0,19.14,26.51,-35.68,-71.74,-45.64,-17.53,31.43,-31.68,26.46,-14.09,-29.14,14.9
2025-08-13T12:56:21.220385,-17.0,83.0,-51.0,-15.0,73.0,23.0,5.0,37.0,-55.0,-42.0,32.0,59.0,-31.86,53.510000000000005,-29.68,-16.74,57.36,44.47,14.43,-4.68,-36.54,-37.09,24.86,63.9
2025-08-13T12:56:21.227920,-25.0,96.0,-65.0,-28.0,-6.0,-78.0,-52.0,21.0,-31.0,-8.0,42.0,53.0,-39.86,66.51,-43.68,-29.74,-21.64,-56.53,-42.57,-20.68,-12.54,-3.09,34.86,57.9
2025-08-13T12:56:21.232209,75.0,75.0,12.0,51.0,-34.0,-69.0,-25.0,26.0,-89.0,26.0,34.0,16.0,60.14,45.510000000000005,33.32,49.26,-49.64,-47.53,-15.57,-15.68,-70.53999999999999,30.91,26.86,20.9
2025-08-13T12:56:21.240209,66.0,25.0,-4.0,22.0,36.0,2.0,-21.0,68.0,11.0,-81.0,-5.0,-17.0,51.14,-4.489999999999998,17.32,20.26,20.36,23.47,-11.57,26.32,29.46,-76.09,-12.14,-12.1
2025-08-13T12:56:21.244769,70.0,26.0,-130.0,20.0,32.0,-18.0,8.0,33.0,11.0,-50.0,61.0,56.0,55.14,-3.4899999999999984,-108.68,18.26,16.36,3.469999999999999,17.43,-8.68,29.46,-45.09,53.86,60.9
2025-08-13T12:56:21.252469,-52.0,-13.0,-14.0,-30.0,-48.0,-14.0,-46.0,78.0,14.0,22.0,95.0,1.0,-66.86,-42.489999999999995,7.32,-31.74,-63.64,7.469999999999999,-36.57,36.32,32.46,26.91,87.86,5.9
2025-08-13T12:56:21.256947,-37.0,-41.0,56.0,-3.0,21.0,-68.0,41.0,15.0,2.0,-26.0,-50.0,-12.0,-51.86,-70.49,77.32,-4.74,5.359999999999999,-46.53,50.43,-26.68,20.46,-21.09,-57.14,-7.1
2025-08-13T12:56:21.264826,-2.0,20.0,-11.0,2.0,22.0,-19.0,-13.0,54.0,-45.0,1.0,-55.0,-12.0,-16.86,-9.489999999999998,10.32,0.26,6.359999999999999,2.469999999999999,-3.5700000000000003,12.32,-26.54,5.91,-62.14,-7.1
2025-08-13T12:56:21.269070,42.0,-41.0,6.0,39.0,8.0,-29.0,-41.0,38.0,-10.0,12.0,33.0,5.0,27.14,-70.49,27.32,37.26,-7.640000000000001,-7.530000000000001,-31.57,-3.6799999999999997,8.46,16.91,25.86,9.9
2025-08-13T12:56:21.277034,3.0,73.0,-11.0,-24.0,56.0,-32.0,11.0,51.0,-9.0,-53.0,-65.0,-23.0,-11.86,43.510000000000005,10.32,-25.74,40.36,-10.530000000000001,20.43,9.32,9.46,-48.09,-72.14,-18.1
2025-08-13T12:56:21.281610,53.0,9.0,16.0,-67.0,28.0,16.0,19.0,33.0,-102.0,-12.0,45.0,-22.0,38.14,-20.49,37.32,-68.74,12.36,37.47,28.43,-8.68,-83.53999999999999,-7.09,37.86,-17.1
2025-08-13T12:56:21.289354,54.0,-53.0,6.0,16.0,13.0,4.0,-2.0,-40.0,-100.0,-7.0,16.0,16.0,39.14,-82.49,27.32,14.26,-2.6400000000000006,25.47,7.43,-81.68,-81.53999999999999,-2.09,8.86,20.9
2025-08-13T12:56:21.293628,-46.0,16.0,10.0,15.0,9.0,-81.0,55.0,63.0,44.0,-55.0,-31.0,89.0,-60.86,-13.489999999999998,31.32,13.26,-6.640000000000001,-59.53,64.43,21.32,62.46,-50.09,-38.14,93.9
2025-08-13T12:56:21.301680,-2.0,-21.0,-25.0,-18.0,-13.0,14.0,61.0,97.0,-33.0,12.0,-37.0,-8.0,-16.86,-50.489999999999995,-3.6799999999999997,-19.74,-28.64,35.47,70.43,55.32,-14.54,16.91,-44.14,-3.0999999999999996
2025-08-13T12:56:21.305926,-11.0,26.0,53.0,28.0,6.0,-60.0,8.0,25.0,-35.0,-34.0,49.0,-25.0,-25.86,-3.4899999999999984,74.32,26.26,-9.64,-38.53,17.43,-16.68,-16.54,-29.09,41.86,-20.1
2025-08-13T12:56:21.313877,3.0,39.0,27.0,-7.0,-35.0,-24.0,-47.0,53.0,19.0,-11.0,44.0,73.0,-11.86,9.510000000000002,48.32,-8.74,-50.64,-2.530000000000001,-37.57,11.32,37.46,-6.09,36.86,77.9
2025-08-13T12:56:21.318209,-25.0,23.0,-41.0,55.0,-33.0,-66.0,-42.0,32.0,-31.0,-53.0,65.0,-33.0,-39.86,-6.489999999999998,-19.68,53.26,-48.64,-44.53,-32.57,-9.68,-12.54,-48.09,57.86,-28.1
2025-08-13T12:56:21.326230,-53.0,25.0,-52.0,2.0,10.0,-26.0,12.0,77.0,-5.0,-16.0,-6.0,-2.0,-67.86,-4.489999999999998,-30.68,0.26,-5.640000000000001,-4.530000000000001,21.43,35.32,13.46,-11.09,-13.14,2.9000000000000004
2025-08-13T12:56:21.330834,10.0,88.0,14.0,-15.0,65.0,30.0,36.0,17.0,-10.0,4.0,71.0,-17.0,-4.859999999999999,58.510000000000005,35.32,-16.74,49.36,51.47,45.43,-24.68,8.46,8.91,63.86,-12.1
2025-08-13T12:56:21.337025,-52.0,90.0,-47.0,63.0,60.0,-36.0,2.0,38.0,-107.0,3.0,7.0,25.0,-66.86,60.510000000000005,-25.68,61.26,44.36,-14.530000000000001,11.43,-3.6799999999999997,-88.53999999999999,7.91,-0.13999999999999968,29.9
2025-08-13T12:56:21.342999,16.0,85.0,-29.0,-32.0,-26.0,-17.0,12.0,104.0,-95.0,-27.0,-15.0,-42.0,1.1400000000000006,55.510000000000005,-7.68,-33.74,-41.64,4.469999999999999,21.43,62.32,-76.53999999999999,-22.09,-22.14,-37.1
2025-08-13T12:56:21.350862,-12.0,-4.0,-28.0,32.0,55.0,13.0,-72.0,47.0,-42.0,48.0,-91.0,-1.0,-26.86,-33.489999999999995,-6.68,30.26,39.36,34.47,-62.57,5.32,-23.54,52.91,-98.14,3.9000000000000004
2025-08-13T12:56:21.355356,-13.0,39.0,0.0,21.0,1.0,-43.0,40.0,50.0,-80.0,39.0,-31.0,27.0,-27.86,9.510000000000002,21.32,19.26,-14.64,-21.53,49.43,8.32,-61.54,43.91,-38.14,31.9
2025-08-13T12:56:21.359670,46.0,60.0,13.0,75.0,77.0,-52.0,2.0,-11.0,-59.0,-78.0,-59.0,82.0,31.14,30.51,34.32,73.26,61.36,-30.53,11.43,-52.68,-40.54,-73.09,-66.14,86.9
2025-08-13T12:56:21.367342,67.0,27.0,8.0,-28.0,6.0,-53.0,-5.0,23.0,-42.0,4.0,19.0,-17.0,52.14,-2.4899999999999984,29.32,-29.74,-9.64,-31.53,4.43,-18.68,-23.54,8.91,11.86,-12.1
2025-08-13T12:56:21.371730,16.0,-36.0,-30.0,-27.0,15.0,-72.0,-44.0,19.0,-27.0,31.0,83.0,11.0,1.1400000000000006,-65.49,-8.68,-28.74,-0.6400000000000006,-50.53,-34.57,-22.68,-8.54,35.91,75.86,15.9
2025-08-13T12:56:21.379711,-76.0,-79.0,5.0,19.0,24.0,-24.0,20.0,-24.0,76.0,-10.0,-5.0,6.0,-90.86,-108.49,26.32,17.26,8.36,-2.530000000000001,29.43,-65.68,94.46000000000001,-5.09,-12.14,10.9
2025-08-13T12:56:21.384012,13.0,6.0,11.0,31.0,3.0,-41.0,73.0,12.0,-41.0,8.0,65.0,42.0,-1.8599999999999994,-23.49,32.32,29.26,-12.64,-19.53,82.43,-29.68,-22.54,12.91,57.86,46.9
2025-08-13T12:56:21.391975,-45.0,34.0,-28.0,20.0,66.0,-58.0,24.0,-3.0,-25.0,-25.0,24.0,0.0,-59.86,4.510000000000002,-6.68,18.26,50.36,-36.53,33.43,-44.68,-6.539999999999999,-20.09,16.86,4.9
2025-08-13T12:56:21.396366,-15.0,22.0,9.0,-23.0,56.0,-10.0,-40.0,68.0,2.0,13.0,-13.0,34.0,-29.86,-7.489999999999998,30.32,-24.74,40.36,11.469999999999999,-30.57,26.32,20.46,17.91,-20.14,38.9
2025-08-13T12:56:21.404213,-46.0,-21.0,-24.0,44.0,18.0,-66.0,4.0,32.0,15.0,41.0,18.0,42.0,-60.86,-50.489999999999995,-2.6799999999999997,42.26,2.3599999999999994,-44.53,13.43,-9.68,33.46,45.91,10.86,46.9
2025-08-13T12:56:21.408910,-46.0,-38.0,60.0,92.0,77.0,1.0,-10.0,24.0,75.0,-99.0,2.0,-7.0,-60.86,-67.49,81.32,90.26,61.36,22.47,-0.5700000000000003,-17.68,93.46000000000001,-94.09,-5.14,-2.0999999999999996
2025-08-13T12:56:21.416332,28.0,60.0,5.0,-8.0,46.0,-52.0,-20.0,21.0,62.0,-13.0,51.0,-3.0,13.14,30.51,26.32,-9.74,30.36,-30.53,-10.57,-20.68,80.46000000000001,-8.09,43.86,1.9000000000000004
2025-08-13T12:56:21.421124,-31.0,4.0,16.0,35.0,39.0,-67.0,0.0,56.0,12.0,-40.0,41.0,-14.0,-45.86,-25.49,37.32,33.26,23.36,-45.53,9.43,14.32,30.46,-35.09,33.86,-9.1
2025-08-13T12:56:21.428599,31.0,4.0,-3.0,51.0,25.0,-83.0,-59.0,81.0,-11.0,36.0,32.0,-77.0,16.14,-25.49,18.32,49.26,9.36,-61.53,-49.57,39.32,7.460000000000001,40.91,24.86,-72.1
2025-08-13T12:56:21.433248,16.0,38.0,16.0,4.0,44.0,-17.0,-122.0,31.0,-30.0,18.0,34.0,-13.0,1.1400000000000006,8.510000000000002,37.32,2.26,28.36,4.469999999999999,-112.57,-10.68,-11.54,22.91,26.86,-8.1
2025-08-13T12:56:21.440819,-62.0,53.0,41.0,52.0,39.0,-33.0,3.0,18.0,8.0,14.0,-76.0,-45.0,-76.86,23.51,62.32,50.26,23.36,-11.530000000000001,12.43,-23.68,26.46,18.91,-83.14,-40.1
2025-08-13T12:56:21.445666,-8.0,-7.0,-1.0,26.0,50.0,-52.0,63.0,79.0,25.0,-14.0,-7.0,-15.0,-22.86,-36.489999999999995,20.32,24.26,34.36,-30.53,72.43,37.32,43.46,-9.09,-14.14,-10.1
2025-08-13T12:56:21.453183,-12.0,13.0,-5.0,-85.0,2.0,15.0,18.0,40.0,7.0,64.0,-55.0,-20.0,-26.86,-16.49,16.32,-86.74,-13.64,36.47,27.43,-1.6799999999999997,25.46,68.91,-62.14,-15.1
2025-08-13T12:56:21.457942,23.0,83.0,-29.0,80.0,-54.0,4.0,39.0,31.0,-105.0,14.0,-11.0,-26.0,8.14,53.510000000000005,-7.68,78.26,-69.64,25.47,48.43,-10.68,-86.53999999999999,18.91,-18.14,-21.1
2025-08-13T12:56:21.465492,23.0,50.0,-5.0,43.0,8.0,6.0,-14.0,-14.0,-75.0,60.0,-41.0,26.0,8.14,20.51,16.32,41.26,-7.640000000000001,27.47,-4.57,-55.68,-56.54,64.91,-48.14,30.9
2025-08-13T12:56:21.470020,-19.0,126.0,-30.0,8.0,30.0,46.0,-12.0,-3.0,-24.0,81.0,-3.0,22.0,-33.86,96.51,-8.68,6.26,14.36,67.47,-2.5700000000000003,-44.68,-5.539999999999999,85.91,-10.14,26.9
2025-08-13T12:56:21.477842,-18.0,39.0,-51.0,-33.0,48.0,-17.0,13.0,36.0,-10.0,-60.0,35.0,17.0,-32.86,9.510000000000002,-29.68,-34.74,32.36,4.469999999999999,22.43,-5.68,8.46,-55.09,27.86,21.9
2025-08-13T12:56:21.482358,-13.0,-5.0,-121.0,13.0,0.0,-18.0,-15.0,41.0,-50.0,-14.0,-25.0,20.0,-27.86,-34.489999999999995,-99.68,11.26,-15.64,3.469999999999999,-5.57,-0.6799999999999997,-31.54,-9.09,-32.14,24.9
2025-08-13T12:56:21.489986,-6.0,-11.0,-68.0,-24.0,54.0,-81.0,-85.0,54.0,-38.0,-1.0,20.0,-12.0,-20.86,-40.489999999999995,-46.68,-25.74,38.36,-59.53,-75.57,12.32,-19.54,3.91,12.86,-7.1
2025-08-13T12:56:21.495182,-6.0,34.0,-19.0,49.0,-10.0,-57.0,59.0,85.0,-41.0,-14.0,31.0,-88.0,-20.86,4.510000000000002,2.3200000000000003,47.26,-25.64,-35.53,68.43,43.32,-22.54,-9.09,23.86,-83.1
2025-08-13T12:56:21.502315,35.0,78.0,-68.0,11.0,-19.0,14.0,-38.0,88.0,-30.0,28.0,47.0,17.0,20.14,48.510000000000005,-46.68,9.26,-34.64,35.47,-28.57,46.32,-11.54,32.91,39.86,21.9
2025-08-13T12:56:21.507000,-38.0,100.0,-60.0,24.0,7.0,-27.0,-18.0,49.0,-65.0,28.0,-10.0,26.0,-52.86,70.51,-38.68,22.26,-8.64,-5.530000000000001,-8.57,7.32,-46.54,32.91,-17.14,30.9
2025-08-13T12:56:21.511272,17.0,26.0,2.0,-10.0,23.0,2.0,28.0,48.0,-26.0,32.0,-51.0,71.0,2.1400000000000006,-3.4899999999999984,23.32,-11.74,7.359999999999999,23.47,37.43,6.32,-7.539999999999999,36.91,-58.14,75.9
2025-08-13T12:56:21.519163,60.0,-16.0,-81.0,59.0,-60.0,-40.0,-20.0,5.0,-23.0,-80.0,-58.0,10.0,45.14,-45.489999999999995,-59.68,57.26,-75.64,-18.53,-10.57,-36.68,-4.539999999999999,-75.09,-65.14,14.9
2025-08-13T12:56:21.526960,26.0,-22.0,0.0,-59.0,23.0,-10.0,22.0,108.0,22.0,30.0,40.0,-10.0,11.14,-51.489999999999995,21.32,-60.74,7.359999999999999,11.469999999999999,31.43,66.32,40.46,34.91,32.86,-5.1
2025-08-13T12:56:21.531616,85.0,3.0,-41.0,-14.0,-7.0,-33.0,22.0,74.0,-14.0,-91.0,-17.0,27.0,70.14,-26.49,-19.68,-15.74,-22.64,-11.530000000000001,31.43,32.32,4.460000000000001,-86.09,-24.14,31.9
2025-08-13T12:56:21.535749,-23.0,-25.0,-4.0,-5.0,53.0,-27.0,11.0,5.0,32.0,-4.0,36.0,15.0,-37.86,-54.489999999999995,17.32,-6.74,37.36,-5.530000000000001,20.43,-36.68,50.46,0.9100000000000001,28.86,19.9
2025-08-13T12:56:21.543680,33.0,11.0,-25.0,26.0,3.0,-26.0,49.0,4.0,13.0,-25.0,84.0,-70.0,18.14,-18.49,-3.6799999999999997,24.26,-12.64,-4.530000000000001,58.43,-37.68,31.46,-20.09,76.86,-65.1
2025-08-13T12:56:21.547995,25.0,-3.0,-9.0,48.0,22.0,-21.0,-108.0,-1.0,-10.0,-21.0,80.0,25.0,10.14,-32.489999999999995,12.32,46.26,6.359999999999999,0.46999999999999886,-98.57,-42.68,8.46,-16.09,72.86,29.9
2025-08-13T12:56:21.555867,25.0,20.0,-18.0,-20.0,19.0,-47.0,-101.0,15.0,-58.0,-58.0,58.0,-25.0,10.14,-9.489999999999998,3.3200000000000003,-21.74,3.3599999999999994,-25.53,-91.57,-26.68,-39.54,-53.09,50.86,-20.1
2025-08-13T12:56:21.560242,-66.0,78.0,23.0,-23.0,44.0,-32.0,3.0,58.0,-24.0,38.0,-44.0,42.0,-80.86,48.510000000000005,44.32,-24.74,28.36,-10.530000000000001,12.43,16.32,-5.539999999999999,42.91,-51.14,46.9
2025-08-13T12:56:21.568400,62.0,60.0,-3.0,-7.0,16.0,16.0,15.0,41.0,-41.0,-67.0,-46.0,-76.0,47.14,30.51,18.32,-8.74,0.35999999999999943,37.47,24.43,-0.6799999999999997,-22.54,-62.09,-53.14,-71.1
2025-08-13T12:56:21.572479,2.0,42.0,-30.0,-18.0,30.0,-84.0,2.0,47.0,-87.0,51.0,25.0,-40.0,-12.86,12.510000000000002,-8.68,-19.74,14.36,-62.53,11.43,5.32,-68.53999999999999,55.91,17.86,-35.1
2025-08-13T12:56:21.580631,-15.0,60.0,-60.0,28.0,19.0,-15.0,15.0,-12.0,-21.0,77.0,-27.0,-25.0,-29.86,30.51,-38.68,26.26,3.3599999999999994,6.469999999999999,24.43,-53.68,-2.539999999999999,81.91,-34.14,-20.1
2025-08-13T12:56:21.585027,12.0,1.0,-47.0,-38.0,26.0,-41.0,25.0,27.0,-20.0,34.0,-27.0,6.0,-2.8599999999999994,-28.49,-25.68,-39.74,10.36,-19.53,34.43,-14.68,-1.5399999999999991,38.91,-34.14,10.9
2025-08-13T12:56:21.592749,40.0,134.0,-45.0,31.0,66.0,-58.0,-34.0,9.0,-34.0,48.0,128.0,-16.0,25.14,104.51,-23.68,29.26,50.36,-36.53,-24.57,-32.68,-15.54,52.91,120.86,-11.1
2025-08-13T12:56:21.597165,-9.0,-31.0,30.0,-41.0,-2.0,-58.0,-58.0,-2.0,39.0,-44.0,-32.0,8.0,-23.86,-60.489999999999995,51.32,-42.74,-17.64,-36.53,-48.57,-43.68,57.46,-39.09,-39.14,12.9
2025-08-13T12:56:21.605133,9.0,-12.0,-43.0,19.0,66.0,-31.0,38.0,96.0,-37.0,32.0,-22.0,-26.0,-5.859999999999999,-41.489999999999995,-21.68,17.26,50.36,-9.530000000000001,47.43,54.32,-18.54,36.91,-29.14,-21.1
2025-08-13T12:56:21.609306,43.0,20.0,-22.0,-29.0,55.0,-32.0,-64.0,37.0,19.0,-30.0,47.0,45.0,28.14,-9.489999999999998,-0.6799999999999997,-30.74,39.36,-10.530000000000001,-54.57,-4.68,37.46,-25.09,39.86,49.9
2025-08-13T12:56:21.617322,54.0,70.0,33.0,76.0,-28.0,2.0,22.0,46.0,16.0,-23.0,12.0,-31.0,39.14,40.510000000000005,54.32,74.26,-43.64,23.47,31.43,4.32,34.46,-18.09,4.86,-26.1
2025-08-13T12:56:21.621667,-69.0,30.0,31.0,-13.0,-38.0,-80.0,64.0,19.0,-85.0,-46.0,11.0,-31.0,-83.86,0.5100000000000016,52.32,-14.74,-53.64,-58.53,73.43,-22.68,-66.53999999999999,-41.09,3.8600000000000003,-26.1
2025-08-13T12:56:21.629451,-42.0,32.0,-99.0,-46.0,10.0,-22.0,-20.0,33.0,8.0,9.0,22.0,-22.0,-56.86,2.5100000000000016,-77.68,-47.74,-5.640000000000001,-0.5300000000000011,-10.57,-8.68,26.46,13.91,14.86,-17.1
2025-08-13T12:56:21.633902,-44.0,47.0,-47.0,20.0,31.0,-30.0,-15.0,74.0,18.0,34.0,13.0,17.0,-58.86,17.51,-25.68,18.26,15.36,-8.530000000000001,-5.57,32.32,36.46,38.91,5.86,21.9
2025-08-13T12:56:21.642049,45.0,53.0,-31.0,31.0,-6.0,-122.0,-74.0,37.0,29.0,3.0,-11.0,-10.0,30.14,23.51,-9.68,29.26,-21.64,-100.53,-64.57,-4.68,47.46,7.91,-18.14,-5.1
2025-08-13T12:56:21.646301,-3.0,44.0,4.0,-38.0,18.0,-58.0,-18.0,-7.0,-13.0,46.0,19.0,35.0,-17.86,14.510000000000002,25.32,-39.74,2.3599999999999994,-36.53,-8.57,-48.68,5.460000000000001,50.91,11.86,39.9
2025-08-13T12:56:21.654231,46.0,26.0,-64.0,-2.0,52.0,-24.0,36.0,57.0,-31.0,25.0,-9.0,56.0,31.14,-3.4899999999999984,-42.68,-3.74,36.36,-2.530000000000001,45.43,15.32,-12.54,29.91,-16.14,60.9
2025-08-13T12:56:21.658682,-2.0,17.0,-47.0,12.0,83.0,-45.0,-117.0,10.0,-13.0,-4.0,-55.0,-9.0,-16.86,-12.489999999999998,-25.68,10.26,67.36,-23.53,-107.57,-31.68,5.460000000000001,0.9100000000000001,-62.14,-4.1
2025-08-13T12:56:21.666709,18.0,-12.0,-15.0,-64.0,69.0,1.0,-108.0,10.0,-72.0,-31.0,52.0,2.0,3.1400000000000006,-41.489999999999995,6.32,-65.74,53.36,22.47,-98.57,-31.68,-53.54,-26.09,44.86,6.9
2025-08-13T12:56:21.671717,49.0,-38.0,-92.0,18.0,16.0,-60.0,12.0,51.0,16.0,-50.0,23.0,-31.0,34.14,-67.49,-70.68,16.26,0.35999999999999943,-38.53,21.43,9.32,34.46,-45.09,15.86,-26.1
2025-08-13T12:56:21.678673,-15.0,26.0,-67.0,-15.0,15.0,-4.0,-14.0,75.0,-32.0,-6.0,-22.0,1.0,-29.86,-3.4899999999999984,-45.68,-16.74,-0.6400000000000006,17.47,-4.57,33.32,-13.54,-1.0899999999999999,-29.14,5.9
2025-08-13T12:56:21.683088,13.0,40.0,7.0,-11.0,-19.0,-61.0,38.0,105.0,-62.0,-19.0,98.0,11.0,-1.8599999999999994,10.510000000000002,28.32,-12.74,-34.64,-39.53,47.43,63.32,-43.54,-14.09,90.86,15.9
2025-08-13T12:56:21.691079,51.0,13.0,-87.0,-14.0,-2.0,8.0,-31.0,29.0,-76.0,44.0,47.0,-32.0,36.14,-16.49,-65.68,-15.74,-17.64,29.47,-21.57,-12.68,-57.54,48.91,39.86,-27.1
2025-08-13T12:56:21.695486,-44.0,18.0,-39.0,7.0,22.0,-26.0,-24.0,46.0,-19.0,15.0,50.0,-31.0,-58.86,-11.489999999999998,-17.68,5.26,6.359999999999999,-4.530000000000001,-14.57,4.32,-0.5399999999999991,19.91,42.86,-26.1
2025-08-13T12:56:21.703476,-34.0,26.0,-43.0,39.0,-18.0,-33.0,12.0,37.0,-64.0,-47.0,-59.0,-14.0,-48.86,-3.4899999999999984,-21.68,37.26,-33.64,-11.530000000000001,21.43,-4.68,-45.54,-42.09,-66.14,-9.1
2025-08-13T12:56:21.707947,-14.0,-24.0,21.0,33.0,-15.0,-56.0,27.0,60.0,-48.0,21.0,60.0,7.0,-28.86,-53.489999999999995,42.32,31.26,-30.64,-34.53,36.43,18.32,-29.54,25.91,52.86,11.9
2025-08-13T12:56:21.715585,-36.0,53.0,16.0,-6.0,-7.0,-40.0,-31.0,4.0,42.0,6.0,6.0,-1.0,-50.86,23.51,37.32,-7.74,-22.64,-18.53,-21.57,-37.68,60.46,10.91,-1.1399999999999997,3.9000000000000004
2025-08-13T12:56:21.719934,-29.0,-7.0,65.0,57.0,-46.0,-43.0,26.0,23.0,29.0,17.0,17.0,28.0,-43.86,-36.489999999999995,86.32,55.26,-61.64,-21.53,35.43,-18.68,47.46,21.91,9.86,32.9
2025-08-13T12:56:21.727787,0.0,44.0,16.0,11.0,-54.0,-2.0,-5.0,31.0,-64.0,48.0,29.0,-15.0,-14.86,14.510000000000002,37.32,9.26,-69.64,19.47,4.43,-10.68,-45.54,52.91,21.86,-10.1
2025-08-13T12:56:21.732249,-41.0,81.0,-2.0,28.0,-17.0,-9.0,-30.0,64.0,1.0,38.0,7.0,-54.0,-55.86,51.510000000000005,19.32,26.26,-32.64,12.469999999999999,-20.57,22.32,19.46,42.91,-0.13999999999999968,-49.1
2025-08-13T12:56:21.739944,14.0,51.0,18.0,15.0,63.0,25.0,-50.0,67.0,15.0,1.0,-6.0,0.0,-0.8599999999999994,21.51,39.32,13.26,47.36,46.47,-40.57,25.32,33.46,5.91,-13.14,4.9
2025-08-13T12:56:21.744334,-64.0,65.0,-13.0,0.0,-40.0,-21.0,-32.0,56.0,4.0,8.0,18.0,19.0,-78.86,35.510000000000005,8.32,-1.74,-55.64,0.46999999999999886,-22.57,14.32,22.46,12.91,10.86,23.9
2025-08-13T12:56:21.752294,-54.0,39.0,-7.0,2.0,-8.0,-13.0,25.0,-13.0,16.0,4.0,2.0,17.0,-68.86,9.510000000000002,14.32,0.26,-23.64,8.469999999999999,34.43,-54.68,34.46,8.91,-5.14,21.9
2025-08-13T12:56:21.756876,19.0,2.0,-40.0,-51.0,22.0,-49.0,-37.0,17.0,1.0,-26.0,-45.0,-18.0,4.140000000000001,-27.49,-18.68,-52.74,6.359999999999999,-27.53,-27.57,-24.68,19.46,-21.09,-52.14,-13.1
2025-08-13T12:56:21.764369,29.0,42.0,-62.0,-52.0,15.0,-9.0,-29.0,6.0,-24.0,-51.0,-63.0,80.0,14.14,12.510000000000002,-40.68,-53.74,-0.6400000000000006,12.469999999999999,-19.57,-35.68,-5.539999999999999,-46.09,-70.14,84.9
2025-08-13T12:56:21.768955,16.0,97.0,-32.0,-18.0,30.0,3.0,-96.0,46.0,-41.0,-28.0,13.0,24.0,1.1400000000000006,67.51,-10.68,-19.74,14.36,24.47,-86.57,4.32,-22.54,-23.09,5.86,28.9
2025-08-13T12:56:21.776638,23.0,12.0,-5.0,-8.0,20.0,-65.0,-19.0,17.0,33.0,-82.0,-53.0,27.0,8.14,-17.49,16.32,-9.74,4.359999999999999,-43.53,-9.57,-24.68,51.46,-77.09,-60.14,31.9
2025-08-13T12:56:21.782041,51.0,50.0,-15.0,57.0,21.0,-50.0,4.0,36.0,-77.0,-37.0,-9.0,9.0,36.14,20.51,6.32,55.26,5.359999999999999,-28.53,13.43,-5.68,-58.54,-32.09,-16.14,13.9
2025-08-13T12:56:21.786704,-13.0,68.0,-43.0,22.0,22.0,-66.0,52.0,59.0,-28.0,-32.0,43.0,-59.0,-27.86,38.510000000000005,-21.68,20.26,6.359999999999999,-44.53,61.43,17.32,-9.54,-27.09,35.86,-54.1
2025-08-13T12:56:21.793601,-20.0,28.0,12.0,-35.0,8.0,-35.0,59.0,73.0,-57.0,-8.0,76.0,-104.0,-34.86,-1.4899999999999984,33.32,-36.74,-7.640000000000001,-13.530000000000001,68.43,31.32,-38.54,-3.09,68.86,-99.1
2025-08-13T12:56:21.798621,49.0,16.0,-47.0,48.0,73.0,-39.0,-48.0,44.0,1.0,-14.0,21.0,-92.0,34.14,-13.489999999999998,-25.68,46.26,57.36,-17.53,-38.57,2.3200000000000003,19.46,-9.09,13.86,-87.1
2025-08-13T12:56:21.805704,-9.0,94.0,-81.0,27.0,-55.0,-43.0,38.0,38.0,11.0,-16.0,63.0,-35.0,-23.86,64.51,-59.68,25.26,-70.64,-21.53,47.43,-3.6799999999999997,29.46,-11.09,55.86,-30.1
2025-08-13T12:56:21.809863,18.0,35.0,-20.0,39.0,-41.0,-14.0,3.0,9.0,-6.0,-16.0,33.0,17.0,3.1400000000000006,5.510000000000002,1.3200000000000003,37.26,-56.64,7.469999999999999,12.43,-32.68,12.46,-11.09,25.86,21.9
2025-08-13T12:56:21.817701,-10.0,3.0,-35.0,34.0,4.0,-21.0,-2.0,32.0,-74.0,5.0,42.0,-29.0,-24.86,-26.49,-13.68,32.26,-11.64,0.46999999999999886,7.43,-9.68,-55.54,9.91,34.86,-24.1
2025-08-13T12:56:21.822372,-41.0,-3.0,2.0,19.0,-47.0,-23.0,-5.0,11.0,-20.0,-14.0,23.0,-44.0,-55.86,-32.489999999999995,23.32,17.26,-62.64,-1.5300000000000011,4.43,-30.68,-1.5399999999999991,-9.09,15.86,-39.1
2025-08-13T12:56:21.830179,-29.0,15.0,-70.0,20.0,49.0,-95.0,23.0,7.0,-64.0,-29.0,3.0,9.0,-43.86,-14.489999999999998,-48.68,18.26,33.36,-73.53,32.43,-34.68,-45.54,-24.09,-4.14,13.9
2025-08-13T12:56:21.834730,19.0,-26.0,-65.0,-39.0,33.0,-68.0,-38.0,88.0,2.0,-45.0,40.0,-4.0,4.140000000000001,-55.489999999999995,-43.68,-40.74,17.36,-46.53,-28.57,46.32,20.46,-40.09,32.86,0.9000000000000004
2025-08-13T12:56:21.842641,-22.0,-21.0,-35.0,20.0,52.0,-47.0,84.0,63.0,-13.0,-66.0,65.0,-79.0,-36.86,-50.489999999999995,-13.68,18.26,36.36,-25.53,93.43,21.32,5.460000000000001,-61.09,57.86,-74.1
2025-08-13T12:56:21.847464,36.0,105.0,-87.0,-3.0,8.0,-60.0,53.0,20.0,7.0,1.0,38.0,-10.0,21.14,75.51,-65.68,-4.74,-7.640000000000001,-38.53,62.43,-21.68,25.46,5.91,30.86,-5.1
2025-08-13T12:56:21.854660,-31.0,19.0,-61.0,54.0,55.0,-9.0,-21.0,27.0,-37.0,-13.0,42.0,-33.0,-45.86,-10.489999999999998,-39.68,52.26,39.36,12.469999999999999,-11.57,-14.68,-18.54,-8.09,34.86,-28.1
2025-08-13T12:56:21.859528,-51.0,45.0,-33.0,-1.0,34.0,-48.0,64.0,26.0,7.0,-23.0,5.0,-50.0,-65.86,15.510000000000002,-11.68,-2.74,18.36,-26.53,73.43,-15.68,25.46,-18.09,-2.1399999999999997,-45.1
2025-08-13T12:56:21.866889,45.0,121.0,-24.0,-35.0,16.0,-46.0,-6.0,8.0,-19.0,19.0,26.0,-28.0,30.14,91.51,-2.6799999999999997,-36.74,0.35999999999999943,-24.53,3.4299999999999997,-33.68,-0.5399999999999991,23.91,18.86,-23.1
2025-08-13T12:56:21.872285,73.0,7.0,-79.0,23.0,-7.0,-60.0,-38.0,58.0,-34.0,16.0,-6.0,-15.0,58.14,-22.49,-57.68,21.26,-22.64,-38.53,-28.57,16.32,-15.54,20.91,-13.14,-10.1
2025-08-13T12:56:21.879226,-8.0,-5.0,-110.0,41.0,-6.0,-114.0,-53.0,78.0,-11.0,59.0,10.0,-40.0,-22.86,-34.489999999999995,-88.68,39.26,-21.64,-92.53,-43.57,36.32,7.460000000000001,63.91,2.8600000000000003,-35.1
2025-08-13T12:56:21.885187,18.0,-2.0,-82.0,-34.0,40.0,-43.0,-39.0,48.0,51.0,-26.0,37.0,24.0,3.1400000000000006,-31.49,-60.68,-35.74,24.36,-21.53,-29.57,6.32,69.46000000000001,-21.09,29.86,28.9
2025-08-13T12:56:21.891566,53.0,-25.0,-88.0,-6.0,30.0,-16.0,-27.0,39.0,13.0,16.0,35.0,-51.0,38.14,-54.489999999999995,-66.68,-7.74,14.36,5.469999999999999,-17.57,-2.6799999999999997,31.46,20.91,27.86,-46.1
2025-08-13T12:56:21.897809,21.0,95.0,-58.0,-13.0,-25.0,-51.0,-23.0,70.0,-23.0,15.0,-49.0,50.0,6.140000000000001,65.51,-36.68,-14.74,-40.64,-29.53,-13.57,28.32,-4.539999999999999,19.91,-56.14,54.9
2025-08-13T12:56:21.903691,-2.0,12.0,26.0,-29.0,76.0,-33.0,9.0,10.0,-56.0,10.0,-23.0,41.0,-16.86,-17.49,47.32,-30.74,60.36,-11.530000000000001,18.43,-31.68,-37.54,14.91,-30.14,45.9
2025-08-13T12:56:21.909956,105.0,20.0,-12.0,40.0,4.0,-70.0,-7.0,58.0,-23.0,-7.0,8.0,28.0,90.14,-9.489999999999998,9.32,38.26,-11.64,-48.53,2.4299999999999997,16.32,-4.539999999999999,-2.09,0.8600000000000003,32.9
2025-08-13T12:56:21.915922,17.0,9.0,-63.0,-2.0,-28.0,6.0,-14.0,84.0,-33.0,-17.0,-8.0,8.0,2.1400000000000006,-20.49,-41.68,-3.74,-43.64,27.47,-4.57,42.32,-14.54,-12.09,-15.14,12.9
2025-08-13T12:56:21.921460,39.0,15.0,-44.0,18.0,26.0,-35.0,-13.0,72.0,-34.0,-60.0,-53.0,26.0,24.14,-14.489999999999998,-22.68,16.26,10.36,-13.530000000000001,-3.5700000000000003,30.32,-15.54,-55.09,-60.14,30.9
2025-08-13T12:56:21.924630,9.0,23.0,-40.0,44.0,67.0,-8.0,4.0,110.0,-69.0,-21.0,-27.0,52.0,-5.859999999999999,-6.489999999999998,-18.68,42.26,51.36,13.469999999999999,13.43,68.32,-50.54,-16.09,-34.14,56.9
2025-08-13T12:56:21.932506,-17.0,26.0,16.0,27.0,19.0,-106.0,-10.0,30.0,-14.0,-53.0,55.0,19.0,-31.86,-3.4899999999999984,37.32,25.26,3.3599999999999994,-84.53,-0.5700000000000003,-11.68,4.460000000000001,-48.09,47.86,23.9
2025-08-13T12:56:21.936626,31.0,55.0,5.0,-38.0,9.0,-73.0,-20.0,52.0,-2.0,-29.0,34.0,-26.0,16.14,25.51,26.32,-39.74,-6.640000000000001,-51.53,-10.57,10.32,16.46,-24.09,26.86,-21.1
2025-08-13T12:56:21.945278,-37.0,141.0,-30.0,14.0,2.0,-59.0,-44.0,77.0,-24.0,5.0,2.0,-13.0,-51.86,111.51,-8.68,12.26,-13.64,-37.53,-34.57,35.32,-5.539999999999999,9.91,-5.14,-8.1
2025-08-13T12:56:21.948875,39.0,93.0,-76.0,0.0,-30.0,-34.0,-6.0,2.0,39.0,7.0,34.0,16.0,24.14,63.510000000000005,-54.68,-1.74,-45.64,-12.530000000000001,3.4299999999999997,-39.68,57.46,11.91,26.86,20.9
2025-08-13T12:56:21.957083,-12.0,100.0,-29.0,53.0,39.0,-16.0,-21.0,27.0,-9.0,43.0,-29.0,-34.0,-26.86,70.51,-7.68,51.26,23.36,5.469999999999999,-11.57,-14.68,9.46,47.91,-36.14,-29.1
2025-08-13T12:56:21.961136,49.0,86.0,-33.0,56.0,-5.0,-68.0,1.0,53.0,-30.0,-59.0,-28.0,34.0,34.14,56.510000000000005,-11.68,54.26,-20.64,-46.53,10.43,11.32,-11.54,-54.09,-35.14,38.9
2025-08-13T12:56:21.969504,12.0,59.0,-21.0,39.0,-37.0,-7.0,-2.0,13.0,16.0,-14.0,15.0,-81.0,-2.8599999999999994,29.51,0.3200000000000003,37.26,-52.64,14.469999999999999,7.43,-28.68,34.46,-9.09,7.86,-76.1
2025-08-13T12:56:21.973541,57.0,30.0,-67.0,57.0,83.0,-36.0,-48.0,83.0,6.0,65.0,46.0,-46.0,42.14,0.5100000000000016,-45.68,55.26,67.36,-14.530000000000001,-38.57,41.32,24.46,69.91,38.86,-41.1
2025-08-13T12:56:21.981629,8.0,75.0,-46.0,-22.0,-4.0,-41.0,15.0,-13.0,-109.0,70.0,22.0,-8.0,-6.859999999999999,45.510000000000005,-24.68,-23.74,-19.64,-19.53,24.43,-54.68,-90.53999999999999,74.91,14.86,-3.0999999999999996
2025-08-13T12:56:21.985919,-44.0,78.0,-114.0,-71.0,16.0,-56.0,10.0,32.0,-53.0,-7.0,-8.0,-9.0,-58.86,48.510000000000005,-92.68,-72.74,0.35999999999999943,-34.53,19.43,-9.68,-34.54,-2.09,-15.14,-4.1
2025-08-13T12:56:21.993995,56.0,50.0,11.0,22.0,-22.0,-31.0,3.0,43.0,-40.0,1.0,53.0,-36.0,41.14,20.51,32.32,20.26,-37.64,-9.530000000000001,12.43,1.3200000000000003,-21.54,5.91,45.86,-31.1
2025-08-13T12:56:21.998269,-1.0,-1.0,-6.0,-49.0,17.0,-17.0,-13.0,42.0,7.0,-35.0,44.0,10.0,-15.86,-30.49,15.32,-50.74,1.3599999999999994,4.469999999999999,-3.5700000000000003,0.3200000000000003,25.46,-30.09,36.86,14.9
2025-08-13T12:56:22.006198,55.0,23.0,-82.0,9.0,-1.0,-67.0,6.0,84.0,-4.0,-36.0,13.0,-13.0,40.14,-6.489999999999998,-60.68,7.26,-16.64,-45.53,15.43,42.32,14.46,-31.09,5.86,-8.1
2025-08-13T12:56:22.010710,-14.0,43.0,-58.0,50.0,6.0,-33.0,9.0,73.0,-10.0,-61.0,-67.0,-10.0,-28.86,13.510000000000002,-36.68,48.26,-9.64,-11.530000000000001,18.43,31.32,8.46,-56.09,-74.14,-5.1
2025-08-13T12:56:22.018584,-4.0,-5.0,-64.0,-34.0,-23.0,-28.0,5.0,-27.0,-56.0,12.0,64.0,-32.0,-18.86,-34.489999999999995,-42.68,-35.74,-38.64,-6.530000000000001,14.43,-68.68,-37.54,16.91,56.86,-27.1
2025-08-13T12:56:22.023279,13.0,69.0,-72.0,98.0,1.0,-43.0,-16.0,-2.0,-25.0,-63.0,19.0,-12.0,-1.8599999999999994,39.510000000000005,-50.68,96.26,-14.64,-21.53,-6.57,-43.68,-6.539999999999999,-58.09,11.86,-7.1
2025-08-13T12:56:22.030925,30.0,-33.0,-72.0,21.0,-70.0,-80.0,16.0,38.0,-67.0,3.0,24.0,19.0,15.14,-62.489999999999995,-50.68,19.26,-85.64,-58.53,25.43,-3.6799999999999997,-48.54,7.91,16.86,23.9
2025-08-13T12:56:22.035657,8.0,-14.0,-36.0,-39.0,70.0,-82.0,28.0,25.0,-14.0,-79.0,-41.0,-2.0,-6.859999999999999,-43.489999999999995,-14.68,-40.74,54.36,-60.53,37.43,-16.68,4.460000000000001,-74.09,-48.14,2.9000000000000004
2025-08-13T12:56:22.043173,-44.0,-37.0,-29.0,69.0,-23.0,-68.0,15.0,40.0,-51.0,-53.0,13.0,14.0,-58.86,-66.49,-7.68,67.26,-38.64,-46.53,24.43,-1.6799999999999997,-32.54,-48.09,5.86,18.9
2025-08-13T12:56:22.047966,-21.0,-2.0,-83.0,-5.0,25.0,-81.0,2.0,20.0,-17.0,-43.0,-15.0,-20.0,-35.86,-31.49,-61.68,-6.74,9.36,-59.53,11.43,-21.68,1.4600000000000009,-38.09,-22.14,-15.1
2025-08-13T12:56:22.055505,29.0,1.0,-23.0,39.0,-15.0,-96.0,-57.0,31.0,1.0,-32.0,60.0,-61.0,14.14,-28.49,-1.6799999999999997,37.26,-30.64,-74.53,-47.57,-10.68,19.46,-27.09,52.86,-56.1
2025-08-13T12:56:22.060086,68.0,-30.0,-5.0,72.0,-10.0,-55.0,65.0,33.0,-30.0,-48.0,51.0,-33.0,53.14,-59.489999999999995,16.32,70.26,-25.64,-33.53,74.43,-8.68,-11.54,-43.09,43.86,-28.1
2025-08-13T12:56:22.064569,66.0,62.0,11.0,-7.0,6.0,-53.0,-35.0,4.0,-32.0,-21.0,6.0,40.0,51.14,32.510000000000005,32.32,-8.74,-9.64,-31.53,-25.57,-37.68,-13.54,-16.09,-1.1399999999999997,44.9
2025-08-13T12:56:22.075866,-52.0,-6.0,-22.0,-2.0,-20.0,-24.0,-27.0,6.0,-17.0,11.0,17.0,-69.0,-66.86,-35.489999999999995,-0.6799999999999997,-3.74,-35.64,-2.530000000000001,-17.57,-35.68,1.4600000000000009,15.91,9.86,-64.1
2025-08-13T12:56:22.079237,-13.0,73.0,-76.0,32.0,22.0,-51.0,-29.0,10.0,-30.0,-13.0,66.0,10.0,-27.86,43.510000000000005,-54.68,30.26,6.359999999999999,-29.53,-19.57,-31.68,-11.54,-8.09,58.86,14.9
2025-08-13T12:56:22.084183,-12.0,55.0,2.0,25.0,-31.0,-80.0,-34.0,23.0,-56.0,27.0,-9.0,20.0,-26.86,25.51,23.32,23.26,-46.64,-58.53,-24.57,-18.68,-37.54,31.91,-16.14,24.9
2025-08-13T12:56:22.092135,-31.0,55.0,-12.0,-24.0,77.0,-96.0,-45.0,42.0,-29.0,-39.0,-14.0,-19.0,-45.86,25.51,9.32,-25.74,61.36,-74.53,-35.57,0.3200000000000003,-10.54,-34.09,-21.14,-14.1
2025-08-13T12:56:22.096495,-15.0,28.0,-54.0,22.0,6.0,-58.0,-56.0,48.0,-55.0,4.0,-4.0,-20.0,-29.86,-1.4899999999999984,-32.68,20.26,-9.64,-36.53,-46.57,6.32,-36.54,8.91,-11.14,-15.1
2025-08-13T12:56:22.100500,-2.0,60.0,-112.0,72.0,-31.0,-79.0,-15.0,44.0,-11.0,-1.0,23.0,-28.0,-16.86,30.51,-90.68,70.26,-46.64,-57.53,-5.57,2.3200000000000003,7.460000000000001,3.91,15.86,-23.1
2025-08-13T12:56:22.108635,-46.0,-3.0,-83.0,-21.0,-7.0,-40.0,-42.0,28.0,-52.0,29.0,28.0,83.0,-60.86,-32.489999999999995,-61.68,-22.74,-22.64,-18.53,-32.57,-13.68,-33.54,33.91,20.86,87.9
2025-08-13T12:56:22.112806,-20.0,82.0,-68.0,-1.0,13.0,-64.0,-74.0,98.0,-38.0,-20.0,29.0,20.0,-34.86,52.510000000000005,-46.68,-2.74,-2.6400000000000006,-42.53,-64.57,56.32,-19.54,-15.09,21.86,24.9
2025-08-13T12:56:22.121522,-21.0,64.0,-65.0,17.0,19.0,-85.0,-57.0,110.0,-79.0,-3.0,-3.0,-1.0,-35.86,34.510000000000005,-43.68,15.26,3.3599999999999994,-63.53,-47.57,68.32,-60.54,1.9100000000000001,-10.14,3.9000000000000004
2025-08-13T12:56:22.125114,-34.0,56.0,-65.0,29.0,-11.0,-59.0,95.0,13.0,-8.0,-9.0,-63.0,-45.0,-48.86,26.51,-43.68,27.26,-26.64,-37.53,104.43,-28.68,10.46,-4.09,-70.14,-40.1
2025-08-13T12:56:22.133171,-19.0,0.0,-50.0,-30.0,46.0,-136.0,7.0,50.0,-61.0,-26.0,-11.0,1.0,-33.86,-29.49,-28.68,-31.74,30.36,-114.53,16.43,8.32,-42.54,-21.09,-18.14,5.9
2025-08-13T12:56:22.137664,31.0,54.0,-106.0,-34.0,69.0,-28.0,1.0,16.0,0.0,23.0,-35.0,18.0,16.14,24.51,-84.68,-35.74,53.36,-6.530000000000001,10.43,-25.68,18.46,27.91,-42.14,22.9
2025-08-13T12:56:22.145933,58.0,7.0,-15.0,6.0,63.0,-75.0,32.0,-35.0,-16.0,-22.0,-37.0,-4.0,43.14,-22.49,6.32,4.26,47.36,-53.53,41.43,-76.68,2.460000000000001,-17.09,-44.14,0.9000000000000004
2025-08-13T12:56:22.149689,-10.0,60.0,-73.0,59.0,4.0,-45.0,1.0,34.0,-100.0,-20.0,33.0,-5.0,-24.86,30.51,-51.68,57.26,-11.64,-23.53,10.43,-7.68,-81.53999999999999,-15.09,25.86,-0.09999999999999964
2025-08-13T12:56:22.157755,8.0,31.0,-23.0,14.0,48.0,-42.0,6.0,32.0,-93.0,57.0,-33.0,-65.0,-6.859999999999999,1.5100000000000016,-1.6799999999999997,12.26,32.36,-20.53,15.43,-9.68,-74.53999999999999,61.91,-40.14,-60.1
2025-08-13T12:56:22.162092,3.0,82.0,-18.0,-26.0,-4.0,-76.0,30.0,31.0,-10.0,-9.0,-65.0,-64.0,-11.86,52.510000000000005,3.3200000000000003,-27.74,-19.64,-54.53,39.43,-10.68,8.46,-4.09,-72.14,-59.1
2025-08-13T12:56:22.170159,-73.0,88.0,-104.0,-40.0,54.0,-13.0,-38.0,-43.0,-50.0,-11.0,52.0,-1.0,-87.86,58.510000000000005,-82.68,-41.74,38.36,8.469999999999999,-28.57,-84.68,-31.54,-6.09,44.86,3.9000000000000004
2025-08-13T12:56:22.174648,64.0,19.0,-85.0,5.0,-9.0,-41.0,-1.0,56.0,-41.0,7.0,33.0,-14.0,49.14,-10.489999999999998,-63.68,3.26,-24.64,-19.53,8.43,14.32,-22.54,11.91,25.86,-9.1
2025-08-13T12:56:22.182550,4.0,97.0,-74.0,11.0,65.0,-86.0,-53.0,32.0,-17.0,-55.0,-26.0,16.0,-10.86,67.51,-52.68,9.26,49.36,-64.53,-43.57,-9.68,1.4600000000000009,-50.09,-33.14,20.9
2025-08-13T12:56:22.186617,67.0,98.0,-63.0,38.0,-9.0,-52.0,-48.0,75.0,-114.0,-50.0,55.0,-30.0,52.14,68.51,-41.68,36.26,-24.64,-30.53,-38.57,33.32,-95.53999999999999,-45.09,47.86,-25.1
2025-08-13T12:56:22.194787,129.0,5.0,-105.0,15.0,-30.0,2.0,8.0,75.0,-19.0,-22.0,36.0,-40.0,114.14,-24.49,-83.68,13.26,-45.64,23.47,17.43,33.32,-0.5399999999999991,-17.09,28.86,-35.1
2025-08-13T12:56:22.198843,29.0,8.0,-69.0,29.0,33.0,-57.0,1.0,41.0,5.0,-19.0,20.0,9.0,14.14,-21.49,-47.68,27.26,17.36,-35.53,10.43,-0.6799999999999997,23.46,-14.09,12.86,13.9
2025-08-13T12:56:22.206811,62.0,53.0,-69.0,-1.0,-19.0,-93.0,-52.0,56.0,-18.0,-29.0,57.0,9.0,47.14,23.51,-47.68,-2.74,-34.64,-71.53,-42.57,14.32,0.46000000000000085,-24.09,49.86,13.9
2025-08-13T12:56:22.211042,-15.0,-12.0,-34.0,-28.0,24.0,-107.0,-40.0,31.0,-44.0,-8.0,25.0,-7.0,-29.86,-41.489999999999995,-12.68,-29.74,8.36,-85.53,-30.57,-10.68,-25.54,-3.09,17.86,-2.0999999999999996
2025-08-13T12:56:22.215385,8.0,3.0,-41.0,-9.0,-15.0,0.0,-72.0,57.0,-29.0,-19.0,41.0,-91.0,-6.859999999999999,-26.49,-19.68,-10.74,-30.64,21.47,-62.57,15.32,-10.54,-14.09,33.86,-86.1
2025-08-13T12:56:22.223406,50.0,4.0,-112.0,10.0,-34.0,-55.0,8.0,60.0,-13.0,-70.0,14.0,-104.0,35.14,-25.49,-90.68,8.26,-49.64,-33.53,17.43,18.32,5.460000000000001,-65.09,6.86,-99.1
2025-08-13T12:56:22.227791,50.0,27.0,-23.0,44.0,98.0,-71.0,-48.0,73.0,-79.0,58.0,32.0,-41.0,35.14,-2.4899999999999984,-1.6799999999999997,42.26,82.36,-49.53,-38.57,31.32,-60.54,62.91,24.86,-36.1
2025-08-13T12:56:22.235624,35.0,39.0,-26.0,31.0,-10.0,-41.0,74.0,18.0,-88.0,-7.0,-34.0,-23.0,20.14,9.510000000000002,-4.68,29.26,-25.64,-19.53,83.43,-23.68,-69.53999999999999,-2.09,-41.14,-18.1
2025-08-13T12:56:22.239887,-27.0,60.0,-15.0,16.0,43.0,-99.0,-26.0,42.0,-60.0,-91.0,45.0,-13.0,-41.86,30.51,6.32,14.26,27.36,-77.53,-16.57,0.3200000000000003,-41.54,-86.09,37.86,-8.1
2025-08-13T12:56:22.247871,31.0,-35.0,2.0,41.0,-16.0,-48.0,-83.0,35.0,-41.0,-19.0,15.0,-65.0,16.14,-64.49,23.32,39.26,-31.64,-26.53,-73.57,-6.68,-22.54,-14.09,7.86,-60.1
2025-08-13T12:56:22.251979,13.0,49.0,-85.0,6.0,-6.0,-14.0,-107.0,-3.0,4.0,-20.0,-6.0,-50.0,-1.8599999999999994,19.51,-63.68,4.26,-21.64,7.469999999999999,-97.57,-44.68,22.46,-15.09,-13.14,-45.1
2025-08-13T12:56:22.260119,25.0,68.0,-67.0,-44.0,-15.0,-62.0,4.0,60.0,-68.0,-14.0,47.0,-111.0,10.14,38.510000000000005,-45.68,-45.74,-30.64,-40.53,13.43,18.32,-49.54,-9.09,39.86,-106.1
2025-08-13T12:56:22.264316,50.0,76.0,-76.0,-34.0,30.0,-69.0,-25.0,38.0,-19.0,-57.0,92.0,-42.0,35.14,46.510000000000005,-54.68,-35.74,14.36,-47.53,-15.57,-3.6799999999999997,-0.5399999999999991,-52.09,84.86,-37.1
2025-08-13T12:56:22.272614,12.0,77.0,-36.0,-39.0,-29.0,-89.0,-16.0,64.0,-48.0,-22.0,33.0,-89.0,-2.8599999999999994,47.510000000000005,-14.68,-40.74,-44.64,-67.53,-6.57,22.32,-29.54,-17.09,25.86,-84.1
2025-08-13T12:56:22.276566,24.0,10.0,-94.0,11.0,77.0,-55.0,-56.0,57.0,-50.0,10.0,90.0,-39.0,9.14,-19.49,-72.68,9.26,61.36,-33.53,-46.57,15.32,-31.54,14.91,82.86,-34.1
2025-08-13T12:56:22.284712,-7.0,47.0,-41.0,15.0,-2.0,-81.0,-61.0,113.0,-62.0,-76.0,15.0,-44.0,-21.86,17.51,-19.68,13.26,-17.64,-59.53,-51.57,71.32,-43.54,-71.09,7.86,-39.1
2025-08-13T12:56:22.288922,23.0,65.0,-61.0,-53.0,19.0,-121.0,46.0,-17.0,-61.0,14.0,28.0,-100.0,8.14,35.510000000000005,-39.68,-54.74,3.3599999999999994,-99.53,55.43,-58.68,-42.54,18.91,20.86,-95.1
2025-08-13T12:56:22.297100,26.0,7.0,-87.0,41.0,-3.0,-64.0,32.0,53.0,-27.0,-27.0,11.0,-18.0,11.14,-22.49,-65.68,39.26,-18.64,-42.53,41.43,11.32,-8.54,-22.09,3.8600000000000003,-13.1
2025-08-13T12:56:22.301429,82.0,17.0,-11.0,7.0,37.0,-55.0,-8.0,5.0,-62.0,-19.0,42.0,-32.0,67.14,-12.489999999999998,10.32,5.26,21.36,-33.53,1.4299999999999997,-36.68,-43.54,-14.09,34.86,-27.1
2025-08-13T12:56:22.309383,38.0,80.0,-34.0,9.0,-30.0,-79.0,35.0,13.0,-8.0,-22.0,-3.0,5.0,23.14,50.510000000000005,-12.68,7.26,-45.64,-57.53,44.43,-28.68,10.46,-17.09,-10.14,9.9
2025-08-13T12:56:22.313658,38.0,49.0,-31.0,-25.0,19.0,-61.0,-15.0,-7.0,-104.0,23.0,25.0,-43.0,23.14,19.51,-9.68,-26.74,3.3599999999999994,-39.53,-5.57,-48.68,-85.53999999999999,27.91,17.86,-38.1
2025-08-13T12:56:22.321814,34.0,41.0,-38.0,-5.0,23.0,-64.0,-78.0,31.0,5.0,-89.0,40.0,-105.0,19.14,11.510000000000002,-16.68,-6.74,7.359999999999999,-42.53,-68.57,-10.68,23.46,-84.09,32.86,-100.1
2025-08-13T12:56:22.325727,-7.0,-8.0,-75.0,-31.0,20.0,-48.0,-9.0,47.0,-49.0,-15.0,34.0,-47.0,-21.86,-37.489999999999995,-53.68,-32.74,4.359999999999999,-26.53,0.4299999999999997,5.32,-30.54,-10.09,26.86,-42.1
2025-08-13T12:56:22.334013,43.0,84.0,-24.0,13.0,65.0,-107.0,6.0,38.0,-10.0,2.0,44.0,-27.0,28.14,54.510000000000005,-2.6799999999999997,11.26,49.36,-85.53,15.43,-3.6799999999999997,8.46,6.91,36.86,-22.1
2025-08-13T12:56:22.338242,-17.0,46.0,-44.0,61.0,2.0,-106.0,-69.0,1.0,-11.0,-24.0,-4.0,-51.0,-31.86,16.51,-22.68,59.26,-13.64,-84.53,-59.57,-40.68,7.460000000000001,-19.09,-11.14,-46.1
2025-08-13T12:56:22.346251,-39.0,20.0,-61.0,26.0,52.0,-88.0,-97.0,59.0,-121.0,18.0,11.0,-60.0,-53.86,-9.489999999999998,-39.68,24.26,36.36,-66.53,-87.57,17.32,-102.53999999999999,22.91,3.8600000000000003,-55.1
2025-08-13T12:56:22.350622,21.0,61.0,-90.0,-13.0,8.0,-63.0,-11.0,6.0,-28.0,6.0,77.0,-99.0,6.140000000000001,31.51,-68.68,-14.74,-7.640000000000001,-41.53,-1.5700000000000003,-35.68,-9.54,10.91,69.86,-94.1
2025-08-13T12:56:22.358559,25.0,112.0,-42.0,45.0,44.0,-46.0,8.0,102.0,-52.0,4.0,36.0,-40.0,10.14,82.51,-20.68,43.26,28.36,-24.53,17.43,60.32,-33.54,8.91,28.86,-35.1
2025-08-13T12:56:22.362865,-53.0,57.0,-110.0,-21.0,8.0,-128.0,-99.0,57.0,-100.0,67.0,9.0,-32.0,-67.86,27.51,-88.68,-22.74,-7.640000000000001,-106.53,-89.57,15.32,-81.53999999999999,71.91,1.8600000000000003,-27.1
2025-08-13T12:56:22.370691,57.0,47.0,-53.0,11.0,6.0,-61.0,-67.0,27.0,-89.0,-1.0,7.0,-33.0,42.14,17.51,-31.68,9.26,-9.64,-39.53,-57.57,-14.68,-70.53999999999999,3.91,-0.13999999999999968,-28.1
2025-08-13T12:56:22.375177,53.0,64.0,-78.0,7.0,64.0,-85.0,22.0,75.0,-7.0,21.0,29.0,-49.0,38.14,34.510000000000005,-56.68,5.26,48.36,-63.53,31.43,33.32,11.46,25.91,21.86,-44.1
2025-08-13T12:56:22.383003,49.0,18.0,-32.0,99.0,36.0,-53.0,-9.0,33.0,-70.0,-6.0,38.0,-100.0,34.14,-11.489999999999998,-10.68,97.26,20.36,-31.53,0.4299999999999997,-8.68,-51.54,-1.0899999999999999,30.86,-95.1
2025-08-13T12:56:22.388135,22.0,66.0,-23.0,66.0,15.0,-66.0,-15.0,71.0,-91.0,-32.0,16.0,-7.0,7.140000000000001,36.510000000000005,-1.6799999999999997,64.26,-0.6400000000000006,-44.53,-5.57,29.32,-72.53999999999999,-27.09,8.86,-2.0999999999999996
2025-08-13T12:56:22.395636,34.0,27.0,-111.0,-26.0,-13.0,-102.0,-52.0,-15.0,-122.0,-38.0,30.0,-142.0,19.14,-2.4899999999999984,-89.68,-27.74,-28.64,-80.53,-42.57,-56.68,-103.53999999999999,-33.09,22.86,-137.1
2025-08-13T12:56:22.399778,93.0,39.0,-80.0,78.0,-51.0,-121.0,21.0,0.0,-83.0,-6.0,-11.0,-45.0,78.14,9.510000000000002,-58.68,76.26,-66.64,-99.53,30.43,-41.68,-64.53999999999999,-1.0899999999999999,-18.14,-40.1
2025-08-13T12:56:22.407607,42.0,69.0,-98.0,-26.0,36.0,-30.0,2.0,73.0,-54.0,1.0,-49.0,-8.0,27.14,39.510000000000005,-76.68,-27.74,20.36,-8.530000000000001,11.43,31.32,-35.54,5.91,-56.14,-3.0999999999999996
2025-08-13T12:56:22.411869,39.0,47.0,-78.0,-51.0,-27.0,-12.0,-43.0,12.0,-20.0,11.0,3.0,-40.0,24.14,17.51,-56.68,-52.74,-42.64,9.469999999999999,-33.57,-29.68,-1.5399999999999991,15.91,-4.14,-35.1
2025-08-13T12:56:22.420120,53.0,64.0,-94.0,-56.0,-10.0,-45.0,-87.0,46.0,-32.0,48.0,73.0,-55.0,38.14,34.510000000000005,-72.68,-57.74,-25.64,-23.53,-77.57,4.32,-13.54,52.91,65.86,-50.1
2025-08-13T12:56:22.424468,87.0,45.0,-99.0,-8.0,2.0,-47.0,-88.0,95.0,-58.0,20.0,30.0,-9.0,72.14,15.510000000000002,-77.68,-9.74,-13.64,-25.53,-78.57,53.32,-39.54,24.91,22.86,-4.1
2025-08-13T12:56:22.432034,30.0,47.0,-99.0,82.0,28.0,-48.0,-19.0,34.0,-40.0,-82.0,21.0,-56.0,15.14,17.51,-77.68,80.26,12.36,-26.53,-9.57,-7.68,-21.54,-77.09,13.86,-51.1
2025-08-13T12:56:22.436685,-30.0,32.0,-18.0,-24.0,50.0,-58.0,-36.0,12.0,-78.0,-91.0,24.0,-57.0,-44.86,2.5100000000000016,3.3200000000000003,-25.74,34.36,-36.53,-26.57,-29.68,-59.54,-86.09,16.86,-52.1
2025-08-13T12:56:22.444809,19.0,124.0,-60.0,-14.0,79.0,-142.0,28.0,-6.0,-71.0,-12.0,-69.0,-100.0,4.140000000000001,94.51,-38.68,-15.74,63.36,-120.53,37.43,-47.68,-52.54,-7.09,-76.14,-95.1
2025-08-13T12:56:22.449236,33.0,97.0,-103.0,23.0,-17.0,-87.0,-23.0,0.0,-80.0,-34.0,2.0,-28.0,18.14,67.51,-81.68,21.26,-32.64,-65.53,-13.57,-41.68,-61.54,-29.09,-5.14,-23.1
2025-08-13T12:56:22.453139,46.0,46.0,-92.0,7.0,-29.0,-91.0,23.0,25.0,-13.0,14.0,67.0,-78.0,31.14,16.51,-70.68,5.26,-44.64,-69.53,32.43,-16.68,5.460000000000001,18.91,59.86,-73.1
2025-08-13T12:56:22.461091,22.0,33.0,-115.0,-18.0,40.0,-108.0,-18.0,10.0,-35.0,-9.0,50.0,-51.0,7.140000000000001,3.5100000000000016,-93.68,-19.74,24.36,-86.53,-8.57,-31.68,-16.54,-4.09,42.86,-46.1
2025-08-13T12:56:22.469143,45.0,25.0,-160.0,53.0,60.0,-70.0,-22.0,5.0,-111.0,-12.0,-7.0,-72.0,30.14,-4.489999999999998,-138.68,51.26,44.36,-48.53,-12.57,-36.68,-92.53999999999999,-7.09,-14.14,-67.1
2025-08-13T12:56:22.473942,-14.0,36.0,-101.0,-23.0,38.0,-21.0,12.0,45.0,-53.0,34.0,29.0,-56.0,-28.86,6.510000000000002,-79.68,-24.74,22.36,0.46999999999999886,21.43,3.3200000000000003,-34.54,38.91,21.86,-51.1
2025-08-13T12:56:22.481282,22.0,16.0,-70.0,-47.0,25.0,-87.0,-81.0,-40.0,-138.0,3.0,16.0,-15.0,7.140000000000001,-13.489999999999998,-48.68,-48.74,9.36,-65.53,-71.57,-81.68,-119.53999999999999,7.91,8.86,-10.1
2025-08-13T12:56:22.485712,32.0,27.0,-91.0,1.0,39.0,-114.0,-19.0,36.0,-114.0,-39.0,54.0,-59.0,17.14,-2.4899999999999984,-69.68,-0.74,23.36,-92.53,-9.57,-5.68,-95.53999999999999,-34.09,46.86,-54.1
2025-08-13T12:56:22.493667,15.0,76.0,-78.0,20.0,52.0,-60.0,-82.0,40.0,-88.0,-59.0,-2.0,-92.0,0.14000000000000057,46.510000000000005,-56.68,18.26,36.36,-38.53,-72.57,-1.6799999999999997,-69.53999999999999,-54.09,-9.14,-87.1
2025-08-13T12:56:22.498213,-19.0,56.0,-119.0,38.0,61.0,-88.0,18.0,62.0,-87.0,-44.0,62.0,-117.0,-33.86,26.51,-97.68,36.26,45.36,-66.53,27.43,20.32,-68.53999999999999,-39.09,54.86,-112.1
2025-08-13T12:56:22.505832,-1.0,73.0,-50.0,6.0,-32.0,-37.0,-53.0,3.0,-91.0,-51.0,62.0,-79.0,-15.86,43.510000000000005,-28.68,4.26,-47.64,-15.530000000000001,-43.57,-38.68,-72.53999999999999,-46.09,54.86,-74.1
2025-08-13T12:56:22.510309,-28.0,27.0,-123.0,26.0,57.0,-126.0,-51.0,8.0,-72.0,1.0,39.0,-115.0,-42.86,-2.4899999999999984,-101.68,24.26,41.36,-104.53,-41.57,-33.68,-53.54,5.91,31.86,-110.1
2025-08-13T12:56:22.518112,49.0,102.0,-123.0,25.0,11.0,-79.0,3.0,-23.0,-48.0,13.0,59.0,-97.0,34.14,72.51,-101.68,23.26,-4.640000000000001,-57.53,12.43,-64.68,-29.54,17.91,51.86,-92.1
2025-08-13T12:56:22.522312,18.0,36.0,-127.0,38.0,31.0,-63.0,-61.0,4.0,-58.0,25.0,-24.0,-80.0,3.1400000000000006,6.510000000000002,-105.68,36.26,15.36,-41.53,-51.57,-37.68,-39.54,29.91,-31.14,-75.1
2025-08-13T12:56:22.530476,27.0,24.0,-140.0,75.0,-2.0,-73.0,-4.0,11.0,-75.0,-55.0,-10.0,-86.0,12.14,-5.489999999999998,-118.68,73.26,-17.64,-51.53,5.43,-30.68,-56.54,-50.09,-17.14,-81.1
2025-08-13T12:56:22.534766,2.0,58.0,-140.0,56.0,49.0,-130.0,-56.0,39.0,-57.0,18.0,22.0,-37.0,-12.86,28.51,-118.68,54.26,33.36,-108.53,-46.57,-2.6799999999999997,-38.54,22.91,14.86,-32.1
2025-08-13T12:56:22.542541,20.0,8.0,-63.0,36.0,-14.0,-53.0,-38.0,25.0,-66.0,-65.0,41.0,-10.0,5.140000000000001,-21.49,-41.68,34.26,-29.64,-31.53,-28.57,-16.68,-47.54,-60.09,33.86,-5.1
2025-08-13T12:56:22.547122,29.0,84.0,-99.0,3.0,29.0,-108.0,-27.0,-1.0,-90.0,-72.0,46.0,-125.0,14.14,54.510000000000005,-77.68,1.26,13.36,-86.53,-17.57,-42.68,-71.53999999999999,-67.09,38.86,-120.1
2025-08-13T12:56:22.555165,-19.0,64.0,-158.0,3.0,22.0,-106.0,-61.0,-10.0,-75.0,-102.0,30.0,-66.0,-33.86,34.510000000000005,-136.68,1.26,6.359999999999999,-84.53,-51.57,-51.68,-56.54,-97.09,22.86,-61.1
2025-08-13T12:56:22.559406,37.0,44.0,-158.0,65.0,-30.0,-74.0,-34.0,-16.0,-57.0,13.0,25.0,-119.0,22.14,14.510000000000002,-136.68,63.26,-45.64,-52.53,-24.57,-57.68,-38.54,17.91,17.86,-114.1
2025-08-13T12:56:22.567338,17.0,33.0,-106.0,40.0,-58.0,-123.0,-76.0,80.0,-104.0,-8.0,-22.0,-40.0,2.1400000000000006,3.5100000000000016,-84.68,38.26,-73.64,-101.53,-66.57,38.32,-85.53999999999999,-3.09,-29.14,-35.1
2025-08-13T12:56:22.571575,0.0,52.0,-141.0,69.0,20.0,-131.0,32.0,5.0,-124.0,-34.0,40.0,-28.0,-14.86,22.51,-119.68,67.26,4.359999999999999,-109.53,41.43,-36.68,-105.53999999999999,-29.09,32.86,-23.1
2025-08-13T12:56:22.579593,34.0,26.0,-136.0,24.0,-30.0,-127.0,0.0,16.0,-111.0,-86.0,2.0,-122.0,19.14,-3.4899999999999984,-114.68,22.26,-45.64,-105.53,9.43,-25.68,-92.53999999999999,-81.09,-5.14,-117.1
2025-08-13T12:56:22.583796,-1.0,39.0,-64.0,28.0,-23.0,-103.0,-46.0,53.0,-43.0,-25.0,19.0,-91.0,-15.86,9.510000000000002,-42.68,26.26,-38.64,-81.53,-36.57,11.32,-24.54,-20.09,11.86,-86.1
2025-08-13T12:56:22.592058,-31.0,137.0,-115.0,26.0,-48.0,-94.0,-71.0,-13.0,-93.0,-19.0,41.0,-170.0,-45.86,107.51,-93.68,24.26,-63.64,-72.53,-61.57,-54.68,-74.53999999999999,-14.09,33.86,-165.1
2025-08-13T12:56:22.596465,19.0,40.0,-113.0,10.0,-85.0,-112.0,-58.0,-8.0,-82.0,-85.0,-34.0,-113.0,4.140000000000001,10.510000000000002,-91.68,8.26,-100.64,-90.53,-48.57,-49.68,-63.54,-80.09,-41.14,-108.1
2025-08-13T12:56:22.604568,17.0,99.0,-138.0,3.0,-27.0,-102.0,-69.0,102.0,-145.0,-77.0,-5.0,-78.0,2.1400000000000006,69.51,-116.68,1.26,-42.64,-80.53,-59.57,60.32,-126.53999999999999,-72.09,-12.14,-73.1
2025-08-13T12:56:22.609344,21.0,-50.0,-141.0,19.0,-11.0,-125.0,26.0,-16.0,-60.0,-59.0,24.0,-50.0,6.140000000000001,-79.49,-119.68,17.26,-26.64,-103.53,35.43,-57.68,-41.54,-54.09,16.86,-45.1
2025-08-13T12:56:22.617008,11.0,26.0,-98.0,-3.0,-22.0,-165.0,-21.0,12.0,-104.0,-54.0,40.0,-58.0,-3.8599999999999994,-3.4899999999999984,-76.68,-4.74,-37.64,-143.53,-11.57,-29.68,-85.53999999999999,-49.09,32.86,-53.1
2025-08-13T12:56:22.621435,16.0,27.0,-93.0,77.0,7.0,-101.0,-37.0,14.0,-130.0,20.0,78.0,-109.0,1.1400000000000006,-2.4899999999999984,-71.68,75.26,-8.64,-79.53,-27.57,-27.68,-111.53999999999999,24.91,70.86,-104.1
2025-08-13T12:56:22.629199,-23.0,79.0,-60.0,36.0,17.0,-119.0,-104.0,50.0,-119.0,-17.0,58.0,-100.0,-37.86,49.510000000000005,-38.68,34.26,1.3599999999999994,-97.53,-94.57,8.32,-100.53999999999999,-12.09,50.86,-95.1
2025-08-13T12:56:22.634029,1.0,104.0,-86.0,-60.0,-73.0,-65.0,-6.0,18.0,-150.0,-83.0,17.0,-138.0,-13.86,74.51,-64.68,-61.74,-88.64,-43.53,3.4299999999999997,-23.68,-131.54,-78.09,9.86,-133.1
2025-08-13T12:56:22.641721,36.0,137.0,-137.0,-12.0,35.0,-92.0,-29.0,52.0,-149.0,-16.0,10.0,-25.0,21.14,107.51,-115.68,-13.74,19.36,-70.53,-19.57,10.32,-130.54,-11.09,2.8600000000000003,-20.1
2025-08-13T12:56:22.646274,51.0,80.0,-152.0,34.0,-35.0,-150.0,-6.0,-10.0,-139.0,-136.0,50.0,-56.0,36.14,50.510000000000005,-130.68,32.26,-50.64,-128.53,3.4299999999999997,-51.68,-120.53999999999999,-131.09,42.86,-51.1
2025-08-13T12:56:22.653844,49.0,30.0,-155.0,59.0,2.0,-127.0,-48.0,44.0,-97.0,-29.0,91.0,-86.0,34.14,0.5100000000000016,-133.68,57.26,-13.64,-105.53,-38.57,2.3200000000000003,-78.53999999999999,-24.09,83.86,-81.1
2025-08-13T12:56:22.658858,-8.0,71.0,-81.0,23.0,15.0,-127.0,-42.0,25.0,-107.0,-34.0,29.0,-116.0,-22.86,41.510000000000005,-59.68,21.26,-0.6400000000000006,-105.53,-32.57,-16.68,-88.53999999999999,-29.09,21.86,-111.1
2025-08-13T12:56:22.666074,26.0,72.0,-54.0,1.0,55.0,-124.0,-4.0,-17.0,-170.0,-76.0,42.0,-155.0,11.14,42.510000000000005,-32.68,-0.74,39.36,-102.53,5.43,-58.68,-151.54,-71.09,34.86,-150.1
2025-08-13T12:56:22.676413,-30.0,138.0,-146.0,-34.0,35.0,-163.0,-25.0,1.0,-156.0,-52.0,68.0,-131.0,-44.86,108.51,-124.68,-35.74,19.36,-141.53,-15.57,-40.68,-137.54,-47.09,60.86,-126.1
2025-08-13T12:56:22.685181,39.0,57.0,-150.0,66.0,-5.0,-161.0,-1.0,2.0,-116.0,-30.0,46.0,-83.0,24.14,27.51,-128.68,64.26,-20.64,-139.53,8.43,-39.68,-97.53999999999999,-25.09,38.86,-78.1
2025-08-13T12:56:22.692234,19.0,26.0,-188.0,14.0,-22.0,-58.0,-35.0,-1.0,-130.0,-14.0,60.0,-94.0,4.140000000000001,-3.4899999999999984,-166.68,12.26,-37.64,-36.53,-25.57,-42.68,-111.53999999999999,-9.09,52.86,-89.1
2025-08-13T12:56:22.697019,132.0,42.0,-119.0,15.0,-76.0,-167.0,-68.0,-5.0,-102.0,-95.0,49.0,-78.0,117.14,12.510000000000002,-97.68,13.26,-91.64,-145.53,-58.57,-46.68,-83.53999999999999,-90.09,41.86,-73.1
2025-08-13T12:56:22.700952,-16.0,82.0,-158.0,98.0,4.0,-138.0,-46.0,35.0,-134.0,-65.0,-11.0,-149.0,-30.86,52.510000000000005,-136.68,96.26,-11.64,-116.53,-36.57,-6.68,-115.53999999999999,-60.09,-18.14,-144.1
2025-08-13T12:56:22.703874,-38.0,87.0,-139.0,5.0,52.0,-168.0,15.0,0.0,-163.0,-48.0,41.0,-103.0,-52.86,57.510000000000005,-117.68,3.26,36.36,-146.53,24.43,-41.68,-144.54,-43.09,33.86,-98.1
2025-08-13T12:56:22.710615,-42.0,74.0,-117.0,45.0,-56.0,-180.0,-51.0,-27.0,-117.0,-70.0,73.0,-99.0,-56.86,44.510000000000005,-95.68,43.26,-71.64,-158.53,-41.57,-68.68,-98.53999999999999,-65.09,65.86,-94.1
2025-08-13T12:56:22.715431,54.0,39.0,-165.0,1.0,56.0,-128.0,3.0,-47.0,-127.0,-136.0,47.0,-40.0,39.14,9.510000000000002,-143.68,-0.74,40.36,-106.53,12.43,-88.68,-108.53999999999999,-131.09,39.86,-35.1
2025-08-13T12:56:22.723215,8.0,90.0,-155.0,46.0,-100.0,-101.0,-96.0,-7.0,-153.0,-84.0,-21.0,-128.0,-6.859999999999999,60.510000000000005,-133.68,44.26,-115.64,-79.53,-86.57,-48.68,-134.54,-79.09,-28.14,-123.1
2025-08-13T12:56:22.728104,47.0,4.0,-178.0,11.0,-35.0,-178.0,-87.0,-11.0,-100.0,-99.0,31.0,-96.0,32.14,-25.49,-156.68,9.26,-50.64,-156.53,-77.57,-52.68,-81.53999999999999,-94.09,23.86,-91.1
2025-08-13T12:56:22.735612,29.0,52.0,-85.0,81.0,-13.0,-95.0,-76.0,-1.0,-96.0,-55.0,-1.0,-103.0,14.14,22.51,-63.68,79.26,-28.64,-73.53,-66.57,-42.68,-77.53999999999999,-50.09,-8.14,-98.1
2025-08-13T12:56:22.740371,13.0,90.0,-124.0,21.0,-39.0,-164.0,-41.0,-13.0,-123.0,36.0,118.0,-108.0,-1.8599999999999994,60.510000000000005,-102.68,19.26,-54.64,-142.53,-31.57,-54.68,-104.53999999999999,40.91,110.86,-103.1
2025-08-13T12:56:22.747941,28.0,128.0,-147.0,84.0,-81.0,-231.0,24.0,42.0,-154.0,-117.0,62.0,-113.0,13.14,98.51,-125.68,82.26,-96.64,-209.53,33.43,0.3200000000000003,-135.54,-112.09,54.86,-108.1
2025-08-13T12:56:22.752873,74.0,105.0,-136.0,28.0,48.0,-89.0,-32.0,32.0,-68.0,-106.0,101.0,-123.0,59.14,75.51,-114.68,26.26,32.36,-67.53,-22.57,-9.68,-49.54,-101.09,93.86,-118.1
2025-08-13T12:56:22.760355,92.0,25.0,-166.0,34.0,-3.0,-127.0,-100.0,5.0,-159.0,-31.0,65.0,-104.0,77.14,-4.489999999999998,-144.68,32.26,-18.64,-105.53,-90.57,-36.68,-140.54,-26.09,57.86,-99.1
2025-08-13T12:56:22.768215,85.0,20.0,-161.0,22.0,12.0,-197.0,15.0,60.0,-166.0,-44.0,65.0,-132.0,70.14,-9.489999999999998,-139.68,20.26,-3.6400000000000006,-175.53,24.43,18.32,-147.54,-39.09,57.86,-127.1
2025-08-13T12:56:22.779845,46.0,66.0,-100.0,14.0,-19.0,-165.0,-92.0,2.0,-185.0,-43.0,-36.0,-133.0,31.14,36.510000000000005,-78.68,12.26,-34.64,-143.53,-82.57,-39.68,-166.54,-38.09,-43.14,-128.1
2025-08-13T12:56:22.786639,51.0,137.0,-99.0,72.0,-63.0,-140.0,-58.0,-14.0,-167.0,-33.0,10.0,-144.0,36.14,107.51,-77.68,70.26,-78.64,-118.53,-48.57,-55.68,-148.54,-28.09,2.8600000000000003,-139.1
2025-08-13T12:56:22.791635,12.0,58.0,-153.0,61.0,13.0,-142.0,-9.0,-7.0,-82.0,-100.0,-16.0,-101.0,-2.8599999999999994,28.51,-131.68,59.26,-2.6400000000000006,-120.53,0.4299999999999997,-48.68,-63.54,-95.09,-23.14,-96.1
2025-08-13T12:56:22.795901,44.0,145.0,-113.0,34.0,9.0,-104.0,34.0,-9.0,-55.0,-109.0,63.0,-105.0,29.14,115.51,-91.68,32.26,-6.640000000000001,-82.53,43.43,-50.68,-36.54,-104.09,55.86,-100.1
2025-08-13T12:56:22.799284,42.0,43.0,-145.0,61.0,14.0,-111.0,-117.0,-6.0,-129.0,-86.0,126.0,-125.0,27.14,13.510000000000002,-123.68,59.26,-1.6400000000000006,-89.53,-107.57,-47.68,-110.53999999999999,-81.09,118.86,-120.1
2025-08-13T12:56:22.805080,82.0,68.0,-154.0,-19.0,2.0,-91.0,20.0,-13.0,-133.0,40.0,4.0,-162.0,67.14,38.510000000000005,-132.68,-20.74,-13.64,-69.53,29.43,-54.68,-114.53999999999999,44.91,-3.1399999999999997,-157.1
2025-08-13T12:56:22.809263,62.0,-5.0,-155.0,48.0,114.0,-105.0,-69.0,52.0,-156.0,-39.0,17.0,-127.0,47.14,-34.489999999999995,-133.68,46.26,98.36,-83.53,-59.57,10.32,-137.54,-34.09,9.86,-122.1
2025-08-13T12:56:22.817245,7.0,82.0,-56.0,33.0,11.0,-120.0,-61.0,8.0,-90.0,-65.0,43.0,-111.0,-7.859999999999999,52.510000000000005,-34.68,31.26,-4.640000000000001,-98.53,-51.57,-33.68,-71.53999999999999,-60.09,35.86,-106.1
2025-08-13T12:56:22.821607,-3.0,74.0,-143.0,5.0,49.0,-156.0,-111.0,42.0,-153.0,-95.0,66.0,-121.0,-17.86,44.510000000000005,-121.68,3.26,33.36,-134.53,-101.57,0.3200000000000003,-134.54,-90.09,58.86,-116.1
2025-08-13T12:56:22.829621,61.0,48.0,-161.0,16.0,40.0,-127.0,-58.0,-11.0,-122.0,-60.0,61.0,-133.0,46.14,18.51,-139.68,14.26,24.36,-105.53,-48.57,-52.68,-103.53999999999999,-55.09,53.86,-128.1
2025-08-13T12:56:22.833924,89.0,-21.0,-200.0,25.0,-6.0,-166.0,-26.0,66.0,-93.0,-17.0,45.0,-112.0,74.14,-50.489999999999995,-178.68,23.26,-21.64,-144.53,-16.57,24.32,-74.53999999999999,-12.09,37.86,-107.1
2025-08-13T12:56:22.841888,-14.0,-3.0,-140.0,17.0,-26.0,-80.0,38.0,14.0,-138.0,-34.0,24.0,-148.0,-28.86,-32.489999999999995,-118.68,15.26,-41.64,-58.53,47.43,-27.68,-119.53999999999999,-29.09,16.86,-143.1
2025-08-13T12:56:22.846132,64.0,56.0,-126.0,57.0,-20.0,-170.0,-1.0,2.0,-120.0,-47.0,45.0,-150.0,49.14,26.51,-104.68,55.26,-35.64,-148.53,8.43,-39.68,-101.53999999999999,-42.09,37.86,-145.1
2025-08-13T12:56:22.854155,39.0,7.0,-140.0,78.0,4.0,-155.0,-59.0,44.0,-104.0,-105.0,47.0,-147.0,24.14,-22.49,-118.68,76.26,-11.64,-133.53,-49.57,2.3200000000000003,-85.53999999999999,-100.09,39.86,-142.1
2025-08-13T12:56:22.858553,39.0,127.0,-77.0,29.0,17.0,-68.0,-29.0,-37.0,-63.0,-132.0,46.0,-106.0,24.14,97.51,-55.68,27.26,1.3599999999999994,-46.53,-19.57,-78.68,-44.54,-127.09,38.86,-101.1
2025-08-13T12:56:22.866563,10.0,69.0,-134.0,49.0,-25.0,-129.0,-32.0,2.0,-115.0,-101.0,73.0,-169.0,-4.859999999999999,39.510000000000005,-112.68,47.26,-40.64,-107.53,-22.57,-39.68,-96.53999999999999,-96.09,65.86,-164.1
2025-08-13T12:56:22.874390,86.0,146.0,-129.0,93.0,-33.0,-160.0,15.0,53.0,-152.0,-80.0,77.0,-153.0,71.14,116.51,-107.68,91.26,-48.64,-138.53,24.43,11.32,-133.54,-75.09,69.86,-148.1
2025-08-13T12:56:22.878778,13.0,35.0,-148.0,56.0,69.0,-162.0,25.0,-76.0,-112.0,-37.0,44.0,-77.0,-1.8599999999999994,5.510000000000002,-126.68,54.26,53.36,-140.53,34.43,-117.68,-93.53999999999999,-32.09,36.86,-72.1
2025-08-13T12:56:22.886955,54.0,24.0,-95.0,30.0,-17.0,-176.0,-36.0,47.0,-163.0,-76.0,57.0,-89.0,39.14,-5.489999999999998,-73.68,28.26,-32.64,-154.53,-26.57,5.32,-144.54,-71.09,49.86,-84.1
2025-08-13T12:56:22.892211,33.0,54.0,-140.0,45.0,-13.0,-151.0,-83.0,4.0,-147.0,-68.0,96.0,-83.0,18.14,24.51,-118.68,43.26,-28.64,-129.53,-73.57,-37.68,-128.54,-63.09,88.86,-78.1
2025-08-13T12:56:22.899273,0.0,89.0,-199.0,43.0,-45.0,-194.0,-36.0,-5.0,-157.0,-73.0,90.0,-172.0,-14.86,59.510000000000005,-177.68,41.26,-60.64,-172.53,-26.57,-46.68,-138.54,-68.09,82.86,-167.1
2025-08-13T12:56:22.903468,44.0,70.0,-142.0,7.0,-55.0,-164.0,-18.0,33.0,-126.0,-82.0,77.0,-139.0,29.14,40.510000000000005,-120.68,5.26,-70.64,-142.53,-8.57,-8.68,-107.53999999999999,-77.09,69.86,-134.1
2025-08-13T12:56:22.911572,64.0,79.0,-119.0,17.0,-47.0,-137.0,-24.0,28.0,-165.0,-28.0,-5.0,-73.0,49.14,49.510000000000005,-97.68,15.26,-62.64,-115.53,-14.57,-13.68,-146.54,-23.09,-12.14,-68.1
2025-08-13T12:56:22.915920,50.0,26.0,-131.0,-13.0,8.0,-128.0,-69.0,-37.0,-133.0,-22.0,72.0,-95.0,35.14,-3.4899999999999984,-109.68,-14.74,-7.640000000000001,-106.53,-59.57,-78.68,-114.53999999999999,-17.09,64.86,-90.1
2025-08-13T12:56:22.923738,4.0,121.0,-138.0,-6.0,-25.0,-131.0,-29.0,1.0,-66.0,-102.0,19.0,-97.0,-10.86,91.51,-116.68,-7.74,-40.64,-109.53,-19.57,-40.68,-47.54,-97.09,11.86,-92.1
2025-08-13T12:56:22.928074,-63.0,72.0,-113.0,63.0,0.0,-94.0,-118.0,26.0,-121.0,-56.0,30.0,-79.0,-77.86,42.510000000000005,-91.68,61.26,-15.64,-72.53,-108.57,-15.68,-102.53999999999999,-51.09,22.86,-74.1
2025-08-13T12:56:22.936274,48.0,38.0,-150.0,101.0,-24.0,-146.0,3.0,-20.0,-147.0,-53.0,49.0,-107.0,33.14,8.510000000000002,-128.68,99.26,-39.64,-124.53,12.43,-61.68,-128.54,-48.09,41.86,-102.1
2025-08-13T12:56:22.943764,-5.0,76.0,-194.0,38.0,-49.0,-88.0,10.0,29.0,-143.0,-1.0,59.0,-203.0,-19.86,46.510000000000005,-172.68,36.26,-64.64,-66.53,19.43,-12.68,-124.53999999999999,3.91,51.86,-198.1
2025-08-13T12:56:22.950946,22.0,75.0,-197.0,70.0,42.0,-174.0,-34.0,-30.0,-110.0,-74.0,-26.0,-101.0,7.140000000000001,45.510000000000005,-175.68,68.26,26.36,-152.53,-24.57,-71.68,-91.53999999999999,-69.09,-33.14,-96.1
2025-08-13T12:56:22.957891,7.0,38.0,-231.0,1.0,-33.0,-116.0,-65.0,-34.0,-114.0,-20.0,46.0,-105.0,-7.859999999999999,8.510000000000002,-209.68,-0.74,-48.64,-94.53,-55.57,-75.68,-95.53999999999999,-15.09,38.86,-100.1
2025-08-13T12:56:22.962906,60.0,64.0,-133.0,19.0,38.0,-154.0,-106.0,17.0,-92.0,-87.0,-19.0,-149.0,45.14,34.510000000000005,-111.68,17.26,22.36,-132.53,-96.57,-24.68,-73.53999999999999,-82.09,-26.14,-144.1
2025-08-13T12:56:22.968141,52.0,29.0,-198.0,15.0,-37.0,-146.0,-27.0,7.0,-64.0,-86.0,59.0,-93.0,37.14,-0.48999999999999844,-176.68,13.26,-52.64,-124.53,-17.57,-34.68,-45.54,-81.09,51.86,-88.1
2025-08-13T12:56:22.976037,-4.0,18.0,-96.0,-16.0,19.0,-148.0,-107.0,17.0,-168.0,-18.0,86.0,-134.0,-18.86,-11.489999999999998,-74.68,-17.74,3.3599999999999994,-126.53,-97.57,-24.68,-149.54,-13.09,78.86,-129.1
2025-08-13T12:56:22.982491,-5.0,67.0,-181.0,11.0,-1.0,-122.0,-49.0,13.0,-79.0,0.0,43.0,-173.0,-19.86,37.510000000000005,-159.68,9.26,-16.64,-100.53,-39.57,-28.68,-60.54,4.91,35.86,-168.1
2025-08-13T12:56:22.989726,39.0,34.0,-142.0,47.0,-28.0,-125.0,-66.0,19.0,-129.0,-136.0,-14.0,-124.0,24.14,4.510000000000002,-120.68,45.26,-43.64,-103.53,-56.57,-22.68,-110.53999999999999,-131.09,-21.14,-119.1
2025-08-13T12:56:22.994987,93.0,54.0,-126.0,68.0,-38.0,-130.0,6.0,31.0,-139.0,-6.0,36.0,-99.0,78.14,24.51,-104.68,66.26,-53.64,-108.53,15.43,-10.68,-120.53999999999999,-1.0899999999999999,28.86,-94.1
2025-08-13T12:56:22.998829,-14.0,63.0,-154.0,-10.0,-74.0,-134.0,-46.0,25.0,-90.0,-66.0,16.0,-136.0,-28.86,33.510000000000005,-132.68,-11.74,-89.64,-112.53,-36.57,-16.68,-71.53999999999999,-61.09,8.86,-131.1
2025-08-13T12:56:23.005630,16.0,90.0,-126.0,32.0,-26.0,-86.0,-86.0,55.0,-136.0,-47.0,16.0,-171.0,1.1400000000000006,60.510000000000005,-104.68,30.26,-41.64,-64.53,-76.57,13.32,-117.53999999999999,-42.09,8.86,-166.1
2025-08-13T12:56:23.009788,54.0,149.0,-101.0,2.0,0.0,-205.0,-26.0,-4.0,-116.0,-99.0,51.0,-108.0,39.14,119.51,-79.68,0.26,-15.64,-183.53,-16.57,-45.68,-97.53999999999999,-94.09,43.86,-103.1
2025-08-13T12:56:23.017940,156.0,112.0,-154.0,23.0,61.0,-125.0,-16.0,-17.0,-157.0,-89.0,26.0,-62.0,141.14,82.51,-132.68,21.26,45.36,-103.53,-6.57,-58.68,-138.54,-84.09,18.86,-57.1
2025-08-13T12:56:23.022240,28.0,17.0,-159.0,75.0,-1.0,-153.0,-43.0,-6.0,-148.0,1.0,-23.0,-137.0,13.14,-12.489999999999998,-137.68,73.26,-16.64,-131.53,-33.57,-47.68,-129.54,5.91,-30.14,-132.1
2025-08-13T12:56:23.030173,66.0,6.0,-108.0,51.0,-32.0,-179.0,-56.0,-7.0,-85.0,-114.0,2.0,-58.0,51.14,-23.49,-86.68,49.26,-47.64,-157.53,-46.57,-48.68,-66.53999999999999,-109.09,-5.14,-53.1
2025-08-13T12:56:23.034425,38.0,60.0,-127.0,24.0,11.0,-108.0,-80.0,-3.0,-138.0,-51.0,27.0,-137.0,23.14,30.51,-105.68,22.26,-4.640000000000001,-86.53,-70.57,-44.68,-119.53999999999999,-46.09,19.86,-132.1
2025-08-13T12:56:23.042496,21.0,60.0,-144.0,12.0,-60.0,-160.0,1.0,37.0,-152.0,13.0,17.0,-131.0,6.140000000000001,30.51,-122.68,10.26,-75.64,-138.53,10.43,-4.68,-133.54,17.91,9.86,-126.1
2025-08-13T12:56:23.046777,-22.0,30.0,-139.0,38.0,-34.0,-138.0,-38.0,-12.0,-152.0,-21.0,70.0,-114.0,-36.86,0.5100000000000016,-117.68,36.26,-49.64,-116.53,-28.57,-53.68,-133.54,-16.09,62.86,-109.1
2025-08-13T12:56:23.054865,36.0,95.0,-232.0,35.0,-77.0,-188.0,-46.0,24.0,-126.0,-20.0,40.0,-152.0,21.14,65.51,-210.68,33.26,-92.64,-166.53,-36.57,-17.68,-107.53999999999999,-15.09,32.86,-147.1
2025-08-13T12:56:23.059272,98.0,62.0,-187.0,19.0,60.0,-156.0,-112.0,-12.0,-99.0,-85.0,38.0,-28.0,83.14,32.510000000000005,-165.68,17.26,44.36,-134.53,-102.57,-53.68,-80.53999999999999,-80.09,30.86,-23.1
2025-08-13T12:56:23.067255,87.0,-5.0,-149.0,11.0,-28.0,-127.0,-77.0,-37.0,-139.0,-46.0,-2.0,-104.0,72.14,-34.489999999999995,-127.68,9.26,-43.64,-105.53,-67.57,-78.68,-120.53999999999999,-41.09,-9.14,-99.1
2025-08-13T12:56:23.071577,6.0,23.0,-116.0,4.0,-99.0,-162.0,-1.0,11.0,-187.0,-53.0,44.0,-175.0,-8.86,-6.489999999999998,-94.68,2.26,-114.64,-140.53,8.43,-30.68,-168.54,-48.09,36.86,-170.1
2025-08-13T12:56:23.079639,33.0,46.0,-123.0,83.0,-56.0,-181.0,23.0,12.0,-83.0,-5.0,-11.0,-141.0,18.14,16.51,-101.68,81.26,-71.64,-159.53,32.43,-29.68,-64.53999999999999,-0.08999999999999986,-18.14,-136.1
2025-08-13T12:56:23.083684,41.0,135.0,-64.0,50.0,0.0,-163.0,-40.0,-14.0,-109.0,-1.0,70.0,-106.0,26.14,105.51,-42.68,48.26,-15.64,-141.53,-30.57,-55.68,-90.53999999999999,3.91,62.86,-101.1
2025-08-13T12:56:23.091961,37.0,86.0,-95.0,87.0,-17.0,-212.0,-57.0,-11.0,-91.0,-11.0,-11.0,-115.0,22.14,56.510000000000005,-73.68,85.26,-32.64,-190.53,-47.57,-52.68,-72.53999999999999,-6.09,-18.14,-110.1
2025-08-13T12:56:23.099900,50.0,68.0,-151.0,14.0,-61.0,-113.0,-30.0,-37.0,-134.0,1.0,5.0,-174.0,35.14,38.510000000000005,-129.68,12.26,-76.64,-91.53,-20.57,-78.68,-115.53999999999999,5.91,-2.1399999999999997,-169.1
2025-08-13T12:56:23.104272,60.0,43.0,-148.0,53.0,-50.0,-160.0,-31.0,14.0,-33.0,-46.0,100.0,-152.0,45.14,13.510000000000002,-126.68,51.26,-65.64,-138.53,-21.57,-27.68,-14.54,-41.09,92.86,-147.1
2025-08-13T12:56:23.112157,-4.0,45.0,-122.0,31.0,19.0,-179.0,-116.0,-2.0,-143.0,-104.0,24.0,-142.0,-18.86,15.510000000000002,-100.68,29.26,3.3599999999999994,-157.53,-106.57,-43.68,-124.53999999999999,-99.09,16.86,-137.1
2025-08-13T12:56:23.116414,-18.0,65.0,-165.0,35.0,3.0,-177.0,-11.0,1.0,-130.0,-74.0,57.0,-125.0,-32.86,35.510000000000005,-143.68,33.26,-12.64,-155.53,-1.5700000000000003,-40.68,-111.53999999999999,-69.09,49.86,-120.1
2025-08-13T12:56:23.124581,-3.0,91.0,-138.0,85.0,-32.0,-102.0,13.0,9.0,-134.0,-83.0,-4.0,-148.0,-17.86,61.510000000000005,-116.68,83.26,-47.64,-80.53,22.43,-32.68,-115.53999999999999,-78.09,-11.14,-143.1
2025-08-13T12:56:23.128926,62.0,106.0,-160.0,40.0,-11.0,-116.0,-76.0,18.0,-94.0,-82.0,7.0,-90.0,47.14,76.51,-138.68,38.26,-26.64,-94.53,-66.57,-23.68,-75.53999999999999,-77.09,-0.13999999999999968,-85.1
2025-08-13T12:56:23.136878,57.0,38.0,-128.0,48.0,-45.0,-131.0,-72.0,54.0,-114.0,-8.0,-4.0,-99.0,42.14,8.510000000000002,-106.68,46.26,-60.64,-109.53,-62.57,12.32,-95.53999999999999,-3.09,-11.14,-94.1
2025-08-13T12:56:23.141367,91.0,35.0,-72.0,63.0,16.0,-136.0,-47.0,-3.0,-165.0,-58.0,44.0,-163.0,76.14,5.510000000000002,-50.68,61.26,0.35999999999999943,-114.53,-37.57,-44.68,-146.54,-53.09,36.86,-158.1
2025-08-13T12:56:23.149115,-45.0,20.0,-110.0,14.0,-36.0,-125.0,-55.0,47.0,-119.0,-92.0,44.0,-104.0,-59.86,-9.489999999999998,-88.68,12.26,-51.64,-103.53,-45.57,5.32,-100.53999999999999,-87.09,36.86,-99.1
2025-08-13T12:56:23.153663,49.0,36.0,-136.0,30.0,-27.0,-167.0,-44.0,1.0,-143.0,12.0,-6.0,-150.0,34.14,6.510000000000002,-114.68,28.26,-42.64,-145.53,-34.57,-40.68,-124.53999999999999,16.91,-13.14,-145.1
2025-08-13T12:56:23.161576,35.0,157.0,-137.0,68.0,-26.0,-158.0,-46.0,30.0,-123.0,-58.0,24.0,-83.0,20.14,127.51,-115.68,66.26,-41.64,-136.53,-36.57,-11.68,-104.53999999999999,-53.09,16.86,-78.1
2025-08-13T12:56:23.165935,61.0,82.0,-210.0,53.0,15.0,-127.0,-53.0,-29.0,-165.0,-39.0,18.0,-97.0,46.14,52.510000000000005,-188.68,51.26,-0.6400000000000006,-105.53,-43.57,-70.68,-146.54,-34.09,10.86,-92.1
2025-08-13T12:56:23.173711,17.0,67.0,-186.0,14.0,20.0,-172.0,-36.0,42.0,-114.0,-84.0,119.0,-77.0,2.1400000000000006,37.510000000000005,-164.68,12.26,4.359999999999999,-150.53,-26.57,0.3200000000000003,-95.53999999999999,-79.09,111.86,-72.1
2025-08-13T12:56:23.178125,-8.0,32.0,-143.0,4.0,15.0,-145.0,-20.0,22.0,-139.0,-14.0,99.0,-78.0,-22.86,2.5100000000000016,-121.68,2.26,-0.6400000000000006,-123.53,-10.57,-19.68,-120.53999999999999,-9.09,91.86,-73.1
2025-08-13T12:56:23.185972,40.0,76.0,-83.0,68.0,3.0,-121.0,-25.0,-3.0,-129.0,-71.0,14.0,-127.0,25.14,46.510000000000005,-61.68,66.26,-12.64,-99.53,-15.57,-44.68,-110.53999999999999,-66.09,6.86,-122.1
2025-08-13T12:56:23.190193,66.0,90.0,-141.0,1.0,-25.0,-149.0,-29.0,-8.0,-121.0,-30.0,46.0,-147.0,51.14,60.510000000000005,-119.68,-0.74,-40.64,-127.53,-19.57,-49.68,-102.53999999999999,-25.09,38.86,-142.1
2025-08-13T12:56:23.198311,-13.0,84.0,-164.0,-20.0,-51.0,-107.0,-60.0,-5.0,-111.0,-28.0,17.0,-108.0,-27.86,54.510000000000005,-142.68,-21.74,-66.64,-85.53,-50.57,-46.68,-92.53999999999999,-23.09,9.86,-103.1
2025-08-13T12:56:23.206257,7.0,59.0,-164.0,18.0,39.0,-199.0,-38.0,-7.0,-58.0,-29.0,45.0,-133.0,-7.859999999999999,29.51,-142.68,16.26,23.36,-177.53,-28.57,-48.68,-39.54,-24.09,37.86,-128.1
2025-08-13T12:56:23.210733,10.0,75.0,-137.0,73.0,-62.0,-183.0,-94.0,13.0,-83.0,-26.0,76.0,-46.0,-4.859999999999999,45.510000000000005,-115.68,71.26,-77.64,-161.53,-84.57,-28.68,-64.53999999999999,-21.09,68.86,-41.1
2025-08-13T12:56:23.218774,55.0,78.0,-146.0,41.0,29.0,-176.0,-41.0,16.0,-187.0,-76.0,64.0,-142.0,40.14,48.510000000000005,-124.68,39.26,13.36,-154.53,-31.57,-25.68,-168.54,-71.09,56.86,-137.1
2025-08-13T12:56:23.222972,20.0,45.0,-162.0,73.0,0.0,-177.0,-22.0,-12.0,-86.0,-64.0,23.0,-76.0,5.140000000000001,15.510000000000002,-140.68,71.26,-15.64,-155.53,-12.57,-53.68,-67.53999999999999,-59.09,15.86,-71.1
2025-08-13T12:56:23.230758,4.0,20.0,-86.0,4.0,18.0,-50.0,-9.0,-58.0,-116.0,5.0,67.0,-106.0,-10.86,-9.489999999999998,-64.68,2.26,2.3599999999999994,-28.53,0.4299999999999997,-99.68,-97.53999999999999,9.91,59.86,-101.1
2025-08-13T12:56:23.235256,20.0,111.0,-113.0,26.0,18.0,-104.0,-55.0,-67.0,-85.0,-86.0,-16.0,-105.0,5.140000000000001,81.51,-91.68,24.26,2.3599999999999994,-82.53,-45.57,-108.68,-66.53999999999999,-81.09,-23.14,-100.1
2025-08-13T12:56:23.243242,69.0,57.0,-186.0,55.0,-47.0,-143.0,-44.0,75.0,-104.0,-114.0,28.0,-111.0,54.14,27.51,-164.68,53.26,-62.64,-121.53,-34.57,33.32,-85.53999999999999,-109.09,20.86,-106.1
2025-08-13T12:56:23.247652,12.0,104.0,-212.0,74.0,22.0,-134.0,-117.0,24.0,-108.0,-44.0,40.0,-170.0,-2.8599999999999994,74.51,-190.68,72.26,6.359999999999999,-112.53,-107.57,-17.68,-89.53999999999999,-39.09,32.86,-165.1
2025-08-13T12:56:23.255549,25.0,6.0,-107.0,60.0,49.0,-175.0,-46.0,5.0,-159.0,-57.0,-7.0,-109.0,10.14,-23.49,-85.68,58.26,33.36,-153.53,-36.57,-36.68,-140.54,-52.09,-14.14,-104.1
2025-08-13T12:56:23.259912,58.0,26.0,-131.0,22.0,-29.0,-161.0,-95.0,19.0,-139.0,-60.0,31.0,-142.0,43.14,-3.4899999999999984,-109.68,20.26,-44.64,-139.53,-85.57,-22.68,-120.53999999999999,-55.09,23.86,-137.1
2025-08-13T12:56:23.267886,40.0,84.0,-139.0,38.0,-25.0,-161.0,5.0,50.0,-158.0,-38.0,28.0,-88.0,25.14,54.510000000000005,-117.68,36.26,-40.64,-139.53,14.43,8.32,-139.54,-33.09,20.86,-83.1
2025-08-13T12:56:23.272312,3.0,69.0,-159.0,58.0,-61.0,-184.0,-77.0,40.0,-126.0,-28.0,105.0,-107.0,-11.86,39.510000000000005,-137.68,56.26,-76.64,-162.53,-67.57,-1.6799999999999997,-107.53999999999999,-23.09,97.86,-102.1
2025-08-13T12:56:23.280380,27.0,42.0,-149.0,27.0,67.0,-133.0,-68.0,-19.0,-100.0,-107.0,1.0,-124.0,12.14,12.510000000000002,-127.68,25.26,51.36,-111.53,-58.57,-60.68,-81.53999999999999,-102.09,-6.14,-119.1
2025-08-13T12:56:23.284857,58.0,19.0,-185.0,8.0,36.0,-113.0,3.0,47.0,-72.0,-106.0,40.0,-78.0,43.14,-10.489999999999998,-163.68,6.26,20.36,-91.53,12.43,5.32,-53.54,-101.09,32.86,-73.1
2025-08-13T12:56:23.292817,36.0,46.0,-88.0,40.0,26.0,-122.0,-41.0,31.0,-152.0,24.0,42.0,-201.0,21.14,16.51,-66.68,38.26,10.36,-100.53,-31.57,-10.68,-133.54,28.91,34.86,-196.1
2025-08-13T12:56:23.301959,-36.0,-14.0,-137.0,66.0,-26.0,-123.0,31.0,3.0,-121.0,-11.0,55.0,-122.0,-50.86,-43.489999999999995,-115.68,64.26,-41.64,-101.53,40.43,-38.68,-102.53999999999999,-6.09,47.86,-117.1
2025-08-13T12:56:23.308881,-27.0,78.0,-188.0,-2.0,3.0,-89.0,-4.0,101.0,-144.0,-78.0,0.0,-101.0,-41.86,48.510000000000005,-166.68,-3.74,-12.64,-67.53,5.43,59.32,-125.53999999999999,-73.09,-7.14,-96.1
2025-08-13T12:56:23.317968,-38.0,41.0,-154.0,13.0,-18.0,-126.0,51.0,-20.0,-180.0,-28.0,-9.0,-132.0,-52.86,11.510000000000002,-132.68,11.26,-33.64,-104.53,60.43,-61.68,-161.54,-23.09,-16.14,-127.1
2025-08-13T12:56:23.322939,54.0,113.0,-113.0,19.0,-13.0,-128.0,-45.0,-14.0,-174.0,-36.0,-47.0,-126.0,39.14,83.51,-91.68,17.26,-28.64,-106.53,-35.57,-55.68,-155.54,-31.09,-54.14,-121.1
2025-08-13T12:56:23.326629,-11.0,32.0,-95.0,30.0,-34.0,-147.0,-47.0,76.0,-107.0,-34.0,-68.0,-128.0,-25.86,2.5100000000000016,-73.68,28.26,-49.64,-125.53,-37.57,34.32,-88.53999999999999,-29.09,-75.14,-123.1
2025-08-13T12:56:23.329543,2.0,72.0,-169.0,26.0,-39.0,-116.0,27.0,-1.0,-86.0,6.0,-28.0,-124.0,-12.86,42.510000000000005,-147.68,24.26,-54.64,-94.53,36.43,-42.68,-67.53999999999999,10.91,-35.14,-119.1
2025-08-13T12:56:23.337511,16.0,97.0,-163.0,78.0,-39.0,-124.0,-55.0,-11.0,-104.0,-6.0,42.0,-82.0,1.1400000000000006,67.51,-141.68,76.26,-54.64,-102.53,-45.57,-52.68,-85.53999999999999,-1.0899999999999999,34.86,-77.1
2025-08-13T12:56:23.341695,44.0,89.0,-211.0,11.0,-24.0,-137.0,-84.0,41.0,-151.0,-2.0,-8.0,-111.0,29.14,59.510000000000005,-189.68,9.26,-39.64,-115.53,-74.57,-0.6799999999999997,-132.54,2.91,-15.14,-106.1
2025-08-13T12:56:23.349746,17.0,144.0,-157.0,-12.0,-40.0,-131.0,-57.0,-33.0,-56.0,-69.0,18.0,-109.0,2.1400000000000006,114.51,-135.68,-13.74,-55.64,-109.53,-47.57,-74.68,-37.54,-64.09,10.86,-104.1
2025-08-13T12:56:23.354072,92.0,28.0,-215.0,46.0,38.0,-208.0,-62.0,42.0,-168.0,-65.0,73.0,-129.0,77.14,-1.4899999999999984,-193.68,44.26,22.36,-186.53,-52.57,0.3200000000000003,-149.54,-60.09,65.86,-124.1
2025-08-13T12:56:23.362103,60.0,25.0,-145.0,81.0,40.0,-173.0,-63.0,-14.0,-148.0,-111.0,-13.0,-180.0,45.14,-4.489999999999998,-123.68,79.26,24.36,-151.53,-53.57,-55.68,-129.54,-106.09,-20.14,-175.1
2025-08-13T12:56:23.366407,23.0,36.0,-180.0,111.0,-50.0,-191.0,-22.0,-50.0,-153.0,-38.0,93.0,-127.0,8.14,6.510000000000002,-158.68,109.26,-65.64,-169.53,-12.57,-91.68,-134.54,-33.09,85.86,-122.1
2025-08-13T12:56:23.374455,107.0,54.0,-205.0,88.0,27.0,-216.0,-70.0,-1.0,-99.0,-64.0,76.0,-163.0,92.14,24.51,-183.68,86.26,11.36,-194.53,-60.57,-42.68,-80.53999999999999,-59.09,68.86,-158.1
2025-08-13T12:56:23.378796,75.0,155.0,-152.0,83.0,29.0,-200.0,-58.0,12.0,-143.0,-32.0,35.0,-127.0,60.14,125.51,-130.68,81.26,13.36,-178.53,-48.57,-29.68,-124.53999999999999,-27.09,27.86,-122.1
2025-08-13T12:56:23.386872,96.0,-9.0,-184.0,131.0,-50.0,-188.0,-31.0,8.0,-156.0,-122.0,107.0,-183.0,81.14,-38.489999999999995,-162.68,129.26,-65.64,-166.53,-21.57,-33.68,-137.54,-117.09,99.86,-178.1
2025-08-13T12:56:23.394814,57.0,28.0,-93.0,83.0,-70.0,-118.0,-25.0,-43.0,-109.0,-25.0,-37.0,-155.0,42.14,-1.4899999999999984,-71.68,81.26,-85.64,-96.53,-15.57,-84.68,-90.53999999999999,-20.09,-44.14,-150.1
2025-08-13T12:56:23.400501,-19.0,69.0,-117.0,4.0,46.0,-152.0,-27.0,-28.0,-117.0,-40.0,20.0,-120.0,-33.86,39.510000000000005,-95.68,2.26,30.36,-130.53,-17.57,-69.68,-98.53999999999999,-35.09,12.86,-115.1
2025-08-13T12:56:23.407102,64.0,46.0,-162.0,60.0,0.0,-155.0,-87.0,11.0,-138.0,-56.0,17.0,-116.0,49.14,16.51,-140.68,58.26,-15.64,-133.53,-77.57,-30.68,-119.53999999999999,-51.09,9.86,-111.1
2025-08-13T12:56:23.412962,33.0,74.0,-173.0,122.0,15.0,-143.0,-4.0,-61.0,-146.0,-52.0,55.0,-160.0,18.14,44.510000000000005,-151.68,120.26,-0.6400000000000006,-121.53,5.43,-102.68,-127.53999999999999,-47.09,47.86,-155.1
2025-08-13T12:56:23.419608,123.0,88.0,-205.0,42.0,-31.0,-167.0,-76.0,26.0,-199.0,-106.0,38.0,-198.0,108.14,58.510000000000005,-183.68,40.26,-46.64,-145.53,-66.57,-15.68,-180.54,-101.09,30.86,-193.1
2025-08-13T12:56:23.424031,156.0,-13.0,-172.0,143.0,-68.0,-157.0,-36.0,-50.0,-192.0,-80.0,50.0,-217.0,141.14,-42.489999999999995,-150.68,141.26,-83.64,-135.53,-26.57,-91.68,-173.54,-75.09,42.86,-212.1
2025-08-13T12:56:23.431860,80.0,85.0,-187.0,135.0,-29.0,-175.0,-88.0,8.0,-208.0,-71.0,58.0,-209.0,65.14,55.510000000000005,-165.68,133.26,-44.64,-153.53,-78.57,-33.68,-189.54,-66.09,50.86,-204.1
2025-08-13T12:56:23.439794,61.0,108.0,-193.0,166.0,-31.0,-156.0,-49.0,-18.0,-151.0,-97.0,56.0,-208.0,46.14,78.51,-171.68,164.26,-46.64,-134.53,-39.57,-59.68,-132.54,-92.09,48.86,-203.1
2025-08-13T12:56:23.444290,139.0,83.0,-236.0,98.0,-32.0,-196.0,-45.0,-166.0,-240.0,-18.0,75.0,-232.0,124.14,53.510000000000005,-214.68,96.26,-47.64,-174.53,-35.57,-207.68,-221.54,-13.09,67.86,-227.1
2025-08-13T12:56:23.452185,143.0,113.0,-215.0,163.0,-94.0,-184.0,-95.0,-30.0,-229.0,-37.0,53.0,-308.0,128.14,83.51,-193.68,161.26,-109.64,-162.53,-85.57,-71.68,-210.54,-32.09,45.86,-303.1
2025-08-13T12:56:23.456645,151.0,95.0,-297.0,162.0,-157.0,-228.0,-110.0,-41.0,-224.0,-95.0,107.0,-296.0,136.14,65.51,-275.68,160.26,-172.64,-206.53,-100.57,-82.68,-205.54,-90.09,99.86,-291.1
2025-08-13T12:56:23.464574,229.0,68.0,-316.0,203.0,23.0,-215.0,-15.0,-62.0,-282.0,-119.0,147.0,-333.0,214.14,38.510000000000005,-294.68,201.26,7.359999999999999,-193.53,-5.57,-103.68,-263.54,-114.09,139.86,-328.1
2025-08-13T12:56:23.468895,187.0,107.0,-282.0,243.0,-57.0,-280.0,9.0,-147.0,-236.0,-102.0,86.0,-319.0,172.14,77.51,-260.68,241.26,-72.64,-258.53,18.43,-188.68,-217.54,-97.09,78.86,-314.1
2025-08-13T12:56:23.476864,247.0,164.0,-326.0,171.0,-126.0,-251.0,-17.0,-76.0,-319.0,-83.0,125.0,-330.0,232.14,134.51,-304.68,169.26,-141.64,-229.53,-7.57,-117.68,-300.54,-78.09,117.86,-325.1
2025-08-13T12:56:23.485018,327.0,147.0,-319.0,278.0,-91.0,-301.0,-33.0,-70.0,-322.0,-109.0,161.0,-344.0,312.14,117.51,-297.68,276.26,-106.64,-279.53,-23.57,-111.68,-303.54,-104.09,153.86,-339.1
2025-08-13T12:56:23.489332,281.0,110.0,-343.0,305.0,-98.0,-284.0,15.0,-138.0,-311.0,-125.0,100.0,-420.0,266.14,80.51,-321.68,303.26,-113.64,-262.53,24.43,-179.68,-292.54,-120.09,92.86,-415.1
2025-08-13T12:56:23.497297,248.0,185.0,-294.0,276.0,-69.0,-297.0,-63.0,-98.0,-367.0,-87.0,172.0,-446.0,233.14,155.51,-272.68,274.26,-84.64,-275.53,-53.57,-139.68,-348.54,-82.09,164.86,-441.1
2025-08-13T12:56:23.505498,374.0,134.0,-350.0,304.0,-137.0,-363.0,-6.0,-151.0,-385.0,-108.0,169.0,-382.0,359.14,104.51,-328.68,302.26,-152.64,-341.53,3.4299999999999997,-192.68,-366.54,-103.09,161.86,-377.1
2025-08-13T12:56:23.509905,404.0,116.0,-386.0,323.0,-140.0,-341.0,19.0,-165.0,-348.0,-132.0,187.0,-391.0,389.14,86.51,-364.68,321.26,-155.64,-319.53,28.43,-206.68,-329.54,-127.09,179.86,-386.1
2025-08-13T12:56:23.517847,320.0,177.0,-325.0,285.0,-179.0,-287.0,-95.0,-186.0,-404.0,-106.0,207.0,-464.0,305.14,147.51,-303.68,283.26,-194.64,-265.53,-85.57,-227.68,-385.54,-101.09,199.86,-459.1
2025-08-13T12:56:23.522327,298.0,116.0,-370.0,370.0,-148.0,-322.0,38.0,-164.0,-430.0,-53.0,165.0,-497.0,283.14,86.51,-348.68,368.26,-163.64,-300.53,47.43,-205.68,-411.54,-48.09,157.86,-492.1
2025-08-13T12:56:23.530332,369.0,172.0,-362.0,379.0,-141.0,-322.0,-41.0,-168.0,-418.0,-66.0,129.0,-434.0,354.14,142.51,-340.68,377.26,-156.64,-300.53,-31.57,-209.68,-399.54,-61.09,121.86,-429.1
2025-08-13T12:56:23.538351,363.0,115.0,-340.0,336.0,-158.0,-304.0,18.0,-204.0,-405.0,-95.0,177.0,-435.0,348.14,85.51,-318.68,334.26,-173.64,-282.53,27.43,-245.68,-386.54,-90.09,169.86,-430.1
2025-08-13T12:56:23.542751,366.0,206.0,-377.0,353.0,-100.0,-290.0,-22.0,-285.0,-419.0,-68.0,220.0,-491.0,351.14,176.51,-355.68,351.26,-115.64,-268.53,-12.57,-326.68,-400.54,-63.09,212.86,-486.1
2025-08-13T12:56:23.551565,425.0,176.0,-334.0,348.0,-141.0,-306.0,-18.0,-262.0,-383.0,-63.0,149.0,-403.0,410.14,146.51,-312.68,346.26,-156.64,-284.53,-8.57,-303.68,-364.54,-58.09,141.86,-398.1
2025-08-13T12:56:23.558855,334.0,126.0,-360.0,318.0,-170.0,-269.0,-42.0,-182.0,-391.0,-87.0,172.0,-458.0,319.14,96.51,-338.68,316.26,-185.64,-247.53,-32.57,-223.68,-372.54,-82.09,164.86,-453.1
2025-08-13T12:56:23.563254,384.0,158.0,-354.0,357.0,-146.0,-270.0,-13.0,-184.0,-331.0,-69.0,170.0,-415.0,369.14,128.51,-332.68,355.26,-161.64,-248.53,-3.5700000000000003,-225.68,-312.54,-64.09,162.86,-410.1
2025-08-13T12:56:23.571302,383.0,160.0,-339.0,388.0,-139.0,-283.0,-27.0,-219.0,-433.0,-41.0,119.0,-436.0,368.14,130.51,-317.68,386.26,-154.64,-261.53,-17.57,-260.68,-414.54,-36.09,111.86,-431.1
2025-08-13T12:56:23.576474,378.0,152.0,-349.0,330.0,-94.0,-255.0,5.0,-206.0,-406.0,-86.0,96.0,-429.0,363.14,122.51,-327.68,328.26,-109.64,-233.53,14.43,-247.68,-387.54,-81.09,88.86,-424.1
2025-08-13T12:56:23.583845,441.0,123.0,-403.0,343.0,-170.0,-293.0,-18.0,-249.0,-411.0,-107.0,199.0,-453.0,426.14,93.51,-381.68,341.26,-185.64,-271.53,-8.57,-290.68,-392.54,-102.09,191.86,-448.1
2025-08-13T12:56:23.591414,329.0,147.0,-357.0,324.0,-141.0,-323.0,-17.0,-228.0,-366.0,-136.0,170.0,-476.0,314.14,117.51,-335.68,322.26,-156.64,-301.53,-7.57,-269.68,-347.54,-131.09,162.86,-471.1
2025-08-13T12:56:23.596229,369.0,81.0,-369.0,384.0,-171.0,-282.0,-85.0,-183.0,-432.0,-26.0,162.0,-439.0,354.14,51.510000000000005,-347.68,382.26,-186.64,-260.53,-75.57,-224.68,-413.54,-21.09,154.86,-434.1
2025-08-13T12:56:23.604089,421.0,86.0,-326.0,336.0,-212.0,-274.0,-57.0,-233.0,-462.0,-129.0,203.0,-446.0,406.14,56.510000000000005,-304.68,334.26,-227.64,-252.53,-47.57,-274.68,-443.54,-124.09,195.86,-441.1
2025-08-13T12:56:23.610789,341.0,88.0,-361.0,391.0,-176.0,-242.0,6.0,-255.0,-399.0,-97.0,135.0,-479.0,326.14,58.510000000000005,-339.68,389.26,-191.64,-220.53,15.43,-296.68,-380.54,-92.09,127.86,-474.1
2025-08-13T12:56:23.616740,415.0,190.0,-373.0,336.0,-116.0,-295.0,75.0,-177.0,-379.0,-104.0,131.0,-445.0,400.14,160.51,-351.68,334.26,-131.64,-273.53,84.43,-218.68,-360.54,-99.09,123.86,-440.1
2025-08-13T12:56:23.624480,374.0,129.0,-340.0,309.0,-181.0,-270.0,27.0,-178.0,-426.0,-86.0,181.0,-467.0,359.14,99.51,-318.68,307.26,-196.64,-248.53,36.43,-219.68,-407.54,-81.09,173.86,-462.1
2025-08-13T12:56:23.629138,332.0,155.0,-337.0,355.0,-145.0,-230.0,14.0,-241.0,-379.0,-86.0,141.0,-454.0,317.14,125.51,-315.68,353.26,-160.64,-208.53,23.43,-282.68,-360.54,-81.09,133.86,-449.1
2025-08-13T12:56:23.637071,401.0,163.0,-368.0,320.0,-148.0,-248.0,-57.0,-169.0,-428.0,-100.0,159.0,-446.0,386.14,133.51,-346.68,318.26,-163.64,-226.53,-47.57,-210.68,-409.54,-95.09,151.86,-441.1
2025-08-13T12:56:23.644740,509.0,85.0,-384.0,370.0,-173.0,-275.0,-5.0,-189.0,-303.0,-15.0,204.0,-440.0,494.14,55.510000000000005,-362.68,368.26,-188.64,-253.53,4.43,-230.68,-284.54,-10.09,196.86,-435.1
2025-08-13T12:56:23.649669,403.0,105.0,-304.0,323.0,-130.0,-310.0,-28.0,-167.0,-329.0,-78.0,150.0,-483.0,388.14,75.51,-282.68,321.26,-145.64,-288.53,-18.57,-208.68,-310.54,-73.09,142.86,-478.1
2025-08-13T12:56:23.657019,394.0,146.0,-350.0,313.0,-151.0,-292.0,9.0,-247.0,-433.0,-32.0,194.0,-412.0,379.14,116.51,-328.68,311.26,-166.64,-270.53,18.43,-288.68,-414.54,-27.09,186.86,-407.1
2025-08-13T12:56:23.661845,426.0,57.0,-283.0,292.0,-153.0,-292.0,47.0,-269.0,-391.0,-79.0,120.0,-490.0,411.14,27.51,-261.68,290.26,-168.64,-270.53,56.43,-310.68,-372.54,-74.09,112.86,-485.1
2025-08-13T12:56:23.669860,361.0,129.0,-344.0,342.0,-174.0,-314.0,65.0,-160.0,-401.0,-95.0,147.0,-466.0,346.14,99.51,-322.68,340.26,-189.64,-292.53,74.43,-201.68,-382.54,-90.09,139.86,-461.1
2025-08-13T12:56:23.681600,376.0,104.0,-406.0,327.0,-169.0,-305.0,6.0,-223.0,-440.0,-66.0,169.0,-492.0,361.14,74.51,-384.68,325.26,-184.64,-283.53,15.43,-264.68,-421.54,-61.09,161.86,-487.1
2025-08-13T12:56:23.689528,347.0,110.0,-272.0,370.0,-105.0,-267.0,-75.0,-210.0,-404.0,-46.0,170.0,-503.0,332.14,80.51,-250.68,368.26,-120.64,-245.53,-65.57,-251.68,-385.54,-41.09,162.86,-498.1
2025-08-13T12:56:23.694652,350.0,117.0,-328.0,382.0,-168.0,-232.0,8.0,-161.0,-390.0,-48.0,221.0,-468.0,335.14,87.51,-306.68,380.26,-183.64,-210.53,17.43,-202.68,-371.54,-43.09,213.86,-463.1
2025-08-13T12:56:23.698657,367.0,82.0,-357.0,419.0,-73.0,-283.0,13.0,-170.0,-435.0,-89.0,183.0,-395.0,352.14,52.510000000000005,-335.68,417.26,-88.64,-261.53,22.43,-211.68,-416.54,-84.09,175.86,-390.1
2025-08-13T12:56:23.701998,443.0,106.0,-370.0,331.0,-174.0,-233.0,-5.0,-127.0,-390.0,-42.0,151.0,-438.0,428.14,76.51,-348.68,329.26,-189.64,-211.53,4.43,-168.68,-371.54,-37.09,143.86,-433.1
2025-08-13T12:56:23.710176,373.0,125.0,-305.0,366.0,-46.0,-230.0,67.0,-197.0,-419.0,-85.0,164.0,-485.0,358.14,95.51,-283.68,364.26,-61.64,-208.53,76.43,-238.68,-400.54,-80.09,156.86,-480.1
2025-08-13T12:56:23.714553,392.0,152.0,-302.0,402.0,-101.0,-287.0,6.0,-223.0,-378.0,-78.0,103.0,-451.0,377.14,122.51,-280.68,400.26,-116.64,-265.53,15.43,-264.68,-359.54,-73.09,95.86,-446.1
2025-08-13T12:56:23.722633,496.0,77.0,-284.0,316.0,-118.0,-319.0,11.0,-171.0,-450.0,-69.0,139.0,-440.0,481.14,47.510000000000005,-262.68,314.26,-133.64,-297.53,20.43,-212.68,-431.54,-64.09,131.86,-435.1
2025-08-13T12:56:23.726780,369.0,135.0,-267.0,385.0,-139.0,-287.0,-2.0,-195.0,-371.0,-9.0,189.0,-511.0,354.14,105.51,-245.68,383.26,-154.64,-265.53,7.43,-236.68,-352.54,-4.09,181.86,-506.1
2025-08-13T12:56:23.734895,465.0,109.0,-378.0,279.0,-112.0,-289.0,-28.0,-224.0,-387.0,-26.0,182.0,-511.0,450.14,79.51,-356.68,277.26,-127.64,-267.53,-18.57,-265.68,-368.54,-21.09,174.86,-506.1
2025-08-13T12:56:23.743020,367.0,121.0,-294.0,371.0,-151.0,-286.0,-100.0,-154.0,-416.0,-83.0,164.0,-501.0,352.14,91.51,-272.68,369.26,-166.64,-264.53,-90.57,-195.68,-397.54,-78.09,156.86,-496.1
2025-08-13T12:56:23.747320,408.0,132.0,-392.0,326.0,-142.0,-286.0,-12.0,-220.0,-356.0,-73.0,198.0,-435.0,393.14,102.51,-370.68,324.26,-157.64,-264.53,-2.5700000000000003,-261.68,-337.54,-68.09,190.86,-430.1
2025-08-13T12:56:23.755385,368.0,107.0,-328.0,415.0,-120.0,-281.0,-19.0,-190.0,-360.0,-56.0,187.0,-421.0,353.14,77.51,-306.68,413.26,-135.64,-259.53,-9.57,-231.68,-341.54,-51.09,179.86,-416.1
2025-08-13T12:56:23.763571,433.0,152.0,-390.0,404.0,-156.0,-253.0,48.0,-236.0,-391.0,-63.0,199.0,-513.0,418.14,122.51,-368.68,402.26,-171.64,-231.53,57.43,-277.68,-372.54,-58.09,191.86,-508.1
2025-08-13T12:56:23.767900,371.0,125.0,-302.0,327.0,-120.0,-268.0,9.0,-165.0,-360.0,-14.0,150.0,-484.0,356.14,95.51,-280.68,325.26,-135.64,-246.53,18.43,-206.68,-341.54,-9.09,142.86,-479.1
2025-08-13T12:56:23.775720,395.0,113.0,-342.0,374.0,-187.0,-343.0,-33.0,-235.0,-435.0,-79.0,187.0,-429.0,380.14,83.51,-320.68,372.26,-202.64,-321.53,-23.57,-276.68,-416.54,-74.09,179.86,-424.1
2025-08-13T12:56:23.780651,458.0,130.0,-330.0,312.0,-161.0,-304.0,-69.0,-188.0,-396.0,-56.0,168.0,-479.0,443.14,100.51,-308.68,310.26,-176.64,-282.53,-59.57,-229.68,-377.54,-51.09,160.86,-474.1
2025-08-13T12:56:23.789225,357.0,62.0,-337.0,304.0,-172.0,-266.0,-12.0,-227.0,-362.0,-46.0,197.0,-447.0,342.14,32.510000000000005,-315.68,302.26,-187.64,-244.53,-2.5700000000000003,-268.68,-343.54,-41.09,189.86,-442.1
2025-08-13T12:56:23.796228,419.0,147.0,-293.0,363.0,-154.0,-227.0,-48.0,-249.0,-389.0,-102.0,188.0,-496.0,404.14,117.51,-271.68,361.26,-169.64,-205.53,-38.57,-290.68,-370.54,-97.09,180.86,-491.1
2025-08-13T12:56:23.800551,471.0,125.0,-343.0,375.0,-167.0,-352.0,-85.0,-135.0,-417.0,-84.0,207.0,-495.0,456.14,95.51,-321.68,373.26,-182.64,-330.53,-75.57,-176.68,-398.54,-79.09,199.86,-490.1
2025-08-13T12:56:23.808817,330.0,140.0,-353.0,395.0,-134.0,-294.0,-16.0,-216.0,-373.0,-87.0,171.0,-497.0,315.14,110.51,-331.68,393.26,-149.64,-272.53,-6.57,-257.68,-354.54,-82.09,163.86,-492.1
2025-08-13T12:56:23.816782,384.0,108.0,-343.0,401.0,-213.0,-286.0,-21.0,-199.0,-448.0,-90.0,142.0,-527.0,369.14,78.51,-321.68,399.26,-228.64,-264.53,-11.57,-240.68,-429.54,-85.09,134.86,-522.1
2025-08-13T12:56:23.821080,437.0,66.0,-297.0,448.0,-120.0,-286.0,64.0,-217.0,-404.0,-86.0,204.0,-463.0,422.14,36.510000000000005,-275.68,446.26,-135.64,-264.53,73.43,-258.68,-385.54,-81.09,196.86,-458.1
2025-08-13T12:56:23.829334,385.0,148.0,-327.0,366.0,-118.0,-357.0,12.0,-247.0,-384.0,-52.0,216.0,-533.0,370.14,118.51,-305.68,364.26,-133.64,-335.53,21.43,-288.68,-365.54,-47.09,208.86,-528.1
2025-08-13T12:56:23.836798,464.0,150.0,-285.0,367.0,-145.0,-251.0,4.0,-226.0,-355.0,-165.0,203.0,-468.0,449.14,120.51,-263.68,365.26,-160.64,-229.53,13.43,-267.68,-336.54,-160.09,195.86,-463.1
2025-08-13T12:56:23.847580,399.0,112.0,-326.0,362.0,-104.0,-255.0,-7.0,-233.0,-435.0,-56.0,117.0,-493.0,384.14,82.51,-304.68,360.26,-119.64,-233.53,2.4299999999999997,-274.68,-416.54,-51.09,109.86,-488.1
2025-08-13T12:56:23.857787,452.0,162.0,-299.0,350.0,-124.0,-280.0,54.0,-205.0,-401.0,-67.0,124.0,-464.0,437.14,132.51,-277.68,348.26,-139.64,-258.53,63.43,-246.68,-382.54,-62.09,116.86,-459.1
2025-08-13T12:56:23.864038,417.0,107.0,-334.0,396.0,-88.0,-289.0,43.0,-204.0,-457.0,-22.0,194.0,-472.0,402.14,77.51,-312.68,394.26,-103.64,-267.53,52.43,-245.68,-438.54,-17.09,186.86,-467.1
2025-08-13T12:56:23.868638,525.0,53.0,-343.0,275.0,-113.0,-258.0,-4.0,-169.0,-414.0,-73.0,213.0,-497.0,510.14,23.51,-321.68,273.26,-128.64,-236.53,5.43,-210.68,-395.54,-68.09,205.86,-492.1
2025-08-13T12:56:23.872674,353.0,140.0,-281.0,339.0,-181.0,-280.0,19.0,-246.0,-438.0,-97.0,215.0,-484.0,338.14,110.51,-259.68,337.26,-196.64,-258.53,28.43,-287.68,-419.54,-92.09,207.86,-479.1
2025-08-13T12:56:23.876042,442.0,119.0,-354.0,320.0,-153.0,-205.0,26.0,-233.0,-436.0,-44.0,145.0,-496.0,427.14,89.51,-332.68,318.26,-168.64,-183.53,35.43,-274.68,-417.54,-39.09,137.86,-491.1
2025-08-13T12:56:23.882249,456.0,126.0,-327.0,394.0,-152.0,-285.0,18.0,-164.0,-374.0,-19.0,144.0,-424.0,441.14,96.51,-305.68,392.26,-167.64,-263.53,27.43,-205.68,-355.54,-14.09,136.86,-419.1
2025-08-13T12:56:23.886640,433.0,35.0,-372.0,362.0,-136.0,-339.0,13.0,-233.0,-347.0,-77.0,161.0,-477.0,418.14,5.510000000000002,-350.68,360.26,-151.64,-317.53,22.43,-274.68,-328.54,-72.09,153.86,-472.1
2025-08-13T12:56:23.894588,390.0,73.0,-294.0,358.0,-99.0,-263.0,10.0,-219.0,-390.0,-59.0,151.0,-472.0,375.14,43.510000000000005,-272.68,356.26,-114.64,-241.53,19.43,-260.68,-371.54,-54.09,143.86,-467.1
2025-08-13T12:56:23.898876,380.0,46.0,-264.0,317.0,-89.0,-266.0,41.0,-176.0,-409.0,-69.0,82.0,-442.0,365.14,16.51,-242.68,315.26,-104.64,-244.53,50.43,-217.68,-390.54,-64.09,74.86,-437.1
2025-08-13T12:56:23.906848,343.0,122.0,-366.0,327.0,-150.0,-279.0,39.0,-227.0,-420.0,-64.0,160.0,-512.0,328.14,92.51,-344.68,325.26,-165.64,-257.53,48.43,-268.68,-401.54,-59.09,152.86,-507.1
2025-08-13T12:56:23.915083,410.0,99.0,-331.0,378.0,-112.0,-266.0,-22.0,-166.0,-418.0,-64.0,227.0,-542.0,395.14,69.51,-309.68,376.26,-127.64,-244.53,-12.57,-207.68,-399.54,-59.09,219.86,-537.1
2025-08-13T12:56:23.919301,425.0,74.0,-303.0,415.0,-134.0,-230.0,37.0,-178.0,-422.0,-59.0,165.0,-502.0,410.14,44.510000000000005,-281.68,413.26,-149.64,-208.53,46.43,-219.68,-403.54,-54.09,157.86,-497.1
2025-08-13T12:56:23.927277,278.0,81.0,-320.0,324.0,-163.0,-196.0,-25.0,-273.0,-387.0,-27.0,113.0,-499.0,263.14,51.510000000000005,-298.68,322.26,-178.64,-174.53,-15.57,-314.68,-368.54,-22.09,105.86,-494.1
2025-08-13T12:56:23.935409,409.0,32.0,-378.0,370.0,-149.0,-264.0,-56.0,-207.0,-390.0,-53.0,114.0,-465.0,394.14,2.5100000000000016,-356.68,368.26,-164.64,-242.53,-46.57,-248.68,-371.54,-48.09,106.86,-460.1
2025-08-13T12:56:23.939875,462.0,122.0,-227.0,383.0,-88.0,-296.0,41.0,-246.0,-409.0,-122.0,172.0,-465.0,447.14,92.51,-205.68,381.26,-103.64,-274.53,50.43,-287.68,-390.54,-117.09,164.86,-460.1
2025-08-13T12:56:23.947819,430.0,136.0,-327.0,370.0,-181.0,-286.0,36.0,-164.0,-404.0,-108.0,210.0,-495.0,415.14,106.51,-305.68,368.26,-196.64,-264.53,45.43,-205.68,-385.54,-103.09,202.86,-490.1
2025-08-13T12:56:23.952423,451.0,86.0,-302.0,422.0,-142.0,-254.0,90.0,-203.0,-425.0,-35.0,156.0,-532.0,436.14,56.510000000000005,-280.68,420.26,-157.64,-232.53,99.43,-244.68,-406.54,-30.09,148.86,-527.1
2025-08-13T12:56:23.960415,406.0,79.0,-303.0,316.0,-139.0,-262.0,-6.0,-201.0,-493.0,-29.0,164.0,-436.0,391.14,49.510000000000005,-281.68,314.26,-154.64,-240.53,3.4299999999999997,-242.68,-474.54,-24.09,156.86,-431.1
2025-08-13T12:56:23.968356,437.0,63.0,-382.0,406.0,-156.0,-221.0,42.0,-157.0,-446.0,-141.0,151.0,-410.0,422.14,33.510000000000005,-360.68,404.26,-171.64,-199.53,51.43,-198.68,-427.54,-136.09,143.86,-405.1
2025-08-13T12:56:23.972697,477.0,92.0,-291.0,367.0,-98.0,-235.0,8.0,-258.0,-400.0,-131.0,147.0,-509.0,462.14,62.510000000000005,-269.68,365.26,-113.64,-213.53,17.43,-299.68,-381.54,-126.09,139.86,-504.1
2025-08-13T12:56:23.981762,390.0,166.0,-277.0,375.0,-204.0,-249.0,15.0,-156.0,-421.0,-100.0,186.0,-468.0,375.14,136.51,-255.68,373.26,-219.64,-227.53,24.43,-197.68,-402.54,-95.09,178.86,-463.1
2025-08-13T12:56:23.986048,455.0,135.0,-349.0,417.0,-135.0,-283.0,16.0,-225.0,-338.0,14.0,208.0,-470.0,440.14,105.51,-327.68,415.26,-150.64,-261.53,25.43,-266.68,-319.54,18.91,200.86,-465.1
2025-08-13T12:56:23.993089,424.0,81.0,-352.0,338.0,-175.0,-282.0,-16.0,-200.0,-427.0,-56.0,134.0,-469.0,409.14,51.510000000000005,-330.68,336.26,-190.64,-260.53,-6.57,-241.68,-408.54,-51.09,126.86,-464.1
2025-08-13T12:56:24.001211,366.0,184.0,-354.0,390.0,-190.0,-256.0,27.0,-185.0,-502.0,-48.0,151.0,-465.0,351.14,154.51,-332.68,388.26,-205.64,-234.53,36.43,-226.68,-483.54,-43.09,143.86,-460.1
2025-08-13T12:56:24.005733,443.0,111.0,-332.0,432.0,-119.0,-273.0,-53.0,-246.0,-362.0,-90.0,129.0,-495.0,428.14,81.51,-310.68,430.26,-134.64,-251.53,-43.57,-287.68,-343.54,-85.09,121.86,-490.1
2025-08-13T12:56:24.013703,433.0,83.0,-344.0,345.0,-92.0,-304.0,-103.0,-143.0,-418.0,-29.0,245.0,-439.0,418.14,53.510000000000005,-322.68,343.26,-107.64,-282.53,-93.57,-184.68,-399.54,-24.09,237.86,-434.1
2025-08-13T12:56:24.017925,356.0,168.0,-294.0,322.0,-149.0,-314.0,40.0,-241.0,-374.0,-61.0,150.0,-496.0,341.14,138.51,-272.68,320.26,-164.64,-292.53,49.43,-282.68,-355.54,-56.09,142.86,-491.1
2025-08-13T12:56:24.025818,411.0,78.0,-316.0,349.0,-158.0,-277.0,-20.0,-206.0,-445.0,-93.0,233.0,-419.0,396.14,48.510000000000005,-294.68,347.26,-173.64,-255.53,-10.57,-247.68,-426.54,-88.09,225.86,-414.1
2025-08-13T12:56:24.034033,410.0,100.0,-293.0,404.0,-149.0,-247.0,1.0,-182.0,-362.0,-65.0,62.0,-438.0,395.14,70.51,-271.68,402.26,-164.64,-225.53,10.43,-223.68,-343.54,-60.09,54.86,-433.1
2025-08-13T12:56:24.038307,424.0,151.0,-262.0,339.0,-176.0,-251.0,24.0,-183.0,-416.0,-23.0,154.0,-447.0,409.14,121.51,-240.68,337.26,-191.64,-229.53,33.43,-224.68,-397.54,-18.09,146.86,-442.1
2025-08-13T12:56:24.046348,424.0,174.0,-293.0,383.0,-59.0,-334.0,42.0,-165.0,-345.0,14.0,201.0,-463.0,409.14,144.51,-271.68,381.26,-74.64,-312.53,51.43,-206.68,-326.54,18.91,193.86,-458.1
2025-08-13T12:56:24.054317,387.0,121.0,-288.0,339.0,-160.0,-291.0,35.0,-211.0,-393.0,-77.0,116.0,-483.0,372.14,91.51,-266.68,337.26,-175.64,-269.53,44.43,-252.68,-374.54,-72.09,108.86,-478.1
2025-08-13T12:56:24.059251,371.0,142.0,-377.0,301.0,-167.0,-306.0,-29.0,-225.0,-440.0,-51.0,161.0,-464.0,356.14,112.51,-355.68,299.26,-182.64,-284.53,-19.57,-266.68,-421.54,-46.09,153.86,-459.1
2025-08-13T12:56:24.066779,459.0,64.0,-368.0,373.0,-94.0,-277.0,47.0,-157.0,-365.0,-9.0,139.0,-539.0,444.14,34.510000000000005,-346.68,371.26,-109.64,-255.53,56.43,-198.68,-346.54,-4.09,131.86,-534.1
2025-08-13T12:56:24.075112,416.0,85.0,-283.0,385.0,-125.0,-243.0,24.0,-172.0,-399.0,-75.0,149.0,-459.0,401.14,55.510000000000005,-261.68,383.26,-140.64,-221.53,33.43,-213.68,-380.54,-70.09,141.86,-454.1
2025-08-13T12:56:24.082038,364.0,146.0,-320.0,354.0,-112.0,-290.0,-32.0,-211.0,-442.0,22.0,149.0,-507.0,349.14,116.51,-298.68,352.26,-127.64,-268.53,-22.57,-252.68,-423.54,26.91,141.86,-502.1
2025-08-13T12:56:24.088184,412.0,92.0,-371.0,357.0,-163.0,-335.0,11.0,-251.0,-386.0,-80.0,142.0,-515.0,397.14,62.510000000000005,-349.68,355.26,-178.64,-313.53,20.43,-292.68,-367.54,-75.09,134.86,-510.1
2025-08-13T12:56:24.095661,497.0,72.0,-282.0,358.0,-171.0,-303.0,-27.0,-181.0,-371.0,-116.0,184.0,-461.0,482.14,42.510000000000005,-260.68,356.26,-186.64,-281.53,-17.57,-222.68,-352.54,-111.09,176.86,-456.1
2025-08-13T12:56:24.099692,390.0,105.0,-368.0,384.0,-107.0,-260.0,-41.0,-205.0,-260.0,19.0,192.0,-509.0,375.14,75.51,-346.68,382.26,-122.64,-238.53,-31.57,-246.68,-241.54,23.91,184.86,-504.1
2025-08-13T12:56:24.103802,397.0,105.0,-351.0,421.0,-123.0,-218.0,8.0,-192.0,-396.0,-34.0,164.0,-524.0,382.14,75.51,-329.68,419.26,-138.64,-196.53,17.43,-233.68,-377.54,-29.09,156.86,-519.1
2025-08-13T12:56:24.111922,352.0,56.0,-268.0,403.0,-128.0,-237.0,-5.0,-242.0,-410.0,-68.0,154.0,-422.0,337.14,26.51,-246.68,401.26,-143.64,-215.53,4.43,-283.68,-391.54,-63.09,146.86,-417.1
2025-08-13T12:56:24.119783,382.0,114.0,-379.0,395.0,-93.0,-289.0,-38.0,-217.0,-354.0,-78.0,140.0,-494.0,367.14,84.51,-357.68,393.26,-108.64,-267.53,-28.57,-258.68,-335.54,-73.09,132.86,-489.1
2025-08-13T12:56:24.124325,342.0,104.0,-292.0,343.0,-173.0,-328.0,-10.0,-183.0,-424.0,-77.0,56.0,-443.0,327.14,74.51,-270.68,341.26,-188.64,-306.53,-0.5700000000000003,-224.68,-405.54,-72.09,48.86,-438.1
2025-08-13T12:56:24.132324,353.0,186.0,-247.0,372.0,-115.0,-254.0,64.0,-185.0,-468.0,-90.0,180.0,-463.0,338.14,156.51,-225.68,370.26,-130.64,-232.53,73.43,-226.68,-449.54,-85.09,172.86,-458.1
2025-08-13T12:56:24.136822,404.0,129.0,-362.0,351.0,-104.0,-312.0,-29.0,-194.0,-331.0,-30.0,162.0,-502.0,389.14,99.51,-340.68,349.26,-119.64,-290.53,-19.57,-235.68,-312.54,-25.09,154.86,-497.1
2025-08-13T12:56:24.144724,450.0,82.0,-338.0,405.0,-185.0,-233.0,11.0,-195.0,-438.0,-63.0,199.0,-430.0,435.14,52.510000000000005,-316.68,403.26,-200.64,-211.53,20.43,-236.68,-419.54,-58.09,191.86,-425.1
2025-08-13T12:56:24.152662,409.0,61.0,-382.0,462.0,-128.0,-293.0,9.0,-280.0,-411.0,-62.0,106.0,-406.0,394.14,31.51,-360.68,460.26,-143.64,-271.53,18.43,-321.68,-392.54,-57.09,98.86,-401.1
2025-08-13T12:56:24.157113,406.0,127.0,-355.0,347.0,-165.0,-289.0,-28.0,-238.0,-308.0,-60.0,156.0,-513.0,391.14,97.51,-333.68,345.26,-180.64,-267.53,-18.57,-279.68,-289.54,-55.09,148.86,-508.1
2025-08-13T12:56:24.165098,421.0,81.0,-326.0,320.0,-100.0,-240.0,-57.0,-155.0,-389.0,-82.0,115.0,-402.0,406.14,51.510000000000005,-304.68,318.26,-115.64,-218.53,-47.57,-196.68,-370.54,-77.09,107.86,-397.1
2025-08-13T12:56:24.169620,364.0,82.0,-251.0,415.0,-140.0,-226.0,7.0,-148.0,-317.0,-86.0,93.0,-475.0,349.14,52.510000000000005,-229.68,413.26,-155.64,-204.53,16.43,-189.68,-298.54,-81.09,85.86,-470.1
2025-08-13T12:56:24.177461,284.0,82.0,-292.0,314.0,-113.0,-294.0,-9.0,-199.0,-302.0,-48.0,128.0,-437.0,269.14,52.510000000000005,-270.68,312.26,-128.64,-272.53,0.4299999999999997,-240.68,-283.54,-43.09,120.86,-432.1
2025-08-13T12:56:24.185533,387.0,71.0,-315.0,263.0,-129.0,-205.0,-3.0,-101.0,-313.0,1.0,143.0,-397.0,372.14,41.510000000000005,-293.68,261.26,-144.64,-183.53,6.43,-142.68,-294.54,5.91,135.86,-392.1
2025-08-13T12:56:24.189901,376.0,83.0,-234.0,315.0,-71.0,-224.0,-2.0,-131.0,-290.0,-7.0,109.0,-421.0,361.14,53.510000000000005,-212.68,313.26,-86.64,-202.53,7.43,-172.68,-271.54,-2.09,101.86,-416.1
2025-08-13T12:56:24.197817,254.0,98.0,-161.0,345.0,-104.0,-196.0,-9.0,-113.0,-249.0,-36.0,148.0,-396.0,239.14,68.51,-139.68,343.26,-119.64,-174.53,0.4299999999999997,-154.68,-230.54,-31.09,140.86,-391.1
2025-08-13T12:56:24.202156,391.0,65.0,-281.0,296.0,-48.0,-194.0,21.0,-46.0,-243.0,15.0,31.0,-329.0,376.14,35.510000000000005,-259.68,294.26,-63.64,-172.53,30.43,-87.68,-224.54,19.91,23.86,-324.1
2025-08-13T12:56:24.210204,310.0,63.0,-165.0,226.0,-99.0,-144.0,39.0,-119.0,-256.0,-92.0,83.0,-370.0,295.14,33.510000000000005,-143.68,224.26,-114.64,-122.53,48.43,-160.68,-237.54,-87.09,75.86,-365.1
2025-08-13T12:56:24.218212,367.0,20.0,-194.0,330.0,-121.0,-192.0,46.0,-57.0,-303.0,-110.0,91.0,-342.0,352.14,-9.489999999999998,-172.68,328.26,-136.64,-170.53,55.43,-98.68,-284.54,-105.09,83.86,-337.1
2025-08-13T12:56:24.222512,333.0,66.0,-192.0,190.0,-135.0,-201.0,7.0,-58.0,-236.0,45.0,88.0,-325.0,318.14,36.510000000000005,-170.68,188.26,-150.64,-179.53,16.43,-99.68,-217.54,49.91,80.86,-320.1
2025-08-13T12:56:24.230526,277.0,54.0,-189.0,222.0,-39.0,-126.0,41.0,-71.0,-232.0,-47.0,37.0,-282.0,262.14,24.51,-167.68,220.26,-54.64,-104.53,50.43,-112.68,-213.54,-42.09,29.86,-277.1
2025-08-13T12:56:24.234965,198.0,64.0,-225.0,214.0,-97.0,-189.0,-25.0,14.0,-268.0,-14.0,65.0,-275.0,183.14,34.510000000000005,-203.68,212.26,-112.64,-167.53,-15.57,-27.68,-249.54,-9.09,57.86,-270.1
2025-08-13T12:56:24.242836,247.0,76.0,-184.0,158.0,-7.0,-147.0,31.0,-106.0,-243.0,-51.0,106.0,-300.0,232.14,46.510000000000005,-162.68,156.26,-22.64,-125.53,40.43,-147.68,-224.54,-46.09,98.86,-295.1
2025-08-13T12:56:24.247157,221.0,12.0,-219.0,204.0,-82.0,-150.0,75.0,-6.0,-156.0,-28.0,29.0,-261.0,206.14,-17.49,-197.68,202.26,-97.64,-128.53,84.43,-47.68,-137.54,-23.09,21.86,-256.1
2025-08-13T12:56:24.255041,231.0,27.0,-122.0,148.0,5.0,-186.0,-49.0,-23.0,-198.0,-17.0,22.0,-265.0,216.14,-2.4899999999999984,-100.68,146.26,-10.64,-164.53,-39.57,-64.68,-179.54,-12.09,14.86,-260.1
2025-08-13T12:56:24.259820,128.0,46.0,-186.0,145.0,-42.0,-85.0,31.0,-51.0,-213.0,-25.0,39.0,-245.0,113.14,16.51,-164.68,143.26,-57.64,-63.53,40.43,-92.68,-194.54,-20.09,31.86,-240.1
2025-08-13T12:56:24.267617,131.0,74.0,-143.0,164.0,20.0,-128.0,19.0,-99.0,-231.0,-52.0,109.0,-200.0,116.14,44.510000000000005,-121.68,162.26,4.359999999999999,-106.53,28.43,-140.68,-212.54,-47.09,101.86,-195.1
2025-08-13T12:56:24.275508,175.0,104.0,-191.0,183.0,-3.0,-177.0,45.0,9.0,-143.0,24.0,33.0,-200.0,160.14,74.51,-169.68,181.26,-18.64,-155.53,54.43,-32.68,-124.53999999999999,28.91,25.86,-195.1
2025-08-13T12:56:24.279801,111.0,41.0,-113.0,116.0,-97.0,-175.0,-25.0,-32.0,-114.0,-29.0,9.0,-149.0,96.14,11.510000000000002,-91.68,114.26,-112.64,-153.53,-15.57,-73.68,-95.53999999999999,-24.09,1.8600000000000003,-144.1
2025-08-13T12:56:24.287846,119.0,137.0,-136.0,78.0,9.0,-142.0,13.0,15.0,-201.0,-111.0,57.0,-209.0,104.14,107.51,-114.68,76.26,-6.640000000000001,-120.53,22.43,-26.68,-182.54,-106.09,49.86,-204.1
2025-08-13T12:56:24.292117,51.0,142.0,-207.0,106.0,12.0,-150.0,-61.0,-5.0,-173.0,-64.0,69.0,-147.0,36.14,112.51,-185.68,104.26,-3.6400000000000006,-128.53,-51.57,-46.68,-154.54,-59.09,61.86,-142.1
2025-08-13T12:56:24.300594,61.0,80.0,-101.0,148.0,-103.0,-164.0,-36.0,18.0,-104.0,-39.0,94.0,-214.0,46.14,50.510000000000005,-79.68,146.26,-118.64,-142.53,-26.57,-23.68,-85.53999999999999,-34.09,86.86,-209.1
2025-08-13T12:56:24.304486,117.0,15.0,-141.0,-23.0,-54.0,-165.0,-24.0,18.0,-184.0,9.0,70.0,-155.0,102.14,-14.489999999999998,-119.68,-24.74,-69.64,-143.53,-14.57,-23.68,-165.54,13.91,62.86,-150.1
2025-08-13T12:56:24.312988,92.0,48.0,-75.0,85.0,-13.0,-153.0,-43.0,13.0,-178.0,-65.0,48.0,-95.0,77.14,18.51,-53.68,83.26,-28.64,-131.53,-33.57,-28.68,-159.54,-60.09,40.86,-90.1
2025-08-13T12:56:24.316727,61.0,11.0,-110.0,68.0,35.0,-130.0,-40.0,-82.0,-146.0,-90.0,131.0,-195.0,46.14,-18.49,-88.68,66.26,19.36,-108.53,-30.57,-123.68,-127.53999999999999,-85.09,123.86,-190.1
2025-08-13T12:56:24.325409,10.0,80.0,-209.0,-39.0,-30.0,-153.0,-23.0,-54.0,-122.0,27.0,58.0,-161.0,-4.859999999999999,50.510000000000005,-187.68,-40.74,-45.64,-131.53,-13.57,-95.68,-103.53999999999999,31.91,50.86,-156.1
2025-08-13T12:56:24.332724,112.0,111.0,-145.0,66.0,10.0,-151.0,-111.0,-45.0,-107.0,-62.0,47.0,-151.0,97.14,81.51,-123.68,64.26,-5.640000000000001,-129.53,-101.57,-86.68,-88.53999999999999,-57.09,39.86,-146.1
2025-08-13T12:56:24.337334,48.0,89.0,-63.0,30.0,-31.0,-78.0,-24.0,-36.0,-71.0,-22.0,49.0,-119.0,33.14,59.510000000000005,-41.68,28.26,-46.64,-56.53,-14.57,-77.68,-52.54,-17.09,41.86,-114.1
2025-08-13T12:56:24.345125,-30.0,51.0,-105.0,44.0,1.0,-154.0,1.0,51.0,-135.0,-72.0,38.0,-89.0,-44.86,21.51,-83.68,42.26,-14.64,-132.53,10.43,9.32,-116.53999999999999,-67.09,30.86,-84.1
2025-08-13T12:56:24.349483,-36.0,103.0,-55.0,30.0,-79.0,-178.0,-23.0,-56.0,-154.0,-50.0,93.0,-146.0,-50.86,73.51,-33.68,28.26,-94.64,-156.53,-13.57,-97.68,-135.54,-45.09,85.86,-141.1
2025-08-13T12:56:24.357608,10.0,119.0,-119.0,40.0,9.0,-166.0,-50.0,-67.0,-143.0,-55.0,24.0,-96.0,-4.859999999999999,89.51,-97.68,38.26,-6.640000000000001,-144.53,-40.57,-108.68,-124.53999999999999,-50.09,16.86,-91.1
2025-08-13T12:56:24.362068,-20.0,45.0,-140.0,22.0,7.0,-157.0,-106.0,-24.0,-89.0,-85.0,20.0,-125.0,-34.86,15.510000000000002,-118.68,20.26,-8.64,-135.53,-96.57,-65.68,-70.53999999999999,-80.09,12.86,-120.1
2025-08-13T12:56:24.369912,58.0,17.0,-133.0,27.0,-59.0,-109.0,-67.0,18.0,-57.0,-40.0,-4.0,-154.0,43.14,-12.489999999999998,-111.68,25.26,-74.64,-87.53,-57.57,-23.68,-38.54,-35.09,-11.14,-149.1
2025-08-13T12:56:24.376379,2.0,26.0,-140.0,0.0,-18.0,-106.0,-80.0,6.0,-148.0,-16.0,33.0,-95.0,-12.86,-3.4899999999999984,-118.68,-1.74,-33.64,-84.53,-70.57,-35.68,-129.54,-11.09,25.86,-90.1
2025-08-13T12:56:24.382344,45.0,69.0,-140.0,57.0,65.0,-166.0,-33.0,25.0,-161.0,-77.0,-4.0,-121.0,30.14,39.510000000000005,-118.68,55.26,49.36,-144.53,-23.57,-16.68,-142.54,-72.09,-11.14,-116.1
2025-08-13T12:56:24.388370,17.0,104.0,-141.0,79.0,-32.0,-140.0,-53.0,53.0,-153.0,-84.0,44.0,-43.0,2.1400000000000006,74.51,-119.68,77.26,-47.64,-118.53,-43.57,11.32,-134.54,-79.09,36.86,-38.1
2025-08-13T12:56:24.394494,64.0,149.0,-179.0,40.0,-32.0,-146.0,34.0,18.0,-114.0,-59.0,19.0,-83.0,49.14,119.51,-157.68,38.26,-47.64,-124.53,43.43,-23.68,-95.53999999999999,-54.09,11.86,-78.1
2025-08-13T12:56:24.401497,24.0,40.0,-106.0,17.0,-13.0,-89.0,-117.0,34.0,-115.0,-66.0,2.0,-206.0,9.14,10.510000000000002,-84.68,15.26,-28.64,-67.53,-107.57,-7.68,-96.53999999999999,-61.09,-5.14,-201.1
2025-08-13T12:56:24.406974,79.0,76.0,-136.0,11.0,27.0,-184.0,-30.0,20.0,-91.0,-76.0,23.0,-60.0,64.14,46.510000000000005,-114.68,9.26,11.36,-162.53,-20.57,-21.68,-72.53999999999999,-71.09,15.86,-55.1
2025-08-13T12:56:24.412087,58.0,-9.0,-134.0,35.0,27.0,-81.0,-21.0,54.0,-147.0,-121.0,50.0,-87.0,43.14,-38.489999999999995,-112.68,33.26,11.36,-59.53,-11.57,12.32,-128.54,-116.09,42.86,-82.1
2025-08-13T12:56:24.419160,-37.0,57.0,-126.0,26.0,3.0,-154.0,-13.0,6.0,-149.0,-71.0,26.0,-77.0,-51.86,27.51,-104.68,24.26,-12.64,-132.53,-3.5700000000000003,-35.68,-130.54,-66.09,18.86,-72.1
2025-08-13T12:56:24.425352,-2.0,36.0,-96.0,56.0,-84.0,-118.0,8.0,12.0,-141.0,-12.0,81.0,-121.0,-16.86,6.510000000000002,-74.68,54.26,-99.64,-96.53,17.43,-29.68,-122.53999999999999,-7.09,73.86,-116.1
2025-08-13T12:56:24.431533,54.0,124.0,-183.0,82.0,17.0,-150.0,-9.0,-54.0,-142.0,-32.0,55.0,-111.0,39.14,94.51,-161.68,80.26,1.3599999999999994,-128.53,0.4299999999999997,-95.68,-123.53999999999999,-27.09,47.86,-106.1
2025-08-13T12:56:24.440564,114.0,85.0,-147.0,8.0,-12.0,-198.0,-12.0,-1.0,-113.0,-52.0,20.0,-68.0,99.14,55.510000000000005,-125.68,6.26,-27.64,-176.53,-2.5700000000000003,-42.68,-94.53999999999999,-47.09,12.86,-63.1
2025-08-13T12:56:24.448162,50.0,70.0,-140.0,29.0,-36.0,-149.0,-19.0,95.0,-96.0,-16.0,-24.0,-171.0,35.14,40.510000000000005,-118.68,27.26,-51.64,-127.53,-9.57,53.32,-77.53999999999999,-11.09,-31.14,-166.1
2025-08-13T12:56:24.453025,48.0,98.0,-88.0,0.0,-7.0,-180.0,-60.0,-9.0,-113.0,-66.0,-18.0,-79.0,33.14,68.51,-66.68,-1.74,-22.64,-158.53,-50.57,-50.68,-94.53999999999999,-61.09,-25.14,-74.1
2025-08-13T12:56:24.455737,65.0,7.0,-156.0,75.0,41.0,-138.0,79.0,-31.0,-99.0,-39.0,44.0,-147.0,50.14,-22.49,-134.68,73.26,25.36,-116.53,88.43,-72.68,-80.53999999999999,-34.09,36.86,-142.1
2025-08-13T12:56:24.463812,21.0,37.0,-121.0,76.0,-23.0,-179.0,-55.0,-23.0,-166.0,-49.0,17.0,-108.0,6.140000000000001,7.510000000000002,-99.68,74.26,-38.64,-157.53,-45.57,-64.68,-147.54,-44.09,9.86,-103.1
2025-08-13T12:56:24.468248,28.0,114.0,-93.0,44.0,-43.0,-67.0,-63.0,54.0,-85.0,-103.0,41.0,-187.0,13.14,84.51,-71.68,42.26,-58.64,-45.53,-53.57,12.32,-66.53999999999999,-98.09,33.86,-182.1
2025-08-13T12:56:24.476156,4.0,94.0,-112.0,-12.0,-43.0,-103.0,-29.0,-16.0,-156.0,-54.0,64.0,-84.0,-10.86,64.51,-90.68,-13.74,-58.64,-81.53,-19.57,-57.68,-137.54,-49.09,56.86,-79.1
2025-08-13T12:56:24.480583,96.0,92.0,-156.0,66.0,-71.0,-213.0,0.0,-10.0,-82.0,-88.0,19.0,-108.0,81.14,62.510000000000005,-134.68,64.26,-86.64,-191.53,9.43,-51.68,-63.54,-83.09,11.86,-103.1
2025-08-13T12:56:24.488611,84.0,80.0,-151.0,-8.0,-47.0,-71.0,-94.0,29.0,-113.0,-46.0,5.0,-105.0,69.14,50.510000000000005,-129.68,-9.74,-62.64,-49.53,-84.57,-12.68,-94.53999999999999,-41.09,-2.1399999999999997,-100.1
2025-08-13T12:56:24.492873,-5.0,83.0,-73.0,36.0,-2.0,-154.0,-26.0,-3.0,-85.0,-63.0,-27.0,-126.0,-19.86,53.510000000000005,-51.68,34.26,-17.64,-132.53,-16.57,-44.68,-66.53999999999999,-58.09,-34.14,-121.1
2025-08-13T12:56:24.500679,-2.0,25.0,-48.0,55.0,-15.0,-117.0,-47.0,-22.0,-146.0,-19.0,21.0,-136.0,-16.86,-4.489999999999998,-26.68,53.26,-30.64,-95.53,-37.57,-63.68,-127.53999999999999,-14.09,13.86,-131.1
2025-08-13T12:56:24.505088,33.0,4.0,-115.0,-2.0,25.0,-166.0,8.0,-56.0,-60.0,-100.0,79.0,-182.0,18.14,-25.49,-93.68,-3.74,9.36,-144.53,17.43,-97.68,-41.54,-95.09,71.86,-177.1
2025-08-13T12:56:24.513069,-33.0,72.0,-201.0,87.0,-84.0,-216.0,-67.0,-5.0,-116.0,-40.0,46.0,-114.0,-47.86,42.510000000000005,-179.68,85.26,-99.64,-194.53,-57.57,-46.68,-97.53999999999999,-35.09,38.86,-109.1
2025-08-13T12:56:24.517562,47.0,65.0,-248.0,7.0,54.0,-182.0,-5.0,-2.0,-91.0,-86.0,44.0,-107.0,32.14,35.510000000000005,-226.68,5.26,38.36,-160.53,4.43,-43.68,-72.53999999999999,-81.09,36.86,-102.1
2025-08-13T12:56:24.525409,30.0,62.0,-249.0,9.0,16.0,-164.0,-64.0,32.0,-191.0,-87.0,23.0,-129.0,15.14,32.510000000000005,-227.68,7.26,0.35999999999999943,-142.53,-54.57,-9.68,-172.54,-82.09,15.86,-124.1
2025-08-13T12:56:24.529744,39.0,62.0,-139.0,78.0,-12.0,-160.0,-51.0,23.0,-97.0,-51.0,22.0,-90.0,24.14,32.510000000000005,-117.68,76.26,-27.64,-138.53,-41.57,-18.68,-78.53999999999999,-46.09,14.86,-85.1
2025-08-13T12:56:24.537619,54.0,87.0,-155.0,37.0,-67.0,-147.0,-64.0,20.0,-140.0,-47.0,10.0,-161.0,39.14,57.510000000000005,-133.68,35.26,-82.64,-125.53,-54.57,-21.68,-121.53999999999999,-42.09,2.8600000000000003,-156.1
2025-08-13T12:56:24.542046,38.0,50.0,-105.0,122.0,-54.0,-139.0,-12.0,-9.0,-116.0,-34.0,99.0,-117.0,23.14,20.51,-83.68,120.26,-69.64,-117.53,-2.5700000000000003,-50.68,-97.53999999999999,-29.09,91.86,-112.1
2025-08-13T12:56:24.549987,-3.0,26.0,-163.0,116.0,-38.0,-69.0,-63.0,24.0,-60.0,21.0,-59.0,-169.0,-17.86,-3.4899999999999984,-141.68,114.26,-53.64,-47.53,-53.57,-17.68,-41.54,25.91,-66.14,-164.1
2025-08-13T12:56:24.554230,28.0,24.0,-249.0,0.0,-6.0,-141.0,-70.0,66.0,-42.0,-20.0,-14.0,-128.0,13.14,-5.489999999999998,-227.68,-1.74,-21.64,-119.53,-60.57,24.32,-23.54,-15.09,-21.14,-123.1
2025-08-13T12:56:24.562437,42.0,26.0,-117.0,-15.0,6.0,-194.0,-26.0,20.0,-167.0,-102.0,-35.0,-130.0,27.14,-3.4899999999999984,-95.68,-16.74,-9.64,-172.53,-16.57,-21.68,-148.54,-97.09,-42.14,-125.1
2025-08-13T12:56:24.570401,45.0,57.0,-168.0,-38.0,30.0,-148.0,-67.0,37.0,-169.0,-54.0,16.0,-94.0,30.14,27.51,-146.68,-39.74,14.36,-126.53,-57.57,-4.68,-150.54,-49.09,8.86,-89.1
2025-08-13T12:56:24.574563,4.0,19.0,-103.0,21.0,64.0,-157.0,-117.0,14.0,-83.0,-40.0,70.0,-155.0,-10.86,-10.489999999999998,-81.68,19.26,48.36,-135.53,-107.57,-27.68,-64.53999999999999,-35.09,62.86,-150.1
2025-08-13T12:56:24.582740,98.0,91.0,-84.0,43.0,9.0,-161.0,-50.0,-52.0,-101.0,-47.0,66.0,-93.0,83.14,61.510000000000005,-62.68,41.26,-6.640000000000001,-139.53,-40.57,-93.68,-82.53999999999999,-42.09,58.86,-88.1
2025-08-13T12:56:24.587037,51.0,97.0,-159.0,90.0,-39.0,-121.0,-59.0,-7.0,-112.0,-48.0,27.0,-155.0,36.14,67.51,-137.68,88.26,-54.64,-99.53,-49.57,-48.68,-93.53999999999999,-43.09,19.86,-150.1
2025-08-13T12:56:24.595012,76.0,88.0,-168.0,53.0,38.0,-170.0,-95.0,39.0,-135.0,-58.0,1.0,-155.0,61.14,58.510000000000005,-146.68,51.26,22.36,-148.53,-85.57,-2.6799999999999997,-116.53999999999999,-53.09,-6.14,-150.1
2025-08-13T12:56:24.599365,66.0,35.0,-212.0,-1.0,-9.0,-154.0,-3.0,48.0,-188.0,-15.0,63.0,-141.0,51.14,5.510000000000002,-190.68,-2.74,-24.64,-132.53,6.43,6.32,-169.54,-10.09,55.86,-136.1
2025-08-13T12:56:24.607391,58.0,45.0,-122.0,63.0,-24.0,-176.0,-33.0,-54.0,-90.0,-56.0,108.0,-85.0,43.14,15.510000000000002,-100.68,61.26,-39.64,-154.53,-23.57,-95.68,-71.53999999999999,-51.09,100.86,-80.1
2025-08-13T12:56:24.611748,39.0,26.0,-118.0,57.0,-59.0,-101.0,29.0,17.0,-93.0,-84.0,103.0,-106.0,24.14,-3.4899999999999984,-96.68,55.26,-74.64,-79.53,38.43,-24.68,-74.53999999999999,-79.09,95.86,-101.1
2025-08-13T12:56:24.619736,24.0,139.0,-178.0,37.0,-39.0,-172.0,-75.0,-57.0,-118.0,-56.0,123.0,-178.0,9.14,109.51,-156.68,35.26,-54.64,-150.53,-65.57,-98.68,-99.53999999999999,-51.09,115.86,-173.1
2025-08-13T12:56:24.623978,-9.0,43.0,-224.0,72.0,-92.0,-118.0,-119.0,39.0,-130.0,-56.0,-20.0,-82.0,-23.86,13.510000000000002,-202.68,70.26,-107.64,-96.53,-109.57,-2.6799999999999997,-111.53999999999999,-51.09,-27.14,-77.1
2025-08-13T12:56:24.631971,-32.0,98.0,-182.0,104.0,18.0,-190.0,-68.0,77.0,-97.0,-71.0,48.0,-78.0,-46.86,68.51,-160.68,102.26,2.3599999999999994,-168.53,-58.57,35.32,-78.53999999999999,-66.09,40.86,-73.1
2025-08-13T12:56:24.636695,148.0,112.0,-163.0,63.0,-38.0,-137.0,-21.0,7.0,-149.0,-70.0,-7.0,-79.0,133.14,82.51,-141.68,61.26,-53.64,-115.53,-11.57,-34.68,-130.54,-65.09,-14.14,-74.1
2025-08-13T12:56:24.644417,40.0,57.0,-150.0,42.0,70.0,-110.0,-19.0,-40.0,-119.0,-110.0,69.0,-110.0,25.14,27.51,-128.68,40.26,54.36,-88.53,-9.57,-81.68,-100.53999999999999,-105.09,61.86,-105.1
2025-08-13T12:56:24.652345,-6.0,79.0,-117.0,65.0,-16.0,-119.0,-23.0,41.0,-106.0,-117.0,45.0,-156.0,-20.86,49.510000000000005,-95.68,63.26,-31.64,-97.53,-13.57,-0.6799999999999997,-87.53999999999999,-112.09,37.86,-151.1
2025-08-13T12:56:24.656762,45.0,69.0,-152.0,1.0,-17.0,-107.0,-97.0,-5.0,-165.0,-73.0,-36.0,-86.0,30.14,39.510000000000005,-130.68,-0.74,-32.64,-85.53,-87.57,-46.68,-146.54,-68.09,-43.14,-81.1
2025-08-13T12:56:24.664810,120.0,70.0,-135.0,42.0,-57.0,-119.0,-24.0,45.0,-164.0,-27.0,-30.0,-156.0,105.14,40.510000000000005,-113.68,40.26,-72.64,-97.53,-14.57,3.3200000000000003,-145.54,-22.09,-37.14,-151.1
2025-08-13T12:56:24.668866,0.0,67.0,-155.0,46.0,-7.0,-168.0,-108.0,-8.0,-113.0,-34.0,74.0,-138.0,-14.86,37.510000000000005,-133.68,44.26,-22.64,-146.53,-98.57,-49.68,-94.53999999999999,-29.09,66.86,-133.1
2025-08-13T12:56:24.676910,12.0,-2.0,-122.0,65.0,-33.0,-101.0,-97.0,9.0,-119.0,-47.0,66.0,-141.0,-2.8599999999999994,-31.49,-100.68,63.26,-48.64,-79.53,-87.57,-32.68,-100.53999999999999,-42.09,58.86,-136.1
2025-08-13T12:56:24.681213,80.0,57.0,-161.0,48.0,36.0,-141.0,-86.0,24.0,-80.0,-20.0,48.0,-178.0,65.14,27.51,-139.68,46.26,20.36,-119.53,-76.57,-17.68,-61.54,-15.09,40.86,-173.1
2025-08-13T12:56:24.689509,15.0,67.0,-210.0,13.0,-2.0,-161.0,-76.0,-7.0,-180.0,-31.0,-17.0,-104.0,0.14000000000000057,37.510000000000005,-188.68,11.26,-17.64,-139.53,-66.57,-48.68,-161.54,-26.09,-24.14,-99.1
2025-08-13T12:56:24.693665,33.0,59.0,-204.0,54.0,23.0,-162.0,-31.0,-37.0,-93.0,-74.0,13.0,-102.0,18.14,29.51,-182.68,52.26,7.359999999999999,-140.53,-21.57,-78.68,-74.53999999999999,-69.09,5.86,-97.1
2025-08-13T12:56:24.701787,79.0,61.0,-188.0,-26.0,-14.0,-166.0,-48.0,75.0,-182.0,-24.0,39.0,-87.0,64.14,31.51,-166.68,-27.74,-29.64,-144.53,-38.57,33.32,-163.54,-19.09,31.86,-82.1
2025-08-13T12:56:24.706474,74.0,0.0,-142.0,62.0,-78.0,-129.0,46.0,-27.0,-111.0,-38.0,85.0,-134.0,59.14,-29.49,-120.68,60.26,-93.64,-107.53,55.43,-68.68,-92.53999999999999,-33.09,77.86,-129.1
2025-08-13T12:56:24.714583,73.0,72.0,-116.0,148.0,-58.0,-134.0,-46.0,7.0,-91.0,-70.0,22.0,-161.0,58.14,42.510000000000005,-94.68,146.26,-73.64,-112.53,-36.57,-34.68,-72.53999999999999,-65.09,14.86,-156.1
2025-08-13T12:56:24.718911,-11.0,102.0,-130.0,27.0,-7.0,-159.0,-64.0,79.0,-158.0,-35.0,30.0,-142.0,-25.86,72.51,-108.68,25.26,-22.64,-137.53,-54.57,37.32,-139.54,-30.09,22.86,-137.1
2025-08-13T12:56:24.726816,-33.0,105.0,-210.0,-8.0,30.0,-158.0,-41.0,25.0,-216.0,-8.0,-35.0,-100.0,-47.86,75.51,-188.68,-9.74,14.36,-136.53,-31.57,-16.68,-197.54,-3.09,-42.14,-95.1
2025-08-13T12:56:24.736340,4.0,21.0,-167.0,31.0,-20.0,-179.0,-40.0,60.0,-140.0,-65.0,-30.0,-121.0,-10.86,-8.489999999999998,-145.68,29.26,-35.64,-157.53,-30.57,18.32,-121.53999999999999,-60.09,-37.14,-116.1
2025-08-13T12:56:24.743544,47.0,45.0,-201.0,11.0,12.0,-88.0,-58.0,4.0,-95.0,-64.0,61.0,-69.0,32.14,15.510000000000002,-179.68,9.26,-3.6400000000000006,-66.53,-48.57,-37.68,-76.53999999999999,-59.09,53.86,-64.1
2025-08-13T12:56:24.748469,1.0,57.0,-143.0,-7.0,8.0,-185.0,-3.0,15.0,-168.0,-117.0,90.0,-166.0,-13.86,27.51,-121.68,-8.74,-7.640000000000001,-163.53,6.43,-26.68,-149.54,-112.09,82.86,-161.1
2025-08-13T12:56:24.752251,27.0,94.0,-130.0,71.0,35.0,-169.0,-40.0,-48.0,-152.0,-52.0,27.0,-141.0,12.14,64.51,-108.68,69.26,19.36,-147.53,-30.57,-89.68,-133.54,-47.09,19.86,-136.1
2025-08-13T12:56:24.758619,59.0,94.0,-128.0,44.0,-15.0,-122.0,-107.0,44.0,-141.0,-9.0,26.0,-125.0,44.14,64.51,-106.68,42.26,-30.64,-100.53,-97.57,2.3200000000000003,-122.53999999999999,-4.09,18.86,-120.1
2025-08-13T12:56:24.763016,25.0,147.0,-202.0,20.0,-41.0,-221.0,-49.0,11.0,-141.0,-10.0,1.0,-72.0,10.14,117.51,-180.68,18.26,-56.64,-199.53,-39.57,-30.68,-122.53999999999999,-5.09,-6.14,-67.1
2025-08-13T12:56:24.771096,61.0,63.0,-207.0,53.0,-54.0,-157.0,-24.0,-31.0,-109.0,-36.0,-8.0,-54.0,46.14,33.510000000000005,-185.68,51.26,-69.64,-135.53,-14.57,-72.68,-90.53999999999999,-31.09,-15.14,-49.1
2025-08-13T12:56:24.775480,30.0,132.0,-163.0,19.0,3.0,-139.0,-6.0,-50.0,-92.0,-32.0,16.0,-87.0,15.14,102.51,-141.68,17.26,-12.64,-117.53,3.4299999999999997,-91.68,-73.53999999999999,-27.09,8.86,-82.1
2025-08-13T12:56:24.783347,94.0,105.0,-89.0,33.0,-75.0,-162.0,-55.0,26.0,-167.0,-81.0,18.0,-121.0,79.14,75.51,-67.68,31.26,-90.64,-140.53,-45.57,-15.68,-148.54,-76.09,10.86,-116.1
2025-08-13T12:56:24.787670,54.0,50.0,-75.0,51.0,5.0,-152.0,-32.0,25.0,-70.0,-3.0,51.0,-111.0,39.14,20.51,-53.68,49.26,-10.64,-130.53,-22.57,-16.68,-51.54,1.9100000000000001,43.86,-106.1
2025-08-13T12:56:24.795950,54.0,75.0,-176.0,26.0,-7.0,-153.0,-83.0,0.0,-71.0,-33.0,23.0,-130.0,39.14,45.510000000000005,-154.68,24.26,-22.64,-131.53,-73.57,-41.68,-52.54,-28.09,15.86,-125.1
2025-08-13T12:56:24.800628,10.0,85.0,-216.0,39.0,-33.0,-92.0,-59.0,13.0,-196.0,-15.0,-39.0,-138.0,-4.859999999999999,55.510000000000005,-194.68,37.26,-48.64,-70.53,-49.57,-28.68,-177.54,-10.09,-46.14,-133.1
2025-08-13T12:56:24.808559,68.0,103.0,-152.0,10.0,10.0,-114.0,-21.0,-20.0,-167.0,-74.0,-13.0,-106.0,53.14,73.51,-130.68,8.26,-5.640000000000001,-92.53,-11.57,-61.68,-148.54,-69.09,-20.14,-101.1
2025-08-13T12:56:24.813049,-32.0,31.0,-109.0,31.0,-63.0,-107.0,-72.0,39.0,-100.0,-67.0,29.0,-97.0,-46.86,1.5100000000000016,-87.68,29.26,-78.64,-85.53,-62.57,-2.6799999999999997,-81.53999999999999,-62.09,21.86,-92.1
2025-08-13T12:56:24.820854,-12.0,48.0,-83.0,54.0,18.0,-121.0,-50.0,-6.0,-37.0,-29.0,33.0,-152.0,-26.86,18.51,-61.68,52.26,2.3599999999999994,-99.53,-40.57,-47.68,-18.54,-24.09,25.86,-147.1
2025-08-13T12:56:24.825524,-10.0,35.0,-118.0,61.0,22.0,-108.0,-68.0,18.0,-69.0,-32.0,71.0,-136.0,-24.86,5.510000000000002,-96.68,59.26,6.359999999999999,-86.53,-58.57,-23.68,-50.54,-27.09,63.86,-131.1
2025-08-13T12:56:24.833098,-14.0,106.0,-140.0,28.0,-63.0,-109.0,-51.0,-21.0,-131.0,-42.0,32.0,-159.0,-28.86,76.51,-118.68,26.26,-78.64,-87.53,-41.57,-62.68,-112.53999999999999,-37.09,24.86,-154.1
2025-08-13T12:56:24.840942,158.0,62.0,-88.0,16.0,-15.0,-165.0,-57.0,28.0,-196.0,-30.0,52.0,-173.0,143.14,32.510000000000005,-66.68,14.26,-30.64,-143.53,-47.57,-13.68,-177.54,-25.09,44.86,-168.1
2025-08-13T12:56:24.846582,31.0,63.0,-85.0,28.0,-49.0,-185.0,-34.0,8.0,-89.0,-24.0,15.0,-156.0,16.14,33.510000000000005,-63.68,26.26,-64.64,-163.53,-24.57,-33.68,-70.53999999999999,-19.09,7.86,-151.1
2025-08-13T12:56:24.852983,-75.0,1.0,-39.0,-12.0,11.0,-95.0,-69.0,-10.0,-100.0,-54.0,-3.0,-123.0,-89.86,-28.49,-17.68,-13.74,-4.640000000000001,-73.53,-59.57,-51.68,-81.53999999999999,-49.09,-10.14,-118.1
2025-08-13T12:56:24.859418,32.0,53.0,-132.0,86.0,-20.0,-167.0,-63.0,35.0,-80.0,-34.0,-1.0,-152.0,17.14,23.51,-110.68,84.26,-35.64,-145.53,-53.57,-6.68,-61.54,-29.09,-8.14,-147.1
2025-08-13T12:56:24.865270,85.0,60.0,-192.0,64.0,-22.0,-197.0,8.0,-68.0,-153.0,-44.0,49.0,-119.0,70.14,30.51,-170.68,62.26,-37.64,-175.53,17.43,-109.68,-134.54,-39.09,41.86,-114.1
2025-08-13T12:56:24.869965,107.0,69.0,-164.0,-27.0,-95.0,-154.0,-24.0,68.0,-116.0,-48.0,58.0,-130.0,92.14,39.510000000000005,-142.68,-28.74,-110.64,-132.53,-14.57,26.32,-97.53999999999999,-43.09,50.86,-125.1
2025-08-13T12:56:24.877678,52.0,95.0,-82.0,70.0,-4.0,-137.0,-31.0,-25.0,-115.0,-51.0,8.0,-111.0,37.14,65.51,-60.68,68.26,-19.64,-115.53,-21.57,-66.68,-96.53999999999999,-46.09,0.8600000000000003,-106.1
2025-08-13T12:56:24.883219,-21.0,10.0,-115.0,29.0,-85.0,-119.0,-22.0,97.0,-114.0,-30.0,69.0,-185.0,-35.86,-19.49,-93.68,27.26,-100.64,-97.53,-12.57,55.32,-95.53999999999999,-25.09,61.86,-180.1
2025-08-13T12:56:24.889943,36.0,26.0,-121.0,-4.0,-23.0,-140.0,-21.0,-14.0,-106.0,-25.0,63.0,-139.0,21.14,-3.4899999999999984,-99.68,-5.74,-38.64,-118.53,-11.57,-55.68,-87.53999999999999,-20.09,55.86,-134.1
2025-08-13T12:56:24.895542,17.0,53.0,-150.0,-4.0,-41.0,-109.0,-9.0,-65.0,-158.0,-81.0,48.0,-100.0,2.1400000000000006,23.51,-128.68,-5.74,-56.64,-87.53,0.4299999999999997,-106.68,-139.54,-76.09,40.86,-95.1
2025-08-13T12:56:24.902358,54.0,97.0,-76.0,114.0,-8.0,-133.0,-33.0,-44.0,-169.0,-18.0,43.0,-147.0,39.14,67.51,-54.68,112.26,-23.64,-111.53,-23.57,-85.68,-150.54,-13.09,35.86,-142.1
2025-08-13T12:56:24.908605,80.0,11.0,-168.0,19.0,-38.0,-149.0,-13.0,-53.0,-95.0,-64.0,28.0,-109.0,65.14,-18.49,-146.68,17.26,-53.64,-127.53,-3.5700000000000003,-94.68,-76.53999999999999,-59.09,20.86,-104.1
2025-08-13T12:56:24.914736,91.0,-6.0,-127.0,32.0,-39.0,-142.0,-95.0,19.0,-103.0,-53.0,101.0,-137.0,76.14,-35.489999999999995,-105.68,30.26,-54.64,-120.53,-85.57,-22.68,-84.53999999999999,-48.09,93.86,-132.1
2025-08-13T12:56:24.919126,67.0,20.0,-131.0,45.0,47.0,-168.0,-28.0,-14.0,-77.0,-13.0,68.0,-126.0,52.14,-9.489999999999998,-109.68,43.26,31.36,-146.53,-18.57,-55.68,-58.54,-8.09,60.86,-121.1
2025-08-13T12:56:24.928366,74.0,57.0,-37.0,-48.0,-52.0,-139.0,-101.0,56.0,-150.0,-51.0,-19.0,-156.0,59.14,27.51,-15.68,-49.74,-67.64,-117.53,-91.57,14.32,-131.54,-46.09,-26.14,-151.1
2025-08-13T12:56:24.934892,30.0,49.0,-175.0,-6.0,-31.0,-141.0,-27.0,-33.0,-179.0,-67.0,-5.0,-114.0,15.14,19.51,-153.68,-7.74,-46.64,-119.53,-17.57,-74.68,-160.54,-62.09,-12.14,-109.1
2025-08-13T12:56:24.939379,-8.0,109.0,-159.0,56.0,21.0,-134.0,-30.0,16.0,-131.0,-147.0,45.0,-71.0,-22.86,79.51,-137.68,54.26,5.359999999999999,-112.53,-20.57,-25.68,-112.53999999999999,-142.09,37.86,-66.1
2025-08-13T12:56:24.947102,78.0,-1.0,-158.0,21.0,-19.0,-158.0,-69.0,-9.0,-180.0,-53.0,42.0,-132.0,63.14,-30.49,-136.68,19.26,-34.64,-136.53,-59.57,-50.68,-161.54,-48.09,34.86,-127.1
2025-08-13T12:56:24.951707,85.0,65.0,-135.0,0.0,-19.0,-211.0,-23.0,-10.0,-170.0,-21.0,78.0,-153.0,70.14,35.510000000000005,-113.68,-1.74,-34.64,-189.53,-13.57,-51.68,-151.54,-16.09,70.86,-148.1
2025-08-13T12:56:24.959673,40.0,76.0,-169.0,97.0,-52.0,-140.0,12.0,-35.0,-171.0,-14.0,-4.0,-116.0,25.14,46.510000000000005,-147.68,95.26,-67.64,-118.53,21.43,-76.68,-152.54,-9.09,-11.14,-111.1
2025-08-13T12:56:24.964053,33.0,39.0,-109.0,86.0,-27.0,-162.0,-82.0,11.0,-106.0,-55.0,-31.0,-170.0,18.14,9.510000000000002,-87.68,84.26,-42.64,-140.53,-72.57,-30.68,-87.53999999999999,-50.09,-38.14,-165.1
2025-08-13T12:56:24.971764,0.0,58.0,-157.0,63.0,-13.0,-175.0,-31.0,-22.0,-136.0,-31.0,10.0,-96.0,-14.86,28.51,-135.68,61.26,-28.64,-153.53,-21.57,-63.68,-117.53999999999999,-26.09,2.8600000000000003,-91.1
2025-08-13T12:56:24.976468,78.0,113.0,-150.0,10.0,-48.0,-235.0,-6.0,2.0,-34.0,-87.0,74.0,-110.0,63.14,83.51,-128.68,8.26,-63.64,-213.53,3.4299999999999997,-39.68,-15.54,-82.09,66.86,-105.1
2025-08-13T12:56:24.985479,30.0,31.0,-180.0,32.0,-68.0,-163.0,-89.0,-1.0,-148.0,-2.0,14.0,-86.0,15.14,1.5100000000000016,-158.68,30.26,-83.64,-141.53,-79.57,-42.68,-129.54,2.91,6.86,-81.1
2025-08-13T12:56:24.988649,46.0,89.0,-112.0,26.0,-9.0,-122.0,-32.0,-14.0,-142.0,-78.0,73.0,-153.0,31.14,59.510000000000005,-90.68,24.26,-24.64,-100.53,-22.57,-55.68,-123.53999999999999,-73.09,65.86,-148.1
2025-08-13T12:56:24.996644,-8.0,24.0,-141.0,33.0,29.0,-81.0,-91.0,6.0,-110.0,-22.0,40.0,-94.0,-22.86,-5.489999999999998,-119.68,31.26,13.36,-59.53,-81.57,-35.68,-91.53999999999999,-17.09,32.86,-89.1
2025-08-13T12:56:25.001062,83.0,90.0,-68.0,42.0,45.0,-131.0,-63.0,61.0,-177.0,-24.0,56.0,-124.0,68.14,60.510000000000005,-46.68,40.26,29.36,-109.53,-53.57,19.32,-158.54,-19.09,48.86,-119.1
2025-08-13T12:56:25.008791,46.0,-25.0,-128.0,108.0,-23.0,-57.0,-66.0,-46.0,-92.0,-48.0,-19.0,-130.0,31.14,-54.489999999999995,-106.68,106.26,-38.64,-35.53,-56.57,-87.68,-73.53999999999999,-43.09,-26.14,-125.1
2025-08-13T12:56:25.013300,76.0,57.0,-177.0,65.0,59.0,-128.0,-86.0,44.0,-107.0,-60.0,7.0,-67.0,61.14,27.51,-155.68,63.26,43.36,-106.53,-76.57,2.3200000000000003,-88.53999999999999,-55.09,-0.13999999999999968,-62.1
2025-08-13T12:56:25.021000,50.0,39.0,-156.0,11.0,-33.0,-111.0,-21.0,37.0,-59.0,-53.0,9.0,-75.0,35.14,9.510000000000002,-134.68,9.26,-48.64,-89.53,-11.57,-4.68,-40.54,-48.09,1.8600000000000003,-70.1
2025-08-13T12:56:25.025748,42.0,37.0,-150.0,41.0,-22.0,-135.0,6.0,8.0,-88.0,-26.0,41.0,-116.0,27.14,7.510000000000002,-128.68,39.26,-37.64,-113.53,15.43,-33.68,-69.53999999999999,-21.09,33.86,-111.1
2025-08-13T12:56:25.033372,36.0,59.0,-156.0,20.0,52.0,-123.0,-68.0,48.0,-92.0,-5.0,35.0,-98.0,21.14,29.51,-134.68,18.26,36.36,-101.53,-58.57,6.32,-73.53999999999999,-0.08999999999999986,27.86,-93.1
2025-08-13T12:56:25.037775,9.0,103.0,-68.0,2.0,11.0,-106.0,-82.0,-59.0,-107.0,-9.0,55.0,-144.0,-5.859999999999999,73.51,-46.68,0.26,-4.640000000000001,-84.53,-72.57,-100.68,-88.53999999999999,-4.09,47.86,-139.1
2025-08-13T12:56:25.045633,15.0,89.0,-227.0,18.0,-92.0,-168.0,-24.0,59.0,-100.0,-32.0,7.0,-82.0,0.14000000000000057,59.510000000000005,-205.68,16.26,-107.64,-146.53,-14.57,17.32,-81.53999999999999,-27.09,-0.13999999999999968,-77.1
2025-08-13T12:56:25.053587,37.0,76.0,-93.0,-27.0,64.0,-92.0,-89.0,-31.0,-103.0,-93.0,-22.0,-85.0,22.14,46.510000000000005,-71.68,-28.74,48.36,-70.53,-79.57,-72.68,-84.53999999999999,-88.09,-29.14,-80.1
2025-08-13T12:56:25.058003,21.0,32.0,-182.0,14.0,-3.0,-104.0,-39.0,43.0,-88.0,-4.0,51.0,-26.0,6.140000000000001,2.5100000000000016,-160.68,12.26,-18.64,-82.53,-29.57,1.3200000000000003,-69.53999999999999,0.9100000000000001,43.86,-21.1
2025-08-13T12:56:25.062356,26.0,77.0,-103.0,55.0,72.0,-159.0,-44.0,-39.0,-161.0,-55.0,34.0,-5.0,11.14,47.510000000000005,-81.68,53.26,56.36,-137.53,-34.57,-80.68,-142.54,-50.09,26.86,-0.09999999999999964
2025-08-13T12:56:25.070254,1.0,44.0,-78.0,-3.0,-19.0,-102.0,-12.0,2.0,-125.0,-82.0,29.0,-70.0,-13.86,14.510000000000002,-56.68,-4.74,-34.64,-80.53,-2.5700000000000003,-39.68,-106.53999999999999,-77.09,21.86,-65.1
2025-08-13T12:56:25.077833,5.0,-17.0,-48.0,-14.0,17.0,-108.0,-39.0,43.0,-118.0,-3.0,20.0,-87.0,-9.86,-46.489999999999995,-26.68,-15.74,1.3599999999999994,-86.53,-29.57,1.3200000000000003,-99.53999999999999,1.9100000000000001,12.86,-82.1
2025-08-13T12:56:25.082716,47.0,109.0,-69.0,-3.0,10.0,-98.0,-28.0,27.0,-64.0,-31.0,-13.0,-108.0,32.14,79.51,-47.68,-4.74,-5.640000000000001,-76.53,-18.57,-14.68,-45.54,-26.09,-20.14,-103.1
2025-08-13T12:56:25.090416,-52.0,72.0,-151.0,130.0,32.0,-160.0,-61.0,-55.0,-59.0,17.0,23.0,-61.0,-66.86,42.510000000000005,-129.68,128.26,16.36,-138.53,-51.57,-96.68,-40.54,21.91,15.86,-56.1
2025-08-13T12:56:25.095120,48.0,92.0,-168.0,-8.0,28.0,-127.0,-38.0,45.0,-49.0,-112.0,9.0,-81.0,33.14,62.510000000000005,-146.68,-9.74,12.36,-105.53,-28.57,3.3200000000000003,-30.54,-107.09,1.8600000000000003,-76.1
2025-08-13T12:56:25.103039,-16.0,51.0,-63.0,29.0,19.0,-179.0,-68.0,61.0,-118.0,-17.0,15.0,-137.0,-30.86,21.51,-41.68,27.26,3.3599999999999994,-157.53,-58.57,19.32,-99.53999999999999,-12.09,7.86,-132.1
2025-08-13T12:56:25.107407,0.0,36.0,-19.0,9.0,1.0,-63.0,2.0,13.0,-73.0,-8.0,14.0,-121.0,-14.86,6.510000000000002,2.3200000000000003,7.26,-14.64,-41.53,11.43,-28.68,-54.54,-3.09,6.86,-116.1
2025-08-13T12:56:25.111538,46.0,14.0,-8.0,52.0,-81.0,-73.0,-9.0,45.0,-94.0,-6.0,0.0,-85.0,31.14,-15.489999999999998,13.32,50.26,-96.64,-51.53,0.4299999999999997,3.3200000000000003,-75.53999999999999,-1.0899999999999999,-7.14,-80.1
2025-08-13T12:56:25.119681,67.0,53.0,-100.0,4.0,7.0,-131.0,19.0,74.0,-79.0,-9.0,19.0,-120.0,52.14,23.51,-78.68,2.26,-8.64,-109.53,28.43,32.32,-60.54,-4.09,11.86,-115.1
2025-08-13T12:56:25.123818,-12.0,41.0,-94.0,80.0,-95.0,-28.0,33.0,-45.0,-94.0,-48.0,4.0,-78.0,-26.86,11.510000000000002,-72.68,78.26,-110.64,-6.530000000000001,42.43,-86.68,-75.53999999999999,-43.09,-3.1399999999999997,-73.1
2025-08-13T12:56:25.131728,32.0,68.0,-82.0,22.0,-24.0,-81.0,7.0,46.0,-56.0,26.0,44.0,-115.0,17.14,38.510000000000005,-60.68,20.26,-39.64,-59.53,16.43,4.32,-37.54,30.91,36.86,-110.1
2025-08-13T12:56:25.136146,54.0,-44.0,-92.0,57.0,-36.0,-132.0,-19.0,10.0,-34.0,-26.0,64.0,-112.0,39.14,-73.49,-70.68,55.26,-51.64,-110.53,-9.57,-31.68,-15.54,-21.09,56.86,-107.1
2025-08-13T12:56:25.143953,60.0,80.0,-110.0,-14.0,-5.0,-66.0,-44.0,50.0,-57.0,-21.0,47.0,-82.0,45.14,50.510000000000005,-88.68,-15.74,-20.64,-44.53,-34.57,8.32,-38.54,-16.09,39.86,-77.1
2025-08-13T12:56:25.148495,62.0,92.0,-136.0,13.0,38.0,-130.0,-29.0,39.0,-89.0,-61.0,-30.0,-86.0,47.14,62.510000000000005,-114.68,11.26,22.36,-108.53,-19.57,-2.6799999999999997,-70.53999999999999,-56.09,-37.14,-81.1
2025-08-13T12:56:25.156292,-3.0,65.0,-97.0,56.0,22.0,-31.0,-39.0,61.0,-125.0,-62.0,-44.0,12.0,-17.86,35.510000000000005,-75.68,54.26,6.359999999999999,-9.530000000000001,-29.57,19.32,-106.53999999999999,-57.09,-51.14,16.9
2025-08-13T12:56:25.164172,36.0,-12.0,-134.0,-51.0,3.0,-70.0,23.0,43.0,-142.0,-19.0,-19.0,-105.0,21.14,-41.489999999999995,-112.68,-52.74,-12.64,-48.53,32.43,1.3200000000000003,-123.53999999999999,-14.09,-26.14,-100.1
2025-08-13T12:56:25.168836,-18.0,11.0,-81.0,40.0,2.0,-110.0,-47.0,51.0,-71.0,4.0,4.0,-82.0,-32.86,-18.49,-59.68,38.26,-13.64,-88.53,-37.57,9.32,-52.54,8.91,-3.1399999999999997,-77.1
2025-08-13T12:56:25.173866,47.0,83.0,-109.0,-34.0,19.0,-51.0,-38.0,6.0,-72.0,24.0,41.0,-120.0,32.14,53.510000000000005,-87.68,-35.74,3.3599999999999994,-29.53,-28.57,-35.68,-53.54,28.91,33.86,-115.1
2025-08-13T12:56:25.180936,21.0,37.0,-140.0,12.0,14.0,-97.0,-28.0,36.0,-65.0,21.0,24.0,-118.0,6.140000000000001,7.510000000000002,-118.68,10.26,-1.6400000000000006,-75.53,-18.57,-5.68,-46.54,25.91,16.86,-113.1
2025-08-13T12:56:25.185212,0.0,46.0,-57.0,-23.0,43.0,-80.0,-109.0,32.0,-59.0,-26.0,7.0,-58.0,-14.86,16.51,-35.68,-24.74,27.36,-58.53,-99.57,-9.68,-40.54,-21.09,-0.13999999999999968,-53.1
2025-08-13T12:56:25.193415,87.0,102.0,-83.0,-39.0,-29.0,-69.0,-96.0,52.0,-101.0,54.0,7.0,-22.0,72.14,72.51,-61.68,-40.74,-44.64,-47.53,-86.57,10.32,-82.53999999999999,58.91,-0.13999999999999968,-17.1
2025-08-13T12:56:25.197559,-19.0,71.0,-129.0,-6.0,2.0,-68.0,-53.0,90.0,-63.0,4.0,28.0,-35.0,-33.86,41.510000000000005,-107.68,-7.74,-13.64,-46.53,-43.57,48.32,-44.54,8.91,20.86,-30.1
2025-08-13T12:56:25.205747,28.0,69.0,-155.0,71.0,-18.0,-100.0,-3.0,65.0,-44.0,-68.0,-21.0,9.0,13.14,39.510000000000005,-133.68,69.26,-33.64,-78.53,6.43,23.32,-25.54,-63.09,-28.14,13.9
2025-08-13T12:56:25.209833,63.0,95.0,-102.0,10.0,42.0,-86.0,8.0,77.0,-79.0,-27.0,12.0,-93.0,48.14,65.51,-80.68,8.26,26.36,-64.53,17.43,35.32,-60.54,-22.09,4.86,-88.1
2025-08-13T12:56:25.217841,-16.0,-16.0,-137.0,17.0,-4.0,-30.0,19.0,25.0,-36.0,21.0,83.0,-125.0,-30.86,-45.489999999999995,-115.68,15.26,-19.64,-8.530000000000001,28.43,-16.68,-17.54,25.91,75.86,-120.1
2025-08-13T12:56:25.222078,51.0,2.0,-27.0,30.0,53.0,-67.0,1.0,-3.0,-23.0,69.0,53.0,-108.0,36.14,-27.49,-5.68,28.26,37.36,-45.53,10.43,-44.68,-4.539999999999999,73.91,45.86,-103.1
2025-08-13T12:56:25.230159,40.0,43.0,-49.0,42.0,22.0,-67.0,-50.0,33.0,-53.0,-44.0,48.0,-90.0,25.14,13.510000000000002,-27.68,40.26,6.359999999999999,-45.53,-40.57,-8.68,-34.54,-39.09,40.86,-85.1
2025-08-13T12:56:25.234427,-6.0,51.0,-50.0,27.0,64.0,-45.0,-40.0,30.0,-42.0,11.0,68.0,-58.0,-20.86,21.51,-28.68,25.26,48.36,-23.53,-30.57,-11.68,-23.54,15.91,60.86,-53.1
2025-08-13T12:56:25.242377,37.0,11.0,-53.0,-35.0,-4.0,-67.0,-59.0,-21.0,-134.0,11.0,18.0,-22.0,22.14,-18.49,-31.68,-36.74,-19.64,-45.53,-49.57,-62.68,-115.53999999999999,15.91,10.86,-17.1
2025-08-13T12:56:25.246666,41.0,104.0,-126.0,57.0,-1.0,-79.0,-14.0,55.0,-85.0,0.0,6.0,-10.0,26.14,74.51,-104.68,55.26,-16.64,-57.53,-4.57,13.32,-66.53999999999999,4.91,-1.1399999999999997,-5.1
2025-08-13T12:56:25.254804,6.0,43.0,-70.0,10.0,-7.0,-68.0,-3.0,101.0,-72.0,-69.0,11.0,-83.0,-8.86,13.510000000000002,-48.68,8.26,-22.64,-46.53,6.43,59.32,-53.54,-64.09,3.8600000000000003,-78.1
2025-08-13T12:56:25.259139,39.0,78.0,-81.0,40.0,23.0,-47.0,-15.0,58.0,-28.0,11.0,31.0,-69.0,24.14,48.510000000000005,-59.68,38.26,7.359999999999999,-25.53,-5.57,16.32,-9.54,15.91,23.86,-64.1
2025-08-13T12:56:25.267026,-34.0,-22.0,-96.0,21.0,50.0,-101.0,-1.0,69.0,-1.0,-31.0,11.0,-24.0,-48.86,-51.489999999999995,-74.68,19.26,34.36,-79.53,8.43,27.32,17.46,-26.09,3.8600000000000003,-19.1
2025-08-13T12:56:25.271467,-41.0,38.0,-107.0,-5.0,58.0,-74.0,2.0,0.0,-34.0,-92.0,53.0,-91.0,-55.86,8.510000000000002,-85.68,-6.74,42.36,-52.53,11.43,-41.68,-15.54,-87.09,45.86,-86.1
2025-08-13T12:56:25.279284,2.0,42.0,-35.0,6.0,15.0,-52.0,42.0,41.0,-85.0,-68.0,15.0,-67.0,-12.86,12.510000000000002,-13.68,4.26,-0.6400000000000006,-30.53,51.43,-0.6799999999999997,-66.53999999999999,-63.09,7.86,-62.1
2025-08-13T12:56:25.283719,-61.0,6.0,-38.0,-37.0,-30.0,-104.0,-71.0,86.0,-61.0,-58.0,89.0,-21.0,-75.86,-23.49,-16.68,-38.74,-45.64,-82.53,-61.57,44.32,-42.54,-53.09,81.86,-16.1
2025-08-13T12:56:25.291394,41.0,42.0,-138.0,-11.0,51.0,6.0,-8.0,36.0,-31.0,24.0,64.0,-71.0,26.14,12.510000000000002,-116.68,-12.74,35.36,27.47,1.4299999999999997,-5.68,-12.54,28.91,56.86,-66.1
2025-08-13T12:56:25.296050,33.0,88.0,-86.0,7.0,-21.0,-111.0,-1.0,38.0,-19.0,-67.0,-50.0,-57.0,18.14,58.510000000000005,-64.68,5.26,-36.64,-89.53,8.43,-3.6799999999999997,-0.5399999999999991,-62.09,-57.14,-52.1
2025-08-13T12:56:25.303837,-54.0,111.0,-52.0,13.0,41.0,-61.0,1.0,30.0,-38.0,-85.0,17.0,-8.0,-68.86,81.51,-30.68,11.26,25.36,-39.53,10.43,-11.68,-19.54,-80.09,9.86,-3.0999999999999996
2025-08-13T12:56:25.308197,20.0,60.0,-68.0,12.0,24.0,-131.0,-72.0,93.0,-73.0,-76.0,50.0,-56.0,5.140000000000001,30.51,-46.68,10.26,8.36,-109.53,-62.57,51.32,-54.54,-71.09,42.86,-51.1
2025-08-13T12:56:25.316059,-8.0,27.0,-122.0,19.0,15.0,-21.0,-30.0,18.0,-20.0,18.0,-14.0,-84.0,-22.86,-2.4899999999999984,-100.68,17.26,-0.6400000000000006,0.46999999999999886,-20.57,-23.68,-1.5399999999999991,22.91,-21.14,-79.1
2025-08-13T12:56:25.320599,39.0,-47.0,-4.0,49.0,-22.0,-51.0,-23.0,15.0,-32.0,42.0,2.0,-91.0,24.14,-76.49,17.32,47.26,-37.64,-29.53,-13.57,-26.68,-13.54,46.91,-5.14,-86.1
2025-08-13T12:56:25.328600,-2.0,-10.0,-72.0,-10.0,-51.0,-75.0,-27.0,-5.0,-54.0,-57.0,60.0,-34.0,-16.86,-39.489999999999995,-50.68,-11.74,-66.64,-53.53,-17.57,-46.68,-35.54,-52.09,52.86,-29.1
2025-08-13T12:56:25.332865,20.0,-8.0,-68.0,80.0,27.0,-107.0,-13.0,86.0,-73.0,-50.0,26.0,-42.0,5.140000000000001,-37.489999999999995,-46.68,78.26,11.36,-85.53,-3.5700000000000003,44.32,-54.54,-45.09,18.86,-37.1
2025-08-13T12:56:25.340843,-59.0,52.0,-1.0,60.0,-67.0,-60.0,-5.0,39.0,-53.0,47.0,-27.0,-48.0,-73.86,22.51,20.32,58.26,-82.64,-38.53,4.43,-2.6799999999999997,-34.54,51.91,-34.14,-43.1
2025-08-13T12:56:25.345483,35.0,126.0,-15.0,11.0,30.0,-75.0,22.0,77.0,-45.0,-22.0,-70.0,-35.0,20.14,96.51,6.32,9.26,14.36,-53.53,31.43,35.32,-26.54,-17.09,-77.14,-30.1
2025-08-13T12:56:25.353021,7.0,90.0,-49.0,52.0,-8.0,-62.0,7.0,46.0,-109.0,-17.0,79.0,-39.0,-7.859999999999999,60.510000000000005,-27.68,50.26,-23.64,-40.53,16.43,4.32,-90.53999999999999,-12.09,71.86,-34.1
2025-08-13T12:56:25.357524,-12.0,35.0,-122.0,64.0,50.0,-28.0,8.0,92.0,15.0,-37.0,51.0,-51.0,-26.86,5.510000000000002,-100.68,62.26,34.36,-6.530000000000001,17.43,50.32,33.46,-32.09,43.86,-46.1
2025-08-13T12:56:25.365429,-9.0,61.0,-66.0,9.0,-35.0,-18.0,-60.0,51.0,-18.0,-35.0,113.0,-15.0,-23.86,31.51,-44.68,7.26,-50.64,3.469999999999999,-50.57,9.32,0.46000000000000085,-30.09,105.86,-10.1
2025-08-13T12:56:25.369912,-5.0,42.0,-77.0,0.0,88.0,-89.0,12.0,65.0,-85.0,-1.0,29.0,-39.0,-19.86,12.510000000000002,-55.68,-1.74,72.36,-67.53,21.43,23.32,-66.53999999999999,3.91,21.86,-34.1
2025-08-13T12:56:25.377679,61.0,62.0,-88.0,-39.0,-18.0,-34.0,40.0,22.0,-13.0,-28.0,101.0,-66.0,46.14,32.510000000000005,-66.68,-40.74,-33.64,-12.530000000000001,49.43,-19.68,5.460000000000001,-23.09,93.86,-61.1
2025-08-13T12:56:25.382070,5.0,-2.0,-152.0,-32.0,3.0,-16.0,34.0,38.0,-49.0,-8.0,17.0,-41.0,-9.86,-31.49,-130.68,-33.74,-12.64,5.469999999999999,43.43,-3.6799999999999997,-30.54,-3.09,9.86,-36.1
2025-08-13T12:56:25.389661,13.0,75.0,-85.0,2.0,-20.0,-56.0,39.0,57.0,-20.0,33.0,17.0,9.0,-1.8599999999999994,45.510000000000005,-63.68,0.26,-35.64,-34.53,48.43,15.32,-1.5399999999999991,37.91,9.86,13.9
2025-08-13T12:56:25.394381,18.0,80.0,-82.0,-5.0,-9.0,-11.0,60.0,28.0,-32.0,-48.0,77.0,-79.0,3.1400000000000006,50.510000000000005,-60.68,-6.74,-24.64,10.469999999999999,69.43,-13.68,-13.54,-43.09,69.86,-74.1
2025-08-13T12:56:25.402036,61.0,71.0,-62.0,72.0,-2.0,-67.0,-54.0,-18.0,-34.0,-22.0,67.0,-50.0,46.14,41.510000000000005,-40.68,70.26,-17.64,-45.53,-44.57,-59.68,-15.54,-17.09,59.86,-45.1
2025-08-13T12:56:25.406758,28.0,99.0,-100.0,-21.0,9.0,-60.0,6.0,25.0,-49.0,-21.0,-30.0,-13.0,13.14,69.51,-78.68,-22.74,-6.640000000000001,-38.53,15.43,-16.68,-30.54,-16.09,-37.14,-8.1
2025-08-13T12:56:25.414135,16.0,46.0,-75.0,6.0,-12.0,-69.0,8.0,53.0,-23.0,-76.0,11.0,-11.0,1.1400000000000006,16.51,-53.68,4.26,-27.64,-47.53,17.43,11.32,-4.539999999999999,-71.09,3.8600000000000003,-6.1
2025-08-13T12:56:25.418690,120.0,105.0,-46.0,-18.0,25.0,-44.0,-61.0,38.0,-38.0,-10.0,38.0,15.0,105.14,75.51,-24.68,-19.74,9.36,-22.53,-51.57,-3.6799999999999997,-19.54,-5.09,30.86,19.9
2025-08-13T12:56:25.427130,43.0,51.0,-111.0,20.0,16.0,-25.0,-86.0,41.0,-97.0,-76.0,24.0,-68.0,28.14,21.51,-89.68,18.26,0.35999999999999943,-3.530000000000001,-76.57,-0.6799999999999997,-78.53999999999999,-71.09,16.86,-63.1
2025-08-13T12:56:25.434882,70.0,59.0,-51.0,5.0,-6.0,-49.0,27.0,94.0,-44.0,-36.0,17.0,-22.0,55.14,29.51,-29.68,3.26,-21.64,-27.53,36.43,52.32,-25.54,-31.09,9.86,-17.1
2025-08-13T12:56:25.442319,35.0,-3.0,-19.0,-22.0,35.0,-13.0,29.0,12.0,-51.0,52.0,54.0,-41.0,20.14,-32.489999999999995,2.3200000000000003,-23.74,19.36,8.469999999999999,38.43,-29.68,-32.54,56.91,46.86,-36.1
2025-08-13T12:56:25.447239,35.0,66.0,-66.0,32.0,80.0,-16.0,51.0,27.0,12.0,-59.0,76.0,-4.0,20.14,36.510000000000005,-44.68,30.26,64.36,5.469999999999999,60.43,-14.68,30.46,-54.09,68.86,0.9000000000000004
2025-08-13T12:56:25.451367,-58.0,68.0,56.0,-75.0,-35.0,-88.0,10.0,36.0,20.0,76.0,71.0,-95.0,-72.86,38.510000000000005,77.32,-76.74,-50.64,-66.53,19.43,-5.68,38.46,80.91,63.86,-90.1
2025-08-13T12:56:25.455339,-20.0,-25.0,-86.0,-9.0,-19.0,-29.0,-18.0,69.0,-54.0,36.0,20.0,-86.0,-34.86,-54.489999999999995,-64.68,-10.74,-34.64,-7.530000000000001,-8.57,27.32,-35.54,40.91,12.86,-81.1
2025-08-13T12:56:25.463266,21.0,130.0,12.0,98.0,33.0,-105.0,-34.0,27.0,-38.0,-17.0,58.0,-27.0,6.140000000000001,100.51,33.32,96.26,17.36,-83.53,-24.57,-14.68,-19.54,-12.09,50.86,-22.1
2025-08-13T12:56:25.467471,-23.0,68.0,-11.0,47.0,22.0,-96.0,33.0,38.0,-89.0,-17.0,25.0,-44.0,-37.86,38.510000000000005,10.32,45.26,6.359999999999999,-74.53,42.43,-3.6799999999999997,-70.53999999999999,-12.09,17.86,-39.1
2025-08-13T12:56:25.475452,19.0,97.0,18.0,51.0,-2.0,-67.0,38.0,49.0,-63.0,-63.0,66.0,-41.0,4.140000000000001,67.51,39.32,49.26,-17.64,-45.53,47.43,7.32,-44.54,-58.09,58.86,-36.1
2025-08-13T12:56:25.479833,-19.0,57.0,-26.0,44.0,-13.0,-48.0,-26.0,137.0,-41.0,-30.0,-22.0,-100.0,-33.86,27.51,-4.68,42.26,-28.64,-26.53,-16.57,95.32,-22.54,-25.09,-29.14,-95.1
2025-08-13T12:56:25.487879,-6.0,51.0,-99.0,-41.0,-2.0,-17.0,-12.0,15.0,-33.0,11.0,-15.0,-44.0,-20.86,21.51,-77.68,-42.74,-17.64,4.469999999999999,-2.5700000000000003,-26.68,-14.54,15.91,-22.14,-39.1
2025-08-13T12:56:25.492060,47.0,59.0,-20.0,42.0,22.0,-27.0,-6.0,58.0,-79.0,-100.0,-43.0,-49.0,32.14,29.51,1.3200000000000003,40.26,6.359999999999999,-5.530000000000001,3.4299999999999997,16.32,-60.54,-95.09,-50.14,-44.1
2025-08-13T12:56:25.500007,91.0,18.0,-49.0,25.0,19.0,-54.0,-19.0,-21.0,-81.0,6.0,22.0,27.0,76.14,-11.489999999999998,-27.68,23.26,3.3599999999999994,-32.53,-9.57,-62.68,-62.54,10.91,14.86,31.9
2025-08-13T12:56:25.504534,-20.0,44.0,-77.0,38.0,77.0,-63.0,-38.0,-9.0,19.0,14.0,-5.0,-48.0,-34.86,14.510000000000002,-55.68,36.26,61.36,-41.53,-28.57,-50.68,37.46,18.91,-12.14,-43.1
2025-08-13T12:56:25.508370,38.0,90.0,-85.0,13.0,-6.0,-35.0,18.0,-50.0,-17.0,28.0,65.0,-92.0,23.14,60.510000000000005,-63.68,11.26,-21.64,-13.530000000000001,27.43,-91.68,1.4600000000000009,32.91,57.86,-87.1
2025-08-13T12:56:25.516532,66.0,43.0,-42.0,7.0,3.0,-56.0,7.0,-3.0,-28.0,-49.0,20.0,-4.0,51.14,13.510000000000002,-20.68,5.26,-12.64,-34.53,16.43,-44.68,-9.54,-44.09,12.86,0.9000000000000004
2025-08-13T12:56:25.520684,77.0,32.0,-63.0,4.0,-54.0,-8.0,19.0,33.0,-36.0,11.0,54.0,-109.0,62.14,2.5100000000000016,-41.68,2.26,-69.64,13.469999999999999,28.43,-8.68,-17.54,15.91,46.86,-104.1
2025-08-13T12:56:25.528898,10.0,129.0,-82.0,78.0,52.0,1.0,51.0,-15.0,-18.0,18.0,43.0,-32.0,-4.859999999999999,99.51,-60.68,76.26,36.36,22.47,60.43,-56.68,0.46000000000000085,22.91,35.86,-27.1
2025-08-13T12:56:25.533028,11.0,36.0,-72.0,48.0,18.0,-91.0,6.0,4.0,-81.0,31.0,46.0,-78.0,-3.8599999999999994,6.510000000000002,-50.68,46.26,2.3599999999999994,-69.53,15.43,-37.68,-62.54,35.91,38.86,-73.1
2025-08-13T12:56:25.541326,-6.0,-10.0,-40.0,45.0,3.0,-117.0,-18.0,-3.0,-18.0,-35.0,-19.0,-31.0,-20.86,-39.489999999999995,-18.68,43.26,-12.64,-95.53,-8.57,-44.68,0.46000000000000085,-30.09,-26.14,-26.1
2025-08-13T12:56:25.545373,47.0,42.0,-78.0,-5.0,-13.0,-75.0,-13.0,-28.0,11.0,0.0,-54.0,-25.0,32.14,12.510000000000002,-56.68,-6.74,-28.64,-53.53,-3.5700000000000003,-69.68,29.46,4.91,-61.14,-20.1
2025-08-13T12:56:25.554788,2.0,44.0,-10.0,7.0,15.0,-37.0,-12.0,49.0,-49.0,18.0,-33.0,-64.0,-12.86,14.510000000000002,11.32,5.26,-0.6400000000000006,-15.530000000000001,-2.5700000000000003,7.32,-30.54,22.91,-40.14,-59.1
2025-08-13T12:56:25.558953,18.0,23.0,-88.0,-9.0,-1.0,-14.0,-12.0,9.0,19.0,-6.0,-1.0,-30.0,3.1400000000000006,-6.489999999999998,-66.68,-10.74,-16.64,7.469999999999999,-2.5700000000000003,-32.68,37.46,-1.0899999999999999,-8.14,-25.1
2025-08-13T12:56:25.565926,56.0,3.0,-32.0,5.0,-40.0,-107.0,-36.0,48.0,-15.0,19.0,18.0,-30.0,41.14,-26.49,-10.68,3.26,-55.64,-85.53,-26.57,6.32,3.460000000000001,23.91,10.86,-25.1
2025-08-13T12:56:25.570712,-7.0,23.0,-48.0,44.0,-9.0,-82.0,-80.0,33.0,-30.0,-69.0,-39.0,-18.0,-21.86,-6.489999999999998,-26.68,42.26,-24.64,-60.53,-70.57,-8.68,-11.54,-64.09,-46.14,-13.1
2025-08-13T12:56:25.578070,58.0,96.0,-95.0,10.0,68.0,-55.0,-13.0,3.0,-19.0,1.0,20.0,6.0,43.14,66.51,-73.68,8.26,52.36,-33.53,-3.5700000000000003,-38.68,-0.5399999999999991,5.91,12.86,10.9
2025-08-13T12:56:25.582935,6.0,11.0,-48.0,-11.0,9.0,-38.0,-60.0,40.0,8.0,10.0,15.0,-45.0,-8.86,-18.49,-26.68,-12.74,-6.640000000000001,-16.53,-50.57,-1.6799999999999997,26.46,14.91,7.86,-40.1
2025-08-13T12:56:25.590653,7.0,23.0,-69.0,-39.0,-29.0,-36.0,-7.0,41.0,57.0,-23.0,-44.0,-17.0,-7.859999999999999,-6.489999999999998,-47.68,-40.74,-44.64,-14.530000000000001,2.4299999999999997,-0.6799999999999997,75.46000000000001,-18.09,-51.14,-12.1
2025-08-13T12:56:25.595053,5.0,28.0,-68.0,-15.0,11.0,-43.0,-56.0,-4.0,8.0,-18.0,23.0,23.0,-9.86,-1.4899999999999984,-46.68,-16.74,-4.640000000000001,-21.53,-46.57,-45.68,26.46,-13.09,15.86,27.9
2025-08-13T12:56:25.602721,69.0,1.0,-110.0,54.0,-2.0,-20.0,-6.0,56.0,-11.0,-35.0,20.0,32.0,54.14,-28.49,-88.68,52.26,-17.64,1.4699999999999989,3.4299999999999997,14.32,7.460000000000001,-30.09,12.86,36.9
2025-08-13T12:56:25.607388,78.0,22.0,-81.0,34.0,-17.0,2.0,-28.0,45.0,-36.0,-25.0,6.0,-70.0,63.14,-7.489999999999998,-59.68,32.26,-32.64,23.47,-18.57,3.3200000000000003,-17.54,-20.09,-1.1399999999999997,-65.1
2025-08-13T12:56:25.614720,39.0,-42.0,-32.0,44.0,54.0,-72.0,-16.0,-13.0,-41.0,2.0,45.0,25.0,24.14,-71.49,-10.68,42.26,38.36,-50.53,-6.57,-54.68,-22.54,6.91,37.86,29.9
2025-08-13T12:56:25.619746,12.0,24.0,-90.0,-1.0,38.0,-91.0,-3.0,39.0,-57.0,58.0,-80.0,14.0,-2.8599999999999994,-5.489999999999998,-68.68,-2.74,22.36,-69.53,6.43,-2.6799999999999997,-38.54,62.91,-87.14,18.9
2025-08-13T12:56:25.624988,-6.0,48.0,46.0,-8.0,60.0,-38.0,-88.0,76.0,-10.0,-11.0,22.0,-56.0,-20.86,18.51,67.32,-9.74,44.36,-16.53,-78.57,34.32,8.46,-6.09,14.86,-51.1
2025-08-13T12:56:25.632230,87.0,-44.0,-42.0,1.0,14.0,-47.0,-39.0,-18.0,-47.0,-49.0,-33.0,-49.0,72.14,-73.49,-20.68,-0.74,-1.6400000000000006,-25.53,-29.57,-59.68,-28.54,-44.09,-40.14,-44.1
2025-08-13T12:56:25.639593,9.0,27.0,-31.0,-51.0,25.0,-16.0,-19.0,-23.0,-26.0,-21.0,-3.0,-10.0,-5.859999999999999,-2.4899999999999984,-9.68,-52.74,9.36,5.469999999999999,-9.57,-64.68,-7.539999999999999,-16.09,-10.14,-5.1
2025-08-13T12:56:25.644286,-45.0,103.0,-61.0,-47.0,55.0,-118.0,-37.0,123.0,-108.0,-10.0,-29.0,-27.0,-59.86,73.51,-39.68,-48.74,39.36,-96.53,-27.57,81.32,-89.53999999999999,-5.09,-36.14,-22.1
2025-08-13T12:56:25.649198,-28.0,47.0,-26.0,20.0,-9.0,-16.0,14.0,49.0,-47.0,-5.0,-8.0,0.0,-42.86,17.51,-4.68,18.26,-24.64,5.469999999999999,23.43,7.32,-28.54,-0.08999999999999986,-15.14,4.9
2025-08-13T12:56:25.656284,-9.0,57.0,36.0,-9.0,59.0,-93.0,-34.0,44.0,12.0,27.0,24.0,-13.0,-23.86,27.51,57.32,-10.74,43.36,-71.53,-24.57,2.3200000000000003,30.46,31.91,16.86,-8.1
2025-08-13T12:56:25.661348,31.0,77.0,-16.0,0.0,-34.0,-72.0,-23.0,17.0,-19.0,2.0,-7.0,-40.0,16.14,47.510000000000005,5.32,-1.74,-49.64,-50.53,-13.57,-24.68,-0.5399999999999991,6.91,-14.14,-35.1
2025-08-13T12:56:25.668807,-23.0,117.0,-20.0,-48.0,22.0,-72.0,-34.0,39.0,-47.0,18.0,9.0,-67.0,-37.86,87.51,1.3200000000000003,-49.74,6.359999999999999,-50.53,-24.57,-2.6799999999999997,-28.54,22.91,1.8600000000000003,-62.1
2025-08-13T12:56:25.677083,-30.0,78.0,-48.0,23.0,37.0,8.0,-33.0,31.0,-66.0,-23.0,-17.0,-24.0,-44.86,48.510000000000005,-26.68,21.26,21.36,29.47,-23.57,-10.68,-47.54,-18.09,-24.14,-19.1
2025-08-13T12:56:25.682777,4.0,66.0,-61.0,94.0,48.0,-5.0,-30.0,53.0,-19.0,-4.0,-17.0,-17.0,-10.86,36.510000000000005,-39.68,92.26,32.36,16.47,-20.57,11.32,-0.5399999999999991,0.9100000000000001,-24.14,-12.1
2025-08-13T12:56:25.686535,-12.0,-9.0,-19.0,-43.0,-32.0,46.0,39.0,46.0,-31.0,-21.0,52.0,-41.0,-26.86,-38.489999999999995,2.3200000000000003,-44.74,-47.64,67.47,48.43,4.32,-12.54,-16.09,44.86,-36.1
2025-08-13T12:56:25.692822,-4.0,19.0,-59.0,-2.0,-8.0,17.0,-10.0,22.0,-43.0,-43.0,-23.0,-43.0,-18.86,-10.489999999999998,-37.68,-3.74,-23.64,38.47,-0.5700000000000003,-19.68,-24.54,-38.09,-30.14,-38.1
2025-08-13T12:56:25.697053,97.0,47.0,-57.0,49.0,-28.0,-59.0,34.0,15.0,-52.0,5.0,-37.0,20.0,82.14,17.51,-35.68,47.26,-43.64,-37.53,43.43,-26.68,-33.54,9.91,-44.14,24.9
2025-08-13T12:56:25.705363,-14.0,26.0,-44.0,-11.0,2.0,-27.0,-18.0,28.0,-15.0,28.0,59.0,38.0,-28.86,-3.4899999999999984,-22.68,-12.74,-13.64,-5.530000000000001,-8.57,-13.68,3.460000000000001,32.91,51.86,42.9
2025-08-13T12:56:25.709430,-8.0,9.0,-51.0,8.0,-30.0,-97.0,-42.0,-8.0,-27.0,-44.0,28.0,-32.0,-22.86,-20.49,-29.68,6.26,-45.64,-75.53,-32.57,-49.68,-8.54,-39.09,20.86,-27.1
2025-08-13T12:56:25.717806,-51.0,77.0,17.0,-8.0,31.0,-101.0,-46.0,-13.0,-11.0,-19.0,16.0,-29.0,-65.86,47.510000000000005,38.32,-9.74,15.36,-79.53,-36.57,-54.68,7.460000000000001,-14.09,8.86,-24.1
2025-08-13T12:56:25.721720,-26.0,44.0,-13.0,-23.0,29.0,-46.0,8.0,24.0,41.0,-36.0,-14.0,-25.0,-40.86,14.510000000000002,8.32,-24.74,13.36,-24.53,17.43,-17.68,59.46,-31.09,-21.14,-20.1
2025-08-13T12:56:25.729855,3.0,70.0,-6.0,78.0,6.0,-50.0,-37.0,17.0,65.0,46.0,15.0,-61.0,-11.86,40.510000000000005,15.32,76.26,-9.64,-28.53,-27.57,-24.68,83.46000000000001,50.91,7.86,-56.1
2025-08-13T12:56:25.733971,-3.0,30.0,-7.0,25.0,-3.0,-109.0,-48.0,31.0,1.0,-29.0,-58.0,-30.0,-17.86,0.5100000000000016,14.32,23.26,-18.64,-87.53,-38.57,-10.68,19.46,-24.09,-65.14,-25.1
2025-08-13T12:56:25.742087,32.0,23.0,-32.0,-2.0,48.0,-40.0,-71.0,44.0,-11.0,19.0,-6.0,-38.0,17.14,-6.489999999999998,-10.68,-3.74,32.36,-18.53,-61.57,2.3200000000000003,7.460000000000001,23.91,-13.14,-33.1
2025-08-13T12:56:25.746173,-6.0,36.0,40.0,-5.0,35.0,-20.0,-13.0,36.0,15.0,32.0,42.0,-47.0,-20.86,6.510000000000002,61.32,-6.74,19.36,1.4699999999999989,-3.5700000000000003,-5.68,33.46,36.91,34.86,-42.1
2025-08-13T12:56:25.754119,82.0,30.0,-28.0,17.0,9.0,-11.0,-83.0,76.0,-64.0,80.0,-38.0,30.0,67.14,0.5100000000000016,-6.68,15.26,-6.640000000000001,10.469999999999999,-73.57,34.32,-45.54,84.91,-45.14,34.9
2025-08-13T12:56:25.758579,-48.0,45.0,-7.0,38.0,-7.0,12.0,14.0,72.0,-25.0,-34.0,31.0,-3.0,-62.86,15.510000000000002,14.32,36.26,-22.64,33.47,23.43,30.32,-6.539999999999999,-29.09,23.86,1.9000000000000004
2025-08-13T12:56:25.766499,-27.0,34.0,4.0,-2.0,16.0,-20.0,27.0,83.0,-26.0,18.0,-16.0,-52.0,-41.86,4.510000000000002,25.32,-3.74,0.35999999999999943,1.4699999999999989,36.43,41.32,-7.539999999999999,22.91,-23.14,-47.1
2025-08-13T12:56:25.770898,19.0,34.0,-12.0,8.0,1.0,-59.0,30.0,3.0,11.0,36.0,21.0,-34.0,4.140000000000001,4.510000000000002,9.32,6.26,-14.64,-37.53,39.43,-38.68,29.46,40.91,13.86,-29.1
2025-08-13T12:56:25.778577,9.0,49.0,-50.0,5.0,26.0,-57.0,1.0,79.0,-63.0,-34.0,8.0,31.0,-5.859999999999999,19.51,-28.68,3.26,10.36,-35.53,10.43,37.32,-44.54,-29.09,0.8600000000000003,35.9
2025-08-13T12:56:25.783117,1.0,61.0,-54.0,-2.0,25.0,-57.0,6.0,50.0,-15.0,14.0,-15.0,-11.0,-13.86,31.51,-32.68,-3.74,9.36,-35.53,15.43,8.32,3.460000000000001,18.91,-22.14,-6.1
2025-08-13T12:56:25.790799,50.0,109.0,-73.0,28.0,40.0,0.0,-37.0,5.0,-69.0,66.0,4.0,33.0,35.14,79.51,-51.68,26.26,24.36,21.47,-27.57,-36.68,-50.54,70.91,-3.1399999999999997,37.9
2025-08-13T12:56:25.795324,45.0,71.0,-26.0,12.0,64.0,-41.0,34.0,-1.0,-56.0,-68.0,17.0,-91.0,30.14,41.510000000000005,-4.68,10.26,48.36,-19.53,43.43,-42.68,-37.54,-63.09,9.86,-86.1
2025-08-13T12:56:25.805007,-27.0,128.0,-23.0,16.0,18.0,-77.0,20.0,-10.0,12.0,-5.0,56.0,11.0,-41.86,98.51,-1.6799999999999997,14.26,2.3599999999999994,-55.53,29.43,-51.68,30.46,-0.08999999999999986,48.86,15.9
2025-08-13T12:56:25.811947,-5.0,61.0,-47.0,-3.0,-9.0,-89.0,32.0,83.0,24.0,-16.0,58.0,-62.0,-19.86,31.51,-25.68,-4.74,-24.64,-67.53,41.43,41.32,42.46,-11.09,50.86,-57.1
2025-08-13T12:56:25.815604,67.0,12.0,-58.0,17.0,35.0,-34.0,-23.0,95.0,38.0,28.0,-1.0,-22.0,52.14,-17.49,-36.68,15.26,19.36,-12.530000000000001,-13.57,53.32,56.46,32.91,-8.14,-17.1
2025-08-13T12:56:25.819903,24.0,34.0,-25.0,49.0,34.0,-45.0,-47.0,52.0,-25.0,42.0,58.0,-39.0,9.14,4.510000000000002,-3.6799999999999997,47.26,18.36,-23.53,-37.57,10.32,-6.539999999999999,46.91,50.86,-34.1
2025-08-13T12:56:25.824328,31.0,57.0,40.0,5.0,37.0,-79.0,-37.0,28.0,6.0,22.0,106.0,83.0,16.14,27.51,61.32,3.26,21.36,-57.53,-27.57,-13.68,24.46,26.91,98.86,87.9
2025-08-13T12:56:25.832326,-10.0,-17.0,-18.0,10.0,89.0,11.0,-5.0,65.0,-22.0,65.0,44.0,-33.0,-24.86,-46.489999999999995,3.3200000000000003,8.26,73.36,32.47,4.43,23.32,-3.539999999999999,69.91,36.86,-28.1
2025-08-13T12:56:25.836284,-27.0,50.0,-74.0,32.0,4.0,13.0,22.0,44.0,-22.0,57.0,-25.0,29.0,-41.86,20.51,-52.68,30.26,-11.64,34.47,31.43,2.3200000000000003,-3.539999999999999,61.91,-32.14,33.9
2025-08-13T12:56:25.844545,9.0,102.0,-22.0,23.0,18.0,-31.0,-41.0,68.0,-47.0,-28.0,11.0,39.0,-5.859999999999999,72.51,-0.6799999999999997,21.26,2.3599999999999994,-9.530000000000001,-31.57,26.32,-28.54,-23.09,3.8600000000000003,43.9
2025-08-13T12:56:25.852306,-22.0,-32.0,-69.0,-28.0,-17.0,19.0,39.0,20.0,-29.0,-39.0,58.0,62.0,-36.86,-61.489999999999995,-47.68,-29.74,-32.64,40.47,48.43,-21.68,-10.54,-34.09,50.86,66.9
2025-08-13T12:56:25.856761,121.0,41.0,-91.0,19.0,15.0,-52.0,1.0,26.0,-9.0,-20.0,10.0,50.0,106.14,11.510000000000002,-69.68,17.26,-0.6400000000000006,-30.53,10.43,-15.68,9.46,-15.09,2.8600000000000003,54.9
2025-08-13T12:56:25.860917,-2.0,35.0,-17.0,-1.0,26.0,-40.0,-17.0,130.0,-68.0,8.0,65.0,-50.0,-16.86,5.510000000000002,4.32,-2.74,10.36,-18.53,-7.57,88.32,-49.54,12.91,57.86,-45.1
2025-08-13T12:56:25.869095,76.0,-21.0,-23.0,-19.0,11.0,13.0,53.0,54.0,-37.0,-16.0,-4.0,-30.0,61.14,-50.489999999999995,-1.6799999999999997,-20.74,-4.640000000000001,34.47,62.43,12.32,-18.54,-11.09,-11.14,-25.1
2025-08-13T12:56:25.873614,1.0,-8.0,-55.0,-37.0,8.0,-48.0,63.0,1.0,-44.0,-7.0,7.0,-13.0,-13.86,-37.489999999999995,-33.68,-38.74,-7.640000000000001,-26.53,72.43,-40.68,-25.54,-2.09,-0.13999999999999968,-8.1
2025-08-13T12:56:25.881395,-19.0,63.0,-83.0,-41.0,45.0,-76.0,-24.0,53.0,33.0,40.0,17.0,12.0,-33.86,33.510000000000005,-61.68,-42.74,29.36,-54.53,-14.57,11.32,51.46,44.91,9.86,16.9
2025-08-13T12:56:25.885514,0.0,87.0,-37.0,19.0,60.0,19.0,-69.0,19.0,-41.0,-51.0,14.0,-110.0,-14.86,57.510000000000005,-15.68,17.26,44.36,40.47,-59.57,-22.68,-22.54,-46.09,6.86,-105.1
2025-08-13T12:56:25.893700,0.0,95.0,-110.0,-6.0,-53.0,-61.0,-28.0,62.0,-68.0,16.0,-35.0,44.0,-14.86,65.51,-88.68,-7.74,-68.64,-39.53,-18.57,20.32,-49.54,20.91,-42.14,48.9
2025-08-13T12:56:25.897796,7.0,40.0,11.0,-17.0,45.0,-24.0,44.0,25.0,-77.0,58.0,43.0,5.0,-7.859999999999999,10.510000000000002,32.32,-18.74,29.36,-2.530000000000001,53.43,-16.68,-58.54,62.91,35.86,9.9
2025-08-13T12:56:25.905959,-4.0,-73.0,-67.0,21.0,-8.0,-121.0,-33.0,118.0,-79.0,-20.0,-24.0,2.0,-18.86,-102.49,-45.68,19.26,-23.64,-99.53,-23.57,76.32,-60.54,-15.09,-31.14,6.9
2025-08-13T12:56:25.910249,-4.0,-58.0,-73.0,72.0,26.0,-44.0,-24.0,22.0,-28.0,-32.0,-5.0,-26.0,-18.86,-87.49,-51.68,70.26,10.36,-22.53,-14.57,-19.68,-9.54,-27.09,-12.14,-21.1
2025-08-13T12:56:25.918264,57.0,-56.0,-82.0,44.0,4.0,-16.0,-33.0,62.0,-12.0,-8.0,26.0,-11.0,42.14,-85.49,-60.68,42.26,-11.64,5.469999999999999,-23.57,20.32,6.460000000000001,-3.09,18.86,-6.1
2025-08-13T12:56:25.922472,77.0,34.0,19.0,33.0,9.0,-42.0,65.0,67.0,-63.0,-19.0,-10.0,25.0,62.14,4.510000000000002,40.32,31.26,-6.640000000000001,-20.53,74.43,25.32,-44.54,-14.09,-17.14,29.9
2025-08-13T12:56:25.930588,-20.0,-34.0,-120.0,40.0,-10.0,-15.0,-28.0,-33.0,1.0,-25.0,-18.0,-33.0,-34.86,-63.489999999999995,-98.68,38.26,-25.64,6.469999999999999,-18.57,-74.68,19.46,-20.09,-25.14,-28.1
2025-08-13T12:56:25.935188,34.0,58.0,2.0,52.0,-69.0,1.0,22.0,45.0,-11.0,-45.0,-43.0,-50.0,19.14,28.51,23.32,50.26,-84.64,22.47,31.43,3.3200000000000003,7.460000000000001,-40.09,-50.14,-45.1
2025-08-13T12:56:25.942860,70.0,19.0,-6.0,6.0,83.0,0.0,19.0,61.0,40.0,-54.0,19.0,-71.0,55.14,-10.489999999999998,15.32,4.26,67.36,21.47,28.43,19.32,58.46,-49.09,11.86,-66.1
2025-08-13T12:56:25.947299,61.0,-9.0,16.0,16.0,-4.0,-97.0,-13.0,45.0,6.0,-59.0,-19.0,13.0,46.14,-38.489999999999995,37.32,14.26,-19.64,-75.53,-3.5700000000000003,3.3200000000000003,24.46,-54.09,-26.14,17.9
2025-08-13T12:56:25.954987,11.0,43.0,68.0,-6.0,39.0,-65.0,26.0,67.0,-47.0,-14.0,58.0,-16.0,-3.8599999999999994,13.510000000000002,89.32,-7.74,23.36,-43.53,35.43,25.32,-28.54,-9.09,50.86,-11.1
2025-08-13T12:56:25.959703,72.0,10.0,5.0,26.0,-17.0,-24.0,-19.0,-12.0,6.0,2.0,33.0,-51.0,57.14,-19.49,26.32,24.26,-32.64,-2.530000000000001,-9.57,-53.68,24.46,6.91,25.86,-46.1
2025-08-13T12:56:25.967260,-41.0,50.0,-43.0,7.0,-73.0,24.0,64.0,43.0,-9.0,10.0,23.0,-52.0,-55.86,20.51,-21.68,5.26,-88.64,45.47,73.43,1.3200000000000003,9.46,14.91,15.86,-47.1
2025-08-13T12:56:25.971820,-19.0,16.0,-27.0,-5.0,43.0,-55.0,-46.0,28.0,71.0,53.0,-37.0,-25.0,-33.86,-13.489999999999998,-5.68,-6.74,27.36,-33.53,-36.57,-13.68,89.46000000000001,57.91,-44.14,-20.1
2025-08-13T12:56:25.979715,47.0,41.0,-29.0,-23.0,-21.0,-16.0,-4.0,46.0,-36.0,30.0,68.0,-47.0,32.14,11.510000000000002,-7.68,-24.74,-36.64,5.469999999999999,5.43,4.32,-17.54,34.91,60.86,-42.1
2025-08-13T12:56:25.984326,6.0,2.0,25.0,-26.0,-31.0,-21.0,5.0,19.0,12.0,34.0,15.0,6.0,-8.86,-27.49,46.32,-27.74,-46.64,0.46999999999999886,14.43,-22.68,30.46,38.91,7.86,10.9
2025-08-13T12:56:25.991740,-10.0,19.0,9.0,34.0,-6.0,-100.0,-63.0,22.0,-41.0,8.0,-24.0,-69.0,-24.86,-10.489999999999998,30.32,32.26,-21.64,-78.53,-53.57,-19.68,-22.54,12.91,-31.14,-64.1
2025-08-13T12:56:25.996248,-83.0,70.0,39.0,7.0,82.0,-105.0,-92.0,32.0,-9.0,-78.0,11.0,25.0,-97.86,40.510000000000005,60.32,5.26,66.36,-83.53,-82.57,-9.68,9.46,-73.09,3.8600000000000003,29.9
2025-08-13T12:56:26.004241,56.0,-9.0,18.0,-11.0,31.0,-3.0,-41.0,84.0,-17.0,-41.0,24.0,-61.0,41.14,-38.489999999999995,39.32,-12.74,15.36,18.47,-31.57,42.32,1.4600000000000009,-36.09,16.86,-56.1
2025-08-13T12:56:26.008738,19.0,70.0,-8.0,38.0,15.0,-72.0,60.0,43.0,32.0,29.0,-19.0,2.0,4.140000000000001,40.510000000000005,13.32,36.26,-0.6400000000000006,-50.53,69.43,1.3200000000000003,50.46,33.91,-26.14,6.9
2025-08-13T12:56:26.016422,-64.0,-65.0,-15.0,60.0,6.0,2.0,-22.0,69.0,-19.0,-8.0,-99.0,24.0,-78.86,-94.49,6.32,58.26,-9.64,23.47,-12.57,27.32,-0.5399999999999991,-3.09,-106.14,28.9
2025-08-13T12:56:26.020897,18.0,27.0,-12.0,18.0,59.0,-6.0,-53.0,32.0,-10.0,44.0,27.0,-38.0,3.1400000000000006,-2.4899999999999984,9.32,16.26,43.36,15.469999999999999,-43.57,-9.68,8.46,48.91,19.86,-33.1
2025-08-13T12:56:26.025689,5.0,81.0,-25.0,4.0,97.0,-37.0,-44.0,92.0,15.0,34.0,20.0,-10.0,-9.86,51.510000000000005,-3.6799999999999997,2.26,81.36,-15.530000000000001,-34.57,50.32,33.46,38.91,12.86,-5.1
2025-08-13T12:56:26.032950,-59.0,64.0,2.0,-6.0,-2.0,-35.0,5.0,111.0,-12.0,-16.0,-4.0,-28.0,-73.86,34.510000000000005,23.32,-7.74,-17.64,-13.530000000000001,14.43,69.32,6.460000000000001,-11.09,-11.14,-23.1
2025-08-13T12:56:26.038023,-36.0,22.0,15.0,42.0,86.0,27.0,-13.0,41.0,-21.0,-87.0,15.0,22.0,-50.86,-7.489999999999998,36.32,40.26,70.36,48.47,-3.5700000000000003,-0.6799999999999997,-2.539999999999999,-82.09,7.86,26.9
2025-08-13T12:56:26.045551,10.0,78.0,-44.0,-18.0,-22.0,67.0,-30.0,47.0,-39.0,-32.0,72.0,-16.0,-4.859999999999999,48.510000000000005,-22.68,-19.74,-37.64,88.47,-20.57,5.32,-20.54,-27.09,64.86,-11.1
2025-08-13T12:56:26.053723,19.0,110.0,-51.0,62.0,-73.0,-2.0,58.0,20.0,32.0,-41.0,23.0,-22.0,4.140000000000001,80.51,-29.68,60.26,-88.64,19.47,67.43,-21.68,50.46,-36.09,15.86,-17.1
2025-08-13T12:56:26.060897,-21.0,115.0,-10.0,-13.0,-42.0,-70.0,-58.0,8.0,6.0,-44.0,122.0,32.0,-35.86,85.51,11.32,-14.74,-57.64,-48.53,-48.57,-33.68,24.46,-39.09,114.86,36.9
2025-08-13T12:56:26.066447,30.0,-15.0,41.0,15.0,-51.0,-42.0,-79.0,49.0,-47.0,1.0,-11.0,-19.0,15.14,-44.489999999999995,62.32,13.26,-66.64,-20.53,-69.57,7.32,-28.54,5.91,-18.14,-14.1
2025-08-13T12:56:26.069829,34.0,27.0,-10.0,59.0,15.0,-46.0,-10.0,39.0,-19.0,-14.0,30.0,-8.0,19.14,-2.4899999999999984,11.32,57.26,-0.6400000000000006,-24.53,-0.5700000000000003,-2.6799999999999997,-0.5399999999999991,-9.09,22.86,-3.0999999999999996
2025-08-13T12:56:26.076224,-25.0,35.0,11.0,-36.0,10.0,-67.0,-25.0,30.0,-60.0,101.0,14.0,-25.0,-39.86,5.510000000000002,32.32,-37.74,-5.640000000000001,-45.53,-15.57,-11.68,-41.54,105.91,6.86,-20.1
2025-08-13T12:56:26.081900,-11.0,-5.0,-48.0,-44.0,43.0,-110.0,15.0,-22.0,-35.0,39.0,-25.0,57.0,-25.86,-34.489999999999995,-26.68,-45.74,27.36,-88.53,24.43,-63.68,-16.54,43.91,-32.14,61.9
2025-08-13T12:56:26.087255,55.0,47.0,-110.0,-19.0,10.0,-33.0,22.0,15.0,12.0,46.0,13.0,6.0,40.14,17.51,-88.68,-20.74,-5.640000000000001,-11.530000000000001,31.43,-26.68,30.46,50.91,5.86,10.9
2025-08-13T12:56:26.094331,38.0,111.0,-17.0,62.0,-67.0,-41.0,-54.0,-11.0,15.0,-41.0,43.0,43.0,23.14,81.51,4.32,60.26,-82.64,-19.53,-44.57,-52.68,33.46,-36.09,35.86,47.9
2025-08-13T12:56:26.098609,22.0,31.0,0.0,13.0,-4.0,14.0,1.0,-4.0,-46.0,4.0,51.0,-21.0,7.140000000000001,1.5100000000000016,21.32,11.26,-19.64,35.47,10.43,-45.68,-27.54,8.91,43.86,-16.1
2025-08-13T12:56:26.106355,82.0,5.0,-56.0,14.0,-4.0,-109.0,-54.0,37.0,27.0,-8.0,25.0,-17.0,67.14,-24.49,-34.68,12.26,-19.64,-87.53,-44.57,-4.68,45.46,-3.09,17.86,-12.1
2025-08-13T12:56:26.111470,88.0,47.0,-24.0,39.0,15.0,-51.0,-36.0,86.0,27.0,-40.0,23.0,7.0,73.14,17.51,-2.6799999999999997,37.26,-0.6400000000000006,-29.53,-26.57,44.32,45.46,-35.09,15.86,11.9
2025-08-13T12:56:26.118629,44.0,-23.0,-32.0,-10.0,74.0,-36.0,6.0,87.0,-12.0,-1.0,28.0,-3.0,29.14,-52.489999999999995,-10.68,-11.74,58.36,-14.530000000000001,15.43,45.32,6.460000000000001,3.91,20.86,1.9000000000000004
2025-08-13T12:56:26.122780,27.0,23.0,23.0,-126.0,45.0,-28.0,24.0,19.0,-14.0,10.0,-46.0,-3.0,12.14,-6.489999999999998,44.32,-127.74,29.36,-6.530000000000001,33.43,-22.68,4.460000000000001,14.91,-53.14,1.9000000000000004
2025-08-13T12:56:26.131055,16.0,41.0,-13.0,18.0,30.0,-21.0,32.0,44.0,-31.0,-30.0,5.0,-28.0,1.1400000000000006,11.510000000000002,8.32,16.26,14.36,0.46999999999999886,41.43,2.3200000000000003,-12.54,-25.09,-2.1399999999999997,-23.1
2025-08-13T12:56:26.135168,-10.0,6.0,-15.0,15.0,11.0,8.0,-37.0,18.0,-12.0,11.0,14.0,-19.0,-24.86,-23.49,6.32,13.26,-4.640000000000001,29.47,-27.57,-23.68,6.460000000000001,15.91,6.86,-14.1
2025-08-13T12:56:26.143376,-39.0,36.0,-32.0,-29.0,42.0,-24.0,-3.0,-44.0,-38.0,-26.0,79.0,15.0,-53.86,6.510000000000002,-10.68,-30.74,26.36,-2.530000000000001,6.43,-85.68,-19.54,-21.09,71.86,19.9
2025-08-13T12:56:26.147375,56.0,76.0,-137.0,-7.0,3.0,7.0,-49.0,30.0,-13.0,-19.0,-13.0,78.0,41.14,46.510000000000005,-115.68,-8.74,-12.64,28.47,-39.57,-11.68,5.460000000000001,-14.09,-20.14,82.9
2025-08-13T12:56:26.155641,-30.0,16.0,-19.0,16.0,16.0,-59.0,-16.0,-24.0,24.0,-74.0,4.0,12.0,-44.86,-13.489999999999998,2.3200000000000003,14.26,0.35999999999999943,-37.53,-6.57,-65.68,42.46,-69.09,-3.1399999999999997,16.9
2025-08-13T12:56:26.160571,-17.0,2.0,-16.0,76.0,26.0,-25.0,-7.0,44.0,-13.0,35.0,4.0,-71.0,-31.86,-27.49,5.32,74.26,10.36,-3.530000000000001,2.4299999999999997,2.3200000000000003,5.460000000000001,39.91,-3.1399999999999997,-66.1
2025-08-13T12:56:26.167826,-2.0,39.0,-73.0,-28.0,-5.0,6.0,1.0,-53.0,43.0,-50.0,77.0,-28.0,-16.86,9.510000000000002,-51.68,-29.74,-20.64,27.47,10.43,-94.68,61.46,-45.09,69.86,-23.1
2025-08-13T12:56:26.172028,32.0,97.0,-20.0,-5.0,9.0,-15.0,-5.0,99.0,-3.0,30.0,17.0,-6.0,17.14,67.51,1.3200000000000003,-6.74,-6.640000000000001,6.469999999999999,4.43,57.32,15.46,34.91,9.86,-1.0999999999999996
2025-08-13T12:56:26.180187,14.0,60.0,-2.0,-13.0,1.0,-55.0,-20.0,63.0,10.0,-20.0,40.0,-23.0,-0.8599999999999994,30.51,19.32,-14.74,-14.64,-33.53,-10.57,21.32,28.46,-15.09,32.86,-18.1
2025-08-13T12:56:26.184522,29.0,34.0,-50.0,-7.0,-33.0,38.0,-36.0,8.0,8.0,-13.0,76.0,-29.0,14.14,4.510000000000002,-28.68,-8.74,-48.64,59.47,-26.57,-33.68,26.46,-8.09,68.86,-24.1
2025-08-13T12:56:26.192460,16.0,41.0,-47.0,34.0,-50.0,-60.0,-48.0,122.0,-27.0,-33.0,17.0,-35.0,1.1400000000000006,11.510000000000002,-25.68,32.26,-65.64,-38.53,-38.57,80.32,-8.54,-28.09,9.86,-30.1
2025-08-13T12:56:26.196942,48.0,3.0,-90.0,77.0,-3.0,-16.0,9.0,94.0,-41.0,-49.0,-33.0,-25.0,33.14,-26.49,-68.68,75.26,-18.64,5.469999999999999,18.43,52.32,-22.54,-44.09,-40.14,-20.1
2025-08-13T12:56:26.204627,-8.0,2.0,-33.0,9.0,42.0,7.0,3.0,40.0,30.0,27.0,24.0,-3.0,-22.86,-27.49,-11.68,7.26,26.36,28.47,12.43,-1.6799999999999997,48.46,31.91,16.86,1.9000000000000004
2025-08-13T12:56:26.209277,-42.0,37.0,-20.0,34.0,28.0,-99.0,53.0,75.0,57.0,29.0,1.0,-19.0,-56.86,7.510000000000002,1.3200000000000003,32.26,12.36,-77.53,62.43,33.32,75.46000000000001,33.91,-6.14,-14.1
2025-08-13T12:56:26.217022,30.0,53.0,-55.0,-10.0,11.0,0.0,9.0,105.0,-15.0,9.0,25.0,12.0,15.14,23.51,-33.68,-11.74,-4.640000000000001,21.47,18.43,63.32,3.460000000000001,13.91,17.86,16.9
2025-08-13T12:56:26.221643,17.0,30.0,-63.0,1.0,77.0,-50.0,16.0,2.0,-55.0,26.0,26.0,-15.0,2.1400000000000006,0.5100000000000016,-41.68,-0.74,61.36,-28.53,25.43,-39.68,-36.54,30.91,18.86,-10.1
2025-08-13T12:56:26.229118,6.0,-11.0,-51.0,-23.0,17.0,-13.0,24.0,35.0,-91.0,-7.0,70.0,-10.0,-8.86,-40.489999999999995,-29.68,-24.74,1.3599999999999994,8.469999999999999,33.43,-6.68,-72.53999999999999,-2.09,62.86,-5.1
2025-08-13T12:56:26.234901,64.0,24.0,-40.0,15.0,99.0,-29.0,5.0,17.0,-50.0,-20.0,-11.0,-14.0,49.14,-5.489999999999998,-18.68,13.26,83.36,-7.530000000000001,14.43,-24.68,-31.54,-15.09,-18.14,-9.1
2025-08-13T12:56:26.241525,111.0,-14.0,-26.0,34.0,-67.0,-25.0,1.0,32.0,-57.0,-9.0,-35.0,-13.0,96.14,-43.489999999999995,-4.68,32.26,-82.64,-3.530000000000001,10.43,-9.68,-38.54,-4.09,-42.14,-8.1
2025-08-13T12:56:26.247235,-47.0,61.0,-48.0,-51.0,43.0,-34.0,-18.0,57.0,12.0,34.0,-29.0,-5.0,-61.86,31.51,-26.68,-52.74,27.36,-12.530000000000001,-8.57,15.32,30.46,38.91,-36.14,-0.09999999999999964
2025-08-13T12:56:26.250256,-34.0,34.0,73.0,34.0,60.0,-1.0,-15.0,9.0,34.0,-31.0,-16.0,2.0,-48.86,4.510000000000002,94.32,32.26,44.36,20.47,-5.57,-32.68,52.46,-26.09,-23.14,6.9
2025-08-13T12:56:26.259052,-9.0,56.0,13.0,-9.0,33.0,-5.0,-62.0,86.0,12.0,3.0,59.0,-63.0,-23.86,26.51,34.32,-10.74,17.36,16.47,-52.57,44.32,30.46,7.91,51.86,-58.1
2025-08-13T12:56:26.262794,-35.0,84.0,-24.0,32.0,24.0,-40.0,-20.0,65.0,9.0,10.0,-24.0,-32.0,-49.86,54.510000000000005,-2.6799999999999997,30.26,8.36,-18.53,-10.57,23.32,27.46,14.91,-31.14,-27.1
2025-08-13T12:56:26.271147,-34.0,48.0,-1.0,16.0,46.0,21.0,-43.0,51.0,28.0,32.0,-1.0,-63.0,-48.86,18.51,20.32,14.26,30.36,42.47,-33.57,9.32,46.46,36.91,-8.14,-58.1
2025-08-13T12:56:26.274938,-9.0,-30.0,9.0,-13.0,-28.0,-53.0,-8.0,12.0,-21.0,-15.0,22.0,14.0,-23.86,-59.489999999999995,30.32,-14.74,-43.64,-31.53,1.4299999999999997,-29.68,-2.539999999999999,-10.09,14.86,18.9
2025-08-13T12:56:26.283138,-15.0,83.0,-44.0,-16.0,17.0,-85.0,26.0,17.0,-29.0,-1.0,-58.0,53.0,-29.86,53.510000000000005,-22.68,-17.74,1.3599999999999994,-63.53,35.43,-24.68,-10.54,3.91,-65.14,57.9
2025-08-13T12:56:26.286687,2.0,-7.0,-19.0,-56.0,8.0,-50.0,-15.0,-42.0,-59.0,12.0,32.0,3.0,-12.86,-36.489999999999995,2.3200000000000003,-57.74,-7.640000000000001,-28.53,-5.57,-83.68,-40.54,16.91,24.86,7.9
2025-08-13T12:56:26.295351,-46.0,49.0,-48.0,-19.0,-18.0,-65.0,-7.0,25.0,-24.0,-6.0,19.0,-20.0,-60.86,19.51,-26.68,-20.74,-33.64,-43.53,2.4299999999999997,-16.68,-5.539999999999999,-1.0899999999999999,11.86,-15.1
2025-08-13T12:56:26.298927,-9.0,-11.0,-67.0,1.0,-20.0,-58.0,87.0,-16.0,-44.0,97.0,40.0,-44.0,-23.86,-40.489999999999995,-45.68,-0.74,-35.64,-36.53,96.43,-57.68,-25.54,101.91,32.86,-39.1
2025-08-13T12:56:26.307416,38.0,11.0,-37.0,-33.0,52.0,-16.0,18.0,-1.0,-50.0,83.0,45.0,-8.0,23.14,-18.49,-15.68,-34.74,36.36,5.469999999999999,27.43,-42.68,-31.54,87.91,37.86,-3.0999999999999996
2025-08-13T12:56:26.311235,54.0,55.0,7.0,42.0,47.0,-8.0,-7.0,6.0,-9.0,23.0,-52.0,-6.0,39.14,25.51,28.32,40.26,31.36,13.469999999999999,2.4299999999999997,-35.68,9.46,27.91,-59.14,-1.0999999999999996
2025-08-13T12:56:26.319753,21.0,85.0,-18.0,56.0,3.0,-50.0,-10.0,12.0,-17.0,13.0,-17.0,-93.0,6.140000000000001,55.510000000000005,3.3200000000000003,54.26,-12.64,-28.53,-0.5700000000000003,-29.68,1.4600000000000009,17.91,-24.14,-88.1
2025-08-13T12:56:26.323653,-16.0,-19.0,-51.0,30.0,-31.0,-25.0,-40.0,53.0,65.0,-30.0,11.0,5.0,-30.86,-48.489999999999995,-29.68,28.26,-46.64,-3.530000000000001,-30.57,11.32,83.46000000000001,-25.09,3.8600000000000003,9.9
2025-08-13T12:56:26.331722,-22.0,-37.0,-30.0,15.0,-11.0,-40.0,-48.0,40.0,-30.0,20.0,-49.0,19.0,-36.86,-66.49,-8.68,13.26,-26.64,-18.53,-38.57,-1.6799999999999997,-11.54,24.91,-56.14,23.9
2025-08-13T12:56:26.335908,38.0,10.0,-53.0,-12.0,41.0,-6.0,7.0,47.0,-55.0,-50.0,-14.0,35.0,23.14,-19.49,-31.68,-13.74,25.36,15.469999999999999,16.43,5.32,-36.54,-45.09,-21.14,39.9
2025-08-13T12:56:26.343921,5.0,83.0,7.0,57.0,-7.0,-36.0,6.0,47.0,-68.0,8.0,-2.0,-11.0,-9.86,53.510000000000005,28.32,55.26,-22.64,-14.530000000000001,15.43,5.32,-49.54,12.91,-9.14,-6.1
2025-08-13T12:56:26.348191,-22.0,-17.0,-114.0,-4.0,-29.0,-102.0,10.0,43.0,12.0,-11.0,66.0,39.0,-36.86,-46.489999999999995,-92.68,-5.74,-44.64,-80.53,19.43,1.3200000000000003,30.46,-6.09,58.86,43.9
2025-08-13T12:56:26.356248,-20.0,54.0,-46.0,32.0,30.0,-9.0,-20.0,52.0,-60.0,9.0,-41.0,-61.0,-34.86,24.51,-24.68,30.26,14.36,12.469999999999999,-10.57,10.32,-41.54,13.91,-48.14,-56.1
2025-08-13T12:56:26.360621,-7.0,106.0,-86.0,50.0,-35.0,-25.0,-14.0,80.0,-23.0,-52.0,29.0,-78.0,-21.86,76.51,-64.68,48.26,-50.64,-3.530000000000001,-4.57,38.32,-4.539999999999999,-47.09,21.86,-73.1
2025-08-13T12:56:26.368558,20.0,7.0,-30.0,8.0,11.0,-36.0,-5.0,-20.0,-7.0,-10.0,-64.0,-61.0,5.140000000000001,-22.49,-8.68,6.26,-4.640000000000001,-14.530000000000001,4.43,-61.68,11.46,-5.09,-71.14,-56.1
2025-08-13T12:56:26.372833,4.0,30.0,-37.0,43.0,-4.0,-17.0,-23.0,57.0,-2.0,-17.0,27.0,1.0,-10.86,0.5100000000000016,-15.68,41.26,-19.64,4.469999999999999,-13.57,15.32,16.46,-12.09,19.86,5.9
2025-08-13T12:56:26.380741,-10.0,91.0,-38.0,2.0,-4.0,-79.0,9.0,48.0,0.0,-29.0,-7.0,-1.0,-24.86,61.510000000000005,-16.68,0.26,-19.64,-57.53,18.43,6.32,18.46,-24.09,-14.14,3.9000000000000004
2025-08-13T12:56:26.385257,64.0,59.0,-61.0,109.0,21.0,-5.0,37.0,5.0,36.0,22.0,-11.0,-31.0,49.14,29.51,-39.68,107.26,5.359999999999999,16.47,46.43,-36.68,54.46,26.91,-18.14,-26.1
2025-08-13T12:56:26.389971,42.0,6.0,-44.0,23.0,-32.0,8.0,43.0,44.0,-59.0,20.0,105.0,-15.0,27.14,-23.49,-22.68,21.26,-47.64,29.47,52.43,2.3200000000000003,-40.54,24.91,97.86,-10.1
2025-08-13T12:56:26.397326,62.0,7.0,-22.0,-42.0,13.0,-49.0,-26.0,56.0,5.0,31.0,-11.0,27.0,47.14,-22.49,-0.6799999999999997,-43.74,-2.6400000000000006,-27.53,-16.57,14.32,23.46,35.91,-18.14,31.9
2025-08-13T12:56:26.405272,52.0,-3.0,-30.0,3.0,-46.0,-28.0,-33.0,93.0,-28.0,-20.0,9.0,-51.0,37.14,-32.489999999999995,-8.68,1.26,-61.64,-6.530000000000001,-23.57,51.32,-9.54,-15.09,1.8600000000000003,-46.1
2025-08-13T12:56:26.409900,33.0,49.0,-32.0,-10.0,42.0,-38.0,47.0,53.0,-12.0,-15.0,67.0,-43.0,18.14,19.51,-10.68,-11.74,26.36,-16.53,56.43,11.32,6.460000000000001,-10.09,59.86,-38.1
2025-08-13T12:56:26.414095,59.0,33.0,-4.0,-19.0,6.0,-68.0,3.0,55.0,-8.0,18.0,22.0,13.0,44.14,3.5100000000000016,17.32,-20.74,-9.64,-46.53,12.43,13.32,10.46,22.91,14.86,17.9
2025-08-13T12:56:26.422088,95.0,19.0,-15.0,47.0,23.0,-68.0,-23.0,40.0,-6.0,-39.0,-32.0,-45.0,80.14,-10.489999999999998,6.32,45.26,7.359999999999999,-46.53,-13.57,-1.6799999999999997,12.46,-34.09,-39.14,-40.1
2025-08-13T12:56:26.426663,31.0,-11.0,-12.0,72.0,13.0,-21.0,-69.0,55.0,-8.0,13.0,33.0,18.0,16.14,-40.489999999999995,9.32,70.26,-2.6400000000000006,0.46999999999999886,-59.57,13.32,10.46,17.91,25.86,22.9
2025-08-13T12:56:26.434498,-10.0,36.0,11.0,-20.0,43.0,-31.0,-11.0,30.0,-53.0,-44.0,22.0,-34.0,-24.86,6.510000000000002,32.32,-21.74,27.36,-9.530000000000001,-1.5700000000000003,-11.68,-34.54,-39.09,14.86,-29.1
2025-08-13T12:56:26.439264,6.0,24.0,35.0,11.0,17.0,-27.0,19.0,-27.0,-74.0,-14.0,16.0,-29.0,-8.86,-5.489999999999998,56.32,9.26,1.3599999999999994,-5.530000000000001,28.43,-68.68,-55.54,-9.09,8.86,-24.1
2025-08-13T12:56:26.446679,-21.0,8.0,23.0,17.0,33.0,-21.0,-38.0,31.0,-20.0,-34.0,-26.0,-52.0,-35.86,-21.49,44.32,15.26,17.36,0.46999999999999886,-28.57,-10.68,-1.5399999999999991,-29.09,-33.14,-47.1
2025-08-13T12:56:26.451498,33.0,107.0,-77.0,-35.0,-49.0,-7.0,-54.0,23.0,-71.0,17.0,-51.0,33.0,18.14,77.51,-55.68,-36.74,-64.64,14.469999999999999,-44.57,-18.68,-52.54,21.91,-58.14,37.9
2025-08-13T12:56:26.458760,88.0,97.0,-21.0,-36.0,20.0,-47.0,63.0,-13.0,19.0,-27.0,27.0,43.0,73.14,67.51,0.3200000000000003,-37.74,4.359999999999999,-25.53,72.43,-54.68,37.46,-22.09,19.86,47.9
2025-08-13T12:56:26.463332,-3.0,80.0,13.0,52.0,5.0,-79.0,34.0,68.0,8.0,-28.0,67.0,-5.0,-17.86,50.510000000000005,34.32,50.26,-10.64,-57.53,43.43,26.32,26.46,-23.09,59.86,-0.09999999999999964
2025-08-13T12:56:26.471128,50.0,47.0,-42.0,-12.0,-16.0,-35.0,56.0,11.0,3.0,-51.0,11.0,6.0,35.14,17.51,-20.68,-13.74,-31.64,-13.530000000000001,65.43,-30.68,21.46,-46.09,3.8600000000000003,10.9
2025-08-13T12:56:26.475792,22.0,10.0,-24.0,-24.0,-39.0,21.0,-98.0,-4.0,22.0,15.0,48.0,-12.0,7.140000000000001,-19.49,-2.6799999999999997,-25.74,-54.64,42.47,-88.57,-45.68,40.46,19.91,40.86,-7.1
2025-08-13T12:56:26.483507,111.0,27.0,-15.0,60.0,17.0,-43.0,-12.0,75.0,-29.0,86.0,-8.0,-32.0,96.14,-2.4899999999999984,6.32,58.26,1.3599999999999994,-21.53,-2.5700000000000003,33.32,-10.54,90.91,-15.14,-27.1
2025-08-13T12:56:26.487591,71.0,22.0,73.0,-20.0,-41.0,3.0,39.0,55.0,-57.0,-8.0,-31.0,35.0,56.14,-7.489999999999998,94.32,-21.74,-56.64,24.47,48.43,13.32,-38.54,-3.09,-38.14,39.9
2025-08-13T12:56:26.495733,-83.0,27.0,-25.0,49.0,-25.0,-40.0,6.0,43.0,-30.0,-44.0,-9.0,-19.0,-97.86,-2.4899999999999984,-3.6799999999999997,47.26,-40.64,-18.53,15.43,1.3200000000000003,-11.54,-39.09,-16.14,-14.1
2025-08-13T12:56:26.499809,-9.0,40.0,-8.0,12.0,28.0,-17.0,5.0,119.0,-47.0,-2.0,46.0,55.0,-23.86,10.510000000000002,13.32,10.26,12.36,4.469999999999999,14.43,77.32,-28.54,2.91,38.86,59.9
2025-08-13T12:56:26.507823,-22.0,118.0,58.0,19.0,2.0,-64.0,-13.0,66.0,-67.0,-12.0,-48.0,-43.0,-36.86,88.51,79.32,17.26,-13.64,-42.53,-3.5700000000000003,24.32,-48.54,-7.09,-55.14,-38.1
2025-08-13T12:56:26.512352,36.0,38.0,-71.0,-13.0,-9.0,-9.0,-73.0,48.0,-14.0,-44.0,35.0,-29.0,21.14,8.510000000000002,-49.68,-14.74,-24.64,12.469999999999999,-63.57,6.32,4.460000000000001,-39.09,27.86,-24.1
2025-08-13T12:56:26.520084,-9.0,47.0,-34.0,0.0,8.0,-40.0,-21.0,33.0,-10.0,-8.0,18.0,-6.0,-23.86,17.51,-12.68,-1.74,-7.640000000000001,-18.53,-11.57,-8.68,8.46,-3.09,10.86,-1.0999999999999996
2025-08-13T12:56:26.524430,-31.0,3.0,-101.0,74.0,12.0,7.0,31.0,-29.0,-40.0,-62.0,-38.0,14.0,-45.86,-26.49,-79.68,72.26,-3.6400000000000006,28.47,40.43,-70.68,-21.54,-57.09,-45.14,18.9
2025-08-13T12:56:26.532533,-5.0,-24.0,-113.0,28.0,70.0,-35.0,-40.0,-4.0,-34.0,-46.0,-7.0,-27.0,-19.86,-53.489999999999995,-91.68,26.26,54.36,-13.530000000000001,-30.57,-45.68,-15.54,-41.09,-14.14,-22.1
2025-08-13T12:56:26.536836,-28.0,61.0,-4.0,11.0,58.0,-43.0,4.0,-4.0,-15.0,-30.0,9.0,-36.0,-42.86,31.51,17.32,9.26,42.36,-21.53,13.43,-45.68,3.460000000000001,-25.09,1.8600000000000003,-31.1
2025-08-13T12:56:26.544636,12.0,56.0,-24.0,97.0,1.0,-18.0,-19.0,-8.0,-37.0,43.0,17.0,18.0,-2.8599999999999994,26.51,-2.6799999999999997,95.26,-14.64,3.469999999999999,-9.57,-49.68,-18.54,47.91,9.86,22.9
