timestamp,x1,y1,z1,x2,y2,z2,x3,y3,z3,x4,y4,z4,x1_calib,y1_calib,z1_calib,x2_calib,y2_calib,z2_calib,x3_calib,y3_calib,z3_calib,x4_calib,y4_calib,z4_calib
2025-08-11T15:53:44.362722,-8.0,83.0,10.0,-68.0,13.0,-77.0,-33.0,-4.0,-43.0,-50.0,-4.0,-25.0,-15.33,28.54,13.23,-74.52,-9.690000000000001,-22.259999999999998,-31.56,-0.16000000000000014,9.100000000000001,-39.54,-19.41,-23.77
2025-08-11T15:53:44.368585,76.0,37.0,-15.0,-9.0,25.0,-85.0,49.0,9.0,-1.0,-43.0,11.0,-42.0,68.67,-17.46,-11.77,-15.52,2.3099999999999987,-30.259999999999998,50.44,12.84,51.1,-32.54,-4.41,-40.77
2025-08-11T15:53:44.372741,35.0,111.0,6.0,20.0,91.0,-113.0,-7.0,26.0,-80.0,-39.0,7.0,-20.0,27.67,56.54,9.23,13.48,68.31,-58.26,-5.5600000000000005,29.84,-27.9,-28.54,-8.41,-18.77
2025-08-11T15:53:44.380840,92.0,50.0,-39.0,-15.0,25.0,42.0,-13.0,-4.0,-28.0,-3.0,15.0,-28.0,84.67,-4.460000000000001,-35.77,-21.52,2.3099999999999987,96.74000000000001,-11.56,-0.16000000000000014,24.1,7.460000000000001,-0.41000000000000014,-26.77
2025-08-11T15:53:44.385070,32.0,45.0,36.0,104.0,28.0,-47.0,-17.0,23.0,-24.0,-35.0,6.0,-17.0,24.67,-9.46,39.23,97.48,5.309999999999999,7.740000000000002,-15.56,26.84,28.1,-24.54,-9.41,-15.77
2025-08-11T15:53:44.393016,-9.0,-9.0,42.0,1.0,-11.0,-7.0,27.0,0.0,-71.0,-63.0,15.0,-57.0,-16.33,-63.46,45.23,-5.52,-33.69,47.74,28.44,3.84,-18.9,-52.54,-0.41000000000000014,-55.77
2025-08-11T15:53:44.397249,-17.0,55.0,37.0,29.0,-31.0,-71.0,-38.0,79.0,-105.0,-44.0,67.0,4.0,-24.33,0.5399999999999991,40.23,22.48,-53.69,-16.259999999999998,-36.56,82.84,-52.9,-33.54,51.59,5.23
2025-08-11T15:53:44.405365,-101.0,170.0,-15.0,-62.0,55.0,-30.0,-30.0,19.0,-22.0,-35.0,25.0,19.0,-108.33,115.53999999999999,-11.77,-68.52,32.31,24.740000000000002,-28.56,22.84,30.1,-24.54,9.59,20.23
2025-08-11T15:53:44.409600,-23.0,67.0,-56.0,-31.0,-14.0,-39.0,-58.0,22.0,-51.0,-27.0,17.0,27.0,-30.33,12.54,-52.77,-37.519999999999996,-36.69,15.740000000000002,-56.56,25.84,1.1000000000000014,-16.54,1.5899999999999999,28.23
2025-08-11T15:53:44.417608,18.0,129.0,-78.0,61.0,-24.0,-53.0,-15.0,-24.0,-80.0,-4.0,72.0,46.0,10.67,74.53999999999999,-74.77,54.480000000000004,-46.69,1.740000000000002,-13.56,-20.16,-27.9,6.460000000000001,56.59,47.23
2025-08-11T15:53:44.421976,26.0,41.0,-17.0,-25.0,-11.0,-79.0,17.0,-9.0,-113.0,11.0,48.0,-11.0,18.67,-13.46,-13.77,-31.52,-33.69,-24.259999999999998,18.44,-5.16,-60.9,21.46,32.59,-9.77
2025-08-11T15:53:44.430192,71.0,0.0,-6.0,12.0,-62.0,-5.0,-51.0,10.0,-76.0,-15.0,71.0,50.0,63.67,-54.46,-2.77,5.48,-84.69,49.74,-49.56,13.84,-23.9,-4.539999999999999,55.59,51.23
2025-08-11T15:53:44.434181,44.0,58.0,60.0,-9.0,-68.0,-62.0,62.0,18.0,-95.0,-49.0,25.0,-26.0,36.67,3.539999999999999,63.23,-15.52,-90.69,-7.259999999999998,63.44,21.84,-42.9,-38.54,9.59,-24.77
2025-08-11T15:53:44.442366,23.0,-39.0,28.0,-105.0,13.0,-4.0,19.0,-46.0,-58.0,11.0,76.0,-1.0,15.67,-93.46000000000001,31.23,-111.52,-9.690000000000001,50.74,20.44,-42.16,-5.899999999999999,21.46,60.59,0.22999999999999998
2025-08-11T15:53:44.446509,-51.0,125.0,32.0,-48.0,79.0,-1.0,14.0,57.0,-23.0,3.0,39.0,-67.0,-58.33,70.53999999999999,35.23,-54.519999999999996,56.31,53.74,15.44,60.84,29.1,13.46,23.59,-65.77
2025-08-11T15:53:44.454348,-51.0,66.0,-32.0,-87.0,45.0,-71.0,74.0,-10.0,-60.0,-3.0,27.0,-1.0,-58.33,11.54,-28.77,-93.52,22.31,-16.259999999999998,75.44,-6.16,-7.899999999999999,7.460000000000001,11.59,0.22999999999999998
2025-08-11T15:53:44.458672,-52.0,91.0,-41.0,-1.0,21.0,-88.0,28.0,3.0,-44.0,-17.0,25.0,-23.0,-59.33,36.54,-37.77,-7.52,-1.6900000000000013,-33.26,29.44,6.84,8.100000000000001,-6.539999999999999,9.59,-21.77
2025-08-11T15:53:44.462715,6.0,95.0,-43.0,24.0,45.0,-55.0,25.0,19.0,-24.0,-35.0,49.0,-65.0,-1.33,40.54,-39.77,17.48,22.31,-0.259999999999998,26.44,22.84,28.1,-24.54,33.59,-63.77
2025-08-11T15:53:44.471068,28.0,129.0,3.0,48.0,-36.0,-1.0,71.0,-18.0,-32.0,-64.0,21.0,3.0,20.67,74.53999999999999,6.23,41.480000000000004,-58.69,53.74,72.44,-14.16,20.1,-53.54,5.59,4.23
2025-08-11T15:53:44.475027,59.0,33.0,-12.0,44.0,75.0,-73.0,-75.0,-68.0,-29.0,14.0,38.0,-12.0,51.67,-21.46,-8.77,37.480000000000004,52.31,-18.259999999999998,-73.56,-64.16,23.1,24.46,22.59,-10.77
2025-08-11T15:53:44.483270,35.0,-49.0,40.0,-24.0,29.0,36.0,32.0,-60.0,-21.0,-50.0,14.0,-23.0,27.67,-103.46000000000001,43.23,-30.52,6.309999999999999,90.74000000000001,33.44,-56.16,31.1,-39.54,-1.4100000000000001,-21.77
2025-08-11T15:53:44.488246,-3.0,6.0,-13.0,-57.0,7.0,-58.0,-65.0,-25.0,-59.0,17.0,40.0,-23.0,-10.33,-48.46,-9.77,-63.519999999999996,-15.690000000000001,-3.259999999999998,-63.56,-21.16,-6.899999999999999,27.46,24.59,-21.77
2025-08-11T15:53:44.495644,-58.0,88.0,-7.0,2.0,17.0,-114.0,-9.0,-67.0,-66.0,-46.0,29.0,-51.0,-65.33,33.54,-3.77,-4.52,-5.690000000000001,-59.26,-7.5600000000000005,-63.16,-13.899999999999999,-35.54,13.59,-49.77
2025-08-11T15:53:44.499930,17.0,97.0,101.0,-4.0,56.0,-41.0,-14.0,-29.0,-49.0,-79.0,-24.0,-28.0,9.67,42.54,104.23,-10.52,33.31,13.740000000000002,-12.56,-25.16,3.1000000000000014,-68.53999999999999,-39.41,-26.77
2025-08-11T15:53:44.507903,2.0,81.0,-48.0,11.0,32.0,-90.0,-15.0,13.0,-11.0,-49.0,64.0,-12.0,-5.33,26.54,-44.77,4.48,9.309999999999999,-35.26,-13.56,16.84,41.1,-38.54,48.59,-10.77
2025-08-11T15:53:44.512275,-24.0,50.0,-48.0,-19.0,4.0,17.0,-24.0,-25.0,-68.0,-22.0,-14.0,-23.0,-31.33,-4.460000000000001,-44.77,-25.52,-18.69,71.74000000000001,-22.56,-21.16,-15.899999999999999,-11.54,-29.41,-21.77
2025-08-11T15:53:44.520213,-21.0,29.0,-16.0,36.0,66.0,-76.0,10.0,7.0,-92.0,-44.0,1.0,-27.0,-28.33,-25.46,-12.77,29.48,43.31,-21.259999999999998,11.44,10.84,-39.9,-33.54,-14.41,-25.77
2025-08-11T15:53:44.524627,-3.0,-39.0,-46.0,-91.0,23.0,8.0,31.0,-35.0,-39.0,-88.0,101.0,32.0,-10.33,-93.46000000000001,-42.77,-97.52,0.3099999999999987,62.74,32.44,-31.16,13.100000000000001,-77.53999999999999,85.59,33.23
2025-08-11T15:53:44.532365,-14.0,74.0,71.0,33.0,42.0,-81.0,-16.0,43.0,-77.0,-145.0,43.0,-12.0,-21.33,19.54,74.23,26.48,19.31,-26.259999999999998,-14.56,46.84,-24.9,-134.54,27.59,-10.77
2025-08-11T15:53:44.536825,-11.0,3.0,47.0,7.0,-80.0,-8.0,17.0,-24.0,-105.0,-62.0,22.0,-17.0,-18.33,-51.46,50.23,0.4800000000000004,-102.69,46.74,18.44,-20.16,-52.9,-51.54,6.59,-15.77
2025-08-11T15:53:44.544530,-77.0,78.0,105.0,73.0,28.0,-61.0,-11.0,-24.0,7.0,8.0,23.0,-30.0,-84.33,23.54,108.23,66.48,5.309999999999999,-6.259999999999998,-9.56,-20.16,59.1,18.46,7.59,-28.77
2025-08-11T15:53:44.548990,-4.0,17.0,49.0,8.0,6.0,-61.0,-51.0,7.0,-48.0,-28.0,34.0,-78.0,-11.33,-37.46,52.23,1.4800000000000004,-16.69,-6.259999999999998,-49.56,10.84,4.100000000000001,-17.54,18.59,-76.77
2025-08-11T15:53:44.556846,-76.0,35.0,-16.0,7.0,1.0,-105.0,-30.0,1.0,-87.0,-40.0,18.0,28.0,-83.33,-19.46,-12.77,0.4800000000000004,-21.69,-50.26,-28.56,4.84,-34.9,-29.54,2.59,29.23
2025-08-11T15:53:44.561336,-42.0,40.0,29.0,-17.0,-14.0,-27.0,-30.0,52.0,-83.0,-7.0,73.0,-6.0,-49.33,-14.46,32.23,-23.52,-36.69,27.740000000000002,-28.56,55.84,-30.9,3.460000000000001,57.59,-4.77
2025-08-11T15:53:44.569331,10.0,77.0,-23.0,-36.0,44.0,-83.0,-75.0,70.0,-41.0,-46.0,65.0,-64.0,2.67,22.54,-19.77,-42.519999999999996,21.31,-28.259999999999998,-73.56,73.84,11.100000000000001,-35.54,49.59,-62.77
2025-08-11T15:53:44.573742,-53.0,128.0,-21.0,-44.0,97.0,-98.0,-22.0,36.0,-101.0,-34.0,60.0,-33.0,-60.33,73.53999999999999,-17.77,-50.519999999999996,74.31,-43.26,-20.56,39.84,-48.9,-23.54,44.59,-31.77
2025-08-11T15:53:44.581459,28.0,101.0,-32.0,24.0,35.0,-68.0,57.0,-9.0,-13.0,-37.0,10.0,-61.0,20.67,46.54,-28.77,17.48,12.309999999999999,-13.259999999999998,58.44,-5.16,39.1,-26.54,-5.41,-59.77
2025-08-11T15:53:44.585737,25.0,65.0,-42.0,-43.0,-2.0,27.0,30.0,-7.0,-110.0,-96.0,77.0,-2.0,17.67,10.54,-38.77,-49.519999999999996,-24.69,81.74000000000001,31.44,-3.16,-57.9,-85.53999999999999,61.59,-0.77
2025-08-11T15:53:44.593778,-4.0,1.0,-35.0,9.0,-54.0,-64.0,24.0,5.0,-121.0,-56.0,-14.0,12.0,-11.33,-53.46,-31.77,2.4800000000000004,-76.69,-9.259999999999998,25.44,8.84,-68.9,-45.54,-29.41,13.23
2025-08-11T15:53:44.598068,-5.0,25.0,-3.0,-54.0,-29.0,-98.0,-5.0,21.0,-20.0,-60.0,26.0,-17.0,-12.33,-29.46,0.22999999999999998,-60.519999999999996,-51.69,-43.26,-3.56,24.84,32.1,-49.54,10.59,-15.77
2025-08-11T15:53:44.606112,13.0,60.0,-83.0,-46.0,-8.0,-88.0,94.0,49.0,-37.0,-42.0,59.0,-22.0,5.67,5.539999999999999,-79.77,-52.519999999999996,-30.69,-33.26,95.44,52.84,15.100000000000001,-31.54,43.59,-20.77
2025-08-11T15:53:44.610512,40.0,-40.0,43.0,22.0,32.0,-43.0,11.0,-23.0,0.0,-56.0,-17.0,3.0,32.67,-94.46000000000001,46.23,15.48,9.309999999999999,11.740000000000002,12.44,-19.16,52.1,-45.54,-32.41,4.23
2025-08-11T15:53:44.618389,-9.0,1.0,75.0,-13.0,20.0,-59.0,-6.0,35.0,-100.0,-48.0,97.0,-81.0,-16.33,-53.46,78.23,-19.52,-2.6900000000000013,-4.259999999999998,-4.5600000000000005,38.84,-47.9,-37.54,81.59,-79.77
2025-08-11T15:53:44.622640,-4.0,24.0,14.0,98.0,81.0,-73.0,12.0,56.0,-68.0,-23.0,27.0,-50.0,-11.33,-30.46,17.23,91.48,58.31,-18.259999999999998,13.44,59.84,-15.899999999999999,-12.54,11.59,-48.77
2025-08-11T15:53:44.626541,50.0,71.0,5.0,7.0,55.0,-52.0,18.0,65.0,-53.0,-13.0,72.0,21.0,42.67,16.54,8.23,0.4800000000000004,32.31,2.740000000000002,19.44,68.84,-0.8999999999999986,-2.539999999999999,56.59,22.23
2025-08-11T15:53:44.634940,-67.0,81.0,-35.0,-17.0,-23.0,-64.0,-62.0,46.0,-83.0,-40.0,17.0,-17.0,-74.33,26.54,-31.77,-23.52,-45.69,-9.259999999999998,-60.56,49.84,-30.9,-29.54,1.5899999999999999,-15.77
2025-08-11T15:53:44.642882,72.0,-3.0,-52.0,-15.0,30.0,-24.0,58.0,-20.0,-100.0,-52.0,-17.0,-75.0,64.67,-57.46,-48.77,-21.52,7.309999999999999,30.740000000000002,59.44,-16.16,-47.9,-41.54,-32.41,-73.77
2025-08-11T15:53:44.647092,-21.0,1.0,-71.0,-11.0,9.0,-90.0,76.0,-3.0,12.0,-16.0,87.0,-20.0,-28.33,-53.46,-67.77,-17.52,-13.690000000000001,-35.26,77.44,0.8399999999999999,64.1,-5.539999999999999,71.59,-18.77
2025-08-11T15:53:44.651135,45.0,53.0,-23.0,73.0,25.0,0.0,1.0,-50.0,-56.0,-83.0,50.0,-29.0,37.67,-1.4600000000000009,-19.77,66.48,2.3099999999999987,54.74,2.44,-46.16,-3.8999999999999986,-72.53999999999999,34.59,-27.77
2025-08-11T15:53:44.659477,87.0,-22.0,-10.0,-33.0,25.0,-62.0,-49.0,-65.0,-57.0,-78.0,48.0,-20.0,79.67,-76.46000000000001,-6.77,-39.519999999999996,2.3099999999999987,-7.259999999999998,-47.56,-61.16,-4.899999999999999,-67.53999999999999,32.59,-18.77
2025-08-11T15:53:44.663717,-28.0,-34.0,29.0,-9.0,63.0,-19.0,10.0,18.0,-68.0,27.0,18.0,-18.0,-35.33,-88.46000000000001,32.23,-15.52,40.31,35.74,11.44,21.84,-15.899999999999999,37.46,2.59,-16.77
2025-08-11T15:53:44.671721,5.0,97.0,-2.0,-20.0,-38.0,-129.0,20.0,11.0,-32.0,-40.0,28.0,-14.0,-2.33,42.54,1.23,-26.52,-60.69,-74.25999999999999,21.44,14.84,20.1,-29.54,12.59,-12.77
2025-08-11T15:53:44.676111,-37.0,146.0,-31.0,2.0,55.0,-28.0,-28.0,-21.0,0.0,-23.0,55.0,-29.0,-44.33,91.53999999999999,-27.77,-4.52,32.31,26.740000000000002,-26.56,-17.16,52.1,-12.54,39.59,-27.77
2025-08-11T15:53:44.683982,21.0,128.0,-19.0,-14.0,8.0,-6.0,75.0,13.0,-73.0,-40.0,54.0,-22.0,13.67,73.53999999999999,-15.77,-20.52,-14.690000000000001,48.74,76.44,16.84,-20.9,-29.54,38.59,-20.77
2025-08-11T15:53:44.688017,30.0,30.0,-36.0,59.0,25.0,-50.0,42.0,-37.0,-97.0,-3.0,83.0,27.0,22.67,-24.46,-32.77,52.480000000000004,2.3099999999999987,4.740000000000002,43.44,-33.16,-44.9,7.460000000000001,67.59,28.23
2025-08-11T15:53:44.696421,81.0,-50.0,19.0,-30.0,71.0,-86.0,-49.0,35.0,-12.0,-48.0,50.0,-76.0,73.67,-104.46000000000001,22.23,-36.519999999999996,48.31,-31.259999999999998,-47.56,38.84,40.1,-37.54,34.59,-74.77
2025-08-11T15:53:44.700582,-65.0,9.0,51.0,27.0,28.0,-29.0,12.0,-6.0,-32.0,-53.0,51.0,17.0,-72.33,-45.46,54.23,20.48,5.309999999999999,25.740000000000002,13.44,-2.16,20.1,-42.54,35.59,18.23
2025-08-11T15:53:44.708523,10.0,117.0,33.0,11.0,-3.0,-33.0,-27.0,-23.0,-40.0,-29.0,36.0,-9.0,2.67,62.54,36.23,4.48,-25.69,21.740000000000002,-25.56,-19.16,12.100000000000001,-18.54,20.59,-7.77
2025-08-11T15:53:44.712892,-14.0,91.0,-11.0,32.0,-14.0,-16.0,-10.0,5.0,-11.0,-16.0,41.0,-18.0,-21.33,36.54,-7.77,25.48,-36.69,38.74,-8.56,8.84,41.1,-5.539999999999999,25.59,-16.77
2025-08-11T15:53:44.720754,34.0,50.0,-44.0,-11.0,-47.0,-91.0,7.0,-20.0,-27.0,15.0,92.0,-13.0,26.67,-4.460000000000001,-40.77,-17.52,-69.69,-36.26,8.44,-16.16,25.1,25.46,76.59,-11.77
2025-08-11T15:53:44.725870,44.0,-34.0,-46.0,-36.0,102.0,0.0,-52.0,-11.0,-54.0,-81.0,-6.0,-49.0,36.67,-88.46000000000001,-42.77,-42.519999999999996,79.31,54.74,-50.56,-7.16,-1.8999999999999986,-70.53999999999999,-21.41,-47.77
2025-08-11T15:53:44.733146,38.0,42.0,-24.0,-62.0,65.0,-22.0,37.0,-2.0,-86.0,-88.0,8.0,-11.0,30.67,-12.46,-20.77,-68.52,42.31,32.74,38.44,1.8399999999999999,-33.9,-77.53999999999999,-7.41,-9.77
2025-08-11T15:53:44.738132,-7.0,-41.0,-8.0,79.0,27.0,-41.0,-64.0,-42.0,-64.0,37.0,-5.0,-8.0,-14.33,-95.46000000000001,-4.77,72.48,4.309999999999999,13.740000000000002,-62.56,-38.16,-11.899999999999999,47.46,-20.41,-6.77
2025-08-11T15:53:44.745442,66.0,49.0,2.0,15.0,79.0,-41.0,-7.0,-16.0,-105.0,-18.0,1.0,17.0,58.67,-5.460000000000001,5.23,8.48,56.31,13.740000000000002,-5.5600000000000005,-12.16,-52.9,-7.539999999999999,-14.41,18.23
2025-08-11T15:53:44.750284,67.0,28.0,8.0,71.0,36.0,-73.0,10.0,17.0,-71.0,-13.0,13.0,-38.0,59.67,-26.46,11.23,64.48,13.309999999999999,-18.259999999999998,11.44,20.84,-18.9,-2.539999999999999,-2.41,-36.77
2025-08-11T15:53:44.757610,-40.0,72.0,108.0,-25.0,81.0,1.0,20.0,42.0,-45.0,-48.0,99.0,-20.0,-47.33,17.54,111.23,-31.52,58.31,55.74,21.44,45.84,7.100000000000001,-37.54,83.59,-18.77
2025-08-11T15:53:44.762682,-47.0,95.0,-30.0,-38.0,45.0,-41.0,-24.0,54.0,-89.0,-84.0,64.0,-5.0,-54.33,40.54,-26.77,-44.519999999999996,22.31,13.740000000000002,-22.56,57.84,-36.9,-73.53999999999999,48.59,-3.77
2025-08-11T15:53:44.770059,10.0,102.0,-35.0,-8.0,38.0,-55.0,-14.0,71.0,-41.0,-22.0,-28.0,-37.0,2.67,47.54,-31.77,-14.52,15.309999999999999,-0.259999999999998,-12.56,74.84,11.100000000000001,-11.54,-43.41,-35.77
2025-08-11T15:53:44.774293,72.0,52.0,8.0,20.0,56.0,-49.0,34.0,-23.0,-9.0,-48.0,55.0,-35.0,64.67,-2.460000000000001,11.23,13.48,33.31,5.740000000000002,35.44,-19.16,43.1,-37.54,39.59,-33.77
2025-08-11T15:53:44.782181,47.0,42.0,-77.0,-6.0,61.0,-79.0,45.0,22.0,-58.0,-47.0,3.0,31.0,39.67,-12.46,-73.77,-12.52,38.31,-24.259999999999998,46.44,25.84,-5.899999999999999,-36.54,-12.41,32.23
2025-08-11T15:53:44.786458,44.0,25.0,-61.0,-81.0,32.0,-41.0,34.0,8.0,-138.0,-28.0,86.0,-29.0,36.67,-29.46,-57.77,-87.52,9.309999999999999,13.740000000000002,35.44,11.84,-85.9,-17.54,70.59,-27.77
2025-08-11T15:53:44.794538,5.0,66.0,22.0,-4.0,10.0,-54.0,17.0,72.0,13.0,-34.0,28.0,4.0,-2.33,11.54,25.23,-10.52,-12.690000000000001,0.740000000000002,18.44,75.84,65.1,-23.54,12.59,5.23
2025-08-11T15:53:44.798780,16.0,-48.0,-25.0,-40.0,-10.0,-47.0,-19.0,2.0,-29.0,-12.0,53.0,-15.0,8.67,-102.46000000000001,-21.77,-46.519999999999996,-32.69,7.740000000000002,-17.56,5.84,23.1,-1.5399999999999991,37.59,-13.77
2025-08-11T15:53:44.806889,-15.0,46.0,53.0,-44.0,51.0,-67.0,-39.0,-53.0,-87.0,-53.0,53.0,-35.0,-22.33,-8.46,56.23,-50.519999999999996,28.31,-12.259999999999998,-37.56,-49.16,-34.9,-42.54,37.59,-33.77
2025-08-11T15:53:44.811096,-1.0,137.0,46.0,-17.0,125.0,-35.0,-47.0,-75.0,-39.0,-35.0,18.0,5.0,-8.33,82.53999999999999,49.23,-23.52,102.31,19.740000000000002,-45.56,-71.16,13.100000000000001,-24.54,2.59,6.23
2025-08-11T15:53:44.818967,-42.0,60.0,-63.0,77.0,43.0,-98.0,29.0,12.0,2.0,-33.0,30.0,-8.0,-49.33,5.539999999999999,-59.77,70.48,20.31,-43.26,30.44,15.84,54.1,-22.54,14.59,-6.77
2025-08-11T15:53:44.823459,-29.0,74.0,-74.0,70.0,-9.0,-104.0,-15.0,13.0,-71.0,4.0,-29.0,11.0,-36.33,19.54,-70.77,63.480000000000004,-31.69,-49.26,-13.56,16.84,-18.9,14.46,-44.41,12.23
2025-08-11T15:53:44.831394,72.0,127.0,-23.0,84.0,14.0,-63.0,33.0,-2.0,-52.0,6.0,37.0,15.0,64.67,72.53999999999999,-19.77,77.48,-8.690000000000001,-8.259999999999998,34.44,1.8399999999999999,0.10000000000000142,16.46,21.59,16.23
2025-08-11T15:53:44.835539,38.0,46.0,31.0,9.0,44.0,0.0,-5.0,-21.0,-82.0,-19.0,16.0,67.0,30.67,-8.46,34.23,2.4800000000000004,21.31,54.74,-3.56,-17.16,-29.9,-8.54,0.5899999999999999,68.23
2025-08-11T15:53:44.843529,25.0,-19.0,-19.0,8.0,38.0,-31.0,-46.0,11.0,-34.0,-63.0,82.0,-10.0,17.67,-73.46000000000001,-15.77,1.4800000000000004,15.309999999999999,23.740000000000002,-44.56,14.84,18.1,-52.54,66.59,-8.77
2025-08-11T15:53:44.847941,15.0,-71.0,10.0,0.0,103.0,-60.0,-31.0,-33.0,-71.0,-9.0,58.0,-29.0,7.67,-125.46000000000001,13.23,-6.52,80.31,-5.259999999999998,-29.56,-29.16,-18.9,1.4600000000000009,42.59,-27.77
2025-08-11T15:53:44.855935,-16.0,-19.0,0.0,21.0,-3.0,-110.0,35.0,-31.0,-49.0,-58.0,38.0,-48.0,-23.33,-73.46000000000001,3.23,14.48,-25.69,-55.26,36.44,-27.16,3.1000000000000014,-47.54,22.59,-46.77
2025-08-11T15:53:44.860009,-23.0,95.0,62.0,-46.0,15.0,-48.0,9.0,39.0,-62.0,-57.0,2.0,-3.0,-30.33,40.54,65.23,-52.519999999999996,-7.690000000000001,6.740000000000002,10.44,42.84,-9.899999999999999,-46.54,-13.41,-1.77
2025-08-11T15:53:44.864265,-5.0,91.0,-18.0,85.0,30.0,-132.0,7.0,-59.0,-25.0,-49.0,7.0,-62.0,-12.33,36.54,-14.77,78.48,7.309999999999999,-77.25999999999999,8.44,-55.16,27.1,-38.54,-8.41,-60.77
2025-08-11T15:53:44.872269,-71.0,54.0,-26.0,35.0,-18.0,-35.0,-2.0,-43.0,-141.0,-51.0,31.0,-18.0,-78.33,-0.46000000000000085,-22.77,28.48,-40.69,19.740000000000002,-0.56,-39.16,-88.9,-40.54,15.59,-16.77
2025-08-11T15:53:44.880468,27.0,46.0,-37.0,-39.0,-9.0,-121.0,5.0,-38.0,-31.0,-77.0,83.0,-43.0,19.67,-8.46,-33.77,-45.519999999999996,-31.69,-66.25999999999999,6.4399999999999995,-34.16,21.1,-66.53999999999999,67.59,-41.77
2025-08-11T15:53:44.884600,75.0,39.0,-75.0,16.0,9.0,-27.0,10.0,-18.0,-29.0,-54.0,45.0,6.0,67.67,-15.46,-71.77,9.48,-13.690000000000001,27.740000000000002,11.44,-14.16,23.1,-43.54,29.59,7.23
2025-08-11T15:53:44.888716,-18.0,66.0,-101.0,11.0,23.0,-46.0,-51.0,-32.0,-13.0,8.0,65.0,13.0,-25.33,11.54,-97.77,4.48,0.3099999999999987,8.740000000000002,-49.56,-28.16,39.1,18.46,49.59,14.23
2025-08-11T15:53:44.896920,71.0,33.0,-64.0,-89.0,5.0,-68.0,-7.0,-3.0,-99.0,-55.0,34.0,-36.0,63.67,-21.46,-60.77,-95.52,-17.69,-13.259999999999998,-5.5600000000000005,0.8399999999999999,-46.9,-44.54,18.59,-34.77
2025-08-11T15:53:44.901029,11.0,7.0,-28.0,24.0,101.0,-88.0,-36.0,-18.0,-65.0,11.0,67.0,-50.0,3.67,-47.46,-24.77,17.48,78.31,-33.26,-34.56,-14.16,-12.899999999999999,21.46,51.59,-48.77
2025-08-11T15:53:44.909228,83.0,41.0,34.0,-40.0,2.0,-23.0,-14.0,-4.0,-8.0,-27.0,25.0,19.0,75.67,-13.46,37.23,-46.519999999999996,-20.69,31.740000000000002,-12.56,-0.16000000000000014,44.1,-16.54,9.59,20.23
2025-08-11T15:53:44.913286,-12.0,36.0,60.0,-12.0,68.0,-60.0,2.0,52.0,-40.0,-14.0,18.0,-32.0,-19.33,-18.46,63.23,-18.52,45.31,-5.259999999999998,3.44,55.84,12.100000000000001,-3.539999999999999,2.59,-30.77
2025-08-11T15:53:44.921517,-26.0,35.0,48.0,-32.0,-68.0,-77.0,-23.0,-33.0,-103.0,-43.0,40.0,-65.0,-33.33,-19.46,51.23,-38.519999999999996,-90.69,-22.259999999999998,-21.56,-29.16,-50.9,-32.54,24.59,-63.77
2025-08-11T15:53:44.925589,-20.0,103.0,33.0,82.0,54.0,-58.0,-3.0,-23.0,-91.0,56.0,5.0,2.0,-27.33,48.54,36.23,75.48,31.31,-3.259999999999998,-1.56,-19.16,-38.9,66.46000000000001,-10.41,3.23
2025-08-11T15:53:44.933766,-27.0,76.0,-2.0,-18.0,48.0,-62.0,-12.0,26.0,-51.0,-19.0,36.0,9.0,-34.33,21.54,1.23,-24.52,25.31,-7.259999999999998,-10.56,29.84,1.1000000000000014,-8.54,20.59,10.23
2025-08-11T15:53:44.937995,-34.0,100.0,41.0,39.0,22.0,-50.0,30.0,1.0,-80.0,-57.0,41.0,0.0,-41.33,45.54,44.23,32.480000000000004,-0.6900000000000013,4.740000000000002,31.44,4.84,-27.9,-46.54,25.59,1.23
2025-08-11T15:53:44.946030,-46.0,73.0,20.0,-3.0,-8.0,-82.0,-13.0,60.0,-81.0,-70.0,77.0,-19.0,-53.33,18.54,23.23,-9.52,-30.69,-27.259999999999998,-11.56,63.84,-28.9,-59.54,61.59,-17.77
2025-08-11T15:53:44.950435,-61.0,119.0,-24.0,22.0,12.0,-127.0,-32.0,35.0,-135.0,-23.0,31.0,-47.0,-68.33,64.53999999999999,-20.77,15.48,-10.690000000000001,-72.25999999999999,-30.56,38.84,-82.9,-12.54,15.59,-45.77
2025-08-11T15:53:44.958398,6.0,47.0,-40.0,-1.0,1.0,-53.0,33.0,-36.0,-42.0,2.0,9.0,-4.0,-1.33,-7.460000000000001,-36.77,-7.52,-21.69,1.740000000000002,34.44,-32.16,10.100000000000001,12.46,-6.41,-2.77
2025-08-11T15:53:44.962754,-39.0,73.0,-18.0,71.0,-69.0,-41.0,13.0,-14.0,-39.0,-44.0,-6.0,54.0,-46.33,18.54,-14.77,64.48,-91.69,13.740000000000002,14.44,-10.16,13.100000000000001,-33.54,-21.41,55.23
2025-08-11T15:53:44.970584,78.0,94.0,-24.0,-17.0,40.0,-56.0,72.0,5.0,-74.0,-37.0,85.0,52.0,70.67,39.54,-20.77,-23.52,17.31,-1.259999999999998,73.44,8.84,-21.9,-26.54,69.59,53.23
2025-08-11T15:53:44.975040,2.0,28.0,-3.0,-6.0,106.0,-56.0,-31.0,1.0,-81.0,-28.0,8.0,-14.0,-5.33,-26.46,0.22999999999999998,-12.52,83.31,-1.259999999999998,-29.56,4.84,-28.9,-17.54,-7.41,-12.77
2025-08-11T15:53:44.982956,-11.0,69.0,-69.0,-20.0,7.0,-40.0,22.0,-20.0,-77.0,-21.0,11.0,60.0,-18.33,14.54,-65.77,-26.52,-15.690000000000001,14.740000000000002,23.44,-16.16,-24.9,-10.54,-4.41,61.23
2025-08-11T15:53:44.987754,41.0,15.0,48.0,-6.0,26.0,-75.0,-9.0,60.0,-88.0,-15.0,12.0,42.0,33.67,-39.46,51.23,-12.52,3.3099999999999987,-20.259999999999998,-7.5600000000000005,63.84,-35.9,-4.539999999999999,-3.41,43.23
2025-08-11T15:53:44.995074,32.0,-5.0,-27.0,29.0,0.0,-75.0,-32.0,-74.0,-86.0,-6.0,-109.0,53.0,24.67,-59.46,-23.77,22.48,-22.69,-20.259999999999998,-30.56,-70.16,-33.9,4.460000000000001,-124.41,54.23
2025-08-11T15:53:44.999551,120.0,4.0,0.0,-15.0,20.0,-63.0,60.0,-12.0,-63.0,54.0,-55.0,-9.0,112.67,-50.46,3.23,-21.52,-2.6900000000000013,-8.259999999999998,61.44,-8.16,-10.899999999999999,64.46000000000001,-70.41,-7.77
2025-08-11T15:53:45.007458,-2.0,111.0,21.0,65.0,-2.0,-62.0,-37.0,-13.0,-47.0,27.0,-43.0,62.0,-9.33,56.54,24.23,58.480000000000004,-24.69,-7.259999999999998,-35.56,-9.16,5.100000000000001,37.46,-58.41,63.23
2025-08-11T15:53:45.011703,81.0,62.0,-9.0,31.0,-3.0,-11.0,-4.0,-7.0,2.0,15.0,-60.0,3.0,73.67,7.539999999999999,-5.77,24.48,-25.69,43.74,-2.56,-3.16,54.1,25.46,-75.41,4.23
2025-08-11T15:53:45.015669,34.0,89.0,12.0,59.0,52.0,-105.0,41.0,-3.0,-83.0,3.0,-9.0,-92.0,26.67,34.54,15.23,52.480000000000004,29.31,-50.26,42.44,0.8399999999999999,-30.9,13.46,-24.41,-90.77
2025-08-11T15:53:45.023849,17.0,42.0,64.0,9.0,-12.0,-4.0,4.0,-7.0,-17.0,-6.0,55.0,1.0,9.67,-12.46,67.23,2.4800000000000004,-34.69,50.74,5.4399999999999995,-3.16,35.1,4.460000000000001,39.59,2.23
2025-08-11T15:53:45.027999,-66.0,26.0,42.0,26.0,26.0,-44.0,58.0,-5.0,22.0,-35.0,29.0,-44.0,-73.33,-28.46,45.23,19.48,3.3099999999999987,10.740000000000002,59.44,-1.1600000000000001,74.1,-24.54,13.59,-42.77
2025-08-11T15:53:45.036242,-48.0,78.0,49.0,12.0,27.0,-15.0,-21.0,-10.0,-101.0,-109.0,-1.0,-61.0,-55.33,23.54,52.23,5.48,4.309999999999999,39.74,-19.56,-6.16,-48.9,-98.53999999999999,-16.41,-59.77
2025-08-11T15:53:45.040240,-24.0,58.0,14.0,25.0,97.0,-47.0,-13.0,-36.0,-59.0,-75.0,44.0,32.0,-31.33,3.539999999999999,17.23,18.48,74.31,7.740000000000002,-11.56,-32.16,-6.899999999999999,-64.53999999999999,28.59,33.23
2025-08-11T15:53:45.048409,45.0,36.0,12.0,19.0,19.0,-110.0,-31.0,1.0,-8.0,-5.0,20.0,-20.0,37.67,-18.46,15.23,12.48,-3.6900000000000013,-55.26,-29.56,4.84,44.1,5.460000000000001,4.59,-18.77
2025-08-11T15:53:45.052593,74.0,69.0,-43.0,33.0,76.0,-89.0,-1.0,80.0,-53.0,-59.0,20.0,35.0,66.67,14.54,-39.77,26.48,53.31,-34.26,0.43999999999999995,83.84,-0.8999999999999986,-48.54,4.59,36.23
2025-08-11T15:53:45.060847,70.0,61.0,5.0,-24.0,-9.0,-47.0,-15.0,-39.0,-78.0,11.0,29.0,-39.0,62.67,6.539999999999999,8.23,-30.52,-31.69,7.740000000000002,-13.56,-35.16,-25.9,21.46,13.59,-37.77
2025-08-11T15:53:45.065076,8.0,41.0,-58.0,33.0,-13.0,-66.0,50.0,-20.0,-82.0,-56.0,-17.0,-12.0,0.6699999999999999,-13.46,-54.77,26.48,-35.69,-11.259999999999998,51.44,-16.16,-29.9,-45.54,-32.41,-10.77
2025-08-11T15:53:45.073074,17.0,19.0,20.0,3.0,5.0,-59.0,29.0,21.0,-88.0,-29.0,51.0,-5.0,9.67,-35.46,23.23,-3.5199999999999996,-17.69,-4.259999999999998,30.44,24.84,-35.9,-18.54,35.59,-3.77
2025-08-11T15:53:45.077426,60.0,91.0,53.0,10.0,19.0,-105.0,72.0,-16.0,-48.0,-26.0,43.0,-39.0,52.67,36.54,56.23,3.4800000000000004,-3.6900000000000013,-50.26,73.44,-12.16,4.100000000000001,-15.54,27.59,-37.77
2025-08-11T15:53:45.085376,-24.0,0.0,-38.0,-26.0,46.0,-5.0,-31.0,-5.0,-15.0,-54.0,15.0,-41.0,-31.33,-54.46,-34.77,-32.519999999999996,23.31,49.74,-29.56,-1.1600000000000001,37.1,-43.54,-0.41000000000000014,-39.77
2025-08-11T15:53:45.089682,-47.0,126.0,12.0,-20.0,92.0,-108.0,-28.0,11.0,0.0,-69.0,9.0,-18.0,-54.33,71.53999999999999,15.23,-26.52,69.31,-53.26,-26.56,14.84,52.1,-58.54,-6.41,-16.77
2025-08-11T15:53:45.097717,-40.0,89.0,9.0,27.0,68.0,-55.0,-25.0,-49.0,-19.0,-10.0,74.0,-37.0,-47.33,34.54,12.23,20.48,45.31,-0.259999999999998,-23.56,-45.16,33.1,0.46000000000000085,58.59,-35.77
2025-08-11T15:53:45.101832,77.0,77.0,-57.0,10.0,14.0,-102.0,-53.0,6.0,-52.0,32.0,50.0,-76.0,69.67,22.54,-53.77,3.4800000000000004,-8.690000000000001,-47.26,-51.56,9.84,0.10000000000000142,42.46,34.59,-74.77
2025-08-11T15:53:45.109889,51.0,12.0,-19.0,46.0,-33.0,-19.0,-19.0,29.0,-43.0,-66.0,67.0,-50.0,43.67,-42.46,-15.77,39.480000000000004,-55.69,35.74,-17.56,32.84,9.100000000000001,-55.54,51.59,-48.77
2025-08-11T15:53:45.114140,37.0,16.0,9.0,-45.0,31.0,-38.0,31.0,44.0,-111.0,-49.0,57.0,58.0,29.67,-38.46,12.23,-51.519999999999996,8.309999999999999,16.740000000000002,32.44,47.84,-58.9,-38.54,41.59,59.23
2025-08-11T15:53:45.122163,-59.0,81.0,38.0,-31.0,59.0,-56.0,11.0,13.0,-135.0,-1.0,77.0,-20.0,-66.33,26.54,41.23,-37.519999999999996,36.31,-1.259999999999998,12.44,16.84,-82.9,9.46,61.59,-18.77
2025-08-11T15:53:45.126496,-6.0,87.0,53.0,-6.0,47.0,-10.0,-43.0,57.0,-77.0,-39.0,53.0,12.0,-13.33,32.54,56.23,-12.52,24.31,44.74,-41.56,60.84,-24.9,-28.54,37.59,13.23
2025-08-11T15:53:45.134414,-42.0,60.0,69.0,56.0,22.0,-83.0,30.0,-18.0,-17.0,-72.0,46.0,-30.0,-49.33,5.539999999999999,72.23,49.480000000000004,-0.6900000000000013,-28.259999999999998,31.44,-14.16,35.1,-61.54,30.59,-28.77
2025-08-11T15:53:45.138711,-67.0,122.0,-37.0,13.0,44.0,-89.0,-22.0,-5.0,-76.0,-57.0,15.0,-48.0,-74.33,67.53999999999999,-33.77,6.48,21.31,-34.26,-20.56,-1.1600000000000001,-23.9,-46.54,-0.41000000000000014,-46.77
2025-08-11T15:53:45.146912,70.0,19.0,-41.0,-36.0,10.0,-113.0,25.0,-39.0,-74.0,-55.0,-30.0,18.0,62.67,-35.46,-37.77,-42.519999999999996,-12.690000000000001,-58.26,26.44,-35.16,-21.9,-44.54,-45.41,19.23
2025-08-11T15:53:45.151108,31.0,56.0,-64.0,47.0,10.0,-16.0,34.0,-87.0,-107.0,-43.0,73.0,-43.0,23.67,1.5399999999999991,-60.77,40.480000000000004,-12.690000000000001,38.74,35.44,-83.16,-54.9,-32.54,57.59,-41.77
2025-08-11T15:53:45.159038,90.0,23.0,-2.0,9.0,1.0,1.0,38.0,-8.0,-12.0,-83.0,35.0,-45.0,82.67,-31.46,1.23,2.4800000000000004,-21.69,55.74,39.44,-4.16,40.1,-72.53999999999999,19.59,-43.77
2025-08-11T15:53:45.163445,90.0,-1.0,4.0,8.0,11.0,-27.0,18.0,-46.0,-53.0,-12.0,35.0,25.0,82.67,-55.46,7.23,1.4800000000000004,-11.690000000000001,27.740000000000002,19.44,-42.16,-0.8999999999999986,-1.5399999999999991,19.59,26.23
2025-08-11T15:53:45.171330,48.0,3.0,-1.0,53.0,24.0,-88.0,-5.0,-23.0,-93.0,16.0,85.0,-69.0,40.67,-51.46,2.23,46.480000000000004,1.3099999999999987,-33.26,-3.56,-19.16,-40.9,26.46,69.59,-67.77
2025-08-11T15:53:45.175686,31.0,85.0,66.0,100.0,78.0,-61.0,27.0,58.0,-25.0,-3.0,63.0,-38.0,23.67,30.54,69.23,93.48,55.31,-6.259999999999998,28.44,61.84,27.1,7.460000000000001,47.59,-36.77
2025-08-11T15:53:45.183656,-28.0,28.0,27.0,23.0,84.0,-43.0,-3.0,-18.0,-73.0,-30.0,7.0,-27.0,-35.33,-26.46,30.23,16.48,61.31,11.740000000000002,-1.56,-14.16,-20.9,-19.54,-8.41,-25.77
2025-08-11T15:53:45.187933,-13.0,12.0,40.0,15.0,10.0,-120.0,55.0,39.0,-37.0,-39.0,6.0,-105.0,-20.33,-42.46,43.23,8.48,-12.690000000000001,-65.25999999999999,56.44,42.84,15.100000000000001,-28.54,-9.41,-103.77
2025-08-11T15:53:45.195942,17.0,132.0,15.0,37.0,31.0,-116.0,16.0,-74.0,-32.0,17.0,-25.0,-64.0,9.67,77.53999999999999,18.23,30.48,8.309999999999999,-61.26,17.44,-70.16,20.1,27.46,-40.41,-62.77
2025-08-11T15:53:45.200251,-39.0,119.0,32.0,78.0,-46.0,-38.0,-46.0,-3.0,-58.0,-70.0,64.0,11.0,-46.33,64.53999999999999,35.23,71.48,-68.69,16.740000000000002,-44.56,0.8399999999999999,-5.899999999999999,-59.54,48.59,12.23
2025-08-11T15:53:45.208186,-22.0,53.0,-56.0,3.0,16.0,-101.0,7.0,22.0,-63.0,-78.0,13.0,5.0,-29.33,-1.4600000000000009,-52.77,-3.5199999999999996,-6.690000000000001,-46.26,8.44,25.84,-10.899999999999999,-67.53999999999999,-2.41,6.23
2025-08-11T15:53:45.212511,53.0,48.0,-36.0,36.0,90.0,-54.0,-48.0,20.0,-119.0,-46.0,6.0,0.0,45.67,-6.460000000000001,-32.77,29.48,67.31,0.740000000000002,-46.56,23.84,-66.9,-35.54,-9.41,1.23
2025-08-11T15:53:45.220441,87.0,49.0,-34.0,-4.0,78.0,-121.0,0.0,96.0,-50.0,-6.0,30.0,-52.0,79.67,-5.460000000000001,-30.77,-10.52,55.31,-66.25999999999999,1.44,99.84,2.1000000000000014,4.460000000000001,14.59,-50.77
2025-08-11T15:53:45.224613,12.0,79.0,-54.0,35.0,97.0,-108.0,-38.0,5.0,-67.0,-28.0,-9.0,-10.0,4.67,24.54,-50.77,28.48,74.31,-53.26,-36.56,8.84,-14.899999999999999,-17.54,-24.41,-8.77
2025-08-11T15:53:45.232886,43.0,63.0,-27.0,103.0,36.0,-49.0,-34.0,-19.0,-109.0,-28.0,57.0,-1.0,35.67,8.54,-23.77,96.48,13.309999999999999,5.740000000000002,-32.56,-15.16,-56.9,-17.54,41.59,0.22999999999999998
2025-08-11T15:53:45.236970,-76.0,-17.0,44.0,34.0,44.0,-22.0,-21.0,18.0,-74.0,-51.0,23.0,-37.0,-83.33,-71.46000000000001,47.23,27.48,21.31,32.74,-19.56,21.84,-21.9,-40.54,7.59,-35.77
2025-08-11T15:53:45.244904,-22.0,106.0,19.0,-19.0,5.0,-57.0,58.0,10.0,-73.0,-39.0,24.0,-55.0,-29.33,51.54,22.23,-25.52,-17.69,-2.259999999999998,59.44,13.84,-20.9,-28.54,8.59,-53.77
2025-08-11T15:53:45.249287,-21.0,145.0,-57.0,-31.0,77.0,-79.0,5.0,1.0,-49.0,-12.0,9.0,3.0,-28.33,90.53999999999999,-53.77,-37.519999999999996,54.31,-24.259999999999998,6.4399999999999995,4.84,3.1000000000000014,-1.5399999999999991,-6.41,4.23
2025-08-11T15:53:45.253187,-56.0,5.0,-39.0,19.0,91.0,-55.0,65.0,21.0,-65.0,-45.0,47.0,-55.0,-63.33,-49.46,-35.77,12.48,68.31,-0.259999999999998,66.44,24.84,-12.899999999999999,-34.54,31.59,-53.77
2025-08-11T15:53:45.261611,80.0,145.0,-14.0,35.0,26.0,-92.0,6.0,-9.0,-127.0,-75.0,62.0,0.0,72.67,90.53999999999999,-10.77,28.48,3.3099999999999987,-37.26,7.4399999999999995,-5.16,-74.9,-64.53999999999999,46.59,1.23
2025-08-11T15:53:45.265597,55.0,76.0,-99.0,9.0,62.0,-18.0,28.0,-36.0,-96.0,-41.0,42.0,-9.0,47.67,21.54,-95.77,2.4800000000000004,39.31,36.74,29.44,-32.16,-43.9,-30.54,26.59,-7.77
2025-08-11T15:53:45.273684,37.0,39.0,-38.0,-44.0,35.0,-88.0,17.0,69.0,-67.0,-63.0,47.0,-12.0,29.67,-15.46,-34.77,-50.519999999999996,12.309999999999999,-33.26,18.44,72.84,-14.899999999999999,-52.54,31.59,-10.77
2025-08-11T15:53:45.277828,40.0,-7.0,-19.0,-86.0,23.0,-49.0,-42.0,-33.0,-72.0,-44.0,56.0,-8.0,32.67,-61.46,-15.77,-92.52,0.3099999999999987,5.740000000000002,-40.56,-29.16,-19.9,-33.54,40.59,-6.77
2025-08-11T15:53:45.286122,40.0,64.0,-22.0,-42.0,36.0,-33.0,-51.0,9.0,-102.0,7.0,34.0,-12.0,32.67,9.54,-18.77,-48.519999999999996,13.309999999999999,21.740000000000002,-49.56,12.84,-49.9,17.46,18.59,-10.77
2025-08-11T15:53:45.290084,-19.0,25.0,61.0,-20.0,99.0,-76.0,12.0,-6.0,-114.0,7.0,-44.0,1.0,-26.33,-29.46,64.23,-26.52,76.31,-21.259999999999998,13.44,-2.16,-61.9,17.46,-59.41,2.23
2025-08-11T15:53:45.298297,-37.0,1.0,-57.0,-54.0,35.0,-112.0,7.0,26.0,-66.0,-48.0,-10.0,2.0,-44.33,-53.46,-53.77,-60.519999999999996,12.309999999999999,-57.26,8.44,29.84,-13.899999999999999,-37.54,-25.41,3.23
2025-08-11T15:53:45.302642,4.0,57.0,64.0,12.0,18.0,-46.0,-35.0,-4.0,-88.0,-90.0,30.0,-17.0,-3.33,2.539999999999999,67.23,5.48,-4.690000000000001,8.740000000000002,-33.56,-0.16000000000000014,-35.9,-79.53999999999999,14.59,-15.77
2025-08-11T15:53:45.310484,-1.0,-12.0,51.0,68.0,12.0,-85.0,-8.0,28.0,-44.0,-22.0,55.0,-31.0,-8.33,-66.46000000000001,54.23,61.480000000000004,-10.690000000000001,-30.259999999999998,-6.5600000000000005,31.84,8.100000000000001,-11.54,39.59,-29.77
2025-08-11T15:53:45.314772,16.0,3.0,43.0,-5.0,-44.0,-65.0,29.0,-13.0,-78.0,48.0,46.0,-9.0,8.67,-51.46,46.23,-11.52,-66.69,-10.259999999999998,30.44,-9.16,-25.9,58.46,30.59,-7.77
2025-08-11T15:53:45.322812,1.0,-39.0,9.0,12.0,27.0,-49.0,-4.0,93.0,-49.0,-82.0,108.0,-72.0,-6.33,-93.46000000000001,12.23,5.48,4.309999999999999,5.740000000000002,-2.56,96.84,3.1000000000000014,-71.53999999999999,92.59,-70.77
2025-08-11T15:53:45.327166,-16.0,-9.0,-11.0,-48.0,-2.0,-74.0,26.0,34.0,-46.0,-24.0,29.0,6.0,-23.33,-63.46,-7.77,-54.519999999999996,-24.69,-19.259999999999998,27.44,37.84,6.100000000000001,-13.54,13.59,7.23
2025-08-11T15:53:45.335067,-45.0,54.0,34.0,-16.0,-14.0,-40.0,-19.0,77.0,-121.0,-30.0,49.0,-25.0,-52.33,-0.46000000000000085,37.23,-22.52,-36.69,14.740000000000002,-17.56,80.84,-68.9,-19.54,33.59,-23.77
2025-08-11T15:53:45.339462,5.0,102.0,41.0,33.0,1.0,-55.0,12.0,-5.0,-130.0,-66.0,71.0,-7.0,-2.33,47.54,44.23,26.48,-21.69,-0.259999999999998,13.44,-1.1600000000000001,-77.9,-55.54,55.59,-5.77
2025-08-11T15:53:45.347368,-9.0,62.0,78.0,25.0,29.0,39.0,22.0,-21.0,-80.0,-23.0,45.0,-76.0,-16.33,7.539999999999999,81.23,18.48,6.309999999999999,93.74000000000001,23.44,-17.16,-27.9,-12.54,29.59,-74.77
2025-08-11T15:53:45.351694,-79.0,124.0,-27.0,15.0,59.0,-86.0,76.0,59.0,-110.0,-24.0,50.0,-42.0,-86.33,69.53999999999999,-23.77,8.48,36.31,-31.259999999999998,77.44,62.84,-57.9,-13.54,34.59,-40.77
2025-08-11T15:53:45.359876,69.0,118.0,-63.0,36.0,46.0,-40.0,-2.0,-14.0,-51.0,-50.0,9.0,10.0,61.67,63.54,-59.77,29.48,23.31,14.740000000000002,-0.56,-10.16,1.1000000000000014,-39.54,-6.41,11.23
2025-08-11T15:53:45.364038,-33.0,85.0,-57.0,46.0,-64.0,-47.0,-39.0,-12.0,18.0,4.0,-20.0,-39.0,-40.33,30.54,-53.77,39.480000000000004,-86.69,7.740000000000002,-37.56,-8.16,70.1,14.46,-35.41,-37.77
2025-08-11T15:53:45.371946,63.0,48.0,-37.0,-11.0,75.0,-24.0,39.0,-42.0,-28.0,-15.0,29.0,-42.0,55.67,-6.460000000000001,-33.77,-17.52,52.31,30.740000000000002,40.44,-38.16,24.1,-4.539999999999999,13.59,-40.77
2025-08-11T15:53:45.376325,56.0,71.0,2.0,13.0,43.0,-44.0,-24.0,-13.0,-34.0,8.0,53.0,-56.0,48.67,16.54,5.23,6.48,20.31,10.740000000000002,-22.56,-9.16,18.1,18.46,37.59,-54.77
2025-08-11T15:53:45.384227,35.0,36.0,45.0,12.0,69.0,-64.0,-41.0,-21.0,-93.0,-8.0,54.0,-49.0,27.67,-18.46,48.23,5.48,46.31,-9.259999999999998,-39.56,-17.16,-40.9,2.460000000000001,38.59,-47.77
2025-08-11T15:53:45.389038,-10.0,16.0,12.0,32.0,83.0,-38.0,7.0,-5.0,-31.0,5.0,10.0,-39.0,-17.33,-38.46,15.23,25.48,60.31,16.740000000000002,8.44,-1.1600000000000001,21.1,15.46,-5.41,-37.77
2025-08-11T15:53:45.396522,1.0,59.0,27.0,51.0,52.0,-97.0,0.0,-33.0,-37.0,-57.0,28.0,54.0,-6.33,4.539999999999999,30.23,44.480000000000004,29.31,-42.26,1.44,-29.16,15.100000000000001,-46.54,12.59,55.23
2025-08-11T15:53:45.401380,-17.0,56.0,39.0,-39.0,20.0,-90.0,-70.0,-11.0,-38.0,-81.0,73.0,-8.0,-24.33,1.5399999999999991,42.23,-45.519999999999996,-2.6900000000000013,-35.26,-68.56,-7.16,14.100000000000001,-70.53999999999999,57.59,-6.77
2025-08-11T15:53:45.408717,-80.0,58.0,-48.0,84.0,11.0,-52.0,-39.0,5.0,-34.0,-78.0,31.0,-32.0,-87.33,3.539999999999999,-44.77,77.48,-11.690000000000001,2.740000000000002,-37.56,8.84,18.1,-67.53999999999999,15.59,-30.77
2025-08-11T15:53:45.413761,17.0,85.0,-23.0,-16.0,16.0,-44.0,-36.0,-3.0,-60.0,-4.0,32.0,-33.0,9.67,30.54,-19.77,-22.52,-6.690000000000001,10.740000000000002,-34.56,0.8399999999999999,-7.899999999999999,6.460000000000001,16.59,-31.77
2025-08-11T15:53:45.421229,38.0,-22.0,-39.0,-65.0,-36.0,-36.0,-33.0,38.0,-140.0,-14.0,44.0,-8.0,30.67,-76.46000000000001,-35.77,-71.52,-58.69,18.740000000000002,-31.56,41.84,-87.9,-3.539999999999999,28.59,-6.77
2025-08-11T15:53:45.425476,99.0,47.0,59.0,-31.0,-3.0,-70.0,94.0,37.0,-64.0,-67.0,83.0,36.0,91.67,-7.460000000000001,62.23,-37.519999999999996,-25.69,-15.259999999999998,95.44,40.84,-11.899999999999999,-56.54,67.59,37.23
2025-08-11T15:53:45.433453,5.0,1.0,37.0,-21.0,50.0,-114.0,-70.0,24.0,-41.0,-105.0,88.0,2.0,-2.33,-53.46,40.23,-27.52,27.31,-59.26,-68.56,27.84,11.100000000000001,-94.53999999999999,72.59,3.23
2025-08-11T15:53:45.437656,-10.0,115.0,76.0,98.0,-21.0,-86.0,73.0,5.0,-84.0,-52.0,16.0,-53.0,-17.33,60.54,79.23,91.48,-43.69,-31.259999999999998,74.44,8.84,-31.9,-41.54,0.5899999999999999,-51.77
2025-08-11T15:53:45.445602,-60.0,68.0,-70.0,10.0,-2.0,-55.0,0.0,100.0,-55.0,-31.0,43.0,-49.0,-67.33,13.54,-66.77,3.4800000000000004,-24.69,-0.259999999999998,1.44,103.84,-2.8999999999999986,-20.54,27.59,-47.77
2025-08-11T15:53:45.449860,37.0,89.0,-83.0,-27.0,47.0,-48.0,35.0,8.0,-54.0,-43.0,82.0,-13.0,29.67,34.54,-79.77,-33.519999999999996,24.31,6.740000000000002,36.44,11.84,-1.8999999999999986,-32.54,66.59,-11.77
2025-08-11T15:53:45.454094,-55.0,77.0,-40.0,42.0,40.0,-21.0,23.0,8.0,-138.0,-68.0,55.0,29.0,-62.33,22.54,-36.77,35.480000000000004,17.31,33.74,24.44,11.84,-85.9,-57.54,39.59,30.23
2025-08-11T15:53:45.462160,47.0,53.0,19.0,-18.0,58.0,-5.0,15.0,14.0,-66.0,-26.0,26.0,-10.0,39.67,-1.4600000000000009,22.23,-24.52,35.31,49.74,16.44,17.84,-13.899999999999999,-15.54,10.59,-8.77
2025-08-11T15:53:45.466188,-5.0,34.0,61.0,61.0,38.0,-74.0,-62.0,47.0,-94.0,-40.0,56.0,33.0,-12.33,-20.46,64.23,54.480000000000004,15.309999999999999,-19.259999999999998,-60.56,50.84,-41.9,-29.54,40.59,34.23
2025-08-11T15:53:45.474468,-8.0,58.0,2.0,-14.0,93.0,-89.0,-25.0,-8.0,-91.0,-26.0,-19.0,-3.0,-15.33,3.539999999999999,5.23,-20.52,70.31,-34.26,-23.56,-4.16,-38.9,-15.54,-34.41,-1.77
2025-08-11T15:53:45.478484,36.0,-9.0,53.0,6.0,49.0,-78.0,14.0,-24.0,-83.0,-33.0,57.0,48.0,28.67,-63.46,56.23,-0.5199999999999996,26.31,-23.259999999999998,15.44,-20.16,-30.9,-22.54,41.59,49.23
2025-08-11T15:53:45.486687,-13.0,86.0,14.0,44.0,35.0,-116.0,25.0,-24.0,-118.0,50.0,24.0,-9.0,-20.33,31.54,17.23,37.480000000000004,12.309999999999999,-61.26,26.44,-20.16,-65.9,60.46,8.59,-7.77
2025-08-11T15:53:45.490850,-23.0,188.0,-49.0,9.0,-34.0,-138.0,-82.0,37.0,-166.0,-15.0,27.0,25.0,-30.33,133.54,-45.77,2.4800000000000004,-56.69,-83.25999999999999,-80.56,40.84,-113.9,-4.539999999999999,11.59,26.23
2025-08-11T15:53:45.499095,78.0,108.0,-71.0,44.0,-53.0,-57.0,-50.0,-37.0,-33.0,-38.0,62.0,-47.0,70.67,53.54,-67.77,37.480000000000004,-75.69,-2.259999999999998,-48.56,-33.16,19.1,-27.54,46.59,-45.77
2025-08-11T15:53:45.503059,92.0,2.0,-3.0,10.0,17.0,-7.0,-49.0,-11.0,-14.0,-24.0,8.0,-11.0,84.67,-52.46,0.22999999999999998,3.4800000000000004,-5.690000000000001,47.74,-47.56,-7.16,38.1,-13.54,-7.41,-9.77
2025-08-11T15:53:45.511301,57.0,28.0,-36.0,-13.0,15.0,9.0,-17.0,-40.0,6.0,-61.0,66.0,-14.0,49.67,-26.46,-32.77,-19.52,-7.690000000000001,63.74,-15.56,-36.16,58.1,-50.54,50.59,-12.77
2025-08-11T15:53:45.515390,88.0,-44.0,-16.0,-44.0,88.0,-26.0,-72.0,-51.0,-9.0,-19.0,83.0,-95.0,80.67,-98.46000000000001,-12.77,-50.519999999999996,65.31,28.740000000000002,-70.56,-47.16,43.1,-8.54,67.59,-93.77
2025-08-11T15:53:45.523635,-77.0,8.0,65.0,-39.0,54.0,-69.0,-35.0,-8.0,-29.0,-11.0,48.0,-58.0,-84.33,-46.46,68.23,-45.519999999999996,31.31,-14.259999999999998,-33.56,-4.16,23.1,-0.5399999999999991,32.59,-56.77
2025-08-11T15:53:45.527814,-6.0,44.0,83.0,41.0,60.0,-41.0,28.0,-30.0,-99.0,-111.0,17.0,-40.0,-13.33,-10.46,86.23,34.480000000000004,37.31,13.740000000000002,29.44,-26.16,-46.9,-100.53999999999999,1.5899999999999999,-38.77
2025-08-11T15:53:45.535915,-34.0,105.0,11.0,-10.0,20.0,-77.0,-4.0,12.0,-40.0,-44.0,13.0,-18.0,-41.33,50.54,14.23,-16.52,-2.6900000000000013,-22.259999999999998,-2.56,15.84,12.100000000000001,-33.54,-2.41,-16.77
2025-08-11T15:53:45.540076,29.0,47.0,-32.0,-12.0,47.0,-96.0,-97.0,0.0,-69.0,-6.0,60.0,1.0,21.67,-7.460000000000001,-28.77,-18.52,24.31,-41.26,-95.56,3.84,-16.9,4.460000000000001,44.59,2.23
2025-08-11T15:53:45.548238,2.0,131.0,-18.0,95.0,31.0,-75.0,-46.0,-24.0,-18.0,-25.0,72.0,-18.0,-5.33,76.53999999999999,-14.77,88.48,8.309999999999999,-20.259999999999998,-44.56,-20.16,34.1,-14.54,56.59,-16.77
2025-08-11T15:53:45.552364,32.0,74.0,-36.0,1.0,4.0,-32.0,21.0,29.0,27.0,-10.0,15.0,-46.0,24.67,19.54,-32.77,-5.52,-18.69,22.740000000000002,22.44,32.84,79.1,0.46000000000000085,-0.41000000000000014,-44.77
2025-08-11T15:53:45.560411,70.0,80.0,-46.0,13.0,58.0,-22.0,10.0,-64.0,-33.0,-94.0,33.0,-63.0,62.67,25.54,-42.77,6.48,35.31,32.74,11.44,-60.16,19.1,-83.53999999999999,17.59,-61.77
2025-08-11T15:53:45.564646,82.0,52.0,6.0,-45.0,-15.0,-123.0,-19.0,44.0,-20.0,-42.0,28.0,44.0,74.67,-2.460000000000001,9.23,-51.519999999999996,-37.69,-68.25999999999999,-17.56,47.84,32.1,-31.54,12.59,45.23
2025-08-11T15:53:45.572820,-7.0,12.0,-28.0,-36.0,48.0,-28.0,-7.0,-24.0,-32.0,-82.0,55.0,-4.0,-14.33,-42.46,-24.77,-42.519999999999996,25.31,26.740000000000002,-5.5600000000000005,-20.16,20.1,-71.53999999999999,39.59,-2.77
2025-08-11T15:53:45.576878,25.0,25.0,1.0,74.0,-43.0,-111.0,-26.0,22.0,-67.0,7.0,62.0,-44.0,17.67,-29.46,4.23,67.48,-65.69,-56.26,-24.56,25.84,-14.899999999999999,17.46,46.59,-42.77
2025-08-11T15:53:45.584974,-50.0,116.0,-13.0,34.0,-40.0,-15.0,-21.0,29.0,-19.0,-37.0,16.0,-28.0,-57.33,61.54,-9.77,27.48,-62.69,39.74,-19.56,32.84,33.1,-26.54,0.5899999999999999,-26.77
2025-08-11T15:53:45.589313,39.0,32.0,-95.0,-16.0,70.0,-43.0,-5.0,-23.0,1.0,-97.0,80.0,-14.0,31.67,-22.46,-91.77,-22.52,47.31,11.740000000000002,-3.56,-19.16,53.1,-86.53999999999999,64.59,-12.77
2025-08-11T15:53:45.597422,-27.0,80.0,-20.0,-45.0,8.0,-41.0,-38.0,-9.0,-28.0,-20.0,89.0,-11.0,-34.33,25.54,-16.77,-51.519999999999996,-14.690000000000001,13.740000000000002,-36.56,-5.16,24.1,-9.54,73.59,-9.77
2025-08-11T15:53:45.601634,70.0,78.0,-31.0,-7.0,90.0,-50.0,-54.0,52.0,-82.0,-57.0,61.0,-88.0,62.67,23.54,-27.77,-13.52,67.31,4.740000000000002,-52.56,55.84,-29.9,-46.54,45.59,-86.77
2025-08-11T15:53:45.609560,-23.0,51.0,-66.0,8.0,62.0,-84.0,46.0,-3.0,-87.0,-50.0,31.0,-28.0,-30.33,-3.460000000000001,-62.77,1.4800000000000004,39.31,-29.259999999999998,47.44,0.8399999999999999,-34.9,-39.54,15.59,-26.77
2025-08-11T15:53:45.613745,25.0,69.0,-39.0,85.0,37.0,-43.0,-35.0,14.0,-4.0,-54.0,69.0,-58.0,17.67,14.54,-35.77,78.48,14.309999999999999,11.740000000000002,-33.56,17.84,48.1,-43.54,53.59,-56.77
2025-08-11T15:53:45.621909,57.0,26.0,4.0,31.0,-27.0,-17.0,22.0,35.0,-38.0,-97.0,-6.0,-18.0,49.67,-28.46,7.23,24.48,-49.69,37.74,23.44,38.84,14.100000000000001,-86.53999999999999,-21.41,-16.77
2025-08-11T15:53:45.626040,-14.0,11.0,29.0,-20.0,1.0,11.0,-14.0,62.0,-118.0,-98.0,51.0,-38.0,-21.33,-43.46,32.23,-26.52,-21.69,65.74000000000001,-12.56,65.84,-65.9,-87.53999999999999,35.59,-36.77
2025-08-11T15:53:45.634141,32.0,113.0,12.0,11.0,51.0,-52.0,-1.0,31.0,-143.0,-18.0,-5.0,-31.0,24.67,58.54,15.23,4.48,28.31,2.740000000000002,0.43999999999999995,34.84,-90.9,-7.539999999999999,-20.41,-29.77
2025-08-11T15:53:45.638539,14.0,107.0,-13.0,13.0,6.0,-63.0,-3.0,-10.0,-45.0,-32.0,9.0,-62.0,6.67,52.54,-9.77,6.48,-16.69,-8.259999999999998,-1.56,-6.16,7.100000000000001,-21.54,-6.41,-60.77
2025-08-11T15:53:45.646519,10.0,75.0,-12.0,-11.0,-21.0,-60.0,-99.0,35.0,-141.0,-65.0,66.0,-24.0,2.67,20.54,-8.77,-17.52,-43.69,-5.259999999999998,-97.56,38.84,-88.9,-54.54,50.59,-22.77
2025-08-11T15:53:45.650673,42.0,103.0,-61.0,-12.0,-8.0,-91.0,21.0,48.0,-111.0,-21.0,43.0,-31.0,34.67,48.54,-57.77,-18.52,-30.69,-36.26,22.44,51.84,-58.9,-10.54,27.59,-29.77
2025-08-11T15:53:45.658804,49.0,62.0,-65.0,21.0,-28.0,-9.0,-93.0,16.0,-51.0,-21.0,68.0,-55.0,41.67,7.539999999999999,-61.77,14.48,-50.69,45.74,-91.56,19.84,1.1000000000000014,-10.54,52.59,-53.77
2025-08-11T15:53:45.662993,39.0,-24.0,4.0,-17.0,37.0,-66.0,21.0,14.0,-27.0,-67.0,62.0,-38.0,31.67,-78.46000000000001,7.23,-23.52,14.309999999999999,-11.259999999999998,22.44,17.84,25.1,-56.54,46.59,-36.77
2025-08-11T15:53:45.671091,3.0,41.0,-59.0,-25.0,74.0,-14.0,15.0,-41.0,-83.0,-19.0,48.0,-10.0,-4.33,-13.46,-55.77,-31.52,51.31,40.74,16.44,-37.16,-30.9,-8.54,32.59,-8.77
2025-08-11T15:53:45.675129,-79.0,78.0,19.0,-18.0,74.0,-82.0,0.0,-8.0,-103.0,-13.0,49.0,-33.0,-86.33,23.54,22.23,-24.52,51.31,-27.259999999999998,1.44,-4.16,-50.9,-2.539999999999999,33.59,-31.77
2025-08-11T15:53:45.683250,33.0,87.0,-86.0,36.0,49.0,-76.0,-16.0,-21.0,-122.0,-66.0,49.0,-123.0,25.67,32.54,-82.77,29.48,26.31,-21.259999999999998,-14.56,-17.16,-69.9,-55.54,33.59,-121.77
2025-08-11T15:53:45.687620,56.0,64.0,-81.0,35.0,31.0,-45.0,80.0,-35.0,-50.0,-66.0,102.0,1.0,48.67,9.54,-77.77,28.48,8.309999999999999,9.740000000000002,81.44,-31.16,2.1000000000000014,-55.54,86.59,2.23
2025-08-11T15:53:45.695649,24.0,64.0,-78.0,-6.0,-15.0,-88.0,1.0,-40.0,-1.0,-88.0,19.0,-23.0,16.67,9.54,-74.77,-12.52,-37.69,-33.26,2.44,-36.16,51.1,-77.53999999999999,3.59,-21.77
2025-08-11T15:53:45.699756,38.0,26.0,-46.0,27.0,-56.0,18.0,40.0,13.0,-105.0,-30.0,31.0,-24.0,30.67,-28.46,-42.77,20.48,-78.69,72.74000000000001,41.44,16.84,-52.9,-19.54,15.59,-22.77
2025-08-11T15:53:45.707832,21.0,83.0,13.0,6.0,-17.0,-85.0,-79.0,0.0,-37.0,-51.0,67.0,3.0,13.67,28.54,16.23,-0.5199999999999996,-39.69,-30.259999999999998,-77.56,3.84,15.100000000000001,-40.54,51.59,4.23
2025-08-11T15:53:45.712151,52.0,-40.0,30.0,52.0,39.0,-56.0,-64.0,-12.0,-10.0,-89.0,29.0,-19.0,44.67,-94.46000000000001,33.23,45.480000000000004,16.31,-1.259999999999998,-62.56,-8.16,42.1,-78.53999999999999,13.59,-17.77
2025-08-11T15:53:45.720069,11.0,-34.0,-31.0,25.0,-1.0,-56.0,-74.0,-34.0,-70.0,-61.0,1.0,-49.0,3.67,-88.46000000000001,-27.77,18.48,-23.69,-1.259999999999998,-72.56,-30.16,-17.9,-50.54,-14.41,-47.77
2025-08-11T15:53:45.724471,26.0,82.0,-29.0,-73.0,38.0,-81.0,-56.0,46.0,-6.0,-85.0,15.0,-55.0,18.67,27.54,-25.77,-79.52,15.309999999999999,-26.259999999999998,-54.56,49.84,46.1,-74.53999999999999,-0.41000000000000014,-53.77
2025-08-11T15:53:45.728600,14.0,74.0,-53.0,43.0,29.0,-67.0,1.0,74.0,-60.0,-70.0,22.0,31.0,6.67,19.54,-49.77,36.480000000000004,6.309999999999999,-12.259999999999998,2.44,77.84,-7.899999999999999,-59.54,6.59,32.23
2025-08-11T15:53:45.736570,-9.0,109.0,-3.0,5.0,40.0,-59.0,-21.0,-75.0,-84.0,-58.0,73.0,-16.0,-16.33,54.54,0.22999999999999998,-1.5199999999999996,17.31,-4.259999999999998,-19.56,-71.16,-31.9,-47.54,57.59,-14.77
2025-08-11T15:53:45.740642,8.0,107.0,-20.0,35.0,37.0,13.0,15.0,40.0,-77.0,-34.0,53.0,-39.0,0.6699999999999999,52.54,-16.77,28.48,14.309999999999999,67.74000000000001,16.44,43.84,-24.9,-23.54,37.59,-37.77
2025-08-11T15:53:45.749018,10.0,36.0,-51.0,12.0,11.0,-60.0,49.0,82.0,-43.0,-28.0,41.0,-15.0,2.67,-18.46,-47.77,5.48,-11.690000000000001,-5.259999999999998,50.44,85.84,9.100000000000001,-17.54,25.59,-13.77
2025-08-11T15:53:45.752878,81.0,150.0,-60.0,7.0,113.0,2.0,23.0,-7.0,-65.0,-65.0,16.0,-63.0,73.67,95.53999999999999,-56.77,0.4800000000000004,90.31,56.74,24.44,-3.16,-12.899999999999999,-54.54,0.5899999999999999,-61.77
2025-08-11T15:53:45.761288,37.0,84.0,-67.0,-46.0,44.0,-153.0,-49.0,-61.0,-75.0,-85.0,-9.0,-61.0,29.67,29.54,-63.77,-52.519999999999996,21.31,-98.25999999999999,-47.56,-57.16,-22.9,-74.53999999999999,-24.41,-59.77
2025-08-11T15:53:45.765183,56.0,78.0,5.0,50.0,-7.0,-40.0,-58.0,27.0,-61.0,-7.0,16.0,-46.0,48.67,23.54,8.23,43.480000000000004,-29.69,14.740000000000002,-56.56,30.84,-8.899999999999999,3.460000000000001,0.5899999999999999,-44.77
2025-08-11T15:53:45.773527,64.0,29.0,-34.0,-32.0,-9.0,-79.0,-23.0,-16.0,-41.0,-86.0,5.0,-12.0,56.67,-25.46,-30.77,-38.519999999999996,-31.69,-24.259999999999998,-21.56,-12.16,11.100000000000001,-75.53999999999999,-10.41,-10.77
2025-08-11T15:53:45.777495,70.0,59.0,6.0,17.0,-2.0,-118.0,-11.0,-31.0,-89.0,-52.0,-14.0,-11.0,62.67,4.539999999999999,9.23,10.48,-24.69,-63.26,-9.56,-27.16,-36.9,-41.54,-29.41,-9.77
2025-08-11T15:53:45.785671,-10.0,42.0,-7.0,68.0,-21.0,-17.0,-19.0,-6.0,-112.0,-32.0,96.0,-12.0,-17.33,-12.46,-3.77,61.480000000000004,-43.69,37.74,-17.56,-2.16,-59.9,-21.54,80.59,-10.77
2025-08-11T15:53:45.790014,-21.0,51.0,19.0,29.0,14.0,-88.0,24.0,91.0,-155.0,-11.0,48.0,4.0,-28.33,-3.460000000000001,22.23,22.48,-8.690000000000001,-33.26,25.44,94.84,-102.9,-0.5399999999999991,32.59,5.23
2025-08-11T15:53:45.798024,-49.0,83.0,-71.0,-38.0,16.0,-99.0,-39.0,39.0,-63.0,8.0,113.0,-67.0,-56.33,28.54,-67.77,-44.519999999999996,-6.690000000000001,-44.26,-37.56,42.84,-10.899999999999999,18.46,97.59,-65.77
2025-08-11T15:53:45.802301,-3.0,74.0,-49.0,37.0,49.0,-121.0,-24.0,17.0,-74.0,-38.0,74.0,-66.0,-10.33,19.54,-45.77,30.48,26.31,-66.25999999999999,-22.56,20.84,-21.9,-27.54,58.59,-64.77
2025-08-11T15:53:45.810223,57.0,114.0,-66.0,55.0,16.0,-112.0,-22.0,-25.0,-57.0,-77.0,37.0,14.0,49.67,59.54,-62.77,48.480000000000004,-6.690000000000001,-57.26,-20.56,-21.16,-4.899999999999999,-66.53999999999999,21.59,15.23
2025-08-11T15:53:45.814559,-39.0,-9.0,-9.0,41.0,-15.0,-115.0,-35.0,30.0,-123.0,-7.0,42.0,-61.0,-46.33,-63.46,-5.77,34.480000000000004,-37.69,-60.26,-33.56,33.84,-70.9,3.460000000000001,26.59,-59.77
2025-08-11T15:53:45.822529,-7.0,41.0,29.0,64.0,58.0,-71.0,43.0,-51.0,-141.0,-77.0,76.0,0.0,-14.33,-13.46,32.23,57.480000000000004,35.31,-16.259999999999998,44.44,-47.16,-88.9,-66.53999999999999,60.59,1.23
2025-08-11T15:53:45.826813,29.0,92.0,53.0,33.0,-20.0,-39.0,-32.0,-44.0,-133.0,-68.0,73.0,-76.0,21.67,37.54,56.23,26.48,-42.69,15.740000000000002,-30.56,-40.16,-80.9,-57.54,57.59,-74.77
2025-08-11T15:53:45.834891,9.0,117.0,-91.0,-77.0,36.0,-33.0,-15.0,-28.0,-79.0,-41.0,55.0,-27.0,1.67,62.54,-87.77,-83.52,13.309999999999999,21.740000000000002,-13.56,-24.16,-26.9,-30.54,39.59,-25.77
2025-08-11T15:53:45.839060,51.0,140.0,-90.0,47.0,45.0,-34.0,45.0,13.0,-41.0,-30.0,26.0,-54.0,43.67,85.53999999999999,-86.77,40.480000000000004,22.31,20.740000000000002,46.44,16.84,11.100000000000001,-19.54,10.59,-52.77
2025-08-11T15:53:45.847211,67.0,35.0,-88.0,61.0,78.0,-166.0,-115.0,-42.0,-107.0,-79.0,70.0,-11.0,59.67,-19.46,-84.77,54.480000000000004,55.31,-111.25999999999999,-113.56,-38.16,-54.9,-68.53999999999999,54.59,-9.77
2025-08-11T15:53:45.851211,65.0,-17.0,-14.0,62.0,47.0,-55.0,-10.0,-25.0,-87.0,-31.0,105.0,-30.0,57.67,-71.46000000000001,-10.77,55.480000000000004,24.31,-0.259999999999998,-8.56,-21.16,-34.9,-20.54,89.59,-28.77
2025-08-11T15:53:45.859465,-34.0,102.0,42.0,-12.0,-30.0,-115.0,-7.0,54.0,-73.0,-16.0,-1.0,-80.0,-41.33,47.54,45.23,-18.52,-52.69,-60.26,-5.5600000000000005,57.84,-20.9,-5.539999999999999,-16.41,-78.77
2025-08-11T15:53:45.863529,12.0,56.0,-45.0,41.0,76.0,-64.0,-50.0,-69.0,-51.0,16.0,69.0,-76.0,4.67,1.5399999999999991,-41.77,34.480000000000004,53.31,-9.259999999999998,-48.56,-65.16,1.1000000000000014,26.46,53.59,-74.77
2025-08-11T15:53:45.871679,-60.0,149.0,-40.0,25.0,80.0,-87.0,35.0,94.0,-96.0,18.0,28.0,-30.0,-67.33,94.53999999999999,-36.77,18.48,57.31,-32.26,36.44,97.84,-43.9,28.46,12.59,-28.77
2025-08-11T15:53:45.875806,24.0,107.0,17.0,0.0,58.0,-93.0,36.0,-21.0,-88.0,-13.0,42.0,-16.0,16.67,52.54,20.23,-6.52,35.31,-38.26,37.44,-17.16,-35.9,-2.539999999999999,26.59,-14.77
2025-08-11T15:53:45.883893,74.0,22.0,-84.0,51.0,40.0,-73.0,-57.0,-63.0,-126.0,-21.0,11.0,-75.0,66.67,-32.46,-80.77,44.480000000000004,17.31,-18.259999999999998,-55.56,-59.16,-73.9,-10.54,-4.41,-73.77
2025-08-11T15:53:45.888392,74.0,42.0,19.0,-47.0,8.0,-102.0,42.0,-8.0,-105.0,-87.0,1.0,-75.0,66.67,-12.46,22.23,-53.519999999999996,-14.690000000000001,-47.26,43.44,-4.16,-52.9,-76.53999999999999,-14.41,-73.77
2025-08-11T15:53:45.896203,25.0,17.0,18.0,16.0,5.0,-63.0,36.0,5.0,-107.0,-30.0,74.0,-63.0,17.67,-37.46,21.23,9.48,-17.69,-8.259999999999998,37.44,8.84,-54.9,-19.54,58.59,-61.77
2025-08-11T15:53:45.900559,-75.0,57.0,-25.0,11.0,5.0,-60.0,-27.0,3.0,-118.0,-16.0,82.0,-23.0,-82.33,2.539999999999999,-21.77,4.48,-17.69,-5.259999999999998,-25.56,6.84,-65.9,-5.539999999999999,66.59,-21.77
2025-08-11T15:53:45.908643,-4.0,70.0,-9.0,34.0,1.0,-71.0,-15.0,-55.0,-24.0,-42.0,57.0,-14.0,-11.33,15.54,-5.77,27.48,-21.69,-16.259999999999998,-13.56,-51.16,28.1,-31.54,41.59,-12.77
2025-08-11T15:53:45.912892,-41.0,171.0,14.0,-60.0,56.0,-36.0,-28.0,19.0,-92.0,-6.0,35.0,-29.0,-48.33,116.53999999999999,17.23,-66.52,33.31,18.740000000000002,-26.56,22.84,-39.9,4.460000000000001,19.59,-27.77
2025-08-11T15:53:45.920877,-72.0,93.0,-63.0,26.0,63.0,-63.0,-21.0,8.0,-108.0,-46.0,66.0,-124.0,-79.33,38.54,-59.77,19.48,40.31,-8.259999999999998,-19.56,11.84,-55.9,-35.54,50.59,-122.77
2025-08-11T15:53:45.925046,33.0,55.0,-39.0,-21.0,1.0,-51.0,23.0,-24.0,-170.0,-112.0,45.0,-33.0,25.67,0.5399999999999991,-35.77,-27.52,-21.69,3.740000000000002,24.44,-20.16,-117.9,-101.53999999999999,29.59,-31.77
2025-08-11T15:53:45.933164,79.0,3.0,-42.0,94.0,-24.0,-132.0,9.0,-69.0,-95.0,-96.0,19.0,6.0,71.67,-51.46,-38.77,87.48,-46.69,-77.25999999999999,10.44,-65.16,-42.9,-85.53999999999999,3.59,7.23
2025-08-11T15:53:45.937455,98.0,-8.0,-55.0,62.0,18.0,-85.0,-29.0,11.0,-78.0,17.0,42.0,-13.0,90.67,-62.46,-51.77,55.480000000000004,-4.690000000000001,-30.259999999999998,-27.56,14.84,-25.9,27.46,26.59,-11.77
2025-08-11T15:53:45.945406,52.0,7.0,-55.0,36.0,-50.0,-77.0,-34.0,-17.0,-46.0,-27.0,59.0,-41.0,44.67,-47.46,-51.77,29.48,-72.69,-22.259999999999998,-32.56,-13.16,6.100000000000001,-16.54,43.59,-39.77
2025-08-11T15:53:45.949641,24.0,1.0,15.0,41.0,24.0,-99.0,3.0,26.0,-66.0,-35.0,-12.0,-76.0,16.67,-53.46,18.23,34.480000000000004,1.3099999999999987,-44.26,4.4399999999999995,29.84,-13.899999999999999,-24.54,-27.41,-74.77
2025-08-11T15:53:45.957786,40.0,103.0,1.0,-13.0,21.0,-114.0,-12.0,-12.0,-25.0,-63.0,21.0,-85.0,32.67,48.54,4.23,-19.52,-1.6900000000000013,-59.26,-10.56,-8.16,27.1,-52.54,5.59,-83.77
2025-08-11T15:53:45.961926,30.0,145.0,28.0,48.0,58.0,-98.0,14.0,47.0,-62.0,-31.0,69.0,-21.0,22.67,90.53999999999999,31.23,41.480000000000004,35.31,-43.26,15.44,50.84,-9.899999999999999,-20.54,53.59,-19.77
2025-08-11T15:53:45.969990,-15.0,122.0,-123.0,107.0,37.0,-74.0,-10.0,8.0,-90.0,-19.0,37.0,-95.0,-22.33,67.53999999999999,-119.77,100.48,14.309999999999999,-19.259999999999998,-8.56,11.84,-37.9,-8.54,21.59,-93.77
2025-08-11T15:53:45.974299,20.0,98.0,-116.0,45.0,29.0,-106.0,32.0,30.0,-95.0,-31.0,123.0,-17.0,12.67,43.54,-112.77,38.480000000000004,6.309999999999999,-51.26,33.44,33.84,-42.9,-20.54,107.59,-15.77
2025-08-11T15:53:45.982205,78.0,54.0,-46.0,35.0,19.0,-44.0,-23.0,13.0,-56.0,-30.0,44.0,-48.0,70.67,-0.46000000000000085,-42.77,28.48,-3.6900000000000013,10.740000000000002,-21.56,16.84,-3.8999999999999986,-19.54,28.59,-46.77
2025-08-11T15:53:45.986739,22.0,19.0,-31.0,-68.0,-25.0,-43.0,-21.0,-24.0,-51.0,-41.0,54.0,-55.0,14.67,-35.46,-27.77,-74.52,-47.69,11.740000000000002,-19.56,-20.16,1.1000000000000014,-30.54,38.59,-53.77
2025-08-11T15:53:45.994748,-8.0,78.0,-6.0,-52.0,-8.0,-97.0,33.0,-4.0,-10.0,-58.0,60.0,-39.0,-15.33,23.54,-2.77,-58.519999999999996,-30.69,-42.26,34.44,-0.16000000000000014,42.1,-47.54,44.59,-37.77
2025-08-11T15:53:45.998735,5.0,39.0,8.0,19.0,84.0,-36.0,-49.0,-14.0,-71.0,-61.0,10.0,-73.0,-2.33,-15.46,11.23,12.48,61.31,18.740000000000002,-47.56,-10.16,-18.9,-50.54,-5.41,-71.77
2025-08-11T15:53:46.006918,0.0,58.0,11.0,-19.0,-32.0,-80.0,-67.0,-31.0,-59.0,-51.0,-1.0,-3.0,-7.33,3.539999999999999,14.23,-25.52,-54.69,-25.259999999999998,-65.56,-27.16,-6.899999999999999,-40.54,-16.41,-1.77
2025-08-11T15:53:46.011185,-6.0,11.0,12.0,3.0,36.0,-123.0,-55.0,-3.0,-40.0,-86.0,75.0,-51.0,-13.33,-43.46,15.23,-3.5199999999999996,13.309999999999999,-68.25999999999999,-53.56,0.8399999999999999,12.100000000000001,-75.53999999999999,59.59,-49.77
2025-08-11T15:53:46.019106,-8.0,68.0,33.0,64.0,65.0,-121.0,-3.0,3.0,-124.0,-38.0,61.0,-43.0,-15.33,13.54,36.23,57.480000000000004,42.31,-66.25999999999999,-1.56,6.84,-71.9,-27.54,45.59,-41.77
2025-08-11T15:53:46.023511,-47.0,109.0,-46.0,59.0,0.0,-86.0,16.0,18.0,-110.0,-16.0,73.0,29.0,-54.33,54.54,-42.77,52.480000000000004,-22.69,-31.259999999999998,17.44,21.84,-57.9,-5.539999999999999,57.59,30.23
2025-08-11T15:53:46.031514,18.0,68.0,-70.0,51.0,-5.0,2.0,75.0,-17.0,-69.0,-30.0,64.0,-73.0,10.67,13.54,-66.77,44.480000000000004,-27.69,56.74,76.44,-13.16,-16.9,-19.54,48.59,-71.77
2025-08-11T15:53:46.035766,32.0,61.0,-32.0,36.0,24.0,0.0,-26.0,-17.0,-14.0,-27.0,67.0,-3.0,24.67,6.539999999999999,-28.77,29.48,1.3099999999999987,54.74,-24.56,-13.16,38.1,-16.54,51.59,-1.77
2025-08-11T15:53:46.043662,23.0,21.0,-74.0,-6.0,56.0,-11.0,-23.0,1.0,-41.0,-30.0,28.0,-55.0,15.67,-33.46,-70.77,-12.52,33.31,43.74,-21.56,4.84,11.100000000000001,-19.54,12.59,-53.77
2025-08-11T15:53:46.048002,108.0,79.0,-72.0,28.0,93.0,-60.0,-5.0,40.0,-43.0,-48.0,24.0,-67.0,100.67,24.54,-68.77,21.48,70.31,-5.259999999999998,-3.56,43.84,9.100000000000001,-37.54,8.59,-65.77
2025-08-11T15:53:46.055890,85.0,57.0,-20.0,78.0,49.0,-29.0,43.0,14.0,-72.0,-57.0,26.0,-21.0,77.67,2.539999999999999,-16.77,71.48,26.31,25.740000000000002,44.44,17.84,-19.9,-46.54,10.59,-19.77
2025-08-11T15:53:46.060288,-2.0,65.0,-32.0,22.0,5.0,-66.0,15.0,-29.0,-48.0,-27.0,28.0,-20.0,-9.33,10.54,-28.77,15.48,-17.69,-11.259999999999998,16.44,-25.16,4.100000000000001,-16.54,12.59,-18.77
2025-08-11T15:53:46.064478,48.0,80.0,4.0,67.0,-44.0,-66.0,7.0,-27.0,-50.0,3.0,77.0,-77.0,40.67,25.54,7.23,60.480000000000004,-66.69,-11.259999999999998,8.44,-23.16,2.1000000000000014,13.46,61.59,-75.77
2025-08-11T15:53:46.072380,19.0,51.0,-7.0,45.0,56.0,-69.0,63.0,-65.0,-92.0,-54.0,9.0,-72.0,11.67,-3.460000000000001,-3.77,38.480000000000004,33.31,-14.259999999999998,64.44,-61.16,-39.9,-43.54,-6.41,-70.77
2025-08-11T15:53:46.076482,69.0,110.0,-2.0,12.0,-15.0,-62.0,-5.0,45.0,27.0,-59.0,6.0,-20.0,61.67,55.54,1.23,5.48,-37.69,-7.259999999999998,-3.56,48.84,79.1,-48.54,-9.41,-18.77
2025-08-11T15:53:46.084767,-54.0,-1.0,-25.0,-15.0,120.0,-115.0,-40.0,-31.0,-58.0,-20.0,31.0,-103.0,-61.33,-55.46,-21.77,-21.52,97.31,-60.26,-38.56,-27.16,-5.899999999999999,-9.54,15.59,-101.77
2025-08-11T15:53:46.092793,-51.0,82.0,-58.0,-38.0,42.0,-116.0,-41.0,22.0,-89.0,-70.0,98.0,-34.0,-58.33,27.54,-54.77,-44.519999999999996,19.31,-61.26,-39.56,25.84,-36.9,-59.54,82.59,-32.77
2025-08-11T15:53:46.097083,-63.0,137.0,-44.0,102.0,38.0,-87.0,-37.0,-28.0,-57.0,-40.0,127.0,-53.0,-70.33,82.53999999999999,-40.77,95.48,15.309999999999999,-32.26,-35.56,-24.16,-4.899999999999999,-29.54,111.59,-51.77
2025-08-11T15:53:46.105214,41.0,120.0,-19.0,43.0,31.0,-106.0,-16.0,23.0,-120.0,-144.0,70.0,-96.0,33.67,65.53999999999999,-15.77,36.480000000000004,8.309999999999999,-51.26,-14.56,26.84,-67.9,-133.54,54.59,-94.77
2025-08-11T15:53:46.109373,10.0,-8.0,-56.0,5.0,29.0,-38.0,17.0,-7.0,-106.0,-11.0,41.0,-77.0,2.67,-62.46,-52.77,-1.5199999999999996,6.309999999999999,16.740000000000002,18.44,-3.16,-53.9,-0.5399999999999991,25.59,-75.77
2025-08-11T15:53:46.117224,77.0,-10.0,-7.0,9.0,60.0,-35.0,-49.0,-4.0,-93.0,78.0,34.0,-24.0,69.67,-64.46000000000001,-3.77,2.4800000000000004,37.31,19.740000000000002,-47.56,-0.16000000000000014,-40.9,88.46000000000001,18.59,-22.77
2025-08-11T15:53:46.121650,-39.0,-33.0,3.0,-49.0,20.0,-168.0,-55.0,22.0,-54.0,-40.0,32.0,-33.0,-46.33,-87.46000000000001,6.23,-55.519999999999996,-2.6900000000000013,-113.25999999999999,-53.56,25.84,-1.8999999999999986,-29.54,16.59,-31.77
2025-08-11T15:53:46.129508,-41.0,40.0,-21.0,-39.0,6.0,-137.0,14.0,53.0,-136.0,-72.0,21.0,-61.0,-48.33,-14.46,-17.77,-45.519999999999996,-16.69,-82.25999999999999,15.44,56.84,-83.9,-61.54,5.59,-59.77
2025-08-11T15:53:46.133946,-62.0,71.0,35.0,14.0,-1.0,-127.0,25.0,15.0,-39.0,-55.0,17.0,-77.0,-69.33,16.54,38.23,7.48,-23.69,-72.25999999999999,26.44,18.84,13.100000000000001,-44.54,1.5899999999999999,-75.77
2025-08-11T15:53:46.141816,43.0,193.0,-51.0,-13.0,59.0,-74.0,70.0,19.0,-120.0,-89.0,7.0,-113.0,35.67,138.54,-47.77,-19.52,36.31,-19.259999999999998,71.44,22.84,-67.9,-78.53999999999999,-8.41,-111.77
2025-08-11T15:53:46.146250,54.0,75.0,-71.0,18.0,10.0,-28.0,20.0,30.0,-47.0,-27.0,132.0,-27.0,46.67,20.54,-67.77,11.48,-12.690000000000001,26.740000000000002,21.44,33.84,5.100000000000001,-16.54,116.59,-25.77
2025-08-11T15:53:46.154093,92.0,38.0,-122.0,-2.0,23.0,-66.0,-47.0,63.0,-24.0,-75.0,73.0,-27.0,84.67,-16.46,-118.77,-8.52,0.3099999999999987,-11.259999999999998,-45.56,66.84,28.1,-64.53999999999999,57.59,-25.77
2025-08-11T15:53:46.158586,40.0,71.0,83.0,12.0,51.0,-106.0,-60.0,37.0,-86.0,-39.0,55.0,-98.0,32.67,16.54,86.23,5.48,28.31,-51.26,-58.56,40.84,-33.9,-28.54,39.59,-96.77
2025-08-11T15:53:46.162435,21.0,36.0,31.0,48.0,76.0,-129.0,14.0,7.0,-87.0,3.0,88.0,-121.0,13.67,-18.46,34.23,41.480000000000004,53.31,-74.25999999999999,15.44,10.84,-34.9,13.46,72.59,-119.77
2025-08-11T15:53:46.170602,36.0,79.0,-5.0,47.0,7.0,-53.0,14.0,-29.0,-161.0,-18.0,89.0,-73.0,28.67,24.54,-1.77,40.480000000000004,-15.690000000000001,1.740000000000002,15.44,-25.16,-108.9,-7.539999999999999,73.59,-71.77
2025-08-11T15:53:46.174733,-3.0,92.0,-87.0,-21.0,4.0,-8.0,-16.0,28.0,-58.0,-5.0,87.0,-60.0,-10.33,37.54,-83.77,-27.52,-18.69,46.74,-14.56,31.84,-5.899999999999999,5.460000000000001,71.59,-58.77
2025-08-11T15:53:46.183109,30.0,75.0,-28.0,44.0,-3.0,-71.0,-51.0,2.0,-141.0,-86.0,96.0,-74.0,22.67,20.54,-24.77,37.480000000000004,-25.69,-16.259999999999998,-49.56,5.84,-88.9,-75.53999999999999,80.59,-72.77
2025-08-11T15:53:46.187106,33.0,141.0,-23.0,-40.0,-43.0,-61.0,6.0,15.0,-121.0,-41.0,83.0,-25.0,25.67,86.53999999999999,-19.77,-46.519999999999996,-65.69,-6.259999999999998,7.4399999999999995,18.84,-68.9,-30.54,67.59,-23.77
2025-08-11T15:53:46.195473,58.0,7.0,-97.0,32.0,20.0,-70.0,32.0,-41.0,-87.0,-49.0,108.0,-13.0,50.67,-47.46,-93.77,25.48,-2.6900000000000013,-15.259999999999998,33.44,-37.16,-34.9,-38.54,92.59,-11.77
2025-08-11T15:53:46.199390,65.0,55.0,-39.0,-47.0,67.0,-103.0,29.0,-8.0,-60.0,10.0,68.0,-54.0,57.67,0.5399999999999991,-35.77,-53.519999999999996,44.31,-48.26,30.44,-4.16,-7.899999999999999,20.46,52.59,-52.77
2025-08-11T15:53:46.207636,-15.0,35.0,19.0,-17.0,63.0,-129.0,84.0,7.0,-94.0,-75.0,82.0,-93.0,-22.33,-19.46,22.23,-23.52,40.31,-74.25999999999999,85.44,10.84,-41.9,-64.53999999999999,66.59,-91.77
2025-08-11T15:53:46.211811,-16.0,120.0,55.0,5.0,33.0,-132.0,70.0,-29.0,-109.0,-80.0,115.0,-30.0,-23.33,65.53999999999999,58.23,-1.5199999999999996,10.309999999999999,-77.25999999999999,71.44,-25.16,-56.9,-69.53999999999999,99.59,-28.77
2025-08-11T15:53:46.219760,-2.0,97.0,-59.0,83.0,20.0,-33.0,-6.0,-84.0,-48.0,31.0,16.0,-69.0,-9.33,42.54,-55.77,76.48,-2.6900000000000013,21.740000000000002,-4.5600000000000005,-80.16,4.100000000000001,41.46,0.5899999999999999,-67.77
2025-08-11T15:53:46.223923,20.0,116.0,1.0,-19.0,8.0,-128.0,4.0,-3.0,-90.0,-29.0,-4.0,-101.0,12.67,61.54,4.23,-25.52,-14.690000000000001,-73.25999999999999,5.4399999999999995,0.8399999999999999,-37.9,-18.54,-19.41,-99.77
2025-08-11T15:53:46.232194,-35.0,115.0,-92.0,14.0,96.0,-56.0,54.0,-67.0,-81.0,-50.0,40.0,-44.0,-42.33,60.54,-88.77,7.48,73.31,-1.259999999999998,55.44,-63.16,-28.9,-39.54,24.59,-42.77
2025-08-11T15:53:46.240045,-21.0,88.0,-33.0,-24.0,111.0,-109.0,21.0,-63.0,-80.0,-127.0,-11.0,-60.0,-28.33,33.54,-29.77,-30.52,88.31,-54.26,22.44,-59.16,-27.9,-116.53999999999999,-26.41,-58.77
2025-08-11T15:53:46.244426,91.0,2.0,-59.0,55.0,1.0,-136.0,-18.0,-56.0,-11.0,16.0,75.0,-11.0,83.67,-52.46,-55.77,48.480000000000004,-21.69,-81.25999999999999,-16.56,-52.16,41.1,26.46,59.59,-9.77
2025-08-11T15:53:46.248514,64.0,103.0,27.0,-16.0,45.0,-39.0,-31.0,7.0,-84.0,-36.0,10.0,-61.0,56.67,48.54,30.23,-22.52,22.31,15.740000000000002,-29.56,10.84,-31.9,-25.54,-5.41,-59.77
2025-08-11T15:53:46.256671,3.0,37.0,40.0,-34.0,9.0,-81.0,-6.0,-74.0,-79.0,-52.0,63.0,-56.0,-4.33,-17.46,43.23,-40.519999999999996,-13.690000000000001,-26.259999999999998,-4.5600000000000005,-70.16,-26.9,-41.54,47.59,-54.77
2025-08-11T15:53:46.260954,-60.0,66.0,2.0,-16.0,5.0,-23.0,-8.0,-32.0,-112.0,-22.0,64.0,2.0,-67.33,11.54,5.23,-22.52,-17.69,31.740000000000002,-6.5600000000000005,-28.16,-59.9,-11.54,48.59,3.23
2025-08-11T15:53:46.268906,5.0,7.0,-37.0,11.0,36.0,-39.0,31.0,-94.0,-82.0,-36.0,31.0,-37.0,-2.33,-47.46,-33.77,4.48,13.309999999999999,15.740000000000002,32.44,-90.16,-29.9,-25.54,15.59,-35.77
2025-08-11T15:53:46.273363,-54.0,95.0,7.0,-40.0,16.0,-65.0,-12.0,17.0,-69.0,-39.0,49.0,-93.0,-61.33,40.54,10.23,-46.519999999999996,-6.690000000000001,-10.259999999999998,-10.56,20.84,-16.9,-28.54,33.59,-91.77
2025-08-11T15:53:46.281315,3.0,88.0,-6.0,9.0,40.0,-93.0,-51.0,-11.0,-57.0,-29.0,38.0,-75.0,-4.33,33.54,-2.77,2.4800000000000004,17.31,-38.26,-49.56,-7.16,-4.899999999999999,-18.54,22.59,-73.77
2025-08-11T15:53:46.285618,41.0,150.0,21.0,34.0,-8.0,-109.0,-58.0,21.0,-102.0,-46.0,63.0,-15.0,33.67,95.53999999999999,24.23,27.48,-30.69,-54.26,-56.56,24.84,-49.9,-35.54,47.59,-13.77
2025-08-11T15:53:46.293624,42.0,109.0,-43.0,31.0,85.0,-140.0,-52.0,42.0,-106.0,-8.0,16.0,26.0,34.67,54.54,-39.77,24.48,62.31,-85.25999999999999,-50.56,45.84,-53.9,2.460000000000001,0.5899999999999999,27.23
2025-08-11T15:53:46.297991,72.0,49.0,-1.0,-16.0,-13.0,-119.0,2.0,-31.0,-43.0,-16.0,20.0,-103.0,64.67,-5.460000000000001,2.23,-22.52,-35.69,-64.25999999999999,3.44,-27.16,9.100000000000001,-5.539999999999999,4.59,-101.77
2025-08-11T15:53:46.305942,66.0,95.0,-41.0,53.0,48.0,-121.0,18.0,-8.0,-125.0,-48.0,85.0,-1.0,58.67,40.54,-37.77,46.480000000000004,25.31,-66.25999999999999,19.44,-4.16,-72.9,-37.54,69.59,0.22999999999999998
2025-08-11T15:53:46.310166,53.0,72.0,50.0,0.0,-12.0,-46.0,-21.0,60.0,-114.0,14.0,4.0,-39.0,45.67,17.54,53.23,-6.52,-34.69,8.740000000000002,-19.56,63.84,-61.9,24.46,-11.41,-37.77
2025-08-11T15:53:46.318053,-11.0,13.0,13.0,1.0,-34.0,-80.0,-27.0,86.0,-94.0,-67.0,81.0,-69.0,-18.33,-41.46,16.23,-5.52,-56.69,-25.259999999999998,-25.56,89.84,-41.9,-56.54,65.59,-67.77
2025-08-11T15:53:46.322335,-24.0,168.0,-60.0,-32.0,64.0,-110.0,-3.0,-38.0,-88.0,-72.0,9.0,-55.0,-31.33,113.53999999999999,-56.77,-38.519999999999996,41.31,-55.26,-1.56,-34.16,-35.9,-61.54,-6.41,-53.77
2025-08-11T15:53:46.330636,33.0,43.0,-76.0,11.0,10.0,-40.0,0.0,77.0,-99.0,-48.0,31.0,-65.0,25.67,-11.46,-72.77,4.48,-12.690000000000001,14.740000000000002,1.44,80.84,-46.9,-37.54,15.59,-63.77
2025-08-11T15:53:46.334657,52.0,53.0,-62.0,-81.0,-18.0,-63.0,18.0,46.0,-165.0,-52.0,182.0,-3.0,44.67,-1.4600000000000009,-58.77,-87.52,-40.69,-8.259999999999998,19.44,49.84,-112.9,-41.54,166.59,-1.77
2025-08-11T15:53:46.342708,34.0,6.0,-76.0,39.0,-14.0,-127.0,7.0,-47.0,-203.0,24.0,40.0,-98.0,26.67,-48.46,-72.77,32.480000000000004,-36.69,-72.25999999999999,8.44,-43.16,-150.9,34.46,24.59,-96.77
2025-08-11T15:53:46.347037,22.0,-4.0,34.0,-24.0,-2.0,-39.0,42.0,-51.0,-113.0,-26.0,21.0,-51.0,14.67,-58.46,37.23,-30.52,-24.69,15.740000000000002,43.44,-47.16,-60.9,-15.54,5.59,-49.77
2025-08-11T15:53:46.354972,-10.0,-7.0,-37.0,-4.0,32.0,-44.0,-52.0,-1.0,-125.0,-38.0,7.0,0.0,-17.33,-61.46,-33.77,-10.52,9.309999999999999,10.740000000000002,-50.56,2.84,-72.9,-27.54,-8.41,1.23
2025-08-11T15:53:46.359323,-19.0,73.0,-35.0,-4.0,21.0,-72.0,-53.0,-52.0,-106.0,-43.0,-4.0,-71.0,-26.33,18.54,-31.77,-10.52,-1.6900000000000013,-17.259999999999998,-51.56,-48.16,-53.9,-32.54,-19.41,-69.77
2025-08-11T15:53:46.367330,-17.0,85.0,31.0,33.0,21.0,-120.0,-15.0,22.0,-95.0,4.0,69.0,-77.0,-24.33,30.54,34.23,26.48,-1.6900000000000013,-65.25999999999999,-13.56,25.84,-42.9,14.46,53.59,-75.77
2025-08-11T15:53:46.371635,6.0,56.0,-106.0,-1.0,24.0,-131.0,39.0,36.0,-58.0,-20.0,22.0,-92.0,-1.33,1.5399999999999991,-102.77,-7.52,1.3099999999999987,-76.25999999999999,40.44,39.84,-5.899999999999999,-9.54,6.59,-90.77
2025-08-11T15:53:46.379669,34.0,78.0,-75.0,29.0,41.0,-110.0,43.0,-23.0,-91.0,-103.0,49.0,-18.0,26.67,23.54,-71.77,22.48,18.31,-55.26,44.44,-19.16,-38.9,-92.53999999999999,33.59,-16.77
2025-08-11T15:53:46.383802,66.0,68.0,-48.0,67.0,34.0,-52.0,65.0,-31.0,-98.0,-40.0,48.0,-71.0,58.67,13.54,-44.77,60.480000000000004,11.309999999999999,2.740000000000002,66.44,-27.16,-45.9,-29.54,32.59,-69.77
2025-08-11T15:53:46.391707,-1.0,18.0,-24.0,44.0,18.0,-22.0,-19.0,-76.0,-65.0,-38.0,27.0,-97.0,-8.33,-36.46,-20.77,37.480000000000004,-4.690000000000001,32.74,-17.56,-72.16,-12.899999999999999,-27.54,11.59,-95.77
2025-08-11T15:53:46.396149,15.0,55.0,-31.0,2.0,25.0,-94.0,79.0,-4.0,-85.0,-33.0,27.0,-26.0,7.67,0.5399999999999991,-27.77,-4.52,2.3099999999999987,-39.26,80.44,-0.16000000000000014,-32.9,-22.54,11.59,-24.77
2025-08-11T15:53:46.404101,-1.0,34.0,-53.0,-23.0,24.0,-62.0,43.0,5.0,-93.0,-102.0,53.0,-79.0,-8.33,-20.46,-49.77,-29.52,1.3099999999999987,-7.259999999999998,44.44,8.84,-40.9,-91.53999999999999,37.59,-77.77
2025-08-11T15:53:46.408408,-9.0,142.0,13.0,-5.0,17.0,-105.0,-50.0,-15.0,-84.0,-51.0,69.0,-66.0,-16.33,87.53999999999999,16.23,-11.52,-5.690000000000001,-50.26,-48.56,-11.16,-31.9,-40.54,53.59,-64.77
2025-08-11T15:53:46.416437,-85.0,135.0,-80.0,50.0,16.0,-74.0,25.0,25.0,-88.0,-71.0,96.0,-65.0,-92.33,80.53999999999999,-76.77,43.480000000000004,-6.690000000000001,-19.259999999999998,26.44,28.84,-35.9,-60.54,80.59,-63.77
2025-08-11T15:53:46.420751,46.0,120.0,-16.0,3.0,58.0,-57.0,-18.0,-4.0,-104.0,-76.0,41.0,-7.0,38.67,65.53999999999999,-12.77,-3.5199999999999996,35.31,-2.259999999999998,-16.56,-0.16000000000000014,-51.9,-65.53999999999999,25.59,-5.77
2025-08-11T15:53:46.428587,-10.0,101.0,-108.0,-48.0,-26.0,-92.0,-14.0,-19.0,-34.0,-25.0,32.0,-117.0,-17.33,46.54,-104.77,-54.519999999999996,-48.69,-37.26,-12.56,-15.16,18.1,-14.54,16.59,-115.77
2025-08-11T15:53:46.432915,14.0,-36.0,67.0,-31.0,50.0,-142.0,-8.0,-21.0,-95.0,-35.0,73.0,-40.0,6.67,-90.46000000000001,70.23,-37.519999999999996,27.31,-87.25999999999999,-6.5600000000000005,-17.16,-42.9,-24.54,57.59,-38.77
2025-08-11T15:53:46.441076,-56.0,24.0,52.0,88.0,60.0,-138.0,5.0,55.0,-51.0,-43.0,45.0,-33.0,-63.33,-30.46,55.23,81.48,37.31,-83.25999999999999,6.4399999999999995,58.84,1.1000000000000014,-32.54,29.59,-31.77
2025-08-11T15:53:46.445312,-63.0,143.0,23.0,46.0,12.0,-40.0,-2.0,28.0,-122.0,-138.0,25.0,-5.0,-70.33,88.53999999999999,26.23,39.480000000000004,-10.690000000000001,14.740000000000002,-0.56,31.84,-69.9,-127.53999999999999,9.59,-3.77
2025-08-11T15:53:46.453333,51.0,141.0,-47.0,-15.0,-72.0,-107.0,-38.0,42.0,-131.0,-23.0,-23.0,-13.0,43.67,86.53999999999999,-43.77,-21.52,-94.69,-52.26,-36.56,45.84,-78.9,-12.54,-38.41,-11.77
2025-08-11T15:53:46.457596,36.0,155.0,-71.0,-5.0,99.0,-46.0,4.0,84.0,-125.0,-22.0,26.0,-39.0,28.67,100.53999999999999,-67.77,-11.52,76.31,8.740000000000002,5.4399999999999995,87.84,-72.9,-11.54,10.59,-37.77
2025-08-11T15:53:46.465524,20.0,39.0,-90.0,4.0,37.0,-68.0,-27.0,-13.0,-107.0,-33.0,12.0,-29.0,12.67,-15.46,-86.77,-2.5199999999999996,14.309999999999999,-13.259999999999998,-25.56,-9.16,-54.9,-22.54,-3.41,-27.77
2025-08-11T15:53:46.469773,-4.0,56.0,-7.0,73.0,96.0,-87.0,3.0,20.0,-109.0,-43.0,105.0,-45.0,-11.33,1.5399999999999991,-3.77,66.48,73.31,-32.26,4.4399999999999995,23.84,-56.9,-32.54,89.59,-43.77
2025-08-11T15:53:46.477793,-39.0,51.0,-7.0,50.0,-14.0,-95.0,-38.0,27.0,-165.0,-6.0,46.0,-36.0,-46.33,-3.460000000000001,-3.77,43.480000000000004,-36.69,-40.26,-36.56,30.84,-112.9,4.460000000000001,30.59,-34.77
2025-08-11T15:53:46.482095,-36.0,143.0,-34.0,18.0,-43.0,-57.0,37.0,5.0,-83.0,11.0,61.0,-38.0,-43.33,88.53999999999999,-30.77,11.48,-65.69,-2.259999999999998,38.44,8.84,-30.9,21.46,45.59,-36.77
2025-08-11T15:53:46.490156,-1.0,110.0,-55.0,-41.0,4.0,-20.0,-39.0,2.0,-104.0,-59.0,61.0,-45.0,-8.33,55.54,-51.77,-47.519999999999996,-18.69,34.74,-37.56,5.84,-51.9,-48.54,45.59,-43.77
2025-08-11T15:53:46.494329,19.0,42.0,-50.0,-7.0,-46.0,-95.0,53.0,11.0,-113.0,-37.0,114.0,-27.0,11.67,-12.46,-46.77,-13.52,-68.69,-40.26,54.44,14.84,-60.9,-26.54,98.59,-25.77
2025-08-11T15:53:46.502401,-1.0,42.0,-91.0,18.0,40.0,-169.0,18.0,-29.0,-120.0,-4.0,72.0,-54.0,-8.33,-12.46,-87.77,11.48,17.31,-114.25999999999999,19.44,-25.16,-67.9,6.460000000000001,56.59,-52.77
2025-08-11T15:53:46.506721,95.0,53.0,-17.0,-3.0,17.0,-123.0,-40.0,-31.0,-171.0,-67.0,47.0,-40.0,87.67,-1.4600000000000009,-13.77,-9.52,-5.690000000000001,-68.25999999999999,-38.56,-27.16,-118.9,-56.54,31.59,-38.77
2025-08-11T15:53:46.514633,-33.0,59.0,58.0,83.0,44.0,-61.0,3.0,30.0,-65.0,-61.0,83.0,-17.0,-40.33,4.539999999999999,61.23,76.48,21.31,-6.259999999999998,4.4399999999999995,33.84,-12.899999999999999,-50.54,67.59,-15.77
2025-08-11T15:53:46.518914,1.0,190.0,-11.0,-16.0,27.0,-109.0,100.0,46.0,-113.0,-89.0,38.0,-51.0,-6.33,135.54,-7.77,-22.52,4.309999999999999,-54.26,101.44,49.84,-60.9,-78.53999999999999,22.59,-49.77
2025-08-11T15:53:46.527051,-38.0,97.0,-68.0,-49.0,6.0,-47.0,43.0,-11.0,-13.0,-30.0,91.0,20.0,-45.33,42.54,-64.77,-55.519999999999996,-16.69,7.740000000000002,44.44,-7.16,39.1,-19.54,75.59,21.23
2025-08-11T15:53:46.531321,38.0,78.0,-47.0,-100.0,-5.0,-112.0,-33.0,-23.0,-26.0,-23.0,36.0,70.0,30.67,23.54,-43.77,-106.52,-27.69,-57.26,-31.56,-19.16,26.1,-12.54,20.59,71.23
2025-08-11T15:53:46.539272,53.0,71.0,-18.0,6.0,39.0,-88.0,54.0,12.0,-25.0,-7.0,117.0,95.0,45.67,16.54,-14.77,-0.5199999999999996,16.31,-33.26,55.44,15.84,27.1,3.460000000000001,101.59,96.23
2025-08-11T15:53:46.543533,0.0,-50.0,30.0,2.0,36.0,-71.0,-37.0,30.0,17.0,19.0,5.0,73.0,-7.33,-104.46000000000001,33.23,-4.52,13.309999999999999,-16.259999999999998,-35.56,33.84,69.1,29.46,-10.41,74.23
2025-08-11T15:53:46.551576,-16.0,41.0,23.0,64.0,65.0,-102.0,-53.0,-46.0,-97.0,19.0,68.0,24.0,-23.33,-13.46,26.23,57.480000000000004,42.31,-47.26,-51.56,-42.16,-44.9,29.46,52.59,25.23
2025-08-11T15:53:46.555722,26.0,7.0,19.0,100.0,34.0,-113.0,-4.0,-72.0,2.0,46.0,121.0,60.0,18.67,-47.46,22.23,93.48,11.309999999999999,-58.26,-2.56,-68.16,54.1,56.46,105.59,61.23
2025-08-11T15:53:46.559779,-8.0,106.0,50.0,-44.0,18.0,-64.0,8.0,-18.0,4.0,6.0,81.0,11.0,-15.33,51.54,53.23,-50.519999999999996,-4.690000000000001,-9.259999999999998,9.44,-14.16,56.1,16.46,65.59,12.23
2025-08-11T15:53:46.567913,13.0,99.0,30.0,71.0,-8.0,4.0,34.0,38.0,-39.0,18.0,8.0,46.0,5.67,44.54,33.23,64.48,-30.69,58.74,35.44,41.84,13.100000000000001,28.46,-7.41,47.23
2025-08-11T15:53:46.573184,-24.0,101.0,102.0,-2.0,-20.0,-102.0,-25.0,30.0,-41.0,16.0,59.0,97.0,-31.33,46.54,105.23,-8.52,-42.69,-47.26,-23.56,33.84,11.100000000000001,26.46,43.59,98.23
2025-08-11T15:53:46.580167,-19.0,148.0,17.0,-10.0,70.0,-49.0,35.0,1.0,-88.0,85.0,166.0,39.0,-26.33,93.53999999999999,20.23,-16.52,47.31,5.740000000000002,36.44,4.84,-35.9,95.46000000000001,150.59,40.23
2025-08-11T15:53:46.585373,123.0,144.0,28.0,52.0,69.0,-87.0,82.0,30.0,-101.0,69.0,193.0,7.0,115.67,89.53999999999999,31.23,45.480000000000004,46.31,-32.26,83.44,33.84,-48.9,79.46000000000001,177.59,8.23
2025-08-11T15:53:46.592745,114.0,141.0,54.0,110.0,37.0,-92.0,69.0,88.0,-106.0,35.0,214.0,17.0,106.67,86.53999999999999,57.23,103.48,14.309999999999999,-37.26,70.44,91.84,-53.9,45.46,198.59,18.23
2025-08-11T15:53:46.600678,162.0,127.0,85.0,133.0,87.0,-94.0,65.0,54.0,-88.0,175.0,214.0,-5.0,154.67,72.53999999999999,88.23,126.48,64.31,-39.26,66.44,57.84,-35.9,185.46,198.59,-3.77
2025-08-11T15:53:46.604976,65.0,154.0,165.0,83.0,119.0,-78.0,75.0,50.0,-113.0,124.0,289.0,21.0,57.67,99.53999999999999,168.23,76.48,96.31,-23.259999999999998,76.44,53.84,-60.9,134.46,273.59,22.23
2025-08-11T15:53:46.613078,104.0,232.0,81.0,239.0,98.0,-170.0,-2.0,128.0,-220.0,162.0,288.0,-5.0,96.67,177.54,84.23,232.48,75.31,-115.25999999999999,-0.56,131.84,-167.9,172.46,272.59,-3.77
2025-08-11T15:53:46.617400,212.0,270.0,45.0,202.0,153.0,-104.0,6.0,162.0,-240.0,154.0,327.0,62.0,204.67,215.54,48.23,195.48,130.31,-49.26,7.4399999999999995,165.84,-187.9,164.46,311.59,63.23
2025-08-11T15:53:46.625429,120.0,308.0,105.0,122.0,198.0,-157.0,58.0,70.0,-258.0,55.0,322.0,1.0,112.67,253.54,108.23,115.48,175.31,-102.25999999999999,59.44,73.84,-205.9,65.46000000000001,306.59,2.23
2025-08-11T15:53:46.633540,89.0,354.0,-12.0,234.0,194.0,-155.0,-15.0,135.0,-327.0,130.0,431.0,14.0,81.67,299.54,-8.77,227.48,171.31,-100.25999999999999,-13.56,138.84,-274.9,140.46,415.59,15.23
2025-08-11T15:53:46.637729,193.0,365.0,31.0,270.0,105.0,-103.0,80.0,17.0,-387.0,94.0,413.0,-66.0,185.67,310.54,34.23,263.48,82.31,-48.26,81.44,20.84,-334.9,104.46000000000001,397.59,-64.77
2025-08-11T15:53:46.645880,126.0,397.0,115.0,243.0,165.0,-236.0,111.0,126.0,-403.0,197.0,507.0,-34.0,118.67,342.54,118.23,236.48,142.31,-181.26,112.44,129.84,-350.9,207.46,491.59,-32.77
2025-08-11T15:53:46.649977,146.0,458.0,53.0,311.0,216.0,-253.0,21.0,154.0,-360.0,75.0,447.0,-30.0,138.67,403.54,56.23,304.48,193.31,-198.26,22.44,157.84,-307.9,85.46000000000001,431.59,-28.77
2025-08-11T15:53:46.658088,215.0,394.0,74.0,237.0,239.0,-148.0,67.0,215.0,-428.0,63.0,409.0,1.0,207.67,339.54,77.23,230.48,216.31,-93.25999999999999,68.44,218.84,-375.9,73.46000000000001,393.59,2.23
2025-08-11T15:53:46.662398,221.0,434.0,147.0,324.0,153.0,-194.0,35.0,101.0,-416.0,55.0,552.0,-13.0,213.67,379.54,150.23,317.48,130.31,-139.26,36.44,104.84,-363.9,65.46000000000001,536.59,-11.77
2025-08-11T15:53:46.670447,226.0,483.0,105.0,259.0,214.0,-258.0,58.0,161.0,-390.0,45.0,540.0,-66.0,218.67,428.54,108.23,252.48,191.31,-203.26,59.44,164.84,-337.9,55.46,524.59,-64.77
2025-08-11T15:53:46.678654,297.0,434.0,43.0,311.0,244.0,-212.0,44.0,128.0,-436.0,166.0,524.0,-13.0,289.67,379.54,46.23,304.48,221.31,-157.26,45.44,131.84,-383.9,176.46,508.59,-11.77
2025-08-11T15:53:46.682910,137.0,438.0,139.0,328.0,155.0,-238.0,92.0,175.0,-467.0,60.0,440.0,-48.0,129.67,383.54,142.23,321.48,132.31,-183.26,93.44,178.84,-414.9,70.46000000000001,424.59,-46.77
2025-08-11T15:53:46.690856,174.0,487.0,89.0,340.0,268.0,-219.0,108.0,103.0,-379.0,181.0,460.0,21.0,166.67,432.54,92.23,333.48,245.31,-164.26,109.44,106.84,-326.9,191.46,444.59,22.23
2025-08-11T15:53:46.695241,277.0,488.0,90.0,341.0,221.0,-171.0,40.0,200.0,-481.0,66.0,550.0,-3.0,269.67,433.54,93.23,334.48,198.31,-116.25999999999999,41.44,203.84,-428.9,76.46000000000001,534.59,-1.77
2025-08-11T15:53:46.703299,197.0,541.0,109.0,298.0,157.0,-166.0,87.0,149.0,-414.0,103.0,503.0,-75.0,189.67,486.54,112.23,291.48,134.31,-111.25999999999999,88.44,152.84,-361.9,113.46000000000001,487.59,-73.77
2025-08-11T15:53:46.711393,279.0,471.0,11.0,345.0,252.0,-193.0,31.0,111.0,-367.0,146.0,461.0,-55.0,271.67,416.54,14.23,338.48,229.31,-138.26,32.44,114.84,-314.9,156.46,445.59,-53.77
2025-08-11T15:53:46.715587,260.0,427.0,141.0,335.0,163.0,-210.0,38.0,201.0,-394.0,146.0,496.0,-12.0,252.67,372.54,144.23,328.48,140.31,-155.26,39.44,204.84,-341.9,156.46,480.59,-10.77
2025-08-11T15:53:46.723685,127.0,485.0,-3.0,265.0,236.0,-216.0,125.0,125.0,-511.0,111.0,556.0,-3.0,119.67,430.54,0.22999999999999998,258.48,213.31,-161.26,126.44,128.84,-458.9,121.46000000000001,540.59,-1.77
2025-08-11T15:53:46.727867,218.0,394.0,-3.0,310.0,214.0,-233.0,68.0,70.0,-359.0,123.0,536.0,-77.0,210.67,339.54,0.22999999999999998,303.48,191.31,-178.26,69.44,73.84,-306.9,133.46,520.59,-75.77
2025-08-11T15:53:46.736112,228.0,378.0,110.0,300.0,213.0,-180.0,26.0,139.0,-413.0,123.0,485.0,-52.0,220.67,323.54,113.23,293.48,190.31,-125.25999999999999,27.44,142.84,-360.9,133.46,469.59,-50.77
2025-08-11T15:53:46.743999,152.0,467.0,72.0,243.0,185.0,-249.0,78.0,165.0,-440.0,153.0,443.0,15.0,144.67,412.54,75.23,236.48,162.31,-194.26,79.44,168.84,-387.9,163.46,427.59,16.23
2025-08-11T15:53:46.748436,275.0,406.0,38.0,337.0,215.0,-161.0,45.0,91.0,-359.0,104.0,451.0,36.0,267.67,351.54,41.23,330.48,192.31,-106.25999999999999,46.44,94.84,-306.9,114.46000000000001,435.59,37.23
2025-08-11T15:53:46.756368,183.0,396.0,80.0,252.0,243.0,-169.0,50.0,125.0,-403.0,104.0,527.0,43.0,175.67,341.54,83.23,245.48,220.31,-114.25999999999999,51.44,128.84,-350.9,114.46000000000001,511.59,44.23
2025-08-11T15:53:46.760592,230.0,460.0,34.0,391.0,223.0,-199.0,77.0,158.0,-404.0,-20.0,471.0,-21.0,222.67,405.54,37.23,384.48,200.31,-144.26,78.44,161.84,-351.9,-9.54,455.59,-19.77
2025-08-11T15:53:46.768719,205.0,424.0,48.0,348.0,183.0,-235.0,14.0,127.0,-402.0,134.0,564.0,-105.0,197.67,369.54,51.23,341.48,160.31,-180.26,15.44,130.84,-349.9,144.46,548.59,-103.77
2025-08-11T15:53:46.776764,213.0,446.0,83.0,316.0,267.0,-235.0,41.0,136.0,-441.0,175.0,494.0,-7.0,205.67,391.54,86.23,309.48,244.31,-180.26,42.44,139.84,-388.9,185.46,478.59,-5.77
2025-08-11T15:53:46.780996,129.0,459.0,18.0,308.0,137.0,-223.0,71.0,124.0,-461.0,79.0,446.0,-33.0,121.67,404.54,21.23,301.48,114.31,-168.26,72.44,127.84,-408.9,89.46000000000001,430.59,-31.77
2025-08-11T15:53:46.789175,284.0,414.0,43.0,324.0,193.0,-205.0,99.0,153.0,-396.0,82.0,577.0,32.0,276.67,359.54,46.23,317.48,170.31,-150.26,100.44,156.84,-343.9,92.46000000000001,561.59,33.23
2025-08-11T15:53:46.793334,135.0,453.0,137.0,286.0,244.0,-198.0,30.0,141.0,-446.0,29.0,517.0,-62.0,127.67,398.54,140.23,279.48,221.31,-143.26,31.44,144.84,-393.9,39.46,501.59,-60.77
2025-08-11T15:53:46.801587,169.0,505.0,38.0,267.0,167.0,-210.0,-76.0,98.0,-481.0,134.0,587.0,-99.0,161.67,450.54,41.23,260.48,144.31,-155.26,-74.56,101.84,-428.9,144.46,571.59,-97.77
2025-08-11T15:53:46.805773,258.0,472.0,44.0,384.0,204.0,-229.0,-3.0,141.0,-445.0,152.0,455.0,-51.0,250.67,417.54,47.23,377.48,181.31,-174.26,-1.56,144.84,-392.9,162.46,439.59,-49.77
2025-08-11T15:53:46.813792,151.0,401.0,140.0,338.0,151.0,-217.0,27.0,191.0,-501.0,151.0,529.0,6.0,143.67,346.54,143.23,331.48,128.31,-162.26,28.44,194.84,-448.9,161.46,513.59,7.23
2025-08-11T15:53:46.821810,157.0,461.0,14.0,413.0,146.0,-254.0,71.0,164.0,-411.0,90.0,450.0,32.0,149.67,406.54,17.23,406.48,123.31,-199.26,72.44,167.84,-358.9,100.46000000000001,434.59,33.23
2025-08-11T15:53:46.826112,225.0,364.0,48.0,334.0,156.0,-183.0,108.0,113.0,-405.0,133.0,551.0,20.0,217.67,309.54,51.23,327.48,133.31,-128.26,109.44,116.84,-352.9,143.46,535.59,21.23
2025-08-11T15:53:46.834162,121.0,429.0,50.0,309.0,195.0,-186.0,13.0,207.0,-435.0,69.0,459.0,-57.0,113.67,374.54,53.23,302.48,172.31,-131.26,14.44,210.84,-382.9,79.46000000000001,443.59,-55.77
2025-08-11T15:53:46.838529,158.0,406.0,11.0,364.0,137.0,-216.0,10.0,166.0,-488.0,156.0,526.0,-99.0,150.67,351.54,14.23,357.48,114.31,-161.26,11.44,169.84,-435.9,166.46,510.59,-97.77
2025-08-11T15:53:46.846660,137.0,408.0,18.0,246.0,269.0,-210.0,30.0,142.0,-418.0,114.0,449.0,-52.0,129.67,353.54,21.23,239.48,246.31,-155.26,31.44,145.84,-365.9,124.46000000000001,433.59,-50.77
2025-08-11T15:53:46.854650,180.0,454.0,43.0,284.0,165.0,-168.0,40.0,163.0,-459.0,140.0,452.0,-49.0,172.67,399.54,46.23,277.48,142.31,-113.25999999999999,41.44,166.84,-406.9,150.46,436.59,-47.77
2025-08-11T15:53:46.858991,155.0,506.0,40.0,276.0,223.0,-219.0,55.0,209.0,-445.0,62.0,453.0,7.0,147.67,451.54,43.23,269.48,200.31,-164.26,56.44,212.84,-392.9,72.46000000000001,437.59,8.23
2025-08-11T15:53:46.867016,236.0,406.0,48.0,308.0,224.0,-253.0,-4.0,62.0,-354.0,81.0,557.0,0.0,228.67,351.54,51.23,301.48,201.31,-198.26,-2.56,65.84,-301.9,91.46000000000001,541.59,1.23
2025-08-11T15:53:46.871272,265.0,431.0,100.0,296.0,209.0,-184.0,89.0,114.0,-419.0,91.0,509.0,-39.0,257.67,376.54,103.23,289.48,186.31,-129.26,90.44,117.84,-366.9,101.46000000000001,493.59,-37.77
2025-08-11T15:53:46.879351,141.0,517.0,64.0,349.0,177.0,-201.0,43.0,182.0,-409.0,138.0,501.0,-71.0,133.67,462.54,67.23,342.48,154.31,-146.26,44.44,185.84,-356.9,148.46,485.59,-69.77
2025-08-11T15:53:46.887489,224.0,496.0,25.0,292.0,212.0,-248.0,96.0,158.0,-386.0,160.0,474.0,-35.0,216.67,441.54,28.23,285.48,189.31,-193.26,97.44,161.84,-333.9,170.46,458.59,-33.77
2025-08-11T15:53:46.891757,250.0,417.0,102.0,320.0,191.0,-256.0,53.0,137.0,-393.0,185.0,442.0,-52.0,242.67,362.54,105.23,313.48,168.31,-201.26,54.44,140.84,-340.9,195.46,426.59,-50.77
2025-08-11T15:53:46.899656,220.0,525.0,-29.0,284.0,122.0,-238.0,14.0,155.0,-423.0,61.0,486.0,22.0,212.67,470.54,-25.77,277.48,99.31,-183.26,15.44,158.84,-370.9,71.46000000000001,470.59,23.23
2025-08-11T15:53:46.903872,222.0,398.0,-26.0,310.0,279.0,-199.0,21.0,126.0,-417.0,124.0,526.0,-43.0,214.67,343.54,-22.77,303.48,256.31,-144.26,22.44,129.84,-364.9,134.46,510.59,-41.77
2025-08-11T15:53:46.912143,162.0,431.0,82.0,377.0,226.0,-261.0,68.0,86.0,-474.0,145.0,518.0,-102.0,154.67,376.54,85.23,370.48,203.31,-206.26,69.44,89.84,-421.9,155.46,502.59,-100.77
2025-08-11T15:53:46.920124,129.0,513.0,55.0,361.0,193.0,-156.0,-11.0,194.0,-422.0,156.0,485.0,-74.0,121.67,458.54,58.23,354.48,170.31,-101.25999999999999,-9.56,197.84,-369.9,166.46,469.59,-72.77
2025-08-11T15:53:46.924394,180.0,411.0,64.0,301.0,238.0,-230.0,46.0,185.0,-414.0,128.0,441.0,-49.0,172.67,356.54,67.23,294.48,215.31,-175.26,47.44,188.84,-361.9,138.46,425.59,-47.77
2025-08-11T15:53:46.932519,198.0,363.0,81.0,365.0,145.0,-166.0,85.0,104.0,-446.0,139.0,507.0,-40.0,190.67,308.54,84.23,358.48,122.31,-111.25999999999999,86.44,107.84,-393.9,149.46,491.59,-38.77
2025-08-11T15:53:46.936758,170.0,443.0,64.0,314.0,259.0,-189.0,96.0,108.0,-379.0,101.0,521.0,-3.0,162.67,388.54,67.23,307.48,236.31,-134.26,97.44,111.84,-326.9,111.46000000000001,505.59,-1.77
2025-08-11T15:53:46.944927,246.0,370.0,84.0,298.0,219.0,-232.0,51.0,162.0,-415.0,58.0,525.0,-93.0,238.67,315.54,87.23,291.48,196.31,-177.26,52.44,165.84,-362.9,68.46000000000001,509.59,-91.77
2025-08-11T15:53:46.949166,201.0,385.0,86.0,301.0,217.0,-227.0,71.0,143.0,-437.0,189.0,549.0,-83.0,193.67,330.54,89.23,294.48,194.31,-172.26,72.44,146.84,-384.9,199.46,533.59,-81.77
2025-08-11T15:53:46.957015,181.0,449.0,66.0,305.0,224.0,-253.0,74.0,146.0,-463.0,156.0,495.0,-93.0,173.67,394.54,69.23,298.48,201.31,-198.26,75.44,149.84,-410.9,166.46,479.59,-91.77
2025-08-11T15:53:46.965307,270.0,408.0,33.0,283.0,228.0,-175.0,44.0,138.0,-432.0,128.0,485.0,-35.0,262.67,353.54,36.23,276.48,205.31,-120.25999999999999,45.44,141.84,-379.9,138.46,469.59,-33.77
2025-08-11T15:53:46.969582,128.0,413.0,96.0,261.0,184.0,-197.0,42.0,154.0,-477.0,101.0,492.0,-6.0,120.67,358.54,99.23,254.48,161.31,-142.26,43.44,157.84,-424.9,111.46000000000001,476.59,-4.77
2025-08-11T15:53:46.977648,190.0,439.0,-12.0,332.0,185.0,-179.0,113.0,95.0,-380.0,140.0,507.0,-38.0,182.67,384.54,-8.77,325.48,162.31,-124.25999999999999,114.44,98.84,-327.9,150.46,491.59,-36.77
2025-08-11T15:53:46.981834,241.0,385.0,58.0,273.0,177.0,-146.0,31.0,118.0,-413.0,56.0,541.0,-92.0,233.67,330.54,61.23,266.48,154.31,-91.25999999999999,32.44,121.84,-360.9,66.46000000000001,525.59,-90.77
2025-08-11T15:53:46.990033,177.0,375.0,113.0,310.0,258.0,-291.0,80.0,109.0,-471.0,176.0,534.0,-65.0,169.67,320.54,116.23,303.48,235.31,-236.26,81.44,112.84,-418.9,186.46,518.59,-63.77
2025-08-11T15:53:46.998008,139.0,482.0,45.0,401.0,194.0,-243.0,-13.0,137.0,-415.0,126.0,452.0,-48.0,131.67,427.54,48.23,394.48,171.31,-188.26,-11.56,140.84,-362.9,136.46,436.59,-46.77
2025-08-11T15:53:47.002393,163.0,429.0,55.0,307.0,226.0,-256.0,52.0,194.0,-476.0,90.0,463.0,-55.0,155.67,374.54,58.23,300.48,203.31,-201.26,53.44,197.84,-423.9,100.46000000000001,447.59,-53.77
2025-08-11T15:53:47.010339,105.0,375.0,56.0,333.0,112.0,-229.0,79.0,135.0,-438.0,40.0,493.0,-26.0,97.67,320.54,59.23,326.48,89.31,-174.26,80.44,138.84,-385.9,50.46,477.59,-24.77
2025-08-11T15:53:47.014709,176.0,460.0,38.0,247.0,211.0,-270.0,27.0,165.0,-380.0,123.0,538.0,-20.0,168.67,405.54,41.23,240.48,188.31,-215.26,28.44,168.84,-327.9,133.46,522.59,-18.77
2025-08-11T15:53:47.022742,229.0,479.0,40.0,344.0,222.0,-156.0,62.0,240.0,-351.0,104.0,537.0,-74.0,221.67,424.54,43.23,337.48,199.31,-101.25999999999999,63.44,243.84,-298.9,114.46000000000001,521.59,-72.77
2025-08-11T15:53:47.030914,198.0,426.0,113.0,333.0,157.0,-211.0,98.0,130.0,-482.0,105.0,469.0,-87.0,190.67,371.54,116.23,326.48,134.31,-156.26,99.44,133.84,-429.9,115.46000000000001,453.59,-85.77
2025-08-11T15:53:47.035151,199.0,507.0,44.0,303.0,205.0,-251.0,18.0,125.0,-397.0,50.0,456.0,12.0,191.67,452.54,47.23,296.48,182.31,-196.26,19.44,128.84,-344.9,60.46,440.59,13.23
2025-08-11T15:53:47.043083,162.0,456.0,34.0,313.0,199.0,-206.0,41.0,193.0,-456.0,51.0,479.0,7.0,154.67,401.54,37.23,306.48,176.31,-151.26,42.44,196.84,-403.9,61.46,463.59,8.23
2025-08-11T15:53:47.047500,133.0,462.0,73.0,294.0,203.0,-152.0,33.0,125.0,-418.0,51.0,557.0,12.0,125.67,407.54,76.23,287.48,180.31,-97.25999999999999,34.44,128.84,-365.9,61.46,541.59,13.23
2025-08-11T15:53:47.055532,258.0,482.0,-33.0,275.0,243.0,-185.0,65.0,164.0,-405.0,83.0,560.0,-6.0,250.67,427.54,-29.77,268.48,220.31,-130.26,66.44,167.84,-352.9,93.46000000000001,544.59,-4.77
2025-08-11T15:53:47.063498,245.0,365.0,-29.0,321.0,180.0,-191.0,66.0,203.0,-429.0,163.0,557.0,-132.0,237.67,310.54,-25.77,314.48,157.31,-136.26,67.44,206.84,-376.9,173.46,541.59,-130.77
2025-08-11T15:53:47.067753,157.0,392.0,75.0,249.0,203.0,-159.0,30.0,167.0,-477.0,127.0,532.0,-25.0,149.67,337.54,78.23,242.48,180.31,-104.25999999999999,31.44,170.84,-424.9,137.46,516.59,-23.77
2025-08-11T15:53:47.075938,186.0,428.0,16.0,336.0,268.0,-266.0,81.0,162.0,-416.0,56.0,421.0,-73.0,178.67,373.54,19.23,329.48,245.31,-211.26,82.44,165.84,-363.9,66.46000000000001,405.59,-71.77
2025-08-11T15:53:47.080221,275.0,468.0,7.0,342.0,174.0,-233.0,-22.0,138.0,-415.0,160.0,583.0,-24.0,267.67,413.54,10.23,335.48,151.31,-178.26,-20.56,141.84,-362.9,170.46,567.59,-22.77
2025-08-11T15:53:47.088289,177.0,415.0,103.0,338.0,181.0,-197.0,115.0,218.0,-411.0,62.0,522.0,-149.0,169.67,360.54,106.23,331.48,158.31,-142.26,116.44,221.84,-358.9,72.46000000000001,506.59,-147.77
2025-08-11T15:53:47.096120,197.0,421.0,32.0,329.0,189.0,-195.0,32.0,152.0,-347.0,151.0,463.0,-57.0,189.67,366.54,35.23,322.48,166.31,-140.26,33.44,155.84,-294.9,161.46,447.59,-55.77
2025-08-11T15:53:47.100507,274.0,428.0,23.0,315.0,212.0,-232.0,60.0,212.0,-443.0,183.0,475.0,17.0,266.67,373.54,26.23,308.48,189.31,-177.26,61.44,215.84,-390.9,193.46,459.59,18.23
2025-08-11T15:53:47.108524,158.0,408.0,83.0,275.0,207.0,-187.0,129.0,171.0,-431.0,34.0,464.0,6.0,150.67,353.54,86.23,268.48,184.31,-132.26,130.44,174.84,-378.9,44.46,448.59,7.23
2025-08-11T15:53:47.112849,187.0,463.0,26.0,352.0,133.0,-268.0,48.0,68.0,-423.0,61.0,534.0,-8.0,179.67,408.54,29.23,345.48,110.31,-213.26,49.44,71.84,-370.9,71.46000000000001,518.59,-6.77
2025-08-11T15:53:47.120993,243.0,446.0,-2.0,370.0,160.0,-176.0,33.0,112.0,-431.0,120.0,496.0,-100.0,235.67,391.54,1.23,363.48,137.31,-121.25999999999999,34.44,115.84,-378.9,130.46,480.59,-98.77
2025-08-11T15:53:47.125316,168.0,493.0,74.0,306.0,169.0,-213.0,71.0,117.0,-442.0,137.0,517.0,-60.0,160.67,438.54,77.23,299.48,146.31,-158.26,72.44,120.84,-389.9,147.46,501.59,-58.77
2025-08-11T15:53:47.133466,187.0,489.0,12.0,278.0,200.0,-207.0,64.0,106.0,-394.0,145.0,429.0,-81.0,179.67,434.54,15.23,271.48,177.31,-152.26,65.44,109.84,-341.9,155.46,413.59,-79.77
2025-08-11T15:53:47.141176,248.0,450.0,43.0,311.0,211.0,-233.0,53.0,196.0,-417.0,152.0,419.0,-3.0,240.67,395.54,46.23,304.48,188.31,-178.26,54.44,199.84,-364.9,162.46,403.59,-1.77
2025-08-11T15:53:47.145621,196.0,437.0,73.0,311.0,189.0,-143.0,42.0,156.0,-483.0,85.0,477.0,-27.0,188.67,382.54,76.23,304.48,166.31,-88.25999999999999,43.44,159.84,-430.9,95.46000000000001,461.59,-25.77
2025-08-11T15:53:47.153659,186.0,477.0,60.0,255.0,190.0,-260.0,47.0,140.0,-463.0,95.0,496.0,-8.0,178.67,422.54,63.23,248.48,167.31,-205.26,48.44,143.84,-410.9,105.46000000000001,480.59,-6.77
2025-08-11T15:53:47.158008,206.0,462.0,0.0,281.0,203.0,-205.0,57.0,127.0,-479.0,93.0,494.0,-50.0,198.67,407.54,3.23,274.48,180.31,-150.26,58.44,130.84,-426.9,103.46000000000001,478.59,-48.77
2025-08-11T15:53:47.166101,172.0,365.0,80.0,400.0,208.0,-209.0,0.0,129.0,-387.0,54.0,527.0,-99.0,164.67,310.54,83.23,393.48,185.31,-154.26,1.44,132.84,-334.9,64.46000000000001,511.59,-97.77
2025-08-11T15:53:47.174212,219.0,462.0,28.0,291.0,196.0,-167.0,34.0,175.0,-503.0,147.0,426.0,-35.0,211.67,407.54,31.23,284.48,173.31,-112.25999999999999,35.44,178.84,-450.9,157.46,410.59,-33.77
2025-08-11T15:53:47.178402,248.0,430.0,-7.0,301.0,210.0,-180.0,58.0,68.0,-443.0,179.0,453.0,16.0,240.67,375.54,-3.77,294.48,187.31,-125.25999999999999,59.44,71.84,-390.9,189.46,437.59,17.23
2025-08-11T15:53:47.186433,213.0,461.0,53.0,291.0,182.0,-240.0,81.0,159.0,-369.0,70.0,383.0,-22.0,205.67,406.54,56.23,284.48,159.31,-185.26,82.44,162.84,-316.9,80.46000000000001,367.59,-20.77
2025-08-11T15:53:47.190692,170.0,454.0,34.0,298.0,129.0,-170.0,12.0,160.0,-457.0,115.0,513.0,-26.0,162.67,399.54,37.23,291.48,106.31,-115.25999999999999,13.44,163.84,-404.9,125.46000000000001,497.59,-24.77
2025-08-11T15:53:47.198741,286.0,493.0,-6.0,283.0,242.0,-250.0,95.0,147.0,-452.0,89.0,498.0,-47.0,278.67,438.54,-2.77,276.48,219.31,-195.26,96.44,150.84,-399.9,99.46000000000001,482.59,-45.77
2025-08-11T15:53:47.202993,199.0,391.0,73.0,321.0,219.0,-261.0,85.0,180.0,-420.0,140.0,506.0,-24.0,191.67,336.54,76.23,314.48,196.31,-206.26,86.44,183.84,-367.9,150.46,490.59,-22.77
2025-08-11T15:53:47.211215,193.0,454.0,90.0,252.0,188.0,-197.0,73.0,136.0,-372.0,130.0,481.0,-119.0,185.67,399.54,93.23,245.48,165.31,-142.26,74.44,139.84,-319.9,140.46,465.59,-117.77
2025-08-11T15:53:47.219193,283.0,331.0,14.0,272.0,237.0,-241.0,42.0,203.0,-447.0,215.0,465.0,-15.0,275.67,276.54,17.23,265.48,214.31,-186.26,43.44,206.84,-394.9,225.46,449.59,-13.77
2025-08-11T15:53:47.223579,143.0,448.0,105.0,405.0,121.0,-148.0,79.0,143.0,-422.0,79.0,429.0,17.0,135.67,393.54,108.23,398.48,98.31,-93.25999999999999,80.44,146.84,-369.9,89.46000000000001,413.59,18.23
2025-08-11T15:53:47.231539,227.0,500.0,13.0,300.0,247.0,-270.0,63.0,136.0,-419.0,88.0,533.0,-67.0,219.67,445.54,16.23,293.48,224.31,-215.26,64.44,139.84,-366.9,98.46000000000001,517.59,-65.77
2025-08-11T15:53:47.235728,214.0,370.0,106.0,266.0,170.0,-201.0,52.0,202.0,-480.0,53.0,499.0,-80.0,206.67,315.54,109.23,259.48,147.31,-146.26,53.44,205.84,-427.9,63.46,483.59,-78.77
2025-08-11T15:53:47.243848,151.0,447.0,97.0,235.0,187.0,-126.0,115.0,147.0,-437.0,191.0,508.0,23.0,143.67,392.54,100.23,228.48,164.31,-71.25999999999999,116.44,150.84,-384.9,201.46,492.59,24.23
2025-08-11T15:53:47.252041,186.0,490.0,0.0,253.0,270.0,-227.0,-5.0,138.0,-387.0,159.0,498.0,-5.0,178.67,435.54,3.23,246.48,247.31,-172.26,-3.56,141.84,-334.9,169.46,482.59,-3.77
2025-08-11T15:53:47.256119,247.0,443.0,85.0,295.0,232.0,-202.0,86.0,209.0,-465.0,55.0,439.0,-7.0,239.67,388.54,88.23,288.48,209.31,-147.26,87.44,212.84,-412.9,65.46000000000001,423.59,-5.77
2025-08-11T15:53:47.264234,146.0,483.0,91.0,306.0,134.0,-312.0,63.0,67.0,-446.0,53.0,542.0,-18.0,138.67,428.54,94.23,299.48,111.31,-257.26,64.44,70.84,-393.9,63.46,526.59,-16.77
2025-08-11T15:53:47.268490,219.0,452.0,20.0,357.0,174.0,-220.0,44.0,117.0,-435.0,82.0,532.0,-136.0,211.67,397.54,23.23,350.48,151.31,-165.26,45.44,120.84,-382.9,92.46000000000001,516.59,-134.77
2025-08-11T15:53:47.276527,220.0,443.0,97.0,348.0,169.0,-178.0,53.0,129.0,-390.0,126.0,559.0,-52.0,212.67,388.54,100.23,341.48,146.31,-123.25999999999999,54.44,132.84,-337.9,136.46,543.59,-50.77
2025-08-11T15:53:47.284549,183.0,483.0,73.0,225.0,227.0,-255.0,21.0,113.0,-422.0,66.0,462.0,-10.0,175.67,428.54,76.23,218.48,204.31,-200.26,22.44,116.84,-369.9,76.46000000000001,446.59,-8.77
2025-08-11T15:53:47.288810,274.0,467.0,19.0,254.0,196.0,-234.0,31.0,110.0,-392.0,171.0,483.0,-57.0,266.67,412.54,22.23,247.48,173.31,-179.26,32.44,113.84,-339.9,181.46,467.59,-55.77
2025-08-11T15:53:47.296962,305.0,410.0,72.0,306.0,289.0,-228.0,59.0,123.0,-431.0,113.0,448.0,-49.0,297.67,355.54,75.23,299.48,266.31,-173.26,60.44,126.84,-378.9,123.46000000000001,432.59,-47.77
2025-08-11T15:53:47.301225,199.0,488.0,76.0,238.0,278.0,-213.0,83.0,118.0,-461.0,126.0,468.0,-39.0,191.67,433.54,79.23,231.48,255.31,-158.26,84.44,121.84,-408.9,136.46,452.59,-37.77
2025-08-11T15:53:47.309214,283.0,489.0,53.0,333.0,151.0,-201.0,51.0,201.0,-448.0,84.0,478.0,-78.0,275.67,434.54,56.23,326.48,128.31,-146.26,52.44,204.84,-395.9,94.46000000000001,462.59,-76.77
2025-08-11T15:53:47.314245,284.0,392.0,38.0,304.0,239.0,-211.0,54.0,166.0,-390.0,177.0,521.0,-91.0,276.67,337.54,41.23,297.48,216.31,-156.26,55.44,169.84,-337.9,187.46,505.59,-89.77
2025-08-11T15:53:47.321642,207.0,496.0,108.0,280.0,279.0,-251.0,43.0,107.0,-450.0,143.0,505.0,-115.0,199.67,441.54,111.23,273.48,256.31,-196.26,44.44,110.84,-397.9,153.46,489.59,-113.77
2025-08-11T15:53:47.329707,159.0,472.0,31.0,307.0,131.0,-213.0,42.0,109.0,-431.0,185.0,431.0,-31.0,151.67,417.54,34.23,300.48,108.31,-158.26,43.44,112.84,-378.9,195.46,415.59,-29.77
2025-08-11T15:53:47.334007,206.0,489.0,58.0,259.0,182.0,-238.0,27.0,70.0,-454.0,133.0,402.0,-69.0,198.67,434.54,61.23,252.48,159.31,-183.26,28.44,73.84,-401.9,143.46,386.59,-67.77
2025-08-11T15:53:47.342048,191.0,466.0,136.0,343.0,193.0,-212.0,88.0,134.0,-440.0,133.0,599.0,-21.0,183.67,411.54,139.23,336.48,170.31,-157.26,89.44,137.84,-387.9,143.46,583.59,-19.77
2025-08-11T15:53:47.346293,230.0,472.0,-6.0,241.0,154.0,-181.0,60.0,102.0,-466.0,11.0,479.0,-85.0,222.67,417.54,-2.77,234.48,131.31,-126.25999999999999,61.44,105.84,-413.9,21.46,463.59,-83.77
2025-08-11T15:53:47.354497,273.0,356.0,156.0,292.0,209.0,-204.0,132.0,66.0,-290.0,103.0,462.0,-117.0,265.67,301.54,159.23,285.48,186.31,-149.26,133.44,69.84,-237.9,113.46000000000001,446.59,-115.77
2025-08-11T15:53:47.362645,142.0,398.0,46.0,357.0,203.0,-128.0,18.0,108.0,-365.0,150.0,390.0,-21.0,134.67,343.54,49.23,350.48,180.31,-73.25999999999999,19.44,111.84,-312.9,160.46,374.59,-19.77
2025-08-11T15:53:47.366768,183.0,308.0,23.0,214.0,228.0,-180.0,116.0,114.0,-367.0,81.0,363.0,-51.0,175.67,253.54,26.23,207.48,205.31,-125.25999999999999,117.44,117.84,-314.9,91.46000000000001,347.59,-49.77
2025-08-11T15:53:47.374880,100.0,326.0,80.0,190.0,167.0,-156.0,74.0,91.0,-349.0,44.0,427.0,15.0,92.67,271.54,83.23,183.48,144.31,-101.25999999999999,75.44,94.84,-296.9,54.46,411.59,16.23
2025-08-11T15:53:47.379167,58.0,326.0,-35.0,205.0,90.0,-83.0,63.0,97.0,-314.0,116.0,377.0,-47.0,50.67,271.54,-31.77,198.48,67.31,-28.259999999999998,64.44,100.84,-261.9,126.46000000000001,361.59,-45.77
2025-08-11T15:53:47.387213,202.0,301.0,54.0,180.0,146.0,-175.0,40.0,78.0,-329.0,135.0,344.0,-41.0,194.67,246.54,57.23,173.48,123.31,-120.25999999999999,41.44,81.84,-276.9,145.46,328.59,-39.77
2025-08-11T15:53:47.395234,101.0,253.0,77.0,169.0,149.0,-141.0,92.0,52.0,-243.0,171.0,302.0,-85.0,93.67,198.54,80.23,162.48,126.31,-86.25999999999999,93.44,55.84,-190.9,181.46,286.59,-83.77
2025-08-11T15:53:47.399533,1.0,342.0,-57.0,106.0,112.0,-57.0,34.0,102.0,-145.0,118.0,247.0,38.0,-6.33,287.54,-53.77,99.48,89.31,-2.259999999999998,35.44,105.84,-92.9,128.46,231.59,39.23
2025-08-11T15:53:47.407636,141.0,193.0,-14.0,157.0,111.0,-119.0,-20.0,112.0,-329.0,67.0,215.0,57.0,133.67,138.54,-10.77,150.48,88.31,-64.25999999999999,-18.56,115.84,-276.9,77.46000000000001,199.59,58.23
2025-08-11T15:53:47.411939,58.0,143.0,58.0,116.0,141.0,-105.0,1.0,95.0,-292.0,45.0,287.0,-31.0,50.67,88.53999999999999,61.23,109.48,118.31,-50.26,2.44,98.84,-239.9,55.46,271.59,-29.77
2025-08-11T15:53:47.419835,106.0,265.0,39.0,164.0,99.0,-87.0,34.0,87.0,-294.0,33.0,341.0,-117.0,98.67,210.54,42.23,157.48,76.31,-32.26,35.44,90.84,-241.9,43.46,325.59,-115.77
2025-08-11T15:53:47.424097,95.0,179.0,-55.0,93.0,104.0,-112.0,55.0,70.0,-173.0,118.0,194.0,-35.0,87.67,124.53999999999999,-51.77,86.48,81.31,-57.26,56.44,73.84,-120.9,128.46,178.59,-33.77
2025-08-11T15:53:47.432182,35.0,106.0,19.0,70.0,131.0,-97.0,-8.0,50.0,-92.0,88.0,210.0,12.0,27.67,51.54,22.23,63.480000000000004,108.31,-42.26,-6.5600000000000005,53.84,-39.9,98.46000000000001,194.59,13.23
2025-08-11T15:53:47.436685,10.0,213.0,-15.0,129.0,-13.0,-145.0,29.0,31.0,-154.0,78.0,107.0,-28.0,2.67,158.54,-11.77,122.48,-35.69,-90.25999999999999,30.44,34.84,-101.9,88.46000000000001,91.59,-26.77
2025-08-11T15:53:47.444667,11.0,187.0,-82.0,172.0,75.0,-72.0,15.0,15.0,-261.0,61.0,74.0,-3.0,3.67,132.54,-78.77,165.48,52.31,-17.259999999999998,16.44,18.84,-208.9,71.46000000000001,58.59,-1.77
2025-08-11T15:53:47.448541,27.0,233.0,-75.0,77.0,66.0,-119.0,-45.0,36.0,-146.0,86.0,69.0,103.0,19.67,178.54,-71.77,70.48,43.31,-64.25999999999999,-43.56,39.84,-93.9,96.46000000000001,53.59,104.23
2025-08-11T15:53:47.456732,20.0,67.0,1.0,88.0,58.0,-142.0,25.0,-3.0,-119.0,21.0,100.0,80.0,12.67,12.54,4.23,81.48,35.31,-87.25999999999999,26.44,0.8399999999999999,-66.9,31.46,84.59,81.23
2025-08-11T15:53:47.460835,-2.0,133.0,29.0,105.0,129.0,-112.0,42.0,-13.0,-131.0,4.0,74.0,6.0,-9.33,78.53999999999999,32.23,98.48,106.31,-57.26,43.44,-9.16,-78.9,14.46,58.59,7.23
2025-08-11T15:53:47.469180,38.0,149.0,-54.0,48.0,25.0,-74.0,126.0,7.0,-67.0,5.0,68.0,25.0,30.67,94.53999999999999,-50.77,41.480000000000004,2.3099999999999987,-19.259999999999998,127.44,10.84,-14.899999999999999,15.46,52.59,26.23
2025-08-11T15:53:47.477150,42.0,121.0,-28.0,56.0,68.0,-59.0,-19.0,54.0,-132.0,-79.0,32.0,-3.0,34.67,66.53999999999999,-24.77,49.480000000000004,45.31,-4.259999999999998,-17.56,57.84,-79.9,-68.53999999999999,16.59,-1.77
2025-08-11T15:53:47.481447,-1.0,69.0,-64.0,82.0,25.0,-80.0,7.0,-13.0,-98.0,-33.0,51.0,22.0,-8.33,14.54,-60.77,75.48,2.3099999999999987,-25.259999999999998,8.44,-9.16,-45.9,-22.54,35.59,23.23
2025-08-11T15:53:47.485414,46.0,98.0,-25.0,-3.0,-8.0,-91.0,-59.0,7.0,-71.0,-25.0,22.0,22.0,38.67,43.54,-21.77,-9.52,-30.69,-36.26,-57.56,10.84,-18.9,-14.54,6.59,23.23
2025-08-11T15:53:47.493713,128.0,161.0,-13.0,-14.0,-5.0,10.0,33.0,16.0,-111.0,80.0,-12.0,-10.0,120.67,106.53999999999999,-9.77,-20.52,-27.69,64.74000000000001,34.44,19.84,-58.9,90.46000000000001,-27.41,-8.77
2025-08-11T15:53:47.497655,64.0,148.0,-106.0,8.0,61.0,-85.0,14.0,10.0,-43.0,29.0,-14.0,2.0,56.67,93.53999999999999,-102.77,1.4800000000000004,38.31,-30.259999999999998,15.44,13.84,9.100000000000001,39.46,-29.41,3.23
2025-08-11T15:53:47.505978,3.0,34.0,-19.0,59.0,61.0,-124.0,-27.0,-31.0,-48.0,5.0,-9.0,70.0,-4.33,-20.46,-15.77,52.480000000000004,38.31,-69.25999999999999,-25.56,-27.16,4.100000000000001,15.46,-24.41,71.23
2025-08-11T15:53:47.509941,7.0,-9.0,-29.0,5.0,95.0,-85.0,21.0,21.0,-70.0,-34.0,43.0,35.0,-0.33000000000000007,-63.46,-25.77,-1.5199999999999996,72.31,-30.259999999999998,22.44,24.84,-17.9,-23.54,27.59,36.23
2025-08-11T15:53:47.518216,104.0,15.0,-17.0,6.0,53.0,-38.0,-95.0,69.0,-55.0,-3.0,38.0,66.0,96.67,-39.46,-13.77,-0.5199999999999996,30.31,16.740000000000002,-93.56,72.84,-2.8999999999999986,7.460000000000001,22.59,67.23
2025-08-11T15:53:47.522484,-42.0,51.0,-22.0,56.0,62.0,-86.0,-71.0,50.0,-44.0,3.0,-12.0,28.0,-49.33,-3.460000000000001,-18.77,49.480000000000004,39.31,-31.259999999999998,-69.56,53.84,8.100000000000001,13.46,-27.41,29.23
2025-08-11T15:53:47.530566,-64.0,75.0,-12.0,40.0,17.0,-102.0,-5.0,46.0,-155.0,35.0,24.0,71.0,-71.33,20.54,-8.77,33.480000000000004,-5.690000000000001,-47.26,-3.56,49.84,-102.9,45.46,8.59,72.23
2025-08-11T15:53:47.534846,-57.0,110.0,-30.0,16.0,35.0,-58.0,0.0,7.0,-95.0,-15.0,30.0,-22.0,-64.33,55.54,-26.77,9.48,12.309999999999999,-3.259999999999998,1.44,10.84,-42.9,-4.539999999999999,14.59,-20.77
2025-08-11T15:53:47.542704,93.0,129.0,-54.0,1.0,7.0,-53.0,-85.0,14.0,-47.0,15.0,0.0,21.0,85.67,74.53999999999999,-50.77,-5.52,-15.690000000000001,1.740000000000002,-83.56,17.84,5.100000000000001,25.46,-15.41,22.23
2025-08-11T15:53:47.546979,26.0,95.0,-51.0,-11.0,43.0,-15.0,-53.0,3.0,-59.0,28.0,51.0,-12.0,18.67,40.54,-47.77,-17.52,20.31,39.74,-51.56,6.84,-6.899999999999999,38.46,35.59,-10.77
2025-08-11T15:53:47.555077,74.0,29.0,25.0,22.0,63.0,-105.0,-46.0,13.0,-72.0,53.0,16.0,79.0,66.67,-25.46,28.23,15.48,40.31,-50.26,-44.56,16.84,-19.9,63.46,0.5899999999999999,80.23
2025-08-11T15:53:47.559559,-24.0,30.0,-1.0,-39.0,-6.0,-186.0,-60.0,-13.0,-149.0,-49.0,32.0,62.0,-31.33,-24.46,2.23,-45.519999999999996,-28.69,-131.26,-58.56,-9.16,-96.9,-38.54,16.59,63.23
2025-08-11T15:53:47.567414,-31.0,143.0,-58.0,46.0,78.0,-56.0,31.0,-26.0,-72.0,16.0,6.0,16.0,-38.33,88.53999999999999,-54.77,39.480000000000004,55.31,-1.259999999999998,32.44,-22.16,-19.9,26.46,-9.41,17.23
2025-08-11T15:53:47.571687,3.0,107.0,-89.0,59.0,23.0,-83.0,-74.0,-2.0,-80.0,-13.0,65.0,-22.0,-4.33,52.54,-85.77,52.480000000000004,0.3099999999999987,-28.259999999999998,-72.56,1.8399999999999999,-27.9,-2.539999999999999,49.59,-20.77
2025-08-11T15:53:47.579631,53.0,79.0,-29.0,3.0,-38.0,-65.0,22.0,37.0,-102.0,55.0,-20.0,5.0,45.67,24.54,-25.77,-3.5199999999999996,-60.69,-10.259999999999998,23.44,40.84,-49.9,65.46000000000001,-35.41,6.23
2025-08-11T15:53:47.583824,-17.0,44.0,-72.0,47.0,99.0,-33.0,41.0,23.0,-94.0,1.0,32.0,65.0,-24.33,-10.46,-68.77,40.480000000000004,76.31,21.740000000000002,42.44,26.84,-41.9,11.46,16.59,66.23
2025-08-11T15:53:47.591967,19.0,15.0,-13.0,-25.0,7.0,-74.0,36.0,-6.0,-70.0,24.0,28.0,59.0,11.67,-39.46,-9.77,-31.52,-15.690000000000001,-19.259999999999998,37.44,-2.16,-17.9,34.46,12.59,60.23
2025-08-11T15:53:47.596151,22.0,100.0,-171.0,9.0,39.0,-84.0,55.0,1.0,-146.0,-25.0,23.0,42.0,14.67,45.54,-167.77,2.4800000000000004,16.31,-29.259999999999998,56.44,4.84,-93.9,-14.54,7.59,43.23
2025-08-11T15:53:47.604047,56.0,25.0,5.0,76.0,46.0,-140.0,64.0,-41.0,-85.0,64.0,6.0,43.0,48.67,-29.46,8.23,69.48,23.31,-85.25999999999999,65.44,-37.16,-32.9,74.46000000000001,-9.41,44.23
2025-08-11T15:53:47.608481,-22.0,-2.0,61.0,-3.0,36.0,-74.0,-14.0,26.0,-95.0,7.0,83.0,-30.0,-29.33,-56.46,64.23,-9.52,13.309999999999999,-19.259999999999998,-12.56,29.84,-42.9,17.46,67.59,-28.77
2025-08-11T15:53:47.616503,28.0,59.0,-24.0,84.0,-12.0,-77.0,17.0,-5.0,-119.0,-29.0,-4.0,-8.0,20.67,4.539999999999999,-20.77,77.48,-34.69,-22.259999999999998,18.44,-1.1600000000000001,-66.9,-18.54,-19.41,-6.77
2025-08-11T15:53:47.620731,-76.0,2.0,7.0,43.0,50.0,-52.0,-62.0,-38.0,-108.0,23.0,12.0,39.0,-83.33,-52.46,10.23,36.480000000000004,27.31,2.740000000000002,-60.56,-34.16,-55.9,33.46,-3.41,40.23
2025-08-11T15:53:47.628624,13.0,139.0,12.0,8.0,42.0,-80.0,58.0,39.0,-33.0,21.0,-12.0,-32.0,5.67,84.53999999999999,15.23,1.4800000000000004,19.31,-25.259999999999998,59.44,42.84,19.1,31.46,-27.41,-30.77
2025-08-11T15:53:47.632918,-13.0,143.0,-57.0,0.0,51.0,-99.0,34.0,53.0,-75.0,59.0,-72.0,9.0,-20.33,88.53999999999999,-53.77,-6.52,28.31,-44.26,35.44,56.84,-22.9,69.46000000000001,-87.41,10.23
2025-08-11T15:53:47.641129,93.0,87.0,-79.0,27.0,20.0,-96.0,-25.0,-18.0,-111.0,111.0,-48.0,10.0,85.67,32.54,-75.77,20.48,-2.6900000000000013,-41.26,-23.56,-14.16,-58.9,121.46000000000001,-63.41,11.23
2025-08-11T15:53:47.645436,19.0,44.0,-102.0,14.0,50.0,-99.0,-14.0,-68.0,-145.0,78.0,41.0,46.0,11.67,-10.46,-98.77,7.48,27.31,-44.26,-12.56,-64.16,-92.9,88.46000000000001,25.59,47.23
2025-08-11T15:53:47.653255,26.0,61.0,3.0,87.0,38.0,-89.0,-46.0,1.0,-71.0,30.0,24.0,28.0,18.67,6.539999999999999,6.23,80.48,15.309999999999999,-34.26,-44.56,4.84,-18.9,40.46,8.59,29.23
2025-08-11T15:53:47.657501,91.0,26.0,-13.0,47.0,39.0,-61.0,-11.0,-22.0,-52.0,-23.0,-5.0,22.0,83.67,-28.46,-9.77,40.480000000000004,16.31,-6.259999999999998,-9.56,-18.16,0.10000000000000142,-12.54,-20.41,23.23
2025-08-11T15:53:47.665579,66.0,38.0,-26.0,28.0,24.0,-12.0,-66.0,5.0,-118.0,37.0,-9.0,-22.0,58.67,-16.46,-22.77,21.48,1.3099999999999987,42.74,-64.56,8.84,-65.9,47.46,-24.41,-20.77
2025-08-11T15:53:47.669950,-22.0,63.0,-46.0,-19.0,16.0,-86.0,29.0,15.0,-122.0,15.0,46.0,-11.0,-29.33,8.54,-42.77,-25.52,-6.690000000000001,-31.259999999999998,30.44,18.84,-69.9,25.46,30.59,-9.77
2025-08-11T15:53:47.677952,36.0,189.0,-30.0,-13.0,44.0,-91.0,-40.0,0.0,13.0,-53.0,43.0,60.0,28.67,134.54,-26.77,-19.52,21.31,-36.26,-38.56,3.84,65.1,-42.54,27.59,61.23
2025-08-11T15:53:47.682438,25.0,134.0,-34.0,69.0,73.0,-134.0,-24.0,49.0,-32.0,72.0,-26.0,-23.0,17.67,79.53999999999999,-30.77,62.480000000000004,50.31,-79.25999999999999,-22.56,52.84,20.1,82.46000000000001,-41.41,-21.77
2025-08-11T15:53:47.690179,41.0,23.0,-58.0,44.0,-29.0,-73.0,-32.0,-15.0,-53.0,-8.0,-10.0,-10.0,33.67,-31.46,-54.77,37.480000000000004,-51.69,-18.259999999999998,-30.56,-11.16,-0.8999999999999986,2.460000000000001,-25.41,-8.77
2025-08-11T15:53:47.694500,17.0,4.0,10.0,19.0,28.0,-100.0,14.0,15.0,-107.0,6.0,-44.0,-4.0,9.67,-50.46,13.23,12.48,5.309999999999999,-45.26,15.44,18.84,-54.9,16.46,-59.41,-2.77
2025-08-11T15:53:47.702498,-37.0,22.0,-6.0,-7.0,-26.0,-116.0,-34.0,6.0,-134.0,27.0,35.0,90.0,-44.33,-32.46,-2.77,-13.52,-48.69,-61.26,-32.56,9.84,-81.9,37.46,19.59,91.23
2025-08-11T15:53:47.706691,-11.0,142.0,16.0,-5.0,60.0,-86.0,19.0,-6.0,-69.0,54.0,85.0,39.0,-18.33,87.53999999999999,19.23,-11.52,37.31,-31.259999999999998,20.44,-2.16,-16.9,64.46000000000001,69.59,40.23
2025-08-11T15:53:47.710671,-62.0,74.0,-10.0,56.0,57.0,-80.0,-62.0,63.0,-76.0,35.0,44.0,7.0,-69.33,19.54,-6.77,49.480000000000004,34.31,-25.259999999999998,-60.56,66.84,-23.9,45.46,28.59,8.23
2025-08-11T15:53:47.718998,34.0,134.0,-73.0,56.0,37.0,-89.0,-58.0,-10.0,-98.0,-12.0,17.0,71.0,26.67,79.53999999999999,-69.77,49.480000000000004,14.309999999999999,-34.26,-56.56,-6.16,-45.9,-1.5399999999999991,1.5899999999999999,72.23
2025-08-11T15:53:47.722909,-20.0,46.0,-95.0,51.0,-4.0,-110.0,38.0,58.0,-83.0,38.0,27.0,38.0,-27.33,-8.46,-91.77,44.480000000000004,-26.69,-55.26,39.44,61.84,-30.9,48.46,11.59,39.23
2025-08-11T15:53:47.731161,29.0,5.0,-37.0,-29.0,-9.0,-70.0,66.0,63.0,-29.0,-46.0,-11.0,32.0,21.67,-49.46,-33.77,-35.519999999999996,-31.69,-15.259999999999998,67.44,66.84,23.1,-35.54,-26.41,33.23
2025-08-11T15:53:47.735219,37.0,68.0,-22.0,-74.0,-45.0,-57.0,70.0,94.0,-76.0,93.0,-3.0,61.0,29.67,13.54,-18.77,-80.52,-67.69,-2.259999999999998,71.44,97.84,-23.9,103.46000000000001,-18.41,62.23
2025-08-11T15:53:47.743587,-26.0,98.0,-8.0,-23.0,37.0,-16.0,-1.0,-34.0,-33.0,-29.0,-30.0,10.0,-33.33,43.54,-4.77,-29.52,14.309999999999999,38.74,0.43999999999999995,-30.16,19.1,-18.54,-45.41,11.23
2025-08-11T15:53:47.747534,-43.0,131.0,-1.0,-27.0,82.0,-42.0,55.0,4.0,-136.0,-8.0,10.0,-13.0,-50.33,76.53999999999999,2.23,-33.519999999999996,59.31,12.740000000000002,56.44,7.84,-83.9,2.460000000000001,-5.41,-11.77
2025-08-11T15:53:47.755921,4.0,34.0,-66.0,70.0,29.0,-68.0,-16.0,-71.0,-26.0,45.0,73.0,31.0,-3.33,-20.46,-62.77,63.480000000000004,6.309999999999999,-13.259999999999998,-14.56,-67.16,26.1,55.46,57.59,32.23
2025-08-11T15:53:47.759818,14.0,49.0,-84.0,96.0,-58.0,-61.0,32.0,-14.0,-92.0,-11.0,25.0,42.0,6.67,-5.460000000000001,-80.77,89.48,-80.69,-6.259999999999998,33.44,-10.16,-39.9,-0.5399999999999991,9.59,43.23
2025-08-11T15:53:47.768111,73.0,128.0,-33.0,40.0,40.0,-1.0,9.0,12.0,-86.0,48.0,-23.0,-8.0,65.67,73.53999999999999,-29.77,33.480000000000004,17.31,53.74,10.44,15.84,-33.9,58.46,-38.41,-6.77
2025-08-11T15:53:47.772120,41.0,72.0,-16.0,39.0,63.0,-65.0,-51.0,-38.0,-116.0,-17.0,39.0,-22.0,33.67,17.54,-12.77,32.480000000000004,40.31,-10.259999999999998,-49.56,-34.16,-63.9,-6.539999999999999,23.59,-20.77
2025-08-11T15:53:47.780333,34.0,75.0,-49.0,0.0,56.0,-66.0,2.0,-72.0,-92.0,51.0,-30.0,33.0,26.67,20.54,-45.77,-6.52,33.31,-11.259999999999998,3.44,-68.16,-39.9,61.46,-45.41,34.23
2025-08-11T15:53:47.784668,43.0,94.0,-58.0,-33.0,42.0,-52.0,18.0,-2.0,-86.0,49.0,-31.0,-20.0,35.67,39.54,-54.77,-39.519999999999996,19.31,2.740000000000002,19.44,1.8399999999999999,-33.9,59.46,-46.41,-18.77
2025-08-11T15:53:47.792699,89.0,43.0,-77.0,12.0,60.0,-115.0,-27.0,-7.0,-62.0,3.0,-25.0,46.0,81.67,-11.46,-73.77,5.48,37.31,-60.26,-25.56,-3.16,-9.899999999999999,13.46,-40.41,47.23
2025-08-11T15:53:47.796875,25.0,2.0,34.0,0.0,-2.0,-44.0,35.0,54.0,-94.0,7.0,-23.0,-21.0,17.67,-52.46,37.23,-6.52,-24.69,10.740000000000002,36.44,57.84,-41.9,17.46,-38.41,-19.77
2025-08-11T15:53:47.804934,-12.0,5.0,-11.0,13.0,52.0,-97.0,61.0,-72.0,-167.0,1.0,-17.0,-10.0,-19.33,-49.46,-7.77,6.48,29.31,-42.26,62.44,-68.16,-114.9,11.46,-32.41,-8.77
2025-08-11T15:53:47.809089,7.0,88.0,12.0,37.0,9.0,-39.0,-3.0,37.0,-150.0,7.0,-27.0,-14.0,-0.33000000000000007,33.54,15.23,30.48,-13.690000000000001,15.740000000000002,-1.56,40.84,-97.9,17.46,-42.41,-12.77
2025-08-11T15:53:47.817185,-21.0,80.0,-34.0,-4.0,-23.0,9.0,2.0,50.0,-122.0,41.0,21.0,-2.0,-28.33,25.54,-30.77,-10.52,-45.69,63.74,3.44,53.84,-69.9,51.46,5.59,-0.77
2025-08-11T15:53:47.821509,-30.0,112.0,9.0,2.0,-35.0,-18.0,-55.0,-75.0,-140.0,-45.0,64.0,16.0,-37.33,57.54,12.23,-4.52,-57.69,36.74,-53.56,-71.16,-87.9,-34.54,48.59,17.23
2025-08-11T15:53:47.829413,-3.0,163.0,-40.0,7.0,-15.0,-143.0,4.0,56.0,-127.0,-4.0,55.0,-94.0,-10.33,108.53999999999999,-36.77,0.4800000000000004,-37.69,-88.25999999999999,5.4399999999999995,59.84,-74.9,6.460000000000001,39.59,-92.77
2025-08-11T15:53:47.833773,22.0,46.0,-39.0,76.0,28.0,-66.0,-49.0,-68.0,-76.0,40.0,24.0,-96.0,14.67,-8.46,-35.77,69.48,5.309999999999999,-11.259999999999998,-47.56,-64.16,-23.9,50.46,8.59,-94.77
2025-08-11T15:53:47.841852,33.0,51.0,-41.0,42.0,-37.0,-107.0,23.0,-44.0,-141.0,-36.0,77.0,-42.0,25.67,-3.460000000000001,-37.77,35.480000000000004,-59.69,-52.26,24.44,-40.16,-88.9,-25.54,61.59,-40.77
2025-08-11T15:53:47.846028,41.0,74.0,62.0,4.0,40.0,-136.0,-11.0,54.0,-65.0,-47.0,57.0,-38.0,33.67,19.54,65.23,-2.5199999999999996,17.31,-81.25999999999999,-9.56,57.84,-12.899999999999999,-36.54,41.59,-36.77
2025-08-11T15:53:47.854045,-33.0,2.0,1.0,14.0,-20.0,-97.0,0.0,41.0,-57.0,-80.0,33.0,-60.0,-40.33,-52.46,4.23,7.48,-42.69,-42.26,1.44,44.84,-4.899999999999999,-69.53999999999999,17.59,-58.77
2025-08-11T15:53:47.858307,-12.0,91.0,-16.0,50.0,-30.0,-73.0,41.0,-9.0,-151.0,-12.0,58.0,-47.0,-19.33,36.54,-12.77,43.480000000000004,-52.69,-18.259999999999998,42.44,-5.16,-98.9,-1.5399999999999991,42.59,-45.77
2025-08-11T15:53:47.866286,-11.0,97.0,9.0,42.0,-6.0,-78.0,22.0,-2.0,-66.0,9.0,95.0,-69.0,-18.33,42.54,12.23,35.480000000000004,-28.69,-23.259999999999998,23.44,1.8399999999999999,-13.899999999999999,19.46,79.59,-67.77
2025-08-11T15:53:47.870589,-81.0,62.0,25.0,34.0,45.0,-57.0,66.0,-11.0,-101.0,6.0,78.0,-44.0,-88.33,7.539999999999999,28.23,27.48,22.31,-2.259999999999998,67.44,-7.16,-48.9,16.46,62.59,-42.77
2025-08-11T15:53:47.878459,24.0,88.0,-26.0,-44.0,6.0,-13.0,3.0,-12.0,-164.0,-27.0,-50.0,-15.0,16.67,33.54,-22.77,-50.519999999999996,-16.69,41.74,4.4399999999999995,-8.16,-111.9,-16.54,-65.41,-13.77
2025-08-11T15:53:47.882736,26.0,111.0,-52.0,40.0,12.0,-75.0,-2.0,-3.0,-97.0,-13.0,18.0,-99.0,18.67,56.54,-48.77,33.480000000000004,-10.690000000000001,-20.259999999999998,-0.56,0.8399999999999999,-44.9,-2.539999999999999,2.59,-97.77
2025-08-11T15:53:47.890805,63.0,-2.0,-62.0,-29.0,55.0,-102.0,68.0,-45.0,-71.0,5.0,52.0,-58.0,55.67,-56.46,-58.77,-35.519999999999996,32.31,-47.26,69.44,-41.16,-18.9,15.46,36.59,-56.77
2025-08-11T15:53:47.895197,56.0,65.0,21.0,32.0,24.0,-115.0,-31.0,-59.0,-142.0,-65.0,44.0,-37.0,48.67,10.54,24.23,25.48,1.3099999999999987,-60.26,-29.56,-55.16,-89.9,-54.54,28.59,-35.77
2025-08-11T15:53:47.903281,2.0,109.0,-13.0,31.0,-19.0,-104.0,-52.0,-50.0,-105.0,-14.0,93.0,-94.0,-5.33,54.54,-9.77,24.48,-41.69,-49.26,-50.56,-46.16,-52.9,-3.539999999999999,77.59,-92.77
2025-08-11T15:53:47.907412,-19.0,82.0,30.0,-13.0,103.0,-47.0,-56.0,-15.0,-100.0,1.0,12.0,-78.0,-26.33,27.54,33.23,-19.52,80.31,7.740000000000002,-54.56,-11.16,-47.9,11.46,-3.41,-76.77
2025-08-11T15:53:47.915425,32.0,108.0,-78.0,-34.0,-2.0,-91.0,-62.0,21.0,-117.0,-13.0,45.0,-75.0,24.67,53.54,-74.77,-40.519999999999996,-24.69,-36.26,-60.56,24.84,-64.9,-2.539999999999999,29.59,-73.77
2025-08-11T15:53:47.919727,72.0,127.0,-27.0,13.0,33.0,-57.0,37.0,-43.0,-104.0,-73.0,80.0,-47.0,64.67,72.53999999999999,-23.77,6.48,10.309999999999999,-2.259999999999998,38.44,-39.16,-51.9,-62.54,64.59,-45.77
2025-08-11T15:53:47.927797,51.0,56.0,-10.0,18.0,54.0,-96.0,33.0,7.0,-108.0,-64.0,109.0,-49.0,43.67,1.5399999999999991,-6.77,11.48,31.31,-41.26,34.44,10.84,-55.9,-53.54,93.59,-47.77
2025-08-11T15:53:47.931918,28.0,65.0,6.0,8.0,-12.0,-102.0,41.0,24.0,-107.0,21.0,31.0,-6.0,20.67,10.54,9.23,1.4800000000000004,-34.69,-47.26,42.44,27.84,-54.9,31.46,15.59,-4.77
2025-08-11T15:53:47.939909,14.0,48.0,-15.0,32.0,4.0,-53.0,-7.0,-74.0,-44.0,-36.0,55.0,-55.0,6.67,-6.460000000000001,-11.77,25.48,-18.69,1.740000000000002,-5.5600000000000005,-70.16,8.100000000000001,-25.54,39.59,-53.77
2025-08-11T15:53:47.944265,74.0,58.0,13.0,49.0,-78.0,-121.0,3.0,-28.0,50.0,-73.0,49.0,-26.0,66.67,3.539999999999999,16.23,42.480000000000004,-100.69,-66.25999999999999,4.4399999999999995,-24.16,102.1,-62.54,33.59,-24.77
2025-08-11T15:53:47.952394,-45.0,103.0,-65.0,-11.0,-37.0,-42.0,-2.0,60.0,-69.0,-43.0,112.0,-99.0,-52.33,48.54,-61.77,-17.52,-59.69,12.740000000000002,-0.56,63.84,-16.9,-32.54,96.59,-97.77
2025-08-11T15:53:47.956526,35.0,176.0,-55.0,68.0,-5.0,-44.0,-7.0,14.0,-96.0,-55.0,49.0,-32.0,27.67,121.53999999999999,-51.77,61.480000000000004,-27.69,10.740000000000002,-5.5600000000000005,17.84,-43.9,-44.54,33.59,-30.77
2025-08-11T15:53:47.964444,35.0,66.0,-41.0,-9.0,74.0,-115.0,-13.0,9.0,-32.0,-47.0,100.0,-17.0,27.67,11.54,-37.77,-15.52,51.31,-60.26,-11.56,12.84,20.1,-36.54,84.59,-15.77
2025-08-11T15:53:47.968898,49.0,50.0,-31.0,-11.0,46.0,-119.0,-18.0,-38.0,-135.0,-47.0,35.0,-46.0,41.67,-4.460000000000001,-27.77,-17.52,23.31,-64.25999999999999,-16.56,-34.16,-82.9,-36.54,19.59,-44.77
2025-08-11T15:53:47.976936,-4.0,15.0,-18.0,62.0,-31.0,-109.0,31.0,53.0,-75.0,12.0,77.0,-127.0,-11.33,-39.46,-14.77,55.480000000000004,-53.69,-54.26,32.44,56.84,-22.9,22.46,61.59,-125.77
2025-08-11T15:53:47.981227,-54.0,162.0,18.0,38.0,-20.0,-39.0,15.0,34.0,-43.0,-78.0,66.0,-27.0,-61.33,107.53999999999999,21.23,31.48,-42.69,15.740000000000002,16.44,37.84,9.100000000000001,-67.53999999999999,50.59,-25.77
2025-08-11T15:53:47.989279,-33.0,117.0,-30.0,-51.0,-14.0,-6.0,-15.0,56.0,-115.0,-53.0,115.0,-56.0,-40.33,62.54,-26.77,-57.519999999999996,-36.69,48.74,-13.56,59.84,-62.9,-42.54,99.59,-54.77
2025-08-11T15:53:47.993521,51.0,95.0,-16.0,-54.0,55.0,-90.0,-14.0,-31.0,-162.0,1.0,59.0,-76.0,43.67,40.54,-12.77,-60.519999999999996,32.31,-35.26,-12.56,-27.16,-109.9,11.46,43.59,-74.77
2025-08-11T15:53:48.001458,71.0,131.0,-38.0,-1.0,44.0,-69.0,-21.0,0.0,-112.0,-15.0,125.0,-33.0,63.67,76.53999999999999,-34.77,-7.52,21.31,-14.259999999999998,-19.56,3.84,-59.9,-4.539999999999999,109.59,-31.77
2025-08-11T15:53:48.005765,-13.0,28.0,8.0,-61.0,35.0,-74.0,-5.0,-77.0,-163.0,-37.0,76.0,-40.0,-20.33,-26.46,11.23,-67.52,12.309999999999999,-19.259999999999998,-3.56,-73.16,-110.9,-26.54,60.59,-38.77
2025-08-11T15:53:48.013763,-18.0,19.0,-22.0,-24.0,39.0,-135.0,-48.0,12.0,-11.0,-20.0,80.0,-40.0,-25.33,-35.46,-18.77,-30.52,16.31,-80.25999999999999,-46.56,15.84,41.1,-9.54,64.59,-38.77
2025-08-11T15:53:48.017939,35.0,101.0,-15.0,42.0,38.0,-41.0,18.0,-86.0,-91.0,-137.0,20.0,-35.0,27.67,46.54,-11.77,35.480000000000004,15.309999999999999,13.740000000000002,19.44,-82.16,-38.9,-126.53999999999999,4.59,-33.77
2025-08-11T15:53:48.026160,-12.0,122.0,-29.0,2.0,8.0,-18.0,-66.0,21.0,-48.0,-54.0,19.0,-88.0,-19.33,67.53999999999999,-25.77,-4.52,-14.690000000000001,36.74,-64.56,24.84,4.100000000000001,-43.54,3.59,-86.77
2025-08-11T15:53:48.030633,84.0,89.0,-38.0,-26.0,24.0,-111.0,7.0,13.0,-3.0,-29.0,52.0,-59.0,76.67,34.54,-34.77,-32.519999999999996,1.3099999999999987,-56.26,8.44,16.84,49.1,-18.54,36.59,-57.77
2025-08-11T15:53:48.038288,62.0,61.0,-90.0,-40.0,32.0,-79.0,-23.0,-43.0,-96.0,-78.0,66.0,-80.0,54.67,6.539999999999999,-86.77,-46.519999999999996,9.309999999999999,-24.259999999999998,-21.56,-39.16,-43.9,-67.53999999999999,50.59,-78.77
2025-08-11T15:53:48.042631,-8.0,14.0,42.0,16.0,75.0,-29.0,15.0,46.0,-49.0,-52.0,83.0,-43.0,-15.33,-40.46,45.23,9.48,52.31,25.740000000000002,16.44,49.84,3.1000000000000014,-41.54,67.59,-41.77
2025-08-11T15:53:48.050573,-38.0,71.0,14.0,67.0,-7.0,-145.0,39.0,6.0,-79.0,-77.0,57.0,-7.0,-45.33,16.54,17.23,60.480000000000004,-29.69,-90.25999999999999,40.44,9.84,-26.9,-66.53999999999999,41.59,-5.77
2025-08-11T15:53:48.054875,-9.0,12.0,8.0,46.0,23.0,-64.0,13.0,9.0,-110.0,-26.0,55.0,-21.0,-16.33,-42.46,11.23,39.480000000000004,0.3099999999999987,-9.259999999999998,14.44,12.84,-57.9,-15.54,39.59,-19.77
2025-08-11T15:53:48.062737,-45.0,8.0,-22.0,2.0,32.0,-64.0,-17.0,36.0,-33.0,-47.0,73.0,-54.0,-52.33,-46.46,-18.77,-4.52,9.309999999999999,-9.259999999999998,-15.56,39.84,19.1,-36.54,57.59,-52.77
2025-08-11T15:53:48.067069,-5.0,18.0,-49.0,-9.0,6.0,-44.0,-1.0,-11.0,-53.0,-17.0,4.0,-50.0,-12.33,-36.46,-45.77,-15.52,-16.69,10.740000000000002,0.43999999999999995,-7.16,-0.8999999999999986,-6.539999999999999,-11.41,-48.77
2025-08-11T15:53:48.075318,-21.0,118.0,-15.0,-2.0,27.0,-48.0,-30.0,21.0,-35.0,-52.0,30.0,-43.0,-28.33,63.54,-11.77,-8.52,4.309999999999999,6.740000000000002,-28.56,24.84,17.1,-41.54,14.59,-41.77
2025-08-11T15:53:48.079485,-8.0,100.0,-65.0,18.0,60.0,-134.0,-45.0,9.0,-77.0,-67.0,59.0,-65.0,-15.33,45.54,-61.77,11.48,37.31,-79.25999999999999,-43.56,12.84,-24.9,-56.54,43.59,-63.77
2025-08-11T15:53:48.087385,-14.0,69.0,-47.0,14.0,87.0,-130.0,-16.0,-44.0,-49.0,-23.0,117.0,-35.0,-21.33,14.54,-43.77,7.48,64.31,-75.25999999999999,-14.56,-40.16,3.1000000000000014,-12.54,101.59,-33.77
2025-08-11T15:53:48.091588,-14.0,142.0,-110.0,24.0,-5.0,-17.0,42.0,14.0,-77.0,-71.0,34.0,-27.0,-21.33,87.53999999999999,-106.77,17.48,-27.69,37.74,43.44,17.84,-24.9,-60.54,18.59,-25.77
2025-08-11T15:53:48.099861,97.0,65.0,-108.0,34.0,-5.0,-77.0,54.0,-69.0,-78.0,-7.0,62.0,-43.0,89.67,10.54,-104.77,27.48,-27.69,-22.259999999999998,55.44,-65.16,-25.9,3.460000000000001,46.59,-41.77
2025-08-11T15:53:48.104028,10.0,40.0,44.0,43.0,43.0,-64.0,32.0,-49.0,-122.0,-27.0,73.0,-24.0,2.67,-14.46,47.23,36.480000000000004,20.31,-9.259999999999998,33.44,-45.16,-69.9,-16.54,57.59,-22.77
2025-08-11T15:53:48.108182,-2.0,72.0,13.0,48.0,22.0,-50.0,13.0,-15.0,-60.0,8.0,81.0,-25.0,-9.33,17.54,16.23,41.480000000000004,-0.6900000000000013,4.740000000000002,14.44,-11.16,-7.899999999999999,18.46,65.59,-23.77
2025-08-11T15:53:48.116264,-50.0,134.0,42.0,-42.0,58.0,-65.0,-11.0,-20.0,-79.0,-73.0,21.0,6.0,-57.33,79.53999999999999,45.23,-48.519999999999996,35.31,-10.259999999999998,-9.56,-16.16,-26.9,-62.54,5.59,7.23
2025-08-11T15:53:48.124277,-13.0,121.0,-47.0,99.0,32.0,-130.0,11.0,-13.0,-91.0,-24.0,82.0,-79.0,-20.33,66.53999999999999,-43.77,92.48,9.309999999999999,-75.25999999999999,12.44,-9.16,-38.9,-13.54,66.59,-77.77
2025-08-11T15:53:48.128618,10.0,81.0,-124.0,78.0,-47.0,-66.0,-16.0,39.0,-46.0,-28.0,33.0,-73.0,2.67,26.54,-120.77,71.48,-69.69,-11.259999999999998,-14.56,42.84,6.100000000000001,-17.54,17.59,-71.77
2025-08-11T15:53:48.136544,27.0,49.0,-84.0,14.0,23.0,-24.0,8.0,34.0,-80.0,-37.0,-7.0,-52.0,19.67,-5.460000000000001,-80.77,7.48,0.3099999999999987,30.740000000000002,9.44,37.84,-27.9,-26.54,-22.41,-50.77
2025-08-11T15:53:48.140939,106.0,95.0,-106.0,6.0,-21.0,-29.0,-16.0,19.0,-51.0,-17.0,74.0,-37.0,98.67,40.54,-102.77,-0.5199999999999996,-43.69,25.740000000000002,-14.56,22.84,1.1000000000000014,-6.539999999999999,58.59,-35.77
2025-08-11T15:53:48.145412,22.0,40.0,-20.0,9.0,7.0,-84.0,-41.0,78.0,-31.0,-54.0,12.0,-15.0,14.67,-14.46,-16.77,2.4800000000000004,-15.690000000000001,-29.259999999999998,-39.56,81.84,21.1,-43.54,-3.41,-13.77
2025-08-11T15:53:48.153462,73.0,65.0,-31.0,2.0,54.0,-86.0,23.0,23.0,-111.0,-39.0,8.0,-24.0,65.67,10.54,-27.77,-4.52,31.31,-31.259999999999998,24.44,26.84,-58.9,-28.54,-7.41,-22.77
2025-08-11T15:53:48.158026,-1.0,55.0,-9.0,83.0,56.0,-60.0,6.0,-61.0,-63.0,-85.0,14.0,21.0,-8.33,0.5399999999999991,-5.77,76.48,33.31,-5.259999999999998,7.4399999999999995,-57.16,-10.899999999999999,-74.53999999999999,-1.4100000000000001,22.23
2025-08-11T15:53:48.165407,-104.0,46.0,12.0,13.0,59.0,-109.0,-43.0,-21.0,-131.0,-27.0,71.0,-118.0,-111.33,-8.46,15.23,6.48,36.31,-54.26,-41.56,-17.16,-78.9,-16.54,55.59,-116.77
2025-08-11T15:53:48.169535,0.0,80.0,-76.0,22.0,-10.0,-98.0,1.0,-58.0,-50.0,79.0,54.0,-26.0,-7.33,25.54,-72.77,15.48,-32.69,-43.26,2.44,-54.16,2.1000000000000014,89.46000000000001,38.59,-24.77
2025-08-11T15:53:48.177666,-46.0,108.0,-77.0,-26.0,9.0,-71.0,57.0,-11.0,-166.0,-65.0,30.0,-21.0,-53.33,53.54,-73.77,-32.519999999999996,-13.690000000000001,-16.259999999999998,58.44,-7.16,-113.9,-54.54,14.59,-19.77
2025-08-11T15:53:48.181686,56.0,158.0,-56.0,-1.0,-5.0,-32.0,1.0,-3.0,-114.0,-78.0,66.0,-8.0,48.67,103.53999999999999,-52.77,-7.52,-27.69,22.740000000000002,2.44,0.8399999999999999,-61.9,-67.53999999999999,50.59,-6.77
2025-08-11T15:53:48.189861,29.0,18.0,-77.0,21.0,8.0,-64.0,9.0,33.0,-135.0,14.0,91.0,-92.0,21.67,-36.46,-73.77,14.48,-14.690000000000001,-9.259999999999998,10.44,36.84,-82.9,24.46,75.59,-90.77
2025-08-11T15:53:48.193998,64.0,73.0,-108.0,34.0,-36.0,-102.0,8.0,43.0,-93.0,-52.0,57.0,-29.0,56.67,18.54,-104.77,27.48,-58.69,-47.26,9.44,46.84,-40.9,-41.54,41.59,-27.77
2025-08-11T15:53:48.202216,27.0,26.0,-12.0,34.0,21.0,-103.0,-27.0,33.0,-33.0,-45.0,5.0,-42.0,19.67,-28.46,-8.77,27.48,-1.6900000000000013,-48.26,-25.56,36.84,19.1,-34.54,-10.41,-40.77
2025-08-11T15:53:48.206273,-39.0,23.0,-27.0,80.0,30.0,-77.0,47.0,-30.0,-107.0,-9.0,45.0,-62.0,-46.33,-31.46,-23.77,73.48,7.309999999999999,-22.259999999999998,48.44,-26.16,-54.9,1.4600000000000009,29.59,-60.77
2025-08-11T15:53:48.214572,-10.0,95.0,-2.0,28.0,25.0,-57.0,-48.0,42.0,-26.0,16.0,72.0,-68.0,-17.33,40.54,1.23,21.48,2.3099999999999987,-2.259999999999998,-46.56,45.84,26.1,26.46,56.59,-66.77
2025-08-11T15:53:48.218803,-37.0,142.0,-62.0,-7.0,37.0,-94.0,2.0,36.0,-63.0,-104.0,74.0,-22.0,-44.33,87.53999999999999,-58.77,-13.52,14.309999999999999,-39.26,3.44,39.84,-10.899999999999999,-93.53999999999999,58.59,-20.77
2025-08-11T15:53:48.226797,39.0,107.0,-14.0,-25.0,24.0,-41.0,19.0,-32.0,-52.0,-93.0,24.0,-5.0,31.67,52.54,-10.77,-31.52,1.3099999999999987,13.740000000000002,20.44,-28.16,0.10000000000000142,-82.53999999999999,8.59,-3.77
2025-08-11T15:53:48.230874,-15.0,94.0,-93.0,-71.0,-13.0,-128.0,-94.0,7.0,-77.0,-14.0,28.0,-64.0,-22.33,39.54,-89.77,-77.52,-35.69,-73.25999999999999,-92.56,10.84,-24.9,-3.539999999999999,12.59,-62.77
2025-08-11T15:53:48.239191,48.0,9.0,-42.0,-37.0,31.0,-116.0,-3.0,66.0,-103.0,-31.0,18.0,-71.0,40.67,-45.46,-38.77,-43.519999999999996,8.309999999999999,-61.26,-1.56,69.84,-50.9,-20.54,2.59,-69.77
2025-08-11T15:53:48.243168,49.0,50.0,21.0,108.0,18.0,-72.0,-6.0,-22.0,-114.0,-56.0,13.0,-26.0,41.67,-4.460000000000001,24.23,101.48,-4.690000000000001,-17.259999999999998,-4.5600000000000005,-18.16,-61.9,-45.54,-2.41,-24.77
2025-08-11T15:53:48.251321,-24.0,77.0,12.0,-4.0,13.0,-74.0,27.0,17.0,-40.0,-41.0,55.0,-69.0,-31.33,22.54,15.23,-10.52,-9.690000000000001,-19.259999999999998,28.44,20.84,12.100000000000001,-30.54,39.59,-67.77
2025-08-11T15:53:48.255451,15.0,112.0,-17.0,-34.0,2.0,-107.0,-36.0,-19.0,-75.0,10.0,36.0,-27.0,7.67,57.54,-13.77,-40.519999999999996,-20.69,-52.26,-34.56,-15.16,-22.9,20.46,20.59,-25.77
2025-08-11T15:53:48.263475,67.0,123.0,-46.0,33.0,46.0,-39.0,1.0,125.0,-71.0,-15.0,56.0,-53.0,59.67,68.53999999999999,-42.77,26.48,23.31,15.740000000000002,2.44,128.84,-18.9,-4.539999999999999,40.59,-51.77
2025-08-11T15:53:48.267715,51.0,-13.0,-56.0,-29.0,63.0,-80.0,-9.0,-2.0,-119.0,-27.0,55.0,-23.0,43.67,-67.46000000000001,-52.77,-35.519999999999996,40.31,-25.259999999999998,-7.5600000000000005,1.8399999999999999,-66.9,-16.54,39.59,-21.77
2025-08-11T15:53:48.276062,62.0,80.0,-43.0,24.0,87.0,-41.0,-14.0,-22.0,-86.0,-51.0,50.0,-39.0,54.67,25.54,-39.77,17.48,64.31,13.740000000000002,-12.56,-18.16,-33.9,-40.54,34.59,-37.77
2025-08-11T15:53:48.280107,-79.0,91.0,-14.0,13.0,-24.0,-56.0,77.0,32.0,-87.0,7.0,34.0,-35.0,-86.33,36.54,-10.77,6.48,-46.69,-1.259999999999998,78.44,35.84,-34.9,17.46,18.59,-33.77
2025-08-11T15:53:48.288266,-29.0,80.0,-30.0,-26.0,-87.0,-121.0,24.0,-5.0,-40.0,-20.0,85.0,-66.0,-36.33,25.54,-26.77,-32.519999999999996,-109.69,-66.25999999999999,25.44,-1.1600000000000001,12.100000000000001,-9.54,69.59,-64.77
2025-08-11T15:53:48.292362,-19.0,149.0,-39.0,-66.0,25.0,-47.0,11.0,44.0,-55.0,0.0,79.0,-71.0,-26.33,94.53999999999999,-35.77,-72.52,2.3099999999999987,7.740000000000002,12.44,47.84,-2.8999999999999986,10.46,63.59,-69.77
2025-08-11T15:53:48.300484,46.0,126.0,-70.0,-55.0,-23.0,-59.0,1.0,-52.0,-81.0,-104.0,55.0,-57.0,38.67,71.53999999999999,-66.77,-61.519999999999996,-45.69,-4.259999999999998,2.44,-48.16,-28.9,-93.53999999999999,39.59,-55.77
2025-08-11T15:53:48.304695,18.0,68.0,-49.0,25.0,60.0,-61.0,51.0,45.0,-63.0,-73.0,58.0,14.0,10.67,13.54,-45.77,18.48,37.31,-6.259999999999998,52.44,48.84,-10.899999999999999,-62.54,42.59,15.23
2025-08-11T15:53:48.312977,57.0,-3.0,6.0,34.0,75.0,-131.0,16.0,-52.0,-58.0,-56.0,66.0,-53.0,49.67,-57.46,9.23,27.48,52.31,-76.25999999999999,17.44,-48.16,-5.899999999999999,-45.54,50.59,-51.77
2025-08-11T15:53:48.317007,9.0,43.0,-20.0,78.0,16.0,-95.0,38.0,23.0,-68.0,-74.0,58.0,-78.0,1.67,-11.46,-16.77,71.48,-6.690000000000001,-40.26,39.44,26.84,-15.899999999999999,-63.54,42.59,-76.77
2025-08-11T15:53:48.324986,6.0,75.0,29.0,-13.0,65.0,-65.0,10.0,-49.0,-99.0,-34.0,73.0,-84.0,-1.33,20.54,32.23,-19.52,42.31,-10.259999999999998,11.44,-45.16,-46.9,-23.54,57.59,-82.77
2025-08-11T15:53:48.329206,6.0,134.0,-26.0,3.0,28.0,-21.0,3.0,-24.0,-50.0,-68.0,26.0,-51.0,-1.33,79.53999999999999,-22.77,-3.5199999999999996,5.309999999999999,33.74,4.4399999999999995,-20.16,2.1000000000000014,-57.54,10.59,-49.77
2025-08-11T15:53:48.337325,87.0,41.0,-38.0,-13.0,24.0,-73.0,-18.0,-56.0,-85.0,-8.0,96.0,-55.0,79.67,-13.46,-34.77,-19.52,1.3099999999999987,-18.259999999999998,-16.56,-52.16,-32.9,2.460000000000001,80.59,-53.77
2025-08-11T15:53:48.341631,-5.0,45.0,-58.0,17.0,22.0,-51.0,-31.0,49.0,-78.0,-88.0,35.0,-21.0,-12.33,-9.46,-54.77,10.48,-0.6900000000000013,3.740000000000002,-29.56,52.84,-25.9,-77.53999999999999,19.59,-19.77
2025-08-11T15:53:48.349690,102.0,31.0,15.0,30.0,32.0,-119.0,-15.0,-38.0,-48.0,-35.0,27.0,-59.0,94.67,-23.46,18.23,23.48,9.309999999999999,-64.25999999999999,-13.56,-34.16,4.100000000000001,-24.54,11.59,-57.77
2025-08-11T15:53:48.353922,-91.0,40.0,-38.0,61.0,49.0,-106.0,5.0,-3.0,-83.0,-68.0,31.0,-46.0,-98.33,-14.46,-34.77,54.480000000000004,26.31,-51.26,6.4399999999999995,0.8399999999999999,-30.9,-57.54,15.59,-44.77
2025-08-11T15:53:48.361962,15.0,112.0,53.0,23.0,13.0,-68.0,-48.0,-39.0,19.0,4.0,-57.0,-36.0,7.67,57.54,56.23,16.48,-9.690000000000001,-13.259999999999998,-46.56,-35.16,71.1,14.46,-72.41,-34.77
2025-08-11T15:53:48.366290,17.0,97.0,-60.0,-51.0,69.0,-109.0,8.0,-34.0,3.0,7.0,41.0,-78.0,9.67,42.54,-56.77,-57.519999999999996,46.31,-54.26,9.44,-30.16,55.1,17.46,25.59,-76.77
2025-08-11T15:53:48.374273,19.0,93.0,-59.0,-23.0,-22.0,3.0,-95.0,12.0,-4.0,7.0,46.0,0.0,11.67,38.54,-55.77,-29.52,-44.69,57.74,-93.56,15.84,48.1,17.46,30.59,1.23
2025-08-11T15:53:48.378448,-15.0,104.0,-17.0,-46.0,14.0,-98.0,-23.0,16.0,-89.0,-41.0,23.0,-74.0,-22.33,49.54,-13.77,-52.519999999999996,-8.690000000000001,-43.26,-21.56,19.84,-36.9,-30.54,7.59,-72.77
2025-08-11T15:53:48.386532,49.0,132.0,-1.0,31.0,86.0,-65.0,-27.0,33.0,-46.0,-44.0,74.0,4.0,41.67,77.53999999999999,2.23,24.48,63.31,-10.259999999999998,-25.56,36.84,6.100000000000001,-33.54,58.59,5.23
2025-08-11T15:53:48.390929,51.0,47.0,-23.0,-8.0,57.0,-38.0,70.0,25.0,-74.0,-50.0,85.0,-34.0,43.67,-7.460000000000001,-19.77,-14.52,34.31,16.740000000000002,71.44,28.84,-21.9,-39.54,69.59,-32.77
2025-08-11T15:53:48.398652,21.0,46.0,52.0,17.0,61.0,-76.0,0.0,55.0,-90.0,-83.0,-19.0,-42.0,13.67,-8.46,55.23,10.48,38.31,-21.259999999999998,1.44,58.84,-37.9,-72.53999999999999,-34.41,-40.77
2025-08-11T15:53:48.403051,-7.0,-20.0,47.0,44.0,24.0,-79.0,-33.0,26.0,-56.0,-26.0,92.0,-14.0,-14.33,-74.46000000000001,50.23,37.480000000000004,1.3099999999999987,-24.259999999999998,-31.56,29.84,-3.8999999999999986,-15.54,76.59,-12.77
2025-08-11T15:53:48.410863,-9.0,65.0,60.0,-20.0,28.0,-46.0,5.0,45.0,-77.0,-84.0,39.0,-27.0,-16.33,10.54,63.23,-26.52,5.309999999999999,8.740000000000002,6.4399999999999995,48.84,-24.9,-73.53999999999999,23.59,-25.77
2025-08-11T15:53:48.415107,-21.0,95.0,10.0,3.0,-5.0,-68.0,-5.0,41.0,9.0,-25.0,46.0,-5.0,-28.33,40.54,13.23,-3.5199999999999996,-27.69,-13.259999999999998,-3.56,44.84,61.1,-14.54,30.59,-3.77
2025-08-11T15:53:48.423242,22.0,113.0,-7.0,-34.0,-25.0,-80.0,-25.0,24.0,-72.0,-7.0,44.0,41.0,14.67,58.54,-3.77,-40.519999999999996,-47.69,-25.259999999999998,-23.56,27.84,-19.9,3.460000000000001,28.59,42.23
2025-08-11T15:53:48.427496,40.0,49.0,11.0,16.0,97.0,-75.0,55.0,-9.0,-66.0,-35.0,32.0,54.0,32.67,-5.460000000000001,14.23,9.48,74.31,-20.259999999999998,56.44,-5.16,-13.899999999999999,-24.54,16.59,55.23
2025-08-11T15:53:48.431525,0.0,120.0,-59.0,-20.0,65.0,-95.0,-46.0,46.0,-24.0,-47.0,49.0,81.0,-7.33,65.53999999999999,-55.77,-26.52,42.31,-40.26,-44.56,49.84,28.1,-36.54,33.59,82.23
2025-08-11T15:53:48.439707,20.0,3.0,-65.0,17.0,-19.0,-91.0,-30.0,39.0,-69.0,-30.0,3.0,32.0,12.67,-51.46,-61.77,10.48,-41.69,-36.26,-28.56,42.84,-16.9,-19.54,-12.41,33.23
2025-08-11T15:53:48.443788,11.0,57.0,-60.0,34.0,-31.0,-49.0,7.0,25.0,-34.0,-89.0,11.0,-3.0,3.67,2.539999999999999,-56.77,27.48,-53.69,5.740000000000002,8.44,28.84,18.1,-78.53999999999999,-4.41,-1.77
2025-08-11T15:53:48.452180,74.0,69.0,1.0,-49.0,-22.0,-64.0,-17.0,-25.0,-105.0,-55.0,41.0,22.0,66.67,14.54,4.23,-55.519999999999996,-44.69,-9.259999999999998,-15.56,-21.16,-52.9,-44.54,25.59,23.23
2025-08-11T15:53:48.456124,-10.0,1.0,27.0,-5.0,-26.0,-26.0,-4.0,10.0,-51.0,-69.0,65.0,18.0,-17.33,-53.46,30.23,-11.52,-48.69,28.740000000000002,-2.56,13.84,1.1000000000000014,-58.54,49.59,19.23
2025-08-11T15:53:48.464481,-28.0,27.0,46.0,-49.0,98.0,-57.0,12.0,30.0,-108.0,-85.0,56.0,-29.0,-35.33,-27.46,49.23,-55.519999999999996,75.31,-2.259999999999998,13.44,33.84,-55.9,-74.53999999999999,40.59,-27.77
2025-08-11T15:53:48.468442,-45.0,90.0,29.0,-6.0,-16.0,-55.0,-99.0,83.0,-82.0,2.0,20.0,-3.0,-52.33,35.54,32.23,-12.52,-38.69,-0.259999999999998,-97.56,86.84,-29.9,12.46,4.59,-1.77
2025-08-11T15:53:48.476714,-57.0,108.0,20.0,29.0,55.0,-73.0,-100.0,15.0,-86.0,-42.0,-28.0,-11.0,-64.33,53.54,23.23,22.48,32.31,-18.259999999999998,-98.56,18.84,-33.9,-31.54,-43.41,-9.77
2025-08-11T15:53:48.480990,-46.0,98.0,-14.0,40.0,58.0,-99.0,17.0,68.0,0.0,-23.0,-1.0,59.0,-53.33,43.54,-10.77,33.480000000000004,35.31,-44.26,18.44,71.84,52.1,-12.54,-16.41,60.23
2025-08-11T15:53:48.488942,35.0,40.0,-34.0,37.0,-15.0,-72.0,12.0,35.0,-83.0,45.0,-29.0,23.0,27.67,-14.46,-30.77,30.48,-37.69,-17.259999999999998,13.44,38.84,-30.9,55.46,-44.41,24.23
2025-08-11T15:53:48.493244,2.0,98.0,12.0,19.0,-84.0,-69.0,-61.0,56.0,-100.0,28.0,-67.0,50.0,-5.33,43.54,15.23,12.48,-106.69,-14.259999999999998,-59.56,59.84,-47.9,38.46,-82.41,51.23
2025-08-11T15:53:48.501124,64.0,73.0,-98.0,-7.0,-27.0,-46.0,-48.0,5.0,-94.0,4.0,15.0,67.0,56.67,18.54,-94.77,-13.52,-49.69,8.740000000000002,-46.56,8.84,-41.9,14.46,-0.41000000000000014,68.23
2025-08-11T15:53:48.506153,54.0,62.0,-28.0,-38.0,16.0,24.0,5.0,-16.0,-82.0,51.0,-28.0,69.0,46.67,7.539999999999999,-24.77,-44.519999999999996,-6.690000000000001,78.74000000000001,6.4399999999999995,-12.16,-29.9,61.46,-43.41,70.23
2025-08-11T15:53:48.513470,36.0,52.0,-77.0,-12.0,81.0,-54.0,24.0,-2.0,-28.0,48.0,28.0,11.0,28.67,-2.460000000000001,-73.77,-18.52,58.31,0.740000000000002,25.44,1.8399999999999999,24.1,58.46,12.59,12.23
2025-08-11T15:53:48.518500,76.0,49.0,-13.0,-2.0,81.0,-21.0,79.0,61.0,-88.0,3.0,13.0,-10.0,68.67,-5.460000000000001,-9.77,-8.52,58.31,33.74,80.44,64.84,-35.9,13.46,-2.41,-8.77
2025-08-11T15:53:48.525663,24.0,-3.0,8.0,-45.0,-9.0,-63.0,26.0,128.0,-89.0,30.0,-63.0,23.0,16.67,-57.46,11.23,-51.519999999999996,-31.69,-8.259999999999998,27.44,131.84,-36.9,40.46,-78.41,24.23
2025-08-11T15:53:48.530388,40.0,52.0,17.0,39.0,37.0,-127.0,-25.0,29.0,-77.0,35.0,30.0,70.0,32.67,-2.460000000000001,20.23,32.480000000000004,14.309999999999999,-72.25999999999999,-23.56,32.84,-24.9,45.46,14.59,71.23
2025-08-11T15:53:48.538197,-26.0,51.0,-25.0,81.0,-75.0,-71.0,24.0,-1.0,-38.0,57.0,-80.0,16.0,-33.33,-3.460000000000001,-21.77,74.48,-97.69,-16.259999999999998,25.44,2.84,14.100000000000001,67.46000000000001,-95.41,17.23
2025-08-11T15:53:48.542320,-37.0,79.0,14.0,-30.0,35.0,-59.0,29.0,-16.0,-64.0,-46.0,-2.0,28.0,-44.33,24.54,17.23,-36.519999999999996,12.309999999999999,-4.259999999999998,30.44,-12.16,-11.899999999999999,-35.54,-17.41,29.23
2025-08-11T15:53:48.550450,-28.0,77.0,25.0,96.0,-7.0,-58.0,-48.0,-19.0,-41.0,24.0,-43.0,-4.0,-35.33,22.54,28.23,89.48,-29.69,-3.259999999999998,-46.56,-15.16,11.100000000000001,34.46,-58.41,-2.77
2025-08-11T15:53:48.554564,36.0,137.0,-17.0,-6.0,54.0,4.0,35.0,29.0,-127.0,4.0,-51.0,24.0,28.67,82.53999999999999,-13.77,-12.52,31.31,58.74,36.44,32.84,-74.9,14.46,-66.41,25.23
2025-08-11T15:53:48.562627,51.0,167.0,-40.0,-55.0,-28.0,-116.0,65.0,-9.0,-100.0,-26.0,0.0,1.0,43.67,112.53999999999999,-36.77,-61.519999999999996,-50.69,-61.26,66.44,-5.16,-47.9,-15.54,-15.41,2.23
2025-08-11T15:53:48.567610,3.0,52.0,-38.0,-34.0,39.0,-53.0,-56.0,40.0,-108.0,35.0,-20.0,20.0,-4.33,-2.460000000000001,-34.77,-40.519999999999996,16.31,1.740000000000002,-54.56,43.84,-55.9,45.46,-35.41,21.23
2025-08-11T15:53:48.574765,30.0,65.0,4.0,45.0,106.0,-130.0,-33.0,35.0,-86.0,-6.0,-26.0,27.0,22.67,10.54,7.23,38.480000000000004,83.31,-75.25999999999999,-31.56,38.84,-33.9,4.460000000000001,-41.41,28.23
2025-08-11T15:53:48.579254,70.0,-10.0,26.0,21.0,61.0,-26.0,41.0,-25.0,-113.0,1.0,29.0,65.0,62.67,-64.46000000000001,29.23,14.48,38.31,28.740000000000002,42.44,-21.16,-60.9,11.46,13.59,66.23
2025-08-11T15:53:48.587186,-28.0,94.0,8.0,4.0,17.0,6.0,23.0,-45.0,-58.0,26.0,-12.0,62.0,-35.33,39.54,11.23,-2.5199999999999996,-5.690000000000001,60.74,24.44,-41.16,-5.899999999999999,36.46,-27.41,63.23
2025-08-11T15:53:48.591474,-86.0,108.0,-31.0,-23.0,4.0,-22.0,18.0,28.0,-73.0,2.0,-24.0,45.0,-93.33,53.54,-27.77,-29.52,-18.69,32.74,19.44,31.84,-20.9,12.46,-39.41,46.23
2025-08-11T15:53:48.599415,15.0,128.0,-25.0,-63.0,18.0,-32.0,-20.0,-30.0,-117.0,11.0,-26.0,36.0,7.67,73.53999999999999,-21.77,-69.52,-4.690000000000001,22.740000000000002,-18.56,-26.16,-64.9,21.46,-41.41,37.23
2025-08-11T15:53:48.603700,80.0,100.0,-7.0,23.0,61.0,-129.0,9.0,-94.0,-27.0,-38.0,-5.0,-20.0,72.67,45.54,-3.77,16.48,38.31,-74.25999999999999,10.44,-90.16,25.1,-27.54,-20.41,-18.77
2025-08-11T15:53:48.611689,59.0,37.0,-129.0,15.0,-1.0,-108.0,42.0,2.0,-46.0,72.0,-18.0,-19.0,51.67,-17.46,-125.77,8.48,-23.69,-53.26,43.44,5.84,6.100000000000001,82.46000000000001,-33.41,-17.77
2025-08-11T15:53:48.615918,-28.0,22.0,31.0,25.0,43.0,-94.0,9.0,-26.0,-75.0,-24.0,-36.0,12.0,-35.33,-32.46,34.23,18.48,20.31,-39.26,10.44,-22.16,-22.9,-13.54,-51.41,13.23
2025-08-11T15:53:48.619972,-19.0,11.0,-2.0,-16.0,1.0,-50.0,35.0,-8.0,1.0,41.0,-4.0,12.0,-26.33,-43.46,1.23,-22.52,-21.69,4.740000000000002,36.44,-4.16,53.1,51.46,-19.41,13.23
2025-08-11T15:53:48.628177,-30.0,19.0,-20.0,65.0,-10.0,-9.0,-3.0,-41.0,-67.0,30.0,-16.0,26.0,-37.33,-35.46,-16.77,58.480000000000004,-32.69,45.74,-1.56,-37.16,-14.899999999999999,40.46,-31.41,27.23
2025-08-11T15:53:48.632202,-117.0,51.0,-33.0,4.0,36.0,-84.0,-6.0,-12.0,-48.0,-12.0,-7.0,71.0,-124.33,-3.460000000000001,-29.77,-2.5199999999999996,13.309999999999999,-29.259999999999998,-4.5600000000000005,-8.16,4.100000000000001,-1.5399999999999991,-22.41,72.23
2025-08-11T15:53:48.640576,25.0,38.0,-33.0,-22.0,44.0,-58.0,8.0,-65.0,-70.0,-21.0,-12.0,34.0,17.67,-16.46,-29.77,-28.52,21.31,-3.259999999999998,9.44,-61.16,-17.9,-10.54,-27.41,35.23
2025-08-11T15:53:48.644471,-24.0,64.0,23.0,11.0,83.0,-48.0,19.0,-92.0,-23.0,5.0,-8.0,64.0,-31.33,9.54,26.23,4.48,60.31,6.740000000000002,20.44,-88.16,29.1,15.46,-23.41,65.23
2025-08-11T15:53:48.652697,-22.0,85.0,44.0,-66.0,38.0,-71.0,33.0,11.0,-60.0,33.0,25.0,9.0,-29.33,30.54,47.23,-72.52,15.309999999999999,-16.259999999999998,34.44,14.84,-7.899999999999999,43.46,9.59,10.23
2025-08-11T15:53:48.656802,-21.0,64.0,-38.0,22.0,-7.0,-33.0,13.0,-41.0,-58.0,33.0,-26.0,48.0,-28.33,9.54,-34.77,15.48,-29.69,21.740000000000002,14.44,-37.16,-5.899999999999999,43.46,-41.41,49.23
2025-08-11T15:53:48.665137,-3.0,108.0,-52.0,2.0,-4.0,-79.0,34.0,-2.0,-29.0,11.0,-23.0,75.0,-10.33,53.54,-48.77,-4.52,-26.69,-24.259999999999998,35.44,1.8399999999999999,23.1,21.46,-38.41,76.23
2025-08-11T15:53:48.669120,17.0,103.0,-83.0,20.0,61.0,-83.0,-21.0,-31.0,-58.0,22.0,-32.0,33.0,9.67,48.54,-79.77,13.48,38.31,-28.259999999999998,-19.56,-27.16,-5.899999999999999,32.46,-47.41,34.23
2025-08-11T15:53:48.677437,102.0,27.0,-24.0,-44.0,-23.0,-63.0,7.0,62.0,-40.0,-16.0,-38.0,59.0,94.67,-27.46,-20.77,-50.519999999999996,-45.69,-8.259999999999998,8.44,65.84,12.100000000000001,-5.539999999999999,-53.41,60.23
2025-08-11T15:53:48.681376,37.0,23.0,-4.0,14.0,45.0,9.0,21.0,61.0,-40.0,-2.0,-17.0,56.0,29.67,-31.46,-0.77,7.48,22.31,63.74,22.44,64.84,12.100000000000001,8.46,-32.41,57.23
2025-08-11T15:53:48.689488,73.0,63.0,5.0,-6.0,34.0,-79.0,-17.0,-48.0,-82.0,51.0,5.0,101.0,65.67,8.54,8.23,-12.52,11.309999999999999,-24.259999999999998,-15.56,-44.16,-29.9,61.46,-10.41,102.23
2025-08-11T15:53:48.693801,30.0,10.0,41.0,-31.0,71.0,-43.0,-39.0,-6.0,-22.0,-18.0,-35.0,67.0,22.67,-44.46,44.23,-37.519999999999996,48.31,11.740000000000002,-37.56,-2.16,30.1,-7.539999999999999,-50.41,68.23
2025-08-11T15:53:48.701882,-7.0,42.0,3.0,4.0,48.0,-38.0,16.0,-29.0,-54.0,37.0,-55.0,95.0,-14.33,-12.46,6.23,-2.5199999999999996,25.31,16.740000000000002,17.44,-25.16,-1.8999999999999986,47.46,-70.41,96.23
2025-08-11T15:53:48.706058,-55.0,19.0,83.0,14.0,53.0,-12.0,-80.0,-8.0,2.0,27.0,-45.0,30.0,-62.33,-35.46,86.23,7.48,30.31,42.74,-78.56,-4.16,54.1,37.46,-60.41,31.23
2025-08-11T15:53:48.714092,-22.0,88.0,25.0,-35.0,-27.0,-90.0,-31.0,-6.0,18.0,3.0,58.0,89.0,-29.33,33.54,28.23,-41.519999999999996,-49.69,-35.26,-29.56,-2.16,70.1,13.46,42.59,90.23
2025-08-11T15:53:48.718310,-36.0,40.0,4.0,30.0,17.0,-15.0,-16.0,16.0,-44.0,4.0,-20.0,30.0,-43.33,-14.46,7.23,23.48,-5.690000000000001,39.74,-14.56,19.84,8.100000000000001,14.46,-35.41,31.23
2025-08-11T15:53:48.726460,6.0,155.0,-30.0,-38.0,-4.0,-50.0,-23.0,-21.0,-127.0,7.0,-58.0,74.0,-1.33,100.53999999999999,-26.77,-44.519999999999996,-26.69,4.740000000000002,-21.56,-17.16,-74.9,17.46,-73.41,75.23
2025-08-11T15:53:48.730557,1.0,82.0,-50.0,-29.0,73.0,-63.0,-25.0,36.0,-43.0,51.0,-15.0,50.0,-6.33,27.54,-46.77,-35.519999999999996,50.31,-8.259999999999998,-23.56,39.84,9.100000000000001,61.46,-30.41,51.23
2025-08-11T15:53:48.738598,52.0,59.0,-69.0,-87.0,41.0,-46.0,55.0,118.0,-22.0,77.0,-31.0,-19.0,44.67,4.539999999999999,-65.77,-93.52,18.31,8.740000000000002,56.44,121.84,30.1,87.46000000000001,-46.41,-17.77
2025-08-11T15:53:48.743026,42.0,33.0,-49.0,-36.0,25.0,-84.0,-51.0,13.0,-23.0,13.0,-17.0,63.0,34.67,-21.46,-45.77,-42.519999999999996,2.3099999999999987,-29.259999999999998,-49.56,16.84,29.1,23.46,-32.41,64.23
2025-08-11T15:53:48.751080,69.0,14.0,92.0,-46.0,-25.0,-47.0,35.0,27.0,-85.0,28.0,-61.0,91.0,61.67,-40.46,95.23,-52.519999999999996,-47.69,7.740000000000002,36.44,30.84,-32.9,38.46,-76.41,92.23
2025-08-11T15:53:48.755286,-12.0,51.0,63.0,72.0,13.0,-98.0,42.0,7.0,-38.0,-23.0,2.0,115.0,-19.33,-3.460000000000001,66.23,65.48,-9.690000000000001,-43.26,43.44,10.84,14.100000000000001,-12.54,-13.41,116.23
2025-08-11T15:53:48.763204,-50.0,105.0,-13.0,9.0,17.0,-83.0,26.0,7.0,-37.0,-22.0,-17.0,2.0,-57.33,50.54,-9.77,2.4800000000000004,-5.690000000000001,-28.259999999999998,27.44,10.84,15.100000000000001,-11.54,-32.41,3.23
2025-08-11T15:53:48.767637,19.0,83.0,-11.0,-81.0,58.0,-21.0,-73.0,11.0,-75.0,43.0,19.0,20.0,11.67,28.54,-7.77,-87.52,35.31,33.74,-71.56,14.84,-22.9,53.46,3.59,21.23
2025-08-11T15:53:48.775479,-56.0,109.0,-17.0,-80.0,-3.0,-93.0,46.0,44.0,-32.0,89.0,-34.0,61.0,-63.33,54.54,-13.77,-86.52,-25.69,-38.26,47.44,47.84,20.1,99.46000000000001,-49.41,62.23
2025-08-11T15:53:48.779853,80.0,88.0,-5.0,-1.0,33.0,-80.0,-5.0,23.0,-24.0,26.0,-28.0,14.0,72.67,33.54,-1.77,-7.52,10.309999999999999,-25.259999999999998,-3.56,26.84,28.1,36.46,-43.41,15.23
2025-08-11T15:53:48.787878,12.0,131.0,-18.0,62.0,51.0,-85.0,-4.0,28.0,-76.0,26.0,-48.0,43.0,4.67,76.53999999999999,-14.77,55.480000000000004,28.31,-30.259999999999998,-2.56,31.84,-23.9,36.46,-63.41,44.23
2025-08-11T15:53:48.792100,35.0,67.0,-68.0,82.0,-5.0,-47.0,58.0,65.0,-74.0,32.0,-1.0,29.0,27.67,12.54,-64.77,75.48,-27.69,7.740000000000002,59.44,68.84,-21.9,42.46,-16.41,30.23
2025-08-11T15:53:48.796014,77.0,70.0,-80.0,-2.0,2.0,-4.0,-48.0,-8.0,-65.0,45.0,-2.0,27.0,69.67,15.54,-76.77,-8.52,-20.69,50.74,-46.56,-4.16,-12.899999999999999,55.46,-17.41,28.23
2025-08-11T15:53:48.804445,73.0,99.0,-11.0,-17.0,-27.0,-88.0,50.0,-7.0,-82.0,-46.0,-30.0,-11.0,65.67,44.54,-7.77,-23.52,-49.69,-33.26,51.44,-3.16,-29.9,-35.54,-45.41,-9.77
2025-08-11T15:53:48.808356,52.0,44.0,-28.0,-14.0,11.0,-30.0,27.0,30.0,-125.0,39.0,-103.0,9.0,44.67,-10.46,-24.77,-20.52,-11.690000000000001,24.740000000000002,28.44,33.84,-72.9,49.46,-118.41,10.23
2025-08-11T15:53:48.816601,-14.0,50.0,58.0,18.0,5.0,-7.0,31.0,16.0,-46.0,-20.0,-43.0,-38.0,-21.33,-4.460000000000001,61.23,11.48,-17.69,47.74,32.44,19.84,6.100000000000001,-9.54,-58.41,-36.77
2025-08-11T15:53:48.820599,1.0,111.0,102.0,12.0,35.0,-85.0,25.0,-20.0,-59.0,5.0,-6.0,-10.0,-6.33,56.54,105.23,5.48,12.309999999999999,-30.259999999999998,26.44,-16.16,-6.899999999999999,15.46,-21.41,-8.77
2025-08-11T15:53:48.828807,-26.0,47.0,47.0,65.0,45.0,-3.0,123.0,52.0,-45.0,-5.0,8.0,-68.0,-33.33,-7.460000000000001,50.23,58.480000000000004,22.31,51.74,124.44,55.84,7.100000000000001,5.460000000000001,-7.41,-66.77
2025-08-11T15:53:48.832929,-49.0,47.0,32.0,35.0,-30.0,-65.0,-9.0,65.0,-66.0,16.0,43.0,10.0,-56.33,-7.460000000000001,35.23,28.48,-52.69,-10.259999999999998,-7.5600000000000005,68.84,-13.899999999999999,26.46,27.59,11.23
2025-08-11T15:53:48.841225,-48.0,111.0,-28.0,-6.0,0.0,-114.0,55.0,9.0,-133.0,2.0,26.0,-67.0,-55.33,56.54,-24.77,-12.52,-22.69,-59.26,56.44,12.84,-80.9,12.46,10.59,-65.77
2025-08-11T15:53:48.845212,44.0,14.0,-44.0,57.0,27.0,-52.0,42.0,38.0,-50.0,9.0,4.0,-43.0,36.67,-40.46,-40.77,50.480000000000004,4.309999999999999,2.740000000000002,43.44,41.84,2.1000000000000014,19.46,-11.41,-41.77
2025-08-11T15:53:48.853440,-4.0,31.0,-49.0,-87.0,3.0,26.0,26.0,52.0,-118.0,79.0,25.0,-2.0,-11.33,-23.46,-45.77,-93.52,-19.69,80.74000000000001,27.44,55.84,-65.9,89.46000000000001,9.59,-0.77
2025-08-11T15:53:48.857699,72.0,1.0,15.0,16.0,56.0,-93.0,0.0,3.0,-35.0,1.0,76.0,-15.0,64.67,-53.46,18.23,9.48,33.31,-38.26,1.44,6.84,17.1,11.46,60.59,-13.77
2025-08-11T15:53:48.865784,122.0,48.0,-53.0,10.0,45.0,-127.0,-18.0,-75.0,-59.0,-35.0,18.0,-21.0,114.67,-6.460000000000001,-49.77,3.4800000000000004,22.31,-72.25999999999999,-16.56,-71.16,-6.899999999999999,-24.54,2.59,-19.77
2025-08-11T15:53:48.870031,102.0,-38.0,-18.0,11.0,21.0,-71.0,-68.0,-29.0,-46.0,-43.0,42.0,-22.0,94.67,-92.46000000000001,-14.77,4.48,-1.6900000000000013,-16.259999999999998,-66.56,-25.16,6.100000000000001,-32.54,26.59,-20.77
2025-08-11T15:53:48.878049,-66.0,25.0,-2.0,74.0,9.0,-43.0,15.0,-35.0,-30.0,-73.0,54.0,17.0,-73.33,-29.46,1.23,67.48,-13.690000000000001,11.740000000000002,16.44,-31.16,22.1,-62.54,38.59,18.23
2025-08-11T15:53:48.882299,10.0,129.0,34.0,14.0,-31.0,-48.0,85.0,-6.0,-50.0,-53.0,15.0,26.0,2.67,74.53999999999999,37.23,7.48,-53.69,6.740000000000002,86.44,-2.16,2.1000000000000014,-42.54,-0.41000000000000014,27.23
2025-08-11T15:53:48.890354,-22.0,94.0,-2.0,27.0,24.0,-55.0,-20.0,-76.0,-54.0,-53.0,21.0,-10.0,-29.33,39.54,1.23,20.48,1.3099999999999987,-0.259999999999998,-18.56,-72.16,-1.8999999999999986,-42.54,5.59,-8.77
2025-08-11T15:53:48.894601,53.0,55.0,-9.0,-13.0,61.0,-21.0,41.0,58.0,-30.0,-36.0,62.0,-22.0,45.67,0.5399999999999991,-5.77,-19.52,38.31,33.74,42.44,61.84,22.1,-25.54,46.59,-20.77
2025-08-11T15:53:48.902702,34.0,63.0,42.0,10.0,31.0,-137.0,-6.0,-14.0,-88.0,-53.0,34.0,-3.0,26.67,8.54,45.23,3.4800000000000004,8.309999999999999,-82.25999999999999,-4.5600000000000005,-10.16,-35.9,-42.54,18.59,-1.77
2025-08-11T15:53:48.906710,70.0,28.0,66.0,51.0,42.0,3.0,-26.0,41.0,-33.0,-87.0,43.0,-56.0,62.67,-26.46,69.23,44.480000000000004,19.31,57.74,-24.56,44.84,19.1,-76.53999999999999,27.59,-54.77
2025-08-11T15:53:48.914927,119.0,14.0,12.0,22.0,0.0,-104.0,-14.0,-20.0,-92.0,-39.0,54.0,-43.0,111.67,-40.46,15.23,15.48,-22.69,-49.26,-12.56,-16.16,-39.9,-28.54,38.59,-41.77
2025-08-11T15:53:48.919229,15.0,76.0,24.0,56.0,-60.0,-34.0,21.0,25.0,-69.0,-21.0,78.0,-55.0,7.67,21.54,27.23,49.480000000000004,-82.69,20.740000000000002,22.44,28.84,-16.9,-10.54,62.59,-53.77
2025-08-11T15:53:48.927063,-35.0,117.0,21.0,-81.0,41.0,10.0,-36.0,50.0,-82.0,9.0,79.0,-50.0,-42.33,62.54,24.23,-87.52,18.31,64.74000000000001,-34.56,53.84,-29.9,19.46,63.59,-48.77
2025-08-11T15:53:48.931327,-41.0,85.0,-59.0,-28.0,83.0,-62.0,-10.0,-44.0,-59.0,-28.0,66.0,-40.0,-48.33,30.54,-55.77,-34.519999999999996,60.31,-7.259999999999998,-8.56,-40.16,-6.899999999999999,-17.54,50.59,-38.77
2025-08-11T15:53:48.939528,-6.0,67.0,-27.0,26.0,33.0,-69.0,-82.0,-31.0,-140.0,-16.0,43.0,29.0,-13.33,12.54,-23.77,19.48,10.309999999999999,-14.259999999999998,-80.56,-27.16,-87.9,-5.539999999999999,27.59,30.23
2025-08-11T15:53:48.943806,-1.0,77.0,-51.0,23.0,76.0,-44.0,-42.0,-39.0,-122.0,-17.0,51.0,-30.0,-8.33,22.54,-47.77,16.48,53.31,10.740000000000002,-40.56,-35.16,-69.9,-6.539999999999999,35.59,-28.77
2025-08-11T15:53:48.951605,60.0,-5.0,54.0,22.0,-18.0,-36.0,43.0,-12.0,-136.0,-70.0,31.0,15.0,52.67,-59.46,57.23,15.48,-40.69,18.740000000000002,44.44,-8.16,-83.9,-59.54,15.59,16.23
2025-08-11T15:53:48.956017,25.0,92.0,34.0,49.0,12.0,-44.0,3.0,27.0,-79.0,-40.0,65.0,-74.0,17.67,37.54,37.23,42.480000000000004,-10.690000000000001,10.740000000000002,4.4399999999999995,30.84,-26.9,-29.54,49.59,-72.77
2025-08-11T15:53:48.964095,37.0,83.0,-9.0,-78.0,24.0,-76.0,84.0,-66.0,-58.0,-40.0,85.0,-31.0,29.67,28.54,-5.77,-84.52,1.3099999999999987,-21.259999999999998,85.44,-62.16,-5.899999999999999,-29.54,69.59,-29.77
2025-08-11T15:53:48.968353,-34.0,54.0,-25.0,15.0,69.0,-17.0,0.0,25.0,-91.0,-26.0,21.0,-50.0,-41.33,-0.46000000000000085,-21.77,8.48,46.31,37.74,1.44,28.84,-38.9,-15.54,5.59,-48.77
2025-08-11T15:53:48.976309,50.0,36.0,-95.0,-12.0,15.0,-92.0,-35.0,50.0,-78.0,-48.0,30.0,23.0,42.67,-18.46,-91.77,-18.52,-7.690000000000001,-37.26,-33.56,53.84,-25.9,-37.54,14.59,24.23
2025-08-11T15:53:48.980624,-5.0,79.0,-49.0,50.0,44.0,-126.0,17.0,10.0,-33.0,-3.0,65.0,-49.0,-12.33,24.54,-45.77,43.480000000000004,21.31,-71.25999999999999,18.44,13.84,19.1,7.460000000000001,49.59,-47.77
2025-08-11T15:53:48.988690,92.0,84.0,3.0,-1.0,-30.0,-98.0,-52.0,-30.0,-100.0,-67.0,36.0,-54.0,84.67,29.54,6.23,-7.52,-52.69,-43.26,-50.56,-26.16,-47.9,-56.54,20.59,-52.77
2025-08-11T15:53:48.992869,-40.0,39.0,-45.0,-13.0,-15.0,-39.0,45.0,-69.0,-98.0,-44.0,1.0,-59.0,-47.33,-15.46,-41.77,-19.52,-37.69,15.740000000000002,46.44,-65.16,-45.9,-33.54,-14.41,-57.77
2025-08-11T15:53:49.000852,-20.0,78.0,50.0,-74.0,25.0,-38.0,10.0,31.0,-98.0,-33.0,81.0,12.0,-27.33,23.54,53.23,-80.52,2.3099999999999987,16.740000000000002,11.44,34.84,-45.9,-22.54,65.59,13.23
2025-08-11T15:53:49.005152,10.0,44.0,-23.0,-22.0,-3.0,-33.0,-41.0,26.0,-114.0,-54.0,68.0,-53.0,2.67,-10.46,-19.77,-28.52,-25.69,21.740000000000002,-39.56,29.84,-61.9,-43.54,52.59,-51.77
2025-08-11T15:53:49.013045,38.0,117.0,-50.0,-14.0,72.0,-64.0,29.0,-83.0,-67.0,-22.0,31.0,-66.0,30.67,62.54,-46.77,-20.52,49.31,-9.259999999999998,30.44,-79.16,-14.899999999999999,-11.54,15.59,-64.77
2025-08-11T15:53:49.017264,-6.0,54.0,18.0,-31.0,22.0,-90.0,4.0,-6.0,-44.0,69.0,49.0,-18.0,-13.33,-0.46000000000000085,21.23,-37.519999999999996,-0.6900000000000013,-35.26,5.4399999999999995,-2.16,8.100000000000001,79.46000000000001,33.59,-16.77
2025-08-11T15:53:49.025358,32.0,88.0,65.0,12.0,15.0,-64.0,60.0,-7.0,-25.0,20.0,-13.0,2.0,24.67,33.54,68.23,5.48,-7.690000000000001,-9.259999999999998,61.44,-3.16,27.1,30.46,-28.41,3.23
2025-08-11T15:53:49.029619,35.0,5.0,-40.0,4.0,15.0,-123.0,40.0,25.0,-18.0,69.0,9.0,8.0,27.67,-49.46,-36.77,-2.5199999999999996,-7.690000000000001,-68.25999999999999,41.44,28.84,34.1,79.46000000000001,-6.41,9.23
2025-08-11T15:53:49.037626,-8.0,61.0,-49.0,20.0,18.0,-38.0,27.0,-19.0,-28.0,-31.0,71.0,-27.0,-15.33,6.539999999999999,-45.77,13.48,-4.690000000000001,16.740000000000002,28.44,-15.16,24.1,-20.54,55.59,-25.77
2025-08-11T15:53:49.041991,36.0,-30.0,47.0,53.0,22.0,-54.0,-8.0,-1.0,-91.0,-40.0,43.0,-1.0,28.67,-84.46000000000001,50.23,46.480000000000004,-0.6900000000000013,0.740000000000002,-6.5600000000000005,2.84,-38.9,-29.54,27.59,0.22999999999999998
2025-08-11T15:53:49.050036,37.0,10.0,42.0,15.0,27.0,-51.0,21.0,-66.0,-67.0,-39.0,55.0,-41.0,29.67,-44.46,45.23,8.48,4.309999999999999,3.740000000000002,22.44,-62.16,-14.899999999999999,-28.54,39.59,-39.77
2025-08-11T15:53:49.054223,5.0,17.0,12.0,25.0,-19.0,-93.0,-64.0,7.0,-88.0,16.0,57.0,-53.0,-2.33,-37.46,15.23,18.48,-41.69,-38.26,-62.56,10.84,-35.9,26.46,41.59,-51.77
2025-08-11T15:53:49.062298,-35.0,103.0,25.0,-63.0,42.0,-57.0,19.0,-52.0,-35.0,-94.0,-31.0,0.0,-42.33,48.54,28.23,-69.52,19.31,-2.259999999999998,20.44,-48.16,17.1,-83.53999999999999,-46.41,1.23
2025-08-11T15:53:49.066454,-4.0,106.0,22.0,-7.0,23.0,-100.0,-15.0,51.0,-76.0,-42.0,56.0,1.0,-11.33,51.54,25.23,-13.52,0.3099999999999987,-45.26,-13.56,54.84,-23.9,-31.54,40.59,2.23
2025-08-11T15:53:49.074418,-42.0,59.0,-10.0,4.0,31.0,-32.0,-63.0,-14.0,-46.0,-104.0,39.0,-34.0,-49.33,4.539999999999999,-6.77,-2.5199999999999996,8.309999999999999,22.740000000000002,-61.56,-10.16,6.100000000000001,-93.53999999999999,23.59,-32.77
2025-08-11T15:53:49.078737,40.0,149.0,8.0,-55.0,17.0,-113.0,6.0,71.0,-39.0,-43.0,33.0,-5.0,32.67,94.53999999999999,11.23,-61.519999999999996,-5.690000000000001,-58.26,7.4399999999999995,74.84,13.100000000000001,-32.54,17.59,-3.77
2025-08-11T15:53:49.082781,46.0,37.0,-58.0,25.0,93.0,-75.0,10.0,45.0,-99.0,-20.0,29.0,-5.0,38.67,-17.46,-54.77,18.48,70.31,-20.259999999999998,11.44,48.84,-46.9,-9.54,13.59,-3.77
2025-08-11T15:53:49.091044,20.0,51.0,-62.0,28.0,2.0,-50.0,40.0,-2.0,-70.0,-25.0,17.0,-72.0,12.67,-3.460000000000001,-58.77,21.48,-20.69,4.740000000000002,41.44,1.8399999999999999,-17.9,-14.54,1.5899999999999999,-70.77
2025-08-11T15:53:49.095020,26.0,44.0,-46.0,10.0,60.0,-75.0,-2.0,-30.0,-60.0,-47.0,24.0,17.0,18.67,-10.46,-42.77,3.4800000000000004,37.31,-20.259999999999998,-0.56,-26.16,-7.899999999999999,-36.54,8.59,18.23
2025-08-11T15:53:49.103278,78.0,12.0,29.0,-34.0,12.0,-91.0,26.0,0.0,-64.0,-40.0,5.0,-53.0,70.67,-42.46,32.23,-40.519999999999996,-10.690000000000001,-36.26,27.44,3.84,-11.899999999999999,-29.54,-10.41,-51.77
2025-08-11T15:53:49.107792,-8.0,69.0,-27.0,-19.0,35.0,-14.0,-18.0,-2.0,-40.0,-32.0,67.0,-40.0,-15.33,14.54,-23.77,-25.52,12.309999999999999,40.74,-16.56,1.8399999999999999,12.100000000000001,-21.54,51.59,-38.77
2025-08-11T15:53:49.115714,-19.0,75.0,54.0,-22.0,49.0,-49.0,-25.0,14.0,-58.0,-44.0,66.0,-86.0,-26.33,20.54,57.23,-28.52,26.31,5.740000000000002,-23.56,17.84,-5.899999999999999,-33.54,50.59,-84.77
2025-08-11T15:53:49.119822,-71.0,79.0,-9.0,13.0,-66.0,-99.0,29.0,1.0,-50.0,-25.0,65.0,-105.0,-78.33,24.54,-5.77,6.48,-88.69,-44.26,30.44,4.84,2.1000000000000014,-14.54,49.59,-103.77
2025-08-11T15:53:49.127940,-35.0,148.0,-70.0,25.0,32.0,-23.0,-55.0,82.0,-114.0,-34.0,34.0,-70.0,-42.33,93.53999999999999,-66.77,18.48,9.309999999999999,31.740000000000002,-53.56,85.84,-61.9,-23.54,18.59,-68.77
2025-08-11T15:53:49.132202,87.0,157.0,3.0,-77.0,45.0,-33.0,-33.0,29.0,-10.0,-35.0,6.0,-28.0,79.67,102.53999999999999,6.23,-83.52,22.31,21.740000000000002,-31.56,32.84,42.1,-24.54,-9.41,-26.77
2025-08-11T15:53:49.140117,107.0,16.0,1.0,-19.0,15.0,-38.0,-1.0,-92.0,-100.0,-57.0,79.0,-10.0,99.67,-38.46,4.23,-25.52,-7.690000000000001,16.740000000000002,0.43999999999999995,-88.16,-47.9,-46.54,63.59,-8.77
2025-08-11T15:53:49.144204,53.0,15.0,35.0,-1.0,32.0,-39.0,-14.0,9.0,-42.0,-43.0,99.0,-1.0,45.67,-39.46,38.23,-7.52,9.309999999999999,15.740000000000002,-12.56,12.84,10.100000000000001,-32.54,83.59,0.22999999999999998
2025-08-11T15:53:49.152506,28.0,26.0,-32.0,1.0,40.0,-61.0,10.0,-3.0,-65.0,-86.0,23.0,-21.0,20.67,-28.46,-28.77,-5.52,17.31,-6.259999999999998,11.44,0.8399999999999999,-12.899999999999999,-75.53999999999999,7.59,-19.77
2025-08-11T15:53:49.156830,-2.0,-13.0,-18.0,15.0,1.0,-24.0,51.0,-8.0,-47.0,-72.0,87.0,-6.0,-9.33,-67.46000000000001,-14.77,8.48,-21.69,30.740000000000002,52.44,-4.16,5.100000000000001,-61.54,71.59,-4.77
2025-08-11T15:53:49.164678,46.0,2.0,81.0,7.0,-23.0,-15.0,41.0,-97.0,-60.0,-22.0,12.0,4.0,38.67,-52.46,84.23,0.4800000000000004,-45.69,39.74,42.44,-93.16,-7.899999999999999,-11.54,-3.41,5.23
2025-08-11T15:53:49.169123,41.0,79.0,-53.0,-39.0,-19.0,-59.0,44.0,-1.0,-48.0,-118.0,44.0,-22.0,33.67,24.54,-49.77,-45.519999999999996,-41.69,-4.259999999999998,45.44,2.84,4.100000000000001,-107.53999999999999,28.59,-20.77
2025-08-11T15:53:49.177117,-47.0,81.0,15.0,-72.0,-64.0,-40.0,42.0,-1.0,-44.0,-41.0,-11.0,-18.0,-54.33,26.54,18.23,-78.52,-86.69,14.740000000000002,43.44,2.84,8.100000000000001,-30.54,-26.41,-16.77
2025-08-11T15:53:49.181310,-15.0,117.0,-25.0,56.0,-10.0,-82.0,2.0,12.0,-16.0,-15.0,34.0,-33.0,-22.33,62.54,-21.77,49.480000000000004,-32.69,-27.259999999999998,3.44,15.84,36.1,-4.539999999999999,18.59,-31.77
2025-08-11T15:53:49.189247,37.0,100.0,-29.0,-74.0,10.0,-65.0,-49.0,36.0,-13.0,-58.0,66.0,2.0,29.67,45.54,-25.77,-80.52,-12.690000000000001,-10.259999999999998,-47.56,39.84,39.1,-47.54,50.59,3.23
2025-08-11T15:53:49.193680,2.0,105.0,51.0,16.0,73.0,-83.0,6.0,-41.0,-17.0,-75.0,52.0,-8.0,-5.33,50.54,54.23,9.48,50.31,-28.259999999999998,7.4399999999999995,-37.16,35.1,-64.53999999999999,36.59,-6.77
2025-08-11T15:53:49.201464,8.0,112.0,-16.0,80.0,-16.0,-58.0,16.0,-36.0,-33.0,-52.0,50.0,-19.0,0.6699999999999999,57.54,-12.77,73.48,-38.69,-3.259999999999998,17.44,-32.16,19.1,-41.54,34.59,-17.77
2025-08-11T15:53:49.205973,67.0,83.0,9.0,8.0,-1.0,-38.0,-8.0,59.0,-38.0,-73.0,45.0,-26.0,59.67,28.54,12.23,1.4800000000000004,-23.69,16.740000000000002,-6.5600000000000005,62.84,14.100000000000001,-62.54,29.59,-24.77
2025-08-11T15:53:49.213784,7.0,34.0,3.0,23.0,13.0,-58.0,31.0,39.0,-39.0,-13.0,46.0,-56.0,-0.33000000000000007,-20.46,6.23,16.48,-9.690000000000001,-3.259999999999998,32.44,42.84,13.100000000000001,-2.539999999999999,30.59,-54.77
2025-08-11T15:53:49.218248,3.0,5.0,12.0,-25.0,33.0,-15.0,-86.0,40.0,-46.0,-36.0,-19.0,-40.0,-4.33,-49.46,15.23,-31.52,10.309999999999999,39.74,-84.56,43.84,6.100000000000001,-25.54,-34.41,-38.77
2025-08-11T15:53:49.226112,-31.0,44.0,62.0,-3.0,17.0,-9.0,-24.0,28.0,-59.0,26.0,72.0,-75.0,-38.33,-10.46,65.23,-9.52,-5.690000000000001,45.74,-22.56,31.84,-6.899999999999999,36.46,56.59,-73.77
2025-08-11T15:53:49.230973,-34.0,37.0,-49.0,-39.0,23.0,-132.0,1.0,3.0,-41.0,-118.0,-5.0,22.0,-41.33,-17.46,-45.77,-45.519999999999996,0.3099999999999987,-77.25999999999999,2.44,6.84,11.100000000000001,-107.53999999999999,-20.41,23.23
2025-08-11T15:53:49.238303,-97.0,46.0,20.0,-22.0,27.0,-97.0,34.0,-5.0,-113.0,-18.0,50.0,-23.0,-104.33,-8.46,23.23,-28.52,4.309999999999999,-42.26,35.44,-1.1600000000000001,-60.9,-7.539999999999999,34.59,-21.77
2025-08-11T15:53:49.242721,-30.0,63.0,25.0,4.0,90.0,-79.0,-25.0,73.0,-33.0,-79.0,44.0,19.0,-37.33,8.54,28.23,-2.5199999999999996,67.31,-24.259999999999998,-23.56,76.84,19.1,-68.53999999999999,28.59,20.23
2025-08-11T15:53:49.250523,37.0,105.0,-88.0,87.0,-50.0,-74.0,-13.0,7.0,-70.0,21.0,-12.0,-15.0,29.67,50.54,-84.77,80.48,-72.69,-19.259999999999998,-11.56,10.84,-17.9,31.46,-27.41,-13.77
2025-08-11T15:53:49.254944,27.0,37.0,-40.0,34.0,9.0,-78.0,48.0,-39.0,-95.0,-21.0,21.0,9.0,19.67,-17.46,-36.77,27.48,-13.690000000000001,-23.259999999999998,49.44,-35.16,-42.9,-10.54,5.59,10.23
2025-08-11T15:53:49.262976,54.0,2.0,21.0,13.0,24.0,14.0,-49.0,-12.0,-33.0,-25.0,23.0,-56.0,46.67,-52.46,24.23,6.48,1.3099999999999987,68.74000000000001,-47.56,-8.16,19.1,-14.54,7.59,-54.77
2025-08-11T15:53:49.267397,8.0,91.0,4.0,-4.0,38.0,-4.0,43.0,-74.0,-32.0,33.0,-22.0,-20.0,0.6699999999999999,36.54,7.23,-10.52,15.309999999999999,50.74,44.44,-70.16,20.1,43.46,-37.41,-18.77
2025-08-11T15:53:49.275107,16.0,20.0,-7.0,8.0,51.0,-103.0,48.0,10.0,-74.0,-60.0,74.0,28.0,8.67,-34.46,-3.77,1.4800000000000004,28.31,-48.26,49.44,13.84,-21.9,-49.54,58.59,29.23
2025-08-11T15:53:49.279504,87.0,22.0,-2.0,-10.0,61.0,-102.0,-36.0,7.0,-88.0,-55.0,92.0,-37.0,79.67,-32.46,1.23,-16.52,38.31,-47.26,-34.56,10.84,-35.9,-44.54,76.59,-35.77
2025-08-11T15:53:49.283701,-8.0,0.0,-29.0,-9.0,-15.0,-64.0,33.0,27.0,-60.0,-9.0,23.0,-31.0,-15.33,-54.46,-25.77,-15.52,-37.69,-9.259999999999998,34.44,30.84,-7.899999999999999,1.4600000000000009,7.59,-29.77
2025-08-11T15:53:49.291629,-36.0,10.0,28.0,2.0,-7.0,-49.0,26.0,71.0,-69.0,-101.0,50.0,-17.0,-43.33,-44.46,31.23,-4.52,-29.69,5.740000000000002,27.44,74.84,-16.9,-90.53999999999999,34.59,-15.77
2025-08-11T15:53:49.295783,3.0,73.0,8.0,38.0,-3.0,-41.0,-98.0,-23.0,-45.0,-33.0,67.0,-36.0,-4.33,18.54,11.23,31.48,-25.69,13.740000000000002,-96.56,-19.16,7.100000000000001,-22.54,51.59,-34.77
2025-08-11T15:53:49.303965,-4.0,125.0,-16.0,-26.0,1.0,-5.0,-23.0,-31.0,0.0,-49.0,32.0,-26.0,-11.33,70.53999999999999,-12.77,-32.519999999999996,-21.69,49.74,-21.56,-27.16,52.1,-38.54,16.59,-24.77
2025-08-11T15:53:49.308056,48.0,101.0,65.0,-19.0,-31.0,-5.0,16.0,-22.0,-31.0,-21.0,-4.0,-35.0,40.67,46.54,68.23,-25.52,-53.69,49.74,17.44,-18.16,21.1,-10.54,-19.41,-33.77
2025-08-11T15:53:49.316237,21.0,44.0,-15.0,-28.0,56.0,-59.0,-57.0,31.0,-71.0,8.0,80.0,25.0,13.67,-10.46,-11.77,-34.519999999999996,33.31,-4.259999999999998,-55.56,34.84,-18.9,18.46,64.59,26.23
2025-08-11T15:53:49.320288,21.0,58.0,30.0,30.0,45.0,-84.0,-22.0,-6.0,-68.0,-5.0,30.0,-18.0,13.67,3.539999999999999,33.23,23.48,22.31,-29.259999999999998,-20.56,-2.16,-15.899999999999999,5.460000000000001,14.59,-16.77
2025-08-11T15:53:49.328480,60.0,36.0,22.0,13.0,-6.0,-34.0,12.0,-36.0,-53.0,-38.0,39.0,-5.0,52.67,-18.46,25.23,6.48,-28.69,20.740000000000002,13.44,-32.16,-0.8999999999999986,-27.54,23.59,-3.77
2025-08-11T15:53:49.332769,-25.0,30.0,16.0,96.0,-18.0,-13.0,10.0,10.0,-54.0,-28.0,-8.0,-21.0,-32.33,-24.46,19.23,89.48,-40.69,41.74,11.44,13.84,-1.8999999999999986,-17.54,-23.41,-19.77
2025-08-11T15:53:49.340776,2.0,126.0,22.0,-2.0,-49.0,-59.0,-80.0,-23.0,-70.0,-34.0,128.0,19.0,-5.33,71.53999999999999,25.23,-8.52,-71.69,-4.259999999999998,-78.56,-19.16,-17.9,-23.54,112.59,20.23
2025-08-11T15:53:49.345019,9.0,141.0,-33.0,-83.0,76.0,34.0,-43.0,-31.0,-124.0,-68.0,27.0,-49.0,1.67,86.53999999999999,-29.77,-89.52,53.31,88.74000000000001,-41.56,-27.16,-71.9,-57.54,11.59,-47.77
2025-08-11T15:53:49.353069,23.0,122.0,-35.0,-55.0,18.0,-51.0,1.0,34.0,-97.0,-1.0,33.0,53.0,15.67,67.53999999999999,-31.77,-61.519999999999996,-4.690000000000001,3.740000000000002,2.44,37.84,-44.9,9.46,17.59,54.23
2025-08-11T15:53:49.357169,29.0,-18.0,-34.0,43.0,-16.0,-43.0,8.0,36.0,-4.0,-40.0,40.0,20.0,21.67,-72.46000000000001,-30.77,36.480000000000004,-38.69,11.740000000000002,9.44,39.84,48.1,-29.54,24.59,21.23
2025-08-11T15:53:49.365489,81.0,62.0,-67.0,-18.0,-30.0,-49.0,24.0,5.0,-67.0,-16.0,58.0,35.0,73.67,7.539999999999999,-63.77,-24.52,-52.69,5.740000000000002,25.44,8.84,-14.899999999999999,-5.539999999999999,42.59,36.23
2025-08-11T15:53:49.369706,-13.0,46.0,46.0,24.0,45.0,-27.0,33.0,11.0,-91.0,-69.0,34.0,-19.0,-20.33,-8.46,49.23,17.48,22.31,27.740000000000002,34.44,14.84,-38.9,-58.54,18.59,-17.77
2025-08-11T15:53:49.377644,24.0,52.0,51.0,8.0,-2.0,-18.0,-2.0,-35.0,-38.0,-49.0,67.0,-34.0,16.67,-2.460000000000001,54.23,1.4800000000000004,-24.69,36.74,-0.56,-31.16,14.100000000000001,-38.54,51.59,-32.77
2025-08-11T15:53:49.381924,-65.0,57.0,-44.0,-28.0,67.0,-35.0,2.0,25.0,-15.0,-39.0,99.0,13.0,-72.33,2.539999999999999,-40.77,-34.519999999999996,44.31,19.740000000000002,3.44,28.84,37.1,-28.54,83.59,14.23
2025-08-11T15:53:49.390011,69.0,105.0,-44.0,-39.0,26.0,8.0,48.0,7.0,-35.0,-20.0,30.0,-44.0,61.67,50.54,-40.77,-45.519999999999996,3.3099999999999987,62.74,49.44,10.84,17.1,-9.54,14.59,-42.77
2025-08-11T15:53:49.394195,108.0,25.0,-76.0,15.0,24.0,-84.0,48.0,-11.0,-74.0,23.0,19.0,-69.0,100.67,-29.46,-72.77,8.48,1.3099999999999987,-29.259999999999998,49.44,-7.16,-21.9,33.46,3.59,-67.77
2025-08-11T15:53:49.402176,-5.0,32.0,47.0,69.0,40.0,-161.0,40.0,-28.0,-19.0,-23.0,58.0,-25.0,-12.33,-22.46,50.23,62.480000000000004,17.31,-106.25999999999999,41.44,-24.16,33.1,-12.54,42.59,-23.77
2025-08-11T15:53:49.406503,-17.0,-3.0,1.0,13.0,33.0,-28.0,50.0,-92.0,-10.0,-13.0,24.0,-34.0,-24.33,-57.46,4.23,6.48,10.309999999999999,26.740000000000002,51.44,-88.16,42.1,-2.539999999999999,8.59,-32.77
2025-08-11T15:53:49.414590,-23.0,132.0,73.0,-15.0,69.0,-51.0,19.0,-15.0,-10.0,30.0,38.0,-13.0,-30.33,77.53999999999999,76.23,-21.52,46.31,3.740000000000002,20.44,-11.16,42.1,40.46,22.59,-11.77
2025-08-11T15:53:49.418832,28.0,120.0,-35.0,2.0,75.0,-4.0,-62.0,-26.0,-81.0,-13.0,56.0,24.0,20.67,65.53999999999999,-31.77,-4.52,52.31,50.74,-60.56,-22.16,-28.9,-2.539999999999999,40.59,25.23
2025-08-11T15:53:49.426819,42.0,130.0,-14.0,26.0,107.0,-19.0,43.0,3.0,-52.0,-12.0,56.0,-22.0,34.67,75.53999999999999,-10.77,19.48,84.31,35.74,44.44,6.84,0.10000000000000142,-1.5399999999999991,40.59,-20.77
2025-08-11T15:53:49.431001,-25.0,15.0,-25.0,-34.0,76.0,-35.0,17.0,-1.0,-73.0,-54.0,71.0,-1.0,-32.33,-39.46,-21.77,-40.519999999999996,53.31,19.740000000000002,18.44,2.84,-20.9,-43.54,55.59,0.22999999999999998
2025-08-11T15:53:49.439154,17.0,51.0,2.0,-37.0,-14.0,-10.0,40.0,43.0,-24.0,-79.0,98.0,-29.0,9.67,-3.460000000000001,5.23,-43.519999999999996,-36.69,44.74,41.44,46.84,28.1,-68.53999999999999,82.59,-27.77
2025-08-11T15:53:49.443263,61.0,-6.0,73.0,73.0,32.0,6.0,-36.0,58.0,-71.0,-67.0,-4.0,-16.0,53.67,-60.46,76.23,66.48,9.309999999999999,60.74,-34.56,61.84,-18.9,-56.54,-19.41,-14.77
2025-08-11T15:53:49.451445,21.0,16.0,34.0,37.0,-30.0,-21.0,-74.0,5.0,-72.0,-76.0,63.0,-21.0,13.67,-38.46,37.23,30.48,-52.69,33.74,-72.56,8.84,-19.9,-65.53999999999999,47.59,-19.77
2025-08-11T15:53:49.455593,-79.0,13.0,-4.0,-36.0,39.0,-67.0,39.0,90.0,-97.0,-12.0,61.0,51.0,-86.33,-41.46,-0.77,-42.519999999999996,16.31,-12.259999999999998,40.44,93.84,-44.9,-1.5399999999999991,45.59,52.23
2025-08-11T15:53:49.463588,39.0,132.0,2.0,-51.0,25.0,-26.0,-61.0,12.0,-77.0,-20.0,-31.0,-5.0,31.67,77.53999999999999,5.23,-57.519999999999996,2.3099999999999987,28.740000000000002,-59.56,15.84,-24.9,-9.54,-46.41,-3.77
2025-08-11T15:53:49.468045,-24.0,63.0,-48.0,-55.0,22.0,-74.0,-19.0,22.0,-85.0,-37.0,13.0,-21.0,-31.33,8.54,-44.77,-61.519999999999996,-0.6900000000000013,-19.259999999999998,-17.56,25.84,-32.9,-26.54,-2.41,-19.77
2025-08-11T15:53:49.475865,12.0,120.0,-9.0,68.0,60.0,-36.0,21.0,-17.0,-81.0,-14.0,10.0,46.0,4.67,65.53999999999999,-5.77,61.480000000000004,37.31,18.740000000000002,22.44,-13.16,-28.9,-3.539999999999999,-5.41,47.23
2025-08-11T15:53:49.480226,34.0,43.0,-37.0,30.0,20.0,-96.0,27.0,2.0,-76.0,-27.0,92.0,17.0,26.67,-11.46,-33.77,23.48,-2.6900000000000013,-41.26,28.44,5.84,-23.9,-16.54,76.59,18.23
2025-08-11T15:53:49.488299,24.0,-25.0,-73.0,-6.0,-5.0,-23.0,-26.0,-34.0,-103.0,17.0,16.0,-89.0,16.67,-79.46000000000001,-69.77,-12.52,-27.69,31.740000000000002,-24.56,-30.16,-50.9,27.46,0.5899999999999999,-87.77
2025-08-11T15:53:49.492547,-2.0,-33.0,58.0,-42.0,-17.0,-22.0,35.0,5.0,-41.0,-29.0,98.0,11.0,-9.33,-87.46000000000001,61.23,-48.519999999999996,-39.69,32.74,36.44,8.84,11.100000000000001,-18.54,82.59,12.23
2025-08-11T15:53:49.500559,-56.0,28.0,54.0,-10.0,18.0,-53.0,-30.0,73.0,-59.0,36.0,54.0,-26.0,-63.33,-26.46,57.23,-16.52,-4.690000000000001,1.740000000000002,-28.56,76.84,-6.899999999999999,46.46,38.59,-24.77
2025-08-11T15:53:49.504920,-10.0,65.0,42.0,-33.0,17.0,-56.0,14.0,43.0,-82.0,43.0,57.0,-81.0,-17.33,10.54,45.23,-39.519999999999996,-5.690000000000001,-1.259999999999998,15.44,46.84,-29.9,53.46,41.59,-79.77
2025-08-11T15:53:49.512786,16.0,104.0,-15.0,-11.0,83.0,-76.0,52.0,33.0,-83.0,25.0,13.0,-17.0,8.67,49.54,-11.77,-17.52,60.31,-21.259999999999998,53.44,36.84,-30.9,35.46,-2.41,-15.77
2025-08-11T15:53:49.517129,38.0,122.0,2.0,42.0,66.0,-148.0,25.0,-16.0,-71.0,-26.0,1.0,-71.0,30.67,67.53999999999999,5.23,35.480000000000004,43.31,-93.25999999999999,26.44,-12.16,-18.9,-15.54,-14.41,-69.77
2025-08-11T15:53:49.525135,33.0,8.0,-68.0,95.0,-71.0,-73.0,133.0,73.0,-85.0,45.0,18.0,0.0,25.67,-46.46,-64.77,88.48,-93.69,-18.259999999999998,134.44,76.84,-32.9,55.46,2.59,1.23
2025-08-11T15:53:49.529411,4.0,63.0,-4.0,58.0,32.0,8.0,-20.0,-47.0,-18.0,25.0,-9.0,8.0,-3.33,8.54,-0.77,51.480000000000004,9.309999999999999,62.74,-18.56,-43.16,34.1,35.46,-24.41,9.23
2025-08-11T15:53:49.537258,24.0,24.0,70.0,-59.0,-14.0,-41.0,-11.0,-17.0,-47.0,-69.0,0.0,-42.0,16.67,-30.46,73.23,-65.52,-36.69,13.740000000000002,-9.56,-13.16,5.100000000000001,-58.54,-15.41,-40.77
2025-08-11T15:53:49.541689,-46.0,-25.0,0.0,-53.0,32.0,-19.0,-15.0,-19.0,-86.0,-26.0,34.0,24.0,-53.33,-79.46000000000001,3.23,-59.519999999999996,9.309999999999999,35.74,-13.56,-15.16,-33.9,-15.54,18.59,25.23
2025-08-11T15:53:49.549626,-73.0,102.0,7.0,0.0,44.0,-104.0,26.0,-83.0,-95.0,-75.0,82.0,-60.0,-80.33,47.54,10.23,-6.52,21.31,-49.26,27.44,-79.16,-42.9,-64.53999999999999,66.59,-58.77
2025-08-11T15:53:49.553853,-44.0,114.0,-41.0,14.0,42.0,-63.0,18.0,4.0,-83.0,-24.0,42.0,-38.0,-51.33,59.54,-37.77,7.48,19.31,-8.259999999999998,19.44,7.84,-30.9,-13.54,26.59,-36.77
2025-08-11T15:53:49.561970,-18.0,33.0,-16.0,-12.0,-60.0,-16.0,41.0,-20.0,-112.0,-57.0,80.0,-47.0,-25.33,-21.46,-12.77,-18.52,-82.69,38.74,42.44,-16.16,-59.9,-46.54,64.59,-45.77
2025-08-11T15:53:49.566233,52.0,43.0,-28.0,-13.0,33.0,-25.0,35.0,27.0,-33.0,-47.0,50.0,-19.0,44.67,-11.46,-24.77,-19.52,10.309999999999999,29.740000000000002,36.44,30.84,19.1,-36.54,34.59,-17.77
2025-08-11T15:53:49.574266,8.0,43.0,-14.0,29.0,12.0,-67.0,-46.0,-15.0,-75.0,-5.0,54.0,-8.0,0.6699999999999999,-11.46,-10.77,22.48,-10.690000000000001,-12.259999999999998,-44.56,-11.16,-22.9,5.460000000000001,38.59,-6.77
2025-08-11T15:53:49.578536,88.0,53.0,-10.0,24.0,-14.0,-81.0,13.0,-29.0,0.0,-58.0,153.0,-33.0,80.67,-1.4600000000000009,-6.77,17.48,-36.69,-26.259999999999998,14.44,-25.16,52.1,-47.54,137.59,-31.77
2025-08-11T15:53:49.586449,41.0,29.0,-16.0,-31.0,18.0,-6.0,-15.0,-34.0,-75.0,-62.0,128.0,-2.0,33.67,-25.46,-12.77,-37.519999999999996,-4.690000000000001,48.74,-13.56,-30.16,-22.9,-51.54,112.59,-0.77
2025-08-11T15:53:49.590701,-29.0,73.0,17.0,7.0,23.0,-83.0,5.0,-65.0,-10.0,-47.0,7.0,-87.0,-36.33,18.54,20.23,0.4800000000000004,0.3099999999999987,-28.259999999999998,6.4399999999999995,-61.16,42.1,-36.54,-8.41,-85.77
2025-08-11T15:53:49.594707,24.0,88.0,50.0,-10.0,26.0,-29.0,20.0,34.0,-94.0,-71.0,37.0,-6.0,16.67,33.54,53.23,-16.52,3.3099999999999987,25.740000000000002,21.44,37.84,-41.9,-60.54,21.59,-4.77
2025-08-11T15:53:49.602978,-95.0,78.0,-83.0,-35.0,47.0,-66.0,-6.0,-20.0,-65.0,-22.0,41.0,-44.0,-102.33,23.54,-79.77,-41.519999999999996,24.31,-11.259999999999998,-4.5600000000000005,-16.16,-12.899999999999999,-11.54,25.59,-42.77
2025-08-11T15:53:49.607003,31.0,104.0,-23.0,4.0,0.0,-86.0,-20.0,-28.0,-52.0,-31.0,97.0,-17.0,23.67,49.54,-19.77,-2.5199999999999996,-22.69,-31.259999999999998,-18.56,-24.16,0.10000000000000142,-20.54,81.59,-15.77
2025-08-11T15:53:49.615324,97.0,0.0,-50.0,12.0,-18.0,4.0,-13.0,-82.0,-58.0,3.0,9.0,21.0,89.67,-54.46,-46.77,5.48,-40.69,58.74,-11.56,-78.16,-5.899999999999999,13.46,-6.41,22.23
2025-08-11T15:53:49.619623,50.0,67.0,-23.0,64.0,36.0,-115.0,-41.0,22.0,15.0,-18.0,33.0,-70.0,42.67,12.54,-19.77,57.480000000000004,13.309999999999999,-60.26,-39.56,25.84,67.1,-7.539999999999999,17.59,-68.77
2025-08-11T15:53:49.627602,84.0,-12.0,26.0,-39.0,37.0,3.0,-48.0,15.0,-26.0,-60.0,20.0,19.0,76.67,-66.46000000000001,29.23,-45.519999999999996,14.309999999999999,57.74,-46.56,18.84,26.1,-49.54,4.59,20.23
2025-08-11T15:53:49.631921,-11.0,44.0,27.0,-88.0,17.0,-26.0,-36.0,50.0,-68.0,-86.0,8.0,-5.0,-18.33,-10.46,30.23,-94.52,-5.690000000000001,28.740000000000002,-34.56,53.84,-15.899999999999999,-75.53999999999999,-7.41,-3.77
2025-08-11T15:53:49.639938,8.0,38.0,78.0,-58.0,45.0,-82.0,51.0,34.0,-90.0,-26.0,34.0,6.0,0.6699999999999999,-16.46,81.23,-64.52,22.31,-27.259999999999998,52.44,37.84,-37.9,-15.54,18.59,7.23
2025-08-11T15:53:49.644098,-53.0,4.0,-4.0,51.0,24.0,-53.0,42.0,22.0,-69.0,-54.0,17.0,70.0,-60.33,-50.46,-0.77,44.480000000000004,1.3099999999999987,1.740000000000002,43.44,25.84,-16.9,-43.54,1.5899999999999999,71.23
2025-08-11T15:53:49.652213,-1.0,19.0,18.0,-56.0,8.0,-32.0,-27.0,-5.0,-104.0,-66.0,35.0,-30.0,-8.33,-35.46,21.23,-62.519999999999996,-14.690000000000001,22.740000000000002,-25.56,-1.1600000000000001,-51.9,-55.54,19.59,-28.77
2025-08-11T15:53:49.656413,-17.0,67.0,-11.0,61.0,63.0,-88.0,-27.0,28.0,-81.0,-5.0,0.0,-18.0,-24.33,12.54,-7.77,54.480000000000004,40.31,-33.26,-25.56,31.84,-28.9,5.460000000000001,-15.41,-16.77
2025-08-11T15:53:49.664446,-32.0,116.0,-3.0,0.0,-50.0,-121.0,-13.0,65.0,-51.0,-28.0,37.0,-39.0,-39.33,61.54,0.22999999999999998,-6.52,-72.69,-66.25999999999999,-11.56,68.84,1.1000000000000014,-17.54,21.59,-37.77
2025-08-11T15:53:49.668779,20.0,126.0,-42.0,43.0,-25.0,-48.0,-47.0,-19.0,-103.0,-51.0,51.0,-2.0,12.67,71.53999999999999,-38.77,36.480000000000004,-47.69,6.740000000000002,-45.56,-15.16,-50.9,-40.54,35.59,-0.77
2025-08-11T15:53:49.676708,80.0,63.0,-2.0,-6.0,-38.0,-27.0,18.0,57.0,-122.0,-80.0,-29.0,-6.0,72.67,8.54,1.23,-12.52,-60.69,27.740000000000002,19.44,60.84,-69.9,-69.53999999999999,-44.41,-4.77
2025-08-11T15:53:49.680967,31.0,84.0,0.0,-86.0,46.0,-43.0,67.0,17.0,-81.0,-71.0,25.0,10.0,23.67,29.54,3.23,-92.52,23.31,11.740000000000002,68.44,20.84,-28.9,-60.54,9.59,11.23
2025-08-11T15:53:49.688993,49.0,-12.0,-35.0,18.0,55.0,-35.0,61.0,34.0,-72.0,-46.0,-20.0,20.0,41.67,-66.46000000000001,-31.77,11.48,32.31,19.740000000000002,62.44,37.84,-19.9,-35.54,-35.41,21.23
2025-08-11T15:53:49.693241,86.0,104.0,43.0,22.0,96.0,-87.0,-18.0,56.0,-77.0,-62.0,54.0,25.0,78.67,49.54,46.23,15.48,73.31,-32.26,-16.56,59.84,-24.9,-51.54,38.59,26.23
2025-08-11T15:53:49.701285,-36.0,36.0,66.0,-23.0,33.0,-52.0,15.0,21.0,-55.0,-85.0,51.0,-7.0,-43.33,-18.46,69.23,-29.52,10.309999999999999,2.740000000000002,16.44,24.84,-2.8999999999999986,-74.53999999999999,35.59,-5.77
2025-08-11T15:53:49.705399,33.0,112.0,15.0,-72.0,1.0,-10.0,9.0,-36.0,-72.0,-14.0,29.0,-57.0,25.67,57.54,18.23,-78.52,-21.69,44.74,10.44,-32.16,-19.9,-3.539999999999999,13.59,-55.77
2025-08-11T15:53:49.713423,-34.0,64.0,-83.0,-4.0,-5.0,-10.0,32.0,25.0,-41.0,7.0,71.0,-18.0,-41.33,9.54,-79.77,-10.52,-27.69,44.74,33.44,28.84,11.100000000000001,17.46,55.59,-16.77
2025-08-11T15:53:49.717728,-47.0,60.0,-49.0,25.0,48.0,-33.0,20.0,-27.0,-24.0,-27.0,27.0,-19.0,-54.33,5.539999999999999,-45.77,18.48,25.31,21.740000000000002,21.44,-23.16,28.1,-16.54,11.59,-17.77
2025-08-11T15:53:49.725871,-39.0,52.0,-3.0,-72.0,48.0,-15.0,34.0,1.0,-37.0,-42.0,30.0,-16.0,-46.33,-2.460000000000001,0.22999999999999998,-78.52,25.31,39.74,35.44,4.84,15.100000000000001,-31.54,14.59,-14.77
2025-08-11T15:53:49.730454,63.0,13.0,-45.0,-29.0,41.0,-19.0,10.0,-4.0,-11.0,-31.0,37.0,-17.0,55.67,-41.46,-41.77,-35.519999999999996,18.31,35.74,11.44,-0.16000000000000014,41.1,-20.54,21.59,-15.77
2025-08-11T15:53:49.738124,41.0,66.0,22.0,50.0,68.0,-45.0,-1.0,-60.0,-25.0,-29.0,64.0,-19.0,33.67,11.54,25.23,43.480000000000004,45.31,9.740000000000002,0.43999999999999995,-56.16,27.1,-18.54,48.59,-17.77
2025-08-11T15:53:49.742353,-14.0,-14.0,12.0,-87.0,21.0,-82.0,12.0,-20.0,-26.0,-70.0,58.0,-14.0,-21.33,-68.46000000000001,15.23,-93.52,-1.6900000000000013,-27.259999999999998,13.44,-16.16,26.1,-59.54,42.59,-12.77
2025-08-11T15:53:49.750482,-13.0,15.0,34.0,86.0,-23.0,-49.0,-25.0,-52.0,-8.0,5.0,51.0,-10.0,-20.33,-39.46,37.23,79.48,-45.69,5.740000000000002,-23.56,-48.16,44.1,15.46,35.59,-8.77
2025-08-11T15:53:49.754639,-31.0,70.0,-10.0,-59.0,7.0,-20.0,17.0,-7.0,-21.0,-143.0,61.0,-55.0,-38.33,15.54,-6.77,-65.52,-15.690000000000001,34.74,18.44,-3.16,31.1,-132.54,45.59,-53.77
2025-08-11T15:53:49.762634,53.0,57.0,23.0,71.0,47.0,-61.0,-32.0,43.0,-23.0,-39.0,73.0,-56.0,45.67,2.539999999999999,26.23,64.48,24.31,-6.259999999999998,-30.56,46.84,29.1,-28.54,57.59,-54.77
2025-08-11T15:53:49.766841,88.0,16.0,-44.0,-28.0,47.0,-44.0,-8.0,-28.0,-29.0,-84.0,-25.0,-18.0,80.67,-38.46,-40.77,-34.519999999999996,24.31,10.740000000000002,-6.5600000000000005,-24.16,23.1,-73.53999999999999,-40.41,-16.77
2025-08-11T15:53:49.774977,38.0,73.0,24.0,-8.0,-18.0,-91.0,-9.0,38.0,-44.0,-32.0,49.0,37.0,30.67,18.54,27.23,-14.52,-40.69,-36.26,-7.5600000000000005,41.84,8.100000000000001,-21.54,33.59,38.23
2025-08-11T15:53:49.779034,79.0,55.0,72.0,35.0,7.0,-69.0,-10.0,12.0,-96.0,-21.0,66.0,-53.0,71.67,0.5399999999999991,75.23,28.48,-15.690000000000001,-14.259999999999998,-8.56,15.84,-43.9,-10.54,50.59,-51.77
2025-08-11T15:53:49.787057,-7.0,28.0,73.0,27.0,17.0,-76.0,-43.0,46.0,-32.0,-15.0,38.0,-50.0,-14.33,-26.46,76.23,20.48,-5.690000000000001,-21.259999999999998,-41.56,49.84,20.1,-4.539999999999999,22.59,-48.77
