timestamp,x1,y1,z1,x2,y2,z2,x3,y3,z3,x4,y4,z4,x1_calib,y1_calib,z1_calib,x2_calib,y2_calib,z2_calib,x3_calib,y3_calib,z3_calib,x4_calib,y4_calib,z4_calib
2025-08-13T16:53:36.940554,-8.0,4.0,-24.0,46.0,27.0,7.0,-1.0,-28.0,25.0,40.0,6.0,-31.0,-35.239999999999995,-1.0,-8.7,19.33,20.22,34.83,1.62,-28.18,53.3,18.31,-20.59,-14.29
2025-08-13T16:53:36.946212,-44.0,4.0,54.0,6.0,65.0,-38.0,44.0,12.0,-17.0,58.0,19.0,-98.0,-71.24,-1.0,69.3,-20.67,58.22,-10.170000000000002,46.62,11.82,11.3,36.31,-7.59,-81.28999999999999
2025-08-13T16:53:36.951778,52.0,63.0,21.0,18.0,38.0,-42.0,-15.0,-19.0,-19.0,26.0,-47.0,-80.0,24.76,58.0,36.3,-8.670000000000002,31.22,-14.170000000000002,-12.379999999999999,-19.18,9.3,4.309999999999999,-73.59,-63.29
2025-08-13T16:53:36.955174,52.0,5.0,-11.0,6.0,-4.0,-12.0,12.0,6.0,-29.0,42.0,10.0,23.0,24.76,0.0,4.300000000000001,-20.67,-10.780000000000001,15.829999999999998,14.620000000000001,5.82,-0.6999999999999993,20.31,-16.59,39.71
2025-08-13T16:53:36.957911,40.0,22.0,-57.0,53.0,-25.0,-98.0,-26.0,10.0,34.0,14.0,-9.0,-25.0,12.760000000000002,17.0,-41.7,26.33,-31.78,-70.17,-23.38,9.82,62.3,-7.690000000000001,-35.59,-8.29
2025-08-13T16:53:36.961247,-44.0,58.0,-87.0,-16.0,86.0,-45.0,-1.0,21.0,7.0,43.0,53.0,-23.0,-71.24,53.0,-71.7,-42.67,79.22,-17.17,1.62,20.82,35.3,21.31,26.41,-6.289999999999999
2025-08-13T16:53:36.967493,-50.0,-14.0,-12.0,24.0,-11.0,-62.0,31.0,9.0,-3.0,44.0,60.0,-40.0,-77.24,-19.0,3.3000000000000007,-2.6700000000000017,-17.78,-34.17,33.62,8.82,25.3,22.31,33.41,-23.29
2025-08-13T16:53:36.971255,39.0,76.0,-17.0,76.0,53.0,5.0,-8.0,21.0,-75.0,-3.0,-5.0,-5.0,11.760000000000002,71.0,-1.6999999999999993,49.33,46.22,32.83,-5.38,20.82,-46.7,-24.69,-31.59,11.71
2025-08-13T16:53:36.979423,59.0,15.0,-48.0,6.0,-74.0,1.0,-63.0,-2.0,4.0,8.0,66.0,-72.0,31.76,10.0,-32.7,-20.67,-80.78,28.83,-60.38,-2.18,32.3,-13.690000000000001,39.41,-55.29
2025-08-13T16:53:36.983589,44.0,17.0,-23.0,36.0,2.0,-1.0,-49.0,-24.0,40.0,54.0,-3.0,26.0,16.76,12.0,-7.699999999999999,9.329999999999998,-4.78,26.83,-46.38,-24.18,68.3,32.31,-29.59,42.71
2025-08-13T16:53:36.991752,131.0,-2.0,-17.0,34.0,1.0,4.0,12.0,-58.0,-17.0,27.0,54.0,56.0,103.76,-7.0,-1.6999999999999993,7.329999999999998,-5.78,31.83,14.620000000000001,-58.18,11.3,5.309999999999999,27.41,72.71000000000001
2025-08-13T16:53:36.996076,65.0,73.0,-8.0,42.0,4.0,-51.0,40.0,77.0,-44.0,57.0,24.0,-42.0,37.760000000000005,68.0,7.300000000000001,15.329999999999998,-2.7800000000000002,-23.17,42.62,76.82,-15.7,35.31,-2.59,-25.29
2025-08-13T16:53:37.004142,86.0,-11.0,-38.0,-22.0,9.0,-64.0,-28.0,-11.0,-93.0,38.0,1.0,-12.0,58.760000000000005,-16.0,-22.7,-48.67,2.2199999999999998,-36.17,-25.38,-11.18,-64.7,16.31,-25.59,4.710000000000001
2025-08-13T16:53:37.008336,55.0,-35.0,-60.0,99.0,-31.0,-75.0,54.0,15.0,4.0,-44.0,-8.0,-59.0,27.76,-40.0,-44.7,72.33,-37.78,-47.17,56.62,14.82,32.3,-65.69,-34.59,-42.29
2025-08-13T16:53:37.016256,104.0,10.0,-97.0,6.0,55.0,12.0,17.0,23.0,-125.0,24.0,-26.0,19.0,76.76,5.0,-81.7,-20.67,48.22,39.83,19.62,22.82,-96.7,2.3099999999999987,-52.59,35.71
2025-08-13T16:53:37.020672,40.0,-14.0,-54.0,33.0,7.0,-55.0,44.0,3.0,-40.0,100.0,-9.0,-1.0,12.760000000000002,-19.0,-38.7,6.329999999999998,0.21999999999999975,-27.17,46.62,2.82,-11.7,78.31,-35.59,15.71
2025-08-13T16:53:37.028578,112.0,-19.0,5.0,-23.0,55.0,-61.0,17.0,-67.0,-99.0,41.0,-16.0,-47.0,84.76,-24.0,20.3,-49.67,48.22,-33.17,19.62,-67.18,-70.7,19.31,-42.59,-30.29
2025-08-13T16:53:37.032940,62.0,-35.0,23.0,10.0,74.0,-33.0,21.0,-20.0,7.0,114.0,54.0,16.0,34.760000000000005,-40.0,38.3,-16.67,67.22,-5.170000000000002,23.62,-20.18,35.3,92.31,27.41,32.71
2025-08-13T16:53:37.040871,52.0,26.0,16.0,33.0,10.0,-41.0,8.0,-19.0,17.0,1.0,13.0,-9.0,24.76,21.0,31.3,6.329999999999998,3.2199999999999998,-13.170000000000002,10.620000000000001,-19.18,45.3,-20.69,-13.59,7.710000000000001
2025-08-13T16:53:37.045397,27.0,-46.0,19.0,39.0,-53.0,1.0,31.0,-17.0,-5.0,-38.0,-22.0,-31.0,-0.23999999999999844,-51.0,34.3,12.329999999999998,-59.78,28.83,33.62,-17.18,23.3,-59.69,-48.59,-14.29
2025-08-13T16:53:37.053351,81.0,-13.0,21.0,27.0,-50.0,-32.0,18.0,6.0,-42.0,22.0,-48.0,-17.0,53.760000000000005,-18.0,36.3,0.3299999999999983,-56.78,-4.170000000000002,20.62,5.82,-13.7,0.3099999999999987,-74.59,-0.28999999999999915
2025-08-13T16:53:37.058000,-9.0,47.0,-38.0,28.0,-14.0,-16.0,51.0,-18.0,-43.0,24.0,15.0,-77.0,-36.239999999999995,42.0,-22.7,1.3299999999999983,-20.78,11.829999999999998,53.62,-18.18,-14.7,2.3099999999999987,-11.59,-60.29
2025-08-13T16:53:37.065971,-14.0,35.0,23.0,14.0,3.0,-51.0,-18.0,7.0,-37.0,70.0,-8.0,0.0,-41.239999999999995,30.0,38.3,-12.670000000000002,-3.7800000000000002,-23.17,-15.379999999999999,6.82,-8.7,48.31,-34.59,16.71
2025-08-13T16:53:37.070974,36.0,50.0,28.0,53.0,43.0,20.0,79.0,-14.0,-30.0,30.0,19.0,-64.0,8.760000000000002,45.0,43.3,26.33,36.22,47.83,81.62,-14.18,-1.6999999999999993,8.309999999999999,-7.59,-47.29
2025-08-13T16:53:37.078552,10.0,64.0,26.0,66.0,48.0,-4.0,-25.0,-44.0,-85.0,10.0,59.0,19.0,-17.24,59.0,41.3,39.33,41.22,23.83,-22.38,-44.18,-56.7,-11.690000000000001,32.41,35.71
2025-08-13T16:53:37.086258,-3.0,45.0,-24.0,29.0,2.0,-92.0,35.0,-38.0,-10.0,20.0,-29.0,-20.0,-30.24,40.0,-8.7,2.3299999999999983,-4.78,-64.17,37.62,-38.18,18.3,-1.6900000000000013,-55.59,-3.289999999999999
2025-08-13T16:53:37.094409,67.0,54.0,-87.0,32.0,15.0,-58.0,12.0,-40.0,-55.0,109.0,33.0,1.0,39.760000000000005,49.0,-71.7,5.329999999999998,8.219999999999999,-30.17,14.620000000000001,-40.18,-26.7,87.31,6.41,17.71
2025-08-13T16:53:37.099721,23.0,57.0,-22.0,61.0,79.0,-124.0,74.0,-15.0,13.0,-15.0,49.0,-62.0,-4.239999999999998,52.0,-6.699999999999999,34.33,72.22,-96.17,76.62,-15.18,41.3,-36.69,22.41,-45.29
2025-08-13T16:53:37.103655,53.0,-30.0,4.0,59.0,29.0,-11.0,9.0,-71.0,-22.0,30.0,71.0,-33.0,25.76,-35.0,19.3,32.33,22.22,16.83,11.620000000000001,-71.18,6.300000000000001,8.309999999999999,44.41,-16.29
2025-08-13T16:53:37.107537,9.0,48.0,-94.0,-50.0,9.0,0.0,22.0,-30.0,-19.0,17.0,86.0,15.0,-18.24,43.0,-78.7,-76.67,2.2199999999999998,27.83,24.62,-30.18,9.3,-4.690000000000001,59.41,31.71
2025-08-13T16:53:37.114546,120.0,-9.0,-64.0,-25.0,21.0,-25.0,-25.0,-16.0,27.0,-9.0,34.0,-19.0,92.76,-14.0,-48.7,-51.67,14.219999999999999,2.8299999999999983,-22.38,-16.18,55.3,-30.69,7.41,-2.289999999999999
2025-08-13T16:53:37.119259,145.0,-4.0,-10.0,38.0,27.0,2.0,18.0,55.0,-78.0,15.0,3.0,-27.0,117.76,-9.0,5.300000000000001,11.329999999999998,20.22,29.83,20.62,54.82,-49.7,-6.690000000000001,-23.59,-10.29
2025-08-13T16:53:37.126925,50.0,88.0,-54.0,28.0,8.0,-44.0,-15.0,9.0,-34.0,42.0,52.0,-39.0,22.76,83.0,-38.7,1.3299999999999983,1.2199999999999998,-16.17,-12.379999999999999,8.82,-5.699999999999999,20.31,25.41,-22.29
2025-08-13T16:53:37.131111,52.0,26.0,13.0,64.0,7.0,-36.0,37.0,-28.0,-48.0,5.0,33.0,-42.0,24.76,21.0,28.3,37.33,0.21999999999999975,-8.170000000000002,39.62,-28.18,-19.7,-16.69,6.41,-25.29
2025-08-13T16:53:37.139179,56.0,15.0,-53.0,35.0,38.0,-26.0,-47.0,-41.0,-25.0,17.0,47.0,-15.0,28.76,10.0,-37.7,8.329999999999998,31.22,1.8299999999999983,-44.38,-41.18,3.3000000000000007,-4.690000000000001,20.41,1.7100000000000009
2025-08-13T16:53:37.143391,83.0,-27.0,-29.0,80.0,0.0,-46.0,-44.0,-54.0,-21.0,76.0,-48.0,-69.0,55.760000000000005,-32.0,-13.7,53.33,-6.78,-18.17,-41.38,-54.18,7.300000000000001,54.31,-74.59,-52.29
2025-08-13T16:53:37.147557,23.0,50.0,-51.0,114.0,49.0,-82.0,0.0,18.0,7.0,87.0,63.0,-38.0,-4.239999999999998,45.0,-35.7,87.33,42.22,-54.17,2.62,17.82,35.3,65.31,36.41,-21.29
2025-08-13T16:53:37.155661,-8.0,-47.0,-9.0,-32.0,-14.0,-82.0,-38.0,-4.0,18.0,63.0,-22.0,-38.0,-35.239999999999995,-52.0,6.300000000000001,-58.67,-20.78,-54.17,-35.38,-4.18,46.3,41.31,-48.59,-21.29
2025-08-13T16:53:37.160093,38.0,-41.0,37.0,0.0,-21.0,-31.0,10.0,19.0,-8.0,69.0,-27.0,-1.0,10.760000000000002,-46.0,52.3,-26.67,-27.78,-3.1700000000000017,12.620000000000001,18.82,20.3,47.31,-53.59,15.71
2025-08-13T16:53:37.167927,41.0,27.0,-20.0,-17.0,107.0,-58.0,6.0,-77.0,11.0,-23.0,-13.0,-61.0,13.760000000000002,22.0,-4.699999999999999,-43.67,100.22,-30.17,8.620000000000001,-77.18,39.3,-44.69,-39.59,-44.29
2025-08-13T16:53:37.172289,26.0,33.0,31.0,-33.0,35.0,-39.0,30.0,11.0,-25.0,40.0,9.0,-18.0,-1.2399999999999984,28.0,46.3,-59.67,28.22,-11.170000000000002,32.62,10.82,3.3000000000000007,18.31,-17.59,-1.2899999999999991
2025-08-13T16:53:37.180287,6.0,-24.0,10.0,-20.0,91.0,-83.0,-60.0,-20.0,-63.0,-15.0,72.0,20.0,-21.24,-29.0,25.3,-46.67,84.22,-55.17,-57.38,-20.18,-34.7,-36.69,45.41,36.71
2025-08-13T16:53:37.184267,47.0,-59.0,20.0,26.0,40.0,-33.0,-30.0,18.0,47.0,34.0,-20.0,23.0,19.76,-64.0,35.3,-0.6700000000000017,33.22,-5.170000000000002,-27.38,17.82,75.3,12.309999999999999,-46.59,39.71
2025-08-13T16:53:37.192437,17.0,43.0,34.0,57.0,-44.0,-26.0,40.0,6.0,-55.0,13.0,66.0,33.0,-10.239999999999998,38.0,49.3,30.33,-50.78,1.8299999999999983,42.62,5.82,-26.7,-8.690000000000001,39.41,49.71
2025-08-13T16:53:37.196559,41.0,-8.0,38.0,44.0,-67.0,28.0,-10.0,-52.0,-28.0,58.0,71.0,-15.0,13.760000000000002,-13.0,53.3,17.33,-73.78,55.83,-7.38,-52.18,0.3000000000000007,36.31,44.41,1.7100000000000009
2025-08-13T16:53:37.204804,113.0,-1.0,-12.0,24.0,30.0,-14.0,11.0,-16.0,-12.0,69.0,-5.0,61.0,85.76,-6.0,3.3000000000000007,-2.6700000000000017,23.22,13.829999999999998,13.620000000000001,-16.18,16.3,47.31,-31.59,77.71000000000001
2025-08-13T16:53:37.208835,19.0,67.0,35.0,-30.0,13.0,-26.0,-78.0,34.0,-58.0,26.0,9.0,-43.0,-8.239999999999998,62.0,50.3,-56.67,6.22,1.8299999999999983,-75.38,33.82,-29.7,4.309999999999999,-17.59,-26.29
2025-08-13T16:53:37.217131,46.0,75.0,2.0,56.0,51.0,-71.0,39.0,15.0,-12.0,23.0,-3.0,84.0,18.76,70.0,17.3,29.33,44.22,-43.17,41.62,14.82,16.3,1.3099999999999987,-29.59,100.71000000000001
2025-08-13T16:53:37.221404,58.0,-4.0,-34.0,16.0,39.0,-4.0,-73.0,-13.0,1.0,-39.0,10.0,-22.0,30.76,-9.0,-18.7,-10.670000000000002,32.22,23.83,-70.38,-13.18,29.3,-60.69,-16.59,-5.289999999999999
2025-08-13T16:53:37.229382,24.0,-69.0,-14.0,-38.0,18.0,15.0,44.0,-79.0,-59.0,17.0,16.0,3.0,-3.2399999999999984,-74.0,1.3000000000000007,-64.67,11.219999999999999,42.83,46.62,-79.18,-30.7,-4.690000000000001,-10.59,19.71
2025-08-13T16:53:37.234296,38.0,-42.0,13.0,67.0,55.0,29.0,30.0,-17.0,-43.0,65.0,2.0,14.0,10.760000000000002,-47.0,28.3,40.33,48.22,56.83,32.62,-17.18,-14.7,43.31,-24.59,30.71
2025-08-13T16:53:37.241545,-40.0,-1.0,41.0,9.0,19.0,-14.0,31.0,-5.0,-25.0,-17.0,55.0,-69.0,-67.24,-6.0,56.3,-17.67,12.219999999999999,13.829999999999998,33.62,-5.18,3.3000000000000007,-38.69,28.41,-52.29
2025-08-13T16:53:37.246568,20.0,2.0,41.0,28.0,33.0,3.0,25.0,-30.0,-5.0,36.0,67.0,-43.0,-7.239999999999998,-3.0,56.3,1.3299999999999983,26.22,30.83,27.62,-30.18,23.3,14.309999999999999,40.41,-26.29
2025-08-13T16:53:37.253801,31.0,-60.0,40.0,-38.0,-6.0,10.0,50.0,-8.0,-65.0,30.0,25.0,-29.0,3.7600000000000016,-65.0,55.3,-64.67,-12.780000000000001,37.83,52.62,-8.18,-36.7,8.309999999999999,-1.5899999999999999,-12.29
2025-08-13T16:53:37.258583,-5.0,-41.0,-29.0,21.0,17.0,-14.0,6.0,7.0,-56.0,-21.0,-12.0,0.0,-32.239999999999995,-46.0,-13.7,-5.670000000000002,10.219999999999999,13.829999999999998,8.620000000000001,6.82,-27.7,-42.69,-38.59,16.71
2025-08-13T16:53:37.266099,37.0,37.0,2.0,-11.0,32.0,-29.0,33.0,-9.0,-27.0,7.0,14.0,34.0,9.760000000000002,32.0,17.3,-37.67,25.22,-1.1700000000000017,35.62,-9.18,1.3000000000000007,-14.690000000000001,-12.59,50.71
2025-08-13T16:53:37.270398,22.0,-41.0,-32.0,65.0,24.0,10.0,21.0,-12.0,-64.0,-8.0,31.0,-24.0,-5.239999999999998,-46.0,-16.7,38.33,17.22,37.83,23.62,-12.18,-35.7,-29.69,4.41,-7.289999999999999
2025-08-13T16:53:37.278519,2.0,-74.0,-29.0,-6.0,1.0,-63.0,-78.0,32.0,-39.0,66.0,38.0,-21.0,-25.24,-79.0,-13.7,-32.67,-5.78,-35.17,-75.38,31.82,-10.7,44.31,11.41,-4.289999999999999
2025-08-13T16:53:37.282680,18.0,41.0,-63.0,37.0,64.0,-96.0,27.0,-12.0,21.0,-4.0,45.0,-19.0,-9.239999999999998,36.0,-47.7,10.329999999999998,57.22,-68.17,29.62,-12.18,49.3,-25.69,18.41,-2.289999999999999
2025-08-13T16:53:37.290750,9.0,-7.0,9.0,21.0,29.0,-66.0,-15.0,-72.0,-33.0,2.0,2.0,-35.0,-18.24,-12.0,24.3,-5.670000000000002,22.22,-38.17,-12.379999999999999,-72.18,-4.699999999999999,-19.69,-24.59,-18.29
2025-08-13T16:53:37.295097,47.0,-16.0,37.0,-37.0,7.0,-67.0,-13.0,-22.0,-57.0,15.0,24.0,40.0,19.76,-21.0,52.3,-63.67,0.21999999999999975,-39.17,-10.379999999999999,-22.18,-28.7,-6.690000000000001,-2.59,56.71
2025-08-13T16:53:37.303036,85.0,-12.0,-20.0,20.0,72.0,-51.0,-56.0,7.0,26.0,6.0,64.0,-19.0,57.760000000000005,-17.0,-4.699999999999999,-6.670000000000002,65.22,-23.17,-53.38,6.82,54.3,-15.690000000000001,37.41,-2.289999999999999
2025-08-13T16:53:37.307244,21.0,1.0,35.0,31.0,-30.0,47.0,48.0,-5.0,2.0,7.0,25.0,-58.0,-6.239999999999998,-4.0,50.3,4.329999999999998,-36.78,74.83,50.62,-5.18,30.3,-14.690000000000001,-1.5899999999999999,-41.29
2025-08-13T16:53:37.315151,-25.0,57.0,34.0,-1.0,46.0,-9.0,-12.0,17.0,23.0,20.0,-6.0,-49.0,-52.239999999999995,52.0,49.3,-27.67,39.22,18.83,-9.379999999999999,16.82,51.3,-1.6900000000000013,-32.59,-32.29
2025-08-13T16:53:37.319685,14.0,6.0,66.0,41.0,-26.0,-20.0,-28.0,17.0,-40.0,-32.0,61.0,-52.0,-13.239999999999998,1.0,81.3,14.329999999999998,-32.78,7.829999999999998,-25.38,16.82,-11.7,-53.69,34.41,-35.29
2025-08-13T16:53:37.327599,99.0,-9.0,24.0,9.0,-29.0,-20.0,-55.0,-33.0,9.0,-25.0,52.0,-37.0,71.76,-14.0,39.3,-17.67,-35.78,7.829999999999998,-52.38,-33.18,37.3,-46.69,25.41,-20.29
2025-08-13T16:53:37.332135,-35.0,11.0,-25.0,14.0,45.0,-31.0,30.0,-55.0,-73.0,-10.0,18.0,-87.0,-62.239999999999995,6.0,-9.7,-12.670000000000002,38.22,-3.1700000000000017,32.62,-55.18,-44.7,-31.69,-8.59,-70.28999999999999
2025-08-13T16:53:37.339722,-32.0,51.0,-20.0,74.0,-8.0,-44.0,-4.0,-27.0,-6.0,-17.0,-15.0,-10.0,-59.239999999999995,46.0,-4.699999999999999,47.33,-14.780000000000001,-16.17,-1.38,-27.18,22.3,-38.69,-41.59,6.710000000000001
2025-08-13T16:53:37.344477,15.0,7.0,-54.0,56.0,103.0,-106.0,-45.0,-13.0,15.0,4.0,-54.0,-6.0,-12.239999999999998,2.0,-38.7,29.33,96.22,-78.17,-42.38,-13.18,43.3,-17.69,-80.59,10.71
2025-08-13T16:53:37.350327,-17.0,-69.0,21.0,13.0,48.0,8.0,-1.0,0.0,-5.0,0.0,60.0,-62.0,-44.239999999999995,-74.0,36.3,-13.670000000000002,41.22,35.83,1.62,-0.18,23.3,-21.69,33.41,-45.29
2025-08-13T16:53:37.356187,0.0,-8.0,6.0,47.0,14.0,-24.0,19.0,-31.0,-9.0,109.0,5.0,-28.0,-27.24,-13.0,21.3,20.33,7.22,3.8299999999999983,21.62,-31.18,19.3,87.31,-21.59,-11.29
2025-08-13T16:53:37.361463,51.0,54.0,45.0,59.0,-6.0,-22.0,31.0,-17.0,2.0,3.0,30.0,-8.0,23.76,49.0,60.3,32.33,-12.780000000000001,5.829999999999998,33.62,-17.18,30.3,-18.69,3.41,8.71
2025-08-13T16:53:37.368485,52.0,9.0,-12.0,-37.0,-4.0,-49.0,-80.0,-59.0,-22.0,41.0,9.0,6.0,24.76,4.0,3.3000000000000007,-63.67,-10.780000000000001,-21.17,-77.38,-59.18,6.300000000000001,19.31,-17.59,22.71
2025-08-13T16:53:37.372685,20.0,30.0,5.0,5.0,21.0,-25.0,-36.0,-53.0,-52.0,20.0,7.0,41.0,-7.239999999999998,25.0,20.3,-21.67,14.219999999999999,2.8299999999999983,-33.38,-53.18,-23.7,-1.6900000000000013,-19.59,57.71
2025-08-13T16:53:37.380786,7.0,38.0,3.0,27.0,14.0,-24.0,53.0,63.0,-81.0,4.0,29.0,-50.0,-20.24,33.0,18.3,0.3299999999999983,7.22,3.8299999999999983,55.62,62.82,-52.7,-17.69,2.41,-33.29
2025-08-13T16:53:37.385975,36.0,-13.0,19.0,7.0,15.0,24.0,-27.0,-20.0,-59.0,59.0,33.0,-33.0,8.760000000000002,-18.0,34.3,-19.67,8.219999999999999,51.83,-24.38,-20.18,-30.7,37.31,6.41,-16.29
2025-08-13T16:53:37.393237,24.0,25.0,-29.0,26.0,30.0,28.0,-10.0,35.0,-18.0,-10.0,60.0,-14.0,-3.2399999999999984,20.0,-13.7,-0.6700000000000017,23.22,55.83,-7.38,34.82,10.3,-31.69,33.41,2.710000000000001
2025-08-13T16:53:37.398145,51.0,21.0,-45.0,-23.0,15.0,8.0,13.0,15.0,-4.0,47.0,-45.0,-69.0,23.76,16.0,-29.7,-49.67,8.219999999999999,35.83,15.620000000000001,14.82,24.3,25.31,-71.59,-52.29
2025-08-13T16:53:37.405534,102.0,57.0,-59.0,21.0,-28.0,-46.0,-18.0,55.0,-15.0,48.0,71.0,-46.0,74.76,52.0,-43.7,-5.670000000000002,-34.78,-18.17,-15.379999999999999,54.82,13.3,26.31,44.41,-29.29
2025-08-13T16:53:37.409701,-14.0,55.0,-5.0,63.0,28.0,-55.0,48.0,49.0,-35.0,-35.0,-27.0,-52.0,-41.239999999999995,50.0,10.3,36.33,21.22,-27.17,50.62,48.82,-6.699999999999999,-56.69,-53.59,-35.29
2025-08-13T16:53:37.417648,12.0,8.0,-5.0,45.0,24.0,39.0,-57.0,-33.0,-55.0,41.0,-7.0,3.0,-15.239999999999998,3.0,10.3,18.33,17.22,66.83,-54.38,-33.18,-26.7,19.31,-33.59,19.71
2025-08-13T16:53:37.421858,44.0,33.0,8.0,46.0,43.0,-21.0,52.0,30.0,-54.0,29.0,91.0,20.0,16.76,28.0,23.3,19.33,36.22,6.829999999999998,54.62,29.82,-25.7,7.309999999999999,64.41,36.71
2025-08-13T16:53:37.429895,43.0,-31.0,15.0,-15.0,28.0,25.0,20.0,-6.0,-15.0,66.0,62.0,-64.0,15.760000000000002,-36.0,30.3,-41.67,21.22,52.83,22.62,-6.18,13.3,44.31,35.41,-47.29
2025-08-13T16:53:37.434270,88.0,38.0,-89.0,54.0,-18.0,-17.0,-71.0,-37.0,-44.0,32.0,36.0,-30.0,60.760000000000005,33.0,-73.7,27.33,-24.78,10.829999999999998,-68.38,-37.18,-15.7,10.309999999999999,9.41,-13.29
2025-08-13T16:53:37.442236,61.0,-38.0,10.0,1.0,6.0,-33.0,-49.0,-3.0,7.0,6.0,-36.0,-41.0,33.760000000000005,-43.0,25.3,-25.67,-0.7800000000000002,-5.170000000000002,-46.38,-3.18,35.3,-15.690000000000001,-62.59,-24.29
2025-08-13T16:53:37.446602,-13.0,-26.0,45.0,28.0,27.0,-15.0,-22.0,-31.0,-63.0,55.0,37.0,21.0,-40.239999999999995,-31.0,60.3,1.3299999999999983,20.22,12.829999999999998,-19.38,-31.18,-34.7,33.31,10.41,37.71
2025-08-13T16:53:37.454538,41.0,-5.0,45.0,56.0,140.0,-67.0,25.0,-7.0,4.0,-21.0,-25.0,-70.0,13.760000000000002,-10.0,60.3,29.33,133.22,-39.17,27.62,-7.18,32.3,-42.69,-51.59,-53.29
2025-08-13T16:53:37.458816,7.0,-31.0,-25.0,17.0,14.0,-6.0,-50.0,-1.0,-32.0,-20.0,38.0,31.0,-20.24,-36.0,-9.7,-9.670000000000002,7.22,21.83,-47.38,-1.18,-3.6999999999999993,-41.69,11.41,47.71
2025-08-13T16:53:37.466792,-36.0,-63.0,24.0,36.0,45.0,-83.0,-67.0,-1.0,-32.0,64.0,-1.0,21.0,-63.239999999999995,-68.0,39.3,9.329999999999998,38.22,-55.17,-64.38,-1.18,-3.6999999999999993,42.31,-27.59,37.71
2025-08-13T16:53:37.471190,-14.0,-25.0,54.0,45.0,6.0,15.0,-15.0,65.0,-18.0,-18.0,10.0,19.0,-41.239999999999995,-30.0,69.3,18.33,-0.7800000000000002,42.83,-12.379999999999999,64.82,10.3,-39.69,-16.59,35.71
2025-08-13T16:53:37.479235,32.0,9.0,9.0,-60.0,53.0,-20.0,-11.0,20.0,-100.0,10.0,38.0,19.0,4.760000000000002,4.0,24.3,-86.67,46.22,7.829999999999998,-8.379999999999999,19.82,-71.7,-11.690000000000001,11.41,35.71
2025-08-13T16:53:37.483596,11.0,26.0,8.0,48.0,58.0,-50.0,30.0,39.0,-54.0,27.0,89.0,25.0,-16.24,21.0,23.3,21.33,51.22,-22.17,32.62,38.82,-25.7,5.309999999999999,62.41,41.71
2025-08-13T16:53:37.491277,-34.0,12.0,-30.0,-9.0,60.0,-67.0,28.0,-9.0,-20.0,-28.0,12.0,-13.0,-61.239999999999995,7.0,-14.7,-35.67,53.22,-39.17,30.62,-9.18,8.3,-49.69,-14.59,3.710000000000001
2025-08-13T16:53:37.495830,-4.0,36.0,26.0,12.0,42.0,-59.0,-2.0,-17.0,15.0,17.0,15.0,-32.0,-31.24,31.0,41.3,-14.670000000000002,35.22,-31.17,0.6200000000000001,-17.18,43.3,-4.690000000000001,-11.59,-15.29
2025-08-13T16:53:37.502387,53.0,31.0,-25.0,72.0,-4.0,-62.0,60.0,-42.0,0.0,1.0,29.0,-40.0,25.76,26.0,-9.7,45.33,-10.780000000000001,-34.17,62.62,-42.18,28.3,-20.69,2.41,-23.29
2025-08-13T16:53:37.508033,48.0,10.0,-61.0,-12.0,-17.0,-59.0,4.0,-10.0,-41.0,28.0,3.0,-25.0,20.76,5.0,-45.7,-38.67,-23.78,-31.17,6.62,-10.18,-12.7,6.309999999999999,-23.59,-8.29
2025-08-13T16:53:37.515209,39.0,-3.0,-50.0,-3.0,-15.0,-37.0,69.0,-14.0,-6.0,-32.0,65.0,-96.0,11.760000000000002,-8.0,-34.7,-29.67,-21.78,-9.170000000000002,71.62,-14.18,22.3,-53.69,38.41,-79.28999999999999
2025-08-13T16:53:37.520310,-9.0,-37.0,-45.0,15.0,28.0,-17.0,38.0,-87.0,-8.0,60.0,70.0,21.0,-36.239999999999995,-42.0,-29.7,-11.670000000000002,21.22,10.829999999999998,40.62,-87.18,20.3,38.31,43.41,37.71
2025-08-13T16:53:37.528196,30.0,87.0,-26.0,-19.0,-55.0,-44.0,-46.0,-17.0,-21.0,-63.0,73.0,-29.0,2.7600000000000016,82.0,-10.7,-45.67,-61.78,-16.17,-43.38,-17.18,7.300000000000001,-84.69,46.41,-12.29
2025-08-13T16:53:37.532780,39.0,22.0,-31.0,48.0,27.0,-35.0,-47.0,-15.0,-42.0,27.0,-45.0,45.0,11.760000000000002,17.0,-15.7,21.33,20.22,-7.170000000000002,-44.38,-15.18,-13.7,5.309999999999999,-71.59,61.71
2025-08-13T16:53:37.537254,16.0,-5.0,-49.0,100.0,5.0,14.0,-49.0,1.0,-62.0,-8.0,-4.0,68.0,-11.239999999999998,-10.0,-33.7,73.33,-1.7800000000000002,41.83,-46.38,0.8200000000000001,-33.7,-29.69,-30.59,84.71000000000001
2025-08-13T16:53:37.544741,56.0,-59.0,-7.0,55.0,20.0,-34.0,18.0,17.0,-26.0,83.0,8.0,-7.0,28.76,-64.0,8.3,28.33,13.219999999999999,-6.170000000000002,20.62,16.82,2.3000000000000007,61.31,-18.59,9.71
2025-08-13T16:53:37.549514,66.0,-46.0,-17.0,11.0,39.0,-38.0,-30.0,41.0,-58.0,57.0,61.0,2.0,38.760000000000005,-51.0,-1.6999999999999993,-15.670000000000002,32.22,-10.170000000000002,-27.38,40.82,-29.7,35.31,34.41,18.71
2025-08-13T16:53:37.556969,-12.0,7.0,61.0,8.0,8.0,-83.0,-62.0,19.0,-27.0,-47.0,1.0,3.0,-39.239999999999995,2.0,76.3,-18.67,1.2199999999999998,-55.17,-59.38,18.82,1.3000000000000007,-68.69,-25.59,19.71
2025-08-13T16:53:37.562330,114.0,-18.0,-19.0,56.0,36.0,-69.0,30.0,6.0,-96.0,-17.0,20.0,-24.0,86.76,-23.0,-3.6999999999999993,29.33,29.22,-41.17,32.62,5.82,-67.7,-38.69,-6.59,-7.289999999999999
2025-08-13T16:53:37.569376,24.0,2.0,22.0,57.0,27.0,-37.0,9.0,12.0,-7.0,87.0,66.0,-104.0,-3.2399999999999984,-3.0,37.3,30.33,20.22,-9.170000000000002,11.620000000000001,11.82,21.3,65.31,39.41,-87.28999999999999
2025-08-13T16:53:37.574648,17.0,11.0,9.0,6.0,-42.0,-20.0,63.0,9.0,-39.0,4.0,-46.0,-46.0,-10.239999999999998,6.0,24.3,-20.67,-48.78,7.829999999999998,65.62,8.82,-10.7,-17.69,-72.59,-29.29
2025-08-13T16:53:37.581610,-2.0,10.0,49.0,53.0,-18.0,18.0,-18.0,-9.0,-53.0,-51.0,37.0,6.0,-29.24,5.0,64.3,26.33,-24.78,45.83,-15.379999999999999,-9.18,-24.7,-72.69,10.41,22.71
2025-08-13T16:53:37.588546,68.0,0.0,55.0,44.0,-32.0,-53.0,-46.0,26.0,-45.0,62.0,-4.0,11.0,40.760000000000005,-5.0,70.3,17.33,-38.78,-25.17,-43.38,25.82,-16.7,40.31,-30.59,27.71
2025-08-13T16:53:37.593827,6.0,-35.0,6.0,-1.0,18.0,37.0,-35.0,86.0,-24.0,30.0,-16.0,-9.0,-21.24,-40.0,21.3,-27.67,11.219999999999999,64.83,-32.38,85.82,4.300000000000001,8.309999999999999,-42.59,7.710000000000001
2025-08-13T16:53:37.598219,4.0,-52.0,-4.0,66.0,26.0,16.0,17.0,20.0,-36.0,21.0,40.0,-36.0,-23.24,-57.0,11.3,39.33,19.22,43.83,19.62,19.82,-7.699999999999999,-0.6900000000000013,13.41,-19.29
2025-08-13T16:53:37.606154,65.0,24.0,-7.0,38.0,74.0,-47.0,25.0,-52.0,-12.0,10.0,-48.0,3.0,37.760000000000005,19.0,8.3,11.329999999999998,67.22,-19.17,27.62,-52.18,16.3,-11.690000000000001,-74.59,19.71
2025-08-13T16:53:37.610594,0.0,84.0,-23.0,15.0,15.0,-23.0,-6.0,-10.0,28.0,-16.0,71.0,-6.0,-27.24,79.0,-7.699999999999999,-11.670000000000002,8.219999999999999,4.829999999999998,-3.38,-10.18,56.3,-37.69,44.41,10.71
2025-08-13T16:53:37.618391,-8.0,-3.0,17.0,-1.0,51.0,-57.0,-51.0,52.0,-49.0,89.0,81.0,-2.0,-35.239999999999995,-8.0,32.3,-27.67,44.22,-29.17,-48.38,51.82,-20.7,67.31,54.41,14.71
2025-08-13T16:53:37.623081,32.0,4.0,35.0,56.0,16.0,10.0,-60.0,39.0,-45.0,115.0,67.0,-24.0,4.760000000000002,-1.0,50.3,29.33,9.219999999999999,37.83,-57.38,38.82,-16.7,93.31,40.41,-7.289999999999999
2025-08-13T16:53:37.630694,-45.0,57.0,34.0,67.0,28.0,-50.0,42.0,40.0,-63.0,99.0,2.0,-64.0,-72.24,52.0,49.3,40.33,21.22,-22.17,44.62,39.82,-34.7,77.31,-24.59,-47.29
2025-08-13T16:53:37.635097,15.0,-16.0,25.0,-46.0,-17.0,31.0,-51.0,19.0,-23.0,5.0,25.0,-43.0,-12.239999999999998,-21.0,40.3,-72.67,-23.78,58.83,-48.38,18.82,5.300000000000001,-16.69,-1.5899999999999999,-26.29
2025-08-13T16:53:37.643020,-6.0,-35.0,-27.0,29.0,24.0,0.0,17.0,27.0,-8.0,9.0,-37.0,-8.0,-33.239999999999995,-40.0,-11.7,2.3299999999999983,17.22,27.83,19.62,26.82,20.3,-12.690000000000001,-63.59,8.71
2025-08-13T16:53:37.647325,32.0,72.0,2.0,20.0,-22.0,-89.0,-32.0,-81.0,5.0,57.0,40.0,-18.0,4.760000000000002,67.0,17.3,-6.670000000000002,-28.78,-61.17,-29.38,-81.18,33.3,35.31,13.41,-1.2899999999999991
2025-08-13T16:53:37.655111,15.0,-1.0,-13.0,63.0,13.0,3.0,32.0,-17.0,-114.0,60.0,-37.0,-18.0,-12.239999999999998,-6.0,2.3000000000000007,36.33,6.22,30.83,34.62,-17.18,-85.7,38.31,-63.59,-1.2899999999999991
2025-08-13T16:53:37.660175,48.0,9.0,-18.0,10.0,37.0,-30.0,44.0,-50.0,29.0,70.0,72.0,26.0,20.76,4.0,-2.6999999999999993,-16.67,30.22,-2.1700000000000017,46.62,-50.18,57.3,48.31,45.41,42.71
2025-08-13T16:53:37.664448,86.0,54.0,-32.0,63.0,-24.0,38.0,53.0,-2.0,17.0,-30.0,92.0,11.0,58.760000000000005,49.0,-16.7,36.33,-30.78,65.83,55.62,-2.18,45.3,-51.69,65.41,27.71
2025-08-13T16:53:37.671767,81.0,-20.0,-5.0,26.0,35.0,-104.0,-68.0,8.0,16.0,20.0,4.0,-27.0,53.760000000000005,-25.0,10.3,-0.6700000000000017,28.22,-76.17,-65.38,7.82,44.3,-1.6900000000000013,-22.59,-10.29
2025-08-13T16:53:37.676979,90.0,0.0,-30.0,46.0,-39.0,9.0,34.0,-13.0,-11.0,23.0,61.0,28.0,62.760000000000005,-5.0,-14.7,19.33,-45.78,36.83,36.62,-13.18,17.3,1.3099999999999987,34.41,44.71
2025-08-13T16:53:37.684145,42.0,14.0,-42.0,33.0,82.0,12.0,37.0,-37.0,-6.0,76.0,81.0,-22.0,14.760000000000002,9.0,-26.7,6.329999999999998,75.22,39.83,39.62,-37.18,22.3,54.31,54.41,-5.289999999999999
2025-08-13T16:53:37.690400,6.0,-27.0,-38.0,60.0,27.0,-60.0,-16.0,33.0,-42.0,15.0,16.0,-37.0,-21.24,-32.0,-22.7,33.33,20.22,-32.17,-13.379999999999999,32.82,-13.7,-6.690000000000001,-10.59,-20.29
2025-08-13T16:53:37.696410,30.0,53.0,9.0,14.0,-41.0,-69.0,31.0,24.0,-22.0,1.0,17.0,-59.0,2.7600000000000016,48.0,24.3,-12.670000000000002,-47.78,-41.17,33.62,23.82,6.300000000000001,-20.69,-9.59,-42.29
2025-08-13T16:53:37.704255,24.0,-59.0,-44.0,-47.0,115.0,-33.0,-12.0,-32.0,-26.0,74.0,63.0,-60.0,-3.2399999999999984,-64.0,-28.7,-73.67,108.22,-5.170000000000002,-9.379999999999999,-32.18,2.3000000000000007,52.31,36.41,-43.29
2025-08-13T16:53:37.708754,39.0,12.0,-2.0,-38.0,9.0,-83.0,9.0,42.0,-53.0,4.0,-21.0,-19.0,11.760000000000002,7.0,13.3,-64.67,2.2199999999999998,-55.17,11.620000000000001,41.82,-24.7,-17.69,-47.59,-2.289999999999999
2025-08-13T16:53:37.712801,-22.0,20.0,36.0,7.0,85.0,16.0,-4.0,-27.0,-16.0,43.0,2.0,-66.0,-49.239999999999995,15.0,51.3,-19.67,78.22,43.83,-1.38,-27.18,12.3,21.31,-24.59,-49.29
2025-08-13T16:53:37.720755,16.0,-14.0,3.0,4.0,-27.0,50.0,57.0,0.0,-13.0,72.0,19.0,-63.0,-11.239999999999998,-19.0,18.3,-22.67,-33.78,77.83,59.62,-0.18,15.3,50.31,-7.59,-46.29
2025-08-13T16:53:37.726090,95.0,27.0,23.0,49.0,30.0,-72.0,2.0,17.0,-33.0,10.0,39.0,-52.0,67.76,22.0,38.3,22.33,23.22,-44.17,4.62,16.82,-4.699999999999999,-11.690000000000001,12.41,-35.29
2025-08-13T16:53:37.733207,-9.0,22.0,45.0,31.0,-6.0,-82.0,-18.0,35.0,-65.0,37.0,5.0,-24.0,-36.239999999999995,17.0,60.3,4.329999999999998,-12.780000000000001,-54.17,-15.379999999999999,34.82,-36.7,15.309999999999999,-21.59,-7.289999999999999
2025-08-13T16:53:37.738146,2.0,-12.0,-7.0,31.0,54.0,-15.0,9.0,-33.0,-22.0,120.0,11.0,-40.0,-25.24,-17.0,8.3,4.329999999999998,47.22,12.829999999999998,11.620000000000001,-33.18,6.300000000000001,98.31,-15.59,-23.29
2025-08-13T16:53:37.745499,-48.0,-2.0,-3.0,81.0,-2.0,12.0,101.0,13.0,-71.0,22.0,-2.0,-55.0,-75.24,-7.0,12.3,54.33,-8.780000000000001,39.83,103.62,12.82,-42.7,0.3099999999999987,-28.59,-38.29
2025-08-13T16:53:37.750654,-3.0,5.0,76.0,-8.0,-29.0,-83.0,14.0,-46.0,-29.0,59.0,85.0,13.0,-30.24,0.0,91.3,-34.67,-35.78,-55.17,16.62,-46.18,-0.6999999999999993,37.31,58.41,29.71
2025-08-13T16:53:37.757651,45.0,8.0,24.0,34.0,-16.0,-15.0,-9.0,-44.0,-111.0,69.0,41.0,-27.0,17.76,3.0,39.3,7.329999999999998,-22.78,12.829999999999998,-6.38,-44.18,-82.7,47.31,14.41,-10.29
2025-08-13T16:53:37.762118,-41.0,38.0,74.0,-98.0,3.0,-43.0,-6.0,26.0,-31.0,114.0,-14.0,-35.0,-68.24,33.0,89.3,-124.67,-3.7800000000000002,-15.170000000000002,-3.38,25.82,-2.6999999999999993,92.31,-40.59,-18.29
2025-08-13T16:53:37.770006,19.0,58.0,33.0,27.0,33.0,-83.0,45.0,-14.0,-50.0,46.0,-42.0,-26.0,-8.239999999999998,53.0,48.3,0.3299999999999983,26.22,-55.17,47.62,-14.18,-21.7,24.31,-68.59,-9.29
2025-08-13T16:53:37.774344,66.0,21.0,-25.0,12.0,37.0,-56.0,9.0,28.0,-46.0,14.0,47.0,-30.0,38.760000000000005,16.0,-9.7,-14.670000000000002,30.22,-28.17,11.620000000000001,27.82,-17.7,-7.690000000000001,20.41,-13.29
2025-08-13T16:53:37.782295,17.0,35.0,-41.0,8.0,-6.0,-11.0,0.0,17.0,-19.0,-1.0,-29.0,44.0,-10.239999999999998,30.0,-25.7,-18.67,-12.780000000000001,16.83,2.62,16.82,9.3,-22.69,-55.59,60.71
2025-08-13T16:53:37.786916,40.0,44.0,-27.0,-37.0,7.0,-83.0,11.0,-24.0,-19.0,39.0,45.0,37.0,12.760000000000002,39.0,-11.7,-63.67,0.21999999999999975,-55.17,13.620000000000001,-24.18,9.3,17.31,18.41,53.71
2025-08-13T16:53:37.794819,51.0,83.0,-103.0,62.0,16.0,-19.0,-18.0,25.0,20.0,34.0,-12.0,12.0,23.76,78.0,-87.7,35.33,9.219999999999999,8.829999999999998,-15.379999999999999,24.82,48.3,12.309999999999999,-38.59,28.71
2025-08-13T16:53:37.800000,79.0,6.0,-16.0,11.0,-38.0,-20.0,49.0,30.0,-30.0,74.0,4.0,8.0,51.760000000000005,1.0,-0.6999999999999993,-15.670000000000002,-44.78,7.829999999999998,51.62,29.82,-1.6999999999999993,52.31,-22.59,24.71
2025-08-13T16:53:37.806625,-2.0,8.0,15.0,-4.0,10.0,-47.0,7.0,-4.0,-65.0,22.0,67.0,-49.0,-29.24,3.0,30.3,-30.67,3.2199999999999998,-19.17,9.620000000000001,-4.18,-36.7,0.3099999999999987,40.41,-32.29
2025-08-13T16:53:37.811798,31.0,-82.0,-16.0,2.0,26.0,-18.0,45.0,20.0,-75.0,28.0,32.0,-50.0,3.7600000000000016,-87.0,-0.6999999999999993,-24.67,19.22,9.829999999999998,47.62,19.82,-46.7,6.309999999999999,5.41,-33.29
2025-08-13T16:53:37.819009,-31.0,-6.0,-72.0,-30.0,0.0,0.0,-65.0,-58.0,-41.0,-29.0,55.0,-64.0,-58.239999999999995,-11.0,-56.7,-56.67,-6.78,27.83,-62.38,-58.18,-12.7,-50.69,28.41,-47.29
2025-08-13T16:53:37.823713,20.0,29.0,-6.0,11.0,38.0,-40.0,-53.0,9.0,-62.0,-61.0,25.0,-87.0,-7.239999999999998,24.0,9.3,-15.670000000000002,31.22,-12.170000000000002,-50.38,8.82,-33.7,-82.69,-1.5899999999999999,-70.28999999999999
2025-08-13T16:53:37.830409,70.0,25.0,11.0,94.0,19.0,-101.0,-31.0,18.0,-7.0,8.0,-25.0,-45.0,42.760000000000005,20.0,26.3,67.33,12.219999999999999,-73.17,-28.38,17.82,21.3,-13.690000000000001,-51.59,-28.29
2025-08-13T16:53:37.835859,81.0,17.0,-12.0,42.0,20.0,-18.0,-22.0,0.0,-22.0,10.0,37.0,27.0,53.760000000000005,12.0,3.3000000000000007,15.329999999999998,13.219999999999999,9.829999999999998,-19.38,-0.18,6.300000000000001,-11.690000000000001,10.41,43.71
2025-08-13T16:53:37.843622,101.0,96.0,-38.0,-7.0,-38.0,-61.0,28.0,-34.0,-86.0,62.0,83.0,-40.0,73.76,91.0,-22.7,-33.67,-44.78,-33.17,30.62,-34.18,-57.7,40.31,56.41,-23.29
2025-08-13T16:53:37.849347,-55.0,45.0,36.0,47.0,66.0,-12.0,-24.0,-37.0,-30.0,15.0,2.0,-91.0,-82.24,40.0,51.3,20.33,59.22,15.829999999999998,-21.38,-37.18,-1.6999999999999993,-6.690000000000001,-24.59,-74.28999999999999
2025-08-13T16:53:37.853950,32.0,-57.0,-19.0,19.0,14.0,-17.0,35.0,-72.0,-48.0,-8.0,31.0,-62.0,4.760000000000002,-62.0,-3.6999999999999993,-7.670000000000002,7.22,10.829999999999998,37.62,-72.18,-19.7,-29.69,4.41,-45.29
2025-08-13T16:53:37.860192,36.0,3.0,9.0,32.0,47.0,-68.0,-17.0,-10.0,-43.0,36.0,37.0,-54.0,8.760000000000002,-2.0,24.3,5.329999999999998,40.22,-40.17,-14.379999999999999,-10.18,-14.7,14.309999999999999,10.41,-37.29
2025-08-13T16:53:37.865915,61.0,-41.0,-31.0,-9.0,9.0,-12.0,5.0,-18.0,-58.0,81.0,-31.0,-35.0,33.760000000000005,-46.0,-15.7,-35.67,2.2199999999999998,15.829999999999998,7.62,-18.18,-29.7,59.31,-57.59,-18.29
2025-08-13T16:53:37.872551,-43.0,96.0,-32.0,1.0,0.0,-10.0,1.0,-20.0,-7.0,-42.0,67.0,-111.0,-70.24,91.0,-16.7,-25.67,-6.78,17.83,3.62,-20.18,21.3,-63.69,40.41,-94.28999999999999
2025-08-13T16:53:37.878320,-34.0,-26.0,-88.0,-31.0,14.0,-88.0,-74.0,22.0,-16.0,17.0,75.0,-32.0,-61.239999999999995,-31.0,-72.7,-57.67,7.22,-60.17,-71.38,21.82,12.3,-4.690000000000001,48.41,-15.29
2025-08-13T16:53:37.884884,-7.0,45.0,10.0,15.0,54.0,-74.0,-36.0,-34.0,-7.0,42.0,25.0,-65.0,-34.239999999999995,40.0,25.3,-11.670000000000002,47.22,-46.17,-33.38,-34.18,21.3,20.31,-1.5899999999999999,-48.29
2025-08-13T16:53:37.890128,-20.0,36.0,61.0,16.0,-8.0,52.0,-54.0,3.0,-41.0,12.0,12.0,-55.0,-47.239999999999995,31.0,76.3,-10.670000000000002,-14.780000000000001,79.83,-51.38,2.82,-12.7,-9.690000000000001,-14.59,-38.29
2025-08-13T16:53:37.897254,-29.0,57.0,-16.0,-1.0,-30.0,-30.0,-15.0,-14.0,-44.0,12.0,-6.0,1.0,-56.239999999999995,52.0,-0.6999999999999993,-27.67,-36.78,-2.1700000000000017,-12.379999999999999,-14.18,-15.7,-9.690000000000001,-32.59,17.71
2025-08-13T16:53:37.901664,33.0,60.0,-29.0,23.0,30.0,-80.0,-15.0,65.0,-6.0,18.0,21.0,-60.0,5.760000000000002,55.0,-13.7,-3.6700000000000017,23.22,-52.17,-12.379999999999999,64.82,22.3,-3.6900000000000013,-5.59,-43.29
2025-08-13T16:53:37.909368,0.0,34.0,-2.0,26.0,80.0,-125.0,-50.0,45.0,20.0,37.0,15.0,35.0,-27.24,29.0,13.3,-0.6700000000000017,73.22,-97.17,-47.38,44.82,48.3,15.309999999999999,-11.59,51.71
2025-08-13T16:53:37.913937,14.0,7.0,-16.0,15.0,20.0,4.0,-9.0,12.0,-47.0,16.0,-46.0,-32.0,-13.239999999999998,2.0,-0.6999999999999993,-11.670000000000002,13.219999999999999,31.83,-6.38,11.82,-18.7,-5.690000000000001,-72.59,-15.29
2025-08-13T16:53:37.921605,-35.0,20.0,-21.0,36.0,96.0,-78.0,-42.0,14.0,-21.0,9.0,68.0,-22.0,-62.239999999999995,15.0,-5.699999999999999,9.329999999999998,89.22,-50.17,-39.38,13.82,7.300000000000001,-12.690000000000001,41.41,-5.289999999999999
2025-08-13T16:53:37.926154,-1.0,100.0,-38.0,6.0,-15.0,-71.0,-54.0,8.0,-76.0,32.0,38.0,-11.0,-28.24,95.0,-22.7,-20.67,-21.78,-43.17,-51.38,7.82,-47.7,10.309999999999999,11.41,5.710000000000001
2025-08-13T16:53:37.933839,23.0,-8.0,25.0,-13.0,15.0,-18.0,-34.0,-72.0,-84.0,71.0,40.0,-32.0,-4.239999999999998,-13.0,40.3,-39.67,8.219999999999999,9.829999999999998,-31.38,-72.18,-55.7,49.31,13.41,-15.29
2025-08-13T16:53:37.938391,-37.0,7.0,-43.0,44.0,-15.0,-4.0,2.0,-38.0,-27.0,53.0,-57.0,-82.0,-64.24,2.0,-27.7,17.33,-21.78,23.83,4.62,-38.18,1.3000000000000007,31.31,-83.59,-65.28999999999999
2025-08-13T16:53:37.946231,54.0,38.0,-3.0,88.0,-23.0,-104.0,-31.0,28.0,10.0,67.0,36.0,-21.0,26.76,33.0,12.3,61.33,-29.78,-76.17,-28.38,27.82,38.3,45.31,9.41,-4.289999999999999
2025-08-13T16:53:37.950693,26.0,72.0,-8.0,40.0,-4.0,-66.0,-11.0,34.0,11.0,20.0,33.0,-23.0,-1.2399999999999984,67.0,7.300000000000001,13.329999999999998,-10.780000000000001,-38.17,-8.379999999999999,33.82,39.3,-1.6900000000000013,6.41,-6.289999999999999
2025-08-13T16:53:37.958923,60.0,-5.0,-15.0,96.0,12.0,-69.0,61.0,36.0,-91.0,67.0,-17.0,-106.0,32.760000000000005,-10.0,0.3000000000000007,69.33,5.22,-41.17,63.62,35.82,-62.7,45.31,-43.59,-89.28999999999999
2025-08-13T16:53:37.962801,1.0,-27.0,-83.0,-16.0,78.0,-42.0,14.0,17.0,-1.0,-37.0,44.0,0.0,-26.24,-32.0,-67.7,-42.67,71.22,-14.170000000000002,16.62,16.82,27.3,-58.69,17.41,16.71
2025-08-13T16:53:37.970636,44.0,2.0,-41.0,-4.0,67.0,-31.0,-35.0,40.0,-33.0,-65.0,69.0,2.0,16.76,-3.0,-25.7,-30.67,60.22,-3.1700000000000017,-32.38,39.82,-4.699999999999999,-86.69,42.41,18.71
2025-08-13T16:53:37.975077,8.0,-59.0,-36.0,-38.0,24.0,-43.0,4.0,-13.0,-91.0,57.0,94.0,-54.0,-19.24,-64.0,-20.7,-64.67,17.22,-15.170000000000002,6.62,-13.18,-62.7,35.31,67.41,-37.29
2025-08-13T16:53:37.979551,-10.0,27.0,-43.0,17.0,21.0,-84.0,-44.0,44.0,-92.0,52.0,15.0,5.0,-37.239999999999995,22.0,-27.7,-9.670000000000002,14.219999999999999,-56.17,-41.38,43.82,-63.7,30.31,-11.59,21.71
2025-08-13T16:53:37.987273,36.0,-27.0,-37.0,-45.0,134.0,-83.0,-48.0,-45.0,-84.0,-44.0,52.0,-9.0,8.760000000000002,-32.0,-21.7,-71.67,127.22,-55.17,-45.38,-45.18,-55.7,-65.69,25.41,7.710000000000001
2025-08-13T16:53:37.991752,48.0,27.0,-40.0,4.0,76.0,14.0,16.0,11.0,-20.0,12.0,38.0,-26.0,20.76,22.0,-24.7,-22.67,69.22,41.83,18.62,10.82,8.3,-9.690000000000001,11.41,-9.29
2025-08-13T16:53:37.999806,52.0,38.0,-98.0,-20.0,18.0,-21.0,19.0,11.0,-57.0,21.0,53.0,-63.0,24.76,33.0,-82.7,-46.67,11.219999999999999,6.829999999999998,21.62,10.82,-28.7,-0.6900000000000013,26.41,-46.29
2025-08-13T16:53:38.004943,67.0,-1.0,-72.0,42.0,40.0,-69.0,21.0,-8.0,-26.0,-6.0,28.0,-25.0,39.760000000000005,-6.0,-56.7,15.329999999999998,33.22,-41.17,23.62,-8.18,2.3000000000000007,-27.69,1.4100000000000001,-8.29
2025-08-13T16:53:38.012100,28.0,-50.0,-6.0,23.0,-49.0,-44.0,-24.0,-17.0,-45.0,-29.0,10.0,-64.0,0.7600000000000016,-55.0,9.3,-3.6700000000000017,-55.78,-16.17,-21.38,-17.18,-16.7,-50.69,-16.59,-47.29
2025-08-13T16:53:38.018377,53.0,27.0,-83.0,3.0,56.0,-27.0,60.0,-49.0,-71.0,52.0,98.0,-8.0,25.76,22.0,-67.7,-23.67,49.22,0.8299999999999983,62.62,-49.18,-42.7,30.31,71.41,8.71
2025-08-13T16:53:38.024280,90.0,25.0,-41.0,54.0,79.0,-24.0,-8.0,19.0,-38.0,73.0,-26.0,-20.0,62.760000000000005,20.0,-25.7,27.33,72.22,3.8299999999999983,-5.38,18.82,-9.7,51.31,-52.59,-3.289999999999999
2025-08-13T16:53:38.029619,70.0,-81.0,-27.0,42.0,90.0,-41.0,-46.0,56.0,-82.0,4.0,24.0,-34.0,42.760000000000005,-86.0,-11.7,15.329999999999998,83.22,-13.170000000000002,-43.38,55.82,-53.7,-17.69,-2.59,-17.29
2025-08-13T16:53:38.036611,8.0,-2.0,-96.0,-23.0,7.0,-55.0,-49.0,-19.0,-39.0,-15.0,12.0,13.0,-19.24,-7.0,-80.7,-49.67,0.21999999999999975,-27.17,-46.38,-19.18,-10.7,-36.69,-14.59,29.71
2025-08-13T16:53:38.041983,87.0,-53.0,-20.0,32.0,-23.0,-23.0,-20.0,34.0,-95.0,10.0,-13.0,-57.0,59.760000000000005,-58.0,-4.699999999999999,5.329999999999998,-29.78,4.829999999999998,-17.38,33.82,-66.7,-11.690000000000001,-39.59,-40.29
2025-08-13T16:53:38.048691,-8.0,-42.0,24.0,50.0,-13.0,-53.0,29.0,8.0,-47.0,56.0,12.0,-33.0,-35.239999999999995,-47.0,39.3,23.33,-19.78,-25.17,31.62,7.82,-18.7,34.31,-14.59,-16.29
2025-08-13T16:53:38.054267,10.0,0.0,-68.0,76.0,-2.0,-115.0,-6.0,31.0,-64.0,43.0,48.0,-44.0,-17.24,-5.0,-52.7,49.33,-8.780000000000001,-87.17,-3.38,30.82,-35.7,21.31,21.41,-27.29
2025-08-13T16:53:38.060885,6.0,-9.0,-38.0,1.0,55.0,-18.0,6.0,10.0,-126.0,-39.0,-10.0,-5.0,-21.24,-14.0,-22.7,-25.67,48.22,9.829999999999998,8.620000000000001,9.82,-97.7,-60.69,-36.59,11.71
2025-08-13T16:53:38.065383,10.0,22.0,-53.0,73.0,-16.0,-40.0,60.0,-71.0,-78.0,41.0,7.0,-41.0,-17.24,17.0,-37.7,46.33,-22.78,-12.170000000000002,62.62,-71.18,-49.7,19.31,-19.59,-24.29
2025-08-13T16:53:38.073189,48.0,-13.0,-50.0,-23.0,38.0,-119.0,-68.0,-48.0,-40.0,-36.0,9.0,-42.0,20.76,-18.0,-34.7,-49.67,31.22,-91.17,-65.38,-48.18,-11.7,-57.69,-17.59,-25.29
2025-08-13T16:53:38.077969,20.0,-14.0,-38.0,86.0,87.0,-34.0,-78.0,104.0,-81.0,57.0,-12.0,-114.0,-7.239999999999998,-19.0,-22.7,59.33,80.22,-6.170000000000002,-75.38,103.82,-52.7,35.31,-38.59,-97.28999999999999
2025-08-13T16:53:38.085807,-39.0,18.0,-15.0,-38.0,1.0,-83.0,-54.0,-40.0,-66.0,82.0,2.0,-54.0,-66.24,13.0,0.3000000000000007,-64.67,-5.78,-55.17,-51.38,-40.18,-37.7,60.31,-24.59,-37.29
2025-08-13T16:53:38.089995,-33.0,54.0,-26.0,47.0,84.0,-23.0,-1.0,-6.0,18.0,93.0,1.0,-16.0,-60.239999999999995,49.0,-10.7,20.33,77.22,4.829999999999998,1.62,-6.18,46.3,71.31,-25.59,0.7100000000000009
2025-08-13T16:53:38.097864,30.0,63.0,-65.0,39.0,49.0,-84.0,-48.0,-9.0,-68.0,67.0,14.0,-75.0,2.7600000000000016,58.0,-49.7,12.329999999999998,42.22,-56.17,-45.38,-9.18,-39.7,45.31,-12.59,-58.29
2025-08-13T16:53:38.102227,51.0,61.0,-101.0,-12.0,31.0,-97.0,-23.0,-14.0,-65.0,100.0,13.0,-59.0,23.76,56.0,-85.7,-38.67,24.22,-69.17,-20.38,-14.18,-36.7,78.31,-13.59,-42.29
2025-08-13T16:53:38.110140,71.0,-7.0,-54.0,-10.0,17.0,-79.0,-52.0,-2.0,-113.0,-3.0,34.0,-13.0,43.760000000000005,-12.0,-38.7,-36.67,10.219999999999999,-51.17,-49.38,-2.18,-84.7,-24.69,7.41,3.710000000000001
2025-08-13T16:53:38.114647,59.0,42.0,-72.0,12.0,9.0,-113.0,-34.0,10.0,-24.0,-12.0,36.0,-28.0,31.76,37.0,-56.7,-14.670000000000002,2.2199999999999998,-85.17,-31.38,9.82,4.300000000000001,-33.69,9.41,-11.29
2025-08-13T16:53:38.122473,108.0,66.0,-105.0,70.0,20.0,-102.0,-28.0,14.0,-101.0,-37.0,49.0,-45.0,80.76,61.0,-89.7,43.33,13.219999999999999,-74.17,-25.38,13.82,-72.7,-58.69,22.41,-28.29
2025-08-13T16:53:38.126969,104.0,-34.0,-55.0,60.0,69.0,-70.0,24.0,20.0,-75.0,43.0,79.0,21.0,76.76,-39.0,-39.7,33.33,62.22,-42.17,26.62,19.82,-46.7,21.31,52.41,37.71
2025-08-13T16:53:38.134639,50.0,30.0,-7.0,45.0,-74.0,-80.0,-13.0,-27.0,-67.0,43.0,28.0,-94.0,22.76,25.0,8.3,18.33,-80.78,-52.17,-10.379999999999999,-27.18,-38.7,21.31,1.4100000000000001,-77.28999999999999
2025-08-13T16:53:38.139087,77.0,42.0,-50.0,8.0,88.0,-117.0,13.0,73.0,-108.0,-13.0,36.0,-72.0,49.760000000000005,37.0,-34.7,-18.67,81.22,-89.17,15.620000000000001,72.82,-79.7,-34.69,9.41,-55.29
2025-08-13T16:53:38.146943,32.0,-25.0,-84.0,94.0,50.0,-92.0,-12.0,-59.0,-47.0,-51.0,6.0,-47.0,4.760000000000002,-30.0,-68.7,67.33,43.22,-64.17,-9.379999999999999,-59.18,-18.7,-72.69,-20.59,-30.29
2025-08-13T16:53:38.151428,-24.0,-52.0,-36.0,4.0,16.0,-122.0,-22.0,-34.0,-54.0,-13.0,49.0,-62.0,-51.239999999999995,-57.0,-20.7,-22.67,9.219999999999999,-94.17,-19.38,-34.18,-25.7,-34.69,22.41,-45.29
2025-08-13T16:53:38.159881,-10.0,38.0,50.0,79.0,23.0,-85.0,35.0,-24.0,-84.0,46.0,26.0,-62.0,-37.239999999999995,33.0,65.3,52.33,16.22,-57.17,37.62,-24.18,-55.7,24.31,-0.5899999999999999,-45.29
2025-08-13T16:53:38.163688,4.0,54.0,-23.0,31.0,-37.0,-48.0,76.0,13.0,-123.0,-5.0,-3.0,-32.0,-23.24,49.0,-7.699999999999999,4.329999999999998,-43.78,-20.17,78.62,12.82,-94.7,-26.69,-29.59,-15.29
2025-08-13T16:53:38.171369,19.0,17.0,-55.0,38.0,28.0,-81.0,-44.0,-2.0,-65.0,36.0,53.0,-120.0,-8.239999999999998,12.0,-39.7,11.329999999999998,21.22,-53.17,-41.38,-2.18,-36.7,14.309999999999999,26.41,-103.28999999999999
2025-08-13T16:53:38.176396,12.0,45.0,-109.0,50.0,-8.0,-131.0,-30.0,-15.0,-122.0,-9.0,43.0,-22.0,-15.239999999999998,40.0,-93.7,23.33,-14.780000000000001,-103.17,-27.38,-15.18,-93.7,-30.69,16.41,-5.289999999999999
2025-08-13T16:53:38.183759,61.0,84.0,-116.0,40.0,15.0,-116.0,41.0,-29.0,-29.0,14.0,39.0,-31.0,33.760000000000005,79.0,-100.7,13.329999999999998,8.219999999999999,-88.17,43.62,-29.18,-0.6999999999999993,-7.690000000000001,12.41,-14.29
2025-08-13T16:53:38.188307,90.0,57.0,-51.0,30.0,41.0,-124.0,-29.0,-24.0,-75.0,0.0,-49.0,-42.0,62.760000000000005,52.0,-35.7,3.3299999999999983,34.22,-96.17,-26.38,-24.18,-46.7,-21.69,-75.59,-25.29
2025-08-13T16:53:38.196130,-15.0,-60.0,15.0,41.0,-16.0,-45.0,-84.0,16.0,-32.0,57.0,20.0,-4.0,-42.239999999999995,-65.0,30.3,14.329999999999998,-22.78,-17.17,-81.38,15.82,-3.6999999999999993,35.31,-6.59,12.71
2025-08-13T16:53:38.200509,-13.0,70.0,-4.0,24.0,41.0,-84.0,-25.0,81.0,-60.0,46.0,30.0,-8.0,-40.239999999999995,65.0,11.3,-2.6700000000000017,34.22,-56.17,-22.38,80.82,-31.7,24.31,3.41,8.71
2025-08-13T16:53:38.208337,80.0,-2.0,-74.0,52.0,22.0,-110.0,-81.0,-33.0,-96.0,4.0,65.0,-66.0,52.760000000000005,-7.0,-58.7,25.33,15.219999999999999,-82.17,-78.38,-33.18,-67.7,-17.69,38.41,-49.29
2025-08-13T16:53:38.212932,-27.0,-49.0,-75.0,73.0,51.0,-123.0,-40.0,-49.0,-82.0,42.0,35.0,-80.0,-54.239999999999995,-54.0,-59.7,46.33,44.22,-95.17,-37.38,-49.18,-53.7,20.31,8.41,-63.29
2025-08-13T16:53:38.220626,-48.0,61.0,-103.0,-8.0,-11.0,-118.0,-5.0,55.0,-12.0,8.0,-3.0,-60.0,-75.24,56.0,-87.7,-34.67,-17.78,-90.17,-2.38,54.82,16.3,-13.690000000000001,-29.59,-43.29
2025-08-13T16:53:38.225123,45.0,69.0,-45.0,35.0,9.0,-121.0,-45.0,9.0,-85.0,22.0,56.0,-35.0,17.76,64.0,-29.7,8.329999999999998,2.2199999999999998,-93.17,-42.38,8.82,-56.7,0.3099999999999987,29.41,-18.29
2025-08-13T16:53:38.232815,32.0,61.0,-47.0,42.0,82.0,-93.0,-32.0,24.0,-97.0,-25.0,-43.0,-79.0,4.760000000000002,56.0,-31.7,15.329999999999998,75.22,-65.17,-29.38,23.82,-68.7,-46.69,-69.59,-62.29
2025-08-13T16:53:38.237312,54.0,58.0,-93.0,40.0,7.0,-100.0,15.0,-9.0,-69.0,-48.0,76.0,-72.0,26.76,53.0,-77.7,13.329999999999998,0.21999999999999975,-72.17,17.62,-9.18,-40.7,-69.69,49.41,-55.29
2025-08-13T16:53:38.245090,29.0,32.0,-74.0,39.0,4.0,-44.0,-26.0,-45.0,-107.0,-55.0,3.0,-158.0,1.7600000000000016,27.0,-58.7,12.329999999999998,-2.7800000000000002,-16.17,-23.38,-45.18,-78.7,-76.69,-23.59,-141.29
2025-08-13T16:53:38.249602,40.0,-24.0,-98.0,-6.0,-57.0,-77.0,2.0,-27.0,-123.0,47.0,50.0,-52.0,12.760000000000002,-29.0,-82.7,-32.67,-63.78,-49.17,4.62,-27.18,-94.7,25.31,23.41,-35.29
2025-08-13T16:53:38.257472,21.0,105.0,-84.0,48.0,45.0,-108.0,-80.0,-52.0,-96.0,-36.0,110.0,-60.0,-6.239999999999998,100.0,-68.7,21.33,38.22,-80.17,-77.38,-52.18,-67.7,-57.69,83.41,-43.29
2025-08-13T16:53:38.262195,99.0,6.0,-136.0,44.0,-37.0,-69.0,2.0,7.0,-70.0,-22.0,52.0,-162.0,71.76,1.0,-120.7,17.33,-43.78,-41.17,4.62,6.82,-41.7,-43.69,25.41,-145.29
2025-08-13T16:53:38.269729,52.0,10.0,-133.0,66.0,-48.0,-66.0,-54.0,-18.0,-102.0,-55.0,52.0,-72.0,24.76,5.0,-117.7,39.33,-54.78,-38.17,-51.38,-18.18,-73.7,-76.69,25.41,-55.29
2025-08-13T16:53:38.274134,67.0,-8.0,-46.0,46.0,-33.0,-103.0,-3.0,23.0,-117.0,25.0,20.0,-97.0,39.760000000000005,-13.0,-30.7,19.33,-39.78,-75.17,-0.3799999999999999,22.82,-88.7,3.3099999999999987,-6.59,-80.28999999999999
2025-08-13T16:53:38.282118,-35.0,-66.0,-86.0,21.0,1.0,-102.0,-78.0,-91.0,-79.0,35.0,17.0,-52.0,-62.239999999999995,-71.0,-70.7,-5.670000000000002,-5.78,-74.17,-75.38,-91.18,-50.7,13.309999999999999,-9.59,-35.29
2025-08-13T16:53:38.286758,53.0,99.0,-113.0,-30.0,-4.0,-78.0,-8.0,-24.0,-76.0,-20.0,-8.0,-23.0,25.76,94.0,-97.7,-56.67,-10.780000000000001,-50.17,-5.38,-24.18,-47.7,-41.69,-34.59,-6.289999999999999
2025-08-13T16:53:38.294346,5.0,-30.0,-48.0,89.0,47.0,-55.0,-33.0,-56.0,-120.0,-17.0,-6.0,-89.0,-22.24,-35.0,-32.7,62.33,40.22,-27.17,-30.38,-56.18,-91.7,-38.69,-32.59,-72.28999999999999
2025-08-13T16:53:38.299050,75.0,110.0,-112.0,26.0,13.0,-151.0,-23.0,-81.0,-123.0,-1.0,42.0,-80.0,47.760000000000005,105.0,-96.7,-0.6700000000000017,6.22,-123.17,-20.38,-81.18,-94.7,-22.69,15.41,-63.29
2025-08-13T16:53:38.306682,85.0,71.0,-136.0,131.0,-11.0,-57.0,-40.0,19.0,-39.0,-6.0,61.0,-89.0,57.760000000000005,66.0,-120.7,104.33,-17.78,-29.17,-37.38,18.82,-10.7,-27.69,34.41,-72.28999999999999
2025-08-13T16:53:38.311114,56.0,61.0,-125.0,80.0,19.0,-75.0,-53.0,-30.0,-76.0,-50.0,71.0,-86.0,28.76,56.0,-109.7,53.33,12.219999999999999,-47.17,-50.38,-30.18,-47.7,-71.69,44.41,-69.28999999999999
2025-08-13T16:53:38.318858,77.0,45.0,-111.0,57.0,28.0,-142.0,31.0,-16.0,-71.0,20.0,61.0,-154.0,49.760000000000005,40.0,-95.7,30.33,21.22,-114.17,33.62,-16.18,-42.7,-1.6900000000000013,34.41,-137.29
2025-08-13T16:53:38.323579,89.0,-29.0,-110.0,36.0,-7.0,-131.0,-9.0,-65.0,-89.0,69.0,55.0,-75.0,61.760000000000005,-34.0,-94.7,9.329999999999998,-13.780000000000001,-103.17,-6.38,-65.18,-60.7,47.31,28.41,-58.29
2025-08-13T16:53:38.331338,6.0,31.0,-60.0,59.0,7.0,-99.0,-46.0,-62.0,-106.0,-45.0,6.0,-121.0,-21.24,26.0,-44.7,32.33,0.21999999999999975,-71.17,-43.38,-62.18,-77.7,-66.69,-20.59,-104.28999999999999
2025-08-13T16:53:38.335841,34.0,33.0,-106.0,59.0,-15.0,-114.0,-35.0,0.0,-142.0,23.0,5.0,-45.0,6.760000000000002,28.0,-90.7,32.33,-21.78,-86.17,-32.38,-0.18,-113.7,1.3099999999999987,-21.59,-28.29
2025-08-13T16:53:38.343556,1.0,-32.0,-131.0,54.0,-1.0,-142.0,-61.0,20.0,-52.0,-25.0,77.0,-14.0,-26.24,-37.0,-115.7,27.33,-7.78,-114.17,-58.38,19.82,-23.7,-46.69,50.41,2.710000000000001
2025-08-13T16:53:38.348047,10.0,21.0,-123.0,25.0,-60.0,-144.0,28.0,6.0,-118.0,-73.0,77.0,-102.0,-17.24,16.0,-107.7,-1.6700000000000017,-66.78,-116.17,30.62,5.82,-89.7,-94.69,50.41,-85.28999999999999
2025-08-13T16:53:38.355974,40.0,9.0,-189.0,116.0,85.0,-110.0,-26.0,-88.0,-70.0,24.0,31.0,-144.0,12.760000000000002,4.0,-173.7,89.33,78.22,-82.17,-23.38,-88.18,-41.7,2.3099999999999987,4.41,-127.28999999999999
2025-08-13T16:53:38.363846,132.0,-19.0,-113.0,32.0,100.0,-166.0,-15.0,-68.0,-157.0,-25.0,44.0,-146.0,104.76,-24.0,-97.7,5.329999999999998,93.22,-138.17000000000002,-12.379999999999999,-68.18,-128.7,-46.69,17.41,-129.29
2025-08-13T16:53:38.368193,29.0,-22.0,-71.0,35.0,28.0,-164.0,-19.0,-54.0,-108.0,-5.0,31.0,-112.0,1.7600000000000016,-27.0,-55.7,8.329999999999998,21.22,-136.17000000000002,-16.38,-54.18,-79.7,-26.69,4.41,-95.28999999999999
2025-08-13T16:53:38.376046,25.0,47.0,-72.0,-15.0,24.0,-131.0,-60.0,-48.0,-115.0,18.0,-19.0,-135.0,-2.2399999999999984,42.0,-56.7,-41.67,17.22,-103.17,-57.38,-48.18,-86.7,-3.6900000000000013,-45.59,-118.28999999999999
2025-08-13T16:53:38.380568,3.0,131.0,-120.0,7.0,5.0,-79.0,-61.0,3.0,-161.0,-23.0,74.0,-72.0,-24.24,126.0,-104.7,-19.67,-1.7800000000000002,-51.17,-58.38,2.82,-132.7,-44.69,47.41,-55.29
2025-08-13T16:53:38.385382,-18.0,80.0,-33.0,57.0,-5.0,-95.0,35.0,4.0,-61.0,-56.0,17.0,-129.0,-45.239999999999995,75.0,-17.7,30.33,-11.780000000000001,-67.17,37.62,3.82,-32.7,-77.69,-9.59,-112.28999999999999
2025-08-13T16:53:38.393358,33.0,61.0,-87.0,103.0,-10.0,-94.0,-65.0,-47.0,-80.0,5.0,-6.0,-129.0,5.760000000000002,56.0,-71.7,76.33,-16.78,-66.17,-62.38,-47.18,-51.7,-16.69,-32.59,-112.28999999999999
2025-08-13T16:53:38.400714,9.0,38.0,-143.0,23.0,-26.0,-118.0,-38.0,-53.0,-159.0,-60.0,20.0,-134.0,-18.24,33.0,-127.7,-3.6700000000000017,-32.78,-90.17,-35.38,-53.18,-130.7,-81.69,-6.59,-117.28999999999999
2025-08-13T16:53:38.406219,79.0,93.0,-175.0,18.0,-38.0,-57.0,-25.0,-55.0,-152.0,-13.0,4.0,-122.0,51.760000000000005,88.0,-159.7,-8.670000000000002,-44.78,-29.17,-22.38,-55.18,-123.7,-34.69,-22.59,-105.28999999999999
2025-08-13T16:53:38.413198,114.0,17.0,-69.0,46.0,23.0,-120.0,-26.0,-34.0,-92.0,57.0,65.0,-147.0,86.76,12.0,-53.7,19.33,16.22,-92.17,-23.38,-34.18,-63.7,35.31,38.41,-130.29
2025-08-13T16:53:38.418363,52.0,39.0,-71.0,68.0,-31.0,-93.0,7.0,-8.0,-183.0,-19.0,22.0,-129.0,24.76,34.0,-55.7,41.33,-37.78,-65.17,9.620000000000001,-8.18,-154.7,-40.69,-4.59,-112.28999999999999
2025-08-13T16:53:38.425266,28.0,88.0,-149.0,66.0,6.0,-141.0,-39.0,2.0,-71.0,-16.0,27.0,-126.0,0.7600000000000016,83.0,-133.7,39.33,-0.7800000000000002,-113.17,-36.38,1.82,-42.7,-37.69,0.41000000000000014,-109.28999999999999
2025-08-13T16:53:38.429915,30.0,78.0,-96.0,55.0,-24.0,-190.0,-33.0,8.0,-153.0,-50.0,85.0,-126.0,2.7600000000000016,73.0,-80.7,28.33,-30.78,-162.17000000000002,-30.38,7.82,-124.7,-71.69,58.41,-109.28999999999999
2025-08-13T16:53:38.437705,12.0,108.0,-167.0,-25.0,-23.0,-114.0,51.0,-18.0,-196.0,6.0,-2.0,-138.0,-15.239999999999998,103.0,-151.7,-51.67,-29.78,-86.17,53.62,-18.18,-167.7,-15.690000000000001,-28.59,-121.28999999999999
2025-08-13T16:53:38.442182,107.0,83.0,-149.0,33.0,-18.0,-161.0,-24.0,-39.0,-132.0,-16.0,5.0,-157.0,79.76,78.0,-133.7,6.329999999999998,-24.78,-133.17000000000002,-21.38,-39.18,-103.7,-37.69,-21.59,-140.29
2025-08-13T16:53:38.449892,65.0,6.0,-125.0,96.0,-18.0,-166.0,-66.0,12.0,-73.0,-42.0,17.0,-103.0,37.760000000000005,1.0,-109.7,69.33,-24.78,-138.17000000000002,-63.38,11.82,-44.7,-63.69,-9.59,-86.28999999999999
2025-08-13T16:53:38.454380,102.0,45.0,-130.0,83.0,4.0,-201.0,-58.0,28.0,-136.0,73.0,30.0,-113.0,74.76,40.0,-114.7,56.33,-2.7800000000000002,-173.17000000000002,-55.38,27.82,-107.7,51.31,3.41,-96.28999999999999
2025-08-13T16:53:38.462424,-25.0,43.0,-76.0,8.0,-8.0,-171.0,-10.0,11.0,-138.0,-91.0,-2.0,-80.0,-52.239999999999995,38.0,-60.7,-18.67,-14.780000000000001,-143.17000000000002,-7.38,10.82,-109.7,-112.69,-28.59,-63.29
2025-08-13T16:53:38.466777,-20.0,-4.0,-118.0,71.0,29.0,-103.0,-69.0,-59.0,-74.0,-114.0,16.0,-160.0,-47.239999999999995,-9.0,-102.7,44.33,22.22,-75.17,-66.38,-59.18,-45.7,-135.69,-10.59,-143.29
2025-08-13T16:53:38.474698,64.0,154.0,-63.0,27.0,-7.0,-217.0,-34.0,-12.0,-120.0,-40.0,5.0,-99.0,36.760000000000005,149.0,-47.7,0.3299999999999983,-13.780000000000001,-189.17000000000002,-31.38,-12.18,-91.7,-61.69,-21.59,-82.28999999999999
2025-08-13T16:53:38.479121,-6.0,33.0,-115.0,65.0,-68.0,-176.0,4.0,-29.0,-111.0,-19.0,33.0,-158.0,-33.239999999999995,28.0,-99.7,38.33,-74.78,-148.17000000000002,6.62,-29.18,-82.7,-40.69,6.41,-141.29
2025-08-13T16:53:38.486969,131.0,72.0,-191.0,-38.0,-25.0,-132.0,-18.0,-9.0,-55.0,14.0,14.0,-101.0,103.76,67.0,-175.7,-64.67,-31.78,-104.17,-15.379999999999999,-9.18,-26.7,-7.690000000000001,-12.59,-84.28999999999999
2025-08-13T16:53:38.491771,51.0,21.0,-151.0,99.0,28.0,-183.0,-45.0,4.0,-175.0,6.0,58.0,-92.0,23.76,16.0,-135.7,72.33,21.22,-155.17000000000002,-42.38,3.82,-146.7,-15.690000000000001,31.41,-75.28999999999999
2025-08-13T16:53:38.499247,144.0,59.0,-82.0,103.0,67.0,-136.0,-27.0,21.0,-161.0,30.0,47.0,-137.0,116.76,54.0,-66.7,76.33,60.22,-108.17,-24.38,20.82,-132.7,8.309999999999999,20.41,-120.28999999999999
2025-08-13T16:53:38.507038,21.0,82.0,-92.0,57.0,11.0,-168.0,-45.0,-80.0,-116.0,-22.0,52.0,-145.0,-6.239999999999998,77.0,-76.7,30.33,4.22,-140.17000000000002,-42.38,-80.18,-87.7,-43.69,25.41,-128.29
2025-08-13T16:53:38.511618,-4.0,71.0,-111.0,-49.0,78.0,-169.0,-65.0,-51.0,-101.0,-39.0,59.0,-126.0,-31.24,66.0,-95.7,-75.67,71.22,-141.17000000000002,-62.38,-51.18,-72.7,-60.69,32.41,-109.28999999999999
2025-08-13T16:53:38.519373,49.0,75.0,-199.0,56.0,36.0,-145.0,-38.0,5.0,-86.0,21.0,-4.0,-82.0,21.76,70.0,-183.7,29.33,29.22,-117.17,-35.38,4.82,-57.7,-0.6900000000000013,-30.59,-65.28999999999999
2025-08-13T16:53:38.524030,57.0,28.0,-156.0,42.0,-27.0,-40.0,-63.0,-27.0,-170.0,16.0,22.0,-155.0,29.76,23.0,-140.7,15.329999999999998,-33.78,-12.170000000000002,-60.38,-27.18,-141.7,-5.690000000000001,-4.59,-138.29
2025-08-13T16:53:38.531884,69.0,33.0,-134.0,135.0,-29.0,-52.0,19.0,-36.0,-146.0,35.0,51.0,-124.0,41.760000000000005,28.0,-118.7,108.33,-35.78,-24.17,21.62,-36.18,-117.7,13.309999999999999,24.41,-107.28999999999999
2025-08-13T16:53:38.536113,60.0,-19.0,-176.0,77.0,21.0,-189.0,9.0,-62.0,-140.0,-41.0,84.0,-170.0,32.760000000000005,-24.0,-160.7,50.33,14.219999999999999,-161.17000000000002,11.620000000000001,-62.18,-111.7,-62.69,57.41,-153.29
2025-08-13T16:53:38.545000,47.0,81.0,-156.0,69.0,-25.0,-174.0,-37.0,-50.0,-138.0,-38.0,76.0,-158.0,19.76,76.0,-140.7,42.33,-31.78,-146.17000000000002,-34.38,-50.18,-109.7,-59.69,49.41,-141.29
2025-08-13T16:53:38.551320,50.0,85.0,-106.0,74.0,-2.0,-116.0,-43.0,-78.0,-195.0,0.0,36.0,-88.0,22.76,80.0,-90.7,47.33,-8.780000000000001,-88.17,-40.38,-78.18,-166.7,-21.69,9.41,-71.28999999999999
2025-08-13T16:53:38.557620,59.0,95.0,-165.0,102.0,19.0,-121.0,-29.0,-9.0,-100.0,24.0,10.0,-115.0,31.76,90.0,-149.7,75.33,12.219999999999999,-93.17,-26.38,-9.18,-71.7,2.3099999999999987,-16.59,-98.28999999999999
2025-08-13T16:53:38.565971,96.0,55.0,-132.0,56.0,-41.0,-120.0,12.0,-13.0,-102.0,26.0,43.0,-124.0,68.76,50.0,-116.7,29.33,-47.78,-92.17,14.620000000000001,-13.18,-73.7,4.309999999999999,16.41,-107.28999999999999
2025-08-13T16:53:38.570743,48.0,54.0,-117.0,11.0,19.0,-153.0,-38.0,-43.0,-131.0,-50.0,49.0,-133.0,20.76,49.0,-101.7,-15.670000000000002,12.219999999999999,-125.17,-35.38,-43.18,-102.7,-71.69,22.41,-116.28999999999999
2025-08-13T16:53:38.573574,98.0,-11.0,-116.0,97.0,-45.0,-168.0,-19.0,-4.0,-78.0,-31.0,133.0,-159.0,70.76,-16.0,-100.7,70.33,-51.78,-140.17000000000002,-16.38,-4.18,-49.7,-52.69,106.41,-142.29
2025-08-13T16:53:38.580920,7.0,29.0,-129.0,7.0,-47.0,-155.0,-91.0,-70.0,-110.0,28.0,81.0,-123.0,-20.24,24.0,-113.7,-19.67,-53.78,-127.17,-88.38,-70.18,-81.7,6.309999999999999,54.41,-106.28999999999999
2025-08-13T16:53:38.585060,17.0,116.0,-84.0,19.0,-10.0,-147.0,2.0,-42.0,-152.0,17.0,89.0,-128.0,-10.239999999999998,111.0,-68.7,-7.670000000000002,-16.78,-119.17,4.62,-42.18,-123.7,-4.690000000000001,62.41,-111.28999999999999
2025-08-13T16:53:38.593253,55.0,-5.0,-158.0,10.0,13.0,-45.0,-53.0,-73.0,-112.0,-10.0,36.0,-65.0,27.76,-10.0,-142.7,-16.67,6.22,-17.17,-50.38,-73.18,-83.7,-31.69,9.41,-48.29
2025-08-13T16:53:38.601493,40.0,45.0,-120.0,54.0,-37.0,-151.0,-3.0,55.0,-140.0,-28.0,14.0,-101.0,12.760000000000002,40.0,-104.7,27.33,-43.78,-123.17,-0.3799999999999999,54.82,-111.7,-49.69,-12.59,-84.28999999999999
2025-08-13T16:53:38.605538,69.0,11.0,-170.0,50.0,81.0,-97.0,-3.0,-85.0,-100.0,4.0,30.0,-134.0,41.760000000000005,6.0,-154.7,23.33,74.22,-69.17,-0.3799999999999999,-85.18,-71.7,-17.69,3.41,-117.28999999999999
2025-08-13T16:53:38.613532,72.0,-49.0,-48.0,80.0,-26.0,-147.0,-54.0,-10.0,-73.0,-2.0,47.0,-118.0,44.760000000000005,-54.0,-32.7,53.33,-32.78,-119.17,-51.38,-10.18,-44.7,-23.69,20.41,-101.28999999999999
2025-08-13T16:53:38.617908,2.0,-11.0,-94.0,8.0,-54.0,-194.0,-64.0,-30.0,-96.0,-20.0,92.0,-110.0,-25.24,-16.0,-78.7,-18.67,-60.78,-166.17000000000002,-61.38,-30.18,-67.7,-41.69,65.41,-93.28999999999999
2025-08-13T16:53:38.625802,52.0,46.0,-108.0,83.0,19.0,-97.0,-39.0,-63.0,-159.0,-60.0,34.0,-98.0,24.76,41.0,-92.7,56.33,12.219999999999999,-69.17,-36.38,-63.18,-130.7,-81.69,7.41,-81.28999999999999
2025-08-13T16:53:38.630120,25.0,-33.0,-163.0,59.0,59.0,-99.0,-2.0,62.0,-100.0,48.0,43.0,-61.0,-2.2399999999999984,-38.0,-147.7,32.33,52.22,-71.17,0.6200000000000001,61.82,-71.7,26.31,16.41,-44.29
2025-08-13T16:53:38.638155,148.0,83.0,-135.0,41.0,-9.0,-139.0,31.0,-8.0,-145.0,-18.0,35.0,-79.0,120.76,78.0,-119.7,14.329999999999998,-15.780000000000001,-111.17,33.62,-8.18,-116.7,-39.69,8.41,-62.29
2025-08-13T16:53:38.642496,109.0,-48.0,-165.0,60.0,26.0,-124.0,-19.0,-4.0,-203.0,-7.0,16.0,-130.0,81.76,-53.0,-149.7,33.33,19.22,-96.17,-16.38,-4.18,-174.7,-28.69,-10.59,-113.28999999999999
2025-08-13T16:53:38.650518,64.0,12.0,-168.0,0.0,-45.0,-143.0,-41.0,-29.0,-157.0,-82.0,67.0,-58.0,36.760000000000005,7.0,-152.7,-26.67,-51.78,-115.17,-38.38,-29.18,-128.7,-103.69,40.41,-41.29
2025-08-13T16:53:38.654889,-11.0,0.0,-92.0,-23.0,-8.0,-180.0,-84.0,-28.0,-113.0,18.0,-16.0,-162.0,-38.239999999999995,-5.0,-76.7,-49.67,-14.780000000000001,-152.17000000000002,-81.38,-28.18,-84.7,-3.6900000000000013,-42.59,-145.29
2025-08-13T16:53:38.662764,76.0,90.0,-71.0,105.0,3.0,-188.0,-80.0,-34.0,-160.0,-22.0,16.0,-185.0,48.760000000000005,85.0,-55.7,78.33,-3.7800000000000002,-160.17000000000002,-77.38,-34.18,-131.7,-43.69,-10.59,-168.29
2025-08-13T16:53:38.667321,-32.0,31.0,-180.0,-2.0,4.0,-143.0,-53.0,-38.0,-128.0,-32.0,6.0,-117.0,-59.239999999999995,26.0,-164.7,-28.67,-2.7800000000000002,-115.17,-50.38,-38.18,-99.7,-53.69,-20.59,-100.28999999999999
2025-08-13T16:53:38.675278,122.0,20.0,-108.0,-36.0,-29.0,-117.0,-33.0,-19.0,-114.0,-26.0,16.0,-64.0,94.76,15.0,-92.7,-62.67,-35.78,-89.17,-30.38,-19.18,-85.7,-47.69,-10.59,-47.29
2025-08-13T16:53:38.679676,86.0,75.0,-126.0,57.0,-13.0,-138.0,-21.0,-35.0,-75.0,-58.0,72.0,-117.0,58.760000000000005,70.0,-110.7,30.33,-19.78,-110.17,-18.38,-35.18,-46.7,-79.69,45.41,-100.28999999999999
2025-08-13T16:53:38.687580,93.0,-5.0,-170.0,53.0,20.0,-176.0,-81.0,-9.0,-34.0,-39.0,100.0,-130.0,65.76,-10.0,-154.7,26.33,13.219999999999999,-148.17000000000002,-78.38,-9.18,-5.699999999999999,-60.69,73.41,-113.28999999999999
2025-08-13T16:53:38.692029,48.0,57.0,-89.0,49.0,107.0,-119.0,-59.0,-18.0,-97.0,-28.0,-3.0,-187.0,20.76,52.0,-73.7,22.33,100.22,-91.17,-56.38,-18.18,-68.7,-49.69,-29.59,-170.29
2025-08-13T16:53:38.699783,49.0,74.0,-77.0,29.0,42.0,-164.0,-80.0,7.0,-128.0,42.0,55.0,-149.0,21.76,69.0,-61.7,2.3299999999999983,35.22,-136.17000000000002,-77.38,6.82,-99.7,20.31,28.41,-132.29
2025-08-13T16:53:38.704265,1.0,19.0,-111.0,65.0,-12.0,-189.0,-101.0,9.0,-144.0,5.0,72.0,-97.0,-26.24,14.0,-95.7,38.33,-18.78,-161.17000000000002,-98.38,8.82,-115.7,-16.69,45.41,-80.28999999999999
2025-08-13T16:53:38.712060,26.0,51.0,-120.0,27.0,-26.0,-170.0,-48.0,6.0,-96.0,-34.0,46.0,-150.0,-1.2399999999999984,46.0,-104.7,0.3299999999999983,-32.78,-142.17000000000002,-45.38,5.82,-67.7,-55.69,19.41,-133.29
2025-08-13T16:53:38.716810,90.0,33.0,-175.0,63.0,-83.0,-151.0,-50.0,-83.0,-163.0,-52.0,94.0,-73.0,62.760000000000005,28.0,-159.7,36.33,-89.78,-123.17,-47.38,-83.18,-134.7,-73.69,67.41,-56.29
2025-08-13T16:53:38.724434,94.0,32.0,-101.0,16.0,-15.0,-113.0,-55.0,13.0,-111.0,-25.0,66.0,-124.0,66.76,27.0,-85.7,-10.670000000000002,-21.78,-85.17,-52.38,12.82,-82.7,-46.69,39.41,-107.28999999999999
2025-08-13T16:53:38.732245,69.0,-37.0,-57.0,31.0,43.0,-166.0,-77.0,22.0,-178.0,54.0,58.0,-150.0,41.760000000000005,-42.0,-41.7,4.329999999999998,36.22,-138.17000000000002,-74.38,21.82,-149.7,32.31,31.41,-133.29
2025-08-13T16:53:38.736844,57.0,78.0,-94.0,-21.0,27.0,-114.0,-52.0,5.0,-146.0,28.0,30.0,-114.0,29.76,73.0,-78.7,-47.67,20.22,-86.17,-49.38,4.82,-117.7,6.309999999999999,3.41,-97.28999999999999
2025-08-13T16:53:38.744774,94.0,58.0,-119.0,49.0,13.0,-119.0,-44.0,-11.0,-100.0,-16.0,37.0,-175.0,66.76,53.0,-103.7,22.33,6.22,-91.17,-41.38,-11.18,-71.7,-37.69,10.41,-158.29
2025-08-13T16:53:38.749248,109.0,40.0,-136.0,25.0,-47.0,-129.0,-54.0,-37.0,-139.0,-67.0,33.0,-84.0,81.76,35.0,-120.7,-1.6700000000000017,-53.78,-101.17,-51.38,-37.18,-110.7,-88.69,6.41,-67.28999999999999
2025-08-13T16:53:38.757223,41.0,12.0,-178.0,34.0,-43.0,-112.0,2.0,-44.0,-109.0,-28.0,89.0,-168.0,13.760000000000002,7.0,-162.7,7.329999999999998,-49.78,-84.17,4.62,-44.18,-80.7,-49.69,62.41,-151.29
2025-08-13T16:53:38.761704,99.0,26.0,-31.0,70.0,-8.0,-130.0,-75.0,-29.0,-151.0,-69.0,92.0,-201.0,71.76,21.0,-15.7,43.33,-14.780000000000001,-102.17,-72.38,-29.18,-122.7,-90.69,65.41,-184.29
2025-08-13T16:53:38.769362,29.0,7.0,-66.0,-7.0,46.0,-154.0,-95.0,-64.0,-122.0,14.0,91.0,-121.0,1.7600000000000016,2.0,-50.7,-33.67,39.22,-126.17,-92.38,-64.18,-93.7,-7.690000000000001,64.41,-104.28999999999999
2025-08-13T16:53:38.773936,24.0,100.0,-55.0,63.0,0.0,-164.0,-55.0,2.0,-156.0,-34.0,106.0,-142.0,-3.2399999999999984,95.0,-39.7,36.33,-6.78,-136.17000000000002,-52.38,1.82,-127.7,-55.69,79.41,-125.28999999999999
2025-08-13T16:53:38.781858,-26.0,132.0,-144.0,75.0,-24.0,-152.0,-9.0,-2.0,-122.0,-15.0,38.0,-124.0,-53.239999999999995,127.0,-128.7,48.33,-30.78,-124.17,-6.38,-2.18,-93.7,-36.69,11.41,-107.28999999999999
2025-08-13T16:53:38.786262,78.0,37.0,-174.0,-13.0,17.0,-164.0,-54.0,1.0,-139.0,-68.0,52.0,-153.0,50.760000000000005,32.0,-158.7,-39.67,10.219999999999999,-136.17000000000002,-51.38,0.8200000000000001,-110.7,-89.69,25.41,-136.29
2025-08-13T16:53:38.794150,23.0,10.0,-156.0,-19.0,-7.0,-90.0,25.0,-118.0,-90.0,-25.0,49.0,-164.0,-4.239999999999998,5.0,-140.7,-45.67,-13.780000000000001,-62.17,27.62,-118.18,-61.7,-46.69,22.41,-147.29
2025-08-13T16:53:38.798696,89.0,55.0,-123.0,51.0,-2.0,-137.0,-8.0,-56.0,-138.0,-104.0,57.0,-58.0,61.760000000000005,50.0,-107.7,24.33,-8.780000000000001,-109.17,-5.38,-56.18,-109.7,-125.69,30.41,-41.29
2025-08-13T16:53:38.806604,-15.0,-24.0,-73.0,92.0,-8.0,-105.0,-85.0,2.0,-85.0,36.0,27.0,-118.0,-42.239999999999995,-29.0,-57.7,65.33,-14.780000000000001,-77.17,-82.38,1.82,-56.7,14.309999999999999,0.41000000000000014,-101.28999999999999
2025-08-13T16:53:38.812572,-48.0,96.0,-118.0,56.0,-39.0,-114.0,-37.0,-62.0,-155.0,-29.0,25.0,-155.0,-75.24,91.0,-102.7,29.33,-45.78,-86.17,-34.38,-62.18,-126.7,-50.69,-1.5899999999999999,-138.29
2025-08-13T16:53:38.818905,52.0,65.0,-129.0,73.0,-64.0,-113.0,-9.0,-13.0,-158.0,-72.0,87.0,-106.0,24.76,60.0,-113.7,46.33,-70.78,-85.17,-6.38,-13.18,-129.7,-93.69,60.41,-89.28999999999999
2025-08-13T16:53:38.826550,65.0,96.0,-174.0,-1.0,-21.0,-121.0,-47.0,-25.0,-127.0,-91.0,3.0,-107.0,37.760000000000005,91.0,-158.7,-27.67,-27.78,-93.17,-44.38,-25.18,-98.7,-112.69,-23.59,-90.28999999999999
2025-08-13T16:53:38.831021,51.0,28.0,-124.0,-14.0,-51.0,-179.0,-14.0,-11.0,-117.0,-76.0,80.0,-59.0,23.76,23.0,-108.7,-40.67,-57.78,-151.17000000000002,-11.379999999999999,-11.18,-88.7,-97.69,53.41,-42.29
2025-08-13T16:53:38.837157,50.0,2.0,-95.0,41.0,3.0,-198.0,-9.0,18.0,-159.0,-74.0,34.0,-113.0,22.76,-3.0,-79.7,14.329999999999998,-3.7800000000000002,-170.17000000000002,-6.38,17.82,-130.7,-95.69,7.41,-96.28999999999999
2025-08-13T16:53:38.843688,-2.0,-31.0,-130.0,30.0,-43.0,-115.0,1.0,-10.0,-140.0,47.0,57.0,-149.0,-29.24,-36.0,-114.7,3.3299999999999983,-49.78,-87.17,3.62,-10.18,-111.7,25.31,30.41,-132.29
2025-08-13T16:53:38.851036,89.0,1.0,-145.0,92.0,-37.0,-164.0,-7.0,-13.0,-158.0,9.0,35.0,-158.0,61.760000000000005,-4.0,-129.7,65.33,-43.78,-136.17000000000002,-4.38,-13.18,-129.7,-12.690000000000001,8.41,-141.29
2025-08-13T16:53:38.855772,27.0,68.0,-83.0,78.0,-19.0,-221.0,-40.0,-70.0,-137.0,48.0,-3.0,-90.0,-0.23999999999999844,63.0,-67.7,51.33,-25.78,-193.17000000000002,-37.38,-70.18,-108.7,26.31,-29.59,-73.28999999999999
2025-08-13T16:53:38.863358,65.0,73.0,-144.0,76.0,33.0,-166.0,4.0,-61.0,-108.0,-35.0,9.0,-31.0,37.760000000000005,68.0,-128.7,49.33,26.22,-138.17000000000002,6.62,-61.18,-79.7,-56.69,-17.59,-14.29
2025-08-13T16:53:38.868265,79.0,86.0,-205.0,27.0,-20.0,-143.0,-39.0,-83.0,-66.0,-102.0,60.0,-155.0,51.760000000000005,81.0,-189.7,0.3299999999999983,-26.78,-115.17,-36.38,-83.18,-37.7,-123.69,33.41,-138.29
2025-08-13T16:53:38.875993,36.0,60.0,-62.0,52.0,-46.0,-184.0,-44.0,-57.0,-109.0,-55.0,9.0,-115.0,8.760000000000002,55.0,-46.7,25.33,-52.78,-156.17000000000002,-41.38,-57.18,-80.7,-76.69,-17.59,-98.28999999999999
2025-08-13T16:53:38.880620,30.0,-5.0,-57.0,23.0,-56.0,-117.0,-56.0,-88.0,-97.0,5.0,34.0,-153.0,2.7600000000000016,-10.0,-41.7,-3.6700000000000017,-62.78,-89.17,-53.38,-88.18,-68.7,-16.69,7.41,-136.29
2025-08-13T16:53:38.888230,21.0,-11.0,-125.0,33.0,42.0,-113.0,-57.0,2.0,-133.0,-35.0,-47.0,-159.0,-6.239999999999998,-16.0,-109.7,6.329999999999998,35.22,-85.17,-54.38,1.82,-104.7,-56.69,-73.59,-142.29
2025-08-13T16:53:38.892954,46.0,90.0,-125.0,56.0,-17.0,-154.0,-7.0,-71.0,-161.0,-16.0,-36.0,-59.0,18.76,85.0,-109.7,29.33,-23.78,-126.17,-4.38,-71.18,-132.7,-37.69,-62.59,-42.29
2025-08-13T16:53:38.900502,82.0,66.0,-85.0,38.0,54.0,-164.0,-44.0,0.0,-96.0,-2.0,79.0,-128.0,54.760000000000005,61.0,-69.7,11.329999999999998,47.22,-136.17000000000002,-41.38,-0.18,-67.7,-23.69,52.41,-111.28999999999999
2025-08-13T16:53:38.905152,138.0,41.0,-191.0,101.0,-4.0,-165.0,4.0,-63.0,-153.0,-50.0,77.0,-120.0,110.76,36.0,-175.7,74.33,-10.780000000000001,-137.17000000000002,6.62,-63.18,-124.7,-71.69,50.41,-103.28999999999999
2025-08-13T16:53:38.912786,76.0,-31.0,-99.0,66.0,-18.0,-122.0,-39.0,5.0,-102.0,-52.0,111.0,-141.0,48.760000000000005,-36.0,-83.7,39.33,-24.78,-94.17,-36.38,4.82,-73.7,-73.69,84.41,-124.28999999999999
2025-08-13T16:53:38.917494,3.0,80.0,-128.0,-7.0,-5.0,-95.0,-110.0,29.0,-109.0,44.0,63.0,-120.0,-24.24,75.0,-112.7,-33.67,-11.780000000000001,-67.17,-107.38,28.82,-80.7,22.31,36.41,-103.28999999999999
2025-08-13T16:53:38.925047,15.0,28.0,-56.0,9.0,24.0,-120.0,-46.0,-21.0,-154.0,6.0,59.0,-95.0,-12.239999999999998,23.0,-40.7,-17.67,17.22,-92.17,-43.38,-21.18,-125.7,-15.690000000000001,32.41,-78.28999999999999
2025-08-13T16:53:38.930596,61.0,97.0,-122.0,43.0,48.0,-111.0,-90.0,-22.0,-133.0,-3.0,45.0,-134.0,33.760000000000005,92.0,-106.7,16.33,41.22,-83.17,-87.38,-22.18,-104.7,-24.69,18.41,-117.28999999999999
2025-08-13T16:53:38.937460,69.0,122.0,-53.0,24.0,-13.0,-145.0,-56.0,-6.0,-78.0,-52.0,30.0,-88.0,41.760000000000005,117.0,-37.7,-2.6700000000000017,-19.78,-117.17,-53.38,-6.18,-49.7,-73.69,3.41,-71.28999999999999
2025-08-13T16:53:38.942067,40.0,3.0,-194.0,37.0,-16.0,-133.0,-59.0,-144.0,-76.0,-53.0,66.0,-74.0,12.760000000000002,-2.0,-178.7,10.329999999999998,-22.78,-105.17,-56.38,-144.18,-47.7,-74.69,39.41,-57.29
2025-08-13T16:53:38.949696,87.0,-16.0,-91.0,24.0,32.0,-186.0,19.0,-49.0,-124.0,17.0,68.0,-91.0,59.760000000000005,-21.0,-75.7,-2.6700000000000017,25.22,-158.17000000000002,21.62,-49.18,-95.7,-4.690000000000001,41.41,-74.28999999999999
2025-08-13T16:53:38.954560,-41.0,30.0,-137.0,24.0,-48.0,-117.0,-10.0,-4.0,-167.0,-46.0,47.0,-144.0,-68.24,25.0,-121.7,-2.6700000000000017,-54.78,-89.17,-7.38,-4.18,-138.7,-67.69,20.41,-127.28999999999999
2025-08-13T16:53:38.962158,28.0,22.0,-82.0,63.0,-27.0,-196.0,-55.0,35.0,-64.0,-29.0,-8.0,-116.0,0.7600000000000016,17.0,-66.7,36.33,-33.78,-168.17000000000002,-52.38,34.82,-35.7,-50.69,-34.59,-99.28999999999999
2025-08-13T16:53:38.967612,11.0,88.0,-112.0,39.0,7.0,-196.0,-26.0,-135.0,-149.0,-17.0,-33.0,-85.0,-16.24,83.0,-96.7,12.329999999999998,0.21999999999999975,-168.17000000000002,-23.38,-135.18,-120.7,-38.69,-59.59,-68.28999999999999
2025-08-13T16:53:38.974159,89.0,88.0,-90.0,6.0,-56.0,-91.0,-34.0,-65.0,-20.0,-36.0,-25.0,-158.0,61.760000000000005,83.0,-74.7,-20.67,-62.78,-63.17,-31.38,-65.18,8.3,-57.69,-51.59,-141.29
2025-08-13T16:53:38.982348,55.0,6.0,-162.0,48.0,-45.0,-131.0,-55.0,-150.0,-107.0,-28.0,18.0,-142.0,27.76,1.0,-146.7,21.33,-51.78,-103.17,-52.38,-150.18,-78.7,-49.69,-8.59,-125.28999999999999
2025-08-13T16:53:38.986558,45.0,22.0,-39.0,68.0,-84.0,-122.0,-28.0,30.0,-54.0,-68.0,34.0,-183.0,17.76,17.0,-23.7,41.33,-90.78,-94.17,-25.38,29.82,-25.7,-89.69,7.41,-166.29
2025-08-13T16:53:38.994544,27.0,25.0,-140.0,135.0,-22.0,-131.0,-81.0,-18.0,-186.0,-8.0,-4.0,-126.0,-0.23999999999999844,20.0,-124.7,108.33,-28.78,-103.17,-78.38,-18.18,-157.7,-29.69,-30.59,-109.28999999999999
2025-08-13T16:53:39.000105,12.0,42.0,-154.0,64.0,-57.0,-95.0,-61.0,41.0,-101.0,-58.0,65.0,-68.0,-15.239999999999998,37.0,-138.7,37.33,-63.78,-67.17,-58.38,40.82,-72.7,-79.69,38.41,-51.29
2025-08-13T16:53:39.006755,21.0,12.0,-118.0,56.0,79.0,-177.0,-6.0,-60.0,-142.0,53.0,29.0,-90.0,-6.239999999999998,7.0,-102.7,29.33,72.22,-149.17000000000002,-3.38,-60.18,-113.7,31.31,2.41,-73.28999999999999
2025-08-13T16:53:39.012849,82.0,55.0,-154.0,64.0,-45.0,-138.0,-22.0,-57.0,-88.0,-20.0,31.0,-110.0,54.760000000000005,50.0,-138.7,37.33,-51.78,-110.17,-19.38,-57.18,-59.7,-41.69,4.41,-93.28999999999999
2025-08-13T16:53:39.019148,40.0,30.0,-137.0,30.0,-26.0,-174.0,-34.0,-55.0,-153.0,-53.0,75.0,-36.0,12.760000000000002,25.0,-121.7,3.3299999999999983,-32.78,-146.17000000000002,-31.38,-55.18,-124.7,-74.69,48.41,-19.29
2025-08-13T16:53:39.024068,110.0,13.0,-162.0,88.0,-33.0,-183.0,-68.0,-41.0,-181.0,-16.0,62.0,-116.0,82.76,8.0,-146.7,61.33,-39.78,-155.17000000000002,-65.38,-41.18,-152.7,-37.69,35.41,-99.28999999999999
2025-08-13T16:53:39.031431,6.0,69.0,-72.0,71.0,-42.0,-202.0,-42.0,4.0,-161.0,-35.0,15.0,-178.0,-21.24,64.0,-56.7,44.33,-48.78,-174.17000000000002,-39.38,3.82,-132.7,-56.69,-11.59,-161.29
2025-08-13T16:53:39.035905,27.0,47.0,-153.0,37.0,11.0,-118.0,-47.0,-8.0,-105.0,-35.0,24.0,-171.0,-0.23999999999999844,42.0,-137.7,10.329999999999998,4.22,-90.17,-44.38,-8.18,-76.7,-56.69,-2.59,-154.29
2025-08-13T16:53:39.043763,18.0,79.0,-131.0,93.0,-26.0,-118.0,38.0,-125.0,-64.0,49.0,-9.0,-138.0,-9.239999999999998,74.0,-115.7,66.33,-32.78,-90.17,40.62,-125.18,-35.7,27.31,-35.59,-121.28999999999999
2025-08-13T16:53:39.048431,89.0,75.0,-141.0,149.0,-42.0,-132.0,-38.0,26.0,-83.0,-49.0,37.0,-124.0,61.760000000000005,70.0,-125.7,122.33,-48.78,-104.17,-35.38,25.82,-54.7,-70.69,10.41,-107.28999999999999
2025-08-13T16:53:39.056130,55.0,-31.0,-123.0,46.0,54.0,-203.0,-90.0,-87.0,-99.0,-47.0,68.0,-138.0,27.76,-36.0,-107.7,19.33,47.22,-175.17000000000002,-87.38,-87.18,-70.7,-68.69,41.41,-121.28999999999999
2025-08-13T16:53:39.060347,72.0,-41.0,-101.0,41.0,-69.0,-158.0,-50.0,-16.0,-91.0,1.0,65.0,-146.0,44.760000000000005,-46.0,-85.7,14.329999999999998,-75.78,-130.17000000000002,-47.38,-16.18,-62.7,-20.69,38.41,-129.29
2025-08-13T16:53:39.068662,-11.0,35.0,-113.0,63.0,-69.0,-162.0,-11.0,-22.0,-123.0,44.0,-19.0,-145.0,-38.239999999999995,30.0,-97.7,36.33,-75.78,-134.17000000000002,-8.379999999999999,-22.18,-94.7,22.31,-45.59,-128.29
2025-08-13T16:53:39.076587,-14.0,12.0,-148.0,100.0,4.0,-141.0,-24.0,-104.0,-96.0,-1.0,63.0,-122.0,-41.239999999999995,7.0,-132.7,73.33,-2.7800000000000002,-113.17,-21.38,-104.18,-67.7,-22.69,36.41,-105.28999999999999
2025-08-13T16:53:39.080900,154.0,30.0,-137.0,122.0,1.0,-206.0,2.0,-58.0,-167.0,-76.0,-16.0,-144.0,126.76,25.0,-121.7,95.33,-5.78,-178.17000000000002,4.62,-58.18,-138.7,-97.69,-42.59,-127.28999999999999
2025-08-13T16:53:39.088950,51.0,4.0,-194.0,80.0,-110.0,-131.0,-3.0,-40.0,-150.0,16.0,54.0,-185.0,23.76,-1.0,-178.7,53.33,-116.78,-103.17,-0.3799999999999999,-40.18,-121.7,-5.690000000000001,27.41,-168.29
2025-08-13T16:53:39.093417,87.0,16.0,-86.0,90.0,16.0,-151.0,-16.0,-7.0,-155.0,-39.0,13.0,-126.0,59.760000000000005,11.0,-70.7,63.33,9.219999999999999,-123.17,-13.379999999999999,-7.18,-126.7,-60.69,-13.59,-109.28999999999999
2025-08-13T16:53:39.101257,86.0,-21.0,-178.0,85.0,4.0,-166.0,7.0,-43.0,-119.0,6.0,75.0,-156.0,58.760000000000005,-26.0,-162.7,58.33,-2.7800000000000002,-138.17000000000002,9.620000000000001,-43.18,-90.7,-15.690000000000001,48.41,-139.29
2025-08-13T16:53:39.105667,-20.0,108.0,-88.0,95.0,-62.0,-142.0,-38.0,-62.0,-161.0,-15.0,55.0,-159.0,-47.239999999999995,103.0,-72.7,68.33,-68.78,-114.17,-35.38,-62.18,-132.7,-36.69,28.41,-142.29
2025-08-13T16:53:39.113368,153.0,-1.0,-171.0,77.0,-57.0,-208.0,-62.0,-102.0,-169.0,6.0,48.0,-133.0,125.76,-6.0,-155.7,50.33,-63.78,-180.17000000000002,-59.38,-102.18,-140.7,-15.690000000000001,21.41,-116.28999999999999
2025-08-13T16:53:39.117860,132.0,104.0,-149.0,84.0,8.0,-147.0,-4.0,-139.0,-153.0,13.0,29.0,-216.0,104.76,99.0,-133.7,57.33,1.2199999999999998,-119.17,-1.38,-139.18,-124.7,-8.690000000000001,2.41,-199.29
2025-08-13T16:53:39.125771,103.0,39.0,-182.0,139.0,39.0,-143.0,-41.0,-20.0,-191.0,-33.0,45.0,-150.0,75.76,34.0,-166.7,112.33,32.22,-115.17,-38.38,-20.18,-162.7,-54.69,18.41,-133.29
2025-08-13T16:53:39.130131,124.0,18.0,-158.0,111.0,-46.0,-175.0,-40.0,-81.0,-224.0,7.0,31.0,-267.0,96.76,13.0,-142.7,84.33,-52.78,-147.17000000000002,-37.38,-81.18,-195.7,-14.690000000000001,4.41,-250.29
2025-08-13T16:53:39.138289,122.0,88.0,-176.0,113.0,-60.0,-172.0,24.0,-46.0,-178.0,-86.0,70.0,-214.0,94.76,83.0,-160.7,86.33,-66.78,-144.17000000000002,26.62,-46.18,-149.7,-107.69,43.41,-197.29
2025-08-13T16:53:39.146046,144.0,4.0,-262.0,185.0,19.0,-206.0,-40.0,-68.0,-232.0,-46.0,73.0,-200.0,116.76,-1.0,-246.7,158.32999999999998,12.219999999999999,-178.17000000000002,-37.38,-68.18,-203.7,-67.69,46.41,-183.29
2025-08-13T16:53:39.150546,177.0,73.0,-115.0,156.0,-33.0,-210.0,-84.0,-129.0,-264.0,-31.0,86.0,-199.0,149.76,68.0,-99.7,129.32999999999998,-39.78,-182.17000000000002,-81.38,-129.18,-235.7,-52.69,59.41,-182.29
2025-08-13T16:53:39.158928,82.0,87.0,-116.0,156.0,-19.0,-233.0,-73.0,-80.0,-193.0,-34.0,104.0,-284.0,54.760000000000005,82.0,-100.7,129.32999999999998,-25.78,-205.17000000000002,-70.38,-80.18,-164.7,-55.69,77.41,-267.29
2025-08-13T16:53:39.162920,160.0,70.0,-171.0,228.0,-88.0,-182.0,-139.0,-151.0,-237.0,-41.0,108.0,-215.0,132.76,65.0,-155.7,201.32999999999998,-94.78,-154.17000000000002,-136.38,-151.18,-208.7,-62.69,81.41,-198.29
2025-08-13T16:53:39.170848,249.0,93.0,-223.0,230.0,-18.0,-265.0,-66.0,-53.0,-279.0,-44.0,246.0,-223.0,221.76,88.0,-207.7,203.32999999999998,-24.78,-237.17000000000002,-63.38,-53.18,-250.7,-65.69,219.41,-206.29
2025-08-13T16:53:39.178914,200.0,2.0,-137.0,194.0,-109.0,-199.0,-54.0,-110.0,-289.0,-41.0,85.0,-309.0,172.76,-3.0,-121.7,167.32999999999998,-115.78,-171.17000000000002,-51.38,-110.18,-260.7,-62.69,58.41,-292.29
2025-08-13T16:53:39.183368,216.0,80.0,-208.0,257.0,-78.0,-227.0,-110.0,-136.0,-245.0,40.0,114.0,-279.0,188.76,75.0,-192.7,230.32999999999998,-84.78,-199.17000000000002,-107.38,-136.18,-216.7,18.31,87.41,-262.29
2025-08-13T16:53:39.191424,236.0,71.0,-194.0,156.0,-7.0,-190.0,-49.0,-111.0,-231.0,-103.0,164.0,-333.0,208.76,66.0,-178.7,129.32999999999998,-13.780000000000001,-162.17000000000002,-46.38,-111.18,-202.7,-124.69,137.41,-316.29
2025-08-13T16:53:39.196143,235.0,52.0,-92.0,226.0,-19.0,-255.0,-28.0,-128.0,-247.0,-32.0,193.0,-285.0,207.76,47.0,-76.7,199.32999999999998,-25.78,-227.17000000000002,-25.38,-128.18,-218.7,-53.69,166.41,-268.29
2025-08-13T16:53:39.204021,296.0,119.0,-265.0,304.0,-61.0,-174.0,-37.0,-110.0,-332.0,-21.0,120.0,-266.0,268.76,114.0,-249.7,277.33,-67.78,-146.17000000000002,-34.38,-110.18,-303.7,-42.69,93.41,-249.29
2025-08-13T16:53:39.211661,320.0,148.0,-222.0,256.0,-57.0,-220.0,-97.0,-103.0,-282.0,-40.0,180.0,-302.0,292.76,143.0,-206.7,229.32999999999998,-63.78,-192.17000000000002,-94.38,-103.18,-253.7,-61.69,153.41,-285.29
2025-08-13T16:53:39.216360,317.0,66.0,-174.0,307.0,-76.0,-154.0,-44.0,-163.0,-325.0,-1.0,118.0,-367.0,289.76,61.0,-158.7,280.33,-82.78,-126.17,-41.38,-163.18,-296.7,-22.69,91.41,-350.29
2025-08-13T16:53:39.224124,280.0,114.0,-219.0,346.0,-10.0,-157.0,-12.0,-87.0,-302.0,-22.0,126.0,-326.0,252.76,109.0,-203.7,319.33,-16.78,-129.17000000000002,-9.379999999999999,-87.18,-273.7,-43.69,99.41,-309.29
2025-08-13T16:53:39.228877,353.0,47.0,-208.0,273.0,-44.0,-225.0,-1.0,-157.0,-359.0,-55.0,230.0,-372.0,325.76,42.0,-192.7,246.32999999999998,-50.78,-197.17000000000002,1.62,-157.18,-330.7,-76.69,203.41,-355.29
2025-08-13T16:53:39.238261,333.0,155.0,-202.0,382.0,-42.0,-203.0,-84.0,-243.0,-334.0,-17.0,180.0,-415.0,305.76,150.0,-186.7,355.33,-48.78,-175.17000000000002,-81.38,-243.18,-305.7,-38.69,153.41,-398.29
2025-08-13T16:53:39.245581,316.0,106.0,-233.0,311.0,-64.0,-223.0,-98.0,-140.0,-351.0,-118.0,185.0,-350.0,288.76,101.0,-217.7,284.33,-70.78,-195.17000000000002,-95.38,-140.18,-322.7,-139.69,158.41,-333.29
2025-08-13T16:53:39.255332,367.0,141.0,-202.0,339.0,-22.0,-185.0,-41.0,-110.0,-373.0,-59.0,176.0,-433.0,339.76,136.0,-186.7,312.33,-28.78,-157.17000000000002,-38.38,-110.18,-344.7,-80.69,149.41,-416.29
2025-08-13T16:53:39.261744,339.0,122.0,-220.0,361.0,35.0,-238.0,-67.0,-132.0,-364.0,-71.0,207.0,-428.0,311.76,117.0,-204.7,334.33,28.22,-210.17000000000002,-64.38,-132.18,-335.7,-92.69,180.41,-411.29
2025-08-13T16:53:39.266493,306.0,53.0,-143.0,339.0,-60.0,-225.0,-106.0,-171.0,-322.0,-11.0,162.0,-398.0,278.76,48.0,-127.7,312.33,-66.78,-197.17000000000002,-103.38,-171.18,-293.7,-32.69,135.41,-381.29
2025-08-13T16:53:39.270315,383.0,144.0,-217.0,292.0,-18.0,-249.0,-9.0,-126.0,-337.0,-67.0,217.0,-351.0,355.76,139.0,-201.7,265.33,-24.78,-221.17000000000002,-6.38,-126.18,-308.7,-88.69,190.41,-334.29
2025-08-13T16:53:39.277037,294.0,123.0,-138.0,396.0,-65.0,-214.0,-63.0,-205.0,-372.0,-15.0,229.0,-362.0,266.76,118.0,-122.7,369.33,-71.78,-186.17000000000002,-60.38,-205.18,-343.7,-36.69,202.41,-345.29
2025-08-13T16:53:39.281484,288.0,58.0,-140.0,290.0,-72.0,-240.0,-82.0,-203.0,-289.0,-92.0,143.0,-386.0,260.76,53.0,-124.7,263.33,-78.78,-212.17000000000002,-79.38,-203.18,-260.7,-113.69,116.41,-369.29
2025-08-13T16:53:39.289585,338.0,133.0,-242.0,282.0,-58.0,-233.0,-31.0,-120.0,-374.0,-28.0,151.0,-409.0,310.76,128.0,-226.7,255.32999999999998,-64.78,-205.17000000000002,-28.38,-120.18,-345.7,-49.69,124.41,-392.29
2025-08-13T16:53:39.293818,338.0,33.0,-223.0,378.0,-80.0,-262.0,-103.0,-167.0,-275.0,-31.0,178.0,-399.0,310.76,28.0,-207.7,351.33,-86.78,-234.17000000000002,-100.38,-167.18,-246.7,-52.69,151.41,-382.29
2025-08-13T16:53:39.301798,336.0,79.0,-227.0,351.0,-86.0,-227.0,-38.0,-111.0,-386.0,-115.0,216.0,-378.0,308.76,74.0,-211.7,324.33,-92.78,-199.17000000000002,-35.38,-111.18,-357.7,-136.69,189.41,-361.29
2025-08-13T16:53:39.310031,320.0,127.0,-306.0,404.0,-33.0,-261.0,-24.0,-205.0,-320.0,-83.0,173.0,-365.0,292.76,122.0,-290.7,377.33,-39.78,-233.17000000000002,-21.38,-205.18,-291.7,-104.69,146.41,-348.29
2025-08-13T16:53:39.314169,310.0,88.0,-175.0,354.0,-29.0,-246.0,-128.0,-180.0,-366.0,-53.0,179.0,-438.0,282.76,83.0,-159.7,327.33,-35.78,-218.17000000000002,-125.38,-180.18,-337.7,-74.69,152.41,-421.29
2025-08-13T16:53:39.322299,328.0,117.0,-237.0,348.0,-65.0,-246.0,-126.0,-155.0,-313.0,-118.0,124.0,-344.0,300.76,112.0,-221.7,321.33,-71.78,-218.17000000000002,-123.38,-155.18,-284.7,-139.69,97.41,-327.29
2025-08-13T16:53:39.326634,354.0,98.0,-286.0,319.0,-88.0,-220.0,-62.0,-253.0,-344.0,-101.0,170.0,-458.0,326.76,93.0,-270.7,292.33,-94.78,-192.17000000000002,-59.38,-253.18,-315.7,-122.69,143.41,-441.29
2025-08-13T16:53:39.334595,310.0,92.0,-184.0,380.0,-104.0,-219.0,-105.0,-149.0,-394.0,-77.0,119.0,-396.0,282.76,87.0,-168.7,353.33,-110.78,-191.17000000000002,-102.38,-149.18,-365.7,-98.69,92.41,-379.29
2025-08-13T16:53:39.342747,256.0,105.0,-162.0,289.0,-30.0,-237.0,-38.0,-164.0,-284.0,-51.0,168.0,-332.0,228.76,100.0,-146.7,262.33,-36.78,-209.17000000000002,-35.38,-164.18,-255.7,-72.69,141.41,-315.29
2025-08-13T16:53:39.347023,329.0,100.0,-266.0,292.0,-84.0,-200.0,-94.0,-226.0,-386.0,-23.0,178.0,-425.0,301.76,95.0,-250.7,265.33,-90.78,-172.17000000000002,-91.38,-226.18,-357.7,-44.69,151.41,-408.29
2025-08-13T16:53:39.355165,287.0,124.0,-257.0,420.0,-75.0,-183.0,-49.0,-202.0,-391.0,-117.0,155.0,-369.0,259.76,119.0,-241.7,393.33,-81.78,-155.17000000000002,-46.38,-202.18,-362.7,-138.69,128.41,-352.29
2025-08-13T16:53:39.363251,258.0,133.0,-184.0,347.0,-31.0,-219.0,-115.0,-210.0,-302.0,-80.0,194.0,-420.0,230.76,128.0,-168.7,320.33,-37.78,-191.17000000000002,-112.38,-210.18,-273.7,-101.69,167.41,-403.29
2025-08-13T16:53:39.367659,329.0,111.0,-240.0,341.0,-90.0,-207.0,-124.0,-165.0,-372.0,-36.0,168.0,-395.0,301.76,106.0,-224.7,314.33,-96.78,-179.17000000000002,-121.38,-165.18,-343.7,-57.69,141.41,-378.29
2025-08-13T16:53:39.375676,326.0,74.0,-196.0,258.0,-73.0,-233.0,-128.0,-206.0,-379.0,-64.0,157.0,-362.0,298.76,69.0,-180.7,231.32999999999998,-79.78,-205.17000000000002,-125.38,-206.18,-350.7,-85.69,130.41,-345.29
2025-08-13T16:53:39.379992,268.0,161.0,-221.0,381.0,-80.0,-237.0,-34.0,-118.0,-324.0,-94.0,195.0,-315.0,240.76,156.0,-205.7,354.33,-86.78,-209.17000000000002,-31.38,-118.18,-295.7,-115.69,168.41,-298.29
2025-08-13T16:53:39.389676,328.0,46.0,-240.0,331.0,-106.0,-208.0,-54.0,-262.0,-420.0,-87.0,148.0,-383.0,300.76,41.0,-224.7,304.33,-112.78,-180.17000000000002,-51.38,-262.18,-391.7,-108.69,121.41,-366.29
2025-08-13T16:53:39.395892,374.0,58.0,-223.0,328.0,-94.0,-280.0,-97.0,-195.0,-388.0,-108.0,125.0,-340.0,346.76,53.0,-207.7,301.33,-100.78,-252.17000000000002,-94.38,-195.18,-359.7,-129.69,98.41,-323.29
2025-08-13T16:53:39.402524,336.0,101.0,-215.0,336.0,-91.0,-219.0,-137.0,-158.0,-326.0,-35.0,195.0,-371.0,308.76,96.0,-199.7,309.33,-97.78,-191.17000000000002,-134.38,-158.18,-297.7,-56.69,168.41,-354.29
2025-08-13T16:53:39.408218,334.0,135.0,-199.0,332.0,-6.0,-217.0,-53.0,-180.0,-393.0,-115.0,237.0,-416.0,306.76,130.0,-183.7,305.33,-12.780000000000001,-189.17000000000002,-50.38,-180.18,-364.7,-136.69,210.41,-399.29
2025-08-13T16:53:39.415963,341.0,74.0,-152.0,257.0,-2.0,-232.0,-57.0,-218.0,-315.0,-28.0,189.0,-405.0,313.76,69.0,-136.7,230.32999999999998,-8.780000000000001,-204.17000000000002,-54.38,-218.18,-286.7,-49.69,162.41,-388.29
2025-08-13T16:53:39.420671,309.0,180.0,-218.0,332.0,-10.0,-245.0,-101.0,-122.0,-325.0,-55.0,255.0,-380.0,281.76,175.0,-202.7,305.33,-16.78,-217.17000000000002,-98.38,-122.18,-296.7,-76.69,228.41,-363.29
2025-08-13T16:53:39.428739,277.0,64.0,-201.0,323.0,1.0,-260.0,-58.0,-191.0,-355.0,-47.0,175.0,-363.0,249.76,59.0,-185.7,296.33,-5.78,-232.17000000000002,-55.38,-191.18,-326.7,-68.69,148.41,-346.29
2025-08-13T16:53:39.433078,300.0,51.0,-245.0,341.0,-57.0,-251.0,-54.0,-179.0,-373.0,-131.0,174.0,-360.0,272.76,46.0,-229.7,314.33,-63.78,-223.17000000000002,-51.38,-179.18,-344.7,-152.69,147.41,-343.29
2025-08-13T16:53:39.441232,329.0,158.0,-261.0,350.0,-71.0,-222.0,-89.0,-159.0,-375.0,-51.0,138.0,-420.0,301.76,153.0,-245.7,323.33,-77.78,-194.17000000000002,-86.38,-159.18,-346.7,-72.69,111.41,-403.29
2025-08-13T16:53:39.445548,372.0,86.0,-199.0,227.0,-35.0,-307.0,-12.0,-163.0,-352.0,-64.0,174.0,-365.0,344.76,81.0,-183.7,200.32999999999998,-41.78,-279.17,-9.379999999999999,-163.18,-323.7,-85.69,147.41,-348.29
2025-08-13T16:53:39.453568,323.0,-9.0,-211.0,323.0,-14.0,-229.0,-108.0,-241.0,-323.0,-66.0,194.0,-363.0,295.76,-14.0,-195.7,296.33,-20.78,-201.17000000000002,-105.38,-241.18,-294.7,-87.69,167.41,-346.29
2025-08-13T16:53:39.461507,350.0,120.0,-197.0,325.0,-53.0,-264.0,-100.0,-111.0,-387.0,-61.0,205.0,-388.0,322.76,115.0,-181.7,298.33,-59.78,-236.17000000000002,-97.38,-111.18,-358.7,-82.69,178.41,-371.29
2025-08-13T16:53:39.465890,382.0,140.0,-191.0,324.0,-45.0,-224.0,-70.0,-217.0,-351.0,-31.0,251.0,-374.0,354.76,135.0,-175.7,297.33,-51.78,-196.17000000000002,-67.38,-217.18,-322.7,-52.69,224.41,-357.29
2025-08-13T16:53:39.473816,353.0,15.0,-177.0,351.0,-87.0,-162.0,-54.0,-220.0,-373.0,6.0,181.0,-351.0,325.76,10.0,-161.7,324.33,-93.78,-134.17000000000002,-51.38,-220.18,-344.7,-15.690000000000001,154.41,-334.29
2025-08-13T16:53:39.478288,303.0,157.0,-239.0,322.0,-68.0,-226.0,-92.0,-157.0,-368.0,-84.0,198.0,-392.0,275.76,152.0,-223.7,295.33,-74.78,-198.17000000000002,-89.38,-157.18,-339.7,-105.69,171.41,-375.29
2025-08-13T16:53:39.486320,306.0,50.0,-210.0,317.0,-83.0,-216.0,-77.0,-97.0,-405.0,-83.0,196.0,-385.0,278.76,45.0,-194.7,290.33,-89.78,-188.17000000000002,-74.38,-97.18,-376.7,-104.69,169.41,-368.29
2025-08-13T16:53:39.494070,293.0,91.0,-247.0,300.0,-67.0,-219.0,-36.0,-173.0,-409.0,-6.0,182.0,-340.0,265.76,86.0,-231.7,273.33,-73.78,-191.17000000000002,-33.38,-173.18,-380.7,-27.69,155.41,-323.29
2025-08-13T16:53:39.498592,216.0,123.0,-212.0,286.0,-54.0,-258.0,-49.0,-121.0,-351.0,-107.0,195.0,-355.0,188.76,118.0,-196.7,259.33,-60.78,-230.17000000000002,-46.38,-121.18,-322.7,-128.69,168.41,-338.29
2025-08-13T16:53:39.507136,341.0,56.0,-241.0,319.0,-87.0,-264.0,-74.0,-225.0,-332.0,-23.0,217.0,-345.0,313.76,51.0,-225.7,292.33,-93.78,-236.17000000000002,-71.38,-225.18,-303.7,-44.69,190.41,-328.29
2025-08-13T16:53:39.510997,324.0,112.0,-223.0,304.0,-132.0,-244.0,-115.0,-158.0,-371.0,-39.0,187.0,-349.0,296.76,107.0,-207.7,277.33,-138.78,-216.17000000000002,-112.38,-158.18,-342.7,-60.69,160.41,-332.29
2025-08-13T16:53:39.519874,271.0,131.0,-238.0,344.0,-44.0,-243.0,-54.0,-161.0,-311.0,-44.0,289.0,-385.0,243.76,126.0,-222.7,317.33,-50.78,-215.17000000000002,-51.38,-161.18,-282.7,-65.69,262.41,-368.29
2025-08-13T16:53:39.527113,334.0,102.0,-251.0,315.0,-4.0,-270.0,-68.0,-247.0,-327.0,-22.0,170.0,-370.0,306.76,97.0,-235.7,288.33,-10.780000000000001,-242.17000000000002,-65.38,-247.18,-298.7,-43.69,143.41,-353.29
2025-08-13T16:53:39.532089,344.0,86.0,-185.0,323.0,-58.0,-231.0,-24.0,-208.0,-307.0,-57.0,175.0,-333.0,316.76,81.0,-169.7,296.33,-64.78,-203.17000000000002,-21.38,-208.18,-278.7,-78.69,148.41,-316.29
2025-08-13T16:53:39.539552,292.0,123.0,-221.0,318.0,-66.0,-215.0,-32.0,-153.0,-349.0,-64.0,201.0,-373.0,264.76,118.0,-205.7,291.33,-72.78,-187.17000000000002,-29.38,-153.18,-320.7,-85.69,174.41,-356.29
2025-08-13T16:53:39.544704,289.0,80.0,-278.0,374.0,-41.0,-216.0,-98.0,-183.0,-396.0,-57.0,210.0,-384.0,261.76,75.0,-262.7,347.33,-47.78,-188.17000000000002,-95.38,-183.18,-367.7,-78.69,183.41,-367.29
2025-08-13T16:53:39.551795,337.0,69.0,-186.0,333.0,-44.0,-243.0,-135.0,-168.0,-410.0,-74.0,147.0,-365.0,309.76,64.0,-170.7,306.33,-50.78,-215.17000000000002,-132.38,-168.18,-381.7,-95.69,120.41,-348.29
2025-08-13T16:53:39.560936,292.0,143.0,-242.0,331.0,-44.0,-230.0,-67.0,-128.0,-397.0,-85.0,166.0,-390.0,264.76,138.0,-226.7,304.33,-50.78,-202.17000000000002,-64.38,-128.18,-368.7,-106.69,139.41,-373.29
2025-08-13T16:53:39.564098,409.0,112.0,-253.0,259.0,-93.0,-259.0,-71.0,-196.0,-364.0,-54.0,135.0,-325.0,381.76,107.0,-237.7,232.32999999999998,-99.78,-231.17000000000002,-68.38,-196.18,-335.7,-75.69,108.41,-308.29
2025-08-13T16:53:39.572150,348.0,84.0,-208.0,339.0,-53.0,-260.0,-91.0,-206.0,-356.0,-31.0,150.0,-372.0,320.76,79.0,-192.7,312.33,-59.78,-232.17000000000002,-88.38,-206.18,-327.7,-52.69,123.41,-355.29
2025-08-13T16:53:39.576768,238.0,126.0,-199.0,338.0,-79.0,-226.0,10.0,-244.0,-299.0,-94.0,193.0,-355.0,210.76,121.0,-183.7,311.33,-85.78,-198.17000000000002,12.620000000000001,-244.18,-270.7,-115.69,166.41,-338.29
2025-08-13T16:53:39.584734,294.0,25.0,-242.0,332.0,-116.0,-202.0,-154.0,-166.0,-311.0,-85.0,182.0,-433.0,266.76,20.0,-226.7,305.33,-122.78,-174.17000000000002,-151.38,-166.18,-282.7,-106.69,155.41,-416.29
2025-08-13T16:53:39.592600,291.0,111.0,-219.0,325.0,-27.0,-260.0,-113.0,-177.0,-361.0,-62.0,152.0,-349.0,263.76,106.0,-203.7,298.33,-33.78,-232.17000000000002,-110.38,-177.18,-332.7,-83.69,125.41,-332.29
2025-08-13T16:53:39.597121,341.0,88.0,-297.0,291.0,-86.0,-246.0,-114.0,-131.0,-304.0,-113.0,175.0,-362.0,313.76,83.0,-281.7,264.33,-92.78,-218.17000000000002,-111.38,-131.18,-275.7,-134.69,148.41,-345.29
2025-08-13T16:53:39.605386,306.0,66.0,-219.0,307.0,-40.0,-230.0,-103.0,-163.0,-424.0,-34.0,134.0,-321.0,278.76,61.0,-203.7,280.33,-46.78,-202.17000000000002,-100.38,-163.18,-395.7,-55.69,107.41,-304.29
2025-08-13T16:53:39.613188,292.0,94.0,-209.0,262.0,-88.0,-233.0,-44.0,-184.0,-274.0,-62.0,111.0,-370.0,264.76,89.0,-193.7,235.32999999999998,-94.78,-205.17000000000002,-41.38,-184.18,-245.7,-83.69,84.41,-353.29
2025-08-13T16:53:39.617393,236.0,114.0,-294.0,306.0,-84.0,-277.0,-86.0,-137.0,-291.0,-28.0,159.0,-366.0,208.76,109.0,-278.7,279.33,-90.78,-249.17000000000002,-83.38,-137.18,-262.7,-49.69,132.41,-349.29
2025-08-13T16:53:39.625369,326.0,82.0,-281.0,299.0,-63.0,-219.0,-91.0,-152.0,-336.0,-56.0,141.0,-365.0,298.76,77.0,-265.7,272.33,-69.78,-191.17000000000002,-88.38,-152.18,-307.7,-77.69,114.41,-348.29
2025-08-13T16:53:39.629889,318.0,34.0,-256.0,254.0,-79.0,-174.0,-62.0,-184.0,-311.0,-69.0,180.0,-338.0,290.76,29.0,-240.7,227.32999999999998,-85.78,-146.17000000000002,-59.38,-184.18,-282.7,-90.69,153.41,-321.29
2025-08-13T16:53:39.637851,313.0,98.0,-258.0,318.0,-61.0,-229.0,-43.0,-184.0,-368.0,-71.0,211.0,-409.0,285.76,93.0,-242.7,291.33,-67.78,-201.17000000000002,-40.38,-184.18,-339.7,-92.69,184.41,-392.29
2025-08-13T16:53:39.645772,330.0,49.0,-256.0,321.0,-17.0,-242.0,-68.0,-169.0,-366.0,-76.0,198.0,-352.0,302.76,44.0,-240.7,294.33,-23.78,-214.17000000000002,-65.38,-169.18,-337.7,-97.69,171.41,-335.29
2025-08-13T16:53:39.650295,315.0,89.0,-232.0,333.0,-18.0,-252.0,-116.0,-174.0,-344.0,-82.0,211.0,-347.0,287.76,84.0,-216.7,306.33,-24.78,-224.17000000000002,-113.38,-174.18,-315.7,-103.69,184.41,-330.29
2025-08-13T16:53:39.659077,313.0,81.0,-203.0,346.0,6.0,-251.0,-97.0,-138.0,-341.0,-134.0,205.0,-394.0,285.76,76.0,-187.7,319.33,-0.7800000000000002,-223.17000000000002,-94.38,-138.18,-312.7,-155.69,178.41,-377.29
2025-08-13T16:53:39.662715,230.0,102.0,-240.0,371.0,-82.0,-247.0,-59.0,-173.0,-395.0,-81.0,190.0,-382.0,202.76,97.0,-224.7,344.33,-88.78,-219.17000000000002,-56.38,-173.18,-366.7,-102.69,163.41,-365.29
2025-08-13T16:53:39.670726,340.0,100.0,-292.0,343.0,-25.0,-230.0,-9.0,-208.0,-342.0,-77.0,188.0,-410.0,312.76,95.0,-276.7,316.33,-31.78,-202.17000000000002,-6.38,-208.18,-313.7,-98.69,161.41,-393.29
2025-08-13T16:53:39.678347,278.0,56.0,-263.0,277.0,-88.0,-235.0,-48.0,-114.0,-344.0,-56.0,146.0,-400.0,250.76,51.0,-247.7,250.32999999999998,-94.78,-207.17000000000002,-45.38,-114.18,-315.7,-77.69,119.41,-383.29
2025-08-13T16:53:39.682878,355.0,53.0,-254.0,344.0,-3.0,-275.0,-8.0,-166.0,-392.0,-29.0,163.0,-376.0,327.76,48.0,-238.7,317.33,-9.780000000000001,-247.17000000000002,-5.38,-166.18,-363.7,-50.69,136.41,-359.29
2025-08-13T16:53:39.691586,284.0,39.0,-177.0,344.0,-96.0,-218.0,-95.0,-160.0,-304.0,-185.0,173.0,-368.0,256.76,34.0,-161.7,317.33,-102.78,-190.17000000000002,-92.38,-160.18,-275.7,-206.69,146.41,-351.29
2025-08-13T16:53:39.695968,290.0,54.0,-227.0,285.0,-65.0,-219.0,-105.0,-210.0,-360.0,-10.0,191.0,-448.0,262.76,49.0,-211.7,258.33,-71.78,-191.17000000000002,-102.38,-210.18,-331.7,-31.69,164.41,-431.29
2025-08-13T16:53:39.704015,336.0,132.0,-211.0,324.0,-56.0,-204.0,-82.0,-156.0,-368.0,-94.0,81.0,-314.0,308.76,127.0,-195.7,297.33,-62.78,-176.17000000000002,-79.38,-156.18,-339.7,-115.69,54.41,-297.29
2025-08-13T16:53:39.711242,282.0,22.0,-215.0,285.0,-61.0,-187.0,-28.0,-254.0,-373.0,-57.0,220.0,-405.0,254.76,17.0,-199.7,258.33,-67.78,-159.17000000000002,-25.38,-254.18,-344.7,-78.69,193.41,-388.29
2025-08-13T16:53:39.715708,340.0,95.0,-194.0,267.0,-122.0,-247.0,-86.0,-125.0,-309.0,-28.0,169.0,-364.0,312.76,90.0,-178.7,240.32999999999998,-128.78,-219.17000000000002,-83.38,-125.18,-280.7,-49.69,142.41,-347.29
2025-08-13T16:53:39.723659,327.0,98.0,-256.0,294.0,-127.0,-190.0,-17.0,-205.0,-355.0,37.0,240.0,-322.0,299.76,93.0,-240.7,267.33,-133.78,-162.17000000000002,-14.379999999999999,-205.18,-326.7,15.309999999999999,213.41,-305.29
2025-08-13T16:53:39.728040,332.0,52.0,-215.0,285.0,-61.0,-169.0,-99.0,-221.0,-330.0,-98.0,188.0,-381.0,304.76,47.0,-199.7,258.33,-67.78,-141.17000000000002,-96.38,-221.18,-301.7,-119.69,161.41,-364.29
2025-08-13T16:53:39.736256,360.0,129.0,-239.0,308.0,-38.0,-253.0,-41.0,-166.0,-338.0,-23.0,235.0,-377.0,332.76,124.0,-223.7,281.33,-44.78,-225.17000000000002,-38.38,-166.18,-309.7,-44.69,208.41,-360.29
2025-08-13T16:53:39.740723,381.0,74.0,-235.0,293.0,-51.0,-252.0,-37.0,-228.0,-337.0,-10.0,82.0,-328.0,353.76,69.0,-219.7,266.33,-57.78,-224.17000000000002,-34.38,-228.18,-308.7,-31.69,55.41,-311.29
2025-08-13T16:53:39.748328,293.0,36.0,-184.0,345.0,-54.0,-192.0,-62.0,-155.0,-382.0,-106.0,155.0,-367.0,265.76,31.0,-168.7,318.33,-60.78,-164.17000000000002,-59.38,-155.18,-353.7,-127.69,128.41,-350.29
2025-08-13T16:53:39.756686,240.0,80.0,-227.0,321.0,-105.0,-208.0,-111.0,-198.0,-324.0,-100.0,168.0,-465.0,212.76,75.0,-211.7,294.33,-111.78,-180.17000000000002,-108.38,-198.18,-295.7,-121.69,141.41,-448.29
2025-08-13T16:53:39.760955,358.0,137.0,-227.0,287.0,-9.0,-242.0,-60.0,-139.0,-363.0,-7.0,192.0,-399.0,330.76,132.0,-211.7,260.33,-15.780000000000001,-214.17000000000002,-57.38,-139.18,-334.7,-28.69,165.41,-382.29
2025-08-13T16:53:39.768911,325.0,13.0,-215.0,286.0,-38.0,-224.0,-94.0,-204.0,-351.0,-41.0,198.0,-362.0,297.76,8.0,-199.7,259.33,-44.78,-196.17000000000002,-91.38,-204.18,-322.7,-62.69,171.41,-345.29
2025-08-13T16:53:39.776871,321.0,97.0,-227.0,317.0,-18.0,-258.0,-78.0,-167.0,-373.0,-50.0,158.0,-382.0,293.76,92.0,-211.7,290.33,-24.78,-230.17000000000002,-75.38,-167.18,-344.7,-71.69,131.41,-365.29
2025-08-13T16:53:39.781609,286.0,93.0,-249.0,342.0,-109.0,-234.0,-4.0,-198.0,-418.0,-11.0,161.0,-410.0,258.76,88.0,-233.7,315.33,-115.78,-206.17000000000002,-1.38,-198.18,-389.7,-32.69,134.41,-393.29
2025-08-13T16:53:39.789306,294.0,97.0,-163.0,372.0,-31.0,-258.0,-102.0,-206.0,-417.0,6.0,198.0,-382.0,266.76,92.0,-147.7,345.33,-37.78,-230.17000000000002,-99.38,-206.18,-388.7,-15.690000000000001,171.41,-365.29
2025-08-13T16:53:39.793914,309.0,43.0,-236.0,322.0,-86.0,-281.0,-127.0,-138.0,-368.0,-99.0,207.0,-369.0,281.76,38.0,-220.7,295.33,-92.78,-253.17000000000002,-124.38,-138.18,-339.7,-120.69,180.41,-352.29
2025-08-13T16:53:39.801968,353.0,102.0,-205.0,300.0,-60.0,-219.0,-55.0,-143.0,-335.0,-45.0,149.0,-353.0,325.76,97.0,-189.7,273.33,-66.78,-191.17000000000002,-52.38,-143.18,-306.7,-66.69,122.41,-336.29
2025-08-13T16:53:39.809652,331.0,93.0,-252.0,293.0,-24.0,-199.0,-121.0,-182.0,-385.0,-29.0,193.0,-306.0,303.76,88.0,-236.7,266.33,-30.78,-171.17000000000002,-118.38,-182.18,-356.7,-50.69,166.41,-289.29
2025-08-13T16:53:39.814200,286.0,83.0,-177.0,340.0,-74.0,-250.0,-41.0,-119.0,-332.0,-26.0,181.0,-365.0,258.76,78.0,-161.7,313.33,-80.78,-222.17000000000002,-38.38,-119.18,-303.7,-47.69,154.41,-348.29
2025-08-13T16:53:39.822105,270.0,150.0,-267.0,308.0,-68.0,-245.0,-119.0,-187.0,-335.0,-11.0,200.0,-388.0,242.76,145.0,-251.7,281.33,-74.78,-217.17000000000002,-116.38,-187.18,-306.7,-32.69,173.41,-371.29
2025-08-13T16:53:39.826796,321.0,112.0,-273.0,301.0,-48.0,-267.0,-5.0,-175.0,-326.0,-106.0,184.0,-423.0,293.76,107.0,-257.7,274.33,-54.78,-239.17000000000002,-2.38,-175.18,-297.7,-127.69,157.41,-406.29
2025-08-13T16:53:39.836079,306.0,88.0,-189.0,349.0,-70.0,-220.0,-97.0,-136.0,-343.0,-45.0,208.0,-340.0,278.76,83.0,-173.7,322.33,-76.78,-192.17000000000002,-94.38,-136.18,-314.7,-66.69,181.41,-323.29
2025-08-13T16:53:39.842659,295.0,125.0,-212.0,291.0,-122.0,-238.0,-76.0,-193.0,-321.0,-105.0,156.0,-395.0,267.76,120.0,-196.7,264.33,-128.78,-210.17000000000002,-73.38,-193.18,-292.7,-126.69,129.41,-378.29
2025-08-13T16:53:39.847535,365.0,47.0,-216.0,372.0,-24.0,-218.0,-106.0,-216.0,-364.0,-79.0,196.0,-422.0,337.76,42.0,-200.7,345.33,-30.78,-190.17000000000002,-103.38,-216.18,-335.7,-100.69,169.41,-405.29
2025-08-13T16:53:39.855392,296.0,74.0,-224.0,314.0,-40.0,-212.0,-76.0,-249.0,-302.0,-9.0,220.0,-437.0,268.76,69.0,-208.7,287.33,-46.78,-184.17000000000002,-73.38,-249.18,-273.7,-30.69,193.41,-420.29
2025-08-13T16:53:39.861590,256.0,136.0,-215.0,315.0,-74.0,-339.0,-20.0,-216.0,-366.0,-57.0,163.0,-303.0,228.76,131.0,-199.7,288.33,-80.78,-311.17,-17.38,-216.18,-337.7,-78.69,136.41,-286.29
2025-08-13T16:53:39.869293,323.0,63.0,-251.0,373.0,-43.0,-207.0,-78.0,-201.0,-332.0,-165.0,152.0,-353.0,295.76,58.0,-235.7,346.33,-49.78,-179.17000000000002,-75.38,-201.18,-303.7,-186.69,125.41,-336.29
2025-08-13T16:53:39.875110,333.0,103.0,-170.0,313.0,-38.0,-216.0,-43.0,-173.0,-362.0,-65.0,151.0,-357.0,305.76,98.0,-154.7,286.33,-44.78,-188.17000000000002,-40.38,-173.18,-333.7,-86.69,124.41,-340.29
2025-08-13T16:53:39.881196,305.0,82.0,-280.0,296.0,-51.0,-264.0,-112.0,-203.0,-353.0,-121.0,181.0,-367.0,277.76,77.0,-264.7,269.33,-57.78,-236.17000000000002,-109.38,-203.18,-324.7,-142.69,154.41,-350.29
2025-08-13T16:53:39.887664,319.0,93.0,-146.0,279.0,-101.0,-241.0,-68.0,-141.0,-382.0,-56.0,179.0,-456.0,291.76,88.0,-130.7,252.32999999999998,-107.78,-213.17000000000002,-65.38,-141.18,-353.7,-77.69,152.41,-439.29
2025-08-13T16:53:39.892672,341.0,142.0,-199.0,326.0,-58.0,-323.0,-59.0,-126.0,-358.0,-94.0,167.0,-369.0,313.76,137.0,-183.7,299.33,-64.78,-295.17,-56.38,-126.18,-329.7,-115.69,140.41,-352.29
2025-08-13T16:53:39.899873,358.0,103.0,-235.0,270.0,-125.0,-248.0,-112.0,-185.0,-315.0,-112.0,213.0,-367.0,330.76,98.0,-219.7,243.32999999999998,-131.78,-220.17000000000002,-109.38,-185.18,-286.7,-133.69,186.41,-350.29
2025-08-13T16:53:39.907936,280.0,35.0,-202.0,341.0,-34.0,-241.0,-28.0,-174.0,-368.0,6.0,134.0,-420.0,252.76,30.0,-186.7,314.33,-40.78,-213.17000000000002,-25.38,-174.18,-339.7,-15.690000000000001,107.41,-403.29
2025-08-13T16:53:39.912316,306.0,61.0,-259.0,368.0,-32.0,-188.0,-47.0,-247.0,-360.0,6.0,120.0,-345.0,278.76,56.0,-243.7,341.33,-38.78,-160.17000000000002,-44.38,-247.18,-331.7,-15.690000000000001,93.41,-328.29
2025-08-13T16:53:39.920460,295.0,68.0,-297.0,301.0,-86.0,-215.0,-112.0,-137.0,-283.0,2.0,124.0,-338.0,267.76,63.0,-281.7,274.33,-92.78,-187.17000000000002,-109.38,-137.18,-254.7,-19.69,97.41,-321.29
2025-08-13T16:53:39.924942,213.0,49.0,-155.0,255.0,-65.0,-221.0,-69.0,-131.0,-266.0,31.0,137.0,-282.0,185.76,44.0,-139.7,228.32999999999998,-71.78,-193.17000000000002,-66.38,-131.18,-237.7,9.309999999999999,110.41,-265.29
2025-08-13T16:53:39.932702,243.0,72.0,-235.0,227.0,-90.0,-232.0,-135.0,-102.0,-285.0,-16.0,143.0,-260.0,215.76,67.0,-219.7,200.32999999999998,-96.78,-204.17000000000002,-132.38,-102.18,-256.7,-37.69,116.41,-243.29
2025-08-13T16:53:39.940665,205.0,125.0,-220.0,275.0,-99.0,-207.0,-20.0,-183.0,-337.0,-93.0,156.0,-276.0,177.76,120.0,-204.7,248.32999999999998,-105.78,-179.17000000000002,-17.38,-183.18,-308.7,-114.69,129.41,-259.29
2025-08-13T16:53:39.945094,201.0,105.0,-141.0,252.0,-21.0,-234.0,-32.0,-180.0,-290.0,-102.0,153.0,-354.0,173.76,100.0,-125.7,225.32999999999998,-27.78,-206.17000000000002,-29.38,-180.18,-261.7,-123.69,126.41,-337.29
2025-08-13T16:53:39.953142,259.0,97.0,-181.0,253.0,-54.0,-174.0,-57.0,-159.0,-303.0,-19.0,50.0,-302.0,231.76,92.0,-165.7,226.32999999999998,-60.78,-146.17000000000002,-54.38,-159.18,-274.7,-40.69,23.41,-285.29
2025-08-13T16:53:39.957413,232.0,-3.0,-231.0,254.0,12.0,-225.0,-38.0,-165.0,-323.0,-4.0,74.0,-235.0,204.76,-8.0,-215.7,227.32999999999998,5.22,-197.17000000000002,-35.38,-165.18,-294.7,-25.69,47.41,-218.29
2025-08-13T16:53:39.965624,251.0,72.0,-161.0,232.0,-17.0,-249.0,-32.0,-114.0,-280.0,-88.0,107.0,-292.0,223.76,67.0,-145.7,205.32999999999998,-23.78,-221.17000000000002,-29.38,-114.18,-251.7,-109.69,80.41,-275.29
2025-08-13T16:53:39.973498,257.0,70.0,-185.0,169.0,-6.0,-181.0,-33.0,-119.0,-299.0,-39.0,118.0,-289.0,229.76,65.0,-169.7,142.32999999999998,-12.780000000000001,-153.17000000000002,-30.38,-119.18,-270.7,-60.69,91.41,-272.29
2025-08-13T16:53:39.977807,156.0,52.0,-190.0,173.0,5.0,-227.0,-64.0,-134.0,-293.0,-56.0,119.0,-170.0,128.76,47.0,-174.7,146.32999999999998,-1.7800000000000002,-199.17000000000002,-61.38,-134.18,-264.7,-77.69,92.41,-153.29
2025-08-13T16:53:39.985792,157.0,14.0,-171.0,212.0,-98.0,-187.0,-94.0,-133.0,-264.0,-45.0,89.0,-243.0,129.76,9.0,-155.7,185.32999999999998,-104.78,-159.17000000000002,-91.38,-133.18,-235.7,-66.69,62.41,-226.29
2025-08-13T16:53:39.990137,127.0,22.0,-184.0,191.0,-42.0,-169.0,-94.0,-104.0,-220.0,-29.0,87.0,-268.0,99.76,17.0,-168.7,164.32999999999998,-48.78,-141.17000000000002,-91.38,-104.18,-191.7,-50.69,60.41,-251.29
2025-08-13T16:53:39.998283,147.0,85.0,-161.0,167.0,-77.0,-138.0,-83.0,5.0,-253.0,-59.0,65.0,-191.0,119.76,80.0,-145.7,140.32999999999998,-83.78,-110.17,-80.38,4.82,-224.7,-80.69,38.41,-174.29
2025-08-13T16:53:40.002657,131.0,15.0,-219.0,107.0,12.0,-196.0,-34.0,-82.0,-174.0,-44.0,124.0,-226.0,103.76,10.0,-203.7,80.33,5.22,-168.17000000000002,-31.38,-82.18,-145.7,-65.69,97.41,-209.29
2025-08-13T16:53:40.010645,134.0,27.0,-137.0,168.0,-98.0,-128.0,-24.0,-57.0,-199.0,-9.0,57.0,-215.0,106.76,22.0,-121.7,141.32999999999998,-104.78,-100.17,-21.38,-57.18,-170.7,-30.69,30.41,-198.29
2025-08-13T16:53:40.018511,127.0,105.0,-126.0,109.0,-50.0,-182.0,-41.0,-44.0,-198.0,-37.0,76.0,-189.0,99.76,100.0,-110.7,82.33,-56.78,-154.17000000000002,-38.38,-44.18,-169.7,-58.69,49.41,-172.29
2025-08-13T16:53:40.022849,164.0,46.0,-155.0,73.0,7.0,-181.0,-65.0,-62.0,-147.0,-44.0,129.0,-207.0,136.76,41.0,-139.7,46.33,0.21999999999999975,-153.17000000000002,-62.38,-62.18,-118.7,-65.69,102.41,-190.29
2025-08-13T16:53:40.030799,99.0,43.0,-174.0,138.0,40.0,-144.0,-10.0,-64.0,-146.0,-24.0,46.0,-153.0,71.76,38.0,-158.7,111.33,33.22,-116.17,-7.38,-64.18,-117.7,-45.69,19.41,-136.29
2025-08-13T16:53:40.035256,79.0,9.0,-133.0,95.0,13.0,-156.0,-87.0,-68.0,-154.0,15.0,29.0,-141.0,51.760000000000005,4.0,-117.7,68.33,6.22,-128.17000000000002,-84.38,-68.18,-125.7,-6.690000000000001,2.41,-124.28999999999999
2025-08-13T16:53:40.043240,92.0,31.0,-41.0,123.0,13.0,-213.0,-66.0,-73.0,-169.0,-48.0,64.0,-169.0,64.76,26.0,-25.7,96.33,6.22,-185.17000000000002,-63.38,-73.18,-140.7,-69.69,37.41,-152.29
2025-08-13T16:53:40.047504,120.0,86.0,-148.0,52.0,-33.0,-148.0,-35.0,-10.0,-185.0,49.0,39.0,-145.0,92.76,81.0,-132.7,25.33,-39.78,-120.17,-32.38,-10.18,-156.7,27.31,12.41,-128.29
2025-08-13T16:53:40.055496,67.0,-53.0,-110.0,63.0,33.0,-54.0,-92.0,-72.0,-123.0,-22.0,97.0,-159.0,39.760000000000005,-58.0,-94.7,36.33,26.22,-26.17,-89.38,-72.18,-94.7,-43.69,70.41,-142.29
2025-08-13T16:53:40.059851,128.0,-13.0,-132.0,92.0,6.0,-173.0,-45.0,-115.0,-154.0,108.0,-8.0,-228.0,100.76,-18.0,-116.7,65.33,-0.7800000000000002,-145.17000000000002,-42.38,-115.18,-125.7,86.31,-34.59,-211.29
2025-08-13T16:53:40.067913,111.0,98.0,-105.0,108.0,-35.0,-192.0,-22.0,31.0,-121.0,-70.0,51.0,-148.0,83.76,93.0,-89.7,81.33,-41.78,-164.17000000000002,-19.38,30.82,-92.7,-91.69,24.41,-131.29
2025-08-13T16:53:40.071975,25.0,46.0,-47.0,75.0,-51.0,-95.0,21.0,1.0,-98.0,4.0,54.0,-88.0,-2.2399999999999984,41.0,-31.7,48.33,-57.78,-67.17,23.62,0.8200000000000001,-69.7,-17.69,27.41,-71.28999999999999
2025-08-13T16:53:40.080302,58.0,17.0,-164.0,88.0,-39.0,-179.0,-17.0,-37.0,-175.0,-103.0,108.0,-121.0,30.76,12.0,-148.7,61.33,-45.78,-151.17000000000002,-14.379999999999999,-37.18,-146.7,-124.69,81.41,-104.28999999999999
2025-08-13T16:53:40.088121,94.0,86.0,-170.0,100.0,-35.0,-133.0,-10.0,-23.0,-154.0,-61.0,73.0,-127.0,66.76,81.0,-154.7,73.33,-41.78,-105.17,-7.38,-23.18,-125.7,-82.69,46.41,-110.28999999999999
2025-08-13T16:53:40.092319,87.0,44.0,-87.0,38.0,44.0,-141.0,-2.0,11.0,-126.0,29.0,7.0,-113.0,59.760000000000005,39.0,-71.7,11.329999999999998,37.22,-113.17,0.6200000000000001,10.82,-97.7,7.309999999999999,-19.59,-96.28999999999999
2025-08-13T16:53:40.100485,20.0,37.0,-87.0,23.0,-47.0,-142.0,-64.0,-98.0,-126.0,-60.0,19.0,-164.0,-7.239999999999998,32.0,-71.7,-3.6700000000000017,-53.78,-114.17,-61.38,-98.18,-97.7,-81.69,-7.59,-147.29
2025-08-13T16:53:40.104593,52.0,92.0,-114.0,68.0,-12.0,-216.0,-22.0,-76.0,-214.0,-32.0,77.0,-97.0,24.76,87.0,-98.7,41.33,-18.78,-188.17000000000002,-19.38,-76.18,-185.7,-53.69,50.41,-80.28999999999999
2025-08-13T16:53:40.112800,38.0,63.0,-173.0,81.0,32.0,-185.0,-76.0,-36.0,-123.0,-73.0,17.0,-147.0,10.760000000000002,58.0,-157.7,54.33,25.22,-157.17000000000002,-73.38,-36.18,-94.7,-94.69,-9.59,-130.29
2025-08-13T16:53:40.117257,101.0,22.0,-117.0,103.0,-5.0,-86.0,-66.0,-24.0,-119.0,20.0,68.0,-184.0,73.76,17.0,-101.7,76.33,-11.780000000000001,-58.17,-63.38,-24.18,-90.7,-1.6900000000000013,41.41,-167.29
2025-08-13T16:53:40.126171,128.0,21.0,-163.0,31.0,-54.0,-146.0,-55.0,-19.0,-141.0,-35.0,29.0,-212.0,100.76,16.0,-147.7,4.329999999999998,-60.78,-118.17,-52.38,-19.18,-112.7,-56.69,2.41,-195.29
2025-08-13T16:53:40.129680,109.0,34.0,-183.0,63.0,-79.0,-182.0,-22.0,27.0,-153.0,-28.0,14.0,-130.0,81.76,29.0,-167.7,36.33,-85.78,-154.17000000000002,-19.38,26.82,-124.7,-49.69,-12.59,-113.28999999999999
2025-08-13T16:53:40.137521,47.0,54.0,-112.0,33.0,-53.0,-204.0,-85.0,-29.0,-106.0,-39.0,-9.0,-95.0,19.76,49.0,-96.7,6.329999999999998,-59.78,-176.17000000000002,-82.38,-29.18,-77.7,-60.69,-35.59,-78.28999999999999
2025-08-13T16:53:40.143267,98.0,45.0,-94.0,37.0,-13.0,-138.0,-101.0,-31.0,-168.0,1.0,-6.0,-190.0,70.76,40.0,-78.7,10.329999999999998,-19.78,-110.17,-98.38,-31.18,-139.7,-20.69,-32.59,-173.29
2025-08-13T16:53:40.149720,170.0,41.0,-100.0,63.0,-34.0,-160.0,13.0,7.0,-113.0,24.0,109.0,-122.0,142.76,36.0,-84.7,36.33,-40.78,-132.17000000000002,15.620000000000001,6.82,-84.7,2.3099999999999987,82.41,-105.28999999999999
2025-08-13T16:53:40.157571,62.0,18.0,-83.0,36.0,-38.0,-126.0,-38.0,-21.0,-106.0,-32.0,17.0,-112.0,34.760000000000005,13.0,-67.7,9.329999999999998,-44.78,-98.17,-35.38,-21.18,-77.7,-53.69,-9.59,-95.28999999999999
2025-08-13T16:53:40.162005,110.0,32.0,-115.0,36.0,16.0,-185.0,-60.0,-53.0,-140.0,16.0,84.0,-137.0,82.76,27.0,-99.7,9.329999999999998,9.219999999999999,-157.17000000000002,-57.38,-53.18,-111.7,-5.690000000000001,57.41,-120.28999999999999
2025-08-13T16:53:40.169949,64.0,-39.0,-158.0,116.0,-40.0,-209.0,36.0,-23.0,-133.0,-25.0,68.0,-81.0,36.760000000000005,-44.0,-142.7,89.33,-46.78,-181.17000000000002,38.62,-23.18,-104.7,-46.69,41.41,-64.28999999999999
2025-08-13T16:53:40.174508,43.0,50.0,-151.0,109.0,-23.0,-216.0,-56.0,-63.0,-95.0,20.0,60.0,-108.0,15.760000000000002,45.0,-135.7,82.33,-29.78,-188.17000000000002,-53.38,-63.18,-66.7,-1.6900000000000013,33.41,-91.28999999999999
2025-08-13T16:53:40.182322,13.0,91.0,-200.0,84.0,48.0,-216.0,-40.0,-11.0,-122.0,8.0,70.0,-108.0,-14.239999999999998,86.0,-184.7,57.33,41.22,-188.17000000000002,-37.38,-11.18,-93.7,-13.690000000000001,43.41,-91.28999999999999
2025-08-13T16:53:40.186921,139.0,58.0,-143.0,28.0,-40.0,-120.0,-60.0,-36.0,-130.0,24.0,109.0,-115.0,111.76,53.0,-127.7,1.3299999999999983,-46.78,-92.17,-57.38,-36.18,-101.7,2.3099999999999987,82.41,-98.28999999999999
2025-08-13T16:53:40.194662,57.0,7.0,-158.0,52.0,-15.0,-193.0,0.0,-9.0,-111.0,25.0,-35.0,-133.0,29.76,2.0,-142.7,25.33,-21.78,-165.17000000000002,2.62,-9.18,-82.7,3.3099999999999987,-61.59,-116.28999999999999
2025-08-13T16:53:40.198912,5.0,51.0,-138.0,84.0,0.0,-83.0,-36.0,-26.0,-74.0,29.0,70.0,-123.0,-22.24,46.0,-122.7,57.33,-6.78,-55.17,-33.38,-26.18,-45.7,7.309999999999999,43.41,-106.28999999999999
2025-08-13T16:53:40.207196,19.0,17.0,-38.0,32.0,-23.0,-154.0,-79.0,-16.0,-118.0,-47.0,77.0,-164.0,-8.239999999999998,12.0,-22.7,5.329999999999998,-29.78,-126.17,-76.38,-16.18,-89.7,-68.69,50.41,-147.29
2025-08-13T16:53:40.211527,100.0,20.0,-131.0,28.0,74.0,-130.0,-58.0,-65.0,-80.0,-33.0,66.0,-183.0,72.76,15.0,-115.7,1.3299999999999983,67.22,-102.17,-55.38,-65.18,-51.7,-54.69,39.41,-166.29
2025-08-13T16:53:40.219272,98.0,47.0,-140.0,9.0,22.0,-129.0,-25.0,-13.0,-152.0,-42.0,49.0,-169.0,70.76,42.0,-124.7,-17.67,15.219999999999999,-101.17,-22.38,-13.18,-123.7,-63.69,22.41,-152.29
2025-08-13T16:53:40.224851,82.0,-51.0,-89.0,114.0,-34.0,-156.0,22.0,-52.0,-119.0,6.0,73.0,-100.0,54.760000000000005,-56.0,-73.7,87.33,-40.78,-128.17000000000002,24.62,-52.18,-90.7,-15.690000000000001,46.41,-83.28999999999999
2025-08-13T16:53:40.231806,111.0,18.0,-134.0,141.0,-19.0,-150.0,52.0,-49.0,-135.0,12.0,63.0,-130.0,83.76,13.0,-118.7,114.33,-25.78,-122.17,54.62,-49.18,-106.7,-9.690000000000001,36.41,-113.28999999999999
2025-08-13T16:53:40.239618,41.0,73.0,-124.0,35.0,27.0,-171.0,-56.0,-76.0,-145.0,-65.0,61.0,-153.0,13.760000000000002,68.0,-108.7,8.329999999999998,20.22,-143.17000000000002,-53.38,-76.18,-116.7,-86.69,34.41,-136.29
2025-08-13T16:53:40.244061,92.0,-7.0,-83.0,21.0,-56.0,-122.0,-22.0,-23.0,-139.0,-52.0,107.0,-156.0,64.76,-12.0,-67.7,-5.670000000000002,-62.78,-94.17,-19.38,-23.18,-110.7,-73.69,80.41,-139.29
2025-08-13T16:53:40.252099,93.0,52.0,-123.0,17.0,-11.0,-221.0,-58.0,-50.0,-88.0,-59.0,94.0,-151.0,65.76,47.0,-107.7,-9.670000000000002,-17.78,-193.17000000000002,-55.38,-50.18,-59.7,-80.69,67.41,-134.29
2025-08-13T16:53:40.256294,138.0,-15.0,-155.0,5.0,-37.0,-119.0,-74.0,-52.0,-156.0,57.0,26.0,-162.0,110.76,-20.0,-139.7,-21.67,-43.78,-91.17,-71.38,-52.18,-127.7,35.31,-0.5899999999999999,-145.29
2025-08-13T16:53:40.264364,89.0,8.0,-102.0,76.0,-72.0,-185.0,-38.0,-42.0,-160.0,33.0,43.0,-96.0,61.760000000000005,3.0,-86.7,49.33,-78.78,-157.17000000000002,-35.38,-42.18,-131.7,11.309999999999999,16.41,-79.28999999999999
2025-08-13T16:53:40.268783,62.0,74.0,-82.0,66.0,-43.0,-130.0,-15.0,-19.0,-118.0,-36.0,74.0,-163.0,34.760000000000005,69.0,-66.7,39.33,-49.78,-102.17,-12.379999999999999,-19.18,-89.7,-57.69,47.41,-146.29
2025-08-13T16:53:40.277304,69.0,15.0,-109.0,3.0,-34.0,-143.0,-46.0,-82.0,-111.0,-74.0,75.0,-170.0,41.760000000000005,10.0,-93.7,-23.67,-40.78,-115.17,-43.38,-82.18,-82.7,-95.69,48.41,-153.29
2025-08-13T16:53:40.281147,-33.0,55.0,-133.0,108.0,0.0,-142.0,-77.0,12.0,-154.0,26.0,78.0,-176.0,-60.239999999999995,50.0,-117.7,81.33,-6.78,-114.17,-74.38,11.82,-125.7,4.309999999999999,51.41,-159.29
2025-08-13T16:53:40.289865,123.0,123.0,-154.0,47.0,-57.0,-110.0,-41.0,-13.0,-86.0,33.0,-4.0,-155.0,95.76,118.0,-138.7,20.33,-63.78,-82.17,-38.38,-13.18,-57.7,11.309999999999999,-30.59,-138.29
2025-08-13T16:53:40.293550,109.0,57.0,-123.0,53.0,28.0,-84.0,-48.0,-28.0,-99.0,35.0,-4.0,-135.0,81.76,52.0,-107.7,26.33,21.22,-56.17,-45.38,-28.18,-70.7,13.309999999999999,-30.59,-118.28999999999999
2025-08-13T16:53:40.302202,81.0,-3.0,-82.0,85.0,-4.0,-124.0,-32.0,-69.0,-143.0,-12.0,38.0,-175.0,53.760000000000005,-8.0,-66.7,58.33,-10.780000000000001,-96.17,-29.38,-69.18,-114.7,-33.69,11.41,-158.29
2025-08-13T16:53:40.307009,40.0,-40.0,-103.0,12.0,-29.0,-204.0,-19.0,-8.0,-54.0,-33.0,94.0,-181.0,12.760000000000002,-45.0,-87.7,-14.670000000000002,-35.78,-176.17000000000002,-16.38,-8.18,-25.7,-54.69,67.41,-164.29
2025-08-13T16:53:40.314792,-23.0,31.0,-126.0,63.0,1.0,-147.0,-22.0,-20.0,-115.0,-63.0,107.0,-133.0,-50.239999999999995,26.0,-110.7,36.33,-5.78,-119.17,-19.38,-20.18,-86.7,-84.69,80.41,-116.28999999999999
2025-08-13T16:53:40.321349,-11.0,69.0,-167.0,-15.0,7.0,-153.0,-15.0,-62.0,-117.0,-35.0,56.0,-256.0,-38.239999999999995,64.0,-151.7,-41.67,0.21999999999999975,-125.17,-12.379999999999999,-62.18,-88.7,-56.69,29.41,-239.29
2025-08-13T16:53:40.325924,75.0,-10.0,-174.0,37.0,-7.0,-139.0,-86.0,-36.0,-144.0,-66.0,-33.0,-111.0,47.760000000000005,-15.0,-158.7,10.329999999999998,-13.780000000000001,-111.17,-83.38,-36.18,-115.7,-87.69,-59.59,-94.28999999999999
2025-08-13T16:53:40.333787,85.0,-55.0,-118.0,57.0,41.0,-148.0,-15.0,-41.0,-188.0,16.0,31.0,-131.0,57.760000000000005,-60.0,-102.7,30.33,34.22,-120.17,-12.379999999999999,-41.18,-159.7,-5.690000000000001,4.41,-114.28999999999999
2025-08-13T16:53:40.338301,123.0,2.0,-155.0,51.0,-24.0,-199.0,-4.0,10.0,-122.0,-8.0,82.0,-146.0,95.76,-3.0,-139.7,24.33,-30.78,-171.17000000000002,-1.38,9.82,-93.7,-29.69,55.41,-129.29
2025-08-13T16:53:40.346206,69.0,18.0,-140.0,86.0,-89.0,-159.0,-12.0,-48.0,-147.0,0.0,70.0,-123.0,41.760000000000005,13.0,-124.7,59.33,-95.78,-131.17000000000002,-9.379999999999999,-48.18,-118.7,-21.69,43.41,-106.28999999999999
2025-08-13T16:53:40.350517,91.0,125.0,-64.0,-32.0,-6.0,-192.0,-70.0,-44.0,-64.0,15.0,61.0,-144.0,63.760000000000005,120.0,-48.7,-58.67,-12.780000000000001,-164.17000000000002,-67.38,-44.18,-35.7,-6.690000000000001,34.41,-127.28999999999999
2025-08-13T16:53:40.358817,52.0,43.0,-165.0,36.0,-55.0,-154.0,-19.0,-8.0,-162.0,25.0,41.0,-131.0,24.76,38.0,-149.7,9.329999999999998,-61.78,-126.17,-16.38,-8.18,-133.7,3.3099999999999987,14.41,-114.28999999999999
2025-08-13T16:53:40.362943,139.0,0.0,-133.0,55.0,-20.0,-112.0,-22.0,25.0,-135.0,-26.0,92.0,-110.0,111.76,-5.0,-117.7,28.33,-26.78,-84.17,-19.38,24.82,-106.7,-47.69,65.41,-93.28999999999999
2025-08-13T16:53:40.370832,105.0,-7.0,-128.0,21.0,20.0,-206.0,-8.0,-50.0,-98.0,5.0,-11.0,-86.0,77.76,-12.0,-112.7,-5.670000000000002,13.219999999999999,-178.17000000000002,-5.38,-50.18,-69.7,-16.69,-37.59,-69.28999999999999
2025-08-13T16:53:40.375142,47.0,73.0,-95.0,76.0,-40.0,-96.0,-45.0,-48.0,-162.0,38.0,19.0,-176.0,19.76,68.0,-79.7,49.33,-46.78,-68.17,-42.38,-48.18,-133.7,16.31,-7.59,-159.29
2025-08-13T16:53:40.383240,59.0,86.0,-96.0,22.0,12.0,-181.0,28.0,-87.0,-161.0,-75.0,55.0,-122.0,31.76,81.0,-80.7,-4.670000000000002,5.22,-153.17000000000002,30.62,-87.18,-132.7,-96.69,28.41,-105.28999999999999
2025-08-13T16:53:40.388024,62.0,78.0,-98.0,89.0,-25.0,-175.0,-24.0,-30.0,-129.0,29.0,118.0,-140.0,34.760000000000005,73.0,-82.7,62.33,-31.78,-147.17000000000002,-21.38,-30.18,-100.7,7.309999999999999,91.41,-123.28999999999999
2025-08-13T16:53:40.395853,42.0,-19.0,-171.0,131.0,-72.0,-152.0,-109.0,-33.0,-153.0,28.0,32.0,-139.0,14.760000000000002,-24.0,-155.7,104.33,-78.78,-124.17,-106.38,-33.18,-124.7,6.309999999999999,5.41,-122.28999999999999
2025-08-13T16:53:40.403301,63.0,25.0,-70.0,102.0,-37.0,-155.0,-35.0,-49.0,-155.0,33.0,76.0,-142.0,35.760000000000005,20.0,-54.7,75.33,-43.78,-127.17,-32.38,-49.18,-126.7,11.309999999999999,49.41,-125.28999999999999
2025-08-13T16:53:40.408895,104.0,54.0,-79.0,73.0,41.0,-129.0,45.0,-39.0,-135.0,-8.0,23.0,-125.0,76.76,49.0,-63.7,46.33,34.22,-101.17,47.62,-39.18,-106.7,-29.69,-3.59,-108.28999999999999
2025-08-13T16:53:40.415845,109.0,80.0,-79.0,36.0,67.0,-191.0,-52.0,-21.0,-127.0,-59.0,21.0,-170.0,81.76,75.0,-63.7,9.329999999999998,60.22,-163.17000000000002,-49.38,-21.18,-98.7,-80.69,-5.59,-153.29
2025-08-13T16:53:40.420945,6.0,23.0,-82.0,46.0,-103.0,-187.0,-93.0,-75.0,-152.0,-40.0,21.0,-162.0,-21.24,18.0,-66.7,19.33,-109.78,-159.17000000000002,-90.38,-75.18,-123.7,-61.69,-5.59,-145.29
2025-08-13T16:53:40.428479,12.0,64.0,-165.0,53.0,-34.0,-203.0,-55.0,89.0,-136.0,75.0,58.0,-152.0,-15.239999999999998,59.0,-149.7,26.33,-40.78,-175.17000000000002,-52.38,88.82,-107.7,53.31,31.41,-135.29
2025-08-13T16:53:40.433397,41.0,-16.0,-159.0,102.0,-51.0,-204.0,-96.0,51.0,-135.0,-43.0,22.0,-165.0,13.760000000000002,-21.0,-143.7,75.33,-57.78,-176.17000000000002,-93.38,50.82,-106.7,-64.69,-4.59,-148.29
2025-08-13T16:53:40.441498,118.0,26.0,-108.0,74.0,19.0,-144.0,-72.0,-59.0,-159.0,-10.0,55.0,-155.0,90.76,21.0,-92.7,47.33,12.219999999999999,-116.17,-69.38,-59.18,-130.7,-31.69,28.41,-138.29
2025-08-13T16:53:40.445938,42.0,-26.0,-139.0,74.0,-13.0,-237.0,-16.0,-30.0,-167.0,-25.0,47.0,-210.0,14.760000000000002,-31.0,-123.7,47.33,-19.78,-209.17000000000002,-13.379999999999999,-30.18,-138.7,-46.69,20.41,-193.29
2025-08-13T16:53:40.453735,25.0,90.0,-103.0,70.0,8.0,-175.0,-40.0,-27.0,-95.0,6.0,62.0,-109.0,-2.2399999999999984,85.0,-87.7,43.33,1.2199999999999998,-147.17000000000002,-37.38,-27.18,-66.7,-15.690000000000001,35.41,-92.28999999999999
2025-08-13T16:53:40.460928,12.0,40.0,-159.0,67.0,-18.0,-174.0,-124.0,-5.0,-122.0,35.0,49.0,-146.0,-15.239999999999998,35.0,-143.7,40.33,-24.78,-146.17000000000002,-121.38,-5.18,-93.7,13.309999999999999,22.41,-129.29
2025-08-13T16:53:40.468834,65.0,21.0,-161.0,44.0,-33.0,-157.0,8.0,-15.0,-142.0,29.0,34.0,-70.0,37.760000000000005,16.0,-145.7,17.33,-39.78,-129.17000000000002,10.620000000000001,-15.18,-113.7,7.309999999999999,7.41,-53.29
2025-08-13T16:53:40.474621,96.0,47.0,-239.0,85.0,-33.0,-176.0,45.0,-17.0,-73.0,119.0,72.0,-126.0,68.76,42.0,-223.7,58.33,-39.78,-148.17000000000002,47.62,-17.18,-44.7,97.31,45.41,-109.28999999999999
2025-08-13T16:53:40.479434,105.0,57.0,-92.0,59.0,-28.0,-182.0,-11.0,-125.0,-185.0,-42.0,56.0,-111.0,77.76,52.0,-76.7,32.33,-34.78,-154.17000000000002,-8.379999999999999,-125.18,-156.7,-63.69,29.41,-94.28999999999999
2025-08-13T16:53:40.485395,101.0,65.0,-104.0,45.0,-19.0,-180.0,-2.0,-84.0,-173.0,-64.0,26.0,-182.0,73.76,60.0,-88.7,18.33,-25.78,-152.17000000000002,0.6200000000000001,-84.18,-144.7,-85.69,-0.5899999999999999,-165.29
2025-08-13T16:53:40.490490,116.0,42.0,-209.0,79.0,-34.0,-153.0,-47.0,-47.0,-150.0,-63.0,56.0,-107.0,88.76,37.0,-193.7,52.33,-40.78,-125.17,-44.38,-47.18,-121.7,-84.69,29.41,-90.28999999999999
2025-08-13T16:53:40.497592,109.0,-3.0,-174.0,73.0,-20.0,-137.0,-70.0,-39.0,-137.0,1.0,43.0,-126.0,81.76,-8.0,-158.7,46.33,-26.78,-109.17,-67.38,-39.18,-108.7,-20.69,16.41,-109.28999999999999
2025-08-13T16:53:40.501789,51.0,70.0,-137.0,52.0,5.0,-116.0,-17.0,-4.0,-129.0,-51.0,44.0,-152.0,23.76,65.0,-121.7,25.33,-1.7800000000000002,-88.17,-14.379999999999999,-4.18,-100.7,-72.69,17.41,-135.29
2025-08-13T16:53:40.509932,38.0,-4.0,-112.0,21.0,-33.0,-193.0,1.0,-84.0,-187.0,-46.0,29.0,-86.0,10.760000000000002,-9.0,-96.7,-5.670000000000002,-39.78,-165.17000000000002,3.62,-84.18,-158.7,-67.69,2.41,-69.28999999999999
2025-08-13T16:53:40.514270,60.0,82.0,-126.0,55.0,-97.0,-206.0,-121.0,-47.0,-125.0,-29.0,-21.0,-182.0,32.760000000000005,77.0,-110.7,28.33,-103.78,-178.17000000000002,-118.38,-47.18,-96.7,-50.69,-47.59,-165.29
2025-08-13T16:53:40.522368,34.0,-2.0,-170.0,126.0,-19.0,-150.0,-42.0,-69.0,-153.0,-41.0,40.0,-181.0,6.760000000000002,-7.0,-154.7,99.33,-25.78,-122.17,-39.38,-69.18,-124.7,-62.69,13.41,-164.29
2025-08-13T16:53:40.526635,109.0,66.0,-139.0,45.0,-25.0,-176.0,-23.0,-17.0,-182.0,-20.0,38.0,-141.0,81.76,61.0,-123.7,18.33,-31.78,-148.17000000000002,-20.38,-17.18,-153.7,-41.69,11.41,-124.28999999999999
2025-08-13T16:53:40.534659,118.0,-6.0,-33.0,138.0,-72.0,-156.0,-17.0,-74.0,-108.0,-69.0,45.0,-168.0,90.76,-11.0,-17.7,111.33,-78.78,-128.17000000000002,-14.379999999999999,-74.18,-79.7,-90.69,18.41,-151.29
2025-08-13T16:53:40.538903,32.0,31.0,-61.0,75.0,-25.0,-209.0,-14.0,-40.0,-155.0,-10.0,74.0,-131.0,4.760000000000002,26.0,-45.7,48.33,-31.78,-181.17000000000002,-11.379999999999999,-40.18,-126.7,-31.69,47.41,-114.28999999999999
2025-08-13T16:53:40.546869,111.0,9.0,-85.0,103.0,11.0,-155.0,-38.0,-120.0,-87.0,27.0,84.0,-133.0,83.76,4.0,-69.7,76.33,4.22,-127.17,-35.38,-120.18,-58.7,5.309999999999999,57.41,-116.28999999999999
2025-08-13T16:53:40.555052,-9.0,52.0,-142.0,97.0,-7.0,-175.0,-95.0,-54.0,-176.0,-26.0,38.0,-138.0,-36.239999999999995,47.0,-126.7,70.33,-13.780000000000001,-147.17000000000002,-92.38,-54.18,-147.7,-47.69,11.41,-121.28999999999999
2025-08-13T16:53:40.559245,144.0,47.0,-190.0,38.0,0.0,-205.0,-57.0,-35.0,-154.0,-82.0,46.0,-110.0,116.76,42.0,-174.7,11.329999999999998,-6.78,-177.17000000000002,-54.38,-35.18,-125.7,-103.69,19.41,-93.28999999999999
2025-08-13T16:53:40.567233,110.0,-12.0,-203.0,20.0,9.0,-110.0,-13.0,-11.0,-116.0,-85.0,80.0,-165.0,82.76,-17.0,-187.7,-6.670000000000002,2.2199999999999998,-82.17,-10.379999999999999,-11.18,-87.7,-106.69,53.41,-148.29
2025-08-13T16:53:40.571723,112.0,-12.0,-88.0,61.0,-50.0,-128.0,39.0,-62.0,-129.0,-84.0,44.0,-141.0,84.76,-17.0,-72.7,34.33,-56.78,-100.17,41.62,-62.18,-100.7,-105.69,17.41,-124.28999999999999
2025-08-13T16:53:40.579766,36.0,48.0,-70.0,25.0,-77.0,-121.0,23.0,-46.0,-100.0,-13.0,14.0,-154.0,8.760000000000002,43.0,-54.7,-1.6700000000000017,-83.78,-93.17,25.62,-46.18,-71.7,-34.69,-12.59,-137.29
2025-08-13T16:53:40.583894,16.0,33.0,-177.0,98.0,-49.0,-165.0,-67.0,-111.0,-135.0,39.0,63.0,-166.0,-11.239999999999998,28.0,-161.7,71.33,-55.78,-137.17000000000002,-64.38,-111.18,-106.7,17.31,36.41,-149.29
2025-08-13T16:53:40.592202,35.0,32.0,-144.0,44.0,-2.0,-129.0,-37.0,-72.0,-162.0,22.0,43.0,-151.0,7.760000000000002,27.0,-128.7,17.33,-8.780000000000001,-101.17,-34.38,-72.18,-133.7,0.3099999999999987,16.41,-134.29
2025-08-13T16:53:40.598103,111.0,120.0,-159.0,44.0,-87.0,-166.0,-57.0,-73.0,-189.0,-69.0,36.0,-89.0,83.76,115.0,-143.7,17.33,-93.78,-138.17000000000002,-54.38,-73.18,-160.7,-90.69,9.41,-72.28999999999999
2025-08-13T16:53:40.604404,-9.0,79.0,-107.0,144.0,-2.0,-130.0,-7.0,-55.0,-125.0,-40.0,48.0,-128.0,-36.239999999999995,74.0,-91.7,117.33,-8.780000000000001,-102.17,-4.38,-55.18,-96.7,-61.69,21.41,-111.28999999999999
2025-08-13T16:53:40.611141,68.0,61.0,-101.0,130.0,-42.0,-160.0,-30.0,-67.0,-63.0,-3.0,83.0,-183.0,40.760000000000005,56.0,-85.7,103.33,-48.78,-132.17000000000002,-27.38,-67.18,-34.7,-24.69,56.41,-166.29
2025-08-13T16:53:40.617688,50.0,52.0,-115.0,80.0,33.0,-108.0,-17.0,3.0,-122.0,24.0,62.0,-129.0,22.76,47.0,-99.7,53.33,26.22,-80.17,-14.379999999999999,2.82,-93.7,2.3099999999999987,35.41,-112.28999999999999
2025-08-13T16:53:40.621320,19.0,28.0,-220.0,8.0,15.0,-137.0,-56.0,19.0,-107.0,-74.0,-53.0,-48.0,-8.239999999999998,23.0,-204.7,-18.67,8.219999999999999,-109.17,-53.38,18.82,-78.7,-95.69,-79.59,-31.29
2025-08-13T16:53:40.629935,45.0,14.0,-103.0,50.0,38.0,-180.0,34.0,-21.0,-145.0,-60.0,75.0,-126.0,17.76,9.0,-87.7,23.33,31.22,-152.17000000000002,36.62,-21.18,-116.7,-81.69,48.41,-109.28999999999999
2025-08-13T16:53:40.635522,80.0,44.0,-147.0,117.0,-3.0,-184.0,1.0,-33.0,-131.0,-55.0,5.0,-117.0,52.760000000000005,39.0,-131.7,90.33,-9.780000000000001,-156.17000000000002,3.62,-33.18,-102.7,-76.69,-21.59,-100.28999999999999
2025-08-13T16:53:40.642135,35.0,77.0,-60.0,-2.0,-41.0,-153.0,-57.0,-80.0,-143.0,-1.0,12.0,-191.0,7.760000000000002,72.0,-44.7,-28.67,-47.78,-125.17,-54.38,-80.18,-114.7,-22.69,-14.59,-174.29
2025-08-13T16:53:40.649041,83.0,23.0,-82.0,46.0,7.0,-123.0,-58.0,-33.0,-102.0,71.0,67.0,-127.0,55.760000000000005,18.0,-66.7,19.33,0.21999999999999975,-95.17,-55.38,-33.18,-73.7,49.31,40.41,-110.28999999999999
2025-08-13T16:53:40.654235,99.0,10.0,-150.0,39.0,-6.0,-76.0,-30.0,-54.0,-132.0,-34.0,20.0,-124.0,71.76,5.0,-134.7,12.329999999999998,-12.780000000000001,-48.17,-27.38,-54.18,-103.7,-55.69,-6.59,-107.28999999999999
2025-08-13T16:53:40.661557,148.0,71.0,-160.0,98.0,44.0,-156.0,-68.0,13.0,-137.0,15.0,85.0,-138.0,120.76,66.0,-144.7,71.33,37.22,-128.17000000000002,-65.38,12.82,-108.7,-6.690000000000001,58.41,-121.28999999999999
2025-08-13T16:53:40.665748,99.0,61.0,-132.0,84.0,-3.0,-180.0,-52.0,-110.0,-122.0,-38.0,55.0,-151.0,71.76,56.0,-116.7,57.33,-9.780000000000001,-152.17000000000002,-49.38,-110.18,-93.7,-59.69,28.41,-134.29
2025-08-13T16:53:40.673708,105.0,6.0,-137.0,69.0,6.0,-184.0,34.0,18.0,-127.0,-94.0,46.0,-116.0,77.76,1.0,-121.7,42.33,-0.7800000000000002,-156.17000000000002,36.62,17.82,-98.7,-115.69,19.41,-99.28999999999999
2025-08-13T16:53:40.678137,93.0,-17.0,-123.0,86.0,-8.0,-200.0,-22.0,-48.0,-144.0,-73.0,76.0,-129.0,65.76,-22.0,-107.7,59.33,-14.780000000000001,-172.17000000000002,-19.38,-48.18,-115.7,-94.69,49.41,-112.28999999999999
2025-08-13T16:53:40.686141,66.0,23.0,-97.0,35.0,-1.0,-136.0,6.0,-58.0,-101.0,-20.0,-42.0,-156.0,38.760000000000005,18.0,-81.7,8.329999999999998,-7.78,-108.17,8.620000000000001,-58.18,-72.7,-41.69,-68.59,-139.29
2025-08-13T16:53:40.690213,34.0,86.0,-46.0,88.0,-43.0,-86.0,-77.0,-23.0,-114.0,10.0,81.0,-91.0,6.760000000000002,81.0,-30.7,61.33,-49.78,-58.17,-74.38,-23.18,-85.7,-11.690000000000001,54.41,-74.28999999999999
2025-08-13T16:53:40.698429,45.0,56.0,-138.0,31.0,36.0,-99.0,-89.0,-49.0,-184.0,-65.0,-22.0,-188.0,17.76,51.0,-122.7,4.329999999999998,29.22,-71.17,-86.38,-49.18,-155.7,-86.69,-48.59,-171.29
2025-08-13T16:53:40.702703,68.0,44.0,-159.0,76.0,-8.0,-158.0,-98.0,-41.0,-134.0,4.0,46.0,-137.0,40.760000000000005,39.0,-143.7,49.33,-14.780000000000001,-130.17000000000002,-95.38,-41.18,-105.7,-17.69,19.41,-120.28999999999999
2025-08-13T16:53:40.710821,28.0,5.0,-112.0,41.0,56.0,-164.0,14.0,-3.0,-122.0,-34.0,67.0,-169.0,0.7600000000000016,0.0,-96.7,14.329999999999998,49.22,-136.17000000000002,16.62,-3.18,-93.7,-55.69,40.41,-152.29
2025-08-13T16:53:40.715053,73.0,10.0,-99.0,85.0,-6.0,-119.0,-134.0,-40.0,-168.0,-74.0,128.0,-199.0,45.760000000000005,5.0,-83.7,58.33,-12.780000000000001,-91.17,-131.38,-40.18,-139.7,-95.69,101.41,-182.29
2025-08-13T16:53:40.723059,58.0,47.0,-170.0,70.0,-105.0,-164.0,-80.0,-19.0,-137.0,53.0,12.0,-226.0,30.76,42.0,-154.7,43.33,-111.78,-136.17000000000002,-77.38,-19.18,-108.7,31.31,-14.59,-209.29
2025-08-13T16:53:40.727850,58.0,53.0,-41.0,31.0,8.0,-123.0,-78.0,-108.0,-213.0,-12.0,48.0,-149.0,30.76,48.0,-25.7,4.329999999999998,1.2199999999999998,-95.17,-75.38,-108.18,-184.7,-33.69,21.41,-132.29
2025-08-13T16:53:40.735174,19.0,77.0,-136.0,2.0,30.0,-166.0,-9.0,-51.0,-145.0,-8.0,28.0,-104.0,-8.239999999999998,72.0,-120.7,-24.67,23.22,-138.17000000000002,-6.38,-51.18,-116.7,-29.69,1.4100000000000001,-87.28999999999999
2025-08-13T16:53:40.743341,70.0,62.0,-115.0,83.0,42.0,-171.0,-29.0,-7.0,-112.0,-86.0,102.0,-152.0,42.760000000000005,57.0,-99.7,56.33,35.22,-143.17000000000002,-26.38,-7.18,-83.7,-107.69,75.41,-135.29
2025-08-13T16:53:40.747607,80.0,-13.0,-130.0,66.0,-48.0,-137.0,-5.0,25.0,-130.0,27.0,41.0,-152.0,52.760000000000005,-18.0,-114.7,39.33,-54.78,-109.17,-2.38,24.82,-101.7,5.309999999999999,14.41,-135.29
2025-08-13T16:53:40.755681,-7.0,-28.0,-122.0,42.0,-31.0,-112.0,-27.0,17.0,-96.0,32.0,10.0,-151.0,-34.239999999999995,-33.0,-106.7,15.329999999999998,-37.78,-84.17,-24.38,16.82,-67.7,10.309999999999999,-16.59,-134.29
2025-08-13T16:53:40.760113,-30.0,70.0,-133.0,85.0,-10.0,-111.0,-49.0,-17.0,-146.0,64.0,60.0,-112.0,-57.239999999999995,65.0,-117.7,58.33,-16.78,-83.17,-46.38,-17.18,-117.7,42.31,33.41,-95.28999999999999
2025-08-13T16:53:40.768118,93.0,39.0,-156.0,55.0,17.0,-96.0,-30.0,-48.0,-129.0,-66.0,50.0,-41.0,65.76,34.0,-140.7,28.33,10.219999999999999,-68.17,-27.38,-48.18,-100.7,-87.69,23.41,-24.29
2025-08-13T16:53:40.772527,126.0,50.0,-176.0,89.0,-4.0,-136.0,11.0,18.0,-92.0,-55.0,72.0,-111.0,98.76,45.0,-160.7,62.33,-10.780000000000001,-108.17,13.620000000000001,17.82,-63.7,-76.69,45.41,-94.28999999999999
2025-08-13T16:53:40.780367,46.0,52.0,-71.0,24.0,-25.0,-86.0,-37.0,-31.0,-113.0,-46.0,13.0,-87.0,18.76,47.0,-55.7,-2.6700000000000017,-31.78,-58.17,-34.38,-31.18,-84.7,-67.69,-13.59,-70.28999999999999
2025-08-13T16:53:40.784696,85.0,10.0,-88.0,-6.0,-4.0,-126.0,-21.0,20.0,-169.0,-2.0,53.0,-94.0,57.760000000000005,5.0,-72.7,-32.67,-10.780000000000001,-98.17,-18.38,19.82,-140.7,-23.69,26.41,-77.28999999999999
2025-08-13T16:53:40.792668,98.0,5.0,-169.0,6.0,-14.0,-121.0,-35.0,-16.0,-163.0,6.0,62.0,-95.0,70.76,0.0,-153.7,-20.67,-20.78,-93.17,-32.38,-16.18,-134.7,-15.690000000000001,35.41,-78.28999999999999
2025-08-13T16:53:40.796980,56.0,-33.0,-124.0,52.0,57.0,-101.0,-46.0,39.0,-95.0,95.0,83.0,-129.0,28.76,-38.0,-108.7,25.33,50.22,-73.17,-43.38,38.82,-66.7,73.31,56.41,-112.28999999999999
2025-08-13T16:53:40.805102,33.0,-55.0,-77.0,86.0,21.0,-94.0,-25.0,-35.0,-114.0,33.0,78.0,-83.0,5.760000000000002,-60.0,-61.7,59.33,14.219999999999999,-66.17,-22.38,-35.18,-85.7,11.309999999999999,51.41,-66.28999999999999
2025-08-13T16:53:40.809499,-5.0,38.0,-114.0,119.0,34.0,-147.0,-106.0,-61.0,-96.0,-69.0,5.0,-25.0,-32.239999999999995,33.0,-98.7,92.33,27.22,-119.17,-103.38,-61.18,-67.7,-90.69,-21.59,-8.29
2025-08-13T16:53:40.817519,4.0,59.0,-140.0,60.0,-13.0,-139.0,-63.0,25.0,-156.0,-5.0,60.0,-33.0,-23.24,54.0,-124.7,33.33,-19.78,-111.17,-60.38,24.82,-127.7,-26.69,33.41,-16.29
2025-08-13T16:53:40.821641,82.0,53.0,-99.0,-35.0,31.0,-103.0,-8.0,59.0,-133.0,-26.0,57.0,-70.0,54.760000000000005,48.0,-83.7,-61.67,24.22,-75.17,-5.38,58.82,-104.7,-47.69,30.41,-53.29
2025-08-13T16:53:40.829966,37.0,45.0,-139.0,64.0,59.0,-55.0,-36.0,-12.0,-130.0,48.0,-13.0,-96.0,9.760000000000002,40.0,-123.7,37.33,52.22,-27.17,-33.38,-12.18,-101.7,26.31,-39.59,-79.28999999999999
2025-08-13T16:53:40.833919,46.0,37.0,-91.0,7.0,-16.0,-115.0,-18.0,-53.0,-99.0,8.0,-13.0,-175.0,18.76,32.0,-75.7,-19.67,-22.78,-87.17,-15.379999999999999,-53.18,-70.7,-13.690000000000001,-39.59,-158.29
2025-08-13T16:53:40.842157,-49.0,40.0,-35.0,58.0,5.0,-117.0,108.0,-33.0,-104.0,39.0,31.0,-94.0,-76.24,35.0,-19.7,31.33,-1.7800000000000002,-89.17,110.62,-33.18,-75.7,17.31,4.41,-77.28999999999999
2025-08-13T16:53:40.846186,6.0,47.0,-39.0,15.0,-13.0,-55.0,-74.0,-32.0,-64.0,-58.0,41.0,-93.0,-21.24,42.0,-23.7,-11.670000000000002,-19.78,-27.17,-71.38,-32.18,-35.7,-79.69,14.41,-76.28999999999999
2025-08-13T16:53:40.854574,-9.0,37.0,-24.0,58.0,-12.0,-78.0,-60.0,-19.0,-65.0,-68.0,19.0,-75.0,-36.239999999999995,32.0,-8.7,31.33,-18.78,-50.17,-57.38,-19.18,-36.7,-89.69,-7.59,-58.29
2025-08-13T16:53:40.859068,17.0,28.0,-21.0,6.0,1.0,-72.0,-46.0,-15.0,-128.0,17.0,58.0,15.0,-10.239999999999998,23.0,-5.699999999999999,-20.67,-5.78,-44.17,-43.38,-15.18,-99.7,-4.690000000000001,31.41,31.71
2025-08-13T16:53:40.866600,73.0,-9.0,-111.0,69.0,20.0,-58.0,-73.0,-45.0,-115.0,29.0,35.0,-101.0,45.760000000000005,-14.0,-95.7,42.33,13.219999999999999,-30.17,-70.38,-45.18,-86.7,7.309999999999999,8.41,-84.28999999999999
2025-08-13T16:53:40.871039,47.0,70.0,-1.0,25.0,14.0,-77.0,10.0,2.0,-99.0,16.0,93.0,-17.0,19.76,65.0,14.3,-1.6700000000000017,7.22,-49.17,12.620000000000001,1.82,-70.7,-5.690000000000001,66.41,-0.28999999999999915
2025-08-13T16:53:40.878726,32.0,45.0,-141.0,31.0,25.0,-99.0,3.0,-66.0,-108.0,91.0,116.0,-85.0,4.760000000000002,40.0,-125.7,4.329999999999998,18.22,-71.17,5.62,-66.18,-79.7,69.31,89.41,-68.28999999999999
2025-08-13T16:53:40.883237,113.0,4.0,-96.0,109.0,10.0,-81.0,-15.0,32.0,-35.0,39.0,17.0,-58.0,85.76,-1.0,-80.7,82.33,3.2199999999999998,-53.17,-12.379999999999999,31.82,-6.699999999999999,17.31,-9.59,-41.29
2025-08-13T16:53:40.890992,25.0,-39.0,-137.0,26.0,32.0,-128.0,-74.0,-27.0,13.0,-6.0,-6.0,-90.0,-2.2399999999999984,-44.0,-121.7,-0.6700000000000017,25.22,-100.17,-71.38,-27.18,41.3,-27.69,-32.59,-73.28999999999999
2025-08-13T16:53:40.895618,42.0,51.0,-16.0,64.0,5.0,-81.0,-16.0,-41.0,-135.0,38.0,30.0,-114.0,14.760000000000002,46.0,-0.6999999999999993,37.33,-1.7800000000000002,-53.17,-13.379999999999999,-41.18,-106.7,16.31,3.41,-97.28999999999999
2025-08-13T16:53:40.903378,-29.0,7.0,-63.0,26.0,24.0,-81.0,-33.0,-18.0,-98.0,26.0,62.0,-50.0,-56.239999999999995,2.0,-47.7,-0.6700000000000017,17.22,-53.17,-30.38,-18.18,-69.7,4.309999999999999,35.41,-33.29
2025-08-13T16:53:40.907876,-6.0,17.0,-39.0,56.0,-7.0,-50.0,-17.0,46.0,-165.0,-16.0,45.0,-90.0,-33.239999999999995,12.0,-23.7,29.33,-13.780000000000001,-22.17,-14.379999999999999,45.82,-136.7,-37.69,18.41,-73.28999999999999
2025-08-13T16:53:40.915743,29.0,16.0,-46.0,-8.0,-23.0,-50.0,-33.0,-24.0,-19.0,61.0,85.0,-60.0,1.7600000000000016,11.0,-30.7,-34.67,-29.78,-22.17,-30.38,-24.18,9.3,39.31,58.41,-43.29
2025-08-13T16:53:40.920158,-55.0,45.0,-48.0,0.0,52.0,-139.0,-2.0,-11.0,-97.0,51.0,23.0,-79.0,-82.24,40.0,-32.7,-26.67,45.22,-111.17,0.6200000000000001,-11.18,-68.7,29.31,-3.59,-62.29
2025-08-13T16:53:40.928386,59.0,99.0,-82.0,-54.0,20.0,-73.0,-25.0,-48.0,-70.0,47.0,6.0,-100.0,31.76,94.0,-66.7,-80.67,13.219999999999999,-45.17,-22.38,-48.18,-41.7,25.31,-20.59,-83.28999999999999
2025-08-13T16:53:40.932847,30.0,71.0,-87.0,35.0,21.0,-75.0,6.0,73.0,-81.0,32.0,48.0,-50.0,2.7600000000000016,66.0,-71.7,8.329999999999998,14.219999999999999,-47.17,8.620000000000001,72.82,-52.7,10.309999999999999,21.41,-33.29
2025-08-13T16:53:40.940182,78.0,6.0,-97.0,25.0,37.0,-83.0,-38.0,52.0,-9.0,5.0,43.0,-120.0,50.760000000000005,1.0,-81.7,-1.6700000000000017,30.22,-55.17,-35.38,51.82,19.3,-16.69,16.41,-103.28999999999999
2025-08-13T16:53:40.944918,29.0,7.0,-80.0,41.0,17.0,-73.0,-28.0,42.0,-106.0,-8.0,-6.0,-24.0,1.7600000000000016,2.0,-64.7,14.329999999999998,10.219999999999999,-45.17,-25.38,41.82,-77.7,-29.69,-32.59,-7.289999999999999
2025-08-13T16:53:40.952531,12.0,-33.0,-98.0,63.0,-6.0,-71.0,-28.0,123.0,-73.0,34.0,28.0,-29.0,-15.239999999999998,-38.0,-82.7,36.33,-12.780000000000001,-43.17,-25.38,122.82,-44.7,12.309999999999999,1.4100000000000001,-12.29
2025-08-13T16:53:40.957129,98.0,-17.0,-58.0,25.0,22.0,-91.0,-37.0,10.0,-135.0,7.0,36.0,-24.0,70.76,-22.0,-42.7,-1.6700000000000017,15.219999999999999,-63.17,-34.38,9.82,-106.7,-14.690000000000001,9.41,-7.289999999999999
2025-08-13T16:53:40.965239,45.0,88.0,-63.0,51.0,85.0,-101.0,-19.0,-39.0,-43.0,13.0,40.0,-61.0,17.76,83.0,-47.7,24.33,78.22,-73.17,-16.38,-39.18,-14.7,-8.690000000000001,13.41,-44.29
2025-08-13T16:53:40.969358,84.0,18.0,-140.0,55.0,-31.0,-48.0,15.0,-45.0,-88.0,61.0,15.0,-73.0,56.760000000000005,13.0,-124.7,28.33,-37.78,-20.17,17.62,-45.18,-59.7,39.31,-11.59,-56.29
2025-08-13T16:53:40.977069,41.0,-2.0,-34.0,88.0,2.0,-88.0,-15.0,-28.0,-38.0,24.0,-21.0,-68.0,13.760000000000002,-7.0,-18.7,61.33,-4.78,-60.17,-12.379999999999999,-28.18,-9.7,2.3099999999999987,-47.59,-51.29
2025-08-13T16:53:40.983307,112.0,38.0,-87.0,55.0,35.0,-67.0,-68.0,62.0,-65.0,2.0,35.0,-98.0,84.76,33.0,-71.7,28.33,28.22,-39.17,-65.38,61.82,-36.7,-19.69,8.41,-81.28999999999999
2025-08-13T16:53:40.989159,-15.0,8.0,-49.0,-2.0,89.0,-48.0,-50.0,-10.0,-105.0,27.0,68.0,-42.0,-42.239999999999995,3.0,-33.7,-28.67,82.22,-20.17,-47.38,-10.18,-76.7,5.309999999999999,41.41,-25.29
2025-08-13T16:53:40.995776,112.0,20.0,-111.0,58.0,-12.0,-149.0,-36.0,-23.0,-41.0,21.0,67.0,-82.0,84.76,15.0,-95.7,31.33,-18.78,-121.17,-33.38,-23.18,-12.7,-0.6900000000000013,40.41,-65.28999999999999
2025-08-13T16:53:41.001529,-59.0,73.0,-49.0,100.0,-7.0,-89.0,-37.0,14.0,-44.0,65.0,3.0,20.0,-86.24,68.0,-33.7,73.33,-13.780000000000001,-61.17,-34.38,13.82,-15.7,43.31,-23.59,36.71
2025-08-13T16:53:41.007857,2.0,64.0,-63.0,63.0,80.0,-36.0,-86.0,7.0,-118.0,13.0,21.0,-34.0,-25.24,59.0,-47.7,36.33,73.22,-8.170000000000002,-83.38,6.82,-89.7,-8.690000000000001,-5.59,-17.29
2025-08-13T16:53:41.013808,32.0,46.0,-58.0,25.0,79.0,-56.0,-21.0,49.0,-19.0,64.0,2.0,-102.0,4.760000000000002,41.0,-42.7,-1.6700000000000017,72.22,-28.17,-18.38,48.82,9.3,42.31,-24.59,-85.28999999999999
2025-08-13T16:53:41.019917,36.0,60.0,-85.0,52.0,14.0,-39.0,-53.0,29.0,-103.0,35.0,46.0,0.0,8.760000000000002,55.0,-69.7,25.33,7.22,-11.170000000000002,-50.38,28.82,-74.7,13.309999999999999,19.41,16.71
2025-08-13T16:53:41.025991,-14.0,66.0,-49.0,3.0,50.0,-15.0,14.0,-45.0,-123.0,13.0,-28.0,-16.0,-41.239999999999995,61.0,-33.7,-23.67,43.22,12.829999999999998,16.62,-45.18,-94.7,-8.690000000000001,-54.59,0.7100000000000009
2025-08-13T16:53:41.032689,11.0,-14.0,-120.0,-22.0,31.0,-47.0,-58.0,12.0,-40.0,35.0,9.0,-44.0,-16.24,-19.0,-104.7,-48.67,24.22,-19.17,-55.38,11.82,-11.7,13.309999999999999,-17.59,-27.29
2025-08-13T16:53:41.038399,14.0,6.0,-67.0,61.0,8.0,-87.0,-10.0,-96.0,-59.0,-38.0,70.0,-46.0,-13.239999999999998,1.0,-51.7,34.33,1.2199999999999998,-59.17,-7.38,-96.18,-30.7,-59.69,43.41,-29.29
2025-08-13T16:53:41.042703,-2.0,-2.0,-51.0,46.0,-40.0,-91.0,-20.0,-45.0,-61.0,-52.0,77.0,-123.0,-29.24,-7.0,-35.7,19.33,-46.78,-63.17,-17.38,-45.18,-32.7,-73.69,50.41,-106.28999999999999
2025-08-13T16:53:41.050506,-2.0,-48.0,-46.0,40.0,-34.0,-26.0,6.0,6.0,-34.0,26.0,85.0,-74.0,-29.24,-53.0,-30.7,13.329999999999998,-40.78,1.8299999999999983,8.620000000000001,5.82,-5.699999999999999,4.309999999999999,58.41,-57.29
2025-08-13T16:53:41.054891,-43.0,46.0,-7.0,0.0,10.0,10.0,-29.0,22.0,-68.0,7.0,16.0,-78.0,-70.24,41.0,8.3,-26.67,3.2199999999999998,37.83,-26.38,21.82,-39.7,-14.690000000000001,-10.59,-61.29
2025-08-13T16:53:41.062686,2.0,-29.0,-52.0,28.0,24.0,-134.0,-33.0,32.0,-53.0,78.0,67.0,-30.0,-25.24,-34.0,-36.7,1.3299999999999983,17.22,-106.17,-30.38,31.82,-24.7,56.31,40.41,-13.29
2025-08-13T16:53:41.067386,37.0,-19.0,-48.0,68.0,18.0,-42.0,-45.0,14.0,-106.0,-1.0,-9.0,-42.0,9.760000000000002,-24.0,-32.7,41.33,11.219999999999999,-14.170000000000002,-42.38,13.82,-77.7,-22.69,-35.59,-25.29
2025-08-13T16:53:41.075239,46.0,7.0,-72.0,54.0,33.0,-30.0,-14.0,50.0,-44.0,25.0,-13.0,-78.0,18.76,2.0,-56.7,27.33,26.22,-2.1700000000000017,-11.379999999999999,49.82,-15.7,3.3099999999999987,-39.59,-61.29
2025-08-13T16:53:41.079474,28.0,59.0,-35.0,-8.0,29.0,-98.0,-2.0,10.0,-100.0,43.0,62.0,-73.0,0.7600000000000016,54.0,-19.7,-34.67,22.22,-70.17,0.6200000000000001,9.82,-71.7,21.31,35.41,-56.29
2025-08-13T16:53:41.083854,-13.0,6.0,-52.0,2.0,-26.0,-78.0,-3.0,12.0,-41.0,59.0,33.0,-39.0,-40.239999999999995,1.0,-36.7,-24.67,-32.78,-50.17,-0.3799999999999999,11.82,-12.7,37.31,6.41,-22.29
2025-08-13T16:53:41.091860,-8.0,43.0,-31.0,52.0,-59.0,-66.0,-48.0,28.0,-35.0,0.0,12.0,-42.0,-35.239999999999995,38.0,-15.7,25.33,-65.78,-38.17,-45.38,27.82,-6.699999999999999,-21.69,-14.59,-25.29
2025-08-13T16:53:41.096051,19.0,8.0,-34.0,26.0,29.0,-98.0,-41.0,34.0,-73.0,48.0,8.0,-72.0,-8.239999999999998,3.0,-18.7,-0.6700000000000017,22.22,-70.17,-38.38,33.82,-44.7,26.31,-18.59,-55.29
2025-08-13T16:53:41.103932,23.0,20.0,-5.0,50.0,-21.0,-42.0,0.0,19.0,-77.0,-17.0,30.0,-133.0,-4.239999999999998,15.0,10.3,23.33,-27.78,-14.170000000000002,2.62,18.82,-48.7,-38.69,3.41,-116.28999999999999
2025-08-13T16:53:41.108331,-1.0,6.0,-28.0,80.0,-5.0,-29.0,-18.0,-13.0,-67.0,61.0,30.0,-35.0,-28.24,1.0,-12.7,53.33,-11.780000000000001,-1.1700000000000017,-15.379999999999999,-13.18,-38.7,39.31,3.41,-18.29
2025-08-13T16:53:41.116316,28.0,58.0,13.0,51.0,42.0,5.0,-50.0,-38.0,-38.0,9.0,90.0,-27.0,0.7600000000000016,53.0,28.3,24.33,35.22,32.83,-47.38,-38.18,-9.7,-12.690000000000001,63.41,-10.29
2025-08-13T16:53:41.120602,-17.0,-9.0,-6.0,8.0,75.0,-54.0,-18.0,-16.0,-78.0,19.0,7.0,-42.0,-44.239999999999995,-14.0,9.3,-18.67,68.22,-26.17,-15.379999999999999,-16.18,-49.7,-2.6900000000000013,-19.59,-25.29
2025-08-13T16:53:41.128504,-3.0,-2.0,-33.0,45.0,55.0,-44.0,55.0,43.0,-98.0,-5.0,37.0,-9.0,-30.24,-7.0,-17.7,18.33,48.22,-16.17,57.62,42.82,-69.7,-26.69,10.41,7.710000000000001
2025-08-13T16:53:41.133741,-26.0,50.0,-54.0,-45.0,15.0,-53.0,42.0,31.0,0.0,62.0,56.0,-10.0,-53.239999999999995,45.0,-38.7,-71.67,8.219999999999999,-25.17,44.62,30.82,28.3,40.31,29.41,6.710000000000001
2025-08-13T16:53:41.140734,42.0,51.0,-31.0,66.0,-9.0,-94.0,-48.0,13.0,-39.0,23.0,82.0,-18.0,14.760000000000002,46.0,-15.7,39.33,-15.780000000000001,-66.17,-45.38,12.82,-10.7,1.3099999999999987,55.41,-1.2899999999999991
2025-08-13T16:53:41.145827,-1.0,11.0,-38.0,45.0,-10.0,-34.0,-34.0,5.0,-38.0,-11.0,-20.0,-58.0,-28.24,6.0,-22.7,18.33,-16.78,-6.170000000000002,-31.38,4.82,-9.7,-32.69,-46.59,-41.29
2025-08-13T16:53:41.153031,83.0,47.0,-50.0,19.0,-46.0,-53.0,-33.0,-43.0,-21.0,34.0,-4.0,-16.0,55.760000000000005,42.0,-34.7,-7.670000000000002,-52.78,-25.17,-30.38,-43.18,7.300000000000001,12.309999999999999,-30.59,0.7100000000000009
2025-08-13T16:53:41.157380,62.0,-51.0,-71.0,74.0,-4.0,-23.0,33.0,-16.0,-63.0,41.0,9.0,-37.0,34.760000000000005,-56.0,-55.7,47.33,-10.780000000000001,4.829999999999998,35.62,-16.18,-34.7,19.31,-17.59,-20.29
2025-08-13T16:53:41.165527,36.0,-18.0,-120.0,-13.0,-40.0,-37.0,-42.0,-36.0,-50.0,39.0,12.0,-79.0,8.760000000000002,-23.0,-104.7,-39.67,-46.78,-9.170000000000002,-39.38,-36.18,-21.7,17.31,-14.59,-62.29
2025-08-13T16:53:41.170285,69.0,-21.0,-66.0,50.0,4.0,-46.0,-62.0,9.0,-38.0,-2.0,71.0,-16.0,41.760000000000005,-26.0,-50.7,23.33,-2.7800000000000002,-18.17,-59.38,8.82,-9.7,-23.69,44.41,0.7100000000000009
2025-08-13T16:53:41.177643,29.0,52.0,-32.0,45.0,9.0,-96.0,27.0,1.0,-20.0,89.0,76.0,-41.0,1.7600000000000016,47.0,-16.7,18.33,2.2199999999999998,-68.17,29.62,0.8200000000000001,8.3,67.31,49.41,-24.29
2025-08-13T16:53:41.182412,98.0,4.0,38.0,25.0,12.0,-94.0,-40.0,-1.0,-92.0,28.0,31.0,-38.0,70.76,-1.0,53.3,-1.6700000000000017,5.22,-66.17,-37.38,-1.18,-63.7,6.309999999999999,4.41,-21.29
2025-08-13T16:53:41.189866,116.0,-15.0,22.0,56.0,3.0,-43.0,-22.0,21.0,-63.0,27.0,106.0,-27.0,88.76,-20.0,37.3,29.33,-3.7800000000000002,-15.170000000000002,-19.38,20.82,-34.7,5.309999999999999,79.41,-10.29
2025-08-13T16:53:41.194294,7.0,9.0,-13.0,52.0,16.0,-94.0,20.0,0.0,-47.0,77.0,-39.0,-103.0,-20.24,4.0,2.3000000000000007,25.33,9.219999999999999,-66.17,22.62,-0.18,-18.7,55.31,-65.59,-86.28999999999999
2025-08-13T16:53:41.202268,-1.0,56.0,-67.0,13.0,-17.0,-37.0,-9.0,31.0,-50.0,-60.0,54.0,-12.0,-28.24,51.0,-51.7,-13.670000000000002,-23.78,-9.170000000000002,-6.38,30.82,-21.7,-81.69,27.41,4.710000000000001
2025-08-13T16:53:41.206449,-17.0,-2.0,-44.0,27.0,91.0,-55.0,-39.0,9.0,-105.0,67.0,2.0,-32.0,-44.239999999999995,-7.0,-28.7,0.3299999999999983,84.22,-27.17,-36.38,8.82,-76.7,45.31,-24.59,-15.29
2025-08-13T16:53:41.214410,23.0,-12.0,-31.0,58.0,40.0,-89.0,-17.0,14.0,-12.0,65.0,52.0,6.0,-4.239999999999998,-17.0,-15.7,31.33,33.22,-61.17,-14.379999999999999,13.82,16.3,43.31,25.41,22.71
2025-08-13T16:53:41.218944,2.0,62.0,22.0,24.0,-20.0,-66.0,59.0,53.0,-74.0,48.0,50.0,-67.0,-25.24,57.0,37.3,-2.6700000000000017,-26.78,-38.17,61.62,52.82,-45.7,26.31,23.41,-50.29
2025-08-13T16:53:41.226867,-13.0,-6.0,-18.0,14.0,-20.0,1.0,-44.0,14.0,-59.0,80.0,41.0,-58.0,-40.239999999999995,-11.0,-2.6999999999999993,-12.670000000000002,-26.78,28.83,-41.38,13.82,-30.7,58.31,14.41,-41.29
2025-08-13T16:53:41.231094,28.0,33.0,33.0,82.0,13.0,-85.0,38.0,2.0,-90.0,14.0,58.0,28.0,0.7600000000000016,28.0,48.3,55.33,6.22,-57.17,40.62,1.82,-61.7,-7.690000000000001,31.41,44.71
2025-08-13T16:53:41.239409,-47.0,-39.0,21.0,12.0,37.0,-68.0,-3.0,-70.0,-41.0,-3.0,79.0,-51.0,-74.24,-44.0,36.3,-14.670000000000002,30.22,-40.17,-0.3799999999999999,-70.18,-12.7,-24.69,52.41,-34.29
2025-08-13T16:53:41.246121,-33.0,18.0,41.0,30.0,25.0,10.0,21.0,14.0,-9.0,83.0,1.0,-56.0,-60.239999999999995,13.0,56.3,3.3299999999999983,18.22,37.83,23.62,13.82,19.3,61.31,-25.59,-39.29
2025-08-13T16:53:41.251228,55.0,5.0,16.0,20.0,96.0,-34.0,3.0,-17.0,-37.0,-18.0,-15.0,-52.0,27.76,0.0,31.3,-6.670000000000002,89.22,-6.170000000000002,5.62,-17.18,-8.7,-39.69,-41.59,-35.29
2025-08-13T16:53:41.255475,54.0,3.0,33.0,20.0,22.0,-106.0,-5.0,-73.0,-86.0,-24.0,9.0,0.0,26.76,-2.0,48.3,-6.670000000000002,15.219999999999999,-78.17,-2.38,-73.18,-57.7,-45.69,-17.59,16.71
2025-08-13T16:53:41.260286,17.0,-3.0,-11.0,46.0,12.0,-85.0,-84.0,-64.0,-63.0,29.0,42.0,-56.0,-10.239999999999998,-8.0,4.300000000000001,19.33,5.22,-57.17,-81.38,-64.18,-34.7,7.309999999999999,15.41,-39.29
2025-08-13T16:53:41.267733,-38.0,11.0,-1.0,11.0,52.0,-42.0,-25.0,12.0,22.0,14.0,21.0,-2.0,-65.24,6.0,14.3,-15.670000000000002,45.22,-14.170000000000002,-22.38,11.82,50.3,-7.690000000000001,-5.59,14.71
2025-08-13T16:53:41.274222,17.0,-11.0,-19.0,1.0,-52.0,-80.0,-9.0,-13.0,27.0,47.0,96.0,73.0,-10.239999999999998,-16.0,-3.6999999999999993,-25.67,-58.78,-52.17,-6.38,-13.18,55.3,25.31,69.41,89.71000000000001
2025-08-13T16:53:41.280010,-15.0,143.0,11.0,-2.0,94.0,-47.0,34.0,10.0,3.0,40.0,-21.0,-10.0,-42.239999999999995,138.0,26.3,-28.67,87.22,-19.17,36.62,9.82,31.3,18.31,-47.59,6.710000000000001
2025-08-13T16:53:41.286511,-37.0,-2.0,-53.0,105.0,57.0,25.0,-87.0,69.0,-61.0,45.0,43.0,-29.0,-64.24,-7.0,-37.7,78.33,50.22,52.83,-84.38,68.82,-32.7,23.31,16.41,-12.29
2025-08-13T16:53:41.292403,-18.0,96.0,-40.0,18.0,-1.0,-57.0,-5.0,-23.0,5.0,31.0,76.0,-17.0,-45.239999999999995,91.0,-24.7,-8.670000000000002,-7.78,-29.17,-2.38,-23.18,33.3,9.309999999999999,49.41,-0.28999999999999915
2025-08-13T16:53:41.297451,-19.0,52.0,-50.0,32.0,30.0,-77.0,20.0,-14.0,-21.0,37.0,75.0,-40.0,-46.239999999999995,47.0,-34.7,5.329999999999998,23.22,-49.17,22.62,-14.18,7.300000000000001,15.309999999999999,48.41,-23.29
2025-08-13T16:53:41.304625,45.0,18.0,-79.0,80.0,37.0,-73.0,-32.0,1.0,-40.0,8.0,33.0,-113.0,17.76,13.0,-63.7,53.33,30.22,-45.17,-29.38,0.8200000000000001,-11.7,-13.690000000000001,6.41,-96.28999999999999
2025-08-13T16:53:41.309933,11.0,12.0,-97.0,31.0,-26.0,-26.0,71.0,-48.0,-90.0,8.0,-13.0,-46.0,-16.24,7.0,-81.7,4.329999999999998,-32.78,1.8299999999999983,73.62,-48.18,-61.7,-13.690000000000001,-39.59,-29.29
2025-08-13T16:53:41.316798,35.0,30.0,-63.0,-8.0,74.0,-17.0,-18.0,-23.0,-61.0,50.0,25.0,-86.0,7.760000000000002,25.0,-47.7,-34.67,67.22,10.829999999999998,-15.379999999999999,-23.18,-32.7,28.31,-1.5899999999999999,-69.28999999999999
2025-08-13T16:53:41.321183,37.0,13.0,24.0,52.0,-1.0,-24.0,69.0,-60.0,-47.0,55.0,-7.0,-74.0,9.760000000000002,8.0,39.3,25.33,-7.78,3.8299999999999983,71.62,-60.18,-18.7,33.31,-33.59,-57.29
2025-08-13T16:53:41.329252,26.0,17.0,-56.0,-24.0,25.0,-38.0,24.0,-40.0,-102.0,47.0,5.0,-64.0,-1.2399999999999984,12.0,-40.7,-50.67,18.22,-10.170000000000002,26.62,-40.18,-73.7,25.31,-21.59,-47.29
2025-08-13T16:53:41.333631,49.0,-37.0,-81.0,3.0,9.0,-3.0,3.0,-15.0,13.0,49.0,-67.0,-96.0,21.76,-42.0,-65.7,-23.67,2.2199999999999998,24.83,5.62,-15.18,41.3,27.31,-93.59,-79.28999999999999
2025-08-13T16:53:41.341569,53.0,53.0,-42.0,28.0,-24.0,-88.0,59.0,-81.0,-27.0,-6.0,37.0,12.0,25.76,48.0,-26.7,1.3299999999999983,-30.78,-60.17,61.62,-81.18,1.3000000000000007,-27.69,10.41,28.71
2025-08-13T16:53:41.345881,68.0,25.0,-114.0,2.0,32.0,-46.0,-11.0,-81.0,21.0,44.0,96.0,-13.0,40.760000000000005,20.0,-98.7,-24.67,25.22,-18.17,-8.379999999999999,-81.18,49.3,22.31,69.41,3.710000000000001
2025-08-13T16:53:41.353750,52.0,13.0,-58.0,10.0,51.0,-11.0,24.0,-30.0,-8.0,-45.0,9.0,27.0,24.76,8.0,-42.7,-16.67,44.22,16.83,26.62,-30.18,20.3,-66.69,-17.59,43.71
2025-08-13T16:53:41.358824,-11.0,13.0,18.0,21.0,44.0,-57.0,-29.0,14.0,43.0,53.0,55.0,-19.0,-38.239999999999995,8.0,33.3,-5.670000000000002,37.22,-29.17,-26.38,13.82,71.3,31.31,28.41,-2.289999999999999
2025-08-13T16:53:41.365942,66.0,35.0,-22.0,58.0,-3.0,-67.0,15.0,19.0,-95.0,88.0,23.0,47.0,38.760000000000005,30.0,-6.699999999999999,31.33,-9.780000000000001,-39.17,17.62,18.82,-66.7,66.31,-3.59,63.71
2025-08-13T16:53:41.370464,19.0,-38.0,20.0,21.0,93.0,-34.0,-46.0,25.0,15.0,7.0,61.0,30.0,-8.239999999999998,-43.0,35.3,-5.670000000000002,86.22,-6.170000000000002,-43.38,24.82,43.3,-14.690000000000001,34.41,46.71
2025-08-13T16:53:41.378405,15.0,-59.0,25.0,97.0,25.0,-104.0,47.0,-2.0,-120.0,39.0,51.0,-35.0,-12.239999999999998,-64.0,40.3,70.33,18.22,-76.17,49.62,-2.18,-91.7,17.31,24.41,-18.29
2025-08-13T16:53:41.382778,-3.0,-10.0,-24.0,42.0,4.0,-28.0,-87.0,-7.0,-21.0,53.0,112.0,-40.0,-30.24,-15.0,-8.7,15.329999999999998,-2.7800000000000002,-0.1700000000000017,-84.38,-7.18,7.300000000000001,31.31,85.41,-23.29
2025-08-13T16:53:41.390493,-40.0,40.0,-64.0,0.0,36.0,-26.0,-64.0,-80.0,-44.0,95.0,-1.0,-49.0,-67.24,35.0,-48.7,-26.67,29.22,1.8299999999999983,-61.38,-80.18,-15.7,73.31,-27.59,-32.29
2025-08-13T16:53:41.395012,-2.0,71.0,-7.0,-14.0,77.0,-96.0,-27.0,56.0,-6.0,43.0,12.0,-49.0,-29.24,66.0,8.3,-40.67,70.22,-68.17,-24.38,55.82,22.3,21.31,-14.59,-32.29
2025-08-13T16:53:41.402771,12.0,63.0,-22.0,44.0,-55.0,-51.0,54.0,-4.0,-30.0,41.0,50.0,6.0,-15.239999999999998,58.0,-6.699999999999999,17.33,-61.78,-23.17,56.62,-4.18,-1.6999999999999993,19.31,23.41,22.71
2025-08-13T16:53:41.407206,18.0,3.0,-73.0,-53.0,44.0,-58.0,-2.0,-41.0,-72.0,7.0,20.0,-17.0,-9.239999999999998,-2.0,-57.7,-79.67,37.22,-30.17,0.6200000000000001,-41.18,-43.7,-14.690000000000001,-6.59,-0.28999999999999915
2025-08-13T16:53:41.415131,-10.0,104.0,-25.0,1.0,26.0,-59.0,6.0,-15.0,-52.0,-10.0,91.0,-22.0,-37.239999999999995,99.0,-9.7,-25.67,19.22,-31.17,8.620000000000001,-15.18,-23.7,-31.69,64.41,-5.289999999999999
2025-08-13T16:53:41.419461,59.0,38.0,-30.0,-17.0,72.0,-81.0,-38.0,22.0,-46.0,32.0,30.0,40.0,31.76,33.0,-14.7,-43.67,65.22,-53.17,-35.38,21.82,-17.7,10.309999999999999,3.41,56.71
2025-08-13T16:53:41.427617,49.0,56.0,-56.0,93.0,-1.0,-68.0,-46.0,20.0,-30.0,12.0,91.0,-69.0,21.76,51.0,-40.7,66.33,-7.78,-40.17,-43.38,19.82,-1.6999999999999993,-9.690000000000001,64.41,-52.29
2025-08-13T16:53:41.431863,109.0,-19.0,-7.0,-25.0,-27.0,-20.0,-2.0,77.0,-43.0,3.0,109.0,-63.0,81.76,-24.0,8.3,-51.67,-33.78,7.829999999999998,0.6200000000000001,76.82,-14.7,-18.69,82.41,-46.29
2025-08-13T16:53:41.439558,-13.0,-18.0,-63.0,13.0,42.0,-22.0,33.0,11.0,-24.0,22.0,45.0,-73.0,-40.239999999999995,-23.0,-47.7,-13.670000000000002,35.22,5.829999999999998,35.62,10.82,4.300000000000001,0.3099999999999987,18.41,-56.29
2025-08-13T16:53:41.444258,-14.0,-58.0,66.0,-12.0,119.0,-74.0,-43.0,-19.0,-53.0,-13.0,-13.0,-37.0,-41.239999999999995,-63.0,81.3,-38.67,112.22,-46.17,-40.38,-19.18,-24.7,-34.69,-39.59,-20.29
2025-08-13T16:53:41.451799,22.0,40.0,53.0,-26.0,64.0,-25.0,10.0,18.0,20.0,19.0,76.0,-87.0,-5.239999999999998,35.0,68.3,-52.67,57.22,2.8299999999999983,12.620000000000001,17.82,48.3,-2.6900000000000013,49.41,-70.28999999999999
2025-08-13T16:53:41.456573,101.0,-26.0,-2.0,-11.0,-56.0,-9.0,29.0,-32.0,-50.0,-9.0,-13.0,6.0,73.76,-31.0,13.3,-37.67,-62.78,18.83,31.62,-32.18,-21.7,-30.69,-39.59,22.71
2025-08-13T16:53:41.464160,-30.0,-39.0,-20.0,25.0,-7.0,-42.0,19.0,37.0,-89.0,17.0,28.0,-48.0,-57.239999999999995,-44.0,-4.699999999999999,-1.6700000000000017,-13.780000000000001,-14.170000000000002,21.62,36.82,-60.7,-4.690000000000001,1.4100000000000001,-31.29
2025-08-13T16:53:41.468541,12.0,-41.0,-30.0,2.0,52.0,-56.0,24.0,26.0,-57.0,56.0,52.0,16.0,-15.239999999999998,-46.0,-14.7,-24.67,45.22,-28.17,26.62,25.82,-28.7,34.31,25.41,32.71
2025-08-13T16:53:41.476530,-25.0,44.0,26.0,-40.0,72.0,-12.0,44.0,22.0,-76.0,-16.0,60.0,34.0,-52.239999999999995,39.0,41.3,-66.67,65.22,15.829999999999998,46.62,21.82,-47.7,-37.69,33.41,50.71
2025-08-13T16:53:41.480813,-16.0,70.0,21.0,66.0,2.0,-94.0,41.0,-7.0,-34.0,46.0,36.0,-82.0,-43.239999999999995,65.0,36.3,39.33,-4.78,-66.17,43.62,-7.18,-5.699999999999999,24.31,9.41,-65.28999999999999
2025-08-13T16:53:41.488595,1.0,-2.0,-92.0,-18.0,41.0,3.0,-12.0,-43.0,-35.0,14.0,37.0,-64.0,-26.24,-7.0,-76.7,-44.67,34.22,30.83,-9.379999999999999,-43.18,-6.699999999999999,-7.690000000000001,10.41,-47.29
2025-08-13T16:53:41.493056,67.0,28.0,-53.0,40.0,-14.0,-20.0,-2.0,48.0,-29.0,57.0,56.0,-64.0,39.760000000000005,23.0,-37.7,13.329999999999998,-20.78,7.829999999999998,0.6200000000000001,47.82,-0.6999999999999993,35.31,29.41,-47.29
2025-08-13T16:53:41.497450,-9.0,-13.0,45.0,-1.0,85.0,-47.0,27.0,-49.0,-35.0,46.0,-19.0,19.0,-36.239999999999995,-18.0,60.3,-27.67,78.22,-19.17,29.62,-49.18,-6.699999999999999,24.31,-45.59,35.71
2025-08-13T16:53:41.505275,14.0,23.0,-23.0,2.0,52.0,-34.0,-18.0,-63.0,-8.0,5.0,8.0,-55.0,-13.239999999999998,18.0,-7.699999999999999,-24.67,45.22,-6.170000000000002,-15.379999999999999,-63.18,20.3,-16.69,-18.59,-38.29
2025-08-13T16:53:41.509571,112.0,16.0,-13.0,54.0,38.0,-65.0,-7.0,0.0,-60.0,32.0,48.0,25.0,84.76,11.0,2.3000000000000007,27.33,31.22,-37.17,-4.38,-0.18,-31.7,10.309999999999999,21.41,41.71
2025-08-13T16:53:41.517798,28.0,37.0,-31.0,103.0,36.0,-25.0,-36.0,33.0,-114.0,78.0,35.0,-25.0,0.7600000000000016,32.0,-15.7,76.33,29.22,2.8299999999999983,-33.38,32.82,-85.7,56.31,8.41,-8.29
2025-08-13T16:53:41.521886,69.0,-10.0,-35.0,64.0,18.0,-5.0,-7.0,25.0,-9.0,120.0,0.0,-55.0,41.760000000000005,-15.0,-19.7,37.33,11.219999999999999,22.83,-4.38,24.82,19.3,98.31,-26.59,-38.29
2025-08-13T16:53:41.529946,52.0,-22.0,-21.0,2.0,-1.0,-64.0,-80.0,17.0,40.0,57.0,77.0,-17.0,24.76,-27.0,-5.699999999999999,-24.67,-7.78,-36.17,-77.38,16.82,68.3,35.31,50.41,-0.28999999999999915
2025-08-13T16:53:41.534434,65.0,-32.0,-8.0,-8.0,2.0,-68.0,25.0,38.0,-4.0,67.0,67.0,18.0,37.760000000000005,-37.0,7.300000000000001,-34.67,-4.78,-40.17,27.62,37.82,24.3,45.31,40.41,34.71
2025-08-13T16:53:41.542588,13.0,-36.0,-54.0,69.0,29.0,-72.0,-32.0,-21.0,-37.0,51.0,15.0,-41.0,-14.239999999999998,-41.0,-38.7,42.33,22.22,-44.17,-29.38,-21.18,-8.7,29.31,-11.59,-24.29
2025-08-13T16:53:41.546389,45.0,37.0,73.0,34.0,-20.0,-20.0,18.0,5.0,-65.0,36.0,69.0,-14.0,17.76,32.0,88.3,7.329999999999998,-26.78,7.829999999999998,20.62,4.82,-36.7,14.309999999999999,42.41,2.710000000000001
2025-08-13T16:53:41.554412,134.0,14.0,48.0,25.0,5.0,-23.0,-21.0,-42.0,11.0,16.0,26.0,-85.0,106.76,9.0,63.3,-1.6700000000000017,-1.7800000000000002,4.829999999999998,-18.38,-42.18,39.3,-5.690000000000001,-0.5899999999999999,-68.28999999999999
2025-08-13T16:53:41.559296,0.0,-38.0,37.0,-11.0,23.0,-31.0,29.0,-9.0,6.0,15.0,-4.0,5.0,-27.24,-43.0,52.3,-37.67,16.22,-3.1700000000000017,31.62,-9.18,34.3,-6.690000000000001,-30.59,21.71
2025-08-13T16:53:41.566700,26.0,-53.0,-13.0,10.0,45.0,-18.0,-3.0,-22.0,-57.0,79.0,15.0,11.0,-1.2399999999999984,-58.0,2.3000000000000007,-16.67,38.22,9.829999999999998,-0.3799999999999999,-22.18,-28.7,57.31,-11.59,27.71
2025-08-13T16:53:41.571179,7.0,-22.0,12.0,102.0,14.0,-76.0,-36.0,14.0,-36.0,-5.0,36.0,22.0,-20.24,-27.0,27.3,75.33,7.22,-48.17,-33.38,13.82,-7.699999999999999,-26.69,9.41,38.71
2025-08-13T16:53:41.578847,19.0,18.0,12.0,36.0,62.0,-25.0,-2.0,8.0,-34.0,4.0,10.0,18.0,-8.239999999999998,13.0,27.3,9.329999999999998,55.22,2.8299999999999983,0.6200000000000001,7.82,-5.699999999999999,-17.69,-16.59,34.71
2025-08-13T16:53:41.583572,-12.0,26.0,15.0,42.0,-31.0,-28.0,-14.0,24.0,-101.0,31.0,49.0,-24.0,-39.239999999999995,21.0,30.3,15.329999999999998,-37.78,-0.1700000000000017,-11.379999999999999,23.82,-72.7,9.309999999999999,22.41,-7.289999999999999
2025-08-13T16:53:41.591314,3.0,31.0,-16.0,38.0,54.0,-28.0,30.0,-7.0,-28.0,1.0,17.0,-36.0,-24.24,26.0,-0.6999999999999993,11.329999999999998,47.22,-0.1700000000000017,32.62,-7.18,0.3000000000000007,-20.69,-9.59,-19.29
2025-08-13T16:53:41.595973,37.0,27.0,30.0,32.0,63.0,-82.0,-40.0,-65.0,-26.0,25.0,28.0,-74.0,9.760000000000002,22.0,45.3,5.329999999999998,56.22,-54.17,-37.38,-65.18,2.3000000000000007,3.3099999999999987,1.4100000000000001,-57.29
2025-08-13T16:53:41.603589,43.0,60.0,29.0,12.0,53.0,-138.0,37.0,14.0,-10.0,74.0,-41.0,-17.0,15.760000000000002,55.0,44.3,-14.670000000000002,46.22,-110.17,39.62,13.82,18.3,52.31,-67.59,-0.28999999999999915
2025-08-13T16:53:41.607927,55.0,13.0,-54.0,-57.0,20.0,-58.0,-45.0,39.0,-39.0,36.0,20.0,-50.0,27.76,8.0,-38.7,-83.67,13.219999999999999,-30.17,-42.38,38.82,-10.7,14.309999999999999,-6.59,-33.29
2025-08-13T16:53:41.615800,59.0,32.0,-47.0,-47.0,50.0,-49.0,-48.0,0.0,-40.0,61.0,1.0,14.0,31.76,27.0,-31.7,-73.67,43.22,-21.17,-45.38,-0.18,-11.7,39.31,-25.59,30.71
2025-08-13T16:53:41.620211,38.0,4.0,-3.0,85.0,-8.0,-16.0,34.0,36.0,-30.0,83.0,-13.0,-8.0,10.760000000000002,-1.0,12.3,58.33,-14.780000000000001,11.829999999999998,36.62,35.82,-1.6999999999999993,61.31,-39.59,8.71
2025-08-13T16:53:41.628174,16.0,-35.0,13.0,54.0,33.0,-89.0,103.0,47.0,-21.0,-13.0,-7.0,-31.0,-11.239999999999998,-40.0,28.3,27.33,26.22,-61.17,105.62,46.82,7.300000000000001,-34.69,-33.59,-14.29
2025-08-13T16:53:41.633032,138.0,16.0,-13.0,31.0,-31.0,-14.0,-13.0,-59.0,-95.0,-20.0,41.0,8.0,110.76,11.0,2.3000000000000007,4.329999999999998,-37.78,13.829999999999998,-10.379999999999999,-59.18,-66.7,-41.69,14.41,24.71
2025-08-13T16:53:41.640241,-2.0,-48.0,69.0,20.0,-3.0,-47.0,26.0,-5.0,27.0,9.0,15.0,-18.0,-29.24,-53.0,84.3,-6.670000000000002,-9.780000000000001,-19.17,28.62,-5.18,55.3,-12.690000000000001,-11.59,-1.2899999999999991
2025-08-13T16:53:41.644875,57.0,-17.0,1.0,37.0,-5.0,6.0,46.0,1.0,-27.0,56.0,-1.0,-32.0,29.76,-22.0,16.3,10.329999999999998,-11.780000000000001,33.83,48.62,0.8200000000000001,1.3000000000000007,34.31,-27.59,-15.29
2025-08-13T16:53:41.652667,15.0,-2.0,-33.0,-10.0,-39.0,-39.0,49.0,26.0,22.0,-16.0,24.0,68.0,-12.239999999999998,-7.0,-17.7,-36.67,-45.78,-11.170000000000002,51.62,25.82,50.3,-37.69,-2.59,84.71000000000001
2025-08-13T16:53:41.656966,-6.0,7.0,-68.0,-34.0,44.0,-32.0,21.0,33.0,3.0,-24.0,4.0,-2.0,-33.239999999999995,2.0,-52.7,-60.67,37.22,-4.170000000000002,23.62,32.82,31.3,-45.69,-22.59,14.71
2025-08-13T16:53:41.661247,42.0,-7.0,-6.0,31.0,91.0,2.0,22.0,4.0,-9.0,34.0,84.0,-57.0,14.760000000000002,-12.0,9.3,4.329999999999998,84.22,29.83,24.62,3.82,19.3,12.309999999999999,57.41,-40.29
2025-08-13T16:53:41.669390,28.0,9.0,-21.0,32.0,32.0,-56.0,79.0,-68.0,-98.0,-11.0,-19.0,-43.0,0.7600000000000016,4.0,-5.699999999999999,5.329999999999998,25.22,-28.17,81.62,-68.18,-69.7,-32.69,-45.59,-26.29
2025-08-13T16:53:41.673695,58.0,1.0,19.0,-38.0,0.0,-79.0,-37.0,46.0,-7.0,-7.0,27.0,69.0,30.76,-4.0,34.3,-64.67,-6.78,-51.17,-34.38,45.82,21.3,-28.69,0.41000000000000014,85.71000000000001
2025-08-13T16:53:41.681552,16.0,20.0,-5.0,62.0,-42.0,-75.0,-35.0,38.0,9.0,9.0,65.0,-25.0,-11.239999999999998,15.0,10.3,35.33,-48.78,-47.17,-32.38,37.82,37.3,-12.690000000000001,38.41,-8.29
2025-08-13T16:53:41.685705,27.0,-21.0,14.0,17.0,46.0,-31.0,-73.0,19.0,-15.0,22.0,21.0,-36.0,-0.23999999999999844,-26.0,29.3,-9.670000000000002,39.22,-3.1700000000000017,-70.38,18.82,13.3,0.3099999999999987,-5.59,-19.29
2025-08-13T16:53:41.693643,30.0,-28.0,42.0,9.0,9.0,-5.0,-51.0,57.0,-54.0,24.0,62.0,-76.0,2.7600000000000016,-33.0,57.3,-17.67,2.2199999999999998,22.83,-48.38,56.82,-25.7,2.3099999999999987,35.41,-59.29
2025-08-13T16:53:41.698106,17.0,-11.0,37.0,50.0,69.0,-23.0,-30.0,47.0,-15.0,44.0,54.0,-81.0,-10.239999999999998,-16.0,52.3,23.33,62.22,4.829999999999998,-27.38,46.82,13.3,22.31,27.41,-64.28999999999999
2025-08-13T16:53:41.705950,64.0,35.0,-37.0,1.0,-31.0,-14.0,47.0,-41.0,-74.0,32.0,8.0,3.0,36.760000000000005,30.0,-21.7,-25.67,-37.78,13.829999999999998,49.62,-41.18,-45.7,10.309999999999999,-18.59,19.71
2025-08-13T16:53:41.710541,-15.0,3.0,-7.0,70.0,-7.0,9.0,59.0,45.0,-63.0,73.0,62.0,-49.0,-42.239999999999995,-2.0,8.3,43.33,-13.780000000000001,36.83,61.62,44.82,-34.7,51.31,35.41,-32.29
2025-08-13T16:53:41.718251,66.0,-6.0,-6.0,90.0,32.0,-68.0,6.0,-81.0,0.0,28.0,64.0,-93.0,38.760000000000005,-11.0,9.3,63.33,25.22,-40.17,8.620000000000001,-81.18,28.3,6.309999999999999,37.41,-76.28999999999999
2025-08-13T16:53:41.722677,47.0,100.0,-31.0,17.0,30.0,9.0,-38.0,-21.0,-70.0,-24.0,84.0,22.0,19.76,95.0,-15.7,-9.670000000000002,23.22,36.83,-35.38,-21.18,-41.7,-45.69,57.41,38.71
2025-08-13T16:53:41.730349,12.0,41.0,0.0,34.0,-16.0,-7.0,39.0,21.0,-36.0,52.0,49.0,-61.0,-15.239999999999998,36.0,15.3,7.329999999999998,-22.78,20.83,41.62,20.82,-7.699999999999999,30.31,22.41,-44.29
2025-08-13T16:53:41.735028,-24.0,-14.0,7.0,12.0,12.0,-69.0,17.0,-78.0,-77.0,85.0,-1.0,-22.0,-51.239999999999995,-19.0,22.3,-14.670000000000002,5.22,-41.17,19.62,-78.18,-48.7,63.31,-27.59,-5.289999999999999
2025-08-13T16:53:41.742670,-10.0,9.0,-87.0,-20.0,64.0,-52.0,7.0,32.0,-13.0,63.0,25.0,0.0,-37.239999999999995,4.0,-71.7,-46.67,57.22,-24.17,9.620000000000001,31.82,15.3,41.31,-1.5899999999999999,16.71
2025-08-13T16:53:41.747089,26.0,4.0,-15.0,0.0,74.0,1.0,38.0,-10.0,-32.0,56.0,61.0,-3.0,-1.2399999999999984,-1.0,0.3000000000000007,-26.67,67.22,28.83,40.62,-10.18,-3.6999999999999993,34.31,34.41,13.71
2025-08-13T16:53:41.754909,-40.0,25.0,8.0,1.0,8.0,-59.0,-19.0,-32.0,-50.0,51.0,-16.0,-3.0,-67.24,20.0,23.3,-25.67,1.2199999999999998,-31.17,-16.38,-32.18,-21.7,29.31,-42.59,13.71
2025-08-13T16:53:41.759434,17.0,33.0,-68.0,59.0,48.0,-59.0,-10.0,-85.0,-67.0,47.0,19.0,-11.0,-10.239999999999998,28.0,-52.7,32.33,41.22,-31.17,-7.38,-85.18,-38.7,25.31,-7.59,5.710000000000001
2025-08-13T16:53:41.763892,27.0,77.0,15.0,20.0,40.0,-55.0,27.0,-45.0,-1.0,-3.0,45.0,8.0,-0.23999999999999844,72.0,30.3,-6.670000000000002,33.22,-27.17,29.62,-45.18,27.3,-24.69,18.41,24.71
2025-08-13T16:53:41.771739,54.0,91.0,11.0,97.0,-18.0,-18.0,62.0,-51.0,1.0,52.0,39.0,69.0,26.76,86.0,26.3,70.33,-24.78,9.829999999999998,64.62,-51.18,29.3,30.31,12.41,85.71000000000001
2025-08-13T16:53:41.775749,57.0,-3.0,-69.0,11.0,-3.0,-19.0,14.0,-56.0,-59.0,43.0,63.0,1.0,29.76,-8.0,-53.7,-15.670000000000002,-9.780000000000001,8.829999999999998,16.62,-56.18,-30.7,21.31,36.41,17.71
2025-08-13T16:53:41.783951,-1.0,38.0,-48.0,9.0,39.0,13.0,7.0,-42.0,27.0,56.0,-22.0,13.0,-28.24,33.0,-32.7,-17.67,32.22,40.83,9.620000000000001,-42.18,55.3,34.31,-48.59,29.71
2025-08-13T16:53:41.788134,60.0,47.0,-5.0,-18.0,-6.0,-86.0,75.0,59.0,-26.0,-31.0,-15.0,1.0,32.760000000000005,42.0,10.3,-44.67,-12.780000000000001,-58.17,77.62,58.82,2.3000000000000007,-52.69,-41.59,17.71
2025-08-13T16:53:41.796362,95.0,130.0,-10.0,-33.0,-33.0,-15.0,-27.0,-11.0,-31.0,-20.0,-23.0,10.0,67.76,125.0,5.300000000000001,-59.67,-39.78,12.829999999999998,-24.38,-11.18,-2.6999999999999993,-41.69,-49.59,26.71
2025-08-13T16:53:41.800687,108.0,4.0,-46.0,-58.0,20.0,-48.0,-8.0,-32.0,28.0,25.0,-79.0,-21.0,80.76,-1.0,-30.7,-84.67,13.219999999999999,-20.17,-5.38,-32.18,56.3,3.3099999999999987,-105.59,-4.289999999999999
2025-08-13T16:53:41.808270,63.0,-7.0,30.0,16.0,71.0,-9.0,13.0,5.0,-15.0,-15.0,97.0,-32.0,35.760000000000005,-12.0,45.3,-10.670000000000002,64.22,18.83,15.620000000000001,4.82,13.3,-36.69,70.41,-15.29
2025-08-13T16:53:41.812899,33.0,45.0,34.0,-16.0,-60.0,31.0,19.0,38.0,-10.0,40.0,69.0,3.0,5.760000000000002,40.0,49.3,-42.67,-66.78,58.83,21.62,37.82,18.3,18.31,42.41,19.71
2025-08-13T16:53:41.820672,-1.0,-49.0,0.0,56.0,12.0,24.0,-3.0,11.0,-1.0,34.0,44.0,-52.0,-28.24,-54.0,15.3,29.33,5.22,51.83,-0.3799999999999999,10.82,27.3,12.309999999999999,17.41,-35.29
2025-08-13T16:53:41.824882,24.0,42.0,40.0,-38.0,3.0,-35.0,-34.0,47.0,-46.0,9.0,12.0,-88.0,-3.2399999999999984,37.0,55.3,-64.67,-3.7800000000000002,-7.170000000000002,-31.38,46.82,-17.7,-12.690000000000001,-14.59,-71.28999999999999
2025-08-13T16:53:41.832974,-3.0,0.0,-23.0,59.0,62.0,-9.0,-59.0,-3.0,-18.0,-23.0,23.0,10.0,-30.24,-5.0,-7.699999999999999,32.33,55.22,18.83,-56.38,-3.18,10.3,-44.69,-3.59,26.71
2025-08-13T16:53:41.837504,-3.0,-9.0,-26.0,9.0,43.0,-69.0,-9.0,11.0,-35.0,5.0,-13.0,-24.0,-30.24,-14.0,-10.7,-17.67,36.22,-41.17,-6.38,10.82,-6.699999999999999,-16.69,-39.59,-7.289999999999999
2025-08-13T16:53:41.845360,76.0,-7.0,11.0,17.0,13.0,-74.0,-48.0,-22.0,-39.0,16.0,62.0,-25.0,48.760000000000005,-12.0,26.3,-9.670000000000002,6.22,-46.17,-45.38,-22.18,-10.7,-5.690000000000001,35.41,-8.29
2025-08-13T16:53:41.849636,-13.0,24.0,4.0,0.0,-9.0,24.0,-52.0,0.0,-90.0,60.0,20.0,-6.0,-40.239999999999995,19.0,19.3,-26.67,-15.780000000000001,51.83,-49.38,-0.18,-61.7,38.31,-6.59,10.71
2025-08-13T16:53:41.857468,16.0,125.0,-39.0,-22.0,19.0,-3.0,28.0,23.0,8.0,7.0,-20.0,12.0,-11.239999999999998,120.0,-23.7,-48.67,12.219999999999999,24.83,30.62,22.82,36.3,-14.690000000000001,-46.59,28.71
2025-08-13T16:53:41.862000,-18.0,-38.0,-11.0,38.0,8.0,-51.0,-28.0,45.0,6.0,32.0,49.0,36.0,-45.239999999999995,-43.0,4.300000000000001,11.329999999999998,1.2199999999999998,-23.17,-25.38,44.82,34.3,10.309999999999999,22.41,52.71
2025-08-13T16:53:41.869803,9.0,18.0,-27.0,-6.0,63.0,-60.0,-13.0,35.0,-53.0,107.0,-9.0,14.0,-18.24,13.0,-11.7,-32.67,56.22,-32.17,-10.379999999999999,34.82,-24.7,85.31,-35.59,30.71
2025-08-13T16:53:41.874240,27.0,19.0,30.0,3.0,19.0,23.0,-23.0,-82.0,20.0,47.0,70.0,-46.0,-0.23999999999999844,14.0,45.3,-23.67,12.219999999999999,50.83,-20.38,-82.18,48.3,25.31,43.41,-29.29
2025-08-13T16:53:41.882111,-22.0,67.0,-36.0,67.0,13.0,-12.0,-46.0,-51.0,2.0,26.0,-6.0,-22.0,-49.239999999999995,62.0,-20.7,40.33,6.22,15.829999999999998,-43.38,-51.18,30.3,4.309999999999999,-32.59,-5.289999999999999
2025-08-13T16:53:41.886434,-56.0,11.0,4.0,-61.0,-30.0,-65.0,-3.0,32.0,-23.0,44.0,-50.0,-19.0,-83.24,6.0,19.3,-87.67,-36.78,-37.17,-0.3799999999999999,31.82,5.300000000000001,22.31,-76.59,-2.289999999999999
2025-08-13T16:53:41.894563,-43.0,-2.0,-35.0,-12.0,13.0,-41.0,-58.0,-21.0,-18.0,43.0,19.0,32.0,-70.24,-7.0,-19.7,-38.67,6.22,-13.170000000000002,-55.38,-21.18,10.3,21.31,-7.59,48.71
2025-08-13T16:53:41.898802,-8.0,20.0,-63.0,66.0,69.0,-57.0,-48.0,78.0,-27.0,18.0,28.0,-39.0,-35.239999999999995,15.0,-47.7,39.33,62.22,-29.17,-45.38,77.82,1.3000000000000007,-3.6900000000000013,1.4100000000000001,-22.29
2025-08-13T16:53:41.906464,-45.0,18.0,-19.0,27.0,-3.0,22.0,15.0,27.0,2.0,30.0,24.0,18.0,-72.24,13.0,-3.6999999999999993,0.3299999999999983,-9.780000000000001,49.83,17.62,26.82,30.3,8.309999999999999,-2.59,34.71
2025-08-13T16:53:41.910957,-36.0,58.0,-103.0,-15.0,49.0,-11.0,20.0,48.0,19.0,4.0,19.0,-2.0,-63.239999999999995,53.0,-87.7,-41.67,42.22,16.83,22.62,47.82,47.3,-17.69,-7.59,14.71
2025-08-13T16:53:41.918626,-60.0,16.0,-12.0,-2.0,12.0,-21.0,37.0,-25.0,-42.0,9.0,50.0,-9.0,-87.24,11.0,3.3000000000000007,-28.67,5.22,6.829999999999998,39.62,-25.18,-13.7,-12.690000000000001,23.41,7.710000000000001
2025-08-13T16:53:41.923276,25.0,16.0,-40.0,5.0,0.0,-42.0,15.0,0.0,-18.0,-27.0,27.0,-16.0,-2.2399999999999984,11.0,-24.7,-21.67,-6.78,-14.170000000000002,17.62,-0.18,10.3,-48.69,0.41000000000000014,0.7100000000000009
2025-08-13T16:53:41.928103,36.0,70.0,-30.0,20.0,6.0,-55.0,34.0,0.0,-73.0,32.0,-1.0,-32.0,8.760000000000002,65.0,-14.7,-6.670000000000002,-0.7800000000000002,-27.17,36.62,-0.18,-44.7,10.309999999999999,-27.59,-15.29
2025-08-13T16:53:41.935377,17.0,-5.0,52.0,46.0,11.0,-6.0,23.0,13.0,-52.0,5.0,16.0,9.0,-10.239999999999998,-10.0,67.3,19.33,4.22,21.83,25.62,12.82,-23.7,-16.69,-10.59,25.71
2025-08-13T16:53:41.940639,27.0,45.0,-10.0,21.0,-42.0,-41.0,0.0,-50.0,-115.0,58.0,8.0,-18.0,-0.23999999999999844,40.0,5.300000000000001,-5.670000000000002,-48.78,-13.170000000000002,2.62,-50.18,-86.7,36.31,-18.59,-1.2899999999999991
2025-08-13T16:53:41.947821,72.0,76.0,-56.0,-16.0,77.0,-32.0,62.0,13.0,-20.0,44.0,28.0,-28.0,44.760000000000005,71.0,-40.7,-42.67,70.22,-4.170000000000002,64.62,12.82,8.3,22.31,1.4100000000000001,-11.29
2025-08-13T16:53:41.954712,-26.0,21.0,-22.0,13.0,-32.0,-29.0,35.0,-28.0,-5.0,-10.0,45.0,-9.0,-53.239999999999995,16.0,-6.699999999999999,-13.670000000000002,-38.78,-1.1700000000000017,37.62,-28.18,23.3,-31.69,18.41,7.710000000000001
2025-08-13T16:53:41.959844,40.0,14.0,7.0,10.0,29.0,-50.0,49.0,-36.0,38.0,3.0,120.0,-80.0,12.760000000000002,9.0,22.3,-16.67,22.22,-22.17,51.62,-36.18,66.3,-18.69,93.41,-63.29
2025-08-13T16:53:41.964231,31.0,55.0,0.0,32.0,-82.0,-76.0,-40.0,-78.0,29.0,36.0,41.0,-38.0,3.7600000000000016,50.0,15.3,5.329999999999998,-88.78,-48.17,-37.38,-78.18,57.3,14.309999999999999,14.41,-21.29
2025-08-13T16:53:41.972312,33.0,29.0,-59.0,-14.0,36.0,-93.0,-14.0,2.0,-33.0,39.0,33.0,3.0,5.760000000000002,24.0,-43.7,-40.67,29.22,-65.17,-11.379999999999999,1.82,-4.699999999999999,17.31,6.41,19.71
2025-08-13T16:53:41.976582,75.0,19.0,15.0,24.0,83.0,-17.0,-37.0,33.0,-62.0,50.0,-47.0,-35.0,47.760000000000005,14.0,30.3,-2.6700000000000017,76.22,10.829999999999998,-34.38,32.82,-33.7,28.31,-73.59,-18.29
2025-08-13T16:53:41.984710,45.0,0.0,-8.0,13.0,-39.0,-18.0,-84.0,-45.0,16.0,26.0,20.0,-31.0,17.76,-5.0,7.300000000000001,-13.670000000000002,-45.78,9.829999999999998,-81.38,-45.18,44.3,4.309999999999999,-6.59,-14.29
2025-08-13T16:53:41.988996,88.0,23.0,43.0,20.0,8.0,-64.0,9.0,41.0,7.0,73.0,47.0,-58.0,60.760000000000005,18.0,58.3,-6.670000000000002,1.2199999999999998,-36.17,11.620000000000001,40.82,35.3,51.31,20.41,-41.29
2025-08-13T16:53:41.996805,34.0,-53.0,27.0,14.0,-21.0,28.0,-18.0,-59.0,-22.0,-22.0,62.0,-20.0,6.760000000000002,-58.0,42.3,-12.670000000000002,-27.78,55.83,-15.379999999999999,-59.18,6.300000000000001,-43.69,35.41,-3.289999999999999
2025-08-13T16:53:42.001208,20.0,-13.0,11.0,-18.0,-24.0,19.0,25.0,3.0,15.0,87.0,2.0,-50.0,-7.239999999999998,-18.0,26.3,-44.67,-30.78,46.83,27.62,2.82,43.3,65.31,-24.59,-33.29
2025-08-13T16:53:42.009061,-73.0,33.0,-21.0,-11.0,35.0,-33.0,34.0,34.0,-56.0,18.0,55.0,46.0,-100.24,28.0,-5.699999999999999,-37.67,28.22,-5.170000000000002,36.62,33.82,-27.7,-3.6900000000000013,28.41,62.71
2025-08-13T16:53:42.013504,71.0,29.0,27.0,8.0,-44.0,-54.0,12.0,-65.0,-9.0,75.0,-62.0,-8.0,43.760000000000005,24.0,42.3,-18.67,-50.78,-26.17,14.620000000000001,-65.18,19.3,53.31,-88.59,8.71
2025-08-13T16:53:42.021486,55.0,58.0,-4.0,32.0,-12.0,-16.0,38.0,-27.0,-57.0,-4.0,-11.0,-38.0,27.76,53.0,11.3,5.329999999999998,-18.78,11.829999999999998,40.62,-27.18,-28.7,-25.69,-37.59,-21.29
2025-08-13T16:53:42.025853,-19.0,85.0,-33.0,-4.0,-27.0,25.0,-14.0,-39.0,23.0,13.0,17.0,-24.0,-46.239999999999995,80.0,-17.7,-30.67,-33.78,52.83,-11.379999999999999,-39.18,51.3,-8.690000000000001,-9.59,-7.289999999999999
2025-08-13T16:53:42.033655,57.0,42.0,2.0,-63.0,5.0,-24.0,-97.0,0.0,-51.0,130.0,41.0,-36.0,29.76,37.0,17.3,-89.67,-1.7800000000000002,3.8299999999999983,-94.38,-0.18,-22.7,108.31,14.41,-19.29
2025-08-13T16:53:42.037949,10.0,9.0,-41.0,16.0,-28.0,-59.0,24.0,-29.0,17.0,40.0,-7.0,-39.0,-17.24,4.0,-25.7,-10.670000000000002,-34.78,-31.17,26.62,-29.18,45.3,18.31,-33.59,-22.29
2025-08-13T16:53:42.045980,-48.0,-30.0,-39.0,-16.0,21.0,-51.0,18.0,45.0,-16.0,48.0,-12.0,-17.0,-75.24,-35.0,-23.7,-42.67,14.219999999999999,-23.17,20.62,44.82,12.3,26.31,-38.59,-0.28999999999999915
2025-08-13T16:53:42.050386,5.0,-2.0,60.0,-2.0,11.0,-47.0,13.0,-27.0,-67.0,53.0,-18.0,17.0,-22.24,-7.0,75.3,-28.67,4.22,-19.17,15.620000000000001,-27.18,-38.7,31.31,-44.59,33.71
2025-08-13T16:53:42.058984,54.0,-31.0,-41.0,16.0,61.0,-69.0,-8.0,-11.0,-34.0,24.0,35.0,24.0,26.76,-36.0,-25.7,-10.670000000000002,54.22,-41.17,-5.38,-11.18,-5.699999999999999,2.3099999999999987,8.41,40.71
2025-08-13T16:53:42.062701,84.0,4.0,-47.0,-68.0,47.0,-65.0,-15.0,-20.0,-52.0,51.0,56.0,12.0,56.760000000000005,-1.0,-31.7,-94.67,40.22,-37.17,-12.379999999999999,-20.18,-23.7,29.31,29.41,28.71
2025-08-13T16:53:42.070373,-2.0,-10.0,-7.0,99.0,30.0,-67.0,32.0,-1.0,-23.0,-16.0,21.0,8.0,-29.24,-15.0,8.3,72.33,23.22,-39.17,34.62,-1.18,5.300000000000001,-37.69,-5.59,24.71
2025-08-13T16:53:42.074848,45.0,19.0,-45.0,2.0,25.0,-36.0,29.0,-140.0,-25.0,-31.0,59.0,14.0,17.76,14.0,-29.7,-24.67,18.22,-8.170000000000002,31.62,-140.18,3.3000000000000007,-52.69,32.41,30.71
2025-08-13T16:53:42.082687,-15.0,43.0,43.0,5.0,50.0,-64.0,52.0,-111.0,-47.0,55.0,43.0,-61.0,-42.239999999999995,38.0,58.3,-21.67,43.22,-36.17,54.62,-111.18,-18.7,33.31,16.41,-44.29
2025-08-13T16:53:42.087109,39.0,-122.0,18.0,3.0,73.0,-2.0,-42.0,29.0,12.0,26.0,3.0,-20.0,11.760000000000002,-127.0,33.3,-23.67,66.22,25.83,-39.38,28.82,40.3,4.309999999999999,-23.59,-3.289999999999999
2025-08-13T16:53:42.095114,41.0,23.0,3.0,1.0,-49.0,3.0,-54.0,-58.0,-18.0,-8.0,46.0,-34.0,13.760000000000002,18.0,18.3,-25.67,-55.78,30.83,-51.38,-58.18,10.3,-29.69,19.41,-17.29
2025-08-13T16:53:42.099452,-9.0,-15.0,-28.0,-10.0,45.0,-30.0,2.0,-29.0,-26.0,19.0,26.0,-59.0,-36.239999999999995,-20.0,-12.7,-36.67,38.22,-2.1700000000000017,4.62,-29.18,2.3000000000000007,-2.6900000000000013,-0.5899999999999999,-42.29
2025-08-13T16:53:42.107370,5.0,51.0,21.0,-9.0,44.0,-6.0,-33.0,-20.0,-94.0,39.0,-29.0,-69.0,-22.24,46.0,36.3,-35.67,37.22,21.83,-30.38,-20.18,-65.7,17.31,-55.59,-52.29
2025-08-13T16:53:42.111914,46.0,52.0,-6.0,33.0,66.0,-16.0,-50.0,22.0,-10.0,28.0,2.0,-64.0,18.76,47.0,9.3,6.329999999999998,59.22,11.829999999999998,-47.38,21.82,18.3,6.309999999999999,-24.59,-47.29
2025-08-13T16:53:42.119500,-5.0,16.0,25.0,57.0,72.0,-59.0,-51.0,20.0,-28.0,32.0,13.0,-71.0,-32.239999999999995,11.0,40.3,30.33,65.22,-31.17,-48.38,19.82,0.3000000000000007,10.309999999999999,-13.59,-54.29
2025-08-13T16:53:42.124157,2.0,44.0,47.0,23.0,39.0,-19.0,-26.0,29.0,-69.0,-3.0,-15.0,-41.0,-25.24,39.0,62.3,-3.6700000000000017,32.22,8.829999999999998,-23.38,28.82,-40.7,-24.69,-41.59,-24.29
2025-08-13T16:53:42.132923,38.0,12.0,-41.0,39.0,-1.0,-8.0,78.0,-40.0,13.0,5.0,2.0,-60.0,10.760000000000002,7.0,-25.7,12.329999999999998,-7.78,19.83,80.62,-40.18,41.3,-16.69,-24.59,-43.29
2025-08-13T16:53:42.141348,-18.0,54.0,-22.0,18.0,56.0,-50.0,-34.0,-50.0,-12.0,123.0,-31.0,-46.0,-45.239999999999995,49.0,-6.699999999999999,-8.670000000000002,49.22,-22.17,-31.38,-50.18,16.3,101.31,-57.59,-29.29
2025-08-13T16:53:42.148196,58.0,-5.0,9.0,1.0,6.0,-49.0,7.0,-42.0,-47.0,74.0,6.0,8.0,30.76,-10.0,24.3,-25.67,-0.7800000000000002,-21.17,9.620000000000001,-42.18,-18.7,52.31,-20.59,24.71
2025-08-13T16:53:42.153556,-37.0,29.0,30.0,38.0,-7.0,-43.0,-34.0,2.0,-85.0,31.0,27.0,-71.0,-64.24,24.0,45.3,11.329999999999998,-13.780000000000001,-15.170000000000002,-31.38,1.82,-56.7,9.309999999999999,0.41000000000000014,-54.29
2025-08-13T16:53:42.158169,27.0,48.0,-21.0,-15.0,-1.0,-12.0,-42.0,-5.0,8.0,70.0,76.0,-27.0,-0.23999999999999844,43.0,-5.699999999999999,-41.67,-7.78,15.829999999999998,-39.38,-5.18,36.3,48.31,49.41,-10.29
2025-08-13T16:53:42.160619,17.0,0.0,-59.0,30.0,-9.0,-35.0,13.0,4.0,-8.0,-22.0,70.0,-7.0,-10.239999999999998,-5.0,-43.7,3.3299999999999983,-15.780000000000001,-7.170000000000002,15.620000000000001,3.82,20.3,-43.69,43.41,9.71
2025-08-13T16:53:42.166163,0.0,20.0,-88.0,11.0,72.0,-87.0,-74.0,34.0,-42.0,28.0,-24.0,44.0,-27.24,15.0,-72.7,-15.670000000000002,65.22,-59.17,-71.38,33.82,-13.7,6.309999999999999,-50.59,60.71
2025-08-13T16:53:42.172760,60.0,52.0,-61.0,47.0,29.0,-47.0,48.0,56.0,-35.0,22.0,25.0,-20.0,32.760000000000005,47.0,-45.7,20.33,22.22,-19.17,50.62,55.82,-6.699999999999999,0.3099999999999987,-1.5899999999999999,-3.289999999999999
2025-08-13T16:53:42.176944,75.0,-6.0,-36.0,43.0,-43.0,-18.0,-18.0,-25.0,-47.0,47.0,56.0,-37.0,47.760000000000005,-11.0,-20.7,16.33,-49.78,9.829999999999998,-15.379999999999999,-25.18,-18.7,25.31,29.41,-20.29
2025-08-13T16:53:42.185169,120.0,-22.0,-59.0,16.0,39.0,-53.0,-13.0,87.0,-15.0,9.0,30.0,7.0,92.76,-27.0,-43.7,-10.670000000000002,32.22,-25.17,-10.379999999999999,86.82,13.3,-12.690000000000001,3.41,23.71
2025-08-13T16:53:42.189226,4.0,-31.0,-4.0,2.0,-2.0,-23.0,-1.0,-12.0,19.0,-12.0,30.0,-51.0,-23.24,-36.0,11.3,-24.67,-8.780000000000001,4.829999999999998,1.62,-12.18,47.3,-33.69,3.41,-34.29
2025-08-13T16:53:42.197529,13.0,32.0,20.0,-19.0,1.0,-30.0,-48.0,-13.0,-6.0,-1.0,66.0,-57.0,-14.239999999999998,27.0,35.3,-45.67,-5.78,-2.1700000000000017,-45.38,-13.18,22.3,-22.69,39.41,-40.29
2025-08-13T16:53:42.201557,26.0,-42.0,-13.0,19.0,22.0,-13.0,-1.0,-5.0,-16.0,31.0,4.0,-11.0,-1.2399999999999984,-47.0,2.3000000000000007,-7.670000000000002,15.219999999999999,14.829999999999998,1.62,-5.18,12.3,9.309999999999999,-22.59,5.710000000000001
2025-08-13T16:53:42.209755,7.0,-28.0,-39.0,-35.0,67.0,-4.0,-47.0,-40.0,-43.0,24.0,11.0,-67.0,-20.24,-33.0,-23.7,-61.67,60.22,23.83,-44.38,-40.18,-14.7,2.3099999999999987,-15.59,-50.29
2025-08-13T16:53:42.213855,22.0,-31.0,33.0,48.0,-15.0,-19.0,-17.0,8.0,-9.0,-9.0,64.0,12.0,-5.239999999999998,-36.0,48.3,21.33,-21.78,8.829999999999998,-14.379999999999999,7.82,19.3,-30.69,37.41,28.71
2025-08-13T16:53:42.221867,60.0,-9.0,61.0,37.0,-22.0,24.0,-37.0,51.0,-37.0,26.0,-25.0,1.0,32.760000000000005,-14.0,76.3,10.329999999999998,-28.78,51.83,-34.38,50.82,-8.7,4.309999999999999,-51.59,17.71
2025-08-13T16:53:42.226214,36.0,15.0,-28.0,-29.0,-64.0,-49.0,-37.0,21.0,-65.0,29.0,98.0,-15.0,8.760000000000002,10.0,-12.7,-55.67,-70.78,-21.17,-34.38,20.82,-36.7,7.309999999999999,71.41,1.7100000000000009
2025-08-13T16:53:42.234548,60.0,-19.0,-42.0,25.0,40.0,-63.0,8.0,28.0,-126.0,67.0,-17.0,-61.0,32.760000000000005,-24.0,-26.7,-1.6700000000000017,33.22,-35.17,10.620000000000001,27.82,-97.7,45.31,-43.59,-44.29
2025-08-13T16:53:42.239154,-55.0,20.0,-12.0,-5.0,29.0,-16.0,1.0,-32.0,-78.0,50.0,44.0,-32.0,-82.24,15.0,3.3000000000000007,-31.67,22.22,11.829999999999998,3.62,-32.18,-49.7,28.31,17.41,-15.29
2025-08-13T16:53:42.246778,-21.0,80.0,42.0,28.0,-30.0,-45.0,-4.0,-67.0,16.0,17.0,24.0,-37.0,-48.239999999999995,75.0,57.3,1.3299999999999983,-36.78,-17.17,-1.38,-67.18,44.3,-4.690000000000001,-2.59,-20.29
2025-08-13T16:53:42.251603,68.0,27.0,-55.0,58.0,18.0,-33.0,10.0,-20.0,-30.0,9.0,-30.0,-3.0,40.760000000000005,22.0,-39.7,31.33,11.219999999999999,-5.170000000000002,12.620000000000001,-20.18,-1.6999999999999993,-12.690000000000001,-56.59,13.71
2025-08-13T16:53:42.261357,60.0,60.0,-39.0,11.0,34.0,-88.0,26.0,-48.0,-36.0,49.0,64.0,-38.0,32.760000000000005,55.0,-23.7,-15.670000000000002,27.22,-60.17,28.62,-48.18,-7.699999999999999,27.31,37.41,-21.29
2025-08-13T16:53:42.266628,-13.0,-10.0,11.0,63.0,-50.0,8.0,-57.0,15.0,-17.0,55.0,60.0,14.0,-40.239999999999995,-15.0,26.3,36.33,-56.78,35.83,-54.38,14.82,11.3,33.31,33.41,30.71
2025-08-13T16:53:42.272482,73.0,39.0,-8.0,21.0,-12.0,-21.0,4.0,-80.0,-16.0,-25.0,33.0,-78.0,45.760000000000005,34.0,7.300000000000001,-5.670000000000002,-18.78,6.829999999999998,6.62,-80.18,12.3,-46.69,6.41,-61.29
2025-08-13T16:53:42.279485,56.0,-12.0,-17.0,39.0,43.0,2.0,-18.0,-12.0,-36.0,43.0,11.0,20.0,28.76,-17.0,-1.6999999999999993,12.329999999999998,36.22,29.83,-15.379999999999999,-12.18,-7.699999999999999,21.31,-15.59,36.71
2025-08-13T16:53:42.287291,42.0,-15.0,0.0,48.0,-58.0,-53.0,70.0,65.0,-27.0,20.0,49.0,-17.0,14.760000000000002,-20.0,15.3,21.33,-64.78,-25.17,72.62,64.82,1.3000000000000007,-1.6900000000000013,22.41,-0.28999999999999915
