timestamp,x1,y1,z1,x2,y2,z2,x3,y3,z3,x4,y4,z4,x1_calib,y1_calib,z1_calib,x2_calib,y2_calib,z2_calib,x3_calib,y3_calib,z3_calib,x4_calib,y4_calib,z4_calib
2025-08-13T17:07:39.088954,43.0,24.0,-7.0,40.0,62.0,-48.0,52.0,-47.0,-113.0,51.0,73.0,-15.0,25.52,-3.0100000000000016,4.779999999999999,19.32,50.47,-25.59,56.95,-33.269999999999996,-76.71000000000001,12.799999999999997,43.39,-2.1500000000000004
2025-08-13T17:07:39.093237,30.0,2.0,39.0,-34.0,8.0,-27.0,-24.0,3.0,-36.0,38.0,21.0,-90.0,12.52,-25.01,50.78,-54.68,-3.5299999999999994,-4.59,-19.05,16.73,0.28999999999999915,-0.20000000000000284,-8.61,-77.15
2025-08-13T17:07:39.101154,107.0,45.0,-51.0,-8.0,6.0,-52.0,35.0,11.0,-80.0,85.0,49.0,-39.0,89.52,17.99,-39.22,-28.68,-5.529999999999999,-29.59,39.95,24.73,-43.71,46.8,19.39,-26.15
2025-08-13T17:07:39.105398,19.0,-3.0,-15.0,-39.0,48.0,-17.0,-8.0,13.0,-1.0,57.0,46.0,-32.0,1.5199999999999996,-30.01,-3.2200000000000006,-59.68,36.47,5.41,-3.05,26.73,35.29,18.799999999999997,16.39,-19.15
2025-08-13T17:07:39.113530,30.0,-17.0,-25.0,-19.0,28.0,19.0,-56.0,20.0,-19.0,72.0,22.0,-19.0,12.52,-44.010000000000005,-13.22,-39.68,16.47,41.41,-51.05,33.730000000000004,17.29,33.8,-7.609999999999999,-6.15
2025-08-13T17:07:39.118342,77.0,-29.0,-7.0,-32.0,-9.0,-83.0,35.0,-64.0,-74.0,51.0,35.0,-13.0,59.519999999999996,-56.010000000000005,4.779999999999999,-52.68,-20.53,-60.59,39.95,-50.269999999999996,-37.71,12.799999999999997,5.390000000000001,-0.15000000000000036
2025-08-13T17:07:39.125879,15.0,-33.0,11.0,-4.0,-11.0,-20.0,0.0,-10.0,-42.0,30.0,35.0,-63.0,-2.4800000000000004,-60.010000000000005,22.78,-24.68,-22.53,2.41,4.95,3.7300000000000004,-5.710000000000001,-8.200000000000003,5.390000000000001,-50.15
2025-08-13T17:07:39.130784,11.0,-17.0,42.0,9.0,15.0,33.0,-10.0,-43.0,-37.0,61.0,-3.0,-56.0,-6.48,-44.010000000000005,53.78,-11.68,3.4700000000000006,55.41,-5.05,-29.27,-0.7100000000000009,22.799999999999997,-32.61,-43.15
2025-08-13T17:07:39.138962,50.0,31.0,17.0,-76.0,68.0,-13.0,-10.0,-72.0,-46.0,62.0,100.0,-54.0,32.519999999999996,3.9899999999999984,28.78,-96.68,56.47,9.41,-5.05,-58.269999999999996,-9.71,23.799999999999997,70.39,-41.15
2025-08-13T17:07:39.144247,27.0,-4.0,-19.0,20.0,24.0,-21.0,-5.0,-20.0,-24.0,85.0,2.0,5.0,9.52,-31.01,-7.220000000000001,-0.6799999999999997,12.47,1.4100000000000001,-0.04999999999999982,-6.27,12.29,46.8,-27.61,17.85
2025-08-13T17:07:39.150753,93.0,13.0,56.0,18.0,67.0,-54.0,31.0,33.0,-88.0,30.0,29.0,-88.0,75.52,-14.010000000000002,67.78,-2.6799999999999997,55.47,-31.59,35.95,46.730000000000004,-51.71,-8.200000000000003,-0.6099999999999994,-75.15
2025-08-13T17:07:39.156355,29.0,7.0,13.0,28.0,-48.0,-49.0,-2.0,-55.0,-54.0,-3.0,29.0,-17.0,11.52,-20.01,24.78,7.32,-59.53,-26.59,2.95,-41.269999999999996,-17.71,-41.2,-0.6099999999999994,-4.15
2025-08-13T17:07:39.162581,78.0,77.0,-19.0,61.0,37.0,-14.0,4.0,-69.0,50.0,33.0,22.0,-13.0,60.519999999999996,49.989999999999995,-7.220000000000001,40.32,25.47,8.41,8.95,-55.269999999999996,86.28999999999999,-5.200000000000003,-7.609999999999999,-0.15000000000000036
2025-08-13T17:07:39.166773,29.0,61.0,-19.0,87.0,53.0,-27.0,-43.0,14.0,-22.0,22.0,31.0,21.0,11.52,33.989999999999995,-7.220000000000001,66.32,41.47,-4.59,-38.05,27.73,14.29,-16.200000000000003,1.3900000000000006,33.85
2025-08-13T17:07:39.174839,16.0,23.0,2.0,7.0,-23.0,24.0,-37.0,30.0,-27.0,61.0,41.0,39.0,-1.4800000000000004,-4.010000000000002,13.78,-13.68,-34.53,46.41,-32.05,43.730000000000004,9.29,22.799999999999997,11.39,51.85
2025-08-13T17:07:39.179281,27.0,-3.0,-43.0,-32.0,-14.0,-43.0,-12.0,34.0,-45.0,31.0,126.0,-95.0,9.52,-30.01,-31.22,-52.68,-25.53,-20.59,-7.05,47.730000000000004,-8.71,-7.200000000000003,96.39,-82.15
2025-08-13T17:07:39.187223,14.0,-29.0,-29.0,27.0,2.0,-30.0,-21.0,-14.0,-60.0,35.0,-11.0,-94.0,-3.4800000000000004,-56.010000000000005,-17.22,6.32,-9.53,-7.59,-16.05,-0.2699999999999996,-23.71,-3.200000000000003,-40.61,-81.15
2025-08-13T17:07:39.191673,-68.0,27.0,-40.0,59.0,-90.0,-38.0,4.0,-52.0,-7.0,12.0,23.0,-6.0,-85.48,-0.010000000000001563,-28.22,38.32,-101.53,-15.59,8.95,-38.269999999999996,29.29,-26.200000000000003,-6.609999999999999,6.85
2025-08-13T17:07:39.199473,27.0,83.0,-51.0,103.0,4.0,-69.0,15.0,-51.0,-80.0,45.0,29.0,-35.0,9.52,55.989999999999995,-39.22,82.32,-7.529999999999999,-46.59,19.95,-37.269999999999996,-43.71,6.799999999999997,-0.6099999999999994,-22.15
2025-08-13T17:07:39.203769,89.0,-78.0,-50.0,17.0,-29.0,20.0,-53.0,4.0,-31.0,37.0,23.0,-36.0,71.52,-105.01,-38.22,-3.6799999999999997,-40.53,42.41,-48.05,17.73,5.289999999999999,-1.2000000000000028,-6.609999999999999,-23.15
2025-08-13T17:07:39.211699,46.0,11.0,29.0,-4.0,-4.0,-2.0,-26.0,-49.0,25.0,76.0,15.0,-29.0,28.52,-16.01,40.78,-24.68,-15.53,20.41,-21.05,-35.269999999999996,61.29,37.8,-14.61,-16.15
2025-08-13T17:07:39.216189,35.0,-30.0,14.0,-1.0,65.0,-20.0,47.0,-23.0,21.0,25.0,34.0,-56.0,17.52,-57.010000000000005,25.78,-21.68,53.47,2.41,51.95,-9.27,57.29,-13.200000000000003,4.390000000000001,-43.15
2025-08-13T17:07:39.223953,8.0,29.0,23.0,9.0,-12.0,-74.0,-62.0,-15.0,-5.0,-3.0,-20.0,-5.0,-9.48,1.9899999999999984,34.78,-11.68,-23.53,-51.59,-57.05,-1.2699999999999996,31.29,-41.2,-49.61,7.85
2025-08-13T17:07:39.228701,3.0,79.0,19.0,20.0,-27.0,-58.0,-20.0,-69.0,-10.0,18.0,-22.0,5.0,-14.48,51.989999999999995,30.78,-0.6799999999999997,-38.53,-35.59,-15.05,-55.269999999999996,26.29,-20.200000000000003,-51.61,17.85
2025-08-13T17:07:39.234170,15.0,-13.0,-5.0,22.0,22.0,21.0,-10.0,-13.0,-61.0,11.0,89.0,12.0,-2.4800000000000004,-40.010000000000005,6.779999999999999,1.3200000000000003,10.47,43.41,-5.05,0.7300000000000004,-24.71,-27.200000000000003,59.39,24.85
2025-08-13T17:07:39.240775,-18.0,1.0,37.0,-9.0,-76.0,-24.0,26.0,49.0,-73.0,12.0,76.0,-52.0,-35.480000000000004,-26.01,48.78,-29.68,-87.53,-1.5899999999999999,30.95,62.730000000000004,-36.71,-26.200000000000003,46.39,-39.15
2025-08-13T17:07:39.248463,-9.0,-23.0,-1.0,47.0,-34.0,-14.0,-49.0,-63.0,-39.0,50.0,84.0,-23.0,-26.48,-50.010000000000005,10.78,26.32,-45.53,8.41,-44.05,-49.269999999999996,-2.710000000000001,11.799999999999997,54.39,-10.15
2025-08-13T17:07:39.253069,-14.0,58.0,14.0,40.0,84.0,-51.0,18.0,2.0,-32.0,-32.0,112.0,8.0,-31.48,30.99,25.78,19.32,72.47,-28.59,22.95,15.73,4.289999999999999,-70.2,82.39,20.85
2025-08-13T17:07:39.261911,50.0,29.0,-49.0,22.0,-45.0,19.0,2.0,46.0,-20.0,29.0,19.0,-10.0,32.519999999999996,1.9899999999999984,-37.22,1.3200000000000003,-56.53,41.41,6.95,59.730000000000004,16.29,-9.200000000000003,-10.61,2.8499999999999996
2025-08-13T17:07:39.267888,-11.0,30.0,-20.0,-30.0,22.0,-10.0,46.0,-52.0,-7.0,25.0,-30.0,0.0,-28.48,2.9899999999999984,-8.22,-50.68,10.47,12.41,50.95,-38.269999999999996,29.29,-13.200000000000003,-59.61,12.85
2025-08-13T17:07:39.273126,30.0,71.0,15.0,3.0,-60.0,-14.0,48.0,-32.0,6.0,66.0,39.0,-7.0,12.52,43.989999999999995,26.78,-17.68,-71.53,8.41,52.95,-18.27,42.29,27.799999999999997,9.39,5.85
2025-08-13T17:07:39.279647,6.0,46.0,-7.0,4.0,-16.0,0.0,-27.0,-14.0,-26.0,30.0,37.0,-77.0,-11.48,18.99,4.779999999999999,-16.68,-27.53,22.41,-22.05,-0.2699999999999996,10.29,-8.200000000000003,7.390000000000001,-64.15
2025-08-13T17:07:39.284054,20.0,5.0,-67.0,31.0,-45.0,-10.0,-28.0,60.0,-32.0,33.0,23.0,-6.0,2.5199999999999996,-22.01,-55.22,10.32,-56.53,12.41,-23.05,73.73,4.289999999999999,-5.200000000000003,-6.609999999999999,6.85
2025-08-13T17:07:39.289585,-33.0,36.0,-42.0,22.0,-17.0,2.0,-10.0,-62.0,-63.0,120.0,-17.0,-5.0,-50.480000000000004,8.989999999999998,-30.22,1.3200000000000003,-28.53,24.41,-5.05,-48.269999999999996,-26.71,81.8,-46.61,7.85
2025-08-13T17:07:39.293998,48.0,27.0,8.0,14.0,-24.0,-18.0,-16.0,34.0,-61.0,-26.0,2.0,-32.0,30.52,-0.010000000000001563,19.78,-6.68,-35.53,4.41,-11.05,47.730000000000004,-24.71,-64.2,-27.61,-19.15
2025-08-13T17:07:39.301812,52.0,20.0,-54.0,22.0,31.0,-83.0,-58.0,-45.0,33.0,33.0,49.0,-26.0,34.519999999999996,-7.010000000000002,-42.22,1.3200000000000003,19.47,-60.59,-53.05,-31.27,69.28999999999999,-5.200000000000003,19.39,-13.15
2025-08-13T17:07:39.306126,7.0,-8.0,-25.0,-46.0,77.0,11.0,-46.0,-16.0,-49.0,31.0,6.0,-41.0,-10.48,-35.010000000000005,-13.22,-66.68,65.47,33.41,-41.05,-2.2699999999999996,-12.71,-7.200000000000003,-23.61,-28.15
2025-08-13T17:07:39.314268,33.0,-52.0,-35.0,44.0,38.0,-41.0,28.0,6.0,-42.0,17.0,40.0,33.0,15.52,-79.01,-23.22,23.32,26.47,-18.59,32.95,19.73,-5.710000000000001,-21.200000000000003,10.39,45.85
2025-08-13T17:07:39.318544,58.0,-35.0,-19.0,44.0,-3.0,17.0,68.0,-18.0,-50.0,43.0,87.0,-4.0,40.519999999999996,-62.010000000000005,-7.220000000000001,23.32,-14.53,39.41,72.95,-4.27,-13.71,4.799999999999997,57.39,8.85
2025-08-13T17:07:39.326529,65.0,-16.0,15.0,86.0,-20.0,-24.0,15.0,10.0,69.0,71.0,55.0,-14.0,47.519999999999996,-43.010000000000005,26.78,65.32,-31.53,-1.5899999999999999,19.95,23.73,105.28999999999999,32.8,25.39,-1.1500000000000004
2025-08-13T17:07:39.330814,49.0,-25.0,-46.0,-35.0,-23.0,-102.0,8.0,-49.0,11.0,91.0,-6.0,-14.0,31.52,-52.010000000000005,-34.22,-55.68,-34.53,-79.59,12.95,-35.269999999999996,47.29,52.8,-35.61,-1.1500000000000004
2025-08-13T17:07:39.338740,-3.0,-17.0,47.0,49.0,21.0,-46.0,-6.0,-7.0,-6.0,77.0,72.0,-41.0,-20.48,-44.010000000000005,58.78,28.32,9.47,-23.59,-1.0499999999999998,6.73,30.29,38.8,42.39,-28.15
2025-08-13T17:07:39.343088,51.0,14.0,53.0,26.0,7.0,-85.0,-12.0,8.0,17.0,19.0,22.0,-44.0,33.519999999999996,-13.010000000000002,64.78,5.32,-4.529999999999999,-62.59,-7.05,21.73,53.29,-19.200000000000003,-7.609999999999999,-31.15
2025-08-13T17:07:39.351245,18.0,-3.0,48.0,-34.0,14.0,-60.0,-45.0,-64.0,33.0,-5.0,-5.0,13.0,0.5199999999999996,-30.01,59.78,-54.68,2.4700000000000006,-37.59,-40.05,-50.269999999999996,69.28999999999999,-43.2,-34.61,25.85
2025-08-13T17:07:39.355530,46.0,34.0,23.0,46.0,32.0,-55.0,20.0,-14.0,31.0,123.0,-18.0,-61.0,28.52,6.989999999999998,34.78,25.32,20.47,-32.59,24.95,-0.2699999999999996,67.28999999999999,84.8,-47.61,-48.15
2025-08-13T17:07:39.363400,-36.0,45.0,-21.0,12.0,-38.0,-56.0,4.0,35.0,-62.0,104.0,19.0,-7.0,-53.480000000000004,17.99,-9.22,-8.68,-49.53,-33.59,8.95,48.730000000000004,-25.71,65.8,-10.61,5.85
2025-08-13T17:07:39.368250,-55.0,-29.0,10.0,-11.0,46.0,-13.0,-16.0,-15.0,-48.0,66.0,1.0,3.0,-72.48,-56.010000000000005,21.78,-31.68,34.47,9.41,-11.05,-1.2699999999999996,-11.71,27.799999999999997,-28.61,15.85
2025-08-13T17:07:39.375762,5.0,80.0,-19.0,-27.0,24.0,-30.0,-8.0,-45.0,-75.0,55.0,19.0,-18.0,-12.48,52.989999999999995,-7.220000000000001,-47.68,12.47,-7.59,-3.05,-31.27,-38.71,16.799999999999997,-10.61,-5.15
2025-08-13T17:07:39.380685,16.0,-41.0,50.0,-42.0,55.0,-81.0,-57.0,22.0,-56.0,-1.0,17.0,-8.0,-1.4800000000000004,-68.01,61.78,-62.68,43.47,-58.59,-52.05,35.730000000000004,-19.71,-39.2,-12.61,4.85
2025-08-13T17:07:39.388093,0.0,-11.0,11.0,40.0,-5.0,-34.0,39.0,-75.0,-20.0,14.0,32.0,-15.0,-17.48,-38.010000000000005,22.78,19.32,-16.53,-11.59,43.95,-61.269999999999996,16.29,-24.200000000000003,2.3900000000000006,-2.1500000000000004
2025-08-13T17:07:39.393858,16.0,43.0,-75.0,-28.0,-34.0,-21.0,7.0,12.0,-91.0,5.0,17.0,-52.0,-1.4800000000000004,15.989999999999998,-63.22,-48.68,-45.53,1.4100000000000001,11.95,25.73,-54.71,-33.2,-12.61,-39.15
2025-08-13T17:07:39.400068,-46.0,99.0,10.0,-38.0,0.0,-82.0,24.0,-82.0,-32.0,20.0,86.0,-51.0,-63.480000000000004,71.99,21.78,-58.68,-11.53,-59.59,28.95,-68.27,4.289999999999999,-18.200000000000003,56.39,-38.15
2025-08-13T17:07:39.404800,4.0,0.0,5.0,-27.0,16.0,-34.0,-65.0,-71.0,-35.0,-10.0,5.0,8.0,-13.48,-27.01,16.78,-47.68,4.470000000000001,-11.59,-60.05,-57.269999999999996,1.2899999999999991,-48.2,-24.61,20.85
2025-08-13T17:07:39.412517,54.0,99.0,-6.0,48.0,3.0,-23.0,-39.0,-20.0,-58.0,73.0,38.0,-17.0,36.519999999999996,71.99,5.779999999999999,27.32,-8.53,-0.5899999999999999,-34.05,-6.27,-21.71,34.8,8.39,-4.15
2025-08-13T17:07:39.420555,-38.0,-68.0,-40.0,10.0,57.0,21.0,5.0,-10.0,-48.0,68.0,55.0,-22.0,-55.480000000000004,-95.01,-28.22,-10.68,45.47,43.41,9.95,3.7300000000000004,-11.71,29.799999999999997,25.39,-9.15
2025-08-13T17:07:39.427996,-62.0,38.0,8.0,24.0,-27.0,-58.0,7.0,3.0,-33.0,108.0,50.0,-62.0,-79.48,10.989999999999998,19.78,3.3200000000000003,-38.53,-35.59,11.95,16.73,3.289999999999999,69.8,20.39,-49.15
2025-08-13T17:07:39.433113,1.0,40.0,-19.0,38.0,-21.0,-30.0,-24.0,-42.0,28.0,65.0,27.0,-8.0,-16.48,12.989999999999998,-7.220000000000001,17.32,-32.53,-7.59,-19.05,-28.27,64.28999999999999,26.799999999999997,-2.6099999999999994,4.85
2025-08-13T17:07:39.435989,-25.0,19.0,33.0,2.0,24.0,-26.0,-36.0,13.0,-60.0,58.0,8.0,-84.0,-42.480000000000004,-8.010000000000002,44.78,-18.68,12.47,-3.59,-31.05,26.73,-23.71,19.799999999999997,-21.61,-71.15
2025-08-13T17:07:39.441855,28.0,-3.0,-53.0,-45.0,-42.0,-55.0,12.0,-1.0,0.0,30.0,-27.0,0.0,10.52,-30.01,-41.22,-65.68,-53.53,-32.59,16.95,12.73,36.29,-8.200000000000003,-56.61,12.85
2025-08-13T17:07:39.445842,57.0,84.0,0.0,29.0,20.0,18.0,-41.0,-57.0,-49.0,65.0,-10.0,-30.0,39.519999999999996,56.989999999999995,11.78,8.32,8.47,40.41,-36.05,-43.269999999999996,-12.71,26.799999999999997,-39.61,-17.15
2025-08-13T17:07:39.454196,10.0,-33.0,-13.0,10.0,46.0,8.0,-16.0,-31.0,-57.0,-4.0,-6.0,-12.0,-7.48,-60.010000000000005,-1.2200000000000006,-10.68,34.47,30.41,-11.05,-17.27,-20.71,-42.2,-35.61,0.8499999999999996
2025-08-13T17:07:39.458547,54.0,25.0,-64.0,87.0,10.0,-73.0,8.0,-27.0,-20.0,56.0,50.0,-8.0,36.519999999999996,-2.0100000000000016,-52.22,66.32,-1.5299999999999994,-50.59,12.95,-13.27,16.29,17.799999999999997,20.39,4.85
2025-08-13T17:07:39.465729,1.0,64.0,-8.0,27.0,39.0,-47.0,-29.0,-28.0,-24.0,28.0,52.0,-51.0,-16.48,36.989999999999995,3.7799999999999994,6.32,27.47,-24.59,-24.05,-14.27,12.29,-10.200000000000003,22.39,-38.15
2025-08-13T17:07:39.470681,51.0,20.0,-53.0,30.0,-49.0,-66.0,10.0,-16.0,-19.0,22.0,-16.0,20.0,33.519999999999996,-7.010000000000002,-41.22,9.32,-60.53,-43.59,14.95,-2.2699999999999996,17.29,-16.200000000000003,-45.61,32.85
2025-08-13T17:07:39.478131,55.0,-17.0,-32.0,14.0,-55.0,-6.0,2.0,-26.0,-36.0,63.0,17.0,19.0,37.519999999999996,-44.010000000000005,-20.22,-6.68,-66.53,16.41,6.95,-12.27,0.28999999999999915,24.799999999999997,-12.61,31.85
2025-08-13T17:07:39.482871,79.0,-20.0,-23.0,2.0,-30.0,-30.0,-18.0,4.0,-39.0,39.0,-5.0,-8.0,61.519999999999996,-47.010000000000005,-11.22,-18.68,-41.53,-7.59,-13.05,17.73,-2.710000000000001,0.7999999999999972,-34.61,4.85
2025-08-13T17:07:39.490242,79.0,-20.0,-10.0,7.0,71.0,-48.0,36.0,-7.0,-49.0,19.0,76.0,-21.0,61.519999999999996,-47.010000000000005,1.7799999999999994,-13.68,59.47,-25.59,40.95,6.73,-12.71,-19.200000000000003,46.39,-8.15
2025-08-13T17:07:39.495042,58.0,-35.0,-41.0,60.0,-7.0,-21.0,-49.0,-31.0,22.0,1.0,11.0,25.0,40.519999999999996,-62.010000000000005,-29.22,39.32,-18.53,1.4100000000000001,-44.05,-17.27,58.29,-37.2,-18.61,37.85
2025-08-13T17:07:39.502533,-4.0,-19.0,12.0,-30.0,46.0,-11.0,-57.0,24.0,-17.0,68.0,38.0,11.0,-21.48,-46.010000000000005,23.78,-50.68,34.47,11.41,-52.05,37.730000000000004,19.29,29.799999999999997,8.39,23.85
2025-08-13T17:07:39.507327,88.0,8.0,-39.0,48.0,55.0,-43.0,-50.0,34.0,-30.0,11.0,30.0,8.0,70.52,-19.01,-27.22,27.32,43.47,-20.59,-45.05,47.730000000000004,6.289999999999999,-27.200000000000003,0.39000000000000057,20.85
2025-08-13T17:07:39.514936,10.0,-51.0,-13.0,16.0,59.0,14.0,28.0,-53.0,6.0,-17.0,49.0,10.0,-7.48,-78.01,-1.2200000000000006,-4.68,47.47,36.41,32.95,-39.269999999999996,42.29,-55.2,19.39,22.85
2025-08-13T17:07:39.519289,-15.0,40.0,37.0,-1.0,-38.0,-42.0,32.0,-65.0,-62.0,15.0,48.0,-34.0,-32.480000000000004,12.989999999999998,48.78,-21.68,-49.53,-19.59,36.95,-51.269999999999996,-25.71,-23.200000000000003,18.39,-21.15
2025-08-13T17:07:39.527291,-13.0,12.0,-22.0,29.0,-5.0,46.0,7.0,35.0,-57.0,12.0,33.0,-48.0,-30.48,-15.010000000000002,-10.22,8.32,-16.53,68.41,11.95,48.730000000000004,-20.71,-26.200000000000003,3.3900000000000006,-35.15
2025-08-13T17:07:39.531461,8.0,-28.0,56.0,-1.0,14.0,-48.0,-33.0,1.0,-20.0,65.0,7.0,0.0,-9.48,-55.010000000000005,67.78,-21.68,2.4700000000000006,-25.59,-28.05,14.73,16.29,26.799999999999997,-22.61,12.85
2025-08-13T17:07:39.539405,-40.0,26.0,7.0,2.0,30.0,-40.0,-19.0,-65.0,25.0,83.0,-5.0,-2.0,-57.480000000000004,-1.0100000000000016,18.78,-18.68,18.47,-17.59,-14.05,-51.269999999999996,61.29,44.8,-34.61,10.85
2025-08-13T17:07:39.543837,23.0,0.0,13.0,20.0,2.0,-16.0,23.0,-11.0,-63.0,20.0,-22.0,-31.0,5.52,-27.01,24.78,-0.6799999999999997,-9.53,6.41,27.95,2.7300000000000004,-26.71,-18.200000000000003,-51.61,-18.15
2025-08-13T17:07:39.551763,-50.0,8.0,-1.0,4.0,1.0,-42.0,10.0,-22.0,-47.0,0.0,-46.0,-41.0,-67.48,-19.01,10.78,-16.68,-10.53,-19.59,14.95,-8.27,-10.71,-38.2,-75.61,-28.15
2025-08-13T17:07:39.556123,13.0,3.0,-15.0,55.0,12.0,-20.0,-1.0,-71.0,-45.0,88.0,12.0,-35.0,-4.48,-24.01,-3.2200000000000006,34.32,0.47000000000000064,2.41,3.95,-57.269999999999996,-8.71,49.8,-17.61,-22.15
2025-08-13T17:07:39.564051,18.0,55.0,21.0,9.0,18.0,-89.0,-73.0,29.0,-32.0,99.0,3.0,-21.0,0.5199999999999996,27.99,32.78,-11.68,6.470000000000001,-66.59,-68.05,42.730000000000004,4.289999999999999,60.8,-26.61,-8.15
2025-08-13T17:07:39.568354,-6.0,53.0,22.0,16.0,-19.0,-14.0,0.0,-11.0,-34.0,107.0,40.0,5.0,-23.48,25.99,33.78,-4.68,-30.53,8.41,4.95,2.7300000000000004,2.289999999999999,68.8,10.39,17.85
2025-08-13T17:07:39.576302,-32.0,56.0,-65.0,19.0,-23.0,-17.0,93.0,18.0,-86.0,55.0,5.0,-20.0,-49.480000000000004,28.99,-53.22,-1.6799999999999997,-34.53,5.41,97.95,31.73,-49.71,16.799999999999997,-24.61,-7.15
2025-08-13T17:07:39.580573,-59.0,42.0,-54.0,15.0,100.0,-22.0,-24.0,-96.0,-76.0,7.0,18.0,4.0,-76.48,14.989999999999998,-42.22,-5.68,88.47,0.41000000000000014,-19.05,-82.27,-39.71,-31.200000000000003,-11.61,16.85
2025-08-13T17:07:39.588549,6.0,11.0,-55.0,7.0,2.0,-20.0,-30.0,-15.0,-14.0,-3.0,44.0,-11.0,-11.48,-16.01,-43.22,-13.68,-9.53,2.41,-25.05,-1.2699999999999996,22.29,-41.2,14.39,1.8499999999999996
2025-08-13T17:07:39.592840,-19.0,22.0,35.0,27.0,1.0,-82.0,-5.0,-13.0,-51.0,84.0,15.0,-34.0,-36.480000000000004,-5.010000000000002,46.78,6.32,-10.53,-59.59,-0.04999999999999982,0.7300000000000004,-14.71,45.8,-14.61,-21.15
2025-08-13T17:07:39.596898,-47.0,-1.0,-9.0,2.0,-42.0,-13.0,9.0,34.0,-32.0,2.0,52.0,-11.0,-64.48,-28.01,2.7799999999999994,-18.68,-53.53,9.41,13.95,47.730000000000004,4.289999999999999,-36.2,22.39,1.8499999999999996
2025-08-13T17:07:39.606073,38.0,6.0,-5.0,-20.0,10.0,13.0,-8.0,-24.0,-19.0,50.0,43.0,-12.0,20.52,-21.01,6.779999999999999,-40.68,-1.5299999999999994,35.41,-3.05,-10.27,17.29,11.799999999999997,13.39,0.8499999999999996
2025-08-13T17:07:39.610218,-9.0,-47.0,-47.0,76.0,-6.0,6.0,1.0,-5.0,-33.0,47.0,60.0,-28.0,-26.48,-74.01,-35.22,55.32,-17.53,28.41,5.95,8.73,3.289999999999999,8.799999999999997,30.39,-15.15
2025-08-13T17:07:39.618197,5.0,67.0,-33.0,-45.0,-34.0,5.0,-25.0,-15.0,-42.0,49.0,59.0,29.0,-12.48,39.989999999999995,-21.22,-65.68,-45.53,27.41,-20.05,-1.2699999999999996,-5.710000000000001,10.799999999999997,29.39,41.85
2025-08-13T17:07:39.622117,21.0,5.0,9.0,-21.0,0.0,-38.0,11.0,-34.0,-1.0,-10.0,74.0,-54.0,3.5199999999999996,-22.01,20.78,-41.68,-11.53,-15.59,15.95,-20.27,35.29,-48.2,44.39,-41.15
2025-08-13T17:07:39.630238,-36.0,28.0,-18.0,24.0,40.0,-4.0,2.0,-29.0,-36.0,-34.0,77.0,-26.0,-53.480000000000004,0.9899999999999984,-6.220000000000001,3.3200000000000003,28.47,18.41,6.95,-15.27,0.28999999999999915,-72.2,47.39,-13.15
2025-08-13T17:07:39.633831,-41.0,16.0,-40.0,50.0,-12.0,-3.0,23.0,-64.0,-8.0,7.0,12.0,-28.0,-58.480000000000004,-11.010000000000002,-28.22,29.32,-23.53,19.41,27.95,-50.269999999999996,28.29,-31.200000000000003,-17.61,-15.15
2025-08-13T17:07:39.642363,29.0,35.0,14.0,57.0,-8.0,-27.0,5.0,1.0,-4.0,45.0,71.0,-61.0,11.52,7.989999999999998,25.78,36.32,-19.53,-4.59,9.95,14.73,32.29,6.799999999999997,41.39,-48.15
2025-08-13T17:07:39.646503,-14.0,30.0,-13.0,45.0,-20.0,-43.0,-46.0,-6.0,-27.0,10.0,48.0,-18.0,-31.48,2.9899999999999984,-1.2200000000000006,24.32,-31.53,-20.59,-41.05,7.73,9.29,-28.200000000000003,18.39,-5.15
2025-08-13T17:07:39.654617,66.0,83.0,-70.0,26.0,26.0,7.0,50.0,41.0,-40.0,59.0,65.0,-44.0,48.519999999999996,55.989999999999995,-58.22,5.32,14.47,29.41,54.95,54.730000000000004,-3.710000000000001,20.799999999999997,35.39,-31.15
2025-08-13T17:07:39.658986,-19.0,5.0,1.0,-20.0,-10.0,-39.0,-14.0,-23.0,-44.0,47.0,99.0,-17.0,-36.480000000000004,-22.01,12.78,-40.68,-21.53,-16.59,-9.05,-9.27,-7.710000000000001,8.799999999999997,69.39,-4.15
2025-08-13T17:07:39.666914,10.0,-27.0,-48.0,-17.0,18.0,-67.0,-24.0,57.0,44.0,59.0,58.0,-30.0,-7.48,-54.010000000000005,-36.22,-37.68,6.470000000000001,-44.59,-19.05,70.73,80.28999999999999,20.799999999999997,28.39,-17.15
2025-08-13T17:07:39.671358,35.0,-40.0,-57.0,15.0,67.0,-53.0,39.0,-36.0,-74.0,105.0,80.0,13.0,17.52,-67.01,-45.22,-5.68,55.47,-30.59,43.95,-22.27,-37.71,66.8,50.39,25.85
2025-08-13T17:07:39.678799,3.0,3.0,18.0,14.0,-21.0,-6.0,12.0,45.0,-54.0,14.0,49.0,-24.0,-14.48,-24.01,29.78,-6.68,-32.53,16.41,16.95,58.730000000000004,-17.71,-24.200000000000003,19.39,-11.15
2025-08-13T17:07:39.683661,-18.0,-18.0,-24.0,34.0,-32.0,-41.0,1.0,-20.0,-14.0,67.0,60.0,-38.0,-35.480000000000004,-45.010000000000005,-12.22,13.32,-43.53,-18.59,5.95,-6.27,22.29,28.799999999999997,30.39,-25.15
2025-08-13T17:07:39.691227,31.0,-15.0,-4.0,14.0,63.0,-25.0,23.0,-20.0,-18.0,43.0,77.0,-29.0,13.52,-42.010000000000005,7.779999999999999,-6.68,51.47,-2.59,27.95,-6.27,18.29,4.799999999999997,47.39,-16.15
2025-08-13T17:07:39.696210,16.0,62.0,-29.0,55.0,34.0,-45.0,-66.0,-69.0,13.0,31.0,65.0,-35.0,-1.4800000000000004,34.989999999999995,-17.22,34.32,22.47,-22.59,-61.05,-55.269999999999996,49.29,-7.200000000000003,35.39,-22.15
2025-08-13T17:07:39.703735,16.0,19.0,-57.0,6.0,3.0,-53.0,-40.0,-13.0,-69.0,64.0,55.0,-8.0,-1.4800000000000004,-8.010000000000002,-45.22,-14.68,-8.53,-30.59,-35.05,0.7300000000000004,-32.71,25.799999999999997,25.39,4.85
2025-08-13T17:07:39.708136,4.0,53.0,-48.0,-33.0,-42.0,-16.0,9.0,-33.0,-12.0,11.0,72.0,0.0,-13.48,25.99,-36.22,-53.68,-53.53,6.41,13.95,-19.27,24.29,-27.200000000000003,42.39,12.85
2025-08-13T17:07:39.715796,-12.0,20.0,-60.0,3.0,-12.0,-60.0,7.0,-54.0,-79.0,33.0,75.0,-19.0,-29.48,-7.010000000000002,-48.22,-17.68,-23.53,-37.59,11.95,-40.269999999999996,-42.71,-5.200000000000003,45.39,-6.15
2025-08-13T17:07:39.720380,22.0,57.0,38.0,33.0,-14.0,-31.0,10.0,-28.0,-54.0,49.0,42.0,-78.0,4.52,29.99,49.78,12.32,-25.53,-8.59,14.95,-14.27,-17.71,10.799999999999997,12.39,-65.15
2025-08-13T17:07:39.727923,62.0,17.0,-25.0,76.0,-64.0,-90.0,-15.0,48.0,45.0,68.0,50.0,-70.0,44.519999999999996,-10.010000000000002,-13.22,55.32,-75.53,-67.59,-10.05,61.730000000000004,81.28999999999999,29.799999999999997,20.39,-57.15
2025-08-13T17:07:39.732715,43.0,-14.0,-83.0,2.0,33.0,-18.0,-15.0,-21.0,-57.0,36.0,-4.0,-70.0,25.52,-41.010000000000005,-71.22,-18.68,21.47,4.41,-10.05,-7.27,-20.71,-2.200000000000003,-33.61,-57.15
2025-08-13T17:07:39.740490,-17.0,-24.0,-12.0,23.0,36.0,-37.0,4.0,-20.0,-28.0,65.0,47.0,9.0,-34.480000000000004,-51.010000000000005,-0.22000000000000064,2.3200000000000003,24.47,-14.59,8.95,-6.27,8.29,26.799999999999997,17.39,21.85
2025-08-13T17:07:39.745110,12.0,-56.0,-57.0,7.0,-18.0,-48.0,12.0,17.0,-95.0,43.0,55.0,-19.0,-5.48,-83.01,-45.22,-13.68,-29.53,-25.59,16.95,30.73,-58.71,4.799999999999997,25.39,-6.15
2025-08-13T17:07:39.752367,74.0,0.0,-67.0,36.0,62.0,14.0,12.0,12.0,-9.0,41.0,-13.0,23.0,56.519999999999996,-27.01,-55.22,15.32,50.47,36.41,16.95,25.73,27.29,2.799999999999997,-42.61,35.85
2025-08-13T17:07:39.756883,66.0,10.0,-57.0,-1.0,-46.0,-35.0,-15.0,-16.0,-30.0,10.0,-1.0,-3.0,48.519999999999996,-17.01,-45.22,-21.68,-57.53,-12.59,-10.05,-2.2699999999999996,6.289999999999999,-28.200000000000003,-30.61,9.85
2025-08-13T17:07:39.764686,52.0,14.0,-24.0,42.0,-25.0,-102.0,9.0,39.0,-54.0,21.0,-8.0,45.0,34.519999999999996,-13.010000000000002,-12.22,21.32,-36.53,-79.59,13.95,52.730000000000004,-17.71,-17.200000000000003,-37.61,57.85
2025-08-13T17:07:39.769170,42.0,-79.0,-44.0,9.0,-6.0,-77.0,33.0,-68.0,-124.0,80.0,-30.0,-40.0,24.52,-106.01,-32.22,-11.68,-17.53,-54.59,37.95,-54.269999999999996,-87.71000000000001,41.8,-59.61,-27.15
2025-08-13T17:07:39.776958,84.0,38.0,-36.0,-27.0,-4.0,21.0,8.0,-82.0,-21.0,37.0,28.0,20.0,66.52,10.989999999999998,-24.22,-47.68,-15.53,43.41,12.95,-68.27,15.29,-1.2000000000000028,-1.6099999999999994,32.85
2025-08-13T17:07:39.781588,91.0,-12.0,27.0,38.0,5.0,-39.0,53.0,-20.0,-26.0,39.0,-9.0,-11.0,73.52,-39.010000000000005,38.78,17.32,-6.529999999999999,-16.59,57.95,-6.27,10.29,0.7999999999999972,-38.61,1.8499999999999996
2025-08-13T17:07:39.789383,43.0,-21.0,-50.0,21.0,53.0,-32.0,-66.0,37.0,-85.0,68.0,47.0,-28.0,25.52,-48.010000000000005,-38.22,0.3200000000000003,41.47,-9.59,-61.05,50.730000000000004,-48.71,29.799999999999997,17.39,-15.15
2025-08-13T17:07:39.794281,36.0,89.0,2.0,9.0,43.0,9.0,5.0,3.0,15.0,5.0,-21.0,-35.0,18.52,61.989999999999995,13.78,-11.68,31.47,31.41,9.95,16.73,51.29,-33.2,-50.61,-22.15
2025-08-13T17:07:39.801421,63.0,-21.0,40.0,26.0,18.0,-40.0,-13.0,55.0,-54.0,-17.0,32.0,-56.0,45.519999999999996,-48.010000000000005,51.78,5.32,6.470000000000001,-17.59,-8.05,68.73,-17.71,-55.2,2.3900000000000006,-43.15
2025-08-13T17:07:39.806685,-30.0,-39.0,12.0,38.0,24.0,-20.0,21.0,-31.0,-62.0,71.0,59.0,-43.0,-47.480000000000004,-66.01,23.78,17.32,12.47,2.41,25.95,-17.27,-25.71,32.8,29.39,-30.15
2025-08-13T17:07:39.810117,15.0,92.0,25.0,65.0,22.0,-2.0,81.0,6.0,-37.0,97.0,12.0,-14.0,-2.4800000000000004,64.99,36.78,44.32,10.47,20.41,85.95,19.73,-0.7100000000000009,58.8,-17.61,-1.1500000000000004
2025-08-13T17:07:39.818970,18.0,98.0,21.0,51.0,3.0,-43.0,-17.0,-25.0,-51.0,15.0,-22.0,-56.0,0.5199999999999996,70.99,32.78,30.32,-8.53,-20.59,-12.05,-11.27,-14.71,-23.200000000000003,-51.61,-43.15
2025-08-13T17:07:39.822723,-26.0,62.0,-71.0,14.0,-24.0,-9.0,55.0,14.0,-49.0,27.0,-80.0,40.0,-43.480000000000004,34.989999999999995,-59.22,-6.68,-35.53,13.41,59.95,27.73,-12.71,-11.200000000000003,-109.61,52.85
2025-08-13T17:07:39.830935,26.0,-1.0,12.0,7.0,53.0,0.0,-22.0,-29.0,-5.0,70.0,28.0,11.0,8.52,-28.01,23.78,-13.68,41.47,22.41,-17.05,-15.27,31.29,31.799999999999997,-1.6099999999999994,23.85
2025-08-13T17:07:39.835020,16.0,48.0,-5.0,15.0,23.0,-48.0,-36.0,3.0,-68.0,18.0,117.0,-10.0,-1.4800000000000004,20.99,6.779999999999999,-5.68,11.47,-25.59,-31.05,16.73,-31.71,-20.200000000000003,87.39,2.8499999999999996
2025-08-13T17:07:39.843267,50.0,57.0,-52.0,-22.0,4.0,-24.0,20.0,-68.0,3.0,12.0,64.0,8.0,32.519999999999996,29.99,-40.22,-42.68,-7.529999999999999,-1.5899999999999999,24.95,-54.269999999999996,39.29,-26.200000000000003,34.39,20.85
2025-08-13T17:07:39.847406,13.0,139.0,17.0,62.0,-44.0,-14.0,-25.0,-8.0,-14.0,-52.0,13.0,23.0,-4.48,111.99,28.78,41.32,-55.53,8.41,-20.05,5.73,22.29,-90.2,-16.61,35.85
2025-08-13T17:07:39.855648,21.0,53.0,-108.0,-23.0,52.0,-134.0,15.0,-41.0,-6.0,89.0,70.0,-35.0,3.5199999999999996,25.99,-96.22,-43.68,40.47,-111.59,19.95,-27.27,30.29,50.8,40.39,-22.15
2025-08-13T17:07:39.860938,34.0,-27.0,-17.0,39.0,-6.0,-36.0,-5.0,0.0,-15.0,69.0,69.0,-55.0,16.52,-54.010000000000005,-5.220000000000001,18.32,-17.53,-13.59,-0.04999999999999982,13.73,21.29,30.799999999999997,39.39,-42.15
2025-08-13T17:07:39.867278,52.0,1.0,-7.0,10.0,44.0,17.0,-96.0,3.0,-96.0,64.0,24.0,-58.0,34.519999999999996,-26.01,4.779999999999999,-10.68,32.47,39.41,-91.05,16.73,-59.71,25.799999999999997,-5.609999999999999,-45.15
2025-08-13T17:07:39.872172,-1.0,-34.0,-26.0,11.0,28.0,-70.0,23.0,5.0,-55.0,-16.0,74.0,-49.0,-18.48,-61.010000000000005,-14.22,-9.68,16.47,-47.59,27.95,18.73,-18.71,-54.2,44.39,-36.15
2025-08-13T17:07:39.879575,26.0,17.0,-16.0,83.0,16.0,-32.0,-7.0,33.0,-99.0,-5.0,30.0,-30.0,8.52,-10.010000000000002,-4.220000000000001,62.32,4.470000000000001,-9.59,-2.05,46.730000000000004,-62.71,-43.2,0.39000000000000057,-17.15
2025-08-13T17:07:39.884587,133.0,11.0,-23.0,-14.0,41.0,-24.0,-69.0,60.0,-25.0,52.0,125.0,-8.0,115.52,-16.01,-11.22,-34.68,29.47,-1.5899999999999999,-64.05,73.73,11.29,13.799999999999997,95.39,4.85
2025-08-13T17:07:39.891840,5.0,82.0,44.0,20.0,36.0,-37.0,21.0,-84.0,-67.0,75.0,56.0,-83.0,-12.48,54.989999999999995,55.78,-0.6799999999999997,24.47,-14.59,25.95,-70.27,-30.71,36.8,26.39,-70.15
2025-08-13T17:07:39.896843,61.0,-9.0,13.0,74.0,-9.0,31.0,21.0,-21.0,-46.0,67.0,66.0,-56.0,43.519999999999996,-36.010000000000005,24.78,53.32,-20.53,53.41,25.95,-7.27,-9.71,28.799999999999997,36.39,-43.15
2025-08-13T17:07:39.904052,-68.0,-30.0,19.0,2.0,57.0,-4.0,70.0,-14.0,-96.0,70.0,48.0,17.0,-85.48,-57.010000000000005,30.78,-18.68,45.47,18.41,74.95,-0.2699999999999996,-59.71,31.799999999999997,18.39,29.85
2025-08-13T17:07:39.908533,39.0,61.0,39.0,58.0,-23.0,-43.0,-13.0,-38.0,-60.0,67.0,22.0,-45.0,21.52,33.989999999999995,50.78,37.32,-34.53,-20.59,-8.05,-24.27,-23.71,28.799999999999997,-7.609999999999999,-32.15
2025-08-13T17:07:39.916610,-38.0,-12.0,-33.0,13.0,39.0,-23.0,-12.0,-43.0,-28.0,116.0,39.0,5.0,-55.480000000000004,-39.010000000000005,-21.22,-7.68,27.47,-0.5899999999999999,-7.05,-29.27,8.29,77.8,9.39,17.85
2025-08-13T17:07:39.921031,8.0,66.0,-44.0,12.0,77.0,23.0,-28.0,-3.0,-72.0,-27.0,38.0,-95.0,-9.48,38.989999999999995,-32.22,-8.68,65.47,45.41,-23.05,10.73,-35.71,-65.2,8.39,-82.15
2025-08-13T17:07:39.928775,41.0,37.0,31.0,-36.0,51.0,-135.0,28.0,-100.0,15.0,82.0,31.0,-5.0,23.52,9.989999999999998,42.78,-56.68,39.47,-112.59,32.95,-86.27,51.29,43.8,1.3900000000000006,7.85
2025-08-13T17:07:39.933358,49.0,43.0,-5.0,55.0,66.0,-60.0,-33.0,2.0,-39.0,13.0,95.0,-26.0,31.52,15.989999999999998,6.779999999999999,34.32,54.47,-37.59,-28.05,15.73,-2.710000000000001,-25.200000000000003,65.39,-13.15
2025-08-13T17:07:39.941147,-1.0,89.0,-51.0,-19.0,16.0,-56.0,-4.0,-47.0,-96.0,52.0,67.0,-95.0,-18.48,61.989999999999995,-39.22,-39.68,4.470000000000001,-33.59,0.9500000000000002,-33.269999999999996,-59.71,13.799999999999997,37.39,-82.15
2025-08-13T17:07:39.948302,36.0,48.0,-43.0,4.0,18.0,33.0,28.0,42.0,-8.0,39.0,101.0,-52.0,18.52,20.99,-31.22,-16.68,6.470000000000001,55.41,32.95,55.730000000000004,28.29,0.7999999999999972,71.39,-39.15
2025-08-13T17:07:39.953234,64.0,37.0,-91.0,15.0,-62.0,-51.0,8.0,27.0,-86.0,24.0,-3.0,-34.0,46.519999999999996,9.989999999999998,-79.22,-5.68,-73.53,-28.59,12.95,40.730000000000004,-49.71,-14.200000000000003,-32.61,-21.15
2025-08-13T17:07:39.957707,13.0,-19.0,0.0,10.0,11.0,-28.0,-12.0,34.0,-109.0,44.0,24.0,-21.0,-4.48,-46.010000000000005,11.78,-10.68,-0.5299999999999994,-5.59,-7.05,47.730000000000004,-72.71000000000001,5.799999999999997,-5.609999999999999,-8.15
2025-08-13T17:07:39.965807,81.0,-77.0,-62.0,79.0,68.0,-84.0,4.0,17.0,-146.0,40.0,18.0,-40.0,63.519999999999996,-104.01,-50.22,58.32,56.47,-61.59,8.95,30.73,-109.71000000000001,1.7999999999999972,-11.61,-27.15
2025-08-13T17:07:39.970872,35.0,-36.0,-59.0,-4.0,-30.0,22.0,70.0,-63.0,11.0,65.0,43.0,-60.0,17.52,-63.010000000000005,-47.22,-24.68,-41.53,44.41,74.95,-49.269999999999996,47.29,26.799999999999997,13.39,-47.15
2025-08-13T17:07:39.977678,77.0,10.0,-7.0,13.0,7.0,-31.0,0.0,-55.0,-57.0,36.0,54.0,-9.0,59.519999999999996,-17.01,4.779999999999999,-7.68,-4.529999999999999,-8.59,4.95,-41.269999999999996,-20.71,-2.200000000000003,24.39,3.8499999999999996
2025-08-13T17:07:39.983027,-14.0,25.0,14.0,6.0,-61.0,7.0,18.0,-60.0,-40.0,87.0,-2.0,-6.0,-31.48,-2.0100000000000016,25.78,-14.68,-72.53,29.41,22.95,-46.269999999999996,-3.710000000000001,48.8,-31.61,6.85
2025-08-13T17:07:39.990198,30.0,3.0,23.0,40.0,-14.0,-65.0,-31.0,-41.0,-58.0,54.0,45.0,14.0,12.52,-24.01,34.78,19.32,-25.53,-42.59,-26.05,-27.27,-21.71,15.799999999999997,15.39,26.85
2025-08-13T17:07:39.996052,-3.0,-19.0,46.0,55.0,76.0,-80.0,-1.0,-6.0,-42.0,-41.0,21.0,0.0,-20.48,-46.010000000000005,57.78,34.32,64.47,-57.59,3.95,7.73,-5.710000000000001,-79.2,-8.61,12.85
2025-08-13T17:07:40.002211,5.0,-51.0,-51.0,10.0,29.0,0.0,-4.0,-65.0,-33.0,-30.0,48.0,-91.0,-12.48,-78.01,-39.22,-10.68,17.47,22.41,0.9500000000000002,-51.269999999999996,3.289999999999999,-68.2,18.39,-78.15
2025-08-13T17:07:40.008742,4.0,-6.0,-5.0,31.0,-18.0,-77.0,6.0,-69.0,-24.0,1.0,26.0,-41.0,-13.48,-33.010000000000005,6.779999999999999,10.32,-29.53,-54.59,10.95,-55.269999999999996,12.29,-37.2,-3.6099999999999994,-28.15
2025-08-13T17:07:40.014430,-17.0,-2.0,-13.0,26.0,11.0,-78.0,-13.0,-84.0,-27.0,92.0,50.0,-11.0,-34.480000000000004,-29.01,-1.2200000000000006,5.32,-0.5299999999999994,-55.59,-8.05,-70.27,9.29,53.8,20.39,1.8499999999999996
2025-08-13T17:07:40.018765,-20.0,58.0,-28.0,61.0,36.0,-16.0,-11.0,-26.0,-75.0,65.0,35.0,-38.0,-37.480000000000004,30.99,-16.22,40.32,24.47,6.41,-6.05,-12.27,-38.71,26.799999999999997,5.390000000000001,-25.15
2025-08-13T17:07:40.023041,42.0,30.0,0.0,-14.0,0.0,-69.0,-76.0,6.0,-21.0,-29.0,72.0,30.0,24.52,2.9899999999999984,11.78,-34.68,-11.53,-46.59,-71.05,19.73,15.29,-67.2,42.39,42.85
2025-08-13T17:07:40.031006,19.0,91.0,-19.0,57.0,28.0,-74.0,-25.0,-50.0,-29.0,34.0,8.0,-5.0,1.5199999999999996,63.989999999999995,-7.220000000000001,36.32,16.47,-51.59,-20.05,-36.269999999999996,7.289999999999999,-4.200000000000003,-21.61,7.85
2025-08-13T17:07:40.035108,58.0,22.0,-50.0,75.0,28.0,-38.0,21.0,-20.0,-48.0,8.0,-9.0,19.0,40.519999999999996,-5.010000000000002,-38.22,54.32,16.47,-15.59,25.95,-6.27,-11.71,-30.200000000000003,-38.61,31.85
2025-08-13T17:07:40.043255,-14.0,70.0,-18.0,27.0,-18.0,-33.0,24.0,1.0,-4.0,22.0,78.0,-23.0,-31.48,42.989999999999995,-6.220000000000001,6.32,-29.53,-10.59,28.95,14.73,32.29,-16.200000000000003,48.39,-10.15
2025-08-13T17:07:40.047355,64.0,26.0,-15.0,68.0,-20.0,-7.0,-15.0,4.0,-115.0,10.0,28.0,-111.0,46.519999999999996,-1.0100000000000016,-3.2200000000000006,47.32,-31.53,15.41,-10.05,17.73,-78.71000000000001,-28.200000000000003,-1.6099999999999994,-98.15
2025-08-13T17:07:40.055717,0.0,-19.0,-52.0,-23.0,-20.0,-31.0,25.0,-7.0,21.0,29.0,92.0,-34.0,-17.48,-46.010000000000005,-40.22,-43.68,-31.53,-8.59,29.95,6.73,57.29,-9.200000000000003,62.39,-21.15
2025-08-13T17:07:40.059736,160.0,37.0,-87.0,24.0,45.0,-1.0,-35.0,-17.0,-99.0,52.0,90.0,-26.0,142.52,9.989999999999998,-75.22,3.3200000000000003,33.47,21.41,-30.05,-3.2699999999999996,-62.71,13.799999999999997,60.39,-13.15
2025-08-13T17:07:40.067791,-16.0,-4.0,-33.0,35.0,-14.0,-38.0,-49.0,-31.0,14.0,48.0,52.0,17.0,-33.480000000000004,-31.01,-21.22,14.32,-25.53,-15.59,-44.05,-17.27,50.29,9.799999999999997,22.39,29.85
2025-08-13T17:07:40.072604,27.0,-51.0,16.0,12.0,6.0,-92.0,11.0,64.0,-51.0,42.0,-8.0,-60.0,9.52,-78.01,27.78,-8.68,-5.529999999999999,-69.59,15.95,77.73,-14.71,3.799999999999997,-37.61,-47.15
2025-08-13T17:07:40.080597,39.0,53.0,-22.0,90.0,52.0,-90.0,-66.0,-15.0,-71.0,9.0,41.0,-62.0,21.52,25.99,-10.22,69.32,40.47,-67.59,-61.05,-1.2699999999999996,-34.71,-29.200000000000003,11.39,-49.15
2025-08-13T17:07:40.087793,64.0,2.0,18.0,-28.0,-5.0,-43.0,-2.0,-15.0,-32.0,-1.0,-16.0,-20.0,46.519999999999996,-25.01,29.78,-48.68,-16.53,-20.59,2.95,-1.2699999999999996,4.289999999999999,-39.2,-45.61,-7.15
2025-08-13T17:07:40.093590,69.0,-2.0,12.0,-39.0,57.0,-76.0,16.0,23.0,-114.0,93.0,15.0,29.0,51.519999999999996,-29.01,23.78,-59.68,45.47,-53.59,20.95,36.730000000000004,-77.71000000000001,54.8,-14.61,41.85
2025-08-13T17:07:40.099401,49.0,3.0,-1.0,66.0,43.0,-76.0,-10.0,-18.0,-98.0,32.0,58.0,3.0,31.52,-24.01,10.78,45.32,31.47,-53.59,-5.05,-4.27,-61.71,-6.200000000000003,28.39,15.85
2025-08-13T17:07:40.105053,-24.0,0.0,-2.0,-5.0,-44.0,-94.0,86.0,-80.0,-11.0,-4.0,30.0,-80.0,-41.480000000000004,-27.01,9.78,-25.68,-55.53,-71.59,90.95,-66.27,25.29,-42.2,0.39000000000000057,-67.15
2025-08-13T17:07:40.109616,76.0,28.0,23.0,18.0,-39.0,-61.0,-19.0,-61.0,-64.0,-18.0,69.0,-97.0,58.519999999999996,0.9899999999999984,34.78,-2.6799999999999997,-50.53,-38.59,-14.05,-47.269999999999996,-27.71,-56.2,39.39,-84.15
2025-08-13T17:07:40.116989,17.0,-48.0,-43.0,74.0,5.0,-109.0,-19.0,-54.0,-68.0,53.0,24.0,4.0,-0.4800000000000004,-75.01,-31.22,53.32,-6.529999999999999,-86.59,-14.05,-40.269999999999996,-31.71,14.799999999999997,-5.609999999999999,16.85
2025-08-13T17:07:40.123735,-2.0,11.0,-23.0,14.0,-7.0,-23.0,-42.0,-23.0,-40.0,-11.0,13.0,-38.0,-19.48,-16.01,-11.22,-6.68,-18.53,-0.5899999999999999,-37.05,-9.27,-3.710000000000001,-49.2,-16.61,-25.15
2025-08-13T17:07:40.129570,-14.0,-39.0,-78.0,-30.0,33.0,-41.0,-30.0,-22.0,-3.0,78.0,99.0,-62.0,-31.48,-66.01,-66.22,-50.68,21.47,-18.59,-25.05,-8.27,33.29,39.8,69.39,-49.15
2025-08-13T17:07:40.134823,-24.0,48.0,-44.0,26.0,-30.0,-44.0,-12.0,-8.0,-118.0,33.0,59.0,-19.0,-41.480000000000004,20.99,-32.22,5.32,-41.53,-21.59,-7.05,5.73,-81.71000000000001,-5.200000000000003,29.39,-6.15
2025-08-13T17:07:40.141758,8.0,-29.0,-69.0,69.0,40.0,-22.0,-18.0,-68.0,-74.0,64.0,64.0,-110.0,-9.48,-56.010000000000005,-57.22,48.32,28.47,0.41000000000000014,-13.05,-54.269999999999996,-37.71,25.799999999999997,34.39,-97.15
2025-08-13T17:07:40.147128,33.0,-37.0,-57.0,-1.0,-7.0,-135.0,12.0,-24.0,-116.0,61.0,91.0,-58.0,15.52,-64.01,-45.22,-21.68,-18.53,-112.59,16.95,-10.27,-79.71000000000001,22.799999999999997,61.39,-45.15
2025-08-13T17:07:40.153878,43.0,28.0,-45.0,23.0,-5.0,-97.0,-31.0,-76.0,-24.0,-23.0,94.0,-50.0,25.52,0.9899999999999984,-33.22,2.3200000000000003,-16.53,-74.59,-26.05,-62.269999999999996,12.29,-61.2,64.39,-37.15
2025-08-13T17:07:40.160541,24.0,66.0,-64.0,15.0,29.0,-70.0,-48.0,-52.0,-25.0,1.0,-33.0,-106.0,6.52,38.989999999999995,-52.22,-5.68,17.47,-47.59,-43.05,-38.269999999999996,11.29,-37.2,-62.61,-93.15
2025-08-13T17:07:40.166322,70.0,-26.0,-54.0,-48.0,-17.0,-18.0,-42.0,-2.0,-32.0,44.0,65.0,-9.0,52.519999999999996,-53.010000000000005,-42.22,-68.68,-28.53,4.41,-37.05,11.73,4.289999999999999,5.799999999999997,35.39,3.8499999999999996
2025-08-13T17:07:40.170815,18.0,-25.0,-36.0,27.0,4.0,-23.0,-21.0,-9.0,-67.0,65.0,43.0,-65.0,0.5199999999999996,-52.010000000000005,-24.22,6.32,-7.529999999999999,-0.5899999999999999,-16.05,4.73,-30.71,26.799999999999997,13.39,-52.15
2025-08-13T17:07:40.178578,-13.0,25.0,-31.0,-15.0,37.0,-54.0,-48.0,28.0,15.0,3.0,11.0,-115.0,-30.48,-2.0100000000000016,-19.22,-35.68,25.47,-31.59,-43.05,41.730000000000004,51.29,-35.2,-18.61,-102.15
2025-08-13T17:07:40.183042,8.0,83.0,56.0,91.0,-20.0,-98.0,-71.0,-38.0,-75.0,17.0,-27.0,-80.0,-9.48,55.989999999999995,67.78,70.32,-31.53,-75.59,-66.05,-24.27,-38.71,-21.200000000000003,-56.61,-67.15
2025-08-13T17:07:40.190740,-47.0,-11.0,13.0,50.0,-44.0,-46.0,3.0,-26.0,-100.0,42.0,-62.0,-69.0,-64.48,-38.010000000000005,24.78,29.32,-55.53,-23.59,7.95,-12.27,-63.71,3.799999999999997,-91.61,-56.15
2025-08-13T17:07:40.195140,30.0,26.0,-82.0,57.0,50.0,-22.0,79.0,25.0,-62.0,37.0,-75.0,-23.0,12.52,-1.0100000000000016,-70.22,36.32,38.47,0.41000000000000014,83.95,38.730000000000004,-25.71,-1.2000000000000028,-104.61,-10.15
2025-08-13T17:07:40.203154,-6.0,25.0,-103.0,120.0,55.0,-22.0,-27.0,-11.0,-44.0,-7.0,-1.0,19.0,-23.48,-2.0100000000000016,-91.22,99.32,43.47,0.41000000000000014,-22.05,2.7300000000000004,-7.710000000000001,-45.2,-30.61,31.85
2025-08-13T17:07:40.207503,27.0,-19.0,36.0,50.0,51.0,-63.0,-65.0,31.0,-110.0,-32.0,59.0,-51.0,9.52,-46.010000000000005,47.78,29.32,39.47,-40.59,-60.05,44.730000000000004,-73.71000000000001,-70.2,29.39,-38.15
2025-08-13T17:07:40.215352,101.0,-55.0,15.0,76.0,29.0,-168.0,-91.0,-20.0,-86.0,107.0,28.0,-42.0,83.52,-82.01,26.78,55.32,17.47,-145.59,-86.05,-6.27,-49.71,68.8,-1.6099999999999994,-29.15
2025-08-13T17:07:40.220001,114.0,-37.0,-33.0,46.0,-32.0,-78.0,-38.0,-15.0,-65.0,-10.0,-45.0,-31.0,96.52,-64.01,-21.22,25.32,-43.53,-55.59,-33.05,-1.2699999999999996,-28.71,-48.2,-74.61,-18.15
2025-08-13T17:07:40.227764,-48.0,-12.0,-61.0,30.0,-35.0,-160.0,-25.0,-70.0,-79.0,-38.0,25.0,29.0,-65.48,-39.010000000000005,-49.22,9.32,-46.53,-137.59,-20.05,-56.269999999999996,-42.71,-76.2,-4.609999999999999,41.85
2025-08-13T17:07:40.232094,4.0,12.0,-100.0,47.0,71.0,-60.0,-9.0,-27.0,-15.0,12.0,4.0,-112.0,-13.48,-15.010000000000002,-88.22,26.32,59.47,-37.59,-4.05,-13.27,21.29,-26.200000000000003,-25.61,-99.15
2025-08-13T17:07:40.239871,13.0,-26.0,-77.0,38.0,8.0,-13.0,27.0,8.0,-17.0,11.0,14.0,-45.0,-4.48,-53.010000000000005,-65.22,17.32,-3.5299999999999994,9.41,31.95,21.73,19.29,-27.200000000000003,-15.61,-32.15
2025-08-13T17:07:40.244601,30.0,9.0,-109.0,65.0,-6.0,-105.0,4.0,-43.0,-41.0,117.0,102.0,-66.0,12.52,-18.01,-97.22,44.32,-17.53,-82.59,8.95,-29.27,-4.710000000000001,78.8,72.39,-53.15
2025-08-13T17:07:40.252332,92.0,42.0,-96.0,46.0,18.0,-52.0,-52.0,12.0,-63.0,-40.0,55.0,-11.0,74.52,14.989999999999998,-84.22,25.32,6.470000000000001,-29.59,-47.05,25.73,-26.71,-78.2,25.39,1.8499999999999996
2025-08-13T17:07:40.256761,102.0,-19.0,-16.0,61.0,-21.0,-65.0,-39.0,4.0,-88.0,25.0,38.0,-95.0,84.52,-46.010000000000005,-4.220000000000001,40.32,-32.53,-42.59,-34.05,17.73,-51.71,-13.200000000000003,8.39,-82.15
2025-08-13T17:07:40.265547,73.0,-1.0,-100.0,63.0,-16.0,-62.0,-23.0,-39.0,-115.0,56.0,72.0,-51.0,55.519999999999996,-28.01,-88.22,42.32,-27.53,-39.59,-18.05,-25.27,-78.71000000000001,17.799999999999997,42.39,-38.15
2025-08-13T17:07:40.270728,-30.0,-31.0,-27.0,51.0,32.0,-150.0,28.0,7.0,-139.0,-2.0,-11.0,-138.0,-47.480000000000004,-58.010000000000005,-15.22,30.32,20.47,-127.59,32.95,20.73,-102.71000000000001,-40.2,-40.61,-125.15
2025-08-13T17:07:40.277216,-25.0,74.0,16.0,70.0,25.0,-60.0,-3.0,-92.0,-79.0,81.0,-9.0,-46.0,-42.480000000000004,46.989999999999995,27.78,49.32,13.47,-37.59,1.9500000000000002,-78.27,-42.71,42.8,-38.61,-33.15
2025-08-13T17:07:40.280883,40.0,77.0,-19.0,71.0,53.0,-68.0,14.0,-40.0,-122.0,75.0,59.0,-21.0,22.52,49.989999999999995,-7.220000000000001,50.32,41.47,-45.59,18.95,-26.27,-85.71000000000001,36.8,29.39,-8.15
2025-08-13T17:07:40.288870,22.0,55.0,-87.0,8.0,10.0,-98.0,42.0,21.0,-87.0,81.0,3.0,-33.0,4.52,27.99,-75.22,-12.68,-1.5299999999999994,-75.59,46.95,34.730000000000004,-50.71,42.8,-26.61,-20.15
2025-08-13T17:07:40.293286,5.0,11.0,-56.0,24.0,-36.0,-17.0,3.0,-29.0,-140.0,-6.0,7.0,-83.0,-12.48,-16.01,-44.22,3.3200000000000003,-47.53,5.41,7.95,-15.27,-103.71000000000001,-44.2,-22.61,-70.15
2025-08-13T17:07:40.301339,28.0,-36.0,-46.0,7.0,-63.0,-124.0,41.0,-4.0,-9.0,38.0,80.0,-43.0,10.52,-63.010000000000005,-34.22,-13.68,-74.53,-101.59,45.95,9.73,27.29,-0.20000000000000284,50.39,-30.15
2025-08-13T17:07:40.305650,4.0,-10.0,-140.0,79.0,-6.0,-77.0,-39.0,13.0,-93.0,-3.0,9.0,-61.0,-13.48,-37.010000000000005,-128.22,58.32,-17.53,-54.59,-34.05,26.73,-56.71,-41.2,-20.61,-48.15
2025-08-13T17:07:40.313644,75.0,67.0,-105.0,7.0,-3.0,-77.0,-5.0,-48.0,-79.0,66.0,30.0,-87.0,57.519999999999996,39.989999999999995,-93.22,-13.68,-14.53,-54.59,-0.04999999999999982,-34.269999999999996,-42.71,27.799999999999997,0.39000000000000057,-74.15
2025-08-13T17:07:40.318024,-6.0,65.0,-125.0,38.0,36.0,-86.0,-7.0,-19.0,-63.0,52.0,41.0,-31.0,-23.48,37.989999999999995,-113.22,17.32,24.47,-63.59,-2.05,-5.27,-26.71,13.799999999999997,11.39,-18.15
2025-08-13T17:07:40.325786,109.0,94.0,-56.0,34.0,23.0,-64.0,-58.0,-10.0,-63.0,13.0,70.0,-21.0,91.52,66.99,-44.22,13.32,11.47,-41.59,-53.05,3.7300000000000004,-26.71,-25.200000000000003,40.39,-8.15
2025-08-13T17:07:40.330057,50.0,97.0,-111.0,44.0,-13.0,-108.0,-57.0,0.0,-18.0,-18.0,44.0,-115.0,32.519999999999996,69.99,-99.22,23.32,-24.53,-85.59,-52.05,13.73,18.29,-56.2,14.39,-102.15
2025-08-13T17:07:40.338195,51.0,1.0,-71.0,131.0,-2.0,-111.0,-19.0,17.0,-148.0,74.0,56.0,-75.0,33.519999999999996,-26.01,-59.22,110.32,-13.53,-88.59,-14.05,30.73,-111.71000000000001,35.8,26.39,-62.15
2025-08-13T17:07:40.342552,94.0,-23.0,-44.0,7.0,-19.0,-68.0,-5.0,43.0,-143.0,30.0,89.0,-165.0,76.52,-50.010000000000005,-32.22,-13.68,-30.53,-45.59,-0.04999999999999982,56.730000000000004,-106.71000000000001,-8.200000000000003,59.39,-152.15
2025-08-13T17:07:40.350308,15.0,45.0,-16.0,32.0,7.0,-109.0,-29.0,-33.0,-116.0,58.0,28.0,-54.0,-2.4800000000000004,17.99,-4.220000000000001,11.32,-4.529999999999999,-86.59,-24.05,-19.27,-79.71000000000001,19.799999999999997,-1.6099999999999994,-41.15
2025-08-13T17:07:40.354631,22.0,60.0,8.0,72.0,1.0,-61.0,61.0,48.0,-90.0,64.0,54.0,-77.0,4.52,32.989999999999995,19.78,51.32,-10.53,-38.59,65.95,61.730000000000004,-53.71,25.799999999999997,24.39,-64.15
2025-08-13T17:07:40.362707,3.0,28.0,-6.0,-44.0,-9.0,-81.0,14.0,13.0,-67.0,-17.0,30.0,-31.0,-14.48,0.9899999999999984,5.779999999999999,-64.68,-20.53,-58.59,18.95,26.73,-30.71,-55.2,0.39000000000000057,-18.15
2025-08-13T17:07:40.366898,28.0,74.0,-41.0,-19.0,12.0,-125.0,-28.0,31.0,-65.0,20.0,53.0,-76.0,10.52,46.989999999999995,-29.22,-39.68,0.47000000000000064,-102.59,-23.05,44.730000000000004,-28.71,-18.200000000000003,23.39,-63.15
2025-08-13T17:07:40.375036,14.0,89.0,-136.0,67.0,8.0,-139.0,-6.0,-41.0,-101.0,10.0,66.0,-86.0,-3.4800000000000004,61.989999999999995,-124.22,46.32,-3.5299999999999994,-116.59,-1.0499999999999998,-27.27,-64.71000000000001,-28.200000000000003,36.39,-73.15
2025-08-13T17:07:40.379473,47.0,69.0,-77.0,76.0,-3.0,-81.0,-13.0,-26.0,-73.0,17.0,101.0,-106.0,29.52,41.989999999999995,-65.22,55.32,-14.53,-58.59,-8.05,-12.27,-36.71,-21.200000000000003,71.39,-93.15
2025-08-13T17:07:40.387285,12.0,8.0,-99.0,91.0,44.0,-58.0,-42.0,-69.0,-110.0,4.0,15.0,-41.0,-5.48,-19.01,-87.22,70.32,32.47,-35.59,-37.05,-55.269999999999996,-73.71000000000001,-34.2,-14.61,-28.15
2025-08-13T17:07:40.392218,43.0,33.0,-67.0,108.0,-93.0,-100.0,15.0,-43.0,-136.0,61.0,57.0,-128.0,25.52,5.989999999999998,-55.22,87.32,-104.53,-77.59,19.95,-29.27,-99.71000000000001,22.799999999999997,27.39,-115.15
2025-08-13T17:07:40.399708,33.0,48.0,-108.0,48.0,-5.0,-86.0,-21.0,-37.0,-120.0,65.0,15.0,-46.0,15.52,20.99,-96.22,27.32,-16.53,-63.59,-16.05,-23.27,-83.71000000000001,26.799999999999997,-14.61,-33.15
2025-08-13T17:07:40.404414,60.0,6.0,-74.0,89.0,-32.0,-139.0,-96.0,-47.0,-80.0,-51.0,42.0,-69.0,42.519999999999996,-21.01,-62.22,68.32,-43.53,-116.59,-91.05,-33.269999999999996,-43.71,-89.2,12.39,-56.15
2025-08-13T17:07:40.412028,49.0,-42.0,-48.0,47.0,-11.0,-90.0,-23.0,-47.0,-49.0,54.0,56.0,26.0,31.52,-69.01,-36.22,26.32,-22.53,-67.59,-18.05,-33.269999999999996,-12.71,15.799999999999997,26.39,38.85
2025-08-13T17:07:40.416679,2.0,66.0,-37.0,52.0,-20.0,-89.0,-75.0,11.0,-108.0,-22.0,-5.0,-12.0,-15.48,38.989999999999995,-25.22,31.32,-31.53,-66.59,-70.05,24.73,-71.71000000000001,-60.2,-34.61,0.8499999999999996
2025-08-13T17:07:40.424335,25.0,68.0,-126.0,-8.0,32.0,-69.0,-64.0,-1.0,-72.0,20.0,51.0,-69.0,7.52,40.989999999999995,-114.22,-28.68,20.47,-46.59,-59.05,12.73,-35.71,-18.200000000000003,21.39,-56.15
2025-08-13T17:07:40.429034,42.0,10.0,-108.0,29.0,5.0,-73.0,-52.0,1.0,-70.0,13.0,42.0,-77.0,24.52,-17.01,-96.22,8.32,-6.529999999999999,-50.59,-47.05,14.73,-33.71,-25.200000000000003,12.39,-64.15
2025-08-13T17:07:40.436557,38.0,-6.0,-75.0,12.0,31.0,-89.0,-23.0,20.0,-81.0,20.0,37.0,-94.0,20.52,-33.010000000000005,-63.22,-8.68,19.47,-66.59,-18.05,33.730000000000004,-44.71,-18.200000000000003,7.390000000000001,-81.15
2025-08-13T17:07:40.442699,32.0,50.0,-107.0,51.0,-3.0,-112.0,-64.0,-36.0,-72.0,-5.0,49.0,-79.0,14.52,22.99,-95.22,30.32,-14.53,-89.59,-59.05,-22.27,-35.71,-43.2,19.39,-66.15
2025-08-13T17:07:40.448801,31.0,68.0,-17.0,54.0,14.0,-110.0,46.0,-57.0,-79.0,-40.0,59.0,-73.0,13.52,40.989999999999995,-5.220000000000001,33.32,2.4700000000000006,-87.59,50.95,-43.269999999999996,-42.71,-78.2,29.39,-60.15
2025-08-13T17:07:40.453523,32.0,61.0,-69.0,5.0,-36.0,-128.0,13.0,-57.0,-132.0,-46.0,96.0,-62.0,14.52,33.989999999999995,-57.22,-15.68,-47.53,-105.59,17.95,-43.269999999999996,-95.71000000000001,-84.2,66.39,-49.15
2025-08-13T17:07:40.461779,120.0,30.0,-60.0,29.0,-130.0,-121.0,19.0,-23.0,-37.0,65.0,15.0,-121.0,102.52,2.9899999999999984,-48.22,8.32,-141.53,-98.59,23.95,-9.27,-0.7100000000000009,26.799999999999997,-14.61,-108.15
2025-08-13T17:07:40.466402,84.0,11.0,-79.0,58.0,-1.0,-89.0,-122.0,-51.0,-70.0,23.0,0.0,-106.0,66.52,-16.01,-67.22,37.32,-12.53,-66.59,-117.05,-37.269999999999996,-33.71,-15.200000000000003,-29.61,-93.15
2025-08-13T17:07:40.474161,63.0,37.0,-52.0,50.0,16.0,-134.0,-12.0,-2.0,-72.0,-25.0,-24.0,-54.0,45.519999999999996,9.989999999999998,-40.22,29.32,4.470000000000001,-111.59,-7.05,11.73,-35.71,-63.2,-53.61,-41.15
2025-08-13T17:07:40.478916,-51.0,20.0,-150.0,27.0,-53.0,-127.0,-51.0,-44.0,-56.0,36.0,97.0,-57.0,-68.48,-7.010000000000002,-138.22,6.32,-64.53,-104.59,-46.05,-30.27,-19.71,-2.200000000000003,67.39,-44.15
2025-08-13T17:07:40.486285,12.0,38.0,-154.0,38.0,20.0,-125.0,-17.0,13.0,-151.0,5.0,78.0,-132.0,-5.48,10.989999999999998,-142.22,17.32,8.47,-102.59,-12.05,26.73,-114.71000000000001,-33.2,48.39,-119.15
2025-08-13T17:07:40.490423,48.0,-1.0,-205.0,37.0,-7.0,-86.0,-30.0,-50.0,-127.0,58.0,39.0,-109.0,30.52,-28.01,-193.22,16.32,-18.53,-63.59,-25.05,-36.269999999999996,-90.71000000000001,19.799999999999997,9.39,-96.15
2025-08-13T17:07:40.500177,114.0,36.0,-106.0,22.0,36.0,-105.0,33.0,10.0,-100.0,38.0,49.0,-97.0,96.52,8.989999999999998,-94.22,1.3200000000000003,24.47,-82.59,37.95,23.73,-63.71,-0.20000000000000284,19.39,-84.15
2025-08-13T17:07:40.506649,-3.0,75.0,2.0,75.0,-9.0,-74.0,-35.0,-51.0,-125.0,13.0,51.0,-64.0,-20.48,47.989999999999995,13.78,54.32,-20.53,-51.59,-30.05,-37.269999999999996,-88.71000000000001,-25.200000000000003,21.39,-51.15
2025-08-13T17:07:40.510485,-30.0,85.0,-139.0,66.0,-3.0,-110.0,11.0,-71.0,-108.0,69.0,-17.0,-51.0,-47.480000000000004,57.989999999999995,-127.22,45.32,-14.53,-87.59,15.95,-57.269999999999996,-71.71000000000001,30.799999999999997,-46.61,-38.15
2025-08-13T17:07:40.514347,56.0,33.0,-112.0,41.0,15.0,-149.0,-1.0,2.0,-168.0,-36.0,47.0,-68.0,38.519999999999996,5.989999999999998,-100.22,20.32,3.4700000000000006,-126.59,3.95,15.73,-131.71,-74.2,17.39,-55.15
2025-08-13T17:07:40.522432,84.0,42.0,-140.0,25.0,-14.0,-91.0,-44.0,-53.0,-177.0,-14.0,39.0,-105.0,66.52,14.989999999999998,-128.22,4.32,-25.53,-68.59,-39.05,-39.269999999999996,-140.71,-52.2,9.39,-92.15
2025-08-13T17:07:40.526778,51.0,41.0,-157.0,75.0,-19.0,-173.0,-74.0,-4.0,-177.0,71.0,99.0,-175.0,33.519999999999996,13.989999999999998,-145.22,54.32,-30.53,-150.59,-69.05,9.73,-140.71,32.8,69.39,-162.15
2025-08-13T17:07:40.534847,34.0,-45.0,-160.0,85.0,4.0,-126.0,14.0,-94.0,-195.0,26.0,39.0,-53.0,16.52,-72.01,-148.22,64.32,-7.529999999999999,-103.59,18.95,-80.27,-158.71,-12.200000000000003,9.39,-40.15
2025-08-13T17:07:40.539675,111.0,-24.0,-83.0,44.0,-17.0,-189.0,19.0,-34.0,-90.0,-14.0,55.0,-117.0,93.52,-51.010000000000005,-71.22,23.32,-28.53,-166.59,23.95,-20.27,-53.71,-52.2,25.39,-104.15
2025-08-13T17:07:40.546961,73.0,-40.0,-122.0,66.0,44.0,-105.0,-76.0,-83.0,-125.0,-23.0,-25.0,-121.0,55.519999999999996,-67.01,-110.22,45.32,32.47,-82.59,-71.05,-69.27,-88.71000000000001,-61.2,-54.61,-108.15
2025-08-13T17:07:40.555248,49.0,78.0,-105.0,-4.0,22.0,-169.0,-106.0,-20.0,-74.0,-3.0,59.0,-132.0,31.52,50.989999999999995,-93.22,-24.68,10.47,-146.59,-101.05,-6.27,-37.71,-41.2,29.39,-119.15
2025-08-13T17:07:40.559355,10.0,58.0,-87.0,61.0,-13.0,-120.0,-84.0,23.0,-140.0,-42.0,41.0,-111.0,-7.48,30.99,-75.22,40.32,-24.53,-97.59,-79.05,36.730000000000004,-103.71000000000001,-80.2,11.39,-98.15
2025-08-13T17:07:40.567507,34.0,79.0,-168.0,84.0,59.0,-144.0,-73.0,-73.0,-164.0,-43.0,45.0,-91.0,16.52,51.989999999999995,-156.22,63.32,47.47,-121.59,-68.05,-59.269999999999996,-127.71000000000001,-81.2,15.39,-78.15
2025-08-13T17:07:40.571796,121.0,1.0,-155.0,46.0,9.0,-144.0,-26.0,-101.0,-116.0,24.0,30.0,-131.0,103.52,-26.01,-143.22,25.32,-2.5299999999999994,-121.59,-21.05,-87.27,-79.71000000000001,-14.200000000000003,0.39000000000000057,-118.15
2025-08-13T17:07:40.579671,65.0,97.0,-49.0,73.0,20.0,-145.0,-96.0,25.0,-116.0,-20.0,-10.0,-100.0,47.519999999999996,69.99,-37.22,52.32,8.47,-122.59,-91.05,38.730000000000004,-79.71000000000001,-58.2,-39.61,-87.15
2025-08-13T17:07:40.584112,80.0,36.0,-129.0,10.0,44.0,-153.0,-60.0,-2.0,-135.0,16.0,24.0,-52.0,62.519999999999996,8.989999999999998,-117.22,-10.68,32.47,-130.59,-55.05,11.73,-98.71000000000001,-22.200000000000003,-5.609999999999999,-39.15
2025-08-13T17:07:40.592156,18.0,67.0,-101.0,32.0,13.0,-113.0,-14.0,-51.0,-184.0,38.0,117.0,-154.0,0.5199999999999996,39.989999999999995,-89.22,11.32,1.4700000000000006,-90.59,-9.05,-37.269999999999996,-147.71,-0.20000000000000284,87.39,-141.15
2025-08-13T17:07:40.596401,50.0,137.0,-148.0,23.0,8.0,-159.0,14.0,6.0,-114.0,-16.0,83.0,-183.0,32.519999999999996,109.99,-136.22,2.3200000000000003,-3.5299999999999994,-136.59,18.95,19.73,-77.71000000000001,-54.2,53.39,-170.15
2025-08-13T17:07:40.604325,32.0,3.0,-148.0,28.0,-22.0,-173.0,-75.0,-73.0,-91.0,29.0,46.0,-123.0,14.52,-24.01,-136.22,7.32,-33.53,-150.59,-70.05,-59.269999999999996,-54.71,-9.200000000000003,16.39,-110.15
2025-08-13T17:07:40.608602,43.0,49.0,-119.0,18.0,-19.0,-124.0,-74.0,-8.0,-143.0,-38.0,23.0,-163.0,25.52,21.99,-107.22,-2.6799999999999997,-30.53,-101.59,-69.05,5.73,-106.71000000000001,-76.2,-6.609999999999999,-150.15
2025-08-13T17:07:40.616562,76.0,87.0,-85.0,69.0,-23.0,-150.0,-44.0,32.0,-167.0,60.0,12.0,-116.0,58.519999999999996,59.989999999999995,-73.22,48.32,-34.53,-127.59,-39.05,45.730000000000004,-130.71,21.799999999999997,-17.61,-103.15
2025-08-13T17:07:40.620999,63.0,63.0,-120.0,98.0,9.0,-154.0,-30.0,-44.0,-208.0,-54.0,56.0,-165.0,45.519999999999996,35.989999999999995,-108.22,77.32,-2.5299999999999994,-131.59,-25.05,-30.27,-171.71,-92.2,26.39,-152.15
2025-08-13T17:07:40.628901,27.0,20.0,-117.0,37.0,-51.0,-197.0,-21.0,-53.0,-196.0,-12.0,106.0,-49.0,9.52,-7.010000000000002,-105.22,16.32,-62.53,-174.59,-16.05,-39.269999999999996,-159.71,-50.2,76.39,-36.15
2025-08-13T17:07:40.633154,99.0,72.0,-167.0,34.0,2.0,-111.0,6.0,-58.0,-139.0,-36.0,70.0,-183.0,81.52,44.989999999999995,-155.22,13.32,-9.53,-88.59,10.95,-44.269999999999996,-102.71000000000001,-74.2,40.39,-170.15
2025-08-13T17:07:40.641640,15.0,81.0,-138.0,8.0,27.0,-121.0,-33.0,-60.0,-126.0,14.0,104.0,-179.0,-2.4800000000000004,53.989999999999995,-126.22,-12.68,15.47,-98.59,-28.05,-46.269999999999996,-89.71000000000001,-24.200000000000003,74.39,-166.15
2025-08-13T17:07:40.649279,76.0,-2.0,-153.0,2.0,-19.0,-198.0,-122.0,-70.0,-126.0,18.0,27.0,-119.0,58.519999999999996,-29.01,-141.22,-18.68,-30.53,-175.59,-117.05,-56.269999999999996,-89.71000000000001,-20.200000000000003,-2.6099999999999994,-106.15
2025-08-13T17:07:40.653671,67.0,16.0,-115.0,34.0,-89.0,-163.0,-43.0,5.0,-136.0,5.0,0.0,-108.0,49.519999999999996,-11.010000000000002,-103.22,13.32,-100.53,-140.59,-38.05,18.73,-99.71000000000001,-33.2,-29.61,-95.15
2025-08-13T17:07:40.661768,66.0,24.0,-62.0,16.0,-29.0,-149.0,-37.0,20.0,-202.0,-15.0,101.0,-86.0,48.519999999999996,-3.0100000000000016,-50.22,-4.68,-40.53,-126.59,-32.05,33.730000000000004,-165.71,-53.2,71.39,-73.15
2025-08-13T17:07:40.666009,32.0,28.0,-102.0,112.0,-32.0,-155.0,-61.0,-61.0,-157.0,-30.0,75.0,-153.0,14.52,0.9899999999999984,-90.22,91.32,-43.53,-132.59,-56.05,-47.269999999999996,-120.71000000000001,-68.2,45.39,-140.15
2025-08-13T17:07:40.674431,117.0,49.0,-192.0,60.0,-50.0,-185.0,-28.0,-54.0,-135.0,-40.0,83.0,-136.0,99.52,21.99,-180.22,39.32,-61.53,-162.59,-23.05,-40.269999999999996,-98.71000000000001,-78.2,53.39,-123.15
2025-08-13T17:07:40.678336,109.0,40.0,-176.0,59.0,-25.0,-141.0,-65.0,-30.0,-116.0,49.0,-1.0,-152.0,91.52,12.989999999999998,-164.22,38.32,-36.53,-118.59,-60.05,-16.27,-79.71000000000001,10.799999999999997,-30.61,-139.15
2025-08-13T17:07:40.686271,16.0,16.0,-123.0,68.0,-6.0,-113.0,-87.0,-27.0,-171.0,-28.0,55.0,-163.0,-1.4800000000000004,-11.010000000000002,-111.22,47.32,-17.53,-90.59,-82.05,-13.27,-134.71,-66.2,25.39,-150.15
2025-08-13T17:07:40.690696,5.0,25.0,-146.0,2.0,-5.0,-157.0,-24.0,30.0,-167.0,-11.0,23.0,-54.0,-12.48,-2.0100000000000016,-134.22,-18.68,-16.53,-134.59,-19.05,43.730000000000004,-130.71,-49.2,-6.609999999999999,-41.15
2025-08-13T17:07:40.698680,5.0,125.0,-94.0,68.0,-48.0,-108.0,-16.0,-8.0,-158.0,-42.0,73.0,-76.0,-12.48,97.99,-82.22,47.32,-59.53,-85.59,-11.05,5.73,-121.71000000000001,-80.2,43.39,-63.15
2025-08-13T17:07:40.702918,39.0,8.0,-162.0,6.0,0.0,-147.0,-94.0,-34.0,-113.0,14.0,52.0,-135.0,21.52,-19.01,-150.22,-14.68,-11.53,-124.59,-89.05,-20.27,-76.71000000000001,-24.200000000000003,22.39,-122.15
2025-08-13T17:07:40.711119,153.0,-11.0,-163.0,31.0,-34.0,-124.0,-60.0,-62.0,-83.0,-11.0,62.0,-160.0,135.52,-38.010000000000005,-151.22,10.32,-45.53,-101.59,-55.05,-48.269999999999996,-46.71,-49.2,32.39,-147.15
2025-08-13T17:07:40.715678,26.0,-15.0,-152.0,76.0,-47.0,-174.0,-95.0,-35.0,-91.0,35.0,67.0,-181.0,8.52,-42.010000000000005,-140.22,55.32,-58.53,-151.59,-90.05,-21.27,-54.71,-3.200000000000003,37.39,-168.15
2025-08-13T17:07:40.723514,82.0,2.0,-119.0,-36.0,-24.0,-93.0,4.0,-41.0,-158.0,22.0,53.0,-105.0,64.52,-25.01,-107.22,-56.68,-35.53,-70.59,8.95,-27.27,-121.71000000000001,-16.200000000000003,23.39,-92.15
2025-08-13T17:07:40.728233,85.0,26.0,-97.0,107.0,-53.0,-146.0,-3.0,-45.0,-155.0,31.0,53.0,-102.0,67.52,-1.0100000000000016,-85.22,86.32,-64.53,-123.59,1.9500000000000002,-31.27,-118.71000000000001,-7.200000000000003,23.39,-89.15
2025-08-13T17:07:40.735913,15.0,5.0,-152.0,-9.0,-32.0,-101.0,-45.0,-86.0,-158.0,4.0,-3.0,-95.0,-2.4800000000000004,-22.01,-140.22,-29.68,-43.53,-78.59,-40.05,-72.27,-121.71000000000001,-34.2,-32.61,-82.15
2025-08-13T17:07:40.745842,29.0,67.0,-88.0,69.0,29.0,-150.0,-16.0,-72.0,-74.0,-23.0,149.0,-72.0,11.52,39.989999999999995,-76.22,48.32,17.47,-127.59,-11.05,-58.269999999999996,-37.71,-61.2,119.39,-59.15
2025-08-13T17:07:40.755802,41.0,44.0,-210.0,100.0,30.0,-96.0,-75.0,-81.0,-186.0,-43.0,8.0,-155.0,23.52,16.99,-198.22,79.32,18.47,-73.59,-70.05,-67.27,-149.71,-81.2,-21.61,-142.15
2025-08-13T17:07:40.763192,13.0,57.0,-143.0,24.0,-43.0,-174.0,-30.0,38.0,-82.0,24.0,86.0,-129.0,-4.48,29.99,-131.22,3.3200000000000003,-54.53,-151.59,-25.05,51.730000000000004,-45.71,-14.200000000000003,56.39,-116.15
2025-08-13T17:07:40.767763,34.0,-24.0,-105.0,73.0,16.0,-138.0,-11.0,-25.0,-147.0,6.0,-1.0,-115.0,16.52,-51.010000000000005,-93.22,52.32,4.470000000000001,-115.59,-6.05,-11.27,-110.71000000000001,-32.2,-30.61,-102.15
2025-08-13T17:07:40.771656,77.0,-20.0,-99.0,-10.0,-5.0,-128.0,-20.0,-5.0,-86.0,32.0,59.0,-167.0,59.519999999999996,-47.010000000000005,-87.22,-30.68,-16.53,-105.59,-15.05,8.73,-49.71,-6.200000000000003,29.39,-154.15
2025-08-13T17:07:40.774121,51.0,26.0,-150.0,94.0,-64.0,-117.0,13.0,-28.0,-179.0,9.0,35.0,-141.0,33.519999999999996,-1.0100000000000016,-138.22,73.32,-75.53,-94.59,17.95,-14.27,-142.71,-29.200000000000003,5.390000000000001,-128.15
2025-08-13T17:07:40.780477,96.0,108.0,-121.0,92.0,23.0,-112.0,8.0,5.0,-143.0,4.0,56.0,-74.0,78.52,80.99,-109.22,71.32,11.47,-89.59,12.95,18.73,-106.71000000000001,-34.2,26.39,-61.15
2025-08-13T17:07:40.784789,24.0,120.0,-156.0,50.0,67.0,-119.0,-75.0,-48.0,-132.0,-21.0,61.0,-119.0,6.52,92.99,-144.22,29.32,55.47,-96.59,-70.05,-34.269999999999996,-95.71000000000001,-59.2,31.39,-106.15
2025-08-13T17:07:40.792553,84.0,93.0,-199.0,39.0,-10.0,-165.0,17.0,20.0,-153.0,47.0,46.0,-108.0,66.52,65.99,-187.22,18.32,-21.53,-142.59,21.95,33.730000000000004,-116.71000000000001,8.799999999999997,16.39,-95.15
2025-08-13T17:07:40.796891,120.0,56.0,-60.0,97.0,72.0,-145.0,-5.0,45.0,-149.0,11.0,62.0,-76.0,102.52,28.99,-48.22,76.32,60.47,-122.59,-0.04999999999999982,58.730000000000004,-112.71000000000001,-27.200000000000003,32.39,-63.15
2025-08-13T17:07:40.804941,-3.0,107.0,-144.0,7.0,-12.0,-200.0,-34.0,-30.0,-167.0,-21.0,28.0,-112.0,-20.48,79.99,-132.22,-13.68,-23.53,-177.59,-29.05,-16.27,-130.71,-59.2,-1.6099999999999994,-99.15
2025-08-13T17:07:40.809453,-2.0,66.0,-50.0,25.0,30.0,-135.0,-22.0,-56.0,-96.0,-29.0,101.0,-114.0,-19.48,38.989999999999995,-38.22,4.32,18.47,-112.59,-17.05,-42.269999999999996,-59.71,-67.2,71.39,-101.15
2025-08-13T17:07:40.817250,56.0,91.0,-174.0,30.0,-12.0,-125.0,-32.0,12.0,-117.0,-19.0,37.0,-165.0,38.519999999999996,63.989999999999995,-162.22,9.32,-23.53,-102.59,-27.05,25.73,-80.71000000000001,-57.2,7.390000000000001,-152.15
2025-08-13T17:07:40.821541,131.0,128.0,-154.0,39.0,-46.0,-209.0,-41.0,-7.0,-132.0,-22.0,30.0,-171.0,113.52,100.99,-142.22,18.32,-57.53,-186.59,-36.05,6.73,-95.71000000000001,-60.2,0.39000000000000057,-158.15
2025-08-13T17:07:40.829713,64.0,-7.0,-124.0,42.0,-73.0,-149.0,22.0,38.0,-148.0,12.0,81.0,-97.0,46.519999999999996,-34.010000000000005,-112.22,21.32,-84.53,-126.59,26.95,51.730000000000004,-111.71000000000001,-26.200000000000003,51.39,-84.15
2025-08-13T17:07:40.833925,16.0,-11.0,-106.0,19.0,-56.0,-123.0,-67.0,0.0,-136.0,27.0,85.0,-97.0,-1.4800000000000004,-38.010000000000005,-94.22,-1.6799999999999997,-67.53,-100.59,-62.05,13.73,-99.71000000000001,-11.200000000000003,55.39,-84.15
2025-08-13T17:07:40.841900,39.0,32.0,-136.0,53.0,-73.0,-139.0,-12.0,-81.0,-141.0,-11.0,74.0,-112.0,21.52,4.989999999999998,-124.22,32.32,-84.53,-116.59,-7.05,-67.27,-104.71000000000001,-49.2,44.39,-99.15
2025-08-13T17:07:40.845996,40.0,57.0,-173.0,60.0,-10.0,-218.0,27.0,46.0,-117.0,23.0,-6.0,-137.0,22.52,29.99,-161.22,39.32,-21.53,-195.59,31.95,59.730000000000004,-80.71000000000001,-15.200000000000003,-35.61,-124.15
2025-08-13T17:07:40.854369,100.0,51.0,-145.0,-10.0,3.0,-104.0,-11.0,-54.0,-126.0,16.0,62.0,-148.0,82.52,23.99,-133.22,-30.68,-8.53,-81.59,-6.05,-40.269999999999996,-89.71000000000001,-22.200000000000003,32.39,-135.15
2025-08-13T17:07:40.862281,81.0,33.0,-129.0,36.0,-50.0,-131.0,-11.0,1.0,-179.0,34.0,28.0,-82.0,63.519999999999996,5.989999999999998,-117.22,15.32,-61.53,-108.59,-6.05,14.73,-142.71,-4.200000000000003,-1.6099999999999994,-69.15
2025-08-13T17:07:40.866607,81.0,1.0,-101.0,45.0,-80.0,-129.0,-76.0,20.0,-135.0,23.0,-24.0,-85.0,63.519999999999996,-26.01,-89.22,24.32,-91.53,-106.59,-71.05,33.730000000000004,-98.71000000000001,-15.200000000000003,-53.61,-72.15
2025-08-13T17:07:40.874655,56.0,-10.0,-180.0,60.0,-44.0,-184.0,-47.0,-94.0,-134.0,-62.0,51.0,-130.0,38.519999999999996,-37.010000000000005,-168.22,39.32,-55.53,-161.59,-42.05,-80.27,-97.71000000000001,-100.2,21.39,-117.15
2025-08-13T17:07:40.878934,2.0,17.0,-94.0,63.0,-17.0,-181.0,-32.0,-66.0,-86.0,-25.0,37.0,-86.0,-15.48,-10.010000000000002,-82.22,42.32,-28.53,-158.59,-27.05,-52.269999999999996,-49.71,-63.2,7.390000000000001,-73.15
2025-08-13T17:07:40.887073,20.0,22.0,-140.0,7.0,-65.0,-126.0,20.0,-14.0,-161.0,18.0,31.0,-175.0,2.5199999999999996,-5.010000000000002,-128.22,-13.68,-76.53,-103.59,24.95,-0.2699999999999996,-124.71000000000001,-20.200000000000003,1.3900000000000006,-162.15
2025-08-13T17:07:40.891360,11.0,80.0,-130.0,96.0,-38.0,-103.0,-68.0,-26.0,-105.0,91.0,77.0,-137.0,-6.48,52.989999999999995,-118.22,75.32,-49.53,-80.59,-63.05,-12.27,-68.71000000000001,52.8,47.39,-124.15
2025-08-13T17:07:40.899560,58.0,30.0,-156.0,107.0,-26.0,-114.0,-49.0,30.0,-154.0,2.0,25.0,-102.0,40.519999999999996,2.9899999999999984,-144.22,86.32,-37.53,-91.59,-44.05,43.730000000000004,-117.71000000000001,-36.2,-4.609999999999999,-89.15
2025-08-13T17:07:40.904343,68.0,25.0,-117.0,27.0,-12.0,-101.0,26.0,-54.0,-110.0,-31.0,23.0,-113.0,50.519999999999996,-2.0100000000000016,-105.22,6.32,-23.53,-78.59,30.95,-40.269999999999996,-73.71000000000001,-69.2,-6.609999999999999,-100.15
2025-08-13T17:07:40.911891,79.0,0.0,-117.0,-15.0,-10.0,-150.0,-42.0,-105.0,-160.0,-1.0,8.0,-118.0,61.519999999999996,-27.01,-105.22,-35.68,-21.53,-127.59,-37.05,-91.27,-123.71000000000001,-39.2,-21.61,-105.15
2025-08-13T17:07:40.916709,49.0,70.0,-93.0,23.0,61.0,-152.0,-22.0,-32.0,-95.0,-90.0,38.0,-164.0,31.52,42.989999999999995,-81.22,2.3200000000000003,49.47,-129.59,-17.05,-18.27,-58.71,-128.2,8.39,-151.15
2025-08-13T17:07:40.924143,78.0,73.0,-153.0,76.0,-76.0,-162.0,-25.0,-37.0,-134.0,4.0,50.0,-131.0,60.519999999999996,45.989999999999995,-141.22,55.32,-87.53,-139.59,-20.05,-23.27,-97.71000000000001,-34.2,20.39,-118.15
2025-08-13T17:07:40.929062,89.0,75.0,-142.0,30.0,-40.0,-194.0,-38.0,-38.0,-97.0,-3.0,25.0,-118.0,71.52,47.989999999999995,-130.22,9.32,-51.53,-171.59,-33.05,-24.27,-60.71,-41.2,-4.609999999999999,-105.15
2025-08-13T17:07:40.936682,131.0,15.0,-127.0,69.0,-59.0,-73.0,-27.0,-3.0,-121.0,-24.0,-58.0,-128.0,113.52,-12.010000000000002,-115.22,48.32,-70.53,-50.59,-22.05,10.73,-84.71000000000001,-62.2,-87.61,-115.15
2025-08-13T17:07:40.942423,66.0,65.0,-87.0,51.0,-41.0,-133.0,-84.0,0.0,-131.0,9.0,37.0,-161.0,48.519999999999996,37.989999999999995,-75.22,30.32,-52.53,-110.59,-79.05,13.73,-94.71000000000001,-29.200000000000003,7.390000000000001,-148.15
2025-08-13T17:07:40.948839,41.0,14.0,-89.0,27.0,12.0,-151.0,-17.0,-91.0,-153.0,15.0,16.0,-120.0,23.52,-13.010000000000002,-77.22,6.32,0.47000000000000064,-128.59,-12.05,-77.27,-116.71000000000001,-23.200000000000003,-13.61,-107.15
2025-08-13T17:07:40.956723,100.0,85.0,-146.0,130.0,-7.0,-134.0,-23.0,35.0,-103.0,-64.0,48.0,-77.0,82.52,57.989999999999995,-134.22,109.32,-18.53,-111.59,-18.05,48.730000000000004,-66.71000000000001,-102.2,18.39,-64.15
2025-08-13T17:07:40.962822,92.0,87.0,-178.0,2.0,-36.0,-134.0,-60.0,37.0,-105.0,15.0,40.0,-129.0,74.52,59.989999999999995,-166.22,-18.68,-47.53,-111.59,-55.05,50.730000000000004,-68.71000000000001,-23.200000000000003,10.39,-116.15
2025-08-13T17:07:40.968731,60.0,77.0,-155.0,69.0,-55.0,-120.0,-23.0,-18.0,-177.0,64.0,77.0,-144.0,42.519999999999996,49.989999999999995,-143.22,48.32,-66.53,-97.59,-18.05,-4.27,-140.71,25.799999999999997,47.39,-131.15
2025-08-13T17:07:40.973336,69.0,18.0,-126.0,113.0,6.0,-131.0,28.0,-37.0,-183.0,1.0,11.0,-176.0,51.519999999999996,-9.010000000000002,-114.22,92.32,-5.529999999999999,-108.59,32.95,-23.27,-146.71,-37.2,-18.61,-163.15
2025-08-13T17:07:40.981306,45.0,-54.0,-129.0,32.0,-22.0,-156.0,3.0,-39.0,-139.0,56.0,80.0,-142.0,27.52,-81.01,-117.22,11.32,-33.53,-133.59,7.95,-25.27,-102.71000000000001,17.799999999999997,50.39,-129.15
2025-08-13T17:07:40.985695,82.0,64.0,-145.0,7.0,-24.0,-165.0,-20.0,-58.0,-116.0,-62.0,19.0,-47.0,64.52,36.989999999999995,-133.22,-13.68,-35.53,-142.59,-15.05,-44.269999999999996,-79.71000000000001,-100.2,-10.61,-34.15
2025-08-13T17:07:40.993432,-10.0,114.0,-62.0,34.0,-21.0,-196.0,-43.0,-41.0,-92.0,-41.0,28.0,-147.0,-27.48,86.99,-50.22,13.32,-32.53,-173.59,-38.05,-27.27,-55.71,-79.2,-1.6099999999999994,-134.15
2025-08-13T17:07:40.997942,64.0,2.0,-167.0,25.0,48.0,-158.0,-101.0,-32.0,-172.0,-47.0,22.0,-233.0,46.519999999999996,-25.01,-155.22,4.32,36.47,-135.59,-96.05,-18.27,-135.71,-85.2,-7.609999999999999,-220.15
2025-08-13T17:07:41.005817,60.0,78.0,-156.0,88.0,-7.0,-155.0,-97.0,24.0,-153.0,24.0,28.0,-157.0,42.519999999999996,50.989999999999995,-144.22,67.32,-18.53,-132.59,-92.05,37.730000000000004,-116.71000000000001,-14.200000000000003,-1.6099999999999994,-144.15
2025-08-13T17:07:41.010212,27.0,84.0,-151.0,71.0,-6.0,-180.0,49.0,-62.0,-123.0,4.0,58.0,-76.0,9.52,56.989999999999995,-139.22,50.32,-17.53,-157.59,53.95,-48.269999999999996,-86.71000000000001,-34.2,28.39,-63.15
2025-08-13T17:07:41.018002,39.0,31.0,-173.0,34.0,74.0,-112.0,-53.0,-61.0,-159.0,71.0,-4.0,-139.0,21.52,3.9899999999999984,-161.22,13.32,62.47,-89.59,-48.05,-47.269999999999996,-122.71000000000001,32.8,-33.61,-126.15
2025-08-13T17:07:41.022521,32.0,44.0,-145.0,89.0,47.0,-144.0,-65.0,-108.0,-118.0,-42.0,-1.0,-143.0,14.52,16.99,-133.22,68.32,35.47,-121.59,-60.05,-94.27,-81.71000000000001,-80.2,-30.61,-130.15
2025-08-13T17:07:41.030565,19.0,25.0,-141.0,85.0,-65.0,-124.0,-40.0,-47.0,-179.0,-69.0,42.0,-106.0,1.5199999999999996,-2.0100000000000016,-129.22,64.32,-76.53,-101.59,-35.05,-33.269999999999996,-142.71,-107.2,12.39,-93.15
2025-08-13T17:07:41.038322,113.0,-20.0,-143.0,27.0,0.0,-157.0,11.0,-54.0,-124.0,42.0,140.0,-143.0,95.52,-47.010000000000005,-131.22,6.32,-11.53,-134.59,15.95,-40.269999999999996,-87.71000000000001,3.799999999999997,110.39,-130.15
2025-08-13T17:07:41.042803,73.0,27.0,-194.0,26.0,20.0,-222.0,-29.0,-59.0,-99.0,1.0,-1.0,-172.0,55.519999999999996,-0.010000000000001563,-182.22,5.32,8.47,-199.59,-24.05,-45.269999999999996,-62.71,-37.2,-30.61,-159.15
2025-08-13T17:07:41.050556,-5.0,1.0,-151.0,54.0,-16.0,-155.0,-65.0,16.0,-114.0,21.0,0.0,-117.0,-22.48,-26.01,-139.22,33.32,-27.53,-132.59,-60.05,29.73,-77.71000000000001,-17.200000000000003,-29.61,-104.15
2025-08-13T17:07:41.055052,78.0,53.0,-134.0,64.0,-8.0,-154.0,16.0,26.0,-111.0,14.0,80.0,-65.0,60.519999999999996,25.99,-122.22,43.32,-19.53,-131.59,20.95,39.730000000000004,-74.71000000000001,-24.200000000000003,50.39,-52.15
2025-08-13T17:07:41.062931,84.0,-11.0,-205.0,70.0,16.0,-166.0,-4.0,-11.0,-61.0,-15.0,59.0,-162.0,66.52,-38.010000000000005,-193.22,49.32,4.470000000000001,-143.59,0.9500000000000002,2.7300000000000004,-24.71,-53.2,29.39,-149.15
2025-08-13T17:07:41.067432,35.0,5.0,-162.0,73.0,17.0,-153.0,-70.0,-88.0,-134.0,-38.0,65.0,-183.0,17.52,-22.01,-150.22,52.32,5.470000000000001,-130.59,-65.05,-74.27,-97.71000000000001,-76.2,35.39,-170.15
2025-08-13T17:07:41.075326,58.0,43.0,-106.0,15.0,2.0,-120.0,-90.0,23.0,-153.0,29.0,96.0,-91.0,40.519999999999996,15.989999999999998,-94.22,-5.68,-9.53,-97.59,-85.05,36.730000000000004,-116.71000000000001,-9.200000000000003,66.39,-78.15
2025-08-13T17:07:41.080331,39.0,37.0,-124.0,17.0,-3.0,-227.0,-80.0,-59.0,-197.0,21.0,58.0,-195.0,21.52,9.989999999999998,-112.22,-3.6799999999999997,-14.53,-204.59,-75.05,-45.269999999999996,-160.71,-17.200000000000003,28.39,-182.15
2025-08-13T17:07:41.087687,82.0,41.0,-127.0,37.0,15.0,-142.0,8.0,-73.0,-127.0,-32.0,22.0,-136.0,64.52,13.989999999999998,-115.22,16.32,3.4700000000000006,-119.59,12.95,-59.269999999999996,-90.71000000000001,-70.2,-7.609999999999999,-123.15
2025-08-13T17:07:41.092049,72.0,54.0,-140.0,100.0,-31.0,-226.0,-11.0,-27.0,-89.0,-51.0,-11.0,-75.0,54.519999999999996,26.99,-128.22,79.32,-42.53,-203.59,-6.05,-13.27,-52.71,-89.2,-40.61,-62.15
2025-08-13T17:07:41.099896,7.0,0.0,-84.0,61.0,6.0,-145.0,-64.0,1.0,-50.0,-17.0,71.0,-69.0,-10.48,-27.01,-72.22,40.32,-5.529999999999999,-122.59,-59.05,14.73,-13.71,-55.2,41.39,-56.15
2025-08-13T17:07:41.104417,-13.0,18.0,-97.0,90.0,-20.0,-177.0,-45.0,-55.0,-155.0,-50.0,41.0,-81.0,-30.48,-9.010000000000002,-85.22,69.32,-31.53,-154.59,-40.05,-41.269999999999996,-118.71000000000001,-88.2,11.39,-68.15
2025-08-13T17:07:41.112385,35.0,59.0,-167.0,58.0,-6.0,-168.0,-55.0,-13.0,-103.0,-40.0,102.0,-147.0,17.52,31.99,-155.22,37.32,-17.53,-145.59,-50.05,0.7300000000000004,-66.71000000000001,-78.2,72.39,-134.15
2025-08-13T17:07:41.116877,62.0,28.0,-131.0,-18.0,38.0,-167.0,-37.0,-32.0,-145.0,-8.0,48.0,-164.0,44.519999999999996,0.9899999999999984,-119.22,-38.68,26.47,-144.59,-32.05,-18.27,-108.71000000000001,-46.2,18.39,-151.15
2025-08-13T17:07:41.124911,85.0,31.0,-142.0,12.0,47.0,-117.0,-38.0,-50.0,-201.0,-87.0,71.0,-153.0,67.52,3.9899999999999984,-130.22,-8.68,35.47,-94.59,-33.05,-36.269999999999996,-164.71,-125.2,41.39,-140.15
2025-08-13T17:07:41.129666,160.0,3.0,-152.0,32.0,-23.0,-63.0,-110.0,-54.0,-108.0,40.0,7.0,-55.0,142.52,-24.01,-140.22,11.32,-34.53,-40.59,-105.05,-40.269999999999996,-71.71000000000001,1.7999999999999972,-22.61,-42.15
2025-08-13T17:07:41.137311,48.0,34.0,-116.0,73.0,-13.0,-207.0,-23.0,-110.0,-177.0,-75.0,11.0,-139.0,30.52,6.989999999999998,-104.22,52.32,-24.53,-184.59,-18.05,-96.27,-140.71,-113.2,-18.61,-126.15
2025-08-13T17:07:41.144933,40.0,66.0,-81.0,16.0,-11.0,-143.0,-50.0,-40.0,-155.0,-46.0,51.0,-102.0,22.52,38.989999999999995,-69.22,-4.68,-22.53,-120.59,-45.05,-26.27,-118.71000000000001,-84.2,21.39,-89.15
2025-08-13T17:07:41.149798,19.0,11.0,-176.0,48.0,56.0,-143.0,16.0,-32.0,-138.0,8.0,99.0,-157.0,1.5199999999999996,-16.01,-164.22,27.32,44.47,-120.59,20.95,-18.27,-101.71000000000001,-30.200000000000003,69.39,-144.15
2025-08-13T17:07:41.157726,82.0,96.0,-147.0,84.0,-70.0,-161.0,-77.0,-47.0,-148.0,-34.0,31.0,-150.0,64.52,68.99,-135.22,63.32,-81.53,-138.59,-72.05,-33.269999999999996,-111.71000000000001,-72.2,1.3900000000000006,-137.15
2025-08-13T17:07:41.162877,128.0,22.0,-125.0,88.0,3.0,-85.0,-30.0,-11.0,-103.0,46.0,9.0,6.0,110.52,-5.010000000000002,-113.22,67.32,-8.53,-62.59,-25.05,2.7300000000000004,-66.71000000000001,7.799999999999997,-20.61,18.85
2025-08-13T17:07:41.169477,114.0,23.0,-116.0,69.0,-41.0,-142.0,-92.0,-113.0,-91.0,39.0,63.0,-144.0,96.52,-4.010000000000002,-104.22,48.32,-52.53,-119.59,-87.05,-99.27,-54.71,0.7999999999999972,33.39,-131.15
2025-08-13T17:07:41.173774,38.0,82.0,-93.0,18.0,4.0,-131.0,-82.0,-29.0,-118.0,-10.0,1.0,-145.0,20.52,54.989999999999995,-81.22,-2.6799999999999997,-7.529999999999999,-108.59,-77.05,-15.27,-81.71000000000001,-48.2,-28.61,-132.15
2025-08-13T17:07:41.181767,-30.0,50.0,-63.0,38.0,-12.0,-83.0,8.0,8.0,-94.0,-11.0,67.0,-93.0,-47.480000000000004,22.99,-51.22,17.32,-23.53,-60.59,12.95,21.73,-57.71,-49.2,37.39,-80.15
2025-08-13T17:07:41.186060,52.0,45.0,-115.0,25.0,-21.0,-112.0,-75.0,-33.0,-118.0,50.0,57.0,-156.0,34.519999999999996,17.99,-103.22,4.32,-32.53,-89.59,-70.05,-19.27,-81.71000000000001,11.799999999999997,27.39,-143.15
2025-08-13T17:07:41.194053,36.0,97.0,-144.0,37.0,48.0,-110.0,-48.0,-19.0,-141.0,61.0,9.0,-92.0,18.52,69.99,-132.22,16.32,36.47,-87.59,-43.05,-5.27,-104.71000000000001,22.799999999999997,-20.61,-79.15
2025-08-13T17:07:41.198391,41.0,82.0,-82.0,60.0,-79.0,-65.0,-8.0,-45.0,-88.0,8.0,7.0,-98.0,23.52,54.989999999999995,-70.22,39.32,-90.53,-42.59,-3.05,-31.27,-51.71,-30.200000000000003,-22.61,-85.15
2025-08-13T17:07:41.206364,65.0,27.0,-101.0,81.0,-24.0,-165.0,17.0,-34.0,-148.0,21.0,33.0,-138.0,47.519999999999996,-0.010000000000001563,-89.22,60.32,-35.53,-142.59,21.95,-20.27,-111.71000000000001,-17.200000000000003,3.3900000000000006,-125.15
2025-08-13T17:07:41.210798,-2.0,8.0,-152.0,72.0,7.0,-160.0,-89.0,-90.0,-122.0,-21.0,10.0,-84.0,-19.48,-19.01,-140.22,51.32,-4.529999999999999,-137.59,-84.05,-76.27,-85.71000000000001,-59.2,-19.61,-71.15
2025-08-13T17:07:41.218682,11.0,21.0,-50.0,59.0,13.0,-166.0,-115.0,-56.0,-87.0,-23.0,25.0,-106.0,-6.48,-6.010000000000002,-38.22,38.32,1.4700000000000006,-143.59,-110.05,-42.269999999999996,-50.71,-61.2,-4.609999999999999,-93.15
2025-08-13T17:07:41.222905,74.0,69.0,-97.0,-12.0,-39.0,-92.0,-56.0,0.0,-186.0,-1.0,57.0,-163.0,56.519999999999996,41.989999999999995,-85.22,-32.68,-50.53,-69.59,-51.05,13.73,-149.71,-39.2,27.39,-150.15
2025-08-13T17:07:41.230991,54.0,91.0,-106.0,71.0,35.0,-150.0,-50.0,-69.0,-151.0,22.0,39.0,-174.0,36.519999999999996,63.989999999999995,-94.22,50.32,23.47,-127.59,-45.05,-55.269999999999996,-114.71000000000001,-16.200000000000003,9.39,-161.15
2025-08-13T17:07:41.235205,-21.0,86.0,-148.0,54.0,35.0,-157.0,-32.0,-59.0,-126.0,3.0,8.0,-129.0,-38.480000000000004,58.989999999999995,-136.22,33.32,23.47,-134.59,-27.05,-45.269999999999996,-89.71000000000001,-35.2,-21.61,-116.15
2025-08-13T17:07:41.243198,65.0,73.0,-138.0,24.0,-19.0,-188.0,-1.0,-35.0,-119.0,3.0,73.0,-176.0,47.519999999999996,45.989999999999995,-126.22,3.3200000000000003,-30.53,-165.59,3.95,-21.27,-82.71000000000001,-35.2,43.39,-163.15
2025-08-13T17:07:41.248653,34.0,30.0,-144.0,55.0,29.0,-169.0,-33.0,-45.0,-158.0,-50.0,71.0,-108.0,16.52,2.9899999999999984,-132.22,34.32,17.47,-146.59,-28.05,-31.27,-121.71000000000001,-88.2,41.39,-95.15
2025-08-13T17:07:41.255999,89.0,20.0,-147.0,4.0,-80.0,-155.0,-22.0,-67.0,-156.0,-45.0,77.0,-150.0,71.52,-7.010000000000002,-135.22,-16.68,-91.53,-132.59,-17.05,-53.269999999999996,-119.71000000000001,-83.2,47.39,-137.15
2025-08-13T17:07:41.264381,71.0,16.0,-116.0,72.0,14.0,-115.0,-56.0,28.0,-204.0,-48.0,7.0,-176.0,53.519999999999996,-11.010000000000002,-104.22,51.32,2.4700000000000006,-92.59,-51.05,41.730000000000004,-167.71,-86.2,-22.61,-163.15
2025-08-13T17:07:41.270640,69.0,66.0,-148.0,7.0,-13.0,-207.0,-30.0,-111.0,-179.0,-18.0,108.0,-210.0,51.519999999999996,38.989999999999995,-136.22,-13.68,-24.53,-184.59,-25.05,-97.27,-142.71,-56.2,78.39,-197.15
2025-08-13T17:07:41.276187,145.0,53.0,-94.0,56.0,-6.0,-128.0,-33.0,-113.0,-129.0,-12.0,95.0,-155.0,127.52,25.99,-82.22,35.32,-17.53,-105.59,-28.05,-99.27,-92.71000000000001,-50.2,65.39,-142.15
2025-08-13T17:07:41.280412,137.0,43.0,-205.0,144.0,0.0,-132.0,-99.0,-107.0,-184.0,9.0,110.0,-174.0,119.52,15.989999999999998,-193.22,123.32,-11.53,-109.59,-94.05,-93.27,-147.71,-29.200000000000003,80.39,-161.15
2025-08-13T17:07:41.288396,148.0,22.0,-103.0,54.0,-17.0,-153.0,-73.0,-54.0,-218.0,15.0,89.0,-215.0,130.52,-5.010000000000002,-91.22,33.32,-28.53,-130.59,-68.05,-40.269999999999996,-181.71,-23.200000000000003,59.39,-202.15
2025-08-13T17:07:41.295671,76.0,67.0,-191.0,145.0,-29.0,-155.0,-4.0,-71.0,-196.0,-38.0,57.0,-198.0,58.519999999999996,39.989999999999995,-179.22,124.32,-40.53,-132.59,0.9500000000000002,-57.269999999999996,-159.71,-76.2,27.39,-185.15
2025-08-13T17:07:41.301774,72.0,98.0,-160.0,194.0,-61.0,-240.0,-63.0,-140.0,-214.0,-1.0,64.0,-177.0,54.519999999999996,70.99,-148.22,173.32,-72.53,-217.59,-58.05,-126.27,-177.71,-39.2,34.39,-164.15
2025-08-13T17:07:41.307932,152.0,-24.0,-171.0,92.0,-13.0,-214.0,-44.0,-51.0,-191.0,-52.0,86.0,-180.0,134.52,-51.010000000000005,-159.22,71.32,-24.53,-191.59,-39.05,-37.269999999999996,-154.71,-90.2,56.39,-167.15
2025-08-13T17:07:41.313160,112.0,-6.0,-174.0,132.0,-55.0,-178.0,-118.0,-63.0,-281.0,15.0,188.0,-201.0,94.52,-33.010000000000005,-162.22,111.32,-66.53,-155.59,-113.05,-49.269999999999996,-244.71,-23.200000000000003,158.39,-188.15
2025-08-13T17:07:41.320896,147.0,85.0,-159.0,90.0,-3.0,-199.0,-65.0,-146.0,-310.0,10.0,115.0,-277.0,129.52,57.989999999999995,-147.22,69.32,-14.53,-176.59,-60.05,-132.27,-273.71,-28.200000000000003,85.39,-264.15
2025-08-13T17:07:41.325733,122.0,59.0,-174.0,222.0,-69.0,-185.0,-78.0,-103.0,-248.0,-36.0,73.0,-236.0,104.52,31.99,-162.22,201.32,-80.53,-162.59,-73.05,-89.27,-211.71,-74.2,43.39,-223.15
2025-08-13T17:07:41.333547,145.0,19.0,-190.0,210.0,-32.0,-235.0,-24.0,-127.0,-287.0,-75.0,159.0,-229.0,127.52,-8.010000000000002,-178.22,189.32,-43.53,-212.59,-19.05,-113.27,-250.71,-113.2,129.39,-216.15
2025-08-13T17:07:41.337992,124.0,1.0,-164.0,175.0,55.0,-249.0,-43.0,-118.0,-309.0,-62.0,146.0,-290.0,106.52,-26.01,-152.22,154.32,43.47,-226.59,-38.05,-104.27,-272.71,-100.2,116.39,-277.15
2025-08-13T17:07:41.345712,160.0,73.0,-226.0,243.0,-71.0,-259.0,-47.0,-132.0,-290.0,20.0,128.0,-272.0,142.52,45.989999999999995,-214.22,222.32,-82.53,-236.59,-42.05,-118.27,-253.71,-18.200000000000003,98.39,-259.15
2025-08-13T17:07:41.350103,256.0,67.0,-198.0,273.0,-2.0,-316.0,-57.0,-75.0,-284.0,-21.0,141.0,-278.0,238.52,39.989999999999995,-186.22,252.32,-13.53,-293.59,-52.05,-61.269999999999996,-247.71,-59.2,111.39,-265.15
2025-08-13T17:07:41.358841,139.0,34.0,-159.0,228.0,29.0,-215.0,-42.0,-173.0,-311.0,26.0,107.0,-369.0,121.52,6.989999999999998,-147.22,207.32,17.47,-192.59,-37.05,-159.27,-274.71,-12.200000000000003,77.39,-356.15
2025-08-13T17:07:41.366235,275.0,129.0,-129.0,217.0,-72.0,-249.0,-88.0,-105.0,-297.0,21.0,96.0,-307.0,257.52,101.99,-117.22,196.32,-83.53,-226.59,-83.05,-91.27,-260.71,-17.200000000000003,66.39,-294.15
2025-08-13T17:07:41.370727,231.0,126.0,-169.0,276.0,-19.0,-239.0,-59.0,-148.0,-281.0,-15.0,166.0,-289.0,213.52,98.99,-157.22,255.32,-30.53,-216.59,-54.05,-134.27,-244.71,-53.2,136.39,-276.15
2025-08-13T17:07:41.378602,326.0,60.0,-164.0,265.0,-43.0,-163.0,-23.0,-188.0,-283.0,20.0,176.0,-351.0,308.52,32.989999999999995,-152.22,244.32,-54.53,-140.59,-18.05,-174.27,-246.71,-18.200000000000003,146.39,-338.15
2025-08-13T17:07:41.383039,296.0,76.0,-193.0,282.0,-58.0,-251.0,-84.0,-110.0,-352.0,6.0,145.0,-354.0,278.52,48.989999999999995,-181.22,261.32,-69.53,-228.59,-79.05,-96.27,-315.71,-32.2,115.39,-341.15
2025-08-13T17:07:41.390967,279.0,82.0,-270.0,248.0,-69.0,-210.0,-57.0,-66.0,-345.0,-1.0,151.0,-326.0,261.52,54.989999999999995,-258.22,227.32,-80.53,-187.59,-52.05,-52.269999999999996,-308.71,-39.2,121.39,-313.15
2025-08-13T17:07:41.398865,361.0,60.0,-219.0,278.0,-163.0,-251.0,-76.0,-114.0,-372.0,-90.0,196.0,-382.0,343.52,32.989999999999995,-207.22,257.32,-174.53,-228.59,-71.05,-100.27,-335.71,-128.2,166.39,-369.15
2025-08-13T17:07:41.403332,317.0,86.0,-180.0,243.0,-35.0,-223.0,-75.0,-191.0,-413.0,-35.0,223.0,-445.0,299.52,58.989999999999995,-168.22,222.32,-46.53,-200.59,-70.05,-177.27,-376.71,-73.2,193.39,-432.15
2025-08-13T17:07:41.411284,269.0,65.0,-235.0,297.0,-145.0,-173.0,-103.0,-237.0,-409.0,-48.0,78.0,-336.0,251.52,37.989999999999995,-223.22,276.32,-156.53,-150.59,-98.05,-223.27,-372.71,-86.2,48.39,-323.15
2025-08-13T17:07:41.415796,323.0,103.0,-194.0,292.0,-85.0,-245.0,-77.0,-216.0,-439.0,-74.0,176.0,-421.0,305.52,75.99,-182.22,271.32,-96.53,-222.59,-72.05,-202.27,-402.71,-112.2,146.39,-408.15
2025-08-13T17:07:41.423844,307.0,91.0,-165.0,359.0,-103.0,-190.0,-130.0,-218.0,-348.0,7.0,120.0,-403.0,289.52,63.989999999999995,-153.22,338.32,-114.53,-167.59,-125.05,-204.27,-311.71,-31.200000000000003,90.39,-390.15
2025-08-13T17:07:41.431718,341.0,156.0,-242.0,313.0,-96.0,-246.0,-106.0,-143.0,-349.0,-22.0,110.0,-390.0,323.52,128.99,-230.22,292.32,-107.53,-223.59,-101.05,-129.27,-312.71,-60.2,80.39,-377.15
2025-08-13T17:07:41.436852,327.0,49.0,-205.0,360.0,-28.0,-188.0,2.0,-239.0,-362.0,-49.0,167.0,-425.0,309.52,21.99,-193.22,339.32,-39.53,-165.59,6.95,-225.27,-325.71,-87.2,137.39,-412.15
2025-08-13T17:07:41.444246,294.0,141.0,-263.0,322.0,-77.0,-150.0,-61.0,-171.0,-382.0,-79.0,217.0,-442.0,276.52,113.99,-251.22,301.32,-88.53,-127.59,-56.05,-157.27,-345.71,-117.2,187.39,-429.15
2025-08-13T17:07:41.452050,341.0,114.0,-199.0,337.0,-60.0,-215.0,-48.0,-104.0,-355.0,-109.0,145.0,-353.0,323.52,86.99,-187.22,316.32,-71.53,-192.59,-43.05,-90.27,-318.71,-147.2,115.39,-340.15
2025-08-13T17:07:41.456547,320.0,67.0,-214.0,296.0,-73.0,-215.0,-71.0,-205.0,-442.0,-101.0,199.0,-322.0,302.52,39.989999999999995,-202.22,275.32,-84.53,-192.59,-66.05,-191.27,-405.71,-139.2,169.39,-309.15
2025-08-13T17:07:41.464490,327.0,92.0,-274.0,321.0,-72.0,-224.0,-112.0,-174.0,-429.0,-54.0,183.0,-426.0,309.52,64.99,-262.22,300.32,-83.53,-201.59,-107.05,-160.27,-392.71,-92.2,153.39,-413.15
2025-08-13T17:07:41.469011,326.0,52.0,-261.0,327.0,-91.0,-233.0,-10.0,-153.0,-394.0,-63.0,181.0,-378.0,308.52,24.99,-249.22,306.32,-102.53,-210.59,-5.05,-139.27,-357.71,-101.2,151.39,-365.15
2025-08-13T17:07:41.476831,423.0,62.0,-172.0,333.0,-57.0,-291.0,-118.0,-191.0,-341.0,-98.0,163.0,-404.0,405.52,34.989999999999995,-160.22,312.32,-68.53,-268.59,-113.05,-177.27,-304.71,-136.2,133.39,-391.15
2025-08-13T17:07:41.484885,264.0,78.0,-178.0,350.0,-59.0,-216.0,-72.0,-172.0,-365.0,-57.0,167.0,-354.0,246.52,50.989999999999995,-166.22,329.32,-70.53,-193.59,-67.05,-158.27,-328.71,-95.2,137.39,-341.15
2025-08-13T17:07:41.489421,363.0,116.0,-212.0,283.0,-99.0,-195.0,-45.0,-179.0,-379.0,-31.0,197.0,-438.0,345.52,88.99,-200.22,262.32,-110.53,-172.59,-40.05,-165.27,-342.71,-69.2,167.39,-425.15
2025-08-13T17:07:41.497540,310.0,131.0,-246.0,264.0,-56.0,-198.0,-142.0,-184.0,-439.0,-35.0,197.0,-385.0,292.52,103.99,-234.22,243.32,-67.53,-175.59,-137.05,-170.27,-402.71,-73.2,167.39,-372.15
2025-08-13T17:07:41.501868,235.0,96.0,-250.0,326.0,-140.0,-232.0,-70.0,-204.0,-413.0,-94.0,179.0,-376.0,217.52,68.99,-238.22,305.32,-151.53,-209.59,-65.05,-190.27,-376.71,-132.2,149.39,-363.15
2025-08-13T17:07:41.509788,327.0,46.0,-192.0,292.0,-89.0,-203.0,-86.0,-150.0,-432.0,-81.0,216.0,-405.0,309.52,18.99,-180.22,271.32,-100.53,-180.59,-81.05,-136.27,-395.71,-119.2,186.39,-392.15
2025-08-13T17:07:41.517691,314.0,19.0,-251.0,278.0,-30.0,-229.0,-35.0,-149.0,-331.0,-30.0,210.0,-351.0,296.52,-8.010000000000002,-239.22,257.32,-41.53,-206.59,-30.05,-135.27,-294.71,-68.2,180.39,-338.15
2025-08-13T17:07:41.522087,253.0,116.0,-213.0,302.0,-21.0,-298.0,-85.0,-171.0,-381.0,-96.0,244.0,-358.0,235.52,88.99,-201.22,281.32,-32.53,-275.59,-80.05,-157.27,-344.71,-134.2,214.39,-345.15
2025-08-13T17:07:41.530188,310.0,86.0,-243.0,305.0,-28.0,-177.0,-1.0,-191.0,-374.0,-14.0,204.0,-407.0,292.52,58.989999999999995,-231.22,284.32,-39.53,-154.59,3.95,-177.27,-337.71,-52.2,174.39,-394.15
2025-08-13T17:07:41.534714,342.0,82.0,-250.0,338.0,-71.0,-203.0,-40.0,-231.0,-373.0,-17.0,195.0,-349.0,324.52,54.989999999999995,-238.22,317.32,-82.53,-180.59,-35.05,-217.27,-336.71,-55.2,165.39,-336.15
2025-08-13T17:07:41.542774,349.0,151.0,-183.0,297.0,-7.0,-238.0,-97.0,-250.0,-377.0,-25.0,176.0,-367.0,331.52,123.99,-171.22,276.32,-18.53,-215.59,-92.05,-236.27,-340.71,-63.2,146.39,-354.15
2025-08-13T17:07:41.550509,356.0,49.0,-193.0,309.0,-45.0,-254.0,-80.0,-186.0,-402.0,-76.0,160.0,-357.0,338.52,21.99,-181.22,288.32,-56.53,-231.59,-75.05,-172.27,-365.71,-114.2,130.39,-344.15
2025-08-13T17:07:41.555000,296.0,18.0,-253.0,369.0,20.0,-237.0,-78.0,-228.0,-346.0,1.0,229.0,-423.0,278.52,-9.010000000000002,-241.22,348.32,8.47,-214.59,-73.05,-214.27,-309.71,-37.2,199.39,-410.15
2025-08-13T17:07:41.563071,301.0,120.0,-251.0,309.0,-47.0,-250.0,-128.0,-166.0,-386.0,-26.0,175.0,-287.0,283.52,92.99,-239.22,288.32,-58.53,-227.59,-123.05,-152.27,-349.71,-64.2,145.39,-274.15
2025-08-13T17:07:41.567503,367.0,6.0,-240.0,359.0,-32.0,-206.0,-51.0,-216.0,-309.0,-31.0,172.0,-385.0,349.52,-21.01,-228.22,338.32,-43.53,-183.59,-46.05,-202.27,-272.71,-69.2,142.39,-372.15
2025-08-13T17:07:41.575433,284.0,70.0,-238.0,324.0,-118.0,-299.0,-91.0,-181.0,-371.0,-51.0,192.0,-380.0,266.52,42.989999999999995,-226.22,303.32,-129.53,-276.59,-86.05,-167.27,-334.71,-89.2,162.39,-367.15
2025-08-13T17:07:41.579890,373.0,104.0,-217.0,374.0,-95.0,-234.0,2.0,-168.0,-357.0,-108.0,208.0,-382.0,355.52,76.99,-205.22,353.32,-106.53,-211.59,6.95,-154.27,-320.71,-146.2,178.39,-369.15
2025-08-13T17:07:41.587708,266.0,11.0,-258.0,325.0,12.0,-207.0,-119.0,-200.0,-332.0,-106.0,164.0,-420.0,248.52,-16.01,-246.22,304.32,0.47000000000000064,-184.59,-114.05,-186.27,-295.71,-144.2,134.39,-407.15
2025-08-13T17:07:41.595700,296.0,64.0,-178.0,332.0,-18.0,-224.0,-112.0,-120.0,-337.0,-53.0,213.0,-384.0,278.52,36.989999999999995,-166.22,311.32,-29.53,-201.59,-107.05,-106.27,-300.71,-91.2,183.39,-371.15
2025-08-13T17:07:41.600310,274.0,181.0,-128.0,289.0,-113.0,-223.0,-40.0,-170.0,-371.0,-106.0,174.0,-381.0,256.52,153.99,-116.22,268.32,-124.53,-200.59,-35.05,-156.27,-334.71,-144.2,144.39,-368.15
2025-08-13T17:07:41.608085,312.0,118.0,-254.0,322.0,-91.0,-262.0,-50.0,-234.0,-326.0,-30.0,174.0,-360.0,294.52,90.99,-242.22,301.32,-102.53,-239.59,-45.05,-220.27,-289.71,-68.2,144.39,-347.15
2025-08-13T17:07:41.616129,404.0,12.0,-208.0,273.0,-177.0,-274.0,-75.0,-120.0,-325.0,-70.0,160.0,-372.0,386.52,-15.010000000000002,-196.22,252.32,-188.53,-251.59,-70.05,-106.27,-288.71,-108.2,130.39,-359.15
2025-08-13T17:07:41.620453,249.0,144.0,-198.0,286.0,-55.0,-206.0,-65.0,-214.0,-361.0,-67.0,202.0,-348.0,231.52,116.99,-186.22,265.32,-66.53,-183.59,-60.05,-200.27,-324.71,-105.2,172.39,-335.15
2025-08-13T17:07:41.628943,305.0,155.0,-233.0,335.0,-76.0,-272.0,-100.0,-155.0,-339.0,16.0,242.0,-421.0,287.52,127.99,-221.22,314.32,-87.53,-249.59,-95.05,-141.27,-302.71,-22.200000000000003,212.39,-408.15
2025-08-13T17:07:41.632961,341.0,144.0,-205.0,298.0,-38.0,-220.0,-60.0,-165.0,-342.0,-13.0,200.0,-291.0,323.52,116.99,-193.22,277.32,-49.53,-197.59,-55.05,-151.27,-305.71,-51.2,170.39,-278.15
2025-08-13T17:07:41.641950,298.0,169.0,-175.0,318.0,-32.0,-245.0,-118.0,-258.0,-406.0,-78.0,223.0,-364.0,280.52,141.99,-163.22,297.32,-43.53,-222.59,-113.05,-244.27,-369.71,-116.2,193.39,-351.15
2025-08-13T17:07:41.648780,319.0,137.0,-232.0,320.0,-5.0,-210.0,-161.0,-76.0,-398.0,-14.0,181.0,-365.0,301.52,109.99,-220.22,299.32,-16.53,-187.59,-156.05,-62.269999999999996,-361.71,-52.2,151.39,-352.15
2025-08-13T17:07:41.654492,343.0,73.0,-224.0,322.0,-116.0,-224.0,-99.0,-167.0,-370.0,-49.0,189.0,-305.0,325.52,45.989999999999995,-212.22,301.32,-127.53,-201.59,-94.05,-153.27,-333.71,-87.2,159.39,-292.15
2025-08-13T17:07:41.661671,273.0,51.0,-162.0,338.0,-99.0,-207.0,-102.0,-243.0,-387.0,-97.0,185.0,-360.0,255.52,23.99,-150.22,317.32,-110.53,-184.59,-97.05,-229.27,-350.71,-135.2,155.39,-347.15
2025-08-13T17:07:41.667748,368.0,125.0,-203.0,350.0,-17.0,-179.0,-93.0,-156.0,-365.0,-98.0,203.0,-438.0,350.52,97.99,-191.22,329.32,-28.53,-156.59,-88.05,-142.27,-328.71,-136.2,173.39,-425.15
2025-08-13T17:07:41.673752,360.0,11.0,-235.0,316.0,-74.0,-218.0,-81.0,-171.0,-347.0,-12.0,219.0,-328.0,342.52,-16.01,-223.22,295.32,-85.53,-195.59,-76.05,-157.27,-310.71,-50.2,189.39,-315.15
2025-08-13T17:07:41.681782,324.0,188.0,-157.0,291.0,-73.0,-213.0,-110.0,-248.0,-339.0,-40.0,172.0,-357.0,306.52,160.99,-145.22,270.32,-84.53,-190.59,-105.05,-234.27,-302.71,-78.2,142.39,-344.15
2025-08-13T17:07:41.686270,349.0,131.0,-234.0,344.0,-62.0,-251.0,-101.0,-177.0,-342.0,-42.0,218.0,-413.0,331.52,103.99,-222.22,323.32,-73.53,-228.59,-96.05,-163.27,-305.71,-80.2,188.39,-400.15
2025-08-13T17:07:41.694057,303.0,38.0,-234.0,237.0,-109.0,-232.0,-30.0,-203.0,-394.0,-24.0,146.0,-343.0,285.52,10.989999999999998,-222.22,216.32,-120.53,-209.59,-25.05,-189.27,-357.71,-62.2,116.39,-330.15
2025-08-13T17:07:41.702127,270.0,149.0,-198.0,349.0,-42.0,-274.0,-87.0,-194.0,-322.0,-62.0,220.0,-327.0,252.52,121.99,-186.22,328.32,-53.53,-251.59,-82.05,-180.27,-285.71,-100.2,190.39,-314.15
2025-08-13T17:07:41.706699,315.0,64.0,-216.0,284.0,-37.0,-232.0,-23.0,-134.0,-407.0,-65.0,198.0,-341.0,297.52,36.989999999999995,-204.22,263.32,-48.53,-209.59,-18.05,-120.27,-370.71,-103.2,168.39,-328.15
2025-08-13T17:07:41.714461,341.0,123.0,-220.0,337.0,-123.0,-191.0,-48.0,-237.0,-355.0,-59.0,165.0,-340.0,323.52,95.99,-208.22,316.32,-134.53,-168.59,-43.05,-223.27,-318.71,-97.2,135.39,-327.15
2025-08-13T17:07:41.719122,278.0,136.0,-189.0,280.0,-55.0,-239.0,-110.0,-164.0,-360.0,-43.0,215.0,-348.0,260.52,108.99,-177.22,259.32,-66.53,-216.59,-105.05,-150.27,-323.71,-81.2,185.39,-335.15
2025-08-13T17:07:41.726949,448.0,116.0,-239.0,269.0,-127.0,-208.0,-23.0,-223.0,-287.0,-31.0,195.0,-375.0,430.52,88.99,-227.22,248.32,-138.53,-185.59,-18.05,-209.27,-250.71,-69.2,165.39,-362.15
2025-08-13T17:07:41.735158,329.0,94.0,-236.0,340.0,-62.0,-257.0,-78.0,-143.0,-412.0,56.0,131.0,-290.0,311.52,66.99,-224.22,319.32,-73.53,-234.59,-73.05,-129.27,-375.71,17.799999999999997,101.39,-277.15
2025-08-13T17:07:41.739491,290.0,5.0,-237.0,342.0,-54.0,-200.0,-118.0,-121.0,-386.0,-79.0,199.0,-446.0,272.52,-22.01,-225.22,321.32,-65.53,-177.59,-113.05,-107.27,-349.71,-117.2,169.39,-433.15
2025-08-13T17:07:41.747851,419.0,113.0,-210.0,288.0,-37.0,-224.0,-138.0,-196.0,-399.0,7.0,217.0,-365.0,401.52,85.99,-198.22,267.32,-48.53,-201.59,-133.05,-182.27,-362.71,-31.200000000000003,187.39,-352.15
2025-08-13T17:07:41.751861,401.0,65.0,-224.0,316.0,-7.0,-237.0,-121.0,-130.0,-395.0,-88.0,159.0,-378.0,383.52,37.989999999999995,-212.22,295.32,-18.53,-214.59,-116.05,-116.27,-358.71,-126.2,129.39,-365.15
2025-08-13T17:07:41.760915,291.0,122.0,-210.0,341.0,-39.0,-318.0,-114.0,-193.0,-379.0,-20.0,159.0,-348.0,273.52,94.99,-198.22,320.32,-50.53,-295.59,-109.05,-179.27,-342.71,-58.2,129.39,-335.15
2025-08-13T17:07:41.767666,383.0,111.0,-225.0,377.0,-61.0,-254.0,-111.0,-257.0,-330.0,-52.0,167.0,-361.0,365.52,83.99,-213.22,356.32,-72.53,-231.59,-106.05,-243.27,-293.71,-90.2,137.39,-348.15
2025-08-13T17:07:41.772370,308.0,149.0,-189.0,317.0,-102.0,-173.0,-73.0,-188.0,-368.0,5.0,158.0,-364.0,290.52,121.99,-177.22,296.32,-113.53,-150.59,-68.05,-174.27,-331.71,-33.2,128.39,-351.15
2025-08-13T17:07:41.780178,314.0,133.0,-130.0,341.0,-89.0,-184.0,-65.0,-180.0,-382.0,-75.0,148.0,-429.0,296.52,105.99,-118.22,320.32,-100.53,-161.59,-60.05,-166.27,-345.71,-113.2,118.39,-416.15
2025-08-13T17:07:41.784714,326.0,144.0,-272.0,372.0,-139.0,-269.0,-80.0,-191.0,-335.0,-64.0,179.0,-322.0,308.52,116.99,-260.22,351.32,-150.53,-246.59,-75.05,-177.27,-298.71,-102.2,149.39,-309.15
2025-08-13T17:07:41.792825,346.0,92.0,-203.0,298.0,-120.0,-203.0,-157.0,-183.0,-368.0,-82.0,120.0,-400.0,328.52,64.99,-191.22,277.32,-131.53,-180.59,-152.05,-169.27,-331.71,-120.2,90.39,-387.15
2025-08-13T17:07:41.800505,298.0,133.0,-215.0,307.0,-68.0,-288.0,-112.0,-199.0,-357.0,-89.0,175.0,-421.0,280.52,105.99,-203.22,286.32,-79.53,-265.59,-107.05,-185.27,-320.71,-127.2,145.39,-408.15
2025-08-13T17:07:41.805278,285.0,55.0,-236.0,283.0,-103.0,-188.0,-56.0,-140.0,-360.0,-90.0,144.0,-346.0,267.52,27.99,-224.22,262.32,-114.53,-165.59,-51.05,-126.27,-323.71,-128.2,114.39,-333.15
2025-08-13T17:07:41.813054,221.0,14.0,-216.0,280.0,-35.0,-218.0,-5.0,-225.0,-319.0,-48.0,178.0,-415.0,203.52,-13.010000000000002,-204.22,259.32,-46.53,-195.59,-0.04999999999999982,-211.27,-282.71,-86.2,148.39,-402.15
2025-08-13T17:07:41.817379,315.0,88.0,-194.0,366.0,-87.0,-280.0,-79.0,-203.0,-373.0,3.0,134.0,-406.0,297.52,60.989999999999995,-182.22,345.32,-98.53,-257.59,-74.05,-189.27,-336.71,-35.2,104.39,-393.15
2025-08-13T17:07:41.825432,269.0,62.0,-247.0,296.0,-43.0,-201.0,-86.0,-200.0,-331.0,6.0,217.0,-321.0,251.52,34.989999999999995,-235.22,275.32,-54.53,-178.59,-81.05,-186.27,-294.71,-32.2,187.39,-308.15
2025-08-13T17:07:41.833180,291.0,140.0,-182.0,300.0,-54.0,-217.0,-68.0,-255.0,-387.0,-88.0,207.0,-343.0,273.52,112.99,-170.22,279.32,-65.53,-194.59,-63.05,-241.27,-350.71,-126.2,177.39,-330.15
2025-08-13T17:07:41.837764,306.0,103.0,-277.0,278.0,-45.0,-179.0,-102.0,-156.0,-377.0,-33.0,210.0,-357.0,288.52,75.99,-265.22,257.32,-56.53,-156.59,-97.05,-142.27,-340.71,-71.2,180.39,-344.15
2025-08-13T17:07:41.845822,327.0,78.0,-240.0,278.0,-86.0,-261.0,-125.0,-233.0,-374.0,-76.0,150.0,-368.0,309.52,50.989999999999995,-228.22,257.32,-97.53,-238.59,-120.05,-219.27,-337.71,-114.2,120.39,-355.15
2025-08-13T17:07:41.853505,296.0,157.0,-209.0,338.0,-98.0,-249.0,-84.0,-255.0,-327.0,-87.0,247.0,-344.0,278.52,129.99,-197.22,317.32,-109.53,-226.59,-79.05,-241.27,-290.71,-125.2,217.39,-331.15
2025-08-13T17:07:41.859128,345.0,53.0,-275.0,341.0,-10.0,-236.0,-70.0,-163.0,-347.0,-99.0,197.0,-379.0,327.52,25.99,-263.22,320.32,-21.53,-213.59,-65.05,-149.27,-310.71,-137.2,167.39,-366.15
2025-08-13T17:07:41.865918,369.0,126.0,-258.0,315.0,-87.0,-269.0,-59.0,-178.0,-382.0,-57.0,139.0,-373.0,351.52,98.99,-246.22,294.32,-98.53,-246.59,-54.05,-164.27,-345.71,-95.2,109.39,-360.15
2025-08-13T17:07:41.870790,309.0,82.0,-248.0,247.0,-93.0,-203.0,-104.0,-222.0,-312.0,-28.0,199.0,-285.0,291.52,54.989999999999995,-236.22,226.32,-104.53,-180.59,-99.05,-208.27,-275.71,-66.2,169.39,-272.15
2025-08-13T17:07:41.878706,279.0,107.0,-229.0,330.0,-97.0,-218.0,-77.0,-167.0,-363.0,-28.0,197.0,-416.0,261.52,79.99,-217.22,309.32,-108.53,-195.59,-72.05,-153.27,-326.71,-66.2,167.39,-403.15
2025-08-13T17:07:41.886417,270.0,30.0,-193.0,224.0,-72.0,-228.0,-90.0,-189.0,-375.0,-33.0,190.0,-370.0,252.52,2.9899999999999984,-181.22,203.32,-83.53,-205.59,-85.05,-175.27,-338.71,-71.2,160.39,-357.15
2025-08-13T17:07:41.891992,325.0,115.0,-210.0,326.0,-47.0,-235.0,-136.0,-223.0,-324.0,-35.0,187.0,-334.0,307.52,87.99,-198.22,305.32,-58.53,-212.59,-131.05,-209.27,-287.71,-73.2,157.39,-321.15
2025-08-13T17:07:41.898937,365.0,127.0,-201.0,255.0,-36.0,-239.0,-104.0,-142.0,-384.0,-33.0,174.0,-378.0,347.52,99.99,-189.22,234.32,-47.53,-216.59,-99.05,-128.27,-347.71,-71.2,144.39,-365.15
2025-08-13T17:07:41.904779,279.0,99.0,-175.0,356.0,-36.0,-216.0,-88.0,-156.0,-321.0,-23.0,151.0,-381.0,261.52,71.99,-163.22,335.32,-47.53,-193.59,-83.05,-142.27,-284.71,-61.2,121.39,-368.15
2025-08-13T17:07:41.911263,366.0,144.0,-215.0,333.0,-71.0,-224.0,-97.0,-181.0,-345.0,-9.0,170.0,-351.0,348.52,116.99,-203.22,312.32,-82.53,-201.59,-92.05,-167.27,-308.71,-47.2,140.39,-338.15
2025-08-13T17:07:41.918974,351.0,53.0,-249.0,324.0,-93.0,-219.0,-80.0,-109.0,-378.0,-25.0,171.0,-357.0,333.52,25.99,-237.22,303.32,-104.53,-196.59,-75.05,-95.27,-341.71,-63.2,141.39,-344.15
2025-08-13T17:07:41.923869,403.0,87.0,-223.0,298.0,-56.0,-219.0,-72.0,-231.0,-367.0,-104.0,190.0,-352.0,385.52,59.989999999999995,-211.22,277.32,-67.53,-196.59,-67.05,-217.27,-330.71,-142.2,160.39,-339.15
2025-08-13T17:07:41.931826,288.0,87.0,-233.0,245.0,-50.0,-199.0,-72.0,-218.0,-317.0,-47.0,158.0,-343.0,270.52,59.989999999999995,-221.22,224.32,-61.53,-176.59,-67.05,-204.27,-280.71,-85.2,128.39,-330.15
2025-08-13T17:07:41.936061,337.0,60.0,-201.0,333.0,-37.0,-261.0,-124.0,-118.0,-392.0,-44.0,164.0,-395.0,319.52,32.989999999999995,-189.22,312.32,-48.53,-238.59,-119.05,-104.27,-355.71,-82.2,134.39,-382.15
2025-08-13T17:07:41.943973,292.0,159.0,-202.0,283.0,-57.0,-213.0,-76.0,-210.0,-329.0,-8.0,258.0,-331.0,274.52,131.99,-190.22,262.32,-68.53,-190.59,-71.05,-196.27,-292.71,-46.2,228.39,-318.15
2025-08-13T17:07:41.951846,318.0,65.0,-258.0,325.0,-21.0,-191.0,-74.0,-192.0,-343.0,-134.0,221.0,-369.0,300.52,37.989999999999995,-246.22,304.32,-32.53,-168.59,-69.05,-178.27,-306.71,-172.2,191.39,-356.15
2025-08-13T17:07:41.956662,344.0,115.0,-310.0,260.0,-40.0,-195.0,-69.0,-180.0,-425.0,-16.0,136.0,-389.0,326.52,87.99,-298.22,239.32,-51.53,-172.59,-64.05,-166.27,-388.71,-54.2,106.39,-376.15
2025-08-13T17:07:41.964397,311.0,38.0,-179.0,304.0,-7.0,-197.0,-15.0,-262.0,-331.0,5.0,184.0,-372.0,293.52,10.989999999999998,-167.22,283.32,-18.53,-174.59,-10.05,-248.27,-294.71,-33.2,154.39,-359.15
2025-08-13T17:07:41.969159,351.0,74.0,-222.0,315.0,-74.0,-167.0,-101.0,-195.0,-318.0,-78.0,219.0,-291.0,333.52,46.989999999999995,-210.22,294.32,-85.53,-144.59,-96.05,-181.27,-281.71,-116.2,189.39,-278.15
2025-08-13T17:07:41.976868,364.0,52.0,-231.0,287.0,-80.0,-240.0,-32.0,-188.0,-429.0,-23.0,182.0,-400.0,346.52,24.99,-219.22,266.32,-91.53,-217.59,-27.05,-174.27,-392.71,-61.2,152.39,-387.15
2025-08-13T17:07:41.984683,330.0,120.0,-196.0,313.0,-54.0,-220.0,-114.0,-235.0,-383.0,-29.0,191.0,-434.0,312.52,92.99,-184.22,292.32,-65.53,-197.59,-109.05,-221.27,-346.71,-67.2,161.39,-421.15
2025-08-13T17:07:41.989547,270.0,120.0,-259.0,334.0,-155.0,-294.0,-65.0,-139.0,-343.0,12.0,203.0,-406.0,252.52,92.99,-247.22,313.32,-166.53,-271.59,-60.05,-125.27,-306.71,-26.200000000000003,173.39,-393.15
2025-08-13T17:07:41.997096,318.0,102.0,-226.0,282.0,-13.0,-308.0,-83.0,-124.0,-353.0,-60.0,171.0,-350.0,300.52,74.99,-214.22,261.32,-24.53,-285.59,-78.05,-110.27,-316.71,-98.2,141.39,-337.15
2025-08-13T17:07:42.001723,405.0,94.0,-177.0,312.0,-111.0,-228.0,-132.0,-198.0,-340.0,-38.0,179.0,-402.0,387.52,66.99,-165.22,291.32,-122.53,-205.59,-127.05,-184.27,-303.71,-76.2,149.39,-389.15
2025-08-13T17:07:42.009794,337.0,46.0,-264.0,326.0,-54.0,-285.0,-118.0,-163.0,-391.0,-7.0,230.0,-341.0,319.52,18.99,-252.22,305.32,-65.53,-262.59,-113.05,-149.27,-354.71,-45.2,200.39,-328.15
2025-08-13T17:07:42.017769,355.0,81.0,-236.0,219.0,-44.0,-197.0,-83.0,-216.0,-359.0,-64.0,163.0,-393.0,337.52,53.989999999999995,-224.22,198.32,-55.53,-174.59,-78.05,-202.27,-322.71,-102.2,133.39,-380.15
2025-08-13T17:07:42.021924,294.0,136.0,-252.0,320.0,-74.0,-287.0,-61.0,-202.0,-369.0,-50.0,179.0,-343.0,276.52,108.99,-240.22,299.32,-85.53,-264.59,-56.05,-188.27,-332.71,-88.2,149.39,-330.15
2025-08-13T17:07:42.029661,340.0,80.0,-248.0,347.0,-49.0,-246.0,-47.0,-171.0,-403.0,30.0,205.0,-362.0,322.52,52.989999999999995,-236.22,326.32,-60.53,-223.59,-42.05,-157.27,-366.71,-8.200000000000003,175.39,-349.15
2025-08-13T17:07:42.034475,375.0,107.0,-265.0,309.0,1.0,-234.0,-78.0,-215.0,-311.0,-24.0,204.0,-346.0,357.52,79.99,-253.22,288.32,-10.53,-211.59,-73.05,-201.27,-274.71,-62.2,174.39,-333.15
2025-08-13T17:07:42.042198,302.0,53.0,-181.0,278.0,-46.0,-220.0,-135.0,-166.0,-381.0,-12.0,153.0,-377.0,284.52,25.99,-169.22,257.32,-57.53,-197.59,-130.05,-152.27,-344.71,-50.2,123.39,-364.15
2025-08-13T17:07:42.050147,311.0,63.0,-223.0,256.0,-58.0,-229.0,-123.0,-181.0,-409.0,-52.0,223.0,-390.0,293.52,35.989999999999995,-211.22,235.32,-69.53,-206.59,-118.05,-167.27,-372.71,-90.2,193.39,-377.15
2025-08-13T17:07:42.054518,337.0,122.0,-266.0,266.0,-101.0,-195.0,-83.0,-249.0,-362.0,-25.0,161.0,-368.0,319.52,94.99,-254.22,245.32,-112.53,-172.59,-78.05,-235.27,-325.71,-63.2,131.39,-355.15
2025-08-13T17:07:42.062424,285.0,37.0,-224.0,325.0,-49.0,-270.0,-71.0,-242.0,-322.0,-97.0,252.0,-483.0,267.52,9.989999999999998,-212.22,304.32,-60.53,-247.59,-66.05,-228.27,-285.71,-135.2,222.39,-470.15
2025-08-13T17:07:42.066733,291.0,82.0,-187.0,285.0,7.0,-220.0,-111.0,-225.0,-330.0,1.0,186.0,-366.0,273.52,54.989999999999995,-175.22,264.32,-4.529999999999999,-197.59,-106.05,-211.27,-293.71,-37.2,156.39,-353.15
2025-08-13T17:07:42.074960,357.0,149.0,-194.0,302.0,-29.0,-270.0,-114.0,-158.0,-351.0,-55.0,167.0,-389.0,339.52,121.99,-182.22,281.32,-40.53,-247.59,-109.05,-144.27,-314.71,-93.2,137.39,-376.15
2025-08-13T17:07:42.082818,156.0,89.0,-181.0,293.0,-75.0,-172.0,-127.0,-127.0,-322.0,-7.0,126.0,-316.0,138.52,61.989999999999995,-169.22,272.32,-86.53,-149.59,-122.05,-113.27,-285.71,-45.2,96.39,-303.15
2025-08-13T17:07:42.087371,292.0,72.0,-198.0,298.0,-70.0,-168.0,-74.0,-176.0,-397.0,7.0,145.0,-336.0,274.52,44.989999999999995,-186.22,277.32,-81.53,-145.59,-69.05,-162.27,-360.71,-31.200000000000003,115.39,-323.15
2025-08-13T17:07:42.095352,239.0,42.0,-178.0,252.0,-76.0,-144.0,-130.0,-156.0,-327.0,1.0,151.0,-323.0,221.52,14.989999999999998,-166.22,231.32,-87.53,-121.59,-125.05,-142.27,-290.71,-37.2,121.39,-310.15
2025-08-13T17:07:42.099549,210.0,-18.0,-232.0,281.0,-44.0,-212.0,-79.0,-130.0,-331.0,-112.0,168.0,-305.0,192.52,-45.010000000000005,-220.22,260.32,-55.53,-189.59,-74.05,-116.27,-294.71,-150.2,138.39,-292.15
2025-08-13T17:07:42.108107,221.0,102.0,-234.0,243.0,17.0,-236.0,-112.0,-163.0,-358.0,-30.0,125.0,-355.0,203.52,74.99,-222.22,222.32,5.470000000000001,-213.59,-107.05,-149.27,-321.71,-68.2,95.39,-342.15
2025-08-13T17:07:42.115782,229.0,18.0,-165.0,292.0,-54.0,-173.0,-93.0,-228.0,-307.0,7.0,108.0,-290.0,211.52,-9.010000000000002,-153.22,271.32,-65.53,-150.59,-88.05,-214.27,-270.71,-31.200000000000003,78.39,-277.15
2025-08-13T17:07:42.120269,221.0,135.0,-180.0,192.0,-48.0,-216.0,-67.0,-153.0,-325.0,-42.0,122.0,-320.0,203.52,107.99,-168.22,171.32,-59.53,-193.59,-62.05,-139.27,-288.71,-80.2,92.39,-307.15
2025-08-13T17:07:42.128108,245.0,87.0,-210.0,220.0,-52.0,-220.0,-82.0,-140.0,-274.0,15.0,109.0,-291.0,227.52,59.989999999999995,-198.22,199.32,-63.53,-197.59,-77.05,-126.27,-237.71,-23.200000000000003,79.39,-278.15
2025-08-13T17:07:42.132845,250.0,91.0,-253.0,237.0,11.0,-201.0,-84.0,-108.0,-266.0,-70.0,98.0,-293.0,232.52,63.989999999999995,-241.22,216.32,-0.5299999999999994,-178.59,-79.05,-94.27,-229.71,-108.2,68.39,-280.15
2025-08-13T17:07:42.140520,172.0,107.0,-175.0,177.0,-73.0,-195.0,-51.0,-73.0,-344.0,-87.0,105.0,-270.0,154.52,79.99,-163.22,156.32,-84.53,-172.59,-46.05,-59.269999999999996,-307.71,-125.2,75.39,-257.15
2025-08-13T17:07:42.148365,241.0,17.0,-185.0,199.0,-60.0,-136.0,-63.0,-132.0,-230.0,-51.0,123.0,-241.0,223.52,-10.010000000000002,-173.22,178.32,-71.53,-113.59,-58.05,-118.27,-193.71,-89.2,93.39,-228.15
2025-08-13T17:07:42.152837,201.0,85.0,-172.0,124.0,-70.0,-215.0,-34.0,-145.0,-253.0,70.0,120.0,-209.0,183.52,57.989999999999995,-160.22,103.32,-81.53,-192.59,-29.05,-131.27,-216.71,31.799999999999997,90.39,-196.15
2025-08-13T17:07:42.161298,242.0,109.0,-148.0,152.0,-5.0,-188.0,-16.0,-129.0,-236.0,-44.0,106.0,-263.0,224.52,81.99,-136.22,131.32,-16.53,-165.59,-11.05,-115.27,-199.71,-82.2,76.39,-250.15
2025-08-13T17:07:42.165198,195.0,46.0,-165.0,116.0,-26.0,-146.0,-71.0,-65.0,-189.0,34.0,83.0,-176.0,177.52,18.99,-153.22,95.32,-37.53,-123.59,-66.05,-51.269999999999996,-152.71,-4.200000000000003,53.39,-163.15
2025-08-13T17:07:42.173116,155.0,78.0,-223.0,146.0,-74.0,-165.0,-105.0,-101.0,-170.0,-27.0,112.0,-158.0,137.52,50.989999999999995,-211.22,125.32,-85.53,-142.59,-100.05,-87.27,-133.71,-65.2,82.39,-145.15
2025-08-13T17:07:42.181216,106.0,57.0,-156.0,117.0,-61.0,-156.0,-50.0,-23.0,-179.0,-69.0,102.0,-137.0,88.52,29.99,-144.22,96.32,-72.53,-133.59,-45.05,-9.27,-142.71,-107.2,72.39,-124.15
2025-08-13T17:07:42.185522,146.0,29.0,-164.0,129.0,-34.0,-155.0,-48.0,-151.0,-152.0,20.0,69.0,-152.0,128.52,1.9899999999999984,-152.22,108.32,-45.53,-132.59,-43.05,-137.27,-115.71000000000001,-18.200000000000003,39.39,-139.15
2025-08-13T17:07:42.193462,153.0,50.0,-128.0,98.0,-22.0,-171.0,-82.0,-59.0,-192.0,-1.0,116.0,-156.0,135.52,22.99,-116.22,77.32,-33.53,-148.59,-77.05,-45.269999999999996,-155.71,-39.2,86.39,-143.15
2025-08-13T17:07:42.197828,69.0,37.0,-134.0,81.0,-22.0,-141.0,-150.0,-18.0,-175.0,-44.0,112.0,-184.0,51.519999999999996,9.989999999999998,-122.22,60.32,-33.53,-118.59,-145.05,-4.27,-138.71,-82.2,82.39,-171.15
2025-08-13T17:07:42.205696,74.0,127.0,-212.0,56.0,19.0,-165.0,-18.0,-67.0,-220.0,-72.0,43.0,-166.0,56.519999999999996,99.99,-200.22,35.32,7.470000000000001,-142.59,-13.05,-53.269999999999996,-183.71,-110.2,13.39,-153.15
2025-08-13T17:07:42.210310,92.0,85.0,-187.0,43.0,-28.0,-122.0,-65.0,-27.0,-141.0,13.0,80.0,-113.0,74.52,57.989999999999995,-175.22,22.32,-39.53,-99.59,-60.05,-13.27,-104.71000000000001,-25.200000000000003,50.39,-100.15
2025-08-13T17:07:42.218064,131.0,32.0,-207.0,51.0,2.0,-167.0,-113.0,-47.0,-164.0,-1.0,102.0,-67.0,113.52,4.989999999999998,-195.22,30.32,-9.53,-144.59,-108.05,-33.269999999999996,-127.71000000000001,-39.2,72.39,-54.15
2025-08-13T17:07:42.222408,88.0,58.0,-116.0,131.0,-79.0,-239.0,-50.0,-37.0,-139.0,-54.0,72.0,-155.0,70.52,30.99,-104.22,110.32,-90.53,-216.59,-45.05,-23.27,-102.71000000000001,-92.2,42.39,-142.15
2025-08-13T17:07:42.230615,47.0,-12.0,-101.0,14.0,-34.0,-140.0,-50.0,-43.0,-177.0,-8.0,20.0,-151.0,29.52,-39.010000000000005,-89.22,-6.68,-45.53,-117.59,-45.05,-29.27,-140.71,-46.2,-9.61,-138.15
2025-08-13T17:07:42.234822,89.0,31.0,-111.0,17.0,2.0,-130.0,2.0,-19.0,-187.0,-4.0,10.0,-158.0,71.52,3.9899999999999984,-99.22,-3.6799999999999997,-9.53,-107.59,6.95,-5.27,-150.71,-42.2,-19.61,-145.15
2025-08-13T17:07:42.242912,106.0,53.0,-93.0,26.0,-32.0,-140.0,-58.0,-100.0,-107.0,-28.0,81.0,-224.0,88.52,25.99,-81.22,5.32,-43.53,-117.59,-53.05,-86.27,-70.71000000000001,-66.2,51.39,-211.15
2025-08-13T17:07:42.250837,73.0,69.0,-169.0,63.0,-34.0,-109.0,-33.0,-58.0,-108.0,-21.0,2.0,-146.0,55.519999999999996,41.989999999999995,-157.22,42.32,-45.53,-86.59,-28.05,-44.269999999999996,-71.71000000000001,-59.2,-27.61,-133.15
2025-08-13T17:07:42.255354,136.0,33.0,-125.0,11.0,-85.0,-141.0,-74.0,-86.0,-182.0,19.0,25.0,-105.0,118.52,5.989999999999998,-113.22,-9.68,-96.53,-118.59,-69.05,-72.27,-145.71,-19.200000000000003,-4.609999999999999,-92.15
2025-08-13T17:07:42.263562,89.0,80.0,-113.0,134.0,-7.0,-107.0,-58.0,-36.0,-153.0,-57.0,59.0,-187.0,71.52,52.989999999999995,-101.22,113.32,-18.53,-84.59,-53.05,-22.27,-116.71000000000001,-95.2,29.39,-174.15
2025-08-13T17:07:42.267489,63.0,77.0,-119.0,132.0,-20.0,-166.0,1.0,-55.0,-178.0,53.0,40.0,-236.0,45.519999999999996,49.989999999999995,-107.22,111.32,-31.53,-143.59,5.95,-41.269999999999996,-141.71,14.799999999999997,10.39,-223.15
2025-08-13T17:07:42.275395,68.0,80.0,-139.0,24.0,3.0,-144.0,-25.0,-43.0,-163.0,-22.0,49.0,-125.0,50.519999999999996,52.989999999999995,-127.22,3.3200000000000003,-8.53,-121.59,-20.05,-29.27,-126.71000000000001,-60.2,19.39,-112.15
2025-08-13T17:07:42.279921,85.0,61.0,-85.0,54.0,-43.0,-182.0,-70.0,-96.0,-125.0,-15.0,85.0,-124.0,67.52,33.989999999999995,-73.22,33.32,-54.53,-159.59,-65.05,-82.27,-88.71000000000001,-53.2,55.39,-111.15
2025-08-13T17:07:42.287834,20.0,10.0,-148.0,73.0,-65.0,-121.0,-59.0,-79.0,-186.0,28.0,-23.0,-154.0,2.5199999999999996,-17.01,-136.22,52.32,-76.53,-98.59,-54.05,-65.27,-149.71,-10.200000000000003,-52.61,-141.15
2025-08-13T17:07:42.292467,18.0,40.0,-202.0,50.0,0.0,-112.0,-32.0,-40.0,-166.0,-20.0,99.0,-205.0,0.5199999999999996,12.989999999999998,-190.22,29.32,-11.53,-89.59,-27.05,-26.27,-129.71,-58.2,69.39,-192.15
2025-08-13T17:07:42.301089,85.0,103.0,-84.0,-2.0,-12.0,-138.0,-67.0,32.0,-200.0,-16.0,67.0,-151.0,67.52,75.99,-72.22,-22.68,-23.53,-115.59,-62.05,45.730000000000004,-163.71,-54.2,37.39,-138.15
2025-08-13T17:07:42.304799,60.0,95.0,-158.0,36.0,30.0,-142.0,-13.0,-55.0,-145.0,-9.0,42.0,-173.0,42.519999999999996,67.99,-146.22,15.32,18.47,-119.59,-8.05,-41.269999999999996,-108.71000000000001,-47.2,12.39,-160.15
2025-08-13T17:07:42.312392,52.0,39.0,-86.0,44.0,-16.0,-135.0,-54.0,-94.0,-145.0,-38.0,46.0,-147.0,34.519999999999996,11.989999999999998,-74.22,23.32,-27.53,-112.59,-49.05,-80.27,-108.71000000000001,-76.2,16.39,-134.15
2025-08-13T17:07:42.316536,82.0,-4.0,-148.0,121.0,-88.0,-142.0,-84.0,-30.0,-89.0,18.0,42.0,-133.0,64.52,-31.01,-136.22,100.32,-99.53,-119.59,-79.05,-16.27,-52.71,-20.200000000000003,12.39,-120.15
2025-08-13T17:07:42.324683,59.0,65.0,-105.0,-4.0,18.0,-54.0,-105.0,-59.0,-86.0,16.0,13.0,-110.0,41.519999999999996,37.989999999999995,-93.22,-24.68,6.470000000000001,-31.59,-100.05,-45.269999999999996,-49.71,-22.200000000000003,-16.61,-97.15
2025-08-13T17:07:42.332740,62.0,22.0,-131.0,108.0,-54.0,-149.0,-126.0,-33.0,-199.0,-62.0,60.0,-119.0,44.519999999999996,-5.010000000000002,-119.22,87.32,-65.53,-126.59,-121.05,-19.27,-162.71,-100.2,30.39,-106.15
2025-08-13T17:07:42.336926,-6.0,34.0,-126.0,45.0,42.0,-199.0,-3.0,-28.0,-98.0,-27.0,100.0,-105.0,-23.48,6.989999999999998,-114.22,24.32,30.47,-176.59,1.9500000000000002,-14.27,-61.71,-65.2,70.39,-92.15
2025-08-13T17:07:42.344961,79.0,37.0,-115.0,4.0,-31.0,-129.0,-4.0,-84.0,-118.0,-100.0,123.0,-166.0,61.519999999999996,9.989999999999998,-103.22,-16.68,-42.53,-106.59,0.9500000000000002,-70.27,-81.71000000000001,-138.2,93.39,-153.15
2025-08-13T17:07:42.349234,33.0,21.0,-138.0,48.0,7.0,-107.0,-40.0,-28.0,-110.0,-5.0,45.0,-93.0,15.52,-6.010000000000002,-126.22,27.32,-4.529999999999999,-84.59,-35.05,-14.27,-73.71000000000001,-43.2,15.39,-80.15
2025-08-13T17:07:42.357219,110.0,105.0,-100.0,-4.0,-61.0,-146.0,-29.0,41.0,-167.0,19.0,68.0,-146.0,92.52,77.99,-88.22,-24.68,-72.53,-123.59,-24.05,54.730000000000004,-130.71,-19.200000000000003,38.39,-133.15
2025-08-13T17:07:42.361506,82.0,79.0,-162.0,84.0,-63.0,-122.0,-44.0,-41.0,-164.0,-44.0,82.0,-108.0,64.52,51.989999999999995,-150.22,63.32,-74.53,-99.59,-39.05,-27.27,-127.71000000000001,-82.2,52.39,-95.15
2025-08-13T17:07:42.369545,48.0,153.0,-129.0,100.0,-7.0,-173.0,-37.0,1.0,-167.0,43.0,33.0,-187.0,30.52,125.99,-117.22,79.32,-18.53,-150.59,-32.05,14.73,-130.71,4.799999999999997,3.3900000000000006,-174.15
2025-08-13T17:07:42.373772,53.0,42.0,-169.0,42.0,-8.0,-126.0,14.0,-49.0,-102.0,-16.0,55.0,-184.0,35.519999999999996,14.989999999999998,-157.22,21.32,-19.53,-103.59,18.95,-35.269999999999996,-65.71000000000001,-54.2,25.39,-171.15
2025-08-13T17:07:42.381904,9.0,-41.0,-186.0,-2.0,-37.0,-156.0,-59.0,-100.0,-133.0,2.0,6.0,-216.0,-8.48,-68.01,-174.22,-22.68,-48.53,-133.59,-54.05,-86.27,-96.71000000000001,-36.2,-23.61,-203.15
2025-08-13T17:07:42.386155,133.0,68.0,-132.0,28.0,-7.0,-113.0,-10.0,-41.0,-138.0,39.0,14.0,-132.0,115.52,40.989999999999995,-120.22,7.32,-18.53,-90.59,-5.05,-27.27,-101.71000000000001,0.7999999999999972,-15.61,-119.15
2025-08-13T17:07:42.394210,-24.0,-10.0,-111.0,63.0,3.0,-184.0,-33.0,-39.0,-161.0,31.0,35.0,-139.0,-41.480000000000004,-37.010000000000005,-99.22,42.32,-8.53,-161.59,-28.05,-25.27,-124.71000000000001,-7.200000000000003,5.390000000000001,-126.15
2025-08-13T17:07:42.398420,31.0,83.0,-156.0,26.0,-28.0,-116.0,-53.0,-25.0,-145.0,-28.0,88.0,-144.0,13.52,55.989999999999995,-144.22,5.32,-39.53,-93.59,-48.05,-11.27,-108.71000000000001,-66.2,58.39,-131.15
2025-08-13T17:07:42.406616,0.0,67.0,-68.0,27.0,70.0,-143.0,-46.0,-103.0,-150.0,-42.0,95.0,-118.0,-17.48,39.989999999999995,-56.22,6.32,58.47,-120.59,-41.05,-89.27,-113.71000000000001,-80.2,65.39,-105.15
2025-08-13T17:07:42.414665,51.0,61.0,-168.0,48.0,-81.0,-152.0,-123.0,-96.0,-105.0,19.0,76.0,-184.0,33.519999999999996,33.989999999999995,-156.22,27.32,-92.53,-129.59,-118.05,-82.27,-68.71000000000001,-19.200000000000003,46.39,-171.15
2025-08-13T17:07:42.418894,14.0,-28.0,-140.0,130.0,-59.0,-146.0,-65.0,-43.0,-182.0,12.0,79.0,-172.0,-3.4800000000000004,-55.010000000000005,-128.22,109.32,-70.53,-123.59,-60.05,-29.27,-145.71,-26.200000000000003,49.39,-159.15
2025-08-13T17:07:42.427203,101.0,43.0,-64.0,56.0,-29.0,-152.0,-62.0,-29.0,-115.0,27.0,22.0,-117.0,83.52,15.989999999999998,-52.22,35.32,-40.53,-129.59,-57.05,-15.27,-78.71000000000001,-11.200000000000003,-7.609999999999999,-104.15
2025-08-13T17:07:42.431485,3.0,51.0,-198.0,150.0,-41.0,-136.0,36.0,-88.0,-166.0,-35.0,25.0,-163.0,-14.48,23.99,-186.22,129.32,-52.53,-113.59,40.95,-74.27,-129.71,-73.2,-4.609999999999999,-150.15
2025-08-13T17:07:42.439173,2.0,135.0,-136.0,-4.0,-72.0,-158.0,-81.0,-83.0,-149.0,48.0,60.0,-123.0,-15.48,107.99,-124.22,-24.68,-83.53,-135.59,-76.05,-69.27,-112.71000000000001,9.799999999999997,30.39,-110.15
2025-08-13T17:07:42.443468,12.0,11.0,-187.0,41.0,52.0,-169.0,8.0,-16.0,-134.0,-17.0,77.0,-196.0,-5.48,-16.01,-175.22,20.32,40.47,-146.59,12.95,-2.2699999999999996,-97.71000000000001,-55.2,47.39,-183.15
2025-08-13T17:07:42.451687,87.0,63.0,-135.0,63.0,-15.0,-135.0,-28.0,-54.0,-164.0,-52.0,54.0,-121.0,69.52,35.989999999999995,-123.22,42.32,-26.53,-112.59,-23.05,-40.269999999999996,-127.71000000000001,-90.2,24.39,-108.15
2025-08-13T17:07:42.455808,37.0,4.0,-121.0,73.0,-39.0,-216.0,-24.0,-90.0,-157.0,-79.0,59.0,-124.0,19.52,-23.01,-109.22,52.32,-50.53,-193.59,-19.05,-76.27,-120.71000000000001,-117.2,29.39,-111.15
2025-08-13T17:07:42.463816,97.0,68.0,-170.0,78.0,-12.0,-156.0,48.0,-24.0,-103.0,-11.0,51.0,-104.0,79.52,40.989999999999995,-158.22,57.32,-23.53,-133.59,52.95,-10.27,-66.71000000000001,-49.2,21.39,-91.15
2025-08-13T17:07:42.468271,-16.0,13.0,-88.0,74.0,-44.0,-117.0,-33.0,-84.0,-142.0,42.0,82.0,-132.0,-33.480000000000004,-14.010000000000002,-76.22,53.32,-55.53,-94.59,-28.05,-70.27,-105.71000000000001,3.799999999999997,52.39,-119.15
2025-08-13T17:07:42.476281,24.0,70.0,-131.0,19.0,-8.0,-124.0,9.0,-88.0,-121.0,3.0,-31.0,-128.0,6.52,42.989999999999995,-119.22,-1.6799999999999997,-19.53,-101.59,13.95,-74.27,-84.71000000000001,-35.2,-60.61,-115.15
2025-08-13T17:07:42.484142,32.0,33.0,-110.0,71.0,-72.0,-162.0,-92.0,-71.0,-112.0,-1.0,56.0,-118.0,14.52,5.989999999999998,-98.22,50.32,-83.53,-139.59,-87.05,-57.269999999999996,-75.71000000000001,-39.2,26.39,-105.15
2025-08-13T17:07:42.488653,47.0,95.0,-121.0,35.0,-3.0,-131.0,-52.0,-86.0,-145.0,43.0,26.0,-152.0,29.52,67.99,-109.22,14.32,-14.53,-108.59,-47.05,-72.27,-108.71000000000001,4.799999999999997,-3.6099999999999994,-139.15
2025-08-13T17:07:42.496604,74.0,26.0,-160.0,-47.0,-4.0,-141.0,-16.0,-93.0,-166.0,-68.0,96.0,-119.0,56.519999999999996,-1.0100000000000016,-148.22,-67.68,-15.53,-118.59,-11.05,-79.27,-129.71,-106.2,66.39,-106.15
2025-08-13T17:07:42.500943,142.0,-49.0,-102.0,26.0,2.0,-182.0,-23.0,-56.0,-154.0,-40.0,47.0,-109.0,124.52,-76.01,-90.22,5.32,-9.53,-159.59,-18.05,-42.269999999999996,-117.71000000000001,-78.2,17.39,-96.15
2025-08-13T17:07:42.508883,55.0,42.0,-63.0,69.0,-57.0,-96.0,-87.0,-90.0,-121.0,-49.0,115.0,-220.0,37.519999999999996,14.989999999999998,-51.22,48.32,-68.53,-73.59,-82.05,-76.27,-84.71000000000001,-87.2,85.39,-207.15
2025-08-13T17:07:42.513215,10.0,108.0,-117.0,27.0,-35.0,-154.0,-127.0,-7.0,-118.0,-55.0,80.0,-85.0,-7.48,80.99,-105.22,6.32,-46.53,-131.59,-122.05,6.73,-81.71000000000001,-93.2,50.39,-72.15
2025-08-13T17:07:42.521309,54.0,-34.0,-149.0,48.0,7.0,-128.0,-74.0,-80.0,-145.0,38.0,32.0,-102.0,36.519999999999996,-61.010000000000005,-137.22,27.32,-4.529999999999999,-105.59,-69.05,-66.27,-108.71000000000001,-0.20000000000000284,2.3900000000000006,-89.15
2025-08-13T17:07:42.525746,82.0,50.0,-197.0,55.0,-61.0,-115.0,-21.0,-72.0,-177.0,-5.0,20.0,-111.0,64.52,22.99,-185.22,34.32,-72.53,-92.59,-16.05,-58.269999999999996,-140.71,-43.2,-9.61,-98.15
2025-08-13T17:07:42.533894,66.0,69.0,-151.0,59.0,-37.0,-140.0,-37.0,-57.0,-145.0,-55.0,50.0,-210.0,48.519999999999996,41.989999999999995,-139.22,38.32,-48.53,-117.59,-32.05,-43.269999999999996,-108.71000000000001,-93.2,20.39,-197.15
2025-08-13T17:07:42.538424,111.0,35.0,-76.0,48.0,-22.0,-158.0,1.0,-8.0,-134.0,0.0,53.0,-147.0,93.52,7.989999999999998,-64.22,27.32,-33.53,-135.59,5.95,5.73,-97.71000000000001,-38.2,23.39,-134.15
2025-08-13T17:07:42.546282,9.0,5.0,-139.0,43.0,10.0,-136.0,-3.0,-120.0,-149.0,-34.0,-12.0,-148.0,-8.48,-22.01,-127.22,22.32,-1.5299999999999994,-113.59,1.9500000000000002,-106.27,-112.71000000000001,-72.2,-41.61,-135.15
2025-08-13T17:07:42.550782,59.0,56.0,-44.0,43.0,42.0,-133.0,-64.0,-38.0,-111.0,44.0,91.0,-128.0,41.519999999999996,28.99,-32.22,22.32,30.47,-110.59,-59.05,-24.27,-74.71000000000001,5.799999999999997,61.39,-115.15
2025-08-13T17:07:42.559650,21.0,17.0,-135.0,47.0,15.0,-128.0,-85.0,-30.0,-127.0,6.0,29.0,-164.0,3.5199999999999996,-10.010000000000002,-123.22,26.32,3.4700000000000006,-105.59,-80.05,-16.27,-90.71000000000001,-32.2,-0.6099999999999994,-151.15
2025-08-13T17:07:42.564968,71.0,82.0,-179.0,42.0,-12.0,-139.0,-19.0,-62.0,-114.0,15.0,78.0,-157.0,53.519999999999996,54.989999999999995,-167.22,21.32,-23.53,-116.59,-14.05,-48.269999999999996,-77.71000000000001,-23.200000000000003,48.39,-144.15
2025-08-13T17:07:42.574089,104.0,77.0,-191.0,83.0,32.0,-140.0,-95.0,-123.0,-167.0,-23.0,28.0,-113.0,86.52,49.989999999999995,-179.22,62.32,20.47,-117.59,-90.05,-109.27,-130.71,-61.2,-1.6099999999999994,-100.15
2025-08-13T17:07:42.583120,123.0,3.0,-74.0,52.0,-66.0,-150.0,-19.0,-39.0,-153.0,25.0,123.0,-139.0,105.52,-24.01,-62.22,31.32,-77.53,-127.59,-14.05,-25.27,-116.71000000000001,-13.200000000000003,93.39,-126.15
2025-08-13T17:07:42.588738,33.0,31.0,-62.0,80.0,-48.0,-118.0,-22.0,-12.0,-79.0,-39.0,74.0,-215.0,15.52,3.9899999999999984,-50.22,59.32,-59.53,-95.59,-17.05,1.7300000000000004,-42.71,-77.2,44.39,-202.15
2025-08-13T17:07:42.593003,71.0,25.0,-132.0,87.0,-2.0,-133.0,-32.0,-93.0,-131.0,2.0,69.0,-144.0,53.519999999999996,-2.0100000000000016,-120.22,66.32,-13.53,-110.59,-27.05,-79.27,-94.71000000000001,-36.2,39.39,-131.15
2025-08-13T17:07:42.595941,-13.0,10.0,-148.0,18.0,-56.0,-134.0,21.0,-89.0,-187.0,-38.0,39.0,-132.0,-30.48,-17.01,-136.22,-2.6799999999999997,-67.53,-111.59,25.95,-75.27,-150.71,-76.2,9.39,-119.15
2025-08-13T17:07:42.602989,75.0,76.0,-131.0,19.0,4.0,-128.0,-110.0,-54.0,-136.0,-27.0,71.0,-150.0,57.519999999999996,48.989999999999995,-119.22,-1.6799999999999997,-7.529999999999999,-105.59,-105.05,-40.269999999999996,-99.71000000000001,-65.2,41.39,-137.15
2025-08-13T17:07:42.607389,26.0,20.0,-221.0,25.0,-25.0,-177.0,-95.0,-53.0,-86.0,-4.0,-15.0,-113.0,8.52,-7.010000000000002,-209.22,4.32,-36.53,-154.59,-90.05,-39.269999999999996,-49.71,-42.2,-44.61,-100.15
2025-08-13T17:07:42.615245,59.0,7.0,-92.0,18.0,20.0,-175.0,-80.0,-12.0,-86.0,37.0,60.0,-131.0,41.519999999999996,-20.01,-80.22,-2.6799999999999997,8.47,-152.59,-75.05,1.7300000000000004,-49.71,-1.2000000000000028,30.39,-118.15
2025-08-13T17:07:42.619696,65.0,-17.0,-167.0,109.0,6.0,-241.0,-45.0,-2.0,-153.0,31.0,52.0,-142.0,47.519999999999996,-44.010000000000005,-155.22,88.32,-5.529999999999999,-218.59,-40.05,11.73,-116.71000000000001,-7.200000000000003,22.39,-129.15
2025-08-13T17:07:42.627798,88.0,36.0,-97.0,77.0,-32.0,-154.0,-44.0,-90.0,-158.0,-82.0,48.0,-154.0,70.52,8.989999999999998,-85.22,56.32,-43.53,-131.59,-39.05,-76.27,-121.71000000000001,-120.2,18.39,-141.15
2025-08-13T17:07:42.631871,26.0,-11.0,-124.0,31.0,-59.0,-160.0,-22.0,-19.0,-194.0,-16.0,3.0,-23.0,8.52,-38.010000000000005,-112.22,10.32,-70.53,-137.59,-17.05,-5.27,-157.71,-54.2,-26.61,-10.15
2025-08-13T17:07:42.639964,68.0,97.0,-151.0,-21.0,-100.0,-156.0,-38.0,-54.0,-150.0,-55.0,74.0,-124.0,50.519999999999996,69.99,-139.22,-41.68,-111.53,-133.59,-33.05,-40.269999999999996,-113.71000000000001,-93.2,44.39,-111.15
2025-08-13T17:07:42.644096,116.0,37.0,-96.0,71.0,-7.0,-80.0,-2.0,-75.0,-117.0,13.0,98.0,-194.0,98.52,9.989999999999998,-84.22,50.32,-18.53,-57.59,2.95,-61.269999999999996,-80.71000000000001,-25.200000000000003,68.39,-181.15
2025-08-13T17:07:42.652354,4.0,30.0,-150.0,62.0,-16.0,-145.0,-38.0,-117.0,-136.0,44.0,68.0,-157.0,-13.48,2.9899999999999984,-138.22,41.32,-27.53,-122.59,-33.05,-103.27,-99.71000000000001,5.799999999999997,38.39,-144.15
2025-08-13T17:07:42.660456,58.0,-29.0,-136.0,40.0,-20.0,-189.0,-70.0,-10.0,-121.0,-2.0,-23.0,-139.0,40.519999999999996,-56.010000000000005,-124.22,19.32,-31.53,-166.59,-65.05,3.7300000000000004,-84.71000000000001,-40.2,-52.61,-126.15
2025-08-13T17:07:42.664563,65.0,24.0,-197.0,20.0,-66.0,-133.0,4.0,-38.0,-146.0,21.0,64.0,-131.0,47.519999999999996,-3.0100000000000016,-185.22,-0.6799999999999997,-77.53,-110.59,8.95,-24.27,-109.71000000000001,-17.200000000000003,34.39,-118.15
2025-08-13T17:07:42.672760,92.0,-11.0,-146.0,85.0,-25.0,-160.0,-64.0,-105.0,-184.0,29.0,54.0,-152.0,74.52,-38.010000000000005,-134.22,64.32,-36.53,-137.59,-59.05,-91.27,-147.71,-9.200000000000003,24.39,-139.15
2025-08-13T17:07:42.677024,104.0,65.0,-69.0,88.0,-1.0,-142.0,-39.0,-37.0,-86.0,-10.0,76.0,-167.0,86.52,37.989999999999995,-57.22,67.32,-12.53,-119.59,-34.05,-23.27,-49.71,-48.2,46.39,-154.15
2025-08-13T17:07:42.684939,34.0,25.0,-75.0,57.0,-30.0,-163.0,-40.0,-62.0,-143.0,-14.0,71.0,-210.0,16.52,-2.0100000000000016,-63.22,36.32,-41.53,-140.59,-35.05,-48.269999999999996,-106.71000000000001,-52.2,41.39,-197.15
2025-08-13T17:07:42.689309,30.0,130.0,-55.0,88.0,-59.0,-149.0,-69.0,-43.0,-98.0,72.0,63.0,-122.0,12.52,102.99,-43.22,67.32,-70.53,-126.59,-64.05,-29.27,-61.71,33.8,33.39,-109.15
2025-08-13T17:07:42.697332,11.0,31.0,-109.0,75.0,-43.0,-143.0,-40.0,-25.0,-130.0,39.0,92.0,-93.0,-6.48,3.9899999999999984,-97.22,54.32,-54.53,-120.59,-35.05,-11.27,-93.71000000000001,0.7999999999999972,62.39,-80.15
2025-08-13T17:07:42.701730,17.0,22.0,-125.0,81.0,-46.0,-195.0,-3.0,-66.0,-141.0,-21.0,68.0,-82.0,-0.4800000000000004,-5.010000000000002,-113.22,60.32,-57.53,-172.59,1.9500000000000002,-52.269999999999996,-104.71000000000001,-59.2,38.39,-69.15
2025-08-13T17:07:42.709715,100.0,88.0,-130.0,22.0,-26.0,-89.0,-69.0,-76.0,-164.0,-66.0,67.0,-101.0,82.52,60.989999999999995,-118.22,1.3200000000000003,-37.53,-66.59,-64.05,-62.269999999999996,-127.71000000000001,-104.2,37.39,-88.15
2025-08-13T17:07:42.718547,44.0,-18.0,-137.0,42.0,13.0,-122.0,-76.0,-22.0,-163.0,-41.0,15.0,-175.0,26.52,-45.010000000000005,-125.22,21.32,1.4700000000000006,-99.59,-71.05,-8.27,-126.71000000000001,-79.2,-14.61,-162.15
2025-08-13T17:07:42.724258,29.0,40.0,-116.0,31.0,-61.0,-186.0,-68.0,-36.0,-151.0,18.0,81.0,-168.0,11.52,12.989999999999998,-104.22,10.32,-72.53,-163.59,-63.05,-22.27,-114.71000000000001,-20.200000000000003,51.39,-155.15
2025-08-13T17:07:42.731990,52.0,10.0,-113.0,79.0,15.0,-74.0,-52.0,-2.0,-145.0,45.0,6.0,-187.0,34.519999999999996,-17.01,-101.22,58.32,3.4700000000000006,-51.59,-47.05,11.73,-108.71000000000001,6.799999999999997,-23.61,-174.15
2025-08-13T17:07:42.742090,73.0,59.0,-217.0,139.0,6.0,-104.0,-34.0,-41.0,-150.0,47.0,53.0,-203.0,55.519999999999996,31.99,-205.22,118.32,-5.529999999999999,-81.59,-29.05,-27.27,-113.71000000000001,8.799999999999997,23.39,-190.15
2025-08-13T17:07:42.749603,8.0,89.0,-131.0,49.0,30.0,-147.0,-55.0,1.0,-206.0,8.0,68.0,-157.0,-9.48,61.989999999999995,-119.22,28.32,18.47,-124.59,-50.05,14.73,-169.71,-30.200000000000003,38.39,-144.15
2025-08-13T17:07:42.754566,72.0,8.0,-128.0,-8.0,-30.0,-161.0,-41.0,-14.0,-212.0,-11.0,54.0,-102.0,54.519999999999996,-19.01,-116.22,-28.68,-41.53,-138.59,-36.05,-0.2699999999999996,-175.71,-49.2,24.39,-89.15
2025-08-13T17:07:42.759388,90.0,30.0,-90.0,120.0,-26.0,-176.0,-105.0,-49.0,-228.0,-56.0,110.0,-135.0,72.52,2.9899999999999984,-78.22,99.32,-37.53,-153.59,-100.05,-35.269999999999996,-191.71,-94.2,80.39,-122.15
2025-08-13T17:07:42.761578,88.0,53.0,-95.0,44.0,27.0,-140.0,-46.0,-14.0,-92.0,-58.0,62.0,-132.0,70.52,25.99,-83.22,23.32,15.47,-117.59,-41.05,-0.2699999999999996,-55.71,-96.2,32.39,-119.15
2025-08-13T17:07:42.766835,95.0,105.0,-154.0,52.0,3.0,-172.0,-105.0,-8.0,-142.0,19.0,58.0,-126.0,77.52,77.99,-142.22,31.32,-8.53,-149.59,-100.05,5.73,-105.71000000000001,-19.200000000000003,28.39,-113.15
2025-08-13T17:07:42.771138,110.0,49.0,-125.0,13.0,-39.0,-108.0,-33.0,-68.0,-126.0,33.0,-30.0,-141.0,92.52,21.99,-113.22,-7.68,-50.53,-85.59,-28.05,-54.269999999999996,-89.71000000000001,-5.200000000000003,-59.61,-128.15
2025-08-13T17:07:42.779243,43.0,15.0,-136.0,51.0,-49.0,-164.0,5.0,-29.0,-151.0,-83.0,46.0,-233.0,25.52,-12.010000000000002,-124.22,30.32,-60.53,-141.59,9.95,-15.27,-114.71000000000001,-121.2,16.39,-220.15
2025-08-13T17:07:42.783527,81.0,5.0,-115.0,13.0,-17.0,-183.0,-36.0,-57.0,-72.0,29.0,115.0,-108.0,63.519999999999996,-22.01,-103.22,-7.68,-28.53,-160.59,-31.05,-43.269999999999996,-35.71,-9.200000000000003,85.39,-95.15
2025-08-13T17:07:42.791434,0.0,89.0,-124.0,1.0,-14.0,-140.0,11.0,-12.0,-161.0,49.0,83.0,-117.0,-17.48,61.989999999999995,-112.22,-19.68,-25.53,-117.59,15.95,1.7300000000000004,-124.71000000000001,10.799999999999997,53.39,-104.15
2025-08-13T17:07:42.795763,109.0,3.0,-70.0,15.0,24.0,-198.0,-26.0,17.0,-110.0,-26.0,-14.0,-116.0,91.52,-24.01,-58.22,-5.68,12.47,-175.59,-21.05,30.73,-73.71000000000001,-64.2,-43.61,-103.15
2025-08-13T17:07:42.803878,110.0,50.0,-117.0,-15.0,-93.0,-165.0,-56.0,-43.0,-150.0,-11.0,87.0,-93.0,92.52,22.99,-105.22,-35.68,-104.53,-142.59,-51.05,-29.27,-113.71000000000001,-49.2,57.39,-80.15
2025-08-13T17:07:42.808016,29.0,-1.0,-61.0,58.0,-39.0,-188.0,-7.0,-26.0,-131.0,-1.0,16.0,-144.0,11.52,-28.01,-49.22,37.32,-50.53,-165.59,-2.05,-12.27,-94.71000000000001,-39.2,-13.61,-131.15
2025-08-13T17:07:42.816189,86.0,60.0,-98.0,96.0,-16.0,-127.0,-18.0,-89.0,-107.0,-15.0,29.0,-94.0,68.52,32.989999999999995,-86.22,75.32,-27.53,-104.59,-13.05,-75.27,-70.71000000000001,-53.2,-0.6099999999999994,-81.15
2025-08-13T17:07:42.820521,18.0,-25.0,-38.0,52.0,-28.0,-129.0,-107.0,-54.0,-107.0,34.0,32.0,-155.0,0.5199999999999996,-52.010000000000005,-26.22,31.32,-39.53,-106.59,-102.05,-40.269999999999996,-70.71000000000001,-4.200000000000003,2.3900000000000006,-142.15
2025-08-13T17:07:42.828524,67.0,93.0,-163.0,53.0,-100.0,-154.0,-104.0,-38.0,-126.0,-36.0,34.0,-180.0,49.519999999999996,65.99,-151.22,32.32,-111.53,-131.59,-99.05,-24.27,-89.71000000000001,-74.2,4.390000000000001,-167.15
2025-08-13T17:07:42.836585,-23.0,39.0,-100.0,1.0,-75.0,-151.0,-17.0,-75.0,-150.0,-2.0,48.0,-191.0,-40.480000000000004,11.989999999999998,-88.22,-19.68,-86.53,-128.59,-12.05,-61.269999999999996,-113.71000000000001,-40.2,18.39,-178.15
2025-08-13T17:07:42.840995,29.0,97.0,-118.0,-30.0,6.0,-197.0,24.0,-44.0,-107.0,-48.0,45.0,-104.0,11.52,69.99,-106.22,-50.68,-5.529999999999999,-174.59,28.95,-30.27,-70.71000000000001,-86.2,15.39,-91.15
2025-08-13T17:07:42.848947,85.0,-4.0,-105.0,47.0,-49.0,-160.0,-89.0,-44.0,-110.0,-59.0,90.0,-138.0,67.52,-31.01,-93.22,26.32,-60.53,-137.59,-84.05,-30.27,-73.71000000000001,-97.2,60.39,-125.15
2025-08-13T17:07:42.853581,46.0,37.0,-88.0,119.0,0.0,-172.0,-4.0,-76.0,-115.0,-49.0,-38.0,-212.0,28.52,9.989999999999998,-76.22,98.32,-11.53,-149.59,0.9500000000000002,-62.269999999999996,-78.71000000000001,-87.2,-67.61,-199.15
2025-08-13T17:07:42.861779,22.0,0.0,-112.0,68.0,-9.0,-128.0,-37.0,-55.0,-181.0,-19.0,49.0,-136.0,4.52,-27.01,-100.22,47.32,-20.53,-105.59,-32.05,-41.269999999999996,-144.71,-57.2,19.39,-123.15
2025-08-13T17:07:42.869671,-8.0,15.0,-88.0,39.0,-61.0,-157.0,-29.0,-14.0,-124.0,24.0,44.0,-93.0,-25.48,-12.010000000000002,-76.22,18.32,-72.53,-134.59,-24.05,-0.2699999999999996,-87.71000000000001,-14.200000000000003,14.39,-80.15
2025-08-13T17:07:42.874647,93.0,70.0,-157.0,90.0,-86.0,-153.0,-32.0,-13.0,-166.0,-4.0,33.0,-96.0,75.52,42.989999999999995,-145.22,69.32,-97.53,-130.59,-27.05,0.7300000000000004,-129.71,-42.2,3.3900000000000006,-83.15
2025-08-13T17:07:42.879306,82.0,45.0,-102.0,33.0,-55.0,-176.0,-63.0,-106.0,-168.0,12.0,26.0,-138.0,64.52,17.99,-90.22,12.32,-66.53,-153.59,-58.05,-92.27,-131.71,-26.200000000000003,-3.6099999999999994,-125.15
2025-08-13T17:07:42.886369,46.0,3.0,-141.0,84.0,-61.0,-162.0,-15.0,-36.0,-97.0,-54.0,116.0,-149.0,28.52,-24.01,-129.22,63.32,-72.53,-139.59,-10.05,-22.27,-60.71,-92.2,86.39,-136.15
2025-08-13T17:07:42.890634,91.0,44.0,-48.0,93.0,100.0,-128.0,-59.0,-51.0,-128.0,38.0,86.0,-117.0,73.52,16.99,-36.22,72.32,88.47,-105.59,-54.05,-37.269999999999996,-91.71000000000001,-0.20000000000000284,56.39,-104.15
2025-08-13T17:07:42.898040,40.0,107.0,-143.0,15.0,26.0,-129.0,-19.0,-34.0,-188.0,-1.0,46.0,-158.0,22.52,79.99,-131.22,-5.68,14.47,-106.59,-14.05,-20.27,-151.71,-39.2,16.39,-145.15
2025-08-13T17:07:42.902413,42.0,30.0,-127.0,29.0,9.0,-142.0,18.0,-34.0,-138.0,-4.0,20.0,-118.0,24.52,2.9899999999999984,-115.22,8.32,-2.5299999999999994,-119.59,22.95,-20.27,-101.71000000000001,-42.2,-9.61,-105.15
2025-08-13T17:07:42.910293,69.0,29.0,-178.0,19.0,-24.0,-118.0,-25.0,-43.0,-104.0,-76.0,25.0,-174.0,51.519999999999996,1.9899999999999984,-166.22,-1.6799999999999997,-35.53,-95.59,-20.05,-29.27,-67.71000000000001,-114.2,-4.609999999999999,-161.15
2025-08-13T17:07:42.918338,56.0,23.0,-165.0,52.0,-9.0,-120.0,-70.0,-33.0,-135.0,-59.0,127.0,-124.0,38.519999999999996,-4.010000000000002,-153.22,31.32,-20.53,-97.59,-65.05,-19.27,-98.71000000000001,-97.2,97.39,-111.15
2025-08-13T17:07:42.922641,57.0,-3.0,-98.0,70.0,-41.0,-139.0,-83.0,-18.0,-93.0,-47.0,58.0,-173.0,39.519999999999996,-30.01,-86.22,49.32,-52.53,-116.59,-78.05,-4.27,-56.71,-85.2,28.39,-160.15
2025-08-13T17:07:42.930540,12.0,40.0,-97.0,77.0,-21.0,-131.0,-28.0,3.0,-145.0,18.0,15.0,-110.0,-5.48,12.989999999999998,-85.22,56.32,-32.53,-108.59,-23.05,16.73,-108.71000000000001,-20.200000000000003,-14.61,-97.15
2025-08-13T17:07:42.934990,-23.0,83.0,-91.0,29.0,13.0,-89.0,-2.0,-54.0,-160.0,-7.0,68.0,-150.0,-40.480000000000004,55.989999999999995,-79.22,8.32,1.4700000000000006,-66.59,2.95,-40.269999999999996,-123.71000000000001,-45.2,38.39,-137.15
2025-08-13T17:07:42.942918,55.0,30.0,-149.0,-1.0,-51.0,-106.0,-37.0,-28.0,-65.0,-45.0,36.0,-122.0,37.519999999999996,2.9899999999999984,-137.22,-21.68,-62.53,-83.59,-32.05,-14.27,-28.71,-83.2,6.390000000000001,-109.15
2025-08-13T17:07:42.947301,17.0,-47.0,-66.0,12.0,27.0,-161.0,-46.0,-15.0,-30.0,5.0,78.0,-110.0,-0.4800000000000004,-74.01,-54.22,-8.68,15.47,-138.59,-41.05,-1.2699999999999996,6.289999999999999,-33.2,48.39,-97.15
2025-08-13T17:07:42.955070,77.0,13.0,-149.0,70.0,2.0,-82.0,-39.0,10.0,-54.0,-1.0,99.0,-85.0,59.519999999999996,-14.010000000000002,-137.22,49.32,-9.53,-59.59,-34.05,23.73,-17.71,-39.2,69.39,-72.15
2025-08-13T17:07:42.959494,21.0,-17.0,-146.0,-6.0,0.0,-117.0,29.0,-77.0,-183.0,59.0,141.0,-117.0,3.5199999999999996,-44.010000000000005,-134.22,-26.68,-11.53,-94.59,33.95,-63.269999999999996,-146.71,20.799999999999997,111.39,-104.15
2025-08-13T17:07:42.967582,74.0,-58.0,-67.0,28.0,-47.0,-137.0,-44.0,-20.0,-73.0,-80.0,102.0,-82.0,56.519999999999996,-85.01,-55.22,7.32,-58.53,-114.59,-39.05,-6.27,-36.71,-118.2,72.39,-69.15
2025-08-13T17:07:42.971939,12.0,-12.0,-111.0,40.0,44.0,-103.0,-39.0,-89.0,-96.0,-29.0,74.0,-120.0,-5.48,-39.010000000000005,-99.22,19.32,32.47,-80.59,-34.05,-75.27,-59.71,-67.2,44.39,-107.15
2025-08-13T17:07:42.979991,49.0,82.0,-45.0,6.0,-44.0,-99.0,-37.0,-16.0,-89.0,32.0,8.0,-168.0,31.52,54.989999999999995,-33.22,-14.68,-55.53,-76.59,-32.05,-2.2699999999999996,-52.71,-6.200000000000003,-21.61,-155.15
2025-08-13T17:07:42.984112,15.0,49.0,-122.0,28.0,32.0,-28.0,-9.0,-5.0,-69.0,-5.0,3.0,-151.0,-2.4800000000000004,21.99,-110.22,7.32,20.47,-5.59,-4.05,8.73,-32.71,-43.2,-26.61,-138.15
2025-08-13T17:07:42.991983,18.0,35.0,2.0,45.0,28.0,-144.0,6.0,-32.0,-93.0,8.0,86.0,-108.0,0.5199999999999996,7.989999999999998,13.78,24.32,16.47,-121.59,10.95,-18.27,-56.71,-30.200000000000003,56.39,-95.15
2025-08-13T17:07:42.996371,100.0,48.0,-46.0,60.0,17.0,-91.0,-87.0,12.0,-67.0,50.0,44.0,-149.0,82.52,20.99,-34.22,39.32,5.470000000000001,-68.59,-82.05,25.73,-30.71,11.799999999999997,14.39,-136.15
2025-08-13T17:07:43.004381,65.0,-44.0,-73.0,13.0,28.0,-139.0,-1.0,4.0,-106.0,-20.0,-4.0,-85.0,47.519999999999996,-71.01,-61.22,-7.68,16.47,-116.59,3.95,17.73,-69.71000000000001,-58.2,-33.61,-72.15
2025-08-13T17:07:43.008594,5.0,29.0,-97.0,43.0,-17.0,-111.0,-25.0,-7.0,-128.0,-46.0,14.0,-30.0,-12.48,1.9899999999999984,-85.22,22.32,-28.53,-88.59,-20.05,6.73,-91.71000000000001,-84.2,-15.61,-17.15
2025-08-13T17:07:43.016637,33.0,27.0,-71.0,47.0,27.0,-92.0,14.0,-49.0,-144.0,-5.0,45.0,-94.0,15.52,-0.010000000000001563,-59.22,26.32,15.47,-69.59,18.95,-35.269999999999996,-107.71000000000001,-43.2,15.39,-81.15
2025-08-13T17:07:43.020888,71.0,68.0,-123.0,41.0,51.0,-95.0,-6.0,-81.0,-79.0,-2.0,101.0,-97.0,53.519999999999996,40.989999999999995,-111.22,20.32,39.47,-72.59,-1.0499999999999998,-67.27,-42.71,-40.2,71.39,-84.15
2025-08-13T17:07:43.029131,109.0,15.0,-118.0,13.0,-22.0,-124.0,-40.0,-1.0,-114.0,-5.0,59.0,-114.0,91.52,-12.010000000000002,-106.22,-7.68,-33.53,-101.59,-35.05,12.73,-77.71000000000001,-43.2,29.39,-101.15
2025-08-13T17:07:43.033366,38.0,36.0,-28.0,89.0,10.0,-80.0,-38.0,-67.0,-97.0,74.0,46.0,-89.0,20.52,8.989999999999998,-16.22,68.32,-1.5299999999999994,-57.59,-33.05,-53.269999999999996,-60.71,35.8,16.39,-76.15
2025-08-13T17:07:43.041198,-43.0,-1.0,-32.0,70.0,78.0,-165.0,7.0,-13.0,-30.0,15.0,72.0,-110.0,-60.480000000000004,-28.01,-20.22,49.32,66.47,-142.59,11.95,0.7300000000000004,6.289999999999999,-23.200000000000003,42.39,-97.15
2025-08-13T17:07:43.045606,56.0,59.0,-6.0,50.0,-22.0,-92.0,-15.0,-38.0,-18.0,5.0,23.0,-76.0,38.519999999999996,31.99,5.779999999999999,29.32,-33.53,-69.59,-10.05,-24.27,18.29,-33.2,-6.609999999999999,-63.15
2025-08-13T17:07:43.053532,115.0,24.0,-50.0,31.0,14.0,-99.0,-17.0,-72.0,-88.0,22.0,31.0,-80.0,97.52,-3.0100000000000016,-38.22,10.32,2.4700000000000006,-76.59,-12.05,-58.269999999999996,-51.71,-16.200000000000003,1.3900000000000006,-67.15
2025-08-13T17:07:43.057736,31.0,74.0,-30.0,67.0,-19.0,-50.0,-39.0,32.0,-98.0,19.0,50.0,-48.0,13.52,46.989999999999995,-18.22,46.32,-30.53,-27.59,-34.05,45.730000000000004,-61.71,-19.200000000000003,20.39,-35.15
2025-08-13T17:07:43.065842,90.0,50.0,-49.0,42.0,41.0,-83.0,-8.0,-25.0,-91.0,26.0,-5.0,-53.0,72.52,22.99,-37.22,21.32,29.47,-60.59,-3.05,-11.27,-54.71,-12.200000000000003,-34.61,-40.15
2025-08-13T17:07:43.070278,85.0,42.0,-71.0,62.0,-17.0,-98.0,5.0,-52.0,-101.0,-15.0,43.0,-62.0,67.52,14.989999999999998,-59.22,41.32,-28.53,-75.59,9.95,-38.269999999999996,-64.71000000000001,-53.2,13.39,-49.15
2025-08-13T17:07:43.078159,19.0,-7.0,-144.0,17.0,39.0,-49.0,-5.0,-94.0,-100.0,-12.0,118.0,-50.0,1.5199999999999996,-34.010000000000005,-132.22,-3.6799999999999997,27.47,-26.59,-0.04999999999999982,-80.27,-63.71,-50.2,88.39,-37.15
2025-08-13T17:07:43.082910,-4.0,-19.0,10.0,41.0,-25.0,-20.0,-60.0,-54.0,-52.0,20.0,71.0,-63.0,-21.48,-46.010000000000005,21.78,20.32,-36.53,2.41,-55.05,-40.269999999999996,-15.71,-18.200000000000003,41.39,-50.15
2025-08-13T17:07:43.090542,-31.0,38.0,2.0,126.0,43.0,-110.0,-28.0,-72.0,-64.0,53.0,36.0,-49.0,-48.480000000000004,10.989999999999998,13.78,105.32,31.47,-87.59,-23.05,-58.269999999999996,-27.71,14.799999999999997,6.390000000000001,-36.15
2025-08-13T17:07:43.094797,52.0,70.0,-34.0,50.0,33.0,-73.0,-60.0,-14.0,-119.0,78.0,83.0,-99.0,34.519999999999996,42.989999999999995,-22.22,29.32,21.47,-50.59,-55.05,-0.2699999999999996,-82.71000000000001,39.8,53.39,-86.15
2025-08-13T17:07:43.102637,-11.0,74.0,-128.0,29.0,-17.0,-57.0,9.0,16.0,-57.0,-12.0,26.0,-45.0,-28.48,46.989999999999995,-116.22,8.32,-28.53,-34.59,13.95,29.73,-20.71,-50.2,-3.6099999999999994,-32.15
2025-08-13T17:07:43.107136,91.0,20.0,-47.0,-11.0,-25.0,-68.0,-13.0,-37.0,-110.0,-28.0,30.0,-29.0,73.52,-7.010000000000002,-35.22,-31.68,-36.53,-45.59,-8.05,-23.27,-73.71000000000001,-66.2,0.39000000000000057,-16.15
2025-08-13T17:07:43.115045,76.0,-7.0,-113.0,-2.0,17.0,-43.0,-26.0,-6.0,-72.0,36.0,74.0,-99.0,58.519999999999996,-34.010000000000005,-101.22,-22.68,5.470000000000001,-20.59,-21.05,7.73,-35.71,-2.200000000000003,44.39,-86.15
2025-08-13T17:07:43.119237,59.0,-5.0,-77.0,111.0,-33.0,-85.0,-26.0,-4.0,-96.0,-3.0,93.0,-49.0,41.519999999999996,-32.010000000000005,-65.22,90.32,-44.53,-62.59,-21.05,9.73,-59.71,-41.2,63.39,-36.15
2025-08-13T17:07:43.127236,50.0,42.0,-126.0,33.0,13.0,-74.0,-41.0,33.0,-99.0,47.0,82.0,-71.0,32.519999999999996,14.989999999999998,-114.22,12.32,1.4700000000000006,-51.59,-36.05,46.730000000000004,-62.71,8.799999999999997,52.39,-58.15
2025-08-13T17:07:43.131762,69.0,-1.0,-59.0,-48.0,11.0,-69.0,-66.0,-13.0,-1.0,45.0,30.0,-91.0,51.519999999999996,-28.01,-47.22,-68.68,-0.5299999999999994,-46.59,-61.05,0.7300000000000004,35.29,6.799999999999997,0.39000000000000057,-78.15
2025-08-13T17:07:43.139686,113.0,33.0,-84.0,37.0,-42.0,-53.0,13.0,-55.0,-81.0,55.0,90.0,-117.0,95.52,5.989999999999998,-72.22,16.32,-53.53,-30.59,17.95,-41.269999999999996,-44.71,16.799999999999997,60.39,-104.15
2025-08-13T17:07:43.144152,-23.0,-8.0,-72.0,-13.0,59.0,-65.0,-49.0,-76.0,-71.0,72.0,50.0,-91.0,-40.480000000000004,-35.010000000000005,-60.22,-33.68,47.47,-42.59,-44.05,-62.269999999999996,-34.71,33.8,20.39,-78.15
2025-08-13T17:07:43.151899,-31.0,15.0,-56.0,76.0,-21.0,-113.0,10.0,21.0,-63.0,69.0,23.0,-101.0,-48.480000000000004,-12.010000000000002,-44.22,55.32,-32.53,-90.59,14.95,34.730000000000004,-26.71,30.799999999999997,-6.609999999999999,-88.15
2025-08-13T17:07:43.156488,-13.0,70.0,16.0,53.0,-67.0,-71.0,-30.0,12.0,-91.0,76.0,58.0,-58.0,-30.48,42.989999999999995,27.78,32.32,-78.53,-48.59,-25.05,25.73,-54.71,37.8,28.39,-45.15
2025-08-13T17:07:43.165316,22.0,45.0,-47.0,10.0,-27.0,-67.0,28.0,13.0,-88.0,17.0,99.0,-71.0,4.52,17.99,-35.22,-10.68,-38.53,-44.59,32.95,26.73,-51.71,-21.200000000000003,69.39,-58.15
2025-08-13T17:07:43.170807,79.0,55.0,-115.0,71.0,-28.0,-80.0,11.0,-15.0,-68.0,-6.0,120.0,-46.0,61.519999999999996,27.99,-103.22,50.32,-39.53,-57.59,15.95,-1.2699999999999996,-31.71,-44.2,90.39,-33.15
2025-08-13T17:07:43.176405,82.0,60.0,-74.0,-15.0,92.0,-110.0,-20.0,-64.0,-51.0,-43.0,72.0,-43.0,64.52,32.989999999999995,-62.22,-35.68,80.47,-87.59,-15.05,-50.269999999999996,-14.71,-81.2,42.39,-30.15
2025-08-13T17:07:43.182311,58.0,17.0,-69.0,27.0,27.0,-79.0,-42.0,24.0,-40.0,80.0,83.0,-80.0,40.519999999999996,-10.010000000000002,-57.22,6.32,15.47,-56.59,-37.05,37.730000000000004,-3.710000000000001,41.8,53.39,-67.15
2025-08-13T17:07:43.188651,38.0,-16.0,-77.0,40.0,40.0,-108.0,-19.0,15.0,-126.0,75.0,88.0,-97.0,20.52,-43.010000000000005,-65.22,19.32,28.47,-85.59,-14.05,28.73,-89.71000000000001,36.8,58.39,-84.15
2025-08-13T17:07:43.194551,41.0,82.0,-59.0,65.0,25.0,-168.0,-16.0,-17.0,-60.0,163.0,11.0,-34.0,23.52,54.989999999999995,-47.22,44.32,13.47,-145.59,-11.05,-3.2699999999999996,-23.71,124.8,-18.61,-21.15
2025-08-13T17:07:43.201033,3.0,47.0,-59.0,-7.0,58.0,-65.0,-13.0,-5.0,-112.0,25.0,53.0,-13.0,-14.48,19.99,-47.22,-27.68,46.47,-42.59,-8.05,8.73,-75.71000000000001,-13.200000000000003,23.39,-0.15000000000000036
2025-08-13T17:07:43.207109,37.0,29.0,-55.0,26.0,-5.0,-85.0,9.0,-10.0,-89.0,-48.0,-6.0,16.0,19.52,1.9899999999999984,-43.22,5.32,-16.53,-62.59,13.95,3.7300000000000004,-52.71,-86.2,-35.61,28.85
2025-08-13T17:07:43.211150,2.0,1.0,-15.0,18.0,10.0,1.0,-20.0,-63.0,-63.0,10.0,29.0,-19.0,-15.48,-26.01,-3.2200000000000006,-2.6799999999999997,-1.5299999999999994,23.41,-15.05,-49.269999999999996,-26.71,-28.200000000000003,-0.6099999999999994,-6.15
2025-08-13T17:07:43.218169,9.0,35.0,11.0,21.0,62.0,-65.0,-31.0,-23.0,-126.0,7.0,99.0,-43.0,-8.48,7.989999999999998,22.78,0.3200000000000003,50.47,-42.59,-26.05,-9.27,-89.71000000000001,-31.200000000000003,69.39,-30.15
2025-08-13T17:07:43.221855,-29.0,31.0,-29.0,-21.0,16.0,-33.0,-6.0,22.0,-64.0,-34.0,18.0,-14.0,-46.480000000000004,3.9899999999999984,-17.22,-41.68,4.470000000000001,-10.59,-1.0499999999999998,35.730000000000004,-27.71,-72.2,-11.61,-1.1500000000000004
2025-08-13T17:07:43.229992,32.0,96.0,-27.0,4.0,-9.0,-115.0,-18.0,-17.0,-103.0,58.0,55.0,-59.0,14.52,68.99,-15.22,-16.68,-20.53,-92.59,-13.05,-3.2699999999999996,-66.71000000000001,19.799999999999997,25.39,-46.15
2025-08-13T17:07:43.234080,62.0,100.0,-74.0,5.0,31.0,-92.0,1.0,27.0,-56.0,50.0,45.0,-83.0,44.519999999999996,72.99,-62.22,-15.68,19.47,-69.59,5.95,40.730000000000004,-19.71,11.799999999999997,15.39,-70.15
2025-08-13T17:07:43.242306,80.0,63.0,-59.0,47.0,33.0,-80.0,-60.0,13.0,-92.0,-48.0,36.0,-24.0,62.519999999999996,35.989999999999995,-47.22,26.32,21.47,-57.59,-55.05,26.73,-55.71,-86.2,6.390000000000001,-11.15
2025-08-13T17:07:43.246404,-4.0,-28.0,-33.0,29.0,-22.0,1.0,-37.0,46.0,-88.0,44.0,105.0,13.0,-21.48,-55.010000000000005,-21.22,8.32,-33.53,23.41,-32.05,59.730000000000004,-51.71,5.799999999999997,75.39,25.85
2025-08-13T17:07:43.254541,-30.0,-13.0,-52.0,-14.0,-1.0,-55.0,2.0,-84.0,-113.0,-64.0,44.0,-70.0,-47.480000000000004,-40.010000000000005,-40.22,-34.68,-12.53,-32.59,6.95,-70.27,-76.71000000000001,-102.2,14.39,-57.15
2025-08-13T17:07:43.259329,1.0,107.0,-83.0,28.0,-3.0,-81.0,15.0,31.0,-61.0,5.0,99.0,-57.0,-16.48,79.99,-71.22,7.32,-14.53,-58.59,19.95,44.730000000000004,-24.71,-33.2,69.39,-44.15
2025-08-13T17:07:43.266781,40.0,22.0,-8.0,71.0,-26.0,-152.0,10.0,-16.0,-110.0,71.0,28.0,-47.0,22.52,-5.010000000000002,3.7799999999999994,50.32,-37.53,-129.59,14.95,-2.2699999999999996,-73.71000000000001,32.8,-1.6099999999999994,-34.15
2025-08-13T17:07:43.271116,68.0,-35.0,-107.0,32.0,18.0,-28.0,3.0,-43.0,-28.0,80.0,35.0,-99.0,50.519999999999996,-62.010000000000005,-95.22,11.32,6.470000000000001,-5.59,7.95,-29.27,8.29,41.8,5.390000000000001,-86.15
2025-08-13T17:07:43.278967,67.0,37.0,-10.0,20.0,-28.0,-74.0,-12.0,4.0,-56.0,31.0,30.0,-47.0,49.519999999999996,9.989999999999998,1.7799999999999994,-0.6799999999999997,-39.53,-51.59,-7.05,17.73,-19.71,-7.200000000000003,0.39000000000000057,-34.15
2025-08-13T17:07:43.284921,68.0,24.0,-26.0,14.0,10.0,-73.0,-29.0,-114.0,-48.0,16.0,-10.0,2.0,50.519999999999996,-3.0100000000000016,-14.22,-6.68,-1.5299999999999994,-50.59,-24.05,-100.27,-11.71,-22.200000000000003,-39.61,14.85
2025-08-13T17:07:43.291338,-14.0,-54.0,5.0,-69.0,33.0,-95.0,-48.0,30.0,-62.0,86.0,25.0,-10.0,-31.48,-81.01,16.78,-89.68,21.47,-72.59,-43.05,43.730000000000004,-25.71,47.8,-4.609999999999999,2.8499999999999996
2025-08-13T17:07:43.295679,-27.0,32.0,-32.0,36.0,31.0,-140.0,-13.0,37.0,-89.0,-8.0,37.0,-24.0,-44.480000000000004,4.989999999999998,-20.22,15.32,19.47,-117.59,-8.05,50.730000000000004,-52.71,-46.2,7.390000000000001,-11.15
2025-08-13T17:07:43.303474,72.0,13.0,-7.0,78.0,-17.0,5.0,14.0,35.0,-92.0,-60.0,-7.0,17.0,54.519999999999996,-14.010000000000002,4.779999999999999,57.32,-28.53,27.41,18.95,48.730000000000004,-55.71,-98.2,-36.61,29.85
2025-08-13T17:07:43.307976,-5.0,78.0,19.0,33.0,52.0,-71.0,10.0,14.0,-76.0,60.0,57.0,-51.0,-22.48,50.989999999999995,30.78,12.32,40.47,-48.59,14.95,27.73,-39.71,21.799999999999997,27.39,-38.15
2025-08-13T17:07:43.315877,-19.0,33.0,-45.0,-15.0,10.0,-49.0,9.0,-3.0,-88.0,5.0,25.0,-45.0,-36.480000000000004,5.989999999999998,-33.22,-35.68,-1.5299999999999994,-26.59,13.95,10.73,-51.71,-33.2,-4.609999999999999,-32.15
2025-08-13T17:07:43.320299,40.0,40.0,-37.0,-49.0,1.0,-61.0,-57.0,-36.0,-72.0,44.0,32.0,-19.0,22.52,12.989999999999998,-25.22,-69.68,-10.53,-38.59,-52.05,-22.27,-35.71,5.799999999999997,2.3900000000000006,-6.15
2025-08-13T17:07:43.328070,23.0,11.0,9.0,2.0,-14.0,-90.0,3.0,-16.0,-57.0,-33.0,160.0,-36.0,5.52,-16.01,20.78,-18.68,-25.53,-67.59,7.95,-2.2699999999999996,-20.71,-71.2,130.39,-23.15
2025-08-13T17:07:43.332862,-3.0,27.0,-33.0,42.0,-5.0,-70.0,-46.0,6.0,-16.0,-10.0,56.0,-40.0,-20.48,-0.010000000000001563,-21.22,21.32,-16.53,-47.59,-41.05,19.73,20.29,-48.2,26.39,-27.15
2025-08-13T17:07:43.340697,14.0,61.0,-13.0,-12.0,-17.0,-43.0,10.0,-22.0,-76.0,-10.0,42.0,-2.0,-3.4800000000000004,33.989999999999995,-1.2200000000000006,-32.68,-28.53,-20.59,14.95,-8.27,-39.71,-48.2,12.39,10.85
2025-08-13T17:07:43.344968,28.0,62.0,-1.0,-6.0,-27.0,-107.0,23.0,-30.0,-73.0,7.0,81.0,-27.0,10.52,34.989999999999995,10.78,-26.68,-38.53,-84.59,27.95,-16.27,-36.71,-31.200000000000003,51.39,-14.15
2025-08-13T17:07:43.352631,-2.0,37.0,7.0,35.0,8.0,-66.0,9.0,-11.0,-43.0,17.0,54.0,-56.0,-19.48,9.989999999999998,18.78,14.32,-3.5299999999999994,-43.59,13.95,2.7300000000000004,-6.710000000000001,-21.200000000000003,24.39,-43.15
2025-08-13T17:07:43.360260,-14.0,71.0,40.0,-73.0,32.0,-63.0,-17.0,-30.0,-92.0,6.0,29.0,-125.0,-31.48,43.989999999999995,51.78,-93.68,20.47,-40.59,-12.05,-16.27,-55.71,-32.2,-0.6099999999999994,-112.15
2025-08-13T17:07:43.370538,39.0,14.0,-53.0,-36.0,-5.0,-46.0,22.0,-20.0,13.0,-47.0,60.0,-24.0,21.52,-13.010000000000002,-41.22,-56.68,-16.53,-23.59,26.95,-6.27,49.29,-85.2,30.39,-11.15
2025-08-13T17:07:43.380239,86.0,36.0,-60.0,-13.0,-11.0,-62.0,16.0,-62.0,-87.0,36.0,65.0,-77.0,68.52,8.989999999999998,-48.22,-33.68,-22.53,-39.59,20.95,-48.269999999999996,-50.71,-2.200000000000003,35.39,-64.15
2025-08-13T17:07:43.386076,32.0,12.0,-11.0,15.0,-8.0,4.0,38.0,-25.0,-30.0,85.0,66.0,-48.0,14.52,-15.010000000000002,0.7799999999999994,-5.68,-19.53,26.41,42.95,-11.27,6.289999999999999,46.8,36.39,-35.15
2025-08-13T17:07:43.390496,142.0,5.0,-28.0,-10.0,-46.0,-60.0,-38.0,0.0,-12.0,7.0,76.0,-41.0,124.52,-22.01,-16.22,-30.68,-57.53,-37.59,-33.05,13.73,24.29,-31.200000000000003,46.39,-28.15
2025-08-13T17:07:43.394077,-17.0,52.0,-81.0,26.0,79.0,-78.0,58.0,14.0,-65.0,53.0,-21.0,-22.0,-34.480000000000004,24.99,-69.22,5.32,67.47,-55.59,62.95,27.73,-28.71,14.799999999999997,-50.61,-9.15
2025-08-13T17:07:43.397261,37.0,4.0,42.0,-1.0,-45.0,-29.0,68.0,25.0,-117.0,54.0,25.0,-36.0,19.52,-23.01,53.78,-21.68,-56.53,-6.59,72.95,38.730000000000004,-80.71000000000001,15.799999999999997,-4.609999999999999,-23.15
2025-08-13T17:07:43.401649,41.0,28.0,-46.0,8.0,-44.0,-34.0,19.0,-40.0,-10.0,28.0,54.0,-70.0,23.52,0.9899999999999984,-34.22,-12.68,-55.53,-11.59,23.95,-26.27,26.29,-10.200000000000003,24.39,-57.15
2025-08-13T17:07:43.405870,48.0,21.0,16.0,14.0,30.0,-91.0,54.0,-8.0,-91.0,-12.0,82.0,-15.0,30.52,-6.010000000000002,27.78,-6.68,18.47,-68.59,58.95,5.73,-54.71,-50.2,52.39,-2.1500000000000004
2025-08-13T17:07:43.414021,-12.0,-3.0,-55.0,-57.0,-6.0,-36.0,26.0,-49.0,-104.0,8.0,127.0,8.0,-29.48,-30.01,-43.22,-77.68,-17.53,-13.59,30.95,-35.269999999999996,-67.71000000000001,-30.200000000000003,97.39,20.85
2025-08-13T17:07:43.418307,5.0,-32.0,-26.0,37.0,16.0,-5.0,7.0,23.0,-63.0,17.0,58.0,-58.0,-12.48,-59.010000000000005,-14.22,16.32,4.470000000000001,17.41,11.95,36.730000000000004,-26.71,-21.200000000000003,28.39,-45.15
2025-08-13T17:07:43.426324,40.0,-19.0,-12.0,3.0,48.0,-102.0,33.0,-35.0,-37.0,-36.0,3.0,-100.0,22.52,-46.010000000000005,-0.22000000000000064,-17.68,36.47,-79.59,37.95,-21.27,-0.7100000000000009,-74.2,-26.61,-87.15
2025-08-13T17:07:43.430500,6.0,1.0,-49.0,-33.0,59.0,-66.0,-44.0,-45.0,-42.0,9.0,39.0,-56.0,-11.48,-26.01,-37.22,-53.68,47.47,-43.59,-39.05,-31.27,-5.710000000000001,-29.200000000000003,9.39,-43.15
2025-08-13T17:07:43.434532,54.0,-51.0,18.0,20.0,42.0,-90.0,-73.0,-15.0,-77.0,50.0,18.0,-48.0,36.519999999999996,-78.01,29.78,-0.6799999999999997,30.47,-67.59,-68.05,-1.2699999999999996,-40.71,11.799999999999997,-11.61,-35.15
2025-08-13T17:07:43.442831,-27.0,57.0,-8.0,-4.0,-25.0,-62.0,5.0,27.0,-51.0,71.0,-7.0,14.0,-44.480000000000004,29.99,3.7799999999999994,-24.68,-36.53,-39.59,9.95,40.730000000000004,-14.71,32.8,-36.61,26.85
2025-08-13T17:07:43.446796,44.0,21.0,-8.0,-5.0,22.0,-63.0,-69.0,-28.0,-57.0,64.0,-9.0,-26.0,26.52,-6.010000000000002,3.7799999999999994,-25.68,10.47,-40.59,-64.05,-14.27,-20.71,25.799999999999997,-38.61,-13.15
2025-08-13T17:07:43.455098,19.0,-20.0,5.0,-19.0,33.0,-97.0,3.0,5.0,-76.0,89.0,68.0,-41.0,1.5199999999999996,-47.010000000000005,16.78,-39.68,21.47,-74.59,7.95,18.73,-39.71,50.8,38.39,-28.15
2025-08-13T17:07:43.459321,-12.0,33.0,48.0,-5.0,-41.0,-90.0,-43.0,22.0,-88.0,-9.0,35.0,-60.0,-29.48,5.989999999999998,59.78,-25.68,-52.53,-67.59,-38.05,35.730000000000004,-51.71,-47.2,5.390000000000001,-47.15
2025-08-13T17:07:43.467344,72.0,19.0,63.0,51.0,98.0,-105.0,-39.0,-8.0,-11.0,61.0,37.0,-62.0,54.519999999999996,-8.010000000000002,74.78,30.32,86.47,-82.59,-34.05,5.73,25.29,22.799999999999997,7.390000000000001,-49.15
2025-08-13T17:07:43.471613,-5.0,16.0,-11.0,16.0,7.0,-53.0,12.0,-10.0,-47.0,82.0,55.0,-14.0,-22.48,-11.010000000000002,0.7799999999999994,-4.68,-4.529999999999999,-30.59,16.95,3.7300000000000004,-10.71,43.8,25.39,-1.1500000000000004
2025-08-13T17:07:43.479524,-41.0,45.0,-53.0,48.0,37.0,14.0,48.0,-12.0,-21.0,-35.0,56.0,-32.0,-58.480000000000004,17.99,-41.22,27.32,25.47,36.41,52.95,1.7300000000000004,15.29,-73.2,26.39,-19.15
2025-08-13T17:07:43.483882,41.0,100.0,27.0,73.0,5.0,-58.0,17.0,5.0,-3.0,48.0,10.0,-40.0,23.52,72.99,38.78,52.32,-6.529999999999999,-35.59,21.95,18.73,33.29,9.799999999999997,-19.61,-27.15
2025-08-13T17:07:43.491806,-29.0,60.0,-2.0,-9.0,27.0,-15.0,73.0,9.0,-36.0,17.0,32.0,-90.0,-46.480000000000004,32.989999999999995,9.78,-29.68,15.47,7.41,77.95,22.73,0.28999999999999915,-21.200000000000003,2.3900000000000006,-77.15
2025-08-13T17:07:43.497209,71.0,37.0,-44.0,21.0,55.0,-24.0,-4.0,-12.0,-59.0,21.0,60.0,-37.0,53.519999999999996,9.989999999999998,-32.22,0.3200000000000003,43.47,-1.5899999999999999,0.9500000000000002,1.7300000000000004,-22.71,-17.200000000000003,30.39,-24.15
2025-08-13T17:07:43.504282,84.0,26.0,-51.0,63.0,50.0,-89.0,-31.0,-78.0,-62.0,23.0,14.0,-92.0,66.52,-1.0100000000000016,-39.22,42.32,38.47,-66.59,-26.05,-64.27,-25.71,-15.200000000000003,-15.61,-79.15
2025-08-13T17:07:43.509237,13.0,12.0,-50.0,4.0,-16.0,-52.0,-82.0,25.0,-22.0,11.0,59.0,-67.0,-4.48,-15.010000000000002,-38.22,-16.68,-27.53,-29.59,-77.05,38.730000000000004,14.29,-27.200000000000003,29.39,-54.15
2025-08-13T17:07:43.516380,51.0,-35.0,-66.0,34.0,36.0,-33.0,-13.0,-31.0,-64.0,128.0,103.0,-31.0,33.519999999999996,-62.010000000000005,-54.22,13.32,24.47,-10.59,-8.05,-17.27,-27.71,89.8,73.39,-18.15
2025-08-13T17:07:43.521526,-8.0,13.0,32.0,5.0,-10.0,-43.0,5.0,31.0,-22.0,62.0,14.0,-32.0,-25.48,-14.010000000000002,43.78,-15.68,-21.53,-20.59,9.95,44.730000000000004,14.29,23.799999999999997,-15.61,-19.15
2025-08-13T17:07:43.528611,34.0,-15.0,-7.0,15.0,109.0,-38.0,-14.0,56.0,-68.0,40.0,-11.0,-21.0,16.52,-42.010000000000005,4.779999999999999,-5.68,97.47,-15.59,-9.05,69.73,-31.71,1.7999999999999972,-40.61,-8.15
2025-08-13T17:07:43.533978,104.0,30.0,-70.0,-5.0,17.0,-3.0,62.0,-40.0,-86.0,41.0,-74.0,-16.0,86.52,2.9899999999999984,-58.22,-25.68,5.470000000000001,19.41,66.95,-26.27,-49.71,2.799999999999997,-103.61,-3.1500000000000004
2025-08-13T17:07:43.541009,30.0,-11.0,-22.0,24.0,-6.0,-23.0,-4.0,-91.0,-30.0,55.0,-9.0,-33.0,12.52,-38.010000000000005,-10.22,3.3200000000000003,-17.53,-0.5899999999999999,0.9500000000000002,-77.27,6.289999999999999,16.799999999999997,-38.61,-20.15
2025-08-13T17:07:43.546062,-29.0,-8.0,59.0,12.0,0.0,-54.0,58.0,-38.0,-90.0,48.0,14.0,-18.0,-46.480000000000004,-35.010000000000005,70.78,-8.68,-11.53,-31.59,62.95,-24.27,-53.71,9.799999999999997,-15.61,-5.15
2025-08-13T17:07:43.553188,88.0,92.0,-41.0,25.0,35.0,-38.0,35.0,-7.0,-45.0,40.0,48.0,-10.0,70.52,64.99,-29.22,4.32,23.47,-15.59,39.95,6.73,-8.71,1.7999999999999972,18.39,2.8499999999999996
2025-08-13T17:07:43.557629,-41.0,-11.0,-51.0,13.0,12.0,-65.0,-61.0,75.0,21.0,42.0,-21.0,25.0,-58.480000000000004,-38.010000000000005,-39.22,-7.68,0.47000000000000064,-42.59,-56.05,88.73,57.29,3.799999999999997,-50.61,37.85
2025-08-13T17:07:43.565548,71.0,-11.0,-15.0,-18.0,-20.0,7.0,-54.0,-28.0,-62.0,0.0,85.0,-10.0,53.519999999999996,-38.010000000000005,-3.2200000000000006,-38.68,-31.53,29.41,-49.05,-14.27,-25.71,-38.2,55.39,2.8499999999999996
2025-08-13T17:07:43.570507,30.0,-2.0,-8.0,56.0,30.0,-7.0,75.0,47.0,-52.0,51.0,52.0,-1.0,12.52,-29.01,3.7799999999999994,35.32,18.47,15.41,79.95,60.730000000000004,-15.71,12.799999999999997,22.39,11.85
2025-08-13T17:07:43.573924,75.0,6.0,2.0,16.0,2.0,-125.0,8.0,51.0,-28.0,7.0,78.0,20.0,57.519999999999996,-21.01,13.78,-4.68,-9.53,-102.59,12.95,64.73,8.29,-31.200000000000003,48.39,32.85
2025-08-13T17:07:43.582060,35.0,22.0,-14.0,-18.0,-4.0,-25.0,-2.0,-13.0,-26.0,30.0,47.0,-17.0,17.52,-5.010000000000002,-2.2200000000000006,-38.68,-15.53,-2.59,2.95,0.7300000000000004,10.29,-8.200000000000003,17.39,-4.15
2025-08-13T17:07:43.590016,22.0,6.0,-65.0,21.0,38.0,-81.0,-81.0,0.0,-77.0,46.0,49.0,-33.0,4.52,-21.01,-53.22,0.3200000000000003,26.47,-58.59,-76.05,13.73,-40.71,7.799999999999997,19.39,-20.15
2025-08-13T17:07:43.594380,14.0,-2.0,-69.0,21.0,38.0,-19.0,4.0,-33.0,-20.0,42.0,28.0,13.0,-3.4800000000000004,-29.01,-57.22,0.3200000000000003,26.47,3.41,8.95,-19.27,16.29,3.799999999999997,-1.6099999999999994,25.85
2025-08-13T17:07:43.602230,43.0,-58.0,-59.0,-3.0,-15.0,-58.0,-36.0,-12.0,-22.0,3.0,55.0,19.0,25.52,-85.01,-47.22,-23.68,-26.53,-35.59,-31.05,1.7300000000000004,14.29,-35.2,25.39,31.85
2025-08-13T17:07:43.606636,35.0,-45.0,-30.0,-15.0,18.0,6.0,-30.0,22.0,-111.0,105.0,56.0,-67.0,17.52,-72.01,-18.22,-35.68,6.470000000000001,28.41,-25.05,35.730000000000004,-74.71000000000001,66.8,26.39,-54.15
2025-08-13T17:07:43.614710,57.0,-31.0,-23.0,-7.0,-36.0,-28.0,-28.0,5.0,-76.0,23.0,-33.0,-87.0,39.519999999999996,-58.010000000000005,-11.22,-27.68,-47.53,-5.59,-23.05,18.73,-39.71,-15.200000000000003,-62.61,-74.15
2025-08-13T17:07:43.618911,66.0,13.0,32.0,-40.0,21.0,-64.0,-26.0,1.0,-90.0,36.0,62.0,-68.0,48.519999999999996,-14.010000000000002,43.78,-60.68,9.47,-41.59,-21.05,14.73,-53.71,-2.200000000000003,32.39,-55.15
2025-08-13T17:07:43.622998,-8.0,38.0,52.0,-34.0,-41.0,-46.0,24.0,-55.0,-10.0,16.0,33.0,-37.0,-25.48,10.989999999999998,63.78,-54.68,-52.53,-23.59,28.95,-41.269999999999996,26.29,-22.200000000000003,3.3900000000000006,-24.15
2025-08-13T17:07:43.631838,-61.0,53.0,-20.0,-26.0,-45.0,-60.0,-22.0,-61.0,-12.0,37.0,-49.0,-38.0,-78.48,25.99,-8.22,-46.68,-56.53,-37.59,-17.05,-47.269999999999996,24.29,-1.2000000000000028,-78.61,-25.15
2025-08-13T17:07:43.636118,3.0,1.0,-40.0,3.0,71.0,-68.0,-49.0,5.0,19.0,112.0,13.0,-21.0,-14.48,-26.01,-28.22,-17.68,59.47,-45.59,-44.05,18.73,55.29,73.8,-16.61,-8.15
2025-08-13T17:07:43.644175,35.0,-10.0,-12.0,-71.0,65.0,-17.0,-107.0,-32.0,-59.0,43.0,15.0,-51.0,17.52,-37.010000000000005,-0.22000000000000064,-91.68,53.47,5.41,-102.05,-18.27,-22.71,4.799999999999997,-14.61,-38.15
2025-08-13T17:07:43.648365,55.0,31.0,-36.0,3.0,26.0,-37.0,41.0,12.0,-32.0,30.0,95.0,-8.0,37.519999999999996,3.9899999999999984,-24.22,-17.68,14.47,-14.59,45.95,25.73,4.289999999999999,-8.200000000000003,65.39,4.85
2025-08-13T17:07:43.656119,21.0,-9.0,-75.0,31.0,-4.0,-80.0,-54.0,20.0,-82.0,55.0,43.0,-13.0,3.5199999999999996,-36.010000000000005,-63.22,10.32,-15.53,-57.59,-49.05,33.730000000000004,-45.71,16.799999999999997,13.39,-0.15000000000000036
2025-08-13T17:07:43.663894,70.0,9.0,-1.0,13.0,-13.0,-78.0,31.0,8.0,-25.0,-38.0,11.0,-9.0,52.519999999999996,-18.01,10.78,-7.68,-24.53,-55.59,35.95,21.73,11.29,-76.2,-18.61,3.8499999999999996
2025-08-13T17:07:43.669243,81.0,15.0,23.0,27.0,-17.0,-22.0,-26.0,57.0,-28.0,-1.0,47.0,92.0,63.519999999999996,-12.010000000000002,34.78,6.32,-28.53,0.41000000000000014,-21.05,70.73,8.29,-39.2,17.39,104.85
2025-08-13T17:07:43.675264,84.0,15.0,-35.0,61.0,-9.0,-8.0,30.0,-11.0,-45.0,55.0,72.0,-8.0,66.52,-12.010000000000002,-23.22,40.32,-20.53,14.41,34.95,2.7300000000000004,-8.71,16.799999999999997,42.39,4.85
2025-08-13T17:07:43.680587,62.0,-5.0,-38.0,29.0,39.0,-54.0,5.0,-66.0,-37.0,82.0,50.0,-55.0,44.519999999999996,-32.010000000000005,-26.22,8.32,27.47,-31.59,9.95,-52.269999999999996,-0.7100000000000009,43.8,20.39,-42.15
2025-08-13T17:07:43.685094,88.0,57.0,-35.0,50.0,-8.0,20.0,-3.0,11.0,-42.0,106.0,82.0,-55.0,70.52,29.99,-23.22,29.32,-19.53,42.41,1.9500000000000002,24.73,-5.710000000000001,67.8,52.39,-42.15
2025-08-13T17:07:43.692718,69.0,27.0,11.0,-43.0,32.0,-94.0,2.0,21.0,-71.0,76.0,85.0,-47.0,51.519999999999996,-0.010000000000001563,22.78,-63.68,20.47,-71.59,6.95,34.730000000000004,-34.71,37.8,55.39,-34.15
2025-08-13T17:07:43.697135,53.0,41.0,-105.0,39.0,45.0,-37.0,-2.0,-42.0,-12.0,60.0,30.0,-6.0,35.519999999999996,13.989999999999998,-93.22,18.32,33.47,-14.59,2.95,-28.27,24.29,21.799999999999997,0.39000000000000057,6.85
2025-08-13T17:07:43.704901,-45.0,92.0,-27.0,23.0,39.0,-18.0,-34.0,0.0,-54.0,-4.0,49.0,-59.0,-62.480000000000004,64.99,-15.22,2.3200000000000003,27.47,4.41,-29.05,13.73,-17.71,-42.2,19.39,-46.15
2025-08-13T17:07:43.709354,65.0,20.0,-61.0,28.0,-105.0,-65.0,-16.0,20.0,-11.0,86.0,29.0,-77.0,47.519999999999996,-7.010000000000002,-49.22,7.32,-116.53,-42.59,-11.05,33.730000000000004,25.29,47.8,-0.6099999999999994,-64.15
2025-08-13T17:07:43.717409,40.0,-36.0,-21.0,15.0,7.0,-21.0,-7.0,-7.0,-51.0,133.0,-12.0,-27.0,22.52,-63.010000000000005,-9.22,-5.68,-4.529999999999999,1.4100000000000001,-2.05,6.73,-14.71,94.8,-41.61,-14.15
2025-08-13T17:07:43.722263,1.0,-46.0,58.0,19.0,-12.0,-17.0,-23.0,-62.0,-66.0,51.0,63.0,-21.0,-16.48,-73.01,69.78,-1.6799999999999997,-23.53,5.41,-18.05,-48.269999999999996,-29.71,12.799999999999997,33.39,-8.15
2025-08-13T17:07:43.729463,45.0,31.0,60.0,18.0,-35.0,-28.0,22.0,-7.0,-21.0,51.0,-43.0,-13.0,27.52,3.9899999999999984,71.78,-2.6799999999999997,-46.53,-5.59,26.95,6.73,15.29,12.799999999999997,-72.61,-0.15000000000000036
2025-08-13T17:07:43.734634,39.0,2.0,35.0,17.0,28.0,13.0,34.0,-21.0,-73.0,48.0,57.0,-20.0,21.52,-25.01,46.78,-3.6799999999999997,16.47,35.41,38.95,-7.27,-36.71,9.799999999999997,27.39,-7.15
2025-08-13T17:07:43.741687,5.0,80.0,0.0,47.0,-28.0,-33.0,43.0,-18.0,-69.0,-36.0,35.0,-35.0,-12.48,52.989999999999995,11.78,26.32,-39.53,-10.59,47.95,-4.27,-32.71,-74.2,5.390000000000001,-22.15
2025-08-13T17:07:43.746736,24.0,28.0,-83.0,61.0,33.0,-1.0,3.0,-122.0,-50.0,75.0,68.0,-49.0,6.52,0.9899999999999984,-71.22,40.32,21.47,21.41,7.95,-108.27,-13.71,36.8,38.39,-36.15
2025-08-13T17:07:43.754164,26.0,42.0,27.0,-34.0,-24.0,-28.0,68.0,7.0,12.0,55.0,19.0,41.0,8.52,14.989999999999998,38.78,-54.68,-35.53,-5.59,72.95,20.73,48.29,16.799999999999997,-10.61,53.85
2025-08-13T17:07:43.759713,-38.0,34.0,-27.0,-13.0,-1.0,-29.0,14.0,3.0,-29.0,60.0,72.0,-77.0,-55.480000000000004,6.989999999999998,-15.22,-33.68,-12.53,-6.59,18.95,16.73,7.289999999999999,21.799999999999997,42.39,-64.15
2025-08-13T17:07:43.766280,39.0,86.0,-82.0,81.0,65.0,-51.0,-21.0,56.0,7.0,18.0,57.0,-13.0,21.52,58.989999999999995,-70.22,60.32,53.47,-28.59,-16.05,69.73,43.29,-20.200000000000003,27.39,-0.15000000000000036
2025-08-13T17:07:43.771160,53.0,19.0,7.0,55.0,-14.0,-15.0,-6.0,17.0,-16.0,39.0,25.0,-84.0,35.519999999999996,-8.010000000000002,18.78,34.32,-25.53,7.41,-1.0499999999999998,30.73,20.29,0.7999999999999972,-4.609999999999999,-71.15
2025-08-13T17:07:43.778537,56.0,-5.0,-10.0,30.0,65.0,36.0,-42.0,-22.0,-22.0,1.0,-19.0,35.0,38.519999999999996,-32.010000000000005,1.7799999999999994,9.32,53.47,58.41,-37.05,-8.27,14.29,-37.2,-48.61,47.85
2025-08-13T17:07:43.782912,34.0,30.0,-11.0,8.0,27.0,-23.0,38.0,-37.0,-72.0,57.0,48.0,27.0,16.52,2.9899999999999984,0.7799999999999994,-12.68,15.47,-0.5899999999999999,42.95,-23.27,-35.71,18.799999999999997,18.39,39.85
2025-08-13T17:07:43.790858,27.0,25.0,-76.0,7.0,19.0,-10.0,28.0,-61.0,-35.0,95.0,38.0,-22.0,9.52,-2.0100000000000016,-64.22,-13.68,7.470000000000001,12.41,32.95,-47.269999999999996,1.2899999999999991,56.8,8.39,-9.15
2025-08-13T17:07:43.795432,14.0,-10.0,-34.0,34.0,15.0,-16.0,-29.0,-11.0,-12.0,103.0,-9.0,-85.0,-3.4800000000000004,-37.010000000000005,-22.22,13.32,3.4700000000000006,6.41,-24.05,2.7300000000000004,24.29,64.8,-38.61,-72.15
2025-08-13T17:07:43.803246,-7.0,13.0,-38.0,12.0,17.0,-107.0,-11.0,35.0,-66.0,24.0,37.0,-44.0,-24.48,-14.010000000000002,-26.22,-8.68,5.470000000000001,-84.59,-6.05,48.730000000000004,-29.71,-14.200000000000003,7.390000000000001,-31.15
2025-08-13T17:07:43.807657,42.0,-49.0,-32.0,8.0,29.0,-93.0,-17.0,29.0,-24.0,97.0,7.0,-9.0,24.52,-76.01,-20.22,-12.68,17.47,-70.59,-12.05,42.730000000000004,12.29,58.8,-22.61,3.8499999999999996
2025-08-13T17:07:43.815626,18.0,-9.0,-51.0,50.0,-1.0,-58.0,34.0,-1.0,-63.0,121.0,-5.0,-27.0,0.5199999999999996,-36.010000000000005,-39.22,29.32,-12.53,-35.59,38.95,12.73,-26.71,82.8,-34.61,-14.15
2025-08-13T17:07:43.819976,-24.0,28.0,-4.0,-24.0,20.0,-24.0,28.0,64.0,-66.0,1.0,-36.0,0.0,-41.480000000000004,0.9899999999999984,7.779999999999999,-44.68,8.47,-1.5899999999999999,32.95,77.73,-29.71,-37.2,-65.61,12.85
2025-08-13T17:07:43.827777,20.0,30.0,-29.0,-38.0,12.0,-53.0,-58.0,30.0,-22.0,60.0,-23.0,9.0,2.5199999999999996,2.9899999999999984,-17.22,-58.68,0.47000000000000064,-30.59,-53.05,43.730000000000004,14.29,21.799999999999997,-52.61,21.85
2025-08-13T17:07:43.832156,104.0,29.0,35.0,16.0,27.0,-52.0,-23.0,-33.0,-41.0,48.0,67.0,-3.0,86.52,1.9899999999999984,46.78,-4.68,15.47,-29.59,-18.05,-19.27,-4.710000000000001,9.799999999999997,37.39,9.85
2025-08-13T17:07:43.840201,8.0,-22.0,-37.0,10.0,82.0,-31.0,-15.0,12.0,-55.0,-6.0,15.0,-21.0,-9.48,-49.010000000000005,-25.22,-10.68,70.47,-8.59,-10.05,25.73,-18.71,-44.2,-14.61,-8.15
2025-08-13T17:07:43.844665,-48.0,67.0,-21.0,15.0,23.0,-45.0,45.0,-85.0,-27.0,58.0,153.0,-73.0,-65.48,39.989999999999995,-9.22,-5.68,11.47,-22.59,49.95,-71.27,9.29,19.799999999999997,123.39,-60.15
2025-08-13T17:07:43.852169,58.0,31.0,-15.0,34.0,27.0,-26.0,8.0,-52.0,-28.0,31.0,48.0,-34.0,40.519999999999996,3.9899999999999984,-3.2200000000000006,13.32,15.47,-3.59,12.95,-38.269999999999996,8.29,-7.200000000000003,18.39,-21.15
2025-08-13T17:07:43.856648,-27.0,62.0,23.0,-54.0,22.0,-34.0,-51.0,67.0,10.0,37.0,-24.0,24.0,-44.480000000000004,34.989999999999995,34.78,-74.68,10.47,-11.59,-46.05,80.73,46.29,-1.2000000000000028,-53.61,36.85
2025-08-13T17:07:43.864347,16.0,46.0,14.0,31.0,-41.0,-66.0,-50.0,4.0,-60.0,13.0,104.0,-6.0,-1.4800000000000004,18.99,25.78,10.32,-52.53,-43.59,-45.05,17.73,-23.71,-25.200000000000003,74.39,6.85
2025-08-13T17:07:43.868981,36.0,4.0,-43.0,-27.0,37.0,-47.0,-14.0,-38.0,-46.0,41.0,14.0,29.0,18.52,-23.01,-31.22,-47.68,25.47,-24.59,-9.05,-24.27,-9.71,2.799999999999997,-15.61,41.85
2025-08-13T17:07:43.877037,49.0,-13.0,-50.0,-11.0,53.0,-27.0,89.0,29.0,-18.0,-52.0,65.0,20.0,31.52,-40.010000000000005,-38.22,-31.68,41.47,-4.59,93.95,42.730000000000004,18.29,-90.2,35.39,32.85
2025-08-13T17:07:43.881547,54.0,-8.0,5.0,-23.0,23.0,-87.0,-65.0,-107.0,-61.0,60.0,20.0,15.0,36.519999999999996,-35.010000000000005,16.78,-43.68,11.47,-64.59,-60.05,-93.27,-24.71,21.799999999999997,-9.61,27.85
2025-08-13T17:07:43.889340,38.0,-6.0,-38.0,-6.0,-27.0,-71.0,-55.0,-13.0,-65.0,47.0,83.0,-42.0,20.52,-33.010000000000005,-26.22,-26.68,-38.53,-48.59,-50.05,0.7300000000000004,-28.71,8.799999999999997,53.39,-29.15
2025-08-13T17:07:43.893667,40.0,-47.0,24.0,7.0,55.0,-59.0,-41.0,-12.0,-32.0,42.0,-11.0,-48.0,22.52,-74.01,35.78,-13.68,43.47,-36.59,-36.05,1.7300000000000004,4.289999999999999,3.799999999999997,-40.61,-35.15
2025-08-13T17:07:43.901346,29.0,-44.0,-19.0,27.0,-2.0,-46.0,30.0,-41.0,-39.0,-28.0,16.0,-46.0,11.52,-71.01,-7.220000000000001,6.32,-13.53,-23.59,34.95,-27.27,-2.710000000000001,-66.2,-13.61,-33.15
2025-08-13T17:07:43.905985,-53.0,75.0,26.0,47.0,7.0,-25.0,-37.0,-12.0,-35.0,73.0,35.0,-21.0,-70.48,47.989999999999995,37.78,26.32,-4.529999999999999,-2.59,-32.05,1.7300000000000004,1.2899999999999991,34.8,5.390000000000001,-8.15
2025-08-13T17:07:43.913717,30.0,7.0,-25.0,20.0,6.0,-70.0,-27.0,-13.0,25.0,27.0,-15.0,-37.0,12.52,-20.01,-13.22,-0.6799999999999997,-5.529999999999999,-47.59,-22.05,0.7300000000000004,61.29,-11.200000000000003,-44.61,-24.15
2025-08-13T17:07:43.917857,-1.0,2.0,-54.0,-11.0,-27.0,-37.0,-67.0,1.0,-64.0,8.0,37.0,34.0,-18.48,-25.01,-42.22,-31.68,-38.53,-14.59,-62.05,14.73,-27.71,-30.200000000000003,7.390000000000001,46.85
2025-08-13T17:07:43.924013,-17.0,45.0,-17.0,24.0,44.0,-91.0,-36.0,25.0,-60.0,-14.0,4.0,-13.0,-34.480000000000004,17.99,-5.220000000000001,3.3200000000000003,32.47,-68.59,-31.05,38.730000000000004,-23.71,-52.2,-25.61,-0.15000000000000036
2025-08-13T17:07:43.930742,-58.0,29.0,-66.0,36.0,42.0,-64.0,17.0,65.0,-83.0,50.0,18.0,18.0,-75.48,1.9899999999999984,-54.22,15.32,30.47,-41.59,21.95,78.73,-46.71,11.799999999999997,-11.61,30.85
2025-08-13T17:07:43.936186,-38.0,42.0,-14.0,35.0,-1.0,-39.0,19.0,-27.0,-105.0,38.0,75.0,66.0,-55.480000000000004,14.989999999999998,-2.2200000000000006,14.32,-12.53,-16.59,23.95,-13.27,-68.71000000000001,-0.20000000000000284,45.39,78.85
2025-08-13T17:07:43.942624,-24.0,-5.0,-16.0,74.0,23.0,-75.0,-30.0,-13.0,-38.0,-10.0,-42.0,27.0,-41.480000000000004,-32.010000000000005,-4.220000000000001,53.32,11.47,-52.59,-25.05,0.7300000000000004,-1.7100000000000009,-48.2,-71.61,39.85
2025-08-13T17:07:43.947945,103.0,54.0,-69.0,15.0,22.0,-61.0,76.0,-61.0,-48.0,47.0,15.0,-14.0,85.52,26.99,-57.22,-5.68,10.47,-38.59,80.95,-47.269999999999996,-11.71,8.799999999999997,-14.61,-1.1500000000000004
2025-08-13T17:07:43.954850,-25.0,-26.0,-21.0,-18.0,-46.0,-12.0,26.0,-8.0,-15.0,-7.0,80.0,-112.0,-42.480000000000004,-53.010000000000005,-9.22,-38.68,-57.53,10.41,30.95,5.73,21.29,-45.2,50.39,-99.15
2025-08-13T17:07:43.959823,62.0,-30.0,-52.0,10.0,8.0,-11.0,-22.0,-46.0,-40.0,99.0,56.0,-18.0,44.519999999999996,-57.010000000000005,-40.22,-10.68,-3.5299999999999994,11.41,-17.05,-32.269999999999996,-3.710000000000001,60.8,26.39,-5.15
2025-08-13T17:07:43.967160,27.0,-19.0,62.0,23.0,-16.0,-16.0,-25.0,-1.0,-64.0,69.0,-11.0,-32.0,9.52,-46.010000000000005,73.78,2.3200000000000003,-27.53,6.41,-20.05,12.73,-27.71,30.799999999999997,-40.61,-19.15
2025-08-13T17:07:43.971203,3.0,-31.0,62.0,12.0,14.0,3.0,39.0,-19.0,-52.0,23.0,-30.0,-22.0,-14.48,-58.010000000000005,73.78,-8.68,2.4700000000000006,25.41,43.95,-5.27,-15.71,-15.200000000000003,-59.61,-9.15
2025-08-13T17:07:43.979406,-3.0,-42.0,-11.0,19.0,57.0,-62.0,27.0,75.0,-45.0,83.0,24.0,-14.0,-20.48,-69.01,0.7799999999999994,-1.6799999999999997,45.47,-39.59,31.95,88.73,-8.71,44.8,-5.609999999999999,-1.1500000000000004
2025-08-13T17:07:43.983505,-17.0,2.0,23.0,-4.0,10.0,-17.0,3.0,-1.0,-58.0,-25.0,-32.0,-48.0,-34.480000000000004,-25.01,34.78,-24.68,-1.5299999999999994,5.41,7.95,12.73,-21.71,-63.2,-61.61,-35.15
2025-08-13T17:07:43.991559,16.0,20.0,53.0,17.0,44.0,-15.0,13.0,-52.0,-33.0,6.0,45.0,-37.0,-1.4800000000000004,-7.010000000000002,64.78,-3.6799999999999997,32.47,7.41,17.95,-38.269999999999996,3.289999999999999,-32.2,15.39,-24.15
2025-08-13T17:07:43.996524,22.0,34.0,-30.0,15.0,-26.0,-13.0,-69.0,-12.0,-86.0,69.0,48.0,-4.0,4.52,6.989999999999998,-18.22,-5.68,-37.53,9.41,-64.05,1.7300000000000004,-49.71,30.799999999999997,18.39,8.85
2025-08-13T17:07:44.003751,-41.0,30.0,-18.0,1.0,35.0,-8.0,-11.0,-59.0,-22.0,67.0,91.0,-4.0,-58.480000000000004,2.9899999999999984,-6.220000000000001,-19.68,23.47,14.41,-6.05,-45.269999999999996,14.29,28.799999999999997,61.39,8.85
2025-08-13T17:07:44.008122,42.0,31.0,12.0,16.0,36.0,-41.0,-5.0,0.0,-83.0,78.0,38.0,-33.0,24.52,3.9899999999999984,23.78,-4.68,24.47,-18.59,-0.04999999999999982,13.73,-46.71,39.8,8.39,-20.15
2025-08-13T17:07:44.016272,50.0,78.0,16.0,-2.0,-25.0,-2.0,43.0,-39.0,-30.0,4.0,-39.0,51.0,32.519999999999996,50.989999999999995,27.78,-22.68,-36.53,20.41,47.95,-25.27,6.289999999999999,-34.2,-68.61,63.85
2025-08-13T17:07:44.020567,36.0,45.0,-22.0,-13.0,4.0,-56.0,-49.0,1.0,-17.0,37.0,46.0,-11.0,18.52,17.99,-10.22,-33.68,-7.529999999999999,-33.59,-44.05,14.73,19.29,-1.2000000000000028,16.39,1.8499999999999996
2025-08-13T17:07:44.028250,-59.0,94.0,2.0,18.0,-17.0,1.0,-4.0,2.0,-45.0,54.0,-1.0,2.0,-76.48,66.99,13.78,-2.6799999999999997,-28.53,23.41,0.9500000000000002,15.73,-8.71,15.799999999999997,-30.61,14.85
2025-08-13T17:07:44.032706,11.0,52.0,14.0,-29.0,24.0,-36.0,7.0,1.0,6.0,52.0,32.0,91.0,-6.48,24.99,25.78,-49.68,12.47,-13.59,11.95,14.73,42.29,13.799999999999997,2.3900000000000006,103.85
2025-08-13T17:07:44.040570,-7.0,5.0,39.0,40.0,60.0,-34.0,-48.0,23.0,-14.0,-13.0,38.0,-3.0,-24.48,-22.01,50.78,19.32,48.47,-11.59,-43.05,36.730000000000004,22.29,-51.2,8.39,9.85
2025-08-13T17:07:44.045110,55.0,21.0,24.0,-22.0,32.0,-30.0,-9.0,44.0,-41.0,0.0,34.0,-31.0,37.519999999999996,-6.010000000000002,35.78,-42.68,20.47,-7.59,-4.05,57.730000000000004,-4.710000000000001,-38.2,4.390000000000001,-18.15
2025-08-13T17:07:44.052775,9.0,15.0,5.0,-8.0,22.0,-43.0,-40.0,19.0,-87.0,-27.0,13.0,-32.0,-8.48,-12.010000000000002,16.78,-28.68,10.47,-20.59,-35.05,32.730000000000004,-50.71,-65.2,-16.61,-19.15
2025-08-13T17:07:44.057262,65.0,-7.0,-10.0,-30.0,53.0,-62.0,-64.0,-15.0,-11.0,24.0,38.0,-11.0,47.519999999999996,-34.010000000000005,1.7799999999999994,-50.68,41.47,-39.59,-59.05,-1.2699999999999996,25.29,-14.200000000000003,8.39,1.8499999999999996
2025-08-13T17:07:44.065182,69.0,1.0,-51.0,-26.0,45.0,-37.0,-10.0,39.0,-96.0,44.0,108.0,15.0,51.519999999999996,-26.01,-39.22,-46.68,33.47,-14.59,-5.05,52.730000000000004,-59.71,5.799999999999997,78.39,27.85
2025-08-13T17:07:44.069692,18.0,5.0,-32.0,35.0,-16.0,-16.0,41.0,-11.0,21.0,-30.0,21.0,-3.0,0.5199999999999996,-22.01,-20.22,14.32,-27.53,6.41,45.95,2.7300000000000004,57.29,-68.2,-8.61,9.85
2025-08-13T17:07:44.077375,89.0,75.0,44.0,57.0,42.0,10.0,16.0,-88.0,-43.0,64.0,48.0,-47.0,71.52,47.989999999999995,55.78,36.32,30.47,32.41,20.95,-74.27,-6.710000000000001,25.799999999999997,18.39,-34.15
2025-08-13T17:07:44.081750,14.0,61.0,1.0,-59.0,3.0,-26.0,37.0,42.0,3.0,57.0,25.0,-58.0,-3.4800000000000004,33.989999999999995,12.78,-79.68,-8.53,-3.59,41.95,55.730000000000004,39.29,18.799999999999997,-4.609999999999999,-45.15
2025-08-13T17:07:44.089739,100.0,26.0,-55.0,-26.0,76.0,-63.0,46.0,-76.0,28.0,1.0,91.0,-26.0,82.52,-1.0100000000000016,-43.22,-46.68,64.47,-40.59,50.95,-62.269999999999996,64.28999999999999,-37.2,61.39,-13.15
2025-08-13T17:07:44.094150,13.0,-35.0,-1.0,22.0,-4.0,-50.0,-1.0,-13.0,-34.0,24.0,19.0,-39.0,-4.48,-62.010000000000005,10.78,1.3200000000000003,-15.53,-27.59,3.95,0.7300000000000004,2.289999999999999,-14.200000000000003,-10.61,-26.15
2025-08-13T17:07:44.101971,42.0,54.0,-47.0,31.0,16.0,-57.0,-3.0,-38.0,-3.0,121.0,73.0,-19.0,24.52,26.99,-35.22,10.32,4.470000000000001,-34.59,1.9500000000000002,-24.27,33.29,82.8,43.39,-6.15
2025-08-13T17:07:44.106422,49.0,36.0,35.0,-21.0,-28.0,4.0,18.0,-29.0,-57.0,22.0,-7.0,-58.0,31.52,8.989999999999998,46.78,-41.68,-39.53,26.41,22.95,-15.27,-20.71,-16.200000000000003,-36.61,-45.15
2025-08-13T17:07:44.110541,-9.0,-24.0,87.0,-6.0,-50.0,10.0,1.0,-28.0,-40.0,-14.0,5.0,11.0,-26.48,-51.010000000000005,98.78,-26.68,-61.53,32.41,5.95,-14.27,-3.710000000000001,-52.2,-24.61,23.85
2025-08-13T17:07:44.118498,19.0,-55.0,22.0,-6.0,25.0,-59.0,3.0,49.0,-45.0,-9.0,7.0,-18.0,1.5199999999999996,-82.01,33.78,-26.68,13.47,-36.59,7.95,62.730000000000004,-8.71,-47.2,-22.61,-5.15
2025-08-13T17:07:44.123311,59.0,-22.0,15.0,32.0,27.0,16.0,-19.0,-82.0,-48.0,62.0,-25.0,26.0,41.519999999999996,-49.010000000000005,26.78,11.32,15.47,38.41,-14.05,-68.27,-11.71,23.799999999999997,-54.61,38.85
2025-08-13T17:07:44.130715,1.0,19.0,31.0,94.0,44.0,-35.0,-18.0,-35.0,27.0,19.0,32.0,16.0,-16.48,-8.010000000000002,42.78,73.32,32.47,-12.59,-13.05,-21.27,63.29,-19.200000000000003,2.3900000000000006,28.85
2025-08-13T17:07:44.135459,-1.0,-36.0,5.0,7.0,-25.0,-60.0,-23.0,-44.0,1.0,-16.0,-7.0,-79.0,-18.48,-63.010000000000005,16.78,-13.68,-36.53,-37.59,-18.05,-30.27,37.29,-54.2,-36.61,-66.15
2025-08-13T17:07:44.143072,59.0,8.0,19.0,9.0,52.0,-38.0,-29.0,-13.0,21.0,-4.0,94.0,-53.0,41.519999999999996,-19.01,30.78,-11.68,40.47,-15.59,-24.05,0.7300000000000004,57.29,-42.2,64.39,-40.15
2025-08-13T17:07:44.147899,10.0,22.0,34.0,44.0,4.0,-37.0,25.0,2.0,-84.0,18.0,21.0,-40.0,-7.48,-5.010000000000002,45.78,23.32,-7.529999999999999,-14.59,29.95,15.73,-47.71,-20.200000000000003,-8.61,-27.15
2025-08-13T17:07:44.155521,-25.0,12.0,20.0,33.0,25.0,17.0,-43.0,-4.0,-20.0,34.0,47.0,-28.0,-42.480000000000004,-15.010000000000002,31.78,12.32,13.47,39.41,-38.05,9.73,16.29,-4.200000000000003,17.39,-15.15
2025-08-13T17:07:44.160279,4.0,54.0,-41.0,80.0,54.0,20.0,-38.0,-42.0,-57.0,79.0,50.0,-5.0,-13.48,26.99,-29.22,59.32,42.47,42.41,-33.05,-28.27,-20.71,40.8,20.39,7.85
2025-08-13T17:07:44.167763,-24.0,-15.0,-30.0,-22.0,-5.0,5.0,-30.0,-7.0,-64.0,79.0,2.0,19.0,-41.480000000000004,-42.010000000000005,-18.22,-42.68,-16.53,27.41,-25.05,6.73,-27.71,40.8,-27.61,31.85
2025-08-13T17:07:44.171985,1.0,43.0,-40.0,3.0,-54.0,-48.0,-46.0,1.0,-28.0,75.0,54.0,-25.0,-16.48,15.989999999999998,-28.22,-17.68,-65.53,-25.59,-41.05,14.73,8.29,36.8,24.39,-12.15
2025-08-13T17:07:44.180085,56.0,-23.0,-31.0,3.0,27.0,-53.0,-9.0,-28.0,-20.0,32.0,14.0,-49.0,38.519999999999996,-50.010000000000005,-19.22,-17.68,15.47,-30.59,-4.05,-14.27,16.29,-6.200000000000003,-15.61,-36.15
2025-08-13T17:07:44.184326,-26.0,56.0,-42.0,-48.0,3.0,-46.0,-14.0,19.0,-26.0,-28.0,24.0,4.0,-43.480000000000004,28.99,-30.22,-68.68,-8.53,-23.59,-9.05,32.730000000000004,10.29,-66.2,-5.609999999999999,16.85
2025-08-13T17:07:44.192134,-35.0,23.0,-27.0,35.0,-53.0,-38.0,4.0,9.0,-50.0,82.0,10.0,-30.0,-52.480000000000004,-4.010000000000002,-15.22,14.32,-64.53,-15.59,8.95,22.73,-13.71,43.8,-19.61,-17.15
2025-08-13T17:07:44.196730,-1.0,24.0,-48.0,-10.0,-15.0,-63.0,43.0,46.0,-77.0,38.0,112.0,-52.0,-18.48,-3.0100000000000016,-36.22,-30.68,-26.53,-40.59,47.95,59.730000000000004,-40.71,-0.20000000000000284,82.39,-39.15
2025-08-13T17:07:44.204571,78.0,21.0,-19.0,33.0,-78.0,-46.0,8.0,-64.0,-118.0,26.0,82.0,-5.0,60.519999999999996,-6.010000000000002,-7.220000000000001,12.32,-89.53,-23.59,12.95,-50.269999999999996,-81.71000000000001,-12.200000000000003,52.39,7.85
2025-08-13T17:07:44.208811,15.0,-55.0,-20.0,-27.0,-18.0,-4.0,0.0,-24.0,-27.0,27.0,19.0,4.0,-2.4800000000000004,-82.01,-8.22,-47.68,-29.53,18.41,4.95,-10.27,9.29,-11.200000000000003,-10.61,16.85
2025-08-13T17:07:44.216694,-6.0,-37.0,-21.0,21.0,55.0,12.0,-36.0,-52.0,-30.0,75.0,13.0,-47.0,-23.48,-64.01,-9.22,0.3200000000000003,43.47,34.41,-31.05,-38.269999999999996,6.289999999999999,36.8,-16.61,-34.15
2025-08-13T17:07:44.221241,9.0,-64.0,12.0,8.0,33.0,-19.0,-50.0,-37.0,-61.0,18.0,68.0,-18.0,-8.48,-91.01,23.78,-12.68,21.47,3.41,-45.05,-23.27,-24.71,-20.200000000000003,38.39,-5.15
2025-08-13T17:07:44.228984,34.0,15.0,43.0,5.0,-3.0,-65.0,-70.0,-18.0,-59.0,24.0,39.0,-11.0,16.52,-12.010000000000002,54.78,-15.68,-14.53,-42.59,-65.05,-4.27,-22.71,-14.200000000000003,9.39,1.8499999999999996
2025-08-13T17:07:44.233362,58.0,-50.0,-1.0,50.0,-11.0,-25.0,20.0,-49.0,-33.0,-70.0,66.0,54.0,40.519999999999996,-77.01,10.78,29.32,-22.53,-2.59,24.95,-35.269999999999996,3.289999999999999,-108.2,36.39,66.85
2025-08-13T17:07:44.241312,0.0,-18.0,37.0,-20.0,-30.0,8.0,-7.0,-53.0,-31.0,14.0,31.0,-69.0,-17.48,-45.010000000000005,48.78,-40.68,-41.53,30.41,-2.05,-39.269999999999996,5.289999999999999,-24.200000000000003,1.3900000000000006,-56.15
2025-08-13T17:07:44.245794,-15.0,5.0,76.0,-7.0,-19.0,-86.0,41.0,15.0,-6.0,-1.0,17.0,-12.0,-32.480000000000004,-22.01,87.78,-27.68,-30.53,-63.59,45.95,28.73,30.29,-39.2,-12.61,0.8499999999999996
2025-08-13T17:07:44.253764,68.0,36.0,-45.0,14.0,42.0,-65.0,-17.0,57.0,-11.0,12.0,0.0,-16.0,50.519999999999996,8.989999999999998,-33.22,-6.68,30.47,-42.59,-12.05,70.73,25.29,-26.200000000000003,-29.61,-3.1500000000000004
2025-08-13T17:07:44.257808,8.0,-53.0,14.0,95.0,8.0,-13.0,33.0,-6.0,2.0,53.0,91.0,-33.0,-9.48,-80.01,25.78,74.32,-3.5299999999999994,9.41,37.95,7.73,38.29,14.799999999999997,61.39,-20.15
2025-08-13T17:07:44.265757,-41.0,-14.0,5.0,-12.0,-22.0,-110.0,7.0,1.0,-24.0,33.0,39.0,-38.0,-58.480000000000004,-41.010000000000005,16.78,-32.68,-33.53,-87.59,11.95,14.73,12.29,-5.200000000000003,9.39,-25.15
2025-08-13T17:07:44.270300,-16.0,-72.0,-49.0,6.0,6.0,-93.0,-49.0,29.0,-56.0,-10.0,3.0,38.0,-33.480000000000004,-99.01,-37.22,-14.68,-5.529999999999999,-70.59,-44.05,42.730000000000004,-19.71,-48.2,-26.61,50.85
2025-08-13T17:07:44.274252,7.0,-25.0,44.0,-10.0,8.0,0.0,15.0,2.0,20.0,62.0,15.0,-18.0,-10.48,-52.010000000000005,55.78,-30.68,-3.5299999999999994,22.41,19.95,15.73,56.29,23.799999999999997,-14.61,-5.15
2025-08-13T17:07:44.282570,-25.0,14.0,8.0,77.0,44.0,-35.0,21.0,40.0,-1.0,34.0,46.0,-24.0,-42.480000000000004,-13.010000000000002,19.78,56.32,32.47,-12.59,25.95,53.730000000000004,35.29,-4.200000000000003,16.39,-11.15
2025-08-13T17:07:44.286607,52.0,-13.0,24.0,7.0,2.0,-22.0,-21.0,-22.0,-11.0,16.0,36.0,41.0,34.519999999999996,-40.010000000000005,35.78,-13.68,-9.53,0.41000000000000014,-16.05,-8.27,25.29,-22.200000000000003,6.390000000000001,53.85
2025-08-13T17:07:44.294670,1.0,-45.0,16.0,-28.0,-23.0,14.0,-25.0,-42.0,-38.0,57.0,39.0,-36.0,-16.48,-72.01,27.78,-48.68,-34.53,36.41,-20.05,-28.27,-1.7100000000000009,18.799999999999997,9.39,-23.15
2025-08-13T17:07:44.299284,6.0,16.0,0.0,-8.0,16.0,-31.0,-3.0,-13.0,-45.0,11.0,4.0,-52.0,-11.48,-11.010000000000002,11.78,-28.68,4.470000000000001,-8.59,1.9500000000000002,0.7300000000000004,-8.71,-27.200000000000003,-25.61,-39.15
2025-08-13T17:07:44.306972,-14.0,70.0,-27.0,-3.0,-24.0,-32.0,-3.0,6.0,-61.0,-25.0,1.0,3.0,-31.48,42.989999999999995,-15.22,-23.68,-35.53,-9.59,1.9500000000000002,19.73,-24.71,-63.2,-28.61,15.85
2025-08-13T17:07:44.311144,-11.0,19.0,-26.0,-3.0,-45.0,-12.0,3.0,-23.0,-55.0,14.0,-10.0,18.0,-28.48,-8.010000000000002,-14.22,-23.68,-56.53,10.41,7.95,-9.27,-18.71,-24.200000000000003,-39.61,30.85
2025-08-13T17:07:44.319202,21.0,-19.0,-13.0,85.0,54.0,-23.0,55.0,-19.0,-97.0,57.0,25.0,14.0,3.5199999999999996,-46.010000000000005,-1.2200000000000006,64.32,42.47,-0.5899999999999999,59.95,-5.27,-60.71,18.799999999999997,-4.609999999999999,26.85
2025-08-13T17:07:44.323451,42.0,-37.0,-16.0,-1.0,-16.0,-23.0,21.0,-42.0,-19.0,16.0,6.0,2.0,24.52,-64.01,-4.220000000000001,-21.68,-27.53,-0.5899999999999999,25.95,-28.27,17.29,-22.200000000000003,-23.61,14.85
2025-08-13T17:07:44.331495,15.0,60.0,-1.0,31.0,-21.0,-40.0,-37.0,-68.0,9.0,-16.0,54.0,25.0,-2.4800000000000004,32.989999999999995,10.78,10.32,-32.53,-17.59,-32.05,-54.269999999999996,45.29,-54.2,24.39,37.85
2025-08-13T17:07:44.335738,14.0,32.0,7.0,5.0,5.0,-13.0,45.0,-27.0,9.0,42.0,69.0,-16.0,-3.4800000000000004,4.989999999999998,18.78,-15.68,-6.529999999999999,9.41,49.95,-13.27,45.29,3.799999999999997,39.39,-3.1500000000000004
2025-08-13T17:07:44.343666,21.0,8.0,-16.0,30.0,-18.0,-4.0,17.0,-62.0,-73.0,-4.0,81.0,-42.0,3.5199999999999996,-19.01,-4.220000000000001,9.32,-29.53,18.41,21.95,-48.269999999999996,-36.71,-42.2,51.39,-29.15
2025-08-13T17:07:44.348067,17.0,12.0,29.0,75.0,9.0,-35.0,-36.0,1.0,-2.0,72.0,38.0,-7.0,-0.4800000000000004,-15.010000000000002,40.78,54.32,-2.5299999999999994,-12.59,-31.05,14.73,34.29,33.8,8.39,5.85
2025-08-13T17:07:44.355933,-17.0,34.0,9.0,37.0,-31.0,-35.0,-65.0,44.0,16.0,47.0,57.0,27.0,-34.480000000000004,6.989999999999998,20.78,16.32,-42.53,-12.59,-60.05,57.730000000000004,52.29,8.799999999999997,27.39,39.85
2025-08-13T17:07:44.360337,-32.0,35.0,-71.0,72.0,-9.0,-58.0,-29.0,-21.0,-51.0,99.0,19.0,-41.0,-49.480000000000004,7.989999999999998,-59.22,51.32,-20.53,-35.59,-24.05,-7.27,-14.71,60.8,-10.61,-28.15
2025-08-13T17:07:44.368229,16.0,14.0,25.0,45.0,0.0,-24.0,24.0,-32.0,-10.0,74.0,5.0,18.0,-1.4800000000000004,-13.010000000000002,36.78,24.32,-11.53,-1.5899999999999999,28.95,-18.27,26.29,35.8,-24.61,30.85
2025-08-13T17:07:44.372777,11.0,-12.0,-16.0,30.0,14.0,-55.0,-15.0,2.0,-27.0,52.0,49.0,-30.0,-6.48,-39.010000000000005,-4.220000000000001,9.32,2.4700000000000006,-32.59,-10.05,15.73,9.29,13.799999999999997,19.39,-17.15
2025-08-13T17:07:44.380688,39.0,64.0,-57.0,-43.0,72.0,60.0,49.0,-46.0,-11.0,41.0,11.0,-1.0,21.52,36.989999999999995,-45.22,-63.68,60.47,82.41,53.95,-32.269999999999996,25.29,2.799999999999997,-18.61,11.85
2025-08-13T17:07:44.385136,28.0,-43.0,-104.0,40.0,22.0,-5.0,-13.0,50.0,-43.0,75.0,26.0,4.0,10.52,-70.01,-92.22,19.32,10.47,17.41,-8.05,63.730000000000004,-6.710000000000001,36.8,-3.6099999999999994,16.85
2025-08-13T17:07:44.393032,2.0,5.0,-31.0,-29.0,-21.0,-59.0,26.0,1.0,-33.0,17.0,32.0,-7.0,-15.48,-22.01,-19.22,-49.68,-32.53,-36.59,30.95,14.73,3.289999999999999,-21.200000000000003,2.3900000000000006,5.85
2025-08-13T17:07:44.397969,78.0,-60.0,-95.0,23.0,-59.0,-17.0,-27.0,-23.0,-33.0,19.0,26.0,-44.0,60.519999999999996,-87.01,-83.22,2.3200000000000003,-70.53,5.41,-22.05,-9.27,3.289999999999999,-19.200000000000003,-3.6099999999999994,-31.15
2025-08-13T17:07:44.405306,89.0,-7.0,-10.0,26.0,-1.0,27.0,-3.0,19.0,-53.0,33.0,-32.0,-10.0,71.52,-34.010000000000005,1.7799999999999994,5.32,-12.53,49.41,1.9500000000000002,32.730000000000004,-16.71,-5.200000000000003,-61.61,2.8499999999999996
2025-08-13T17:07:44.410024,82.0,-39.0,-35.0,-45.0,29.0,28.0,28.0,-13.0,5.0,96.0,51.0,-18.0,64.52,-66.01,-23.22,-65.68,17.47,50.41,32.95,0.7300000000000004,41.29,57.8,21.39,-5.15
2025-08-13T17:07:44.417556,0.0,93.0,11.0,27.0,52.0,-11.0,10.0,-21.0,-74.0,-4.0,-5.0,15.0,-17.48,65.99,22.78,6.32,40.47,11.41,14.95,-7.27,-37.71,-42.2,-34.61,27.85
2025-08-13T17:07:44.422242,18.0,-41.0,-17.0,65.0,61.0,-36.0,-27.0,-74.0,-16.0,67.0,8.0,-23.0,0.5199999999999996,-68.01,-5.220000000000001,44.32,49.47,-13.59,-22.05,-60.269999999999996,20.29,28.799999999999997,-21.61,-10.15
2025-08-13T17:07:44.430188,82.0,-22.0,-36.0,29.0,-5.0,-42.0,17.0,19.0,24.0,19.0,69.0,-28.0,64.52,-49.010000000000005,-24.22,8.32,-16.53,-19.59,21.95,32.730000000000004,60.29,-19.200000000000003,39.39,-15.15
2025-08-13T17:07:44.434543,-15.0,45.0,-4.0,-39.0,5.0,-52.0,-22.0,-4.0,-46.0,17.0,92.0,-54.0,-32.480000000000004,17.99,7.779999999999999,-59.68,-6.529999999999999,-29.59,-17.05,9.73,-9.71,-21.200000000000003,62.39,-41.15
2025-08-13T17:07:44.442151,6.0,20.0,-45.0,-54.0,-17.0,11.0,-27.0,18.0,-65.0,88.0,101.0,-59.0,-11.48,-7.010000000000002,-33.22,-74.68,-28.53,33.41,-22.05,31.73,-28.71,49.8,71.39,-46.15
2025-08-13T17:07:44.446954,0.0,76.0,-63.0,-9.0,51.0,-3.0,66.0,15.0,-89.0,139.0,47.0,-9.0,-17.48,48.989999999999995,-51.22,-29.68,39.47,19.41,70.95,28.73,-52.71,100.8,17.39,3.8499999999999996
2025-08-13T17:07:44.457406,26.0,31.0,-57.0,10.0,-16.0,48.0,7.0,-7.0,-51.0,32.0,4.0,-27.0,8.52,3.9899999999999984,-45.22,-10.68,-27.53,70.41,11.95,6.73,-14.71,-6.200000000000003,-25.61,-14.15
