timestamp,x1,y1,z1,x2,y2,z2,x3,y3,z3,x4,y4,z4,x1_calib,y1_calib,z1_calib,x2_calib,y2_calib,z2_calib,x3_calib,y3_calib,z3_calib,x4_calib,y4_calib,z4_calib
2025-08-11T18:35:32.077994,45.0,1.0,11.0,-39.0,69.0,-24.0,-21.0,-60.0,67.0,-24.0,-24.0,13.0,39.84,-34.11,2.4000000000000004,-35.1,14.36,-3.460000000000001,-16.93,-56.29,77.05,-6.09,-40.25,18.33
2025-08-11T18:35:32.085548,-7.0,-20.0,-21.0,18.0,68.0,-7.0,-18.0,37.0,-26.0,4.0,23.0,14.0,-12.16,-55.11,-29.6,21.9,13.36,13.54,-13.93,40.71,-15.95,21.91,6.75,19.33
2025-08-11T18:35:32.090060,37.0,55.0,10.0,9.0,108.0,48.0,-15.0,34.0,-7.0,1.0,13.0,-23.0,31.84,19.89,1.4000000000000004,12.9,53.36,68.53999999999999,-10.93,37.71,3.0500000000000007,18.91,-3.25,-17.67
2025-08-11T18:35:32.097984,-20.0,38.0,-48.0,-52.0,38.0,58.0,-35.0,-5.0,-19.0,-22.0,46.0,53.0,-25.16,2.8900000000000006,-56.6,-48.1,-16.64,78.53999999999999,-30.93,-1.29,-8.95,-4.09,29.75,58.33
2025-08-11T18:35:32.103492,-33.0,30.0,56.0,-51.0,66.0,-6.0,18.0,-20.0,-35.0,-74.0,-19.0,-48.0,-38.16,-5.109999999999999,47.4,-47.1,11.36,14.54,22.07,-16.29,-24.95,-56.09,-35.25,-42.67
2025-08-11T18:35:32.110217,-28.0,7.0,62.0,-2.0,76.0,-49.0,-17.0,8.0,-19.0,-52.0,98.0,0.0,-33.16,-28.11,53.4,1.9,21.36,-28.46,-12.93,11.71,-8.95,-34.09,81.75,5.33
2025-08-11T18:35:32.115072,21.0,47.0,107.0,-54.0,76.0,-37.0,-63.0,31.0,16.0,-49.0,90.0,-18.0,15.84,11.89,98.4,-50.1,21.36,-16.46,-58.93,34.71,26.05,-31.09,73.75,-12.67
2025-08-11T18:35:32.122330,-54.0,79.0,-55.0,-26.0,49.0,21.0,-16.0,-45.0,-21.0,-32.0,66.0,15.0,-59.16,43.89,-63.6,-22.1,-5.640000000000001,41.54,-11.93,-41.29,-10.95,-14.09,49.75,20.33
2025-08-11T18:35:32.126703,-37.0,69.0,-46.0,-27.0,28.0,20.0,-45.0,22.0,-12.0,-1.0,53.0,-22.0,-42.16,33.89,-54.6,-23.1,-26.64,40.54,-40.93,25.71,-1.9499999999999993,16.91,36.75,-16.67
2025-08-11T18:35:32.134870,23.0,95.0,-19.0,-23.0,128.0,-14.0,-60.0,17.0,-38.0,6.0,16.0,-12.0,17.84,59.89,-27.6,-19.1,73.36,6.539999999999999,-55.93,20.71,-27.95,23.91,-0.25,-6.67
2025-08-11T18:35:32.139263,31.0,-3.0,54.0,-14.0,57.0,11.0,-13.0,20.0,-22.0,-7.0,4.0,0.0,25.84,-38.11,45.4,-10.1,2.3599999999999994,31.54,-8.93,23.71,-11.95,10.91,-12.25,5.33
2025-08-11T18:35:32.147162,29.0,-31.0,-47.0,25.0,105.0,-24.0,3.0,-38.0,-7.0,-36.0,-75.0,-31.0,23.84,-66.11,-55.6,28.9,50.36,-3.460000000000001,7.07,-34.29,3.0500000000000007,-18.09,-91.25,-25.67
2025-08-11T18:35:32.151533,34.0,-6.0,76.0,-3.0,56.0,33.0,-3.0,42.0,-34.0,-20.0,19.0,-10.0,28.84,-41.11,67.4,0.8999999999999999,1.3599999999999994,53.54,1.0700000000000003,45.71,-23.95,-2.09,2.75,-4.67
2025-08-11T18:35:32.159269,93.0,-13.0,54.0,-40.0,70.0,-50.0,41.0,37.0,-40.0,-85.0,-8.0,28.0,87.84,-48.11,45.4,-36.1,15.36,-29.46,45.07,40.71,-29.95,-67.09,-24.25,33.33
2025-08-11T18:35:32.163908,-14.0,96.0,98.0,-21.0,28.0,-45.0,33.0,-86.0,-1.0,-46.0,61.0,-39.0,-19.16,60.89,89.4,-17.1,-26.64,-24.46,37.07,-82.29,9.05,-28.09,44.75,-33.67
2025-08-11T18:35:32.171563,-45.0,4.0,56.0,-18.0,58.0,-3.0,61.0,-59.0,-17.0,-50.0,58.0,-38.0,-50.16,-31.11,47.4,-14.1,3.3599999999999994,17.54,65.07,-55.29,-6.949999999999999,-32.09,41.75,-32.67
2025-08-11T18:35:32.176296,95.0,56.0,61.0,-37.0,69.0,-9.0,-14.0,-48.0,16.0,-42.0,-12.0,-78.0,89.84,20.89,52.4,-33.1,14.36,11.54,-9.93,-44.29,26.05,-24.09,-28.25,-72.67
2025-08-11T18:35:32.183686,27.0,20.0,52.0,-3.0,91.0,-12.0,-44.0,-18.0,6.0,-39.0,9.0,4.0,21.84,-15.11,43.4,0.8999999999999999,36.36,8.54,-39.93,-14.29,16.05,-21.09,-7.25,9.33
2025-08-11T18:35:32.188410,-43.0,83.0,-13.0,-41.0,114.0,-18.0,-4.0,-13.0,-13.0,-43.0,-19.0,-30.0,-48.16,47.89,-21.6,-37.1,59.36,2.539999999999999,0.07000000000000028,-9.29,-2.9499999999999993,-25.09,-35.25,-24.67
2025-08-11T18:35:32.196041,-79.0,107.0,25.0,53.0,86.0,-31.0,-27.0,-11.0,31.0,-53.0,18.0,20.0,-84.16,71.89,16.4,56.9,31.36,-10.46,-22.93,-7.29,41.05,-35.09,1.75,25.33
2025-08-11T18:35:32.200347,38.0,52.0,9.0,24.0,13.0,-16.0,19.0,43.0,-34.0,15.0,86.0,-29.0,32.84,16.89,0.40000000000000036,27.9,-41.64,4.539999999999999,23.07,46.71,-23.95,32.91,69.75,-23.67
2025-08-11T18:35:32.208246,53.0,-16.0,-47.0,-26.0,127.0,-29.0,64.0,87.0,-1.0,-3.0,0.0,6.0,47.84,-51.11,-55.6,-22.1,72.36,-8.46,68.07,90.71,9.05,14.91,-16.25,11.33
2025-08-11T18:35:32.213195,51.0,12.0,-27.0,3.0,-7.0,-56.0,-62.0,-21.0,-58.0,-14.0,-25.0,4.0,45.84,-23.11,-35.6,6.9,-61.64,-35.46,-57.93,-17.29,-47.95,3.91,-41.25,9.33
2025-08-11T18:35:32.217526,44.0,23.0,18.0,5.0,50.0,6.0,38.0,75.0,28.0,-14.0,57.0,0.0,38.84,-12.11,9.4,8.9,-4.640000000000001,26.54,42.07,78.71,38.05,3.91,40.75,5.33
2025-08-11T18:35:32.225288,-10.0,69.0,-45.0,-69.0,135.0,-28.0,-43.0,29.0,-31.0,-31.0,-23.0,-10.0,-15.16,33.89,-53.6,-65.1,80.36,-7.460000000000001,-38.93,32.71,-20.95,-13.09,-39.25,-4.67
2025-08-11T18:35:32.232813,-12.0,27.0,56.0,-6.0,72.0,14.0,-26.0,-30.0,13.0,-43.0,1.0,36.0,-17.16,-8.11,47.4,-2.1,17.36,34.54,-21.93,-26.29,23.05,-25.09,-15.25,41.33
2025-08-11T18:35:32.237467,76.0,6.0,5.0,2.0,10.0,7.0,-2.0,-30.0,92.0,39.0,29.0,-75.0,70.84,-29.11,-3.5999999999999996,5.9,-44.64,27.54,2.0700000000000003,-26.29,102.05,56.91,12.75,-69.67
2025-08-11T18:35:32.242191,-5.0,-17.0,63.0,5.0,75.0,-23.0,-54.0,67.0,-8.0,-87.0,55.0,9.0,-10.16,-52.11,54.4,8.9,20.36,-2.460000000000001,-49.93,70.71,2.0500000000000007,-69.09,38.75,14.33
2025-08-11T18:35:32.249814,70.0,78.0,46.0,29.0,4.0,-36.0,-8.0,24.0,-25.0,4.0,75.0,-47.0,64.84,42.89,37.4,32.9,-50.64,-15.46,-3.9299999999999997,27.71,-14.95,21.91,58.75,-41.67
2025-08-11T18:35:32.254364,69.0,10.0,68.0,6.0,57.0,-10.0,-7.0,1.0,8.0,-34.0,0.0,21.0,63.84,-25.11,59.4,9.9,2.3599999999999994,10.54,-2.9299999999999997,4.71,18.05,-16.09,-16.25,26.33
2025-08-11T18:35:32.261704,3.0,-10.0,47.0,-45.0,136.0,42.0,-8.0,42.0,12.0,-16.0,27.0,14.0,-2.16,-45.11,38.4,-41.1,81.36,62.54,-3.9299999999999997,45.71,22.05,1.9100000000000001,10.75,19.33
2025-08-11T18:35:32.266264,-34.0,2.0,63.0,8.0,51.0,-22.0,-9.0,-52.0,-5.0,-16.0,24.0,88.0,-39.16,-33.11,54.4,11.9,-3.6400000000000006,-1.4600000000000009,-4.93,-48.29,5.050000000000001,1.9100000000000001,7.75,93.33
2025-08-11T18:35:32.273970,-44.0,25.0,9.0,-19.0,23.0,11.0,-35.0,9.0,-2.0,2.0,22.0,42.0,-49.16,-10.11,0.40000000000000036,-15.1,-31.64,31.54,-30.93,12.71,8.05,19.91,5.75,47.33
2025-08-11T18:35:32.278551,-25.0,32.0,-34.0,-6.0,54.0,10.0,-46.0,22.0,-54.0,-50.0,21.0,-23.0,-30.16,-3.1099999999999994,-42.6,-2.1,-0.6400000000000006,30.54,-41.93,25.71,-43.95,-32.09,4.75,-17.67
2025-08-11T18:35:32.286418,-13.0,49.0,-4.0,-11.0,-7.0,-42.0,-93.0,70.0,1.0,0.0,30.0,-48.0,-18.16,13.89,-12.6,-7.1,-61.64,-21.46,-88.93,73.71,11.05,17.91,13.75,-42.67
2025-08-11T18:35:32.290852,-33.0,65.0,27.0,-42.0,46.0,-29.0,-13.0,-2.0,7.0,-36.0,76.0,17.0,-38.16,29.89,18.4,-38.1,-8.64,-8.46,-8.93,1.71,17.05,-18.09,59.75,22.33
2025-08-11T18:35:32.298730,11.0,77.0,-35.0,22.0,44.0,-40.0,-21.0,68.0,42.0,10.0,46.0,-32.0,5.84,41.89,-43.6,25.9,-10.64,-19.46,-16.93,71.71,52.05,27.91,29.75,-26.67
2025-08-11T18:35:32.302871,-25.0,51.0,-48.0,-47.0,18.0,-50.0,15.0,11.0,-36.0,-27.0,-42.0,-90.0,-30.16,15.89,-56.6,-43.1,-36.64,-29.46,19.07,14.71,-25.95,-9.09,-58.25,-84.67
2025-08-11T18:35:32.310897,40.0,-14.0,-10.0,-22.0,67.0,-3.0,10.0,6.0,-6.0,-13.0,61.0,51.0,34.84,-49.11,-18.6,-18.1,12.36,17.54,14.07,9.71,4.050000000000001,4.91,44.75,56.33
2025-08-11T18:35:32.315807,-20.0,18.0,14.0,-34.0,52.0,-68.0,10.0,-23.0,1.0,29.0,-9.0,-40.0,-25.16,-17.11,5.4,-30.1,-2.6400000000000006,-47.46,14.07,-19.29,11.05,46.91,-25.25,-34.67
2025-08-11T18:35:32.323221,48.0,40.0,-89.0,-15.0,-6.0,-17.0,10.0,10.0,19.0,18.0,30.0,53.0,42.84,4.890000000000001,-97.6,-11.1,-60.64,3.539999999999999,14.07,13.71,29.05,35.91,13.75,58.33
2025-08-11T18:35:32.327779,33.0,-61.0,-75.0,-32.0,143.0,-63.0,-31.0,-2.0,-8.0,30.0,46.0,-40.0,27.84,-96.11,-83.6,-28.1,88.36,-42.46,-26.93,1.71,2.0500000000000007,47.91,29.75,-34.67
2025-08-11T18:35:32.335389,46.0,33.0,-10.0,39.0,14.0,0.0,30.0,-30.0,47.0,11.0,-14.0,-15.0,40.84,-2.1099999999999994,-18.6,42.9,-40.64,20.54,34.07,-26.29,57.05,28.91,-30.25,-9.67
2025-08-11T18:35:32.340126,24.0,61.0,38.0,4.0,38.0,-65.0,-3.0,-21.0,-2.0,-113.0,-26.0,-25.0,18.84,25.89,29.4,7.9,-16.64,-44.46,1.0700000000000003,-17.29,8.05,-95.09,-42.25,-19.67
2025-08-11T18:35:32.347695,28.0,63.0,73.0,37.0,7.0,-20.0,-13.0,-40.0,20.0,-54.0,-45.0,-1.0,22.84,27.89,64.4,40.9,-47.64,0.5399999999999991,-8.93,-36.29,30.05,-36.09,-61.25,4.33
2025-08-11T18:35:32.351754,-46.0,61.0,55.0,-27.0,46.0,-26.0,18.0,-37.0,37.0,11.0,11.0,-11.0,-51.16,25.89,46.4,-23.1,-8.64,-5.460000000000001,22.07,-33.29,47.05,28.91,-5.25,-5.67
2025-08-11T18:35:32.360029,0.0,-16.0,69.0,-31.0,64.0,-30.0,-41.0,-2.0,-29.0,-33.0,-45.0,-10.0,-5.16,-51.11,60.4,-27.1,9.36,-9.46,-36.93,1.71,-18.95,-15.09,-61.25,-4.67
2025-08-11T18:35:32.364607,6.0,-33.0,76.0,-1.0,69.0,14.0,-51.0,-26.0,-43.0,-29.0,-15.0,60.0,0.8399999999999999,-68.11,67.4,2.9,14.36,34.54,-46.93,-22.29,-32.95,-11.09,-31.25,65.33
2025-08-11T18:35:32.372053,1.0,57.0,11.0,-28.0,58.0,-5.0,10.0,59.0,-7.0,-53.0,72.0,-9.0,-4.16,21.89,2.4000000000000004,-24.1,3.3599999999999994,15.54,14.07,62.71,3.0500000000000007,-35.09,55.75,-3.67
2025-08-11T18:35:32.376904,5.0,15.0,33.0,-14.0,51.0,-88.0,-41.0,17.0,-3.0,-13.0,89.0,-3.0,-0.16000000000000014,-20.11,24.4,-10.1,-3.6400000000000006,-67.46000000000001,-36.93,20.71,7.050000000000001,4.91,72.75,2.33
2025-08-11T18:35:32.381460,3.0,-11.0,-44.0,41.0,41.0,-79.0,53.0,-28.0,7.0,16.0,-10.0,46.0,-2.16,-46.11,-52.6,44.9,-13.64,-58.46,57.07,-24.29,17.05,33.91,-26.25,51.33
2025-08-11T18:35:32.388989,-63.0,68.0,42.0,1.0,81.0,53.0,-41.0,2.0,-22.0,-31.0,39.0,0.0,-68.16,32.89,33.4,4.9,26.36,73.53999999999999,-36.93,5.71,-11.95,-13.09,22.75,5.33
2025-08-11T18:35:32.393576,-50.0,9.0,71.0,37.0,52.0,42.0,21.0,82.0,5.0,-30.0,6.0,-7.0,-55.16,-26.11,62.4,40.9,-2.6400000000000006,62.54,25.07,85.71,15.05,-12.09,-10.25,-1.67
2025-08-11T18:35:32.401012,-29.0,-50.0,46.0,3.0,74.0,9.0,-15.0,51.0,-1.0,2.0,-2.0,4.0,-34.16,-85.11,37.4,6.9,19.36,29.54,-10.93,54.71,9.05,19.91,-18.25,9.33
2025-08-11T18:35:32.405997,-11.0,-27.0,8.0,22.0,35.0,4.0,-74.0,16.0,17.0,3.0,28.0,-44.0,-16.16,-62.11,-0.5999999999999996,25.9,-19.64,24.54,-69.93,19.71,27.05,20.91,11.75,-38.67
2025-08-11T18:35:32.413558,26.0,-1.0,-42.0,-19.0,68.0,-28.0,-16.0,-1.0,-80.0,-24.0,88.0,-22.0,20.84,-36.11,-50.6,-15.1,13.36,-7.460000000000001,-11.93,2.71,-69.95,-6.09,71.75,-16.67
2025-08-11T18:35:32.418225,-71.0,-5.0,35.0,11.0,-24.0,11.0,3.0,31.0,14.0,-39.0,43.0,-31.0,-76.16,-40.11,26.4,14.9,-78.64,31.54,7.07,34.71,24.05,-21.09,26.75,-25.67
2025-08-11T18:35:32.425726,34.0,34.0,16.0,-43.0,39.0,-27.0,-1.0,39.0,-36.0,-61.0,95.0,-76.0,28.84,-1.1099999999999994,7.4,-39.1,-15.64,-6.460000000000001,3.0700000000000003,42.71,-25.95,-43.09,78.75,-70.67
2025-08-11T18:35:32.430667,-38.0,48.0,34.0,-54.0,2.0,-56.0,-15.0,42.0,-59.0,-25.0,31.0,-22.0,-43.16,12.89,25.4,-50.1,-52.64,-35.46,-10.93,45.71,-48.95,-7.09,14.75,-16.67
2025-08-11T18:35:32.437905,-45.0,50.0,26.0,-14.0,37.0,14.0,-8.0,13.0,-38.0,24.0,21.0,16.0,-50.16,14.89,17.4,-10.1,-17.64,34.54,-3.9299999999999997,16.71,-27.95,41.91,4.75,21.33
2025-08-11T18:35:32.442413,-22.0,-4.0,57.0,15.0,56.0,-9.0,-9.0,5.0,20.0,-8.0,43.0,-15.0,-27.16,-39.11,48.4,18.9,1.3599999999999994,11.54,-4.93,8.71,30.05,9.91,26.75,-9.67
2025-08-11T18:35:32.450321,-31.0,56.0,-17.0,-7.0,99.0,-24.0,-10.0,-16.0,-23.0,-24.0,-57.0,-59.0,-36.16,20.89,-25.6,-3.1,44.36,-3.460000000000001,-5.93,-12.29,-12.95,-6.09,-73.25,-53.67
2025-08-11T18:35:32.454251,-31.0,88.0,48.0,-8.0,28.0,-83.0,-41.0,34.0,-47.0,-13.0,61.0,-13.0,-36.16,52.89,39.4,-4.1,-26.64,-62.46,-36.93,37.71,-36.95,4.91,44.75,-7.67
2025-08-11T18:35:32.462303,-46.0,-46.0,-20.0,-28.0,25.0,-21.0,-73.0,-7.0,-2.0,-15.0,-68.0,-16.0,-51.16,-81.11,-28.6,-24.1,-29.64,-0.46000000000000085,-68.93,-3.29,8.05,2.91,-84.25,-10.67
2025-08-11T18:35:32.467012,-3.0,73.0,-6.0,-19.0,22.0,-30.0,-69.0,50.0,16.0,-37.0,-5.0,22.0,-8.16,37.89,-14.6,-15.1,-32.64,-9.46,-64.93,53.71,26.05,-19.09,-21.25,27.33
2025-08-11T18:35:32.474804,-12.0,2.0,21.0,29.0,6.0,-50.0,9.0,-24.0,44.0,-58.0,-3.0,-22.0,-17.16,-33.11,12.4,32.9,-48.64,-29.46,13.07,-20.29,54.05,-40.09,-19.25,-16.67
2025-08-11T18:35:32.479444,12.0,91.0,8.0,-96.0,-28.0,-45.0,-68.0,28.0,13.0,10.0,128.0,-15.0,6.84,55.89,-0.5999999999999996,-92.1,-82.64,-24.46,-63.93,31.71,23.05,27.91,111.75,-9.67
2025-08-11T18:35:32.486815,-27.0,-16.0,24.0,-36.0,89.0,25.0,1.0,53.0,-41.0,68.0,44.0,-60.0,-32.16,-51.11,15.4,-32.1,34.36,45.54,5.07,56.71,-30.95,85.91,27.75,-54.67
2025-08-11T18:35:32.491314,-26.0,55.0,48.0,-9.0,51.0,-31.0,53.0,-16.0,6.0,-21.0,26.0,12.0,-31.16,19.89,39.4,-5.1,-3.6400000000000006,-10.46,57.07,-12.29,16.05,-3.09,9.75,17.33
2025-08-11T18:35:32.499072,-51.0,70.0,-10.0,20.0,46.0,53.0,23.0,32.0,-24.0,-10.0,-35.0,3.0,-56.16,34.89,-18.6,23.9,-8.64,73.53999999999999,27.07,35.71,-13.95,7.91,-51.25,8.33
2025-08-11T18:35:32.503566,-5.0,19.0,-5.0,-83.0,46.0,-34.0,9.0,74.0,9.0,-5.0,28.0,-14.0,-10.16,-16.11,-13.6,-79.1,-8.64,-13.46,13.07,77.71,19.05,12.91,11.75,-8.67
2025-08-11T18:35:32.511585,-21.0,44.0,-30.0,13.0,82.0,-84.0,-69.0,-24.0,-17.0,36.0,10.0,11.0,-26.16,8.89,-38.6,16.9,27.36,-63.46,-64.93,-20.29,-6.949999999999999,53.91,-6.25,16.33
2025-08-11T18:35:32.516263,-37.0,30.0,-46.0,60.0,43.0,15.0,-69.0,-28.0,-7.0,41.0,-17.0,-7.0,-42.16,-5.109999999999999,-54.6,63.9,-11.64,35.54,-64.93,-24.29,3.0500000000000007,58.91,-33.25,-1.67
2025-08-11T18:35:32.523683,-9.0,40.0,-52.0,37.0,76.0,-38.0,-21.0,36.0,-27.0,-59.0,66.0,14.0,-14.16,4.890000000000001,-60.6,40.9,21.36,-17.46,-16.93,39.71,-16.95,-41.09,49.75,19.33
2025-08-11T18:35:32.528308,12.0,39.0,-44.0,-44.0,30.0,-17.0,-29.0,-35.0,-42.0,4.0,48.0,12.0,6.84,3.8900000000000006,-52.6,-40.1,-24.64,3.539999999999999,-24.93,-31.29,-31.95,21.91,31.75,17.33
2025-08-11T18:35:32.536113,-45.0,23.0,64.0,-47.0,80.0,-62.0,17.0,36.0,-24.0,-36.0,74.0,-34.0,-50.16,-12.11,55.4,-43.1,25.36,-41.46,21.07,39.71,-13.95,-18.09,57.75,-28.67
2025-08-11T18:35:32.540763,-27.0,20.0,19.0,-17.0,108.0,-65.0,26.0,-49.0,-4.0,26.0,-6.0,32.0,-32.16,-15.11,10.4,-13.1,53.36,-44.46,30.07,-45.29,6.050000000000001,43.91,-22.25,37.33
2025-08-11T18:35:32.548448,-88.0,16.0,52.0,-52.0,119.0,-34.0,-11.0,-73.0,-4.0,-6.0,16.0,0.0,-93.16,-19.11,43.4,-48.1,64.36,-13.46,-6.93,-69.29,6.050000000000001,11.91,-0.25,5.33
2025-08-11T18:35:32.552899,-49.0,-18.0,30.0,46.0,53.0,-73.0,-7.0,-82.0,73.0,-48.0,37.0,-5.0,-54.16,-53.11,21.4,49.9,-1.6400000000000006,-52.46,-2.9299999999999997,-78.29,83.05,-30.09,20.75,0.33000000000000007
2025-08-11T18:35:32.560565,27.0,3.0,66.0,-75.0,77.0,-5.0,9.0,-63.0,44.0,-61.0,19.0,-24.0,21.84,-32.11,57.4,-71.1,22.36,15.54,13.07,-59.29,54.05,-43.09,2.75,-18.67
2025-08-11T18:35:32.564817,28.0,60.0,49.0,-6.0,12.0,2.0,7.0,19.0,17.0,10.0,8.0,5.0,22.84,24.89,40.4,-2.1,-42.64,22.54,11.07,22.71,27.05,27.91,-8.25,10.33
2025-08-11T18:35:32.569247,16.0,42.0,29.0,-16.0,-2.0,63.0,-24.0,-4.0,-23.0,-8.0,-9.0,-37.0,10.84,6.890000000000001,20.4,-12.1,-56.64,83.53999999999999,-19.93,-0.29000000000000004,-12.95,9.91,-25.25,-31.67
2025-08-11T18:35:32.577141,-48.0,108.0,23.0,1.0,100.0,37.0,64.0,-50.0,-1.0,14.0,15.0,36.0,-53.16,72.89,14.4,4.9,45.36,57.54,68.07,-46.29,9.05,31.91,-1.25,41.33
2025-08-11T18:35:32.581446,-49.0,61.0,13.0,80.0,73.0,4.0,27.0,-18.0,3.0,-58.0,-55.0,-20.0,-54.16,25.89,4.4,83.9,18.36,24.54,31.07,-14.29,13.05,-40.09,-71.25,-14.67
2025-08-11T18:35:32.589530,-74.0,72.0,-43.0,-50.0,54.0,-24.0,17.0,39.0,-35.0,-70.0,88.0,33.0,-79.16,36.89,-51.6,-46.1,-0.6400000000000006,-3.460000000000001,21.07,42.71,-24.95,-52.09,71.75,38.33
2025-08-11T18:35:32.597331,30.0,53.0,-55.0,24.0,102.0,-35.0,15.0,41.0,-19.0,-58.0,-38.0,-3.0,24.84,17.89,-63.6,27.9,47.36,-14.46,19.07,44.71,-8.95,-40.09,-54.25,2.33
2025-08-11T18:35:32.601597,37.0,49.0,18.0,10.0,36.0,-68.0,-13.0,-10.0,16.0,-5.0,-24.0,-107.0,31.84,13.89,9.4,13.9,-18.64,-47.46,-8.93,-6.29,26.05,12.91,-40.25,-101.67
2025-08-11T18:35:32.606720,10.0,14.0,36.0,29.0,41.0,-24.0,-12.0,-60.0,-39.0,-2.0,34.0,-1.0,4.84,-21.11,27.4,32.9,-13.64,-3.460000000000001,-7.93,-56.29,-28.95,15.91,17.75,4.33
2025-08-11T18:35:32.614533,18.0,105.0,24.0,59.0,14.0,10.0,34.0,-7.0,39.0,11.0,-47.0,-3.0,12.84,69.89,15.4,62.9,-40.64,30.54,38.07,-3.29,49.05,28.91,-63.25,2.33
2025-08-11T18:35:32.618635,-44.0,54.0,8.0,24.0,-26.0,-44.0,11.0,-15.0,36.0,-20.0,1.0,11.0,-49.16,18.89,-0.5999999999999996,27.9,-80.64,-23.46,15.07,-11.29,46.05,-2.09,-15.25,16.33
2025-08-11T18:35:32.626901,-50.0,11.0,10.0,-40.0,10.0,-3.0,33.0,25.0,-9.0,-36.0,57.0,16.0,-55.16,-24.11,1.4000000000000004,-36.1,-44.64,17.54,37.07,28.71,1.0500000000000007,-18.09,40.75,21.33
2025-08-11T18:35:32.631334,8.0,-37.0,23.0,49.0,71.0,55.0,-54.0,102.0,-55.0,-52.0,31.0,-24.0,2.84,-72.11,14.4,52.9,16.36,75.53999999999999,-49.93,105.71,-44.95,-34.09,14.75,-18.67
2025-08-11T18:35:32.638971,-33.0,73.0,18.0,-22.0,43.0,-20.0,18.0,10.0,-42.0,-22.0,9.0,-31.0,-38.16,37.89,9.4,-18.1,-11.64,0.5399999999999991,22.07,13.71,-31.95,-4.09,-7.25,-25.67
2025-08-11T18:35:32.643558,77.0,55.0,18.0,-44.0,62.0,-41.0,-3.0,-16.0,-47.0,8.0,-4.0,15.0,71.84,19.89,9.4,-40.1,7.359999999999999,-20.46,1.0700000000000003,-12.29,-36.95,25.91,-20.25,20.33
2025-08-11T18:35:32.651046,2.0,-33.0,-10.0,-19.0,46.0,-7.0,4.0,43.0,-77.0,9.0,4.0,9.0,-3.16,-68.11,-18.6,-15.1,-8.64,13.54,8.07,46.71,-66.95,26.91,-12.25,14.33
2025-08-11T18:35:32.655410,-15.0,-33.0,-54.0,-7.0,11.0,-25.0,25.0,-14.0,-69.0,4.0,-22.0,-71.0,-20.16,-68.11,-62.6,-3.1,-43.64,-4.460000000000001,29.07,-10.29,-58.95,21.91,-38.25,-65.67
2025-08-11T18:35:32.663765,-47.0,76.0,-10.0,23.0,120.0,-22.0,-67.0,-38.0,-19.0,6.0,74.0,-31.0,-52.16,40.89,-18.6,26.9,65.36,-1.4600000000000009,-62.93,-34.29,-8.95,23.91,57.75,-25.67
2025-08-11T18:35:32.668124,-31.0,94.0,0.0,18.0,77.0,-68.0,-8.0,5.0,-20.0,21.0,96.0,57.0,-36.16,58.89,-8.6,21.9,22.36,-47.46,-3.9299999999999997,8.71,-9.95,38.91,79.75,62.33
2025-08-11T18:35:32.675657,17.0,32.0,-26.0,-28.0,88.0,-59.0,33.0,28.0,-26.0,58.0,40.0,-43.0,11.84,-3.1099999999999994,-34.6,-24.1,33.36,-38.46,37.07,31.71,-15.95,75.91,23.75,-37.67
2025-08-11T18:35:32.680524,-8.0,0.0,23.0,-36.0,84.0,-7.0,-12.0,-22.0,-36.0,-82.0,-31.0,-39.0,-13.16,-35.11,14.4,-32.1,29.36,13.54,-7.93,-18.29,-25.95,-64.09,-47.25,-33.67
2025-08-11T18:35:32.687918,-10.0,48.0,-31.0,-42.0,62.0,-27.0,-4.0,44.0,-13.0,-21.0,-21.0,19.0,-15.16,12.89,-39.6,-38.1,7.359999999999999,-6.460000000000001,0.07000000000000028,47.71,-2.9499999999999993,-3.09,-37.25,24.33
2025-08-11T18:35:32.692722,63.0,39.0,-50.0,-41.0,7.0,-51.0,-16.0,56.0,-8.0,5.0,-22.0,-48.0,57.84,3.8900000000000006,-58.6,-37.1,-47.64,-30.46,-11.93,59.71,2.0500000000000007,22.91,-38.25,-42.67
2025-08-11T18:35:32.700043,84.0,-2.0,45.0,56.0,83.0,-9.0,-38.0,21.0,-45.0,10.0,22.0,4.0,78.84,-37.11,36.4,59.9,28.36,11.54,-33.93,24.71,-34.95,27.91,5.75,9.33
2025-08-11T18:35:32.704996,45.0,-10.0,61.0,-10.0,96.0,-28.0,-15.0,27.0,-28.0,-63.0,-1.0,13.0,39.84,-45.11,52.4,-6.1,41.36,-7.460000000000001,-10.93,30.71,-17.95,-45.09,-17.25,18.33
2025-08-11T18:35:32.712392,-19.0,-8.0,27.0,10.0,11.0,-34.0,-42.0,8.0,-24.0,-83.0,-4.0,-27.0,-24.16,-43.11,18.4,13.9,-43.64,-13.46,-37.93,11.71,-13.95,-65.09,-20.25,-21.67
2025-08-11T18:35:32.717021,7.0,-31.0,30.0,12.0,40.0,-15.0,34.0,26.0,-88.0,-92.0,42.0,41.0,1.8399999999999999,-66.11,21.4,15.9,-14.64,5.539999999999999,38.07,29.71,-77.95,-74.09,25.75,46.33
2025-08-11T18:35:32.724580,-24.0,13.0,21.0,-28.0,0.0,-46.0,-8.0,28.0,-98.0,-36.0,-8.0,25.0,-29.16,-22.11,12.4,-24.1,-54.64,-25.46,-3.9299999999999997,31.71,-87.95,-18.09,-24.25,30.33
2025-08-11T18:35:32.729133,-8.0,52.0,58.0,-16.0,31.0,-49.0,69.0,40.0,-59.0,-76.0,-34.0,-8.0,-13.16,16.89,49.4,-12.1,-23.64,-28.46,73.07,43.71,-48.95,-58.09,-50.25,-2.67
2025-08-11T18:35:32.736734,-16.0,32.0,32.0,28.0,86.0,-29.0,-26.0,29.0,0.0,1.0,55.0,-10.0,-21.16,-3.1099999999999994,23.4,31.9,31.36,-8.46,-21.93,32.71,10.05,18.91,38.75,-4.67
2025-08-11T18:35:32.741040,44.0,32.0,-4.0,-38.0,95.0,-4.0,17.0,62.0,-19.0,-99.0,30.0,-22.0,38.84,-3.1099999999999994,-12.6,-34.1,40.36,16.54,21.07,65.71,-8.95,-81.09,13.75,-16.67
2025-08-11T18:35:32.749110,-51.0,-7.0,26.0,20.0,28.0,-23.0,-55.0,0.0,-69.0,-40.0,28.0,-66.0,-56.16,-42.11,17.4,23.9,-26.64,-2.460000000000001,-50.93,3.71,-58.95,-22.09,11.75,-60.67
2025-08-11T18:35:32.753754,5.0,-34.0,-13.0,16.0,68.0,-53.0,-91.0,57.0,-16.0,0.0,55.0,14.0,-0.16000000000000014,-69.11,-21.6,19.9,13.36,-32.46,-86.93,60.71,-5.949999999999999,17.91,38.75,19.33
2025-08-11T18:35:32.761191,5.0,-57.0,46.0,-42.0,81.0,-77.0,7.0,55.0,-85.0,47.0,-2.0,-7.0,-0.16000000000000014,-92.11,37.4,-38.1,26.36,-56.46,11.07,58.71,-74.95,64.91,-18.25,-1.67
2025-08-11T18:35:32.765702,37.0,25.0,10.0,52.0,45.0,-42.0,-58.0,-13.0,2.0,23.0,37.0,14.0,31.84,-10.11,1.4000000000000004,55.9,-9.64,-21.46,-53.93,-9.29,12.05,40.91,20.75,19.33
2025-08-11T18:35:32.773610,43.0,2.0,1.0,-25.0,10.0,-59.0,-54.0,53.0,-5.0,56.0,-1.0,-19.0,37.84,-33.11,-7.6,-21.1,-44.64,-38.46,-49.93,56.71,5.050000000000001,73.91,-17.25,-13.67
2025-08-11T18:35:32.777811,-8.0,42.0,75.0,13.0,82.0,-73.0,-4.0,38.0,-48.0,56.0,1.0,24.0,-13.16,6.890000000000001,66.4,16.9,27.36,-52.46,0.07000000000000028,41.71,-37.95,73.91,-15.25,29.33
2025-08-11T18:35:32.782157,20.0,83.0,82.0,24.0,42.0,-5.0,-4.0,33.0,-41.0,-14.0,59.0,-32.0,14.84,47.89,73.4,27.9,-12.64,15.54,0.07000000000000028,36.71,-30.95,3.91,42.75,-26.67
2025-08-11T18:35:32.790314,32.0,7.0,63.0,-17.0,91.0,40.0,5.0,-32.0,-14.0,-10.0,31.0,-10.0,26.84,-28.11,54.4,-13.1,36.36,60.54,9.07,-28.29,-3.9499999999999993,7.91,14.75,-4.67
2025-08-11T18:35:32.794453,3.0,47.0,38.0,-23.0,45.0,25.0,27.0,17.0,18.0,15.0,-6.0,-49.0,-2.16,11.89,29.4,-19.1,-9.64,45.54,31.07,20.71,28.05,32.91,-22.25,-43.67
2025-08-11T18:35:32.802627,27.0,59.0,36.0,40.0,84.0,-80.0,-27.0,56.0,-29.0,-79.0,13.0,19.0,21.84,23.89,27.4,43.9,29.36,-59.46,-22.93,59.71,-18.95,-61.09,-3.25,24.33
2025-08-11T18:35:32.806840,28.0,41.0,22.0,-33.0,44.0,-60.0,6.0,-11.0,-22.0,53.0,29.0,-40.0,22.84,5.890000000000001,13.4,-29.1,-10.64,-39.46,10.07,-7.29,-11.95,70.91,12.75,-34.67
2025-08-11T18:35:32.814920,17.0,79.0,-24.0,8.0,33.0,-65.0,-7.0,31.0,-15.0,-35.0,30.0,-32.0,11.84,43.89,-32.6,11.9,-21.64,-44.46,-2.9299999999999997,34.71,-4.949999999999999,-17.09,13.75,-26.67
2025-08-11T18:35:32.819045,-5.0,89.0,-6.0,-4.0,35.0,-61.0,-68.0,-16.0,51.0,-3.0,29.0,-3.0,-10.16,53.89,-14.6,-0.10000000000000009,-19.64,-40.46,-63.93,-12.29,61.05,14.91,12.75,2.33
2025-08-11T18:35:32.826835,-76.0,94.0,-75.0,22.0,62.0,-7.0,8.0,-51.0,-5.0,-100.0,1.0,-21.0,-81.16,58.89,-83.6,25.9,7.359999999999999,13.54,12.07,-47.29,5.050000000000001,-82.09,-15.25,-15.67
2025-08-11T18:35:32.831389,24.0,84.0,11.0,-6.0,20.0,31.0,-18.0,-43.0,24.0,-47.0,6.0,25.0,18.84,48.89,2.4000000000000004,-2.1,-34.64,51.54,-13.93,-39.29,34.05,-29.09,-10.25,30.33
2025-08-11T18:35:32.839147,-30.0,35.0,-58.0,-7.0,27.0,22.0,-43.0,-32.0,0.0,-64.0,21.0,14.0,-35.16,-0.10999999999999943,-66.6,-3.1,-27.64,42.54,-38.93,-28.29,10.05,-46.09,4.75,19.33
2025-08-11T18:35:32.843708,2.0,62.0,37.0,14.0,82.0,5.0,10.0,19.0,9.0,7.0,-51.0,-13.0,-3.16,26.89,28.4,17.9,27.36,25.54,14.07,22.71,19.05,24.91,-67.25,-7.67
2025-08-11T18:35:32.851647,33.0,82.0,-12.0,-27.0,59.0,-11.0,-63.0,-9.0,-48.0,-31.0,25.0,-43.0,27.84,46.89,-20.6,-23.1,4.359999999999999,9.54,-58.93,-5.29,-37.95,-13.09,8.75,-37.67
2025-08-11T18:35:32.855985,61.0,69.0,-27.0,-47.0,88.0,-45.0,-55.0,-4.0,-62.0,19.0,-7.0,-37.0,55.84,33.89,-35.6,-43.1,33.36,-24.46,-50.93,-0.29000000000000004,-51.95,36.91,-23.25,-31.67
2025-08-11T18:35:32.863823,70.0,85.0,44.0,78.0,69.0,-104.0,-29.0,24.0,18.0,-12.0,36.0,-28.0,64.84,49.89,35.4,81.9,14.36,-83.46000000000001,-24.93,27.71,28.05,5.91,19.75,-22.67
2025-08-11T18:35:32.868203,9.0,-42.0,-21.0,-28.0,28.0,-63.0,-45.0,-27.0,-33.0,-21.0,-15.0,-61.0,3.84,-77.11,-29.6,-24.1,-26.64,-42.46,-40.93,-23.29,-22.95,-3.09,-31.25,-55.67
2025-08-11T18:35:32.876031,39.0,11.0,-8.0,12.0,41.0,37.0,14.0,12.0,-14.0,-20.0,67.0,-38.0,33.84,-24.11,-16.6,15.9,-13.64,57.54,18.07,15.71,-3.9499999999999993,-2.09,50.75,-32.67
2025-08-11T18:35:32.880420,-2.0,31.0,41.0,-24.0,65.0,-55.0,-51.0,36.0,14.0,-29.0,24.0,58.0,-7.16,-4.109999999999999,32.4,-20.1,10.36,-34.46,-46.93,39.71,24.05,-11.09,7.75,63.33
2025-08-11T18:35:32.888391,4.0,-27.0,13.0,1.0,36.0,-13.0,-27.0,65.0,-45.0,-121.0,65.0,-38.0,-1.1600000000000001,-62.11,4.4,4.9,-18.64,7.539999999999999,-22.93,68.71,-34.95,-103.09,48.75,-32.67
2025-08-11T18:35:32.893177,-101.0,46.0,27.0,-13.0,47.0,-35.0,-7.0,13.0,-82.0,-12.0,18.0,-19.0,-106.16,10.89,18.4,-9.1,-7.640000000000001,-14.46,-2.9299999999999997,16.71,-71.95,5.91,1.75,-13.67
2025-08-11T18:35:32.900586,-38.0,100.0,-33.0,-23.0,38.0,-64.0,36.0,74.0,-73.0,-5.0,78.0,-114.0,-43.16,64.89,-41.6,-19.1,-16.64,-43.46,40.07,77.71,-62.95,12.91,61.75,-108.67
2025-08-11T18:35:32.905213,27.0,59.0,-56.0,-10.0,29.0,-20.0,37.0,-9.0,-39.0,49.0,-61.0,-24.0,21.84,23.89,-64.6,-6.1,-25.64,0.5399999999999991,41.07,-5.29,-28.95,66.91,-77.25,-18.67
2025-08-11T18:35:32.912921,51.0,-12.0,-20.0,-11.0,63.0,-95.0,-31.0,-13.0,28.0,36.0,-4.0,91.0,45.84,-47.11,-28.6,-7.1,8.36,-74.46000000000001,-26.93,-9.29,38.05,53.91,-20.25,96.33
2025-08-11T18:35:32.917442,30.0,54.0,16.0,0.0,18.0,-74.0,-18.0,-27.0,-10.0,24.0,-3.0,57.0,24.84,18.89,7.4,3.9,-36.64,-53.46,-13.93,-23.29,0.05000000000000071,41.91,-19.25,62.33
2025-08-11T18:35:32.925179,43.0,74.0,22.0,-15.0,47.0,-113.0,-44.0,1.0,-31.0,-27.0,66.0,-38.0,37.84,38.89,13.4,-11.1,-7.640000000000001,-92.46000000000001,-39.93,4.71,-20.95,-9.09,49.75,-32.67
2025-08-11T18:35:32.929703,51.0,2.0,-18.0,-26.0,66.0,-49.0,-93.0,-8.0,-40.0,-35.0,47.0,-3.0,45.84,-33.11,-26.6,-22.1,11.36,-28.46,-88.93,-4.29,-29.95,-17.09,30.75,2.33
2025-08-11T18:35:32.937455,54.0,-1.0,30.0,13.0,101.0,14.0,-12.0,30.0,-59.0,-6.0,85.0,22.0,48.84,-36.11,21.4,16.9,46.36,34.54,-7.93,33.71,-48.95,11.91,68.75,27.33
2025-08-11T18:35:32.941616,9.0,45.0,40.0,7.0,36.0,4.0,-1.0,8.0,-58.0,-106.0,65.0,15.0,3.84,9.89,31.4,10.9,-18.64,24.54,3.0700000000000003,11.71,-47.95,-88.09,48.75,20.33
2025-08-11T18:35:32.949599,-28.0,57.0,24.0,-4.0,44.0,-43.0,-8.0,-7.0,-66.0,-22.0,45.0,-100.0,-33.16,21.89,15.4,-0.10000000000000009,-10.64,-22.46,-3.9299999999999997,-3.29,-55.95,-4.09,28.75,-94.67
2025-08-11T18:35:32.954405,-28.0,-13.0,-8.0,29.0,65.0,-19.0,-85.0,52.0,-15.0,-42.0,32.0,-28.0,-33.16,-48.11,-16.6,32.9,10.36,1.5399999999999991,-80.93,55.71,-4.949999999999999,-24.09,15.75,-22.67
2025-08-11T18:35:32.961978,2.0,40.0,90.0,1.0,31.0,-65.0,-16.0,50.0,-96.0,-10.0,78.0,-88.0,-3.16,4.890000000000001,81.4,4.9,-23.64,-44.46,-11.93,53.71,-85.95,7.91,61.75,-82.67
2025-08-11T18:35:32.966245,-53.0,36.0,-24.0,-48.0,46.0,-103.0,30.0,-40.0,-93.0,-55.0,23.0,-57.0,-58.16,0.8900000000000006,-32.6,-44.1,-8.64,-82.46000000000001,34.07,-36.29,-82.95,-37.09,6.75,-51.67
2025-08-11T18:35:32.974328,-82.0,53.0,16.0,54.0,33.0,-50.0,-32.0,24.0,21.0,-26.0,-28.0,-83.0,-87.16,17.89,7.4,57.9,-21.64,-29.46,-27.93,27.71,31.05,-8.09,-44.25,-77.67
2025-08-11T18:35:32.978867,47.0,28.0,-40.0,-33.0,-6.0,22.0,-50.0,-29.0,24.0,18.0,-14.0,-67.0,41.84,-7.109999999999999,-48.6,-29.1,-60.64,42.54,-45.93,-25.29,34.05,35.91,-30.25,-61.67
2025-08-11T18:35:32.986440,19.0,72.0,28.0,28.0,26.0,-76.0,-81.0,57.0,32.0,-34.0,-8.0,-27.0,13.84,36.89,19.4,31.9,-28.64,-55.46,-76.93,60.71,42.05,-16.09,-24.25,-21.67
2025-08-11T18:35:32.991361,61.0,51.0,-47.0,17.0,50.0,-20.0,-19.0,4.0,55.0,23.0,65.0,-36.0,55.84,15.89,-55.6,20.9,-4.640000000000001,0.5399999999999991,-14.93,7.71,65.05,40.91,48.75,-30.67
2025-08-11T18:35:32.998810,-6.0,54.0,2.0,-17.0,80.0,-10.0,15.0,36.0,-102.0,-44.0,24.0,-16.0,-11.16,18.89,-6.6,-13.1,25.36,10.54,19.07,39.71,-91.95,-26.09,7.75,-10.67
2025-08-11T18:35:33.003240,-36.0,-39.0,-49.0,13.0,50.0,-53.0,16.0,40.0,-34.0,-3.0,3.0,-11.0,-41.16,-74.11,-57.6,16.9,-4.640000000000001,-32.46,20.07,43.71,-23.95,14.91,-13.25,-5.67
2025-08-11T18:35:33.010967,-14.0,69.0,72.0,15.0,42.0,-68.0,-34.0,3.0,9.0,-1.0,23.0,-48.0,-19.16,33.89,63.4,18.9,-12.64,-47.46,-29.93,6.71,19.05,16.91,6.75,-42.67
2025-08-11T18:35:33.015384,-36.0,56.0,-30.0,-12.0,-7.0,-63.0,43.0,-45.0,-39.0,-85.0,81.0,-48.0,-41.16,20.89,-38.6,-8.1,-61.64,-42.46,47.07,-41.29,-28.95,-67.09,64.75,-42.67
2025-08-11T18:35:33.020456,54.0,-5.0,-3.0,-14.0,44.0,-72.0,12.0,33.0,-2.0,-22.0,3.0,3.0,48.84,-40.11,-11.6,-10.1,-10.64,-51.46,16.07,36.71,8.05,-4.09,-13.25,8.33
2025-08-11T18:35:33.027648,0.0,0.0,-43.0,19.0,31.0,-48.0,33.0,6.0,13.0,20.0,73.0,-46.0,-5.16,-35.11,-51.6,22.9,-23.64,-27.46,37.07,9.71,23.05,37.91,56.75,-40.67
2025-08-11T18:35:33.032028,53.0,-5.0,43.0,-34.0,-9.0,-56.0,-40.0,12.0,11.0,-26.0,-34.0,-51.0,47.84,-40.11,34.4,-30.1,-63.64,-35.46,-35.93,15.71,21.05,-8.09,-50.25,-45.67
2025-08-11T18:35:33.039855,69.0,14.0,-17.0,23.0,46.0,-26.0,24.0,-17.0,-1.0,-37.0,-6.0,-78.0,63.84,-21.11,-25.6,26.9,-8.64,-5.460000000000001,28.07,-13.29,9.05,-19.09,-22.25,-72.67
2025-08-11T18:35:33.044310,-43.0,19.0,-43.0,-34.0,34.0,-28.0,1.0,-65.0,22.0,-67.0,-35.0,6.0,-48.16,-16.11,-51.6,-30.1,-20.64,-7.460000000000001,5.07,-61.29,32.05,-49.09,-51.25,11.33
2025-08-11T18:35:33.052328,-53.0,145.0,23.0,2.0,71.0,-1.0,7.0,2.0,-10.0,59.0,-2.0,17.0,-58.16,109.89,14.4,5.9,16.36,19.54,11.07,5.71,0.05000000000000071,76.91,-18.25,22.33
2025-08-11T18:35:33.056878,-19.0,62.0,7.0,52.0,37.0,-73.0,-27.0,10.0,11.0,-92.0,-31.0,4.0,-24.16,26.89,-1.5999999999999996,55.9,-17.64,-52.46,-22.93,13.71,21.05,-74.09,-47.25,9.33
2025-08-11T18:35:33.064485,-27.0,15.0,20.0,-31.0,69.0,-87.0,12.0,41.0,-14.0,54.0,36.0,-41.0,-32.16,-20.11,11.4,-27.1,14.36,-66.46000000000001,16.07,44.71,-3.9499999999999993,71.91,19.75,-35.67
2025-08-11T18:35:33.069297,-27.0,55.0,-20.0,-24.0,54.0,-50.0,-18.0,-15.0,-13.0,-27.0,12.0,-19.0,-32.16,19.89,-28.6,-20.1,-0.6400000000000006,-29.46,-13.93,-11.29,-2.9499999999999993,-9.09,-4.25,-13.67
2025-08-11T18:35:33.076714,35.0,70.0,-2.0,-52.0,20.0,-44.0,-17.0,88.0,13.0,-44.0,88.0,-6.0,29.84,34.89,-10.6,-48.1,-34.64,-23.46,-12.93,91.71,23.05,-26.09,71.75,-0.6699999999999999
2025-08-11T18:35:33.081096,50.0,85.0,-70.0,-26.0,-11.0,-64.0,17.0,-17.0,-79.0,-80.0,-37.0,-82.0,44.84,49.89,-78.6,-22.1,-65.64,-43.46,21.07,-13.29,-68.95,-62.09,-53.25,-76.67
2025-08-11T18:35:33.089167,-18.0,9.0,43.0,8.0,14.0,-25.0,11.0,-14.0,20.0,26.0,135.0,-62.0,-23.16,-26.11,34.4,11.9,-40.64,-4.460000000000001,15.07,-10.29,30.05,43.91,118.75,-56.67
2025-08-11T18:35:33.093430,4.0,-33.0,15.0,27.0,-13.0,-30.0,-7.0,69.0,-33.0,53.0,68.0,-73.0,-1.1600000000000001,-68.11,6.4,30.9,-67.64,-9.46,-2.9299999999999997,72.71,-22.95,70.91,51.75,-67.67
2025-08-11T18:35:33.101393,62.0,-42.0,13.0,-29.0,21.0,-95.0,4.0,-21.0,-25.0,-20.0,-6.0,-49.0,56.84,-77.11,4.4,-25.1,-33.64,-74.46000000000001,8.07,-17.29,-14.95,-2.09,-22.25,-43.67
2025-08-11T18:35:33.105710,51.0,10.0,-101.0,4.0,22.0,-3.0,7.0,-50.0,5.0,-6.0,60.0,-55.0,45.84,-25.11,-109.6,7.9,-32.64,17.54,11.07,-46.29,15.05,11.91,43.75,-49.67
2025-08-11T18:35:33.113747,11.0,33.0,-115.0,-59.0,37.0,-72.0,-12.0,11.0,-28.0,-84.0,26.0,-77.0,5.84,-2.1099999999999994,-123.6,-55.1,-17.64,-51.46,-7.93,14.71,-17.95,-66.09,9.75,-71.67
2025-08-11T18:35:33.118073,1.0,41.0,4.0,1.0,68.0,-119.0,-24.0,17.0,-49.0,15.0,89.0,-53.0,-4.16,5.890000000000001,-4.6,4.9,13.36,-98.46000000000001,-19.93,20.71,-38.95,32.91,72.75,-47.67
2025-08-11T18:35:33.125788,87.0,32.0,-3.0,2.0,7.0,-54.0,-55.0,15.0,-109.0,29.0,8.0,-54.0,81.84,-3.1099999999999994,-11.6,5.9,-47.64,-33.46,-50.93,18.71,-98.95,46.91,-8.25,-48.67
2025-08-11T18:35:33.130316,39.0,14.0,4.0,5.0,88.0,-6.0,-76.0,-33.0,-41.0,-50.0,-22.0,-36.0,33.84,-21.11,-4.6,8.9,33.36,14.54,-71.93,-29.29,-30.95,-32.09,-38.25,-30.67
2025-08-11T18:35:33.138100,-21.0,5.0,-13.0,-4.0,57.0,-43.0,18.0,33.0,-11.0,6.0,-44.0,-99.0,-26.16,-30.11,-21.6,-0.10000000000000009,2.3599999999999994,-22.46,22.07,36.71,-0.9499999999999993,23.91,-60.25,-93.67
2025-08-11T18:35:33.142477,27.0,27.0,0.0,-25.0,71.0,-49.0,-42.0,-2.0,-28.0,-33.0,30.0,-60.0,21.84,-8.11,-8.6,-21.1,16.36,-28.46,-37.93,1.71,-17.95,-15.09,13.75,-54.67
2025-08-11T18:35:33.150440,-58.0,29.0,-12.0,-10.0,94.0,-32.0,-64.0,83.0,-41.0,-22.0,-32.0,-97.0,-63.16,-6.109999999999999,-20.6,-6.1,39.36,-11.46,-59.93,86.71,-30.95,-4.09,-48.25,-91.67
2025-08-11T18:35:33.154602,-33.0,35.0,-25.0,-12.0,115.0,-106.0,-1.0,-1.0,-48.0,-85.0,13.0,-29.0,-38.16,-0.10999999999999943,-33.6,-8.1,60.36,-85.46000000000001,3.0700000000000003,2.71,-37.95,-67.09,-3.25,-23.67
2025-08-11T18:35:33.162557,9.0,75.0,-19.0,30.0,53.0,-83.0,-3.0,-28.0,-39.0,-89.0,8.0,-10.0,3.84,39.89,-27.6,33.9,-1.6400000000000006,-62.46,1.0700000000000003,-24.29,-28.95,-71.09,-8.25,-4.67
2025-08-11T18:35:33.167239,13.0,77.0,-87.0,-43.0,39.0,-76.0,-15.0,66.0,-89.0,-36.0,0.0,-31.0,7.84,41.89,-95.6,-39.1,-15.64,-55.46,-10.93,69.71,-78.95,-18.09,-16.25,-25.67
2025-08-11T18:35:33.174905,3.0,-24.0,-39.0,17.0,5.0,-20.0,21.0,-18.0,-30.0,-100.0,29.0,-7.0,-2.16,-59.11,-47.6,20.9,-49.64,0.5399999999999991,25.07,-14.29,-19.95,-82.09,12.75,-1.67
2025-08-11T18:35:33.179422,40.0,45.0,-7.0,-27.0,74.0,-109.0,15.0,5.0,-32.0,-67.0,49.0,35.0,34.84,9.89,-15.6,-23.1,19.36,-88.46000000000001,19.07,8.71,-21.95,-49.09,32.75,40.33
2025-08-11T18:35:33.187203,62.0,67.0,-66.0,-63.0,45.0,-68.0,18.0,-50.0,37.0,-38.0,62.0,-75.0,56.84,31.89,-74.6,-59.1,-9.64,-47.46,22.07,-46.29,47.05,-20.09,45.75,-69.67
2025-08-11T18:35:33.191692,37.0,17.0,-46.0,30.0,78.0,-95.0,-60.0,11.0,-14.0,-86.0,25.0,-37.0,31.84,-18.11,-54.6,33.9,23.36,-74.46000000000001,-55.93,14.71,-3.9499999999999993,-68.09,8.75,-31.67
2025-08-11T18:35:33.199478,51.0,61.0,-123.0,69.0,94.0,-91.0,-2.0,-45.0,-14.0,13.0,29.0,-36.0,45.84,25.89,-131.6,72.9,39.36,-70.46000000000001,2.0700000000000003,-41.29,-3.9499999999999993,30.91,12.75,-30.67
2025-08-11T18:35:33.203783,47.0,-50.0,-5.0,5.0,102.0,-80.0,-70.0,11.0,-61.0,-14.0,-3.0,-58.0,41.84,-85.11,-13.6,8.9,47.36,-59.46,-65.93,14.71,-50.95,3.91,-19.25,-52.67
2025-08-11T18:35:33.208435,11.0,64.0,-14.0,3.0,4.0,-31.0,26.0,45.0,-38.0,-40.0,10.0,-38.0,5.84,28.89,-22.6,6.9,-50.64,-10.46,30.07,48.71,-27.95,-22.09,-6.25,-32.67
2025-08-11T18:35:33.216472,-39.0,36.0,-37.0,0.0,37.0,-42.0,47.0,6.0,-34.0,25.0,-3.0,-49.0,-44.16,0.8900000000000006,-45.6,3.9,-17.64,-21.46,51.07,9.71,-23.95,42.91,-19.25,-43.67
2025-08-11T18:35:33.220720,-11.0,76.0,-58.0,-57.0,70.0,-97.0,-62.0,0.0,-60.0,-68.0,8.0,-5.0,-16.16,40.89,-66.6,-53.1,15.36,-76.46000000000001,-57.93,3.71,-49.95,-50.09,-8.25,0.33000000000000007
2025-08-11T18:35:33.228473,-43.0,9.0,-13.0,24.0,71.0,-32.0,29.0,32.0,-14.0,17.0,59.0,-70.0,-48.16,-26.11,-21.6,27.9,16.36,-11.46,33.07,35.71,-3.9499999999999993,34.91,42.75,-64.67
2025-08-11T18:35:33.232914,-9.0,47.0,-13.0,-4.0,62.0,-43.0,15.0,-20.0,-117.0,-101.0,10.0,-66.0,-14.16,11.89,-21.6,-0.10000000000000009,7.359999999999999,-22.46,19.07,-16.29,-106.95,-83.09,-6.25,-60.67
2025-08-11T18:35:33.241022,54.0,10.0,17.0,17.0,63.0,-26.0,-12.0,-15.0,-23.0,49.0,31.0,-45.0,48.84,-25.11,8.4,20.9,8.36,-5.460000000000001,-7.93,-11.29,-12.95,66.91,14.75,-39.67
2025-08-11T18:35:33.245411,18.0,104.0,-10.0,27.0,40.0,-34.0,-29.0,7.0,-37.0,-22.0,29.0,-70.0,12.84,68.89,-18.6,30.9,-14.64,-13.46,-24.93,10.71,-26.95,-4.09,12.75,-64.67
2025-08-11T18:35:33.252899,9.0,51.0,-33.0,29.0,81.0,-68.0,58.0,-18.0,-28.0,-12.0,109.0,-51.0,3.84,15.89,-41.6,32.9,26.36,-47.46,62.07,-14.29,-17.95,5.91,92.75,-45.67
2025-08-11T18:35:33.261089,54.0,66.0,-130.0,-17.0,42.0,-139.0,-74.0,70.0,-119.0,64.0,87.0,-21.0,48.84,30.89,-138.6,-13.1,-12.64,-118.46000000000001,-69.93,73.71,-108.95,81.91,70.75,-15.67
2025-08-11T18:35:33.265463,-4.0,24.0,-70.0,17.0,89.0,-131.0,-31.0,31.0,-45.0,-49.0,-2.0,-10.0,-9.16,-11.11,-78.6,20.9,34.36,-110.46000000000001,-26.93,34.71,-34.95,-31.09,-18.25,-4.67
2025-08-11T18:35:33.269728,74.0,32.0,-108.0,9.0,8.0,-29.0,34.0,49.0,-89.0,0.0,43.0,-88.0,68.84,-3.1099999999999994,-116.6,12.9,-46.64,-8.46,38.07,52.71,-78.95,17.91,26.75,-82.67
2025-08-11T18:35:33.277574,-10.0,32.0,-91.0,11.0,23.0,-94.0,-44.0,-36.0,-78.0,-41.0,-23.0,-41.0,-15.16,-3.1099999999999994,-99.6,14.9,-31.64,-73.46000000000001,-39.93,-32.29,-67.95,-23.09,-39.25,-35.67
2025-08-11T18:35:33.281904,66.0,7.0,-17.0,-6.0,0.0,-58.0,-31.0,-51.0,-58.0,-130.0,-3.0,-64.0,60.84,-28.11,-25.6,-2.1,-54.64,-37.46,-26.93,-47.29,-47.95,-112.09,-19.25,-58.67
2025-08-11T18:35:33.289782,9.0,-11.0,-19.0,-54.0,34.0,-39.0,76.0,-34.0,-90.0,-31.0,86.0,-112.0,3.84,-46.11,-27.6,-50.1,-20.64,-18.46,80.07,-30.29,-79.95,-13.09,69.75,-106.67
2025-08-11T18:35:33.294234,0.0,83.0,-40.0,32.0,100.0,-53.0,-28.0,-14.0,-39.0,-106.0,39.0,-9.0,-5.16,47.89,-48.6,35.9,45.36,-32.46,-23.93,-10.29,-28.95,-88.09,22.75,-3.67
2025-08-11T18:35:33.302208,-3.0,83.0,6.0,-38.0,118.0,-94.0,-28.0,35.0,10.0,-80.0,77.0,-68.0,-8.16,47.89,-2.5999999999999996,-34.1,63.36,-73.46000000000001,-23.93,38.71,20.05,-62.09,60.75,-62.67
2025-08-11T18:35:33.306362,8.0,73.0,-9.0,35.0,7.0,-64.0,-42.0,2.0,-50.0,40.0,39.0,-8.0,2.84,37.89,-17.6,38.9,-47.64,-43.46,-37.93,5.71,-39.95,57.91,22.75,-2.67
2025-08-11T18:35:33.314402,-30.0,99.0,-44.0,54.0,39.0,-89.0,-74.0,4.0,-99.0,-10.0,15.0,-109.0,-35.16,63.89,-52.6,57.9,-15.64,-68.46000000000001,-69.93,7.71,-88.95,7.91,-1.25,-103.67
2025-08-11T18:35:33.318708,22.0,80.0,4.0,37.0,13.0,-105.0,-41.0,2.0,-69.0,-70.0,42.0,-52.0,16.84,44.89,-4.6,40.9,-41.64,-84.46000000000001,-36.93,5.71,-58.95,-52.09,25.75,-46.67
2025-08-11T18:35:33.326624,27.0,116.0,-123.0,11.0,70.0,-34.0,-47.0,2.0,-50.0,-41.0,35.0,-82.0,21.84,80.89,-131.6,14.9,15.36,-13.46,-42.93,5.71,-39.95,-23.09,18.75,-76.67
2025-08-11T18:35:33.331394,-61.0,163.0,-70.0,-3.0,32.0,-106.0,8.0,-13.0,-87.0,-25.0,80.0,-70.0,-66.16,127.89,-78.6,0.8999999999999999,-22.64,-85.46000000000001,12.07,-9.29,-76.95,-7.09,63.75,-64.67
2025-08-11T18:35:33.338917,-21.0,10.0,-60.0,53.0,47.0,-49.0,-14.0,-31.0,-65.0,-75.0,51.0,-58.0,-26.16,-25.11,-68.6,56.9,-7.640000000000001,-28.46,-9.93,-27.29,-54.95,-57.09,34.75,-52.67
2025-08-11T18:35:33.343318,32.0,-57.0,-119.0,35.0,55.0,-59.0,-12.0,5.0,-81.0,-48.0,84.0,-5.0,26.84,-92.11,-127.6,38.9,0.35999999999999943,-38.46,-7.93,8.71,-70.95,-30.09,67.75,0.33000000000000007
2025-08-11T18:35:33.351504,-2.0,93.0,-38.0,12.0,19.0,-133.0,21.0,-2.0,-54.0,-50.0,-19.0,-41.0,-7.16,57.89,-46.6,15.9,-35.64,-112.46000000000001,25.07,1.71,-43.95,-32.09,-35.25,-35.67
2025-08-11T18:35:33.355571,51.0,58.0,18.0,13.0,4.0,-100.0,-23.0,-8.0,-19.0,-41.0,27.0,-71.0,45.84,22.89,9.4,16.9,-50.64,-79.46000000000001,-18.93,-4.29,-8.95,-23.09,10.75,-65.67
2025-08-11T18:35:33.363658,54.0,20.0,4.0,-25.0,125.0,-102.0,6.0,15.0,-36.0,-10.0,47.0,-75.0,48.84,-15.11,-4.6,-21.1,70.36,-81.46000000000001,10.07,18.71,-25.95,7.91,30.75,-69.67
2025-08-11T18:35:33.367643,-26.0,40.0,-31.0,42.0,35.0,-106.0,-86.0,74.0,-79.0,10.0,91.0,-140.0,-31.16,4.890000000000001,-39.6,45.9,-19.64,-85.46000000000001,-81.93,77.71,-68.95,27.91,74.75,-134.67
2025-08-11T18:35:33.376141,32.0,51.0,-68.0,-11.0,101.0,-58.0,-18.0,-11.0,-110.0,-27.0,-21.0,-119.0,26.84,15.89,-76.6,-7.1,46.36,-37.46,-13.93,-7.29,-99.95,-9.09,-37.25,-113.67
2025-08-11T18:35:33.380159,28.0,100.0,-72.0,4.0,38.0,-61.0,27.0,-35.0,-93.0,-24.0,22.0,-117.0,22.84,64.89,-80.6,7.9,-16.64,-40.46,31.07,-31.29,-82.95,-6.09,5.75,-111.67
2025-08-11T18:35:33.388387,10.0,15.0,-115.0,0.0,-35.0,-91.0,60.0,-40.0,-25.0,-20.0,38.0,-87.0,4.84,-20.11,-123.6,3.9,-89.64,-70.46000000000001,64.07,-36.29,-14.95,-2.09,21.75,-81.67
2025-08-11T18:35:33.392488,1.0,51.0,-80.0,-61.0,50.0,-78.0,12.0,4.0,-73.0,-25.0,76.0,-65.0,-4.16,15.89,-88.6,-57.1,-4.640000000000001,-57.46,16.07,7.71,-62.95,-7.09,59.75,-59.67
2025-08-11T18:35:33.400535,87.0,84.0,-56.0,-6.0,60.0,-97.0,-75.0,-8.0,-107.0,-8.0,33.0,-81.0,81.84,48.89,-64.6,-2.1,5.359999999999999,-76.46000000000001,-70.93,-4.29,-96.95,9.91,16.75,-75.67
2025-08-11T18:35:33.404832,35.0,21.0,-112.0,21.0,116.0,-63.0,-9.0,-74.0,-14.0,-30.0,33.0,-76.0,29.84,-14.11,-120.6,24.9,61.36,-42.46,-4.93,-70.29,-3.9499999999999993,-12.09,16.75,-70.67
2025-08-11T18:35:33.412564,2.0,-6.0,5.0,21.0,13.0,-102.0,-61.0,19.0,-61.0,-79.0,52.0,-84.0,-3.16,-41.11,-3.5999999999999996,24.9,-41.64,-81.46000000000001,-56.93,22.71,-50.95,-61.09,35.75,-78.67
2025-08-11T18:35:33.417320,71.0,31.0,-18.0,-8.0,53.0,-131.0,5.0,-7.0,-58.0,-17.0,27.0,-121.0,65.84,-4.109999999999999,-26.6,-4.1,-1.6400000000000006,-110.46000000000001,9.07,-3.29,-47.95,0.9100000000000001,10.75,-115.67
2025-08-11T18:35:33.425046,23.0,52.0,-110.0,0.0,137.0,-73.0,-1.0,20.0,-87.0,-31.0,81.0,-55.0,17.84,16.89,-118.6,3.9,82.36,-52.46,3.0700000000000003,23.71,-76.95,-13.09,64.75,-49.67
2025-08-11T18:35:33.429547,21.0,-19.0,-9.0,-33.0,51.0,-115.0,1.0,32.0,-84.0,-43.0,24.0,-100.0,15.84,-54.11,-17.6,-29.1,-3.6400000000000006,-94.46000000000001,5.07,35.71,-73.95,-25.09,7.75,-94.67
2025-08-11T18:35:33.437151,-14.0,72.0,-25.0,-54.0,16.0,-79.0,14.0,-59.0,-89.0,-21.0,11.0,-31.0,-19.16,36.89,-33.6,-50.1,-38.64,-58.46,18.07,-55.29,-78.95,-3.09,-5.25,-25.67
2025-08-11T18:35:33.441965,-47.0,134.0,-123.0,62.0,21.0,-122.0,-6.0,-53.0,-121.0,-51.0,-11.0,-49.0,-52.16,98.89,-131.6,65.9,-33.64,-101.46000000000001,-1.9299999999999997,-49.29,-110.95,-33.09,-27.25,-43.67
2025-08-11T18:35:33.450236,37.0,97.0,-107.0,-24.0,84.0,-93.0,-88.0,-22.0,-94.0,-57.0,34.0,-38.0,31.84,61.89,-115.6,-20.1,29.36,-72.46000000000001,-83.93,-18.29,-83.95,-39.09,17.75,-32.67
2025-08-11T18:35:33.454395,77.0,46.0,-90.0,25.0,7.0,-137.0,-83.0,-36.0,-43.0,-90.0,11.0,-101.0,71.84,10.89,-98.6,28.9,-47.64,-116.46000000000001,-78.93,-32.29,-32.95,-72.09,-5.25,-95.67
2025-08-11T18:35:33.462033,31.0,36.0,-67.0,49.0,21.0,-140.0,-69.0,29.0,-91.0,-28.0,75.0,-127.0,25.84,0.8900000000000006,-75.6,52.9,-33.64,-119.46000000000001,-64.93,32.71,-80.95,-10.09,58.75,-121.67
2025-08-11T18:35:33.466782,59.0,-66.0,-103.0,50.0,85.0,-94.0,-25.0,-61.0,-106.0,-13.0,31.0,-41.0,53.84,-101.11,-111.6,53.9,30.36,-73.46000000000001,-20.93,-57.29,-95.95,4.91,14.75,-35.67
2025-08-11T18:35:33.474373,-47.0,41.0,-12.0,11.0,90.0,-84.0,51.0,25.0,-90.0,-30.0,27.0,-48.0,-52.16,5.890000000000001,-20.6,14.9,35.36,-63.46,55.07,28.71,-79.95,-12.09,10.75,-42.67
2025-08-11T18:35:33.479134,29.0,107.0,-17.0,2.0,48.0,-111.0,-50.0,-63.0,-84.0,-31.0,34.0,-77.0,23.84,71.89,-25.6,5.9,-6.640000000000001,-90.46000000000001,-45.93,-59.29,-73.95,-13.09,17.75,-71.67
2025-08-11T18:35:33.486811,0.0,35.0,-141.0,-24.0,18.0,-109.0,-13.0,-44.0,-62.0,-99.0,53.0,-66.0,-5.16,-0.10999999999999943,-149.6,-20.1,-36.64,-88.46000000000001,-8.93,-40.29,-51.95,-81.09,36.75,-60.67
2025-08-11T18:35:33.494324,-47.0,36.0,-112.0,26.0,26.0,-173.0,-61.0,49.0,-74.0,-41.0,-29.0,-79.0,-52.16,0.8900000000000006,-120.6,29.9,-28.64,-152.46,-56.93,52.71,-63.95,-23.09,-45.25,-73.67
2025-08-11T18:35:33.498993,4.0,93.0,-92.0,8.0,92.0,-183.0,-40.0,-37.0,-97.0,-6.0,73.0,-141.0,-1.1600000000000001,57.89,-100.6,11.9,37.36,-162.46,-35.93,-33.29,-86.95,11.91,56.75,-135.67
2025-08-11T18:35:33.503580,40.0,37.0,-130.0,46.0,18.0,-65.0,-28.0,9.0,-100.0,-50.0,94.0,-97.0,34.84,1.8900000000000006,-138.6,49.9,-36.64,-44.46,-23.93,12.71,-89.95,-32.09,77.75,-91.67
2025-08-11T18:35:33.511286,-23.0,60.0,-29.0,-2.0,27.0,-116.0,78.0,-36.0,-95.0,-87.0,-23.0,-41.0,-28.16,24.89,-37.6,1.9,-27.64,-95.46000000000001,82.07,-32.29,-84.95,-69.09,-39.25,-35.67
2025-08-11T18:35:33.518928,32.0,44.0,-30.0,40.0,80.0,-114.0,-30.0,-84.0,-72.0,-58.0,29.0,-92.0,26.84,8.89,-38.6,43.9,25.36,-93.46000000000001,-25.93,-80.29,-61.95,-40.09,12.75,-86.67
2025-08-11T18:35:33.523633,-6.0,34.0,-75.0,20.0,14.0,-115.0,-57.0,-10.0,-92.0,-32.0,42.0,-92.0,-11.16,-1.1099999999999994,-83.6,23.9,-40.64,-94.46000000000001,-52.93,-6.29,-81.95,-14.09,25.75,-86.67
2025-08-11T18:35:33.531154,63.0,94.0,-67.0,44.0,42.0,-160.0,-70.0,-38.0,-50.0,-66.0,56.0,-110.0,57.84,58.89,-75.6,47.9,-12.64,-139.46,-65.93,-34.29,-39.95,-48.09,39.75,-104.67
2025-08-11T18:35:33.536049,55.0,24.0,-109.0,27.0,-3.0,-125.0,-90.0,13.0,-102.0,-107.0,75.0,-213.0,49.84,-11.11,-117.6,30.9,-57.64,-104.46000000000001,-85.93,16.71,-91.95,-89.09,58.75,-207.67
2025-08-11T18:35:33.543681,-14.0,52.0,-109.0,84.0,-19.0,-115.0,-41.0,51.0,-141.0,39.0,37.0,-143.0,-19.16,16.89,-117.6,87.9,-73.64,-94.46000000000001,-36.93,54.71,-130.95,56.91,20.75,-137.67
2025-08-11T18:35:33.548587,41.0,15.0,-16.0,8.0,101.0,-150.0,-13.0,-68.0,-90.0,-51.0,-16.0,-114.0,35.84,-20.11,-24.6,11.9,46.36,-129.46,-8.93,-64.29,-79.95,-33.09,-32.25,-108.67
2025-08-11T18:35:33.556017,38.0,76.0,-97.0,11.0,-13.0,-131.0,-40.0,-23.0,-89.0,-48.0,73.0,-100.0,32.84,40.89,-105.6,14.9,-67.64,-110.46000000000001,-35.93,-19.29,-78.95,-30.09,56.75,-94.67
2025-08-11T18:35:33.560558,-1.0,100.0,-126.0,61.0,46.0,-139.0,-62.0,-32.0,-95.0,-51.0,-6.0,-105.0,-6.16,64.89,-134.6,64.9,-8.64,-118.46000000000001,-57.93,-28.29,-84.95,-33.09,-22.25,-99.67
2025-08-11T18:35:33.568354,-32.0,91.0,-155.0,25.0,3.0,-114.0,-78.0,-9.0,-118.0,-77.0,9.0,-123.0,-37.16,55.89,-163.6,28.9,-51.64,-93.46000000000001,-73.93,-5.29,-107.95,-59.09,-7.25,-117.67
2025-08-11T18:35:33.573221,-2.0,57.0,-150.0,61.0,46.0,-139.0,-32.0,50.0,-115.0,-81.0,70.0,-177.0,-7.16,21.89,-158.6,64.9,-8.64,-118.46000000000001,-27.93,53.71,-104.95,-63.09,53.75,-171.67
2025-08-11T18:35:33.580781,49.0,54.0,-132.0,-10.0,37.0,-152.0,30.0,-20.0,-133.0,12.0,-10.0,-165.0,43.84,18.89,-140.6,-6.1,-17.64,-131.46,34.07,-16.29,-122.95,29.91,-26.25,-159.67
2025-08-11T18:35:33.585295,30.0,72.0,-118.0,29.0,27.0,-175.0,-42.0,-4.0,-143.0,24.0,50.0,-118.0,24.84,36.89,-126.6,32.9,-27.64,-154.46,-37.93,-0.29000000000000004,-132.95,41.91,33.75,-112.67
2025-08-11T18:35:33.593517,19.0,83.0,-106.0,-6.0,-21.0,-172.0,-57.0,-40.0,-103.0,-45.0,78.0,-124.0,13.84,47.89,-114.6,-2.1,-75.64,-151.46,-52.93,-36.29,-92.95,-27.09,61.75,-118.67
2025-08-11T18:35:33.597958,88.0,61.0,-154.0,58.0,16.0,-157.0,-88.0,-54.0,-66.0,-112.0,65.0,-128.0,82.84,25.89,-162.6,61.9,-38.64,-136.46,-83.93,-50.29,-55.95,-94.09,48.75,-122.67
2025-08-11T18:35:33.605499,56.0,69.0,-157.0,4.0,16.0,-153.0,-91.0,-27.0,-119.0,-77.0,102.0,-153.0,50.84,33.89,-165.6,7.9,-38.64,-132.46,-86.93,-23.29,-108.95,-59.09,85.75,-147.67
2025-08-11T18:35:33.610337,10.0,21.0,-138.0,36.0,12.0,-118.0,5.0,-59.0,-135.0,-46.0,8.0,-179.0,4.84,-14.11,-146.6,39.9,-42.64,-97.46000000000001,9.07,-55.29,-124.95,-28.09,-8.25,-173.67
2025-08-11T18:35:33.617573,26.0,39.0,-85.0,-6.0,61.0,-195.0,-58.0,-47.0,-67.0,-54.0,122.0,-133.0,20.84,3.8900000000000006,-93.6,-2.1,6.359999999999999,-174.46,-53.93,-43.29,-56.95,-36.09,105.75,-127.67
2025-08-11T18:35:33.625466,71.0,45.0,-148.0,-7.0,11.0,-104.0,-75.0,-73.0,-99.0,-64.0,46.0,-130.0,65.84,9.89,-156.6,-3.1,-43.64,-83.46000000000001,-70.93,-69.29,-88.95,-46.09,29.75,-124.67
2025-08-11T18:35:33.630021,9.0,121.0,-93.0,-20.0,9.0,-186.0,5.0,-69.0,-148.0,-62.0,-33.0,-127.0,3.84,85.89,-101.6,-16.1,-45.64,-165.46,9.07,-65.29,-137.95,-44.09,-49.25,-121.67
2025-08-11T18:35:33.637706,82.0,68.0,-115.0,27.0,8.0,-133.0,-59.0,6.0,-108.0,-107.0,19.0,-82.0,76.84,32.89,-123.6,30.9,-46.64,-112.46000000000001,-54.93,9.71,-97.95,-89.09,2.75,-76.67
2025-08-11T18:35:33.642063,47.0,70.0,-82.0,27.0,45.0,-142.0,-80.0,29.0,-179.0,-68.0,12.0,-113.0,41.84,34.89,-90.6,30.9,-9.64,-121.46000000000001,-75.93,32.71,-168.95,-50.09,-4.25,-107.67
2025-08-11T18:35:33.650026,50.0,42.0,-163.0,16.0,28.0,-126.0,-46.0,9.0,-145.0,-69.0,32.0,-201.0,44.84,6.890000000000001,-171.6,19.9,-26.64,-105.46000000000001,-41.93,12.71,-134.95,-51.09,15.75,-195.67
2025-08-11T18:35:33.654899,56.0,-21.0,-80.0,70.0,17.0,-239.0,-49.0,37.0,-136.0,-46.0,22.0,-151.0,50.84,-56.11,-88.6,73.9,-37.64,-218.46,-44.93,40.71,-125.95,-28.09,5.75,-145.67
2025-08-11T18:35:33.662426,-66.0,18.0,-119.0,93.0,-17.0,-146.0,29.0,-68.0,-102.0,-41.0,18.0,-111.0,-71.16,-17.11,-127.6,96.9,-71.64,-125.46000000000001,33.07,-64.29,-91.95,-23.09,1.75,-105.67
2025-08-11T18:35:33.667045,-42.0,103.0,-84.0,30.0,70.0,-85.0,-19.0,-37.0,-82.0,-19.0,22.0,-86.0,-47.16,67.89,-92.6,33.9,15.36,-64.46000000000001,-14.93,-33.29,-71.95,-1.0899999999999999,5.75,-80.67
2025-08-11T18:35:33.675210,-44.0,109.0,-136.0,51.0,10.0,-102.0,-71.0,25.0,3.0,-73.0,34.0,-123.0,-49.16,73.89,-144.6,54.9,-44.64,-81.46000000000001,-66.93,28.71,13.05,-55.09,17.75,-117.67
2025-08-11T18:35:33.679051,54.0,97.0,-89.0,60.0,22.0,-57.0,-44.0,-36.0,-144.0,-74.0,62.0,-114.0,48.84,61.89,-97.6,63.9,-32.64,-36.46,-39.93,-32.29,-133.95,-56.09,45.75,-108.67
2025-08-11T18:35:33.687317,77.0,84.0,-82.0,10.0,-3.0,-148.0,-28.0,-68.0,-116.0,-18.0,53.0,-152.0,71.84,48.89,-90.6,13.9,-57.64,-127.46000000000001,-23.93,-64.29,-105.95,-0.08999999999999986,36.75,-146.67
2025-08-11T18:35:33.691426,53.0,58.0,-53.0,-20.0,40.0,-90.0,-5.0,-61.0,-125.0,-5.0,-12.0,-166.0,47.84,22.89,-61.6,-16.1,-14.64,-69.46000000000001,-0.9299999999999997,-57.29,-114.95,12.91,-28.25,-160.67
2025-08-11T18:35:33.699388,25.0,30.0,-193.0,-15.0,55.0,-142.0,-15.0,-20.0,-77.0,-22.0,69.0,-81.0,19.84,-5.109999999999999,-201.6,-11.1,0.35999999999999943,-121.46000000000001,-10.93,-16.29,-66.95,-4.09,52.75,-75.67
2025-08-11T18:35:33.703908,0.0,53.0,-61.0,-18.0,17.0,-182.0,-39.0,41.0,-115.0,-85.0,-51.0,-115.0,-5.16,17.89,-69.6,-14.1,-37.64,-161.46,-34.93,44.71,-104.95,-67.09,-67.25,-109.67
2025-08-11T18:35:33.711758,26.0,60.0,-171.0,-26.0,6.0,-151.0,-16.0,-10.0,-81.0,-104.0,6.0,-93.0,20.84,24.89,-179.6,-22.1,-48.64,-130.46,-11.93,-6.29,-70.95,-86.09,-10.25,-87.67
2025-08-11T18:35:33.715693,13.0,117.0,-73.0,53.0,0.0,-110.0,-78.0,2.0,-174.0,-89.0,-16.0,-166.0,7.84,81.89,-81.6,56.9,-54.64,-89.46000000000001,-73.93,5.71,-163.95,-71.09,-32.25,-160.67
2025-08-11T18:35:33.723751,65.0,21.0,-169.0,-33.0,-5.0,-111.0,22.0,2.0,-102.0,-34.0,60.0,-151.0,59.84,-14.11,-177.6,-29.1,-59.64,-90.46000000000001,26.07,5.71,-91.95,-16.09,43.75,-145.67
2025-08-11T18:35:33.728584,41.0,127.0,-100.0,0.0,-6.0,-147.0,-7.0,-43.0,-155.0,-98.0,23.0,-130.0,35.84,91.89,-108.6,3.9,-60.64,-126.46000000000001,-2.9299999999999997,-39.29,-144.95,-80.09,6.75,-124.67
2025-08-11T18:35:33.736078,21.0,58.0,-107.0,9.0,58.0,-94.0,-4.0,-72.0,-55.0,-17.0,24.0,-122.0,15.84,22.89,-115.6,12.9,3.3599999999999994,-73.46000000000001,0.07000000000000028,-68.29,-44.95,0.9100000000000001,7.75,-116.67
2025-08-11T18:35:33.740582,17.0,4.0,-161.0,41.0,64.0,-81.0,14.0,-22.0,-56.0,-104.0,32.0,-142.0,11.84,-31.11,-169.6,44.9,9.36,-60.46,18.07,-18.29,-45.95,-86.09,15.75,-136.67
2025-08-11T18:35:33.748624,-9.0,104.0,-224.0,26.0,17.0,-134.0,-79.0,-38.0,-63.0,-55.0,57.0,-115.0,-14.16,68.89,-232.6,29.9,-37.64,-113.46000000000001,-74.93,-34.29,-52.95,-37.09,40.75,-109.67
2025-08-11T18:35:33.756528,24.0,108.0,-85.0,51.0,38.0,-126.0,-22.0,9.0,-121.0,-91.0,89.0,-135.0,18.84,72.89,-93.6,54.9,-16.64,-105.46000000000001,-17.93,12.71,-110.95,-73.09,72.75,-129.67
2025-08-11T18:35:33.760954,39.0,66.0,-169.0,26.0,78.0,-161.0,-32.0,-8.0,-94.0,-25.0,28.0,-131.0,33.84,30.89,-177.6,29.9,23.36,-140.46,-27.93,-4.29,-83.95,-7.09,11.75,-125.67
2025-08-11T18:35:33.768746,-70.0,49.0,-58.0,17.0,19.0,-135.0,-57.0,30.0,-153.0,-17.0,88.0,-152.0,-75.16,13.89,-66.6,20.9,-35.64,-114.46000000000001,-52.93,33.71,-142.95,0.9100000000000001,71.75,-146.67
2025-08-11T18:35:33.773075,8.0,71.0,-83.0,26.0,11.0,-109.0,-33.0,-71.0,-57.0,-71.0,-15.0,-118.0,2.84,35.89,-91.6,29.9,-43.64,-88.46000000000001,-28.93,-67.29,-46.95,-53.09,-31.25,-112.67
2025-08-11T18:35:33.781615,30.0,41.0,-87.0,35.0,8.0,-171.0,-63.0,-33.0,-81.0,-26.0,54.0,-175.0,24.84,5.890000000000001,-95.6,38.9,-46.64,-150.46,-58.93,-29.29,-70.95,-8.09,37.75,-169.67
2025-08-11T18:35:33.785670,-13.0,129.0,-136.0,52.0,43.0,-129.0,-47.0,18.0,-105.0,6.0,89.0,-157.0,-18.16,93.89,-144.6,55.9,-11.64,-108.46000000000001,-42.93,21.71,-94.95,23.91,72.75,-151.67
2025-08-11T18:35:33.793591,23.0,93.0,-173.0,11.0,18.0,-165.0,-91.0,-41.0,-133.0,-40.0,82.0,-151.0,17.84,57.89,-181.6,14.9,-36.64,-144.46,-86.93,-37.29,-122.95,-22.09,65.75,-145.67
2025-08-11T18:35:33.798466,42.0,109.0,-184.0,33.0,17.0,-149.0,-68.0,22.0,-162.0,-59.0,58.0,-125.0,36.84,73.89,-192.6,36.9,-37.64,-128.46,-63.93,25.71,-151.95,-41.09,41.75,-119.67
2025-08-11T18:35:33.806017,101.0,57.0,-142.0,23.0,54.0,-170.0,-76.0,-3.0,-133.0,-51.0,49.0,-96.0,95.84,21.89,-150.6,26.9,-0.6400000000000006,-149.46,-71.93,0.71,-122.95,-33.09,32.75,-90.67
2025-08-11T18:35:33.810398,41.0,18.0,-51.0,66.0,60.0,-105.0,-101.0,-48.0,-18.0,-77.0,22.0,-118.0,35.84,-17.11,-59.6,69.9,5.359999999999999,-84.46000000000001,-96.93,-44.29,-7.949999999999999,-59.09,5.75,-112.67
2025-08-11T18:35:33.818373,46.0,35.0,-128.0,14.0,-31.0,-111.0,-66.0,-48.0,-53.0,-87.0,2.0,-99.0,40.84,-0.10999999999999943,-136.6,17.9,-85.64,-90.46000000000001,-61.93,-44.29,-42.95,-69.09,-14.25,-93.67
2025-08-11T18:35:33.822902,3.0,56.0,-149.0,29.0,-30.0,-143.0,-65.0,-32.0,-121.0,-132.0,106.0,-125.0,-2.16,20.89,-157.6,32.9,-84.64,-122.46000000000001,-60.93,-28.29,-110.95,-114.09,89.75,-119.67
2025-08-11T18:35:33.830948,45.0,55.0,-99.0,-13.0,4.0,-163.0,-25.0,-17.0,-123.0,-37.0,72.0,-142.0,39.84,19.89,-107.6,-9.1,-50.64,-142.46,-20.93,-13.29,-112.95,-19.09,55.75,-136.67
2025-08-11T18:35:33.835338,48.0,59.0,-64.0,15.0,27.0,-207.0,-73.0,17.0,-105.0,-73.0,52.0,-96.0,42.84,23.89,-72.6,18.9,-27.64,-186.46,-68.93,20.71,-94.95,-55.09,35.75,-90.67
2025-08-11T18:35:33.842900,50.0,58.0,-93.0,-9.0,31.0,-155.0,10.0,-73.0,-74.0,-57.0,-41.0,-95.0,44.84,22.89,-101.6,-5.1,-23.64,-134.46,14.07,-69.29,-63.95,-39.09,-57.25,-89.67
2025-08-11T18:35:33.847854,45.0,107.0,-50.0,-8.0,57.0,-131.0,-27.0,-8.0,-137.0,-73.0,92.0,-84.0,39.84,71.89,-58.6,-4.1,2.3599999999999994,-110.46000000000001,-22.93,-4.29,-126.95,-55.09,75.75,-78.67
2025-08-11T18:35:33.855394,-34.0,81.0,-148.0,17.0,-7.0,-122.0,-49.0,20.0,-106.0,-93.0,98.0,-155.0,-39.16,45.89,-156.6,20.9,-61.64,-101.46000000000001,-44.93,23.71,-95.95,-75.09,81.75,-149.67
2025-08-11T18:35:33.862943,41.0,10.0,-109.0,1.0,-17.0,-132.0,-49.0,-41.0,-142.0,20.0,-5.0,-174.0,35.84,-25.11,-117.6,4.9,-71.64,-111.46000000000001,-44.93,-37.29,-131.95,37.91,-21.25,-168.67
2025-08-11T18:35:33.868124,42.0,27.0,-106.0,79.0,30.0,-151.0,-66.0,-11.0,-130.0,-5.0,66.0,-149.0,36.84,-8.11,-114.6,82.9,-24.64,-130.46,-61.93,-7.29,-119.95,12.91,49.75,-143.67
2025-08-11T18:35:33.875482,101.0,17.0,-108.0,51.0,-24.0,-143.0,-25.0,-21.0,-83.0,-29.0,33.0,-95.0,95.84,-18.11,-116.6,54.9,-78.64,-122.46000000000001,-20.93,-17.29,-72.95,-11.09,16.75,-89.67
2025-08-11T18:35:33.879855,-24.0,79.0,-101.0,42.0,-34.0,-137.0,-131.0,-68.0,-100.0,-74.0,66.0,-108.0,-29.16,43.89,-109.6,45.9,-88.64,-116.46000000000001,-126.93,-64.29,-89.95,-56.09,49.75,-102.67
2025-08-11T18:35:33.887743,-26.0,57.0,-106.0,-9.0,68.0,-141.0,-76.0,-14.0,-118.0,-57.0,37.0,-182.0,-31.16,21.89,-114.6,-5.1,13.36,-120.46000000000001,-71.93,-10.29,-107.95,-39.09,20.75,-176.67
2025-08-11T18:35:33.891873,36.0,99.0,-99.0,29.0,14.0,-71.0,-6.0,8.0,-126.0,-37.0,27.0,-180.0,30.84,63.89,-107.6,32.9,-40.64,-50.46,-1.9299999999999997,11.71,-115.95,-19.09,10.75,-174.67
2025-08-11T18:35:33.899927,22.0,23.0,-112.0,40.0,43.0,-201.0,-49.0,-43.0,-109.0,15.0,39.0,-202.0,16.84,-12.11,-120.6,43.9,-11.64,-180.46,-44.93,-39.29,-98.95,32.91,22.75,-196.67
2025-08-11T18:35:33.904702,2.0,37.0,-84.0,-21.0,-52.0,-113.0,15.0,-26.0,-77.0,-80.0,16.0,-88.0,-3.16,1.8900000000000006,-92.6,-17.1,-106.64,-92.46000000000001,19.07,-22.29,-66.95,-62.09,-0.25,-82.67
2025-08-11T18:35:33.912661,85.0,31.0,-100.0,28.0,-11.0,-172.0,-34.0,10.0,-57.0,-52.0,-23.0,-97.0,79.84,-4.109999999999999,-108.6,31.9,-65.64,-151.46,-29.93,13.71,-46.95,-34.09,-39.25,-91.67
2025-08-11T18:35:33.916706,-29.0,37.0,-109.0,9.0,54.0,-89.0,-100.0,15.0,-52.0,-40.0,43.0,-169.0,-34.16,1.8900000000000006,-117.6,12.9,-0.6400000000000006,-68.46000000000001,-95.93,18.71,-41.95,-22.09,26.75,-163.67
2025-08-11T18:35:33.924946,18.0,101.0,-204.0,-25.0,87.0,-177.0,-86.0,-63.0,-129.0,-15.0,87.0,-178.0,12.84,65.89,-212.6,-21.1,32.36,-156.46,-81.93,-59.29,-118.95,2.91,70.75,-172.67
2025-08-11T18:35:33.928948,12.0,81.0,-156.0,95.0,60.0,-200.0,-27.0,-46.0,-134.0,-86.0,5.0,-185.0,6.84,45.89,-164.6,98.9,5.359999999999999,-179.46,-22.93,-42.29,-123.95,-68.09,-11.25,-179.67
2025-08-11T18:35:33.937258,37.0,74.0,-80.0,36.0,10.0,-209.0,-15.0,-110.0,-140.0,-54.0,40.0,-100.0,31.84,38.89,-88.6,39.9,-44.64,-188.46,-10.93,-106.29,-129.95,-36.09,23.75,-94.67
2025-08-11T18:35:33.941917,-10.0,-15.0,-67.0,44.0,34.0,-196.0,-128.0,-25.0,-74.0,-38.0,15.0,-117.0,-15.16,-50.11,-75.6,47.9,-20.64,-175.46,-123.93,-21.29,-63.95,-20.09,-1.25,-111.67
2025-08-11T18:35:33.949648,49.0,122.0,-134.0,9.0,39.0,-135.0,-75.0,-10.0,-137.0,-44.0,37.0,-131.0,43.84,86.89,-142.6,12.9,-15.64,-114.46000000000001,-70.93,-6.29,-126.95,-26.09,20.75,-125.67
2025-08-11T18:35:33.954287,-50.0,121.0,-86.0,3.0,52.0,-177.0,-82.0,-18.0,-91.0,-95.0,58.0,-119.0,-55.16,85.89,-94.6,6.9,-2.6400000000000006,-156.46,-77.93,-14.29,-80.95,-77.09,41.75,-113.67
2025-08-11T18:35:33.961923,79.0,63.0,-112.0,47.0,-42.0,-126.0,-29.0,20.0,-147.0,-79.0,122.0,-168.0,73.84,27.89,-120.6,50.9,-96.64,-105.46000000000001,-24.93,23.71,-136.95,-61.09,105.75,-162.67
2025-08-11T18:35:33.969606,-22.0,16.0,-78.0,36.0,33.0,-123.0,-38.0,-73.0,-63.0,-1.0,-17.0,-105.0,-27.16,-19.11,-86.6,39.9,-21.64,-102.46000000000001,-33.93,-69.29,-52.95,16.91,-33.25,-99.67
2025-08-11T18:35:33.974120,24.0,72.0,-51.0,-13.0,23.0,-126.0,-74.0,-74.0,-67.0,-20.0,7.0,-97.0,18.84,36.89,-59.6,-9.1,-31.64,-105.46000000000001,-69.93,-70.29,-56.95,-2.09,-9.25,-91.67
2025-08-11T18:35:33.981917,23.0,67.0,-99.0,46.0,25.0,-181.0,-60.0,-16.0,-55.0,-135.0,74.0,-161.0,17.84,31.89,-107.6,49.9,-29.64,-160.46,-55.93,-12.29,-44.95,-117.09,57.75,-155.67
2025-08-11T18:35:33.986454,20.0,18.0,-140.0,-38.0,-8.0,-177.0,-93.0,8.0,-146.0,-50.0,39.0,-115.0,14.84,-17.11,-148.6,-34.1,-62.64,-156.46,-88.93,11.71,-135.95,-32.09,22.75,-109.67
2025-08-11T18:35:33.994331,30.0,56.0,-154.0,-12.0,17.0,-139.0,-6.0,-1.0,-149.0,-48.0,129.0,-139.0,24.84,20.89,-162.6,-8.1,-37.64,-118.46000000000001,-1.9299999999999997,2.71,-138.95,-30.09,112.75,-133.67
2025-08-11T18:35:33.999081,45.0,-28.0,-154.0,39.0,45.0,-195.0,-28.0,-1.0,-74.0,-31.0,23.0,-143.0,39.84,-63.11,-162.6,42.9,-9.64,-174.46,-23.93,2.71,-63.95,-13.09,6.75,-137.67
2025-08-11T18:35:34.006542,48.0,20.0,-124.0,14.0,46.0,-191.0,-49.0,-38.0,-127.0,-10.0,-15.0,-150.0,42.84,-15.11,-132.6,17.9,-8.64,-170.46,-44.93,-34.29,-116.95,7.91,-31.25,-144.67
2025-08-11T18:35:34.011022,-3.0,35.0,-102.0,2.0,-11.0,-141.0,-88.0,-38.0,-104.0,-35.0,-17.0,-106.0,-8.16,-0.10999999999999943,-110.6,5.9,-65.64,-120.46000000000001,-83.93,-34.29,-93.95,-17.09,-33.25,-100.67
2025-08-11T18:35:34.018679,30.0,90.0,-60.0,36.0,22.0,-154.0,-88.0,2.0,-88.0,-108.0,7.0,-36.0,24.84,54.89,-68.6,39.9,-32.64,-133.46,-83.93,5.71,-77.95,-90.09,-9.25,-30.67
2025-08-11T18:35:34.022947,40.0,89.0,-155.0,26.0,-8.0,-124.0,-78.0,-42.0,-75.0,-35.0,60.0,-133.0,34.84,53.89,-163.6,29.9,-62.64,-103.46000000000001,-73.93,-38.29,-64.95,-17.09,43.75,-127.67
2025-08-11T18:35:34.031056,37.0,35.0,-191.0,59.0,-10.0,-125.0,-78.0,30.0,-127.0,-30.0,61.0,-159.0,31.84,-0.10999999999999943,-199.6,62.9,-64.64,-104.46000000000001,-73.93,33.71,-116.95,-12.09,44.75,-153.67
2025-08-11T18:35:34.036022,38.0,131.0,-66.0,12.0,-46.0,-136.0,-37.0,-28.0,-78.0,-48.0,52.0,-154.0,32.84,95.89,-74.6,15.9,-100.64,-115.46000000000001,-32.93,-24.29,-67.95,-30.09,35.75,-148.67
2025-08-11T18:35:34.043754,23.0,74.0,-91.0,0.0,54.0,-174.0,-78.0,-18.0,-93.0,-19.0,-16.0,-95.0,17.84,38.89,-99.6,3.9,-0.6400000000000006,-153.46,-73.93,-14.29,-82.95,-1.0899999999999999,-32.25,-89.67
2025-08-11T18:35:34.048194,61.0,78.0,-55.0,38.0,-49.0,-141.0,3.0,8.0,-108.0,-61.0,16.0,-134.0,55.84,42.89,-63.6,41.9,-103.64,-120.46000000000001,7.07,11.71,-97.95,-43.09,-0.25,-128.67
2025-08-11T18:35:34.055888,44.0,68.0,-69.0,-33.0,43.0,-138.0,-123.0,-14.0,-100.0,-70.0,27.0,-217.0,38.84,32.89,-77.6,-29.1,-11.64,-117.46000000000001,-118.93,-10.29,-89.95,-52.09,10.75,-211.67
2025-08-11T18:35:34.060240,21.0,97.0,-85.0,73.0,-46.0,-120.0,-24.0,-34.0,-100.0,-65.0,41.0,-172.0,15.84,61.89,-93.6,76.9,-100.64,-99.46000000000001,-19.93,-30.29,-89.95,-47.09,24.75,-166.67
2025-08-11T18:35:34.068553,-8.0,137.0,-123.0,16.0,49.0,-97.0,10.0,-25.0,-137.0,-111.0,34.0,-142.0,-13.16,101.89,-131.6,19.9,-5.640000000000001,-76.46000000000001,14.07,-21.29,-126.95,-93.09,17.75,-136.67
2025-08-11T18:35:34.076052,100.0,44.0,-147.0,-9.0,54.0,-178.0,-26.0,-30.0,-83.0,-91.0,14.0,-58.0,94.84,8.89,-155.6,-5.1,-0.6400000000000006,-157.46,-21.93,-26.29,-72.95,-73.09,-2.25,-52.67
2025-08-11T18:35:34.080692,102.0,31.0,-87.0,24.0,38.0,-161.0,-112.0,-70.0,-129.0,-23.0,3.0,-94.0,96.84,-4.109999999999999,-95.6,27.9,-16.64,-140.46,-107.93,-66.29,-118.95,-5.09,-13.25,-88.67
2025-08-11T18:35:34.088530,81.0,5.0,-62.0,44.0,-30.0,-155.0,-72.0,12.0,-91.0,-101.0,22.0,-118.0,75.84,-30.11,-70.6,47.9,-84.64,-134.46,-67.93,15.71,-80.95,-83.09,5.75,-112.67
2025-08-11T18:35:34.092804,-40.0,41.0,-146.0,22.0,-27.0,-100.0,-44.0,-24.0,-125.0,-63.0,59.0,-152.0,-45.16,5.890000000000001,-154.6,25.9,-81.64,-79.46000000000001,-39.93,-20.29,-114.95,-45.09,42.75,-146.67
2025-08-11T18:35:34.100782,-4.0,38.0,-116.0,72.0,5.0,-195.0,-59.0,-37.0,-130.0,-65.0,72.0,-204.0,-9.16,2.8900000000000006,-124.6,75.9,-49.64,-174.46,-54.93,-33.29,-119.95,-47.09,55.75,-198.67
2025-08-11T18:35:34.105333,14.0,95.0,-75.0,10.0,-1.0,-210.0,-81.0,-61.0,-32.0,6.0,105.0,-167.0,8.84,59.89,-83.6,13.9,-55.64,-189.46,-76.93,-57.29,-21.95,23.91,88.75,-161.67
2025-08-11T18:35:34.112918,34.0,-4.0,-73.0,67.0,7.0,-117.0,-51.0,-81.0,-45.0,-26.0,-26.0,-110.0,28.84,-39.11,-81.6,70.9,-47.64,-96.46000000000001,-46.93,-77.29,-34.95,-8.09,-42.25,-104.67
2025-08-11T18:35:34.117428,80.0,106.0,-112.0,36.0,54.0,-176.0,-8.0,-36.0,-86.0,-59.0,4.0,-138.0,74.84,70.89,-120.6,39.9,-0.6400000000000006,-155.46,-3.9299999999999997,-32.29,-75.95,-41.09,-12.25,-132.67
2025-08-11T18:35:34.125442,27.0,70.0,-115.0,-61.0,65.0,-160.0,-15.0,0.0,-105.0,-103.0,71.0,-111.0,21.84,34.89,-123.6,-57.1,10.36,-139.46,-10.93,3.71,-94.95,-85.09,54.75,-105.67
2025-08-11T18:35:34.129996,-2.0,131.0,-94.0,19.0,9.0,-80.0,-50.0,-38.0,-141.0,-119.0,86.0,-103.0,-7.16,95.89,-102.6,22.9,-45.64,-59.46,-45.93,-34.29,-130.95,-101.09,69.75,-97.67
2025-08-11T18:35:34.137735,42.0,97.0,-125.0,58.0,45.0,-140.0,-27.0,-34.0,-119.0,-50.0,96.0,-193.0,36.84,61.89,-133.6,61.9,-9.64,-119.46000000000001,-22.93,-30.29,-108.95,-32.09,79.75,-187.67
2025-08-11T18:35:34.142188,38.0,72.0,-115.0,31.0,31.0,-142.0,-113.0,-95.0,-128.0,-110.0,77.0,-123.0,32.84,36.89,-123.6,34.9,-23.64,-121.46000000000001,-108.93,-91.29,-117.95,-92.09,60.75,-117.67
2025-08-11T18:35:34.150508,23.0,55.0,-85.0,15.0,35.0,-206.0,-54.0,-46.0,-81.0,-35.0,-14.0,-150.0,17.84,19.89,-93.6,18.9,-19.64,-185.46,-49.93,-42.29,-70.95,-17.09,-30.25,-144.67
2025-08-11T18:35:34.157971,46.0,81.0,-119.0,-61.0,-1.0,-173.0,-55.0,-13.0,-85.0,-135.0,-18.0,-119.0,40.84,45.89,-127.6,-57.1,-55.64,-152.46,-50.93,-9.29,-74.95,-117.09,-34.25,-113.67
2025-08-11T18:35:34.162354,-41.0,125.0,-120.0,27.0,12.0,-177.0,-98.0,59.0,-99.0,-119.0,83.0,-90.0,-46.16,89.89,-128.6,30.9,-42.64,-156.46,-93.93,62.71,-88.95,-101.09,66.75,-84.67
2025-08-11T18:35:34.167116,37.0,109.0,-156.0,22.0,39.0,-74.0,54.0,-36.0,-173.0,14.0,5.0,-152.0,31.84,73.89,-164.6,25.9,-15.64,-53.46,58.07,-32.29,-162.95,31.91,-11.25,-146.67
2025-08-11T18:35:34.174716,66.0,77.0,-146.0,-14.0,40.0,-144.0,-2.0,-43.0,-149.0,-52.0,-41.0,-165.0,60.84,41.89,-154.6,-10.1,-14.64,-123.46000000000001,2.0700000000000003,-39.29,-138.95,-34.09,-57.25,-159.67
2025-08-11T18:35:34.182534,42.0,31.0,-98.0,24.0,32.0,-164.0,-65.0,-4.0,-74.0,-60.0,38.0,-175.0,36.84,-4.109999999999999,-106.6,27.9,-22.64,-143.46,-60.93,-0.29000000000000004,-63.95,-42.09,21.75,-169.67
2025-08-11T18:35:34.186809,25.0,54.0,-87.0,42.0,-17.0,-222.0,-75.0,-30.0,-103.0,-36.0,61.0,-108.0,19.84,18.89,-95.6,45.9,-71.64,-201.46,-70.93,-26.29,-92.95,-18.09,44.75,-102.67
2025-08-11T18:35:34.195231,-15.0,22.0,-135.0,44.0,-6.0,-122.0,-10.0,-30.0,-123.0,-64.0,-22.0,-125.0,-20.16,-13.11,-143.6,47.9,-60.64,-101.46000000000001,-5.93,-26.29,-112.95,-46.09,-38.25,-119.67
2025-08-11T18:35:34.199589,25.0,132.0,-86.0,60.0,15.0,-131.0,-22.0,-72.0,-131.0,-64.0,8.0,-108.0,19.84,96.89,-94.6,63.9,-39.64,-110.46000000000001,-17.93,-68.29,-120.95,-46.09,-8.25,-102.67
2025-08-11T18:35:34.207188,19.0,39.0,-249.0,31.0,66.0,-118.0,-37.0,-42.0,-101.0,-77.0,81.0,-156.0,13.84,3.8900000000000006,-257.6,34.9,11.36,-97.46000000000001,-32.93,-38.29,-90.95,-59.09,64.75,-150.67
2025-08-11T18:35:34.211779,92.0,43.0,-106.0,11.0,-4.0,-132.0,-22.0,-14.0,-101.0,-107.0,19.0,-145.0,86.84,7.890000000000001,-114.6,14.9,-58.64,-111.46000000000001,-17.93,-10.29,-90.95,-89.09,2.75,-139.67
2025-08-11T18:35:34.219686,67.0,68.0,-100.0,12.0,31.0,-169.0,-81.0,-12.0,-75.0,-35.0,-39.0,-147.0,61.84,32.89,-108.6,15.9,-23.64,-148.46,-76.93,-8.29,-64.95,-17.09,-55.25,-141.67
2025-08-11T18:35:34.224148,106.0,45.0,-56.0,46.0,72.0,-125.0,-130.0,37.0,-92.0,-2.0,2.0,-63.0,100.84,9.89,-64.6,49.9,17.36,-104.46000000000001,-125.93,40.71,-81.95,15.91,-14.25,-57.67
2025-08-11T18:35:34.232006,-4.0,8.0,-99.0,-21.0,36.0,-178.0,-87.0,12.0,-130.0,-4.0,79.0,-127.0,-9.16,-27.11,-107.6,-17.1,-18.64,-157.46,-82.93,15.71,-119.95,13.91,62.75,-121.67
2025-08-11T18:35:34.236418,71.0,65.0,-100.0,60.0,-48.0,-204.0,12.0,-48.0,-114.0,-110.0,59.0,-146.0,65.84,29.89,-108.6,63.9,-102.64,-183.46,16.07,-44.29,-103.95,-92.09,42.75,-140.67
2025-08-11T18:35:34.244592,-30.0,55.0,-170.0,61.0,66.0,-179.0,-89.0,-51.0,-90.0,-108.0,7.0,-148.0,-35.16,19.89,-178.6,64.9,11.36,-158.46,-84.93,-47.29,-79.95,-90.09,-9.25,-142.67
2025-08-11T18:35:34.249570,77.0,114.0,-135.0,29.0,35.0,-119.0,-8.0,30.0,-59.0,-58.0,101.0,-109.0,71.84,78.89,-143.6,32.9,-19.64,-98.46000000000001,-3.9299999999999997,33.71,-48.95,-40.09,84.75,-103.67
2025-08-11T18:35:34.256591,93.0,82.0,-100.0,-37.0,14.0,-141.0,-67.0,-37.0,-118.0,-34.0,48.0,-113.0,87.84,46.89,-108.6,-33.1,-40.64,-120.46000000000001,-62.93,-33.29,-107.95,-16.09,31.75,-107.67
2025-08-11T18:35:34.264430,80.0,32.0,-112.0,28.0,60.0,-199.0,-112.0,-4.0,-144.0,29.0,98.0,-164.0,74.84,-3.1099999999999994,-120.6,31.9,5.359999999999999,-178.46,-107.93,-0.29000000000000004,-133.95,46.91,81.75,-158.67
2025-08-11T18:35:34.268958,64.0,86.0,-80.0,1.0,3.0,-160.0,-127.0,-74.0,-187.0,6.0,32.0,-128.0,58.84,50.89,-88.6,4.9,-51.64,-139.46,-122.93,-70.29,-176.95,23.91,15.75,-122.67
2025-08-11T18:35:34.276751,71.0,60.0,-51.0,65.0,13.0,-227.0,6.0,-51.0,-199.0,-92.0,111.0,-196.0,65.84,24.89,-59.6,68.9,-41.64,-206.46,10.07,-47.29,-188.95,-74.09,94.75,-190.67
2025-08-11T18:35:34.281392,23.0,81.0,-179.0,108.0,-50.0,-62.0,-7.0,-103.0,-144.0,-96.0,53.0,-193.0,17.84,45.89,-187.6,111.9,-104.64,-41.46,-2.9299999999999997,-99.29,-133.95,-78.09,36.75,-187.67
2025-08-11T18:35:34.289169,87.0,64.0,-163.0,56.0,23.0,-186.0,-34.0,47.0,-147.0,-32.0,54.0,-201.0,81.84,28.89,-171.6,59.9,-31.64,-165.46,-29.93,50.71,-136.95,-14.09,37.75,-195.67
2025-08-11T18:35:34.293462,156.0,37.0,-138.0,83.0,11.0,-164.0,-100.0,-45.0,-186.0,17.0,36.0,-205.0,150.84,1.8900000000000006,-146.6,86.9,-43.64,-143.46,-95.93,-41.29,-175.95,34.91,19.75,-199.67
2025-08-11T18:35:34.302076,173.0,18.0,-130.0,31.0,-1.0,-167.0,25.0,-74.0,-185.0,-43.0,113.0,-216.0,167.84,-17.11,-138.6,34.9,-55.64,-146.46,29.07,-70.29,-174.95,-25.09,96.75,-210.67
2025-08-11T18:35:34.306542,61.0,86.0,-155.0,137.0,-4.0,-107.0,40.0,-105.0,-176.0,32.0,47.0,-198.0,55.84,50.89,-163.6,140.9,-58.64,-86.46000000000001,44.07,-101.29,-165.95,49.91,30.75,-192.67
2025-08-11T18:35:34.313981,152.0,78.0,-204.0,176.0,28.0,-178.0,64.0,-109.0,-200.0,-88.0,70.0,-243.0,146.84,42.89,-212.6,179.9,-26.64,-157.46,68.07,-105.29,-189.95,-70.09,53.75,-237.67
2025-08-11T18:35:34.321736,237.0,78.0,-224.0,158.0,-49.0,-209.0,11.0,-83.0,-190.0,26.0,63.0,-296.0,231.84,42.89,-232.6,161.9,-103.64,-188.46,15.07,-79.29,-179.95,43.91,46.75,-290.67
2025-08-11T18:35:34.326563,200.0,59.0,-152.0,171.0,-98.0,-211.0,67.0,-137.0,-202.0,-29.0,34.0,-277.0,194.84,23.89,-160.6,174.9,-152.64,-190.46,71.07,-133.29,-191.95,-11.09,17.75,-271.67
2025-08-11T18:35:34.334219,156.0,94.0,-120.0,174.0,6.0,-190.0,-16.0,-28.0,-209.0,12.0,116.0,-282.0,150.84,58.89,-128.6,177.9,-48.64,-169.46,-11.93,-24.29,-198.95,29.91,99.75,-276.67
2025-08-11T18:35:34.338560,158.0,96.0,-226.0,174.0,-39.0,-186.0,25.0,-94.0,-256.0,-29.0,149.0,-292.0,152.84,60.89,-234.6,177.9,-93.64,-165.46,29.07,-90.29,-245.95,-11.09,132.75,-286.67
2025-08-11T18:35:34.346730,267.0,51.0,-239.0,181.0,-100.0,-205.0,8.0,-136.0,-229.0,53.0,32.0,-352.0,261.84,15.89,-247.6,184.9,-154.64,-184.46,12.07,-132.29,-218.95,70.91,15.75,-346.67
2025-08-11T18:35:34.351232,301.0,42.0,-149.0,176.0,-84.0,-198.0,25.0,-181.0,-293.0,-61.0,40.0,-300.0,295.84,6.890000000000001,-157.6,179.9,-138.64,-177.46,29.07,-177.29,-282.95,-43.09,23.75,-294.67
2025-08-11T18:35:34.359054,198.0,72.0,-162.0,197.0,-117.0,-182.0,76.0,-181.0,-335.0,-81.0,117.0,-346.0,192.84,36.89,-170.6,200.9,-171.64,-161.46,80.07,-177.29,-324.95,-63.09,100.75,-340.67
2025-08-11T18:35:34.366990,340.0,53.0,-238.0,221.0,-96.0,-159.0,38.0,-141.0,-285.0,-69.0,73.0,-409.0,334.84,17.89,-246.6,224.9,-150.64,-138.46,42.07,-137.29,-274.95,-51.09,56.75,-403.67
2025-08-11T18:35:34.371184,378.0,93.0,-224.0,254.0,-91.0,-184.0,-14.0,-186.0,-300.0,-3.0,117.0,-420.0,372.84,57.89,-232.6,257.9,-145.64,-163.46,-9.93,-182.29,-289.95,14.91,100.75,-414.67
2025-08-11T18:35:34.379555,273.0,140.0,-251.0,208.0,-189.0,-175.0,72.0,-200.0,-327.0,-29.0,87.0,-376.0,267.84,104.89,-259.6,211.9,-243.64,-154.46,76.07,-196.29,-316.95,-11.09,70.75,-370.67
2025-08-11T18:35:34.384060,383.0,75.0,-276.0,307.0,-133.0,-163.0,2.0,-282.0,-329.0,14.0,76.0,-439.0,377.84,39.89,-284.6,310.9,-187.64,-142.46,6.07,-278.29,-318.95,31.91,59.75,-433.67
2025-08-11T18:35:34.392043,345.0,5.0,-281.0,362.0,-222.0,-182.0,7.0,-274.0,-330.0,-97.0,59.0,-489.0,339.84,-30.11,-289.6,365.9,-276.64,-161.46,11.07,-270.29,-319.95,-79.09,42.75,-483.67
2025-08-11T18:35:34.399631,425.0,65.0,-312.0,310.0,-193.0,-201.0,62.0,-323.0,-364.0,-44.0,66.0,-479.0,419.84,29.89,-320.6,313.9,-247.64,-180.46,66.07,-319.29,-353.95,-26.09,49.75,-473.67
2025-08-11T18:35:34.404208,356.0,94.0,-278.0,303.0,-120.0,-243.0,44.0,-204.0,-348.0,-67.0,103.0,-559.0,350.84,58.89,-286.6,306.9,-174.64,-222.46,48.07,-200.29,-337.95,-49.09,86.75,-553.67
2025-08-11T18:35:34.412261,477.0,-7.0,-299.0,333.0,-132.0,-267.0,77.0,-228.0,-303.0,-84.0,14.0,-435.0,471.84,-42.11,-307.6,336.9,-186.64,-246.46,81.07,-224.29,-292.95,-66.09,-2.25,-429.67
2025-08-11T18:35:34.416802,400.0,113.0,-306.0,307.0,-183.0,-138.0,19.0,-283.0,-380.0,-190.0,110.0,-473.0,394.84,77.89,-314.6,310.9,-237.64,-117.46000000000001,23.07,-279.29,-369.95,-172.09,93.75,-467.67
2025-08-11T18:35:34.424785,428.0,88.0,-279.0,363.0,-246.0,-209.0,37.0,-330.0,-370.0,-107.0,113.0,-501.0,422.84,52.89,-287.6,366.9,-300.64,-188.46,41.07,-326.29,-359.95,-89.09,96.75,-495.67
2025-08-11T18:35:34.432399,394.0,68.0,-267.0,360.0,-198.0,-265.0,37.0,-274.0,-307.0,-41.0,62.0,-500.0,388.84,32.89,-275.6,363.9,-252.64,-244.46,41.07,-270.29,-296.95,-23.09,45.75,-494.67
2025-08-11T18:35:34.436787,358.0,8.0,-298.0,295.0,-124.0,-149.0,57.0,-327.0,-375.0,-11.0,92.0,-530.0,352.84,-27.11,-306.6,298.9,-178.64,-128.46,61.07,-323.29,-364.95,6.91,75.75,-524.67
2025-08-11T18:35:34.444712,411.0,53.0,-370.0,322.0,-200.0,-238.0,57.0,-275.0,-360.0,-57.0,60.0,-517.0,405.84,17.89,-378.6,325.9,-254.64,-217.46,61.07,-271.29,-349.95,-39.09,43.75,-511.67
2025-08-11T18:35:34.449506,438.0,51.0,-277.0,388.0,-199.0,-203.0,-1.0,-283.0,-341.0,-134.0,62.0,-528.0,432.84,15.89,-285.6,391.9,-253.64,-182.46,3.0700000000000003,-279.29,-330.95,-116.09,45.75,-522.67
2025-08-11T18:35:34.457285,459.0,36.0,-281.0,347.0,-155.0,-217.0,2.0,-358.0,-396.0,-43.0,107.0,-492.0,453.84,0.8900000000000006,-289.6,350.9,-209.64,-196.46,6.07,-354.29,-385.95,-25.09,90.75,-486.67
2025-08-11T18:35:34.465330,347.0,0.0,-337.0,350.0,-210.0,-207.0,46.0,-307.0,-294.0,-24.0,101.0,-495.0,341.84,-35.11,-345.6,353.9,-264.64,-186.46,50.07,-303.29,-283.95,-6.09,84.75,-489.67
2025-08-11T18:35:34.469784,429.0,8.0,-295.0,365.0,-175.0,-193.0,1.0,-261.0,-370.0,-105.0,91.0,-503.0,423.84,-27.11,-303.6,368.9,-229.64,-172.46,5.07,-257.29,-359.95,-87.09,74.75,-497.67
2025-08-11T18:35:34.477521,459.0,-33.0,-235.0,322.0,-254.0,-235.0,96.0,-302.0,-355.0,-13.0,34.0,-531.0,453.84,-68.11,-243.6,325.9,-308.64,-214.46,100.07,-298.29,-344.95,4.91,17.75,-525.67
2025-08-11T18:35:34.482258,365.0,123.0,-301.0,361.0,-210.0,-193.0,65.0,-302.0,-343.0,-62.0,65.0,-552.0,359.84,87.89,-309.6,364.9,-264.64,-172.46,69.07,-298.29,-332.95,-44.09,48.75,-546.67
2025-08-11T18:35:34.489964,486.0,44.0,-343.0,307.0,-148.0,-227.0,-10.0,-328.0,-358.0,-66.0,112.0,-540.0,480.84,8.89,-351.6,310.9,-202.64,-206.46,-5.93,-324.29,-347.95,-48.09,95.75,-534.67
2025-08-11T18:35:34.497873,428.0,-34.0,-241.0,366.0,-232.0,-209.0,55.0,-321.0,-325.0,-38.0,63.0,-496.0,422.84,-69.11,-249.6,369.9,-286.64,-188.46,59.07,-317.29,-314.95,-20.09,46.75,-490.67
2025-08-11T18:35:34.502680,387.0,5.0,-304.0,365.0,-151.0,-253.0,-18.0,-247.0,-370.0,-110.0,111.0,-515.0,381.84,-30.11,-312.6,368.9,-205.64,-232.46,-13.93,-243.29,-359.95,-92.09,94.75,-509.67
2025-08-11T18:35:34.510210,456.0,66.0,-331.0,323.0,-181.0,-201.0,37.0,-254.0,-375.0,-89.0,110.0,-522.0,450.84,30.89,-339.6,326.9,-235.64,-180.46,41.07,-250.29,-364.95,-71.09,93.75,-516.67
2025-08-11T18:35:34.515085,473.0,4.0,-275.0,416.0,-161.0,-220.0,5.0,-375.0,-330.0,-89.0,35.0,-516.0,467.84,-31.11,-283.6,419.9,-215.64,-199.46,9.07,-371.29,-319.95,-71.09,18.75,-510.67
2025-08-11T18:35:34.522885,398.0,70.0,-257.0,380.0,-200.0,-202.0,42.0,-299.0,-302.0,-12.0,103.0,-476.0,392.84,34.89,-265.6,383.9,-254.64,-181.46,46.07,-295.29,-291.95,5.91,86.75,-470.67
2025-08-11T18:35:34.530749,483.0,56.0,-287.0,342.0,-174.0,-232.0,40.0,-300.0,-360.0,-74.0,58.0,-486.0,477.84,20.89,-295.6,345.9,-228.64,-211.46,44.07,-296.29,-349.95,-56.09,41.75,-480.67
2025-08-11T18:35:34.535270,495.0,35.0,-272.0,320.0,-194.0,-232.0,108.0,-323.0,-321.0,-67.0,143.0,-513.0,489.84,-0.10999999999999943,-280.6,323.9,-248.64,-211.46,112.07,-319.29,-310.95,-49.09,126.75,-507.67
2025-08-11T18:35:34.543010,388.0,105.0,-295.0,365.0,-181.0,-223.0,65.0,-412.0,-319.0,-53.0,25.0,-459.0,382.84,69.89,-303.6,368.9,-235.64,-202.46,69.07,-408.29,-308.95,-35.09,8.75,-453.67
2025-08-11T18:35:34.547807,424.0,25.0,-378.0,350.0,-200.0,-181.0,-5.0,-344.0,-375.0,-56.0,145.0,-470.0,418.84,-10.11,-386.6,353.9,-254.64,-160.46,-0.9299999999999997,-340.29,-364.95,-38.09,128.75,-464.67
2025-08-11T18:35:34.555448,432.0,24.0,-302.0,305.0,-179.0,-160.0,16.0,-322.0,-391.0,-12.0,110.0,-511.0,426.84,-11.11,-310.6,308.9,-233.64,-139.46,20.07,-318.29,-380.95,5.91,93.75,-505.67
2025-08-11T18:35:34.563419,386.0,22.0,-271.0,364.0,-178.0,-203.0,73.0,-347.0,-341.0,-65.0,95.0,-454.0,380.84,-13.11,-279.6,367.9,-232.64,-182.46,77.07,-343.29,-330.95,-47.09,78.75,-448.67
2025-08-11T18:35:34.567883,403.0,94.0,-340.0,374.0,-239.0,-178.0,37.0,-347.0,-316.0,-62.0,67.0,-459.0,397.84,58.89,-348.6,377.9,-293.64,-157.46,41.07,-343.29,-305.95,-44.09,50.75,-453.67
2025-08-11T18:35:34.575813,332.0,44.0,-305.0,374.0,-197.0,-215.0,-18.0,-280.0,-340.0,-43.0,59.0,-519.0,326.84,8.89,-313.6,377.9,-251.64,-194.46,-13.93,-276.29,-329.95,-25.09,42.75,-513.67
2025-08-11T18:35:34.580633,346.0,111.0,-267.0,346.0,-198.0,-209.0,73.0,-366.0,-348.0,17.0,93.0,-455.0,340.84,75.89,-275.6,349.9,-252.64,-188.46,77.07,-362.29,-337.95,34.91,76.75,-449.67
2025-08-11T18:35:34.588383,484.0,16.0,-298.0,377.0,-207.0,-169.0,-1.0,-315.0,-338.0,-55.0,121.0,-447.0,478.84,-19.11,-306.6,380.9,-261.64,-148.46,3.0700000000000003,-311.29,-327.95,-37.09,104.75,-441.67
2025-08-11T18:35:34.596252,497.0,-23.0,-304.0,297.0,-224.0,-223.0,10.0,-259.0,-344.0,-58.0,134.0,-545.0,491.84,-58.11,-312.6,300.9,-278.64,-202.46,14.07,-255.29,-333.95,-40.09,117.75,-539.67
2025-08-11T18:35:34.600731,390.0,133.0,-289.0,363.0,-170.0,-227.0,19.0,-262.0,-331.0,-11.0,21.0,-522.0,384.84,97.89,-297.6,366.9,-224.64,-206.46,23.07,-258.29,-320.95,6.91,4.75,-516.67
2025-08-11T18:35:34.608528,396.0,65.0,-343.0,302.0,-225.0,-212.0,10.0,-370.0,-312.0,-60.0,81.0,-441.0,390.84,29.89,-351.6,305.9,-279.64,-191.46,14.07,-366.29,-301.95,-42.09,64.75,-435.67
2025-08-11T18:35:34.612720,469.0,54.0,-405.0,336.0,-206.0,-211.0,-6.0,-350.0,-325.0,-96.0,113.0,-557.0,463.84,18.89,-413.6,339.9,-260.64,-190.46,-1.9299999999999997,-346.29,-314.95,-78.09,96.75,-551.67
2025-08-11T18:35:34.620843,363.0,60.0,-211.0,337.0,-145.0,-174.0,27.0,-305.0,-400.0,-53.0,105.0,-404.0,357.84,24.89,-219.6,340.9,-199.64,-153.46,31.07,-301.29,-389.95,-35.09,88.75,-398.67
2025-08-11T18:35:34.628955,474.0,81.0,-284.0,283.0,-137.0,-212.0,7.0,-339.0,-389.0,-21.0,141.0,-479.0,468.84,45.89,-292.6,286.9,-191.64,-191.46,11.07,-335.29,-378.95,-3.09,124.75,-473.67
2025-08-11T18:35:34.633519,336.0,-2.0,-287.0,345.0,-186.0,-205.0,39.0,-341.0,-309.0,-55.0,57.0,-543.0,330.84,-37.11,-295.6,348.9,-240.64,-184.46,43.07,-337.29,-298.95,-37.09,40.75,-537.67
2025-08-11T18:35:34.641510,362.0,36.0,-290.0,299.0,-189.0,-219.0,17.0,-270.0,-364.0,-43.0,98.0,-508.0,356.84,0.8900000000000006,-298.6,302.9,-243.64,-198.46,21.07,-266.29,-353.95,-25.09,81.75,-502.67
2025-08-11T18:35:34.646094,515.0,56.0,-334.0,299.0,-158.0,-211.0,72.0,-328.0,-369.0,-63.0,68.0,-461.0,509.84,20.89,-342.6,302.9,-212.64,-190.46,76.07,-324.29,-358.95,-45.09,51.75,-455.67
2025-08-11T18:35:34.653591,448.0,14.0,-250.0,308.0,-187.0,-263.0,-40.0,-366.0,-313.0,-20.0,98.0,-533.0,442.84,-21.11,-258.6,311.9,-241.64,-242.46,-35.93,-362.29,-302.95,-2.09,81.75,-527.67
2025-08-11T18:35:34.661760,446.0,26.0,-263.0,374.0,-221.0,-230.0,44.0,-311.0,-348.0,-75.0,65.0,-494.0,440.84,-9.11,-271.6,377.9,-275.64,-209.46,48.07,-307.29,-337.95,-57.09,48.75,-488.67
2025-08-11T18:35:34.665925,424.0,34.0,-294.0,343.0,-160.0,-177.0,30.0,-346.0,-356.0,-62.0,75.0,-468.0,418.84,-1.1099999999999994,-302.6,346.9,-214.64,-156.46,34.07,-342.29,-345.95,-44.09,58.75,-462.67
2025-08-11T18:35:34.674279,432.0,19.0,-327.0,357.0,-179.0,-197.0,83.0,-317.0,-349.0,-70.0,91.0,-505.0,426.84,-16.11,-335.6,360.9,-233.64,-176.46,87.07,-313.29,-338.95,-52.09,74.75,-499.67
2025-08-11T18:35:34.678945,442.0,63.0,-257.0,297.0,-229.0,-255.0,-42.0,-347.0,-379.0,-42.0,92.0,-477.0,436.84,27.89,-265.6,300.9,-283.64,-234.46,-37.93,-343.29,-368.95,-24.09,75.75,-471.67
2025-08-11T18:35:34.686783,444.0,75.0,-387.0,352.0,-258.0,-224.0,105.0,-319.0,-361.0,0.0,72.0,-543.0,438.84,39.89,-395.6,355.9,-312.64,-203.46,109.07,-315.29,-350.95,17.91,55.75,-537.67
2025-08-11T18:35:34.694480,419.0,-11.0,-244.0,289.0,-218.0,-154.0,54.0,-388.0,-337.0,-39.0,143.0,-531.0,413.84,-46.11,-252.6,292.9,-272.64,-133.46,58.07,-384.29,-326.95,-21.09,126.75,-525.67
2025-08-11T18:35:34.699312,380.0,58.0,-320.0,277.0,-207.0,-194.0,10.0,-375.0,-371.0,-12.0,67.0,-488.0,374.84,22.89,-328.6,280.9,-261.64,-173.46,14.07,-371.29,-360.95,5.91,50.75,-482.67
2025-08-11T18:35:34.707077,437.0,52.0,-322.0,353.0,-220.0,-175.0,43.0,-290.0,-343.0,-58.0,183.0,-464.0,431.84,16.89,-330.6,356.9,-274.64,-154.46,47.07,-286.29,-332.95,-40.09,166.75,-458.67
2025-08-11T18:35:34.711624,443.0,72.0,-338.0,347.0,-176.0,-192.0,36.0,-389.0,-326.0,-64.0,58.0,-495.0,437.84,36.89,-346.6,350.9,-230.64,-171.46,40.07,-385.29,-315.95,-46.09,41.75,-489.67
2025-08-11T18:35:34.719547,495.0,45.0,-292.0,320.0,-180.0,-261.0,0.0,-320.0,-332.0,-17.0,151.0,-537.0,489.84,9.89,-300.6,323.9,-234.64,-240.46,4.07,-316.29,-321.95,0.9100000000000001,134.75,-531.67
2025-08-11T18:35:34.727373,451.0,98.0,-336.0,300.0,-154.0,-185.0,48.0,-289.0,-395.0,-85.0,138.0,-528.0,445.84,62.89,-344.6,303.9,-208.64,-164.46,52.07,-285.29,-384.95,-67.09,121.75,-522.67
2025-08-11T18:35:34.732068,397.0,-2.0,-285.0,352.0,-183.0,-182.0,-2.0,-328.0,-297.0,-14.0,91.0,-465.0,391.84,-37.11,-293.6,355.9,-237.64,-161.46,2.0700000000000003,-324.29,-286.95,3.91,74.75,-459.67
2025-08-11T18:35:34.739814,471.0,64.0,-272.0,339.0,-204.0,-206.0,4.0,-275.0,-410.0,-96.0,147.0,-491.0,465.84,28.89,-280.6,342.9,-258.64,-185.46,8.07,-271.29,-399.95,-78.09,130.75,-485.67
2025-08-11T18:35:34.744983,398.0,114.0,-330.0,320.0,-193.0,-233.0,106.0,-343.0,-383.0,-84.0,71.0,-522.0,392.84,78.89,-338.6,323.9,-247.64,-212.46,110.07,-339.29,-372.95,-66.09,54.75,-516.67
2025-08-11T18:35:34.752363,418.0,5.0,-334.0,351.0,-183.0,-194.0,-40.0,-281.0,-380.0,-11.0,205.0,-488.0,412.84,-30.11,-342.6,354.9,-237.64,-173.46,-35.93,-277.29,-369.95,6.91,188.75,-482.67
2025-08-11T18:35:34.759973,396.0,96.0,-314.0,362.0,-170.0,-240.0,63.0,-354.0,-350.0,-82.0,71.0,-420.0,390.84,60.89,-322.6,365.9,-224.64,-219.46,67.07,-350.29,-339.95,-64.09,54.75,-414.67
2025-08-11T18:35:34.765284,430.0,94.0,-354.0,318.0,-213.0,-223.0,41.0,-297.0,-320.0,-143.0,133.0,-421.0,424.84,58.89,-362.6,321.9,-267.64,-202.46,45.07,-293.29,-309.95,-125.09,116.75,-415.67
2025-08-11T18:35:34.772452,497.0,11.0,-309.0,406.0,-194.0,-247.0,-45.0,-314.0,-345.0,-71.0,126.0,-505.0,491.84,-24.11,-317.6,409.9,-248.64,-226.46,-40.93,-310.29,-334.95,-53.09,109.75,-499.67
2025-08-11T18:35:34.776996,562.0,96.0,-361.0,396.0,-131.0,-194.0,7.0,-318.0,-321.0,-40.0,93.0,-467.0,556.84,60.89,-369.6,399.9,-185.64,-173.46,11.07,-314.29,-310.95,-22.09,76.75,-461.67
2025-08-11T18:35:34.784930,355.0,-6.0,-311.0,383.0,-222.0,-218.0,11.0,-400.0,-347.0,-75.0,109.0,-504.0,349.84,-41.11,-319.6,386.9,-276.64,-197.46,15.07,-396.29,-336.95,-57.09,92.75,-498.67
2025-08-11T18:35:34.792740,431.0,91.0,-339.0,346.0,-232.0,-213.0,-2.0,-372.0,-304.0,-17.0,58.0,-483.0,425.84,55.89,-347.6,349.9,-286.64,-192.46,2.0700000000000003,-368.29,-293.95,0.9100000000000001,41.75,-477.67
2025-08-11T18:35:34.797412,366.0,16.0,-344.0,332.0,-162.0,-206.0,36.0,-332.0,-367.0,-51.0,47.0,-479.0,360.84,-19.11,-352.6,335.9,-216.64,-185.46,40.07,-328.29,-356.95,-33.09,30.75,-473.67
2025-08-11T18:35:34.805263,449.0,37.0,-339.0,288.0,-179.0,-179.0,22.0,-337.0,-312.0,-45.0,88.0,-489.0,443.84,1.8900000000000006,-347.6,291.9,-233.64,-158.46,26.07,-333.29,-301.95,-27.09,71.75,-483.67
2025-08-11T18:35:34.809915,404.0,88.0,-291.0,303.0,-199.0,-205.0,70.0,-321.0,-378.0,-19.0,96.0,-458.0,398.84,52.89,-299.6,306.9,-253.64,-184.46,74.07,-317.29,-367.95,-1.0899999999999999,79.75,-452.67
2025-08-11T18:35:34.817855,362.0,31.0,-292.0,361.0,-196.0,-181.0,-39.0,-292.0,-351.0,-23.0,4.0,-495.0,356.84,-4.109999999999999,-300.6,364.9,-250.64,-160.46,-34.93,-288.29,-340.95,-5.09,-12.25,-489.67
2025-08-11T18:35:34.822095,428.0,53.0,-273.0,289.0,-121.0,-228.0,64.0,-353.0,-376.0,-72.0,128.0,-515.0,422.84,17.89,-281.6,292.9,-175.64,-207.46,68.07,-349.29,-365.95,-54.09,111.75,-509.67
2025-08-11T18:35:34.829780,431.0,32.0,-276.0,288.0,-144.0,-242.0,-9.0,-298.0,-293.0,-70.0,141.0,-554.0,425.84,-3.1099999999999994,-284.6,291.9,-198.64,-221.46,-4.93,-294.29,-282.95,-52.09,124.75,-548.67
2025-08-11T18:35:34.837895,418.0,70.0,-328.0,329.0,-193.0,-174.0,-16.0,-265.0,-367.0,-67.0,67.0,-529.0,412.84,34.89,-336.6,332.9,-247.64,-153.46,-11.93,-261.29,-356.95,-49.09,50.75,-523.67
2025-08-11T18:35:34.842609,386.0,82.0,-370.0,299.0,-166.0,-243.0,62.0,-338.0,-344.0,-106.0,110.0,-459.0,380.84,46.89,-378.6,302.9,-220.64,-222.46,66.07,-334.29,-333.95,-88.09,93.75,-453.67
2025-08-11T18:35:34.850564,417.0,35.0,-338.0,391.0,-214.0,-215.0,20.0,-375.0,-380.0,-18.0,107.0,-498.0,411.84,-0.10999999999999943,-346.6,394.9,-268.64,-194.46,24.07,-371.29,-369.95,-0.08999999999999986,90.75,-492.67
2025-08-11T18:35:34.854785,366.0,-2.0,-296.0,325.0,-254.0,-230.0,65.0,-277.0,-318.0,-1.0,67.0,-492.0,360.84,-37.11,-304.6,328.9,-308.64,-209.46,69.07,-273.29,-307.95,16.91,50.75,-486.67
2025-08-11T18:35:34.862859,401.0,90.0,-347.0,373.0,-193.0,-209.0,74.0,-349.0,-308.0,-12.0,113.0,-507.0,395.84,54.89,-355.6,376.9,-247.64,-188.46,78.07,-345.29,-297.95,5.91,96.75,-501.67
2025-08-11T18:35:34.870644,416.0,-2.0,-352.0,319.0,-153.0,-222.0,16.0,-364.0,-266.0,-67.0,157.0,-498.0,410.84,-37.11,-360.6,322.9,-207.64,-201.46,20.07,-360.29,-255.95,-49.09,140.75,-492.67
2025-08-11T18:35:34.875212,396.0,95.0,-183.0,375.0,-156.0,-202.0,45.0,-299.0,-334.0,-79.0,115.0,-509.0,390.84,59.89,-191.6,378.9,-210.64,-181.46,49.07,-295.29,-323.95,-61.09,98.75,-503.67
2025-08-11T18:35:34.883243,363.0,50.0,-332.0,363.0,-163.0,-214.0,29.0,-325.0,-296.0,-88.0,61.0,-500.0,357.84,14.89,-340.6,366.9,-217.64,-193.46,33.07,-321.29,-285.95,-70.09,44.75,-494.67
2025-08-11T18:35:34.887330,429.0,64.0,-340.0,374.0,-188.0,-179.0,94.0,-344.0,-379.0,-33.0,87.0,-529.0,423.84,28.89,-348.6,377.9,-242.64,-158.46,98.07,-340.29,-368.95,-15.09,70.75,-523.67
2025-08-11T18:35:34.895721,441.0,64.0,-335.0,394.0,-183.0,-229.0,10.0,-268.0,-332.0,-76.0,83.0,-482.0,435.84,28.89,-343.6,397.9,-237.64,-208.46,14.07,-264.29,-321.95,-58.09,66.75,-476.67
2025-08-11T18:35:34.903402,467.0,54.0,-308.0,339.0,-198.0,-209.0,-41.0,-328.0,-387.0,-82.0,100.0,-480.0,461.84,18.89,-316.6,342.9,-252.64,-188.46,-36.93,-324.29,-376.95,-64.09,83.75,-474.67
2025-08-11T18:35:34.907689,391.0,16.0,-348.0,406.0,-235.0,-190.0,-15.0,-384.0,-314.0,-19.0,159.0,-486.0,385.84,-19.11,-356.6,409.9,-289.64,-169.46,-10.93,-380.29,-303.95,-1.0899999999999999,142.75,-480.67
2025-08-11T18:35:34.915872,408.0,-2.0,-277.0,303.0,-252.0,-231.0,66.0,-372.0,-386.0,-24.0,125.0,-483.0,402.84,-37.11,-285.6,306.9,-306.64,-210.46,70.07,-368.29,-375.95,-6.09,108.75,-477.67
2025-08-11T18:35:34.920077,443.0,111.0,-372.0,386.0,-157.0,-221.0,59.0,-284.0,-370.0,-29.0,103.0,-496.0,437.84,75.89,-380.6,389.9,-211.64,-200.46,63.07,-280.29,-359.95,-11.09,86.75,-490.67
2025-08-11T18:35:34.928303,457.0,41.0,-274.0,344.0,-177.0,-207.0,-2.0,-332.0,-381.0,3.0,197.0,-484.0,451.84,5.890000000000001,-282.6,347.9,-231.64,-186.46,2.0700000000000003,-328.29,-370.95,20.91,180.75,-478.67
2025-08-11T18:35:34.936142,469.0,21.0,-256.0,367.0,-218.0,-253.0,5.0,-279.0,-375.0,-86.0,77.0,-492.0,463.84,-14.11,-264.6,370.9,-272.64,-232.46,9.07,-275.29,-364.95,-68.09,60.75,-486.67
2025-08-11T18:35:34.940336,370.0,79.0,-321.0,323.0,-185.0,-179.0,39.0,-312.0,-443.0,-127.0,85.0,-517.0,364.84,43.89,-329.6,326.9,-239.64,-158.46,43.07,-308.29,-432.95,-109.09,68.75,-511.67
2025-08-11T18:35:34.949020,434.0,38.0,-313.0,364.0,-183.0,-260.0,22.0,-320.0,-371.0,-84.0,113.0,-574.0,428.84,2.8900000000000006,-321.6,367.9,-237.64,-239.46,26.07,-316.29,-360.95,-66.09,96.75,-568.67
2025-08-11T18:35:34.953238,451.0,30.0,-319.0,385.0,-208.0,-163.0,8.0,-293.0,-327.0,-60.0,84.0,-440.0,445.84,-5.109999999999999,-327.6,388.9,-262.64,-142.46,12.07,-289.29,-316.95,-42.09,67.75,-434.67
2025-08-11T18:35:34.961907,396.0,19.0,-263.0,342.0,-146.0,-201.0,103.0,-316.0,-354.0,-90.0,109.0,-503.0,390.84,-16.11,-271.6,345.9,-200.64,-180.46,107.07,-312.29,-343.95,-72.09,92.75,-497.67
2025-08-11T18:35:34.968915,470.0,42.0,-272.0,317.0,-173.0,-210.0,46.0,-340.0,-310.0,-28.0,144.0,-539.0,464.84,6.890000000000001,-280.6,320.9,-227.64,-189.46,50.07,-336.29,-299.95,-10.09,127.75,-533.67
2025-08-11T18:35:34.973159,519.0,55.0,-273.0,355.0,-131.0,-228.0,8.0,-335.0,-355.0,4.0,92.0,-540.0,513.84,19.89,-281.6,358.9,-185.64,-207.46,12.07,-331.29,-344.95,21.91,75.75,-534.67
2025-08-11T18:35:34.981300,446.0,127.0,-300.0,385.0,-196.0,-234.0,29.0,-366.0,-380.0,-1.0,36.0,-563.0,440.84,91.89,-308.6,388.9,-250.64,-213.46,33.07,-362.29,-369.95,16.91,19.75,-557.67
2025-08-11T18:35:34.985702,452.0,130.0,-335.0,358.0,-117.0,-202.0,4.0,-322.0,-324.0,2.0,158.0,-562.0,446.84,94.89,-343.6,361.9,-171.64,-181.46,8.07,-318.29,-313.95,19.91,141.75,-556.67
2025-08-11T18:35:34.994223,468.0,-29.0,-235.0,302.0,-140.0,-182.0,46.0,-314.0,-388.0,18.0,149.0,-463.0,462.84,-64.11,-243.6,305.9,-194.64,-161.46,50.07,-310.29,-377.95,35.91,132.75,-457.67
2025-08-11T18:35:35.002731,421.0,82.0,-276.0,323.0,-180.0,-226.0,79.0,-323.0,-325.0,-81.0,107.0,-490.0,415.84,46.89,-284.6,326.9,-234.64,-205.46,83.07,-319.29,-314.95,-63.09,90.75,-484.67
2025-08-11T18:35:35.006128,342.0,46.0,-399.0,379.0,-212.0,-217.0,46.0,-350.0,-355.0,-30.0,120.0,-546.0,336.84,10.89,-407.6,382.9,-266.64,-196.46,50.07,-346.29,-344.95,-12.09,103.75,-540.67
2025-08-11T18:35:35.014368,487.0,1.0,-365.0,307.0,-250.0,-234.0,61.0,-329.0,-367.0,-46.0,30.0,-529.0,481.84,-34.11,-373.6,310.9,-304.64,-213.46,65.07,-325.29,-356.95,-28.09,13.75,-523.67
2025-08-11T18:35:35.018576,391.0,116.0,-316.0,371.0,-206.0,-270.0,34.0,-350.0,-331.0,-47.0,127.0,-527.0,385.84,80.89,-324.6,374.9,-260.64,-249.46,38.07,-346.29,-320.95,-29.09,110.75,-521.67
2025-08-11T18:35:35.026833,491.0,128.0,-334.0,322.0,-181.0,-253.0,67.0,-289.0,-362.0,-7.0,87.0,-573.0,485.84,92.89,-342.6,325.9,-235.64,-232.46,71.07,-285.29,-351.95,10.91,70.75,-567.67
2025-08-11T18:35:35.034440,446.0,29.0,-303.0,318.0,-242.0,-162.0,65.0,-323.0,-321.0,-59.0,57.0,-457.0,440.84,-6.109999999999999,-311.6,321.9,-296.64,-141.46,69.07,-319.29,-310.95,-41.09,40.75,-451.67
2025-08-11T18:35:35.038950,435.0,79.0,-246.0,322.0,-228.0,-175.0,12.0,-324.0,-363.0,-67.0,139.0,-481.0,429.84,43.89,-254.6,325.9,-282.64,-154.46,16.07,-320.29,-352.95,-49.09,122.75,-475.67
2025-08-11T18:35:35.046842,399.0,96.0,-325.0,413.0,-218.0,-180.0,59.0,-252.0,-380.0,-27.0,94.0,-536.0,393.84,60.89,-333.6,416.9,-272.64,-159.46,63.07,-248.29,-369.95,-9.09,77.75,-530.67
2025-08-11T18:35:35.051221,426.0,3.0,-323.0,295.0,-191.0,-233.0,117.0,-287.0,-369.0,-29.0,56.0,-530.0,420.84,-32.11,-331.6,298.9,-245.64,-212.46,121.07,-283.29,-358.95,-11.09,39.75,-524.67
2025-08-11T18:35:35.059388,340.0,119.0,-227.0,304.0,-175.0,-167.0,-15.0,-263.0,-334.0,-110.0,145.0,-539.0,334.84,83.89,-235.6,307.9,-229.64,-146.46,-10.93,-259.29,-323.95,-92.09,128.75,-533.67
2025-08-11T18:35:35.067200,411.0,82.0,-355.0,336.0,-170.0,-172.0,33.0,-238.0,-367.0,-10.0,81.0,-464.0,405.84,46.89,-363.6,339.9,-224.64,-151.46,37.07,-234.29,-356.95,7.91,64.75,-458.67
2025-08-11T18:35:35.071816,379.0,54.0,-282.0,341.0,-175.0,-200.0,75.0,-321.0,-316.0,-50.0,130.0,-437.0,373.84,18.89,-290.6,344.9,-229.64,-179.46,79.07,-317.29,-305.95,-32.09,113.75,-431.67
2025-08-11T18:35:35.079769,395.0,82.0,-267.0,313.0,-167.0,-232.0,-30.0,-208.0,-318.0,-121.0,119.0,-436.0,389.84,46.89,-275.6,316.9,-221.64,-211.46,-25.93,-204.29,-307.95,-103.09,102.75,-430.67
2025-08-11T18:35:35.083847,401.0,71.0,-287.0,207.0,-162.0,-142.0,4.0,-133.0,-287.0,14.0,101.0,-437.0,395.84,35.89,-295.6,210.9,-216.64,-121.46000000000001,8.07,-129.29,-276.95,31.91,84.75,-431.67
2025-08-11T18:35:35.092445,284.0,48.0,-202.0,281.0,-91.0,-206.0,37.0,-200.0,-269.0,-38.0,-2.0,-385.0,278.84,12.89,-210.6,284.9,-145.64,-185.46,41.07,-196.29,-258.95,-20.09,-18.25,-379.67
2025-08-11T18:35:35.100088,268.0,78.0,-231.0,226.0,-82.0,-152.0,45.0,-218.0,-231.0,-128.0,90.0,-399.0,262.84,42.89,-239.6,229.9,-136.64,-131.46,49.07,-214.29,-220.95,-110.09,73.75,-393.67
2025-08-11T18:35:35.105009,279.0,55.0,-222.0,266.0,-69.0,-114.0,-32.0,-183.0,-286.0,14.0,127.0,-351.0,273.84,19.89,-230.6,269.9,-123.64,-93.46000000000001,-27.93,-179.29,-275.95,31.91,110.75,-345.67
2025-08-11T18:35:35.112579,318.0,-43.0,-164.0,137.0,-88.0,-120.0,42.0,-181.0,-291.0,-17.0,76.0,-320.0,312.84,-78.11,-172.6,140.9,-142.64,-99.46000000000001,46.07,-177.29,-280.95,0.9100000000000001,59.75,-314.67
2025-08-11T18:35:35.117008,247.0,124.0,-144.0,222.0,-33.0,-151.0,79.0,-166.0,-177.0,-44.0,56.0,-272.0,241.84,88.89,-152.6,225.9,-87.64,-130.46,83.07,-162.29,-166.95,-26.09,39.75,-266.67
2025-08-11T18:35:35.125119,269.0,5.0,-222.0,146.0,-82.0,-146.0,67.0,-158.0,-217.0,-29.0,94.0,-332.0,263.84,-30.11,-230.6,149.9,-136.64,-125.46000000000001,71.07,-154.29,-206.95,-11.09,77.75,-326.67
2025-08-11T18:35:35.129183,299.0,-9.0,-219.0,136.0,-91.0,-146.0,56.0,-90.0,-228.0,20.0,74.0,-271.0,293.84,-44.11,-227.6,139.9,-145.64,-125.46000000000001,60.07,-86.29,-217.95,37.91,57.75,-265.67
2025-08-11T18:35:35.137431,174.0,107.0,-164.0,145.0,43.0,-195.0,22.0,-140.0,-211.0,-34.0,20.0,-256.0,168.84,71.89,-172.6,148.9,-11.64,-174.46,26.07,-136.29,-200.95,-16.09,3.75,-250.67
2025-08-11T18:35:35.145084,181.0,28.0,-212.0,157.0,-7.0,-168.0,25.0,-83.0,-153.0,-65.0,1.0,-281.0,175.84,-7.109999999999999,-220.6,160.9,-61.64,-147.46,29.07,-79.29,-142.95,-47.09,-15.25,-275.67
2025-08-11T18:35:35.150251,236.0,8.0,-157.0,164.0,-103.0,-146.0,-4.0,-52.0,-228.0,-16.0,36.0,-241.0,230.84,-27.11,-165.6,167.9,-157.64,-125.46000000000001,0.07000000000000028,-48.29,-217.95,1.9100000000000001,19.75,-235.67
2025-08-11T18:35:35.157608,201.0,57.0,-121.0,114.0,-46.0,-171.0,35.0,-108.0,-210.0,-37.0,25.0,-191.0,195.84,21.89,-129.6,117.9,-100.64,-150.46,39.07,-104.29,-199.95,-19.09,8.75,-185.67
2025-08-11T18:35:35.162464,185.0,27.0,-143.0,60.0,6.0,-113.0,-32.0,-82.0,-175.0,-48.0,35.0,-255.0,179.84,-8.11,-151.6,63.9,-48.64,-92.46000000000001,-27.93,-78.29,-164.95,-30.09,18.75,-249.67
2025-08-11T18:35:35.170172,97.0,84.0,-101.0,48.0,38.0,-105.0,-26.0,-71.0,-175.0,-71.0,45.0,-264.0,91.84,48.89,-109.6,51.9,-16.64,-84.46000000000001,-21.93,-67.29,-164.95,-53.09,28.75,-258.67
2025-08-11T18:35:35.174683,137.0,99.0,-164.0,30.0,1.0,-175.0,8.0,-124.0,-234.0,-58.0,37.0,-182.0,131.84,63.89,-172.6,33.9,-53.64,-154.46,12.07,-120.29,-223.95,-40.09,20.75,-176.67
2025-08-11T18:35:35.182562,173.0,14.0,-179.0,139.0,-104.0,-131.0,39.0,-7.0,-178.0,-52.0,95.0,-222.0,167.84,-21.11,-187.6,142.9,-158.64,-110.46000000000001,43.07,-3.29,-167.95,-34.09,78.75,-216.67
2025-08-11T18:35:35.190105,156.0,53.0,-139.0,-10.0,56.0,-196.0,-25.0,-32.0,-189.0,-124.0,-51.0,-95.0,150.84,17.89,-147.6,-6.1,1.3599999999999994,-175.46,-20.93,-28.29,-178.95,-106.09,-67.25,-89.67
2025-08-11T18:35:35.194616,36.0,93.0,-140.0,59.0,-11.0,-189.0,-9.0,-21.0,-122.0,-64.0,46.0,-147.0,30.84,57.89,-148.6,62.9,-65.64,-168.46,-4.93,-17.29,-111.95,-46.09,29.75,-141.67
2025-08-11T18:35:35.202270,47.0,89.0,-62.0,73.0,1.0,-184.0,-4.0,-9.0,-155.0,-27.0,62.0,-159.0,41.84,53.89,-70.6,76.9,-53.64,-163.46,0.07000000000000028,-5.29,-144.95,-9.09,45.75,-153.67
2025-08-11T18:35:35.206504,62.0,63.0,-146.0,106.0,-21.0,-158.0,40.0,9.0,-126.0,-62.0,-20.0,-172.0,56.84,27.89,-154.6,109.9,-75.64,-137.46,44.07,12.71,-115.95,-44.09,-36.25,-166.67
2025-08-11T18:35:35.214606,122.0,32.0,-136.0,79.0,-15.0,-101.0,10.0,-13.0,-126.0,-106.0,79.0,-149.0,116.84,-3.1099999999999994,-144.6,82.9,-69.64,-80.46000000000001,14.07,-9.29,-115.95,-88.09,62.75,-143.67
2025-08-11T18:35:35.219981,75.0,-25.0,-102.0,-35.0,83.0,-109.0,-75.0,-22.0,-217.0,-83.0,-15.0,-105.0,69.84,-60.11,-110.6,-31.1,28.36,-88.46000000000001,-70.93,-18.29,-206.95,-65.09,-31.25,-99.67
2025-08-11T18:35:35.226972,73.0,53.0,-118.0,-11.0,-31.0,-164.0,-62.0,-25.0,-97.0,-90.0,87.0,-121.0,67.84,17.89,-126.6,-7.1,-85.64,-143.46,-57.93,-21.29,-86.95,-72.09,70.75,-115.67
2025-08-11T18:35:35.232339,78.0,79.0,-11.0,-53.0,-11.0,-132.0,-17.0,-22.0,-119.0,-4.0,47.0,-102.0,72.84,43.89,-19.6,-49.1,-65.64,-111.46000000000001,-12.93,-18.29,-108.95,13.91,30.75,-96.67
2025-08-11T18:35:35.239346,31.0,54.0,-128.0,29.0,6.0,-170.0,-23.0,6.0,-173.0,-76.0,87.0,-192.0,25.84,18.89,-136.6,32.9,-48.64,-149.46,-18.93,9.71,-162.95,-58.09,70.75,-186.67
2025-08-11T18:35:35.244626,88.0,49.0,-176.0,35.0,-2.0,-146.0,24.0,13.0,-176.0,-22.0,37.0,-182.0,82.84,13.89,-184.6,38.9,-56.64,-125.46000000000001,28.07,16.71,-165.95,-4.09,20.75,-176.67
2025-08-11T18:35:35.251647,69.0,-9.0,-99.0,6.0,-7.0,-31.0,-31.0,-52.0,-125.0,-76.0,21.0,-116.0,63.84,-44.11,-107.6,9.9,-61.64,-10.46,-26.93,-48.29,-114.95,-58.09,4.75,-110.67
2025-08-11T18:35:35.256627,76.0,41.0,-179.0,-12.0,26.0,-190.0,-78.0,-39.0,-62.0,-34.0,84.0,-87.0,70.84,5.890000000000001,-187.6,-8.1,-28.64,-169.46,-73.93,-35.29,-51.95,-16.09,67.75,-81.67
2025-08-11T18:35:35.264233,58.0,9.0,-112.0,59.0,74.0,-161.0,-94.0,16.0,-82.0,-42.0,56.0,-106.0,52.84,-26.11,-120.6,62.9,19.36,-140.46,-89.93,19.71,-71.95,-24.09,39.75,-100.67
2025-08-11T18:35:35.268746,27.0,71.0,-88.0,-22.0,-50.0,-108.0,-9.0,-55.0,-168.0,-53.0,54.0,-172.0,21.84,35.89,-96.6,-18.1,-104.64,-87.46000000000001,-4.93,-51.29,-157.95,-35.09,37.75,-166.67
2025-08-11T18:35:35.276202,50.0,78.0,-102.0,79.0,78.0,-66.0,-89.0,-18.0,-168.0,-60.0,-48.0,-131.0,44.84,42.89,-110.6,82.9,23.36,-45.46,-84.93,-14.29,-157.95,-42.09,-64.25,-125.67
2025-08-11T18:35:35.281205,39.0,23.0,-90.0,7.0,19.0,-113.0,-42.0,-53.0,-58.0,-3.0,44.0,-194.0,33.84,-12.11,-98.6,10.9,-35.64,-92.46000000000001,-37.93,-49.29,-47.95,14.91,27.75,-188.67
2025-08-11T18:35:35.288711,28.0,31.0,-91.0,26.0,-9.0,-154.0,-34.0,-84.0,-129.0,-4.0,25.0,-136.0,22.84,-4.109999999999999,-99.6,29.9,-63.64,-133.46,-29.93,-80.29,-118.95,13.91,8.75,-130.67
2025-08-11T18:35:35.293469,21.0,51.0,-124.0,28.0,19.0,-115.0,-26.0,-75.0,-31.0,-26.0,13.0,-187.0,15.84,15.89,-132.6,31.9,-35.64,-94.46000000000001,-21.93,-71.29,-20.95,-8.09,-3.25,-181.67
2025-08-11T18:35:35.301158,70.0,71.0,-141.0,70.0,17.0,-102.0,-82.0,-43.0,-145.0,-99.0,46.0,-100.0,64.84,35.89,-149.6,73.9,-37.64,-81.46000000000001,-77.93,-39.29,-134.95,-81.09,29.75,-94.67
2025-08-11T18:35:35.308836,-21.0,36.0,-115.0,52.0,59.0,-217.0,-64.0,15.0,-154.0,-74.0,65.0,-187.0,-26.16,0.8900000000000006,-123.6,55.9,4.359999999999999,-196.46,-59.93,18.71,-143.95,-56.09,48.75,-181.67
2025-08-11T18:35:35.313170,46.0,136.0,-86.0,71.0,13.0,-139.0,-79.0,-4.0,-142.0,-33.0,92.0,-191.0,40.84,100.89,-94.6,74.9,-41.64,-118.46000000000001,-74.93,-0.29000000000000004,-131.95,-15.09,75.75,-185.67
2025-08-11T18:35:35.321285,69.0,85.0,-123.0,48.0,-44.0,-77.0,-54.0,-3.0,-102.0,-69.0,-37.0,-128.0,63.84,49.89,-131.6,51.9,-98.64,-56.46,-49.93,0.71,-91.95,-51.09,-53.25,-122.67
2025-08-11T18:35:35.325458,33.0,81.0,-156.0,23.0,13.0,-158.0,-109.0,-67.0,-114.0,-41.0,13.0,-103.0,27.84,45.89,-164.6,26.9,-41.64,-137.46,-104.93,-63.29,-103.95,-23.09,-3.25,-97.67
2025-08-11T18:35:35.333475,99.0,57.0,-110.0,-22.0,0.0,-119.0,-46.0,-2.0,-110.0,-47.0,106.0,-142.0,93.84,21.89,-118.6,-18.1,-54.64,-98.46000000000001,-41.93,1.71,-99.95,-29.09,89.75,-136.67
2025-08-11T18:35:35.337681,68.0,59.0,-78.0,-30.0,12.0,-152.0,-40.0,22.0,-157.0,-23.0,55.0,-101.0,62.84,23.89,-86.6,-26.1,-42.64,-131.46,-35.93,25.71,-146.95,-5.09,38.75,-95.67
2025-08-11T18:35:35.346073,35.0,75.0,-36.0,-8.0,-7.0,-154.0,-22.0,77.0,-132.0,48.0,37.0,-158.0,29.84,39.89,-44.6,-4.1,-61.64,-133.46,-17.93,80.71,-121.95,65.91,20.75,-152.67
2025-08-11T18:35:35.350003,38.0,80.0,-133.0,33.0,-29.0,-131.0,12.0,-8.0,-189.0,-58.0,-10.0,-133.0,32.84,44.89,-141.6,36.9,-83.64,-110.46000000000001,16.07,-4.29,-178.95,-40.09,-26.25,-127.67
2025-08-11T18:35:35.358162,98.0,144.0,-179.0,96.0,-51.0,-165.0,-31.0,-15.0,-97.0,-37.0,8.0,-146.0,92.84,108.89,-187.6,99.9,-105.64,-144.46,-26.93,-11.29,-86.95,-19.09,-8.25,-140.67
2025-08-11T18:35:35.362381,47.0,63.0,-107.0,2.0,46.0,-109.0,-112.0,12.0,-146.0,-32.0,2.0,-130.0,41.84,27.89,-115.6,5.9,-8.64,-88.46000000000001,-107.93,15.71,-135.95,-14.09,-14.25,-124.67
2025-08-11T18:35:35.370677,56.0,43.0,-97.0,-57.0,25.0,-179.0,-89.0,15.0,-106.0,-26.0,85.0,-128.0,50.84,7.890000000000001,-105.6,-53.1,-29.64,-158.46,-84.93,18.71,-95.95,-8.09,68.75,-122.67
2025-08-11T18:35:35.374686,45.0,47.0,-123.0,12.0,53.0,-142.0,-57.0,-33.0,-89.0,-77.0,51.0,-177.0,39.84,11.89,-131.6,15.9,-1.6400000000000006,-121.46000000000001,-52.93,-29.29,-78.95,-59.09,34.75,-171.67
2025-08-11T18:35:35.383034,44.0,80.0,-142.0,-15.0,-32.0,-187.0,29.0,-44.0,-206.0,-42.0,92.0,-133.0,38.84,44.89,-150.6,-11.1,-86.64,-166.46,33.07,-40.29,-195.95,-24.09,75.75,-127.67
2025-08-11T18:35:35.390714,-16.0,122.0,-170.0,58.0,69.0,-186.0,-6.0,-88.0,-167.0,21.0,52.0,-132.0,-21.16,86.89,-178.6,61.9,14.36,-165.46,-1.9299999999999997,-84.29,-156.95,38.91,35.75,-126.67
2025-08-11T18:35:35.395201,5.0,79.0,-260.0,23.0,55.0,-153.0,-50.0,-16.0,-90.0,-84.0,67.0,-124.0,-0.16000000000000014,43.89,-268.6,26.9,0.35999999999999943,-132.46,-45.93,-12.29,-79.95,-66.09,50.75,-118.67
2025-08-11T18:35:35.403021,28.0,45.0,-102.0,13.0,18.0,-47.0,-39.0,-39.0,-91.0,-73.0,19.0,-164.0,22.84,9.89,-110.6,16.9,-36.64,-26.46,-34.93,-35.29,-80.95,-55.09,2.75,-158.67
2025-08-11T18:35:35.407554,11.0,51.0,-128.0,16.0,18.0,-159.0,-27.0,-2.0,-92.0,-123.0,63.0,-90.0,5.84,15.89,-136.6,19.9,-36.64,-138.46,-22.93,1.71,-81.95,-105.09,46.75,-84.67
2025-08-11T18:35:35.415420,-4.0,45.0,-163.0,55.0,-36.0,-153.0,-102.0,-17.0,-92.0,-112.0,35.0,-138.0,-9.16,9.89,-171.6,58.9,-90.64,-132.46,-97.93,-13.29,-81.95,-94.09,18.75,-132.67
2025-08-11T18:35:35.420037,17.0,70.0,-101.0,38.0,-2.0,-105.0,-2.0,-73.0,-144.0,-1.0,27.0,-151.0,11.84,34.89,-109.6,41.9,-56.64,-84.46000000000001,2.0700000000000003,-69.29,-133.95,16.91,10.75,-145.67
2025-08-11T18:35:35.427611,33.0,45.0,-106.0,17.0,65.0,-157.0,63.0,-23.0,-155.0,-23.0,17.0,-65.0,27.84,9.89,-114.6,20.9,10.36,-136.46,67.07,-19.29,-144.95,-5.09,0.75,-59.67
2025-08-11T18:35:35.432415,87.0,127.0,-189.0,58.0,39.0,-151.0,-58.0,-110.0,-133.0,-17.0,33.0,-96.0,81.84,91.89,-197.6,61.9,-15.64,-130.46,-53.93,-106.29,-122.95,0.9100000000000001,16.75,-90.67
2025-08-11T18:35:35.440089,6.0,58.0,-67.0,-4.0,-32.0,-119.0,-88.0,-15.0,-127.0,-91.0,74.0,-109.0,0.8399999999999999,22.89,-75.6,-0.10000000000000009,-86.64,-98.46000000000001,-83.93,-11.29,-116.95,-73.09,57.75,-103.67
2025-08-11T18:35:35.444382,-25.0,29.0,-55.0,27.0,49.0,-140.0,19.0,-15.0,-127.0,-71.0,99.0,-122.0,-30.16,-6.109999999999999,-63.6,30.9,-5.640000000000001,-119.46000000000001,23.07,-11.29,-116.95,-53.09,82.75,-116.67
2025-08-11T18:35:35.452395,5.0,76.0,-112.0,58.0,26.0,-91.0,-1.0,-14.0,-131.0,-70.0,-19.0,-190.0,-0.16000000000000014,40.89,-120.6,61.9,-28.64,-70.46000000000001,3.0700000000000003,-10.29,-120.95,-52.09,-35.25,-184.67
2025-08-11T18:35:35.457033,42.0,90.0,-209.0,12.0,39.0,-184.0,-40.0,-43.0,-148.0,20.0,-29.0,-175.0,36.84,54.89,-217.6,15.9,-15.64,-163.46,-35.93,-39.29,-137.95,37.91,-45.25,-169.67
2025-08-11T18:35:35.464840,37.0,62.0,-109.0,26.0,46.0,-154.0,-98.0,-78.0,-111.0,-82.0,103.0,-108.0,31.84,26.89,-117.6,29.9,-8.64,-133.46,-93.93,-74.29,-100.95,-64.09,86.75,-102.67
2025-08-11T18:35:35.469010,44.0,90.0,-118.0,26.0,2.0,-60.0,-30.0,35.0,-141.0,-112.0,23.0,-142.0,38.84,54.89,-126.6,29.9,-52.64,-39.46,-25.93,38.71,-130.95,-94.09,6.75,-136.67
2025-08-11T18:35:35.476846,90.0,15.0,-96.0,-29.0,49.0,-143.0,-9.0,-68.0,-132.0,-27.0,29.0,-116.0,84.84,-20.11,-104.6,-25.1,-5.640000000000001,-122.46000000000001,-4.93,-64.29,-121.95,-9.09,12.75,-110.67
2025-08-11T18:35:35.484926,3.0,103.0,-144.0,34.0,-40.0,-211.0,-3.0,-32.0,-125.0,3.0,-52.0,-130.0,-2.16,67.89,-152.6,37.9,-94.64,-190.46,1.0700000000000003,-28.29,-114.95,20.91,-68.25,-124.67
2025-08-11T18:35:35.489196,17.0,66.0,-68.0,52.0,-5.0,-203.0,8.0,-75.0,-97.0,-22.0,31.0,-129.0,11.84,30.89,-76.6,55.9,-59.64,-182.46,12.07,-71.29,-86.95,-4.09,14.75,-123.67
2025-08-11T18:35:35.497220,20.0,126.0,-76.0,4.0,47.0,-135.0,-29.0,-17.0,-123.0,-63.0,0.0,-128.0,14.84,90.89,-84.6,7.9,-7.640000000000001,-114.46000000000001,-24.93,-13.29,-112.95,-45.09,-16.25,-122.67
2025-08-11T18:35:35.501744,52.0,135.0,-136.0,2.0,-55.0,-127.0,-8.0,-9.0,-81.0,-93.0,2.0,-111.0,46.84,99.89,-144.6,5.9,-109.64,-106.46000000000001,-3.9299999999999997,-5.29,-70.95,-75.09,-14.25,-105.67
2025-08-11T18:35:35.509512,68.0,56.0,-129.0,9.0,24.0,-155.0,-4.0,-60.0,-169.0,4.0,-13.0,-151.0,62.84,20.89,-137.6,12.9,-30.64,-134.46,0.07000000000000028,-56.29,-158.95,21.91,-29.25,-145.67
2025-08-11T18:35:35.514272,37.0,131.0,-73.0,-26.0,-14.0,-166.0,-60.0,-3.0,-116.0,-68.0,57.0,-136.0,31.84,95.89,-81.6,-22.1,-68.64,-145.46,-55.93,0.71,-105.95,-50.09,40.75,-130.67
2025-08-11T18:35:35.521806,2.0,102.0,-90.0,23.0,27.0,-113.0,-67.0,-37.0,-86.0,-26.0,70.0,-148.0,-3.16,66.89,-98.6,26.9,-27.64,-92.46000000000001,-62.93,-33.29,-75.95,-8.09,53.75,-142.67
2025-08-11T18:35:35.526035,-39.0,71.0,-121.0,105.0,-10.0,-121.0,-11.0,-16.0,-111.0,-99.0,16.0,-164.0,-44.16,35.89,-129.6,108.9,-64.64,-100.46000000000001,-6.93,-12.29,-100.95,-81.09,-0.25,-158.67
2025-08-11T18:35:35.534251,26.0,92.0,-103.0,63.0,16.0,-100.0,-52.0,-39.0,-124.0,-88.0,54.0,-121.0,20.84,56.89,-111.6,66.9,-38.64,-79.46000000000001,-47.93,-35.29,-113.95,-70.09,37.75,-115.67
2025-08-11T18:35:35.539156,110.0,-2.0,-97.0,34.0,-20.0,-129.0,-31.0,4.0,-173.0,-91.0,95.0,-155.0,104.84,-37.11,-105.6,37.9,-74.64,-108.46000000000001,-26.93,7.71,-162.95,-73.09,78.75,-149.67
2025-08-11T18:35:35.546481,47.0,77.0,-125.0,31.0,0.0,-123.0,7.0,-48.0,-233.0,-63.0,45.0,-128.0,41.84,41.89,-133.6,34.9,-54.64,-102.46000000000001,11.07,-44.29,-222.95,-45.09,28.75,-122.67
2025-08-11T18:35:35.550851,13.0,30.0,-67.0,63.0,-13.0,-187.0,-1.0,32.0,-143.0,-27.0,46.0,-236.0,7.84,-5.109999999999999,-75.6,66.9,-67.64,-166.46,3.0700000000000003,35.71,-132.95,-9.09,29.75,-230.67
2025-08-11T18:35:35.558851,4.0,72.0,-123.0,-21.0,28.0,-185.0,-22.0,-61.0,-82.0,-32.0,-10.0,-86.0,-1.1600000000000001,36.89,-131.6,-17.1,-26.64,-164.46,-17.93,-57.29,-71.95,-14.09,-26.25,-80.67
2025-08-11T18:35:35.563485,37.0,98.0,-78.0,30.0,30.0,-170.0,11.0,-62.0,-130.0,-61.0,10.0,-157.0,31.84,62.89,-86.6,33.9,-24.64,-149.46,15.07,-58.29,-119.95,-43.09,-6.25,-151.67
2025-08-11T18:35:35.571229,19.0,157.0,-132.0,-55.0,22.0,-246.0,-85.0,-3.0,-62.0,-103.0,42.0,-136.0,13.84,121.89,-140.6,-51.1,-32.64,-225.46,-80.93,0.71,-51.95,-85.09,25.75,-130.67
2025-08-11T18:35:35.575862,72.0,24.0,-167.0,67.0,-9.0,-139.0,-26.0,-53.0,-95.0,-67.0,91.0,-132.0,66.84,-11.11,-175.6,70.9,-63.64,-118.46000000000001,-21.93,-49.29,-84.95,-49.09,74.75,-126.67
2025-08-11T18:35:35.583772,134.0,124.0,-153.0,19.0,-21.0,-161.0,1.0,-76.0,-94.0,-48.0,79.0,-100.0,128.84,88.89,-161.6,22.9,-75.64,-140.46,5.07,-72.29,-83.95,-30.09,62.75,-94.67
2025-08-11T18:35:35.587963,88.0,20.0,-73.0,25.0,72.0,-115.0,33.0,-29.0,-142.0,-26.0,60.0,-155.0,82.84,-15.11,-81.6,28.9,17.36,-94.46000000000001,37.07,-25.29,-131.95,-8.09,43.75,-149.67
2025-08-11T18:35:35.595796,7.0,111.0,-62.0,52.0,-22.0,-163.0,-32.0,-25.0,-74.0,-57.0,20.0,-133.0,1.8399999999999999,75.89,-70.6,55.9,-76.64,-142.46,-27.93,-21.29,-63.95,-39.09,3.75,-127.67
2025-08-11T18:35:35.603613,-60.0,64.0,-78.0,-40.0,94.0,-192.0,-38.0,-78.0,-119.0,-3.0,38.0,-89.0,-65.16,28.89,-86.6,-36.1,39.36,-171.46,-33.93,-74.29,-108.95,14.91,21.75,-83.67
2025-08-11T18:35:35.607955,57.0,89.0,-126.0,50.0,28.0,-150.0,-53.0,-54.0,-120.0,-55.0,100.0,-107.0,51.84,53.89,-134.6,53.9,-26.64,-129.46,-48.93,-50.29,-109.95,-37.09,83.75,-101.67
2025-08-11T18:35:35.616206,42.0,58.0,-185.0,19.0,12.0,-164.0,-27.0,-57.0,-99.0,-114.0,19.0,-142.0,36.84,22.89,-193.6,22.9,-42.64,-143.46,-22.93,-53.29,-88.95,-96.09,2.75,-136.67
2025-08-11T18:35:35.620284,111.0,32.0,-70.0,46.0,1.0,-120.0,-20.0,-26.0,-123.0,-153.0,110.0,-153.0,105.84,-3.1099999999999994,-78.6,49.9,-53.64,-99.46000000000001,-15.93,-22.29,-112.95,-135.09,93.75,-147.67
2025-08-11T18:35:35.628275,46.0,84.0,-101.0,63.0,13.0,-153.0,-16.0,-89.0,-101.0,-51.0,35.0,-66.0,40.84,48.89,-109.6,66.9,-41.64,-132.46,-11.93,-85.29,-90.95,-33.09,18.75,-60.67
2025-08-11T18:35:35.632971,-1.0,72.0,-128.0,47.0,28.0,-172.0,-60.0,-48.0,-119.0,-58.0,73.0,-149.0,-6.16,36.89,-136.6,50.9,-26.64,-151.46,-55.93,-44.29,-108.95,-40.09,56.75,-143.67
2025-08-11T18:35:35.640864,-8.0,73.0,-196.0,5.0,38.0,-130.0,-20.0,-18.0,-130.0,-43.0,91.0,-102.0,-13.16,37.89,-204.6,8.9,-16.64,-109.46000000000001,-15.93,-14.29,-119.95,-25.09,74.75,-96.67
2025-08-11T18:35:35.645141,42.0,71.0,-87.0,20.0,-45.0,-165.0,-1.0,-74.0,-146.0,-80.0,38.0,-185.0,36.84,35.89,-95.6,23.9,-99.64,-144.46,3.0700000000000003,-70.29,-135.95,-62.09,21.75,-179.67
2025-08-11T18:35:35.652954,76.0,19.0,-112.0,80.0,-12.0,-153.0,-42.0,-57.0,-189.0,-57.0,64.0,-118.0,70.84,-16.11,-120.6,83.9,-66.64,-132.46,-37.93,-53.29,-178.95,-39.09,47.75,-112.67
2025-08-11T18:35:35.657201,-7.0,10.0,-122.0,-16.0,23.0,-143.0,-4.0,-73.0,-115.0,-28.0,70.0,-117.0,-12.16,-25.11,-130.6,-12.1,-31.64,-122.46000000000001,0.07000000000000028,-69.29,-104.95,-10.09,53.75,-111.67
2025-08-11T18:35:35.665380,14.0,22.0,-101.0,3.0,-11.0,-146.0,-15.0,11.0,-90.0,-76.0,81.0,-110.0,8.84,-13.11,-109.6,6.9,-65.64,-125.46000000000001,-10.93,14.71,-79.95,-58.09,64.75,-104.67
2025-08-11T18:35:35.670172,67.0,95.0,-129.0,68.0,36.0,-148.0,11.0,-8.0,-110.0,-133.0,56.0,-146.0,61.84,59.89,-137.6,71.9,-18.64,-127.46000000000001,15.07,-4.29,-99.95,-115.09,39.75,-140.67
2025-08-11T18:35:35.678053,56.0,72.0,-103.0,-23.0,40.0,-149.0,-55.0,41.0,-125.0,-128.0,52.0,-92.0,50.84,36.89,-111.6,-19.1,-14.64,-128.46,-50.93,44.71,-114.95,-110.09,35.75,-86.67
2025-08-11T18:35:35.685696,35.0,54.0,-174.0,21.0,24.0,-134.0,11.0,-41.0,-147.0,-100.0,-4.0,-120.0,29.84,18.89,-182.6,24.9,-30.64,-113.46000000000001,15.07,-37.29,-136.95,-82.09,-20.25,-114.67
2025-08-11T18:35:35.689935,11.0,-10.0,-139.0,-50.0,-30.0,-109.0,-53.0,-43.0,-86.0,-91.0,113.0,-147.0,5.84,-45.11,-147.6,-46.1,-84.64,-88.46000000000001,-48.93,-39.29,-75.95,-73.09,96.75,-141.67
2025-08-11T18:35:35.698052,-3.0,47.0,-85.0,58.0,54.0,-71.0,-57.0,-27.0,-100.0,-6.0,18.0,-167.0,-8.16,11.89,-93.6,61.9,-0.6400000000000006,-50.46,-52.93,-23.29,-89.95,11.91,1.75,-161.67
2025-08-11T18:35:35.702855,13.0,121.0,-85.0,3.0,36.0,-204.0,-85.0,22.0,-125.0,-31.0,100.0,-77.0,7.84,85.89,-93.6,6.9,-18.64,-183.46,-80.93,25.71,-114.95,-13.09,83.75,-71.67
2025-08-11T18:35:35.710262,0.0,45.0,-144.0,20.0,29.0,-141.0,-27.0,7.0,-149.0,-94.0,41.0,-78.0,-5.16,9.89,-152.6,23.9,-25.64,-120.46000000000001,-22.93,10.71,-138.95,-76.09,24.75,-72.67
2025-08-11T18:35:35.714833,64.0,139.0,-172.0,96.0,-52.0,-102.0,-2.0,26.0,-186.0,-78.0,54.0,-123.0,58.84,103.89,-180.6,99.9,-106.64,-81.46000000000001,2.0700000000000003,29.71,-175.95,-60.09,37.75,-117.67
2025-08-11T18:35:35.722860,-5.0,62.0,-101.0,16.0,52.0,-116.0,-12.0,-33.0,-133.0,-5.0,16.0,-112.0,-10.16,26.89,-109.6,19.9,-2.6400000000000006,-95.46000000000001,-7.93,-29.29,-122.95,12.91,-0.25,-106.67
2025-08-11T18:35:35.727364,17.0,46.0,-62.0,48.0,34.0,-129.0,-36.0,-26.0,-119.0,-62.0,44.0,-110.0,11.84,10.89,-70.6,51.9,-20.64,-108.46000000000001,-31.93,-22.29,-108.95,-44.09,27.75,-104.67
2025-08-11T18:35:35.735355,56.0,41.0,-116.0,56.0,54.0,-130.0,-44.0,-87.0,-143.0,-34.0,36.0,-167.0,50.84,5.890000000000001,-124.6,59.9,-0.6400000000000006,-109.46000000000001,-39.93,-83.29,-132.95,-16.09,19.75,-161.67
2025-08-11T18:35:35.739752,12.0,68.0,-126.0,84.0,49.0,-126.0,-40.0,-44.0,-64.0,-63.0,13.0,-154.0,6.84,32.89,-134.6,87.9,-5.640000000000001,-105.46000000000001,-35.93,-40.29,-53.95,-45.09,-3.25,-148.67
2025-08-11T18:35:35.747676,23.0,23.0,-179.0,38.0,134.0,-120.0,-85.0,-24.0,-115.0,-45.0,102.0,-108.0,17.84,-12.11,-187.6,41.9,79.36,-99.46000000000001,-80.93,-20.29,-104.95,-27.09,85.75,-102.67
2025-08-11T18:35:35.752123,57.0,-26.0,-72.0,-6.0,12.0,-104.0,-37.0,-84.0,-140.0,-66.0,-12.0,-118.0,51.84,-61.11,-80.6,-2.1,-42.64,-83.46000000000001,-32.93,-80.29,-129.95,-48.09,-28.25,-112.67
2025-08-11T18:35:35.759959,37.0,78.0,-85.0,-15.0,22.0,-228.0,-18.0,50.0,-159.0,12.0,63.0,-119.0,31.84,42.89,-93.6,-11.1,-32.64,-207.46,-13.93,53.71,-148.95,29.91,46.75,-113.67
2025-08-11T18:35:35.764770,23.0,39.0,-129.0,-19.0,17.0,-96.0,-49.0,-10.0,-75.0,-73.0,58.0,-159.0,17.84,3.8900000000000006,-137.6,-15.1,-37.64,-75.46000000000001,-44.93,-6.29,-64.95,-55.09,41.75,-153.67
2025-08-11T18:35:35.772200,-18.0,72.0,-69.0,23.0,10.0,-211.0,40.0,-109.0,-133.0,-79.0,16.0,-60.0,-23.16,36.89,-77.6,26.9,-44.64,-190.46,44.07,-105.29,-122.95,-61.09,-0.25,-54.67
2025-08-11T18:35:35.779855,14.0,31.0,-139.0,25.0,25.0,-183.0,-65.0,36.0,-153.0,-74.0,33.0,-143.0,8.84,-4.109999999999999,-147.6,28.9,-29.64,-162.46,-60.93,39.71,-142.95,-56.09,16.75,-137.67
2025-08-11T18:35:35.784402,54.0,81.0,-152.0,12.0,-8.0,-195.0,-75.0,-3.0,-96.0,-44.0,42.0,-101.0,48.84,45.89,-160.6,15.9,-62.64,-174.46,-70.93,0.71,-85.95,-26.09,25.75,-95.67
2025-08-11T18:35:35.792171,15.0,20.0,-136.0,44.0,1.0,-108.0,-35.0,-79.0,-153.0,-85.0,36.0,-138.0,9.84,-15.11,-144.6,47.9,-53.64,-87.46000000000001,-30.93,-75.29,-142.95,-67.09,19.75,-132.67
2025-08-11T18:35:35.796482,58.0,-30.0,-63.0,96.0,54.0,-155.0,-12.0,44.0,-146.0,-62.0,26.0,-87.0,52.84,-65.11,-71.6,99.9,-0.6400000000000006,-134.46,-7.93,47.71,-135.95,-44.09,9.75,-81.67
2025-08-11T18:35:35.804424,-19.0,30.0,-125.0,18.0,90.0,-151.0,1.0,-41.0,-129.0,-52.0,-19.0,-173.0,-24.16,-5.109999999999999,-133.6,21.9,35.36,-130.46,5.07,-37.29,-118.95,-34.09,-35.25,-167.67
2025-08-11T18:35:35.809771,18.0,123.0,-124.0,34.0,28.0,-128.0,-77.0,-49.0,-128.0,-106.0,87.0,-159.0,12.84,87.89,-132.6,37.9,-26.64,-107.46000000000001,-72.93,-45.29,-117.95,-88.09,70.75,-153.67
2025-08-11T18:35:35.816977,-19.0,87.0,-187.0,22.0,1.0,-137.0,-50.0,25.0,-75.0,-53.0,15.0,-128.0,-24.16,51.89,-195.6,25.9,-53.64,-116.46000000000001,-45.93,28.71,-64.95,-35.09,-1.25,-122.67
2025-08-11T18:35:35.821072,48.0,66.0,-109.0,16.0,18.0,-156.0,-97.0,-44.0,-91.0,-132.0,149.0,-178.0,42.84,30.89,-117.6,19.9,-36.64,-135.46,-92.93,-40.29,-80.95,-114.09,132.75,-172.67
2025-08-11T18:35:35.829457,105.0,58.0,-168.0,-8.0,-15.0,-189.0,-39.0,7.0,-162.0,-30.0,40.0,-152.0,99.84,22.89,-176.6,-4.1,-69.64,-168.46,-34.93,10.71,-151.95,-12.09,23.75,-146.67
2025-08-11T18:35:35.833675,6.0,33.0,-103.0,48.0,11.0,-144.0,0.0,-29.0,-90.0,-42.0,29.0,-126.0,0.8399999999999999,-2.1099999999999994,-111.6,51.9,-43.64,-123.46000000000001,4.07,-25.29,-79.95,-24.09,12.75,-120.67
2025-08-11T18:35:35.841542,29.0,132.0,-126.0,-7.0,21.0,-138.0,-76.0,-110.0,-132.0,-101.0,38.0,-145.0,23.84,96.89,-134.6,-3.1,-33.64,-117.46000000000001,-71.93,-106.29,-121.95,-83.09,21.75,-139.67
2025-08-11T18:35:35.849527,-13.0,113.0,-126.0,33.0,-21.0,-190.0,-78.0,-58.0,-104.0,-109.0,126.0,-183.0,-18.16,77.89,-134.6,36.9,-75.64,-169.46,-73.93,-54.29,-93.95,-91.09,109.75,-177.67
2025-08-11T18:35:35.853741,96.0,-10.0,-121.0,118.0,19.0,-98.0,-34.0,-13.0,-153.0,-71.0,2.0,-200.0,90.84,-45.11,-129.6,121.9,-35.64,-77.46000000000001,-29.93,-9.29,-142.95,-53.09,-14.25,-194.67
2025-08-11T18:35:35.861745,30.0,39.0,-116.0,33.0,-19.0,-192.0,-71.0,-58.0,-92.0,-50.0,28.0,-89.0,24.84,3.8900000000000006,-124.6,36.9,-73.64,-171.46,-66.93,-54.29,-81.95,-32.09,11.75,-83.67
2025-08-11T18:35:35.866653,8.0,-26.0,-114.0,52.0,37.0,-116.0,-59.0,-73.0,-131.0,-86.0,51.0,-147.0,2.84,-61.11,-122.6,55.9,-17.64,-95.46000000000001,-54.93,-69.29,-120.95,-68.09,34.75,-141.67
2025-08-11T18:35:35.874141,46.0,113.0,-117.0,21.0,41.0,-106.0,-62.0,-40.0,-103.0,-64.0,66.0,-134.0,40.84,77.89,-125.6,24.9,-13.64,-85.46000000000001,-57.93,-36.29,-92.95,-46.09,49.75,-128.67
2025-08-11T18:35:35.878665,-12.0,83.0,-87.0,57.0,1.0,-141.0,-67.0,-21.0,-120.0,-124.0,-1.0,-163.0,-17.16,47.89,-95.6,60.9,-53.64,-120.46000000000001,-62.93,-17.29,-109.95,-106.09,-17.25,-157.67
2025-08-11T18:35:35.886571,15.0,85.0,-126.0,15.0,11.0,-99.0,45.0,0.0,-93.0,33.0,-11.0,-148.0,9.84,49.89,-134.6,18.9,-43.64,-78.46000000000001,49.07,3.71,-82.95,50.91,-27.25,-142.67
2025-08-11T18:35:35.890749,70.0,83.0,-153.0,-1.0,7.0,-97.0,7.0,-27.0,-80.0,33.0,61.0,-94.0,64.84,47.89,-161.6,2.9,-47.64,-76.46000000000001,11.07,-23.29,-69.95,50.91,44.75,-88.67
2025-08-11T18:35:35.898842,137.0,107.0,-145.0,-6.0,0.0,-80.0,-62.0,-52.0,-133.0,-18.0,-13.0,-164.0,131.84,71.89,-153.6,-2.1,-54.64,-59.46,-57.93,-48.29,-122.95,-0.08999999999999986,-29.25,-158.67
2025-08-11T18:35:35.903145,-19.0,75.0,-92.0,34.0,38.0,-178.0,-33.0,-80.0,-91.0,-57.0,13.0,-95.0,-24.16,39.89,-100.6,37.9,-16.64,-157.46,-28.93,-76.29,-80.95,-39.09,-3.25,-89.67
2025-08-11T18:35:35.911071,-5.0,40.0,-83.0,48.0,17.0,-129.0,-62.0,-19.0,-124.0,-77.0,65.0,-145.0,-10.16,4.890000000000001,-91.6,51.9,-37.64,-108.46000000000001,-57.93,-15.29,-113.95,-59.09,48.75,-139.67
2025-08-11T18:35:35.915446,60.0,81.0,-15.0,18.0,27.0,-113.0,-61.0,-22.0,-155.0,1.0,15.0,-139.0,54.84,45.89,-23.6,21.9,-27.64,-92.46000000000001,-56.93,-18.29,-144.95,18.91,-1.25,-133.67
2025-08-11T18:35:35.923527,-28.0,79.0,-116.0,16.0,34.0,-124.0,-61.0,10.0,-142.0,-51.0,72.0,-106.0,-33.16,43.89,-124.6,19.9,-20.64,-103.46000000000001,-56.93,13.71,-131.95,-33.09,55.75,-100.67
2025-08-11T18:35:35.928015,-4.0,117.0,-71.0,49.0,59.0,-70.0,-93.0,-5.0,-83.0,-51.0,81.0,-109.0,-9.16,81.89,-79.6,52.9,4.359999999999999,-49.46,-88.93,-1.29,-72.95,-33.09,64.75,-103.67
2025-08-11T18:35:35.935833,10.0,64.0,-82.0,17.0,34.0,-112.0,12.0,-6.0,-90.0,-113.0,52.0,-126.0,4.84,28.89,-90.6,20.9,-20.64,-91.46000000000001,16.07,-2.29,-79.95,-95.09,35.75,-120.67
2025-08-11T18:35:35.940569,-28.0,103.0,-72.0,74.0,68.0,-140.0,14.0,-25.0,-44.0,-26.0,30.0,-127.0,-33.16,67.89,-80.6,77.9,13.36,-119.46000000000001,18.07,-21.29,-33.95,-8.09,13.75,-121.67
2025-08-11T18:35:35.947941,20.0,70.0,-16.0,46.0,40.0,-94.0,-84.0,-55.0,-85.0,-82.0,92.0,-91.0,14.84,34.89,-24.6,49.9,-14.64,-73.46000000000001,-79.93,-51.29,-74.95,-64.09,75.75,-85.67
2025-08-11T18:35:35.952059,73.0,83.0,-54.0,60.0,2.0,-109.0,19.0,12.0,-72.0,-18.0,-15.0,-132.0,67.84,47.89,-62.6,63.9,-52.64,-88.46000000000001,23.07,15.71,-61.95,-0.08999999999999986,-31.25,-126.67
2025-08-11T18:35:35.960184,19.0,75.0,-106.0,36.0,34.0,-82.0,-87.0,-15.0,-135.0,-66.0,32.0,-109.0,13.84,39.89,-114.6,39.9,-20.64,-61.46,-82.93,-11.29,-124.95,-48.09,15.75,-103.67
2025-08-11T18:35:35.965715,54.0,60.0,-57.0,74.0,68.0,-154.0,-19.0,-18.0,-146.0,-74.0,93.0,-112.0,48.84,24.89,-65.6,77.9,13.36,-133.46,-14.93,-14.29,-135.95,-56.09,76.75,-106.67
2025-08-11T18:35:35.972544,78.0,6.0,-119.0,-22.0,-28.0,-121.0,-23.0,-4.0,-128.0,-4.0,32.0,-213.0,72.84,-29.11,-127.6,-18.1,-82.64,-100.46000000000001,-18.93,-0.29000000000000004,-117.95,13.91,15.75,-207.67
2025-08-11T18:35:35.977759,86.0,-20.0,-73.0,34.0,22.0,-63.0,-42.0,-55.0,-90.0,8.0,-49.0,-81.0,80.84,-55.11,-81.6,37.9,-32.64,-42.46,-37.93,-51.29,-79.95,25.91,-65.25,-75.67
2025-08-11T18:35:35.984873,4.0,81.0,-89.0,-13.0,22.0,-95.0,-19.0,-70.0,-90.0,0.0,-5.0,-148.0,-1.1600000000000001,45.89,-97.6,-9.1,-32.64,-74.46000000000001,-14.93,-66.29,-79.95,17.91,-21.25,-142.67
2025-08-11T18:35:35.989940,65.0,-13.0,-32.0,4.0,8.0,-121.0,-50.0,46.0,0.0,-29.0,23.0,-95.0,59.84,-48.11,-40.6,7.9,-46.64,-100.46000000000001,-45.93,49.71,10.05,-11.09,6.75,-89.67
2025-08-11T18:35:35.997697,55.0,-52.0,-55.0,-29.0,-19.0,-105.0,-15.0,-41.0,-101.0,-83.0,47.0,-117.0,49.84,-87.11,-63.6,-25.1,-73.64,-84.46000000000001,-10.93,-37.29,-90.95,-65.09,30.75,-111.67
2025-08-11T18:35:36.001894,8.0,58.0,-47.0,-16.0,66.0,-122.0,-46.0,13.0,-52.0,-38.0,13.0,-19.0,2.84,22.89,-55.6,-12.1,11.36,-101.46000000000001,-41.93,16.71,-41.95,-20.09,-3.25,-13.67
2025-08-11T18:35:36.009442,-33.0,6.0,-10.0,-26.0,109.0,-118.0,-28.0,19.0,-102.0,-28.0,8.0,-87.0,-38.16,-29.11,-18.6,-22.1,54.36,-97.46000000000001,-23.93,22.71,-91.95,-10.09,-8.25,-81.67
2025-08-11T18:35:36.014908,-30.0,83.0,-78.0,11.0,5.0,-146.0,20.0,21.0,-35.0,-77.0,16.0,-109.0,-35.16,47.89,-86.6,14.9,-49.64,-125.46000000000001,24.07,24.71,-24.95,-59.09,-0.25,-103.67
2025-08-11T18:35:36.021739,16.0,54.0,-139.0,-4.0,21.0,-63.0,51.0,-38.0,-65.0,-26.0,34.0,-83.0,10.84,18.89,-147.6,-0.10000000000000009,-33.64,-42.46,55.07,-34.29,-54.95,-8.09,17.75,-77.67
2025-08-11T18:35:36.026181,-3.0,17.0,-34.0,-6.0,49.0,-105.0,41.0,-33.0,-16.0,-25.0,72.0,-102.0,-8.16,-18.11,-42.6,-2.1,-5.640000000000001,-84.46000000000001,45.07,-29.29,-5.949999999999999,-7.09,55.75,-96.67
2025-08-11T18:35:36.034101,83.0,74.0,-83.0,-6.0,49.0,-76.0,-50.0,-10.0,-29.0,15.0,-16.0,-103.0,77.84,38.89,-91.6,-2.1,-5.640000000000001,-55.46,-45.93,-6.29,-18.95,32.91,-32.25,-97.67
2025-08-11T18:35:36.038483,-7.0,24.0,43.0,-31.0,-3.0,-100.0,-48.0,10.0,-84.0,-66.0,-26.0,-84.0,-12.16,-11.11,34.4,-27.1,-57.64,-79.46000000000001,-43.93,13.71,-73.95,-48.09,-42.25,-78.67
2025-08-11T18:35:36.046395,-57.0,66.0,-26.0,-33.0,0.0,-101.0,36.0,-31.0,-77.0,-97.0,51.0,-99.0,-62.16,30.89,-34.6,-29.1,-54.64,-80.46000000000001,40.07,-27.29,-66.95,-79.09,34.75,-93.67
2025-08-11T18:35:36.050679,-29.0,104.0,-56.0,48.0,-8.0,-88.0,37.0,-12.0,-57.0,-35.0,50.0,-95.0,-34.16,68.89,-64.6,51.9,-62.64,-67.46000000000001,41.07,-8.29,-46.95,-17.09,33.75,-89.67
2025-08-11T18:35:36.058751,-6.0,77.0,-87.0,-1.0,107.0,-68.0,1.0,-8.0,-64.0,-19.0,60.0,-82.0,-11.16,41.89,-95.6,2.9,52.36,-47.46,5.07,-4.29,-53.95,-1.0899999999999999,43.75,-76.67
2025-08-11T18:35:36.063301,-62.0,37.0,-90.0,35.0,100.0,-86.0,41.0,-36.0,-108.0,-29.0,44.0,-143.0,-67.16,1.8900000000000006,-98.6,38.9,45.36,-65.46000000000001,45.07,-32.29,-97.95,-11.09,27.75,-137.67
2025-08-11T18:35:36.070983,21.0,83.0,-132.0,-42.0,50.0,-95.0,47.0,23.0,-80.0,-23.0,68.0,-71.0,15.84,47.89,-140.6,-38.1,-4.640000000000001,-74.46000000000001,51.07,26.71,-69.95,-5.09,51.75,-65.67
2025-08-11T18:35:36.075194,90.0,17.0,-60.0,26.0,98.0,-85.0,-78.0,-63.0,-30.0,-46.0,3.0,-12.0,84.84,-18.11,-68.6,29.9,43.36,-64.46000000000001,-73.93,-59.29,-19.95,-28.09,-13.25,-6.67
2025-08-11T18:35:36.083103,50.0,97.0,-115.0,34.0,68.0,-90.0,-63.0,-51.0,-82.0,-20.0,16.0,-27.0,44.84,61.89,-123.6,37.9,13.36,-69.46000000000001,-58.93,-47.29,-71.95,-2.09,-0.25,-21.67
2025-08-11T18:35:36.087501,0.0,34.0,16.0,-63.0,74.0,-87.0,-75.0,9.0,-102.0,-57.0,21.0,-43.0,-5.16,-1.1099999999999994,7.4,-59.1,19.36,-66.46000000000001,-70.93,12.71,-91.95,-39.09,4.75,-37.67
2025-08-11T18:35:36.095781,41.0,-24.0,-31.0,8.0,6.0,-39.0,-17.0,-6.0,-60.0,-45.0,34.0,-45.0,35.84,-59.11,-39.6,11.9,-48.64,-18.46,-12.93,-2.29,-49.95,-27.09,17.75,-39.67
2025-08-11T18:35:36.100415,73.0,29.0,-51.0,-29.0,56.0,-48.0,-9.0,-32.0,-37.0,-118.0,26.0,-6.0,67.84,-6.109999999999999,-59.6,-25.1,1.3599999999999994,-27.46,-4.93,-28.29,-26.95,-100.09,9.75,-0.6699999999999999
2025-08-11T18:35:36.107593,27.0,74.0,-59.0,83.0,11.0,-55.0,-4.0,23.0,-73.0,-67.0,49.0,-48.0,21.84,38.89,-67.6,86.9,-43.64,-34.46,0.07000000000000028,26.71,-62.95,-49.09,32.75,-42.67
2025-08-11T18:35:36.112880,15.0,87.0,69.0,-1.0,47.0,-72.0,32.0,50.0,-113.0,-111.0,13.0,-14.0,9.84,51.89,60.4,2.9,-7.640000000000001,-51.46,36.07,53.71,-102.95,-93.09,-3.25,-8.67
2025-08-11T18:35:36.120315,24.0,74.0,-119.0,-6.0,34.0,-110.0,4.0,-11.0,-44.0,-57.0,28.0,-131.0,18.84,38.89,-127.6,-2.1,-20.64,-89.46000000000001,8.07,-7.29,-33.95,-39.09,11.75,-125.67
2025-08-11T18:35:36.124115,-18.0,113.0,-77.0,10.0,21.0,-109.0,46.0,-7.0,-68.0,2.0,26.0,-143.0,-23.16,77.89,-85.6,13.9,-33.64,-88.46000000000001,50.07,-3.29,-57.95,19.91,9.75,-137.67
2025-08-11T18:35:36.132793,5.0,46.0,-38.0,46.0,95.0,-140.0,-58.0,65.0,-22.0,24.0,81.0,-54.0,-0.16000000000000014,10.89,-46.6,49.9,40.36,-119.46000000000001,-53.93,68.71,-11.95,41.91,64.75,-48.67
2025-08-11T18:35:36.136959,-33.0,81.0,-67.0,13.0,42.0,-41.0,-69.0,46.0,0.0,27.0,-15.0,-73.0,-38.16,45.89,-75.6,16.9,-12.64,-20.46,-64.93,49.71,10.05,44.91,-31.25,-67.67
2025-08-11T18:35:36.144859,29.0,90.0,-28.0,-13.0,-21.0,-71.0,18.0,27.0,-66.0,-39.0,91.0,-45.0,23.84,54.89,-36.6,-9.1,-75.64,-50.46,22.07,30.71,-55.95,-21.09,74.75,-39.67
2025-08-11T18:35:36.149467,49.0,63.0,-39.0,-22.0,11.0,-26.0,-20.0,50.0,-87.0,-21.0,29.0,-105.0,43.84,27.89,-47.6,-18.1,-43.64,-5.460000000000001,-15.93,53.71,-76.95,-3.09,12.75,-99.67
2025-08-11T18:35:36.157147,22.0,37.0,-36.0,-39.0,39.0,-56.0,-48.0,4.0,-79.0,-67.0,72.0,-54.0,16.84,1.8900000000000006,-44.6,-35.1,-15.64,-35.46,-43.93,7.71,-68.95,-49.09,55.75,-48.67
2025-08-11T18:35:36.161658,21.0,-12.0,-2.0,26.0,92.0,-76.0,-36.0,-54.0,-89.0,-89.0,17.0,-99.0,15.84,-47.11,-10.6,29.9,37.36,-55.46,-31.93,-50.29,-78.95,-71.09,0.75,-93.67
2025-08-11T18:35:36.169563,77.0,20.0,-40.0,-36.0,69.0,-23.0,-5.0,-13.0,-56.0,-38.0,68.0,-66.0,71.84,-15.11,-48.6,-32.1,14.36,-2.460000000000001,-0.9299999999999997,-9.29,-45.95,-20.09,51.75,-60.67
2025-08-11T18:35:36.173222,-4.0,16.0,23.0,-26.0,-31.0,-106.0,-34.0,-44.0,-35.0,40.0,82.0,-93.0,-9.16,-19.11,14.4,-22.1,-85.64,-85.46000000000001,-29.93,-40.29,-24.95,57.91,65.75,-87.67
2025-08-11T18:35:36.181683,10.0,78.0,-36.0,-61.0,68.0,-77.0,-65.0,9.0,-53.0,-45.0,-7.0,-48.0,4.84,42.89,-44.6,-57.1,13.36,-56.46,-60.93,12.71,-42.95,-27.09,-23.25,-42.67
2025-08-11T18:35:36.186073,-101.0,97.0,-30.0,24.0,29.0,-67.0,12.0,-21.0,-27.0,-28.0,10.0,-32.0,-106.16,61.89,-38.6,27.9,-25.64,-46.46,16.07,-17.29,-16.95,-10.09,-6.25,-26.67
2025-08-11T18:35:36.193987,-53.0,-23.0,-31.0,-21.0,77.0,-57.0,-37.0,66.0,-18.0,-122.0,38.0,-76.0,-58.16,-58.11,-39.6,-17.1,22.36,-36.46,-32.93,69.71,-7.949999999999999,-104.09,21.75,-70.67
2025-08-11T18:35:36.198414,46.0,45.0,2.0,-30.0,49.0,-40.0,24.0,-63.0,-4.0,-41.0,10.0,-42.0,40.84,9.89,-6.6,-26.1,-5.640000000000001,-19.46,28.07,-59.29,6.050000000000001,-23.09,-6.25,-36.67
2025-08-11T18:35:36.205970,-9.0,104.0,-76.0,-95.0,87.0,-92.0,9.0,-11.0,-45.0,-34.0,23.0,-28.0,-14.16,68.89,-84.6,-91.1,32.36,-71.46000000000001,13.07,-7.29,-34.95,-16.09,6.75,-22.67
2025-08-11T18:35:36.210578,42.0,18.0,-36.0,-27.0,36.0,-79.0,-32.0,59.0,-70.0,4.0,14.0,-44.0,36.84,-17.11,-44.6,-23.1,-18.64,-58.46,-27.93,62.71,-59.95,21.91,-2.25,-38.67
2025-08-11T18:35:36.218332,22.0,4.0,-64.0,51.0,-27.0,-28.0,4.0,-2.0,-29.0,-9.0,-58.0,-28.0,16.84,-31.11,-72.6,54.9,-81.64,-7.460000000000001,8.07,1.71,-18.95,8.91,-74.25,-22.67
2025-08-11T18:35:36.222412,14.0,28.0,-95.0,-35.0,1.0,-117.0,-5.0,-31.0,-67.0,-8.0,9.0,-64.0,8.84,-7.109999999999999,-103.6,-31.1,-53.64,-96.46000000000001,-0.9299999999999997,-27.29,-56.95,9.91,-7.25,-58.67
2025-08-11T18:35:36.230610,46.0,1.0,-21.0,24.0,42.0,-76.0,-16.0,70.0,0.0,-13.0,55.0,-44.0,40.84,-34.11,-29.6,27.9,-12.64,-55.46,-11.93,73.71,10.05,4.91,38.75,-38.67
2025-08-11T18:35:36.234912,13.0,42.0,-15.0,-32.0,21.0,16.0,36.0,-2.0,-35.0,59.0,8.0,-70.0,7.84,6.890000000000001,-23.6,-28.1,-33.64,36.54,40.07,1.71,-24.95,76.91,-8.25,-64.67
2025-08-11T18:35:36.242732,48.0,16.0,7.0,-4.0,49.0,-55.0,37.0,-13.0,-33.0,-24.0,22.0,-78.0,42.84,-19.11,-1.5999999999999996,-0.10000000000000009,-5.640000000000001,-34.46,41.07,-9.29,-22.95,-6.09,5.75,-72.67
2025-08-11T18:35:36.247099,16.0,80.0,-68.0,-37.0,-27.0,25.0,-7.0,2.0,-59.0,-14.0,3.0,-53.0,10.84,44.89,-76.6,-33.1,-81.64,45.54,-2.9299999999999997,5.71,-48.95,3.91,-13.25,-47.67
2025-08-11T18:35:36.255023,72.0,50.0,1.0,17.0,13.0,-43.0,-17.0,-60.0,-18.0,5.0,-12.0,-60.0,66.84,14.89,-7.6,20.9,-41.64,-22.46,-12.93,-56.29,-7.949999999999999,22.91,-28.25,-54.67
2025-08-11T18:35:36.259250,24.0,5.0,-60.0,48.0,54.0,-54.0,-22.0,42.0,-15.0,-62.0,35.0,-24.0,18.84,-30.11,-68.6,51.9,-0.6400000000000006,-33.46,-17.93,45.71,-4.949999999999999,-44.09,18.75,-18.67
2025-08-11T18:35:36.267328,-4.0,-6.0,14.0,-13.0,24.0,-92.0,-17.0,-37.0,-124.0,29.0,-10.0,-22.0,-9.16,-41.11,5.4,-9.1,-30.64,-71.46000000000001,-12.93,-33.29,-113.95,46.91,-26.25,-16.67
2025-08-11T18:35:36.271665,62.0,27.0,-7.0,-2.0,22.0,-30.0,-24.0,32.0,-23.0,-35.0,33.0,-32.0,56.84,-8.11,-15.6,1.9,-32.64,-9.46,-19.93,35.71,-12.95,-17.09,16.75,-26.67
2025-08-11T18:35:36.279573,-1.0,34.0,-1.0,18.0,35.0,-62.0,45.0,1.0,-58.0,-4.0,33.0,-105.0,-6.16,-1.1099999999999994,-9.6,21.9,-19.64,-41.46,49.07,4.71,-47.95,13.91,16.75,-99.67
2025-08-11T18:35:36.283867,-46.0,-9.0,33.0,8.0,28.0,-95.0,-19.0,0.0,-74.0,4.0,-15.0,-105.0,-51.16,-44.11,24.4,11.9,-26.64,-74.46000000000001,-14.93,3.71,-63.95,21.91,-31.25,-99.67
2025-08-11T18:35:36.288887,-17.0,22.0,7.0,5.0,52.0,-33.0,12.0,61.0,-27.0,-2.0,64.0,-39.0,-22.16,-13.11,-1.5999999999999996,8.9,-2.6400000000000006,-12.46,16.07,64.71,-16.95,15.91,47.75,-33.67
2025-08-11T18:35:36.296025,25.0,41.0,-56.0,-3.0,64.0,-119.0,-35.0,-18.0,-70.0,-39.0,105.0,-52.0,19.84,5.890000000000001,-64.6,0.8999999999999999,9.36,-98.46000000000001,-30.93,-14.29,-59.95,-21.09,88.75,-46.67
2025-08-11T18:35:36.304068,10.0,112.0,18.0,64.0,-10.0,-7.0,33.0,-16.0,-59.0,-4.0,75.0,-72.0,4.84,76.89,9.4,67.9,-64.64,13.54,37.07,-12.29,-48.95,13.91,58.75,-66.67
2025-08-11T18:35:36.308553,2.0,100.0,-15.0,-4.0,87.0,-53.0,21.0,-51.0,31.0,-2.0,91.0,-26.0,-3.16,64.89,-23.6,-0.10000000000000009,32.36,-32.46,25.07,-47.29,41.05,15.91,74.75,-20.67
2025-08-11T18:35:36.316508,37.0,113.0,26.0,10.0,52.0,-50.0,-90.0,-22.0,-70.0,41.0,-35.0,-39.0,31.84,77.89,17.4,13.9,-2.6400000000000006,-29.46,-85.93,-18.29,-59.95,58.91,-51.25,-33.67
2025-08-11T18:35:36.320752,45.0,84.0,-36.0,39.0,78.0,-14.0,18.0,35.0,2.0,0.0,-34.0,7.0,39.84,48.89,-44.6,42.9,23.36,6.539999999999999,22.07,38.71,12.05,17.91,-50.25,12.33
2025-08-11T18:35:36.325006,-92.0,62.0,-98.0,-57.0,15.0,-58.0,-48.0,68.0,-17.0,5.0,13.0,-44.0,-97.16,26.89,-106.6,-53.1,-39.64,-37.46,-43.93,71.71,-6.949999999999999,22.91,-3.25,-38.67
2025-08-11T18:35:36.333084,-35.0,1.0,-19.0,79.0,48.0,-107.0,10.0,36.0,-39.0,24.0,56.0,-22.0,-40.16,-34.11,-27.6,82.9,-6.640000000000001,-86.46000000000001,14.07,39.71,-28.95,41.91,39.75,-16.67
2025-08-11T18:35:36.337668,76.0,62.0,-25.0,26.0,62.0,-74.0,49.0,5.0,-86.0,-25.0,12.0,-2.0,70.84,26.89,-33.6,29.9,7.359999999999999,-53.46,53.07,8.71,-75.95,-7.09,-4.25,3.33
2025-08-11T18:35:36.345532,29.0,31.0,-48.0,-19.0,81.0,-117.0,0.0,70.0,-22.0,-92.0,22.0,-31.0,23.84,-4.109999999999999,-56.6,-15.1,26.36,-96.46000000000001,4.07,73.71,-11.95,-74.09,5.75,-25.67
2025-08-11T18:35:36.349652,19.0,28.0,-60.0,-46.0,93.0,-63.0,-37.0,-30.0,-50.0,-38.0,-46.0,1.0,13.84,-7.109999999999999,-68.6,-42.1,38.36,-42.46,-32.93,-26.29,-39.95,-20.09,-62.25,6.33
2025-08-11T18:35:36.357621,1.0,4.0,0.0,3.0,67.0,31.0,22.0,1.0,10.0,-30.0,45.0,-57.0,-4.16,-31.11,-8.6,6.9,12.36,51.54,26.07,4.71,20.05,-12.09,28.75,-51.67
2025-08-11T18:35:36.362462,51.0,22.0,-22.0,36.0,59.0,9.0,12.0,-47.0,-12.0,-7.0,27.0,-10.0,45.84,-13.11,-30.6,39.9,4.359999999999999,29.54,16.07,-43.29,-1.9499999999999993,10.91,10.75,-4.67
2025-08-11T18:35:36.369904,5.0,67.0,-57.0,-39.0,17.0,-52.0,73.0,28.0,24.0,-29.0,56.0,-55.0,-0.16000000000000014,31.89,-65.6,-35.1,-37.64,-31.46,77.07,31.71,34.05,-11.09,39.75,-49.67
2025-08-11T18:35:36.374011,62.0,15.0,7.0,-17.0,97.0,-105.0,-13.0,32.0,-34.0,31.0,33.0,-39.0,56.84,-20.11,-1.5999999999999996,-13.1,42.36,-84.46000000000001,-8.93,35.71,-23.95,48.91,16.75,-33.67
2025-08-11T18:35:36.381997,-60.0,34.0,55.0,-49.0,77.0,-3.0,-11.0,31.0,-63.0,10.0,-28.0,-30.0,-65.16,-1.1099999999999994,46.4,-45.1,22.36,17.54,-6.93,34.71,-52.95,27.91,-44.25,-24.67
2025-08-11T18:35:36.386256,33.0,71.0,16.0,19.0,97.0,-11.0,-3.0,-67.0,-12.0,-107.0,-31.0,-31.0,27.84,35.89,7.4,22.9,42.36,9.54,1.0700000000000003,-63.29,-1.9499999999999993,-89.09,-47.25,-25.67
2025-08-11T18:35:36.394502,1.0,106.0,-1.0,-6.0,56.0,-34.0,12.0,66.0,-36.0,-17.0,87.0,-55.0,-4.16,70.89,-9.6,-2.1,1.3599999999999994,-13.46,16.07,69.71,-25.95,0.9100000000000001,70.75,-49.67
2025-08-11T18:35:36.398638,-54.0,101.0,-22.0,-18.0,86.0,-57.0,-4.0,-28.0,-43.0,20.0,-7.0,-6.0,-59.16,65.89,-30.6,-14.1,31.36,-36.46,0.07000000000000028,-24.29,-32.95,37.91,-23.25,-0.6699999999999999
2025-08-11T18:35:36.406608,-6.0,92.0,-41.0,-34.0,53.0,-63.0,37.0,13.0,-45.0,-41.0,7.0,24.0,-11.16,56.89,-49.6,-30.1,-1.6400000000000006,-42.46,41.07,16.71,-34.95,-23.09,-9.25,29.33
2025-08-11T18:35:36.411270,51.0,31.0,40.0,11.0,80.0,-61.0,-24.0,30.0,-4.0,-49.0,-35.0,-52.0,45.84,-4.109999999999999,31.4,14.9,25.36,-40.46,-19.93,33.71,6.050000000000001,-31.09,-51.25,-46.67
2025-08-11T18:35:36.419287,31.0,114.0,75.0,-14.0,92.0,-122.0,25.0,14.0,-12.0,-5.0,67.0,-28.0,25.84,78.89,66.4,-10.1,37.36,-101.46000000000001,29.07,17.71,-1.9499999999999993,12.91,50.75,-22.67
2025-08-11T18:35:36.423624,8.0,112.0,-22.0,18.0,44.0,-46.0,15.0,21.0,20.0,-4.0,31.0,-68.0,2.84,76.89,-30.6,21.9,-10.64,-25.46,19.07,24.71,30.05,13.91,14.75,-62.67
2025-08-11T18:35:36.431225,1.0,68.0,-35.0,63.0,50.0,1.0,-40.0,-33.0,48.0,-12.0,51.0,-35.0,-4.16,32.89,-43.6,66.9,-4.640000000000001,21.54,-35.93,-29.29,58.05,5.91,34.75,-29.67
2025-08-11T18:35:36.435448,-82.0,30.0,11.0,-55.0,39.0,8.0,-12.0,15.0,-83.0,35.0,9.0,-35.0,-87.16,-5.109999999999999,2.4000000000000004,-51.1,-15.64,28.54,-7.93,18.71,-72.95,52.91,-7.25,-29.67
2025-08-11T18:35:36.443509,7.0,109.0,-27.0,43.0,55.0,2.0,-65.0,-13.0,-42.0,-11.0,38.0,-57.0,1.8399999999999999,73.89,-35.6,46.9,0.35999999999999943,22.54,-60.93,-9.29,-31.95,6.91,21.75,-51.67
2025-08-11T18:35:36.448116,91.0,4.0,16.0,27.0,52.0,-77.0,33.0,32.0,-64.0,-33.0,-43.0,-61.0,85.84,-31.11,7.4,30.9,-2.6400000000000006,-56.46,37.07,35.71,-53.95,-15.09,-59.25,-55.67
2025-08-11T18:35:36.455708,89.0,7.0,-24.0,37.0,27.0,-36.0,23.0,56.0,5.0,-3.0,-10.0,-70.0,83.84,-28.11,-32.6,40.9,-27.64,-15.46,27.07,59.71,15.05,14.91,-26.25,-64.67
2025-08-11T18:35:36.460104,62.0,25.0,-96.0,5.0,52.0,-41.0,21.0,32.0,-37.0,-44.0,22.0,9.0,56.84,-10.11,-104.6,8.9,-2.6400000000000006,-20.46,25.07,35.71,-26.95,-26.09,5.75,14.33
2025-08-11T18:35:36.467887,62.0,86.0,-30.0,-30.0,46.0,-112.0,52.0,39.0,-23.0,12.0,41.0,30.0,56.84,50.89,-38.6,-26.1,-8.64,-91.46000000000001,56.07,42.71,-12.95,29.91,24.75,35.33
2025-08-11T18:35:36.472617,29.0,8.0,-10.0,35.0,29.0,-74.0,71.0,-64.0,-12.0,43.0,2.0,16.0,23.84,-27.11,-18.6,38.9,-25.64,-53.46,75.07,-60.29,-1.9499999999999993,60.91,-14.25,21.33
2025-08-11T18:35:36.480402,22.0,95.0,-63.0,18.0,45.0,11.0,26.0,24.0,-102.0,-19.0,51.0,-23.0,16.84,59.89,-71.6,21.9,-9.64,31.54,30.07,27.71,-91.95,-1.0899999999999999,34.75,-17.67
2025-08-11T18:35:36.484970,20.0,-44.0,-4.0,35.0,18.0,-18.0,51.0,32.0,-70.0,-33.0,27.0,-34.0,14.84,-79.11,-12.6,38.9,-36.64,2.539999999999999,55.07,35.71,-59.95,-15.09,10.75,-28.67
2025-08-11T18:35:36.492488,25.0,80.0,47.0,-48.0,90.0,7.0,63.0,63.0,17.0,-14.0,18.0,-24.0,19.84,44.89,38.4,-44.1,35.36,27.54,67.07,66.71,27.05,3.91,1.75,-18.67
2025-08-11T18:35:36.496773,0.0,45.0,-21.0,25.0,19.0,-21.0,-71.0,20.0,2.0,-91.0,96.0,-13.0,-5.16,9.89,-29.6,28.9,-35.64,-0.46000000000000085,-66.93,23.71,12.05,-73.09,79.75,-7.67
2025-08-11T18:35:36.504780,-6.0,33.0,45.0,-44.0,14.0,12.0,-5.0,8.0,-96.0,20.0,78.0,-36.0,-11.16,-2.1099999999999994,36.4,-40.1,-40.64,32.54,-0.9299999999999997,11.71,-85.95,37.91,61.75,-30.67
2025-08-11T18:35:36.508954,-41.0,69.0,44.0,-12.0,59.0,-68.0,19.0,20.0,-35.0,-6.0,44.0,-22.0,-46.16,33.89,35.4,-8.1,4.359999999999999,-47.46,23.07,23.71,-24.95,11.91,27.75,-16.67
2025-08-11T18:35:36.517071,48.0,38.0,44.0,-18.0,96.0,-45.0,-25.0,36.0,8.0,-27.0,68.0,-13.0,42.84,2.8900000000000006,35.4,-14.1,41.36,-24.46,-20.93,39.71,18.05,-9.09,51.75,-7.67
2025-08-11T18:35:36.521358,38.0,69.0,-17.0,-44.0,28.0,-76.0,-48.0,-5.0,-10.0,-35.0,2.0,38.0,32.84,33.89,-25.6,-40.1,-26.64,-55.46,-43.93,-1.29,0.05000000000000071,-17.09,-14.25,43.33
2025-08-11T18:35:36.529300,-36.0,36.0,32.0,-28.0,42.0,-71.0,-1.0,18.0,-34.0,27.0,25.0,-16.0,-41.16,0.8900000000000006,23.4,-24.1,-12.64,-50.46,3.0700000000000003,21.71,-23.95,44.91,8.75,-10.67
2025-08-11T18:35:36.533662,-22.0,72.0,75.0,-1.0,85.0,-18.0,-30.0,11.0,-39.0,37.0,-15.0,-81.0,-27.16,36.89,66.4,2.9,30.36,2.539999999999999,-25.93,14.71,-28.95,54.91,-31.25,-75.67
2025-08-11T18:35:36.541652,-11.0,74.0,-2.0,-33.0,119.0,-4.0,-44.0,47.0,-62.0,-45.0,5.0,-96.0,-16.16,38.89,-10.6,-29.1,64.36,16.54,-39.93,50.71,-51.95,-27.09,-11.25,-90.67
2025-08-11T18:35:36.546083,-80.0,23.0,55.0,-7.0,40.0,-64.0,12.0,13.0,-55.0,-12.0,75.0,-31.0,-85.16,-12.11,46.4,-3.1,-14.64,-43.46,16.07,16.71,-44.95,5.91,58.75,-25.67
2025-08-11T18:35:36.550891,-28.0,52.0,-9.0,41.0,26.0,-55.0,-38.0,1.0,-59.0,-13.0,-13.0,-34.0,-33.16,16.89,-17.6,44.9,-28.64,-34.46,-33.93,4.71,-48.95,4.91,-29.25,-28.67
2025-08-11T18:35:36.558080,-90.0,80.0,-39.0,-31.0,43.0,-62.0,30.0,58.0,-43.0,58.0,36.0,-5.0,-95.16,44.89,-47.6,-27.1,-11.64,-41.46,34.07,61.71,-32.95,75.91,19.75,0.33000000000000007
2025-08-11T18:35:36.563210,-46.0,22.0,-48.0,38.0,54.0,-27.0,-16.0,28.0,-45.0,-4.0,-34.0,-5.0,-51.16,-13.11,-56.6,41.9,-0.6400000000000006,-6.460000000000001,-11.93,31.71,-34.95,13.91,-50.25,0.33000000000000007
2025-08-11T18:35:36.570656,-4.0,96.0,-75.0,-14.0,30.0,-51.0,-9.0,23.0,-13.0,52.0,-6.0,-47.0,-9.16,60.89,-83.6,-10.1,-24.64,-30.46,-4.93,26.71,-2.9499999999999993,69.91,-22.25,-41.67
2025-08-11T18:35:36.575497,-4.0,40.0,8.0,-51.0,56.0,25.0,15.0,36.0,-9.0,-67.0,38.0,-40.0,-9.16,4.890000000000001,-0.5999999999999996,-47.1,1.3599999999999994,45.54,19.07,39.71,1.0500000000000007,-49.09,21.75,-34.67
2025-08-11T18:35:36.582860,71.0,110.0,22.0,-18.0,88.0,-85.0,39.0,-26.0,-66.0,-35.0,46.0,6.0,65.84,74.89,13.4,-14.1,33.36,-64.46000000000001,43.07,-22.29,-55.95,-17.09,29.75,11.33
2025-08-11T18:35:36.587825,-38.0,26.0,-79.0,8.0,73.0,-42.0,-54.0,-20.0,-35.0,-7.0,15.0,-2.0,-43.16,-9.11,-87.6,11.9,18.36,-21.46,-49.93,-16.29,-24.95,10.91,-1.25,3.33
2025-08-11T18:35:36.595268,25.0,114.0,-1.0,55.0,89.0,7.0,39.0,-8.0,9.0,-42.0,-53.0,45.0,19.84,78.89,-9.6,58.9,34.36,27.54,43.07,-4.29,19.05,-24.09,-69.25,50.33
2025-08-11T18:35:36.599398,3.0,104.0,-4.0,-20.0,91.0,-35.0,46.0,-85.0,-49.0,-65.0,-3.0,11.0,-2.16,68.89,-12.6,-16.1,36.36,-14.46,50.07,-81.29,-38.95,-47.09,-19.25,16.33
2025-08-11T18:35:36.607291,-18.0,17.0,20.0,-27.0,55.0,-2.0,0.0,25.0,-42.0,-20.0,39.0,-54.0,-23.16,-18.11,11.4,-23.1,0.35999999999999943,18.54,4.07,28.71,-31.95,-2.09,22.75,-48.67
2025-08-11T18:35:36.612706,-23.0,18.0,-18.0,5.0,77.0,-43.0,-35.0,27.0,15.0,-89.0,96.0,-26.0,-28.16,-17.11,-26.6,8.9,22.36,-22.46,-30.93,30.71,25.05,-71.09,79.75,-20.67
2025-08-11T18:35:36.619837,-30.0,55.0,-20.0,-10.0,59.0,-24.0,-30.0,36.0,-54.0,14.0,18.0,-5.0,-35.16,19.89,-28.6,-6.1,4.359999999999999,-3.460000000000001,-25.93,39.71,-43.95,31.91,1.75,0.33000000000000007
2025-08-11T18:35:36.623877,33.0,2.0,-39.0,29.0,-6.0,-35.0,-6.0,57.0,-52.0,-63.0,9.0,-65.0,27.84,-33.11,-47.6,32.9,-60.64,-14.46,-1.9299999999999997,60.71,-41.95,-45.09,-7.25,-59.67
2025-08-11T18:35:36.631923,-41.0,37.0,14.0,13.0,13.0,-45.0,8.0,-40.0,-38.0,-46.0,1.0,-2.0,-46.16,1.8900000000000006,5.4,16.9,-41.64,-24.46,12.07,-36.29,-27.95,-28.09,-15.25,3.33
2025-08-11T18:35:36.637029,14.0,69.0,-12.0,15.0,119.0,35.0,94.0,11.0,-85.0,22.0,5.0,60.0,8.84,33.89,-20.6,18.9,64.36,55.54,98.07,14.71,-74.95,39.91,-11.25,65.33
2025-08-11T18:35:36.644250,-11.0,-5.0,-8.0,-31.0,30.0,-40.0,-3.0,40.0,-38.0,30.0,23.0,13.0,-16.16,-40.11,-16.6,-27.1,-24.64,-19.46,1.0700000000000003,43.71,-27.95,47.91,6.75,18.33
2025-08-11T18:35:36.648373,-33.0,33.0,-10.0,-11.0,63.0,15.0,-17.0,8.0,-8.0,50.0,26.0,0.0,-38.16,-2.1099999999999994,-18.6,-7.1,8.36,35.54,-12.93,11.71,2.0500000000000007,67.91,9.75,5.33
2025-08-11T18:35:36.656565,79.0,12.0,-44.0,27.0,105.0,-3.0,7.0,35.0,-26.0,33.0,86.0,29.0,73.84,-23.11,-52.6,30.9,50.36,17.54,11.07,38.71,-15.95,50.91,69.75,34.33
2025-08-11T18:35:36.660656,13.0,69.0,-19.0,10.0,23.0,-36.0,-83.0,38.0,-8.0,-15.0,15.0,-31.0,7.84,33.89,-27.6,13.9,-31.64,-15.46,-78.93,41.71,2.0500000000000007,2.91,-1.25,-25.67
2025-08-11T18:35:36.668801,-13.0,71.0,6.0,-26.0,94.0,14.0,-62.0,-63.0,-4.0,64.0,-2.0,-57.0,-18.16,35.89,-2.5999999999999996,-22.1,39.36,34.54,-57.93,-59.29,6.050000000000001,81.91,-18.25,-51.67
2025-08-11T18:35:36.672937,7.0,80.0,69.0,-1.0,-13.0,-36.0,-3.0,8.0,41.0,-63.0,51.0,-21.0,1.8399999999999999,44.89,60.4,2.9,-67.64,-15.46,1.0700000000000003,11.71,51.05,-45.09,34.75,-15.67
2025-08-11T18:35:36.681088,-45.0,75.0,25.0,99.0,101.0,-62.0,-56.0,-46.0,-49.0,-20.0,66.0,3.0,-50.16,39.89,16.4,102.9,46.36,-41.46,-51.93,-42.29,-38.95,-2.09,49.75,8.33
2025-08-11T18:35:36.685157,-69.0,77.0,41.0,47.0,31.0,-17.0,9.0,-25.0,26.0,-59.0,2.0,-48.0,-74.16,41.89,32.4,50.9,-23.64,3.539999999999999,13.07,-21.29,36.05,-41.09,-14.25,-42.67
2025-08-11T18:35:36.693290,28.0,123.0,40.0,-4.0,75.0,-36.0,-41.0,97.0,-25.0,9.0,57.0,5.0,22.84,87.89,31.4,-0.10000000000000009,20.36,-15.46,-36.93,100.71,-14.95,26.91,40.75,10.33
2025-08-11T18:35:36.698203,-20.0,44.0,27.0,-72.0,21.0,-52.0,-16.0,-57.0,-70.0,11.0,-35.0,-35.0,-25.16,8.89,18.4,-68.1,-33.64,-31.46,-11.93,-53.29,-59.95,28.91,-51.25,-29.67
2025-08-11T18:35:36.705504,-60.0,17.0,53.0,23.0,16.0,-8.0,15.0,-18.0,14.0,26.0,46.0,46.0,-65.16,-18.11,44.4,26.9,-38.64,12.54,19.07,-14.29,24.05,43.91,29.75,51.33
2025-08-11T18:35:36.709864,23.0,59.0,-16.0,18.0,-39.0,-44.0,18.0,35.0,-16.0,-30.0,40.0,-24.0,17.84,23.89,-24.6,21.9,-93.64,-23.46,22.07,38.71,-5.949999999999999,-12.09,23.75,-18.67
2025-08-11T18:35:36.717812,8.0,15.0,-46.0,-6.0,46.0,7.0,-1.0,-22.0,15.0,-20.0,30.0,-62.0,2.84,-20.11,-54.6,-2.1,-8.64,27.54,3.0700000000000003,-18.29,25.05,-2.09,13.75,-56.67
2025-08-11T18:35:36.722184,19.0,77.0,51.0,8.0,61.0,-46.0,49.0,-38.0,10.0,-13.0,27.0,-57.0,13.84,41.89,42.4,11.9,6.359999999999999,-25.46,53.07,-34.29,20.05,4.91,10.75,-51.67
2025-08-11T18:35:36.730162,13.0,34.0,55.0,-13.0,35.0,-21.0,-24.0,24.0,-20.0,-17.0,36.0,-37.0,7.84,-1.1099999999999994,46.4,-9.1,-19.64,-0.46000000000000085,-19.93,27.71,-9.95,0.9100000000000001,19.75,-31.67
2025-08-11T18:35:36.734262,-5.0,-21.0,7.0,-1.0,-16.0,-31.0,-2.0,25.0,-33.0,11.0,17.0,6.0,-10.16,-56.11,-1.5999999999999996,2.9,-70.64,-10.46,2.0700000000000003,28.71,-22.95,28.91,0.75,11.33
2025-08-11T18:35:36.742387,-1.0,11.0,66.0,-50.0,66.0,-26.0,-9.0,-32.0,-98.0,-15.0,56.0,-88.0,-6.16,-24.11,57.4,-46.1,11.36,-5.460000000000001,-4.93,-28.29,-87.95,2.91,39.75,-82.67
2025-08-11T18:35:36.747212,-28.0,50.0,29.0,-42.0,41.0,-72.0,-57.0,11.0,-58.0,14.0,-36.0,-55.0,-33.16,14.89,20.4,-38.1,-13.64,-51.46,-52.93,14.71,-47.95,31.91,-52.25,-49.67
2025-08-11T18:35:36.754572,-35.0,-23.0,46.0,-58.0,60.0,-29.0,4.0,19.0,-23.0,-22.0,39.0,5.0,-40.16,-58.11,37.4,-54.1,5.359999999999999,-8.46,8.07,22.71,-12.95,-4.09,22.75,10.33
2025-08-11T18:35:36.759007,-36.0,131.0,-32.0,-19.0,-28.0,-18.0,39.0,-15.0,-24.0,88.0,29.0,32.0,-41.16,95.89,-40.6,-15.1,-82.64,2.539999999999999,43.07,-11.29,-13.95,105.91,12.75,37.33
2025-08-11T18:35:36.767029,100.0,29.0,-16.0,-29.0,9.0,-46.0,40.0,-40.0,25.0,-37.0,4.0,-8.0,94.84,-6.109999999999999,-24.6,-25.1,-45.64,-25.46,44.07,-36.29,35.05,-19.09,-12.25,-2.67
2025-08-11T18:35:36.771440,-14.0,37.0,-11.0,-22.0,36.0,-39.0,-33.0,-39.0,-57.0,-59.0,70.0,14.0,-19.16,1.8900000000000006,-19.6,-18.1,-18.64,-18.46,-28.93,-35.29,-46.95,-41.09,53.75,19.33
2025-08-11T18:35:36.779238,69.0,27.0,4.0,-11.0,47.0,36.0,-51.0,0.0,-40.0,-42.0,50.0,-22.0,63.84,-8.11,-4.6,-7.1,-7.640000000000001,56.54,-46.93,3.71,-29.95,-24.09,33.75,-16.67
2025-08-11T18:35:36.784171,65.0,-54.0,-18.0,-6.0,113.0,-53.0,-8.0,33.0,-21.0,-56.0,16.0,-31.0,59.84,-89.11,-26.6,-2.1,58.36,-32.46,-3.9299999999999997,36.71,-10.95,-38.09,-0.25,-25.67
2025-08-11T18:35:36.787942,49.0,27.0,68.0,-29.0,51.0,-41.0,5.0,-4.0,44.0,42.0,-48.0,1.0,43.84,-8.11,59.4,-25.1,-3.6400000000000006,-20.46,9.07,-0.29000000000000004,54.05,59.91,-64.25,6.33
2025-08-11T18:35:36.795789,85.0,23.0,41.0,30.0,30.0,-81.0,4.0,-3.0,-34.0,28.0,-61.0,14.0,79.84,-12.11,32.4,33.9,-24.64,-60.46,8.07,0.71,-23.95,45.91,-77.25,19.33
2025-08-11T18:35:36.803831,13.0,46.0,45.0,13.0,44.0,-42.0,-52.0,31.0,-51.0,-61.0,-2.0,-23.0,7.84,10.89,36.4,16.9,-10.64,-21.46,-47.93,34.71,-40.95,-43.09,-18.25,-17.67
2025-08-11T18:35:36.808085,-3.0,3.0,22.0,36.0,5.0,-8.0,-31.0,-9.0,-44.0,0.0,19.0,87.0,-8.16,-32.11,13.4,39.9,-49.64,12.54,-26.93,-5.29,-33.95,17.91,2.75,92.33
2025-08-11T18:35:36.812324,5.0,-15.0,16.0,-33.0,-19.0,-4.0,21.0,29.0,-7.0,7.0,40.0,-7.0,-0.16000000000000014,-50.11,7.4,-29.1,-73.64,16.54,25.07,32.71,3.0500000000000007,24.91,23.75,-1.67
2025-08-11T18:35:36.820445,16.0,83.0,20.0,9.0,37.0,-20.0,-17.0,-45.0,-28.0,-7.0,-46.0,-6.0,10.84,47.89,11.4,12.9,-17.64,0.5399999999999991,-12.93,-41.29,-17.95,10.91,-62.25,-0.6699999999999999
2025-08-11T18:35:36.824751,-2.0,-6.0,10.0,-37.0,8.0,30.0,37.0,-8.0,-17.0,-46.0,-32.0,-5.0,-7.16,-41.11,1.4000000000000004,-33.1,-46.64,50.54,41.07,-4.29,-6.949999999999999,-28.09,-48.25,0.33000000000000007
2025-08-11T18:35:36.832614,20.0,64.0,67.0,42.0,47.0,9.0,-9.0,42.0,-47.0,29.0,50.0,48.0,14.84,28.89,58.4,45.9,-7.640000000000001,29.54,-4.93,45.71,-36.95,46.91,33.75,53.33
2025-08-11T18:35:36.836738,-25.0,25.0,23.0,-8.0,2.0,-34.0,-31.0,22.0,-59.0,66.0,-14.0,62.0,-30.16,-10.11,14.4,-4.1,-52.64,-13.46,-26.93,25.71,-48.95,83.91,-30.25,67.33
2025-08-11T18:35:36.844811,37.0,-13.0,8.0,-23.0,3.0,-22.0,-24.0,0.0,-58.0,0.0,-4.0,0.0,31.84,-48.11,-0.5999999999999996,-19.1,-51.64,-1.4600000000000009,-19.93,3.71,-47.95,17.91,-20.25,5.33
2025-08-11T18:35:36.849025,-57.0,-12.0,13.0,0.0,67.0,-53.0,9.0,-46.0,9.0,28.0,7.0,5.0,-62.16,-47.11,4.4,3.9,12.36,-32.46,13.07,-42.29,19.05,45.91,-9.25,10.33
2025-08-11T18:35:36.857056,52.0,91.0,26.0,-35.0,48.0,-24.0,-36.0,-7.0,-38.0,6.0,6.0,-37.0,46.84,55.89,17.4,-31.1,-6.640000000000001,-3.460000000000001,-31.93,-3.29,-27.95,23.91,-10.25,-31.67
2025-08-11T18:35:36.861352,23.0,-10.0,4.0,-12.0,5.0,-11.0,-66.0,18.0,-49.0,31.0,-7.0,-25.0,17.84,-45.11,-4.6,-8.1,-49.64,9.54,-61.93,21.71,-38.95,48.91,-23.25,-19.67
2025-08-11T18:35:36.869238,-10.0,81.0,72.0,15.0,57.0,-34.0,9.0,3.0,-24.0,30.0,-50.0,-5.0,-15.16,45.89,63.4,18.9,2.3599999999999994,-13.46,13.07,6.71,-13.95,47.91,-66.25,0.33000000000000007
2025-08-11T18:35:36.873809,66.0,13.0,-14.0,-21.0,4.0,-44.0,-5.0,-28.0,-29.0,-46.0,68.0,-49.0,60.84,-22.11,-22.6,-17.1,-50.64,-23.46,-0.9299999999999997,-24.29,-18.95,-28.09,51.75,-43.67
2025-08-11T18:35:36.881714,-22.0,3.0,21.0,-29.0,119.0,-57.0,1.0,-66.0,-19.0,-33.0,28.0,21.0,-27.16,-32.11,12.4,-25.1,64.36,-36.46,5.07,-62.29,-8.95,-15.09,11.75,26.33
2025-08-11T18:35:36.886215,-56.0,56.0,-3.0,-27.0,27.0,-10.0,1.0,-53.0,21.0,-26.0,20.0,-25.0,-61.16,20.89,-11.6,-23.1,-27.64,10.54,5.07,-49.29,31.05,-8.09,3.75,-19.67
2025-08-11T18:35:36.893875,-63.0,73.0,54.0,-52.0,49.0,2.0,-56.0,36.0,-12.0,-63.0,104.0,40.0,-68.16,37.89,45.4,-48.1,-5.640000000000001,22.54,-51.93,39.71,-1.9499999999999993,-45.09,87.75,45.33
2025-08-11T18:35:36.898359,27.0,86.0,-11.0,-16.0,-17.0,-9.0,39.0,8.0,-44.0,-16.0,35.0,-16.0,21.84,50.89,-19.6,-12.1,-71.64,11.54,43.07,11.71,-33.95,1.9100000000000001,18.75,-10.67
2025-08-11T18:35:36.906407,13.0,77.0,-28.0,-45.0,30.0,-57.0,26.0,-40.0,-45.0,71.0,-48.0,-41.0,7.84,41.89,-36.6,-41.1,-24.64,-36.46,30.07,-36.29,-34.95,88.91,-64.25,-35.67
2025-08-11T18:35:36.910780,11.0,52.0,-4.0,1.0,38.0,19.0,-3.0,14.0,-25.0,13.0,-20.0,2.0,5.84,16.89,-12.6,4.9,-16.64,39.54,1.0700000000000003,17.71,-14.95,30.91,-36.25,7.33
2025-08-11T18:35:36.918578,31.0,70.0,-23.0,-7.0,-9.0,-53.0,16.0,-89.0,-51.0,6.0,-59.0,32.0,25.84,34.89,-31.6,-3.1,-63.64,-32.46,20.07,-85.29,-40.95,23.91,-75.25,37.33
2025-08-11T18:35:36.922947,-5.0,101.0,-49.0,0.0,53.0,-62.0,2.0,-53.0,-82.0,52.0,43.0,-18.0,-10.16,65.89,-57.6,3.9,-1.6400000000000006,-41.46,6.07,-49.29,-71.95,69.91,26.75,-12.67
2025-08-11T18:35:36.930758,32.0,20.0,-51.0,-6.0,52.0,-22.0,31.0,-24.0,-14.0,-35.0,14.0,25.0,26.84,-15.11,-59.6,-2.1,-2.6400000000000006,-1.4600000000000009,35.07,-20.29,-3.9499999999999993,-17.09,-2.25,30.33
2025-08-11T18:35:36.934907,25.0,18.0,-1.0,5.0,128.0,20.0,-74.0,-19.0,21.0,-69.0,-10.0,56.0,19.84,-17.11,-9.6,8.9,73.36,40.54,-69.93,-15.29,31.05,-51.09,-26.25,61.33
2025-08-11T18:35:36.943122,-10.0,-15.0,-18.0,-16.0,63.0,-26.0,-79.0,25.0,-74.0,3.0,84.0,16.0,-15.16,-50.11,-26.6,-12.1,8.36,-5.460000000000001,-74.93,28.71,-63.95,20.91,67.75,21.33
2025-08-11T18:35:36.947549,-31.0,92.0,17.0,-21.0,34.0,-8.0,1.0,-37.0,13.0,-60.0,58.0,-13.0,-36.16,56.89,8.4,-17.1,-20.64,12.54,5.07,-33.29,23.05,-42.09,41.75,-7.67
2025-08-11T18:35:36.952327,-50.0,-35.0,61.0,31.0,10.0,-9.0,-11.0,20.0,19.0,16.0,34.0,4.0,-55.16,-70.11,52.4,34.9,-44.64,11.54,-6.93,23.71,29.05,33.91,17.75,9.33
2025-08-11T18:35:36.959906,-42.0,5.0,2.0,-11.0,90.0,-44.0,7.0,7.0,26.0,-41.0,5.0,-49.0,-47.16,-30.11,-6.6,-7.1,35.36,-23.46,11.07,10.71,36.05,-23.09,-11.25,-43.67
2025-08-11T18:35:36.963988,84.0,72.0,18.0,33.0,64.0,-73.0,-46.0,-3.0,-44.0,50.0,45.0,-33.0,78.84,36.89,9.4,36.9,9.36,-52.46,-41.93,0.71,-33.95,67.91,28.75,-27.67
2025-08-11T18:35:36.972161,32.0,52.0,74.0,-42.0,127.0,-29.0,22.0,43.0,-57.0,8.0,60.0,-33.0,26.84,16.89,65.4,-38.1,72.36,-8.46,26.07,46.71,-46.95,25.91,43.75,-27.67
2025-08-11T18:35:36.976909,-2.0,33.0,-11.0,-82.0,88.0,-34.0,-31.0,26.0,-13.0,-32.0,-33.0,-8.0,-7.16,-2.1099999999999994,-19.6,-78.1,33.36,-13.46,-26.93,29.71,-2.9499999999999993,-14.09,-49.25,-2.67
2025-08-11T18:35:36.984407,0.0,25.0,34.0,1.0,13.0,-30.0,84.0,-23.0,-80.0,-29.0,18.0,7.0,-5.16,-10.11,25.4,4.9,-41.64,-9.46,88.07,-19.29,-69.95,-11.09,1.75,12.33
2025-08-11T18:35:36.988536,-49.0,89.0,4.0,-35.0,69.0,-15.0,-18.0,99.0,-10.0,27.0,2.0,5.0,-54.16,53.89,-4.6,-31.1,14.36,5.539999999999999,-13.93,102.71,0.05000000000000071,44.91,-14.25,10.33
2025-08-11T18:35:36.996517,-28.0,38.0,29.0,-23.0,62.0,-9.0,-19.0,-21.0,20.0,-87.0,3.0,-2.0,-33.16,2.8900000000000006,20.4,-19.1,7.359999999999999,11.54,-14.93,-17.29,30.05,-69.09,-13.25,3.33
2025-08-11T18:35:37.000624,35.0,52.0,56.0,23.0,80.0,-29.0,80.0,-31.0,-45.0,7.0,28.0,-44.0,29.84,16.89,47.4,26.9,25.36,-8.46,84.07,-27.29,-34.95,24.91,11.75,-38.67
2025-08-11T18:35:37.008676,-20.0,78.0,-68.0,12.0,50.0,-27.0,7.0,51.0,-46.0,-19.0,1.0,2.0,-25.16,42.89,-76.6,15.9,-4.640000000000001,-6.460000000000001,11.07,54.71,-35.95,-1.0899999999999999,-15.25,7.33
2025-08-11T18:35:37.013583,-13.0,118.0,0.0,73.0,57.0,1.0,2.0,-18.0,0.0,-1.0,-50.0,-33.0,-18.16,82.89,-8.6,76.9,2.3599999999999994,21.54,6.07,-14.29,10.05,16.91,-66.25,-27.67
2025-08-11T18:35:37.021066,-44.0,39.0,-73.0,46.0,26.0,22.0,26.0,-27.0,22.0,-35.0,-22.0,-2.0,-49.16,3.8900000000000006,-81.6,49.9,-28.64,42.54,30.07,-23.29,32.05,-17.09,-38.25,3.33
2025-08-11T18:35:37.025087,-22.0,73.0,-6.0,-27.0,22.0,-12.0,-46.0,49.0,-24.0,20.0,15.0,-23.0,-27.16,37.89,-14.6,-23.1,-32.64,8.54,-41.93,52.71,-13.95,37.91,-1.25,-17.67
2025-08-11T18:35:37.033420,48.0,11.0,3.0,31.0,76.0,-40.0,42.0,59.0,-29.0,2.0,-39.0,67.0,42.84,-24.11,-5.6,34.9,21.36,-19.46,46.07,62.71,-18.95,19.91,-55.25,72.33
2025-08-11T18:35:37.037507,-12.0,28.0,-17.0,20.0,50.0,-88.0,-40.0,-2.0,5.0,-10.0,-14.0,14.0,-17.16,-7.109999999999999,-25.6,23.9,-4.640000000000001,-67.46000000000001,-35.93,1.71,15.05,7.91,-30.25,19.33
2025-08-11T18:35:37.045675,9.0,104.0,-1.0,23.0,105.0,-46.0,6.0,-48.0,-8.0,-41.0,63.0,37.0,3.84,68.89,-9.6,26.9,50.36,-25.46,10.07,-44.29,2.0500000000000007,-23.09,46.75,42.33
2025-08-11T18:35:37.049762,65.0,40.0,-15.0,51.0,53.0,-27.0,8.0,-49.0,-41.0,-21.0,23.0,-33.0,59.84,4.890000000000001,-23.6,54.9,-1.6400000000000006,-6.460000000000001,12.07,-45.29,-30.95,-3.09,6.75,-27.67
2025-08-11T18:35:37.057859,-3.0,30.0,15.0,-52.0,65.0,-20.0,-24.0,-19.0,10.0,1.0,82.0,-17.0,-8.16,-5.109999999999999,6.4,-48.1,10.36,0.5399999999999991,-19.93,-15.29,20.05,18.91,65.75,-11.67
2025-08-11T18:35:37.061959,-6.0,30.0,-26.0,52.0,101.0,14.0,42.0,-38.0,9.0,-27.0,10.0,17.0,-11.16,-5.109999999999999,-34.6,55.9,46.36,34.54,46.07,-34.29,19.05,-9.09,-6.25,22.33
2025-08-11T18:35:37.070101,67.0,36.0,-17.0,16.0,13.0,-6.0,35.0,-23.0,22.0,17.0,7.0,-106.0,61.84,0.8900000000000006,-25.6,19.9,-41.64,14.54,39.07,-19.29,32.05,34.91,-9.25,-100.67
2025-08-11T18:35:37.074283,-16.0,-10.0,0.0,-14.0,40.0,-27.0,-36.0,-74.0,36.0,29.0,-24.0,-27.0,-21.16,-45.11,-8.6,-10.1,-14.64,-6.460000000000001,-31.93,-70.29,46.05,46.91,-40.25,-21.67
2025-08-11T18:35:37.082414,-32.0,25.0,25.0,-24.0,75.0,-43.0,6.0,-29.0,-13.0,22.0,-12.0,10.0,-37.16,-10.11,16.4,-20.1,20.36,-22.46,10.07,-25.29,-2.9499999999999993,39.91,-28.25,15.33
2025-08-11T18:35:37.086717,-60.0,89.0,32.0,-37.0,20.0,-15.0,-18.0,-26.0,3.0,-17.0,49.0,-29.0,-65.16,53.89,23.4,-33.1,-34.64,5.539999999999999,-13.93,-22.29,13.05,0.9100000000000001,32.75,-23.67
2025-08-11T18:35:37.094663,47.0,91.0,10.0,-22.0,50.0,-29.0,-47.0,-38.0,8.0,-35.0,61.0,37.0,41.84,55.89,1.4000000000000004,-18.1,-4.640000000000001,-8.46,-42.93,-34.29,18.05,-17.09,44.75,42.33
2025-08-11T18:35:37.098813,20.0,125.0,-8.0,36.0,46.0,-59.0,26.0,9.0,-48.0,-27.0,56.0,-38.0,14.84,89.89,-16.6,39.9,-8.64,-38.46,30.07,12.71,-37.95,-9.09,39.75,-32.67
2025-08-11T18:35:37.106847,-35.0,-17.0,28.0,-61.0,5.0,6.0,41.0,25.0,16.0,16.0,76.0,-35.0,-40.16,-52.11,19.4,-57.1,-49.64,26.54,45.07,28.71,26.05,33.91,59.75,-29.67
2025-08-11T18:35:37.111056,18.0,5.0,-16.0,11.0,49.0,72.0,-9.0,14.0,9.0,26.0,61.0,-41.0,12.84,-30.11,-24.6,14.9,-5.640000000000001,92.53999999999999,-4.93,17.71,19.05,43.91,44.75,-35.67
2025-08-11T18:35:37.119361,25.0,36.0,43.0,12.0,104.0,19.0,25.0,-26.0,-31.0,-52.0,-13.0,-65.0,19.84,0.8900000000000006,34.4,15.9,49.36,39.54,29.07,-22.29,-20.95,-34.09,-29.25,-59.67
2025-08-11T18:35:37.124031,61.0,72.0,63.0,-54.0,49.0,-27.0,2.0,-77.0,58.0,-25.0,51.0,24.0,55.84,36.89,54.4,-50.1,-5.640000000000001,-6.460000000000001,6.07,-73.29,68.05,-7.09,34.75,29.33
2025-08-11T18:35:37.131543,53.0,59.0,19.0,17.0,119.0,-38.0,52.0,-38.0,-8.0,-35.0,46.0,24.0,47.84,23.89,10.4,20.9,64.36,-17.46,56.07,-34.29,2.0500000000000007,-17.09,29.75,29.33
2025-08-11T18:35:37.135930,-26.0,-7.0,17.0,-75.0,79.0,0.0,84.0,-2.0,45.0,-33.0,-6.0,-9.0,-31.16,-42.11,8.4,-71.1,24.36,20.54,88.07,1.71,55.05,-15.09,-22.25,-3.67
2025-08-11T18:35:37.143743,-24.0,41.0,15.0,-20.0,64.0,-56.0,-27.0,36.0,-20.0,-16.0,93.0,-55.0,-29.16,5.890000000000001,6.4,-16.1,9.36,-35.46,-22.93,39.71,-9.95,1.9100000000000001,76.75,-49.67
2025-08-11T18:35:37.148326,-3.0,1.0,-3.0,69.0,113.0,-57.0,-56.0,23.0,-24.0,-17.0,31.0,-33.0,-8.16,-34.11,-11.6,72.9,58.36,-36.46,-51.93,26.71,-13.95,0.9100000000000001,14.75,-27.67
2025-08-11T18:35:37.152739,-22.0,8.0,123.0,7.0,58.0,-54.0,-22.0,36.0,-58.0,-61.0,29.0,3.0,-27.16,-27.11,114.4,10.9,3.3599999999999994,-33.46,-17.93,39.71,-47.95,-43.09,12.75,8.33
2025-08-11T18:35:37.160475,9.0,38.0,-12.0,14.0,47.0,-48.0,6.0,-22.0,-2.0,55.0,26.0,14.0,3.84,2.8900000000000006,-20.6,17.9,-7.640000000000001,-27.46,10.07,-18.29,8.05,72.91,9.75,19.33
2025-08-11T18:35:37.164668,31.0,29.0,45.0,17.0,67.0,-22.0,-20.0,48.0,-15.0,-70.0,58.0,16.0,25.84,-6.109999999999999,36.4,20.9,12.36,-1.4600000000000009,-15.93,51.71,-4.949999999999999,-52.09,41.75,21.33
2025-08-11T18:35:37.172884,-28.0,130.0,-13.0,93.0,50.0,-34.0,16.0,8.0,-52.0,42.0,99.0,-45.0,-33.16,94.89,-21.6,96.9,-4.640000000000001,-13.46,20.07,11.71,-41.95,59.91,82.75,-39.67
2025-08-11T18:35:37.180645,-18.0,109.0,-1.0,-22.0,100.0,3.0,-25.0,11.0,-21.0,-104.0,-1.0,32.0,-23.16,73.89,-9.6,-18.1,45.36,23.54,-20.93,14.71,-10.95,-86.09,-17.25,37.33
2025-08-11T18:35:37.185028,47.0,16.0,2.0,-20.0,26.0,-30.0,24.0,12.0,82.0,-72.0,50.0,-1.0,41.84,-19.11,-6.6,-16.1,-28.64,-9.46,28.07,15.71,92.05,-54.09,33.75,4.33
2025-08-11T18:35:37.189235,38.0,24.0,18.0,-45.0,105.0,8.0,12.0,12.0,0.0,61.0,17.0,-2.0,32.84,-11.11,9.4,-41.1,50.36,28.54,16.07,15.71,10.05,78.91,0.75,3.33
2025-08-11T18:35:37.197051,17.0,-22.0,19.0,-4.0,28.0,-47.0,-24.0,-52.0,-40.0,9.0,29.0,76.0,11.84,-57.11,10.4,-0.10000000000000009,-26.64,-26.46,-19.93,-48.29,-29.95,26.91,12.75,81.33
2025-08-11T18:35:37.201513,-63.0,76.0,-72.0,20.0,19.0,-13.0,-78.0,-71.0,-2.0,-7.0,-18.0,23.0,-68.16,40.89,-80.6,23.9,-35.64,7.539999999999999,-73.93,-67.29,8.05,10.91,-34.25,28.33
2025-08-11T18:35:37.209574,-24.0,-33.0,-36.0,35.0,90.0,-4.0,23.0,45.0,25.0,8.0,-23.0,-20.0,-29.16,-68.11,-44.6,38.9,35.36,16.54,27.07,48.71,35.05,25.91,-39.25,-14.67
2025-08-11T18:35:37.214461,29.0,69.0,64.0,35.0,7.0,-48.0,23.0,-4.0,-22.0,-7.0,-50.0,27.0,23.84,33.89,55.4,38.9,-47.64,-27.46,27.07,-0.29000000000000004,-11.95,10.91,-66.25,32.33
2025-08-11T18:35:37.222020,14.0,40.0,28.0,-64.0,51.0,-33.0,-9.0,18.0,70.0,-1.0,-4.0,10.0,8.84,4.890000000000001,19.4,-60.1,-3.6400000000000006,-12.46,-4.93,21.71,80.05,16.91,-20.25,15.33
2025-08-11T18:35:37.226316,-17.0,7.0,30.0,-92.0,27.0,-43.0,-58.0,-4.0,10.0,-20.0,-21.0,62.0,-22.16,-28.11,21.4,-88.1,-27.64,-22.46,-53.93,-0.29000000000000004,20.05,-2.09,-37.25,67.33
2025-08-11T18:35:37.234314,57.0,37.0,-31.0,41.0,50.0,15.0,-18.0,1.0,55.0,-82.0,-47.0,-11.0,51.84,1.8900000000000006,-39.6,44.9,-4.640000000000001,35.54,-13.93,4.71,65.05,-64.09,-63.25,-5.67
2025-08-11T18:35:37.238833,0.0,2.0,-19.0,-46.0,41.0,-85.0,-65.0,28.0,-20.0,-71.0,-3.0,-24.0,-5.16,-33.11,-27.6,-42.1,-13.64,-64.46000000000001,-60.93,31.71,-9.95,-53.09,-19.25,-18.67
2025-08-11T18:35:37.246434,-55.0,39.0,43.0,67.0,17.0,4.0,-17.0,1.0,-28.0,-64.0,42.0,-33.0,-60.16,3.8900000000000006,34.4,70.9,-37.64,24.54,-12.93,4.71,-17.95,-46.09,25.75,-27.67
2025-08-11T18:35:37.251215,12.0,34.0,32.0,9.0,90.0,-84.0,26.0,-14.0,5.0,-36.0,-23.0,-51.0,6.84,-1.1099999999999994,23.4,12.9,35.36,-63.46,30.07,-10.29,15.05,-18.09,-39.25,-45.67
2025-08-11T18:35:37.258515,-13.0,45.0,36.0,-32.0,34.0,16.0,20.0,33.0,-34.0,-60.0,12.0,-33.0,-18.16,9.89,27.4,-28.1,-20.64,36.54,24.07,36.71,-23.95,-42.09,-4.25,-27.67
2025-08-11T18:35:37.262965,-1.0,102.0,-66.0,-30.0,72.0,-27.0,52.0,19.0,-62.0,5.0,-11.0,-78.0,-6.16,66.89,-74.6,-26.1,17.36,-6.460000000000001,56.07,22.71,-51.95,22.91,-27.25,-72.67
2025-08-11T18:35:37.270720,-8.0,44.0,-56.0,4.0,22.0,-8.0,31.0,6.0,-59.0,-5.0,-3.0,-36.0,-13.16,8.89,-64.6,7.9,-32.64,12.54,35.07,9.71,-48.95,12.91,-19.25,-30.67
2025-08-11T18:35:37.275356,20.0,89.0,-92.0,39.0,32.0,-43.0,-7.0,0.0,6.0,18.0,64.0,-40.0,14.84,53.89,-100.6,42.9,-22.64,-22.46,-2.9299999999999997,3.71,16.05,35.91,47.75,-34.67
2025-08-11T18:35:37.283212,-16.0,65.0,4.0,-24.0,25.0,-29.0,56.0,-69.0,-74.0,-12.0,48.0,71.0,-21.16,29.89,-4.6,-20.1,-29.64,-8.46,60.07,-65.29,-63.95,5.91,31.75,76.33
2025-08-11T18:35:37.287953,-22.0,59.0,-36.0,-7.0,61.0,-24.0,-17.0,-12.0,-30.0,-74.0,35.0,26.0,-27.16,23.89,-44.6,-3.1,6.359999999999999,-3.460000000000001,-12.93,-8.29,-19.95,-56.09,18.75,31.33
2025-08-11T18:35:37.295396,-60.0,65.0,30.0,17.0,53.0,0.0,18.0,25.0,-29.0,43.0,-75.0,-14.0,-65.16,29.89,21.4,20.9,-1.6400000000000006,20.54,22.07,28.71,-18.95,60.91,-91.25,-8.67
2025-08-11T18:35:37.299493,9.0,9.0,22.0,26.0,68.0,-48.0,-30.0,-29.0,-10.0,-9.0,-47.0,-6.0,3.84,-26.11,13.4,29.9,13.36,-27.46,-25.93,-25.29,0.05000000000000071,8.91,-63.25,-0.6699999999999999
2025-08-11T18:35:37.307564,53.0,7.0,6.0,-20.0,100.0,21.0,3.0,29.0,-32.0,31.0,8.0,34.0,47.84,-28.11,-2.5999999999999996,-16.1,45.36,41.54,7.07,32.71,-21.95,48.91,-8.25,39.33
2025-08-11T18:35:37.311909,23.0,29.0,21.0,60.0,30.0,-7.0,-27.0,-52.0,-10.0,20.0,-68.0,68.0,17.84,-6.109999999999999,12.4,63.9,-24.64,13.54,-22.93,-48.29,0.05000000000000071,37.91,-84.25,73.33
2025-08-11T18:35:37.319938,7.0,-1.0,63.0,-42.0,42.0,-36.0,23.0,22.0,-32.0,22.0,-14.0,32.0,1.8399999999999999,-36.11,54.4,-38.1,-12.64,-15.46,27.07,25.71,-21.95,39.91,-30.25,37.33
2025-08-11T18:35:37.324551,8.0,-1.0,-36.0,51.0,91.0,62.0,-79.0,41.0,11.0,-9.0,-7.0,0.0,2.84,-36.11,-44.6,54.9,36.36,82.53999999999999,-74.93,44.71,21.05,8.91,-23.25,5.33
2025-08-11T18:35:37.332107,63.0,42.0,4.0,-19.0,44.0,-32.0,-26.0,-44.0,32.0,31.0,-11.0,20.0,57.84,6.890000000000001,-4.6,-15.1,-10.64,-11.46,-21.93,-40.29,42.05,48.91,-27.25,25.33
2025-08-11T18:35:37.336414,15.0,16.0,32.0,-4.0,41.0,51.0,-25.0,27.0,30.0,1.0,17.0,-50.0,9.84,-19.11,23.4,-0.10000000000000009,-13.64,71.53999999999999,-20.93,30.71,40.05,18.91,0.75,-44.67
2025-08-11T18:35:37.341551,-5.0,39.0,27.0,21.0,44.0,37.0,-21.0,42.0,-48.0,27.0,18.0,-35.0,-10.16,3.8900000000000006,18.4,24.9,-10.64,57.54,-16.93,45.71,-37.95,44.91,1.75,-29.67
2025-08-11T18:35:37.348629,-39.0,45.0,-31.0,9.0,23.0,9.0,32.0,41.0,-57.0,-41.0,-30.0,60.0,-44.16,9.89,-39.6,12.9,-31.64,29.54,36.07,44.71,-46.95,-23.09,-46.25,65.33
2025-08-11T18:35:37.353772,20.0,1.0,18.0,1.0,60.0,-37.0,62.0,-82.0,-21.0,22.0,49.0,-80.0,14.84,-34.11,9.4,4.9,5.359999999999999,-16.46,66.07,-78.29,-10.95,39.91,32.75,-74.67
2025-08-11T18:35:37.360967,-10.0,-33.0,3.0,18.0,-9.0,27.0,-22.0,-9.0,-70.0,-24.0,38.0,1.0,-15.16,-68.11,-5.6,21.9,-63.64,47.54,-17.93,-5.29,-59.95,-6.09,21.75,6.33
2025-08-11T18:35:37.365321,-56.0,28.0,21.0,22.0,13.0,1.0,69.0,-31.0,-31.0,41.0,44.0,-12.0,-61.16,-7.109999999999999,12.4,25.9,-41.64,21.54,73.07,-27.29,-20.95,58.91,27.75,-6.67
2025-08-11T18:35:37.373304,55.0,58.0,52.0,12.0,74.0,-46.0,-34.0,-14.0,25.0,32.0,15.0,-35.0,49.84,22.89,43.4,15.9,19.36,-25.46,-29.93,-10.29,35.05,49.91,-1.25,-29.67
2025-08-11T18:35:37.377574,-40.0,37.0,-14.0,7.0,26.0,11.0,35.0,-22.0,17.0,-4.0,2.0,43.0,-45.16,1.8900000000000006,-22.6,10.9,-28.64,31.54,39.07,-18.29,27.05,13.91,-14.25,48.33
2025-08-11T18:35:37.385744,-128.0,28.0,-38.0,-23.0,114.0,-40.0,-64.0,-12.0,63.0,-10.0,-41.0,-29.0,-133.16,-7.109999999999999,-46.6,-19.1,59.36,-19.46,-59.93,-8.29,73.05,7.91,-57.25,-23.67
2025-08-11T18:35:37.389952,0.0,29.0,-24.0,34.0,40.0,-35.0,-9.0,21.0,8.0,-44.0,63.0,-24.0,-5.16,-6.109999999999999,-32.6,37.9,-14.64,-14.46,-4.93,24.71,18.05,-26.09,46.75,-18.67
2025-08-11T18:35:37.397960,79.0,2.0,-7.0,9.0,38.0,-62.0,14.0,-23.0,6.0,-32.0,-13.0,43.0,73.84,-33.11,-15.6,12.9,-16.64,-41.46,18.07,-19.29,16.05,-14.09,-29.25,48.33
2025-08-11T18:35:37.402956,23.0,85.0,-31.0,33.0,48.0,27.0,44.0,11.0,27.0,38.0,-1.0,29.0,17.84,49.89,-39.6,36.9,-6.640000000000001,47.54,48.07,14.71,37.05,55.91,-17.25,34.33
2025-08-11T18:35:37.410176,43.0,85.0,3.0,-28.0,14.0,10.0,-24.0,52.0,-73.0,-31.0,23.0,2.0,37.84,49.89,-5.6,-24.1,-40.64,30.54,-19.93,55.71,-62.95,-13.09,6.75,7.33
2025-08-11T18:35:37.414766,67.0,-16.0,-76.0,-5.0,83.0,-10.0,-51.0,6.0,-33.0,-47.0,-45.0,-3.0,61.84,-51.11,-84.6,-1.1,28.36,10.54,-46.93,9.71,-22.95,-29.09,-61.25,2.33
2025-08-11T18:35:37.422634,43.0,17.0,-52.0,-5.0,112.0,-8.0,-12.0,-24.0,-48.0,-85.0,-44.0,-44.0,37.84,-18.11,-60.6,-1.1,57.36,12.54,-7.93,-20.29,-37.95,-67.09,-60.25,-38.67
2025-08-11T18:35:37.426715,-23.0,28.0,45.0,-15.0,110.0,-3.0,29.0,30.0,-62.0,-16.0,96.0,-5.0,-28.16,-7.109999999999999,36.4,-11.1,55.36,17.54,33.07,33.71,-51.95,1.9100000000000001,79.75,0.33000000000000007
2025-08-11T18:35:37.434788,-2.0,40.0,-20.0,26.0,100.0,-88.0,11.0,10.0,4.0,6.0,12.0,-18.0,-7.16,4.890000000000001,-28.6,29.9,45.36,-67.46000000000001,15.07,13.71,14.05,23.91,-4.25,-12.67
2025-08-11T18:35:37.439406,-7.0,76.0,63.0,-46.0,21.0,-62.0,-3.0,-49.0,-54.0,-92.0,-22.0,-21.0,-12.16,40.89,54.4,-42.1,-33.64,-41.46,1.0700000000000003,-45.29,-43.95,-74.09,-38.25,-15.67
2025-08-11T18:35:37.446915,29.0,-43.0,-26.0,54.0,19.0,-8.0,23.0,2.0,-54.0,44.0,-11.0,3.0,23.84,-78.11,-34.6,57.9,-35.64,12.54,27.07,5.71,-43.95,61.91,-27.25,8.33
2025-08-11T18:35:37.452097,35.0,38.0,52.0,-34.0,23.0,-51.0,31.0,84.0,6.0,-64.0,70.0,-7.0,29.84,2.8900000000000006,43.4,-30.1,-31.64,-30.46,35.07,87.71,16.05,-46.09,53.75,-1.67
2025-08-11T18:35:37.459294,41.0,44.0,64.0,23.0,75.0,-31.0,30.0,33.0,39.0,-20.0,39.0,-33.0,35.84,8.89,55.4,26.9,20.36,-10.46,34.07,36.71,49.05,-2.09,22.75,-27.67
2025-08-11T18:35:37.463905,84.0,22.0,50.0,-47.0,24.0,-9.0,14.0,33.0,-12.0,13.0,89.0,-102.0,78.84,-13.11,41.4,-43.1,-30.64,11.54,18.07,36.71,-1.9499999999999993,30.91,72.75,-96.67
2025-08-11T18:35:37.471517,-7.0,-17.0,-21.0,-26.0,87.0,-5.0,-52.0,-32.0,-22.0,46.0,69.0,-6.0,-12.16,-52.11,-29.6,-22.1,32.36,15.54,-47.93,-28.29,-11.95,63.91,52.75,-0.6699999999999999
2025-08-11T18:35:37.475659,-47.0,27.0,27.0,-65.0,109.0,-55.0,-46.0,3.0,24.0,-7.0,-9.0,-21.0,-52.16,-8.11,18.4,-61.1,54.36,-34.46,-41.93,6.71,34.05,10.91,-25.25,-15.67
2025-08-11T18:35:37.483886,-58.0,4.0,-1.0,32.0,105.0,20.0,-12.0,-38.0,-24.0,-16.0,-21.0,-15.0,-63.16,-31.11,-9.6,35.9,50.36,40.54,-7.93,-34.29,-13.95,1.9100000000000001,-37.25,-9.67
2025-08-11T18:35:37.487951,-14.0,14.0,29.0,38.0,11.0,-28.0,-43.0,53.0,-54.0,1.0,27.0,9.0,-19.16,-21.11,20.4,41.9,-43.64,-7.460000000000001,-38.93,56.71,-43.95,18.91,10.75,14.33
2025-08-11T18:35:37.496002,-17.0,93.0,38.0,-13.0,44.0,-16.0,48.0,16.0,-48.0,-63.0,4.0,1.0,-22.16,57.89,29.4,-9.1,-10.64,4.539999999999999,52.07,19.71,-37.95,-45.09,-12.25,6.33
2025-08-11T18:35:37.500284,-17.0,93.0,34.0,-1.0,135.0,-8.0,-8.0,20.0,114.0,22.0,-29.0,-2.0,-22.16,57.89,25.4,2.9,80.36,12.54,-3.9299999999999997,23.71,124.05,39.91,-45.25,3.33
