timestamp,x1,y1,z1,x2,y2,z2,x3,y3,z3,x4,y4,z4,x1_calib,y1_calib,z1_calib,x2_calib,y2_calib,z2_calib,x3_calib,y3_calib,z3_calib,x4_calib,y4_calib,z4_calib
2025-08-18T18:11:18.116978,-4746.0,-1678.0,9455.0,-17.0,-82.0,53.0,-84.0,-61.0,-2.0,9.0,-8.0,-60.0,19.779999999999745,14.3599999999999,0.2999999999992724,33.82,-97.44,37.39,-29.29,-56.14,-7.14,15.83,4.529999999999999,-61.04
2025-08-18T18:11:18.125181,-4791.0,-1694.0,9466.0,-60.0,-11.0,0.0,-67.0,-12.0,15.0,32.0,0.0,-30.0,-25.220000000000255,-1.6400000000001,11.299999999999272,-9.18,-26.439999999999998,-15.61,-12.29,-7.14,9.86,38.83,12.53,-31.04
2025-08-18T18:11:18.129656,-4796.0,-1596.0,9491.0,-63.0,29.0,-6.0,-14.0,58.0,-27.0,54.0,-84.0,-14.0,-30.220000000000255,96.3599999999999,36.29999999999927,-12.18,13.56,-21.61,40.71,62.86,-32.14,60.83,-71.47,-15.04
2025-08-18T18:11:18.137535,-4787.0,-1729.0,9413.0,-44.0,-31.0,-19.0,-39.0,-79.0,22.0,-50.0,-21.0,49.0,-21.220000000000255,-36.6400000000001,-41.70000000000073,6.82,-46.44,-34.61,15.71,-74.14,16.86,-43.17,-8.47,47.96
2025-08-18T18:11:18.141731,-4797.0,-1769.0,9501.0,-47.0,-73.0,51.0,-45.0,11.0,9.0,9.0,-19.0,-10.0,-31.220000000000255,-76.6400000000001,46.29999999999927,3.8200000000000003,-88.44,35.39,9.71,15.86,3.8600000000000003,15.83,-6.470000000000001,-11.04
2025-08-18T18:11:18.149869,-4817.0,-1737.0,9497.0,-42.0,26.0,-13.0,-102.0,3.0,8.0,-7.0,20.0,-38.0,-51.220000000000255,-44.6400000000001,42.29999999999927,8.82,10.56,-28.61,-47.29,7.86,2.8600000000000003,-0.16999999999999993,32.53,-39.04
2025-08-18T18:11:18.154365,-4684.0,-1709.0,9314.0,-78.0,-54.0,26.0,-78.0,52.0,61.0,21.0,53.0,-38.0,81.77999999999975,-16.6400000000001,-140.70000000000073,-27.18,-69.44,10.39,-23.29,56.86,55.86,27.83,65.53,-39.04
2025-08-18T18:11:18.162135,-4776.0,-1705.0,9519.0,-129.0,-45.0,-7.0,-125.0,6.0,-38.0,39.0,-1.0,-7.0,-10.220000000000255,-12.6400000000001,64.29999999999927,-78.18,-60.44,-22.61,-70.28999999999999,10.86,-43.14,45.83,11.53,-8.04
2025-08-18T18:11:18.170170,-4792.0,-1632.0,9396.0,-78.0,62.0,14.0,-91.0,14.0,57.0,26.0,-62.0,-12.0,-26.220000000000255,60.3599999999999,-58.70000000000073,-27.18,46.56,-1.6099999999999994,-36.29,18.86,51.86,32.83,-49.47,-13.04
2025-08-18T18:11:18.174454,-4715.0,-1723.0,9396.0,-48.0,-25.0,-2.0,-99.0,22.0,-14.0,-83.0,-49.0,-29.0,50.779999999999745,-30.6400000000001,-58.70000000000073,2.8200000000000003,-40.44,-17.61,-44.29,26.86,-19.14,-76.17,-36.47,-30.04
2025-08-18T18:11:18.182435,-4740.0,-1713.0,9464.0,-22.0,3.0,100.0,-37.0,5.0,59.0,-9.0,56.0,-57.0,25.779999999999745,-20.6400000000001,9.299999999999272,28.82,-12.44,84.39,17.71,9.86,53.86,-2.17,68.53,-58.04
2025-08-18T18:11:18.186739,-4821.0,-1641.0,9490.0,-90.0,39.0,-31.0,-80.0,-47.0,16.0,-59.0,30.0,-32.0,-55.220000000000255,51.3599999999999,35.29999999999927,-39.18,23.560000000000002,-46.61,-25.29,-42.14,10.86,-52.17,42.53,-33.04
2025-08-18T18:11:18.194924,-4776.0,-1645.0,9390.0,-21.0,35.0,-12.0,-62.0,-34.0,23.0,12.0,26.0,-44.0,-10.220000000000255,47.3599999999999,-64.70000000000073,29.82,19.560000000000002,-27.61,-7.289999999999999,-29.14,17.86,18.83,38.53,-45.04
2025-08-18T18:11:18.199262,-4746.0,-1720.0,9504.0,-84.0,-20.0,71.0,-40.0,-85.0,24.0,97.0,17.0,-41.0,19.779999999999745,-27.6400000000001,49.29999999999927,-33.18,-35.44,55.39,14.71,-80.14,18.86,103.83,29.53,-42.04
2025-08-18T18:11:18.207162,-4812.0,-1674.0,9487.0,-41.0,19.0,-13.0,-24.0,-17.0,51.0,10.0,-44.0,48.0,-46.220000000000255,18.3599999999999,32.29999999999927,9.82,3.5600000000000005,-28.61,30.71,-12.14,45.86,16.83,-31.47,46.96
2025-08-18T18:11:18.215295,-4738.0,-1655.0,9425.0,-113.0,28.0,44.0,8.0,-40.0,60.0,-24.0,-32.0,-5.0,27.779999999999745,37.3599999999999,-29.700000000000728,-62.18,12.56,28.39,62.71,-35.14,54.86,-17.17,-19.47,-6.04
2025-08-18T18:11:18.219509,-4734.0,-1712.0,9465.0,-87.0,-22.0,39.0,-56.0,50.0,9.0,-20.0,2.0,43.0,31.779999999999745,-19.6400000000001,10.299999999999272,-36.18,-37.44,23.39,-1.2899999999999991,54.86,3.8600000000000003,-13.17,14.53,41.96
2025-08-18T18:11:18.227718,-4795.0,-1748.0,9478.0,-140.0,60.0,-27.0,-27.0,-74.0,24.0,83.0,-24.0,-56.0,-29.220000000000255,-55.6400000000001,23.299999999999272,-89.18,44.56,-42.61,27.71,-69.14,18.86,89.83,-11.47,-57.04
2025-08-18T18:11:18.231921,-4786.0,-1624.0,9478.0,-73.0,-42.0,-31.0,-72.0,-60.0,43.0,29.0,-21.0,-78.0,-20.220000000000255,68.3599999999999,23.299999999999272,-22.18,-57.44,-46.61,-17.29,-55.14,37.86,35.83,-8.47,-79.04
2025-08-18T18:11:18.239940,-4772.0,-1682.0,9407.0,-81.0,-50.0,36.0,-113.0,2.0,91.0,41.0,-7.0,3.0,-6.220000000000255,10.3599999999999,-47.70000000000073,-30.18,-65.44,20.39,-58.29,6.86,85.86,47.83,5.529999999999999,1.96
2025-08-18T18:11:18.244194,-4767.0,-1700.0,9508.0,-36.0,40.0,16.0,-44.0,1.0,-5.0,10.0,-44.0,24.0,-1.2200000000002547,-7.6400000000001,53.29999999999927,14.82,24.560000000000002,0.39000000000000057,10.71,5.86,-10.14,16.83,-31.47,22.96
2025-08-18T18:11:18.252305,-4774.0,-1677.0,9497.0,-50.0,-20.0,1.0,-46.0,-41.0,-36.0,-40.0,11.0,34.0,-8.220000000000255,15.3599999999999,42.29999999999927,0.8200000000000003,-35.44,-14.61,8.71,-36.14,-41.14,-33.17,23.53,32.96
2025-08-18T18:11:18.256415,-4792.0,-1626.0,9392.0,-76.0,-29.0,-32.0,12.0,7.0,21.0,-71.0,80.0,39.0,-26.220000000000255,66.3599999999999,-62.70000000000073,-25.18,-44.44,-47.61,66.71000000000001,11.86,15.86,-64.17,92.53,37.96
2025-08-18T18:11:18.264463,-4769.0,-1732.0,9466.0,-95.0,18.0,-15.0,-42.0,43.0,-30.0,24.0,24.0,-1.0,-3.2200000000002547,-39.6400000000001,11.299999999999272,-44.18,2.5600000000000005,-30.61,12.71,47.86,-35.14,30.83,36.53,-2.04
2025-08-18T18:11:18.272725,-4703.0,-1709.0,9360.0,14.0,56.0,-37.0,-60.0,-4.0,-25.0,35.0,12.0,-22.0,62.779999999999745,-16.6400000000001,-94.70000000000073,64.82,40.56,-52.61,-5.289999999999999,0.8600000000000003,-30.14,41.83,24.53,-23.04
2025-08-18T18:11:18.276828,-4872.0,-1682.0,9470.0,-62.0,30.0,-10.0,-39.0,15.0,63.0,25.0,-71.0,15.0,-106.22000000000025,10.3599999999999,15.299999999999272,-11.18,14.56,-25.61,15.71,19.86,57.86,31.83,-58.47,13.96
2025-08-18T18:11:18.285015,-4765.0,-1692.0,9469.0,-50.0,15.0,-19.0,-45.0,-18.0,8.0,-70.0,-72.0,77.0,0.7799999999997453,0.35999999999989996,14.299999999999272,0.8200000000000003,-0.4399999999999995,-34.61,9.71,-13.14,2.8600000000000003,-63.17,-59.47,75.96
2025-08-18T18:11:18.289129,-4713.0,-1775.0,9436.0,-88.0,6.0,37.0,-47.0,33.0,2.0,-40.0,-9.0,21.0,52.779999999999745,-82.6400000000001,-18.700000000000728,-37.18,-9.44,21.39,7.710000000000001,37.86,-3.1399999999999997,-33.17,3.5299999999999994,19.96
2025-08-18T18:11:18.297335,-4737.0,-1741.0,9491.0,-27.0,-14.0,34.0,8.0,-65.0,49.0,-67.0,-29.0,25.0,28.779999999999745,-48.6400000000001,36.29999999999927,23.82,-29.439999999999998,18.39,62.71,-60.14,43.86,-60.17,-16.47,23.96
2025-08-18T18:11:18.301410,-4818.0,-1630.0,9470.0,-82.0,75.0,53.0,-46.0,-70.0,17.0,-47.0,72.0,68.0,-52.220000000000255,62.3599999999999,15.299999999999272,-31.18,59.56,37.39,8.71,-65.14,11.86,-40.17,84.53,66.96
2025-08-18T18:11:18.309664,-4776.0,-1613.0,9441.0,-26.0,58.0,62.0,-141.0,-76.0,20.0,-29.0,12.0,-30.0,-10.220000000000255,79.3599999999999,-13.700000000000728,24.82,42.56,46.39,-86.28999999999999,-71.14,14.86,-22.17,24.53,-31.04
2025-08-18T18:11:18.313851,-4731.0,-1722.0,9487.0,-35.0,49.0,38.0,-38.0,26.0,14.0,-21.0,-5.0,-47.0,34.779999999999745,-29.6400000000001,32.29999999999927,15.82,33.56,22.39,16.71,30.86,8.86,-14.17,7.529999999999999,-48.04
2025-08-18T18:11:18.321946,-4819.0,-1682.0,9501.0,-21.0,37.0,37.0,-12.0,-55.0,-33.0,66.0,-117.0,-1.0,-53.220000000000255,10.3599999999999,46.29999999999927,29.82,21.560000000000002,21.39,42.71,-50.14,-38.14,72.83,-104.47,-2.04
2025-08-18T18:11:18.329867,-4755.0,-1628.0,9430.0,5.0,31.0,34.0,-90.0,-43.0,43.0,-40.0,10.0,-7.0,10.779999999999745,64.3599999999999,-24.700000000000728,55.82,15.56,18.39,-35.29,-38.14,37.86,-33.17,22.53,-8.04
2025-08-18T18:11:18.334303,-4703.0,-1754.0,9452.0,-20.0,-47.0,6.0,-25.0,-56.0,50.0,-33.0,-14.0,12.0,62.779999999999745,-61.6400000000001,-2.7000000000007276,30.82,-62.44,-9.61,29.71,-51.14,44.86,-26.17,-1.4700000000000006,10.96
2025-08-18T18:11:18.342303,-4812.0,-1656.0,9492.0,-19.0,33.0,18.0,-56.0,31.0,-22.0,66.0,74.0,29.0,-46.220000000000255,36.3599999999999,37.29999999999927,31.82,17.560000000000002,2.3900000000000006,-1.2899999999999991,35.86,-27.14,72.83,86.53,27.96
2025-08-18T18:11:18.346527,-4788.0,-1696.0,9392.0,-21.0,119.0,-7.0,-83.0,17.0,44.0,-54.0,41.0,-37.0,-22.220000000000255,-3.6400000000001,-62.70000000000073,29.82,103.56,-22.61,-28.29,21.86,38.86,-47.17,53.53,-38.04
2025-08-18T18:11:18.354482,-4769.0,-1757.0,9433.0,-8.0,1.0,27.0,-92.0,4.0,-50.0,30.0,48.0,-56.0,-3.2200000000002547,-64.6400000000001,-21.700000000000728,42.82,-14.44,11.39,-37.29,8.86,-55.14,36.83,60.53,-57.04
2025-08-18T18:11:18.358697,-4774.0,-1705.0,9484.0,22.0,-14.0,32.0,-51.0,-45.0,24.0,105.0,44.0,-60.0,-8.220000000000255,-12.6400000000001,29.299999999999272,72.82,-29.439999999999998,16.39,3.710000000000001,-40.14,18.86,111.83,56.53,-61.04
2025-08-18T18:11:18.366902,-4831.0,-1698.0,9424.0,-5.0,49.0,29.0,-85.0,-5.0,31.0,3.0,41.0,-43.0,-65.22000000000025,-5.6400000000001,-30.700000000000728,45.82,33.56,13.39,-30.29,-0.13999999999999968,25.86,9.83,53.53,-44.04
2025-08-18T18:11:18.374851,-4829.0,-1652.0,9421.0,-63.0,-20.0,-20.0,-37.0,-35.0,-56.0,50.0,-42.0,-35.0,-63.220000000000255,40.3599999999999,-33.70000000000073,-12.18,-35.44,-35.61,17.71,-30.14,-61.14,56.83,-29.47,-36.04
2025-08-18T18:11:18.379165,-4769.0,-1721.0,9397.0,-51.0,-5.0,42.0,-17.0,-17.0,-45.0,35.0,-90.0,46.0,-3.2200000000002547,-28.6400000000001,-57.70000000000073,-0.17999999999999972,-20.439999999999998,26.39,37.71,-12.14,-50.14,41.83,-77.47,44.96
2025-08-18T18:11:18.387147,-4726.0,-1761.0,9516.0,-81.0,71.0,17.0,-25.0,-65.0,-65.0,-71.0,-15.0,69.0,39.779999999999745,-68.6400000000001,61.29999999999927,-30.18,55.56,1.3900000000000006,29.71,-60.14,-70.14,-64.17,-2.4700000000000006,67.96
2025-08-18T18:11:18.391460,-4771.0,-1663.0,9480.0,-113.0,-36.0,2.0,-32.0,31.0,27.0,-72.0,37.0,49.0,-5.220000000000255,29.3599999999999,25.299999999999272,-62.18,-51.44,-13.61,22.71,35.86,21.86,-65.17,49.53,47.96
2025-08-18T18:11:18.399555,-4791.0,-1660.0,9374.0,-74.0,-14.0,16.0,-66.0,-21.0,3.0,-45.0,64.0,-67.0,-25.220000000000255,32.3599999999999,-80.70000000000073,-23.18,-29.439999999999998,0.39000000000000057,-11.29,-16.14,-2.1399999999999997,-38.17,76.53,-68.04
2025-08-18T18:11:18.403699,-4715.0,-1698.0,9445.0,-81.0,9.0,-11.0,-79.0,48.0,16.0,44.0,32.0,-22.0,50.779999999999745,-5.6400000000001,-9.700000000000728,-30.18,-6.4399999999999995,-26.61,-24.29,52.86,10.86,50.83,44.53,-23.04
2025-08-18T18:11:18.411901,-4707.0,-1637.0,9502.0,10.0,-99.0,8.0,-41.0,-68.0,-50.0,-3.0,-93.0,-32.0,58.779999999999745,55.3599999999999,47.29999999999927,60.82,-114.44,-7.609999999999999,13.71,-63.14,-55.14,3.83,-80.47,-33.04
2025-08-18T18:11:18.416199,-4841.0,-1654.0,9490.0,-112.0,-6.0,70.0,6.0,-41.0,46.0,39.0,-60.0,-7.0,-75.22000000000025,38.3599999999999,35.29999999999927,-61.18,-21.439999999999998,54.39,60.71,-36.14,40.86,45.83,-47.47,-8.04
2025-08-18T18:11:18.424289,-4823.0,-1671.0,9462.0,-128.0,62.0,29.0,-108.0,-59.0,58.0,-20.0,-110.0,1.0,-57.220000000000255,21.3599999999999,7.299999999999272,-77.18,46.56,13.39,-53.29,-54.14,52.86,-13.17,-97.47,-0.040000000000000036
2025-08-18T18:11:18.428477,-4791.0,-1687.0,9410.0,-74.0,9.0,20.0,-84.0,72.0,24.0,-1.0,-8.0,73.0,-25.220000000000255,5.3599999999999,-44.70000000000073,-23.18,-6.4399999999999995,4.390000000000001,-29.29,76.86,18.86,5.83,4.529999999999999,71.96
2025-08-18T18:11:18.436521,-4808.0,-1764.0,9468.0,-14.0,-57.0,-31.0,-74.0,-29.0,48.0,-54.0,-12.0,33.0,-42.220000000000255,-71.6400000000001,13.299999999999272,36.82,-72.44,-46.61,-19.29,-24.14,42.86,-47.17,0.5299999999999994,31.96
2025-08-18T18:11:18.444580,-4785.0,-1637.0,9466.0,-108.0,42.0,52.0,-28.0,-53.0,10.0,-23.0,-29.0,-62.0,-19.220000000000255,55.3599999999999,11.299999999999272,-57.18,26.560000000000002,36.39,26.71,-48.14,4.86,-16.17,-16.47,-63.04
2025-08-18T18:11:18.448978,-4697.0,-1665.0,9455.0,-171.0,8.0,1.0,-116.0,-17.0,29.0,34.0,26.0,-31.0,68.77999999999975,27.3599999999999,0.2999999999992724,-120.18,-7.4399999999999995,-14.61,-61.29,-12.14,23.86,40.83,38.53,-32.04
2025-08-18T18:11:18.456878,-4742.0,-1636.0,9484.0,-16.0,-9.0,-11.0,-22.0,3.0,34.0,28.0,30.0,-45.0,23.779999999999745,56.3599999999999,29.299999999999272,34.82,-24.439999999999998,-26.61,32.71,7.86,28.86,34.83,42.53,-46.04
2025-08-18T18:11:18.461499,-4824.0,-1704.0,9497.0,-61.0,-36.0,20.0,-62.0,-30.0,-25.0,-29.0,-23.0,81.0,-58.220000000000255,-11.6400000000001,42.29999999999927,-10.18,-51.44,4.390000000000001,-7.289999999999999,-25.14,-30.14,-22.17,-10.47,79.96
2025-08-18T18:11:18.469234,-4802.0,-1653.0,9375.0,-96.0,47.0,39.0,-44.0,-65.0,-26.0,-16.0,4.0,43.0,-36.220000000000255,39.3599999999999,-79.70000000000073,-45.18,31.560000000000002,23.39,10.71,-60.14,-31.14,-9.17,16.53,41.96
2025-08-18T18:11:18.473611,-4743.0,-1721.0,9425.0,-46.0,25.0,22.0,-49.0,5.0,24.0,-14.0,36.0,71.0,22.779999999999745,-28.6400000000001,-29.700000000000728,4.82,9.56,6.390000000000001,5.710000000000001,9.86,18.86,-7.17,48.53,69.96
2025-08-18T18:11:18.481716,-4690.0,-1679.0,9509.0,-33.0,50.0,-11.0,-14.0,-32.0,88.0,-87.0,1.0,-13.0,75.77999999999975,13.3599999999999,54.29999999999927,17.82,34.56,-26.61,40.71,-27.14,82.86,-80.17,13.53,-14.04
2025-08-18T18:11:18.485994,-4759.0,-1660.0,9483.0,-83.0,8.0,-23.0,-68.0,-17.0,48.0,24.0,8.0,-41.0,6.779999999999745,32.3599999999999,28.299999999999272,-32.18,-7.4399999999999995,-38.61,-13.29,-12.14,42.86,30.83,20.53,-42.04
2025-08-18T18:11:18.494039,-4778.0,-1674.0,9440.0,-117.0,34.0,-71.0,-64.0,-9.0,-95.0,38.0,-16.0,-36.0,-12.220000000000255,18.3599999999999,-14.700000000000728,-66.18,18.560000000000002,-86.61,-9.29,-4.14,-100.14,44.83,-3.4700000000000006,-37.04
2025-08-18T18:11:18.501956,-4659.0,-1746.0,9445.0,-98.0,-1.0,27.0,7.0,43.0,6.0,52.0,-83.0,45.0,106.77999999999975,-53.6400000000001,-9.700000000000728,-47.18,-16.439999999999998,11.39,61.71,47.86,0.8600000000000003,58.83,-70.47,43.96
2025-08-18T18:11:18.506296,-4712.0,-1680.0,9398.0,-56.0,70.0,45.0,-116.0,-31.0,14.0,11.0,-35.0,60.0,53.779999999999745,12.3599999999999,-56.70000000000073,-5.18,54.56,29.39,-61.29,-26.14,8.86,17.83,-22.47,58.96
2025-08-18T18:11:18.514310,-4771.0,-1625.0,9491.0,-82.0,41.0,27.0,-72.0,-27.0,33.0,-10.0,-55.0,38.0,-5.220000000000255,67.3599999999999,36.29999999999927,-31.18,25.560000000000002,11.39,-17.29,-22.14,27.86,-3.17,-42.47,36.96
2025-08-18T18:11:18.518513,-4734.0,-1716.0,9456.0,-36.0,94.0,-11.0,-1.0,9.0,-65.0,-48.0,18.0,13.0,31.779999999999745,-23.6400000000001,1.2999999999992724,14.82,78.56,-26.61,53.71,13.86,-70.14,-41.17,30.53,11.96
2025-08-18T18:11:18.526685,-4757.0,-1628.0,9368.0,-18.0,11.0,45.0,-33.0,-32.0,15.0,4.0,-12.0,-24.0,8.779999999999745,64.3599999999999,-86.70000000000073,32.82,-4.4399999999999995,29.39,21.71,-27.14,9.86,10.83,0.5299999999999994,-25.04
2025-08-18T18:11:18.531066,-4739.0,-1657.0,9456.0,-9.0,61.0,52.0,0.0,-63.0,29.0,54.0,37.0,-14.0,26.779999999999745,35.3599999999999,1.2999999999992724,41.82,45.56,36.39,54.71,-58.14,23.86,60.83,49.53,-15.04
2025-08-18T18:11:18.538901,-4825.0,-1784.0,9504.0,-46.0,87.0,-18.0,-62.0,-31.0,24.0,17.0,-36.0,-59.0,-59.220000000000255,-91.6400000000001,49.29999999999927,4.82,71.56,-33.61,-7.289999999999999,-26.14,18.86,23.83,-23.47,-60.04
2025-08-18T18:11:18.543182,-4748.0,-1695.0,9442.0,-36.0,-46.0,-1.0,-30.0,-2.0,27.0,61.0,-65.0,52.0,17.779999999999745,-2.6400000000001,-12.700000000000728,14.82,-61.44,-16.61,24.71,2.8600000000000003,21.86,67.83,-52.47,50.96
2025-08-18T18:11:18.551159,-4670.0,-1687.0,9438.0,-28.0,-4.0,46.0,-112.0,48.0,65.0,-41.0,-50.0,56.0,95.77999999999975,5.3599999999999,-16.700000000000728,22.82,-19.439999999999998,30.39,-57.29,52.86,59.86,-34.17,-37.47,54.96
2025-08-18T18:11:18.559235,-4791.0,-1727.0,9460.0,-130.0,53.0,33.0,-93.0,37.0,-24.0,-110.0,-1.0,46.0,-25.220000000000255,-34.6400000000001,5.299999999999272,-79.18,37.56,17.39,-38.29,41.86,-29.14,-103.17,11.53,44.96
2025-08-18T18:11:18.563534,-4797.0,-1667.0,9412.0,-97.0,-50.0,-42.0,-46.0,-11.0,48.0,7.0,-2.0,-35.0,-31.220000000000255,25.3599999999999,-42.70000000000073,-46.18,-65.44,-57.61,8.71,-6.14,42.86,13.83,10.53,-36.04
2025-08-18T18:11:18.571597,-4764.0,-1741.0,9422.0,-39.0,3.0,2.0,-114.0,-48.0,74.0,44.0,24.0,-57.0,1.7799999999997453,-48.6400000000001,-32.70000000000073,11.82,-12.44,-13.61,-59.29,-43.14,68.86,50.83,36.53,-58.04
2025-08-18T18:11:18.575812,-4702.0,-1725.0,9512.0,-80.0,-7.0,42.0,-80.0,12.0,-13.0,7.0,-42.0,-26.0,63.779999999999745,-32.6400000000001,57.29999999999927,-29.18,-22.439999999999998,26.39,-25.29,16.86,-18.14,13.83,-29.47,-27.04
2025-08-18T18:11:18.584010,-4885.0,-1654.0,9444.0,-100.0,-31.0,-35.0,-23.0,-33.0,-3.0,-10.0,-18.0,40.0,-119.22000000000025,38.3599999999999,-10.700000000000728,-49.18,-46.44,-50.61,31.71,-28.14,-8.14,-3.17,-5.470000000000001,38.96
2025-08-18T18:11:18.588198,-4769.0,-1687.0,9445.0,8.0,12.0,11.0,9.0,14.0,-11.0,-38.0,-38.0,7.0,-3.2200000000002547,5.3599999999999,-9.700000000000728,58.82,-3.4399999999999995,-4.609999999999999,63.71,18.86,-16.14,-31.17,-25.47,5.96
2025-08-18T18:11:18.596355,-4719.0,-1682.0,9388.0,-48.0,24.0,-12.0,-68.0,-98.0,16.0,-75.0,-17.0,13.0,46.779999999999745,10.3599999999999,-66.70000000000073,2.8200000000000003,8.56,-27.61,-13.29,-93.14,10.86,-68.17,-4.470000000000001,11.96
2025-08-18T18:11:18.604259,-4686.0,-1762.0,9442.0,-84.0,12.0,45.0,-104.0,-10.0,35.0,-97.0,0.0,111.0,79.77999999999975,-69.6400000000001,-12.700000000000728,-33.18,-3.4399999999999995,29.39,-49.29,-5.14,29.86,-90.17,12.53,109.96
2025-08-18T18:11:18.608569,-4799.0,-1615.0,9487.0,-34.0,-24.0,-55.0,-105.0,1.0,39.0,56.0,62.0,-67.0,-33.220000000000255,77.3599999999999,32.29999999999927,16.82,-39.44,-70.61,-50.29,5.86,33.86,62.83,74.53,-68.04
2025-08-18T18:11:18.616723,-4787.0,-1666.0,9393.0,-62.0,7.0,56.0,-51.0,-47.0,19.0,37.0,2.0,-44.0,-21.220000000000255,26.3599999999999,-61.70000000000073,-11.18,-8.44,40.39,3.710000000000001,-42.14,13.86,43.83,14.53,-45.04
2025-08-18T18:11:18.621022,-4788.0,-1649.0,9464.0,-14.0,-17.0,46.0,-69.0,0.0,19.0,44.0,-22.0,-36.0,-22.220000000000255,43.3599999999999,9.299999999999272,36.82,-32.44,30.39,-14.29,4.86,13.86,50.83,-9.47,-37.04
2025-08-18T18:11:18.629090,-4698.0,-1705.0,9514.0,-47.0,1.0,6.0,-48.0,21.0,-9.0,63.0,-74.0,70.0,67.77999999999975,-12.6400000000001,59.29999999999927,3.8200000000000003,-14.44,-9.61,6.710000000000001,25.86,-14.14,69.83,-61.47,68.96
2025-08-18T18:11:18.633820,-4774.0,-1727.0,9457.0,-82.0,2.0,-9.0,25.0,4.0,-43.0,22.0,14.0,78.0,-8.220000000000255,-34.6400000000001,2.2999999999992724,-31.18,-13.44,-24.61,79.71000000000001,8.86,-48.14,28.83,26.53,76.96
2025-08-18T18:11:18.641311,-4856.0,-1632.0,9533.0,-51.0,-21.0,78.0,-117.0,-27.0,30.0,25.0,-66.0,43.0,-90.22000000000025,60.3599999999999,78.29999999999927,-0.17999999999999972,-36.44,62.39,-62.29,-22.14,24.86,31.83,-53.47,41.96
2025-08-18T18:11:18.646640,-4752.0,-1703.0,9376.0,-32.0,6.0,46.0,-51.0,-76.0,-27.0,-8.0,-63.0,61.0,13.779999999999745,-10.6400000000001,-78.70000000000073,18.82,-9.44,30.39,3.710000000000001,-71.14,-32.14,-1.17,-50.47,59.96
2025-08-18T18:11:18.653843,-4698.0,-1769.0,9497.0,-57.0,25.0,-44.0,-42.0,18.0,35.0,68.0,27.0,67.0,67.77999999999975,-76.6400000000001,42.29999999999927,-6.18,9.56,-59.61,12.71,22.86,29.86,74.83,39.53,65.96
2025-08-18T18:11:18.658129,-4775.0,-1698.0,9547.0,-65.0,2.0,-4.0,-15.0,11.0,-81.0,5.0,48.0,-23.0,-9.220000000000255,-5.6400000000001,92.29999999999927,-14.18,-13.44,-19.61,39.71,15.86,-86.14,11.83,60.53,-24.04
2025-08-18T18:11:18.665921,-4785.0,-1648.0,9382.0,-66.0,12.0,11.0,-32.0,30.0,-8.0,-41.0,-4.0,-47.0,-19.220000000000255,44.3599999999999,-72.70000000000073,-15.18,-3.4399999999999995,-4.609999999999999,22.71,34.86,-13.14,-34.17,8.53,-48.04
2025-08-18T18:11:18.673917,-4742.0,-1727.0,9431.0,-60.0,12.0,45.0,-77.0,-51.0,-29.0,19.0,31.0,2.0,23.779999999999745,-34.6400000000001,-23.700000000000728,-9.18,-3.4399999999999995,29.39,-22.29,-46.14,-34.14,25.83,43.53,0.96
2025-08-18T18:11:18.678361,-4824.0,-1716.0,9488.0,-27.0,-7.0,29.0,-119.0,-5.0,70.0,41.0,-43.0,-52.0,-58.220000000000255,-23.6400000000001,33.29999999999927,23.82,-22.439999999999998,13.39,-64.28999999999999,-0.13999999999999968,64.86,47.83,-30.47,-53.04
2025-08-18T18:11:18.686283,-4776.0,-1689.0,9505.0,-23.0,1.0,17.0,-62.0,32.0,26.0,14.0,-28.0,20.0,-10.220000000000255,3.3599999999999,50.29999999999927,27.82,-14.44,1.3900000000000006,-7.289999999999999,36.86,20.86,20.83,-15.47,18.96
2025-08-18T18:11:18.690565,-4731.0,-1656.0,9426.0,-88.0,31.0,17.0,-39.0,16.0,24.0,-30.0,-54.0,24.0,34.779999999999745,36.3599999999999,-28.700000000000728,-37.18,15.56,1.3900000000000006,15.71,20.86,18.86,-23.17,-41.47,22.96
2025-08-18T18:11:18.698667,-4761.0,-1736.0,9471.0,-42.0,42.0,5.0,5.0,21.0,-1.0,-59.0,36.0,-11.0,4.779999999999745,-43.6400000000001,16.299999999999272,8.82,26.560000000000002,-10.61,59.71,25.86,-6.14,-52.17,48.53,-12.04
2025-08-18T18:11:18.702943,-4735.0,-1747.0,9489.0,-22.0,26.0,-55.0,-100.0,-38.0,42.0,9.0,-8.0,47.0,30.779999999999745,-54.6400000000001,34.29999999999927,28.82,10.56,-70.61,-45.29,-33.14,36.86,15.83,4.529999999999999,45.96
2025-08-18T18:11:18.710812,-4825.0,-1631.0,9488.0,-34.0,-59.0,3.0,-60.0,21.0,59.0,-47.0,10.0,6.0,-59.220000000000255,61.3599999999999,33.29999999999927,16.82,-74.44,-12.61,-5.289999999999999,25.86,53.86,-40.17,22.53,4.96
2025-08-18T18:11:18.715214,-4761.0,-1717.0,9489.0,-50.0,101.0,-8.0,-83.0,-67.0,20.0,55.0,-3.0,-6.0,4.779999999999745,-24.6400000000001,34.29999999999927,0.8200000000000003,85.56,-23.61,-28.29,-62.14,14.86,61.83,9.53,-7.04
2025-08-18T18:11:18.723330,-4782.0,-1727.0,9362.0,-60.0,15.0,-4.0,-127.0,52.0,10.0,57.0,1.0,-21.0,-16.220000000000255,-34.6400000000001,-92.70000000000073,-9.18,-0.4399999999999995,-19.61,-72.28999999999999,56.86,4.86,63.83,13.53,-22.04
2025-08-18T18:11:18.727522,-4691.0,-1664.0,9484.0,-18.0,-48.0,76.0,17.0,69.0,35.0,15.0,-62.0,100.0,74.77999999999975,28.3599999999999,29.299999999999272,32.82,-63.44,60.39,71.71000000000001,73.86,29.86,21.83,-49.47,98.96
2025-08-18T18:11:18.735526,-4767.0,-1601.0,9489.0,-116.0,16.0,20.0,-45.0,0.0,12.0,-47.0,14.0,38.0,-1.2200000000002547,91.3599999999999,34.29999999999927,-65.18,0.5600000000000005,4.390000000000001,9.71,4.86,6.86,-40.17,26.53,36.96
2025-08-18T18:11:18.743610,-4779.0,-1597.0,9416.0,-25.0,5.0,27.0,-67.0,28.0,45.0,-103.0,-18.0,41.0,-13.220000000000255,95.3599999999999,-38.70000000000073,25.82,-10.44,11.39,-12.29,32.86,39.86,-96.17,-5.470000000000001,39.96
2025-08-18T18:11:18.747735,-4746.0,-1759.0,9457.0,-59.0,-68.0,37.0,-119.0,11.0,-38.0,-23.0,31.0,-70.0,19.779999999999745,-66.6400000000001,2.2999999999992724,-8.18,-83.44,21.39,-64.28999999999999,15.86,-43.14,-16.17,43.53,-71.04
2025-08-18T18:11:18.755895,-4829.0,-1694.0,9471.0,-63.0,48.0,-11.0,-46.0,-13.0,18.0,23.0,60.0,-11.0,-63.220000000000255,-1.6400000000001,16.299999999999272,-12.18,32.56,-26.61,8.71,-8.14,12.86,29.83,72.53,-12.04
2025-08-18T18:11:18.760321,-4776.0,-1704.0,9402.0,8.0,-15.0,-2.0,-16.0,-38.0,0.0,5.0,-54.0,-22.0,-10.220000000000255,-11.6400000000001,-52.70000000000073,58.82,-30.439999999999998,-17.61,38.71,-33.14,-5.14,11.83,-41.47,-23.04
2025-08-18T18:11:18.768277,-4710.0,-1665.0,9407.0,-15.0,67.0,46.0,-69.0,-57.0,-40.0,48.0,-12.0,-82.0,55.779999999999745,27.3599999999999,-47.70000000000073,35.82,51.56,30.39,-14.29,-52.14,-45.14,54.83,0.5299999999999994,-83.04
2025-08-18T18:11:18.772449,-4710.0,-1706.0,9495.0,-75.0,41.0,55.0,-38.0,17.0,44.0,24.0,-68.0,44.0,55.779999999999745,-13.6400000000001,40.29999999999927,-24.18,25.560000000000002,39.39,16.71,21.86,38.86,30.83,-55.47,42.96
2025-08-18T18:11:18.780676,-4844.0,-1629.0,9461.0,-100.0,-4.0,35.0,-56.0,38.0,-14.0,45.0,-39.0,32.0,-78.22000000000025,63.3599999999999,6.299999999999272,-49.18,-19.439999999999998,19.39,-1.2899999999999991,42.86,-19.14,51.83,-26.47,30.96
2025-08-18T18:11:18.788636,-4808.0,-1636.0,9462.0,-33.0,-16.0,-11.0,-48.0,-7.0,-45.0,-4.0,-36.0,2.0,-42.220000000000255,56.3599999999999,7.299999999999272,17.82,-31.439999999999998,-26.61,6.710000000000001,-2.1399999999999997,-50.14,2.83,-23.47,0.96
2025-08-18T18:11:18.793043,-4728.0,-1629.0,9412.0,-104.0,40.0,12.0,-78.0,-75.0,14.0,5.0,25.0,46.0,37.779999999999745,63.3599999999999,-42.70000000000073,-53.18,24.560000000000002,-3.6099999999999994,-23.29,-70.14,8.86,11.83,37.53,44.96
2025-08-18T18:11:18.801102,-4762.0,-1748.0,9511.0,-58.0,-27.0,6.0,-87.0,40.0,-17.0,-55.0,54.0,-59.0,3.7799999999997453,-55.6400000000001,56.29999999999927,-7.18,-42.44,-9.61,-32.29,44.86,-22.14,-48.17,66.53,-60.04
2025-08-18T18:11:18.805418,-4838.0,-1636.0,9507.0,-91.0,-15.0,-1.0,-66.0,-7.0,15.0,51.0,-27.0,-83.0,-72.22000000000025,56.3599999999999,52.29999999999927,-40.18,-30.439999999999998,-16.61,-11.29,-2.1399999999999997,9.86,57.83,-14.47,-84.04
2025-08-18T18:11:18.813304,-4791.0,-1672.0,9386.0,-71.0,24.0,5.0,-73.0,51.0,19.0,24.0,-75.0,8.0,-25.220000000000255,20.3599999999999,-68.70000000000073,-20.18,8.56,-10.61,-18.29,55.86,13.86,30.83,-62.47,6.96
2025-08-18T18:11:18.817709,-4735.0,-1648.0,9389.0,-24.0,41.0,-40.0,-83.0,-15.0,20.0,-23.0,-65.0,26.0,30.779999999999745,44.3599999999999,-65.70000000000073,26.82,25.560000000000002,-55.61,-28.29,-10.14,14.86,-16.17,-52.47,24.96
2025-08-18T18:11:18.825625,-4736.0,-1709.0,9470.0,-72.0,-41.0,14.0,-6.0,-41.0,17.0,-53.0,-26.0,-14.0,29.779999999999745,-16.6400000000001,15.299999999999272,-21.18,-56.44,-1.6099999999999994,48.71,-36.14,11.86,-46.17,-13.47,-15.04
2025-08-18T18:11:18.830136,-4691.0,-1622.0,9462.0,-42.0,7.0,-42.0,-14.0,-76.0,10.0,-62.0,55.0,67.0,74.77999999999975,70.3599999999999,7.299999999999272,8.82,-8.44,-57.61,40.71,-71.14,4.86,-55.17,67.53,65.96
2025-08-18T18:11:18.837953,-4798.0,-1649.0,9455.0,-107.0,-18.0,-45.0,-50.0,28.0,-4.0,-28.0,68.0,-53.0,-32.220000000000255,43.3599999999999,0.2999999999992724,-56.18,-33.44,-60.61,4.710000000000001,32.86,-9.14,-21.17,80.53,-54.04
2025-08-18T18:11:18.846100,-4749.0,-1656.0,9489.0,-45.0,-31.0,17.0,-51.0,83.0,5.0,-13.0,78.0,-18.0,16.779999999999745,36.3599999999999,34.29999999999927,5.82,-46.44,1.3900000000000006,3.710000000000001,87.86,-0.13999999999999968,-6.17,90.53,-19.04
2025-08-18T18:11:18.850365,-4735.0,-1715.0,9496.0,-16.0,-2.0,103.0,-62.0,7.0,41.0,31.0,-56.0,-5.0,30.779999999999745,-22.6400000000001,41.29999999999927,34.82,-17.439999999999998,87.39,-7.289999999999999,11.86,35.86,37.83,-43.47,-6.04
2025-08-18T18:11:18.858225,-4749.0,-1601.0,9496.0,-45.0,21.0,-18.0,-59.0,0.0,-17.0,56.0,-5.0,65.0,16.779999999999745,91.3599999999999,41.29999999999927,5.82,5.5600000000000005,-33.61,-4.289999999999999,4.86,-22.14,62.83,7.529999999999999,63.96
2025-08-18T18:11:18.862505,-4833.0,-1649.0,9407.0,-83.0,93.0,-31.0,-6.0,-2.0,69.0,-14.0,-50.0,43.0,-67.22000000000025,43.3599999999999,-47.70000000000073,-32.18,77.56,-46.61,48.71,2.8600000000000003,63.86,-7.17,-37.47,41.96
2025-08-18T18:11:18.870646,-4738.0,-1761.0,9463.0,-17.0,-14.0,0.0,-32.0,8.0,16.0,11.0,22.0,8.0,27.779999999999745,-68.6400000000001,8.299999999999272,33.82,-29.439999999999998,-15.61,22.71,12.86,10.86,17.83,34.53,6.96
2025-08-18T18:11:18.874808,-4745.0,-1715.0,9457.0,2.0,-1.0,-10.0,-30.0,3.0,37.0,-38.0,12.0,34.0,20.779999999999745,-22.6400000000001,2.2999999999992724,52.82,-16.439999999999998,-25.61,24.71,7.86,31.86,-31.17,24.53,32.96
2025-08-18T18:11:18.882759,-4721.0,-1774.0,9504.0,-72.0,-81.0,30.0,-5.0,-38.0,-9.0,-8.0,22.0,34.0,44.779999999999745,-81.6400000000001,49.29999999999927,-21.18,-96.44,14.39,49.71,-33.14,-14.14,-1.17,34.53,32.96
2025-08-18T18:11:18.887273,-4808.0,-1673.0,9452.0,-73.0,75.0,-49.0,26.0,-33.0,5.0,-11.0,58.0,45.0,-42.220000000000255,19.3599999999999,-2.7000000000007276,-22.18,59.56,-64.61,80.71000000000001,-28.14,-0.13999999999999968,-4.17,70.53,43.96
2025-08-18T18:11:18.895386,-4800.0,-1616.0,9412.0,-43.0,13.0,-22.0,-20.0,77.0,-35.0,-63.0,0.0,-43.0,-34.220000000000255,76.3599999999999,-42.70000000000073,7.82,-2.4399999999999995,-37.61,34.71,81.86,-40.14,-56.17,12.53,-44.04
2025-08-18T18:11:18.899508,-4725.0,-1741.0,9431.0,-64.0,-14.0,14.0,-52.0,-62.0,33.0,107.0,14.0,45.0,40.779999999999745,-48.6400000000001,-23.700000000000728,-13.18,-29.439999999999998,-1.6099999999999994,2.710000000000001,-57.14,27.86,113.83,26.53,43.96
2025-08-18T18:11:18.907523,-4755.0,-1751.0,9497.0,-45.0,-1.0,-5.0,-118.0,-8.0,72.0,-11.0,-101.0,8.0,10.779999999999745,-58.6400000000001,42.29999999999927,5.82,-16.439999999999998,-20.61,-63.29,-3.1399999999999997,66.86,-4.17,-88.47,6.96
2025-08-18T18:11:18.915542,-4783.0,-1648.0,9456.0,-41.0,39.0,-18.0,-74.0,-12.0,-20.0,-6.0,-35.0,48.0,-17.220000000000255,44.3599999999999,1.2999999999992724,9.82,23.560000000000002,-33.61,-19.29,-7.14,-25.14,0.8300000000000001,-22.47,46.96
2025-08-18T18:11:18.919957,-4826.0,-1656.0,9452.0,-125.0,40.0,53.0,-30.0,57.0,-12.0,20.0,-7.0,-6.0,-60.220000000000255,36.3599999999999,-2.7000000000007276,-74.18,24.560000000000002,37.39,24.71,61.86,-17.14,26.83,5.529999999999999,-7.04
2025-08-18T18:11:18.928080,-4806.0,-1745.0,9417.0,-147.0,50.0,96.0,-32.0,-76.0,-18.0,-9.0,-12.0,35.0,-40.220000000000255,-52.6400000000001,-37.70000000000073,-96.18,34.56,80.39,22.71,-71.14,-23.14,-2.17,0.5299999999999994,33.96
2025-08-18T18:11:18.932214,-4839.0,-1767.0,9503.0,-43.0,-27.0,2.0,-72.0,-65.0,16.0,-18.0,11.0,29.0,-73.22000000000025,-74.6400000000001,48.29999999999927,7.82,-42.44,-13.61,-17.29,-60.14,10.86,-11.17,23.53,27.96
2025-08-18T18:11:18.940188,-4785.0,-1602.0,9467.0,45.0,13.0,0.0,-100.0,-9.0,33.0,66.0,-58.0,13.0,-19.220000000000255,90.3599999999999,12.299999999999272,95.82,-2.4399999999999995,-15.61,-45.29,-4.14,27.86,72.83,-45.47,11.96
2025-08-18T18:11:18.944936,-4750.0,-1663.0,9416.0,-24.0,29.0,37.0,-54.0,-10.0,-5.0,50.0,-42.0,-30.0,15.779999999999745,29.3599999999999,-38.70000000000073,26.82,13.56,21.39,0.7100000000000009,-5.14,-10.14,56.83,-29.47,-31.04
2025-08-18T18:11:18.952531,-4775.0,-1732.0,9538.0,-111.0,48.0,35.0,-42.0,60.0,72.0,30.0,3.0,3.0,-9.220000000000255,-39.6400000000001,83.29999999999927,-60.18,32.56,19.39,12.71,64.86,66.86,36.83,15.53,1.96
2025-08-18T18:11:18.956771,-4745.0,-1680.0,9456.0,-74.0,-6.0,29.0,-76.0,-6.0,-3.0,-1.0,-28.0,23.0,20.779999999999745,12.3599999999999,1.2999999999992724,-23.18,-21.439999999999998,13.39,-21.29,-1.1399999999999997,-8.14,5.83,-15.47,21.96
2025-08-18T18:11:18.964843,-4804.0,-1595.0,9422.0,-4.0,31.0,39.0,-14.0,-21.0,-61.0,-4.0,-37.0,58.0,-38.220000000000255,97.3599999999999,-32.70000000000073,46.82,15.56,23.39,40.71,-16.14,-66.14,2.83,-24.47,56.96
2025-08-18T18:11:18.973061,-4732.0,-1750.0,9455.0,-136.0,70.0,-18.0,-55.0,34.0,8.0,31.0,-5.0,15.0,33.779999999999745,-57.6400000000001,0.2999999999992724,-85.18,54.56,-33.61,-0.28999999999999915,38.86,2.8600000000000003,37.83,7.529999999999999,13.96
2025-08-18T18:11:18.977471,-4706.0,-1707.0,9463.0,-8.0,-25.0,-23.0,-31.0,39.0,-27.0,-36.0,-34.0,-40.0,59.779999999999745,-14.6400000000001,8.299999999999272,42.82,-40.44,-38.61,23.71,43.86,-32.14,-29.17,-21.47,-41.04
2025-08-18T18:11:18.985299,-4826.0,-1613.0,9524.0,-24.0,-13.0,4.0,-40.0,39.0,-25.0,79.0,-17.0,-2.0,-60.220000000000255,79.3599999999999,69.29999999999927,26.82,-28.439999999999998,-11.61,14.71,43.86,-30.14,85.83,-4.470000000000001,-3.04
2025-08-18T18:11:18.989585,-4825.0,-1642.0,9439.0,-25.0,-26.0,52.0,-82.0,46.0,-44.0,21.0,-19.0,8.0,-59.220000000000255,50.3599999999999,-15.700000000000728,25.82,-41.44,36.39,-27.29,50.86,-49.14,27.83,-6.470000000000001,6.96
2025-08-18T18:11:18.997656,-4718.0,-1775.0,9441.0,-71.0,-23.0,-12.0,-25.0,43.0,-27.0,0.0,-80.0,26.0,47.779999999999745,-82.6400000000001,-13.700000000000728,-20.18,-38.44,-27.61,29.71,47.86,-32.14,6.83,-67.47,24.96
2025-08-18T18:11:19.001838,-4708.0,-1728.0,9480.0,-17.0,-79.0,77.0,-30.0,-1.0,10.0,-1.0,-41.0,-14.0,57.779999999999745,-35.6400000000001,25.299999999999272,33.82,-94.44,61.39,24.71,3.8600000000000003,4.86,5.83,-28.47,-15.04
2025-08-18T18:11:19.009953,-4790.0,-1634.0,9495.0,-44.0,34.0,-12.0,-52.0,-13.0,123.0,16.0,45.0,21.0,-24.220000000000255,58.3599999999999,40.29999999999927,6.82,18.560000000000002,-27.61,2.710000000000001,-8.14,117.86,22.83,57.53,19.96
2025-08-18T18:11:19.014329,-4686.0,-1705.0,9419.0,-87.0,-9.0,23.0,-87.0,-26.0,29.0,3.0,-33.0,-75.0,79.77999999999975,-12.6400000000001,-35.70000000000073,-36.18,-24.439999999999998,7.390000000000001,-32.29,-21.14,23.86,9.83,-20.47,-76.04
2025-08-18T18:11:19.022295,-4741.0,-1705.0,9493.0,5.0,22.0,15.0,-58.0,34.0,-21.0,70.0,14.0,-12.0,24.779999999999745,-12.6400000000001,38.29999999999927,55.82,6.5600000000000005,-0.6099999999999994,-3.289999999999999,38.86,-26.14,76.83,26.53,-13.04
2025-08-18T18:11:19.026788,-4848.0,-1683.0,9474.0,-89.0,41.0,77.0,-33.0,5.0,4.0,6.0,-34.0,-63.0,-82.22000000000025,9.3599999999999,19.299999999999272,-38.18,25.560000000000002,61.39,21.71,9.86,-1.1399999999999997,12.83,-21.47,-64.04
2025-08-18T18:11:19.034573,-4764.0,-1703.0,9409.0,-57.0,44.0,54.0,-65.0,-10.0,33.0,25.0,-1.0,-37.0,1.7799999999997453,-10.6400000000001,-45.70000000000073,-6.18,28.560000000000002,38.39,-10.29,-5.14,27.86,31.83,11.53,-38.04
2025-08-18T18:11:19.042703,-4758.0,-1723.0,9380.0,-61.0,102.0,24.0,-47.0,-48.0,16.0,-5.0,-64.0,-7.0,7.779999999999745,-30.6400000000001,-74.70000000000073,-10.18,86.56,8.39,7.710000000000001,-43.14,10.86,1.83,-51.47,-8.04
2025-08-18T18:11:19.046914,-4792.0,-1743.0,9492.0,-32.0,24.0,66.0,-78.0,0.0,-15.0,-59.0,-88.0,47.0,-26.220000000000255,-50.6400000000001,37.29999999999927,18.82,8.56,50.39,-23.29,4.86,-20.14,-52.17,-75.47,45.96
2025-08-18T18:11:19.054980,-4780.0,-1574.0,9431.0,-159.0,29.0,-30.0,-54.0,9.0,-13.0,20.0,48.0,25.0,-14.220000000000255,118.3599999999999,-23.700000000000728,-108.18,13.56,-45.61,0.7100000000000009,13.86,-18.14,26.83,60.53,23.96
2025-08-18T18:11:19.059181,-4826.0,-1639.0,9428.0,-67.0,-54.0,-23.0,-50.0,1.0,-15.0,0.0,-30.0,-26.0,-60.220000000000255,53.3599999999999,-26.700000000000728,-16.18,-69.44,-38.61,4.710000000000001,5.86,-20.14,6.83,-17.47,-27.04
2025-08-18T18:11:19.067184,-4744.0,-1641.0,9437.0,-85.0,70.0,54.0,-25.0,14.0,-48.0,-31.0,-11.0,-25.0,21.779999999999745,51.3599999999999,-17.700000000000728,-34.18,54.56,38.39,29.71,18.86,-53.14,-24.17,1.5299999999999994,-26.04
2025-08-18T18:11:19.071485,-4765.0,-1680.0,9496.0,-90.0,20.0,64.0,-67.0,42.0,55.0,36.0,-118.0,17.0,0.7799999999997453,12.3599999999999,41.29999999999927,-39.18,4.5600000000000005,48.39,-12.29,46.86,49.86,42.83,-105.47,15.96
2025-08-18T18:11:19.079683,-4798.0,-1670.0,9479.0,-48.0,22.0,-38.0,-88.0,0.0,-5.0,62.0,-58.0,66.0,-32.220000000000255,22.3599999999999,24.299999999999272,2.8200000000000003,6.5600000000000005,-53.61,-33.29,4.86,-10.14,68.83,-45.47,64.96
2025-08-18T18:11:19.087726,-4770.0,-1676.0,9409.0,-20.0,54.0,66.0,-40.0,-12.0,-13.0,4.0,-19.0,86.0,-4.220000000000255,16.3599999999999,-45.70000000000073,30.82,38.56,50.39,14.71,-7.14,-18.14,10.83,-6.470000000000001,84.96
2025-08-18T18:11:19.091967,-4752.0,-1709.0,9457.0,-30.0,-30.0,12.0,10.0,16.0,0.0,17.0,-26.0,-26.0,13.779999999999745,-16.6400000000001,2.2999999999992724,20.82,-45.44,-3.6099999999999994,64.71000000000001,20.86,-5.14,23.83,-13.47,-27.04
2025-08-18T18:11:19.100001,-4681.0,-1716.0,9451.0,-61.0,76.0,-21.0,9.0,21.0,-54.0,-63.0,53.0,35.0,84.77999999999975,-23.6400000000001,-3.7000000000007276,-10.18,60.56,-36.61,63.71,25.86,-59.14,-56.17,65.53,33.96
2025-08-18T18:11:19.104177,-4784.0,-1554.0,9551.0,-78.0,7.0,-12.0,24.0,12.0,-21.0,84.0,23.0,-57.0,-18.220000000000255,138.3599999999999,96.29999999999927,-27.18,-8.44,-27.61,78.71000000000001,16.86,-26.14,90.83,35.53,-58.04
2025-08-18T18:11:19.112332,-4778.0,-1640.0,9387.0,-52.0,3.0,-22.0,-45.0,-23.0,51.0,-17.0,-27.0,-12.0,-12.220000000000255,52.3599999999999,-67.70000000000073,-1.1799999999999997,-12.44,-37.61,9.71,-18.14,45.86,-10.17,-14.47,-13.04
2025-08-18T18:11:19.116390,-4814.0,-1685.0,9460.0,-48.0,12.0,66.0,-24.0,12.0,37.0,-30.0,2.0,70.0,-48.220000000000255,7.3599999999999,5.299999999999272,2.8200000000000003,-3.4399999999999995,50.39,30.71,16.86,31.86,-23.17,14.53,68.96
2025-08-18T18:11:19.124486,-4735.0,-1693.0,9471.0,-91.0,-22.0,54.0,-124.0,-4.0,-20.0,51.0,11.0,17.0,30.779999999999745,-0.6400000000001,16.299999999999272,-40.18,-37.44,38.39,-69.28999999999999,0.8600000000000003,-25.14,57.83,23.53,15.96
2025-08-18T18:11:19.128909,-4826.0,-1621.0,9493.0,-87.0,46.0,19.0,-39.0,-20.0,-19.0,31.0,51.0,40.0,-60.220000000000255,71.3599999999999,38.29999999999927,-36.18,30.560000000000002,3.3900000000000006,15.71,-15.14,-24.14,37.83,63.53,38.96
2025-08-18T18:11:19.136840,-4729.0,-1701.0,9375.0,-98.0,34.0,-42.0,-21.0,11.0,58.0,-2.0,-57.0,22.0,36.779999999999745,-8.6400000000001,-79.70000000000073,-47.18,18.560000000000002,-57.61,33.71,15.86,52.86,4.83,-44.47,20.96
2025-08-18T18:11:19.144836,-4815.0,-1653.0,9548.0,-11.0,-5.0,-60.0,-147.0,-57.0,3.0,42.0,76.0,-14.0,-49.220000000000255,39.3599999999999,93.29999999999927,39.82,-20.439999999999998,-75.61,-92.28999999999999,-52.14,-2.1399999999999997,48.83,88.53,-15.04
2025-08-18T18:11:19.149361,-4800.0,-1648.0,9508.0,-47.0,26.0,45.0,-76.0,-43.0,7.0,71.0,-7.0,-45.0,-34.220000000000255,44.3599999999999,53.29999999999927,3.8200000000000003,10.56,29.39,-21.29,-38.14,1.8600000000000003,77.83,5.529999999999999,-46.04
2025-08-18T18:11:19.157235,-4727.0,-1614.0,9378.0,-63.0,6.0,20.0,-117.0,-20.0,-1.0,47.0,-90.0,14.0,38.779999999999745,78.3599999999999,-76.70000000000073,-12.18,-9.44,4.390000000000001,-62.29,-15.14,-6.14,53.83,-77.47,12.96
2025-08-18T18:11:19.161484,-4741.0,-1704.0,9509.0,-38.0,2.0,17.0,-29.0,1.0,-11.0,-73.0,-50.0,29.0,24.779999999999745,-11.6400000000001,54.29999999999927,12.82,-13.44,1.3900000000000006,25.71,5.86,-16.14,-66.17,-37.47,27.96
2025-08-18T18:11:19.169676,-4722.0,-1699.0,9506.0,-7.0,6.0,18.0,-55.0,-59.0,14.0,-108.0,57.0,3.0,43.779999999999745,-6.6400000000001,51.29999999999927,43.82,-9.44,2.3900000000000006,-0.28999999999999915,-54.14,8.86,-101.17,69.53,1.96
2025-08-18T18:11:19.173826,-4812.0,-1701.0,9489.0,15.0,55.0,40.0,29.0,-76.0,15.0,10.0,62.0,3.0,-46.220000000000255,-8.6400000000001,34.29999999999927,65.82,39.56,24.39,83.71000000000001,-71.14,9.86,16.83,74.53,1.96
2025-08-18T18:11:19.181964,-4857.0,-1624.0,9421.0,-14.0,26.0,-44.0,-89.0,-14.0,9.0,36.0,49.0,-12.0,-91.22000000000025,68.3599999999999,-33.70000000000073,36.82,10.56,-59.61,-34.29,-9.14,3.8600000000000003,42.83,61.53,-13.04
2025-08-18T18:11:19.186248,-4730.0,-1766.0,9438.0,-30.0,-35.0,26.0,-7.0,8.0,3.0,46.0,-33.0,-42.0,35.779999999999745,-73.6400000000001,-16.700000000000728,20.82,-50.44,10.39,47.71,12.86,-2.1399999999999997,52.83,-20.47,-43.04
2025-08-18T18:11:19.194211,-4704.0,-1685.0,9530.0,-61.0,-7.0,33.0,-57.0,29.0,-40.0,-56.0,-19.0,-48.0,61.779999999999745,7.3599999999999,75.29999999999927,-10.18,-22.439999999999998,17.39,-2.289999999999999,33.86,-45.14,-49.17,-6.470000000000001,-49.04
2025-08-18T18:11:19.202418,-4822.0,-1644.0,9476.0,-100.0,33.0,-21.0,-63.0,-3.0,-11.0,52.0,-34.0,17.0,-56.220000000000255,48.3599999999999,21.299999999999272,-49.18,17.560000000000002,-36.61,-8.29,1.8600000000000003,-16.14,58.83,-21.47,15.96
2025-08-18T18:11:19.206509,-4709.0,-1666.0,9409.0,-72.0,99.0,32.0,-75.0,-25.0,44.0,3.0,-38.0,-8.0,56.779999999999745,26.3599999999999,-45.70000000000073,-21.18,83.56,16.39,-20.29,-20.14,38.86,9.83,-25.47,-9.04
2025-08-18T18:11:19.214500,-4789.0,-1750.0,9482.0,-69.0,33.0,-14.0,-113.0,-18.0,41.0,14.0,31.0,34.0,-23.220000000000255,-57.6400000000001,27.299999999999272,-18.18,17.560000000000002,-29.61,-58.29,-13.14,35.86,20.83,43.53,32.96
2025-08-18T18:11:19.219025,-4818.0,-1634.0,9436.0,8.0,-20.0,35.0,-50.0,21.0,18.0,-39.0,53.0,-17.0,-52.220000000000255,58.3599999999999,-18.700000000000728,58.82,-35.44,19.39,4.710000000000001,25.86,12.86,-32.17,65.53,-18.04
2025-08-18T18:11:19.226901,-4756.0,-1653.0,9462.0,-26.0,-13.0,-28.0,-36.0,-69.0,-24.0,23.0,39.0,-28.0,9.779999999999745,39.3599999999999,7.299999999999272,24.82,-28.439999999999998,-43.61,18.71,-64.14,-29.14,29.83,51.53,-29.04
2025-08-18T18:11:19.231265,-4718.0,-1718.0,9419.0,-23.0,-66.0,-32.0,-58.0,15.0,36.0,17.0,-50.0,-3.0,47.779999999999745,-25.6400000000001,-35.70000000000073,27.82,-81.44,-47.61,-3.289999999999999,19.86,30.86,23.83,-37.47,-4.04
2025-08-18T18:11:19.239380,-4724.0,-1724.0,9462.0,-12.0,16.0,-14.0,-57.0,-20.0,13.0,63.0,-45.0,14.0,41.779999999999745,-31.6400000000001,7.299999999999272,38.82,0.5600000000000005,-29.61,-2.289999999999999,-15.14,7.86,69.83,-32.47,12.96
2025-08-18T18:11:19.243560,-4783.0,-1649.0,9521.0,-91.0,26.0,70.0,-100.0,36.0,-21.0,-55.0,-96.0,56.0,-17.220000000000255,43.3599999999999,66.29999999999927,-40.18,10.56,54.39,-45.29,40.86,-26.14,-48.17,-83.47,54.96
2025-08-18T18:11:19.251618,-4723.0,-1669.0,9467.0,0.0,-15.0,-17.0,-87.0,29.0,-83.0,0.0,-14.0,33.0,42.779999999999745,23.3599999999999,12.299999999999272,50.82,-30.439999999999998,-32.61,-32.29,33.86,-88.14,6.83,-1.4700000000000006,31.96
2025-08-18T18:11:19.255905,-4698.0,-1655.0,9508.0,-59.0,29.0,-20.0,-90.0,10.0,9.0,17.0,65.0,-74.0,67.77999999999975,37.3599999999999,53.29999999999927,-8.18,13.56,-35.61,-35.29,14.86,3.8600000000000003,23.83,77.53,-75.04
2025-08-18T18:11:19.263977,-4803.0,-1681.0,9485.0,-76.0,1.0,-19.0,-6.0,-39.0,17.0,63.0,46.0,-55.0,-37.220000000000255,11.3599999999999,30.299999999999272,-25.18,-14.44,-34.61,48.71,-34.14,11.86,69.83,58.53,-56.04
2025-08-18T18:11:19.272125,-4778.0,-1679.0,9435.0,-83.0,33.0,-23.0,-63.0,22.0,24.0,-9.0,-8.0,-24.0,-12.220000000000255,13.3599999999999,-19.700000000000728,-32.18,17.560000000000002,-38.61,-8.29,26.86,18.86,-2.17,4.529999999999999,-25.04
2025-08-18T18:11:19.276338,-4736.0,-1655.0,9394.0,-140.0,30.0,-22.0,17.0,-25.0,43.0,88.0,-20.0,37.0,29.779999999999745,37.3599999999999,-60.70000000000073,-89.18,14.56,-37.61,71.71000000000001,-20.14,37.86,94.83,-7.470000000000001,35.96
2025-08-18T18:11:19.284400,-4713.0,-1686.0,9525.0,-80.0,54.0,-5.0,-19.0,-23.0,-31.0,-72.0,2.0,-21.0,52.779999999999745,6.3599999999999,70.29999999999927,-29.18,38.56,-20.61,35.71,-18.14,-36.14,-65.17,14.53,-22.04
2025-08-18T18:11:19.288524,-4832.0,-1639.0,9510.0,-9.0,56.0,17.0,-29.0,39.0,36.0,15.0,11.0,8.0,-66.22000000000025,53.3599999999999,55.29999999999927,41.82,40.56,1.3900000000000006,25.71,43.86,30.86,21.83,23.53,6.96
2025-08-18T18:11:19.296666,-4819.0,-1631.0,9466.0,-69.0,35.0,-14.0,-51.0,-4.0,28.0,-25.0,76.0,6.0,-53.220000000000255,61.3599999999999,11.299999999999272,-18.18,19.560000000000002,-29.61,3.710000000000001,0.8600000000000003,22.86,-18.17,88.53,4.96
2025-08-18T18:11:19.300840,-4800.0,-1628.0,9466.0,-82.0,12.0,30.0,18.0,-14.0,83.0,37.0,4.0,-43.0,-34.220000000000255,64.3599999999999,11.299999999999272,-31.18,-3.4399999999999995,14.39,72.71000000000001,-9.14,77.86,43.83,16.53,-44.04
2025-08-18T18:11:19.308886,-4722.0,-1681.0,9503.0,-82.0,4.0,0.0,-148.0,31.0,-18.0,102.0,-8.0,-17.0,43.779999999999745,11.3599999999999,48.29999999999927,-31.18,-11.44,-15.61,-93.28999999999999,35.86,-23.14,108.83,4.529999999999999,-18.04
2025-08-18T18:11:19.313302,-4797.0,-1660.0,9480.0,11.0,86.0,-41.0,45.0,19.0,65.0,5.0,-18.0,82.0,-31.220000000000255,32.3599999999999,25.299999999999272,61.82,70.56,-56.61,99.71000000000001,23.86,59.86,11.83,-5.470000000000001,80.96
2025-08-18T18:11:19.321282,-4790.0,-1689.0,9442.0,-77.0,37.0,-41.0,-61.0,76.0,7.0,14.0,7.0,6.0,-24.220000000000255,3.3599999999999,-12.700000000000728,-26.18,21.560000000000002,-56.61,-6.289999999999999,80.86,1.8600000000000003,20.83,19.53,4.96
2025-08-18T18:11:19.325336,-4794.0,-1707.0,9333.0,-6.0,18.0,61.0,-51.0,92.0,-10.0,-8.0,-29.0,3.0,-28.220000000000255,-14.6400000000001,-121.70000000000073,44.82,2.5600000000000005,45.39,3.710000000000001,96.86,-15.14,-1.17,-16.47,1.96
2025-08-18T18:11:19.333484,-4719.0,-1720.0,9441.0,-75.0,12.0,4.0,-70.0,7.0,-26.0,18.0,-37.0,8.0,46.779999999999745,-27.6400000000001,-13.700000000000728,-24.18,-3.4399999999999995,-11.61,-15.29,11.86,-31.14,24.83,-24.47,6.96
2025-08-18T18:11:19.341720,-4752.0,-1717.0,9472.0,-65.0,28.0,-1.0,-69.0,17.0,-29.0,-63.0,-21.0,53.0,13.779999999999745,-24.6400000000001,17.299999999999272,-14.18,12.56,-16.61,-14.29,21.86,-34.14,-56.17,-8.47,51.96
2025-08-18T18:11:19.345904,-4791.0,-1664.0,9461.0,-44.0,53.0,24.0,-59.0,-40.0,59.0,2.0,46.0,75.0,-25.220000000000255,28.3599999999999,6.299999999999272,6.82,37.56,8.39,-4.289999999999999,-35.14,53.86,8.83,58.53,73.96
2025-08-18T18:11:19.354188,-4776.0,-1624.0,9429.0,-45.0,42.0,22.0,-4.0,19.0,21.0,-48.0,77.0,-53.0,-10.220000000000255,68.3599999999999,-25.700000000000728,5.82,26.560000000000002,6.390000000000001,50.71,23.86,15.86,-41.17,89.53,-54.04
2025-08-18T18:11:19.358294,-4762.0,-1683.0,9414.0,-104.0,51.0,46.0,-61.0,61.0,-15.0,44.0,39.0,-33.0,3.7799999999997453,9.3599999999999,-40.70000000000073,-53.18,35.56,30.39,-6.289999999999999,65.86,-20.14,50.83,51.53,-34.04
2025-08-18T18:11:19.366336,-4779.0,-1723.0,9492.0,-74.0,38.0,18.0,-18.0,-33.0,-25.0,54.0,18.0,-21.0,-13.220000000000255,-30.6400000000001,37.29999999999927,-23.18,22.560000000000002,2.3900000000000006,36.71,-28.14,-30.14,60.83,30.53,-22.04
2025-08-18T18:11:19.370700,-4823.0,-1623.0,9434.0,-49.0,-35.0,3.0,-50.0,5.0,-2.0,82.0,1.0,47.0,-57.220000000000255,69.3599999999999,-20.700000000000728,1.8200000000000003,-50.44,-12.61,4.710000000000001,9.86,-7.14,88.83,13.53,45.96
2025-08-18T18:11:19.378642,-4777.0,-1657.0,9401.0,-37.0,-6.0,12.0,-40.0,22.0,21.0,70.0,-4.0,31.0,-11.220000000000255,35.3599999999999,-53.70000000000073,13.82,-21.439999999999998,-3.6099999999999994,14.71,26.86,15.86,76.83,8.53,29.96
2025-08-18T18:11:19.383019,-4662.0,-1740.0,9415.0,-104.0,27.0,-9.0,-15.0,-18.0,9.0,6.0,-42.0,10.0,103.77999999999975,-47.6400000000001,-39.70000000000073,-53.18,11.56,-24.61,39.71,-13.14,3.8600000000000003,12.83,-29.47,8.96
2025-08-18T18:11:19.390684,-4681.0,-1750.0,9483.0,-50.0,39.0,6.0,-56.0,53.0,-20.0,-13.0,75.0,-7.0,84.77999999999975,-57.6400000000001,28.299999999999272,0.8200000000000003,23.560000000000002,-9.61,-1.2899999999999991,57.86,-25.14,-6.17,87.53,-8.04
2025-08-18T18:11:19.399031,-4790.0,-1635.0,9456.0,-24.0,-14.0,75.0,-8.0,-1.0,16.0,-14.0,10.0,-59.0,-24.220000000000255,57.3599999999999,1.2999999999992724,26.82,-29.439999999999998,59.39,46.71,3.8600000000000003,10.86,-7.17,22.53,-60.04
2025-08-18T18:11:19.403323,-4816.0,-1638.0,9407.0,-14.0,63.0,9.0,-74.0,-12.0,-8.0,58.0,54.0,15.0,-50.220000000000255,54.3599999999999,-47.70000000000073,36.82,47.56,-6.609999999999999,-19.29,-7.14,-13.14,64.83,66.53,13.96
2025-08-18T18:11:19.411296,-4728.0,-1703.0,9433.0,-71.0,53.0,-5.0,-36.0,-29.0,14.0,22.0,8.0,-50.0,37.779999999999745,-10.6400000000001,-21.700000000000728,-20.18,37.56,-20.61,18.71,-24.14,8.86,28.83,20.53,-51.04
2025-08-18T18:11:19.415513,-4743.0,-1652.0,9468.0,-93.0,72.0,1.0,-78.0,27.0,55.0,-4.0,-16.0,55.0,22.779999999999745,40.3599999999999,13.299999999999272,-42.18,56.56,-14.61,-23.29,31.86,49.86,2.83,-3.4700000000000006,53.96
2025-08-18T18:11:19.423574,-4790.0,-1674.0,9525.0,-39.0,24.0,20.0,-38.0,59.0,10.0,-43.0,-34.0,4.0,-24.220000000000255,18.3599999999999,70.29999999999927,11.82,8.56,4.390000000000001,16.71,63.86,4.86,-36.17,-21.47,2.96
2025-08-18T18:11:19.427815,-4760.0,-1711.0,9472.0,-54.0,13.0,15.0,-52.0,-6.0,-94.0,-29.0,4.0,7.0,5.779999999999745,-18.6400000000001,17.299999999999272,-3.1799999999999997,-2.4399999999999995,-0.6099999999999994,2.710000000000001,-1.1399999999999997,-99.14,-22.17,16.53,5.96
2025-08-18T18:11:19.435816,-4735.0,-1641.0,9408.0,-62.0,53.0,46.0,-41.0,19.0,28.0,-52.0,-4.0,64.0,30.779999999999745,51.3599999999999,-46.70000000000073,-11.18,37.56,30.39,13.71,23.86,22.86,-45.17,8.53,62.96
2025-08-18T18:11:19.440117,-4711.0,-1727.0,9472.0,-44.0,44.0,-15.0,-36.0,-76.0,-4.0,-74.0,-21.0,-31.0,54.779999999999745,-34.6400000000001,17.299999999999272,6.82,28.560000000000002,-30.61,18.71,-71.14,-9.14,-67.17,-8.47,-32.04
2025-08-18T18:11:19.448198,-4830.0,-1665.0,9542.0,-162.0,17.0,23.0,-52.0,-2.0,27.0,-29.0,24.0,-65.0,-64.22000000000025,27.3599999999999,87.29999999999927,-111.18,1.5600000000000005,7.390000000000001,2.710000000000001,2.8600000000000003,21.86,-22.17,36.53,-66.04
2025-08-18T18:11:19.452484,-4872.0,-1612.0,9402.0,-119.0,18.0,2.0,-67.0,-64.0,26.0,78.0,-67.0,-82.0,-106.22000000000025,80.3599999999999,-52.70000000000073,-68.18,2.5600000000000005,-13.61,-12.29,-59.14,20.86,84.83,-54.47,-83.04
2025-08-18T18:11:19.460484,-4754.0,-1716.0,9383.0,-59.0,18.0,-53.0,-82.0,-23.0,37.0,42.0,10.0,76.0,11.779999999999745,-23.6400000000001,-71.70000000000073,-8.18,2.5600000000000005,-68.61,-27.29,-18.14,31.86,48.83,22.53,74.96
2025-08-18T18:11:19.468666,-4810.0,-1712.0,9445.0,-120.0,11.0,-3.0,-93.0,54.0,53.0,-2.0,-138.0,111.0,-44.220000000000255,-19.6400000000001,-9.700000000000728,-69.18,-4.4399999999999995,-18.61,-38.29,58.86,47.86,4.83,-125.47,109.96
2025-08-18T18:11:19.472897,-4776.0,-1735.0,9394.0,-76.0,66.0,12.0,-26.0,16.0,1.0,21.0,82.0,31.0,-10.220000000000255,-42.6400000000001,-60.70000000000073,-25.18,50.56,-3.6099999999999994,28.71,20.86,-4.14,27.83,94.53,29.96
2025-08-18T18:11:19.480969,-4800.0,-1767.0,9410.0,-38.0,6.0,-1.0,-35.0,-24.0,11.0,-2.0,30.0,-13.0,-34.220000000000255,-74.6400000000001,-44.70000000000073,12.82,-9.44,-16.61,19.71,-19.14,5.86,4.83,42.53,-14.04
2025-08-18T18:11:19.485151,-4705.0,-1611.0,9479.0,8.0,-60.0,-10.0,-75.0,-12.0,30.0,-12.0,53.0,2.0,60.779999999999745,81.3599999999999,24.299999999999272,58.82,-75.44,-25.61,-20.29,-7.14,24.86,-5.17,65.53,0.96
2025-08-18T18:11:19.493154,-4778.0,-1674.0,9459.0,-53.0,54.0,40.0,-28.0,14.0,8.0,84.0,-22.0,-80.0,-12.220000000000255,18.3599999999999,4.299999999999272,-2.1799999999999997,38.56,24.39,26.71,18.86,2.8600000000000003,90.83,-9.47,-81.04
2025-08-18T18:11:19.497481,-4719.0,-1649.0,9412.0,-57.0,-20.0,-33.0,-22.0,-42.0,-1.0,70.0,-26.0,-41.0,46.779999999999745,43.3599999999999,-42.70000000000073,-6.18,-35.44,-48.61,32.71,-37.14,-6.14,76.83,-13.47,-42.04
2025-08-18T18:11:19.505482,-4758.0,-1770.0,9465.0,13.0,-31.0,56.0,45.0,-4.0,-34.0,46.0,-34.0,36.0,7.779999999999745,-77.6400000000001,10.299999999999272,63.82,-46.44,40.39,99.71000000000001,0.8600000000000003,-39.14,52.83,-21.47,34.96
2025-08-18T18:11:19.509808,-4763.0,-1665.0,9484.0,-87.0,130.0,13.0,-25.0,1.0,15.0,-25.0,-71.0,17.0,2.7799999999997453,27.3599999999999,29.299999999999272,-36.18,114.56,-2.6099999999999994,29.71,5.86,9.86,-18.17,-58.47,15.96
2025-08-18T18:11:19.517858,-4756.0,-1630.0,9487.0,-32.0,12.0,48.0,12.0,-24.0,48.0,18.0,2.0,12.0,9.779999999999745,62.3599999999999,32.29999999999927,18.82,-3.4399999999999995,32.39,66.71000000000001,-19.14,42.86,24.83,14.53,10.96
2025-08-18T18:11:19.525950,-4760.0,-1634.0,9410.0,26.0,-55.0,-11.0,-48.0,14.0,44.0,-29.0,84.0,-29.0,5.779999999999745,58.3599999999999,-44.70000000000073,76.82,-70.44,-26.61,6.710000000000001,18.86,38.86,-22.17,96.53,-30.04
2025-08-18T18:11:19.530106,-4663.0,-1749.0,9390.0,-39.0,-1.0,26.0,-53.0,49.0,-14.0,68.0,38.0,-35.0,102.77999999999975,-56.6400000000001,-64.70000000000073,11.82,-16.439999999999998,10.39,1.7100000000000009,53.86,-19.14,74.83,50.53,-36.04
2025-08-18T18:11:19.538451,-4707.0,-1725.0,9509.0,-121.0,-7.0,-36.0,-60.0,-11.0,-27.0,39.0,-8.0,-147.0,58.779999999999745,-32.6400000000001,54.29999999999927,-70.18,-22.439999999999998,-51.61,-5.289999999999999,-6.14,-32.14,45.83,4.529999999999999,-148.04
2025-08-18T18:11:19.542418,-4764.0,-1658.0,9487.0,93.0,68.0,10.0,-37.0,6.0,34.0,-4.0,-44.0,59.0,1.7799999999997453,34.3599999999999,32.29999999999927,143.82,52.56,-5.609999999999999,17.71,10.86,28.86,2.83,-31.47,57.96
2025-08-18T18:11:19.550785,-4813.0,-1637.0,9422.0,-63.0,19.0,-4.0,15.0,-14.0,-44.0,51.0,-41.0,0.0,-47.220000000000255,55.3599999999999,-32.70000000000073,-12.18,3.5600000000000005,-19.61,69.71000000000001,-9.14,-49.14,57.83,-28.47,-1.04
2025-08-18T18:11:19.554633,-4772.0,-1658.0,9470.0,-84.0,-4.0,64.0,-39.0,-5.0,-12.0,-83.0,18.0,-9.0,-6.220000000000255,34.3599999999999,15.299999999999272,-33.18,-19.439999999999998,48.39,15.71,-0.13999999999999968,-17.14,-76.17,30.53,-10.04
2025-08-18T18:11:19.562768,-4742.0,-1757.0,9428.0,22.0,62.0,15.0,-22.0,44.0,-40.0,34.0,46.0,-1.0,23.779999999999745,-64.6400000000001,-26.700000000000728,72.82,46.56,-0.6099999999999994,32.71,48.86,-45.14,40.83,58.53,-2.04
2025-08-18T18:11:19.567017,-4754.0,-1701.0,9457.0,34.0,-28.0,3.0,9.0,94.0,-21.0,-23.0,-5.0,-21.0,11.779999999999745,-8.6400000000001,2.2999999999992724,84.82,-43.44,-12.61,63.71,98.86,-26.14,-16.17,7.529999999999999,-22.04
2025-08-18T18:11:19.575234,-4843.0,-1596.0,9587.0,-135.0,7.0,57.0,6.0,-17.0,-26.0,-70.0,-20.0,-51.0,-77.22000000000025,96.3599999999999,132.29999999999927,-84.18,-8.44,41.39,60.71,-12.14,-31.14,-63.17,-7.470000000000001,-52.04
2025-08-18T18:11:19.583188,-4765.0,-1619.0,9401.0,-88.0,22.0,-24.0,-11.0,-37.0,-43.0,48.0,27.0,-27.0,0.7799999999997453,73.3599999999999,-53.70000000000073,-37.18,6.5600000000000005,-39.61,43.71,-32.14,-48.14,54.83,39.53,-28.04
2025-08-18T18:11:19.587503,-4724.0,-1738.0,9490.0,-53.0,-50.0,5.0,-67.0,10.0,41.0,130.0,-37.0,-23.0,41.779999999999745,-45.6400000000001,35.29999999999927,-2.1799999999999997,-65.44,-10.61,-12.29,14.86,35.86,136.83,-24.47,-24.04
2025-08-18T18:11:19.595692,-4775.0,-1712.0,9465.0,-46.0,13.0,37.0,-37.0,-56.0,2.0,32.0,-12.0,40.0,-9.220000000000255,-19.6400000000001,10.299999999999272,4.82,-2.4399999999999995,21.39,17.71,-51.14,-3.1399999999999997,38.83,0.5299999999999994,38.96
2025-08-18T18:11:19.599847,-4815.0,-1639.0,9523.0,-8.0,74.0,-18.0,-40.0,-4.0,3.0,-10.0,-84.0,115.0,-49.220000000000255,53.3599999999999,68.29999999999927,42.82,58.56,-33.61,14.71,0.8600000000000003,-2.1399999999999997,-3.17,-71.47,113.96
2025-08-18T18:11:19.607881,-4849.0,-1688.0,9440.0,-117.0,33.0,21.0,12.0,37.0,2.0,32.0,15.0,35.0,-83.22000000000025,4.3599999999999,-14.700000000000728,-66.18,17.560000000000002,5.390000000000001,66.71000000000001,41.86,-3.1399999999999997,38.83,27.53,33.96
2025-08-18T18:11:19.612064,-4734.0,-1703.0,9429.0,-22.0,75.0,40.0,-85.0,61.0,38.0,-32.0,-2.0,-59.0,31.779999999999745,-10.6400000000001,-25.700000000000728,28.82,59.56,24.39,-30.29,65.86,32.86,-25.17,10.53,-60.04
2025-08-18T18:11:19.620243,-4750.0,-1671.0,9507.0,-26.0,65.0,-36.0,-54.0,-70.0,61.0,12.0,87.0,-56.0,15.779999999999745,21.3599999999999,52.29999999999927,24.82,49.56,-51.61,0.7100000000000009,-65.14,55.86,18.83,99.53,-57.04
2025-08-18T18:11:19.624320,-4753.0,-1682.0,9483.0,-47.0,-47.0,36.0,33.0,-19.0,21.0,62.0,-22.0,-66.0,12.779999999999745,10.3599999999999,28.299999999999272,3.8200000000000003,-62.44,20.39,87.71000000000001,-14.14,15.86,68.83,-9.47,-67.04
2025-08-18T18:11:19.632392,-4832.0,-1652.0,9410.0,-63.0,13.0,-13.0,-61.0,-6.0,7.0,17.0,22.0,35.0,-66.22000000000025,40.3599999999999,-44.70000000000073,-12.18,-2.4399999999999995,-28.61,-6.289999999999999,-1.1399999999999997,1.8600000000000003,23.83,34.53,33.96
2025-08-18T18:11:19.640541,-4675.0,-1598.0,9384.0,-94.0,23.0,-73.0,-102.0,11.0,8.0,-62.0,-56.0,36.0,90.77999999999975,94.3599999999999,-70.70000000000073,-43.18,7.5600000000000005,-88.61,-47.29,15.86,2.8600000000000003,-55.17,-43.47,34.96
2025-08-18T18:11:19.644927,-4765.0,-1720.0,9480.0,-104.0,24.0,3.0,-113.0,45.0,-11.0,1.0,-9.0,57.0,0.7799999999997453,-27.6400000000001,25.299999999999272,-53.18,8.56,-12.61,-58.29,49.86,-16.14,7.83,3.5299999999999994,55.96
2025-08-18T18:11:19.652838,-4797.0,-1596.0,9466.0,-100.0,34.0,44.0,12.0,45.0,-39.0,-21.0,37.0,1.0,-31.220000000000255,96.3599999999999,11.299999999999272,-49.18,18.560000000000002,28.39,66.71000000000001,49.86,-44.14,-14.17,49.53,-0.040000000000000036
2025-08-18T18:11:19.657258,-4772.0,-1659.0,9423.0,-44.0,26.0,-54.0,-30.0,-34.0,33.0,48.0,-18.0,-54.0,-6.220000000000255,33.3599999999999,-31.700000000000728,6.82,10.56,-69.61,24.71,-29.14,27.86,54.83,-5.470000000000001,-55.04
2025-08-18T18:11:19.665148,-4768.0,-1693.0,9435.0,1.0,-42.0,33.0,10.0,-62.0,-22.0,9.0,-18.0,-20.0,-2.2200000000002547,-0.6400000000001,-19.700000000000728,51.82,-57.44,17.39,64.71000000000001,-57.14,-27.14,15.83,-5.470000000000001,-21.04
2025-08-18T18:11:19.669720,-4735.0,-1736.0,9477.0,-82.0,-10.0,14.0,-88.0,-59.0,51.0,66.0,-68.0,33.0,30.779999999999745,-43.6400000000001,22.299999999999272,-31.18,-25.439999999999998,-1.6099999999999994,-33.29,-54.14,45.86,72.83,-55.47,31.96
2025-08-18T18:11:19.677500,-4828.0,-1642.0,9473.0,-18.0,65.0,83.0,-55.0,32.0,-9.0,8.0,-53.0,43.0,-62.220000000000255,50.3599999999999,18.299999999999272,32.82,49.56,67.39,-0.28999999999999915,36.86,-14.14,14.83,-40.47,41.96
2025-08-18T18:11:19.681856,-4811.0,-1683.0,9455.0,-20.0,-35.0,-4.0,-126.0,51.0,-24.0,-9.0,70.0,64.0,-45.220000000000255,9.3599999999999,0.2999999999992724,30.82,-50.44,-19.61,-71.28999999999999,55.86,-29.14,-2.17,82.53,62.96
2025-08-18T18:11:19.689857,-4752.0,-1766.0,9450.0,-32.0,35.0,-15.0,-61.0,26.0,11.0,31.0,61.0,-38.0,13.779999999999745,-73.6400000000001,-4.700000000000728,18.82,19.560000000000002,-30.61,-6.289999999999999,30.86,5.86,37.83,73.53,-39.04
2025-08-18T18:11:19.697952,-4741.0,-1762.0,9494.0,-18.0,65.0,24.0,-87.0,-10.0,11.0,33.0,28.0,8.0,24.779999999999745,-69.6400000000001,39.29999999999927,32.82,49.56,8.39,-32.29,-5.14,5.86,39.83,40.53,6.96
2025-08-18T18:11:19.702246,-4793.0,-1607.0,9358.0,-71.0,10.0,-9.0,-106.0,8.0,14.0,4.0,-21.0,46.0,-27.220000000000255,85.3599999999999,-96.70000000000073,-20.18,-5.4399999999999995,-24.61,-51.29,12.86,8.86,10.83,-8.47,44.96
2025-08-18T18:11:19.710313,-4779.0,-1712.0,9377.0,-53.0,-39.0,14.0,-122.0,-43.0,64.0,26.0,-19.0,0.0,-13.220000000000255,-19.6400000000001,-77.70000000000073,-2.1799999999999997,-54.44,-1.6099999999999994,-67.28999999999999,-38.14,58.86,32.83,-6.470000000000001,-1.04
2025-08-18T18:11:19.714428,-4745.0,-1675.0,9514.0,-76.0,51.0,40.0,-86.0,2.0,-10.0,-22.0,-53.0,31.0,20.779999999999745,17.3599999999999,59.29999999999927,-25.18,35.56,24.39,-31.29,6.86,-15.14,-15.17,-40.47,29.96
2025-08-18T18:11:19.722668,-4803.0,-1641.0,9438.0,-49.0,33.0,26.0,-34.0,-10.0,-20.0,-117.0,52.0,69.0,-37.220000000000255,51.3599999999999,-16.700000000000728,1.8200000000000003,17.560000000000002,10.39,20.71,-5.14,-25.14,-110.17,64.53,67.96
2025-08-18T18:11:19.726941,-4731.0,-1620.0,9416.0,-14.0,-19.0,20.0,-38.0,7.0,32.0,-67.0,0.0,-51.0,34.779999999999745,72.3599999999999,-38.70000000000073,36.82,-34.44,4.390000000000001,16.71,11.86,26.86,-60.17,12.53,-52.04
2025-08-18T18:11:19.734848,-4731.0,-1702.0,9404.0,-71.0,-31.0,-3.0,-48.0,-60.0,26.0,88.0,35.0,-88.0,34.779999999999745,-9.6400000000001,-50.70000000000073,-20.18,-46.44,-18.61,6.710000000000001,-55.14,20.86,94.83,47.53,-89.04
2025-08-18T18:11:19.739198,-4700.0,-1697.0,9480.0,-73.0,10.0,13.0,-51.0,-23.0,25.0,57.0,-18.0,-12.0,65.77999999999975,-4.6400000000001,25.299999999999272,-22.18,-5.4399999999999995,-2.6099999999999994,3.710000000000001,-18.14,19.86,63.83,-5.470000000000001,-13.04
2025-08-18T18:11:19.747237,-4772.0,-1653.0,9550.0,-70.0,27.0,-68.0,-92.0,-5.0,19.0,-3.0,-39.0,20.0,-6.220000000000255,39.3599999999999,95.29999999999927,-19.18,11.56,-83.61,-37.29,-0.13999999999999968,13.86,3.83,-26.47,18.96
2025-08-18T18:11:19.755186,-4767.0,-1615.0,9471.0,-5.0,58.0,51.0,-34.0,48.0,-28.0,-43.0,-9.0,-1.0,-1.2200000000002547,77.3599999999999,16.299999999999272,45.82,42.56,35.39,20.71,52.86,-33.14,-36.17,3.5299999999999994,-2.04
2025-08-18T18:11:19.759510,-4727.0,-1623.0,9442.0,21.0,20.0,43.0,6.0,-9.0,19.0,-19.0,-24.0,11.0,38.779999999999745,69.3599999999999,-12.700000000000728,71.82,4.5600000000000005,27.39,60.71,-4.14,13.86,-12.17,-11.47,9.96
2025-08-18T18:11:19.767601,-4727.0,-1665.0,9469.0,-58.0,89.0,-32.0,-15.0,2.0,13.0,6.0,10.0,33.0,38.779999999999745,27.3599999999999,14.299999999999272,-7.18,73.56,-47.61,39.71,6.86,7.86,12.83,22.53,31.96
2025-08-18T18:11:19.771753,-4687.0,-1727.0,9427.0,-37.0,19.0,13.0,-64.0,25.0,-52.0,-16.0,40.0,-24.0,78.77999999999975,-34.6400000000001,-27.700000000000728,13.82,3.5600000000000005,-2.6099999999999994,-9.29,29.86,-57.14,-9.17,52.53,-25.04
2025-08-18T18:11:19.779858,-4782.0,-1665.0,9456.0,-75.0,-31.0,57.0,-80.0,33.0,61.0,16.0,44.0,-54.0,-16.220000000000255,27.3599999999999,1.2999999999992724,-24.18,-46.44,41.39,-25.29,37.86,55.86,22.83,56.53,-55.04
2025-08-18T18:11:19.784208,-4731.0,-1643.0,9396.0,-32.0,-1.0,-11.0,-33.0,42.0,11.0,11.0,-21.0,-47.0,34.779999999999745,49.3599999999999,-58.70000000000073,18.82,-16.439999999999998,-26.61,21.71,46.86,5.86,17.83,-8.47,-48.04
2025-08-18T18:11:19.792190,-4680.0,-1755.0,9493.0,-29.0,-52.0,-6.0,-61.0,-3.0,21.0,-30.0,-67.0,29.0,85.77999999999975,-62.6400000000001,38.29999999999927,21.82,-67.44,-21.61,-6.289999999999999,1.8600000000000003,15.86,-23.17,-54.47,27.96
2025-08-18T18:11:19.796434,-4820.0,-1651.0,9475.0,-14.0,-5.0,13.0,-64.0,2.0,90.0,-22.0,-24.0,-40.0,-54.220000000000255,41.3599999999999,20.299999999999272,36.82,-20.439999999999998,-2.6099999999999994,-9.29,6.86,84.86,-15.17,-11.47,-41.04
2025-08-18T18:11:19.804424,-4786.0,-1654.0,9438.0,-110.0,-7.0,18.0,-18.0,46.0,79.0,-1.0,9.0,44.0,-20.220000000000255,38.3599999999999,-16.700000000000728,-59.18,-22.439999999999998,2.3900000000000006,36.71,50.86,73.86,5.83,21.53,42.96
2025-08-18T18:11:19.808662,-4778.0,-1656.0,9438.0,-2.0,-13.0,-17.0,-120.0,36.0,3.0,-77.0,2.0,10.0,-12.220000000000255,36.3599999999999,-16.700000000000728,48.82,-28.439999999999998,-32.61,-65.28999999999999,40.86,-2.1399999999999997,-70.17,14.53,8.96
2025-08-18T18:11:19.816821,-4770.0,-1749.0,9527.0,-118.0,35.0,19.0,-69.0,41.0,-10.0,50.0,15.0,-41.0,-4.220000000000255,-56.6400000000001,72.29999999999927,-67.18,19.560000000000002,3.3900000000000006,-14.29,45.86,-15.14,56.83,27.53,-42.04
2025-08-18T18:11:19.824930,-4801.0,-1630.0,9494.0,-27.0,68.0,10.0,-8.0,-69.0,-13.0,40.0,21.0,-16.0,-35.220000000000255,62.3599999999999,39.29999999999927,23.82,52.56,-5.609999999999999,46.71,-64.14,-18.14,46.83,33.53,-17.04
2025-08-18T18:11:19.829210,-4785.0,-1652.0,9443.0,-1.0,47.0,-9.0,-53.0,-10.0,-6.0,40.0,-22.0,42.0,-19.220000000000255,40.3599999999999,-11.700000000000728,49.82,31.560000000000002,-24.61,1.7100000000000009,-5.14,-11.14,46.83,-9.47,40.96
2025-08-18T18:11:19.837257,-4717.0,-1636.0,9419.0,-31.0,-52.0,-21.0,-67.0,24.0,14.0,7.0,-32.0,38.0,48.779999999999745,56.3599999999999,-35.70000000000073,19.82,-67.44,-36.61,-12.29,28.86,8.86,13.83,-19.47,36.96
2025-08-18T18:11:19.841363,-4708.0,-1660.0,9473.0,-22.0,-44.0,-3.0,-86.0,-5.0,48.0,13.0,-49.0,16.0,57.779999999999745,32.3599999999999,18.299999999999272,28.82,-59.44,-18.61,-31.29,-0.13999999999999968,42.86,19.83,-36.47,14.96
2025-08-18T18:11:19.849546,-4766.0,-1626.0,9489.0,-25.0,25.0,20.0,-31.0,16.0,-24.0,8.0,-13.0,-23.0,-0.22000000000025466,66.3599999999999,34.29999999999927,25.82,9.56,4.390000000000001,23.71,20.86,-29.14,14.83,-0.47000000000000064,-24.04
2025-08-18T18:11:19.854250,-4701.0,-1652.0,9435.0,-85.0,4.0,-31.0,-23.0,-31.0,-85.0,-34.0,-3.0,-42.0,64.77999999999975,40.3599999999999,-19.700000000000728,-34.18,-11.44,-46.61,31.71,-26.14,-90.14,-27.17,9.53,-43.04
2025-08-18T18:11:19.861944,-4742.0,-1707.0,9441.0,-144.0,44.0,-6.0,29.0,-20.0,-51.0,4.0,36.0,-11.0,23.779999999999745,-14.6400000000001,-13.700000000000728,-93.18,28.560000000000002,-21.61,83.71000000000001,-15.14,-56.14,10.83,48.53,-12.04
2025-08-18T18:11:19.866122,-4743.0,-1678.0,9489.0,-62.0,58.0,39.0,-7.0,-45.0,9.0,69.0,-82.0,-37.0,22.779999999999745,14.3599999999999,34.29999999999927,-11.18,42.56,23.39,47.71,-40.14,3.8600000000000003,75.83,-69.47,-38.04
2025-08-18T18:11:19.874158,-4775.0,-1607.0,9465.0,-104.0,4.0,-45.0,-89.0,-76.0,-35.0,-6.0,-54.0,22.0,-9.220000000000255,85.3599999999999,10.299999999999272,-53.18,-11.44,-60.61,-34.29,-71.14,-40.14,0.8300000000000001,-41.47,20.96
2025-08-18T18:11:19.882227,-4762.0,-1602.0,9400.0,-51.0,-2.0,-49.0,-99.0,64.0,50.0,-9.0,-13.0,61.0,3.7799999999997453,90.3599999999999,-54.70000000000073,-0.17999999999999972,-17.439999999999998,-64.61,-44.29,68.86,44.86,-2.17,-0.47000000000000064,59.96
2025-08-18T18:11:19.886408,-4748.0,-1681.0,9434.0,-46.0,-30.0,27.0,-20.0,25.0,-2.0,-23.0,-8.0,-16.0,17.779999999999745,11.3599999999999,-20.700000000000728,4.82,-45.44,11.39,34.71,29.86,-7.14,-16.17,4.529999999999999,-17.04
2025-08-18T18:11:19.894618,-4737.0,-1687.0,9496.0,-70.0,75.0,2.0,-31.0,22.0,20.0,-67.0,0.0,-40.0,28.779999999999745,5.3599999999999,41.29999999999927,-19.18,59.56,-13.61,23.71,26.86,14.86,-60.17,12.53,-41.04
2025-08-18T18:11:19.898846,-4781.0,-1683.0,9441.0,-81.0,6.0,-7.0,-129.0,-14.0,-11.0,83.0,18.0,-31.0,-15.220000000000255,9.3599999999999,-13.700000000000728,-30.18,-9.44,-22.61,-74.28999999999999,-9.14,-16.14,89.83,30.53,-32.04
2025-08-18T18:11:19.906870,-4858.0,-1617.0,9425.0,-51.0,0.0,-74.0,-35.0,-53.0,54.0,41.0,-59.0,-75.0,-92.22000000000025,75.3599999999999,-29.700000000000728,-0.17999999999999972,-15.44,-89.61,19.71,-48.14,48.86,47.83,-46.47,-76.04
2025-08-18T18:11:19.911213,-4706.0,-1720.0,9458.0,-96.0,16.0,30.0,-45.0,-67.0,30.0,-3.0,-51.0,40.0,59.779999999999745,-27.6400000000001,3.2999999999992724,-45.18,0.5600000000000005,14.39,9.71,-62.14,24.86,3.83,-38.47,38.96
2025-08-18T18:11:19.919253,-4715.0,-1751.0,9421.0,-52.0,-16.0,59.0,-56.0,8.0,29.0,-48.0,-12.0,55.0,50.779999999999745,-58.6400000000001,-33.70000000000073,-1.1799999999999997,-31.439999999999998,43.39,-1.2899999999999991,12.86,23.86,-41.17,0.5299999999999994,53.96
2025-08-18T18:11:19.923473,-4763.0,-1650.0,9482.0,-53.0,9.0,-19.0,-72.0,47.0,82.0,19.0,-25.0,31.0,2.7799999999997453,42.3599999999999,27.299999999999272,-2.1799999999999997,-6.4399999999999995,-34.61,-17.29,51.86,76.86,25.83,-12.47,29.96
2025-08-18T18:11:19.931460,-4837.0,-1661.0,9386.0,-63.0,29.0,11.0,-50.0,70.0,-6.0,6.0,8.0,-77.0,-71.22000000000025,31.3599999999999,-68.70000000000073,-12.18,13.56,-4.609999999999999,4.710000000000001,74.86,-11.14,12.83,20.53,-78.04
2025-08-18T18:11:19.939546,-4797.0,-1650.0,9426.0,-97.0,28.0,47.0,-23.0,-28.0,22.0,-85.0,18.0,-52.0,-31.220000000000255,42.3599999999999,-28.700000000000728,-46.18,12.56,31.39,31.71,-23.14,16.86,-78.17,30.53,-53.04
2025-08-18T18:11:19.943832,-4719.0,-1683.0,9484.0,-47.0,82.0,24.0,-27.0,-65.0,37.0,-23.0,57.0,-4.0,46.779999999999745,9.3599999999999,29.299999999999272,3.8200000000000003,66.56,8.39,27.71,-60.14,31.86,-16.17,69.53,-5.04
2025-08-18T18:11:19.951914,-4789.0,-1576.0,9495.0,-45.0,54.0,0.0,-60.0,-79.0,14.0,10.0,17.0,-56.0,-23.220000000000255,116.3599999999999,40.29999999999927,5.82,38.56,-15.61,-5.289999999999999,-74.14,8.86,16.83,29.53,-57.04
2025-08-18T18:11:19.956170,-4809.0,-1661.0,9434.0,-113.0,18.0,40.0,-102.0,48.0,30.0,64.0,-21.0,64.0,-43.220000000000255,31.3599999999999,-20.700000000000728,-62.18,2.5600000000000005,24.39,-47.29,52.86,24.86,70.83,-8.47,62.96
2025-08-18T18:11:19.964287,-4715.0,-1690.0,9391.0,-109.0,43.0,-36.0,-103.0,-13.0,-18.0,-15.0,-36.0,32.0,50.779999999999745,2.3599999999999,-63.70000000000073,-58.18,27.560000000000002,-51.61,-48.29,-8.14,-23.14,-8.17,-23.47,30.96
2025-08-18T18:11:19.968408,-4799.0,-1688.0,9528.0,-34.0,-38.0,27.0,-91.0,11.0,-2.0,-30.0,39.0,11.0,-33.220000000000255,4.3599999999999,73.29999999999927,16.82,-53.44,11.39,-36.29,15.86,-7.14,-23.17,51.53,9.96
2025-08-18T18:11:19.976614,-4823.0,-1625.0,9403.0,-22.0,21.0,33.0,34.0,-13.0,81.0,-71.0,8.0,-38.0,-57.220000000000255,67.3599999999999,-51.70000000000073,28.82,5.5600000000000005,17.39,88.71000000000001,-8.14,75.86,-64.17,20.53,-39.04
2025-08-18T18:11:19.980887,-4716.0,-1745.0,9439.0,-101.0,24.0,15.0,-81.0,-59.0,50.0,-33.0,39.0,-33.0,49.779999999999745,-52.6400000000001,-15.700000000000728,-50.18,8.56,-0.6099999999999994,-26.29,-54.14,44.86,-26.17,51.53,-34.04
2025-08-18T18:11:19.988841,-4774.0,-1726.0,9455.0,-33.0,37.0,-39.0,-73.0,-38.0,9.0,66.0,20.0,-32.0,-8.220000000000255,-33.6400000000001,0.2999999999992724,17.82,21.560000000000002,-54.61,-18.29,-33.14,3.8600000000000003,72.83,32.53,-33.04
2025-08-18T18:11:19.997039,-4737.0,-1710.0,9400.0,-65.0,-1.0,38.0,-95.0,32.0,-49.0,64.0,-29.0,76.0,28.779999999999745,-17.6400000000001,-54.70000000000073,-14.18,-16.439999999999998,22.39,-40.29,36.86,-54.14,70.83,-16.47,74.96
2025-08-18T18:11:20.001215,-4678.0,-1703.0,9428.0,-27.0,78.0,26.0,9.0,-10.0,39.0,-10.0,-75.0,20.0,87.77999999999975,-10.6400000000001,-26.700000000000728,23.82,62.56,10.39,63.71,-5.14,33.86,-3.17,-62.47,18.96
2025-08-18T18:11:20.009257,-4645.0,-1738.0,9517.0,-32.0,7.0,-16.0,-43.0,20.0,27.0,14.0,57.0,-9.0,120.77999999999975,-45.6400000000001,62.29999999999927,18.82,-8.44,-31.61,11.71,24.86,21.86,20.83,69.53,-10.04
2025-08-18T18:11:20.013463,-4796.0,-1664.0,9484.0,12.0,-8.0,6.0,-72.0,-29.0,21.0,15.0,-18.0,-67.0,-30.220000000000255,28.3599999999999,29.299999999999272,62.82,-23.439999999999998,-9.61,-17.29,-24.14,15.86,21.83,-5.470000000000001,-68.04
2025-08-18T18:11:20.021599,-4794.0,-1669.0,9413.0,-68.0,76.0,19.0,-54.0,-2.0,19.0,26.0,41.0,-14.0,-28.220000000000255,23.3599999999999,-41.70000000000073,-17.18,60.56,3.3900000000000006,0.7100000000000009,2.8600000000000003,13.86,32.83,53.53,-15.04
2025-08-18T18:11:20.025823,-4671.0,-1744.0,9428.0,-92.0,-11.0,28.0,-47.0,-12.0,-14.0,49.0,-82.0,-25.0,94.77999999999975,-51.6400000000001,-26.700000000000728,-41.18,-26.439999999999998,12.39,7.710000000000001,-7.14,-19.14,55.83,-69.47,-26.04
2025-08-18T18:11:20.033902,-4822.0,-1686.0,9422.0,-48.0,16.0,-37.0,-54.0,16.0,-70.0,14.0,-21.0,-53.0,-56.220000000000255,6.3599999999999,-32.70000000000073,2.8200000000000003,0.5600000000000005,-52.61,0.7100000000000009,20.86,-75.14,20.83,-8.47,-54.04
2025-08-18T18:11:20.038202,-4788.0,-1581.0,9416.0,-76.0,27.0,-3.0,-74.0,-23.0,46.0,-18.0,-94.0,68.0,-22.220000000000255,111.3599999999999,-38.70000000000073,-25.18,11.56,-18.61,-19.29,-18.14,40.86,-11.17,-81.47,66.96
2025-08-18T18:11:20.046207,-4746.0,-1693.0,9476.0,-66.0,67.0,24.0,-7.0,-44.0,32.0,-41.0,53.0,7.0,19.779999999999745,-0.6400000000001,21.299999999999272,-15.18,51.56,8.39,47.71,-39.14,26.86,-34.17,65.53,5.96
2025-08-18T18:11:20.054250,-4693.0,-1696.0,9443.0,-66.0,11.0,-9.0,-74.0,-15.0,13.0,-28.0,24.0,-33.0,72.77999999999975,-3.6400000000001,-11.700000000000728,-15.18,-4.4399999999999995,-24.61,-19.29,-10.14,7.86,-21.17,36.53,-34.04
2025-08-18T18:11:20.058462,-4795.0,-1617.0,9490.0,-190.0,0.0,7.0,-36.0,32.0,1.0,26.0,-49.0,-45.0,-29.220000000000255,75.3599999999999,35.29999999999927,-139.18,-15.44,-8.61,18.71,36.86,-4.14,32.83,-36.47,-46.04
2025-08-18T18:11:20.066634,-4768.0,-1691.0,9372.0,-77.0,-15.0,-25.0,-11.0,23.0,-65.0,7.0,-65.0,-49.0,-2.2200000000002547,1.3599999999999,-82.70000000000073,-26.18,-30.439999999999998,-40.61,43.71,27.86,-70.14,13.83,-52.47,-50.04
2025-08-18T18:11:20.070851,-4677.0,-1676.0,9456.0,-22.0,79.0,-20.0,-64.0,-25.0,-40.0,14.0,-17.0,7.0,88.77999999999975,16.3599999999999,1.2999999999992724,28.82,63.56,-35.61,-9.29,-20.14,-45.14,20.83,-4.470000000000001,5.96
2025-08-18T18:11:20.078925,-4707.0,-1694.0,9469.0,-102.0,27.0,3.0,-82.0,-14.0,48.0,-62.0,-8.0,19.0,58.779999999999745,-1.6400000000001,14.299999999999272,-51.18,11.56,-12.61,-27.29,-9.14,42.86,-55.17,4.529999999999999,17.96
2025-08-18T18:11:20.083241,-4806.0,-1590.0,9505.0,-4.0,-64.0,23.0,-15.0,-69.0,59.0,-48.0,75.0,39.0,-40.220000000000255,102.3599999999999,50.29999999999927,46.82,-79.44,7.390000000000001,39.71,-64.14,53.86,-41.17,87.53,37.96
2025-08-18T18:11:20.091169,-4743.0,-1681.0,9450.0,-72.0,59.0,-32.0,-54.0,-5.0,-6.0,-38.0,5.0,-78.0,22.779999999999745,11.3599999999999,-4.700000000000728,-21.18,43.56,-47.61,0.7100000000000009,-0.13999999999999968,-11.14,-31.17,17.53,-79.04
2025-08-18T18:11:20.095483,-4727.0,-1640.0,9454.0,-28.0,35.0,18.0,-71.0,20.0,-57.0,8.0,85.0,-12.0,38.779999999999745,52.3599999999999,-0.7000000000007276,22.82,19.560000000000002,2.3900000000000006,-16.29,24.86,-62.14,14.83,97.53,-13.04
2025-08-18T18:11:20.103628,-4693.0,-1739.0,9460.0,-91.0,-42.0,-23.0,-6.0,-16.0,-33.0,43.0,41.0,-68.0,72.77999999999975,-46.6400000000001,5.299999999999272,-40.18,-57.44,-38.61,48.71,-11.14,-38.14,49.83,53.53,-69.04
2025-08-18T18:11:20.111641,-4771.0,-1630.0,9514.0,-118.0,-15.0,31.0,-69.0,-18.0,10.0,11.0,-34.0,-10.0,-5.220000000000255,62.3599999999999,59.29999999999927,-67.18,-30.439999999999998,15.39,-14.29,-13.14,4.86,17.83,-21.47,-11.04
2025-08-18T18:11:20.115884,-4697.0,-1595.0,9431.0,-108.0,34.0,-26.0,-22.0,-9.0,-41.0,3.0,-51.0,34.0,68.77999999999975,97.3599999999999,-23.700000000000728,-57.18,18.560000000000002,-41.61,32.71,-4.14,-46.14,9.83,-38.47,32.96
2025-08-18T18:11:20.123902,-4733.0,-1747.0,9524.0,17.0,17.0,-27.0,-46.0,-82.0,18.0,-21.0,-36.0,-1.0,32.779999999999745,-54.6400000000001,69.29999999999927,67.82,1.5600000000000005,-42.61,8.71,-77.14,12.86,-14.17,-23.47,-2.04
2025-08-18T18:11:20.128297,-4853.0,-1628.0,9472.0,-68.0,-31.0,60.0,-85.0,42.0,-25.0,-74.0,-12.0,42.0,-87.22000000000025,64.3599999999999,17.299999999999272,-17.18,-46.44,44.39,-30.29,46.86,-30.14,-67.17,0.5299999999999994,40.96
2025-08-18T18:11:20.136296,-4699.0,-1637.0,9417.0,-48.0,57.0,-5.0,-22.0,-8.0,11.0,-100.0,-2.0,-47.0,66.77999999999975,55.3599999999999,-37.70000000000073,2.8200000000000003,41.56,-20.61,32.71,-3.1399999999999997,5.86,-93.17,10.53,-48.04
2025-08-18T18:11:20.140406,-4780.0,-1669.0,9493.0,-33.0,23.0,45.0,3.0,-1.0,-46.0,50.0,0.0,-48.0,-14.220000000000255,23.3599999999999,38.29999999999927,17.82,7.5600000000000005,29.39,57.71,3.8600000000000003,-51.14,56.83,12.53,-49.04
2025-08-18T18:11:20.148642,-4724.0,-1653.0,9478.0,-46.0,-9.0,43.0,-22.0,23.0,-2.0,28.0,33.0,-94.0,41.779999999999745,39.3599999999999,23.299999999999272,4.82,-24.439999999999998,27.39,32.71,27.86,-7.14,34.83,45.53,-95.04
2025-08-18T18:11:20.152804,-4812.0,-1625.0,9474.0,-119.0,27.0,65.0,-109.0,-45.0,0.0,50.0,-35.0,20.0,-46.220000000000255,67.3599999999999,19.299999999999272,-68.18,11.56,49.39,-54.29,-40.14,-5.14,56.83,-22.47,18.96
2025-08-18T18:11:20.160897,-4738.0,-1657.0,9354.0,9.0,68.0,-24.0,-38.0,21.0,38.0,6.0,-17.0,7.0,27.779999999999745,35.3599999999999,-100.70000000000073,59.82,52.56,-39.61,16.71,25.86,32.86,12.83,-4.470000000000001,5.96
2025-08-18T18:11:20.165117,-4736.0,-1664.0,9383.0,-38.0,23.0,10.0,-42.0,43.0,6.0,29.0,-16.0,25.0,29.779999999999745,28.3599999999999,-71.70000000000073,12.82,7.5600000000000005,-5.609999999999999,12.71,47.86,0.8600000000000003,35.83,-3.4700000000000006,23.96
2025-08-18T18:11:20.173108,-4733.0,-1687.0,9447.0,-32.0,18.0,5.0,-48.0,13.0,5.0,5.0,-41.0,47.0,32.779999999999745,5.3599999999999,-7.700000000000728,18.82,2.5600000000000005,-10.61,6.710000000000001,17.86,-0.13999999999999968,11.83,-28.47,45.96
2025-08-18T18:11:20.181202,-4833.0,-1688.0,9495.0,-56.0,-52.0,13.0,-25.0,31.0,-9.0,-72.0,-36.0,78.0,-67.22000000000025,4.3599999999999,40.29999999999927,-5.18,-67.44,-2.6099999999999994,29.71,35.86,-14.14,-65.17,-23.47,76.96
2025-08-18T18:11:20.185470,-4776.0,-1649.0,9479.0,-80.0,47.0,-40.0,-120.0,22.0,6.0,-61.0,-2.0,27.0,-10.220000000000255,43.3599999999999,24.299999999999272,-29.18,31.560000000000002,-55.61,-65.28999999999999,26.86,0.8600000000000003,-54.17,10.53,25.96
2025-08-18T18:11:20.193665,-4754.0,-1695.0,9383.0,-16.0,-6.0,-52.0,-32.0,-52.0,47.0,37.0,16.0,-18.0,11.779999999999745,-2.6400000000001,-71.70000000000073,34.82,-21.439999999999998,-67.61,22.71,-47.14,41.86,43.83,28.53,-19.04
2025-08-18T18:11:20.197959,-4723.0,-1696.0,9477.0,-67.0,-47.0,24.0,-30.0,15.0,30.0,19.0,64.0,30.0,42.779999999999745,-3.6400000000001,22.299999999999272,-16.18,-62.44,8.39,24.71,19.86,24.86,25.83,76.53,28.96
2025-08-18T18:11:20.205934,-4697.0,-1629.0,9497.0,-122.0,5.0,-49.0,-93.0,51.0,13.0,30.0,1.0,-22.0,68.77999999999975,63.3599999999999,42.29999999999927,-71.18,-10.44,-64.61,-38.29,55.86,7.86,36.83,13.53,-23.04
2025-08-18T18:11:20.210366,-4834.0,-1703.0,9435.0,-63.0,-72.0,-6.0,-119.0,-9.0,24.0,-5.0,-29.0,56.0,-68.22000000000025,-10.6400000000001,-19.700000000000728,-12.18,-87.44,-21.61,-64.28999999999999,-4.14,18.86,1.83,-16.47,54.96
2025-08-18T18:11:20.218174,-4738.0,-1708.0,9362.0,-36.0,29.0,86.0,-19.0,-38.0,-17.0,-52.0,-30.0,43.0,27.779999999999745,-15.6400000000001,-92.70000000000073,14.82,13.56,70.39,35.71,-33.14,-22.14,-45.17,-17.47,41.96
2025-08-18T18:11:20.222488,-4825.0,-1645.0,9493.0,-39.0,92.0,-6.0,-96.0,1.0,-32.0,-37.0,65.0,72.0,-59.220000000000255,47.3599999999999,38.29999999999927,11.82,76.56,-21.61,-41.29,5.86,-37.14,-30.17,77.53,70.96
2025-08-18T18:11:20.230554,-4801.0,-1618.0,9436.0,-71.0,17.0,-59.0,-94.0,-3.0,31.0,-33.0,-17.0,-22.0,-35.220000000000255,74.3599999999999,-18.700000000000728,-20.18,1.5600000000000005,-74.61,-39.29,1.8600000000000003,25.86,-26.17,-4.470000000000001,-23.04
2025-08-18T18:11:20.238679,-4712.0,-1754.0,9431.0,-18.0,-36.0,-56.0,3.0,16.0,-33.0,10.0,-27.0,-6.0,53.779999999999745,-61.6400000000001,-23.700000000000728,32.82,-51.44,-71.61,57.71,20.86,-38.14,16.83,-14.47,-7.04
2025-08-18T18:11:20.243018,-4779.0,-1713.0,9509.0,24.0,-22.0,-48.0,-106.0,-7.0,-23.0,-25.0,-48.0,-25.0,-13.220000000000255,-20.6400000000001,54.29999999999927,74.82,-37.44,-63.61,-51.29,-2.1399999999999997,-28.14,-18.17,-35.47,-26.04
2025-08-18T18:11:20.250870,-4823.0,-1635.0,9450.0,-111.0,20.0,12.0,-116.0,-15.0,43.0,34.0,-89.0,18.0,-57.220000000000255,57.3599999999999,-4.700000000000728,-60.18,4.5600000000000005,-3.6099999999999994,-61.29,-10.14,37.86,40.83,-76.47,16.96
2025-08-18T18:11:20.255314,-4712.0,-1624.0,9417.0,8.0,41.0,-34.0,-48.0,53.0,39.0,-45.0,-58.0,19.0,53.779999999999745,68.3599999999999,-37.70000000000073,58.82,25.560000000000002,-49.61,6.710000000000001,57.86,33.86,-38.17,-45.47,17.96
2025-08-18T18:11:20.263237,-4711.0,-1717.0,9442.0,-40.0,4.0,26.0,-92.0,34.0,-46.0,-28.0,37.0,59.0,54.779999999999745,-24.6400000000001,-12.700000000000728,10.82,-11.44,10.39,-37.29,38.86,-51.14,-21.17,49.53,57.96
2025-08-18T18:11:20.267643,-4871.0,-1651.0,9528.0,-93.0,88.0,23.0,-80.0,39.0,1.0,-31.0,-24.0,22.0,-105.22000000000025,41.3599999999999,73.29999999999927,-42.18,72.56,7.390000000000001,-25.29,43.86,-4.14,-24.17,-11.47,20.96
2025-08-18T18:11:20.275459,-4745.0,-1609.0,9469.0,14.0,-29.0,10.0,-33.0,29.0,34.0,60.0,-10.0,42.0,20.779999999999745,83.3599999999999,14.299999999999272,64.82,-44.44,-5.609999999999999,21.71,33.86,28.86,66.83,2.5299999999999994,40.96
2025-08-18T18:11:20.283625,-4729.0,-1716.0,9457.0,-84.0,3.0,-3.0,-86.0,-18.0,49.0,69.0,-22.0,15.0,36.779999999999745,-23.6400000000001,2.2999999999992724,-33.18,-12.44,-18.61,-31.29,-13.14,43.86,75.83,-9.47,13.96
2025-08-18T18:11:20.287853,-4781.0,-1739.0,9493.0,-43.0,-5.0,46.0,-74.0,-14.0,141.0,-15.0,-76.0,125.0,-15.220000000000255,-46.6400000000001,38.29999999999927,7.82,-20.439999999999998,30.39,-19.29,-9.14,135.86,-8.17,-63.47,123.96
2025-08-18T18:11:20.296039,-4717.0,-1680.0,9516.0,-38.0,62.0,22.0,-76.0,-14.0,-26.0,29.0,-36.0,60.0,48.779999999999745,12.3599999999999,61.29999999999927,12.82,46.56,6.390000000000001,-21.29,-9.14,-31.14,35.83,-23.47,58.96
2025-08-18T18:11:20.300283,-4771.0,-1625.0,9472.0,-52.0,-3.0,6.0,-29.0,-51.0,79.0,-18.0,-36.0,29.0,-5.220000000000255,67.3599999999999,17.299999999999272,-1.1799999999999997,-18.439999999999998,-9.61,25.71,-46.14,73.86,-11.17,-23.47,27.96
2025-08-18T18:11:20.308307,-4615.0,-1741.0,9526.0,-77.0,54.0,35.0,38.0,-2.0,-10.0,23.0,8.0,26.0,150.77999999999975,-48.6400000000001,71.29999999999927,-26.18,38.56,19.39,92.71000000000001,2.8600000000000003,-15.14,29.83,20.53,24.96
2025-08-18T18:11:20.312470,-4657.0,-1762.0,9549.0,-58.0,2.0,30.0,-46.0,-58.0,44.0,129.0,37.0,7.0,108.77999999999975,-69.6400000000001,94.29999999999927,-7.18,-13.44,14.39,8.71,-53.14,38.86,135.83,49.53,5.96
2025-08-18T18:11:20.320666,-4769.0,-1625.0,9539.0,12.0,68.0,19.0,16.0,-17.0,67.0,150.0,-61.0,52.0,-3.2200000000002547,67.3599999999999,84.29999999999927,62.82,52.56,3.3900000000000006,70.71000000000001,-12.14,61.86,156.83,-48.47,50.96
2025-08-18T18:11:20.324912,-4695.0,-1680.0,9536.0,-93.0,-27.0,17.0,-89.0,52.0,9.0,71.0,20.0,124.0,70.77999999999975,12.3599999999999,81.29999999999927,-42.18,-42.44,1.3900000000000006,-34.29,56.86,3.8600000000000003,77.83,32.53,122.96
2025-08-18T18:11:20.332959,-4699.0,-1730.0,9497.0,-57.0,51.0,-40.0,67.0,31.0,31.0,66.0,-27.0,84.0,66.77999999999975,-37.6400000000001,42.29999999999927,-6.18,35.56,-55.61,121.71000000000001,35.86,25.86,72.83,-14.47,82.96
2025-08-18T18:11:20.340884,-4718.0,-1671.0,9567.0,-70.0,23.0,-18.0,-32.0,51.0,62.0,18.0,73.0,89.0,47.779999999999745,21.3599999999999,112.29999999999927,-19.18,7.5600000000000005,-33.61,22.71,55.86,56.86,24.83,85.53,87.96
2025-08-18T18:11:20.345210,-4762.0,-1666.0,9538.0,-57.0,62.0,-2.0,30.0,59.0,61.0,113.0,102.0,52.0,3.7799999999997453,26.3599999999999,83.29999999999927,-6.18,46.56,-17.61,84.71000000000001,63.86,55.86,119.83,114.53,50.96
2025-08-18T18:11:20.353300,-4712.0,-1702.0,9510.0,-57.0,79.0,34.0,3.0,32.0,76.0,80.0,-22.0,-6.0,53.779999999999745,-9.6400000000001,55.29999999999927,-6.18,63.56,18.39,57.71,36.86,70.86,86.83,-9.47,-7.04
2025-08-18T18:11:20.357601,-4676.0,-1735.0,9568.0,-22.0,-2.0,-7.0,16.0,18.0,-47.0,149.0,28.0,38.0,89.77999999999975,-42.6400000000001,113.29999999999927,28.82,-17.439999999999998,-22.61,70.71000000000001,22.86,-52.14,155.83,40.53,36.96
2025-08-18T18:11:20.365657,-4708.0,-1619.0,9534.0,41.0,3.0,80.0,9.0,50.0,-69.0,209.0,68.0,95.0,57.779999999999745,73.3599999999999,79.29999999999927,91.82,-12.44,64.39,63.71,54.86,-74.14,215.83,80.53,93.96
2025-08-18T18:11:20.369956,-4728.0,-1551.0,9543.0,3.0,76.0,91.0,96.0,47.0,-55.0,81.0,105.0,63.0,37.779999999999745,141.3599999999999,88.29999999999927,53.82,60.56,75.39,150.71,51.86,-60.14,87.83,117.53,61.96
2025-08-18T18:11:20.377947,-4611.0,-1674.0,9526.0,108.0,80.0,23.0,22.0,-48.0,-94.0,95.0,108.0,32.0,154.77999999999975,18.3599999999999,71.29999999999927,158.82,64.56,7.390000000000001,76.71000000000001,-43.14,-99.14,101.83,120.53,30.96
2025-08-18T18:11:20.382292,-4672.0,-1666.0,9631.0,37.0,14.0,64.0,63.0,30.0,-44.0,152.0,165.0,9.0,93.77999999999975,26.3599999999999,176.29999999999927,87.82,-1.4399999999999995,48.39,117.71000000000001,34.86,-49.14,158.83,177.53,7.96
2025-08-18T18:11:20.390273,-4614.0,-1562.0,9506.0,57.0,145.0,54.0,40.0,61.0,-25.0,209.0,180.0,-28.0,151.77999999999975,130.3599999999999,51.29999999999927,107.82,129.56,38.39,94.71000000000001,65.86,-30.14,215.83,192.53,-29.04
2025-08-18T18:11:20.398280,-4621.0,-1615.0,9516.0,81.0,139.0,45.0,10.0,-11.0,-68.0,188.0,139.0,-54.0,144.77999999999975,77.3599999999999,61.29999999999927,131.82,123.56,29.39,64.71000000000001,-6.14,-73.14,194.83,151.53,-55.04
2025-08-18T18:11:20.402496,-4615.0,-1548.0,9580.0,110.0,130.0,17.0,18.0,74.0,-56.0,166.0,124.0,7.0,150.77999999999975,144.3599999999999,125.29999999999927,160.82,114.56,1.3900000000000006,72.71000000000001,78.86,-61.14,172.83,136.53,5.96
2025-08-18T18:11:20.410766,-4634.0,-1463.0,9552.0,54.0,130.0,10.0,37.0,80.0,-180.0,99.0,147.0,53.0,131.77999999999975,229.3599999999999,97.29999999999927,104.82,114.56,-5.609999999999999,91.71000000000001,84.86,-185.14,105.83,159.53,51.96
2025-08-18T18:11:20.415013,-4547.0,-1497.0,9483.0,88.0,82.0,-10.0,109.0,5.0,-137.0,152.0,331.0,4.0,218.77999999999975,195.3599999999999,28.299999999999272,138.82,66.56,-25.61,163.71,9.86,-142.14,158.83,343.53,2.96
2025-08-18T18:11:20.423046,-4595.0,-1525.0,9642.0,112.0,140.0,-84.0,105.0,37.0,-202.0,152.0,352.0,-46.0,170.77999999999975,167.3599999999999,187.29999999999927,162.82,124.56,-99.61,159.71,41.86,-207.14,158.83,364.53,-47.04
2025-08-18T18:11:20.431196,-4490.0,-1506.0,9552.0,244.0,152.0,-78.0,73.0,31.0,-200.0,203.0,239.0,-79.0,275.77999999999975,186.3599999999999,97.29999999999927,294.82,136.56,-93.61,127.71000000000001,35.86,-205.14,209.83,251.53,-80.04
2025-08-18T18:11:20.435376,-4581.0,-1453.0,9583.0,231.0,141.0,-24.0,83.0,48.0,-147.0,167.0,219.0,-42.0,184.77999999999975,239.3599999999999,128.29999999999927,281.82,125.56,-39.61,137.71,52.86,-152.14,173.83,231.53,-43.04
2025-08-18T18:11:20.443578,-4578.0,-1436.0,9527.0,208.0,109.0,-42.0,96.0,71.0,-131.0,98.0,341.0,-13.0,187.77999999999975,256.3599999999999,72.29999999999927,258.82,93.56,-57.61,150.71,75.86,-136.14,104.83,353.53,-14.04
2025-08-18T18:11:20.451695,-4568.0,-1465.0,9608.0,207.0,138.0,-60.0,10.0,42.0,-180.0,131.0,359.0,-83.0,197.77999999999975,227.3599999999999,153.29999999999927,257.82,122.56,-75.61,64.71000000000001,46.86,-185.14,137.83,371.53,-84.04
2025-08-18T18:11:20.455967,-4512.0,-1454.0,9503.0,183.0,135.0,-49.0,138.0,48.0,-131.0,179.0,186.0,-19.0,253.77999999999975,238.3599999999999,48.29999999999927,233.82,119.56,-64.61,192.71,52.86,-136.14,185.83,198.53,-20.04
2025-08-18T18:11:20.464002,-4535.0,-1476.0,9610.0,160.0,52.0,-16.0,12.0,10.0,-242.0,107.0,238.0,45.0,230.77999999999975,216.3599999999999,155.29999999999927,210.82,36.56,-31.61,66.71000000000001,14.86,-247.14,113.83,250.53,43.96
2025-08-18T18:11:20.468217,-4607.0,-1474.0,9542.0,167.0,207.0,-58.0,79.0,86.0,-232.0,156.0,281.0,-62.0,158.77999999999975,218.3599999999999,87.29999999999927,217.82,191.56,-73.61,133.71,90.86,-237.14,162.83,293.53,-63.04
2025-08-18T18:11:20.476404,-4551.0,-1439.0,9597.0,216.0,157.0,-62.0,38.0,29.0,-216.0,145.0,317.0,-20.0,214.77999999999975,253.3599999999999,142.29999999999927,266.82,141.56,-77.61,92.71000000000001,33.86,-221.14,151.83,329.53,-21.04
2025-08-18T18:11:20.484504,-4611.0,-1415.0,9532.0,124.0,127.0,-66.0,45.0,22.0,-133.0,190.0,298.0,-60.0,154.77999999999975,277.3599999999999,77.29999999999927,174.82,111.56,-81.61,99.71000000000001,26.86,-138.14,196.83,310.53,-61.04
2025-08-18T18:11:20.488537,-4591.0,-1430.0,9610.0,176.0,99.0,-33.0,20.0,106.0,-256.0,96.0,332.0,-27.0,174.77999999999975,262.3599999999999,155.29999999999927,226.82,83.56,-48.61,74.71000000000001,110.86,-261.14,102.83,344.53,-28.04
2025-08-18T18:11:20.496809,-4561.0,-1384.0,9494.0,144.0,115.0,-36.0,46.0,58.0,-226.0,120.0,310.0,-45.0,204.77999999999975,308.3599999999999,39.29999999999927,194.82,99.56,-51.61,100.71000000000001,62.86,-231.14,126.83,322.53,-46.04
2025-08-18T18:11:20.504815,-4634.0,-1424.0,9633.0,209.0,174.0,22.0,22.0,37.0,-208.0,141.0,260.0,-56.0,131.77999999999975,268.3599999999999,178.29999999999927,259.82,158.56,6.390000000000001,76.71000000000001,41.86,-213.14,147.83,272.53,-57.04
2025-08-18T18:11:20.509156,-4654.0,-1484.0,9534.0,189.0,148.0,17.0,57.0,64.0,-233.0,168.0,262.0,20.0,111.77999999999975,208.3599999999999,79.29999999999927,239.82,132.56,1.3900000000000006,111.71000000000001,68.86,-238.14,174.83,274.53,18.96
2025-08-18T18:11:20.517259,-4568.0,-1486.0,9589.0,212.0,142.0,3.0,-8.0,76.0,-181.0,133.0,270.0,-71.0,197.77999999999975,206.3599999999999,134.29999999999927,262.82,126.56,-12.61,46.71,80.86,-186.14,139.83,282.53,-72.04
2025-08-18T18:11:20.521529,-4577.0,-1341.0,9577.0,205.0,188.0,-77.0,-17.0,90.0,-161.0,128.0,257.0,-44.0,188.77999999999975,351.3599999999999,122.29999999999927,255.82,172.56,-92.61,37.71,94.86,-166.14,134.83,269.53,-45.04
2025-08-18T18:11:20.529749,-4513.0,-1354.0,9510.0,194.0,127.0,-9.0,70.0,67.0,-284.0,163.0,235.0,-96.0,252.77999999999975,338.3599999999999,55.29999999999927,244.82,111.56,-24.61,124.71000000000001,71.86,-289.14,169.83,247.53,-97.04
2025-08-18T18:11:20.537552,-4580.0,-1448.0,9616.0,182.0,144.0,-86.0,-7.0,-9.0,-233.0,114.0,281.0,-17.0,185.77999999999975,244.3599999999999,161.29999999999927,232.82,128.56,-101.61,47.71,-4.14,-238.14,120.83,293.53,-18.04
2025-08-18T18:11:20.541901,-4624.0,-1359.0,9542.0,133.0,127.0,-53.0,20.0,99.0,-174.0,140.0,322.0,-52.0,141.77999999999975,333.3599999999999,87.29999999999927,183.82,111.56,-68.61,74.71000000000001,103.86,-179.14,146.83,334.53,-53.04
2025-08-18T18:11:20.549974,-4540.0,-1366.0,9515.0,176.0,118.0,-92.0,41.0,81.0,-186.0,146.0,318.0,-57.0,225.77999999999975,326.3599999999999,60.29999999999927,226.82,102.56,-107.61,95.71000000000001,85.86,-191.14,152.83,330.53,-58.04
2025-08-18T18:11:20.554233,-4564.0,-1441.0,9542.0,175.0,152.0,-78.0,19.0,47.0,-256.0,181.0,249.0,-77.0,201.77999999999975,251.3599999999999,87.29999999999927,225.82,136.56,-93.61,73.71000000000001,51.86,-261.14,187.83,261.53,-78.04
2025-08-18T18:11:20.562430,-4610.0,-1384.0,9496.0,153.0,149.0,-127.0,79.0,61.0,-217.0,131.0,234.0,-18.0,155.77999999999975,308.3599999999999,41.29999999999927,203.82,133.56,-142.61,133.71,65.86,-222.14,137.83,246.53,-19.04
2025-08-18T18:11:20.570185,-4521.0,-1478.0,9623.0,263.0,115.0,-58.0,24.0,78.0,-211.0,75.0,306.0,28.0,244.77999999999975,214.3599999999999,168.29999999999927,313.82,99.56,-73.61,78.71000000000001,82.86,-216.14,81.83,318.53,26.96
2025-08-18T18:11:20.574598,-4547.0,-1414.0,9501.0,187.0,191.0,-65.0,82.0,9.0,-253.0,150.0,282.0,-86.0,218.77999999999975,278.3599999999999,46.29999999999927,237.82,175.56,-80.61,136.71,13.86,-258.14,156.83,294.53,-87.04
2025-08-18T18:11:20.582679,-4600.0,-1515.0,9604.0,213.0,186.0,-43.0,54.0,52.0,-254.0,104.0,229.0,-106.0,165.77999999999975,177.3599999999999,149.29999999999927,263.82,170.56,-58.61,108.71000000000001,56.86,-259.14,110.83,241.53,-107.04
2025-08-18T18:11:20.590795,-4579.0,-1402.0,9441.0,173.0,125.0,-58.0,14.0,37.0,-207.0,120.0,266.0,8.0,186.77999999999975,290.3599999999999,-13.700000000000728,223.82,109.56,-73.61,68.71000000000001,41.86,-212.14,126.83,278.53,6.96
2025-08-18T18:11:20.595237,-4562.0,-1488.0,9492.0,178.0,125.0,-103.0,56.0,24.0,-214.0,105.0,338.0,-64.0,203.77999999999975,204.3599999999999,37.29999999999927,228.82,109.56,-118.61,110.71000000000001,28.86,-219.14,111.83,350.53,-65.04
2025-08-18T18:11:20.603137,-4643.0,-1363.0,9505.0,216.0,132.0,-61.0,-2.0,106.0,-232.0,168.0,255.0,-67.0,122.77999999999975,329.3599999999999,50.29999999999927,266.82,116.56,-76.61,52.71,110.86,-237.14,174.83,267.53,-68.04
2025-08-18T18:11:20.607412,-4522.0,-1437.0,9517.0,190.0,148.0,-46.0,47.0,86.0,-184.0,224.0,264.0,-41.0,243.77999999999975,255.3599999999999,62.29999999999927,240.82,132.56,-61.61,101.71000000000001,90.86,-189.14,230.83,276.53,-42.04
2025-08-18T18:11:20.615540,-4612.0,-1318.0,9454.0,185.0,131.0,-63.0,67.0,61.0,-199.0,104.0,370.0,-13.0,153.77999999999975,374.3599999999999,-0.7000000000007276,235.82,115.56,-78.61,121.71000000000001,65.86,-204.14,110.83,382.53,-14.04
2025-08-18T18:11:20.623701,-4550.0,-1442.0,9563.0,200.0,62.0,-60.0,14.0,49.0,-145.0,106.0,309.0,-4.0,215.77999999999975,250.3599999999999,108.29999999999927,250.82,46.56,-75.61,68.71000000000001,53.86,-150.14,112.83,321.53,-5.04
2025-08-18T18:11:20.627774,-4703.0,-1443.0,9583.0,127.0,176.0,-61.0,27.0,25.0,-215.0,192.0,296.0,-67.0,62.779999999999745,249.3599999999999,128.29999999999927,177.82,160.56,-76.61,81.71000000000001,29.86,-220.14,198.83,308.53,-68.04
2025-08-18T18:11:20.635929,-4535.0,-1413.0,9510.0,185.0,81.0,-35.0,50.0,49.0,-231.0,157.0,274.0,-51.0,230.77999999999975,279.3599999999999,55.29999999999927,235.82,65.56,-50.61,104.71000000000001,53.86,-236.14,163.83,286.53,-52.04
2025-08-18T18:11:20.644070,-4543.0,-1416.0,9564.0,177.0,58.0,-205.0,-49.0,44.0,-212.0,59.0,333.0,-2.0,222.77999999999975,276.3599999999999,109.29999999999927,227.82,42.56,-220.61,5.710000000000001,48.86,-217.14,65.83,345.53,-3.04
2025-08-18T18:11:20.648277,-4555.0,-1418.0,9629.0,225.0,94.0,-30.0,25.0,49.0,-190.0,122.0,335.0,-78.0,210.77999999999975,274.3599999999999,174.29999999999927,275.82,78.56,-45.61,79.71000000000001,53.86,-195.14,128.83,347.53,-79.04
2025-08-18T18:11:20.656395,-4585.0,-1455.0,9524.0,167.0,97.0,-140.0,-7.0,52.0,-234.0,194.0,279.0,-98.0,180.77999999999975,237.3599999999999,69.29999999999927,217.82,81.56,-155.61,47.71,56.86,-239.14,200.83,291.53,-99.04
2025-08-18T18:11:20.660715,-4540.0,-1455.0,9528.0,234.0,99.0,-141.0,26.0,4.0,-207.0,166.0,253.0,-39.0,225.77999999999975,237.3599999999999,73.29999999999927,284.82,83.56,-156.61,80.71000000000001,8.86,-212.14,172.83,265.53,-40.04
2025-08-18T18:11:20.668788,-4614.0,-1384.0,9550.0,154.0,174.0,-96.0,45.0,49.0,-256.0,123.0,339.0,0.0,151.77999999999975,308.3599999999999,95.29999999999927,204.82,158.56,-111.61,99.71000000000001,53.86,-261.14,129.83,351.53,-1.04
2025-08-18T18:11:20.676947,-4499.0,-1467.0,9548.0,156.0,153.0,-37.0,17.0,51.0,-222.0,121.0,246.0,-75.0,266.77999999999975,225.3599999999999,93.29999999999927,206.82,137.56,-52.61,71.71000000000001,55.86,-227.14,127.83,258.53,-76.04
2025-08-18T18:11:20.681172,-4547.0,-1406.0,9555.0,136.0,131.0,-70.0,-19.0,10.0,-214.0,146.0,231.0,-99.0,218.77999999999975,286.3599999999999,100.29999999999927,186.82,115.56,-85.61,35.71,14.86,-219.14,152.83,243.53,-100.04
2025-08-18T18:11:20.689292,-4492.0,-1451.0,9572.0,232.0,100.0,-96.0,-27.0,75.0,-229.0,185.0,310.0,-2.0,273.77999999999975,241.3599999999999,117.29999999999927,282.82,84.56,-111.61,27.71,79.86,-234.14,191.83,322.53,-3.04
2025-08-18T18:11:20.693486,-4612.0,-1357.0,9516.0,200.0,133.0,-90.0,66.0,33.0,-277.0,65.0,408.0,-47.0,153.77999999999975,335.3599999999999,61.29999999999927,250.82,117.56,-105.61,120.71000000000001,37.86,-282.14,71.83,420.53,-48.04
2025-08-18T18:11:20.701466,-4537.0,-1443.0,9595.0,208.0,107.0,-73.0,73.0,7.0,-258.0,164.0,330.0,-48.0,228.77999999999975,249.3599999999999,140.29999999999927,258.82,91.56,-88.61,127.71000000000001,11.86,-263.14,170.83,342.53,-49.04
2025-08-18T18:11:20.709643,-4689.0,-1353.0,9475.0,137.0,119.0,-93.0,2.0,86.0,-222.0,255.0,253.0,-83.0,76.77999999999975,339.3599999999999,20.299999999999272,187.82,103.56,-108.61,56.71,90.86,-227.14,261.83,265.53,-84.04
2025-08-18T18:11:20.713823,-4538.0,-1406.0,9595.0,186.0,123.0,21.0,101.0,3.0,-194.0,161.0,319.0,-13.0,227.77999999999975,286.3599999999999,140.29999999999927,236.82,107.56,5.390000000000001,155.71,7.86,-199.14,167.83,331.53,-14.04
2025-08-18T18:11:20.722044,-4641.0,-1437.0,9498.0,229.0,155.0,-86.0,36.0,39.0,-210.0,133.0,337.0,17.0,124.77999999999975,255.3599999999999,43.29999999999927,279.82,139.56,-101.61,90.71000000000001,43.86,-215.14,139.83,349.53,15.96
2025-08-18T18:11:20.730062,-4527.0,-1457.0,9552.0,204.0,127.0,-20.0,-18.0,88.0,-238.0,145.0,266.0,-116.0,238.77999999999975,235.3599999999999,97.29999999999927,254.82,111.56,-35.61,36.71,92.86,-243.14,151.83,278.53,-117.04
2025-08-18T18:11:20.734430,-4584.0,-1363.0,9521.0,172.0,210.0,-115.0,55.0,67.0,-223.0,208.0,326.0,-19.0,181.77999999999975,329.3599999999999,66.29999999999927,222.82,194.56,-130.61,109.71000000000001,71.86,-228.14,214.83,338.53,-20.04
2025-08-18T18:11:20.742355,-4551.0,-1422.0,9552.0,162.0,164.0,-41.0,17.0,55.0,-217.0,103.0,255.0,-16.0,214.77999999999975,270.3599999999999,97.29999999999927,212.82,148.56,-56.61,71.71000000000001,59.86,-222.14,109.83,267.53,-17.04
2025-08-18T18:11:20.746893,-4559.0,-1434.0,9515.0,144.0,118.0,-77.0,76.0,28.0,-212.0,181.0,287.0,-39.0,206.77999999999975,258.3599999999999,60.29999999999927,194.82,102.56,-92.61,130.71,32.86,-217.14,187.83,299.53,-40.04
2025-08-18T18:11:20.754810,-4545.0,-1429.0,9560.0,207.0,64.0,-68.0,42.0,-27.0,-191.0,185.0,322.0,-129.0,220.77999999999975,263.3599999999999,105.29999999999927,257.82,48.56,-83.61,96.71000000000001,-22.14,-196.14,191.83,334.53,-130.04
2025-08-18T18:11:20.762892,-4572.0,-1358.0,9508.0,139.0,74.0,-115.0,-40.0,37.0,-194.0,117.0,233.0,-20.0,193.77999999999975,334.3599999999999,53.29999999999927,189.82,58.56,-130.61,14.71,41.86,-199.14,123.83,245.53,-21.04
2025-08-18T18:11:20.767196,-4519.0,-1398.0,9587.0,137.0,149.0,-75.0,15.0,-21.0,-164.0,88.0,358.0,-27.0,246.77999999999975,294.3599999999999,132.29999999999927,187.82,133.56,-90.61,69.71000000000001,-16.14,-169.14,94.83,370.53,-28.04
2025-08-18T18:11:20.775259,-4606.0,-1415.0,9530.0,159.0,156.0,-82.0,28.0,83.0,-162.0,214.0,291.0,-65.0,159.77999999999975,277.3599999999999,75.29999999999927,209.82,140.56,-97.61,82.71000000000001,87.86,-167.14,220.83,303.53,-66.04
2025-08-18T18:11:20.779437,-4572.0,-1509.0,9553.0,206.0,107.0,-98.0,8.0,73.0,-251.0,170.0,235.0,-24.0,193.77999999999975,183.3599999999999,98.29999999999927,256.82,91.56,-113.61,62.71,77.86,-256.14,176.83,247.53,-25.04
2025-08-18T18:11:20.787531,-4663.0,-1404.0,9572.0,164.0,122.0,-102.0,67.0,71.0,-239.0,63.0,330.0,-42.0,102.77999999999975,288.3599999999999,117.29999999999927,214.82,106.56,-117.61,121.71000000000001,75.86,-244.14,69.83,342.53,-43.04
2025-08-18T18:11:20.795566,-4526.0,-1485.0,9596.0,211.0,88.0,-106.0,46.0,65.0,-197.0,102.0,311.0,-39.0,239.77999999999975,207.3599999999999,141.29999999999927,261.82,72.56,-121.61,100.71000000000001,69.86,-202.14,108.83,323.53,-40.04
2025-08-18T18:11:20.800057,-4607.0,-1384.0,9501.0,175.0,153.0,-100.0,42.0,97.0,-237.0,165.0,282.0,-83.0,158.77999999999975,308.3599999999999,46.29999999999927,225.82,137.56,-115.61,96.71000000000001,101.86,-242.14,171.83,294.53,-84.04
2025-08-18T18:11:20.808063,-4533.0,-1470.0,9638.0,254.0,153.0,-22.0,-18.0,26.0,-180.0,108.0,267.0,17.0,232.77999999999975,222.3599999999999,183.29999999999927,304.82,137.56,-37.61,36.71,30.86,-185.14,114.83,279.53,15.96
2025-08-18T18:11:20.816128,-4594.0,-1439.0,9571.0,202.0,164.0,-37.0,63.0,56.0,-146.0,161.0,364.0,-67.0,171.77999999999975,253.3599999999999,116.29999999999927,252.82,148.56,-52.61,117.71000000000001,60.86,-151.14,167.83,376.53,-68.04
2025-08-18T18:11:20.820354,-4464.0,-1465.0,9562.0,172.0,117.0,-74.0,76.0,52.0,-249.0,206.0,293.0,-80.0,301.77999999999975,227.3599999999999,107.29999999999927,222.82,101.56,-89.61,130.71,56.86,-254.14,212.83,305.53,-81.04
2025-08-18T18:11:20.828528,-4641.0,-1465.0,9457.0,140.0,169.0,-63.0,122.0,7.0,-187.0,189.0,286.0,-14.0,124.77999999999975,227.3599999999999,2.2999999999992724,190.82,153.56,-78.61,176.71,11.86,-192.14,195.83,298.53,-15.04
2025-08-18T18:11:20.832619,-4600.0,-1454.0,9558.0,250.0,108.0,-124.0,27.0,75.0,-205.0,90.0,302.0,13.0,165.77999999999975,238.3599999999999,103.29999999999927,300.82,92.56,-139.61,81.71000000000001,79.86,-210.14,96.83,314.53,11.96
2025-08-18T18:11:20.840908,-4638.0,-1385.0,9494.0,170.0,122.0,-106.0,33.0,23.0,-290.0,181.0,270.0,-30.0,127.77999999999975,307.3599999999999,39.29999999999927,220.82,106.56,-121.61,87.71000000000001,27.86,-295.14,187.83,282.53,-31.04
2025-08-18T18:11:20.848931,-4575.0,-1475.0,9569.0,228.0,79.0,-70.0,27.0,-10.0,-226.0,226.0,243.0,-108.0,190.77999999999975,217.3599999999999,114.29999999999927,278.82,63.56,-85.61,81.71000000000001,-5.14,-231.14,232.83,255.53,-109.04
2025-08-18T18:11:20.853128,-4674.0,-1439.0,9553.0,198.0,180.0,-47.0,67.0,115.0,-197.0,156.0,250.0,14.0,91.77999999999975,253.3599999999999,98.29999999999927,248.82,164.56,-62.61,121.71000000000001,119.86,-202.14,162.83,262.53,12.96
2025-08-18T18:11:20.861379,-4596.0,-1468.0,9575.0,183.0,106.0,-39.0,30.0,32.0,-246.0,149.0,312.0,-105.0,169.77999999999975,224.3599999999999,120.29999999999927,233.82,90.56,-54.61,84.71000000000001,36.86,-251.14,155.83,324.53,-106.04
2025-08-18T18:11:20.869306,-4579.0,-1419.0,9513.0,177.0,124.0,-50.0,47.0,13.0,-185.0,182.0,233.0,-95.0,186.77999999999975,273.3599999999999,58.29999999999927,227.82,108.56,-65.61,101.71000000000001,17.86,-190.14,188.83,245.53,-96.04
2025-08-18T18:11:20.873603,-4517.0,-1429.0,9565.0,277.0,104.0,-24.0,1.0,24.0,-167.0,200.0,301.0,-11.0,248.77999999999975,263.3599999999999,110.29999999999927,327.82,88.56,-39.61,55.71,28.86,-172.14,206.83,313.53,-12.04
2025-08-18T18:11:20.881727,-4641.0,-1435.0,9492.0,123.0,145.0,-59.0,50.0,18.0,-223.0,181.0,314.0,-14.0,124.77999999999975,257.3599999999999,37.29999999999927,173.82,129.56,-74.61,104.71000000000001,22.86,-228.14,187.83,326.53,-15.04
2025-08-18T18:11:20.889689,-4534.0,-1461.0,9575.0,230.0,72.0,-96.0,-10.0,45.0,-254.0,116.0,312.0,-108.0,231.77999999999975,231.3599999999999,120.29999999999927,280.82,56.56,-111.61,44.71,49.86,-259.14,122.83,324.53,-109.04
2025-08-18T18:11:20.894123,-4578.0,-1398.0,9540.0,141.0,165.0,-82.0,95.0,93.0,-176.0,164.0,236.0,-106.0,187.77999999999975,294.3599999999999,85.29999999999927,191.82,149.56,-97.61,149.71,97.86,-181.14,170.83,248.53,-107.04
2025-08-18T18:11:20.902150,-4531.0,-1463.0,9527.0,167.0,134.0,-31.0,22.0,-8.0,-210.0,125.0,257.0,-9.0,234.77999999999975,229.3599999999999,72.29999999999927,217.82,118.56,-46.61,76.71000000000001,-3.1399999999999997,-215.14,131.83,269.53,-10.04
2025-08-18T18:11:20.906317,-4649.0,-1385.0,9525.0,124.0,171.0,-59.0,17.0,54.0,-231.0,88.0,289.0,13.0,116.77999999999975,307.3599999999999,70.29999999999927,174.82,155.56,-74.61,71.71000000000001,58.86,-236.14,94.83,301.53,11.96
2025-08-18T18:11:20.914575,-4545.0,-1443.0,9529.0,161.0,157.0,-47.0,-38.0,95.0,-244.0,122.0,338.0,-65.0,220.77999999999975,249.3599999999999,74.29999999999927,211.82,141.56,-62.61,16.71,99.86,-249.14,128.83,350.53,-66.04
2025-08-18T18:11:20.922460,-4643.0,-1409.0,9483.0,180.0,211.0,-34.0,28.0,40.0,-199.0,232.0,266.0,-127.0,122.77999999999975,283.3599999999999,28.299999999999272,230.82,195.56,-49.61,82.71000000000001,44.86,-204.14,238.83,278.53,-128.04
2025-08-18T18:11:20.927068,-4561.0,-1457.0,9579.0,261.0,174.0,-106.0,67.0,65.0,-217.0,153.0,298.0,-65.0,204.77999999999975,235.3599999999999,124.29999999999927,311.82,158.56,-121.61,121.71000000000001,69.86,-222.14,159.83,310.53,-66.04
2025-08-18T18:11:20.934958,-4602.0,-1419.0,9484.0,169.0,92.0,-90.0,-41.0,73.0,-263.0,115.0,349.0,-67.0,163.77999999999975,273.3599999999999,29.299999999999272,219.82,76.56,-105.61,13.71,77.86,-268.14,121.83,361.53,-68.04
2025-08-18T18:11:20.942948,-4543.0,-1441.0,9606.0,230.0,111.0,-133.0,29.0,66.0,-177.0,197.0,238.0,-73.0,222.77999999999975,251.3599999999999,151.29999999999927,280.82,95.56,-148.61,83.71000000000001,70.86,-182.14,203.83,250.53,-74.04
2025-08-18T18:11:20.947452,-4633.0,-1419.0,9496.0,190.0,164.0,-87.0,16.0,71.0,-227.0,101.0,247.0,-36.0,132.77999999999975,273.3599999999999,41.29999999999927,240.82,148.56,-102.61,70.71000000000001,75.86,-232.14,107.83,259.53,-37.04
2025-08-18T18:11:20.955575,-4549.0,-1458.0,9572.0,216.0,164.0,-39.0,26.0,70.0,-263.0,133.0,349.0,-58.0,216.77999999999975,234.3599999999999,117.29999999999927,266.82,148.56,-54.61,80.71000000000001,74.86,-268.14,139.83,361.53,-59.04
2025-08-18T18:11:20.959783,-4551.0,-1438.0,9555.0,137.0,129.0,-142.0,141.0,-4.0,-237.0,179.0,242.0,-89.0,214.77999999999975,254.3599999999999,100.29999999999927,187.82,113.56,-157.61,195.71,0.8600000000000003,-242.14,185.83,254.53,-90.04
2025-08-18T18:11:20.967866,-4534.0,-1419.0,9546.0,160.0,64.0,-52.0,-11.0,23.0,-225.0,96.0,290.0,-34.0,231.77999999999975,273.3599999999999,91.29999999999927,210.82,48.56,-67.61,43.71,27.86,-230.14,102.83,302.53,-35.04
2025-08-18T18:11:20.975929,-4588.0,-1366.0,9563.0,146.0,156.0,-102.0,-7.0,54.0,-249.0,182.0,275.0,-2.0,177.77999999999975,326.3599999999999,108.29999999999927,196.82,140.56,-117.61,47.71,58.86,-254.14,188.83,287.53,-3.04
2025-08-18T18:11:20.980129,-4554.0,-1389.0,9500.0,202.0,23.0,-11.0,34.0,56.0,-218.0,147.0,335.0,-98.0,211.77999999999975,303.3599999999999,45.29999999999927,252.82,7.5600000000000005,-26.61,88.71000000000001,60.86,-223.14,153.83,347.53,-99.04
2025-08-18T18:11:20.988260,-4520.0,-1395.0,9629.0,165.0,102.0,-118.0,33.0,19.0,-184.0,192.0,189.0,-136.0,245.77999999999975,297.3599999999999,174.29999999999927,215.82,86.56,-133.61,87.71000000000001,23.86,-189.14,198.83,201.53,-137.04
2025-08-18T18:11:20.992484,-4710.0,-1391.0,9464.0,208.0,166.0,-31.0,36.0,118.0,-216.0,89.0,275.0,9.0,55.779999999999745,301.3599999999999,9.299999999999272,258.82,150.56,-46.61,90.71000000000001,122.86,-221.14,95.83,287.53,7.96
2025-08-18T18:11:21.000615,-4581.0,-1463.0,9553.0,189.0,163.0,-99.0,43.0,80.0,-266.0,215.0,335.0,-64.0,184.77999999999975,229.3599999999999,98.29999999999927,239.82,147.56,-114.61,97.71000000000001,84.86,-271.14,221.83,347.53,-65.04
2025-08-18T18:11:21.008547,-4642.0,-1339.0,9500.0,250.0,137.0,-89.0,-1.0,26.0,-216.0,214.0,276.0,-50.0,123.77999999999975,353.3599999999999,45.29999999999927,300.82,121.56,-104.61,53.71,30.86,-221.14,220.83,288.53,-51.04
2025-08-18T18:11:21.012804,-4604.0,-1422.0,9590.0,163.0,186.0,-106.0,-9.0,104.0,-236.0,207.0,290.0,24.0,161.77999999999975,270.3599999999999,135.29999999999927,213.82,170.56,-121.61,45.71,108.86,-241.14,213.83,302.53,22.96
2025-08-18T18:11:21.020917,-4642.0,-1397.0,9516.0,216.0,160.0,-14.0,119.0,-8.0,-203.0,85.0,342.0,-51.0,123.77999999999975,295.3599999999999,61.29999999999927,266.82,144.56,-29.61,173.71,-3.1399999999999997,-208.14,91.83,354.53,-52.04
2025-08-18T18:11:21.029168,-4573.0,-1523.0,9572.0,143.0,156.0,-94.0,77.0,86.0,-194.0,118.0,335.0,-95.0,192.77999999999975,169.3599999999999,117.29999999999927,193.82,140.56,-109.61,131.71,90.86,-199.14,124.83,347.53,-96.04
2025-08-18T18:11:21.033270,-4632.0,-1390.0,9539.0,220.0,213.0,-59.0,20.0,91.0,-229.0,191.0,265.0,-86.0,133.77999999999975,302.3599999999999,84.29999999999927,270.82,197.56,-74.61,74.71000000000001,95.86,-234.14,197.83,277.53,-87.04
2025-08-18T18:11:21.041428,-4566.0,-1469.0,9578.0,163.0,172.0,-119.0,7.0,8.0,-237.0,247.0,305.0,-40.0,199.77999999999975,223.3599999999999,123.29999999999927,213.82,156.56,-134.61,61.71,12.86,-242.14,253.83,317.53,-41.04
2025-08-18T18:11:21.045654,-4640.0,-1394.0,9568.0,219.0,171.0,-72.0,71.0,68.0,-223.0,132.0,371.0,-37.0,125.77999999999975,298.3599999999999,113.29999999999927,269.82,155.56,-87.61,125.71000000000001,72.86,-228.14,138.83,383.53,-38.04
2025-08-18T18:11:21.054493,-4562.0,-1433.0,9589.0,228.0,201.0,-82.0,90.0,83.0,-244.0,167.0,379.0,-97.0,203.77999999999975,259.3599999999999,134.29999999999927,278.82,185.56,-97.61,144.71,87.86,-249.14,173.83,391.53,-98.04
2025-08-18T18:11:21.061768,-4642.0,-1398.0,9503.0,229.0,140.0,36.0,68.0,83.0,-168.0,152.0,231.0,-89.0,123.77999999999975,294.3599999999999,48.29999999999927,279.82,124.56,20.39,122.71000000000001,87.86,-173.14,158.83,243.53,-90.04
2025-08-18T18:11:21.066107,-4559.0,-1418.0,9580.0,198.0,179.0,-62.0,79.0,27.0,-182.0,130.0,213.0,-48.0,206.77999999999975,274.3599999999999,125.29999999999927,248.82,163.56,-77.61,133.71,31.86,-187.14,136.83,225.53,-49.04
2025-08-18T18:11:21.074260,-4633.0,-1381.0,9509.0,221.0,158.0,-58.0,74.0,74.0,-281.0,99.0,312.0,11.0,132.77999999999975,311.3599999999999,54.29999999999927,271.82,142.56,-73.61,128.71,78.86,-286.14,105.83,324.53,9.96
2025-08-18T18:11:21.082161,-4559.0,-1405.0,9574.0,101.0,148.0,-50.0,19.0,20.0,-153.0,111.0,308.0,-39.0,206.77999999999975,287.3599999999999,119.29999999999927,151.82,132.56,-65.61,73.71000000000001,24.86,-158.14,117.83,320.53,-40.04
2025-08-18T18:11:21.086448,-4671.0,-1405.0,9507.0,241.0,102.0,-13.0,68.0,32.0,-198.0,220.0,280.0,-114.0,94.77999999999975,287.3599999999999,52.29999999999927,291.82,86.56,-28.61,122.71000000000001,36.86,-203.14,226.83,292.53,-115.04
2025-08-18T18:11:21.094781,-4579.0,-1461.0,9592.0,133.0,108.0,-64.0,66.0,114.0,-200.0,201.0,270.0,-14.0,186.77999999999975,231.3599999999999,137.29999999999927,183.82,92.56,-79.61,120.71000000000001,118.86,-205.14,207.83,282.53,-15.04
2025-08-18T18:11:21.098849,-4609.0,-1411.0,9510.0,188.0,137.0,-43.0,44.0,123.0,-194.0,118.0,324.0,-117.0,156.77999999999975,281.3599999999999,55.29999999999927,238.82,121.56,-58.61,98.71000000000001,127.86,-199.14,124.83,336.53,-118.04
2025-08-18T18:11:21.106961,-4523.0,-1435.0,9575.0,131.0,151.0,-87.0,76.0,53.0,-234.0,124.0,250.0,-63.0,242.77999999999975,257.3599999999999,120.29999999999927,181.82,135.56,-102.61,130.71,57.86,-239.14,130.83,262.53,-64.04
2025-08-18T18:11:21.115120,-4704.0,-1424.0,9506.0,118.0,116.0,-5.0,19.0,58.0,-253.0,154.0,214.0,-30.0,61.779999999999745,268.3599999999999,51.29999999999927,168.82,100.56,-20.61,73.71000000000001,62.86,-258.14,160.83,226.53,-31.04
2025-08-18T18:11:21.119273,-4650.0,-1558.0,9544.0,139.0,70.0,-6.0,-36.0,-11.0,-161.0,70.0,279.0,-47.0,115.77999999999975,134.3599999999999,89.29999999999927,189.82,54.56,-21.61,18.71,-6.14,-166.14,76.83,291.53,-48.04
2025-08-18T18:11:21.127407,-4662.0,-1438.0,9546.0,87.0,1.0,-16.0,43.0,-5.0,-172.0,94.0,164.0,-78.0,103.77999999999975,254.3599999999999,91.29999999999927,137.82,-14.44,-31.61,97.71000000000001,-0.13999999999999968,-177.14,100.83,176.53,-79.04
2025-08-18T18:11:21.131683,-4532.0,-1460.0,9496.0,9.0,116.0,42.0,42.0,3.0,-143.0,154.0,238.0,-32.0,233.77999999999975,232.3599999999999,41.29999999999927,59.82,100.56,26.39,96.71000000000001,7.86,-148.14,160.83,250.53,-33.04
2025-08-18T18:11:21.139794,-4607.0,-1596.0,9559.0,22.0,106.0,-52.0,102.0,41.0,-144.0,156.0,105.0,-33.0,158.77999999999975,96.3599999999999,104.29999999999927,72.82,90.56,-67.61,156.71,45.86,-149.14,162.83,117.53,-34.04
2025-08-18T18:11:21.147794,-4683.0,-1551.0,9455.0,40.0,34.0,16.0,-42.0,29.0,-74.0,54.0,45.0,4.0,82.77999999999975,141.3599999999999,0.2999999999992724,90.82,18.560000000000002,0.39000000000000057,12.71,33.86,-79.14,60.83,57.53,2.96
2025-08-18T18:11:21.152154,-4666.0,-1632.0,9413.0,27.0,42.0,39.0,-24.0,27.0,-131.0,51.0,118.0,-16.0,99.77999999999975,60.3599999999999,-41.70000000000073,77.82,26.560000000000002,23.39,30.71,31.86,-136.14,57.83,130.53,-17.04
2025-08-18T18:11:21.160141,-4709.0,-1644.0,9543.0,41.0,11.0,-64.0,-23.0,-17.0,-76.0,85.0,121.0,12.0,56.779999999999745,48.3599999999999,88.29999999999927,91.82,-4.4399999999999995,-79.61,31.71,-12.14,-81.14,91.83,133.53,10.96
2025-08-18T18:11:21.164396,-4736.0,-1632.0,9435.0,-16.0,44.0,36.0,87.0,45.0,-73.0,115.0,36.0,-41.0,29.779999999999745,60.3599999999999,-19.700000000000728,34.82,28.560000000000002,20.39,141.71,49.86,-78.14,121.83,48.53,-42.04
2025-08-18T18:11:21.172559,-4702.0,-1656.0,9401.0,52.0,100.0,-16.0,56.0,-31.0,-8.0,137.0,51.0,-33.0,63.779999999999745,36.3599999999999,-53.70000000000073,102.82,84.56,-31.61,110.71000000000001,-26.14,-13.14,143.83,63.53,-34.04
2025-08-18T18:11:21.176738,-4747.0,-1642.0,9511.0,63.0,24.0,-41.0,27.0,28.0,-108.0,148.0,45.0,-10.0,18.779999999999745,50.3599999999999,56.29999999999927,113.82,8.56,-56.61,81.71000000000001,32.86,-113.14,154.83,57.53,-11.04
2025-08-18T18:11:21.184843,-4767.0,-1557.0,9478.0,10.0,-13.0,68.0,-9.0,104.0,-83.0,14.0,-46.0,89.0,-1.2200000000002547,135.3599999999999,23.299999999999272,60.82,-28.439999999999998,52.39,45.71,108.86,-88.14,20.83,-33.47,87.96
2025-08-18T18:11:21.192925,-4735.0,-1747.0,9496.0,-41.0,58.0,40.0,76.0,-2.0,-31.0,44.0,109.0,49.0,30.779999999999745,-54.6400000000001,41.29999999999927,9.82,42.56,24.39,130.71,2.8600000000000003,-36.14,50.83,121.53,47.96
2025-08-18T18:11:21.197298,-4702.0,-1627.0,9527.0,16.0,51.0,-45.0,-52.0,-33.0,-38.0,22.0,73.0,11.0,63.779999999999745,65.3599999999999,72.29999999999927,66.82,35.56,-60.61,2.710000000000001,-28.14,-43.14,28.83,85.53,9.96
2025-08-18T18:11:21.205329,-4778.0,-1610.0,9459.0,2.0,10.0,-49.0,-21.0,29.0,-14.0,92.0,67.0,32.0,-12.220000000000255,82.3599999999999,4.299999999999272,52.82,-5.4399999999999995,-64.61,33.71,33.86,-19.14,98.83,79.53,30.96
2025-08-18T18:11:21.209607,-4744.0,-1611.0,9450.0,-53.0,61.0,24.0,-28.0,27.0,-9.0,78.0,6.0,-15.0,21.779999999999745,81.3599999999999,-4.700000000000728,-2.1799999999999997,45.56,8.39,26.71,31.86,-14.14,84.83,18.53,-16.04
2025-08-18T18:11:21.217371,-4686.0,-1707.0,9394.0,-28.0,31.0,-39.0,34.0,-16.0,-26.0,71.0,-7.0,74.0,79.77999999999975,-14.6400000000001,-60.70000000000073,22.82,15.56,-54.61,88.71000000000001,-11.14,-31.14,77.83,5.529999999999999,72.96
2025-08-18T18:11:21.221811,-4751.0,-1646.0,9483.0,-15.0,38.0,48.0,20.0,-7.0,6.0,-20.0,-31.0,66.0,14.779999999999745,46.3599999999999,28.299999999999272,35.82,22.560000000000002,32.39,74.71000000000001,-2.1399999999999997,0.8600000000000003,-13.17,-18.47,64.96
2025-08-18T18:11:21.229935,-4827.0,-1634.0,9457.0,7.0,-9.0,59.0,-7.0,-23.0,-2.0,32.0,32.0,21.0,-61.220000000000255,58.3599999999999,2.2999999999992724,57.82,-24.439999999999998,43.39,47.71,-18.14,-7.14,38.83,44.53,19.96
2025-08-18T18:11:21.234170,-4809.0,-1636.0,9469.0,-53.0,29.0,19.0,-77.0,-27.0,-19.0,18.0,41.0,93.0,-43.220000000000255,56.3599999999999,14.299999999999272,-2.1799999999999997,13.56,3.3900000000000006,-22.29,-22.14,-24.14,24.83,53.53,91.96
2025-08-18T18:11:21.242296,-4710.0,-1723.0,9461.0,-54.0,46.0,-47.0,-62.0,-11.0,-6.0,-44.0,41.0,-86.0,55.779999999999745,-30.6400000000001,6.299999999999272,-3.1799999999999997,30.560000000000002,-62.61,-7.289999999999999,-6.14,-11.14,-37.17,53.53,-87.04
2025-08-18T18:11:21.246485,-4747.0,-1695.0,9545.0,-19.0,50.0,4.0,-7.0,-2.0,-2.0,49.0,8.0,11.0,18.779999999999745,-2.6400000000001,90.29999999999927,31.82,34.56,-11.61,47.71,2.8600000000000003,-7.14,55.83,20.53,9.96
2025-08-18T18:11:21.254463,-4747.0,-1690.0,9493.0,-5.0,79.0,69.0,-18.0,-1.0,-12.0,37.0,44.0,-73.0,18.779999999999745,2.3599999999999,38.29999999999927,45.82,63.56,53.39,36.71,3.8600000000000003,-17.14,43.83,56.53,-74.04
2025-08-18T18:11:21.262717,-4772.0,-1616.0,9477.0,-43.0,50.0,2.0,-86.0,-33.0,4.0,47.0,34.0,-42.0,-6.220000000000255,76.3599999999999,22.299999999999272,7.82,34.56,-13.61,-31.29,-28.14,-1.1399999999999997,53.83,46.53,-43.04
2025-08-18T18:11:21.266965,-4773.0,-1654.0,9402.0,-131.0,-10.0,32.0,-97.0,1.0,26.0,46.0,-35.0,83.0,-7.220000000000255,38.3599999999999,-52.70000000000073,-80.18,-25.439999999999998,16.39,-42.29,5.86,20.86,52.83,-22.47,81.96
2025-08-18T18:11:21.274751,-4730.0,-1723.0,9433.0,-60.0,-117.0,2.0,23.0,-31.0,36.0,-14.0,4.0,33.0,35.779999999999745,-30.6400000000001,-21.700000000000728,-9.18,-132.44,-13.61,77.71000000000001,-26.14,30.86,-7.17,16.53,31.96
2025-08-18T18:11:21.279052,-4699.0,-1694.0,9463.0,-30.0,14.0,37.0,-18.0,-9.0,-17.0,29.0,-4.0,59.0,66.77999999999975,-1.6400000000001,8.299999999999272,20.82,-1.4399999999999995,21.39,36.71,-4.14,-22.14,35.83,8.53,57.96
2025-08-18T18:11:21.287200,-4780.0,-1621.0,9481.0,-75.0,63.0,6.0,32.0,30.0,2.0,-45.0,70.0,-49.0,-14.220000000000255,71.3599999999999,26.299999999999272,-24.18,47.56,-9.61,86.71000000000001,34.86,-3.1399999999999997,-38.17,82.53,-50.04
2025-08-18T18:11:21.291447,-4771.0,-1713.0,9414.0,-88.0,13.0,34.0,-7.0,26.0,25.0,44.0,35.0,-27.0,-5.220000000000255,-20.6400000000001,-40.70000000000073,-37.18,-2.4399999999999995,18.39,47.71,30.86,19.86,50.83,47.53,-28.04
2025-08-18T18:11:21.299476,-4691.0,-1682.0,9411.0,-94.0,-6.0,-72.0,-15.0,10.0,-34.0,67.0,-42.0,37.0,74.77999999999975,10.3599999999999,-43.70000000000073,-43.18,-21.439999999999998,-87.61,39.71,14.86,-39.14,73.83,-29.47,35.96
2025-08-18T18:11:21.303875,-4728.0,-1725.0,9531.0,19.0,38.0,-3.0,-29.0,-24.0,1.0,55.0,-32.0,39.0,37.779999999999745,-32.6400000000001,76.29999999999927,69.82,22.560000000000002,-18.61,25.71,-19.14,-4.14,61.83,-19.47,37.96
2025-08-18T18:11:21.311778,-4762.0,-1693.0,9501.0,-78.0,57.0,-20.0,-113.0,11.0,42.0,-20.0,-26.0,44.0,3.7799999999997453,-0.6400000000001,46.29999999999927,-27.18,41.56,-35.61,-58.29,15.86,36.86,-13.17,-13.47,42.96
2025-08-18T18:11:21.319977,-4810.0,-1630.0,9426.0,13.0,-27.0,4.0,-52.0,19.0,-21.0,-59.0,45.0,69.0,-44.220000000000255,62.3599999999999,-28.700000000000728,63.82,-42.44,-11.61,2.710000000000001,23.86,-26.14,-52.17,57.53,67.96
2025-08-18T18:11:21.324275,-4750.0,-1746.0,9410.0,-31.0,31.0,19.0,33.0,66.0,-15.0,-41.0,42.0,-23.0,15.779999999999745,-53.6400000000001,-44.70000000000073,19.82,15.56,3.3900000000000006,87.71000000000001,70.86,-20.14,-34.17,54.53,-24.04
2025-08-18T18:11:21.332164,-4802.0,-1691.0,9492.0,15.0,54.0,39.0,-45.0,68.0,24.0,52.0,20.0,-52.0,-36.220000000000255,1.3599999999999,37.29999999999927,65.82,38.56,23.39,9.71,72.86,18.86,58.83,32.53,-53.04
2025-08-18T18:11:21.336613,-4827.0,-1613.0,9398.0,-23.0,66.0,37.0,-76.0,-49.0,41.0,71.0,-51.0,29.0,-61.220000000000255,79.3599999999999,-56.70000000000073,27.82,50.56,21.39,-21.29,-44.14,35.86,77.83,-38.47,27.96
2025-08-18T18:11:21.344672,-4810.0,-1673.0,9464.0,-61.0,67.0,20.0,-32.0,30.0,-11.0,-11.0,-53.0,40.0,-44.220000000000255,19.3599999999999,9.299999999999272,-10.18,51.56,4.390000000000001,22.71,34.86,-16.14,-4.17,-40.47,38.96
2025-08-18T18:11:21.348869,-4758.0,-1716.0,9445.0,-57.0,36.0,-13.0,-38.0,9.0,-13.0,-26.0,-60.0,108.0,7.779999999999745,-23.6400000000001,-9.700000000000728,-6.18,20.560000000000002,-28.61,16.71,13.86,-18.14,-19.17,-47.47,106.96
2025-08-18T18:11:21.357012,-4820.0,-1586.0,9432.0,-75.0,-10.0,-41.0,-25.0,-30.0,30.0,-25.0,34.0,44.0,-54.220000000000255,106.3599999999999,-22.700000000000728,-24.18,-25.439999999999998,-56.61,29.71,-25.14,24.86,-18.17,46.53,42.96
2025-08-18T18:11:21.360892,-4707.0,-1697.0,9427.0,-103.0,40.0,0.0,-42.0,7.0,14.0,17.0,72.0,-31.0,58.779999999999745,-4.6400000000001,-27.700000000000728,-52.18,24.560000000000002,-15.61,12.71,11.86,8.86,23.83,84.53,-32.04
2025-08-18T18:11:21.369088,-4714.0,-1701.0,9469.0,-3.0,34.0,-7.0,-66.0,-53.0,-13.0,49.0,21.0,-5.0,51.779999999999745,-8.6400000000001,14.299999999999272,47.82,18.560000000000002,-22.61,-11.29,-48.14,-18.14,55.83,33.53,-6.04
2025-08-18T18:11:21.377130,-4753.0,-1725.0,9470.0,-32.0,36.0,37.0,-20.0,71.0,-23.0,-23.0,54.0,-31.0,12.779999999999745,-32.6400000000001,15.299999999999272,18.82,20.560000000000002,21.39,34.71,75.86,-28.14,-16.17,66.53,-32.04
2025-08-18T18:11:21.381469,-4821.0,-1613.0,9355.0,-40.0,27.0,25.0,-76.0,-15.0,16.0,43.0,-95.0,-18.0,-55.220000000000255,79.3599999999999,-99.70000000000073,10.82,11.56,9.39,-21.29,-10.14,10.86,49.83,-82.47,-19.04
2025-08-18T18:11:21.389662,-4769.0,-1724.0,9398.0,-82.0,60.0,32.0,-106.0,15.0,53.0,44.0,-22.0,39.0,-3.2200000000002547,-31.6400000000001,-56.70000000000073,-31.18,44.56,16.39,-51.29,19.86,47.86,50.83,-9.47,37.96
2025-08-18T18:11:21.393834,-4811.0,-1691.0,9470.0,-24.0,98.0,-33.0,-28.0,57.0,-75.0,-9.0,-6.0,-2.0,-45.220000000000255,1.3599999999999,15.299999999999272,26.82,82.56,-48.61,26.71,61.86,-80.14,-2.17,6.529999999999999,-3.04
2025-08-18T18:11:21.401777,-4772.0,-1655.0,9497.0,-50.0,49.0,13.0,-58.0,-16.0,16.0,-30.0,-63.0,64.0,-6.220000000000255,37.3599999999999,42.29999999999927,0.8200000000000003,33.56,-2.6099999999999994,-3.289999999999999,-11.14,10.86,-23.17,-50.47,62.96
2025-08-18T18:11:21.406225,-4721.0,-1629.0,9441.0,-119.0,-14.0,13.0,-37.0,-10.0,21.0,14.0,66.0,13.0,44.779999999999745,63.3599999999999,-13.700000000000728,-68.18,-29.439999999999998,-2.6099999999999994,17.71,-5.14,15.86,20.83,78.53,11.96
2025-08-18T18:11:21.414209,-4782.0,-1682.0,9457.0,4.0,91.0,-31.0,-66.0,44.0,-24.0,-16.0,61.0,-12.0,-16.220000000000255,10.3599999999999,2.2999999999992724,54.82,75.56,-46.61,-11.29,48.86,-29.14,-9.17,73.53,-13.04
2025-08-18T18:11:21.422235,-4752.0,-1607.0,9465.0,26.0,19.0,23.0,-77.0,54.0,11.0,50.0,36.0,-112.0,13.779999999999745,85.3599999999999,10.299999999999272,76.82,3.5600000000000005,7.390000000000001,-22.29,58.86,5.86,56.83,48.53,-113.04
2025-08-18T18:11:21.426486,-4702.0,-1609.0,9378.0,-92.0,72.0,50.0,-32.0,68.0,-34.0,55.0,48.0,-47.0,63.779999999999745,83.3599999999999,-76.70000000000073,-41.18,56.56,34.39,22.71,72.86,-39.14,61.83,60.53,-48.04
2025-08-18T18:11:21.434537,-4714.0,-1684.0,9477.0,-15.0,0.0,-98.0,7.0,-12.0,13.0,66.0,-48.0,86.0,51.779999999999745,8.3599999999999,22.299999999999272,35.82,-15.44,-113.61,61.71,-7.14,7.86,72.83,-35.47,84.96
2025-08-18T18:11:21.438895,-4775.0,-1669.0,9526.0,-71.0,54.0,39.0,-71.0,-16.0,-59.0,-48.0,48.0,3.0,-9.220000000000255,23.3599999999999,71.29999999999927,-20.18,38.56,23.39,-16.29,-11.14,-64.14,-41.17,60.53,1.96
2025-08-18T18:11:21.446842,-4804.0,-1659.0,9388.0,-121.0,38.0,43.0,-65.0,73.0,54.0,-27.0,63.0,-22.0,-38.220000000000255,33.3599999999999,-66.70000000000073,-70.18,22.560000000000002,27.39,-10.29,77.86,48.86,-20.17,75.53,-23.04
2025-08-18T18:11:21.451271,-4785.0,-1722.0,9449.0,-49.0,75.0,-52.0,-132.0,35.0,-45.0,-81.0,9.0,-28.0,-19.220000000000255,-29.6400000000001,-5.700000000000728,1.8200000000000003,59.56,-67.61,-77.28999999999999,39.86,-50.14,-74.17,21.53,-29.04
2025-08-18T18:11:21.459289,-4698.0,-1709.0,9541.0,4.0,10.0,83.0,-108.0,-56.0,-78.0,24.0,29.0,-16.0,67.77999999999975,-16.6400000000001,86.29999999999927,54.82,-5.4399999999999995,67.39,-53.29,-51.14,-83.14,30.83,41.53,-17.04
2025-08-18T18:11:21.463499,-4755.0,-1695.0,9453.0,-74.0,15.0,73.0,-97.0,-19.0,15.0,8.0,-31.0,-49.0,10.779999999999745,-2.6400000000001,-1.7000000000007276,-23.18,-0.4399999999999995,57.39,-42.29,-14.14,9.86,14.83,-18.47,-50.04
2025-08-18T18:11:21.471654,-4810.0,-1640.0,9390.0,-22.0,72.0,-4.0,-31.0,11.0,12.0,12.0,-33.0,58.0,-44.220000000000255,52.3599999999999,-64.70000000000073,28.82,56.56,-19.61,23.71,15.86,6.86,18.83,-20.47,56.96
2025-08-18T18:11:21.479694,-4738.0,-1665.0,9376.0,-78.0,70.0,29.0,12.0,5.0,49.0,-68.0,-52.0,70.0,27.779999999999745,27.3599999999999,-78.70000000000073,-27.18,54.56,13.39,66.71000000000001,9.86,43.86,-61.17,-39.47,68.96
2025-08-18T18:11:21.483932,-4758.0,-1680.0,9507.0,-94.0,-20.0,68.0,-41.0,50.0,-19.0,71.0,24.0,24.0,7.779999999999745,12.3599999999999,52.29999999999927,-43.18,-35.44,52.39,13.71,54.86,-24.14,77.83,36.53,22.96
2025-08-18T18:11:21.491950,-4770.0,-1660.0,9439.0,-30.0,69.0,-10.0,-157.0,-28.0,-67.0,-1.0,30.0,-23.0,-4.220000000000255,32.3599999999999,-15.700000000000728,20.82,53.56,-25.61,-102.28999999999999,-23.14,-72.14,5.83,42.53,-24.04
2025-08-18T18:11:21.496461,-4726.0,-1653.0,9434.0,-65.0,-40.0,-1.0,-18.0,2.0,-11.0,72.0,22.0,-51.0,39.779999999999745,39.3599999999999,-20.700000000000728,-14.18,-55.44,-16.61,36.71,6.86,-16.14,78.83,34.53,-52.04
2025-08-18T18:11:21.504383,-4685.0,-1746.0,9453.0,-34.0,39.0,60.0,-68.0,-95.0,-27.0,86.0,-49.0,13.0,80.77999999999975,-53.6400000000001,-1.7000000000007276,16.82,23.560000000000002,44.39,-13.29,-90.14,-32.14,92.83,-36.47,11.96
2025-08-18T18:11:21.508430,-4764.0,-1643.0,9457.0,-96.0,101.0,9.0,-116.0,6.0,35.0,8.0,5.0,27.0,1.7799999999997453,49.3599999999999,2.2999999999992724,-45.18,85.56,-6.609999999999999,-61.29,10.86,29.86,14.83,17.53,25.96
2025-08-18T18:11:21.516613,-4796.0,-1629.0,9445.0,-65.0,10.0,7.0,-7.0,33.0,-10.0,-33.0,-23.0,10.0,-30.220000000000255,63.3599999999999,-9.700000000000728,-14.18,-5.4399999999999995,-8.61,47.71,37.86,-15.14,-26.17,-10.47,8.96
2025-08-18T18:11:21.520898,-4748.0,-1712.0,9427.0,-115.0,28.0,26.0,5.0,30.0,-29.0,-78.0,-2.0,1.0,17.779999999999745,-19.6400000000001,-27.700000000000728,-64.18,12.56,10.39,59.71,34.86,-34.14,-71.17,10.53,-0.040000000000000036
2025-08-18T18:11:21.529002,-4790.0,-1768.0,9474.0,-61.0,72.0,44.0,-38.0,-2.0,-40.0,-34.0,7.0,19.0,-24.220000000000255,-75.6400000000001,19.299999999999272,-10.18,56.56,28.39,16.71,2.8600000000000003,-45.14,-27.17,19.53,17.96
2025-08-18T18:11:21.537011,-4785.0,-1718.0,9504.0,-45.0,54.0,16.0,-68.0,0.0,-1.0,-19.0,29.0,-74.0,-19.220000000000255,-25.6400000000001,49.29999999999927,5.82,38.56,0.39000000000000057,-13.29,4.86,-6.14,-12.17,41.53,-75.04
2025-08-18T18:11:21.541163,-4761.0,-1660.0,9390.0,-10.0,31.0,53.0,-101.0,61.0,34.0,22.0,-21.0,-39.0,4.779999999999745,32.3599999999999,-64.70000000000073,40.82,15.56,37.39,-46.29,65.86,28.86,28.83,-8.47,-40.04
2025-08-18T18:11:21.549213,-4819.0,-1752.0,9371.0,-20.0,41.0,56.0,-38.0,59.0,24.0,67.0,2.0,69.0,-53.220000000000255,-59.6400000000001,-83.70000000000073,30.82,25.560000000000002,40.39,16.71,63.86,18.86,73.83,14.53,67.96
2025-08-18T18:11:21.553407,-4733.0,-1664.0,9554.0,-98.0,55.0,11.0,-71.0,42.0,-17.0,-5.0,-12.0,31.0,32.779999999999745,28.3599999999999,99.29999999999927,-47.18,39.56,-4.609999999999999,-16.29,46.86,-22.14,1.83,0.5299999999999994,29.96
2025-08-18T18:11:21.561560,-4782.0,-1593.0,9499.0,25.0,33.0,-33.0,-103.0,-89.0,15.0,-53.0,-12.0,47.0,-16.220000000000255,99.3599999999999,44.29999999999927,75.82,17.560000000000002,-48.61,-48.29,-84.14,9.86,-46.17,0.5299999999999994,45.96
2025-08-18T18:11:21.565921,-4741.0,-1680.0,9429.0,-39.0,49.0,-56.0,-75.0,21.0,31.0,-21.0,29.0,15.0,24.779999999999745,12.3599999999999,-25.700000000000728,11.82,33.56,-71.61,-20.29,25.86,25.86,-14.17,41.53,13.96
2025-08-18T18:11:21.573968,-4806.0,-1684.0,9460.0,-98.0,63.0,13.0,-29.0,-33.0,-19.0,-27.0,-23.0,-49.0,-40.220000000000255,8.3599999999999,5.299999999999272,-47.18,47.56,-2.6099999999999994,25.71,-28.14,-24.14,-20.17,-10.47,-50.04
2025-08-18T18:11:21.581982,-4766.0,-1659.0,9488.0,44.0,-8.0,-59.0,-36.0,7.0,-15.0,33.0,-55.0,-71.0,-0.22000000000025466,33.3599999999999,33.29999999999927,94.82,-23.439999999999998,-74.61,18.71,11.86,-20.14,39.83,-42.47,-72.04
2025-08-18T18:11:21.586138,-4792.0,-1672.0,9431.0,-42.0,9.0,33.0,-60.0,-72.0,-8.0,27.0,-54.0,93.0,-26.220000000000255,20.3599999999999,-23.700000000000728,8.82,-6.4399999999999995,17.39,-5.289999999999999,-67.14,-13.14,33.83,-41.47,91.96
2025-08-18T18:11:21.594143,-4737.0,-1737.0,9451.0,70.0,32.0,-47.0,15.0,-17.0,8.0,6.0,-80.0,18.0,28.779999999999745,-44.6400000000001,-3.7000000000007276,120.82,16.560000000000002,-62.61,69.71000000000001,-12.14,2.8600000000000003,12.83,-67.47,16.96
2025-08-18T18:11:21.598543,-4759.0,-1706.0,9500.0,-98.0,41.0,78.0,-23.0,3.0,-17.0,18.0,88.0,3.0,6.779999999999745,-13.6400000000001,45.29999999999927,-47.18,25.560000000000002,62.39,31.71,7.86,-22.14,24.83,100.53,1.96
2025-08-18T18:11:21.606732,-4766.0,-1638.0,9474.0,6.0,12.0,-58.0,-60.0,-11.0,1.0,-39.0,72.0,-105.0,-0.22000000000025466,54.3599999999999,19.299999999999272,56.82,-3.4399999999999995,-73.61,-5.289999999999999,-6.14,-4.14,-32.17,84.53,-106.04
2025-08-18T18:11:21.610795,-4792.0,-1708.0,9458.0,-88.0,37.0,82.0,-102.0,6.0,32.0,25.0,38.0,-19.0,-26.220000000000255,-15.6400000000001,3.2999999999992724,-37.18,21.560000000000002,66.39,-47.29,10.86,26.86,31.83,50.53,-20.04
2025-08-18T18:11:21.618986,-4721.0,-1668.0,9390.0,-74.0,66.0,37.0,-77.0,-10.0,-71.0,53.0,-36.0,23.0,44.779999999999745,24.3599999999999,-64.70000000000073,-23.18,50.56,21.39,-22.29,-5.14,-76.14,59.83,-23.47,21.96
2025-08-18T18:11:21.623182,-4789.0,-1671.0,9431.0,-61.0,-6.0,4.0,-72.0,-41.0,-13.0,65.0,8.0,-6.0,-23.220000000000255,21.3599999999999,-23.700000000000728,-10.18,-21.439999999999998,-11.61,-17.29,-36.14,-18.14,71.83,20.53,-7.04
2025-08-18T18:11:21.631226,-4814.0,-1720.0,9472.0,-35.0,-2.0,24.0,-7.0,16.0,-26.0,30.0,-53.0,61.0,-48.220000000000255,-27.6400000000001,17.299999999999272,15.82,-17.439999999999998,8.39,47.71,20.86,-31.14,36.83,-40.47,59.96
2025-08-18T18:11:21.635415,-4807.0,-1679.0,9402.0,-41.0,-41.0,6.0,-39.0,39.0,-7.0,16.0,-74.0,24.0,-41.220000000000255,13.3599999999999,-52.70000000000073,9.82,-56.44,-9.61,15.71,43.86,-12.14,22.83,-61.47,22.96
2025-08-18T18:11:21.643585,-4727.0,-1725.0,9342.0,-89.0,47.0,-34.0,-77.0,-61.0,59.0,-38.0,11.0,21.0,38.779999999999745,-32.6400000000001,-112.70000000000073,-38.18,31.560000000000002,-49.61,-22.29,-56.14,53.86,-31.17,23.53,19.96
2025-08-18T18:11:21.651586,-4703.0,-1708.0,9490.0,-99.0,28.0,37.0,-39.0,4.0,18.0,-117.0,21.0,-16.0,62.779999999999745,-15.6400000000001,35.29999999999927,-48.18,12.56,21.39,15.71,8.86,12.86,-110.17,33.53,-17.04
2025-08-18T18:11:21.655928,-4755.0,-1628.0,9426.0,-39.0,-6.0,13.0,-34.0,1.0,-37.0,0.0,-6.0,-10.0,10.779999999999745,64.3599999999999,-28.700000000000728,11.82,-21.439999999999998,-2.6099999999999994,20.71,5.86,-42.14,6.83,6.529999999999999,-11.04
2025-08-18T18:11:21.663908,-4799.0,-1597.0,9443.0,-59.0,84.0,-23.0,-106.0,66.0,2.0,33.0,-30.0,4.0,-33.220000000000255,95.3599999999999,-11.700000000000728,-8.18,68.56,-38.61,-51.29,70.86,-3.1399999999999997,39.83,-17.47,2.96
2025-08-18T18:11:21.668169,-4721.0,-1691.0,9406.0,-53.0,78.0,37.0,-67.0,3.0,-17.0,24.0,-11.0,-38.0,44.779999999999745,1.3599999999999,-48.70000000000073,-2.1799999999999997,62.56,21.39,-12.29,7.86,-22.14,30.83,1.5299999999999994,-39.04
2025-08-18T18:11:21.676274,-4733.0,-1677.0,9499.0,-37.0,8.0,-16.0,-71.0,-2.0,-17.0,13.0,-92.0,18.0,32.779999999999745,15.3599999999999,44.29999999999927,13.82,-7.4399999999999995,-31.61,-16.29,2.8600000000000003,-22.14,19.83,-79.47,16.96
2025-08-18T18:11:21.680524,-4791.0,-1634.0,9436.0,-52.0,104.0,34.0,-101.0,17.0,20.0,-22.0,27.0,80.0,-25.220000000000255,58.3599999999999,-18.700000000000728,-1.1799999999999997,88.56,18.39,-46.29,21.86,14.86,-15.17,39.53,78.96
2025-08-18T18:11:21.688636,-4796.0,-1593.0,9442.0,-3.0,22.0,0.0,-33.0,32.0,-66.0,18.0,13.0,-10.0,-30.220000000000255,99.3599999999999,-12.700000000000728,47.82,6.5600000000000005,-15.61,21.71,36.86,-71.14,24.83,25.53,-11.04
2025-08-18T18:11:21.692879,-4717.0,-1791.0,9426.0,-41.0,-33.0,37.0,-49.0,60.0,8.0,-12.0,36.0,71.0,48.779999999999745,-98.6400000000001,-28.700000000000728,9.82,-48.44,21.39,5.710000000000001,64.86,2.8600000000000003,-5.17,48.53,69.96
2025-08-18T18:11:21.700918,-4763.0,-1725.0,9481.0,-79.0,43.0,3.0,-26.0,1.0,-28.0,56.0,6.0,-53.0,2.7799999999997453,-32.6400000000001,26.299999999999272,-28.18,27.560000000000002,-12.61,28.71,5.86,-33.14,62.83,18.53,-54.04
2025-08-18T18:11:21.705196,-4741.0,-1762.0,9482.0,-46.0,-4.0,-33.0,-19.0,12.0,72.0,68.0,46.0,-44.0,24.779999999999745,-69.6400000000001,27.299999999999272,4.82,-19.439999999999998,-48.61,35.71,16.86,66.86,74.83,58.53,-45.04
2025-08-18T18:11:21.713277,-4791.0,-1639.0,9391.0,-51.0,52.0,12.0,-73.0,-16.0,-19.0,-5.0,-47.0,-77.0,-25.220000000000255,53.3599999999999,-63.70000000000073,-0.17999999999999972,36.56,-3.6099999999999994,-18.29,-11.14,-24.14,1.83,-34.47,-78.04
2025-08-18T18:11:21.721315,-4737.0,-1681.0,9425.0,-43.0,14.0,53.0,-28.0,-49.0,53.0,-24.0,-5.0,39.0,28.779999999999745,11.3599999999999,-29.700000000000728,7.82,-1.4399999999999995,37.39,26.71,-44.14,47.86,-17.17,7.529999999999999,37.96
2025-08-18T18:11:21.725649,-4801.0,-1695.0,9431.0,-98.0,7.0,-41.0,-66.0,41.0,-55.0,-3.0,-24.0,23.0,-35.220000000000255,-2.6400000000001,-23.700000000000728,-47.18,-8.44,-56.61,-11.29,45.86,-60.14,3.83,-11.47,21.96
2025-08-18T18:11:21.733643,-4823.0,-1638.0,9416.0,-15.0,10.0,-16.0,-66.0,52.0,0.0,-27.0,34.0,28.0,-57.220000000000255,54.3599999999999,-38.70000000000073,35.82,-5.4399999999999995,-31.61,-11.29,56.86,-5.14,-20.17,46.53,26.96
2025-08-18T18:11:21.737795,-4777.0,-1643.0,9406.0,-39.0,27.0,-20.0,-99.0,-27.0,2.0,-53.0,81.0,35.0,-11.220000000000255,49.3599999999999,-48.70000000000073,11.82,11.56,-35.61,-44.29,-22.14,-3.1399999999999997,-46.17,93.53,33.96
2025-08-18T18:11:21.745872,-4709.0,-1758.0,9427.0,-97.0,47.0,14.0,28.0,4.0,39.0,14.0,63.0,-28.0,56.779999999999745,-65.6400000000001,-27.700000000000728,-46.18,31.560000000000002,-1.6099999999999994,82.71000000000001,8.86,33.86,20.83,75.53,-29.04
2025-08-18T18:11:21.750214,-4741.0,-1681.0,9511.0,-33.0,-15.0,3.0,-35.0,32.0,-13.0,30.0,-4.0,-30.0,24.779999999999745,11.3599999999999,56.29999999999927,17.82,-30.439999999999998,-12.61,19.71,36.86,-18.14,36.83,8.53,-31.04
2025-08-18T18:11:21.758165,-4776.0,-1693.0,9483.0,10.0,27.0,67.0,-101.0,29.0,22.0,-27.0,13.0,-7.0,-10.220000000000255,-0.6400000000001,28.299999999999272,60.82,11.56,51.39,-46.29,33.86,16.86,-20.17,25.53,-8.04
2025-08-18T18:11:21.762407,-4811.0,-1603.0,9345.0,-47.0,20.0,29.0,-25.0,86.0,-12.0,-46.0,-43.0,44.0,-45.220000000000255,89.3599999999999,-109.70000000000073,3.8200000000000003,4.5600000000000005,13.39,29.71,90.86,-17.14,-39.17,-30.47,42.96
2025-08-18T18:11:21.770932,-4723.0,-1701.0,9454.0,1.0,70.0,-14.0,-18.0,-44.0,23.0,-16.0,-44.0,18.0,42.779999999999745,-8.6400000000001,-0.7000000000007276,51.82,54.56,-29.61,36.71,-39.14,17.86,-9.17,-31.47,16.96
2025-08-18T18:11:21.778597,-4716.0,-1723.0,9449.0,-88.0,-58.0,2.0,-70.0,62.0,50.0,-31.0,77.0,-9.0,49.779999999999745,-30.6400000000001,-5.700000000000728,-37.18,-73.44,-13.61,-15.29,66.86,44.86,-24.17,89.53,-10.04
2025-08-18T18:11:21.782945,-4810.0,-1704.0,9474.0,-13.0,61.0,113.0,-63.0,-15.0,29.0,32.0,13.0,42.0,-44.220000000000255,-11.6400000000001,19.299999999999272,37.82,45.56,97.39,-8.29,-10.14,23.86,38.83,25.53,40.96
2025-08-18T18:11:21.790940,-4765.0,-1641.0,9444.0,-31.0,12.0,-28.0,-67.0,15.0,-37.0,31.0,10.0,14.0,0.7799999999997453,51.3599999999999,-10.700000000000728,19.82,-3.4399999999999995,-43.61,-12.29,19.86,-42.14,37.83,22.53,12.96
2025-08-18T18:11:21.795290,-4738.0,-1717.0,9471.0,-97.0,27.0,13.0,-17.0,1.0,-46.0,71.0,-60.0,25.0,27.779999999999745,-24.6400000000001,16.299999999999272,-46.18,11.56,-2.6099999999999994,37.71,5.86,-51.14,77.83,-47.47,23.96
2025-08-18T18:11:21.803313,-4828.0,-1599.0,9413.0,-111.0,-1.0,-9.0,-44.0,44.0,-39.0,-59.0,-53.0,30.0,-62.220000000000255,93.3599999999999,-41.70000000000073,-60.18,-16.439999999999998,-24.61,10.71,48.86,-44.14,-52.17,-40.47,28.96
2025-08-18T18:11:21.807350,-4766.0,-1676.0,9450.0,-6.0,27.0,-10.0,-42.0,-33.0,2.0,-53.0,27.0,48.0,-0.22000000000025466,16.3599999999999,-4.700000000000728,44.82,11.56,-25.61,12.71,-28.14,-3.1399999999999997,-46.17,39.53,46.96
2025-08-18T18:11:21.815699,-4730.0,-1616.0,9396.0,-42.0,-45.0,45.0,-53.0,-35.0,29.0,-15.0,8.0,-49.0,35.779999999999745,76.3599999999999,-58.70000000000073,8.82,-60.44,29.39,1.7100000000000009,-30.14,23.86,-8.17,20.53,-50.04
2025-08-18T18:11:21.819747,-4685.0,-1658.0,9501.0,-52.0,3.0,5.0,-111.0,-19.0,21.0,40.0,-14.0,6.0,80.77999999999975,34.3599999999999,46.29999999999927,-1.1799999999999997,-12.44,-10.61,-56.29,-14.14,15.86,46.83,-1.4700000000000006,4.96
2025-08-18T18:11:21.827790,-4809.0,-1678.0,9532.0,-58.0,15.0,-23.0,-52.0,-11.0,9.0,-11.0,-92.0,-21.0,-43.220000000000255,14.3599999999999,77.29999999999927,-7.18,-0.4399999999999995,-38.61,2.710000000000001,-6.14,3.8600000000000003,-4.17,-79.47,-22.04
2025-08-18T18:11:21.836086,-4782.0,-1682.0,9447.0,19.0,-66.0,23.0,-10.0,-28.0,17.0,-26.0,-59.0,-13.0,-16.220000000000255,10.3599999999999,-7.700000000000728,69.82,-81.44,7.390000000000001,44.71,-23.14,11.86,-19.17,-46.47,-14.04
2025-08-18T18:11:21.840269,-4739.0,-1756.0,9421.0,-45.0,-31.0,-8.0,-15.0,-22.0,6.0,-1.0,-44.0,9.0,26.779999999999745,-63.6400000000001,-33.70000000000073,5.82,-46.44,-23.61,39.71,-17.14,0.8600000000000003,5.83,-31.47,7.96
2025-08-18T18:11:21.848286,-4733.0,-1767.0,9467.0,-83.0,35.0,9.0,-121.0,19.0,-6.0,11.0,-48.0,4.0,32.779999999999745,-74.6400000000001,12.299999999999272,-32.18,19.560000000000002,-6.609999999999999,-66.28999999999999,23.86,-11.14,17.83,-35.47,2.96
2025-08-18T18:11:21.852501,-4815.0,-1734.0,9459.0,-51.0,39.0,50.0,-101.0,55.0,16.0,-63.0,62.0,29.0,-49.220000000000255,-41.6400000000001,4.299999999999272,-0.17999999999999972,23.560000000000002,34.39,-46.29,59.86,10.86,-56.17,74.53,27.96
2025-08-18T18:11:21.860532,-4811.0,-1592.0,9431.0,0.0,-13.0,-4.0,-61.0,24.0,-33.0,-32.0,11.0,-56.0,-45.220000000000255,100.3599999999999,-23.700000000000728,50.82,-28.439999999999998,-19.61,-6.289999999999999,28.86,-38.14,-25.17,23.53,-57.04
2025-08-18T18:11:21.864831,-4770.0,-1694.0,9513.0,-25.0,14.0,17.0,-12.0,-22.0,-17.0,30.0,93.0,-40.0,-4.220000000000255,-1.6400000000001,58.29999999999927,25.82,-1.4399999999999995,1.3900000000000006,42.71,-17.14,-22.14,36.83,105.53,-41.04
2025-08-18T18:11:21.872886,-4776.0,-1743.0,9484.0,-95.0,52.0,26.0,-11.0,-2.0,29.0,31.0,-8.0,-33.0,-10.220000000000255,-50.6400000000001,29.299999999999272,-44.18,36.56,10.39,43.71,2.8600000000000003,23.86,37.83,4.529999999999999,-34.04
2025-08-18T18:11:21.877191,-4793.0,-1697.0,9497.0,-105.0,71.0,23.0,-82.0,12.0,3.0,61.0,-38.0,34.0,-27.220000000000255,-4.6400000000001,42.29999999999927,-54.18,55.56,7.390000000000001,-27.29,16.86,-2.1399999999999997,67.83,-25.47,32.96
2025-08-18T18:11:21.885161,-4789.0,-1621.0,9445.0,-6.0,-24.0,0.0,-49.0,-6.0,16.0,-32.0,-33.0,71.0,-23.220000000000255,71.3599999999999,-9.700000000000728,44.82,-39.44,-15.61,5.710000000000001,-1.1399999999999997,10.86,-25.17,-20.47,69.96
2025-08-18T18:11:21.890323,-4761.0,-1593.0,9409.0,-73.0,9.0,25.0,-85.0,-22.0,6.0,-40.0,-25.0,42.0,4.779999999999745,99.3599999999999,-45.70000000000073,-22.18,-6.4399999999999995,9.39,-30.29,-17.14,0.8600000000000003,-33.17,-12.47,40.96
2025-08-18T18:11:21.898245,-4775.0,-1739.0,9526.0,-113.0,33.0,-39.0,-82.0,46.0,-17.0,-78.0,-20.0,96.0,-9.220000000000255,-46.6400000000001,71.29999999999927,-62.18,17.560000000000002,-54.61,-27.29,50.86,-22.14,-71.17,-7.470000000000001,94.96
2025-08-18T18:11:21.905729,-4798.0,-1705.0,9448.0,-59.0,70.0,-23.0,-24.0,96.0,-16.0,-32.0,19.0,-32.0,-32.220000000000255,-12.6400000000001,-6.700000000000728,-8.18,54.56,-38.61,30.71,100.86,-21.14,-25.17,31.53,-33.04
2025-08-18T18:11:21.909814,-4681.0,-1703.0,9411.0,-109.0,44.0,27.0,-45.0,-18.0,8.0,12.0,90.0,20.0,84.77999999999975,-10.6400000000001,-43.70000000000073,-58.18,28.560000000000002,11.39,9.71,-13.14,2.8600000000000003,18.83,102.53,18.96
2025-08-18T18:11:21.917948,-4739.0,-1726.0,9469.0,-61.0,65.0,20.0,-65.0,-3.0,17.0,-3.0,-31.0,-37.0,26.779999999999745,-33.6400000000001,14.299999999999272,-10.18,49.56,4.390000000000001,-10.29,1.8600000000000003,11.86,3.83,-18.47,-38.04
2025-08-18T18:11:21.922311,-4879.0,-1634.0,9475.0,-45.0,28.0,-99.0,-78.0,13.0,9.0,109.0,-28.0,1.0,-113.22000000000025,58.3599999999999,20.299999999999272,5.82,12.56,-114.61,-23.29,17.86,3.8600000000000003,115.83,-15.47,-0.040000000000000036
2025-08-18T18:11:21.930255,-4761.0,-1628.0,9430.0,-52.0,49.0,-46.0,-30.0,42.0,-12.0,3.0,-24.0,-4.0,4.779999999999745,64.3599999999999,-24.700000000000728,-1.1799999999999997,33.56,-61.61,24.71,46.86,-17.14,9.83,-11.47,-5.04
2025-08-18T18:11:21.934473,-4696.0,-1743.0,9427.0,12.0,19.0,28.0,-99.0,21.0,4.0,19.0,-1.0,57.0,69.77999999999975,-50.6400000000001,-27.700000000000728,62.82,3.5600000000000005,12.39,-44.29,25.86,-1.1399999999999997,25.83,11.53,55.96
2025-08-18T18:11:21.942639,-4785.0,-1749.0,9483.0,-19.0,0.0,-22.0,-44.0,-47.0,-4.0,-53.0,-1.0,-21.0,-19.220000000000255,-56.6400000000001,28.299999999999272,31.82,-15.44,-37.61,10.71,-42.14,-9.14,-46.17,11.53,-22.04
2025-08-18T18:11:21.950567,-4783.0,-1724.0,9459.0,-58.0,48.0,-20.0,-11.0,-54.0,-9.0,-13.0,51.0,11.0,-17.220000000000255,-31.6400000000001,4.299999999999272,-7.18,32.56,-35.61,43.71,-49.14,-14.14,-6.17,63.53,9.96
2025-08-18T18:11:21.954910,-4750.0,-1695.0,9424.0,-13.0,31.0,-15.0,-107.0,-6.0,38.0,65.0,35.0,-19.0,15.779999999999745,-2.6400000000001,-30.700000000000728,37.82,15.56,-30.61,-52.29,-1.1399999999999997,32.86,71.83,47.53,-20.04
2025-08-18T18:11:21.962960,-4738.0,-1725.0,9448.0,-81.0,-38.0,38.0,-55.0,-28.0,89.0,40.0,-3.0,-14.0,27.779999999999745,-32.6400000000001,-6.700000000000728,-30.18,-53.44,22.39,-0.28999999999999915,-23.14,83.86,46.83,9.53,-15.04
2025-08-18T18:11:21.967178,-4686.0,-1806.0,9468.0,-70.0,19.0,-65.0,-94.0,-15.0,-24.0,23.0,-57.0,44.0,79.77999999999975,-113.6400000000001,13.299999999999272,-19.18,3.5600000000000005,-80.61,-39.29,-10.14,-29.14,29.83,-44.47,42.96
2025-08-18T18:11:21.975197,-4803.0,-1673.0,9466.0,-27.0,-54.0,-86.0,-21.0,15.0,-13.0,-61.0,3.0,82.0,-37.220000000000255,19.3599999999999,11.299999999999272,23.82,-69.44,-101.61,33.71,19.86,-18.14,-54.17,15.53,80.96
2025-08-18T18:11:21.979600,-4842.0,-1683.0,9395.0,-24.0,11.0,35.0,-109.0,-58.0,13.0,-2.0,59.0,68.0,-76.22000000000025,9.3599999999999,-59.70000000000073,26.82,-4.4399999999999995,19.39,-54.29,-53.14,7.86,4.83,71.53,66.96
2025-08-18T18:11:21.987644,-4750.0,-1673.0,9402.0,-89.0,41.0,-33.0,-93.0,-53.0,69.0,-30.0,37.0,46.0,15.779999999999745,19.3599999999999,-52.70000000000073,-38.18,25.560000000000002,-48.61,-38.29,-48.14,63.86,-23.17,49.53,44.96
2025-08-18T18:11:21.991851,-4759.0,-1719.0,9467.0,-108.0,80.0,50.0,-86.0,-9.0,-8.0,71.0,57.0,-21.0,6.779999999999745,-26.6400000000001,12.299999999999272,-57.18,64.56,34.39,-31.29,-4.14,-13.14,77.83,69.53,-22.04
2025-08-18T18:11:21.999836,-4781.0,-1687.0,9514.0,-71.0,-37.0,11.0,26.0,-42.0,-42.0,62.0,18.0,-5.0,-15.220000000000255,5.3599999999999,59.29999999999927,-20.18,-52.44,-4.609999999999999,80.71000000000001,-37.14,-47.14,68.83,30.53,-6.04
2025-08-18T18:11:22.007851,-4820.0,-1661.0,9401.0,-130.0,64.0,11.0,-46.0,-2.0,-30.0,66.0,-19.0,49.0,-54.220000000000255,31.3599999999999,-53.70000000000073,-79.18,48.56,-4.609999999999999,8.71,2.8600000000000003,-35.14,72.83,-6.470000000000001,47.96
2025-08-18T18:11:22.012247,-4769.0,-1692.0,9371.0,-48.0,-8.0,10.0,28.0,26.0,68.0,-19.0,-13.0,17.0,-3.2200000000002547,0.35999999999989996,-83.70000000000073,2.8200000000000003,-23.439999999999998,-5.609999999999999,82.71000000000001,30.86,62.86,-12.17,-0.47000000000000064,15.96
2025-08-18T18:11:22.020164,-4771.0,-1735.0,9502.0,-1.0,52.0,20.0,-95.0,63.0,-12.0,-9.0,14.0,-4.0,-5.220000000000255,-42.6400000000001,47.29999999999927,49.82,36.56,4.390000000000001,-40.29,67.86,-17.14,-2.17,26.53,-5.04
2025-08-18T18:11:22.024519,-4809.0,-1707.0,9502.0,-27.0,10.0,53.0,-92.0,-1.0,-56.0,-29.0,-8.0,38.0,-43.220000000000255,-14.6400000000001,47.29999999999927,23.82,-5.4399999999999995,37.39,-37.29,3.8600000000000003,-61.14,-22.17,4.529999999999999,36.96
2025-08-18T18:11:22.032614,-4802.0,-1680.0,9427.0,-88.0,13.0,34.0,-58.0,35.0,-31.0,-39.0,14.0,-16.0,-36.220000000000255,12.3599999999999,-27.700000000000728,-37.18,-2.4399999999999995,18.39,-3.289999999999999,39.86,-36.14,-32.17,26.53,-17.04
2025-08-18T18:11:22.036870,-4682.0,-1707.0,9402.0,36.0,-61.0,16.0,-30.0,-8.0,32.0,40.0,47.0,-38.0,83.77999999999975,-14.6400000000001,-52.70000000000073,86.82,-76.44,0.39000000000000057,24.71,-3.1399999999999997,26.86,46.83,59.53,-39.04
2025-08-18T18:11:22.044920,-4718.0,-1667.0,9479.0,-61.0,0.0,-14.0,-45.0,-34.0,13.0,8.0,-33.0,-8.0,47.779999999999745,25.3599999999999,24.299999999999272,-10.18,-15.44,-29.61,9.71,-29.14,7.86,14.83,-20.47,-9.04
2025-08-18T18:11:22.049174,-4782.0,-1675.0,9475.0,-112.0,14.0,-50.0,-88.0,-1.0,5.0,6.0,-39.0,-30.0,-16.220000000000255,17.3599999999999,20.299999999999272,-61.18,-1.4399999999999995,-65.61,-33.29,3.8600000000000003,-0.13999999999999968,12.83,-26.47,-31.04
2025-08-18T18:11:22.057155,-4779.0,-1662.0,9373.0,-62.0,-1.0,-17.0,-31.0,46.0,12.0,14.0,-94.0,48.0,-13.220000000000255,30.3599999999999,-81.70000000000073,-11.18,-16.439999999999998,-32.61,23.71,50.86,6.86,20.83,-81.47,46.96
2025-08-18T18:11:22.061484,-4634.0,-1755.0,9396.0,-14.0,11.0,28.0,-46.0,-16.0,-33.0,7.0,-32.0,28.0,131.77999999999975,-62.6400000000001,-58.70000000000073,36.82,-4.4399999999999995,12.39,8.71,-11.14,-38.14,13.83,-19.47,26.96
2025-08-18T18:11:22.069609,-4746.0,-1687.0,9472.0,-93.0,-9.0,-61.0,-12.0,-65.0,-20.0,18.0,29.0,-7.0,19.779999999999745,5.3599999999999,17.299999999999272,-42.18,-24.439999999999998,-76.61,42.71,-60.14,-25.14,24.83,41.53,-8.04
2025-08-18T18:11:22.077742,-4795.0,-1654.0,9421.0,-55.0,-39.0,39.0,-55.0,37.0,28.0,-25.0,26.0,-48.0,-29.220000000000255,38.3599999999999,-33.70000000000073,-4.18,-54.44,23.39,-0.28999999999999915,41.86,22.86,-18.17,38.53,-49.04
2025-08-18T18:11:22.081835,-4807.0,-1648.0,9423.0,-100.0,53.0,-34.0,-12.0,-33.0,3.0,45.0,24.0,-14.0,-41.220000000000255,44.3599999999999,-31.700000000000728,-49.18,37.56,-49.61,42.71,-28.14,-2.1399999999999997,51.83,36.53,-15.04
2025-08-18T18:11:22.090014,-4708.0,-1686.0,9418.0,-47.0,-43.0,-10.0,-113.0,-13.0,-69.0,41.0,-55.0,-55.0,57.779999999999745,6.3599999999999,-36.70000000000073,3.8200000000000003,-58.44,-25.61,-58.29,-8.14,-74.14,47.83,-42.47,-56.04
2025-08-18T18:11:22.094214,-4827.0,-1736.0,9493.0,-49.0,-23.0,-4.0,-81.0,-3.0,58.0,38.0,-9.0,19.0,-61.220000000000255,-43.6400000000001,38.29999999999927,1.8200000000000003,-38.44,-19.61,-26.29,1.8600000000000003,52.86,44.83,3.5299999999999994,17.96
2025-08-18T18:11:22.102348,-4816.0,-1661.0,9527.0,12.0,22.0,71.0,-44.0,-28.0,11.0,42.0,-42.0,45.0,-50.220000000000255,31.3599999999999,72.29999999999927,62.82,6.5600000000000005,55.39,10.71,-23.14,5.86,48.83,-29.47,43.96
2025-08-18T18:11:22.106416,-4762.0,-1737.0,9399.0,-81.0,50.0,4.0,-22.0,-3.0,42.0,-58.0,-12.0,25.0,3.7799999999997453,-44.6400000000001,-55.70000000000073,-30.18,34.56,-11.61,32.71,1.8600000000000003,36.86,-51.17,0.5299999999999994,23.96
2025-08-18T18:11:22.114500,-4797.0,-1759.0,9479.0,-48.0,107.0,-2.0,-48.0,-23.0,71.0,-26.0,-10.0,-100.0,-31.220000000000255,-66.6400000000001,24.299999999999272,2.8200000000000003,91.56,-17.61,6.710000000000001,-18.14,65.86,-19.17,2.5299999999999994,-101.04
2025-08-18T18:11:22.118866,-4797.0,-1683.0,9450.0,-16.0,1.0,-48.0,-8.0,-46.0,30.0,40.0,-48.0,-2.0,-31.220000000000255,9.3599999999999,-4.700000000000728,34.82,-14.44,-63.61,46.71,-41.14,24.86,46.83,-35.47,-3.04
2025-08-18T18:11:22.126864,-4775.0,-1678.0,9433.0,15.0,-1.0,25.0,-25.0,15.0,-22.0,46.0,40.0,-17.0,-9.220000000000255,14.3599999999999,-21.700000000000728,65.82,-16.439999999999998,9.39,29.71,19.86,-27.14,52.83,52.53,-18.04
2025-08-18T18:11:22.134958,-4675.0,-1674.0,9449.0,-82.0,61.0,39.0,16.0,13.0,15.0,31.0,-62.0,27.0,90.77999999999975,18.3599999999999,-5.700000000000728,-31.18,45.56,23.39,70.71000000000001,17.86,9.86,37.83,-49.47,25.96
2025-08-18T18:11:22.139256,-4754.0,-1717.0,9433.0,-39.0,24.0,-23.0,-24.0,9.0,50.0,34.0,-21.0,-26.0,11.779999999999745,-24.6400000000001,-21.700000000000728,11.82,8.56,-38.61,30.71,13.86,44.86,40.83,-8.47,-27.04
2025-08-18T18:11:22.147108,-4817.0,-1542.0,9521.0,-1.0,25.0,-30.0,-2.0,21.0,10.0,-78.0,-10.0,60.0,-51.220000000000255,150.3599999999999,66.29999999999927,49.82,9.56,-45.61,52.71,25.86,4.86,-71.17,2.5299999999999994,58.96
2025-08-18T18:11:22.151433,-4761.0,-1603.0,9416.0,-49.0,-14.0,82.0,-89.0,4.0,-85.0,-31.0,31.0,38.0,4.779999999999745,89.3599999999999,-38.70000000000073,1.8200000000000003,-29.439999999999998,66.39,-34.29,8.86,-90.14,-24.17,43.53,36.96
2025-08-18T18:11:22.159707,-4732.0,-1688.0,9371.0,-105.0,95.0,-36.0,-35.0,-12.0,52.0,-43.0,40.0,39.0,33.779999999999745,4.3599999999999,-83.70000000000073,-54.18,79.56,-51.61,19.71,-7.14,46.86,-36.17,52.53,37.96
2025-08-18T18:11:22.163895,-4787.0,-1684.0,9514.0,-40.0,-23.0,49.0,-40.0,26.0,-17.0,-1.0,70.0,-65.0,-21.220000000000255,8.3599999999999,59.29999999999927,10.82,-38.44,33.39,14.71,30.86,-22.14,5.83,82.53,-66.04
2025-08-18T18:11:22.171838,-4812.0,-1623.0,9409.0,-60.0,19.0,23.0,-40.0,68.0,-5.0,36.0,-44.0,-53.0,-46.220000000000255,69.3599999999999,-45.70000000000073,-9.18,3.5600000000000005,7.390000000000001,14.71,72.86,-10.14,42.83,-31.47,-54.04
2025-08-18T18:11:22.176167,-4758.0,-1637.0,9475.0,-88.0,55.0,-5.0,29.0,2.0,-9.0,43.0,36.0,12.0,7.779999999999745,55.3599999999999,20.299999999999272,-37.18,39.56,-20.61,83.71000000000001,6.86,-14.14,49.83,48.53,10.96
2025-08-18T18:11:22.184167,-4739.0,-1704.0,9512.0,0.0,-19.0,-12.0,-57.0,-48.0,26.0,15.0,-6.0,10.0,26.779999999999745,-11.6400000000001,57.29999999999927,50.82,-34.44,-27.61,-2.289999999999999,-43.14,20.86,21.83,6.529999999999999,8.96
2025-08-18T18:11:22.192207,-4792.0,-1781.0,9487.0,-11.0,-4.0,13.0,-40.0,-10.0,41.0,-45.0,-52.0,40.0,-26.220000000000255,-88.6400000000001,32.29999999999927,39.82,-19.439999999999998,-2.6099999999999994,14.71,-5.14,35.86,-38.17,-39.47,38.96
2025-08-18T18:11:22.196575,-4785.0,-1653.0,9412.0,-62.0,18.0,87.0,-59.0,23.0,-1.0,-21.0,-6.0,-26.0,-19.220000000000255,39.3599999999999,-42.70000000000073,-11.18,2.5600000000000005,71.39,-4.289999999999999,27.86,-6.14,-14.17,6.529999999999999,-27.04
2025-08-18T18:11:22.204690,-4764.0,-1672.0,9415.0,-51.0,94.0,22.0,-67.0,-57.0,-36.0,-3.0,37.0,-44.0,1.7799999999997453,20.3599999999999,-39.70000000000073,-0.17999999999999972,78.56,6.390000000000001,-12.29,-52.14,-41.14,3.83,49.53,-45.04
2025-08-18T18:11:22.208798,-4727.0,-1776.0,9499.0,-40.0,-16.0,-62.0,-68.0,102.0,-22.0,57.0,-22.0,-32.0,38.779999999999745,-83.6400000000001,44.29999999999927,10.82,-31.439999999999998,-77.61,-13.29,106.86,-27.14,63.83,-9.47,-33.04
2025-08-18T18:11:22.216890,-4710.0,-1684.0,9518.0,-116.0,32.0,13.0,-81.0,48.0,48.0,13.0,-30.0,6.0,55.779999999999745,8.3599999999999,63.29999999999927,-65.18,16.560000000000002,-2.6099999999999994,-26.29,52.86,42.86,19.83,-17.47,4.96
2025-08-18T18:11:22.221212,-4689.0,-1640.0,9465.0,-41.0,35.0,16.0,-91.0,57.0,-4.0,87.0,-26.0,-19.0,76.77999999999975,52.3599999999999,10.299999999999272,9.82,19.560000000000002,0.39000000000000057,-36.29,61.86,-9.14,93.83,-13.47,-20.04
2025-08-18T18:11:22.229303,-4653.0,-1718.0,9483.0,-22.0,28.0,-12.0,-108.0,4.0,-9.0,12.0,-53.0,0.0,112.77999999999975,-25.6400000000001,28.299999999999272,28.82,12.56,-27.61,-53.29,8.86,-14.14,18.83,-40.47,-1.04
2025-08-18T18:11:22.233424,-4873.0,-1650.0,9511.0,-54.0,59.0,2.0,-116.0,27.0,21.0,-38.0,18.0,73.0,-107.22000000000025,42.3599999999999,56.29999999999927,-3.1799999999999997,43.56,-13.61,-61.29,31.86,15.86,-31.17,30.53,71.96
2025-08-18T18:11:22.241724,-4839.0,-1660.0,9399.0,-102.0,94.0,21.0,-38.0,13.0,-22.0,-79.0,57.0,-69.0,-73.22000000000025,32.3599999999999,-55.70000000000073,-51.18,78.56,5.390000000000001,16.71,17.86,-27.14,-72.17,69.53,-70.04
2025-08-18T18:11:22.249582,-4800.0,-1685.0,9432.0,-60.0,37.0,-2.0,25.0,48.0,-18.0,61.0,37.0,-16.0,-34.220000000000255,7.3599999999999,-22.700000000000728,-9.18,21.560000000000002,-17.61,79.71000000000001,52.86,-23.14,67.83,49.53,-17.04
2025-08-18T18:11:22.254202,-4722.0,-1665.0,9533.0,-29.0,-42.0,25.0,-60.0,15.0,-38.0,41.0,-29.0,0.0,43.779999999999745,27.3599999999999,78.29999999999927,21.82,-57.44,9.39,-5.289999999999999,19.86,-43.14,47.83,-16.47,-1.04
2025-08-18T18:11:22.262057,-4760.0,-1654.0,9464.0,-35.0,17.0,47.0,-27.0,-4.0,60.0,69.0,2.0,55.0,5.779999999999745,38.3599999999999,9.299999999999272,15.82,1.5600000000000005,31.39,27.71,0.8600000000000003,54.86,75.83,14.53,53.96
2025-08-18T18:11:22.266236,-4813.0,-1650.0,9432.0,-30.0,30.0,8.0,19.0,-66.0,-26.0,22.0,-68.0,29.0,-47.220000000000255,42.3599999999999,-22.700000000000728,20.82,14.56,-7.609999999999999,73.71000000000001,-61.14,-31.14,28.83,-55.47,27.96
2025-08-18T18:11:22.274175,-4778.0,-1740.0,9437.0,-62.0,-7.0,-29.0,3.0,-59.0,45.0,-30.0,31.0,59.0,-12.220000000000255,-47.6400000000001,-17.700000000000728,-11.18,-22.439999999999998,-44.61,57.71,-54.14,39.86,-23.17,43.53,57.96
2025-08-18T18:11:22.278411,-4779.0,-1648.0,9448.0,-25.0,43.0,-9.0,-77.0,-20.0,-12.0,-24.0,54.0,10.0,-13.220000000000255,44.3599999999999,-6.700000000000728,25.82,27.560000000000002,-24.61,-22.29,-15.14,-17.14,-17.17,66.53,8.96
2025-08-18T18:11:22.286414,-4764.0,-1707.0,9519.0,-95.0,46.0,26.0,-7.0,39.0,22.0,33.0,37.0,-53.0,1.7799999999997453,-14.6400000000001,64.29999999999927,-44.18,30.560000000000002,10.39,47.71,43.86,16.86,39.83,49.53,-54.04
2025-08-18T18:11:22.290886,-4779.0,-1657.0,9413.0,-81.0,0.0,50.0,-94.0,28.0,40.0,16.0,-60.0,-16.0,-13.220000000000255,35.3599999999999,-41.70000000000073,-30.18,-15.44,34.39,-39.29,32.86,34.86,22.83,-47.47,-17.04
2025-08-18T18:11:22.298765,-4781.0,-1665.0,9454.0,-75.0,-31.0,0.0,-68.0,43.0,-1.0,9.0,-35.0,39.0,-15.220000000000255,27.3599999999999,-0.7000000000007276,-24.18,-46.44,-15.61,-13.29,47.86,-6.14,15.83,-22.47,37.96
2025-08-18T18:11:22.306758,-4819.0,-1719.0,9457.0,-10.0,17.0,2.0,-46.0,-5.0,-16.0,56.0,47.0,26.0,-53.220000000000255,-26.6400000000001,2.2999999999992724,40.82,1.5600000000000005,-13.61,8.71,-0.13999999999999968,-21.14,62.83,59.53,24.96
2025-08-18T18:11:22.311288,-4791.0,-1628.0,9551.0,-113.0,-29.0,128.0,-74.0,19.0,43.0,-40.0,9.0,33.0,-25.220000000000255,64.3599999999999,96.29999999999927,-62.18,-44.44,112.39,-19.29,23.86,37.86,-33.17,21.53,31.96
2025-08-18T18:11:22.319293,-4753.0,-1622.0,9457.0,-48.0,18.0,8.0,-106.0,3.0,54.0,-14.0,38.0,12.0,12.779999999999745,70.3599999999999,2.2999999999992724,2.8200000000000003,2.5600000000000005,-7.609999999999999,-51.29,7.86,48.86,-7.17,50.53,10.96
2025-08-18T18:11:22.323399,-4702.0,-1699.0,9467.0,-2.0,-31.0,56.0,3.0,15.0,-80.0,-54.0,33.0,-30.0,63.779999999999745,-6.6400000000001,12.299999999999272,48.82,-46.44,40.39,57.71,19.86,-85.14,-47.17,45.53,-31.04
2025-08-18T18:11:22.331520,-4783.0,-1644.0,9493.0,-87.0,35.0,2.0,-52.0,-19.0,7.0,10.0,68.0,-20.0,-17.220000000000255,48.3599999999999,38.29999999999927,-36.18,19.560000000000002,-13.61,2.710000000000001,-14.14,1.8600000000000003,16.83,80.53,-21.04
2025-08-18T18:11:22.335803,-4801.0,-1696.0,9392.0,-74.0,65.0,17.0,-64.0,-29.0,-18.0,10.0,-49.0,-70.0,-35.220000000000255,-3.6400000000001,-62.70000000000073,-23.18,49.56,1.3900000000000006,-9.29,-24.14,-23.14,16.83,-36.47,-71.04
2025-08-18T18:11:22.343941,-4750.0,-1775.0,9379.0,-78.0,9.0,-16.0,-37.0,-93.0,36.0,1.0,-101.0,-15.0,15.779999999999745,-82.6400000000001,-75.70000000000073,-27.18,-6.4399999999999995,-31.61,17.71,-88.14,30.86,7.83,-88.47,-16.04
2025-08-18T18:11:22.348245,-4717.0,-1682.0,9480.0,-11.0,-13.0,9.0,-78.0,-8.0,41.0,-18.0,-74.0,-15.0,48.779999999999745,10.3599999999999,25.299999999999272,39.82,-28.439999999999998,-6.609999999999999,-23.29,-3.1399999999999997,35.86,-11.17,-61.47,-16.04
2025-08-18T18:11:22.356199,-4792.0,-1679.0,9455.0,-63.0,38.0,7.0,-40.0,-22.0,30.0,-68.0,7.0,44.0,-26.220000000000255,13.3599999999999,0.2999999999992724,-12.18,22.560000000000002,-8.61,14.71,-17.14,24.86,-61.17,19.53,42.96
2025-08-18T18:11:22.364282,-4831.0,-1634.0,9448.0,-79.0,-11.0,-15.0,-102.0,36.0,-64.0,-91.0,35.0,57.0,-65.22000000000025,58.3599999999999,-6.700000000000728,-28.18,-26.439999999999998,-30.61,-47.29,40.86,-69.14,-84.17,47.53,55.96
2025-08-18T18:11:22.368499,-4771.0,-1670.0,9450.0,-130.0,-7.0,-15.0,-62.0,21.0,13.0,22.0,-30.0,6.0,-5.220000000000255,22.3599999999999,-4.700000000000728,-79.18,-22.439999999999998,-30.61,-7.289999999999999,25.86,7.86,28.83,-17.47,4.96
2025-08-18T18:11:22.376612,-4762.0,-1691.0,9421.0,-31.0,-14.0,-10.0,-38.0,31.0,-26.0,82.0,-19.0,-76.0,3.7799999999997453,1.3599999999999,-33.70000000000073,19.82,-29.439999999999998,-25.61,16.71,35.86,-31.14,88.83,-6.470000000000001,-77.04
2025-08-18T18:11:22.380930,-4821.0,-1699.0,9499.0,-79.0,89.0,50.0,-20.0,-7.0,47.0,25.0,-35.0,86.0,-55.220000000000255,-6.6400000000001,44.29999999999927,-28.18,73.56,34.39,34.71,-2.1399999999999997,41.86,31.83,-22.47,84.96
2025-08-18T18:11:22.388971,-4859.0,-1655.0,9464.0,-64.0,-21.0,34.0,-18.0,43.0,5.0,-61.0,-46.0,-21.0,-93.22000000000025,37.3599999999999,9.299999999999272,-13.18,-36.44,18.39,36.71,47.86,-0.13999999999999968,-54.17,-33.47,-22.04
2025-08-18T18:11:22.393321,-4695.0,-1680.0,9425.0,-62.0,31.0,112.0,-31.0,-18.0,-45.0,-9.0,-52.0,101.0,70.77999999999975,12.3599999999999,-29.700000000000728,-11.18,15.56,96.39,23.71,-13.14,-50.14,-2.17,-39.47,99.96
2025-08-18T18:11:22.401289,-4758.0,-1717.0,9501.0,-63.0,99.0,55.0,-71.0,-52.0,60.0,-31.0,-6.0,45.0,7.779999999999745,-24.6400000000001,46.29999999999927,-12.18,83.56,39.39,-16.29,-47.14,54.86,-24.17,6.529999999999999,43.96
2025-08-18T18:11:22.405528,-4807.0,-1621.0,9441.0,-55.0,49.0,44.0,-99.0,-21.0,-26.0,68.0,33.0,-66.0,-41.220000000000255,71.3599999999999,-13.700000000000728,-4.18,33.56,28.39,-44.29,-16.14,-31.14,74.83,45.53,-67.04
2025-08-18T18:11:22.413766,-4740.0,-1661.0,9473.0,-59.0,17.0,32.0,-37.0,-53.0,-1.0,-16.0,-53.0,-2.0,25.779999999999745,31.3599999999999,18.299999999999272,-8.18,1.5600000000000005,16.39,17.71,-48.14,-6.14,-9.17,-40.47,-3.04
2025-08-18T18:11:22.421698,-4806.0,-1696.0,9490.0,-36.0,46.0,-18.0,-63.0,14.0,42.0,32.0,-33.0,28.0,-40.220000000000255,-3.6400000000001,35.29999999999927,14.82,30.560000000000002,-33.61,-8.29,18.86,36.86,38.83,-20.47,26.96
2025-08-18T18:11:22.425871,-4820.0,-1651.0,9447.0,-46.0,8.0,-28.0,-50.0,-48.0,-40.0,-38.0,-40.0,47.0,-54.220000000000255,41.3599999999999,-7.700000000000728,4.82,-7.4399999999999995,-43.61,4.710000000000001,-43.14,-45.14,-31.17,-27.47,45.96
2025-08-18T18:11:22.434044,-4758.0,-1657.0,9392.0,-25.0,-12.0,55.0,-17.0,-19.0,43.0,-95.0,45.0,47.0,7.779999999999745,35.3599999999999,-62.70000000000073,25.82,-27.439999999999998,39.39,37.71,-14.14,37.86,-88.17,57.53,45.96
2025-08-18T18:11:22.438308,-4762.0,-1694.0,9438.0,-138.0,37.0,-21.0,-115.0,10.0,-2.0,23.0,56.0,-13.0,3.7799999999997453,-1.6400000000001,-16.700000000000728,-87.18,21.560000000000002,-36.61,-60.29,14.86,-7.14,29.83,68.53,-14.04
2025-08-18T18:11:22.446368,-4745.0,-1723.0,9490.0,-65.0,27.0,4.0,-32.0,5.0,-80.0,66.0,22.0,-27.0,20.779999999999745,-30.6400000000001,35.29999999999927,-14.18,11.56,-11.61,22.71,9.86,-85.14,72.83,34.53,-28.04
2025-08-18T18:11:22.450393,-4788.0,-1660.0,9446.0,-30.0,10.0,5.0,38.0,7.0,-5.0,43.0,-68.0,-23.0,-22.220000000000255,32.3599999999999,-8.700000000000728,20.82,-5.4399999999999995,-10.61,92.71000000000001,11.86,-10.14,49.83,-55.47,-24.04
2025-08-18T18:11:22.458374,-4717.0,-1690.0,9425.0,-31.0,52.0,51.0,-65.0,-38.0,26.0,-15.0,-46.0,10.0,48.779999999999745,2.3599999999999,-29.700000000000728,19.82,36.56,35.39,-10.29,-33.14,20.86,-8.17,-33.47,8.96
2025-08-18T18:11:22.463032,-4713.0,-1726.0,9495.0,-62.0,91.0,-40.0,-14.0,16.0,-41.0,108.0,0.0,1.0,52.779999999999745,-33.6400000000001,40.29999999999927,-11.18,75.56,-55.61,40.71,20.86,-46.14,114.83,12.53,-0.040000000000000036
2025-08-18T18:11:22.471073,-4824.0,-1638.0,9511.0,-28.0,-32.0,-16.0,-49.0,-59.0,37.0,-20.0,31.0,39.0,-58.220000000000255,54.3599999999999,56.29999999999927,22.82,-47.44,-31.61,5.710000000000001,-54.14,31.86,-13.17,43.53,37.96
2025-08-18T18:11:22.479029,-4802.0,-1588.0,9443.0,-118.0,10.0,-25.0,-49.0,-36.0,38.0,12.0,-26.0,6.0,-36.220000000000255,104.3599999999999,-11.700000000000728,-67.18,-5.4399999999999995,-40.61,5.710000000000001,-31.14,32.86,18.83,-13.47,4.96
2025-08-18T18:11:22.483198,-4678.0,-1744.0,9488.0,-67.0,84.0,-44.0,-103.0,93.0,64.0,3.0,-6.0,-5.0,87.77999999999975,-51.6400000000001,33.29999999999927,-16.18,68.56,-59.61,-48.29,97.86,58.86,9.83,6.529999999999999,-6.04
2025-08-18T18:11:22.491314,-4789.0,-1687.0,9453.0,-31.0,-7.0,-9.0,-35.0,-63.0,13.0,-23.0,6.0,-46.0,-23.220000000000255,5.3599999999999,-1.7000000000007276,19.82,-22.439999999999998,-24.61,19.71,-58.14,7.86,-16.17,18.53,-47.04
2025-08-18T18:11:22.495515,-4761.0,-1669.0,9474.0,-3.0,16.0,5.0,-64.0,19.0,18.0,20.0,40.0,-36.0,4.779999999999745,23.3599999999999,19.299999999999272,47.82,0.5600000000000005,-10.61,-9.29,23.86,12.86,26.83,52.53,-37.04
2025-08-18T18:11:22.503712,-4765.0,-1698.0,9403.0,-96.0,-6.0,49.0,14.0,-51.0,-40.0,40.0,-25.0,-61.0,0.7799999999997453,-5.6400000000001,-51.70000000000073,-45.18,-21.439999999999998,33.39,68.71000000000001,-46.14,-45.14,46.83,-12.47,-62.04
2025-08-18T18:11:22.507965,-4783.0,-1655.0,9364.0,-65.0,21.0,22.0,-73.0,-117.0,-23.0,71.0,12.0,51.0,-17.220000000000255,37.3599999999999,-90.70000000000073,-14.18,5.5600000000000005,6.390000000000001,-18.29,-112.14,-28.14,77.83,24.53,49.96
2025-08-18T18:11:22.515977,-4794.0,-1738.0,9499.0,-47.0,-11.0,13.0,-58.0,44.0,43.0,-17.0,-17.0,-2.0,-28.220000000000255,-45.6400000000001,44.29999999999927,3.8200000000000003,-26.439999999999998,-2.6099999999999994,-3.289999999999999,48.86,37.86,-10.17,-4.470000000000001,-3.04
2025-08-18T18:11:22.520295,-4796.0,-1630.0,9469.0,-49.0,1.0,79.0,-43.0,-14.0,11.0,-4.0,39.0,19.0,-30.220000000000255,62.3599999999999,14.299999999999272,1.8200000000000003,-14.44,63.39,11.71,-9.14,5.86,2.83,51.53,17.96
2025-08-18T18:11:22.528349,-4744.0,-1709.0,9424.0,-59.0,91.0,-27.0,39.0,-27.0,8.0,-36.0,101.0,-20.0,21.779999999999745,-16.6400000000001,-30.700000000000728,-8.18,75.56,-42.61,93.71000000000001,-22.14,2.8600000000000003,-29.17,113.53,-21.04
2025-08-18T18:11:22.536159,-4728.0,-1693.0,9511.0,-105.0,10.0,-19.0,-9.0,-57.0,82.0,3.0,32.0,-53.0,37.779999999999745,-0.6400000000001,56.29999999999927,-54.18,-5.4399999999999995,-34.61,45.71,-52.14,76.86,9.83,44.53,-54.04
2025-08-18T18:11:22.540546,-4764.0,-1692.0,9470.0,-66.0,-3.0,36.0,-25.0,-19.0,-2.0,55.0,9.0,-57.0,1.7799999999997453,0.35999999999989996,15.299999999999272,-15.18,-18.439999999999998,20.39,29.71,-14.14,-7.14,61.83,21.53,-58.04
2025-08-18T18:11:22.548541,-4791.0,-1614.0,9448.0,-136.0,8.0,-26.0,-90.0,29.0,-1.0,84.0,-26.0,-30.0,-25.220000000000255,78.3599999999999,-6.700000000000728,-85.18,-7.4399999999999995,-41.61,-35.29,33.86,-6.14,90.83,-13.47,-31.04
2025-08-18T18:11:22.553242,-4745.0,-1697.0,9413.0,-64.0,-37.0,16.0,-94.0,-24.0,-10.0,32.0,-41.0,-13.0,20.779999999999745,-4.6400000000001,-41.70000000000073,-13.18,-52.44,0.39000000000000057,-39.29,-19.14,-15.14,38.83,-28.47,-14.04
2025-08-18T18:11:22.560961,-4788.0,-1709.0,9451.0,-106.0,6.0,46.0,-91.0,-17.0,-6.0,-37.0,-26.0,16.0,-22.220000000000255,-16.6400000000001,-3.7000000000007276,-55.18,-9.44,30.39,-36.29,-12.14,-11.14,-30.17,-13.47,14.96
2025-08-18T18:11:22.565878,-4760.0,-1708.0,9454.0,-41.0,36.0,-24.0,0.0,-20.0,-39.0,-59.0,27.0,49.0,5.779999999999745,-15.6400000000001,-0.7000000000007276,9.82,20.560000000000002,-39.61,54.71,-15.14,-44.14,-52.17,39.53,47.96
2025-08-18T18:11:22.573276,-4685.0,-1687.0,9460.0,-73.0,14.0,-23.0,-67.0,-53.0,9.0,-63.0,42.0,-7.0,80.77999999999975,5.3599999999999,5.299999999999272,-22.18,-1.4399999999999995,-38.61,-12.29,-48.14,3.8600000000000003,-56.17,54.53,-8.04
2025-08-18T18:11:22.577384,-4731.0,-1711.0,9469.0,-27.0,-34.0,8.0,-53.0,7.0,28.0,18.0,5.0,-48.0,34.779999999999745,-18.6400000000001,14.299999999999272,23.82,-49.44,-7.609999999999999,1.7100000000000009,11.86,22.86,24.83,17.53,-49.04
2025-08-18T18:11:22.585503,-4873.0,-1759.0,9469.0,-66.0,-42.0,52.0,-85.0,8.0,-26.0,-9.0,37.0,0.0,-107.22000000000025,-66.6400000000001,14.299999999999272,-15.18,-57.44,36.39,-30.29,12.86,-31.14,-2.17,49.53,-1.04
2025-08-18T18:11:22.590136,-4789.0,-1575.0,9436.0,-52.0,-3.0,14.0,-34.0,45.0,-41.0,-8.0,15.0,51.0,-23.220000000000255,117.3599999999999,-18.700000000000728,-1.1799999999999997,-18.439999999999998,-1.6099999999999994,20.71,49.86,-46.14,-1.17,27.53,49.96
2025-08-18T18:11:22.597917,-4803.0,-1630.0,9434.0,-91.0,15.0,12.0,26.0,-7.0,-17.0,67.0,7.0,6.0,-37.220000000000255,62.3599999999999,-20.700000000000728,-40.18,-0.4399999999999995,-3.6099999999999994,80.71000000000001,-2.1399999999999997,-22.14,73.83,19.53,4.96
2025-08-18T18:11:22.602514,-4748.0,-1618.0,9417.0,0.0,71.0,-3.0,-13.0,10.0,6.0,27.0,-6.0,-34.0,17.779999999999745,74.3599999999999,-37.70000000000073,50.82,55.56,-18.61,41.71,14.86,0.8600000000000003,33.83,6.529999999999999,-35.04
2025-08-18T18:11:22.610251,-4735.0,-1730.0,9447.0,45.0,10.0,23.0,-71.0,-53.0,-18.0,-37.0,-61.0,-4.0,30.779999999999745,-37.6400000000001,-7.700000000000728,95.82,-5.4399999999999995,7.390000000000001,-16.29,-48.14,-23.14,-30.17,-48.47,-5.04
2025-08-18T18:11:22.618163,-4743.0,-1721.0,9509.0,-49.0,-1.0,56.0,-131.0,12.0,25.0,30.0,-10.0,57.0,22.779999999999745,-28.6400000000001,54.29999999999927,1.8200000000000003,-16.439999999999998,40.39,-76.28999999999999,16.86,19.86,36.83,2.5299999999999994,55.96
2025-08-18T18:11:22.622711,-4741.0,-1731.0,9481.0,-92.0,-11.0,24.0,-51.0,18.0,-27.0,-101.0,4.0,40.0,24.779999999999745,-38.6400000000001,26.299999999999272,-41.18,-26.439999999999998,8.39,3.710000000000001,22.86,-32.14,-94.17,16.53,38.96
2025-08-18T18:11:22.630558,-4714.0,-1639.0,9473.0,-71.0,-28.0,-14.0,11.0,100.0,-42.0,6.0,52.0,36.0,51.779999999999745,53.3599999999999,18.299999999999272,-20.18,-43.44,-29.61,65.71000000000001,104.86,-47.14,12.83,64.53,34.96
2025-08-18T18:11:22.634710,-4760.0,-1671.0,9520.0,-32.0,23.0,25.0,-95.0,12.0,-16.0,5.0,-18.0,-76.0,5.779999999999745,21.3599999999999,65.29999999999927,18.82,7.5600000000000005,9.39,-40.29,16.86,-21.14,11.83,-5.470000000000001,-77.04
2025-08-18T18:11:22.642784,-4865.0,-1692.0,9487.0,-31.0,4.0,-64.0,-41.0,-9.0,-34.0,-3.0,52.0,-5.0,-99.22000000000025,0.35999999999989996,32.29999999999927,19.82,-11.44,-79.61,13.71,-4.14,-39.14,3.83,64.53,-6.04
2025-08-18T18:11:22.647147,-4779.0,-1676.0,9462.0,-72.0,38.0,-58.0,-98.0,-22.0,-23.0,67.0,46.0,-54.0,-13.220000000000255,16.3599999999999,7.299999999999272,-21.18,22.560000000000002,-73.61,-43.29,-17.14,-28.14,73.83,58.53,-55.04
2025-08-18T18:11:22.655132,-4778.0,-1708.0,9432.0,-16.0,-1.0,10.0,-41.0,-32.0,-18.0,22.0,-60.0,3.0,-12.220000000000255,-15.6400000000001,-22.700000000000728,34.82,-16.439999999999998,-5.609999999999999,13.71,-27.14,-23.14,28.83,-47.47,1.96
2025-08-18T18:11:22.663139,-4820.0,-1717.0,9524.0,-79.0,113.0,-9.0,-28.0,28.0,-43.0,23.0,-48.0,-9.0,-54.220000000000255,-24.6400000000001,69.29999999999927,-28.18,97.56,-24.61,26.71,32.86,-48.14,29.83,-35.47,-10.04
2025-08-18T18:11:22.667456,-4787.0,-1655.0,9534.0,-57.0,21.0,31.0,-89.0,-25.0,37.0,13.0,-22.0,51.0,-21.220000000000255,37.3599999999999,79.29999999999927,-6.18,5.5600000000000005,15.39,-34.29,-20.14,31.86,19.83,-9.47,49.96
2025-08-18T18:11:22.675477,-4712.0,-1636.0,9460.0,-29.0,-52.0,49.0,-4.0,5.0,2.0,15.0,11.0,-30.0,53.779999999999745,56.3599999999999,5.299999999999272,21.82,-67.44,33.39,50.71,9.86,-3.1399999999999997,21.83,23.53,-31.04
2025-08-18T18:11:22.679814,-4716.0,-1687.0,9405.0,-91.0,-21.0,55.0,-57.0,-40.0,34.0,3.0,-39.0,-13.0,49.779999999999745,5.3599999999999,-49.70000000000073,-40.18,-36.44,39.39,-2.289999999999999,-35.14,28.86,9.83,-26.47,-14.04
2025-08-18T18:11:22.687824,-4773.0,-1665.0,9495.0,-71.0,-1.0,52.0,-62.0,56.0,59.0,-36.0,-4.0,-15.0,-7.220000000000255,27.3599999999999,40.29999999999927,-20.18,-16.439999999999998,36.39,-7.289999999999999,60.86,53.86,-29.17,8.53,-16.04
2025-08-18T18:11:22.692201,-4860.0,-1622.0,9461.0,-75.0,39.0,-51.0,-82.0,-20.0,-13.0,33.0,9.0,-35.0,-94.22000000000025,70.3599999999999,6.299999999999272,-24.18,23.560000000000002,-66.61,-27.29,-15.14,-18.14,39.83,21.53,-36.04
2025-08-18T18:11:22.700213,-4740.0,-1652.0,9422.0,-54.0,-1.0,-5.0,-90.0,-38.0,-15.0,-8.0,-50.0,-41.0,25.779999999999745,40.3599999999999,-32.70000000000073,-3.1799999999999997,-16.439999999999998,-20.61,-35.29,-33.14,-20.14,-1.17,-37.47,-42.04
2025-08-18T18:11:22.704799,-4758.0,-1690.0,9397.0,-27.0,-2.0,53.0,-21.0,-26.0,-86.0,6.0,-57.0,-19.0,7.779999999999745,2.3599999999999,-57.70000000000073,23.82,-17.439999999999998,37.39,33.71,-21.14,-91.14,12.83,-44.47,-20.04
2025-08-18T18:11:22.712516,-4820.0,-1659.0,9474.0,-87.0,56.0,70.0,-9.0,33.0,20.0,46.0,-76.0,-17.0,-54.220000000000255,33.3599999999999,19.299999999999272,-36.18,40.56,54.39,45.71,37.86,14.86,52.83,-63.47,-18.04
2025-08-18T18:11:22.720588,-4811.0,-1615.0,9487.0,-108.0,45.0,-64.0,-21.0,-63.0,-15.0,-18.0,-21.0,28.0,-45.220000000000255,77.3599999999999,32.29999999999927,-57.18,29.560000000000002,-79.61,33.71,-58.14,-20.14,-11.17,-8.47,26.96
2025-08-18T18:11:22.724994,-4695.0,-1686.0,9407.0,-133.0,-53.0,-26.0,-55.0,-53.0,-12.0,-44.0,17.0,44.0,70.77999999999975,6.3599999999999,-47.70000000000073,-82.18,-68.44,-41.61,-0.28999999999999915,-48.14,-17.14,-37.17,29.53,42.96
2025-08-18T18:11:22.733002,-4718.0,-1752.0,9473.0,-23.0,-21.0,8.0,-4.0,-109.0,-7.0,-60.0,22.0,-56.0,47.779999999999745,-59.6400000000001,18.299999999999272,27.82,-36.44,-7.609999999999999,50.71,-104.14,-12.14,-53.17,34.53,-57.04
2025-08-18T18:11:22.737382,-4837.0,-1653.0,9511.0,-113.0,39.0,55.0,10.0,-100.0,7.0,-41.0,41.0,25.0,-71.22000000000025,39.3599999999999,56.29999999999927,-62.18,23.560000000000002,39.39,64.71000000000001,-95.14,1.8600000000000003,-34.17,53.53,23.96
2025-08-18T18:11:22.745252,-4767.0,-1677.0,9391.0,-28.0,-9.0,17.0,-27.0,-50.0,3.0,80.0,-55.0,-21.0,-1.2200000000002547,15.3599999999999,-63.70000000000073,22.82,-24.439999999999998,1.3900000000000006,27.71,-45.14,-2.1399999999999997,86.83,-42.47,-22.04
2025-08-18T18:11:22.749624,-4735.0,-1641.0,9484.0,12.0,-4.0,44.0,-64.0,38.0,19.0,72.0,-78.0,-13.0,30.779999999999745,51.3599999999999,29.299999999999272,62.82,-19.439999999999998,28.39,-9.29,42.86,13.86,78.83,-65.47,-14.04
2025-08-18T18:11:22.757550,-4739.0,-1656.0,9496.0,-62.0,-3.0,33.0,-72.0,-15.0,56.0,-48.0,-22.0,34.0,26.779999999999745,36.3599999999999,41.29999999999927,-11.18,-18.439999999999998,17.39,-17.29,-10.14,50.86,-41.17,-9.47,32.96
2025-08-18T18:11:22.762107,-4803.0,-1674.0,9439.0,-31.0,28.0,-17.0,-43.0,0.0,-11.0,-48.0,-27.0,2.0,-37.220000000000255,18.3599999999999,-15.700000000000728,19.82,12.56,-32.61,11.71,4.86,-16.14,-41.17,-14.47,0.96
2025-08-18T18:11:22.769928,-4763.0,-1766.0,9411.0,-76.0,-46.0,-11.0,-11.0,13.0,40.0,6.0,-18.0,-23.0,2.7799999999997453,-73.6400000000001,-43.70000000000073,-25.18,-61.44,-26.61,43.71,17.86,34.86,12.83,-5.470000000000001,-24.04
2025-08-18T18:11:22.777868,-4748.0,-1658.0,9450.0,-177.0,6.0,-3.0,-41.0,-32.0,43.0,-40.0,-21.0,-27.0,17.779999999999745,34.3599999999999,-4.700000000000728,-126.18,-9.44,-18.61,13.71,-27.14,37.86,-33.17,-8.47,-28.04
2025-08-18T18:11:22.782331,-4804.0,-1654.0,9529.0,20.0,67.0,1.0,-72.0,2.0,98.0,32.0,-15.0,-60.0,-38.220000000000255,38.3599999999999,74.29999999999927,70.82,51.56,-14.61,-17.29,6.86,92.86,38.83,-2.4700000000000006,-61.04
2025-08-18T18:11:22.790322,-4857.0,-1668.0,9446.0,-79.0,-7.0,34.0,-95.0,-38.0,11.0,30.0,-27.0,59.0,-91.22000000000025,24.3599999999999,-8.700000000000728,-28.18,-22.439999999999998,18.39,-40.29,-33.14,5.86,36.83,-14.47,57.96
2025-08-18T18:11:22.794656,-4762.0,-1675.0,9428.0,-30.0,36.0,84.0,-95.0,36.0,-71.0,-88.0,-78.0,25.0,3.7799999999997453,17.3599999999999,-26.700000000000728,20.82,20.560000000000002,68.39,-40.29,40.86,-76.14,-81.17,-65.47,23.96
2025-08-18T18:11:22.802435,-4787.0,-1730.0,9458.0,-42.0,77.0,-76.0,-42.0,-65.0,39.0,11.0,-3.0,30.0,-21.220000000000255,-37.6400000000001,3.2999999999992724,8.82,61.56,-91.61,12.71,-60.14,33.86,17.83,9.53,28.96
2025-08-18T18:11:22.806926,-4726.0,-1613.0,9466.0,-58.0,-29.0,-5.0,-53.0,-19.0,6.0,-17.0,-14.0,-6.0,39.779999999999745,79.3599999999999,11.299999999999272,-7.18,-44.44,-20.61,1.7100000000000009,-14.14,0.8600000000000003,-10.17,-1.4700000000000006,-7.04
2025-08-18T18:11:22.814756,-4720.0,-1685.0,9412.0,-82.0,42.0,-1.0,-86.0,31.0,4.0,-61.0,56.0,15.0,45.779999999999745,7.3599999999999,-42.70000000000073,-31.18,26.560000000000002,-16.61,-31.29,35.86,-1.1399999999999997,-54.17,68.53,13.96
2025-08-18T18:11:22.819167,-4709.0,-1767.0,9363.0,-46.0,-24.0,-69.0,-24.0,39.0,-4.0,-1.0,-7.0,-21.0,56.779999999999745,-74.6400000000001,-91.70000000000073,4.82,-39.44,-84.61,30.71,43.86,-9.14,5.83,5.529999999999999,-22.04
2025-08-18T18:11:22.827180,-4760.0,-1764.0,9518.0,0.0,73.0,-36.0,-69.0,-11.0,-31.0,31.0,-23.0,-39.0,5.779999999999745,-71.6400000000001,63.29999999999927,50.82,57.56,-51.61,-14.29,-6.14,-36.14,37.83,-10.47,-40.04
2025-08-18T18:11:22.831513,-4819.0,-1609.0,9437.0,-60.0,28.0,8.0,-59.0,13.0,-12.0,8.0,-11.0,-50.0,-53.220000000000255,83.3599999999999,-17.700000000000728,-9.18,12.56,-7.609999999999999,-4.289999999999999,17.86,-17.14,14.83,1.5299999999999994,-51.04
2025-08-18T18:11:22.839402,-4795.0,-1599.0,9441.0,-21.0,20.0,54.0,32.0,48.0,-4.0,67.0,-36.0,-5.0,-29.220000000000255,93.3599999999999,-13.700000000000728,29.82,4.5600000000000005,38.39,86.71000000000001,52.86,-9.14,73.83,-23.47,-6.04
2025-08-18T18:11:22.847457,-4736.0,-1642.0,9385.0,-51.0,36.0,31.0,-67.0,-25.0,39.0,-26.0,-56.0,9.0,29.779999999999745,50.3599999999999,-69.70000000000073,-0.17999999999999972,20.560000000000002,15.39,-12.29,-20.14,33.86,-19.17,-43.47,7.96
2025-08-18T18:11:22.851773,-4723.0,-1712.0,9476.0,-99.0,-25.0,23.0,-128.0,2.0,-30.0,-31.0,45.0,-13.0,42.779999999999745,-19.6400000000001,21.299999999999272,-48.18,-40.44,7.390000000000001,-73.28999999999999,6.86,-35.14,-24.17,57.53,-14.04
2025-08-18T18:11:22.859930,-4812.0,-1635.0,9493.0,-92.0,24.0,72.0,-59.0,6.0,6.0,-6.0,22.0,-26.0,-46.220000000000255,57.3599999999999,38.29999999999927,-41.18,8.56,56.39,-4.289999999999999,10.86,0.8600000000000003,0.8300000000000001,34.53,-27.04
2025-08-18T18:11:22.864151,-4861.0,-1609.0,9419.0,-88.0,51.0,-13.0,-49.0,10.0,-54.0,-42.0,62.0,-41.0,-95.22000000000025,83.3599999999999,-35.70000000000073,-37.18,35.56,-28.61,5.710000000000001,14.86,-59.14,-35.17,74.53,-42.04
2025-08-18T18:11:22.872236,-4782.0,-1776.0,9424.0,-66.0,0.0,-36.0,-77.0,7.0,51.0,20.0,39.0,-41.0,-16.220000000000255,-83.6400000000001,-30.700000000000728,-15.18,-15.44,-51.61,-22.29,11.86,45.86,26.83,51.53,-42.04
2025-08-18T18:11:22.876470,-4732.0,-1781.0,9493.0,-1.0,-5.0,50.0,-67.0,18.0,45.0,10.0,-15.0,-48.0,33.779999999999745,-88.6400000000001,38.29999999999927,49.82,-20.439999999999998,34.39,-12.29,22.86,39.86,16.83,-2.4700000000000006,-49.04
2025-08-18T18:11:22.884804,-4817.0,-1698.0,9432.0,-96.0,-25.0,76.0,-59.0,110.0,26.0,-24.0,-86.0,7.0,-51.220000000000255,-5.6400000000001,-22.700000000000728,-45.18,-40.44,60.39,-4.289999999999999,114.86,20.86,-17.17,-73.47,5.96
2025-08-18T18:11:22.888717,-4771.0,-1634.0,9439.0,-77.0,14.0,59.0,0.0,-4.0,-16.0,54.0,-56.0,47.0,-5.220000000000255,58.3599999999999,-15.700000000000728,-26.18,-1.4399999999999995,43.39,54.71,0.8600000000000003,-21.14,60.83,-43.47,45.96
2025-08-18T18:11:22.897068,-4742.0,-1670.0,9388.0,10.0,24.0,30.0,-2.0,37.0,-16.0,33.0,31.0,83.0,23.779999999999745,22.3599999999999,-66.70000000000073,60.82,8.56,14.39,52.71,41.86,-21.14,39.83,43.53,81.96
2025-08-18T18:11:22.901054,-4707.0,-1757.0,9440.0,-91.0,21.0,45.0,-52.0,-11.0,3.0,14.0,41.0,-46.0,58.779999999999745,-64.6400000000001,-14.700000000000728,-40.18,5.5600000000000005,29.39,2.710000000000001,-6.14,-2.1399999999999997,20.83,53.53,-47.04
2025-08-18T18:11:22.909629,-4809.0,-1618.0,9532.0,-92.0,10.0,5.0,-73.0,-48.0,23.0,14.0,39.0,-17.0,-43.220000000000255,74.3599999999999,77.29999999999927,-41.18,-5.4399999999999995,-10.61,-18.29,-43.14,17.86,20.83,51.53,-18.04
2025-08-18T18:11:22.917280,-4773.0,-1649.0,9437.0,-4.0,23.0,39.0,-89.0,-55.0,40.0,0.0,-13.0,12.0,-7.220000000000255,43.3599999999999,-17.700000000000728,46.82,7.5600000000000005,23.39,-34.29,-50.14,34.86,6.83,-0.47000000000000064,10.96
2025-08-18T18:11:22.921414,-4788.0,-1743.0,9396.0,-39.0,26.0,14.0,-72.0,50.0,8.0,16.0,-85.0,9.0,-22.220000000000255,-50.6400000000001,-58.70000000000073,11.82,10.56,-1.6099999999999994,-17.29,54.86,2.8600000000000003,22.83,-72.47,7.96
2025-08-18T18:11:22.929547,-4693.0,-1684.0,9478.0,-100.0,53.0,83.0,-51.0,25.0,5.0,-6.0,-63.0,25.0,72.77999999999975,8.3599999999999,23.299999999999272,-49.18,37.56,67.39,3.710000000000001,29.86,-0.13999999999999968,0.8300000000000001,-50.47,23.96
2025-08-18T18:11:22.933866,-4809.0,-1664.0,9476.0,-77.0,71.0,-56.0,-46.0,6.0,-22.0,-44.0,17.0,24.0,-43.220000000000255,28.3599999999999,21.299999999999272,-26.18,55.56,-71.61,8.71,10.86,-27.14,-37.17,29.53,22.96
2025-08-18T18:11:22.941822,-4834.0,-1658.0,9456.0,-71.0,32.0,1.0,-31.0,-53.0,26.0,19.0,-6.0,-122.0,-68.22000000000025,34.3599999999999,1.2999999999992724,-20.18,16.560000000000002,-14.61,23.71,-48.14,20.86,25.83,6.529999999999999,-123.04
2025-08-18T18:11:22.946171,-4729.0,-1737.0,9405.0,-62.0,60.0,12.0,-35.0,-2.0,-2.0,78.0,-34.0,-9.0,36.779999999999745,-44.6400000000001,-49.70000000000073,-11.18,44.56,-3.6099999999999994,19.71,2.8600000000000003,-7.14,84.83,-21.47,-10.04
2025-08-18T18:11:22.954082,-4763.0,-1650.0,9491.0,-83.0,-1.0,1.0,-70.0,38.0,17.0,32.0,-2.0,-32.0,2.7799999999997453,42.3599999999999,36.29999999999927,-32.18,-16.439999999999998,-14.61,-15.29,42.86,11.86,38.83,10.53,-33.04
2025-08-18T18:11:22.958310,-4760.0,-1735.0,9492.0,-53.0,-2.0,27.0,-80.0,-11.0,12.0,66.0,19.0,-26.0,5.779999999999745,-42.6400000000001,37.29999999999927,-2.1799999999999997,-17.439999999999998,11.39,-25.29,-6.14,6.86,72.83,31.53,-27.04
2025-08-18T18:11:22.966402,-4792.0,-1663.0,9435.0,-79.0,-40.0,28.0,-20.0,2.0,15.0,-26.0,6.0,-31.0,-26.220000000000255,29.3599999999999,-19.700000000000728,-28.18,-55.44,12.39,34.71,6.86,9.86,-19.17,18.53,-32.04
2025-08-18T18:11:22.974566,-4781.0,-1746.0,9450.0,-53.0,18.0,63.0,-78.0,-17.0,-28.0,64.0,-25.0,-16.0,-15.220000000000255,-53.6400000000001,-4.700000000000728,-2.1799999999999997,2.5600000000000005,47.39,-23.29,-12.14,-33.14,70.83,-12.47,-17.04
2025-08-18T18:11:22.978855,-4769.0,-1702.0,9544.0,6.0,-24.0,-9.0,-77.0,23.0,3.0,-41.0,-42.0,-5.0,-3.2200000000002547,-9.6400000000001,89.29999999999927,56.82,-39.44,-24.61,-22.29,27.86,-2.1399999999999997,-34.17,-29.47,-6.04
2025-08-18T18:11:22.986973,-4837.0,-1627.0,9512.0,-8.0,26.0,37.0,-69.0,2.0,-11.0,-20.0,-76.0,24.0,-71.22000000000025,65.3599999999999,57.29999999999927,42.82,10.56,21.39,-14.29,6.86,-16.14,-13.17,-63.47,22.96
2025-08-18T18:11:22.991139,-4797.0,-1668.0,9419.0,-49.0,75.0,6.0,-74.0,16.0,-14.0,-22.0,68.0,42.0,-31.220000000000255,24.3599999999999,-35.70000000000073,1.8200000000000003,59.56,-9.61,-19.29,20.86,-19.14,-15.17,80.53,40.96
2025-08-18T18:11:22.999265,-4749.0,-1708.0,9396.0,-49.0,100.0,37.0,8.0,15.0,-70.0,-20.0,-10.0,-47.0,16.779999999999745,-15.6400000000001,-58.70000000000073,1.8200000000000003,84.56,21.39,62.71,19.86,-75.14,-13.17,2.5299999999999994,-48.04
2025-08-18T18:11:23.003371,-4835.0,-1701.0,9484.0,-4.0,-29.0,-27.0,23.0,-43.0,-46.0,57.0,-38.0,-60.0,-69.22000000000025,-8.6400000000001,29.299999999999272,46.82,-44.44,-42.61,77.71000000000001,-38.14,-51.14,63.83,-25.47,-61.04
2025-08-18T18:11:23.011499,-4726.0,-1622.0,9471.0,-109.0,79.0,-47.0,4.0,-35.0,3.0,18.0,-29.0,-77.0,39.779999999999745,70.3599999999999,16.299999999999272,-58.18,63.56,-62.61,58.71,-30.14,-2.1399999999999997,24.83,-16.47,-78.04
2025-08-18T18:11:23.015785,-4770.0,-1696.0,9450.0,-57.0,-40.0,44.0,-45.0,-49.0,37.0,47.0,1.0,75.0,-4.220000000000255,-3.6400000000001,-4.700000000000728,-6.18,-55.44,28.39,9.71,-44.14,31.86,53.83,13.53,73.96
2025-08-18T18:11:23.023730,-4767.0,-1771.0,9526.0,-52.0,-5.0,4.0,-34.0,25.0,-21.0,-11.0,-13.0,44.0,-1.2200000000002547,-78.6400000000001,71.29999999999927,-1.1799999999999997,-20.439999999999998,-11.61,20.71,29.86,-26.14,-4.17,-0.47000000000000064,42.96
2025-08-18T18:11:23.028192,-4884.0,-1600.0,9516.0,-76.0,8.0,21.0,-113.0,6.0,5.0,-62.0,3.0,27.0,-118.22000000000025,92.3599999999999,61.29999999999927,-25.18,-7.4399999999999995,5.390000000000001,-58.29,10.86,-0.13999999999999968,-55.17,15.53,25.96
2025-08-18T18:11:23.036170,-4786.0,-1602.0,9394.0,-52.0,76.0,2.0,-53.0,-29.0,6.0,-25.0,20.0,26.0,-20.220000000000255,90.3599999999999,-60.70000000000073,-1.1799999999999997,60.56,-13.61,1.7100000000000009,-24.14,0.8600000000000003,-18.17,32.53,24.96
2025-08-18T18:11:23.044259,-4719.0,-1690.0,9436.0,-11.0,-15.0,-42.0,-26.0,18.0,34.0,0.0,100.0,-56.0,46.779999999999745,2.3599999999999,-18.700000000000728,39.82,-30.439999999999998,-57.61,28.71,22.86,28.86,6.83,112.53,-57.04
2025-08-18T18:11:23.048304,-4765.0,-1825.0,9504.0,4.0,68.0,44.0,-51.0,36.0,15.0,11.0,68.0,-68.0,0.7799999999997453,-132.6400000000001,49.29999999999927,54.82,52.56,28.39,3.710000000000001,40.86,9.86,17.83,80.53,-69.04
2025-08-18T18:11:23.056705,-4778.0,-1644.0,9450.0,-72.0,63.0,-6.0,-61.0,-111.0,18.0,110.0,-52.0,-13.0,-12.220000000000255,48.3599999999999,-4.700000000000728,-21.18,47.56,-21.61,-6.289999999999999,-106.14,12.86,116.83,-39.47,-14.04
2025-08-18T18:11:23.060882,-4739.0,-1646.0,9498.0,-55.0,7.0,-47.0,-147.0,58.0,-22.0,25.0,-26.0,-29.0,26.779999999999745,46.3599999999999,43.29999999999927,-4.18,-8.44,-62.61,-92.28999999999999,62.86,-27.14,31.83,-13.47,-30.04
2025-08-18T18:11:23.068959,-4713.0,-1704.0,9532.0,-21.0,5.0,-17.0,-1.0,-102.0,53.0,-25.0,-87.0,33.0,52.779999999999745,-11.6400000000001,77.29999999999927,29.82,-10.44,-32.61,53.71,-97.14,47.86,-18.17,-74.47,31.96
2025-08-18T18:11:23.073158,-4826.0,-1653.0,9494.0,-64.0,3.0,-24.0,-16.0,-31.0,40.0,8.0,41.0,12.0,-60.220000000000255,39.3599999999999,39.29999999999927,-13.18,-12.44,-39.61,38.71,-26.14,34.86,14.83,53.53,10.96
2025-08-18T18:11:23.081106,-4780.0,-1656.0,9391.0,-35.0,-77.0,-6.0,-117.0,5.0,25.0,-67.0,22.0,20.0,-14.220000000000255,36.3599999999999,-63.70000000000073,15.82,-92.44,-21.61,-62.29,9.86,19.86,-60.17,34.53,18.96
2025-08-18T18:11:23.085526,-4777.0,-1696.0,9406.0,-49.0,-1.0,-11.0,-119.0,67.0,-3.0,9.0,-8.0,28.0,-11.220000000000255,-3.6400000000001,-48.70000000000073,1.8200000000000003,-16.439999999999998,-26.61,-64.28999999999999,71.86,-8.14,15.83,4.529999999999999,26.96
2025-08-18T18:11:23.093398,-4675.0,-1713.0,9495.0,-89.0,54.0,17.0,-86.0,6.0,-18.0,42.0,16.0,24.0,90.77999999999975,-20.6400000000001,40.29999999999927,-38.18,38.56,1.3900000000000006,-31.29,10.86,-23.14,48.83,28.53,22.96
2025-08-18T18:11:23.101703,-4762.0,-1626.0,9453.0,-21.0,3.0,-22.0,-84.0,-7.0,-11.0,45.0,-47.0,-59.0,3.7799999999997453,66.3599999999999,-1.7000000000007276,29.82,-12.44,-37.61,-29.29,-2.1399999999999997,-16.14,51.83,-34.47,-60.04
2025-08-18T18:11:23.105846,-4762.0,-1612.0,9449.0,-28.0,41.0,72.0,-67.0,-60.0,41.0,46.0,-49.0,41.0,3.7799999999997453,80.3599999999999,-5.700000000000728,22.82,25.560000000000002,56.39,-12.29,-55.14,35.86,52.83,-36.47,39.96
2025-08-18T18:11:23.113869,-4710.0,-1695.0,9396.0,-80.0,56.0,47.0,-21.0,-43.0,49.0,-11.0,-32.0,74.0,55.779999999999745,-2.6400000000001,-58.70000000000073,-29.18,40.56,31.39,33.71,-38.14,43.86,-4.17,-19.47,72.96
2025-08-18T18:11:23.118163,-4782.0,-1705.0,9501.0,-77.0,55.0,-16.0,-33.0,20.0,52.0,-34.0,23.0,-16.0,-16.220000000000255,-12.6400000000001,46.29999999999927,-26.18,39.56,-31.61,21.71,24.86,46.86,-27.17,35.53,-17.04
2025-08-18T18:11:23.126313,-4844.0,-1613.0,9393.0,32.0,25.0,56.0,-54.0,-13.0,16.0,-56.0,-25.0,-77.0,-78.22000000000025,79.3599999999999,-61.70000000000073,82.82,9.56,40.39,0.7100000000000009,-8.14,10.86,-49.17,-12.47,-78.04
2025-08-18T18:11:23.130460,-4733.0,-1702.0,9420.0,-64.0,55.0,21.0,-62.0,3.0,17.0,61.0,-21.0,-56.0,32.779999999999745,-9.6400000000001,-34.70000000000073,-13.18,39.56,5.390000000000001,-7.289999999999999,7.86,11.86,67.83,-8.47,-57.04
2025-08-18T18:11:23.138507,-4748.0,-1733.0,9542.0,-72.0,-9.0,1.0,-53.0,-32.0,-27.0,94.0,-125.0,58.0,17.779999999999745,-40.6400000000001,87.29999999999927,-21.18,-24.439999999999998,-14.61,1.7100000000000009,-27.14,-32.14,100.83,-112.47,56.96
2025-08-18T18:11:23.142673,-4811.0,-1772.0,9496.0,-21.0,36.0,17.0,-25.0,-14.0,12.0,85.0,-102.0,19.0,-45.220000000000255,-79.6400000000001,41.29999999999927,29.82,20.560000000000002,1.3900000000000006,29.71,-9.14,6.86,91.83,-89.47,17.96
2025-08-18T18:11:23.150890,-4700.0,-1670.0,9462.0,-74.0,54.0,9.0,-11.0,-18.0,21.0,-46.0,-15.0,19.0,65.77999999999975,22.3599999999999,7.299999999999272,-23.18,38.56,-6.609999999999999,43.71,-13.14,15.86,-39.17,-2.4700000000000006,17.96
2025-08-18T18:11:23.158937,-4694.0,-1667.0,9453.0,-48.0,30.0,-43.0,-35.0,-43.0,23.0,-3.0,1.0,-2.0,71.77999999999975,25.3599999999999,-1.7000000000007276,2.8200000000000003,14.56,-58.61,19.71,-38.14,17.86,3.83,13.53,-3.04
2025-08-18T18:11:23.163149,-4861.0,-1766.0,9540.0,15.0,28.0,46.0,-35.0,11.0,25.0,-9.0,-32.0,45.0,-95.22000000000025,-73.6400000000001,85.29999999999927,65.82,12.56,30.39,19.71,15.86,19.86,-2.17,-19.47,43.96
2025-08-18T18:11:23.171172,-4795.0,-1695.0,9463.0,-93.0,39.0,93.0,-18.0,10.0,38.0,-25.0,31.0,51.0,-29.220000000000255,-2.6400000000001,8.299999999999272,-42.18,23.560000000000002,77.39,36.71,14.86,32.86,-18.17,43.53,49.96
2025-08-18T18:11:23.175467,-4749.0,-1684.0,9458.0,-63.0,-14.0,-17.0,-1.0,-40.0,-23.0,43.0,1.0,-15.0,16.779999999999745,8.3599999999999,3.2999999999992724,-12.18,-29.439999999999998,-32.61,53.71,-35.14,-28.14,49.83,13.53,-16.04
2025-08-18T18:11:23.183581,-4746.0,-1699.0,9462.0,-20.0,-75.0,0.0,-72.0,-52.0,37.0,34.0,-52.0,11.0,19.779999999999745,-6.6400000000001,7.299999999999272,30.82,-90.44,-15.61,-17.29,-47.14,31.86,40.83,-39.47,9.96
2025-08-18T18:11:23.187837,-4870.0,-1614.0,9447.0,-62.0,101.0,70.0,-23.0,-84.0,68.0,70.0,-35.0,-4.0,-104.22000000000025,78.3599999999999,-7.700000000000728,-11.18,85.56,54.39,31.71,-79.14,62.86,76.83,-22.47,-5.04
2025-08-18T18:11:23.195906,-4837.0,-1708.0,9446.0,-74.0,14.0,-23.0,-59.0,22.0,48.0,-28.0,-17.0,52.0,-71.22000000000025,-15.6400000000001,-8.700000000000728,-23.18,-1.4399999999999995,-38.61,-4.289999999999999,26.86,42.86,-21.17,-4.470000000000001,50.96
2025-08-18T18:11:23.200157,-4734.0,-1695.0,9428.0,-61.0,-65.0,41.0,23.0,4.0,15.0,-68.0,-47.0,28.0,31.779999999999745,-2.6400000000001,-26.700000000000728,-10.18,-80.44,25.39,77.71000000000001,8.86,9.86,-61.17,-34.47,26.96
2025-08-18T18:11:23.208210,-4776.0,-1762.0,9476.0,-69.0,84.0,19.0,-39.0,-43.0,6.0,-41.0,8.0,-49.0,-10.220000000000255,-69.6400000000001,21.299999999999272,-18.18,68.56,3.3900000000000006,15.71,-38.14,0.8600000000000003,-34.17,20.53,-50.04
2025-08-18T18:11:23.216312,-4737.0,-1684.0,9485.0,-95.0,11.0,28.0,-75.0,-121.0,54.0,22.0,-17.0,-18.0,28.779999999999745,8.3599999999999,30.299999999999272,-44.18,-4.4399999999999995,12.39,-20.29,-116.14,48.86,28.83,-4.470000000000001,-19.04
2025-08-18T18:11:23.220461,-4744.0,-1601.0,9440.0,-58.0,-39.0,-23.0,-70.0,-17.0,35.0,63.0,17.0,-39.0,21.779999999999745,91.3599999999999,-14.700000000000728,-7.18,-54.44,-38.61,-15.29,-12.14,29.86,69.83,29.53,-40.04
2025-08-18T18:11:23.228615,-4728.0,-1733.0,9485.0,-19.0,29.0,9.0,-29.0,-63.0,-42.0,-10.0,20.0,46.0,37.779999999999745,-40.6400000000001,30.299999999999272,31.82,13.56,-6.609999999999999,25.71,-58.14,-47.14,-3.17,32.53,44.96
2025-08-18T18:11:23.232842,-4794.0,-1706.0,9428.0,-100.0,31.0,5.0,5.0,-5.0,50.0,3.0,-114.0,59.0,-28.220000000000255,-13.6400000000001,-26.700000000000728,-49.18,15.56,-10.61,59.71,-0.13999999999999968,44.86,9.83,-101.47,57.96
2025-08-18T18:11:23.240813,-4764.0,-1663.0,9375.0,-17.0,28.0,53.0,-2.0,-35.0,5.0,56.0,21.0,64.0,1.7799999999997453,29.3599999999999,-79.70000000000073,33.82,12.56,37.39,52.71,-30.14,-0.13999999999999968,62.83,33.53,62.96
2025-08-18T18:11:23.245168,-4724.0,-1620.0,9365.0,-75.0,-22.0,25.0,-6.0,23.0,41.0,-28.0,56.0,1.0,41.779999999999745,72.3599999999999,-89.70000000000073,-24.18,-37.44,9.39,48.71,27.86,35.86,-21.17,68.53,-0.040000000000000036
2025-08-18T18:11:23.253227,-4726.0,-1780.0,9413.0,-131.0,98.0,49.0,-64.0,98.0,-44.0,8.0,60.0,-36.0,39.779999999999745,-87.6400000000001,-41.70000000000073,-80.18,82.56,33.39,-9.29,102.86,-49.14,14.83,72.53,-37.04
2025-08-18T18:11:23.257454,-4812.0,-1744.0,9428.0,-76.0,24.0,21.0,-90.0,90.0,-30.0,26.0,-68.0,-3.0,-46.220000000000255,-51.6400000000001,-26.700000000000728,-25.18,8.56,5.390000000000001,-35.29,94.86,-35.14,32.83,-55.47,-4.04
2025-08-18T18:11:23.265425,-4759.0,-1669.0,9407.0,16.0,-40.0,24.0,-98.0,-85.0,11.0,12.0,-20.0,-18.0,6.779999999999745,23.3599999999999,-47.70000000000073,66.82,-55.44,8.39,-43.29,-80.14,5.86,18.83,-7.470000000000001,-19.04
2025-08-18T18:11:23.273620,-4744.0,-1762.0,9416.0,-62.0,29.0,-33.0,-42.0,-54.0,33.0,-18.0,-12.0,-29.0,21.779999999999745,-69.6400000000001,-38.70000000000073,-11.18,13.56,-48.61,12.71,-49.14,27.86,-11.17,0.5299999999999994,-30.04
2025-08-18T18:11:23.277933,-4705.0,-1705.0,9513.0,24.0,56.0,20.0,-57.0,49.0,16.0,-25.0,-6.0,49.0,60.779999999999745,-12.6400000000001,58.29999999999927,74.82,40.56,4.390000000000001,-2.289999999999999,53.86,10.86,-18.17,6.529999999999999,47.96
2025-08-18T18:11:23.285744,-4781.0,-1667.0,9462.0,-47.0,-45.0,27.0,-21.0,-30.0,40.0,-37.0,11.0,-28.0,-15.220000000000255,25.3599999999999,7.299999999999272,3.8200000000000003,-60.44,11.39,33.71,-25.14,34.86,-30.17,23.53,-29.04
2025-08-18T18:11:23.290214,-4755.0,-1607.0,9413.0,-48.0,57.0,65.0,-57.0,66.0,1.0,37.0,56.0,-56.0,10.779999999999745,85.3599999999999,-41.70000000000073,2.8200000000000003,41.56,49.39,-2.289999999999999,70.86,-4.14,43.83,68.53,-57.04
2025-08-18T18:11:23.298339,-4728.0,-1722.0,9454.0,-78.0,60.0,18.0,-51.0,-26.0,23.0,-8.0,-48.0,-1.0,37.779999999999745,-29.6400000000001,-0.7000000000007276,-27.18,44.56,2.3900000000000006,3.710000000000001,-21.14,17.86,-1.17,-35.47,-2.04
2025-08-18T18:11:23.302518,-4750.0,-1706.0,9409.0,-21.0,1.0,-68.0,-92.0,-71.0,49.0,-24.0,-66.0,-25.0,15.779999999999745,-13.6400000000001,-45.70000000000073,29.82,-14.44,-83.61,-37.29,-66.14,43.86,-17.17,-53.47,-26.04
2025-08-18T18:11:23.310590,-4776.0,-1626.0,9430.0,-64.0,-35.0,23.0,-126.0,-6.0,57.0,-78.0,-31.0,-6.0,-10.220000000000255,66.3599999999999,-24.700000000000728,-13.18,-50.44,7.390000000000001,-71.28999999999999,-1.1399999999999997,51.86,-71.17,-18.47,-7.04
2025-08-18T18:11:23.314780,-4764.0,-1720.0,9436.0,-107.0,-5.0,8.0,-100.0,-9.0,-8.0,-32.0,4.0,62.0,1.7799999999997453,-27.6400000000001,-18.700000000000728,-56.18,-20.439999999999998,-7.609999999999999,-45.29,-4.14,-13.14,-25.17,16.53,60.96
2025-08-18T18:11:23.322814,-4735.0,-1659.0,9521.0,36.0,27.0,-33.0,8.0,-25.0,5.0,-36.0,35.0,-23.0,30.779999999999745,33.3599999999999,66.29999999999927,86.82,11.56,-48.61,62.71,-20.14,-0.13999999999999968,-29.17,47.53,-24.04
2025-08-18T18:11:23.326854,-4795.0,-1709.0,9501.0,4.0,-80.0,1.0,-93.0,-7.0,-37.0,-17.0,0.0,0.0,-29.220000000000255,-16.6400000000001,46.29999999999927,54.82,-95.44,-14.61,-38.29,-2.1399999999999997,-42.14,-10.17,12.53,-1.04
2025-08-18T18:11:23.335262,-4781.0,-1667.0,9473.0,-105.0,10.0,2.0,-103.0,-20.0,28.0,-11.0,21.0,-21.0,-15.220000000000255,25.3599999999999,18.299999999999272,-54.18,-5.4399999999999995,-13.61,-48.29,-15.14,22.86,-4.17,33.53,-22.04
2025-08-18T18:11:23.343191,-4802.0,-1627.0,9430.0,-87.0,69.0,-20.0,20.0,42.0,-14.0,53.0,49.0,-12.0,-36.220000000000255,65.3599999999999,-24.700000000000728,-36.18,53.56,-35.61,74.71000000000001,46.86,-19.14,59.83,61.53,-13.04
2025-08-18T18:11:23.347428,-4710.0,-1629.0,9455.0,-37.0,19.0,-36.0,-83.0,-11.0,-32.0,58.0,-35.0,-12.0,55.779999999999745,63.3599999999999,0.2999999999992724,13.82,3.5600000000000005,-51.61,-28.29,-6.14,-37.14,64.83,-22.47,-13.04
2025-08-18T18:11:23.355668,-4788.0,-1622.0,9463.0,-7.0,9.0,-31.0,41.0,-24.0,39.0,-8.0,-46.0,11.0,-22.220000000000255,70.3599999999999,8.299999999999272,43.82,-6.4399999999999995,-46.61,95.71000000000001,-19.14,33.86,-1.17,-33.47,9.96
2025-08-18T18:11:23.359922,-4785.0,-1615.0,9450.0,-40.0,44.0,34.0,-52.0,-4.0,32.0,-67.0,-3.0,25.0,-19.220000000000255,77.3599999999999,-4.700000000000728,10.82,28.560000000000002,18.39,2.710000000000001,0.8600000000000003,26.86,-60.17,9.53,23.96
2025-08-18T18:11:23.367854,-4655.0,-1733.0,9420.0,-106.0,78.0,-6.0,-102.0,-58.0,41.0,-9.0,6.0,12.0,110.77999999999975,-40.6400000000001,-34.70000000000073,-55.18,62.56,-21.61,-47.29,-53.14,35.86,-2.17,18.53,10.96
2025-08-18T18:11:23.372066,-4703.0,-1727.0,9449.0,-67.0,4.0,-58.0,-44.0,-55.0,11.0,-6.0,48.0,-53.0,62.779999999999745,-34.6400000000001,-5.700000000000728,-16.18,-11.44,-73.61,10.71,-50.14,5.86,0.8300000000000001,60.53,-54.04
2025-08-18T18:11:23.380231,-4758.0,-1707.0,9493.0,-116.0,-1.0,24.0,-50.0,0.0,32.0,5.0,-37.0,-46.0,7.779999999999745,-14.6400000000001,38.29999999999927,-65.18,-16.439999999999998,8.39,4.710000000000001,4.86,26.86,11.83,-24.47,-47.04
2025-08-18T18:11:23.388286,-4821.0,-1696.0,9422.0,-64.0,35.0,23.0,-22.0,-21.0,-23.0,14.0,-69.0,-25.0,-55.220000000000255,-3.6400000000001,-32.70000000000073,-13.18,19.560000000000002,7.390000000000001,32.71,-16.14,-28.14,20.83,-56.47,-26.04
2025-08-18T18:11:23.392473,-4756.0,-1710.0,9469.0,-36.0,89.0,17.0,-17.0,6.0,-2.0,87.0,-69.0,-26.0,9.779999999999745,-17.6400000000001,14.299999999999272,14.82,73.56,1.3900000000000006,37.71,10.86,-7.14,93.83,-56.47,-27.04
2025-08-18T18:11:23.400522,-4794.0,-1685.0,9520.0,-40.0,-64.0,37.0,-50.0,-18.0,48.0,37.0,-18.0,-4.0,-28.220000000000255,7.3599999999999,65.29999999999927,10.82,-79.44,21.39,4.710000000000001,-13.14,42.86,43.83,-5.470000000000001,-5.04
2025-08-18T18:11:23.404933,-4834.0,-1638.0,9500.0,-42.0,57.0,40.0,-140.0,30.0,43.0,-54.0,12.0,58.0,-68.22000000000025,54.3599999999999,45.29999999999927,8.82,41.56,24.39,-85.28999999999999,34.86,37.86,-47.17,24.53,56.96
2025-08-18T18:11:23.412920,-4700.0,-1726.0,9436.0,-2.0,9.0,29.0,-30.0,29.0,-35.0,-61.0,15.0,-28.0,65.77999999999975,-33.6400000000001,-18.700000000000728,48.82,-6.4399999999999995,13.39,24.71,33.86,-40.14,-54.17,27.53,-29.04
2025-08-18T18:11:23.417142,-4717.0,-1705.0,9431.0,37.0,-28.0,-1.0,8.0,27.0,-43.0,18.0,28.0,-5.0,48.779999999999745,-12.6400000000001,-23.700000000000728,87.82,-43.44,-16.61,62.71,31.86,-48.14,24.83,40.53,-6.04
2025-08-18T18:11:23.425238,-4788.0,-1730.0,9484.0,-32.0,-24.0,100.0,-48.0,-37.0,23.0,62.0,75.0,-5.0,-22.220000000000255,-37.6400000000001,29.299999999999272,18.82,-39.44,84.39,6.710000000000001,-32.14,17.86,68.83,87.53,-6.04
2025-08-18T18:11:23.430230,-4849.0,-1659.0,9485.0,-102.0,30.0,8.0,-58.0,-101.0,-6.0,-5.0,-80.0,-57.0,-83.22000000000025,33.3599999999999,30.299999999999272,-51.18,14.56,-7.609999999999999,-3.289999999999999,-96.14,-11.14,1.83,-67.47,-58.04
2025-08-18T18:11:23.437506,-4836.0,-1668.0,9451.0,-7.0,-54.0,-30.0,-92.0,-63.0,68.0,17.0,-20.0,31.0,-70.22000000000025,24.3599999999999,-3.7000000000007276,43.82,-69.44,-45.61,-37.29,-58.14,62.86,23.83,-7.470000000000001,29.96
2025-08-18T18:11:23.442590,-4717.0,-1816.0,9424.0,-59.0,-8.0,7.0,-84.0,-71.0,38.0,-96.0,-9.0,62.0,48.779999999999745,-123.6400000000001,-30.700000000000728,-8.18,-23.439999999999998,-8.61,-29.29,-66.14,32.86,-89.17,3.5299999999999994,60.96
2025-08-18T18:11:23.449769,-4747.0,-1678.0,9494.0,-123.0,34.0,-15.0,-40.0,1.0,1.0,-82.0,-39.0,51.0,18.779999999999745,14.3599999999999,39.29999999999927,-72.18,18.560000000000002,-30.61,14.71,5.86,-4.14,-75.17,-26.47,49.96
2025-08-18T18:11:23.455211,-4784.0,-1677.0,9413.0,-77.0,9.0,34.0,-64.0,26.0,-10.0,3.0,73.0,49.0,-18.220000000000255,15.3599999999999,-41.70000000000073,-26.18,-6.4399999999999995,18.39,-9.29,30.86,-15.14,9.83,85.53,47.96
2025-08-18T18:11:23.462045,-4818.0,-1649.0,9392.0,-26.0,47.0,17.0,-49.0,20.0,-17.0,-95.0,13.0,-24.0,-52.220000000000255,43.3599999999999,-62.70000000000073,24.82,31.560000000000002,1.3900000000000006,5.710000000000001,24.86,-22.14,-88.17,25.53,-25.04
2025-08-18T18:11:23.470042,-4755.0,-1679.0,9474.0,-88.0,47.0,27.0,-41.0,8.0,11.0,80.0,-29.0,-22.0,10.779999999999745,13.3599999999999,19.299999999999272,-37.18,31.560000000000002,11.39,13.71,12.86,5.86,86.83,-16.47,-23.04
2025-08-18T18:11:23.474341,-4692.0,-1716.0,9497.0,-76.0,44.0,20.0,-83.0,-33.0,30.0,33.0,-19.0,-32.0,73.77999999999975,-23.6400000000001,42.29999999999927,-25.18,28.560000000000002,4.390000000000001,-28.29,-28.14,24.86,39.83,-6.470000000000001,-33.04
2025-08-18T18:11:23.482429,-4738.0,-1663.0,9450.0,-18.0,-19.0,-9.0,-49.0,12.0,-1.0,26.0,-102.0,31.0,27.779999999999745,29.3599999999999,-4.700000000000728,32.82,-34.44,-24.61,5.710000000000001,16.86,-6.14,32.83,-89.47,29.96
2025-08-18T18:11:23.486826,-4769.0,-1708.0,9437.0,-78.0,40.0,11.0,-33.0,36.0,-2.0,-21.0,-11.0,72.0,-3.2200000000002547,-15.6400000000001,-17.700000000000728,-27.18,24.560000000000002,-4.609999999999999,21.71,40.86,-7.14,-14.17,1.5299999999999994,70.96
2025-08-18T18:11:23.494715,-4699.0,-1712.0,9461.0,-107.0,66.0,-8.0,-51.0,-19.0,-36.0,-47.0,4.0,-14.0,66.77999999999975,-19.6400000000001,6.299999999999272,-56.18,50.56,-23.61,3.710000000000001,-14.14,-41.14,-40.17,16.53,-15.04
2025-08-18T18:11:23.502840,-4757.0,-1771.0,9550.0,-42.0,32.0,-23.0,-56.0,-119.0,-24.0,-58.0,11.0,-47.0,8.779999999999745,-78.6400000000001,95.29999999999927,8.82,16.560000000000002,-38.61,-1.2899999999999991,-114.14,-29.14,-51.17,23.53,-48.04
2025-08-18T18:11:23.507055,-4821.0,-1648.0,9448.0,-63.0,25.0,26.0,-31.0,-24.0,33.0,43.0,72.0,-36.0,-55.220000000000255,44.3599999999999,-6.700000000000728,-12.18,9.56,10.39,23.71,-19.14,27.86,49.83,84.53,-37.04
2025-08-18T18:11:23.515096,-4811.0,-1672.0,9509.0,9.0,69.0,17.0,-6.0,-43.0,61.0,1.0,-71.0,-52.0,-45.220000000000255,20.3599999999999,54.29999999999927,59.82,53.56,1.3900000000000006,48.71,-38.14,55.86,7.83,-58.47,-53.04
2025-08-18T18:11:23.519406,-4753.0,-1664.0,9448.0,-105.0,91.0,-18.0,-139.0,22.0,1.0,29.0,-36.0,-26.0,12.779999999999745,28.3599999999999,-6.700000000000728,-54.18,75.56,-33.61,-84.28999999999999,26.86,-4.14,35.83,-23.47,-27.04
2025-08-18T18:11:23.527581,-4763.0,-1744.0,9449.0,-62.0,-13.0,-24.0,-13.0,91.0,-62.0,7.0,8.0,40.0,2.7799999999997453,-51.6400000000001,-5.700000000000728,-11.18,-28.439999999999998,-39.61,41.71,95.86,-67.14,13.83,20.53,38.96
2025-08-18T18:11:23.531954,-4793.0,-1633.0,9461.0,-78.0,33.0,20.0,-66.0,69.0,59.0,-5.0,-32.0,-6.0,-27.220000000000255,59.3599999999999,6.299999999999272,-27.18,17.560000000000002,4.390000000000001,-11.29,73.86,53.86,1.83,-19.47,-7.04
