timestamp,x1,y1,z1,x2,y2,z2,x3,y3,z3,x4,y4,z4,x1_calib,y1_calib,z1_calib,x2_calib,y2_calib,z2_calib,x3_calib,y3_calib,z3_calib,x4_calib,y4_calib,z4_calib
2025-08-08T20:16:06.807793,-4.0,40.0,22.0,-52.0,-21.0,1.0,-51.0,-13.0,-31.0,-18.0,29.0,-17.0,9.93,3.6799999999999997,36.58,-21.09,-43.25,24.76,-44.26,-9.92,-19.4,-28.490000000000002,-14.170000000000002,-0.5500000000000007
2025-08-08T20:16:06.815790,-79.0,32.0,41.0,-9.0,40.0,-15.0,-31.0,-18.0,-55.0,12.0,-8.0,-24.0,-65.07,-4.32,55.58,21.91,17.75,8.760000000000002,-24.259999999999998,-14.92,-43.4,1.5099999999999998,-51.17,-7.550000000000001
2025-08-08T20:16:06.821861,-8.0,60.0,24.0,-51.0,61.0,-88.0,-5.0,13.0,-58.0,8.0,-35.0,30.0,5.93,23.68,38.58,-20.09,38.75,-64.24,1.7400000000000002,16.08,-46.4,-2.49,-78.17,46.45
2025-08-08T20:16:06.824575,-18.0,72.0,-42.0,-14.0,-2.0,-102.0,-7.0,46.0,0.0,20.0,6.0,-26.0,-4.07,35.68,-27.42,16.91,-24.25,-78.24,-0.2599999999999998,49.08,11.6,9.51,-37.17,-9.55
2025-08-08T20:16:06.827345,0.0,40.0,13.0,-41.0,38.0,-40.0,-38.0,59.0,-33.0,-8.0,41.0,-38.0,13.93,3.6799999999999997,27.58,-10.09,15.75,-16.24,-31.259999999999998,62.08,-21.4,-18.490000000000002,-2.1700000000000017,-21.55
2025-08-08T20:16:06.830436,-32.0,63.0,-73.0,-62.0,8.0,-38.0,2.0,-15.0,-37.0,24.0,95.0,-72.0,-18.07,26.68,-58.42,-31.09,-14.25,-14.239999999999998,8.74,-11.92,-25.4,13.51,51.83,-55.55
2025-08-08T20:16:06.832168,-8.0,61.0,-19.0,-29.0,-67.0,-7.0,18.0,-16.0,-45.0,-24.0,87.0,-36.0,5.93,24.68,-4.42,1.9100000000000001,-89.25,16.76,24.740000000000002,-12.92,-33.4,-34.49,43.83,-19.55
2025-08-08T20:16:06.837717,-49.0,-4.0,-37.0,-30.0,-9.0,71.0,-14.0,-56.0,-6.0,-7.0,-54.0,-18.0,-35.07,-40.32,-22.42,0.9100000000000001,-31.25,94.76,-7.26,-52.92,5.6,-17.490000000000002,-97.17,-1.5500000000000007
2025-08-08T20:16:06.841909,-5.0,-24.0,-45.0,-22.0,53.0,-87.0,-10.0,8.0,-17.0,32.0,53.0,-111.0,8.93,-60.32,-30.42,8.91,30.75,-63.239999999999995,-3.26,11.08,-5.4,21.509999999999998,9.829999999999998,-94.55
2025-08-08T20:16:06.845893,-54.0,40.0,-18.0,-5.0,14.0,-33.0,-5.0,-44.0,31.0,21.0,53.0,-65.0,-40.07,3.6799999999999997,-3.42,25.91,-8.25,-9.239999999999998,1.7400000000000002,-40.92,42.6,10.51,9.829999999999998,-48.55
2025-08-08T20:16:06.854494,0.0,54.0,-30.0,11.0,-18.0,-7.0,-7.0,-41.0,22.0,-35.0,101.0,-67.0,13.93,17.68,-15.42,41.91,-40.25,16.76,-0.2599999999999998,-37.92,33.6,-45.49,57.83,-50.55
2025-08-08T20:16:06.859826,36.0,54.0,5.0,3.0,19.0,-30.0,-111.0,-2.0,-74.0,16.0,81.0,-13.0,49.93,17.68,19.58,33.91,-3.25,-6.239999999999998,-104.26,1.08,-62.4,5.51,37.83,3.4499999999999993
2025-08-08T20:16:06.866586,13.0,117.0,-8.0,-30.0,38.0,-13.0,-19.0,-32.0,47.0,3.0,129.0,-52.0,26.93,80.68,6.58,0.9100000000000001,15.75,10.760000000000002,-12.26,-28.92,58.6,-7.49,85.83,-35.55
2025-08-08T20:16:06.872021,-16.0,-20.0,-4.0,-14.0,63.0,-3.0,51.0,23.0,-11.0,-28.0,36.0,15.0,-2.0700000000000003,-56.32,10.58,16.91,40.75,20.76,57.74,26.08,0.5999999999999996,-38.49,-7.170000000000002,31.45
2025-08-08T20:16:06.878985,18.0,-10.0,-7.0,29.0,12.0,-21.0,-4.0,39.0,-5.0,34.0,50.0,39.0,31.93,-46.32,7.58,59.91,-10.25,2.7600000000000016,2.74,42.08,6.6,23.509999999999998,6.829999999999998,55.45
2025-08-08T20:16:06.883616,-21.0,32.0,-30.0,12.0,52.0,-25.0,-60.0,5.0,-45.0,24.0,-3.0,11.0,-7.07,-4.32,-15.42,42.91,29.75,-1.2399999999999984,-53.26,8.08,-33.4,13.51,-46.17,27.45
2025-08-08T20:16:06.891214,27.0,25.0,-50.0,-19.0,-4.0,0.0,57.0,3.0,-8.0,19.0,-5.0,-64.0,40.93,-11.32,-35.42,11.91,-26.25,23.76,63.74,6.08,3.5999999999999996,8.51,-48.17,-47.55
2025-08-08T20:16:06.896049,53.0,-59.0,-93.0,-10.0,1.0,-39.0,3.0,12.0,6.0,-15.0,-14.0,-20.0,66.93,-95.32,-78.42,20.91,-21.25,-15.239999999999998,9.74,15.08,17.6,-25.490000000000002,-57.17,-3.5500000000000007
2025-08-08T20:16:06.903400,-22.0,25.0,27.0,-87.0,-28.0,7.0,16.0,-12.0,-77.0,-23.0,8.0,20.0,-8.07,-11.32,41.58,-56.09,-50.25,30.76,22.740000000000002,-8.92,-65.4,-33.49,-35.17,36.45
2025-08-08T20:16:06.908059,24.0,-37.0,-15.0,21.0,36.0,-13.0,38.0,54.0,-70.0,8.0,18.0,-46.0,37.93,-73.32,-0.41999999999999993,51.91,13.75,10.760000000000002,44.74,57.08,-58.4,-2.49,-25.17,-29.55
2025-08-08T20:16:06.915722,-55.0,42.0,-70.0,-56.0,24.0,-13.0,-16.0,45.0,-39.0,-4.0,26.0,-8.0,-41.07,5.68,-55.42,-25.09,1.75,10.760000000000002,-9.26,48.08,-27.4,-14.49,-17.17,8.45
2025-08-08T20:16:06.921777,-37.0,22.0,-19.0,-62.0,-40.0,-22.0,-47.0,14.0,-5.0,-44.0,111.0,28.0,-23.07,-14.32,-4.42,-31.09,-62.25,1.7600000000000016,-40.26,17.08,6.6,-54.49,67.83,44.45
2025-08-08T20:16:06.928087,-3.0,-4.0,-1.0,-50.0,47.0,-24.0,12.0,4.0,-52.0,22.0,33.0,8.0,10.93,-40.32,13.58,-19.09,24.75,-0.23999999999999844,18.740000000000002,7.08,-40.4,11.51,-10.170000000000002,24.45
2025-08-08T20:16:06.932685,24.0,35.0,24.0,-20.0,-4.0,34.0,4.0,-46.0,-24.0,8.0,41.0,11.0,37.93,-1.3200000000000003,38.58,10.91,-26.25,57.760000000000005,10.74,-42.92,-12.4,-2.49,-2.1700000000000017,27.45
2025-08-08T20:16:06.940189,9.0,11.0,53.0,33.0,82.0,-24.0,-21.0,-94.0,-29.0,26.0,66.0,-59.0,22.93,-25.32,67.58,63.91,59.75,-0.23999999999999844,-14.26,-90.92,-17.4,15.51,22.83,-42.55
2025-08-08T20:16:06.945080,-60.0,53.0,-27.0,-89.0,-15.0,-16.0,49.0,-67.0,78.0,51.0,87.0,24.0,-46.07,16.68,-12.42,-58.09,-37.25,7.760000000000002,55.74,-63.92,89.6,40.51,43.83,40.45
2025-08-08T20:16:06.952575,-24.0,51.0,-14.0,-39.0,-38.0,15.0,44.0,-37.0,5.0,2.0,30.0,-84.0,-10.07,14.68,0.5800000000000001,-8.09,-60.25,38.760000000000005,50.74,-33.92,16.6,-8.49,-13.170000000000002,-67.55
2025-08-08T20:16:06.957320,-26.0,66.0,3.0,-19.0,81.0,-21.0,-40.0,-50.0,-11.0,34.0,72.0,-72.0,-12.07,29.68,17.58,11.91,58.75,2.7600000000000016,-33.26,-46.92,0.5999999999999996,23.509999999999998,28.83,-55.55
2025-08-08T20:16:06.961757,1.0,63.0,36.0,-53.0,34.0,-42.0,-36.0,4.0,3.0,-20.0,7.0,-65.0,14.93,26.68,50.58,-22.09,11.75,-18.24,-29.259999999999998,7.08,14.6,-30.490000000000002,-36.17,-48.55
2025-08-08T20:16:06.970502,-42.0,85.0,45.0,-29.0,43.0,-8.0,15.0,-16.0,35.0,33.0,46.0,-46.0,-28.07,48.68,59.58,1.9100000000000001,20.75,15.760000000000002,21.740000000000002,-12.92,46.6,22.509999999999998,2.8299999999999983,-29.55
2025-08-08T20:16:06.976846,-73.0,24.0,-8.0,-34.0,40.0,17.0,-19.0,-23.0,-26.0,22.0,59.0,-61.0,-59.07,-12.32,6.58,-3.09,17.75,40.760000000000005,-12.26,-19.92,-14.4,11.51,15.829999999999998,-44.55
2025-08-08T20:16:06.981126,-39.0,60.0,-8.0,-26.0,-19.0,-52.0,-21.0,18.0,-26.0,3.0,22.0,3.0,-25.07,23.68,6.58,4.91,-41.25,-28.24,-14.26,21.08,-14.4,-7.49,-21.17,19.45
2025-08-08T20:16:06.985126,24.0,75.0,33.0,44.0,23.0,1.0,-4.0,-19.0,20.0,10.0,58.0,-53.0,37.93,38.68,47.58,74.91,0.75,24.76,2.74,-15.92,31.6,-0.4900000000000002,14.829999999999998,-36.55
2025-08-08T20:16:06.993454,-26.0,77.0,-8.0,-55.0,46.0,-21.0,10.0,-42.0,-38.0,34.0,103.0,16.0,-12.07,40.68,6.58,-24.09,23.75,2.7600000000000016,16.740000000000002,-38.92,-26.4,23.509999999999998,59.83,32.45
2025-08-08T20:16:06.997465,6.0,80.0,-48.0,-19.0,1.0,-28.0,55.0,-32.0,34.0,12.0,-12.0,-23.0,19.93,43.68,-33.42,11.91,-21.25,-4.239999999999998,61.74,-28.92,45.6,1.5099999999999998,-55.17,-6.550000000000001
2025-08-08T20:16:07.005703,12.0,69.0,-4.0,-109.0,63.0,-42.0,-11.0,-10.0,20.0,42.0,43.0,-24.0,25.93,32.68,10.58,-78.09,40.75,-18.24,-4.26,-6.92,31.6,31.509999999999998,-0.1700000000000017,-7.550000000000001
2025-08-08T20:16:07.013765,58.0,64.0,-25.0,-55.0,49.0,-21.0,18.0,-3.0,-49.0,-41.0,-34.0,-61.0,71.93,27.68,-10.42,-24.09,26.75,2.7600000000000016,24.740000000000002,0.08000000000000007,-37.4,-51.49,-77.17,-44.55
2025-08-08T20:16:07.017964,-7.0,-19.0,13.0,-11.0,44.0,-69.0,-54.0,-25.0,-49.0,34.0,106.0,-28.0,6.93,-55.32,27.58,19.91,21.75,-45.239999999999995,-47.26,-21.92,-37.4,23.509999999999998,62.83,-11.55
2025-08-08T20:16:07.026147,6.0,54.0,-29.0,-35.0,-13.0,-17.0,-1.0,29.0,-18.0,-34.0,37.0,-3.0,19.93,17.68,-14.42,-4.09,-35.25,6.760000000000002,5.74,32.08,-6.4,-44.49,-6.170000000000002,13.45
2025-08-08T20:16:07.030404,66.0,67.0,-11.0,58.0,71.0,-24.0,-8.0,-10.0,-28.0,15.0,27.0,-24.0,79.93,30.68,3.58,88.91,48.75,-0.23999999999999844,-1.2599999999999998,-6.92,-16.4,4.51,-16.17,-7.550000000000001
2025-08-08T20:16:07.034265,-14.0,73.0,4.0,16.0,9.0,14.0,18.0,8.0,-32.0,-39.0,11.0,-32.0,-0.07000000000000028,36.68,18.58,46.91,-13.25,37.760000000000005,24.740000000000002,11.08,-20.4,-49.49,-32.17,-15.55
2025-08-08T20:16:07.042604,31.0,4.0,-25.0,-7.0,70.0,43.0,13.0,-36.0,-9.0,20.0,-4.0,-30.0,44.93,-32.32,-10.42,23.91,47.75,66.76,19.740000000000002,-32.92,2.5999999999999996,9.51,-47.17,-13.55
2025-08-08T20:16:07.046616,-69.0,-10.0,114.0,27.0,30.0,4.0,12.0,-32.0,-5.0,-11.0,44.0,-23.0,-55.07,-46.32,128.58,57.91,7.75,27.76,18.740000000000002,-28.92,6.6,-21.490000000000002,0.8299999999999983,-6.550000000000001
2025-08-08T20:16:07.054698,-34.0,27.0,17.0,-59.0,61.0,10.0,60.0,-30.0,-37.0,27.0,65.0,29.0,-20.07,-9.32,31.58,-28.09,38.75,33.760000000000005,66.74,-26.92,-25.4,16.509999999999998,21.83,45.45
2025-08-08T20:16:07.058860,-33.0,107.0,97.0,-32.0,12.0,-16.0,8.0,-4.0,46.0,32.0,57.0,-52.0,-19.07,70.68,111.58,-1.0899999999999999,-10.25,7.760000000000002,14.74,-0.9199999999999999,57.6,21.509999999999998,13.829999999999998,-35.55
2025-08-08T20:16:07.067053,-62.0,64.0,48.0,17.0,69.0,-15.0,67.0,5.0,-50.0,8.0,30.0,34.0,-48.07,27.68,62.58,47.91,46.75,8.760000000000002,73.74,8.08,-38.4,-2.49,-13.170000000000002,50.45
2025-08-08T20:16:07.071200,51.0,4.0,70.0,-32.0,67.0,-93.0,-27.0,-5.0,-15.0,61.0,128.0,-34.0,64.93,-32.32,84.58,-1.0899999999999999,44.75,-69.24,-20.259999999999998,-1.92,-3.4000000000000004,50.51,84.83,-17.55
2025-08-08T20:16:07.079326,-6.0,10.0,15.0,-17.0,-43.0,-8.0,-18.0,-17.0,21.0,-9.0,15.0,-12.0,7.93,-26.32,29.58,13.91,-65.25,15.760000000000002,-11.26,-13.92,32.6,-19.490000000000002,-28.17,4.449999999999999
2025-08-08T20:16:07.083496,-81.0,19.0,-18.0,-34.0,49.0,15.0,-32.0,44.0,7.0,20.0,7.0,-6.0,-67.07,-17.32,-3.42,-3.09,26.75,38.760000000000005,-25.259999999999998,47.08,18.6,9.51,-36.17,10.45
2025-08-08T20:16:07.091729,44.0,6.0,-7.0,-36.0,86.0,-45.0,-63.0,-10.0,-25.0,40.0,27.0,40.0,57.93,-30.32,7.58,-5.09,63.75,-21.24,-56.26,-6.92,-13.4,29.509999999999998,-16.17,56.45
2025-08-08T20:16:07.095997,29.0,-12.0,37.0,-23.0,34.0,23.0,-21.0,-45.0,-28.0,29.0,66.0,-20.0,42.93,-48.32,51.58,7.91,11.75,46.760000000000005,-14.26,-41.92,-16.4,18.509999999999998,22.83,-3.5500000000000007
2025-08-08T20:16:07.103867,-36.0,0.0,-56.0,-22.0,68.0,-22.0,9.0,-45.0,-50.0,22.0,38.0,-13.0,-22.07,-36.32,-41.42,8.91,45.75,1.7600000000000016,15.74,-41.92,-38.4,11.51,-5.170000000000002,3.4499999999999993
2025-08-08T20:16:07.108112,-43.0,12.0,-63.0,-57.0,45.0,28.0,16.0,-35.0,-62.0,3.0,60.0,-12.0,-29.07,-24.32,-48.42,-26.09,22.75,51.760000000000005,22.740000000000002,-31.92,-50.4,-7.49,16.83,4.449999999999999
2025-08-08T20:16:07.116110,-58.0,41.0,-41.0,18.0,50.0,-56.0,-32.0,66.0,-59.0,3.0,44.0,39.0,-44.07,4.68,-26.42,48.91,27.75,-32.239999999999995,-25.259999999999998,69.08,-47.4,-7.49,0.8299999999999983,55.45
2025-08-08T20:16:07.120393,73.0,64.0,-74.0,-50.0,21.0,-10.0,-9.0,12.0,-15.0,36.0,86.0,11.0,86.93,27.68,-59.42,-19.09,-1.25,13.760000000000002,-2.26,15.08,-3.4000000000000004,25.509999999999998,42.83,27.45
2025-08-08T20:16:07.128499,-47.0,44.0,-5.0,-134.0,79.0,-26.0,11.0,-66.0,-35.0,42.0,52.0,-9.0,-33.07,7.68,9.58,-103.09,56.75,-2.2399999999999984,17.740000000000002,-62.92,-23.4,31.509999999999998,8.829999999999998,7.449999999999999
2025-08-08T20:16:07.132825,-13.0,-10.0,4.0,21.0,52.0,-79.0,-91.0,-24.0,-2.0,51.0,48.0,-20.0,0.9299999999999997,-46.32,18.58,51.91,29.75,-55.239999999999995,-84.26,-20.92,9.6,40.51,4.829999999999998,-3.5500000000000007
2025-08-08T20:16:07.140696,-71.0,-29.0,-28.0,-66.0,-5.0,11.0,-23.0,-34.0,2.0,10.0,44.0,-137.0,-57.07,-65.32,-13.42,-35.09,-27.25,34.760000000000005,-16.259999999999998,-30.92,13.6,-0.4900000000000002,0.8299999999999983,-120.55
2025-08-08T20:16:07.144922,-31.0,-24.0,-32.0,-45.0,25.0,-39.0,-90.0,70.0,-6.0,50.0,104.0,-36.0,-17.07,-60.32,-17.42,-14.09,2.75,-15.239999999999998,-83.26,73.08,5.6,39.51,60.83,-19.55
2025-08-08T20:16:07.153182,-9.0,71.0,15.0,-50.0,1.0,10.0,-17.0,6.0,-43.0,-18.0,71.0,-41.0,4.93,34.68,29.58,-19.09,-21.25,33.760000000000005,-10.26,9.08,-31.4,-28.490000000000002,27.83,-24.55
2025-08-08T20:16:07.157393,-10.0,10.0,28.0,-30.0,62.0,-64.0,-4.0,-5.0,-73.0,-82.0,73.0,-46.0,3.9299999999999997,-26.32,42.58,0.9100000000000001,39.75,-40.239999999999995,2.74,-1.92,-61.4,-92.49,29.83,-29.55
2025-08-08T20:16:07.165291,50.0,56.0,11.0,-77.0,-4.0,23.0,-3.0,64.0,27.0,-2.0,77.0,-73.0,63.93,19.68,25.58,-46.09,-26.25,46.760000000000005,3.74,67.08,38.6,-12.49,33.83,-56.55
2025-08-08T20:16:07.169651,73.0,15.0,65.0,-75.0,30.0,80.0,-72.0,-53.0,-51.0,21.0,21.0,-9.0,86.93,-21.32,79.58,-44.09,7.75,103.76,-65.26,-49.92,-39.4,10.51,-22.17,7.449999999999999
2025-08-08T20:16:07.177485,32.0,22.0,36.0,-43.0,-6.0,5.0,3.0,39.0,-9.0,6.0,11.0,-25.0,45.93,-14.32,50.58,-12.09,-28.25,28.76,9.74,42.08,2.5999999999999996,-4.49,-32.17,-8.55
2025-08-08T20:16:07.181924,21.0,43.0,-4.0,-8.0,71.0,-38.0,-8.0,26.0,10.0,31.0,23.0,-35.0,34.93,6.68,10.58,22.91,48.75,-14.239999999999998,-1.2599999999999998,29.08,21.6,20.509999999999998,-20.17,-18.55
2025-08-08T20:16:07.190007,53.0,74.0,-5.0,16.0,58.0,-28.0,-42.0,-10.0,24.0,61.0,47.0,-82.0,66.93,37.68,9.58,46.91,35.75,-4.239999999999998,-35.26,-6.92,35.6,50.51,3.8299999999999983,-65.55
2025-08-08T20:16:07.194419,-88.0,-15.0,-22.0,-20.0,25.0,-5.0,-49.0,10.0,-33.0,12.0,60.0,-52.0,-74.07,-51.32,-7.42,10.91,2.75,18.76,-42.26,13.08,-21.4,1.5099999999999998,16.83,-35.55
2025-08-08T20:16:07.202213,0.0,-39.0,45.0,-4.0,9.0,7.0,52.0,8.0,-58.0,51.0,34.0,-22.0,13.93,-75.32,59.58,26.91,-13.25,30.76,58.74,11.08,-46.4,40.51,-9.170000000000002,-5.550000000000001
2025-08-08T20:16:07.207012,-70.0,29.0,-21.0,-33.0,49.0,5.0,-23.0,41.0,-31.0,76.0,-10.0,-34.0,-56.07,-7.32,-6.42,-2.09,26.75,28.76,-16.259999999999998,44.08,-19.4,65.51,-53.17,-17.55
2025-08-08T20:16:07.214751,-48.0,99.0,-8.0,41.0,-25.0,-43.0,-65.0,10.0,-84.0,25.0,14.0,6.0,-34.07,62.68,6.58,71.91,-47.25,-19.24,-58.26,13.08,-72.4,14.51,-29.17,22.45
2025-08-08T20:16:07.222351,-24.0,20.0,-22.0,8.0,77.0,-83.0,-30.0,-36.0,-13.0,4.0,58.0,-52.0,-10.07,-16.32,-7.42,38.91,54.75,-59.239999999999995,-23.259999999999998,-32.92,-1.4000000000000004,-6.49,14.829999999999998,-35.55
2025-08-08T20:16:07.232596,-105.0,60.0,76.0,-34.0,62.0,-51.0,20.0,-23.0,-48.0,-36.0,53.0,-30.0,-91.07,23.68,90.58,-3.09,39.75,-27.24,26.740000000000002,-19.92,-36.4,-46.49,9.829999999999998,-13.55
2025-08-08T20:16:07.240535,12.0,14.0,-6.0,35.0,-21.0,-33.0,-40.0,-38.0,-49.0,37.0,86.0,-14.0,25.93,-22.32,8.58,65.91,-43.25,-9.239999999999998,-33.26,-34.92,-37.4,26.509999999999998,42.83,2.4499999999999993
2025-08-08T20:16:07.243606,-33.0,-15.0,8.0,-37.0,13.0,19.0,-53.0,57.0,0.0,-51.0,38.0,4.0,-19.07,-51.32,22.58,-6.09,-9.25,42.760000000000005,-46.26,60.08,11.6,-61.49,-5.170000000000002,20.45
2025-08-08T20:16:07.247544,-25.0,-1.0,10.0,-60.0,16.0,-23.0,-46.0,13.0,0.0,0.0,77.0,3.0,-11.07,-37.32,24.58,-29.09,-6.25,0.7600000000000016,-39.26,16.08,11.6,-10.49,33.83,19.45
2025-08-08T20:16:07.249863,74.0,36.0,16.0,-5.0,14.0,3.0,-15.0,-93.0,1.0,18.0,42.0,-43.0,87.93,-0.3200000000000003,30.58,25.91,-8.25,26.76,-8.26,-89.92,12.6,7.51,-1.1700000000000017,-26.55
2025-08-08T20:16:07.255457,-3.0,87.0,1.0,26.0,12.0,22.0,8.0,-5.0,64.0,21.0,53.0,-43.0,10.93,50.68,15.58,56.91,-10.25,45.760000000000005,14.74,-1.92,75.6,10.51,9.829999999999998,-26.55
2025-08-08T20:16:07.259666,30.0,75.0,-63.0,-11.0,5.0,0.0,-36.0,11.0,1.0,32.0,104.0,-22.0,43.93,38.68,-48.42,19.91,-17.25,23.76,-29.259999999999998,14.08,12.6,21.509999999999998,60.83,-5.550000000000001
2025-08-08T20:16:07.267613,75.0,29.0,-59.0,-35.0,19.0,-9.0,3.0,-51.0,5.0,19.0,35.0,40.0,88.93,-7.32,-44.42,-4.09,-3.25,14.760000000000002,9.74,-47.92,16.6,8.51,-8.170000000000002,56.45
2025-08-08T20:16:07.271899,48.0,87.0,-80.0,-61.0,58.0,-68.0,13.0,-32.0,-1.0,-26.0,48.0,-39.0,61.93,50.68,-65.42,-30.09,35.75,-44.239999999999995,19.740000000000002,-28.92,10.6,-36.49,4.829999999999998,-22.55
2025-08-08T20:16:07.279985,-18.0,14.0,-14.0,-26.0,-40.0,-43.0,-54.0,117.0,54.0,6.0,106.0,4.0,-4.07,-22.32,0.5800000000000001,4.91,-62.25,-19.24,-47.26,120.08,65.6,-4.49,62.83,20.45
2025-08-08T20:16:07.284324,-16.0,-12.0,-24.0,-13.0,42.0,-44.0,-38.0,0.0,-4.0,24.0,33.0,1.0,-2.0700000000000003,-48.32,-9.42,17.91,19.75,-20.24,-31.259999999999998,3.08,7.6,13.51,-10.170000000000002,17.45
2025-08-08T20:16:07.292299,70.0,7.0,-23.0,-37.0,-4.0,-5.0,-27.0,7.0,7.0,-3.0,31.0,-39.0,83.93,-29.32,-8.42,-6.09,-26.25,18.76,-20.259999999999998,10.08,18.6,-13.49,-12.170000000000002,-22.55
2025-08-08T20:16:07.296576,-1.0,16.0,-48.0,-49.0,-21.0,-63.0,-8.0,20.0,-62.0,-10.0,113.0,-33.0,12.93,-20.32,-33.42,-18.09,-43.25,-39.239999999999995,-1.2599999999999998,23.08,-50.4,-20.490000000000002,69.83,-16.55
2025-08-08T20:16:07.304679,52.0,25.0,-51.0,-37.0,52.0,-26.0,-46.0,40.0,-17.0,20.0,42.0,-11.0,65.93,-11.32,-36.42,-6.09,29.75,-2.2399999999999984,-39.26,43.08,-5.4,9.51,-1.1700000000000017,5.449999999999999
2025-08-08T20:16:07.308808,30.0,3.0,27.0,2.0,93.0,22.0,-3.0,-13.0,-15.0,17.0,20.0,-45.0,43.93,-33.32,41.58,32.91,70.75,45.760000000000005,3.74,-9.92,-3.4000000000000004,6.51,-23.17,-28.55
2025-08-08T20:16:07.317527,27.0,33.0,-37.0,-19.0,-26.0,15.0,-30.0,-37.0,-8.0,45.0,27.0,-5.0,40.93,-3.3200000000000003,-22.42,11.91,-48.25,38.760000000000005,-23.259999999999998,-33.92,3.5999999999999996,34.51,-16.17,11.45
2025-08-08T20:16:07.321121,-17.0,61.0,-7.0,-29.0,-32.0,-27.0,67.0,32.0,-16.0,-12.0,18.0,-10.0,-3.0700000000000003,24.68,7.58,1.9100000000000001,-54.25,-3.2399999999999984,73.74,35.08,-4.4,-22.490000000000002,-25.17,6.449999999999999
2025-08-08T20:16:07.329174,-22.0,4.0,-65.0,-29.0,9.0,6.0,-23.0,-69.0,-55.0,3.0,72.0,-6.0,-8.07,-32.32,-50.42,1.9100000000000001,-13.25,29.76,-16.259999999999998,-65.92,-43.4,-7.49,28.83,10.45
2025-08-08T20:16:07.333355,-8.0,30.0,39.0,-37.0,20.0,17.0,3.0,-17.0,-4.0,0.0,55.0,-40.0,5.93,-6.32,53.58,-6.09,-2.25,40.760000000000005,9.74,-13.92,7.6,-10.49,11.829999999999998,-23.55
2025-08-08T20:16:07.341350,44.0,6.0,25.0,7.0,49.0,-75.0,3.0,3.0,23.0,-57.0,67.0,8.0,57.93,-30.32,39.58,37.91,26.75,-51.239999999999995,9.74,6.08,34.6,-67.49,23.83,24.45
2025-08-08T20:16:07.345691,77.0,-27.0,0.0,-62.0,33.0,-33.0,8.0,34.0,-11.0,-34.0,85.0,-2.0,90.93,-63.32,14.58,-31.09,10.75,-9.239999999999998,14.74,37.08,0.5999999999999996,-44.49,41.83,14.45
2025-08-08T20:16:07.353852,17.0,68.0,-33.0,-82.0,-33.0,-19.0,-10.0,-14.0,49.0,9.0,31.0,-36.0,30.93,31.68,-18.42,-51.09,-55.25,4.760000000000002,-3.26,-10.92,60.6,-1.4900000000000002,-12.170000000000002,-19.55
2025-08-08T20:16:07.358078,-19.0,-6.0,33.0,-6.0,23.0,-48.0,-52.0,33.0,-21.0,-1.0,95.0,74.0,-5.07,-42.32,47.58,24.91,0.75,-24.24,-45.26,36.08,-9.4,-11.49,51.83,90.45
2025-08-08T20:16:07.362866,-41.0,74.0,3.0,-49.0,87.0,-9.0,2.0,7.0,25.0,-19.0,45.0,0.0,-27.07,37.68,17.58,-18.09,64.75,14.760000000000002,8.74,10.08,36.6,-29.490000000000002,1.8299999999999983,16.45
2025-08-08T20:16:07.370156,-60.0,55.0,-35.0,-14.0,19.0,-9.0,-2.0,-28.0,49.0,13.0,34.0,-4.0,-46.07,18.68,-20.42,16.91,-3.25,14.760000000000002,4.74,-24.92,60.6,2.51,-9.170000000000002,12.45
2025-08-08T20:16:07.375083,-30.0,34.0,0.0,7.0,101.0,12.0,14.0,-30.0,3.0,7.0,39.0,30.0,-16.07,-2.3200000000000003,14.58,37.91,78.75,35.760000000000005,20.740000000000002,-26.92,14.6,-3.49,-4.170000000000002,46.45
2025-08-08T20:16:07.382509,19.0,50.0,45.0,-32.0,81.0,-63.0,-61.0,2.0,30.0,13.0,32.0,-38.0,32.93,13.68,59.58,-1.0899999999999999,58.75,-39.239999999999995,-54.26,5.08,41.6,2.51,-11.170000000000002,-21.55
2025-08-08T20:16:07.388327,-39.0,57.0,-5.0,-36.0,1.0,-75.0,-64.0,14.0,4.0,13.0,30.0,38.0,-25.07,20.68,9.58,-5.09,-21.25,-51.239999999999995,-57.26,17.08,15.6,2.51,-13.170000000000002,54.45
2025-08-08T20:16:07.394824,-3.0,28.0,-26.0,46.0,11.0,-47.0,-20.0,-23.0,-11.0,65.0,100.0,-53.0,10.93,-8.32,-11.42,76.91,-11.25,-23.24,-13.26,-19.92,0.5999999999999996,54.51,56.83,-36.55
2025-08-08T20:16:07.400268,-65.0,57.0,31.0,-25.0,13.0,-36.0,20.0,39.0,20.0,12.0,84.0,-48.0,-51.07,20.68,45.58,5.91,-9.25,-12.239999999999998,26.740000000000002,42.08,31.6,1.5099999999999998,40.83,-31.55
2025-08-08T20:16:07.406992,-46.0,-7.0,-25.0,21.0,16.0,-20.0,-20.0,10.0,9.0,112.0,61.0,-24.0,-32.07,-43.32,-10.42,51.91,-6.25,3.7600000000000016,-13.26,13.08,20.6,101.51,17.83,-7.550000000000001
2025-08-08T20:16:07.411796,26.0,44.0,-37.0,26.0,13.0,-72.0,12.0,-105.0,-49.0,79.0,80.0,-20.0,39.93,7.68,-22.42,56.91,-9.25,-48.239999999999995,18.740000000000002,-101.92,-37.4,68.51,36.83,-3.5500000000000007
2025-08-08T20:16:07.419322,38.0,59.0,-66.0,-62.0,37.0,6.0,-7.0,-70.0,-17.0,5.0,-3.0,-55.0,51.93,22.68,-51.42,-31.09,14.75,29.76,-0.2599999999999998,-66.92,-5.4,-5.49,-46.17,-38.55
2025-08-08T20:16:07.423448,14.0,85.0,1.0,-46.0,17.0,8.0,-18.0,8.0,-19.0,76.0,26.0,-40.0,27.93,48.68,15.58,-15.09,-5.25,31.76,-11.26,11.08,-7.4,65.51,-17.17,-23.55
2025-08-08T20:16:07.431548,-110.0,58.0,-30.0,-9.0,85.0,-34.0,23.0,26.0,25.0,54.0,31.0,-67.0,-96.07,21.68,-15.42,21.91,62.75,-10.239999999999998,29.740000000000002,29.08,36.6,43.51,-12.170000000000002,-50.55
2025-08-08T20:16:07.435825,21.0,-48.0,-64.0,-47.0,45.0,-46.0,-9.0,-66.0,30.0,25.0,6.0,-23.0,34.93,-84.32,-49.42,-16.09,22.75,-22.24,-2.26,-62.92,41.6,14.51,-37.17,-6.550000000000001
2025-08-08T20:16:07.444014,-73.0,77.0,-45.0,-9.0,-15.0,-20.0,0.0,-31.0,-21.0,-83.0,19.0,-13.0,-59.07,40.68,-30.42,21.91,-37.25,3.7600000000000016,6.74,-27.92,-9.4,-93.49,-24.17,3.4499999999999993
2025-08-08T20:16:07.448120,79.0,6.0,-25.0,-26.0,-34.0,-21.0,-59.0,5.0,11.0,81.0,49.0,-6.0,92.93,-30.32,-10.42,4.91,-56.25,2.7600000000000016,-52.26,8.08,22.6,70.51,5.829999999999998,10.45
2025-08-08T20:16:07.456282,34.0,-1.0,-56.0,-71.0,19.0,-51.0,-70.0,3.0,-25.0,48.0,34.0,-28.0,47.93,-37.32,-41.42,-40.09,-3.25,-27.24,-63.26,6.08,-13.4,37.51,-9.170000000000002,-11.55
2025-08-08T20:16:07.460462,1.0,-31.0,39.0,-3.0,29.0,4.0,-3.0,-10.0,-51.0,20.0,77.0,-62.0,14.93,-67.32,53.58,27.91,6.75,27.76,3.74,-6.92,-39.4,9.51,33.83,-45.55
2025-08-08T20:16:07.468570,20.0,-60.0,45.0,-50.0,20.0,-17.0,-80.0,10.0,-23.0,18.0,33.0,-91.0,33.93,-96.32,59.58,-19.09,-2.25,6.760000000000002,-73.26,13.08,-11.4,7.51,-10.170000000000002,-74.55
2025-08-08T20:16:07.472834,-72.0,87.0,-34.0,-83.0,37.0,-63.0,52.0,2.0,-25.0,-20.0,76.0,-22.0,-58.07,50.68,-19.42,-52.09,14.75,-39.239999999999995,58.74,5.08,-13.4,-30.490000000000002,32.83,-5.550000000000001
2025-08-08T20:16:07.480825,-16.0,37.0,-13.0,-43.0,65.0,-71.0,-11.0,38.0,-78.0,29.0,16.0,-96.0,-2.0700000000000003,0.6799999999999997,1.58,-12.09,42.75,-47.239999999999995,-4.26,41.08,-66.4,18.509999999999998,-27.17,-79.55
2025-08-08T20:16:07.485323,5.0,61.0,35.0,-62.0,-68.0,-50.0,60.0,-52.0,-39.0,38.0,5.0,-24.0,18.93,24.68,49.58,-31.09,-90.25,-26.24,66.74,-48.92,-27.4,27.509999999999998,-38.17,-7.550000000000001
2025-08-08T20:16:07.493263,-65.0,40.0,35.0,-51.0,-11.0,-48.0,27.0,-33.0,-15.0,-44.0,15.0,4.0,-51.07,3.6799999999999997,49.58,-20.09,-33.25,-24.24,33.74,-29.92,-3.4000000000000004,-54.49,-28.17,20.45
2025-08-08T20:16:07.497687,-16.0,40.0,-29.0,-20.0,86.0,-61.0,22.0,-93.0,-3.0,16.0,56.0,20.0,-2.0700000000000003,3.6799999999999997,-14.42,10.91,63.75,-37.239999999999995,28.740000000000002,-89.92,8.6,5.51,12.829999999999998,36.45
2025-08-08T20:16:07.505563,-9.0,-17.0,-60.0,-12.0,20.0,-54.0,-33.0,-49.0,24.0,-11.0,10.0,-16.0,4.93,-53.32,-45.42,18.91,-2.25,-30.24,-26.259999999999998,-45.92,35.6,-21.490000000000002,-33.17,0.4499999999999993
2025-08-08T20:16:07.510198,1.0,57.0,-59.0,-24.0,42.0,-63.0,-46.0,39.0,-39.0,-26.0,98.0,-46.0,14.93,20.68,-44.42,6.91,19.75,-39.239999999999995,-39.26,42.08,-27.4,-36.49,54.83,-29.55
2025-08-08T20:16:07.518819,27.0,0.0,-61.0,-58.0,42.0,-21.0,-37.0,22.0,-54.0,-29.0,-5.0,-67.0,40.93,-36.32,-46.42,-27.09,19.75,2.7600000000000016,-30.259999999999998,25.08,-42.4,-39.49,-48.17,-50.55
2025-08-08T20:16:07.522272,-9.0,21.0,-59.0,-47.0,52.0,-7.0,-16.0,-16.0,1.0,24.0,90.0,-35.0,4.93,-15.32,-44.42,-16.09,29.75,16.76,-9.26,-12.92,12.6,13.51,46.83,-18.55
2025-08-08T20:16:07.530100,38.0,-6.0,-120.0,36.0,7.0,29.0,57.0,-36.0,-59.0,11.0,37.0,-32.0,51.93,-42.32,-105.42,66.91,-15.25,52.760000000000005,63.74,-32.92,-47.4,0.5099999999999998,-6.170000000000002,-15.55
2025-08-08T20:16:07.534699,-22.0,46.0,-116.0,-42.0,11.0,-38.0,-31.0,12.0,-48.0,14.0,64.0,-38.0,-8.07,9.68,-101.42,-11.09,-11.25,-14.239999999999998,-24.259999999999998,15.08,-36.4,3.51,20.83,-21.55
2025-08-08T20:16:07.542271,-18.0,8.0,-8.0,-66.0,52.0,25.0,16.0,-46.0,-71.0,20.0,114.0,0.0,-4.07,-28.32,6.58,-35.09,29.75,48.760000000000005,22.740000000000002,-42.92,-59.4,9.51,70.83,16.45
2025-08-08T20:16:07.546931,51.0,62.0,-31.0,-87.0,31.0,1.0,32.0,13.0,-25.0,41.0,25.0,-59.0,64.93,25.68,-16.42,-56.09,8.75,24.76,38.74,16.08,-13.4,30.509999999999998,-18.17,-42.55
2025-08-08T20:16:07.554921,-58.0,81.0,2.0,-30.0,15.0,-58.0,-4.0,49.0,28.0,39.0,90.0,-92.0,-44.07,44.68,16.58,0.9100000000000001,-7.25,-34.239999999999995,2.74,52.08,39.6,28.509999999999998,46.83,-75.55
2025-08-08T20:16:07.564306,-83.0,43.0,-30.0,1.0,-22.0,-81.0,-55.0,-82.0,18.0,12.0,21.0,-81.0,-69.07,6.68,-15.42,31.91,-44.25,-57.239999999999995,-48.26,-78.92,29.6,1.5099999999999998,-22.17,-64.55
2025-08-08T20:16:07.570201,-17.0,34.0,-9.0,9.0,42.0,-1.0,-43.0,13.0,-46.0,-17.0,53.0,16.0,-3.0700000000000003,-2.3200000000000003,5.58,39.91,19.75,22.76,-36.26,16.08,-34.4,-27.490000000000002,9.829999999999998,32.45
2025-08-08T20:16:07.574369,-4.0,-2.0,-44.0,-22.0,55.0,-33.0,-12.0,-30.0,-42.0,75.0,40.0,1.0,9.93,-38.32,-29.42,8.91,32.75,-9.239999999999998,-5.26,-26.92,-30.4,64.51,-3.1700000000000017,17.45
2025-08-08T20:16:07.578910,-47.0,-31.0,1.0,47.0,42.0,-32.0,-14.0,-14.0,-37.0,-35.0,57.0,38.0,-33.07,-67.32,15.58,77.91,19.75,-8.239999999999998,-7.26,-10.92,-25.4,-45.49,13.829999999999998,54.45
2025-08-08T20:16:07.583215,-41.0,41.0,-58.0,47.0,53.0,31.0,-11.0,-2.0,3.0,-19.0,95.0,-49.0,-27.07,4.68,-43.42,77.91,30.75,54.760000000000005,-4.26,1.08,14.6,-29.490000000000002,51.83,-32.55
2025-08-08T20:16:07.587902,-34.0,54.0,-19.0,-2.0,-36.0,-3.0,2.0,2.0,-60.0,49.0,9.0,0.0,-20.07,17.68,-4.42,28.91,-58.25,20.76,8.74,5.08,-48.4,38.51,-34.17,16.45
2025-08-08T20:16:07.595630,-62.0,26.0,-58.0,16.0,13.0,-13.0,3.0,27.0,-7.0,-22.0,75.0,-71.0,-48.07,-10.32,-43.42,46.91,-9.25,10.760000000000002,9.74,30.08,4.6,-32.49,31.83,-54.55
2025-08-08T20:16:07.603720,-53.0,57.0,-22.0,-58.0,74.0,-38.0,-73.0,-9.0,-61.0,-23.0,35.0,-46.0,-39.07,20.68,-7.42,-27.09,51.75,-14.239999999999998,-66.26,-5.92,-49.4,-33.49,-8.170000000000002,-29.55
2025-08-08T20:16:07.607817,-41.0,89.0,-34.0,-35.0,78.0,-22.0,-10.0,53.0,-30.0,-52.0,122.0,15.0,-27.07,52.68,-19.42,-4.09,55.75,1.7600000000000016,-3.26,56.08,-18.4,-62.49,78.83,31.45
2025-08-08T20:16:07.615822,49.0,117.0,-47.0,-101.0,-16.0,-16.0,-45.0,-34.0,0.0,22.0,116.0,-22.0,62.93,80.68,-32.42,-70.09,-38.25,7.760000000000002,-38.26,-30.92,11.6,11.51,72.83,-5.550000000000001
2025-08-08T20:16:07.620112,37.0,93.0,-111.0,-21.0,6.0,-47.0,-19.0,-32.0,-4.0,66.0,80.0,-54.0,50.93,56.68,-96.42,9.91,-16.25,-23.24,-12.26,-28.92,7.6,55.51,36.83,-37.55
2025-08-08T20:16:07.628221,-7.0,37.0,-90.0,-27.0,38.0,-40.0,-6.0,-43.0,18.0,-19.0,36.0,-3.0,6.93,0.6799999999999997,-75.42,3.91,15.75,-16.24,0.7400000000000002,-39.92,29.6,-29.490000000000002,-7.170000000000002,13.45
2025-08-08T20:16:07.632383,1.0,-4.0,-45.0,-86.0,2.0,-32.0,27.0,13.0,-38.0,-42.0,62.0,-21.0,14.93,-40.32,-30.42,-55.09,-20.25,-8.239999999999998,33.74,16.08,-26.4,-52.49,18.83,-4.550000000000001
2025-08-08T20:16:07.640321,-7.0,29.0,-60.0,-50.0,-13.0,-21.0,-62.0,13.0,43.0,70.0,3.0,-50.0,6.93,-7.32,-45.42,-19.09,-35.25,2.7600000000000016,-55.26,16.08,54.6,59.51,-40.17,-33.55
2025-08-08T20:16:07.644807,95.0,65.0,-40.0,-51.0,60.0,-54.0,-43.0,44.0,-37.0,-23.0,-12.0,-10.0,108.93,28.68,-25.42,-20.09,37.75,-30.24,-36.26,47.08,-25.4,-33.49,-55.17,6.449999999999999
2025-08-08T20:16:07.652712,-117.0,34.0,-11.0,-8.0,65.0,-26.0,24.0,-26.0,-86.0,-48.0,138.0,-76.0,-103.07,-2.3200000000000003,3.58,22.91,42.75,-2.2399999999999984,30.740000000000002,-22.92,-74.4,-58.49,94.83,-59.55
2025-08-08T20:16:07.657030,-12.0,34.0,10.0,-30.0,35.0,-54.0,-18.0,-7.0,-87.0,9.0,9.0,-75.0,1.9299999999999997,-2.3200000000000003,24.58,0.9100000000000001,12.75,-30.24,-11.26,-3.92,-75.4,-1.4900000000000002,-34.17,-58.55
2025-08-08T20:16:07.662011,13.0,17.0,-61.0,32.0,30.0,-43.0,19.0,-14.0,-8.0,-7.0,39.0,6.0,26.93,-19.32,-46.42,62.91,7.75,-19.24,25.740000000000002,-10.92,3.5999999999999996,-17.490000000000002,-4.170000000000002,22.45
2025-08-08T20:16:07.669196,-10.0,79.0,25.0,44.0,88.0,-1.0,46.0,-1.0,-18.0,-50.0,-10.0,-125.0,3.9299999999999997,42.68,39.58,74.91,65.75,22.76,52.74,2.08,-6.4,-60.49,-53.17,-108.55
2025-08-08T20:16:07.674882,-37.0,48.0,-17.0,-51.0,27.0,-42.0,45.0,-1.0,-32.0,41.0,83.0,-21.0,-23.07,11.68,-2.42,-20.09,4.75,-18.24,51.74,2.08,-20.4,30.509999999999998,39.83,-4.550000000000001
2025-08-08T20:16:07.681666,-38.0,96.0,-89.0,-32.0,17.0,-43.0,26.0,-32.0,-59.0,44.0,15.0,-56.0,-24.07,59.68,-74.42,-1.0899999999999999,-5.25,-19.24,32.74,-28.92,-47.4,33.51,-28.17,-39.55
2025-08-08T20:16:07.686333,-7.0,56.0,14.0,-21.0,27.0,-37.0,-13.0,34.0,0.0,39.0,38.0,-54.0,6.93,19.68,28.58,9.91,4.75,-13.239999999999998,-6.26,37.08,11.6,28.509999999999998,-5.170000000000002,-37.55
2025-08-08T20:16:07.693752,37.0,27.0,-43.0,-37.0,61.0,-99.0,-11.0,-13.0,-65.0,2.0,21.0,-56.0,50.93,-9.32,-28.42,-6.09,38.75,-75.24,-4.26,-9.92,-53.4,-8.49,-22.17,-39.55
2025-08-08T20:16:07.698689,53.0,60.0,-111.0,-29.0,15.0,-66.0,-18.0,-4.0,-12.0,20.0,46.0,-12.0,66.93,23.68,-96.42,1.9100000000000001,-7.25,-42.239999999999995,-11.26,-0.9199999999999999,-0.40000000000000036,9.51,2.8299999999999983,4.449999999999999
2025-08-08T20:16:07.706123,-9.0,47.0,-36.0,-19.0,-9.0,7.0,1.0,-2.0,-59.0,-18.0,22.0,-56.0,4.93,10.68,-21.42,11.91,-31.25,30.76,7.74,1.08,-47.4,-28.490000000000002,-21.17,-39.55
2025-08-08T20:16:07.710747,53.0,74.0,-21.0,-99.0,55.0,3.0,-27.0,16.0,42.0,21.0,31.0,-51.0,66.93,37.68,-6.42,-68.09,32.75,26.76,-20.259999999999998,19.08,53.6,10.51,-12.170000000000002,-34.55
2025-08-08T20:16:07.718309,-14.0,5.0,-13.0,-71.0,32.0,-86.0,18.0,-3.0,-117.0,-85.0,23.0,-34.0,-0.07000000000000028,-31.32,1.58,-40.09,9.75,-62.239999999999995,24.740000000000002,0.08000000000000007,-105.4,-95.49,-20.17,-17.55
2025-08-08T20:16:07.722986,0.0,53.0,2.0,-57.0,51.0,-32.0,10.0,-36.0,28.0,-16.0,76.0,-82.0,13.93,16.68,16.58,-26.09,28.75,-8.239999999999998,16.740000000000002,-32.92,39.6,-26.490000000000002,32.83,-65.55
2025-08-08T20:16:07.730657,32.0,62.0,4.0,-32.0,49.0,-40.0,-22.0,11.0,-35.0,-44.0,55.0,-64.0,45.93,25.68,18.58,-1.0899999999999999,26.75,-16.24,-15.26,14.08,-23.4,-54.49,11.829999999999998,-47.55
2025-08-08T20:16:07.735633,47.0,-15.0,-56.0,-11.0,-20.0,-119.0,-12.0,-85.0,-50.0,-15.0,31.0,-31.0,60.93,-51.32,-41.42,19.91,-42.25,-95.24,-5.26,-81.92,-38.4,-25.490000000000002,-12.170000000000002,-14.55
2025-08-08T20:16:07.742986,-8.0,34.0,-51.0,-60.0,62.0,-23.0,-41.0,-4.0,-28.0,45.0,60.0,-50.0,5.93,-2.3200000000000003,-36.42,-29.09,39.75,0.7600000000000016,-34.26,-0.9199999999999999,-16.4,34.51,16.83,-33.55
2025-08-08T20:16:07.747744,1.0,87.0,-43.0,-37.0,18.0,-28.0,-111.0,-29.0,-55.0,31.0,115.0,-60.0,14.93,50.68,-28.42,-6.09,-4.25,-4.239999999999998,-104.26,-25.92,-43.4,20.509999999999998,71.83,-43.55
2025-08-08T20:16:07.755297,10.0,64.0,-66.0,16.0,83.0,-70.0,-24.0,30.0,-40.0,2.0,92.0,-44.0,23.93,27.68,-51.42,46.91,60.75,-46.239999999999995,-17.259999999999998,33.08,-28.4,-8.49,48.83,-27.55
2025-08-08T20:16:07.760074,-27.0,70.0,-26.0,-10.0,27.0,-56.0,-59.0,14.0,-79.0,-30.0,22.0,-27.0,-13.07,33.68,-11.42,20.91,4.75,-32.239999999999995,-52.26,17.08,-67.4,-40.49,-21.17,-10.55
2025-08-08T20:16:07.767497,4.0,32.0,-44.0,-16.0,-12.0,-54.0,8.0,-44.0,-85.0,-69.0,28.0,32.0,17.93,-4.32,-29.42,14.91,-34.25,-30.24,14.74,-40.92,-73.4,-79.49,-15.170000000000002,48.45
2025-08-08T20:16:07.771839,34.0,53.0,-86.0,6.0,24.0,-54.0,2.0,26.0,-68.0,-52.0,90.0,-64.0,47.93,16.68,-71.42,36.91,1.75,-30.24,8.74,29.08,-56.4,-62.49,46.83,-47.55
2025-08-08T20:16:07.779842,51.0,88.0,-85.0,51.0,-84.0,-55.0,40.0,41.0,-27.0,5.0,71.0,-11.0,64.93,51.68,-70.42,81.91,-106.25,-31.24,46.74,44.08,-15.4,-5.49,27.83,5.449999999999999
2025-08-08T20:16:07.784081,1.0,66.0,-60.0,-8.0,-14.0,-74.0,-21.0,8.0,-74.0,-51.0,63.0,-22.0,14.93,29.68,-45.42,22.91,-36.25,-50.239999999999995,-14.26,11.08,-62.4,-61.49,19.83,-5.550000000000001
2025-08-08T20:16:07.792053,-17.0,93.0,-30.0,-39.0,-20.0,-44.0,43.0,73.0,-54.0,34.0,68.0,-38.0,-3.0700000000000003,56.68,-15.42,-8.09,-42.25,-20.24,49.74,76.08,-42.4,23.509999999999998,24.83,-21.55
2025-08-08T20:16:07.796479,21.0,55.0,-69.0,-49.0,25.0,-52.0,-71.0,-80.0,-50.0,-75.0,38.0,-111.0,34.93,18.68,-54.42,-18.09,2.75,-28.24,-64.26,-76.92,-38.4,-85.49,-5.170000000000002,-94.55
2025-08-08T20:16:07.804318,60.0,98.0,38.0,-45.0,5.0,-78.0,-26.0,22.0,-26.0,25.0,33.0,-83.0,73.93,61.68,52.58,-14.09,-17.25,-54.239999999999995,-19.259999999999998,25.08,-14.4,14.51,-10.170000000000002,-66.55
2025-08-08T20:16:07.808756,62.0,3.0,-12.0,-22.0,-80.0,-52.0,-1.0,-40.0,-22.0,-2.0,71.0,-85.0,75.93,-33.32,2.58,8.91,-102.25,-28.24,5.74,-36.92,-10.4,-12.49,27.83,-68.55
2025-08-08T20:16:07.817384,34.0,28.0,-64.0,24.0,-68.0,-56.0,-53.0,-32.0,-22.0,-29.0,91.0,-58.0,47.93,-8.32,-49.42,54.91,-90.25,-32.239999999999995,-46.26,-28.92,-10.4,-39.49,47.83,-41.55
2025-08-08T20:16:07.821072,-16.0,44.0,-45.0,-73.0,-32.0,-19.0,24.0,47.0,-1.0,13.0,78.0,-81.0,-2.0700000000000003,7.68,-30.42,-42.09,-54.25,4.760000000000002,30.740000000000002,50.08,10.6,2.51,34.83,-64.55
2025-08-08T20:16:07.829080,-6.0,15.0,-13.0,-38.0,34.0,-146.0,-47.0,50.0,-9.0,-52.0,-8.0,-177.0,7.93,-21.32,1.58,-7.09,11.75,-122.24,-40.26,53.08,2.5999999999999996,-62.49,-51.17,-160.55
2025-08-08T20:16:07.833332,-17.0,31.0,-49.0,-48.0,0.0,-33.0,-71.0,-17.0,-15.0,-21.0,36.0,-66.0,-3.0700000000000003,-5.32,-34.42,-17.09,-22.25,-9.239999999999998,-64.26,-13.92,-3.4000000000000004,-31.490000000000002,-7.170000000000002,-49.55
2025-08-08T20:16:07.841279,-67.0,-27.0,13.0,-46.0,-66.0,-91.0,4.0,3.0,-18.0,9.0,-4.0,-48.0,-53.07,-63.32,27.58,-15.09,-88.25,-67.24,10.74,6.08,-6.4,-1.4900000000000002,-47.17,-31.55
2025-08-08T20:16:07.845718,-20.0,67.0,-66.0,-21.0,23.0,-71.0,19.0,34.0,-87.0,81.0,11.0,3.0,-6.07,30.68,-51.42,9.91,0.75,-47.239999999999995,25.740000000000002,37.08,-75.4,70.51,-32.17,19.45
2025-08-08T20:16:07.853455,26.0,52.0,39.0,7.0,58.0,-28.0,15.0,27.0,-44.0,19.0,13.0,-15.0,39.93,15.68,53.58,37.91,35.75,-4.239999999999998,21.740000000000002,30.08,-32.4,8.51,-30.17,1.4499999999999993
2025-08-08T20:16:07.857864,-15.0,77.0,-33.0,-68.0,-12.0,-29.0,34.0,-2.0,-51.0,-20.0,86.0,-114.0,-1.0700000000000003,40.68,-18.42,-37.09,-34.25,-5.239999999999998,40.74,1.08,-39.4,-30.490000000000002,42.83,-97.55
2025-08-08T20:16:07.865972,-34.0,101.0,13.0,-47.0,44.0,-43.0,-10.0,-48.0,-93.0,66.0,40.0,-38.0,-20.07,64.68,27.58,-16.09,21.75,-19.24,-3.26,-44.92,-81.4,55.51,-3.1700000000000017,-21.55
2025-08-08T20:16:07.870210,-17.0,79.0,-18.0,-62.0,30.0,-76.0,-34.0,-29.0,33.0,-16.0,37.0,-74.0,-3.0700000000000003,42.68,-3.42,-31.09,7.75,-52.239999999999995,-27.259999999999998,-25.92,44.6,-26.490000000000002,-6.170000000000002,-57.55
2025-08-08T20:16:07.878212,8.0,31.0,-79.0,-15.0,16.0,-104.0,-66.0,-13.0,-29.0,54.0,99.0,-71.0,21.93,-5.32,-64.42,15.91,-6.25,-80.24,-59.26,-9.92,-17.4,43.51,55.83,-54.55
2025-08-08T20:16:07.882568,6.0,-12.0,-33.0,19.0,-37.0,-57.0,-8.0,-91.0,-46.0,30.0,114.0,-37.0,19.93,-48.32,-18.42,49.91,-59.25,-33.239999999999995,-1.2599999999999998,-87.92,-34.4,19.509999999999998,70.83,-20.55
2025-08-08T20:16:07.890365,-64.0,1.0,-33.0,5.0,-35.0,-35.0,20.0,34.0,-77.0,-88.0,14.0,-52.0,-50.07,-35.32,-18.42,35.91,-57.25,-11.239999999999998,26.740000000000002,37.08,-65.4,-98.49,-29.17,-35.55
2025-08-08T20:16:07.894700,-53.0,29.0,-40.0,-53.0,45.0,-75.0,-12.0,44.0,-56.0,-7.0,-31.0,-61.0,-39.07,-7.32,-25.42,-22.09,22.75,-51.239999999999995,-5.26,47.08,-44.4,-17.490000000000002,-74.17,-44.55
2025-08-08T20:16:07.902833,-18.0,17.0,-5.0,-90.0,28.0,37.0,12.0,-35.0,-69.0,49.0,50.0,17.0,-4.07,-19.32,9.58,-59.09,5.75,60.760000000000005,18.740000000000002,-31.92,-57.4,38.51,6.829999999999998,33.45
2025-08-08T20:16:07.907604,-61.0,52.0,-12.0,-29.0,44.0,-86.0,-1.0,-22.0,-37.0,-57.0,1.0,-67.0,-47.07,15.68,2.58,1.9100000000000001,21.75,-62.239999999999995,5.74,-18.92,-25.4,-67.49,-42.17,-50.55
2025-08-08T20:16:07.915222,-54.0,26.0,-35.0,-45.0,-26.0,-71.0,-4.0,49.0,-26.0,22.0,-30.0,-16.0,-40.07,-10.32,-20.42,-14.09,-48.25,-47.239999999999995,2.74,52.08,-14.4,11.51,-73.17,0.4499999999999993
2025-08-08T20:16:07.920238,-10.0,69.0,-94.0,-2.0,30.0,3.0,-16.0,-21.0,-51.0,-18.0,35.0,-64.0,3.9299999999999997,32.68,-79.42,28.91,7.75,26.76,-9.26,-17.92,-39.4,-28.490000000000002,-8.170000000000002,-47.55
2025-08-08T20:16:07.927356,-66.0,-13.0,-28.0,-13.0,27.0,-130.0,27.0,-76.0,-34.0,-66.0,125.0,-72.0,-52.07,-49.32,-13.42,17.91,4.75,-106.24,33.74,-72.92,-22.4,-76.49,81.83,-55.55
2025-08-08T20:16:07.931840,-18.0,36.0,-51.0,-42.0,45.0,-108.0,-29.0,-91.0,-52.0,2.0,84.0,-79.0,-4.07,-0.3200000000000003,-36.42,-11.09,22.75,-84.24,-22.259999999999998,-87.92,-40.4,-8.49,40.83,-62.55
2025-08-08T20:16:07.936374,-33.0,61.0,-63.0,18.0,49.0,-64.0,33.0,-66.0,1.0,12.0,67.0,8.0,-19.07,24.68,-48.42,48.91,26.75,-40.239999999999995,39.74,-62.92,12.6,1.5099999999999998,23.83,24.45
2025-08-08T20:16:07.949410,-115.0,43.0,-116.0,-99.0,34.0,-66.0,-44.0,61.0,-72.0,25.0,34.0,-57.0,-101.07,6.68,-101.42,-68.09,11.75,-42.239999999999995,-37.26,64.08,-60.4,14.51,-9.170000000000002,-40.55
2025-08-08T20:16:07.956666,48.0,121.0,-47.0,-33.0,-35.0,-60.0,-24.0,11.0,-27.0,-25.0,100.0,-2.0,61.93,84.68,-32.42,-2.09,-57.25,-36.239999999999995,-17.259999999999998,14.08,-15.4,-35.49,56.83,14.45
2025-08-08T20:16:07.961496,-2.0,5.0,-87.0,12.0,43.0,-46.0,36.0,-24.0,-70.0,1.0,125.0,-43.0,11.93,-31.32,-72.42,42.91,20.75,-22.24,42.74,-20.92,-58.4,-9.49,81.83,-26.55
2025-08-08T20:16:07.964685,-13.0,32.0,-94.0,-35.0,1.0,-61.0,-14.0,5.0,-108.0,-34.0,58.0,-81.0,0.9299999999999997,-4.32,-79.42,-4.09,-21.25,-37.239999999999995,-7.26,8.08,-96.4,-44.49,14.829999999999998,-64.55
2025-08-08T20:16:07.968240,-13.0,-4.0,-92.0,10.0,50.0,-13.0,-31.0,-23.0,-34.0,-5.0,43.0,-47.0,0.9299999999999997,-40.32,-77.42,40.91,27.75,10.760000000000002,-24.259999999999998,-19.92,-22.4,-15.49,-0.1700000000000017,-30.55
2025-08-08T20:16:07.972728,6.0,0.0,-85.0,-60.0,74.0,-39.0,12.0,8.0,-56.0,8.0,46.0,-109.0,19.93,-36.32,-70.42,-29.09,51.75,-15.239999999999998,18.740000000000002,11.08,-44.4,-2.49,2.8299999999999983,-92.55
2025-08-08T20:16:07.980731,-9.0,50.0,-79.0,-16.0,21.0,-105.0,12.0,40.0,-80.0,-36.0,11.0,-64.0,4.93,13.68,-64.42,14.91,-1.25,-81.24,18.740000000000002,43.08,-68.4,-46.49,-32.17,-47.55
2025-08-08T20:16:07.984755,83.0,31.0,-86.0,43.0,20.0,-83.0,-10.0,11.0,7.0,-28.0,35.0,-96.0,96.93,-5.32,-71.42,73.91,-2.25,-59.239999999999995,-3.26,14.08,18.6,-38.49,-8.170000000000002,-79.55
2025-08-08T20:16:07.993105,14.0,37.0,-28.0,-34.0,26.0,-103.0,32.0,-24.0,-74.0,-80.0,66.0,-52.0,27.93,0.6799999999999997,-13.42,-3.09,3.75,-79.24,38.74,-20.92,-62.4,-90.49,22.83,-35.55
2025-08-08T20:16:07.997591,-44.0,-15.0,-3.0,-21.0,62.0,-59.0,-70.0,4.0,7.0,-85.0,66.0,-59.0,-30.07,-51.32,11.58,9.91,39.75,-35.239999999999995,-63.26,7.08,18.6,-95.49,22.83,-42.55
2025-08-08T20:16:08.005302,-66.0,59.0,-62.0,-64.0,30.0,-44.0,2.0,4.0,8.0,-45.0,91.0,-133.0,-52.07,22.68,-47.42,-33.09,7.75,-20.24,8.74,7.08,19.6,-55.49,47.83,-116.55
2025-08-08T20:16:08.013030,-82.0,57.0,-36.0,21.0,20.0,-120.0,-36.0,-23.0,-47.0,-26.0,82.0,-84.0,-68.07,20.68,-21.42,51.91,-2.25,-96.24,-29.259999999999998,-19.92,-35.4,-36.49,38.83,-67.55
2025-08-08T20:16:08.017615,-1.0,19.0,-86.0,-39.0,51.0,-93.0,-35.0,-16.0,26.0,12.0,113.0,-71.0,12.93,-17.32,-71.42,-8.09,28.75,-69.24,-28.259999999999998,-12.92,37.6,1.5099999999999998,69.83,-54.55
2025-08-08T20:16:08.021682,-74.0,38.0,-19.0,-28.0,33.0,-100.0,-9.0,43.0,-40.0,39.0,88.0,-136.0,-60.07,1.6799999999999997,-4.42,2.91,10.75,-76.24,-2.26,46.08,-28.4,28.509999999999998,44.83,-119.55
2025-08-08T20:16:08.029689,60.0,125.0,-54.0,-15.0,-10.0,-70.0,-112.0,50.0,-68.0,12.0,14.0,-47.0,73.93,88.68,-39.42,15.91,-32.25,-46.239999999999995,-105.26,53.08,-56.4,1.5099999999999998,-29.17,-30.55
2025-08-08T20:16:08.034713,15.0,48.0,-74.0,49.0,-2.0,-76.0,-9.0,9.0,-81.0,-28.0,106.0,-38.0,28.93,11.68,-59.42,79.91,-24.25,-52.239999999999995,-2.26,12.08,-69.4,-38.49,62.83,-21.55
2025-08-08T20:16:08.042195,2.0,2.0,-21.0,-14.0,83.0,-60.0,-24.0,-4.0,-94.0,0.0,53.0,-45.0,15.93,-34.32,-6.42,16.91,60.75,-36.239999999999995,-17.259999999999998,-0.9199999999999999,-82.4,-10.49,9.829999999999998,-28.55
2025-08-08T20:16:08.049326,52.0,-26.0,-100.0,-67.0,8.0,-80.0,17.0,16.0,-125.0,-37.0,50.0,-115.0,65.93,-62.32,-85.42,-36.09,-14.25,-56.239999999999995,23.740000000000002,19.08,-113.4,-47.49,6.829999999999998,-98.55
2025-08-08T20:16:08.054437,-26.0,-18.0,-50.0,4.0,41.0,-108.0,-48.0,7.0,-95.0,-1.0,51.0,-116.0,-12.07,-54.32,-35.42,34.91,18.75,-84.24,-41.26,10.08,-83.4,-11.49,7.829999999999998,-99.55
2025-08-08T20:16:08.062179,120.0,18.0,-59.0,-31.0,45.0,-165.0,25.0,-49.0,-126.0,-21.0,117.0,-62.0,133.93,-18.32,-44.42,-0.08999999999999986,22.75,-141.24,31.740000000000002,-45.92,-114.4,-31.490000000000002,73.83,-45.55
2025-08-08T20:16:08.066913,18.0,92.0,-65.0,-6.0,18.0,-72.0,-50.0,-64.0,-61.0,-12.0,39.0,-171.0,31.93,55.68,-50.42,24.91,-4.25,-48.239999999999995,-43.26,-60.92,-49.4,-22.490000000000002,-4.170000000000002,-154.55
2025-08-08T20:16:08.074768,-20.0,82.0,-96.0,47.0,37.0,-91.0,-29.0,-26.0,-92.0,35.0,17.0,-121.0,-6.07,45.68,-81.42,77.91,14.75,-67.24,-22.259999999999998,-22.92,-80.4,24.509999999999998,-26.17,-104.55
2025-08-08T20:16:08.079245,-3.0,63.0,-72.0,11.0,14.0,-133.0,-31.0,33.0,-57.0,5.0,4.0,-104.0,10.93,26.68,-57.42,41.91,-8.25,-109.24,-24.259999999999998,36.08,-45.4,-5.49,-39.17,-87.55
2025-08-08T20:16:08.086787,-33.0,150.0,-127.0,-42.0,31.0,-58.0,7.0,-16.0,-63.0,-41.0,53.0,-82.0,-19.07,113.68,-112.42,-11.09,8.75,-34.239999999999995,13.74,-12.92,-51.4,-51.49,9.829999999999998,-65.55
2025-08-08T20:16:08.091377,-16.0,21.0,-144.0,-69.0,22.0,-31.0,0.0,-23.0,-109.0,-29.0,112.0,-101.0,-2.0700000000000003,-15.32,-129.42,-38.09,-0.25,-7.239999999999998,6.74,-19.92,-97.4,-39.49,68.83,-84.55
2025-08-08T20:16:08.099274,-23.0,34.0,-73.0,-48.0,26.0,-32.0,35.0,-94.0,-62.0,-15.0,23.0,-72.0,-9.07,-2.3200000000000003,-58.42,-17.09,3.75,-8.239999999999998,41.74,-90.92,-50.4,-25.490000000000002,-20.17,-55.55
2025-08-08T20:16:08.103669,-11.0,1.0,-94.0,-40.0,10.0,-96.0,-41.0,-56.0,-31.0,10.0,82.0,-70.0,2.9299999999999997,-35.32,-79.42,-9.09,-12.25,-72.24,-34.26,-52.92,-19.4,-0.4900000000000002,38.83,-53.55
2025-08-08T20:16:08.111530,35.0,57.0,-31.0,20.0,19.0,-54.0,-124.0,34.0,-102.0,50.0,61.0,-79.0,48.93,20.68,-16.42,50.91,-3.25,-30.24,-117.26,37.08,-90.4,39.51,17.83,-62.55
2025-08-08T20:16:08.116173,11.0,45.0,-90.0,-20.0,37.0,-61.0,-31.0,40.0,-131.0,15.0,55.0,-61.0,24.93,8.68,-75.42,10.91,14.75,-37.239999999999995,-24.259999999999998,43.08,-119.4,4.51,11.829999999999998,-44.55
2025-08-08T20:16:08.124049,-5.0,19.0,-114.0,-25.0,-43.0,-117.0,-39.0,-14.0,-64.0,-80.0,109.0,-118.0,8.93,-17.32,-99.42,5.91,-65.25,-93.24,-32.26,-10.92,-52.4,-90.49,65.83,-101.55
2025-08-08T20:16:08.128581,-42.0,70.0,-117.0,-23.0,-34.0,-134.0,-12.0,-74.0,-49.0,-50.0,112.0,-75.0,-28.07,33.68,-102.42,7.91,-56.25,-110.24,-5.26,-70.92,-37.4,-60.49,68.83,-58.55
2025-08-08T20:16:08.136258,25.0,112.0,-107.0,-22.0,-7.0,-69.0,-5.0,3.0,-83.0,-56.0,60.0,-83.0,38.93,75.68,-92.42,8.91,-29.25,-45.239999999999995,1.7400000000000002,6.08,-71.4,-66.49,16.83,-66.55
2025-08-08T20:16:08.140812,7.0,104.0,-124.0,-72.0,-32.0,-63.0,-32.0,-80.0,-116.0,-29.0,78.0,-133.0,20.93,67.68,-109.42,-41.09,-54.25,-39.239999999999995,-25.259999999999998,-76.92,-104.4,-39.49,34.83,-116.55
2025-08-08T20:16:08.148488,37.0,77.0,-106.0,-43.0,11.0,-109.0,-52.0,34.0,-62.0,52.0,93.0,-84.0,50.93,40.68,-91.42,-12.09,-11.25,-85.24,-45.26,37.08,-50.4,41.51,49.83,-67.55
2025-08-08T20:16:08.152949,26.0,35.0,-127.0,-93.0,1.0,-125.0,-23.0,-13.0,-139.0,43.0,13.0,-96.0,39.93,-1.3200000000000003,-112.42,-62.09,-21.25,-101.24,-16.259999999999998,-9.92,-127.4,32.51,-30.17,-79.55
2025-08-08T20:16:08.161063,16.0,-7.0,-126.0,-46.0,47.0,-143.0,-27.0,-99.0,-180.0,-54.0,7.0,-82.0,29.93,-43.32,-111.42,-15.09,24.75,-119.24,-20.259999999999998,-95.92,-168.4,-64.49,-36.17,-65.55
2025-08-08T20:16:08.165452,-15.0,41.0,-47.0,2.0,-29.0,-117.0,-65.0,-45.0,-157.0,-27.0,59.0,-9.0,-1.0700000000000003,4.68,-32.42,32.91,-51.25,-93.24,-58.26,-41.92,-145.4,-37.49,15.829999999999998,7.449999999999999
2025-08-08T20:16:08.173501,-40.0,79.0,-119.0,28.0,10.0,-74.0,37.0,-6.0,-74.0,28.0,84.0,-122.0,-26.07,42.68,-104.42,58.91,-12.25,-50.239999999999995,43.74,-2.92,-62.4,17.509999999999998,40.83,-105.55
2025-08-08T20:16:08.177572,23.0,49.0,-132.0,-38.0,0.0,-87.0,23.0,1.0,-84.0,-34.0,88.0,-121.0,36.93,12.68,-117.42,-7.09,-22.25,-63.239999999999995,29.740000000000002,4.08,-72.4,-44.49,44.83,-104.55
2025-08-08T20:16:08.185350,63.0,49.0,-112.0,38.0,40.0,-147.0,-43.0,13.0,-67.0,-3.0,13.0,-143.0,76.93,12.68,-97.42,68.91,17.75,-123.24,-36.26,16.08,-55.4,-13.49,-30.17,-126.55
2025-08-08T20:16:08.190038,-38.0,30.0,-113.0,-34.0,-19.0,-143.0,0.0,-26.0,-159.0,-13.0,88.0,-126.0,-24.07,-6.32,-98.42,-3.09,-41.25,-119.24,6.74,-22.92,-147.4,-23.490000000000002,44.83,-109.55
2025-08-08T20:16:08.197867,-30.0,124.0,-128.0,2.0,57.0,-131.0,-26.0,-77.0,-81.0,-40.0,111.0,-57.0,-16.07,87.68,-113.42,32.91,34.75,-107.24,-19.259999999999998,-73.92,-69.4,-50.49,67.83,-40.55
2025-08-08T20:16:08.202120,46.0,51.0,-74.0,-36.0,4.0,-26.0,-33.0,-31.0,-89.0,-49.0,37.0,-93.0,59.93,14.68,-59.42,-5.09,-18.25,-2.2399999999999984,-26.259999999999998,-27.92,-77.4,-59.49,-6.170000000000002,-76.55
2025-08-08T20:16:08.210305,14.0,146.0,-88.0,-12.0,40.0,-140.0,-28.0,-38.0,-94.0,-48.0,27.0,-128.0,27.93,109.68,-73.42,18.91,17.75,-116.24,-21.259999999999998,-34.92,-82.4,-58.49,-16.17,-111.55
2025-08-08T20:16:08.214663,-4.0,75.0,-138.0,31.0,-27.0,-196.0,-51.0,-74.0,-16.0,12.0,67.0,-119.0,9.93,38.68,-123.42,61.91,-49.25,-172.24,-44.26,-70.92,-4.4,1.5099999999999998,23.83,-102.55
2025-08-08T20:16:08.222474,64.0,147.0,-159.0,-28.0,-57.0,-79.0,-5.0,22.0,-115.0,-14.0,76.0,-203.0,77.93,110.68,-144.42,2.91,-79.25,-55.239999999999995,1.7400000000000002,25.08,-103.4,-24.490000000000002,32.83,-186.55
2025-08-08T20:16:08.230149,20.0,84.0,-163.0,-29.0,97.0,-131.0,-75.0,24.0,-142.0,-15.0,28.0,-229.0,33.93,47.68,-148.42,1.9100000000000001,74.75,-107.24,-68.26,27.08,-130.4,-25.490000000000002,-15.170000000000002,-212.55
2025-08-08T20:16:08.234828,57.0,37.0,-76.0,5.0,-17.0,-168.0,-9.0,-4.0,-132.0,-32.0,-4.0,-83.0,70.93,0.6799999999999997,-61.42,35.91,-39.25,-144.24,-2.26,-0.9199999999999999,-120.4,-42.49,-47.17,-66.55
2025-08-08T20:16:08.240275,15.0,37.0,-88.0,-23.0,23.0,-141.0,18.0,-37.0,-104.0,8.0,-6.0,-135.0,28.93,0.6799999999999997,-73.42,7.91,0.75,-117.24,24.740000000000002,-33.92,-92.4,-2.49,-49.17,-118.55
2025-08-08T20:16:08.246929,-3.0,78.0,-81.0,3.0,19.0,-205.0,-47.0,4.0,-135.0,-42.0,58.0,-72.0,10.93,41.68,-66.42,33.91,-3.25,-181.24,-40.26,7.08,-123.4,-52.49,14.829999999999998,-55.55
2025-08-08T20:16:08.254790,-22.0,43.0,-181.0,8.0,-12.0,-123.0,-8.0,-48.0,-26.0,-41.0,129.0,-153.0,-8.07,6.68,-166.42,38.91,-34.25,-99.24,-1.2599999999999998,-44.92,-14.4,-51.49,85.83,-136.55
2025-08-08T20:16:08.259322,-26.0,74.0,-92.0,-2.0,-93.0,-183.0,-59.0,-123.0,-48.0,-55.0,54.0,-163.0,-12.07,37.68,-77.42,28.91,-115.25,-159.24,-52.26,-119.92,-36.4,-65.49,10.829999999999998,-146.55
2025-08-08T20:16:08.267055,-69.0,37.0,-167.0,9.0,71.0,-173.0,-66.0,-13.0,-137.0,-11.0,99.0,-134.0,-55.07,0.6799999999999997,-152.42,39.91,48.75,-149.24,-59.26,-9.92,-125.4,-21.490000000000002,55.83,-117.55
2025-08-08T20:16:08.271652,15.0,74.0,-134.0,6.0,-28.0,-148.0,-66.0,-19.0,-113.0,-55.0,87.0,-112.0,28.93,37.68,-119.42,36.91,-50.25,-124.24,-59.26,-15.92,-101.4,-65.49,43.83,-95.55
2025-08-08T20:16:08.279545,61.0,48.0,-169.0,26.0,-22.0,-140.0,-5.0,-61.0,-165.0,8.0,74.0,-115.0,74.93,11.68,-154.42,56.91,-44.25,-116.24,1.7400000000000002,-57.92,-153.4,-2.49,30.83,-98.55
2025-08-08T20:16:08.284236,141.0,57.0,-144.0,1.0,-1.0,-126.0,-41.0,-44.0,-141.0,-115.0,33.0,-79.0,154.93,20.68,-129.42,31.91,-23.25,-102.24,-34.26,-40.92,-129.4,-125.49,-10.170000000000002,-62.55
2025-08-08T20:16:08.292058,-20.0,77.0,-107.0,-3.0,-24.0,-165.0,-81.0,-80.0,-94.0,-87.0,23.0,-77.0,-6.07,40.68,-92.42,27.91,-46.25,-141.24,-74.26,-76.92,-82.4,-97.49,-20.17,-60.55
2025-08-08T20:16:08.296380,-40.0,103.0,-160.0,32.0,50.0,-127.0,34.0,-75.0,-123.0,-48.0,115.0,-159.0,-26.07,66.68,-145.42,62.91,27.75,-103.24,40.74,-71.92,-111.4,-58.49,71.83,-142.55
2025-08-08T20:16:08.304147,22.0,62.0,-137.0,4.0,-16.0,-153.0,-44.0,20.0,-188.0,-29.0,46.0,-195.0,35.93,25.68,-122.42,34.91,-38.25,-129.24,-37.26,23.08,-176.4,-39.49,2.8299999999999983,-178.55
2025-08-08T20:16:08.308626,43.0,79.0,-116.0,-9.0,-75.0,-113.0,19.0,-3.0,-130.0,-28.0,68.0,-187.0,56.93,42.68,-101.42,21.91,-97.25,-89.24,25.740000000000002,0.08000000000000007,-118.4,-38.49,24.83,-170.55
2025-08-08T20:16:08.316576,2.0,85.0,-86.0,-53.0,7.0,-112.0,-5.0,-53.0,-189.0,-73.0,18.0,-158.0,15.93,48.68,-71.42,-22.09,-15.25,-88.24,1.7400000000000002,-49.92,-177.4,-83.49,-25.17,-141.55
2025-08-08T20:16:08.321168,23.0,43.0,-86.0,-8.0,-28.0,-181.0,-64.0,17.0,-104.0,-39.0,111.0,-110.0,36.93,6.68,-71.42,22.91,-50.25,-157.24,-57.26,20.08,-92.4,-49.49,67.83,-93.55
2025-08-08T20:16:08.329003,51.0,29.0,-135.0,99.0,-48.0,-113.0,-29.0,-47.0,-90.0,-36.0,48.0,-177.0,64.93,-7.32,-120.42,129.91,-70.25,-89.24,-22.259999999999998,-43.92,-78.4,-46.49,4.829999999999998,-160.55
2025-08-08T20:16:08.333429,-14.0,48.0,-187.0,-8.0,-13.0,-152.0,-73.0,13.0,-103.0,14.0,61.0,-208.0,-0.07000000000000028,11.68,-172.42,22.91,-35.25,-128.24,-66.26,16.08,-91.4,3.51,17.83,-191.55
2025-08-08T20:16:08.341261,3.0,100.0,-190.0,23.0,11.0,-138.0,-14.0,5.0,-110.0,-15.0,43.0,-160.0,16.93,63.68,-175.42,53.91,-11.25,-114.24,-7.26,8.08,-98.4,-25.490000000000002,-0.1700000000000017,-143.55
2025-08-08T20:16:08.345589,-31.0,90.0,-153.0,112.0,-49.0,-75.0,-75.0,0.0,-130.0,-3.0,36.0,-151.0,-17.07,53.68,-138.42,142.91,-71.25,-51.239999999999995,-68.26,3.08,-118.4,-13.49,-7.170000000000002,-134.55
2025-08-08T20:16:08.353519,48.0,4.0,-206.0,4.0,-50.0,-170.0,47.0,-46.0,-189.0,-48.0,-10.0,-15.0,61.93,-32.32,-191.42,34.91,-72.25,-146.24,53.74,-42.92,-177.4,-58.49,-53.17,1.4499999999999993
2025-08-08T20:16:08.358186,49.0,5.0,-109.0,-32.0,11.0,-127.0,-76.0,-24.0,-36.0,9.0,85.0,-118.0,62.93,-31.32,-94.42,-1.0899999999999999,-11.25,-103.24,-69.26,-20.92,-24.4,-1.4900000000000002,41.83,-101.55
2025-08-08T20:16:08.366133,0.0,24.0,-114.0,7.0,-11.0,-147.0,26.0,-11.0,-156.0,-40.0,68.0,-165.0,13.93,-12.32,-99.42,37.91,-33.25,-123.24,32.74,-7.92,-144.4,-50.49,24.83,-148.55
2025-08-08T20:16:08.373654,12.0,62.0,-166.0,-17.0,-16.0,-120.0,-17.0,-8.0,-112.0,-22.0,104.0,-156.0,25.93,25.68,-151.42,13.91,-38.25,-96.24,-10.26,-4.92,-100.4,-32.49,60.83,-139.55
2025-08-08T20:16:08.378021,-18.0,26.0,-142.0,31.0,-38.0,-122.0,-21.0,-48.0,-72.0,57.0,49.0,-145.0,-4.07,-10.32,-127.42,61.91,-60.25,-98.24,-14.26,-44.92,-60.4,46.51,5.829999999999998,-128.55
2025-08-08T20:16:08.385918,6.0,116.0,-189.0,14.0,1.0,-157.0,-28.0,-24.0,-145.0,-43.0,46.0,-209.0,19.93,79.68,-174.42,44.91,-21.25,-133.24,-21.259999999999998,-20.92,-133.4,-53.49,2.8299999999999983,-192.55
2025-08-08T20:16:08.390444,53.0,58.0,-144.0,4.0,-27.0,-107.0,-51.0,-6.0,-111.0,-30.0,44.0,-81.0,66.93,21.68,-129.42,34.91,-49.25,-83.24,-44.26,-2.92,-99.4,-40.49,0.8299999999999983,-64.55
2025-08-08T20:16:08.398345,80.0,58.0,-113.0,36.0,-15.0,-164.0,-59.0,-41.0,-88.0,-18.0,-19.0,-75.0,93.93,21.68,-98.42,66.91,-37.25,-140.24,-52.26,-37.92,-76.4,-28.490000000000002,-62.17,-58.55
2025-08-08T20:16:08.402630,-50.0,75.0,-97.0,22.0,6.0,-136.0,-65.0,-32.0,-94.0,-9.0,73.0,-129.0,-36.07,38.68,-82.42,52.91,-16.25,-112.24,-58.26,-28.92,-82.4,-19.490000000000002,29.83,-112.55
2025-08-08T20:16:08.410689,-41.0,55.0,-96.0,30.0,-94.0,-158.0,-50.0,-18.0,-104.0,69.0,75.0,-221.0,-27.07,18.68,-81.42,60.91,-116.25,-134.24,-43.26,-14.92,-92.4,58.51,31.83,-204.55
2025-08-08T20:16:08.415114,24.0,61.0,-183.0,23.0,-29.0,-136.0,-113.0,-23.0,-115.0,6.0,29.0,-189.0,37.93,24.68,-168.42,53.91,-51.25,-112.24,-106.26,-19.92,-103.4,-4.49,-14.170000000000002,-172.55
2025-08-08T20:16:08.423013,-7.0,86.0,-136.0,24.0,68.0,-157.0,-41.0,-7.0,-119.0,-22.0,39.0,-210.0,6.93,49.68,-121.42,54.91,45.75,-133.24,-34.26,-3.92,-107.4,-32.49,-4.170000000000002,-193.55
2025-08-08T20:16:08.427377,12.0,24.0,-152.0,7.0,-50.0,-108.0,-30.0,-45.0,-112.0,-15.0,92.0,-124.0,25.93,-12.32,-137.42,37.91,-72.25,-84.24,-23.259999999999998,-41.92,-100.4,-25.490000000000002,48.83,-107.55
2025-08-08T20:16:08.435203,94.0,-21.0,-138.0,-18.0,-5.0,-68.0,-11.0,-16.0,-170.0,-51.0,71.0,-72.0,107.93,-57.32,-123.42,12.91,-27.25,-44.239999999999995,-4.26,-12.92,-158.4,-61.49,27.83,-55.55
2025-08-08T20:16:08.439665,32.0,113.0,-123.0,-94.0,26.0,-127.0,-79.0,-117.0,-141.0,-86.0,62.0,-151.0,45.93,76.68,-108.42,-63.09,3.75,-103.24,-72.26,-113.92,-129.4,-96.49,18.83,-134.55
2025-08-08T20:16:08.447625,-13.0,122.0,-181.0,-24.0,4.0,-155.0,-73.0,-75.0,-128.0,-108.0,35.0,-169.0,0.9299999999999997,85.68,-166.42,6.91,-18.25,-131.24,-66.26,-71.92,-116.4,-118.49,-8.170000000000002,-152.55
2025-08-08T20:16:08.451748,66.0,34.0,-116.0,13.0,54.0,-166.0,5.0,2.0,-102.0,47.0,97.0,-94.0,79.93,-2.3200000000000003,-101.42,43.91,31.75,-142.24,11.74,5.08,-90.4,36.51,53.83,-77.55
2025-08-08T20:16:08.460045,45.0,33.0,-56.0,13.0,47.0,-121.0,21.0,-56.0,-140.0,-87.0,60.0,-157.0,58.93,-3.3200000000000003,-41.42,43.91,24.75,-97.24,27.740000000000002,-52.92,-128.4,-97.49,16.83,-140.55
2025-08-08T20:16:08.467961,-19.0,39.0,-82.0,-11.0,0.0,-141.0,-26.0,-7.0,-106.0,-43.0,95.0,-166.0,-5.07,2.6799999999999997,-67.42,19.91,-22.25,-117.24,-19.259999999999998,-3.92,-94.4,-53.49,51.83,-149.55
2025-08-08T20:16:08.472244,72.0,60.0,-99.0,62.0,-5.0,-208.0,7.0,-2.0,-136.0,-65.0,69.0,-180.0,85.93,23.68,-84.42,92.91,-27.25,-184.24,13.74,1.08,-124.4,-75.49,25.83,-163.55
2025-08-08T20:16:08.476386,6.0,50.0,-238.0,49.0,57.0,-141.0,-19.0,20.0,-66.0,2.0,81.0,-151.0,19.93,13.68,-223.42,79.91,34.75,-117.24,-12.26,23.08,-54.4,-8.49,37.83,-134.55
2025-08-08T20:16:08.484538,4.0,97.0,-158.0,2.0,-63.0,-165.0,4.0,-21.0,-156.0,-30.0,65.0,-119.0,17.93,60.68,-143.42,32.91,-85.25,-141.24,10.74,-17.92,-144.4,-40.49,21.83,-102.55
2025-08-08T20:16:08.492571,27.0,47.0,-177.0,-39.0,27.0,-124.0,15.0,-12.0,-114.0,17.0,106.0,-101.0,40.93,10.68,-162.42,-8.09,4.75,-100.24,21.740000000000002,-8.92,-102.4,6.51,62.83,-84.55
2025-08-08T20:16:08.496753,16.0,8.0,-58.0,-59.0,28.0,-105.0,-28.0,6.0,-110.0,-82.0,107.0,-91.0,29.93,-28.32,-43.42,-28.09,5.75,-81.24,-21.259999999999998,9.08,-98.4,-92.49,63.83,-74.55
2025-08-08T20:16:08.504821,3.0,-21.0,-80.0,-6.0,-34.0,-160.0,3.0,84.0,-192.0,-59.0,122.0,-167.0,16.93,-57.32,-65.42,24.91,-56.25,-136.24,9.74,87.08,-180.4,-69.49,78.83,-150.55
2025-08-08T20:16:08.509200,-16.0,42.0,-105.0,11.0,-67.0,-190.0,32.0,-42.0,-168.0,41.0,107.0,-167.0,-2.0700000000000003,5.68,-90.42,41.91,-89.25,-166.24,38.74,-38.92,-156.4,30.509999999999998,63.83,-150.55
2025-08-08T20:16:08.517549,27.0,176.0,-132.0,-59.0,21.0,-175.0,-10.0,-57.0,-149.0,-19.0,21.0,-92.0,40.93,139.68,-117.42,-28.09,-1.25,-151.24,-3.26,-53.92,-137.4,-29.490000000000002,-22.17,-75.55
2025-08-08T20:16:08.521507,53.0,47.0,-204.0,-51.0,-5.0,-147.0,-71.0,-32.0,-109.0,13.0,-11.0,-117.0,66.93,10.68,-189.42,-20.09,-27.25,-123.24,-64.26,-28.92,-97.4,2.51,-54.17,-100.55
2025-08-08T20:16:08.529348,-41.0,96.0,-193.0,4.0,-4.0,-170.0,-8.0,-62.0,-122.0,-137.0,26.0,-89.0,-27.07,59.68,-178.42,34.91,-26.25,-146.24,-1.2599999999999998,-58.92,-110.4,-147.49,-17.17,-72.55
2025-08-08T20:16:08.533749,94.0,95.0,-39.0,-7.0,-2.0,-161.0,-26.0,-30.0,-126.0,-29.0,74.0,-155.0,107.93,58.68,-24.42,23.91,-24.25,-137.24,-19.259999999999998,-26.92,-114.4,-39.49,30.83,-138.55
2025-08-08T20:16:08.541757,-30.0,75.0,-132.0,59.0,-34.0,-146.0,5.0,-18.0,-137.0,1.0,23.0,-157.0,-16.07,38.68,-117.42,89.91,-56.25,-122.24,11.74,-14.92,-125.4,-9.49,-20.17,-140.55
2025-08-08T20:16:08.546196,-75.0,28.0,-109.0,17.0,40.0,-171.0,-43.0,-59.0,-162.0,7.0,55.0,-142.0,-61.07,-8.32,-94.42,47.91,17.75,-147.24,-36.26,-55.92,-150.4,-3.49,11.829999999999998,-125.55
2025-08-08T20:16:08.554225,32.0,48.0,-107.0,-18.0,49.0,-127.0,-29.0,-37.0,-54.0,-58.0,38.0,-132.0,45.93,11.68,-92.42,12.91,26.75,-103.24,-22.259999999999998,-33.92,-42.4,-68.49,-5.170000000000002,-115.55
2025-08-08T20:16:08.558839,26.0,72.0,-199.0,-18.0,-11.0,-125.0,-40.0,-86.0,-95.0,42.0,-29.0,-89.0,39.93,35.68,-184.42,12.91,-33.25,-101.24,-33.26,-82.92,-83.4,31.509999999999998,-72.17,-72.55
2025-08-08T20:16:08.566929,47.0,23.0,-156.0,17.0,-28.0,-121.0,-110.0,-19.0,-84.0,-64.0,113.0,-81.0,60.93,-13.32,-141.42,47.91,-50.25,-97.24,-103.26,-15.92,-72.4,-74.49,69.83,-64.55
2025-08-08T20:16:08.572006,38.0,103.0,-102.0,-4.0,47.0,-155.0,-54.0,-10.0,-104.0,-39.0,97.0,-92.0,51.93,66.68,-87.42,26.91,24.75,-131.24,-47.26,-6.92,-92.4,-49.49,53.83,-75.55
2025-08-08T20:16:08.578797,-11.0,80.0,-104.0,-32.0,23.0,-151.0,18.0,-53.0,-158.0,21.0,88.0,-106.0,2.9299999999999997,43.68,-89.42,-1.0899999999999999,0.75,-127.24,24.740000000000002,-49.92,-146.4,10.51,44.83,-89.55
2025-08-08T20:16:08.586613,38.0,72.0,-176.0,-6.0,44.0,-135.0,-47.0,-57.0,-120.0,-39.0,56.0,-129.0,51.93,35.68,-161.42,24.91,21.75,-111.24,-40.26,-53.92,-108.4,-49.49,12.829999999999998,-112.55
2025-08-08T20:16:08.591433,-8.0,81.0,-169.0,-4.0,24.0,-129.0,1.0,-40.0,-52.0,-50.0,47.0,-120.0,5.93,44.68,-154.42,26.91,1.75,-105.24,7.74,-36.92,-40.4,-60.49,3.8299999999999983,-103.55
2025-08-08T20:16:08.599090,-31.0,48.0,-163.0,59.0,-5.0,-155.0,25.0,-65.0,-113.0,-19.0,-20.0,-163.0,-17.07,11.68,-148.42,89.91,-27.25,-131.24,31.740000000000002,-61.92,-101.4,-29.490000000000002,-63.17,-146.55
2025-08-08T20:16:08.604004,-7.0,-10.0,-200.0,-83.0,-28.0,-130.0,-41.0,-40.0,-126.0,-22.0,100.0,-100.0,6.93,-46.32,-185.42,-52.09,-50.25,-106.24,-34.26,-36.92,-114.4,-32.49,56.83,-83.55
2025-08-08T20:16:08.611445,58.0,39.0,-171.0,-30.0,40.0,-103.0,-37.0,13.0,-168.0,-83.0,48.0,-136.0,71.93,2.6799999999999997,-156.42,0.9100000000000001,17.75,-79.24,-30.259999999999998,16.08,-156.4,-93.49,4.829999999999998,-119.55
2025-08-08T20:16:08.616122,-79.0,67.0,-151.0,2.0,-9.0,-132.0,-36.0,-6.0,-180.0,-36.0,124.0,-160.0,-65.07,30.68,-136.42,32.91,-31.25,-108.24,-29.259999999999998,-2.92,-168.4,-46.49,80.83,-143.55
2025-08-08T20:16:08.623843,36.0,11.0,-80.0,-47.0,-13.0,-119.0,20.0,-64.0,-154.0,-37.0,34.0,-127.0,49.93,-25.32,-65.42,-16.09,-35.25,-95.24,26.740000000000002,-60.92,-142.4,-47.49,-9.170000000000002,-110.55
2025-08-08T20:16:08.628705,-35.0,130.0,-173.0,-26.0,-48.0,-132.0,-83.0,-59.0,-99.0,-21.0,96.0,-128.0,-21.07,93.68,-158.42,4.91,-70.25,-108.24,-76.26,-55.92,-87.4,-31.490000000000002,52.83,-111.55
2025-08-08T20:16:08.636574,16.0,59.0,-166.0,35.0,-17.0,-135.0,-87.0,-4.0,-88.0,-52.0,95.0,-93.0,29.93,22.68,-151.42,65.91,-39.25,-111.24,-80.26,-0.9199999999999999,-76.4,-62.49,51.83,-76.55
2025-08-08T20:16:08.640835,3.0,19.0,-117.0,-2.0,64.0,-127.0,-10.0,51.0,-108.0,-54.0,105.0,-168.0,16.93,-17.32,-102.42,28.91,41.75,-103.24,-3.26,54.08,-96.4,-64.49,61.83,-151.55
2025-08-08T20:16:08.648416,0.0,95.0,-69.0,6.0,6.0,-141.0,46.0,-70.0,-144.0,-26.0,65.0,-193.0,13.93,58.68,-54.42,36.91,-16.25,-117.24,52.74,-66.92,-132.4,-36.49,21.83,-176.55
2025-08-08T20:16:08.652977,-37.0,72.0,-123.0,0.0,-31.0,-161.0,-31.0,-52.0,-116.0,-24.0,42.0,-135.0,-23.07,35.68,-108.42,30.91,-53.25,-137.24,-24.259999999999998,-48.92,-104.4,-34.49,-1.1700000000000017,-118.55
2025-08-08T20:16:08.660547,17.0,122.0,-110.0,0.0,-10.0,-102.0,-37.0,-24.0,-85.0,17.0,39.0,-170.0,30.93,85.68,-95.42,30.91,-32.25,-78.24,-30.259999999999998,-20.92,-73.4,6.51,-4.170000000000002,-153.55
2025-08-08T20:16:08.665020,-45.0,90.0,-133.0,5.0,-64.0,-84.0,-46.0,-40.0,-84.0,-2.0,74.0,-147.0,-31.07,53.68,-118.42,35.91,-86.25,-60.239999999999995,-39.26,-36.92,-72.4,-12.49,30.83,-130.55
2025-08-08T20:16:08.672814,20.0,3.0,-183.0,-13.0,47.0,-99.0,-132.0,61.0,-145.0,-6.0,54.0,-95.0,33.93,-33.32,-168.42,17.91,24.75,-75.24,-125.26,64.08,-133.4,-16.490000000000002,10.829999999999998,-78.55
2025-08-08T20:16:08.678044,38.0,87.0,-113.0,-1.0,7.0,-94.0,-41.0,-44.0,-148.0,-30.0,89.0,-157.0,51.93,50.68,-98.42,29.91,-15.25,-70.24,-34.26,-40.92,-136.4,-40.49,45.83,-140.55
2025-08-08T20:16:08.685972,14.0,84.0,-124.0,-47.0,20.0,-133.0,-30.0,58.0,-137.0,-25.0,80.0,-184.0,27.93,47.68,-109.42,-16.09,-2.25,-109.24,-23.259999999999998,61.08,-125.4,-35.49,36.83,-167.55
2025-08-08T20:16:08.689500,21.0,99.0,-99.0,11.0,-40.0,-147.0,-9.0,3.0,-147.0,6.0,67.0,-155.0,34.93,62.68,-84.42,41.91,-62.25,-123.24,-2.26,6.08,-135.4,-4.49,23.83,-138.55
2025-08-08T20:16:08.697648,13.0,94.0,-187.0,5.0,-53.0,-111.0,-10.0,-39.0,-106.0,10.0,29.0,-82.0,26.93,57.68,-172.42,35.91,-75.25,-87.24,-3.26,-35.92,-94.4,-0.4900000000000002,-14.170000000000002,-65.55
2025-08-08T20:16:08.705311,44.0,100.0,-172.0,-27.0,-26.0,-175.0,-52.0,-79.0,-159.0,-65.0,37.0,-124.0,57.93,63.68,-157.42,3.91,-48.25,-151.24,-45.26,-75.92,-147.4,-75.49,-6.170000000000002,-107.55
2025-08-08T20:16:08.710951,108.0,-15.0,-137.0,10.0,19.0,-131.0,-70.0,-16.0,-121.0,-71.0,51.0,-169.0,121.93,-51.32,-122.42,40.91,-3.25,-107.24,-63.26,-12.92,-109.4,-81.49,7.829999999999998,-152.55
2025-08-08T20:16:08.718021,-12.0,79.0,-127.0,3.0,-30.0,-142.0,-7.0,-31.0,-143.0,-52.0,51.0,-128.0,1.9299999999999997,42.68,-112.42,33.91,-52.25,-118.24,-0.2599999999999998,-27.92,-131.4,-62.49,7.829999999999998,-111.55
2025-08-08T20:16:08.723191,81.0,88.0,-132.0,-37.0,-35.0,-132.0,5.0,-30.0,-54.0,-1.0,61.0,-97.0,94.93,51.68,-117.42,-6.09,-57.25,-108.24,11.74,-26.92,-42.4,-11.49,17.83,-80.55
2025-08-08T20:16:08.730264,-15.0,110.0,-198.0,-16.0,13.0,-101.0,-81.0,-69.0,-118.0,-62.0,133.0,-105.0,-1.0700000000000003,73.68,-183.42,14.91,-9.25,-77.24,-74.26,-65.92,-106.4,-72.49,89.83,-88.55
2025-08-08T20:16:08.734748,42.0,61.0,-143.0,4.0,16.0,-155.0,-91.0,-79.0,-141.0,-52.0,78.0,-106.0,55.93,24.68,-128.42,34.91,-6.25,-131.24,-84.26,-75.92,-129.4,-62.49,34.83,-89.55
2025-08-08T20:16:08.742437,-61.0,87.0,-98.0,1.0,26.0,-122.0,-58.0,5.0,-161.0,-42.0,63.0,-157.0,-47.07,50.68,-83.42,31.91,3.75,-98.24,-51.26,8.08,-149.4,-52.49,19.83,-140.55
2025-08-08T20:16:08.746955,24.0,92.0,-163.0,-37.0,-69.0,-173.0,-89.0,-84.0,-95.0,-22.0,32.0,-188.0,37.93,55.68,-148.42,-6.09,-91.25,-149.24,-82.26,-80.92,-83.4,-32.49,-11.170000000000002,-171.55
2025-08-08T20:16:08.754845,-24.0,47.0,-174.0,-26.0,-2.0,-126.0,9.0,-63.0,-87.0,-98.0,91.0,-110.0,-10.07,10.68,-159.42,4.91,-24.25,-102.24,15.74,-59.92,-75.4,-108.49,47.83,-93.55
2025-08-08T20:16:08.759236,3.0,37.0,-127.0,11.0,-33.0,-167.0,24.0,-17.0,-122.0,-1.0,63.0,-97.0,16.93,0.6799999999999997,-112.42,41.91,-55.25,-143.24,30.740000000000002,-13.92,-110.4,-11.49,19.83,-80.55
2025-08-08T20:16:08.767005,83.0,-7.0,-197.0,8.0,45.0,-104.0,-57.0,3.0,-92.0,-83.0,66.0,-148.0,96.93,-43.32,-182.42,38.91,22.75,-80.24,-50.26,6.08,-80.4,-93.49,22.83,-131.55
2025-08-08T20:16:08.772707,68.0,78.0,-108.0,-32.0,-13.0,-113.0,-84.0,-73.0,-168.0,-14.0,74.0,-126.0,81.93,41.68,-93.42,-1.0899999999999999,-35.25,-89.24,-77.26,-69.92,-156.4,-24.490000000000002,30.83,-109.55
2025-08-08T20:16:08.779484,13.0,37.0,-74.0,-18.0,-4.0,-120.0,-51.0,-59.0,-135.0,-52.0,78.0,-177.0,26.93,0.6799999999999997,-59.42,12.91,-26.25,-96.24,-44.26,-55.92,-123.4,-62.49,34.83,-160.55
2025-08-08T20:16:08.787209,12.0,91.0,-123.0,-63.0,-33.0,-131.0,-58.0,-68.0,-110.0,-38.0,29.0,-155.0,25.93,54.68,-108.42,-32.09,-55.25,-107.24,-51.26,-64.92,-98.4,-48.49,-14.170000000000002,-138.55
2025-08-08T20:16:08.791973,11.0,118.0,-146.0,-5.0,-20.0,-205.0,-84.0,-58.0,-141.0,-44.0,45.0,-129.0,24.93,81.68,-131.42,25.91,-42.25,-181.24,-77.26,-54.92,-129.4,-54.49,1.8299999999999983,-112.55
2025-08-08T20:16:08.799768,0.0,102.0,-170.0,-17.0,-18.0,-145.0,-31.0,18.0,-123.0,8.0,130.0,-137.0,13.93,65.68,-155.42,13.91,-40.25,-121.24,-24.259999999999998,21.08,-111.4,-2.49,86.83,-120.55
2025-08-08T20:16:08.804294,34.0,45.0,-190.0,-19.0,-1.0,-151.0,-5.0,-80.0,-102.0,-36.0,111.0,-182.0,47.93,8.68,-175.42,11.91,-23.25,-127.24,1.7400000000000002,-76.92,-90.4,-46.49,67.83,-165.55
2025-08-08T20:16:08.812174,79.0,83.0,-103.0,29.0,-81.0,-130.0,-70.0,-25.0,-140.0,2.0,70.0,-150.0,92.93,46.68,-88.42,59.91,-103.25,-106.24,-63.26,-21.92,-128.4,-8.49,26.83,-133.55
2025-08-08T20:16:08.816511,65.0,44.0,-138.0,-11.0,8.0,-147.0,4.0,-15.0,-85.0,-24.0,83.0,-139.0,78.93,7.68,-123.42,19.91,-14.25,-123.24,10.74,-11.92,-73.4,-34.49,39.83,-122.55
2025-08-08T20:16:08.824215,44.0,51.0,-88.0,-39.0,-25.0,-154.0,-22.0,18.0,-116.0,-1.0,9.0,-95.0,57.93,14.68,-73.42,-8.09,-47.25,-130.24,-15.26,21.08,-104.4,-11.49,-34.17,-78.55
2025-08-08T20:16:08.828733,-78.0,118.0,-191.0,10.0,-3.0,-114.0,-63.0,-9.0,-151.0,-74.0,117.0,-135.0,-64.07,81.68,-176.42,40.91,-25.25,-90.24,-56.26,-5.92,-139.4,-84.49,73.83,-118.55
2025-08-08T20:16:08.836422,38.0,89.0,-125.0,-29.0,-14.0,-185.0,-54.0,-41.0,-119.0,6.0,29.0,-83.0,51.93,52.68,-110.42,1.9100000000000001,-36.25,-161.24,-47.26,-37.92,-107.4,-4.49,-14.170000000000002,-66.55
2025-08-08T20:16:08.840968,4.0,-26.0,-218.0,-23.0,3.0,-105.0,-59.0,-28.0,-215.0,-8.0,15.0,-180.0,17.93,-62.32,-203.42,7.91,-19.25,-81.24,-52.26,-24.92,-203.4,-18.490000000000002,-28.17,-163.55
2025-08-08T20:16:08.849191,32.0,38.0,-106.0,-72.0,-1.0,-152.0,19.0,-93.0,-73.0,-71.0,121.0,-165.0,45.93,1.6799999999999997,-91.42,-41.09,-23.25,-128.24,25.740000000000002,-89.92,-61.4,-81.49,77.83,-148.55
2025-08-08T20:16:08.853306,14.0,94.0,-88.0,5.0,13.0,-95.0,-28.0,-99.0,-134.0,-38.0,20.0,-142.0,27.93,57.68,-73.42,35.91,-9.25,-71.24,-21.259999999999998,-95.92,-122.4,-48.49,-23.17,-125.55
2025-08-08T20:16:08.861168,-1.0,9.0,-100.0,-1.0,38.0,-81.0,-32.0,-7.0,-143.0,-42.0,7.0,-128.0,12.93,-27.32,-85.42,29.91,15.75,-57.239999999999995,-25.259999999999998,-3.92,-131.4,-52.49,-36.17,-111.55
2025-08-08T20:16:08.865701,53.0,29.0,-134.0,-40.0,-4.0,-138.0,-79.0,-39.0,-125.0,-50.0,50.0,-143.0,66.93,-7.32,-119.42,-9.09,-26.25,-114.24,-72.26,-35.92,-113.4,-60.49,6.829999999999998,-126.55
2025-08-08T20:16:08.873582,13.0,49.0,-175.0,-40.0,25.0,-145.0,-85.0,0.0,-174.0,20.0,21.0,-153.0,26.93,12.68,-160.42,-9.09,2.75,-121.24,-78.26,3.08,-162.4,9.51,-22.17,-136.55
2025-08-08T20:16:08.878176,77.0,136.0,-223.0,-25.0,-9.0,-87.0,-85.0,-11.0,-128.0,-74.0,77.0,-122.0,90.93,99.68,-208.42,5.91,-31.25,-63.239999999999995,-78.26,-7.92,-116.4,-84.49,33.83,-105.55
2025-08-08T20:16:08.886474,10.0,41.0,-148.0,4.0,-17.0,-111.0,33.0,-61.0,-126.0,-44.0,90.0,-170.0,23.93,4.68,-133.42,34.91,-39.25,-87.24,39.74,-57.92,-114.4,-54.49,46.83,-153.55
2025-08-08T20:16:08.890243,89.0,55.0,-90.0,18.0,-14.0,-114.0,-45.0,-62.0,-134.0,-56.0,104.0,-172.0,102.93,18.68,-75.42,48.91,-36.25,-90.24,-38.26,-58.92,-122.4,-66.49,60.83,-155.55
2025-08-08T20:16:08.901049,-55.0,25.0,-118.0,-11.0,-44.0,-127.0,-84.0,-1.0,-80.0,-57.0,41.0,-184.0,-41.07,-11.32,-103.42,19.91,-66.25,-103.24,-77.26,2.08,-68.4,-67.49,-2.1700000000000017,-167.55
2025-08-08T20:16:08.907547,-25.0,89.0,-98.0,4.0,-3.0,-92.0,-73.0,-35.0,-121.0,43.0,75.0,-138.0,-11.07,52.68,-83.42,34.91,-25.25,-68.24,-66.26,-31.92,-109.4,32.51,31.83,-121.55
2025-08-08T20:16:08.913774,-11.0,73.0,-169.0,7.0,65.0,-85.0,-66.0,69.0,-163.0,-37.0,41.0,-128.0,2.9299999999999997,36.68,-154.42,37.91,42.75,-61.239999999999995,-59.26,72.08,-151.4,-47.49,-2.1700000000000017,-111.55
2025-08-08T20:16:08.918535,55.0,20.0,-114.0,-23.0,12.0,-127.0,16.0,-78.0,-154.0,-50.0,94.0,-107.0,68.93,-16.32,-99.42,7.91,-10.25,-103.24,22.740000000000002,-74.92,-142.4,-60.49,50.83,-90.55
2025-08-08T20:16:08.922555,80.0,3.0,-173.0,-22.0,-54.0,-183.0,-53.0,-50.0,-146.0,-71.0,42.0,-187.0,93.93,-33.32,-158.42,8.91,-76.25,-159.24,-46.26,-46.92,-134.4,-81.49,-1.1700000000000017,-170.55
2025-08-08T20:16:08.930693,59.0,31.0,-108.0,-80.0,-24.0,-102.0,-108.0,0.0,-111.0,-72.0,100.0,-121.0,72.93,-5.32,-93.42,-49.09,-46.25,-78.24,-101.26,3.08,-99.4,-82.49,56.83,-104.55
2025-08-08T20:16:08.934860,35.0,26.0,-145.0,17.0,1.0,-132.0,-22.0,40.0,-139.0,-78.0,54.0,-96.0,48.93,-10.32,-130.42,47.91,-21.25,-108.24,-15.26,43.08,-127.4,-88.49,10.829999999999998,-79.55
2025-08-08T20:16:08.942987,-5.0,53.0,-165.0,-6.0,-52.0,-158.0,-27.0,-25.0,-191.0,16.0,46.0,-114.0,8.93,16.68,-150.42,24.91,-74.25,-134.24,-20.259999999999998,-21.92,-179.4,5.51,2.8299999999999983,-97.55
2025-08-08T20:16:08.947575,155.0,50.0,-199.0,-46.0,28.0,-126.0,-50.0,-39.0,-95.0,-29.0,77.0,-112.0,168.93,13.68,-184.42,-15.09,5.75,-102.24,-43.26,-35.92,-83.4,-39.49,33.83,-95.55
2025-08-08T20:16:08.955284,89.0,70.0,-196.0,23.0,3.0,-149.0,-58.0,-49.0,-150.0,-21.0,73.0,-169.0,102.93,33.68,-181.42,53.91,-19.25,-125.24,-51.26,-45.92,-138.4,-31.490000000000002,29.83,-152.55
2025-08-08T20:16:08.959407,84.0,101.0,-188.0,88.0,49.0,-139.0,-57.0,-19.0,-152.0,5.0,64.0,-178.0,97.93,64.68,-173.42,118.91,26.75,-115.24,-50.26,-15.92,-140.4,-5.49,20.83,-161.55
2025-08-08T20:16:08.967618,-6.0,115.0,-159.0,-1.0,17.0,-167.0,-62.0,6.0,-106.0,-53.0,87.0,-223.0,7.93,78.68,-144.42,29.91,-5.25,-143.24,-55.26,9.08,-94.4,-63.49,43.83,-206.55
2025-08-08T20:16:08.972020,-17.0,133.0,-155.0,63.0,17.0,-135.0,-49.0,-36.0,-234.0,-61.0,143.0,-107.0,-3.0700000000000003,96.68,-140.42,93.91,-5.25,-111.24,-42.26,-32.92,-222.4,-71.49,99.83,-90.55
2025-08-08T20:16:08.980112,59.0,59.0,-235.0,76.0,-61.0,-192.0,-50.0,-37.0,-223.0,-90.0,45.0,-138.0,72.93,22.68,-220.42,106.91,-83.25,-168.24,-43.26,-33.92,-211.4,-100.49,1.8299999999999983,-121.55
2025-08-08T20:16:08.988067,54.0,143.0,-185.0,67.0,7.0,-204.0,-70.0,-54.0,-221.0,-53.0,132.0,-197.0,67.93,106.68,-170.42,97.91,-15.25,-180.24,-63.26,-50.92,-209.4,-63.49,88.83,-180.55
2025-08-08T20:16:08.992524,160.0,71.0,-169.0,89.0,-45.0,-205.0,-73.0,-8.0,-164.0,-29.0,103.0,-172.0,173.93,34.68,-154.42,119.91,-67.25,-181.24,-66.26,-4.92,-152.4,-39.49,59.83,-155.55
2025-08-08T20:16:09.000292,37.0,117.0,-164.0,140.0,6.0,-204.0,-95.0,-4.0,-231.0,-33.0,111.0,-204.0,50.93,80.68,-149.42,170.91,-16.25,-180.24,-88.26,-0.9199999999999999,-219.4,-43.49,67.83,-187.55
2025-08-08T20:16:09.004939,20.0,139.0,-192.0,81.0,2.0,-213.0,-53.0,-52.0,-286.0,-44.0,204.0,-190.0,33.93,102.68,-177.42,111.91,-20.25,-189.24,-46.26,-48.92,-274.4,-54.49,160.82999999999998,-173.55
2025-08-08T20:16:09.012766,24.0,68.0,-267.0,70.0,-20.0,-276.0,-91.0,-18.0,-202.0,-135.0,154.0,-273.0,37.93,31.68,-252.42,100.91,-42.25,-252.24,-84.26,-14.92,-190.4,-145.49,110.83,-256.55
2025-08-08T20:16:09.017378,72.0,185.0,-241.0,131.0,6.0,-220.0,-123.0,14.0,-235.0,11.0,139.0,-234.0,85.93,148.68,-226.42,161.91,-16.25,-196.24,-116.26,17.08,-223.4,0.5099999999999998,95.83,-217.55
2025-08-08T20:16:09.025078,31.0,88.0,-155.0,29.0,21.0,-192.0,-37.0,21.0,-195.0,-39.0,90.0,-183.0,44.93,51.68,-140.42,59.91,-1.25,-168.24,-30.259999999999998,24.08,-183.4,-49.49,46.83,-166.55
2025-08-08T20:16:09.033120,-49.0,153.0,-198.0,57.0,-31.0,-178.0,-41.0,1.0,-259.0,-152.0,142.0,-203.0,-35.07,116.68,-183.42,87.91,-53.25,-154.24,-34.26,4.08,-247.4,-162.49,98.83,-186.55
2025-08-08T20:16:09.037432,39.0,61.0,-215.0,69.0,-55.0,-319.0,-57.0,-122.0,-306.0,-51.0,106.0,-253.0,52.93,24.68,-200.42,99.91,-77.25,-295.24,-50.26,-118.92,-294.4,-61.49,62.83,-236.55
2025-08-08T20:16:09.045385,110.0,149.0,-210.0,93.0,-45.0,-235.0,-158.0,5.0,-231.0,-39.0,81.0,-239.0,123.93,112.68,-195.42,123.91,-67.25,-211.24,-151.26,8.08,-219.4,-49.49,37.83,-222.55
2025-08-08T20:16:09.049753,104.0,174.0,-195.0,54.0,-12.0,-193.0,-122.0,-18.0,-346.0,9.0,125.0,-244.0,117.93,137.68,-180.42,84.91,-34.25,-169.24,-115.26,-14.92,-334.4,-1.4900000000000002,81.83,-227.55
2025-08-08T20:16:09.057839,46.0,186.0,-265.0,85.0,-38.0,-228.0,-108.0,-43.0,-317.0,-30.0,226.0,-240.0,59.93,149.68,-250.42,115.91,-60.25,-204.24,-101.26,-39.92,-305.4,-40.49,182.82999999999998,-223.55
2025-08-08T20:16:09.062200,118.0,123.0,-149.0,98.0,-6.0,-215.0,-126.0,-64.0,-265.0,5.0,166.0,-247.0,131.93,86.68,-134.42,128.91,-28.25,-191.24,-119.26,-60.92,-253.4,-5.49,122.83,-230.55
2025-08-08T20:16:09.070394,59.0,180.0,-145.0,133.0,-34.0,-272.0,-93.0,-40.0,-293.0,-6.0,192.0,-200.0,72.93,143.68,-130.42,163.91,-56.25,-248.24,-86.26,-36.92,-281.4,-16.490000000000002,148.82999999999998,-183.55
2025-08-08T20:16:09.078136,98.0,173.0,-221.0,156.0,-40.0,-259.0,-86.0,-72.0,-325.0,-83.0,192.0,-172.0,111.93,136.68,-206.42,186.91,-62.25,-235.24,-79.26,-68.92,-313.4,-93.49,148.82999999999998,-155.55
2025-08-08T20:16:09.082413,106.0,154.0,-220.0,130.0,10.0,-224.0,-79.0,-6.0,-307.0,-40.0,229.0,-304.0,119.93,117.68,-205.42,160.91,-12.25,-200.24,-72.26,-2.92,-295.4,-50.49,185.82999999999998,-287.55
2025-08-08T20:16:09.090847,87.0,186.0,-179.0,188.0,-67.0,-255.0,-49.0,-62.0,-355.0,-74.0,145.0,-229.0,100.93,149.68,-164.42,218.91,-89.25,-231.24,-42.26,-58.92,-343.4,-84.49,101.83,-212.55
2025-08-08T20:16:09.094635,115.0,170.0,-163.0,130.0,21.0,-311.0,-86.0,-30.0,-359.0,-76.0,214.0,-267.0,128.93,133.68,-148.42,160.91,-1.25,-287.24,-79.26,-26.92,-347.4,-86.49,170.82999999999998,-250.55
2025-08-08T20:16:09.103503,127.0,182.0,-172.0,166.0,-36.0,-276.0,-160.0,-65.0,-355.0,-120.0,254.0,-300.0,140.93,145.68,-157.42,196.91,-58.25,-252.24,-153.26,-61.92,-343.4,-130.49,210.82999999999998,-283.55
2025-08-08T20:16:09.110764,126.0,140.0,-262.0,166.0,-35.0,-334.0,-199.0,-10.0,-384.0,-48.0,199.0,-237.0,139.93,103.68,-247.42,196.91,-57.25,-310.24,-192.26,-6.92,-372.4,-58.49,155.82999999999998,-220.55
2025-08-08T20:16:09.116127,155.0,226.0,-215.0,189.0,26.0,-332.0,-85.0,-16.0,-254.0,-5.0,185.0,-261.0,168.93,189.68,-200.42,219.91,3.75,-308.24,-78.26,-12.92,-242.4,-15.49,141.82999999999998,-244.55
2025-08-08T20:16:09.123250,108.0,213.0,-262.0,127.0,49.0,-295.0,-86.0,-9.0,-373.0,-36.0,129.0,-282.0,121.93,176.68,-247.42,157.91,26.75,-271.24,-79.26,-5.92,-361.4,-46.49,85.83,-265.55
2025-08-08T20:16:09.129105,175.0,176.0,-190.0,160.0,-47.0,-321.0,-43.0,-30.0,-361.0,-32.0,218.0,-306.0,188.93,139.68,-175.42,190.91,-69.25,-297.24,-36.26,-26.92,-349.4,-42.49,174.82999999999998,-289.55
2025-08-08T20:16:09.135598,48.0,142.0,-227.0,127.0,-59.0,-278.0,-119.0,-54.0,-370.0,-46.0,246.0,-236.0,61.93,105.68,-212.42,157.91,-81.25,-254.24,-112.26,-50.92,-358.4,-56.49,202.82999999999998,-219.55
2025-08-08T20:16:09.143571,140.0,290.0,-293.0,147.0,-60.0,-307.0,-121.0,-14.0,-344.0,-123.0,174.0,-247.0,153.93,253.68,-278.42,177.91,-82.25,-283.24,-114.26,-10.92,-332.4,-133.49,130.82999999999998,-230.55
2025-08-08T20:16:09.148100,151.0,180.0,-241.0,167.0,4.0,-313.0,-72.0,-10.0,-378.0,-89.0,214.0,-270.0,164.93,143.68,-226.42,197.91,-18.25,-289.24,-65.26,-6.92,-366.4,-99.49,170.82999999999998,-253.55
2025-08-08T20:16:09.156043,125.0,211.0,-253.0,135.0,-21.0,-296.0,-116.0,7.0,-387.0,-35.0,231.0,-282.0,138.93,174.68,-238.42,165.91,-43.25,-272.24,-109.26,10.08,-375.4,-45.49,187.82999999999998,-265.55
2025-08-08T20:16:09.160350,190.0,254.0,-316.0,128.0,15.0,-349.0,-154.0,-20.0,-342.0,-90.0,239.0,-213.0,203.93,217.68,-301.42,158.91,-7.25,-325.24,-147.26,-16.92,-330.4,-100.49,195.82999999999998,-196.55
2025-08-08T20:16:09.168363,120.0,248.0,-193.0,149.0,-53.0,-279.0,-78.0,-58.0,-353.0,-21.0,211.0,-306.0,133.93,211.68,-178.42,179.91,-75.25,-255.24,-71.26,-54.92,-341.4,-31.490000000000002,167.82999999999998,-289.55
2025-08-08T20:16:09.176347,170.0,282.0,-203.0,142.0,-53.0,-274.0,-63.0,-43.0,-375.0,-30.0,190.0,-295.0,183.93,245.68,-188.42,172.91,-75.25,-250.24,-56.26,-39.92,-363.4,-40.49,146.82999999999998,-278.55
2025-08-08T20:16:09.180725,165.0,233.0,-245.0,108.0,-45.0,-333.0,-94.0,10.0,-363.0,-71.0,232.0,-310.0,178.93,196.68,-230.42,138.91,-67.25,-309.24,-87.26,13.08,-351.4,-81.49,188.82999999999998,-293.55
2025-08-08T20:16:09.188848,163.0,194.0,-235.0,156.0,-68.0,-311.0,-88.0,36.0,-322.0,-108.0,231.0,-305.0,176.93,157.68,-220.42,186.91,-90.25,-287.24,-81.26,39.08,-310.4,-118.49,187.82999999999998,-288.55
2025-08-08T20:16:09.193250,118.0,219.0,-217.0,231.0,-8.0,-339.0,-112.0,-68.0,-355.0,-54.0,273.0,-248.0,131.93,182.68,-202.42,261.91,-30.25,-315.24,-105.26,-64.92,-343.4,-64.49,229.82999999999998,-231.55
2025-08-08T20:16:09.201105,128.0,286.0,-251.0,131.0,-39.0,-293.0,-95.0,-58.0,-312.0,-60.0,194.0,-271.0,141.93,249.68,-236.42,161.91,-61.25,-269.24,-88.26,-54.92,-300.4,-70.49,150.82999999999998,-254.55
2025-08-08T20:16:09.209345,87.0,233.0,-201.0,179.0,-29.0,-307.0,-62.0,-56.0,-344.0,-103.0,212.0,-320.0,100.93,196.68,-186.42,209.91,-51.25,-283.24,-55.26,-52.92,-332.4,-113.49,168.82999999999998,-303.55
2025-08-08T20:16:09.213546,135.0,246.0,-186.0,101.0,-32.0,-288.0,-74.0,-29.0,-334.0,-23.0,241.0,-281.0,148.93,209.68,-171.42,131.91,-54.25,-264.24,-67.26,-25.92,-322.4,-33.49,197.82999999999998,-264.55
2025-08-08T20:16:09.221541,86.0,271.0,-232.0,164.0,-21.0,-331.0,-54.0,16.0,-349.0,-39.0,165.0,-254.0,99.93,234.68,-217.42,194.91,-43.25,-307.24,-47.26,19.08,-337.4,-49.49,121.83,-237.55
2025-08-08T20:16:09.226106,222.0,244.0,-181.0,125.0,11.0,-294.0,-87.0,-57.0,-350.0,-47.0,205.0,-289.0,235.93,207.68,-166.42,155.91,-11.25,-270.24,-80.26,-53.92,-338.4,-57.49,161.82999999999998,-272.55
2025-08-08T20:16:09.233910,164.0,177.0,-176.0,194.0,0.0,-290.0,-73.0,-59.0,-312.0,-61.0,237.0,-273.0,177.93,140.68,-161.42,224.91,-22.25,-266.24,-66.26,-55.92,-300.4,-71.49,193.82999999999998,-256.55
2025-08-08T20:16:09.241969,174.0,262.0,-257.0,118.0,-50.0,-360.0,-170.0,-62.0,-333.0,-147.0,204.0,-288.0,187.93,225.68,-242.42,148.91,-72.25,-336.24,-163.26,-58.92,-321.4,-157.49,160.82999999999998,-271.55
2025-08-08T20:16:09.246396,201.0,232.0,-220.0,122.0,-6.0,-365.0,-116.0,1.0,-337.0,-38.0,253.0,-213.0,214.93,195.68,-205.42,152.91,-28.25,-341.24,-109.26,4.08,-325.4,-48.49,209.82999999999998,-196.55
2025-08-08T20:16:09.254282,130.0,241.0,-189.0,112.0,-73.0,-236.0,-48.0,-86.0,-322.0,-29.0,218.0,-316.0,143.93,204.68,-174.42,142.91,-95.25,-212.24,-41.26,-82.92,-310.4,-39.49,174.82999999999998,-299.55
2025-08-08T20:16:09.258805,175.0,214.0,-294.0,190.0,-85.0,-313.0,-124.0,6.0,-337.0,-47.0,269.0,-283.0,188.93,177.68,-279.42,220.91,-107.25,-289.24,-117.26,9.08,-325.4,-57.49,225.82999999999998,-266.55
2025-08-08T20:16:09.266691,182.0,181.0,-167.0,181.0,-19.0,-307.0,-131.0,-69.0,-351.0,-61.0,253.0,-301.0,195.93,144.68,-152.42,211.91,-41.25,-283.24,-124.26,-65.92,-339.4,-71.49,209.82999999999998,-284.55
2025-08-08T20:16:09.270997,151.0,239.0,-198.0,198.0,-50.0,-311.0,-80.0,-95.0,-336.0,-17.0,193.0,-259.0,164.93,202.68,-183.42,228.91,-72.25,-287.24,-73.26,-91.92,-324.4,-27.490000000000002,149.82999999999998,-242.55
2025-08-08T20:16:09.279263,120.0,281.0,-280.0,137.0,-57.0,-289.0,-116.0,-10.0,-305.0,-80.0,168.0,-241.0,133.93,244.68,-265.42,167.91,-79.25,-265.24,-109.26,-6.92,-293.4,-90.49,124.83,-224.55
2025-08-08T20:16:09.287022,143.0,122.0,-186.0,158.0,33.0,-264.0,-56.0,-53.0,-329.0,-108.0,228.0,-288.0,156.93,85.68,-171.42,188.91,10.75,-240.24,-49.26,-49.92,-317.4,-118.49,184.82999999999998,-271.55
2025-08-08T20:16:09.291364,98.0,232.0,-201.0,104.0,-3.0,-328.0,-106.0,-51.0,-298.0,32.0,158.0,-265.0,111.93,195.68,-186.42,134.91,-25.25,-304.24,-99.26,-47.92,-286.4,21.509999999999998,114.83,-248.55
2025-08-08T20:16:09.299614,156.0,174.0,-286.0,157.0,14.0,-331.0,-152.0,-37.0,-298.0,-117.0,167.0,-286.0,169.93,137.68,-271.42,187.91,-8.25,-307.24,-145.26,-33.92,-286.4,-127.49,123.83,-269.55
2025-08-08T20:16:09.303788,170.0,234.0,-184.0,93.0,10.0,-306.0,-129.0,57.0,-389.0,-54.0,256.0,-265.0,183.93,197.68,-169.42,123.91,-12.25,-282.24,-122.26,60.08,-377.4,-64.49,212.82999999999998,-248.55
2025-08-08T20:16:09.311780,60.0,184.0,-176.0,174.0,-32.0,-282.0,-75.0,-28.0,-323.0,-52.0,196.0,-271.0,73.93,147.68,-161.42,204.91,-54.25,-258.24,-68.26,-24.92,-311.4,-62.49,152.82999999999998,-254.55
2025-08-08T20:16:09.319840,85.0,228.0,-228.0,156.0,3.0,-315.0,-157.0,-14.0,-329.0,-82.0,209.0,-244.0,98.93,191.68,-213.42,186.91,-19.25,-291.24,-150.26,-10.92,-317.4,-92.49,165.82999999999998,-227.55
2025-08-08T20:16:09.324876,165.0,169.0,-169.0,159.0,-37.0,-272.0,-124.0,-30.0,-332.0,-41.0,274.0,-287.0,178.93,132.68,-154.42,189.91,-59.25,-248.24,-117.26,-26.92,-320.4,-51.49,230.82999999999998,-270.55
2025-08-08T20:16:09.332376,102.0,189.0,-249.0,186.0,13.0,-319.0,-20.0,-106.0,-358.0,-39.0,190.0,-294.0,115.93,152.68,-234.42,216.91,-9.25,-295.24,-13.26,-102.92,-346.4,-49.49,146.82999999999998,-277.55
2025-08-08T20:16:09.337472,122.0,226.0,-241.0,146.0,-12.0,-291.0,-53.0,18.0,-440.0,-114.0,220.0,-203.0,135.93,189.68,-226.42,176.91,-34.25,-267.24,-46.26,21.08,-428.4,-124.49,176.82999999999998,-186.55
2025-08-08T20:16:09.344539,193.0,181.0,-208.0,90.0,-64.0,-357.0,-113.0,-119.0,-320.0,-78.0,188.0,-223.0,206.93,144.68,-193.42,120.91,-86.25,-333.24,-106.26,-115.92,-308.4,-88.49,144.82999999999998,-206.55
2025-08-08T20:16:09.352576,128.0,195.0,-167.0,81.0,-20.0,-270.0,-140.0,-108.0,-321.0,-71.0,182.0,-289.0,141.93,158.68,-152.42,111.91,-42.25,-246.24,-133.26,-104.92,-309.4,-81.49,138.82999999999998,-272.55
2025-08-08T20:16:09.357204,142.0,222.0,-250.0,86.0,2.0,-262.0,-76.0,-53.0,-334.0,-45.0,139.0,-244.0,155.93,185.68,-235.42,116.91,-20.25,-238.24,-69.26,-49.92,-322.4,-55.49,95.83,-227.55
2025-08-08T20:16:09.365202,117.0,207.0,-242.0,128.0,-68.0,-320.0,-60.0,-16.0,-328.0,-37.0,243.0,-249.0,130.93,170.68,-227.42,158.91,-90.25,-296.24,-53.26,-12.92,-316.4,-47.49,199.82999999999998,-232.55
2025-08-08T20:16:09.369398,112.0,187.0,-196.0,136.0,-13.0,-333.0,-133.0,-22.0,-350.0,2.0,234.0,-328.0,125.93,150.68,-181.42,166.91,-35.25,-309.24,-126.26,-18.92,-338.4,-8.49,190.82999999999998,-311.55
2025-08-08T20:16:09.377399,157.0,265.0,-289.0,88.0,-56.0,-317.0,-108.0,-9.0,-394.0,-70.0,181.0,-263.0,170.93,228.68,-274.42,118.91,-78.25,-293.24,-101.26,-5.92,-382.4,-80.49,137.82999999999998,-246.55
2025-08-08T20:16:09.385525,132.0,137.0,-287.0,150.0,-15.0,-320.0,-91.0,-100.0,-286.0,54.0,207.0,-316.0,145.93,100.68,-272.42,180.91,-37.25,-296.24,-84.26,-96.92,-274.4,43.51,163.82999999999998,-299.55
2025-08-08T20:16:09.390130,121.0,206.0,-275.0,148.0,1.0,-295.0,-128.0,-31.0,-340.0,-50.0,199.0,-320.0,134.93,169.68,-260.42,178.91,-21.25,-271.24,-121.26,-27.92,-328.4,-60.49,155.82999999999998,-303.55
2025-08-08T20:16:09.398283,138.0,218.0,-269.0,154.0,15.0,-295.0,-76.0,-72.0,-343.0,-85.0,258.0,-221.0,151.93,181.68,-254.42,184.91,-7.25,-271.24,-69.26,-68.92,-331.4,-95.49,214.82999999999998,-204.55
2025-08-08T20:16:09.402902,165.0,170.0,-271.0,141.0,-45.0,-327.0,-97.0,-44.0,-327.0,-92.0,200.0,-259.0,178.93,133.68,-256.42,171.91,-67.25,-303.24,-90.26,-40.92,-315.4,-102.49,156.82999999999998,-242.55
2025-08-08T20:16:09.410455,83.0,201.0,-278.0,71.0,-70.0,-345.0,-142.0,-33.0,-265.0,38.0,215.0,-313.0,96.93,164.68,-263.42,101.91,-92.25,-321.24,-135.26,-29.92,-253.4,27.509999999999998,171.82999999999998,-296.55
2025-08-08T20:16:09.422855,44.0,197.0,-262.0,145.0,-15.0,-335.0,-120.0,-32.0,-371.0,14.0,238.0,-261.0,57.93,160.68,-247.42,175.91,-37.25,-311.24,-113.26,-28.92,-359.4,3.51,194.82999999999998,-244.55
2025-08-08T20:16:09.429028,183.0,172.0,-237.0,191.0,-6.0,-315.0,-123.0,-43.0,-377.0,-95.0,270.0,-302.0,196.93,135.68,-222.42,221.91,-28.25,-291.24,-116.26,-39.92,-365.4,-105.49,226.82999999999998,-285.55
2025-08-08T20:16:09.433805,45.0,170.0,-245.0,160.0,-8.0,-355.0,-147.0,-43.0,-328.0,20.0,154.0,-294.0,58.93,133.68,-230.42,190.91,-30.25,-331.24,-140.26,-39.92,-316.4,9.51,110.83,-277.55
2025-08-08T20:16:09.435865,106.0,234.0,-274.0,185.0,-47.0,-356.0,-83.0,13.0,-405.0,-49.0,225.0,-264.0,119.93,197.68,-259.42,215.91,-69.25,-332.24,-76.26,16.08,-393.4,-59.49,181.82999999999998,-247.55
2025-08-08T20:16:09.443015,144.0,141.0,-289.0,152.0,-41.0,-328.0,-75.0,-44.0,-352.0,-104.0,251.0,-275.0,157.93,104.68,-274.42,182.91,-63.25,-304.24,-68.26,-40.92,-340.4,-114.49,207.82999999999998,-258.55
2025-08-08T20:16:09.450760,110.0,149.0,-271.0,128.0,-20.0,-312.0,-96.0,-33.0,-365.0,-4.0,216.0,-314.0,123.93,112.68,-256.42,158.91,-42.25,-288.24,-89.26,-29.92,-353.4,-14.49,172.82999999999998,-297.55
2025-08-08T20:16:09.455391,152.0,177.0,-261.0,53.0,-26.0,-245.0,-150.0,-56.0,-302.0,-82.0,164.0,-255.0,165.93,140.68,-246.42,83.91,-48.25,-221.24,-143.26,-52.92,-290.4,-92.49,120.83,-238.55
2025-08-08T20:16:09.463274,128.0,258.0,-177.0,128.0,0.0,-312.0,-54.0,-75.0,-436.0,-85.0,212.0,-287.0,141.93,221.68,-162.42,158.91,-22.25,-288.24,-47.26,-71.92,-424.4,-95.49,168.82999999999998,-270.55
2025-08-08T20:16:09.467566,130.0,170.0,-160.0,158.0,-7.0,-371.0,-64.0,-10.0,-310.0,-28.0,179.0,-204.0,143.93,133.68,-145.42,188.91,-29.25,-347.24,-57.26,-6.92,-298.4,-38.49,135.82999999999998,-187.55
2025-08-08T20:16:09.475920,106.0,245.0,-136.0,83.0,-23.0,-317.0,-133.0,-36.0,-357.0,-37.0,252.0,-241.0,119.93,208.68,-121.42,113.91,-45.25,-293.24,-126.26,-32.92,-345.4,-47.49,208.82999999999998,-224.55
2025-08-08T20:16:09.483707,198.0,197.0,-239.0,148.0,-40.0,-275.0,-19.0,-77.0,-349.0,-110.0,263.0,-273.0,211.93,160.68,-224.42,178.91,-62.25,-251.24,-12.26,-73.92,-337.4,-120.49,219.82999999999998,-256.55
2025-08-08T20:16:09.488407,148.0,151.0,-195.0,145.0,25.0,-285.0,-55.0,-95.0,-332.0,-79.0,234.0,-249.0,161.93,114.68,-180.42,175.91,2.75,-261.24,-48.26,-91.92,-320.4,-89.49,190.82999999999998,-232.55
2025-08-08T20:16:09.496086,142.0,181.0,-261.0,41.0,19.0,-312.0,-76.0,-22.0,-361.0,-22.0,192.0,-218.0,155.93,144.68,-246.42,71.91,-3.25,-288.24,-69.26,-18.92,-349.4,-32.49,148.82999999999998,-201.55
2025-08-08T20:16:09.501091,143.0,244.0,-276.0,149.0,-38.0,-298.0,-81.0,-31.0,-363.0,-104.0,262.0,-311.0,156.93,207.68,-261.42,179.91,-60.25,-274.24,-74.26,-27.92,-351.4,-114.49,218.82999999999998,-294.55
2025-08-08T20:16:09.508351,140.0,161.0,-196.0,130.0,-12.0,-298.0,-123.0,-70.0,-323.0,-40.0,223.0,-242.0,153.93,124.68,-181.42,160.91,-34.25,-274.24,-116.26,-66.92,-311.4,-50.49,179.82999999999998,-225.55
2025-08-08T20:16:09.513745,118.0,191.0,-202.0,155.0,0.0,-298.0,-117.0,-12.0,-381.0,-41.0,212.0,-268.0,131.93,154.68,-187.42,185.91,-22.25,-274.24,-110.26,-8.92,-369.4,-51.49,168.82999999999998,-251.55
2025-08-08T20:16:09.520762,143.0,167.0,-247.0,138.0,-27.0,-268.0,-32.0,-50.0,-360.0,-82.0,252.0,-302.0,156.93,130.68,-232.42,168.91,-49.25,-244.24,-25.259999999999998,-46.92,-348.4,-92.49,208.82999999999998,-285.55
2025-08-08T20:16:09.528495,129.0,137.0,-201.0,85.0,11.0,-316.0,-100.0,-38.0,-335.0,12.0,214.0,-312.0,142.93,100.68,-186.42,115.91,-11.25,-292.24,-93.26,-34.92,-323.4,1.5099999999999998,170.82999999999998,-295.55
2025-08-08T20:16:09.533376,107.0,249.0,-243.0,94.0,-56.0,-321.0,-134.0,-32.0,-331.0,-28.0,214.0,-280.0,120.93,212.68,-228.42,124.91,-78.25,-297.24,-127.26,-28.92,-319.4,-38.49,170.82999999999998,-263.55
2025-08-08T20:16:09.541408,132.0,237.0,-234.0,103.0,10.0,-271.0,-18.0,-43.0,-327.0,-17.0,191.0,-283.0,145.93,200.68,-219.42,133.91,-12.25,-247.24,-11.26,-39.92,-315.4,-27.490000000000002,147.82999999999998,-266.55
2025-08-08T20:16:09.545435,161.0,133.0,-201.0,89.0,11.0,-311.0,-83.0,-58.0,-365.0,18.0,213.0,-287.0,174.93,96.68,-186.42,119.91,-11.25,-287.24,-76.26,-54.92,-353.4,7.51,169.82999999999998,-270.55
2025-08-08T20:16:09.553379,134.0,229.0,-194.0,96.0,-56.0,-264.0,-108.0,6.0,-373.0,-72.0,239.0,-284.0,147.93,192.68,-179.42,126.91,-78.25,-240.24,-101.26,9.08,-361.4,-82.49,195.82999999999998,-267.55
2025-08-08T20:16:09.561549,64.0,198.0,-220.0,84.0,6.0,-293.0,-115.0,-55.0,-359.0,-97.0,250.0,-262.0,77.93,161.68,-205.42,114.91,-16.25,-269.24,-108.26,-51.92,-347.4,-107.49,206.82999999999998,-245.55
2025-08-08T20:16:09.565924,171.0,175.0,-243.0,142.0,-40.0,-299.0,-99.0,-47.0,-326.0,-22.0,245.0,-282.0,184.93,138.68,-228.42,172.91,-62.25,-275.24,-92.26,-43.92,-314.4,-32.49,201.82999999999998,-265.55
2025-08-08T20:16:09.573993,171.0,233.0,-247.0,132.0,-48.0,-326.0,-95.0,-56.0,-375.0,-73.0,203.0,-257.0,184.93,196.68,-232.42,162.91,-70.25,-302.24,-88.26,-52.92,-363.4,-83.49,159.82999999999998,-240.55
2025-08-08T20:16:09.578303,109.0,234.0,-233.0,159.0,7.0,-305.0,-48.0,20.0,-318.0,-8.0,207.0,-300.0,122.93,197.68,-218.42,189.91,-15.25,-281.24,-41.26,23.08,-306.4,-18.490000000000002,163.82999999999998,-283.55
2025-08-08T20:16:09.586304,141.0,155.0,-288.0,129.0,-36.0,-327.0,-99.0,-36.0,-348.0,-38.0,235.0,-275.0,154.93,118.68,-273.42,159.91,-58.25,-303.24,-92.26,-32.92,-336.4,-48.49,191.82999999999998,-258.55
2025-08-08T20:16:09.594152,79.0,174.0,-218.0,111.0,-53.0,-329.0,-149.0,7.0,-331.0,-51.0,250.0,-315.0,92.93,137.68,-203.42,141.91,-75.25,-305.24,-142.26,10.08,-319.4,-61.49,206.82999999999998,-298.55
2025-08-08T20:16:09.598668,68.0,183.0,-280.0,88.0,-17.0,-321.0,-73.0,-93.0,-415.0,-31.0,185.0,-295.0,81.93,146.68,-265.42,118.91,-39.25,-297.24,-66.26,-89.92,-403.4,-41.49,141.82999999999998,-278.55
2025-08-08T20:16:09.606636,192.0,202.0,-235.0,122.0,-21.0,-350.0,-110.0,-36.0,-329.0,23.0,166.0,-287.0,205.93,165.68,-220.42,152.91,-43.25,-326.24,-103.26,-32.92,-317.4,12.51,122.83,-270.55
2025-08-08T20:16:09.611498,118.0,152.0,-166.0,118.0,-71.0,-307.0,-139.0,-58.0,-298.0,-58.0,204.0,-241.0,131.93,115.68,-151.42,148.91,-93.25,-283.24,-132.26,-54.92,-286.4,-68.49,160.82999999999998,-224.55
2025-08-08T20:16:09.619599,99.0,209.0,-244.0,90.0,-40.0,-337.0,-57.0,-32.0,-409.0,-65.0,274.0,-300.0,112.93,172.68,-229.42,120.91,-62.25,-313.24,-50.26,-28.92,-397.4,-75.49,230.82999999999998,-283.55
2025-08-08T20:16:09.623632,162.0,167.0,-212.0,172.0,14.0,-334.0,-84.0,16.0,-338.0,-50.0,236.0,-302.0,175.93,130.68,-197.42,202.91,-8.25,-310.24,-77.26,19.08,-326.4,-60.49,192.82999999999998,-285.55
2025-08-08T20:16:09.631729,49.0,119.0,-239.0,108.0,15.0,-263.0,-189.0,-55.0,-271.0,-102.0,195.0,-227.0,62.93,82.68,-224.42,138.91,-7.25,-239.24,-182.26,-51.92,-259.4,-112.49,151.82999999999998,-210.55
2025-08-08T20:16:09.639507,158.0,232.0,-228.0,132.0,3.0,-351.0,-52.0,-42.0,-384.0,-15.0,284.0,-362.0,171.93,195.68,-213.42,162.91,-19.25,-327.24,-45.26,-38.92,-372.4,-25.490000000000002,240.82999999999998,-345.55
2025-08-08T20:16:09.644098,163.0,155.0,-266.0,99.0,-61.0,-301.0,-27.0,-22.0,-299.0,3.0,195.0,-293.0,176.93,118.68,-251.42,129.91,-83.25,-277.24,-20.259999999999998,-18.92,-287.4,-7.49,151.82999999999998,-276.55
2025-08-08T20:16:09.652056,101.0,190.0,-238.0,95.0,-50.0,-312.0,-56.0,-93.0,-310.0,-46.0,217.0,-274.0,114.93,153.68,-223.42,125.91,-72.25,-288.24,-49.26,-89.92,-298.4,-56.49,173.82999999999998,-257.55
2025-08-08T20:16:09.656533,64.0,172.0,-185.0,43.0,10.0,-304.0,-64.0,-34.0,-402.0,-76.0,241.0,-279.0,77.93,135.68,-170.42,73.91,-12.25,-280.24,-57.26,-30.92,-390.4,-86.49,197.82999999999998,-262.55
2025-08-08T20:16:09.664283,145.0,170.0,-293.0,110.0,-21.0,-266.0,-115.0,-41.0,-362.0,-64.0,260.0,-282.0,158.93,133.68,-278.42,140.91,-43.25,-242.24,-108.26,-37.92,-350.4,-74.49,216.82999999999998,-265.55
2025-08-08T20:16:09.672215,140.0,162.0,-257.0,88.0,-28.0,-288.0,-111.0,-102.0,-340.0,-69.0,173.0,-267.0,153.93,125.68,-242.42,118.91,-50.25,-264.24,-104.26,-98.92,-328.4,-79.49,129.82999999999998,-250.55
2025-08-08T20:16:09.676652,111.0,120.0,-192.0,200.0,-16.0,-296.0,-57.0,36.0,-404.0,-62.0,250.0,-211.0,124.93,83.68,-177.42,230.91,-38.25,-272.24,-50.26,39.08,-392.4,-72.49,206.82999999999998,-194.55
2025-08-08T20:16:09.685187,93.0,203.0,-271.0,42.0,-45.0,-313.0,-143.0,-13.0,-323.0,-5.0,272.0,-237.0,106.93,166.68,-256.42,72.91,-67.25,-289.24,-136.26,-9.92,-311.4,-15.49,228.82999999999998,-220.55
2025-08-08T20:16:09.692751,91.0,153.0,-219.0,128.0,-24.0,-247.0,-82.0,-10.0,-373.0,-74.0,204.0,-289.0,104.93,116.68,-204.42,158.91,-46.25,-223.24,-75.26,-6.92,-361.4,-84.49,160.82999999999998,-272.55
2025-08-08T20:16:09.696633,145.0,200.0,-211.0,140.0,-30.0,-291.0,-96.0,-22.0,-342.0,-56.0,150.0,-274.0,158.93,163.68,-196.42,170.91,-52.25,-267.24,-89.26,-18.92,-330.4,-66.49,106.83,-257.55
2025-08-08T20:16:09.704773,114.0,260.0,-270.0,182.0,-57.0,-317.0,-49.0,-13.0,-384.0,-20.0,254.0,-299.0,127.93,223.68,-255.42,212.91,-79.25,-293.24,-42.26,-9.92,-372.4,-30.490000000000002,210.82999999999998,-282.55
2025-08-08T20:16:09.709027,139.0,226.0,-311.0,98.0,-10.0,-313.0,-112.0,10.0,-250.0,-9.0,149.0,-299.0,152.93,189.68,-296.42,128.91,-32.25,-289.24,-105.26,13.08,-238.4,-19.490000000000002,105.83,-282.55
2025-08-08T20:16:09.717632,93.0,213.0,-228.0,158.0,-33.0,-335.0,-103.0,21.0,-358.0,-74.0,202.0,-270.0,106.93,176.68,-213.42,188.91,-55.25,-311.24,-96.26,24.08,-346.4,-84.49,158.82999999999998,-253.55
2025-08-08T20:16:09.721455,132.0,270.0,-228.0,67.0,-14.0,-275.0,-90.0,-55.0,-316.0,-21.0,276.0,-332.0,145.93,233.68,-213.42,97.91,-36.25,-251.24,-83.26,-51.92,-304.4,-31.490000000000002,232.82999999999998,-315.55
2025-08-08T20:16:09.730263,91.0,213.0,-264.0,153.0,15.0,-294.0,-62.0,-42.0,-343.0,-19.0,250.0,-277.0,104.93,176.68,-249.42,183.91,-7.25,-270.24,-55.26,-38.92,-331.4,-29.490000000000002,206.82999999999998,-260.55
2025-08-08T20:16:09.737436,109.0,127.0,-258.0,151.0,-10.0,-298.0,-84.0,-16.0,-324.0,-63.0,244.0,-267.0,122.93,90.68,-243.42,181.91,-32.25,-274.24,-77.26,-12.92,-312.4,-73.49,200.82999999999998,-250.55
2025-08-08T20:16:09.742000,141.0,185.0,-173.0,109.0,-6.0,-345.0,-69.0,-59.0,-376.0,-127.0,190.0,-231.0,154.93,148.68,-158.42,139.91,-28.25,-321.24,-62.26,-55.92,-364.4,-137.49,146.82999999999998,-214.55
2025-08-08T20:16:09.749839,39.0,185.0,-223.0,174.0,-40.0,-368.0,-98.0,-60.0,-329.0,-69.0,167.0,-239.0,52.93,148.68,-208.42,204.91,-62.25,-344.24,-91.26,-56.92,-317.4,-79.49,123.83,-222.55
2025-08-08T20:16:09.754250,176.0,164.0,-194.0,153.0,-14.0,-298.0,-67.0,-65.0,-353.0,24.0,193.0,-205.0,189.93,127.68,-179.42,183.91,-36.25,-274.24,-60.26,-61.92,-341.4,13.51,149.82999999999998,-188.55
2025-08-08T20:16:09.762138,65.0,165.0,-173.0,88.0,11.0,-280.0,-96.0,-47.0,-294.0,-171.0,242.0,-245.0,78.93,128.68,-158.42,118.91,-11.25,-256.24,-89.26,-43.92,-282.4,-181.49,198.82999999999998,-228.55
2025-08-08T20:16:09.766629,128.0,219.0,-180.0,103.0,-25.0,-343.0,-138.0,11.0,-392.0,-34.0,281.0,-234.0,141.93,182.68,-165.42,133.91,-47.25,-319.24,-131.26,14.08,-380.4,-44.49,237.82999999999998,-217.55
2025-08-08T20:16:09.774636,98.0,148.0,-249.0,106.0,-8.0,-289.0,1.0,22.0,-363.0,-50.0,111.0,-212.0,111.93,111.68,-234.42,136.91,-30.25,-265.24,7.74,25.08,-351.4,-60.49,67.83,-195.55
2025-08-08T20:16:09.782564,56.0,190.0,-215.0,83.0,-10.0,-294.0,-29.0,-40.0,-349.0,-87.0,182.0,-253.0,69.93,153.68,-200.42,113.91,-32.25,-270.24,-22.259999999999998,-36.92,-337.4,-97.49,138.82999999999998,-236.55
2025-08-08T20:16:09.786931,17.0,165.0,-192.0,104.0,-34.0,-290.0,-90.0,-27.0,-327.0,25.0,166.0,-263.0,30.93,128.68,-177.42,134.91,-56.25,-266.24,-83.26,-23.92,-315.4,14.51,122.83,-246.55
2025-08-08T20:16:09.794900,82.0,227.0,-258.0,71.0,-68.0,-277.0,-71.0,-87.0,-267.0,5.0,192.0,-272.0,95.93,190.68,-243.42,101.91,-90.25,-253.24,-64.26,-83.92,-255.4,-5.49,148.82999999999998,-255.55
2025-08-08T20:16:09.799379,79.0,195.0,-217.0,66.0,-47.0,-298.0,-82.0,-71.0,-254.0,-48.0,189.0,-244.0,92.93,158.68,-202.42,96.91,-69.25,-274.24,-75.26,-67.92,-242.4,-58.49,145.82999999999998,-227.55
2025-08-08T20:16:09.807382,3.0,165.0,-183.0,94.0,25.0,-270.0,-42.0,-49.0,-242.0,-32.0,172.0,-239.0,16.93,128.68,-168.42,124.91,2.75,-246.24,-35.26,-45.92,-230.4,-42.49,128.82999999999998,-222.55
2025-08-08T20:16:09.811742,57.0,78.0,-182.0,106.0,-38.0,-222.0,-95.0,-36.0,-309.0,-53.0,133.0,-216.0,70.93,41.68,-167.42,136.91,-60.25,-198.24,-88.26,-32.92,-297.4,-63.49,89.83,-199.55
2025-08-08T20:16:09.819778,13.0,148.0,-215.0,77.0,-15.0,-278.0,-91.0,-43.0,-206.0,-114.0,183.0,-176.0,26.93,111.68,-200.42,107.91,-37.25,-254.24,-84.26,-39.92,-194.4,-124.49,139.82999999999998,-159.55
2025-08-08T20:16:09.827495,78.0,151.0,-176.0,57.0,16.0,-253.0,-52.0,-48.0,-235.0,-21.0,187.0,-150.0,91.93,114.68,-161.42,87.91,-6.25,-229.24,-45.26,-44.92,-223.4,-31.490000000000002,143.82999999999998,-133.55
2025-08-08T20:16:09.832168,98.0,136.0,-198.0,33.0,32.0,-237.0,-127.0,13.0,-245.0,-5.0,147.0,-144.0,111.93,99.68,-183.42,63.91,9.75,-213.24,-120.26,16.08,-233.4,-15.49,103.83,-127.55
2025-08-08T20:16:09.840122,58.0,113.0,-227.0,-1.0,-8.0,-134.0,-63.0,-15.0,-261.0,10.0,111.0,-169.0,71.93,76.68,-212.42,29.91,-30.25,-110.24,-56.26,-11.92,-249.4,-0.4900000000000002,67.83,-152.55
2025-08-08T20:16:09.844671,29.0,112.0,-146.0,24.0,-6.0,-214.0,-46.0,-69.0,-151.0,-43.0,104.0,-196.0,42.93,75.68,-131.42,54.91,-28.25,-190.24,-39.26,-65.92,-139.4,-53.49,60.83,-179.55
2025-08-08T20:16:09.852332,23.0,-2.0,-166.0,42.0,-14.0,-160.0,-87.0,-50.0,-195.0,30.0,75.0,-152.0,36.93,-38.32,-151.42,72.91,-36.25,-136.24,-80.26,-46.92,-183.4,19.509999999999998,31.83,-135.55
2025-08-08T20:16:09.856870,69.0,125.0,-195.0,55.0,38.0,-216.0,-32.0,-63.0,-200.0,-10.0,95.0,-173.0,82.93,88.68,-180.42,85.91,15.75,-192.24,-25.259999999999998,-59.92,-188.4,-20.490000000000002,51.83,-156.55
2025-08-08T20:16:09.864883,30.0,119.0,-156.0,45.0,12.0,-202.0,-54.0,-99.0,-261.0,-76.0,151.0,-151.0,43.93,82.68,-141.42,75.91,-10.25,-178.24,-47.26,-95.92,-249.4,-86.49,107.83,-134.55
2025-08-08T20:16:09.869414,-40.0,152.0,-141.0,54.0,60.0,-257.0,10.0,-26.0,-146.0,-78.0,76.0,-127.0,-26.07,115.68,-126.42,84.91,37.75,-233.24,16.740000000000002,-22.92,-134.4,-88.49,32.83,-110.55
2025-08-08T20:16:09.877323,59.0,85.0,-111.0,-16.0,-23.0,-202.0,-71.0,4.0,-129.0,-48.0,152.0,-183.0,72.93,48.68,-96.42,14.91,-45.25,-178.24,-64.26,7.08,-117.4,-58.49,108.83,-166.55
2025-08-08T20:16:09.885340,7.0,156.0,-147.0,30.0,-3.0,-213.0,-31.0,-57.0,-164.0,-19.0,119.0,-154.0,20.93,119.68,-132.42,60.91,-25.25,-189.24,-24.259999999999998,-53.92,-152.4,-29.490000000000002,75.83,-137.55
2025-08-08T20:16:09.892222,12.0,33.0,-138.0,-21.0,-14.0,-142.0,-43.0,-68.0,-161.0,-21.0,57.0,-137.0,25.93,-3.3200000000000003,-123.42,9.91,-36.25,-118.24,-36.26,-64.92,-149.4,-31.490000000000002,13.829999999999998,-120.55
2025-08-08T20:16:09.897091,24.0,96.0,-200.0,-5.0,-3.0,-131.0,-43.0,7.0,-148.0,-60.0,28.0,-162.0,37.93,59.68,-185.42,25.91,-25.25,-107.24,-36.26,10.08,-136.4,-70.49,-15.170000000000002,-145.55
2025-08-08T20:16:09.901613,-30.0,105.0,-211.0,19.0,57.0,-192.0,-44.0,-26.0,-183.0,-48.0,116.0,-125.0,-16.07,68.68,-196.42,49.91,34.75,-168.24,-37.26,-22.92,-171.4,-58.49,72.83,-108.55
2025-08-08T20:16:09.909675,45.0,63.0,-205.0,-2.0,-26.0,-123.0,-36.0,-80.0,-164.0,47.0,68.0,-122.0,58.93,26.68,-190.42,28.91,-48.25,-99.24,-29.259999999999998,-76.92,-152.4,36.51,24.83,-105.55
2025-08-08T20:16:09.914056,65.0,73.0,-190.0,6.0,-32.0,-170.0,-22.0,-51.0,-130.0,-72.0,66.0,-105.0,78.93,36.68,-175.42,36.91,-54.25,-146.24,-15.26,-47.92,-118.4,-82.49,22.83,-88.55
2025-08-08T20:16:09.921974,27.0,21.0,-82.0,12.0,-8.0,-160.0,-14.0,-46.0,-147.0,-111.0,86.0,-118.0,40.93,-15.32,-67.42,42.91,-30.25,-136.24,-7.26,-42.92,-135.4,-121.49,42.83,-101.55
2025-08-08T20:16:09.926287,-19.0,99.0,-163.0,37.0,11.0,-180.0,-69.0,46.0,-123.0,-71.0,100.0,-161.0,-5.07,62.68,-148.42,67.91,-11.25,-156.24,-62.26,49.08,-111.4,-81.49,56.83,-144.55
2025-08-08T20:16:09.934267,37.0,118.0,-133.0,22.0,4.0,-132.0,-97.0,4.0,-156.0,26.0,-9.0,-174.0,50.93,81.68,-118.42,52.91,-18.25,-108.24,-90.26,7.08,-144.4,15.51,-52.17,-157.55
2025-08-08T20:16:09.939110,87.0,58.0,-169.0,0.0,-37.0,-97.0,-52.0,-11.0,-88.0,-41.0,26.0,-137.0,100.93,21.68,-154.42,30.91,-59.25,-73.24,-45.26,-7.92,-76.4,-51.49,-17.17,-120.55
2025-08-08T20:16:09.946580,3.0,58.0,-146.0,-54.0,1.0,-159.0,-71.0,-75.0,-112.0,-38.0,56.0,-91.0,16.93,21.68,-131.42,-23.09,-21.25,-135.24,-64.26,-71.92,-100.4,-48.49,12.829999999999998,-74.55
2025-08-08T20:16:09.950885,18.0,82.0,-70.0,-2.0,76.0,-192.0,-14.0,-5.0,-71.0,-45.0,105.0,-133.0,31.93,45.68,-55.42,28.91,53.75,-168.24,-7.26,-1.92,-59.4,-55.49,61.83,-116.55
2025-08-08T20:16:09.958817,-21.0,69.0,-72.0,4.0,11.0,-160.0,-61.0,-30.0,-139.0,-127.0,138.0,-167.0,-7.07,32.68,-57.42,34.91,-11.25,-136.24,-54.26,-26.92,-127.4,-137.49,94.83,-150.55
2025-08-08T20:16:09.963879,-45.0,92.0,-94.0,65.0,16.0,-134.0,-57.0,-1.0,-146.0,-15.0,78.0,-131.0,-31.07,55.68,-79.42,95.91,-6.25,-110.24,-50.26,2.08,-134.4,-25.490000000000002,34.83,-114.55
2025-08-08T20:16:09.971314,19.0,114.0,-171.0,19.0,-24.0,-165.0,-29.0,-49.0,-139.0,-21.0,20.0,-124.0,32.93,77.68,-156.42,49.91,-46.25,-141.24,-22.259999999999998,-45.92,-127.4,-31.490000000000002,-23.17,-107.55
2025-08-08T20:16:09.979293,71.0,66.0,-175.0,-21.0,-13.0,-138.0,4.0,-33.0,-93.0,23.0,26.0,-169.0,84.93,29.68,-160.42,9.91,-35.25,-114.24,10.74,-29.92,-81.4,12.51,-17.17,-152.55
2025-08-08T20:16:09.983549,-31.0,17.0,-105.0,13.0,-12.0,-179.0,-93.0,-24.0,-123.0,-73.0,-4.0,-71.0,-17.07,-19.32,-90.42,43.91,-34.25,-155.24,-86.26,-20.92,-111.4,-83.49,-47.17,-54.55
2025-08-08T20:16:09.991425,-21.0,40.0,-116.0,-22.0,-24.0,-98.0,-92.0,56.0,-190.0,-53.0,57.0,-155.0,-7.07,3.6799999999999997,-101.42,8.91,-46.25,-74.24,-85.26,59.08,-178.4,-63.49,13.829999999999998,-138.55
2025-08-08T20:16:09.995853,-33.0,89.0,-79.0,-51.0,15.0,-124.0,-73.0,-16.0,-181.0,-11.0,101.0,-172.0,-19.07,52.68,-64.42,-20.09,-7.25,-100.24,-66.26,-12.92,-169.4,-21.490000000000002,57.83,-155.55
2025-08-08T20:16:10.003884,29.0,106.0,-175.0,-78.0,53.0,-186.0,-63.0,8.0,-168.0,-50.0,43.0,-145.0,42.93,69.68,-160.42,-47.09,30.75,-162.24,-56.26,11.08,-156.4,-60.49,-0.1700000000000017,-128.55
2025-08-08T20:16:10.008158,39.0,95.0,-174.0,43.0,17.0,-135.0,-88.0,-46.0,-76.0,-19.0,67.0,-120.0,52.93,58.68,-159.42,73.91,-5.25,-111.24,-81.26,-42.92,-64.4,-29.490000000000002,23.83,-103.55
2025-08-08T20:16:10.016191,18.0,-8.0,-143.0,54.0,53.0,-191.0,-14.0,-69.0,-80.0,-38.0,8.0,-149.0,31.93,-44.32,-128.42,84.91,30.75,-167.24,-7.26,-65.92,-68.4,-48.49,-35.17,-132.55
2025-08-08T20:16:10.020558,7.0,110.0,-96.0,-52.0,9.0,-132.0,-129.0,-30.0,-121.0,-28.0,101.0,-147.0,20.93,73.68,-81.42,-21.09,-13.25,-108.24,-122.26,-26.92,-109.4,-38.49,57.83,-130.55
2025-08-08T20:16:10.028560,-2.0,34.0,-136.0,8.0,38.0,-185.0,-16.0,20.0,-133.0,30.0,128.0,-143.0,11.93,-2.3200000000000003,-121.42,38.91,15.75,-161.24,-9.26,23.08,-121.4,19.509999999999998,84.83,-126.55
2025-08-08T20:16:10.032704,28.0,120.0,-116.0,9.0,-65.0,-112.0,-18.0,-59.0,-150.0,-13.0,99.0,-200.0,41.93,83.68,-101.42,39.91,-87.25,-88.24,-11.26,-55.92,-138.4,-23.490000000000002,55.83,-183.55
2025-08-08T20:16:10.040703,77.0,83.0,-145.0,5.0,-3.0,-189.0,-3.0,-32.0,-96.0,-49.0,76.0,-194.0,90.93,46.68,-130.42,35.91,-25.25,-165.24,3.74,-28.92,-84.4,-59.49,32.83,-177.55
2025-08-08T20:16:10.045032,25.0,116.0,-200.0,-21.0,13.0,-131.0,-82.0,29.0,-137.0,-85.0,-14.0,-71.0,38.93,79.68,-185.42,9.91,-9.25,-107.24,-75.26,32.08,-125.4,-95.49,-57.17,-54.55
2025-08-08T20:16:10.052924,94.0,70.0,-173.0,-1.0,22.0,-184.0,-33.0,36.0,-93.0,-98.0,65.0,-89.0,107.93,33.68,-158.42,29.91,-0.25,-160.24,-26.259999999999998,39.08,-81.4,-108.49,21.83,-72.55
2025-08-08T20:16:10.061185,-41.0,56.0,-173.0,-27.0,24.0,-111.0,-85.0,-90.0,-82.0,-66.0,88.0,-147.0,-27.07,19.68,-158.42,3.91,1.75,-87.24,-78.26,-86.92,-70.4,-76.49,44.83,-130.55
2025-08-08T20:16:10.065434,13.0,21.0,-90.0,40.0,-2.0,-159.0,-61.0,21.0,-154.0,-9.0,26.0,-155.0,26.93,-15.32,-75.42,70.91,-24.25,-135.24,-54.26,24.08,-142.4,-19.490000000000002,-17.17,-138.55
2025-08-08T20:16:10.073266,-22.0,92.0,-87.0,10.0,-20.0,-161.0,-34.0,-8.0,-158.0,-57.0,53.0,-109.0,-8.07,55.68,-72.42,40.91,-42.25,-137.24,-27.259999999999998,-4.92,-146.4,-67.49,9.829999999999998,-92.55
2025-08-08T20:16:10.077728,1.0,33.0,-132.0,-5.0,36.0,-203.0,-49.0,-26.0,-18.0,28.0,48.0,-139.0,14.93,-3.3200000000000003,-117.42,25.91,13.75,-179.24,-42.26,-22.92,-6.4,17.509999999999998,4.829999999999998,-122.55
2025-08-08T20:16:10.085481,6.0,110.0,-149.0,26.0,51.0,-175.0,-41.0,2.0,-142.0,10.0,49.0,-155.0,19.93,73.68,-134.42,56.91,28.75,-151.24,-34.26,5.08,-130.4,-0.4900000000000002,5.829999999999998,-138.55
2025-08-08T20:16:10.090175,47.0,29.0,-186.0,-21.0,-26.0,-153.0,-67.0,-29.0,-135.0,-7.0,39.0,-127.0,60.93,-7.32,-171.42,9.91,-48.25,-129.24,-60.26,-25.92,-123.4,-17.490000000000002,-4.170000000000002,-110.55
2025-08-08T20:16:10.098024,42.0,3.0,-137.0,24.0,17.0,-183.0,-63.0,-29.0,-106.0,-83.0,60.0,-97.0,55.93,-33.32,-122.42,54.91,-5.25,-159.24,-56.26,-25.92,-94.4,-93.49,16.83,-80.55
2025-08-08T20:16:10.102267,-14.0,59.0,-192.0,22.0,-12.0,-141.0,-56.0,-63.0,-162.0,-92.0,98.0,-163.0,-0.07000000000000028,22.68,-177.42,52.91,-34.25,-117.24,-49.26,-59.92,-150.4,-102.49,54.83,-146.55
2025-08-08T20:16:10.110286,60.0,59.0,-70.0,-29.0,27.0,-130.0,-47.0,-56.0,-241.0,-59.0,65.0,-156.0,73.93,22.68,-55.42,1.9100000000000001,4.75,-106.24,-40.26,-52.92,-229.4,-69.49,21.83,-139.55
2025-08-08T20:16:10.114734,-29.0,86.0,-200.0,27.0,-47.0,-154.0,-22.0,-37.0,-115.0,27.0,32.0,-200.0,-15.07,49.68,-185.42,57.91,-69.25,-130.24,-15.26,-33.92,-103.4,16.509999999999998,-11.170000000000002,-183.55
2025-08-08T20:16:10.122730,83.0,40.0,-148.0,4.0,3.0,-169.0,-76.0,11.0,-112.0,-50.0,71.0,-192.0,96.93,3.6799999999999997,-133.42,34.91,-19.25,-145.24,-69.26,14.08,-100.4,-60.49,27.83,-175.55
2025-08-08T20:16:10.127120,18.0,27.0,-215.0,-2.0,-37.0,-190.0,-39.0,21.0,-131.0,-31.0,10.0,-116.0,31.93,-9.32,-200.42,28.91,-59.25,-166.24,-32.26,24.08,-119.4,-41.49,-33.17,-99.55
2025-08-08T20:16:10.135028,-41.0,27.0,-149.0,-34.0,20.0,-214.0,-12.0,36.0,-96.0,-50.0,25.0,-108.0,-27.07,-9.32,-134.42,-3.09,-2.25,-190.24,-5.26,39.08,-84.4,-60.49,-18.17,-91.55
2025-08-08T20:16:10.139649,42.0,93.0,-107.0,20.0,-9.0,-134.0,-75.0,-13.0,-151.0,-30.0,50.0,-170.0,55.93,56.68,-92.42,50.91,-31.25,-110.24,-68.26,-9.92,-139.4,-40.49,6.829999999999998,-153.55
2025-08-08T20:16:10.147634,-25.0,101.0,-120.0,-12.0,33.0,-137.0,-10.0,-57.0,-107.0,-71.0,78.0,-96.0,-11.07,64.68,-105.42,18.91,10.75,-113.24,-3.26,-53.92,-95.4,-81.49,34.83,-79.55
2025-08-08T20:16:10.154686,5.0,41.0,-197.0,10.0,-43.0,-152.0,-90.0,73.0,-76.0,7.0,99.0,-162.0,18.93,4.68,-182.42,40.91,-65.25,-128.24,-83.26,76.08,-64.4,-3.49,55.83,-145.55
2025-08-08T20:16:10.159762,-3.0,150.0,-157.0,27.0,25.0,-130.0,-67.0,-16.0,-156.0,-28.0,98.0,-120.0,10.93,113.68,-142.42,57.91,2.75,-106.24,-60.26,-12.92,-144.4,-38.49,54.83,-103.55
2025-08-08T20:16:10.167677,20.0,72.0,-154.0,-45.0,78.0,-136.0,-108.0,-112.0,-134.0,-18.0,-49.0,-113.0,33.93,35.68,-139.42,-14.09,55.75,-112.24,-101.26,-108.92,-122.4,-28.490000000000002,-92.17,-96.55
2025-08-08T20:16:10.172385,4.0,93.0,-93.0,-41.0,-22.0,-151.0,-34.0,-51.0,-86.0,-6.0,127.0,-144.0,17.93,56.68,-78.42,-10.09,-44.25,-127.24,-27.259999999999998,-47.92,-74.4,-16.490000000000002,83.83,-127.55
2025-08-08T20:16:10.180223,-39.0,92.0,-132.0,4.0,22.0,-112.0,-27.0,-35.0,-127.0,-57.0,68.0,-155.0,-25.07,55.68,-117.42,34.91,-0.25,-88.24,-20.259999999999998,-31.92,-115.4,-67.49,24.83,-138.55
2025-08-08T20:16:10.184656,-8.0,71.0,-145.0,11.0,17.0,-105.0,-53.0,-55.0,-81.0,-7.0,170.0,-99.0,5.93,34.68,-130.42,41.91,-5.25,-81.24,-46.26,-51.92,-69.4,-17.490000000000002,126.83,-82.55
2025-08-08T20:16:10.192321,26.0,67.0,-120.0,9.0,43.0,-151.0,-62.0,35.0,-161.0,-20.0,41.0,-147.0,39.93,30.68,-105.42,39.91,20.75,-127.24,-55.26,38.08,-149.4,-30.490000000000002,-2.1700000000000017,-130.55
2025-08-08T20:16:10.197089,3.0,76.0,-95.0,66.0,-15.0,-146.0,9.0,5.0,-151.0,-48.0,65.0,-117.0,16.93,39.68,-80.42,96.91,-37.25,-122.24,15.74,8.08,-139.4,-58.49,21.83,-100.55
2025-08-08T20:16:10.204910,69.0,80.0,-159.0,-21.0,-51.0,-139.0,-28.0,-33.0,-129.0,-52.0,39.0,-135.0,82.93,43.68,-144.42,9.91,-73.25,-115.24,-21.259999999999998,-29.92,-117.4,-62.49,-4.170000000000002,-118.55
2025-08-08T20:16:10.209630,-17.0,16.0,-164.0,-15.0,-22.0,-175.0,-2.0,-65.0,-52.0,-63.0,113.0,-203.0,-3.0700000000000003,-20.32,-149.42,15.91,-44.25,-151.24,4.74,-61.92,-40.4,-73.49,69.83,-186.55
2025-08-08T20:16:10.218273,21.0,-21.0,-107.0,-20.0,-33.0,-105.0,-73.0,-79.0,-135.0,-15.0,113.0,-108.0,34.93,-57.32,-92.42,10.91,-55.25,-81.24,-66.26,-75.92,-123.4,-25.490000000000002,69.83,-91.55
2025-08-08T20:16:10.222511,28.0,128.0,-210.0,24.0,51.0,-182.0,-48.0,-39.0,-161.0,37.0,120.0,-148.0,41.93,91.68,-195.42,54.91,28.75,-158.24,-41.26,-35.92,-149.4,26.509999999999998,76.83,-131.55
2025-08-08T20:16:10.229505,34.0,41.0,-164.0,52.0,9.0,-115.0,-26.0,-42.0,-180.0,-24.0,32.0,-141.0,47.93,4.68,-149.42,82.91,-13.25,-91.24,-19.259999999999998,-38.92,-168.4,-34.49,-11.170000000000002,-124.55
2025-08-08T20:16:10.234374,-7.0,74.0,-109.0,-1.0,-9.0,-150.0,10.0,-102.0,-132.0,-29.0,120.0,-117.0,6.93,37.68,-94.42,29.91,-31.25,-126.24,16.740000000000002,-98.92,-120.4,-39.49,76.83,-100.55
2025-08-08T20:16:10.241825,0.0,-48.0,-48.0,-13.0,6.0,-178.0,-82.0,-75.0,-172.0,-35.0,107.0,-134.0,13.93,-84.32,-33.42,17.91,-16.25,-154.24,-75.26,-71.92,-160.4,-45.49,63.83,-117.55
2025-08-08T20:16:10.249534,4.0,93.0,-105.0,-13.0,-22.0,-111.0,-56.0,-16.0,-125.0,-94.0,28.0,-140.0,17.93,56.68,-90.42,17.91,-44.25,-87.24,-49.26,-12.92,-113.4,-104.49,-15.170000000000002,-123.55
2025-08-08T20:16:10.254029,9.0,69.0,-128.0,32.0,-5.0,-138.0,-29.0,-35.0,-102.0,-48.0,88.0,-111.0,22.93,32.68,-113.42,62.91,-27.25,-114.24,-22.259999999999998,-31.92,-90.4,-58.49,44.83,-94.55
2025-08-08T20:16:10.262072,82.0,87.0,-127.0,-17.0,7.0,-123.0,-26.0,-99.0,-133.0,-14.0,34.0,-119.0,95.93,50.68,-112.42,13.91,-15.25,-99.24,-19.259999999999998,-95.92,-121.4,-24.490000000000002,-9.170000000000002,-102.55
2025-08-08T20:16:10.266715,68.0,52.0,-91.0,0.0,5.0,-146.0,-87.0,-36.0,-157.0,-91.0,61.0,-110.0,81.93,15.68,-76.42,30.91,-17.25,-122.24,-80.26,-32.92,-145.4,-101.49,17.83,-93.55
2025-08-08T20:16:10.274321,90.0,23.0,-89.0,-41.0,31.0,-127.0,-17.0,-21.0,-130.0,-40.0,128.0,-115.0,103.93,-13.32,-74.42,-10.09,8.75,-103.24,-10.26,-17.92,-118.4,-50.49,84.83,-98.55
2025-08-08T20:16:10.279102,51.0,56.0,-128.0,-10.0,-38.0,-174.0,-46.0,-34.0,-108.0,5.0,113.0,-121.0,64.93,19.68,-113.42,20.91,-60.25,-150.24,-39.26,-30.92,-96.4,-5.49,69.83,-104.55
2025-08-08T20:16:10.286498,1.0,89.0,-105.0,7.0,-13.0,-90.0,-23.0,-2.0,-127.0,-48.0,127.0,-186.0,14.93,52.68,-90.42,37.91,-35.25,-66.24,-16.259999999999998,1.08,-115.4,-58.49,83.83,-169.55
2025-08-08T20:16:10.291023,-16.0,95.0,-109.0,18.0,-42.0,-151.0,-43.0,-58.0,-114.0,-63.0,52.0,-119.0,-2.0700000000000003,58.68,-94.42,48.91,-64.25,-127.24,-36.26,-54.92,-102.4,-73.49,8.829999999999998,-102.55
2025-08-08T20:16:10.298726,11.0,96.0,-162.0,-19.0,42.0,-145.0,-2.0,-69.0,-176.0,-46.0,86.0,-173.0,24.93,59.68,-147.42,11.91,19.75,-121.24,4.74,-65.92,-164.4,-56.49,42.83,-156.55
2025-08-08T20:16:10.303229,105.0,66.0,-137.0,28.0,-5.0,-123.0,-16.0,-40.0,-141.0,-41.0,90.0,-114.0,118.93,29.68,-122.42,58.91,-27.25,-99.24,-9.26,-36.92,-129.4,-51.49,46.83,-97.55
2025-08-08T20:16:10.310997,-1.0,65.0,-132.0,-18.0,6.0,-175.0,-58.0,-8.0,-154.0,48.0,108.0,-150.0,12.93,28.68,-117.42,12.91,-16.25,-151.24,-51.26,-4.92,-142.4,37.51,64.83,-133.55
2025-08-08T20:16:10.315407,18.0,114.0,-152.0,-1.0,45.0,-179.0,-21.0,-48.0,-125.0,-47.0,85.0,-122.0,31.93,77.68,-137.42,29.91,22.75,-155.24,-14.26,-44.92,-113.4,-57.49,41.83,-105.55
2025-08-08T20:16:10.323404,-8.0,32.0,-139.0,27.0,-10.0,-107.0,6.0,-69.0,-112.0,-67.0,99.0,-128.0,5.93,-4.32,-124.42,57.91,-32.25,-83.24,12.74,-65.92,-100.4,-77.49,55.83,-111.55
2025-08-08T20:16:10.327588,64.0,65.0,-175.0,15.0,17.0,-196.0,-42.0,-111.0,-75.0,-31.0,72.0,-184.0,77.93,28.68,-160.42,45.91,-5.25,-172.24,-35.26,-107.92,-63.4,-41.49,28.83,-167.55
2025-08-08T20:16:10.335644,-39.0,25.0,-161.0,25.0,8.0,-187.0,-80.0,6.0,-61.0,-49.0,79.0,-56.0,-25.07,-11.32,-146.42,55.91,-14.25,-163.24,-73.26,9.08,-49.4,-59.49,35.83,-39.55
2025-08-08T20:16:10.343622,35.0,82.0,-141.0,41.0,-4.0,-187.0,-46.0,40.0,-109.0,-41.0,44.0,-228.0,48.93,45.68,-126.42,71.91,-26.25,-163.24,-39.26,43.08,-97.4,-51.49,0.8299999999999983,-211.55
2025-08-08T20:16:10.348154,52.0,37.0,-113.0,-41.0,-8.0,-95.0,-50.0,-73.0,-152.0,-6.0,76.0,-176.0,65.93,0.6799999999999997,-98.42,-10.09,-30.25,-71.24,-43.26,-69.92,-140.4,-16.490000000000002,32.83,-159.55
2025-08-08T20:16:10.356101,-74.0,105.0,-130.0,-15.0,23.0,-158.0,-50.0,-8.0,-89.0,-30.0,58.0,-147.0,-60.07,68.68,-115.42,15.91,0.75,-134.24,-43.26,-4.92,-77.4,-40.49,14.829999999999998,-130.55
2025-08-08T20:16:10.360304,-31.0,70.0,-69.0,63.0,-9.0,-149.0,-61.0,-56.0,-126.0,-25.0,97.0,-106.0,-17.07,33.68,-54.42,93.91,-31.25,-125.24,-54.26,-52.92,-114.4,-35.49,53.83,-89.55
2025-08-08T20:16:10.368418,-31.0,86.0,-159.0,28.0,22.0,-89.0,6.0,-71.0,-119.0,-53.0,19.0,-131.0,-17.07,49.68,-144.42,58.91,-0.25,-65.24,12.74,-67.92,-107.4,-63.49,-24.17,-114.55
2025-08-08T20:16:10.372849,45.0,98.0,-192.0,14.0,-54.0,-90.0,-73.0,-12.0,-138.0,-75.0,15.0,-125.0,58.93,61.68,-177.42,44.91,-76.25,-66.24,-66.26,-8.92,-126.4,-85.49,-28.17,-108.55
2025-08-08T20:16:10.380711,51.0,46.0,-92.0,16.0,49.0,-154.0,-88.0,-31.0,-148.0,-3.0,-13.0,-166.0,64.93,9.68,-77.42,46.91,26.75,-130.24,-81.26,-27.92,-136.4,-13.49,-56.17,-149.55
2025-08-08T20:16:10.386287,68.0,110.0,-113.0,19.0,-22.0,-146.0,-9.0,-17.0,-106.0,-48.0,77.0,-123.0,81.93,73.68,-98.42,49.91,-44.25,-122.24,-2.26,-13.92,-94.4,-58.49,33.83,-106.55
2025-08-08T20:16:10.393237,-20.0,14.0,-36.0,38.0,-21.0,-161.0,-24.0,-56.0,-176.0,-56.0,-3.0,-213.0,-6.07,-22.32,-21.42,68.91,-43.25,-137.24,-17.259999999999998,-52.92,-164.4,-66.49,-46.17,-196.55
2025-08-08T20:16:10.398674,10.0,76.0,-159.0,22.0,20.0,-153.0,-36.0,-45.0,-65.0,-51.0,44.0,-173.0,23.93,39.68,-144.42,52.91,-2.25,-129.24,-29.259999999999998,-41.92,-53.4,-61.49,0.8299999999999983,-156.55
2025-08-08T20:16:10.405338,11.0,136.0,-223.0,26.0,0.0,-175.0,-10.0,-4.0,-90.0,-41.0,61.0,-132.0,24.93,99.68,-208.42,56.91,-22.25,-151.24,-3.26,-0.9199999999999999,-78.4,-51.49,17.83,-115.55
2025-08-08T20:16:10.411299,40.0,80.0,-91.0,-31.0,7.0,-143.0,-51.0,7.0,-157.0,-64.0,49.0,-108.0,53.93,43.68,-76.42,-0.08999999999999986,-15.25,-119.24,-44.26,10.08,-145.4,-74.49,5.829999999999998,-91.55
2025-08-08T20:16:10.417806,-15.0,27.0,-219.0,19.0,29.0,-62.0,-102.0,-23.0,-114.0,-44.0,79.0,-181.0,-1.0700000000000003,-9.32,-204.42,49.91,6.75,-38.239999999999995,-95.26,-19.92,-102.4,-54.49,35.83,-164.55
2025-08-08T20:16:10.423659,-18.0,61.0,-113.0,12.0,26.0,-110.0,-51.0,6.0,-96.0,-8.0,108.0,-159.0,-4.07,24.68,-98.42,42.91,3.75,-86.24,-44.26,9.08,-84.4,-18.490000000000002,64.83,-142.55
2025-08-08T20:16:10.430285,51.0,47.0,-162.0,18.0,-10.0,-129.0,-67.0,-76.0,-140.0,-65.0,53.0,-140.0,64.93,10.68,-147.42,48.91,-32.25,-105.24,-60.26,-72.92,-128.4,-75.49,9.829999999999998,-123.55
2025-08-08T20:16:10.436129,-23.0,79.0,-161.0,7.0,50.0,-172.0,-89.0,-78.0,-173.0,21.0,17.0,-128.0,-9.07,42.68,-146.42,37.91,27.75,-148.24,-82.26,-74.92,-161.4,10.51,-26.17,-111.55
2025-08-08T20:16:10.442564,2.0,130.0,-109.0,-72.0,40.0,-111.0,-58.0,0.0,-100.0,-80.0,-14.0,-166.0,15.93,93.68,-94.42,-41.09,17.75,-87.24,-51.26,3.08,-88.4,-90.49,-57.17,-149.55
2025-08-08T20:16:10.450144,111.0,49.0,-217.0,-33.0,9.0,-105.0,-71.0,-6.0,-109.0,-50.0,93.0,-97.0,124.93,12.68,-202.42,-2.09,-13.25,-81.24,-64.26,-2.92,-97.4,-60.49,49.83,-80.55
2025-08-08T20:16:10.454649,9.0,-15.0,-199.0,33.0,75.0,-117.0,-47.0,1.0,-80.0,-68.0,68.0,-114.0,22.93,-51.32,-184.42,63.91,52.75,-93.24,-40.26,4.08,-68.4,-78.49,24.83,-97.55
2025-08-08T20:16:10.462542,22.0,13.0,-74.0,32.0,47.0,-125.0,-41.0,-99.0,-137.0,-21.0,-18.0,-111.0,35.93,-23.32,-59.42,62.91,24.75,-101.24,-34.26,-95.92,-125.4,-31.490000000000002,-61.17,-94.55
2025-08-08T20:16:10.467236,-48.0,7.0,-126.0,0.0,-14.0,-134.0,-18.0,-87.0,-83.0,-4.0,78.0,-147.0,-34.07,-29.32,-111.42,30.91,-36.25,-110.24,-11.26,-83.92,-71.4,-14.49,34.83,-130.55
2025-08-08T20:16:10.474852,-31.0,88.0,-121.0,30.0,-59.0,-154.0,-14.0,-20.0,-141.0,-67.0,-7.0,-173.0,-17.07,51.68,-106.42,60.91,-81.25,-130.24,-7.26,-16.92,-129.4,-77.49,-50.17,-156.55
2025-08-08T20:16:10.479357,52.0,84.0,-156.0,-7.0,-74.0,-134.0,-97.0,-85.0,-87.0,-66.0,53.0,-132.0,65.93,47.68,-141.42,23.91,-96.25,-110.24,-90.26,-81.92,-75.4,-76.49,9.829999999999998,-115.55
2025-08-08T20:16:10.487142,-10.0,40.0,-175.0,21.0,21.0,-111.0,-37.0,-40.0,-138.0,-85.0,121.0,-163.0,3.9299999999999997,3.6799999999999997,-160.42,51.91,-1.25,-87.24,-30.259999999999998,-36.92,-126.4,-95.49,77.83,-146.55
2025-08-08T20:16:10.491738,-20.0,74.0,-159.0,-67.0,-100.0,-92.0,-16.0,-70.0,-186.0,-29.0,98.0,-175.0,-6.07,37.68,-144.42,-36.09,-122.25,-68.24,-9.26,-66.92,-174.4,-39.49,54.83,-158.55
2025-08-08T20:16:10.499434,3.0,36.0,-102.0,54.0,-60.0,-170.0,-11.0,7.0,-113.0,-23.0,121.0,-183.0,16.93,-0.3200000000000003,-87.42,84.91,-82.25,-146.24,-4.26,10.08,-101.4,-33.49,77.83,-166.55
2025-08-08T20:16:10.504122,-17.0,124.0,-137.0,54.0,4.0,-106.0,-79.0,-30.0,-125.0,-6.0,132.0,-181.0,-3.0700000000000003,87.68,-122.42,84.91,-18.25,-82.24,-72.26,-26.92,-113.4,-16.490000000000002,88.83,-164.55
2025-08-08T20:16:10.511734,-7.0,110.0,-255.0,-9.0,15.0,-128.0,-69.0,-74.0,-147.0,43.0,15.0,-126.0,6.93,73.68,-240.42,21.91,-7.25,-104.24,-62.26,-70.92,-135.4,32.51,-28.17,-109.55
2025-08-08T20:16:10.517302,40.0,91.0,-165.0,36.0,1.0,-130.0,-45.0,45.0,-148.0,-24.0,62.0,-163.0,53.93,54.68,-150.42,66.91,-21.25,-106.24,-38.26,48.08,-136.4,-34.49,18.83,-146.55
2025-08-08T20:16:10.524136,1.0,25.0,-149.0,-32.0,-38.0,-81.0,-56.0,-58.0,-123.0,-122.0,37.0,-198.0,14.93,-11.32,-134.42,-1.0899999999999999,-60.25,-57.239999999999995,-49.26,-54.92,-111.4,-132.49,-6.170000000000002,-181.55
2025-08-08T20:16:10.528608,31.0,67.0,-140.0,-5.0,9.0,-140.0,-6.0,1.0,-126.0,39.0,91.0,-120.0,44.93,30.68,-125.42,25.91,-13.25,-116.24,0.7400000000000002,4.08,-114.4,28.509999999999998,47.83,-103.55
2025-08-08T20:16:10.536335,8.0,10.0,-84.0,-4.0,16.0,-164.0,15.0,15.0,-131.0,-16.0,53.0,-185.0,21.93,-26.32,-69.42,26.91,-6.25,-140.24,21.740000000000002,18.08,-119.4,-26.490000000000002,9.829999999999998,-168.55
2025-08-08T20:16:10.544393,-27.0,112.0,-187.0,-15.0,-4.0,-180.0,-23.0,-34.0,-102.0,-82.0,15.0,-190.0,-13.07,75.68,-172.42,15.91,-26.25,-156.24,-16.259999999999998,-30.92,-90.4,-92.49,-28.17,-173.55
2025-08-08T20:16:10.548841,21.0,40.0,-179.0,1.0,10.0,-143.0,-72.0,-19.0,-90.0,-9.0,18.0,-120.0,34.93,3.6799999999999997,-164.42,31.91,-12.25,-119.24,-65.26,-15.92,-78.4,-19.490000000000002,-25.17,-103.55
2025-08-08T20:16:10.553192,65.0,141.0,-124.0,1.0,-7.0,-69.0,-6.0,2.0,-128.0,-27.0,94.0,-163.0,78.93,104.68,-109.42,31.91,-29.25,-45.239999999999995,0.7400000000000002,5.08,-116.4,-37.49,50.83,-146.55
2025-08-08T20:16:10.561378,12.0,0.0,-125.0,91.0,-8.0,-154.0,-49.0,-46.0,-144.0,-67.0,57.0,-187.0,25.93,-36.32,-110.42,121.91,-30.25,-130.24,-42.26,-42.92,-132.4,-77.49,13.829999999999998,-170.55
2025-08-08T20:16:10.569289,41.0,72.0,-83.0,-8.0,62.0,-203.0,-83.0,-115.0,-109.0,-68.0,58.0,-151.0,54.93,35.68,-68.42,22.91,39.75,-179.24,-76.26,-111.92,-97.4,-78.49,14.829999999999998,-134.55
2025-08-08T20:16:10.574396,19.0,86.0,-146.0,29.0,36.0,-134.0,-24.0,-58.0,-102.0,-25.0,66.0,-107.0,32.93,49.68,-131.42,59.91,13.75,-110.24,-17.259999999999998,-54.92,-90.4,-35.49,22.83,-90.55
2025-08-08T20:16:10.581194,1.0,115.0,-171.0,34.0,69.0,-181.0,-8.0,-39.0,-93.0,-53.0,80.0,-86.0,14.93,78.68,-156.42,64.91,46.75,-157.24,-1.2599999999999998,-35.92,-81.4,-63.49,36.83,-69.55
2025-08-08T20:16:10.585658,14.0,114.0,-199.0,81.0,53.0,-120.0,-108.0,-21.0,-124.0,-25.0,88.0,-106.0,27.93,77.68,-184.42,111.91,30.75,-96.24,-101.26,-17.92,-112.4,-35.49,44.83,-89.55
2025-08-08T20:16:10.593770,32.0,80.0,-158.0,-8.0,45.0,-136.0,-56.0,-27.0,-154.0,29.0,148.0,-157.0,45.93,43.68,-143.42,22.91,22.75,-112.24,-49.26,-23.92,-142.4,18.509999999999998,104.83,-140.55
2025-08-08T20:16:10.598111,83.0,1.0,-128.0,-11.0,17.0,-139.0,-59.0,-3.0,-95.0,29.0,58.0,-129.0,96.93,-35.32,-113.42,19.91,-5.25,-115.24,-52.26,0.08000000000000007,-83.4,18.509999999999998,14.829999999999998,-112.55
2025-08-08T20:16:10.605980,27.0,16.0,-92.0,20.0,41.0,-167.0,-47.0,-36.0,-83.0,-45.0,82.0,-126.0,40.93,-20.32,-77.42,50.91,18.75,-143.24,-40.26,-32.92,-71.4,-55.49,38.83,-109.55
2025-08-08T20:16:10.610362,4.0,142.0,-101.0,-20.0,-62.0,-143.0,-71.0,-31.0,-62.0,-27.0,0.0,-115.0,17.93,105.68,-86.42,10.91,-84.25,-119.24,-64.26,-27.92,-50.4,-37.49,-43.17,-98.55
2025-08-08T20:16:10.618255,-26.0,110.0,-123.0,-24.0,-16.0,-117.0,-49.0,-25.0,-50.0,-46.0,-2.0,-91.0,-12.07,73.68,-108.42,6.91,-38.25,-93.24,-42.26,-21.92,-38.4,-56.49,-45.17,-74.55
2025-08-08T20:16:10.622549,17.0,40.0,-144.0,5.0,54.0,-108.0,-8.0,-12.0,-78.0,19.0,31.0,-93.0,30.93,3.6799999999999997,-129.42,35.91,31.75,-84.24,-1.2599999999999998,-8.92,-66.4,8.51,-12.170000000000002,-76.55
2025-08-08T20:16:10.630677,-17.0,72.0,-120.0,-22.0,52.0,-103.0,-104.0,-8.0,-168.0,-115.0,36.0,-174.0,-3.0700000000000003,35.68,-105.42,8.91,29.75,-79.24,-97.26,-4.92,-156.4,-125.49,-7.170000000000002,-157.55
2025-08-08T20:16:10.635007,2.0,19.0,-85.0,77.0,34.0,-126.0,-35.0,9.0,-67.0,4.0,96.0,-153.0,15.93,-17.32,-70.42,107.91,11.75,-102.24,-28.259999999999998,12.08,-55.4,-6.49,52.83,-136.55
2025-08-08T20:16:10.642966,-4.0,17.0,-106.0,-30.0,11.0,-148.0,-15.0,-53.0,-90.0,22.0,103.0,-172.0,9.93,-19.32,-91.42,0.9100000000000001,-11.25,-124.24,-8.26,-49.92,-78.4,11.51,59.83,-155.55
2025-08-08T20:16:10.647263,-18.0,38.0,-121.0,-30.0,-21.0,-71.0,-23.0,-105.0,-134.0,16.0,34.0,-139.0,-4.07,1.6799999999999997,-106.42,0.9100000000000001,-43.25,-47.239999999999995,-16.259999999999998,-101.92,-122.4,5.51,-9.170000000000002,-122.55
2025-08-08T20:16:10.655239,-11.0,94.0,-132.0,6.0,-9.0,-112.0,-23.0,35.0,-118.0,-67.0,72.0,-123.0,2.9299999999999997,57.68,-117.42,36.91,-31.25,-88.24,-16.259999999999998,38.08,-106.4,-77.49,28.83,-106.55
2025-08-08T20:16:10.660454,-18.0,104.0,-130.0,-4.0,26.0,-86.0,-84.0,-26.0,-83.0,-77.0,42.0,-86.0,-4.07,67.68,-115.42,26.91,3.75,-62.239999999999995,-77.26,-22.92,-71.4,-87.49,-1.1700000000000017,-69.55
2025-08-08T20:16:10.667449,53.0,92.0,-110.0,-47.0,-16.0,-145.0,-42.0,-10.0,-85.0,-46.0,33.0,-113.0,66.93,55.68,-95.42,-16.09,-38.25,-121.24,-35.26,-6.92,-73.4,-56.49,-10.170000000000002,-96.55
2025-08-08T20:16:10.675547,-18.0,65.0,-134.0,8.0,18.0,-104.0,22.0,-13.0,-160.0,-40.0,62.0,-158.0,-4.07,28.68,-119.42,38.91,-4.25,-80.24,28.740000000000002,-9.92,-148.4,-50.49,18.83,-141.55
2025-08-08T20:16:10.679976,38.0,53.0,-59.0,29.0,-76.0,-100.0,-33.0,-82.0,-60.0,-14.0,52.0,-188.0,51.93,16.68,-44.42,59.91,-98.25,-76.24,-26.259999999999998,-78.92,-48.4,-24.490000000000002,8.829999999999998,-171.55
2025-08-08T20:16:10.687829,24.0,50.0,-62.0,-29.0,-37.0,-53.0,-48.0,37.0,-83.0,-30.0,88.0,-143.0,37.93,13.68,-47.42,1.9100000000000001,-59.25,-29.24,-41.26,40.08,-71.4,-40.49,44.83,-126.55
2025-08-08T20:16:10.692084,-37.0,73.0,-77.0,-22.0,-27.0,-135.0,-27.0,24.0,-53.0,-53.0,42.0,-79.0,-23.07,36.68,-62.42,8.91,-49.25,-111.24,-20.259999999999998,27.08,-41.4,-63.49,-1.1700000000000017,-62.55
2025-08-08T20:16:10.700062,-59.0,135.0,-143.0,-51.0,-26.0,-47.0,-39.0,-50.0,-79.0,-45.0,70.0,-98.0,-45.07,98.68,-128.42,-20.09,-48.25,-23.24,-32.26,-46.92,-67.4,-55.49,26.83,-81.55
2025-08-08T20:16:10.705098,29.0,40.0,-140.0,-11.0,43.0,-93.0,-15.0,12.0,-64.0,-59.0,65.0,-162.0,42.93,3.6799999999999997,-125.42,19.91,20.75,-69.24,-8.26,15.08,-52.4,-69.49,21.83,-145.55
2025-08-08T20:16:10.712830,73.0,10.0,-125.0,-10.0,55.0,-108.0,-65.0,-51.0,-64.0,-36.0,107.0,-126.0,86.93,-26.32,-110.42,20.91,32.75,-84.24,-58.26,-47.92,-52.4,-46.49,63.83,-109.55
2025-08-08T20:16:10.718377,-30.0,44.0,-57.0,-8.0,10.0,-48.0,-53.0,-18.0,-55.0,44.0,-33.0,-122.0,-16.07,7.68,-42.42,22.91,-12.25,-24.24,-46.26,-14.92,-43.4,33.51,-76.17,-105.55
2025-08-08T20:16:10.727861,-17.0,27.0,-53.0,-3.0,-16.0,-53.0,-53.0,-42.0,-54.0,-41.0,49.0,-72.0,-3.0700000000000003,-9.32,-38.42,27.91,-38.25,-29.24,-46.26,-38.92,-42.4,-51.49,5.829999999999998,-55.55
2025-08-08T20:16:10.733532,-33.0,64.0,-54.0,-42.0,22.0,-137.0,-50.0,30.0,-90.0,-12.0,64.0,-68.0,-19.07,27.68,-39.42,-11.09,-0.25,-113.24,-43.26,33.08,-78.4,-22.490000000000002,20.83,-51.55
2025-08-08T20:16:10.737954,-18.0,73.0,-24.0,-38.0,56.0,-114.0,-41.0,-16.0,-84.0,-11.0,29.0,-24.0,-4.07,36.68,-9.42,-7.09,33.75,-90.24,-34.26,-12.92,-72.4,-21.490000000000002,-14.170000000000002,-7.550000000000001
2025-08-08T20:16:10.741216,181.0,98.0,-96.0,-15.0,12.0,-102.0,16.0,40.0,-75.0,-58.0,-19.0,-95.0,194.93,61.68,-81.42,15.91,-10.25,-78.24,22.740000000000002,43.08,-63.4,-68.49,-62.17,-78.55
2025-08-08T20:16:10.749223,3.0,95.0,-119.0,-32.0,-21.0,-138.0,-48.0,-74.0,-80.0,21.0,80.0,-60.0,16.93,58.68,-104.42,-1.0899999999999999,-43.25,-114.24,-41.26,-70.92,-68.4,10.51,36.83,-43.55
2025-08-08T20:16:10.753414,0.0,40.0,-14.0,-76.0,-42.0,-99.0,-23.0,-23.0,-78.0,-4.0,42.0,-69.0,13.93,3.6799999999999997,0.5800000000000001,-45.09,-64.25,-75.24,-16.259999999999998,-19.92,-66.4,-14.49,-1.1700000000000017,-52.55
2025-08-08T20:16:10.761522,-7.0,25.0,-71.0,-18.0,15.0,-85.0,-28.0,-52.0,-69.0,20.0,41.0,-116.0,6.93,-11.32,-56.42,12.91,-7.25,-61.239999999999995,-21.259999999999998,-48.92,-57.4,9.51,-2.1700000000000017,-99.55
2025-08-08T20:16:10.765851,-17.0,-1.0,-92.0,-29.0,91.0,-54.0,-86.0,14.0,-47.0,32.0,8.0,-80.0,-3.0700000000000003,-37.32,-77.42,1.9100000000000001,68.75,-30.24,-79.26,17.08,-35.4,21.509999999999998,-35.17,-63.55
2025-08-08T20:16:10.773971,32.0,49.0,20.0,-24.0,108.0,-152.0,-20.0,-16.0,-65.0,4.0,56.0,-43.0,45.93,12.68,34.58,6.91,85.75,-128.24,-13.26,-12.92,-53.4,-6.49,12.829999999999998,-26.55
2025-08-08T20:16:10.778181,-18.0,78.0,-36.0,-57.0,71.0,-86.0,-70.0,59.0,-81.0,-54.0,118.0,-106.0,-4.07,41.68,-21.42,-26.09,48.75,-62.239999999999995,-63.26,62.08,-69.4,-64.49,74.83,-89.55
2025-08-08T20:16:10.786204,5.0,128.0,-154.0,-68.0,36.0,-111.0,-20.0,26.0,-112.0,-10.0,34.0,-93.0,18.93,91.68,-139.42,-37.09,13.75,-87.24,-13.26,29.08,-100.4,-20.490000000000002,-9.170000000000002,-76.55
2025-08-08T20:16:10.790422,3.0,65.0,-40.0,-29.0,14.0,-135.0,28.0,-43.0,-117.0,6.0,68.0,-123.0,16.93,28.68,-25.42,1.9100000000000001,-8.25,-111.24,34.74,-39.92,-105.4,-4.49,24.83,-106.55
2025-08-08T20:16:10.798458,41.0,51.0,-75.0,-45.0,9.0,-36.0,1.0,3.0,-144.0,-9.0,59.0,-133.0,54.93,14.68,-60.42,-14.09,-13.25,-12.239999999999998,7.74,6.08,-132.4,-19.490000000000002,15.829999999999998,-116.55
2025-08-08T20:16:10.802683,23.0,49.0,-65.0,-20.0,28.0,-74.0,14.0,-81.0,-115.0,-85.0,35.0,-77.0,36.93,12.68,-50.42,10.91,5.75,-50.239999999999995,20.740000000000002,-77.92,-103.4,-95.49,-8.170000000000002,-60.55
2025-08-08T20:16:10.810641,16.0,79.0,-102.0,-47.0,35.0,-69.0,24.0,-102.0,7.0,3.0,-41.0,-73.0,29.93,42.68,-87.42,-16.09,12.75,-45.239999999999995,30.740000000000002,-98.92,18.6,-7.49,-84.17,-56.55
2025-08-08T20:16:10.815288,-94.0,17.0,-119.0,-8.0,13.0,-84.0,-21.0,-53.0,-53.0,16.0,13.0,-33.0,-80.07,-19.32,-104.42,22.91,-9.25,-60.239999999999995,-14.26,-49.92,-41.4,5.51,-30.17,-16.55
2025-08-08T20:16:10.823187,51.0,65.0,8.0,-39.0,-8.0,-114.0,-37.0,29.0,-37.0,-9.0,25.0,-33.0,64.93,28.68,22.58,-8.09,-30.25,-90.24,-30.259999999999998,32.08,-25.4,-19.490000000000002,-18.17,-16.55
2025-08-08T20:16:10.827422,-40.0,51.0,-147.0,25.0,-47.0,-55.0,-18.0,-3.0,-115.0,-96.0,90.0,-52.0,-26.07,14.68,-132.42,55.91,-69.25,-31.24,-11.26,0.08000000000000007,-103.4,-106.49,46.83,-35.55
2025-08-08T20:16:10.835283,-6.0,60.0,-87.0,5.0,-2.0,-36.0,-25.0,32.0,-68.0,26.0,118.0,-71.0,7.93,23.68,-72.42,35.91,-24.25,-12.239999999999998,-18.259999999999998,35.08,-56.4,15.51,74.83,-54.55
2025-08-08T20:16:10.839643,57.0,110.0,-77.0,4.0,17.0,-99.0,-3.0,27.0,-128.0,19.0,59.0,-35.0,70.93,73.68,-62.42,34.91,-5.25,-75.24,3.74,30.08,-116.4,8.51,15.829999999999998,-18.55
2025-08-08T20:16:10.847487,-4.0,80.0,-71.0,-52.0,14.0,-172.0,-45.0,-55.0,1.0,-17.0,119.0,-133.0,9.93,43.68,-56.42,-21.09,-8.25,-148.24,-38.26,-51.92,12.6,-27.490000000000002,75.83,-116.55
2025-08-08T20:16:10.851972,0.0,59.0,-77.0,87.0,12.0,-68.0,33.0,0.0,-72.0,33.0,32.0,-113.0,13.93,22.68,-62.42,117.91,-10.25,-44.239999999999995,39.74,3.08,-60.4,22.509999999999998,-11.170000000000002,-96.55
2025-08-08T20:16:10.859830,-21.0,89.0,-107.0,4.0,-12.0,-77.0,29.0,36.0,-70.0,-2.0,74.0,-60.0,-7.07,52.68,-92.42,34.91,-34.25,-53.239999999999995,35.74,39.08,-58.4,-12.49,30.83,-43.55
2025-08-08T20:16:10.864363,28.0,81.0,-121.0,-1.0,60.0,-59.0,44.0,-29.0,-59.0,30.0,3.0,-104.0,41.93,44.68,-106.42,29.91,37.75,-35.239999999999995,50.74,-25.92,-47.4,19.509999999999998,-40.17,-87.55
2025-08-08T20:16:10.872101,43.0,-49.0,-44.0,-25.0,1.0,-86.0,-33.0,-78.0,-24.0,-35.0,87.0,-167.0,56.93,-85.32,-29.42,5.91,-21.25,-62.239999999999995,-26.259999999999998,-74.92,-12.4,-45.49,43.83,-150.55
2025-08-08T20:16:10.876431,-7.0,22.0,-100.0,-46.0,67.0,-125.0,-21.0,67.0,-122.0,33.0,10.0,-98.0,6.93,-14.32,-85.42,-15.09,44.75,-101.24,-14.26,70.08,-110.4,22.509999999999998,-33.17,-81.55
2025-08-08T20:16:10.884403,-13.0,46.0,-29.0,-32.0,6.0,-48.0,-24.0,-18.0,-73.0,-21.0,47.0,-37.0,0.9299999999999997,9.68,-14.42,-1.0899999999999999,-16.25,-24.24,-17.259999999999998,-14.92,-61.4,-31.490000000000002,3.8299999999999983,-20.55
2025-08-08T20:16:10.888930,17.0,116.0,-46.0,-40.0,44.0,-108.0,-33.0,20.0,-56.0,-56.0,66.0,-59.0,30.93,79.68,-31.42,-9.09,21.75,-84.24,-26.259999999999998,23.08,-44.4,-66.49,22.83,-42.55
2025-08-08T20:16:10.896654,-28.0,42.0,-69.0,-50.0,16.0,-95.0,-3.0,3.0,-43.0,-52.0,85.0,-53.0,-14.07,5.68,-54.42,-19.09,-6.25,-71.24,3.74,6.08,-31.4,-62.49,41.83,-36.55
2025-08-08T20:16:10.901208,-3.0,85.0,-43.0,-46.0,78.0,-105.0,-16.0,-3.0,-44.0,-11.0,41.0,-116.0,10.93,48.68,-28.42,-15.09,55.75,-81.24,-9.26,0.08000000000000007,-32.4,-21.490000000000002,-2.1700000000000017,-99.55
2025-08-08T20:16:10.909156,35.0,51.0,-101.0,-61.0,63.0,-104.0,-30.0,22.0,-54.0,-22.0,51.0,-83.0,48.93,14.68,-86.42,-30.09,40.75,-80.24,-23.259999999999998,25.08,-42.4,-32.49,7.829999999999998,-66.55
2025-08-08T20:16:10.913548,23.0,-50.0,-109.0,-43.0,41.0,-33.0,-80.0,-38.0,-65.0,33.0,28.0,-50.0,36.93,-86.32,-94.42,-12.09,18.75,-9.239999999999998,-73.26,-34.92,-53.4,22.509999999999998,-15.170000000000002,-33.55
2025-08-08T20:16:10.921311,12.0,-64.0,19.0,19.0,45.0,-25.0,-35.0,-54.0,10.0,14.0,96.0,-26.0,25.93,-100.32,33.58,49.91,22.75,-1.2399999999999984,-28.259999999999998,-50.92,21.6,3.51,52.83,-9.55
2025-08-08T20:16:10.925819,-42.0,-42.0,-18.0,-11.0,51.0,-125.0,-47.0,-16.0,-100.0,-51.0,26.0,-83.0,-28.07,-78.32,-3.42,19.91,28.75,-101.24,-40.26,-12.92,-88.4,-61.49,-17.17,-66.55
2025-08-08T20:16:10.933796,-31.0,73.0,-33.0,-33.0,-71.0,-17.0,-22.0,21.0,-67.0,2.0,49.0,-34.0,-17.07,36.68,-18.42,-2.09,-93.25,6.760000000000002,-15.26,24.08,-55.4,-8.49,5.829999999999998,-17.55
2025-08-08T20:16:10.938162,-79.0,75.0,-51.0,1.0,42.0,-81.0,55.0,-35.0,-78.0,-10.0,67.0,-91.0,-65.07,38.68,-36.42,31.91,19.75,-57.239999999999995,61.74,-31.92,-66.4,-20.490000000000002,23.83,-74.55
2025-08-08T20:16:10.946036,1.0,15.0,-26.0,-7.0,-10.0,-63.0,-60.0,-43.0,-43.0,9.0,87.0,-65.0,14.93,-21.32,-11.42,23.91,-32.25,-39.239999999999995,-53.26,-39.92,-31.4,-1.4900000000000002,43.83,-48.55
2025-08-08T20:16:10.950462,-112.0,157.0,-46.0,-2.0,23.0,-83.0,-15.0,-64.0,-76.0,-9.0,34.0,-22.0,-98.07,120.68,-31.42,28.91,0.75,-59.239999999999995,-8.26,-60.92,-64.4,-19.490000000000002,-9.170000000000002,-5.550000000000001
2025-08-08T20:16:10.958278,33.0,49.0,-26.0,-44.0,32.0,-75.0,42.0,-64.0,-70.0,66.0,37.0,-130.0,46.93,12.68,-11.42,-13.09,9.75,-51.239999999999995,48.74,-60.92,-58.4,55.51,-6.170000000000002,-113.55
2025-08-08T20:16:10.962554,18.0,43.0,-63.0,45.0,31.0,-16.0,-35.0,11.0,-37.0,38.0,38.0,-121.0,31.93,6.68,-48.42,75.91,8.75,7.760000000000002,-28.259999999999998,14.08,-25.4,27.509999999999998,-5.170000000000002,-104.55
2025-08-08T20:16:10.970599,50.0,-4.0,-107.0,2.0,27.0,-73.0,-32.0,-17.0,-41.0,-20.0,55.0,-58.0,63.93,-40.32,-92.42,32.91,4.75,-49.239999999999995,-25.259999999999998,-13.92,-29.4,-30.490000000000002,11.829999999999998,-41.55
2025-08-08T20:16:10.974914,14.0,14.0,-86.0,-30.0,-4.0,-14.0,-96.0,44.0,-108.0,-34.0,46.0,-31.0,27.93,-22.32,-71.42,0.9100000000000001,-26.25,9.760000000000002,-89.26,47.08,-96.4,-44.49,2.8299999999999983,-14.55
2025-08-08T20:16:10.982628,-1.0,14.0,36.0,3.0,97.0,-63.0,-18.0,26.0,-55.0,17.0,73.0,-34.0,12.93,-22.32,50.58,33.91,74.75,-39.239999999999995,-11.26,29.08,-43.4,6.51,29.83,-17.55
2025-08-08T20:16:10.987179,30.0,46.0,-42.0,9.0,34.0,-5.0,9.0,-26.0,-75.0,26.0,72.0,-43.0,43.93,9.68,-27.42,39.91,11.75,18.76,15.74,-22.92,-63.4,15.51,28.83,-26.55
2025-08-08T20:16:10.995120,22.0,-28.0,18.0,-21.0,-29.0,-69.0,0.0,63.0,-54.0,-29.0,36.0,-68.0,35.93,-64.32,32.58,9.91,-51.25,-45.239999999999995,6.74,66.08,-42.4,-39.49,-7.170000000000002,-51.55
2025-08-08T20:16:10.999489,72.0,43.0,-123.0,-33.0,21.0,-28.0,-36.0,-9.0,-69.0,-83.0,10.0,-30.0,85.93,6.68,-108.42,-2.09,-1.25,-4.239999999999998,-29.259999999999998,-5.92,-57.4,-93.49,-33.17,-13.55
2025-08-08T20:16:11.007313,-63.0,54.0,-36.0,-9.0,12.0,-24.0,5.0,-13.0,-92.0,72.0,127.0,-66.0,-49.07,17.68,-21.42,21.91,-10.25,-0.23999999999999844,11.74,-9.92,-80.4,61.51,83.83,-49.55
2025-08-08T20:16:11.011550,-26.0,7.0,7.0,5.0,-2.0,-8.0,3.0,-1.0,-20.0,4.0,90.0,-45.0,-12.07,-29.32,21.58,35.91,-24.25,15.760000000000002,9.74,2.08,-8.4,-6.49,46.83,-28.55
2025-08-08T20:16:11.019699,44.0,46.0,-61.0,-65.0,13.0,-19.0,22.0,-76.0,-73.0,27.0,117.0,-65.0,57.93,9.68,-46.42,-34.09,-9.25,4.760000000000002,28.740000000000002,-72.92,-61.4,16.509999999999998,73.83,-48.55
2025-08-08T20:16:11.024129,-55.0,-11.0,-14.0,-41.0,51.0,-46.0,9.0,-101.0,-35.0,0.0,69.0,-54.0,-41.07,-47.32,0.5800000000000001,-10.09,28.75,-22.24,15.74,-97.92,-23.4,-10.49,25.83,-37.55
2025-08-08T20:16:11.031893,-28.0,68.0,-39.0,-104.0,-4.0,-87.0,-25.0,-12.0,-69.0,10.0,26.0,-36.0,-14.07,31.68,-24.42,-73.09,-26.25,-63.239999999999995,-18.259999999999998,-8.92,-57.4,-0.4900000000000002,-17.17,-19.55
2025-08-08T20:16:11.036322,-64.0,41.0,-54.0,-21.0,81.0,-75.0,-45.0,30.0,-12.0,24.0,7.0,-27.0,-50.07,4.68,-39.42,9.91,58.75,-51.239999999999995,-38.26,33.08,-0.40000000000000036,13.51,-36.17,-10.55
2025-08-08T20:16:11.044207,13.0,9.0,-70.0,-56.0,39.0,-56.0,-47.0,56.0,-66.0,-67.0,52.0,-22.0,26.93,-27.32,-55.42,-25.09,16.75,-32.239999999999995,-40.26,59.08,-54.4,-77.49,8.829999999999998,-5.550000000000001
2025-08-08T20:16:11.048536,-51.0,135.0,-49.0,-12.0,-4.0,-54.0,45.0,49.0,-41.0,-32.0,-39.0,-21.0,-37.07,98.68,-34.42,18.91,-26.25,-30.24,51.74,52.08,-29.4,-42.49,-82.17,-4.550000000000001
2025-08-08T20:16:11.052873,-8.0,30.0,-128.0,7.0,2.0,-35.0,8.0,1.0,-80.0,-58.0,70.0,15.0,5.93,-6.32,-113.42,37.91,-20.25,-11.239999999999998,14.74,4.08,-68.4,-68.49,26.83,31.45
2025-08-08T20:16:11.060647,63.0,51.0,-43.0,-47.0,3.0,-43.0,39.0,-3.0,-78.0,-5.0,26.0,-10.0,76.93,14.68,-28.42,-16.09,-19.25,-19.24,45.74,0.08000000000000007,-66.4,-15.49,-17.17,6.449999999999999
2025-08-08T20:16:11.065014,26.0,37.0,-113.0,-18.0,-11.0,-28.0,19.0,45.0,-46.0,50.0,83.0,-19.0,39.93,0.6799999999999997,-98.42,12.91,-33.25,-4.239999999999998,25.740000000000002,48.08,-34.4,39.51,39.83,-2.5500000000000007
2025-08-08T20:16:11.073153,7.0,51.0,-62.0,-64.0,-46.0,-99.0,-25.0,-39.0,22.0,37.0,107.0,-56.0,20.93,14.68,-47.42,-33.09,-68.25,-75.24,-18.259999999999998,-35.92,33.6,26.509999999999998,63.83,-39.55
2025-08-08T20:16:11.077177,-1.0,50.0,-30.0,-65.0,-22.0,-22.0,-34.0,-17.0,-1.0,62.0,30.0,-71.0,12.93,13.68,-15.42,-34.09,-44.25,1.7600000000000016,-27.259999999999998,-13.92,10.6,51.51,-13.170000000000002,-54.55
2025-08-08T20:16:11.085375,-1.0,82.0,-24.0,-43.0,28.0,-11.0,-78.0,5.0,-36.0,10.0,40.0,-97.0,12.93,45.68,-9.42,-12.09,5.75,12.760000000000002,-71.26,8.08,-24.4,-0.4900000000000002,-3.1700000000000017,-80.55
2025-08-08T20:16:11.089563,-20.0,24.0,-67.0,-37.0,-34.0,-46.0,-16.0,-72.0,-15.0,54.0,31.0,-94.0,-6.07,-12.32,-52.42,-6.09,-56.25,-22.24,-9.26,-68.92,-3.4000000000000004,43.51,-12.170000000000002,-77.55
2025-08-08T20:16:11.097590,-23.0,78.0,-86.0,-14.0,13.0,-33.0,-11.0,68.0,-21.0,28.0,43.0,-123.0,-9.07,41.68,-71.42,16.91,-9.25,-9.239999999999998,-4.26,71.08,-9.4,17.509999999999998,-0.1700000000000017,-106.55
2025-08-08T20:16:11.101727,-57.0,68.0,-16.0,19.0,58.0,-55.0,-27.0,25.0,-14.0,58.0,43.0,3.0,-43.07,31.68,-1.42,49.91,35.75,-31.24,-20.259999999999998,28.08,-2.4000000000000004,47.51,-0.1700000000000017,19.45
2025-08-08T20:16:11.109883,-96.0,43.0,-78.0,-46.0,20.0,-79.0,-8.0,-39.0,-39.0,-15.0,79.0,-78.0,-82.07,6.68,-63.42,-15.09,-2.25,-55.239999999999995,-1.2599999999999998,-35.92,-27.4,-25.490000000000002,35.83,-61.55
2025-08-08T20:16:11.114039,-36.0,49.0,-39.0,-87.0,52.0,-49.0,49.0,-42.0,-63.0,36.0,115.0,-44.0,-22.07,12.68,-24.42,-56.09,29.75,-25.24,55.74,-38.92,-51.4,25.509999999999998,71.83,-27.55
2025-08-08T20:16:11.122086,19.0,52.0,-76.0,-43.0,27.0,11.0,17.0,-16.0,-61.0,-32.0,49.0,-64.0,32.93,15.68,-61.42,-12.09,4.75,34.760000000000005,23.740000000000002,-12.92,-49.4,-42.49,5.829999999999998,-47.55
2025-08-08T20:16:11.126297,11.0,-11.0,-77.0,-16.0,23.0,-2.0,19.0,-34.0,-15.0,22.0,98.0,-27.0,24.93,-47.32,-62.42,14.91,0.75,21.76,25.740000000000002,-30.92,-3.4000000000000004,11.51,54.83,-10.55
2025-08-08T20:16:11.134493,75.0,-11.0,-62.0,-47.0,24.0,-68.0,-17.0,42.0,-23.0,80.0,36.0,-100.0,88.93,-47.32,-47.42,-16.09,1.75,-44.239999999999995,-10.26,45.08,-11.4,69.51,-7.170000000000002,-83.55
2025-08-08T20:16:11.138590,42.0,73.0,8.0,-60.0,17.0,-75.0,-1.0,18.0,-50.0,2.0,44.0,-70.0,55.93,36.68,22.58,-29.09,-5.25,-51.239999999999995,5.74,21.08,-38.4,-8.49,0.8299999999999983,-53.55
2025-08-08T20:16:11.146557,8.0,33.0,3.0,-5.0,13.0,-55.0,-47.0,45.0,-39.0,28.0,23.0,-66.0,21.93,-3.3200000000000003,17.58,25.91,-9.25,-31.24,-40.26,48.08,-27.4,17.509999999999998,-20.17,-49.55
2025-08-08T20:16:11.151155,67.0,45.0,-21.0,-33.0,-2.0,-22.0,-44.0,32.0,9.0,-1.0,68.0,-39.0,80.93,8.68,-6.42,-2.09,-24.25,1.7600000000000016,-37.26,35.08,20.6,-11.49,24.83,-22.55
2025-08-08T20:16:11.158882,-8.0,-11.0,-4.0,-43.0,23.0,-32.0,-59.0,14.0,-25.0,18.0,9.0,-93.0,5.93,-47.32,10.58,-12.09,0.75,-8.239999999999998,-52.26,17.08,-13.4,7.51,-34.17,-76.55
2025-08-08T20:16:11.163317,26.0,-40.0,-12.0,3.0,19.0,-77.0,-30.0,-7.0,-30.0,49.0,23.0,-74.0,39.93,-76.32,2.58,33.91,-3.25,-53.239999999999995,-23.259999999999998,-3.92,-18.4,38.51,-20.17,-57.55
2025-08-08T20:16:11.171325,25.0,79.0,-27.0,-92.0,22.0,-73.0,32.0,-11.0,-8.0,-17.0,47.0,-105.0,38.93,42.68,-12.42,-61.09,-0.25,-49.239999999999995,38.74,-7.92,3.5999999999999996,-27.490000000000002,3.8299999999999983,-88.55
2025-08-08T20:16:11.175638,3.0,-1.0,10.0,87.0,-8.0,-12.0,32.0,-6.0,-55.0,4.0,20.0,-44.0,16.93,-37.32,24.58,117.91,-30.25,11.760000000000002,38.74,-2.92,-43.4,-6.49,-23.17,-27.55
2025-08-08T20:16:11.183444,-101.0,83.0,1.0,59.0,53.0,-74.0,3.0,49.0,-117.0,42.0,67.0,-30.0,-87.07,46.68,15.58,89.91,30.75,-50.239999999999995,9.74,52.08,-105.4,31.509999999999998,23.83,-13.55
2025-08-08T20:16:11.188259,54.0,95.0,-14.0,-14.0,7.0,-41.0,15.0,0.0,-50.0,-23.0,49.0,20.0,67.93,58.68,0.5800000000000001,16.91,-15.25,-17.24,21.740000000000002,3.08,-38.4,-33.49,5.829999999999998,36.45
2025-08-08T20:16:11.195997,-19.0,21.0,-50.0,-4.0,-61.0,-51.0,-17.0,-47.0,-51.0,38.0,33.0,-39.0,-5.07,-15.32,-35.42,26.91,-83.25,-27.24,-10.26,-43.92,-39.4,27.509999999999998,-10.170000000000002,-22.55
2025-08-08T20:16:11.200911,-75.0,38.0,-74.0,-39.0,103.0,-61.0,72.0,-17.0,-90.0,13.0,101.0,-77.0,-61.07,1.6799999999999997,-59.42,-8.09,80.75,-37.239999999999995,78.74,-13.92,-78.4,2.51,57.83,-60.55
2025-08-08T20:16:11.208428,-24.0,90.0,-47.0,-8.0,36.0,-39.0,-46.0,-17.0,-24.0,15.0,62.0,-36.0,-10.07,53.68,-32.42,22.91,13.75,-15.239999999999998,-39.26,-13.92,-12.4,4.51,18.83,-19.55
2025-08-08T20:16:11.213140,22.0,90.0,-94.0,-40.0,17.0,-22.0,-35.0,2.0,-26.0,27.0,43.0,-45.0,35.93,53.68,-79.42,-9.09,-5.25,1.7600000000000016,-28.259999999999998,5.08,-14.4,16.509999999999998,-0.1700000000000017,-28.55
2025-08-08T20:16:11.220314,-15.0,30.0,-37.0,-27.0,-23.0,-18.0,-21.0,21.0,-14.0,52.0,0.0,-8.0,-1.0700000000000003,-6.32,-22.42,3.91,-45.25,5.760000000000002,-14.26,24.08,-2.4000000000000004,41.51,-43.17,8.45
2025-08-08T20:16:11.225161,43.0,-14.0,-44.0,-18.0,62.0,-80.0,-21.0,22.0,-66.0,-35.0,48.0,-43.0,56.93,-50.32,-29.42,12.91,39.75,-56.239999999999995,-14.26,25.08,-54.4,-45.49,4.829999999999998,-26.55
2025-08-08T20:16:11.232880,-33.0,-48.0,45.0,-13.0,-5.0,-54.0,-84.0,-17.0,-77.0,-61.0,73.0,-17.0,-19.07,-84.32,59.58,17.91,-27.25,-30.24,-77.26,-13.92,-65.4,-71.49,29.83,-0.5500000000000007
2025-08-08T20:16:11.237573,-66.0,63.0,27.0,-24.0,17.0,-38.0,72.0,-63.0,-51.0,50.0,49.0,-49.0,-52.07,26.68,41.58,6.91,-5.25,-14.239999999999998,78.74,-59.92,-39.4,39.51,5.829999999999998,-32.55
2025-08-08T20:16:11.245040,-3.0,75.0,31.0,-64.0,-4.0,19.0,8.0,-8.0,-45.0,-6.0,72.0,-38.0,10.93,38.68,45.58,-33.09,-26.25,42.760000000000005,14.74,-4.92,-33.4,-16.490000000000002,28.83,-21.55
2025-08-08T20:16:11.249768,-21.0,40.0,8.0,-15.0,-2.0,-83.0,15.0,6.0,-67.0,-12.0,79.0,-60.0,-7.07,3.6799999999999997,22.58,15.91,-24.25,-59.239999999999995,21.740000000000002,9.08,-55.4,-22.490000000000002,35.83,-43.55
2025-08-08T20:16:11.257184,-54.0,65.0,-1.0,-22.0,21.0,-57.0,-38.0,-17.0,-35.0,0.0,48.0,-39.0,-40.07,28.68,13.58,8.91,-1.25,-33.239999999999995,-31.259999999999998,-13.92,-23.4,-10.49,4.829999999999998,-22.55
2025-08-08T20:16:11.261869,-130.0,-14.0,-40.0,-61.0,71.0,-22.0,10.0,-34.0,7.0,71.0,89.0,-72.0,-116.07,-50.32,-25.42,-30.09,48.75,1.7600000000000016,16.740000000000002,-30.92,18.6,60.51,45.83,-55.55
2025-08-08T20:16:11.269417,-8.0,5.0,-36.0,-98.0,23.0,-37.0,-59.0,2.0,35.0,9.0,34.0,-88.0,5.93,-31.32,-21.42,-67.09,0.75,-13.239999999999998,-52.26,5.08,46.6,-1.4900000000000002,-9.170000000000002,-71.55
2025-08-08T20:16:11.274130,3.0,92.0,-74.0,-12.0,50.0,-40.0,-50.0,7.0,-18.0,62.0,57.0,-67.0,16.93,55.68,-59.42,18.91,27.75,-16.24,-43.26,10.08,-6.4,51.51,13.829999999999998,-50.55
2025-08-08T20:16:11.282588,37.0,64.0,-39.0,-21.0,-13.0,-44.0,-37.0,-11.0,-47.0,27.0,28.0,-74.0,50.93,27.68,-24.42,9.91,-35.25,-20.24,-30.259999999999998,-7.92,-35.4,16.509999999999998,-15.170000000000002,-57.55
2025-08-08T20:16:11.287630,34.0,-2.0,-36.0,-14.0,23.0,-15.0,-50.0,30.0,22.0,-62.0,32.0,-48.0,47.93,-38.32,-21.42,16.91,0.75,8.760000000000002,-43.26,33.08,33.6,-72.49,-11.170000000000002,-31.55
2025-08-08T20:16:11.294658,-17.0,30.0,38.0,40.0,37.0,-47.0,24.0,-11.0,-6.0,-17.0,17.0,-57.0,-3.0700000000000003,-6.32,52.58,70.91,14.75,-23.24,30.740000000000002,-7.92,5.6,-27.490000000000002,-26.17,-40.55
2025-08-08T20:16:11.298799,-44.0,19.0,-47.0,-72.0,37.0,-67.0,59.0,56.0,-41.0,35.0,124.0,-24.0,-30.07,-17.32,-32.42,-41.09,14.75,-43.239999999999995,65.74,59.08,-29.4,24.509999999999998,80.83,-7.550000000000001
2025-08-08T20:16:11.306075,-24.0,114.0,5.0,-79.0,-19.0,-43.0,20.0,39.0,-3.0,19.0,15.0,-22.0,-10.07,77.68,19.58,-48.09,-41.25,-19.24,26.740000000000002,42.08,8.6,8.51,-28.17,-5.550000000000001
2025-08-08T20:16:11.310425,-62.0,70.0,-6.0,11.0,69.0,35.0,-55.0,3.0,4.0,98.0,30.0,-71.0,-48.07,33.68,8.58,41.91,46.75,58.760000000000005,-48.26,6.08,15.6,87.51,-13.170000000000002,-54.55
2025-08-08T20:16:11.315434,-49.0,98.0,-69.0,0.0,28.0,-8.0,-89.0,-11.0,10.0,49.0,49.0,-18.0,-35.07,61.68,-54.42,30.91,5.75,15.760000000000002,-82.26,-7.92,21.6,38.51,5.829999999999998,-1.5500000000000007
2025-08-08T20:16:11.322639,-30.0,106.0,-11.0,-54.0,44.0,-78.0,-35.0,6.0,14.0,11.0,72.0,-50.0,-16.07,69.68,3.58,-23.09,21.75,-54.239999999999995,-28.259999999999998,9.08,25.6,0.5099999999999998,28.83,-33.55
2025-08-08T20:16:11.330911,-27.0,38.0,-33.0,-41.0,50.0,34.0,-60.0,68.0,-10.0,66.0,-16.0,-70.0,-13.07,1.6799999999999997,-18.42,-10.09,27.75,57.760000000000005,-53.26,71.08,1.5999999999999996,55.51,-59.17,-53.55
2025-08-08T20:16:11.335050,1.0,30.0,-36.0,-40.0,3.0,-67.0,27.0,32.0,-66.0,0.0,-19.0,-13.0,14.93,-6.32,-21.42,-9.09,-19.25,-43.239999999999995,33.74,35.08,-54.4,-10.49,-62.17,3.4499999999999993
2025-08-08T20:16:11.339018,-70.0,38.0,5.0,7.0,48.0,-10.0,34.0,12.0,-34.0,46.0,76.0,-66.0,-56.07,1.6799999999999997,19.58,37.91,25.75,13.760000000000002,40.74,15.08,-22.4,35.51,32.83,-49.55
2025-08-08T20:16:11.347364,47.0,-35.0,-14.0,53.0,44.0,4.0,18.0,-15.0,-11.0,-23.0,-33.0,-48.0,60.93,-71.32,0.5800000000000001,83.91,21.75,27.76,24.740000000000002,-11.92,0.5999999999999996,-33.49,-76.17,-31.55
2025-08-08T20:16:11.351344,-15.0,46.0,-11.0,9.0,41.0,-73.0,-6.0,2.0,-40.0,-20.0,-10.0,0.0,-1.0700000000000003,9.68,3.58,39.91,18.75,-49.239999999999995,0.7400000000000002,5.08,-28.4,-30.490000000000002,-53.17,16.45
2025-08-08T20:16:11.359646,-22.0,-11.0,-14.0,-1.0,34.0,3.0,-23.0,-9.0,-44.0,32.0,35.0,-45.0,-8.07,-47.32,0.5800000000000001,29.91,11.75,26.76,-16.259999999999998,-5.92,-32.4,21.509999999999998,-8.170000000000002,-28.55
2025-08-08T20:16:11.363682,49.0,70.0,-62.0,-35.0,-9.0,-42.0,-56.0,-32.0,-61.0,-1.0,26.0,-75.0,62.93,33.68,-47.42,-4.09,-31.25,-18.24,-49.26,-28.92,-49.4,-11.49,-17.17,-58.55
2025-08-08T20:16:11.371817,-46.0,22.0,16.0,-4.0,72.0,1.0,-10.0,62.0,39.0,2.0,-17.0,-22.0,-32.07,-14.32,30.58,26.91,49.75,24.76,-3.26,65.08,50.6,-8.49,-60.17,-5.550000000000001
2025-08-08T20:16:11.376309,-13.0,26.0,-16.0,-57.0,-31.0,-11.0,27.0,3.0,-71.0,-11.0,16.0,-39.0,0.9299999999999997,-10.32,-1.42,-26.09,-53.25,12.760000000000002,33.74,6.08,-59.4,-21.490000000000002,-27.17,-22.55
2025-08-08T20:16:11.384171,-58.0,-25.0,-44.0,-7.0,4.0,-20.0,34.0,60.0,-73.0,18.0,41.0,-38.0,-44.07,-61.32,-29.42,23.91,-18.25,3.7600000000000016,40.74,63.08,-61.4,7.51,-2.1700000000000017,-21.55
2025-08-08T20:16:11.389218,6.0,-29.0,-54.0,17.0,3.0,-55.0,14.0,-23.0,-47.0,-36.0,33.0,-75.0,19.93,-65.32,-39.42,47.91,-19.25,-31.24,20.740000000000002,-19.92,-35.4,-46.49,-10.170000000000002,-58.55
2025-08-08T20:16:11.396318,78.0,40.0,-35.0,-28.0,57.0,-38.0,20.0,40.0,30.0,11.0,16.0,-55.0,91.93,3.6799999999999997,-20.42,2.91,34.75,-14.239999999999998,26.740000000000002,43.08,41.6,0.5099999999999998,-27.17,-38.55
2025-08-08T20:16:11.400716,-6.0,-15.0,-62.0,19.0,72.0,1.0,38.0,-26.0,40.0,3.0,62.0,-54.0,7.93,-51.32,-47.42,49.91,49.75,24.76,44.74,-22.92,51.6,-7.49,18.83,-37.55
2025-08-08T20:16:11.408720,-29.0,86.0,-15.0,-47.0,27.0,-52.0,11.0,20.0,-47.0,-7.0,37.0,8.0,-15.07,49.68,-0.41999999999999993,-16.09,4.75,-28.24,17.740000000000002,23.08,-35.4,-17.490000000000002,-6.170000000000002,24.45
2025-08-08T20:16:11.412928,-63.0,19.0,-33.0,-18.0,-50.0,-5.0,-34.0,33.0,25.0,-14.0,37.0,-65.0,-49.07,-17.32,-18.42,12.91,-72.25,18.76,-27.259999999999998,36.08,36.6,-24.490000000000002,-6.170000000000002,-48.55
2025-08-08T20:16:11.421020,-12.0,-38.0,15.0,-81.0,2.0,42.0,9.0,-15.0,-20.0,46.0,25.0,16.0,1.9299999999999997,-74.32,29.58,-50.09,-20.25,65.76,15.74,-11.92,-8.4,35.51,-18.17,32.45
2025-08-08T20:16:11.425315,1.0,128.0,-7.0,-75.0,-75.0,-42.0,44.0,-22.0,-58.0,14.0,-14.0,-89.0,14.93,91.68,7.58,-44.09,-97.25,-18.24,50.74,-18.92,-46.4,3.51,-57.17,-72.55
2025-08-08T20:16:11.433404,-74.0,8.0,92.0,-79.0,40.0,-27.0,-17.0,-6.0,-37.0,26.0,-1.0,-47.0,-60.07,-28.32,106.58,-48.09,17.75,-3.2399999999999984,-10.26,-2.92,-25.4,15.51,-44.17,-30.55
2025-08-08T20:16:11.437658,-74.0,27.0,-67.0,-34.0,108.0,-53.0,10.0,68.0,-7.0,-15.0,24.0,-7.0,-60.07,-9.32,-52.42,-3.09,85.75,-29.24,16.740000000000002,71.08,4.6,-25.490000000000002,-19.17,9.45
2025-08-08T20:16:11.445715,28.0,40.0,-31.0,-52.0,-23.0,-28.0,-60.0,27.0,-55.0,-28.0,96.0,16.0,41.93,3.6799999999999997,-16.42,-21.09,-45.25,-4.239999999999998,-53.26,30.08,-43.4,-38.49,52.83,32.45
2025-08-08T20:16:11.450254,-25.0,81.0,-31.0,-13.0,53.0,-32.0,40.0,44.0,29.0,24.0,145.0,52.0,-11.07,44.68,-16.42,17.91,30.75,-8.239999999999998,46.74,47.08,40.6,13.51,101.83,68.45
2025-08-08T20:16:11.457791,21.0,89.0,3.0,-108.0,31.0,-24.0,-14.0,-52.0,58.0,74.0,44.0,-95.0,34.93,52.68,17.58,-77.09,8.75,-0.23999999999999844,-7.26,-48.92,69.6,63.51,0.8299999999999983,-78.55
2025-08-08T20:16:11.464100,6.0,5.0,-19.0,-15.0,21.0,-3.0,-48.0,-29.0,-61.0,63.0,57.0,-49.0,19.93,-31.32,-4.42,15.91,-1.25,20.76,-41.26,-25.92,-49.4,52.51,13.829999999999998,-32.55
2025-08-08T20:16:11.470251,-14.0,22.0,-21.0,-31.0,-20.0,-27.0,29.0,-16.0,-25.0,52.0,124.0,-80.0,-0.07000000000000028,-14.32,-6.42,-0.08999999999999986,-42.25,-3.2399999999999984,35.74,-12.92,-13.4,41.51,80.83,-63.55
2025-08-08T20:16:11.474585,-37.0,72.0,-34.0,-29.0,68.0,-30.0,-77.0,15.0,-44.0,61.0,-39.0,-43.0,-23.07,35.68,-19.42,1.9100000000000001,45.75,-6.239999999999998,-70.26,18.08,-32.4,50.51,-82.17,-26.55
2025-08-08T20:16:11.482575,-89.0,40.0,-23.0,-71.0,6.0,16.0,-17.0,39.0,0.0,-24.0,88.0,-38.0,-75.07,3.6799999999999997,-8.42,-40.09,-16.25,39.760000000000005,-10.26,42.08,11.6,-34.49,44.83,-21.55
2025-08-08T20:16:11.488413,-61.0,31.0,-19.0,-28.0,103.0,-3.0,25.0,-49.0,-70.0,16.0,88.0,17.0,-47.07,-5.32,-4.42,2.91,80.75,20.76,31.740000000000002,-45.92,-58.4,5.51,44.83,33.45
2025-08-08T20:16:11.494778,-28.0,-10.0,54.0,-23.0,-42.0,3.0,-26.0,-42.0,-26.0,-8.0,130.0,-55.0,-14.07,-46.32,68.58,7.91,-64.25,26.76,-19.259999999999998,-38.92,-14.4,-18.490000000000002,86.83,-38.55
2025-08-08T20:16:11.500593,-69.0,29.0,-21.0,20.0,-4.0,-31.0,-39.0,-2.0,43.0,24.0,71.0,-66.0,-55.07,-7.32,-6.42,50.91,-26.25,-7.239999999999998,-32.26,1.08,54.6,13.51,27.83,-49.55
2025-08-08T20:16:11.507099,-49.0,3.0,-97.0,-38.0,29.0,5.0,-24.0,-39.0,-31.0,-13.0,35.0,-80.0,-35.07,-33.32,-82.42,-7.09,6.75,28.76,-17.259999999999998,-35.92,-19.4,-23.490000000000002,-8.170000000000002,-63.55
2025-08-08T20:16:11.511835,-41.0,44.0,-32.0,-15.0,-6.0,-44.0,-11.0,39.0,43.0,39.0,67.0,-71.0,-27.07,7.68,-17.42,15.91,-28.25,-20.24,-4.26,42.08,54.6,28.509999999999998,23.83,-54.55
2025-08-08T20:16:11.519294,-45.0,79.0,-46.0,70.0,-3.0,10.0,-23.0,60.0,6.0,15.0,46.0,-47.0,-31.07,42.68,-31.42,100.91,-25.25,33.760000000000005,-16.259999999999998,63.08,17.6,4.51,2.8299999999999983,-30.55
2025-08-08T20:16:11.523952,12.0,0.0,-45.0,12.0,-8.0,-4.0,17.0,3.0,-5.0,67.0,33.0,-57.0,25.93,-36.32,-30.42,42.91,-30.25,19.76,23.740000000000002,6.08,6.6,56.51,-10.170000000000002,-40.55
2025-08-08T20:16:11.531597,-31.0,61.0,-22.0,-40.0,15.0,-4.0,3.0,-13.0,-39.0,61.0,-9.0,-22.0,-17.07,24.68,-7.42,-9.09,-7.25,19.76,9.74,-9.92,-27.4,50.51,-52.17,-5.550000000000001
2025-08-08T20:16:11.536222,-53.0,-2.0,-25.0,-32.0,73.0,-73.0,26.0,-71.0,4.0,65.0,-46.0,-20.0,-39.07,-38.32,-10.42,-1.0899999999999999,50.75,-49.239999999999995,32.74,-67.92,15.6,54.51,-89.17,-3.5500000000000007
2025-08-08T20:16:11.543899,-17.0,36.0,-30.0,-65.0,-35.0,-16.0,24.0,6.0,-45.0,16.0,-1.0,-70.0,-3.0700000000000003,-0.3200000000000003,-15.42,-34.09,-57.25,7.760000000000002,30.740000000000002,9.08,-33.4,5.51,-44.17,-53.55
2025-08-08T20:16:11.548345,-2.0,6.0,-75.0,-3.0,-40.0,25.0,-20.0,63.0,-10.0,5.0,33.0,-54.0,11.93,-30.32,-60.42,27.91,-62.25,48.760000000000005,-13.26,66.08,1.5999999999999996,-5.49,-10.170000000000002,-37.55
2025-08-08T20:16:11.552272,-23.0,44.0,-32.0,-59.0,42.0,-28.0,26.0,34.0,-30.0,28.0,60.0,-59.0,-9.07,7.68,-17.42,-28.09,19.75,-4.239999999999998,32.74,37.08,-18.4,17.509999999999998,16.83,-42.55
2025-08-08T20:16:11.560529,18.0,-19.0,-53.0,69.0,40.0,5.0,21.0,-14.0,29.0,13.0,78.0,7.0,31.93,-55.32,-38.42,99.91,17.75,28.76,27.740000000000002,-10.92,40.6,2.51,34.83,23.45
2025-08-08T20:16:11.564516,-45.0,-33.0,-5.0,-38.0,33.0,-35.0,-5.0,-48.0,9.0,-19.0,75.0,-21.0,-31.07,-69.32,9.58,-7.09,10.75,-11.239999999999998,1.7400000000000002,-44.92,20.6,-29.490000000000002,31.83,-4.550000000000001
2025-08-08T20:16:11.572844,13.0,32.0,-7.0,-23.0,90.0,-2.0,-12.0,-12.0,-50.0,7.0,29.0,13.0,26.93,-4.32,7.58,7.91,67.75,21.76,-5.26,-8.92,-38.4,-3.49,-14.170000000000002,29.45
2025-08-08T20:16:11.576783,-55.0,-10.0,-86.0,-22.0,64.0,-6.0,-26.0,-53.0,-24.0,71.0,3.0,-31.0,-41.07,-46.32,-71.42,8.91,41.75,17.76,-19.259999999999998,-49.92,-12.4,60.51,-40.17,-14.55
2025-08-08T20:16:11.585130,-57.0,48.0,-9.0,-3.0,11.0,-19.0,94.0,1.0,-56.0,48.0,33.0,24.0,-43.07,11.68,5.58,27.91,-11.25,4.760000000000002,100.74,4.08,-44.4,37.51,-10.170000000000002,40.45
2025-08-08T20:16:11.589092,64.0,49.0,-88.0,-85.0,62.0,-69.0,-10.0,12.0,-34.0,2.0,48.0,4.0,77.93,12.68,-73.42,-54.09,39.75,-45.239999999999995,-3.26,15.08,-22.4,-8.49,4.829999999999998,20.45
2025-08-08T20:16:11.597317,-23.0,66.0,-56.0,-53.0,41.0,-8.0,37.0,-13.0,-10.0,18.0,119.0,-5.0,-9.07,29.68,-41.42,-22.09,18.75,15.760000000000002,43.74,-9.92,1.5999999999999996,7.51,75.83,11.45
2025-08-08T20:16:11.601413,64.0,29.0,-36.0,-64.0,-16.0,-23.0,26.0,-10.0,-37.0,-47.0,-8.0,-38.0,77.93,-7.32,-21.42,-33.09,-38.25,0.7600000000000016,32.74,-6.92,-25.4,-57.49,-51.17,-21.55
2025-08-08T20:16:11.609480,-30.0,-1.0,-65.0,-64.0,-21.0,-8.0,-3.0,-54.0,23.0,-58.0,45.0,15.0,-16.07,-37.32,-50.42,-33.09,-43.25,15.760000000000002,3.74,-50.92,34.6,-68.49,1.8299999999999983,31.45
2025-08-08T20:16:11.613659,50.0,0.0,32.0,-58.0,81.0,2.0,-5.0,9.0,6.0,21.0,101.0,43.0,63.93,-36.32,46.58,-27.09,58.75,25.76,1.7400000000000002,12.08,17.6,10.51,57.83,59.45
2025-08-08T20:16:11.621709,-38.0,21.0,-1.0,-16.0,29.0,-9.0,-63.0,-43.0,-26.0,-18.0,19.0,7.0,-24.07,-15.32,13.58,14.91,6.75,14.760000000000002,-56.26,-39.92,-14.4,-28.490000000000002,-24.17,23.45
2025-08-08T20:16:11.626239,-10.0,-26.0,55.0,-84.0,45.0,-65.0,23.0,-7.0,-9.0,-2.0,20.0,-8.0,3.9299999999999997,-62.32,69.58,-53.09,22.75,-41.239999999999995,29.740000000000002,-3.92,2.5999999999999996,-12.49,-23.17,8.45
2025-08-08T20:16:11.634073,4.0,3.0,3.0,-8.0,62.0,-30.0,-45.0,31.0,27.0,10.0,-27.0,-43.0,17.93,-33.32,17.58,22.91,39.75,-6.239999999999998,-38.26,34.08,38.6,-0.4900000000000002,-70.17,-26.55
2025-08-08T20:16:11.638406,55.0,36.0,-33.0,-42.0,30.0,-18.0,32.0,23.0,2.0,-23.0,3.0,27.0,68.93,-0.3200000000000003,-18.42,-11.09,7.75,5.760000000000002,38.74,26.08,13.6,-33.49,-40.17,43.45
2025-08-08T20:16:11.646372,-15.0,63.0,-38.0,19.0,-35.0,-77.0,-50.0,39.0,-5.0,-20.0,112.0,-36.0,-1.0700000000000003,26.68,-23.42,49.91,-57.25,-53.239999999999995,-43.26,42.08,6.6,-30.490000000000002,68.83,-19.55
2025-08-08T20:16:11.650661,-101.0,25.0,38.0,0.0,88.0,-65.0,-102.0,68.0,29.0,43.0,67.0,-19.0,-87.07,-11.32,52.58,30.91,65.75,-41.239999999999995,-95.26,71.08,40.6,32.51,23.83,-2.5500000000000007
2025-08-08T20:16:11.658681,-2.0,71.0,-2.0,-79.0,-29.0,-30.0,-31.0,-63.0,-99.0,-37.0,62.0,-46.0,11.93,34.68,12.58,-48.09,-51.25,-6.239999999999998,-24.259999999999998,-59.92,-87.4,-47.49,18.83,-29.55
2025-08-08T20:16:11.663121,-72.0,88.0,28.0,-10.0,34.0,-21.0,19.0,-17.0,-1.0,13.0,41.0,-129.0,-58.07,51.68,42.58,20.91,11.75,2.7600000000000016,25.740000000000002,-13.92,10.6,2.51,-2.1700000000000017,-112.55
2025-08-08T20:16:11.670825,-35.0,64.0,-19.0,-33.0,-25.0,-26.0,-35.0,-7.0,-19.0,103.0,35.0,-79.0,-21.07,27.68,-4.42,-2.09,-47.25,-2.2399999999999984,-28.259999999999998,-3.92,-7.4,92.51,-8.170000000000002,-62.55
2025-08-08T20:16:11.675374,-15.0,43.0,-38.0,-29.0,20.0,-8.0,-6.0,-6.0,6.0,66.0,74.0,52.0,-1.0700000000000003,6.68,-23.42,1.9100000000000001,-2.25,15.760000000000002,0.7400000000000002,-2.92,17.6,55.51,30.83,68.45
2025-08-08T20:16:11.683041,28.0,45.0,-123.0,33.0,32.0,7.0,-4.0,-17.0,42.0,6.0,65.0,31.0,41.93,8.68,-108.42,63.91,9.75,30.76,2.74,-13.92,53.6,-4.49,21.83,47.45
2025-08-08T20:16:11.687482,105.0,33.0,-44.0,-54.0,58.0,-61.0,-11.0,-29.0,38.0,9.0,37.0,-30.0,118.93,-3.3200000000000003,-29.42,-23.09,35.75,-37.239999999999995,-4.26,-25.92,49.6,-1.4900000000000002,-6.170000000000002,-13.55
2025-08-08T20:16:11.695362,-12.0,77.0,28.0,18.0,0.0,-20.0,-36.0,-6.0,20.0,-2.0,20.0,-47.0,1.9299999999999997,40.68,42.58,48.91,-22.25,3.7600000000000016,-29.259999999999998,-2.92,31.6,-12.49,-23.17,-30.55
2025-08-08T20:16:11.699804,0.0,-45.0,-19.0,44.0,26.0,-42.0,-53.0,-45.0,-27.0,16.0,43.0,-36.0,13.93,-81.32,-4.42,74.91,3.75,-18.24,-46.26,-41.92,-15.4,5.51,-0.1700000000000017,-19.55
2025-08-08T20:16:11.707642,33.0,1.0,-6.0,-9.0,-3.0,-23.0,3.0,25.0,-11.0,15.0,31.0,-11.0,46.93,-35.32,8.58,21.91,-25.25,0.7600000000000016,9.74,28.08,0.5999999999999996,4.51,-12.170000000000002,5.449999999999999
2025-08-08T20:16:11.712126,72.0,11.0,43.0,-35.0,-33.0,-42.0,20.0,38.0,-31.0,31.0,107.0,-72.0,85.93,-25.32,57.58,-4.09,-55.25,-18.24,26.740000000000002,41.08,-19.4,20.509999999999998,63.83,-55.55
2025-08-08T20:16:11.720053,-51.0,49.0,18.0,-8.0,65.0,-21.0,-20.0,-33.0,-21.0,-3.0,60.0,-69.0,-37.07,12.68,32.58,22.91,42.75,2.7600000000000016,-13.26,-29.92,-9.4,-13.49,16.83,-52.55
2025-08-08T20:16:11.724416,-80.0,9.0,-7.0,-45.0,-3.0,-10.0,-51.0,2.0,4.0,34.0,71.0,8.0,-66.07,-27.32,7.58,-14.09,-25.25,13.760000000000002,-44.26,5.08,15.6,23.509999999999998,27.83,24.45
2025-08-08T20:16:11.728431,-52.0,54.0,31.0,-11.0,50.0,-32.0,55.0,8.0,-2.0,15.0,32.0,6.0,-38.07,17.68,45.58,19.91,27.75,-8.239999999999998,61.74,11.08,9.6,4.51,-11.170000000000002,22.45
2025-08-08T20:16:11.736556,-22.0,-28.0,31.0,-21.0,51.0,-31.0,20.0,-2.0,-55.0,43.0,79.0,-25.0,-8.07,-64.32,45.58,9.91,28.75,-7.239999999999998,26.740000000000002,1.08,-43.4,32.51,35.83,-8.55
2025-08-08T20:16:11.742171,-70.0,43.0,2.0,-73.0,54.0,-58.0,-3.0,72.0,-14.0,29.0,44.0,0.0,-56.07,6.68,16.58,-42.09,31.75,-34.239999999999995,3.74,75.08,-2.4000000000000004,18.509999999999998,0.8299999999999983,16.45
2025-08-08T20:16:11.748676,-16.0,46.0,27.0,-40.0,7.0,-69.0,0.0,39.0,-45.0,32.0,66.0,-7.0,-2.0700000000000003,9.68,41.58,-9.09,-15.25,-45.239999999999995,6.74,42.08,-33.4,21.509999999999998,22.83,9.45
2025-08-08T20:16:11.754424,10.0,71.0,-17.0,-34.0,52.0,-35.0,45.0,40.0,-31.0,-4.0,30.0,-27.0,23.93,34.68,-2.42,-3.09,29.75,-11.239999999999998,51.74,43.08,-19.4,-14.49,-13.170000000000002,-10.55
2025-08-08T20:16:11.761311,-73.0,-22.0,37.0,-10.0,-7.0,37.0,-53.0,-72.0,-50.0,25.0,51.0,-40.0,-59.07,-58.32,51.58,20.91,-29.25,60.760000000000005,-46.26,-68.92,-38.4,14.51,7.829999999999998,-23.55
2025-08-08T20:16:11.766692,70.0,-32.0,0.0,-5.0,-26.0,48.0,-3.0,-16.0,1.0,-11.0,-9.0,-76.0,83.93,-68.32,14.58,25.91,-48.25,71.76,3.74,-12.92,12.6,-21.490000000000002,-52.17,-59.55
2025-08-08T20:16:11.773469,-45.0,28.0,15.0,-6.0,-21.0,11.0,55.0,82.0,-23.0,-5.0,-4.0,-7.0,-31.07,-8.32,29.58,24.91,-43.25,34.760000000000005,61.74,85.08,-11.4,-15.49,-47.17,9.45
2025-08-08T20:16:11.777765,-7.0,-7.0,-62.0,-7.0,-4.0,-23.0,-20.0,-28.0,-16.0,-27.0,-2.0,50.0,6.93,-43.32,-47.42,23.91,-26.25,0.7600000000000016,-13.26,-24.92,-4.4,-37.49,-45.17,66.45
2025-08-08T20:16:11.785662,-48.0,43.0,-89.0,-30.0,-2.0,22.0,-68.0,18.0,49.0,-60.0,71.0,0.0,-34.07,6.68,-74.42,0.9100000000000001,-24.25,45.760000000000005,-61.26,21.08,60.6,-70.49,27.83,16.45
2025-08-08T20:16:11.790113,27.0,45.0,-38.0,-23.0,14.0,-54.0,-3.0,1.0,27.0,-12.0,36.0,6.0,40.93,8.68,-23.42,7.91,-8.25,-30.24,3.74,4.08,38.6,-22.490000000000002,-7.170000000000002,22.45
2025-08-08T20:16:11.797783,-33.0,96.0,-52.0,11.0,52.0,16.0,-28.0,-5.0,-2.0,32.0,35.0,-22.0,-19.07,59.68,-37.42,41.91,29.75,39.760000000000005,-21.259999999999998,-1.92,9.6,21.509999999999998,-8.170000000000002,-5.550000000000001
2025-08-08T20:16:11.802374,28.0,36.0,-59.0,-21.0,-6.0,-37.0,-19.0,-15.0,-8.0,-10.0,78.0,-14.0,41.93,-0.3200000000000003,-44.42,9.91,-28.25,-13.239999999999998,-12.26,-11.92,3.5999999999999996,-20.490000000000002,34.83,2.4499999999999993
2025-08-08T20:16:11.810087,3.0,23.0,11.0,-7.0,-25.0,-28.0,-30.0,19.0,21.0,-20.0,67.0,-53.0,16.93,-13.32,25.58,23.91,-47.25,-4.239999999999998,-23.259999999999998,22.08,32.6,-30.490000000000002,23.83,-36.55
2025-08-08T20:16:11.814972,4.0,63.0,34.0,33.0,0.0,-31.0,-8.0,1.0,-46.0,-15.0,93.0,-50.0,17.93,26.68,48.58,63.91,-22.25,-7.239999999999998,-1.2599999999999998,4.08,-34.4,-25.490000000000002,49.83,-33.55
2025-08-08T20:16:11.822471,30.0,14.0,-71.0,54.0,48.0,-41.0,6.0,10.0,5.0,-9.0,75.0,-30.0,43.93,-22.32,-56.42,84.91,25.75,-17.24,12.74,13.08,16.6,-19.490000000000002,31.83,-13.55
2025-08-08T20:16:11.827115,-4.0,2.0,-99.0,-64.0,-38.0,-11.0,-57.0,-27.0,-9.0,28.0,55.0,-73.0,9.93,-34.32,-84.42,-33.09,-60.25,12.760000000000002,-50.26,-23.92,2.5999999999999996,17.509999999999998,11.829999999999998,-56.55
2025-08-08T20:16:11.834928,41.0,-22.0,-2.0,-39.0,10.0,-5.0,-24.0,-37.0,-56.0,13.0,45.0,-10.0,54.93,-58.32,12.58,-8.09,-12.25,18.76,-17.259999999999998,-33.92,-44.4,2.51,1.8299999999999983,6.449999999999999
2025-08-08T20:16:11.839220,-29.0,18.0,-14.0,-96.0,13.0,-34.0,8.0,-6.0,24.0,-34.0,21.0,-40.0,-15.07,-18.32,0.5800000000000001,-65.09,-9.25,-10.239999999999998,14.74,-2.92,35.6,-44.49,-22.17,-23.55
2025-08-08T20:16:11.847056,30.0,4.0,-11.0,-61.0,45.0,-39.0,61.0,-18.0,-11.0,12.0,-19.0,64.0,43.93,-32.32,3.58,-30.09,22.75,-15.239999999999998,67.74,-14.92,0.5999999999999996,1.5099999999999998,-62.17,80.45
2025-08-08T20:16:11.851806,-26.0,-49.0,-43.0,37.0,9.0,-58.0,31.0,-18.0,-30.0,86.0,18.0,-41.0,-12.07,-85.32,-28.42,67.91,-13.25,-34.239999999999995,37.74,-14.92,-18.4,75.51,-25.17,-24.55
2025-08-08T20:16:11.859419,-27.0,39.0,24.0,-65.0,19.0,3.0,61.0,-84.0,11.0,-26.0,65.0,-8.0,-13.07,2.6799999999999997,38.58,-34.09,-3.25,26.76,67.74,-80.92,22.6,-36.49,21.83,8.45
2025-08-08T20:16:11.864014,-30.0,37.0,-42.0,-86.0,29.0,-55.0,2.0,-33.0,-4.0,-36.0,51.0,-82.0,-16.07,0.6799999999999997,-27.42,-55.09,6.75,-31.24,8.74,-29.92,7.6,-46.49,7.829999999999998,-65.55
2025-08-08T20:16:11.871720,-28.0,53.0,-35.0,-19.0,25.0,40.0,-17.0,2.0,-33.0,-61.0,-22.0,-17.0,-14.07,16.68,-20.42,11.91,2.75,63.760000000000005,-10.26,5.08,-21.4,-71.49,-65.17,-0.5500000000000007
2025-08-08T20:16:11.876190,-44.0,40.0,-5.0,-32.0,22.0,-50.0,5.0,52.0,-5.0,-31.0,119.0,1.0,-30.07,3.6799999999999997,9.58,-1.0899999999999999,-0.25,-26.24,11.74,55.08,6.6,-41.49,75.83,17.45
2025-08-08T20:16:11.883717,-87.0,48.0,46.0,-25.0,20.0,-36.0,-20.0,-44.0,31.0,55.0,93.0,-14.0,-73.07,11.68,60.58,5.91,-2.25,-12.239999999999998,-13.26,-40.92,42.6,44.51,49.83,2.4499999999999993
2025-08-08T20:16:11.889703,-13.0,44.0,-9.0,-15.0,81.0,-15.0,-21.0,-17.0,-33.0,33.0,57.0,-68.0,0.9299999999999997,7.68,5.58,15.91,58.75,8.760000000000002,-14.26,-13.92,-21.4,22.509999999999998,13.829999999999998,-51.55
2025-08-08T20:16:11.892878,40.0,28.0,-21.0,9.0,26.0,-31.0,45.0,67.0,53.0,11.0,43.0,-84.0,53.93,-8.32,-6.42,39.91,3.75,-7.239999999999998,51.74,70.08,64.6,0.5099999999999998,-0.1700000000000017,-67.55
2025-08-08T20:16:11.900818,-4.0,3.0,-6.0,-40.0,30.0,-56.0,22.0,11.0,-86.0,50.0,-21.0,-69.0,9.93,-33.32,8.58,-9.09,7.75,-32.239999999999995,28.740000000000002,14.08,-74.4,39.51,-64.17,-52.55
2025-08-08T20:16:11.905612,-1.0,7.0,-55.0,-15.0,2.0,32.0,48.0,-38.0,28.0,-10.0,62.0,-71.0,12.93,-29.32,-40.42,15.91,-20.25,55.760000000000005,54.74,-34.92,39.6,-20.490000000000002,18.83,-54.55
2025-08-08T20:16:11.912738,-49.0,41.0,-87.0,-76.0,-25.0,-19.0,-15.0,59.0,-36.0,42.0,-7.0,-60.0,-35.07,4.68,-72.42,-45.09,-47.25,4.760000000000002,-8.26,62.08,-24.4,31.509999999999998,-50.17,-43.55
2025-08-08T20:16:11.921318,9.0,19.0,-32.0,-63.0,4.0,-9.0,18.0,45.0,-21.0,22.0,13.0,-4.0,22.93,-17.32,-17.42,-32.09,-18.25,14.760000000000002,24.740000000000002,48.08,-9.4,11.51,-30.17,12.45
2025-08-08T20:16:11.925916,-32.0,55.0,-42.0,0.0,36.0,-37.0,-47.0,-10.0,-39.0,23.0,38.0,-65.0,-18.07,18.68,-27.42,30.91,13.75,-13.239999999999998,-40.26,-6.92,-27.4,12.51,-5.170000000000002,-48.55
2025-08-08T20:16:11.929272,4.0,35.0,-62.0,-31.0,44.0,-30.0,63.0,10.0,-31.0,6.0,7.0,-96.0,17.93,-1.3200000000000003,-47.42,-0.08999999999999986,21.75,-6.239999999999998,69.74,13.08,-19.4,-4.49,-36.17,-79.55
2025-08-08T20:16:11.937026,-10.0,-52.0,-18.0,78.0,87.0,40.0,4.0,-65.0,15.0,45.0,69.0,-57.0,3.9299999999999997,-88.32,-3.42,108.91,64.75,63.760000000000005,10.74,-61.92,26.6,34.51,25.83,-40.55
2025-08-08T20:16:11.941357,24.0,105.0,-6.0,-40.0,67.0,-28.0,-5.0,-35.0,-38.0,30.0,-25.0,31.0,37.93,68.68,8.58,-9.09,44.75,-4.239999999999998,1.7400000000000002,-31.92,-26.4,19.509999999999998,-68.17,47.45
2025-08-08T20:16:11.949218,16.0,-15.0,-6.0,-65.0,59.0,-9.0,-40.0,-28.0,5.0,-23.0,39.0,11.0,29.93,-51.32,8.58,-34.09,36.75,14.760000000000002,-33.26,-24.92,16.6,-33.49,-4.170000000000002,27.45
2025-08-08T20:16:11.953866,-13.0,-5.0,-51.0,-2.0,18.0,-22.0,-4.0,-34.0,-2.0,-8.0,21.0,-13.0,0.9299999999999997,-41.32,-36.42,28.91,-4.25,1.7600000000000016,2.74,-30.92,9.6,-18.490000000000002,-22.17,3.4499999999999993
2025-08-08T20:16:11.961599,87.0,-31.0,-46.0,-24.0,18.0,5.0,-13.0,-113.0,-14.0,-21.0,14.0,41.0,100.93,-67.32,-31.42,6.91,-4.25,28.76,-6.26,-109.92,-2.4000000000000004,-31.490000000000002,-29.17,57.45
2025-08-08T20:16:11.965998,-39.0,-28.0,-21.0,-37.0,-16.0,31.0,18.0,-23.0,-39.0,-46.0,58.0,-21.0,-25.07,-64.32,-6.42,-6.09,-38.25,54.760000000000005,24.740000000000002,-19.92,-27.4,-56.49,14.829999999999998,-4.550000000000001
2025-08-08T20:16:11.973954,31.0,31.0,-44.0,-83.0,48.0,-15.0,45.0,15.0,-32.0,66.0,46.0,-83.0,44.93,-5.32,-29.42,-52.09,25.75,8.760000000000002,51.74,18.08,-20.4,55.51,2.8299999999999983,-66.55
2025-08-08T20:16:11.978319,-31.0,57.0,-62.0,-77.0,45.0,-69.0,14.0,-28.0,-39.0,61.0,79.0,-37.0,-17.07,20.68,-47.42,-46.09,22.75,-45.239999999999995,20.740000000000002,-24.92,-27.4,50.51,35.83,-20.55
2025-08-08T20:16:11.986106,4.0,-9.0,21.0,-80.0,17.0,11.0,21.0,10.0,32.0,30.0,96.0,-39.0,17.93,-45.32,35.58,-49.09,-5.25,34.760000000000005,27.740000000000002,13.08,43.6,19.509999999999998,52.83,-22.55
2025-08-08T20:16:11.990663,22.0,66.0,-6.0,-81.0,5.0,14.0,-15.0,-35.0,-33.0,72.0,82.0,13.0,35.93,29.68,8.58,-50.09,-17.25,37.760000000000005,-8.26,-31.92,-21.4,61.51,38.83,29.45
2025-08-08T20:16:11.998499,-28.0,119.0,-18.0,3.0,66.0,-31.0,-22.0,-76.0,-7.0,36.0,54.0,16.0,-14.07,82.68,-3.42,33.91,43.75,-7.239999999999998,-15.26,-72.92,4.6,25.509999999999998,10.829999999999998,32.45
2025-08-08T20:16:12.002978,-6.0,-3.0,-6.0,-16.0,13.0,-38.0,-13.0,19.0,-25.0,33.0,44.0,0.0,7.93,-39.32,8.58,14.91,-9.25,-14.239999999999998,-6.26,22.08,-13.4,22.509999999999998,0.8299999999999983,16.45
2025-08-08T20:16:12.010619,-28.0,19.0,-6.0,-78.0,20.0,-63.0,11.0,7.0,-24.0,12.0,25.0,-85.0,-14.07,-17.32,8.58,-47.09,-2.25,-39.239999999999995,17.740000000000002,10.08,-12.4,1.5099999999999998,-18.17,-68.55
2025-08-08T20:16:12.015308,-4.0,-22.0,-43.0,-32.0,77.0,14.0,-34.0,-17.0,-19.0,-64.0,-10.0,-13.0,9.93,-58.32,-28.42,-1.0899999999999999,54.75,37.760000000000005,-27.259999999999998,-13.92,-7.4,-74.49,-53.17,3.4499999999999993
2025-08-08T20:16:12.022929,-38.0,10.0,40.0,-23.0,-36.0,-44.0,13.0,33.0,-38.0,-15.0,46.0,-19.0,-24.07,-26.32,54.58,7.91,-58.25,-20.24,19.740000000000002,36.08,-26.4,-25.490000000000002,2.8299999999999983,-2.5500000000000007
2025-08-08T20:16:12.027459,-72.0,-7.0,72.0,-2.0,57.0,-24.0,39.0,1.0,-20.0,90.0,27.0,-24.0,-58.07,-43.32,86.58,28.91,34.75,-0.23999999999999844,45.74,4.08,-8.4,79.51,-16.17,-7.550000000000001
2025-08-08T20:16:12.035517,-34.0,28.0,0.0,-16.0,32.0,-19.0,77.0,-61.0,-18.0,55.0,62.0,-34.0,-20.07,-8.32,14.58,14.91,9.75,4.760000000000002,83.74,-57.92,-6.4,44.51,18.83,-17.55
2025-08-08T20:16:12.039830,-27.0,10.0,44.0,-46.0,86.0,-62.0,-20.0,20.0,-29.0,-40.0,71.0,-36.0,-13.07,-26.32,58.58,-15.09,63.75,-38.239999999999995,-13.26,23.08,-17.4,-50.49,27.83,-19.55
2025-08-08T20:16:12.047811,-54.0,79.0,-18.0,-78.0,-7.0,-53.0,-43.0,-24.0,6.0,2.0,-19.0,-10.0,-40.07,42.68,-3.42,-47.09,-29.25,-29.24,-36.26,-20.92,17.6,-8.49,-62.17,6.449999999999999
2025-08-08T20:16:12.052202,-75.0,40.0,-21.0,-27.0,23.0,-45.0,-26.0,-37.0,45.0,-3.0,49.0,-35.0,-61.07,3.6799999999999997,-6.42,3.91,0.75,-21.24,-19.259999999999998,-33.92,56.6,-13.49,5.829999999999998,-18.55
2025-08-08T20:16:12.059927,34.0,28.0,-42.0,-69.0,-47.0,-28.0,-13.0,-25.0,-51.0,-98.0,-10.0,-18.0,47.93,-8.32,-27.42,-38.09,-69.25,-4.239999999999998,-6.26,-21.92,-39.4,-108.49,-53.17,-1.5500000000000007
2025-08-08T20:16:12.064442,35.0,-9.0,-16.0,60.0,-61.0,-57.0,41.0,31.0,-59.0,31.0,19.0,-51.0,48.93,-45.32,-1.42,90.91,-83.25,-33.239999999999995,47.74,34.08,-47.4,20.509999999999998,-24.17,-34.55
2025-08-08T20:16:12.072245,-31.0,-3.0,20.0,-88.0,56.0,-38.0,-24.0,40.0,-20.0,-10.0,42.0,-28.0,-17.07,-39.32,34.58,-57.09,33.75,-14.239999999999998,-17.259999999999998,43.08,-8.4,-20.490000000000002,-1.1700000000000017,-11.55
2025-08-08T20:16:12.076520,-45.0,40.0,4.0,-14.0,-17.0,-42.0,-30.0,0.0,-20.0,81.0,2.0,-54.0,-31.07,3.6799999999999997,18.58,16.91,-39.25,-18.24,-23.259999999999998,3.08,-8.4,70.51,-41.17,-37.55
2025-08-08T20:16:12.084375,-3.0,-2.0,21.0,-70.0,11.0,-20.0,1.0,39.0,4.0,33.0,59.0,-81.0,10.93,-38.32,35.58,-39.09,-11.25,3.7600000000000016,7.74,42.08,15.6,22.509999999999998,15.829999999999998,-64.55
2025-08-08T20:16:12.089030,19.0,-38.0,-8.0,-62.0,-14.0,-54.0,65.0,51.0,-18.0,33.0,-13.0,-67.0,32.93,-74.32,6.58,-31.09,-36.25,-30.24,71.74,54.08,-6.4,22.509999999999998,-56.17,-50.55
2025-08-08T20:16:12.096783,-96.0,-16.0,-45.0,-73.0,30.0,-64.0,32.0,18.0,-12.0,71.0,74.0,-65.0,-82.07,-52.32,-30.42,-42.09,7.75,-40.239999999999995,38.74,21.08,-0.40000000000000036,60.51,30.83,-48.55
2025-08-08T20:16:12.101295,-105.0,23.0,-9.0,7.0,-93.0,-30.0,36.0,-12.0,-5.0,62.0,45.0,-46.0,-91.07,-13.32,5.58,37.91,-115.25,-6.239999999999998,42.74,-8.92,6.6,51.51,1.8299999999999983,-29.55
2025-08-08T20:16:12.109140,-9.0,20.0,7.0,-30.0,72.0,20.0,35.0,-24.0,37.0,-9.0,28.0,-59.0,4.93,-16.32,21.58,0.9100000000000001,49.75,43.760000000000005,41.74,-20.92,48.6,-19.490000000000002,-15.170000000000002,-42.55
2025-08-08T20:16:12.113488,-7.0,44.0,34.0,-71.0,29.0,-19.0,-22.0,6.0,-4.0,-4.0,-79.0,-28.0,6.93,7.68,48.58,-40.09,6.75,4.760000000000002,-15.26,9.08,7.6,-14.49,-122.17,-11.55
2025-08-08T20:16:12.121442,51.0,97.0,7.0,-4.0,52.0,-41.0,19.0,-19.0,41.0,5.0,59.0,-9.0,64.93,60.68,21.58,26.91,29.75,-17.24,25.740000000000002,-15.92,52.6,-5.49,15.829999999999998,7.449999999999999
2025-08-08T20:16:12.125693,-67.0,-3.0,-42.0,-67.0,-5.0,-74.0,-43.0,-40.0,-10.0,0.0,-21.0,-38.0,-53.07,-39.32,-27.42,-36.09,-27.25,-50.239999999999995,-36.26,-36.92,1.5999999999999996,-10.49,-64.17,-21.55
2025-08-08T20:16:12.133554,-85.0,45.0,10.0,25.0,-8.0,-44.0,-53.0,6.0,-19.0,53.0,19.0,-17.0,-71.07,8.68,24.58,55.91,-30.25,-20.24,-46.26,9.08,-7.4,42.51,-24.17,-0.5500000000000007
2025-08-08T20:16:12.137997,-20.0,19.0,-57.0,-76.0,31.0,8.0,-14.0,-40.0,-28.0,9.0,47.0,-43.0,-6.07,-17.32,-42.42,-45.09,8.75,31.76,-7.26,-36.92,-16.4,-1.4900000000000002,3.8299999999999983,-26.55
