timestamp,x1,y1,z1,x2,y2,z2,x3,y3,z3,x4,y4,z4,x1_calib,y1_calib,z1_calib,x2_calib,y2_calib,z2_calib,x3_calib,y3_calib,z3_calib,x4_calib,y4_calib,z4_calib
2025-08-18T11:41:46.343003,-9.0,14.0,17.0,-14.0,2.0,48.0,17.0,20.0,-15.0,-13.0,26.0,3.0,-43.67,15.27,35.34,-15.15,6.62,32.32,21.92,5.3100000000000005,5.789999999999999,-23.47,12.31,24.88
2025-08-18T11:41:46.351045,24.0,-30.0,1.0,14.0,20.0,72.0,-24.0,13.0,3.0,-18.0,11.0,-44.0,-10.670000000000002,-28.73,19.34,12.85,24.62,56.32,-19.08,-1.6899999999999995,23.79,-28.47,-2.6899999999999995,-22.12
2025-08-18T11:41:46.355241,-3.0,33.0,71.0,-48.0,27.0,-1.0,37.0,-27.0,-35.0,-14.0,-3.0,7.0,-37.67,34.27,89.34,-49.15,31.62,-16.68,41.92,-41.69,-14.21,-24.47,-16.689999999999998,28.88
2025-08-18T11:41:46.363293,-2.0,20.0,-41.0,64.0,23.0,42.0,-34.0,-17.0,-25.0,59.0,-45.0,-22.0,-36.67,21.27,-22.66,62.85,27.62,26.32,-29.08,-31.689999999999998,-4.210000000000001,48.53,-58.69,-0.120000000000001
2025-08-18T11:41:46.367675,3.0,29.0,-3.0,-31.0,-72.0,90.0,-1.0,-11.0,-29.0,-39.0,-18.0,5.0,-31.67,30.27,15.34,-32.15,-67.38,74.32,3.92,-25.689999999999998,-8.21,-49.47,-31.689999999999998,26.88
2025-08-18T11:41:46.371863,15.0,11.0,-13.0,29.0,72.0,-22.0,12.0,68.0,-28.0,66.0,-20.0,17.0,-19.67,12.27,5.34,27.85,76.62,-37.68,16.92,53.31,-7.210000000000001,55.53,-33.69,38.879999999999995
2025-08-18T11:41:46.380011,50.0,64.0,-88.0,36.0,-26.0,32.0,-51.0,-41.0,58.0,-9.0,20.0,-31.0,15.329999999999998,65.27,-69.66,34.85,-21.38,16.32,-46.08,-55.69,78.78999999999999,-19.47,6.3100000000000005,-9.120000000000001
2025-08-18T11:41:46.383915,50.0,4.0,-59.0,12.0,-18.0,-23.0,29.0,-18.0,-50.0,36.0,85.0,-35.0,15.329999999999998,5.27,-40.66,10.85,-13.379999999999999,-38.68,33.92,-32.69,-29.21,25.53,71.31,-13.120000000000001
2025-08-18T11:41:46.392218,65.0,9.0,-20.0,3.0,-17.0,-1.0,10.0,-6.0,-37.0,24.0,-47.0,-63.0,30.33,10.27,-1.6600000000000001,1.85,-12.379999999999999,-16.68,14.92,-20.689999999999998,-16.21,13.53,-60.69,-41.120000000000005
2025-08-18T11:41:46.396200,57.0,-16.0,-33.0,29.0,-14.0,99.0,20.0,28.0,22.0,34.0,25.0,-12.0,22.33,-14.73,-14.66,27.85,-9.379999999999999,83.32,24.92,13.31,42.79,23.53,11.31,9.879999999999999
2025-08-18T11:41:46.404391,15.0,-10.0,-20.0,4.0,18.0,3.0,-1.0,49.0,-45.0,22.0,19.0,-79.0,-19.67,-8.73,-1.6600000000000001,2.85,22.62,-12.68,3.92,34.31,-24.21,11.53,5.3100000000000005,-57.120000000000005
2025-08-18T11:41:46.408427,55.0,51.0,57.0,-18.0,-10.0,24.0,29.0,34.0,-48.0,27.0,35.0,-70.0,20.33,52.27,75.34,-19.15,-5.38,8.32,33.92,19.310000000000002,-27.21,16.53,21.310000000000002,-48.120000000000005
2025-08-18T11:41:46.417098,-36.0,-58.0,10.0,-3.0,-61.0,55.0,-40.0,-30.0,-89.0,-5.0,-57.0,-42.0,-70.67,-56.73,28.34,-4.15,-56.38,39.32,-35.08,-44.69,-68.21000000000001,-15.47,-70.69,-20.12
2025-08-18T11:41:46.420735,7.0,-14.0,6.0,55.0,-46.0,-21.0,-6.0,35.0,33.0,6.0,14.0,26.0,-27.67,-12.73,24.34,53.85,-41.38,-36.68,-1.08,20.310000000000002,53.79,-4.470000000000001,0.3100000000000005,47.879999999999995
2025-08-18T11:41:46.429030,-40.0,7.0,25.0,9.0,4.0,-20.0,18.0,36.0,-54.0,-19.0,6.0,-23.0,-74.67,8.27,43.34,7.85,8.620000000000001,-35.68,22.92,21.310000000000002,-33.21,-29.47,-7.6899999999999995,-1.120000000000001
2025-08-18T11:41:46.433320,77.0,-10.0,-2.0,-4.0,41.0,-2.0,13.0,5.0,-38.0,12.0,13.0,-33.0,42.33,-8.73,16.34,-5.15,45.62,-17.68,17.92,-9.69,-17.21,1.5299999999999994,-0.6899999999999995,-11.120000000000001
2025-08-18T11:41:46.441334,-59.0,-18.0,33.0,15.0,1.0,13.0,44.0,45.0,-60.0,-33.0,-73.0,5.0,-93.67,-16.73,51.34,13.85,5.62,-2.6799999999999997,48.92,30.310000000000002,-39.21,-43.47,-86.69,26.88
2025-08-18T11:41:46.445405,-40.0,26.0,-5.0,67.0,5.0,72.0,13.0,48.0,10.0,-50.0,-80.0,24.0,-74.67,27.27,13.34,65.85,9.620000000000001,56.32,17.92,33.31,30.79,-60.47,-93.69,45.879999999999995
2025-08-18T11:41:46.453565,-15.0,-48.0,37.0,30.0,11.0,22.0,-19.0,-17.0,18.0,26.0,-6.0,-43.0,-49.67,-46.73,55.34,28.85,15.620000000000001,6.32,-14.08,-31.689999999999998,38.79,15.53,-19.689999999999998,-21.12
2025-08-18T11:41:46.457705,4.0,44.0,46.0,79.0,-7.0,25.0,34.0,-7.0,-4.0,-16.0,-3.0,-50.0,-30.67,45.27,64.34,77.85,-2.38,9.32,38.92,-21.689999999999998,16.79,-26.47,-16.689999999999998,-28.12
2025-08-18T11:41:46.465636,-13.0,46.0,26.0,-56.0,3.0,2.0,13.0,23.0,-66.0,-3.0,56.0,6.0,-47.67,47.27,44.34,-57.15,7.62,-13.68,17.92,8.31,-45.21,-13.47,42.31,27.88
2025-08-18T11:41:46.470048,-23.0,24.0,-4.0,-3.0,5.0,24.0,86.0,-47.0,-18.0,-54.0,26.0,13.0,-57.67,25.27,14.34,-4.15,9.620000000000001,8.32,90.92,-61.69,2.789999999999999,-64.47,12.31,34.879999999999995
2025-08-18T11:41:46.477974,-9.0,30.0,47.0,-29.0,-31.0,7.0,-19.0,46.0,66.0,-14.0,49.0,-26.0,-43.67,31.27,65.34,-30.15,-26.38,-8.68,-14.08,31.310000000000002,86.78999999999999,-24.47,35.31,-4.120000000000001
2025-08-18T11:41:46.482236,-9.0,7.0,-24.0,-2.0,22.0,23.0,-12.0,-16.0,-34.0,20.0,74.0,-20.0,-43.67,8.27,-5.66,-3.15,26.62,7.32,-7.08,-30.689999999999998,-13.21,9.53,60.31,1.879999999999999
2025-08-18T11:41:46.490306,12.0,12.0,27.0,60.0,21.0,25.0,-25.0,-20.0,-25.0,-45.0,30.0,-7.0,-22.67,13.27,45.34,58.85,25.62,9.32,-20.08,-34.69,-4.210000000000001,-55.47,16.310000000000002,14.879999999999999
2025-08-18T11:41:46.494523,3.0,-65.0,64.0,53.0,26.0,-42.0,-37.0,-20.0,38.0,-75.0,32.0,-5.0,-31.67,-63.73,82.34,51.85,30.62,-57.68,-32.08,-34.69,58.79,-85.47,18.310000000000002,16.88
2025-08-18T11:41:46.502618,40.0,78.0,-60.0,-1.0,95.0,-14.0,39.0,-6.0,36.0,-32.0,13.0,-112.0,5.329999999999998,79.27,-41.66,-2.15,99.62,-29.68,43.92,-20.689999999999998,56.79,-42.47,-0.6899999999999995,-90.12
2025-08-18T11:41:46.506909,61.0,71.0,-45.0,47.0,-58.0,62.0,-45.0,12.0,-30.0,-52.0,-18.0,-46.0,26.33,72.27,-26.66,45.85,-53.38,46.32,-40.08,-2.6899999999999995,-9.21,-62.47,-31.689999999999998,-24.12
2025-08-18T11:41:46.511008,44.0,19.0,-32.0,80.0,46.0,-45.0,-3.0,21.0,-22.0,43.0,2.0,-23.0,9.329999999999998,20.27,-13.66,78.85,50.62,-60.68,1.92,6.3100000000000005,-1.2100000000000009,32.53,-11.69,-1.120000000000001
2025-08-18T11:41:46.518914,87.0,2.0,-22.0,48.0,-13.0,-2.0,-55.0,23.0,-53.0,57.0,-17.0,-2.0,52.33,3.27,-3.66,46.85,-8.379999999999999,-17.68,-50.08,8.31,-32.21,46.53,-30.689999999999998,19.88
2025-08-18T11:41:46.523107,45.0,-14.0,-70.0,-55.0,-14.0,55.0,-86.0,106.0,7.0,1.0,27.0,-56.0,10.329999999999998,-12.73,-51.66,-56.15,-9.379999999999999,39.32,-81.08,91.31,27.79,-9.47,13.31,-34.120000000000005
2025-08-18T11:41:46.531326,-4.0,12.0,-64.0,11.0,-3.0,8.0,54.0,-23.0,-2.0,78.0,-25.0,-32.0,-38.67,13.27,-45.66,9.85,1.62,-7.68,58.92,-37.69,18.79,67.53,-38.69,-10.120000000000001
2025-08-18T11:41:46.535436,47.0,-25.0,-26.0,3.0,-53.0,-11.0,2.0,23.0,-58.0,18.0,-20.0,-43.0,12.329999999999998,-23.73,-7.66,1.85,-48.38,-26.68,6.92,8.31,-37.21,7.529999999999999,-33.69,-21.12
2025-08-18T11:41:46.543650,64.0,-65.0,-22.0,16.0,-47.0,8.0,-9.0,18.0,-10.0,-43.0,-17.0,-11.0,29.33,-63.73,-3.66,14.85,-42.38,-7.68,-4.08,3.3100000000000005,10.79,-53.47,-30.689999999999998,10.879999999999999
2025-08-18T11:41:46.547743,-28.0,-15.0,61.0,-19.0,10.0,19.0,-17.0,3.0,-50.0,-58.0,2.0,-37.0,-62.67,-13.73,79.34,-20.15,14.620000000000001,3.3200000000000003,-12.08,-11.69,-29.21,-68.47,-11.69,-15.120000000000001
2025-08-18T11:41:46.556110,22.0,-25.0,47.0,-1.0,-10.0,19.0,10.0,-66.0,-21.0,-35.0,-13.0,-70.0,-12.670000000000002,-23.73,65.34,-2.15,-5.38,3.3200000000000003,14.92,-80.69,-0.21000000000000085,-45.47,-26.689999999999998,-48.120000000000005
2025-08-18T11:41:46.560001,20.0,-18.0,17.0,24.0,-5.0,-9.0,-19.0,20.0,-2.0,-21.0,-59.0,-56.0,-14.670000000000002,-16.73,35.34,22.85,-0.3799999999999999,-24.68,-14.08,5.3100000000000005,18.79,-31.47,-72.69,-34.120000000000005
2025-08-18T11:41:46.568179,60.0,-42.0,56.0,43.0,-76.0,-28.0,-49.0,-47.0,40.0,22.0,2.0,-11.0,25.33,-40.73,74.34,41.85,-71.38,-43.68,-44.08,-61.69,60.79,11.53,-11.69,10.879999999999999
2025-08-18T11:41:46.572421,22.0,40.0,-26.0,66.0,7.0,-24.0,-74.0,-6.0,46.0,-64.0,36.0,4.0,-12.670000000000002,41.27,-7.66,64.85,11.620000000000001,-39.68,-69.08,-20.689999999999998,66.78999999999999,-74.47,22.310000000000002,25.88
2025-08-18T11:41:46.580439,11.0,43.0,-6.0,13.0,-41.0,-12.0,-29.0,-45.0,-18.0,-24.0,30.0,-38.0,-23.67,44.27,12.34,11.85,-36.38,-27.68,-24.08,-59.69,2.789999999999999,-34.47,16.310000000000002,-16.12
2025-08-18T11:41:46.584633,48.0,34.0,-12.0,5.0,-26.0,-14.0,-60.0,54.0,-25.0,40.0,55.0,-25.0,13.329999999999998,35.27,6.34,3.85,-21.38,-29.68,-55.08,39.31,-4.210000000000001,29.53,41.31,-3.120000000000001
2025-08-18T11:41:46.592644,84.0,11.0,-51.0,2.0,2.0,46.0,7.0,11.0,9.0,49.0,-41.0,-45.0,49.33,12.27,-32.66,0.8500000000000001,6.62,30.32,11.92,-3.6899999999999995,29.79,38.53,-54.69,-23.12
2025-08-18T11:41:46.597195,30.0,71.0,-12.0,-54.0,-20.0,21.0,14.0,19.0,-27.0,3.0,-10.0,-16.0,-4.670000000000002,72.27,6.34,-55.15,-15.379999999999999,5.32,18.92,4.3100000000000005,-6.210000000000001,-7.470000000000001,-23.689999999999998,5.879999999999999
2025-08-18T11:41:46.604970,-8.0,-3.0,-125.0,-40.0,53.0,38.0,-41.0,-3.0,-4.0,55.0,52.0,17.0,-42.67,-1.73,-106.66,-41.15,57.62,22.32,-36.08,-17.689999999999998,16.79,44.53,38.31,38.879999999999995
2025-08-18T11:41:46.609406,61.0,-4.0,-6.0,32.0,7.0,-19.0,18.0,-47.0,-31.0,-1.0,31.0,-17.0,26.33,-2.73,12.34,30.85,11.620000000000001,-34.68,22.92,-61.69,-10.21,-11.47,17.310000000000002,4.879999999999999
2025-08-18T11:41:46.617275,79.0,-90.0,-40.0,3.0,31.0,0.0,-14.0,4.0,-13.0,35.0,35.0,-9.0,44.33,-88.73,-21.66,1.85,35.62,-15.68,-9.08,-10.69,7.789999999999999,24.53,21.310000000000002,12.879999999999999
2025-08-18T11:41:46.621491,66.0,-26.0,37.0,-41.0,6.0,-20.0,-51.0,-4.0,-28.0,25.0,21.0,-28.0,31.33,-24.73,55.34,-42.15,10.620000000000001,-35.68,-46.08,-18.689999999999998,-7.210000000000001,14.53,7.3100000000000005,-6.120000000000001
2025-08-18T11:41:46.629707,-30.0,-25.0,-43.0,-16.0,-20.0,-2.0,10.0,-76.0,-21.0,17.0,-4.0,10.0,-64.67,-23.73,-24.66,-17.15,-15.379999999999999,-17.68,14.92,-90.69,-0.21000000000000085,6.529999999999999,-17.689999999999998,31.88
2025-08-18T11:41:46.633940,7.0,-12.0,32.0,-46.0,-12.0,50.0,-25.0,-43.0,-34.0,-4.0,84.0,-25.0,-27.67,-10.73,50.34,-47.15,-7.38,34.32,-20.08,-57.69,-13.21,-14.47,70.31,-3.120000000000001
2025-08-18T11:41:46.641977,68.0,1.0,34.0,23.0,5.0,7.0,-48.0,101.0,6.0,-14.0,16.0,10.0,33.33,2.27,52.34,21.85,9.620000000000001,-8.68,-43.08,86.31,26.79,-24.47,2.3100000000000005,31.88
2025-08-18T11:41:46.646319,71.0,58.0,20.0,18.0,-24.0,31.0,-26.0,22.0,-2.0,-13.0,66.0,-35.0,36.33,59.27,38.34,16.85,-19.38,15.32,-21.08,7.3100000000000005,18.79,-23.47,52.31,-13.120000000000001
2025-08-18T11:41:46.654149,14.0,-10.0,26.0,52.0,43.0,-18.0,-46.0,-36.0,-19.0,24.0,31.0,-63.0,-20.67,-8.73,44.34,50.85,47.62,-33.68,-41.08,-50.69,1.7899999999999991,13.53,17.310000000000002,-41.120000000000005
2025-08-18T11:41:46.658395,29.0,7.0,117.0,6.0,22.0,15.0,36.0,60.0,-29.0,0.0,18.0,-25.0,-5.670000000000002,8.27,135.34,4.85,26.62,-0.6799999999999997,40.92,45.31,-8.21,-10.47,4.3100000000000005,-3.120000000000001
2025-08-18T11:41:46.666518,-58.0,68.0,-45.0,-13.0,-14.0,23.0,38.0,-63.0,7.0,40.0,22.0,-78.0,-92.67,69.27,-26.66,-14.15,-9.379999999999999,7.32,42.92,-77.69,27.79,29.53,8.31,-56.120000000000005
2025-08-18T11:41:46.670719,-42.0,30.0,-48.0,44.0,-25.0,11.0,-19.0,41.0,-7.0,4.0,18.0,8.0,-76.67,31.27,-29.66,42.85,-20.38,-4.68,-14.08,26.310000000000002,13.79,-6.470000000000001,4.3100000000000005,29.88
2025-08-18T11:41:46.678842,-38.0,106.0,-13.0,32.0,56.0,18.0,19.0,19.0,-72.0,-12.0,-20.0,-68.0,-72.67,107.27,5.34,30.85,60.62,2.3200000000000003,23.92,4.3100000000000005,-51.21,-22.47,-33.69,-46.120000000000005
2025-08-18T11:41:46.683088,62.0,60.0,-45.0,-59.0,10.0,76.0,61.0,20.0,-49.0,-53.0,-31.0,10.0,27.33,61.27,-26.66,-60.15,14.620000000000001,60.32,65.92,5.3100000000000005,-28.21,-63.47,-44.69,31.88
2025-08-18T11:41:46.690968,28.0,29.0,-45.0,67.0,-33.0,11.0,46.0,71.0,2.0,37.0,50.0,-55.0,-6.670000000000002,30.27,-26.66,65.85,-28.38,-4.68,50.92,56.31,22.79,26.53,36.31,-33.120000000000005
2025-08-18T11:41:46.695337,79.0,2.0,-23.0,4.0,34.0,34.0,-3.0,-49.0,-14.0,4.0,38.0,-44.0,44.33,3.27,-4.66,2.85,38.62,18.32,1.92,-63.69,6.789999999999999,-6.470000000000001,24.310000000000002,-22.12
2025-08-18T11:41:46.703210,81.0,-26.0,-39.0,-15.0,2.0,-43.0,-31.0,-48.0,3.0,-41.0,37.0,-42.0,46.33,-24.73,-20.66,-16.15,6.62,-58.68,-26.08,-62.69,23.79,-51.47,23.310000000000002,-20.12
2025-08-18T11:41:46.707663,23.0,-24.0,-31.0,69.0,-55.0,30.0,-74.0,74.0,23.0,8.0,-37.0,-12.0,-11.670000000000002,-22.73,-12.66,67.85,-50.38,14.32,-69.08,59.31,43.79,-2.4700000000000006,-50.69,9.879999999999999
2025-08-18T11:41:46.711622,77.0,-18.0,44.0,7.0,-68.0,63.0,12.0,38.0,23.0,15.0,-8.0,4.0,42.33,-16.73,62.34,5.85,-63.38,47.32,16.92,23.310000000000002,43.79,4.529999999999999,-21.689999999999998,25.88
2025-08-18T11:41:46.719798,-8.0,17.0,22.0,13.0,34.0,11.0,-9.0,-50.0,-74.0,-24.0,69.0,20.0,-42.67,18.27,40.34,11.85,38.62,-4.68,-4.08,-64.69,-53.21,-34.47,55.31,41.879999999999995
2025-08-18T11:41:46.727903,67.0,-31.0,31.0,-53.0,-49.0,31.0,-41.0,26.0,-69.0,-58.0,13.0,-70.0,32.33,-29.73,49.34,-54.15,-44.38,15.32,-36.08,11.31,-48.21,-68.47,-0.6899999999999995,-48.120000000000005
2025-08-18T11:41:46.732140,1.0,73.0,-8.0,-47.0,10.0,4.0,11.0,-2.0,-54.0,6.0,24.0,8.0,-33.67,74.27,10.34,-48.15,14.620000000000001,-11.68,15.92,-16.689999999999998,-33.21,-4.470000000000001,10.31,29.88
2025-08-18T11:41:46.736137,-36.0,65.0,26.0,24.0,-14.0,1.0,31.0,-12.0,-33.0,-44.0,-36.0,-18.0,-70.67,66.27,44.34,22.85,-9.379999999999999,-14.68,35.92,-26.689999999999998,-12.21,-54.47,-49.69,3.879999999999999
2025-08-18T11:41:46.744359,65.0,-11.0,-28.0,51.0,71.0,57.0,-13.0,15.0,-67.0,-4.0,7.0,25.0,30.33,-9.73,-9.66,49.85,75.62,41.32,-8.08,0.3100000000000005,-46.21,-14.47,-6.6899999999999995,46.879999999999995
2025-08-18T11:41:46.748457,-25.0,46.0,-56.0,-11.0,16.0,-3.0,-5.0,-51.0,-12.0,-42.0,11.0,20.0,-59.67,47.27,-37.66,-12.15,20.62,-18.68,-0.08000000000000007,-65.69,8.79,-52.47,-2.6899999999999995,41.879999999999995
2025-08-18T11:41:46.756689,77.0,48.0,-106.0,2.0,17.0,15.0,-28.0,39.0,-14.0,64.0,-3.0,0.0,42.33,49.27,-87.66,0.8500000000000001,21.62,-0.6799999999999997,-23.08,24.310000000000002,6.789999999999999,53.53,-16.689999999999998,21.88
2025-08-18T11:41:46.760673,52.0,-8.0,-24.0,45.0,-48.0,-7.0,2.0,20.0,-58.0,24.0,143.0,64.0,17.33,-6.73,-5.66,43.85,-43.38,-22.68,6.92,5.3100000000000005,-37.21,13.53,129.31,85.88
2025-08-18T11:41:46.769018,48.0,6.0,55.0,19.0,-46.0,15.0,19.0,2.0,-5.0,-83.0,-60.0,-4.0,13.329999999999998,7.27,73.34,17.85,-41.38,-0.6799999999999997,23.92,-12.69,15.79,-93.47,-73.69,17.88
2025-08-18T11:41:46.773360,-12.0,65.0,-61.0,-3.0,-40.0,27.0,29.0,-55.0,27.0,4.0,-77.0,15.0,-46.67,66.27,-42.66,-4.15,-35.38,11.32,33.92,-69.69,47.79,-6.470000000000001,-90.69,36.879999999999995
2025-08-18T11:41:46.781088,31.0,32.0,-48.0,40.0,30.0,-21.0,48.0,-14.0,23.0,-112.0,18.0,-71.0,-3.6700000000000017,33.27,-29.66,38.85,34.62,-36.68,52.92,-28.689999999999998,43.79,-122.47,4.3100000000000005,-49.120000000000005
2025-08-18T11:41:46.785440,43.0,-67.0,-3.0,3.0,31.0,47.0,52.0,-46.0,-5.0,-22.0,67.0,-38.0,8.329999999999998,-65.73,15.34,1.85,35.62,31.32,56.92,-60.69,15.79,-32.47,53.31,-16.12
2025-08-18T11:41:46.793544,-18.0,-27.0,-78.0,24.0,-2.0,14.0,-25.0,3.0,-22.0,-44.0,76.0,-42.0,-52.67,-25.73,-59.66,22.85,2.62,-1.6799999999999997,-20.08,-11.69,-1.2100000000000009,-54.47,62.31,-20.12
2025-08-18T11:41:46.797701,27.0,-22.0,-69.0,-42.0,19.0,55.0,10.0,-85.0,1.0,-5.0,10.0,6.0,-7.670000000000002,-20.73,-50.66,-43.15,23.62,39.32,14.92,-99.69,21.79,-15.47,-3.6899999999999995,27.88
2025-08-18T11:41:46.805749,57.0,-40.0,-44.0,-53.0,38.0,33.0,-33.0,-20.0,6.0,-34.0,24.0,-23.0,22.33,-38.73,-25.66,-54.15,42.62,17.32,-28.08,-34.69,26.79,-44.47,10.31,-1.120000000000001
2025-08-18T11:41:46.809984,26.0,-27.0,61.0,62.0,49.0,-19.0,11.0,16.0,23.0,68.0,-8.0,-65.0,-8.670000000000002,-25.73,79.34,60.85,53.62,-34.68,15.92,1.3100000000000005,43.79,57.53,-21.689999999999998,-43.120000000000005
2025-08-18T11:41:46.818000,108.0,19.0,32.0,-1.0,27.0,20.0,-9.0,30.0,43.0,69.0,52.0,-21.0,73.33,20.27,50.34,-2.15,31.62,4.32,-4.08,15.31,63.79,58.53,38.31,0.879999999999999
2025-08-18T11:41:46.822406,4.0,-26.0,9.0,17.0,43.0,-2.0,-42.0,8.0,-9.0,31.0,13.0,-34.0,-30.67,-24.73,27.34,15.85,47.62,-17.68,-37.08,-6.6899999999999995,11.79,20.53,-0.6899999999999995,-12.120000000000001
2025-08-18T11:41:46.830292,13.0,-23.0,27.0,7.0,-12.0,29.0,-32.0,-4.0,28.0,-8.0,-36.0,-21.0,-21.67,-21.73,45.34,5.85,-7.38,13.32,-27.08,-18.689999999999998,48.79,-18.47,-49.69,0.879999999999999
2025-08-18T11:41:46.834663,20.0,-102.0,-26.0,18.0,-25.0,3.0,-1.0,61.0,-9.0,-23.0,-25.0,-28.0,-14.670000000000002,-100.73,-7.66,16.85,-20.38,-12.68,3.92,46.31,11.79,-33.47,-38.69,-6.120000000000001
2025-08-18T11:41:46.842645,7.0,46.0,56.0,-9.0,0.0,14.0,14.0,4.0,-51.0,-1.0,-60.0,30.0,-27.67,47.27,74.34,-10.15,4.62,-1.6799999999999997,18.92,-10.69,-30.21,-11.47,-73.69,51.879999999999995
2025-08-18T11:41:46.846890,-23.0,22.0,28.0,32.0,-49.0,-23.0,12.0,3.0,34.0,-59.0,28.0,-22.0,-57.67,23.27,46.34,30.85,-44.38,-38.68,16.92,-11.69,54.79,-69.47,14.31,-0.120000000000001
2025-08-18T11:41:46.854888,28.0,79.0,-24.0,7.0,60.0,35.0,23.0,-50.0,-80.0,-17.0,-10.0,-9.0,-6.670000000000002,80.27,-5.66,5.85,64.62,19.32,27.92,-64.69,-59.21,-27.47,-23.689999999999998,12.879999999999999
2025-08-18T11:41:46.859040,27.0,21.0,27.0,-11.0,-48.0,-82.0,20.0,28.0,-77.0,40.0,-37.0,64.0,-7.670000000000002,22.27,45.34,-12.15,-43.38,-97.68,24.92,13.31,-56.21,29.53,-50.69,85.88
2025-08-18T11:41:46.867175,22.0,35.0,11.0,25.0,-33.0,-26.0,35.0,15.0,-30.0,13.0,30.0,-32.0,-12.670000000000002,36.27,29.34,23.85,-28.38,-41.68,39.92,0.3100000000000005,-9.21,2.5299999999999994,16.310000000000002,-10.120000000000001
2025-08-18T11:41:46.871274,-18.0,16.0,-27.0,-6.0,47.0,-14.0,-58.0,-18.0,-29.0,29.0,12.0,-6.0,-52.67,17.27,-8.66,-7.15,51.62,-29.68,-53.08,-32.69,-8.21,18.53,-1.6899999999999995,15.879999999999999
2025-08-18T11:41:46.876385,71.0,8.0,7.0,54.0,0.0,0.0,-16.0,-26.0,32.0,29.0,-17.0,-32.0,36.33,9.27,25.34,52.85,4.62,-15.68,-11.08,-40.69,52.79,18.53,-30.689999999999998,-10.120000000000001
2025-08-18T11:41:46.883669,98.0,-32.0,-13.0,-22.0,51.0,61.0,-11.0,19.0,6.0,5.0,74.0,-3.0,63.33,-30.73,5.34,-23.15,55.62,45.32,-6.08,4.3100000000000005,26.79,-5.470000000000001,60.31,18.88
2025-08-18T11:41:46.887584,57.0,5.0,31.0,49.0,-28.0,33.0,-14.0,20.0,13.0,-9.0,15.0,-1.0,22.33,6.27,49.34,47.85,-23.38,17.32,-9.08,5.3100000000000005,33.79,-19.47,1.3100000000000005,20.88
2025-08-18T11:41:46.896058,83.0,-15.0,-45.0,17.0,49.0,40.0,-13.0,-12.0,-10.0,-45.0,32.0,34.0,48.33,-13.73,-26.66,15.85,53.62,24.32,-8.08,-26.689999999999998,10.79,-55.47,18.310000000000002,55.879999999999995
2025-08-18T11:41:46.899961,23.0,-73.0,71.0,13.0,-50.0,14.0,-15.0,57.0,-32.0,55.0,-56.0,-12.0,-11.670000000000002,-71.73,89.34,11.85,-45.38,-1.6799999999999997,-10.08,42.31,-11.21,44.53,-69.69,9.879999999999999
2025-08-18T11:41:46.908246,-32.0,0.0,43.0,22.0,-34.0,12.0,7.0,38.0,-22.0,70.0,55.0,-24.0,-66.67,1.27,61.34,20.85,-29.38,-3.6799999999999997,11.92,23.310000000000002,-1.2100000000000009,59.53,41.31,-2.120000000000001
2025-08-18T11:41:46.912241,37.0,55.0,18.0,24.0,-44.0,-9.0,52.0,62.0,-59.0,-39.0,17.0,-6.0,2.3299999999999983,56.27,36.34,22.85,-39.38,-24.68,56.92,47.31,-38.21,-49.47,3.3100000000000005,15.879999999999999
2025-08-18T11:41:46.920784,-16.0,0.0,-1.0,-29.0,31.0,-38.0,13.0,-18.0,26.0,43.0,27.0,-7.0,-50.67,1.27,17.34,-30.15,35.62,-53.68,17.92,-32.69,46.79,32.53,13.31,14.879999999999999
2025-08-18T11:41:46.924526,-9.0,59.0,10.0,-11.0,29.0,77.0,58.0,-6.0,-18.0,48.0,54.0,86.0,-43.67,60.27,28.34,-12.15,33.62,61.32,62.92,-20.689999999999998,2.789999999999999,37.53,40.31,107.88
2025-08-18T11:41:46.932733,56.0,-10.0,81.0,4.0,-20.0,15.0,21.0,-19.0,23.0,27.0,-34.0,-34.0,21.33,-8.73,99.34,2.85,-15.379999999999999,-0.6799999999999997,25.92,-33.69,43.79,16.53,-47.69,-12.120000000000001
2025-08-18T11:41:46.936859,14.0,32.0,112.0,12.0,-52.0,50.0,21.0,-80.0,-19.0,51.0,6.0,17.0,-20.67,33.27,130.34,10.85,-47.38,34.32,25.92,-94.69,1.7899999999999991,40.53,-7.6899999999999995,38.879999999999995
2025-08-18T11:41:46.945184,18.0,20.0,-58.0,19.0,27.0,-12.0,113.0,36.0,33.0,-43.0,-2.0,-47.0,-16.67,21.27,-39.66,17.85,31.62,-27.68,117.92,21.310000000000002,53.79,-53.47,-15.69,-25.12
2025-08-18T11:41:46.949165,-27.0,87.0,-99.0,-21.0,21.0,60.0,-64.0,14.0,-3.0,-81.0,2.0,14.0,-61.67,88.27,-80.66,-22.15,25.62,44.32,-59.08,-0.6899999999999995,17.79,-91.47,-11.69,35.879999999999995
2025-08-18T11:41:46.957275,24.0,46.0,-100.0,53.0,-71.0,36.0,8.0,43.0,-10.0,-19.0,44.0,-35.0,-10.670000000000002,47.27,-81.66,51.85,-66.38,20.32,12.92,28.310000000000002,10.79,-29.47,30.310000000000002,-13.120000000000001
2025-08-18T11:41:46.961412,83.0,27.0,-5.0,-2.0,-33.0,18.0,4.0,26.0,-2.0,-2.0,26.0,-18.0,48.33,28.27,13.34,-3.15,-28.38,2.3200000000000003,8.92,11.31,18.79,-12.47,12.31,3.879999999999999
2025-08-18T11:41:46.969688,75.0,34.0,-56.0,-30.0,-5.0,75.0,0.0,38.0,-43.0,-7.0,33.0,-20.0,40.33,35.27,-37.66,-31.15,-0.3799999999999999,59.32,4.92,23.310000000000002,-22.21,-17.47,19.310000000000002,1.879999999999999
2025-08-18T11:41:46.973914,53.0,5.0,-6.0,22.0,-77.0,65.0,-40.0,33.0,-40.0,36.0,75.0,-22.0,18.33,6.27,12.34,20.85,-72.38,49.32,-35.08,18.310000000000002,-19.21,25.53,61.31,-0.120000000000001
2025-08-18T11:41:46.981980,30.0,1.0,-37.0,21.0,-40.0,-36.0,-80.0,-53.0,-35.0,11.0,-40.0,15.0,-4.670000000000002,2.27,-18.66,19.85,-35.38,-51.68,-75.08,-67.69,-14.21,0.5299999999999994,-53.69,36.879999999999995
2025-08-18T11:41:46.986144,39.0,-118.0,-30.0,28.0,67.0,-11.0,-67.0,37.0,-13.0,-34.0,15.0,-43.0,4.329999999999998,-116.73,-11.66,26.85,71.62,-26.68,-62.08,22.310000000000002,7.789999999999999,-44.47,1.3100000000000005,-21.12
2025-08-18T11:41:46.994065,141.0,-45.0,77.0,-24.0,16.0,35.0,41.0,-72.0,0.0,-38.0,0.0,-52.0,106.33,-43.73,95.34,-25.15,20.62,19.32,45.92,-86.69,20.79,-48.47,-13.69,-30.12
2025-08-18T11:41:46.998456,38.0,22.0,3.0,52.0,-9.0,44.0,-2.0,-18.0,19.0,48.0,-48.0,-42.0,3.3299999999999983,23.27,21.34,50.85,-4.38,28.32,2.92,-32.69,39.79,37.53,-61.69,-20.12
2025-08-18T11:41:47.006509,57.0,-13.0,-3.0,-17.0,-19.0,54.0,7.0,-39.0,-30.0,37.0,5.0,-86.0,22.33,-11.73,15.34,-18.15,-14.379999999999999,38.32,11.92,-53.69,-9.21,26.53,-8.69,-64.12
2025-08-18T11:41:47.010791,71.0,-40.0,-45.0,0.0,-41.0,6.0,19.0,-15.0,-35.0,41.0,-18.0,-28.0,36.33,-38.73,-26.66,-1.15,-36.38,-9.68,23.92,-29.689999999999998,-14.21,30.53,-31.689999999999998,-6.120000000000001
2025-08-18T11:41:47.018801,25.0,17.0,15.0,-46.0,3.0,-68.0,-57.0,-23.0,22.0,-8.0,3.0,-65.0,-9.670000000000002,18.27,33.34,-47.15,7.62,-83.68,-52.08,-37.69,42.79,-18.47,-10.69,-43.120000000000005
2025-08-18T11:41:47.023126,34.0,-21.0,-20.0,6.0,-58.0,-2.0,-45.0,1.0,-8.0,6.0,25.0,-43.0,-0.6700000000000017,-19.73,-1.6600000000000001,4.85,-53.38,-17.68,-40.08,-13.69,12.79,-4.470000000000001,11.31,-21.12
2025-08-18T11:41:47.030915,35.0,-67.0,35.0,12.0,1.0,-21.0,93.0,-61.0,-2.0,26.0,31.0,27.0,0.3299999999999983,-65.73,53.34,10.85,5.62,-36.68,97.92,-75.69,18.79,15.53,17.310000000000002,48.879999999999995
2025-08-18T11:41:47.035288,6.0,-104.0,-11.0,23.0,-20.0,-25.0,13.0,38.0,0.0,34.0,-51.0,44.0,-28.67,-102.73,7.34,21.85,-15.379999999999999,-40.68,17.92,23.310000000000002,20.79,23.53,-64.69,65.88
2025-08-18T11:41:47.043197,2.0,12.0,48.0,27.0,25.0,14.0,-42.0,28.0,-12.0,41.0,29.0,20.0,-32.67,13.27,66.34,25.85,29.62,-1.6799999999999997,-37.08,13.31,8.79,30.53,15.31,41.879999999999995
2025-08-18T11:41:47.047681,-26.0,41.0,-48.0,90.0,-4.0,40.0,95.0,48.0,-48.0,-12.0,69.0,-71.0,-60.67,42.27,-29.66,88.85,0.6200000000000001,24.32,99.92,33.31,-27.21,-22.47,55.31,-49.120000000000005
2025-08-18T11:41:47.055669,-30.0,47.0,-38.0,32.0,14.0,-21.0,33.0,-3.0,-43.0,-21.0,17.0,-32.0,-64.67,48.27,-19.66,30.85,18.62,-36.68,37.92,-17.689999999999998,-22.21,-31.47,3.3100000000000005,-10.120000000000001
2025-08-18T11:41:47.059803,29.0,11.0,-4.0,12.0,-37.0,53.0,8.0,48.0,-40.0,25.0,137.0,0.0,-5.670000000000002,12.27,14.34,10.85,-32.38,37.32,12.92,33.31,-19.21,14.53,123.31,21.88
2025-08-18T11:41:47.067934,44.0,15.0,-37.0,-43.0,12.0,43.0,-20.0,61.0,-32.0,53.0,0.0,-2.0,9.329999999999998,16.27,-18.66,-44.15,16.62,27.32,-15.08,46.31,-11.21,42.53,-13.69,19.88
2025-08-18T11:41:47.072053,41.0,23.0,-91.0,-71.0,43.0,6.0,11.0,23.0,-45.0,7.0,59.0,9.0,6.329999999999998,24.27,-72.66,-72.15,47.62,-9.68,15.92,8.31,-24.21,-3.4700000000000006,45.31,30.88
2025-08-18T11:41:47.076041,106.0,42.0,-13.0,-64.0,-3.0,66.0,9.0,26.0,5.0,86.0,42.0,2.0,71.33,43.27,5.34,-65.15,1.62,50.32,13.92,11.31,25.79,75.53,28.310000000000002,23.88
2025-08-18T11:41:47.084450,25.0,3.0,-101.0,-45.0,10.0,37.0,11.0,-69.0,-9.0,-1.0,58.0,-1.0,-9.670000000000002,4.27,-82.66,-46.15,14.620000000000001,21.32,15.92,-83.69,11.79,-11.47,44.31,20.88
2025-08-18T11:41:47.088369,76.0,29.0,27.0,21.0,-31.0,39.0,-4.0,-51.0,-46.0,17.0,76.0,-48.0,41.33,30.27,45.34,19.85,-26.38,23.32,0.9199999999999999,-65.69,-25.21,6.529999999999999,62.31,-26.12
2025-08-18T11:41:47.096612,16.0,58.0,-29.0,26.0,46.0,-3.0,-53.0,-65.0,-11.0,21.0,107.0,-11.0,-18.67,59.27,-10.66,24.85,50.62,-18.68,-48.08,-79.69,9.79,10.53,93.31,10.879999999999999
2025-08-18T11:41:47.100592,15.0,-18.0,-8.0,15.0,0.0,24.0,-59.0,50.0,-48.0,48.0,-4.0,-23.0,-19.67,-16.73,10.34,13.85,4.62,8.32,-54.08,35.31,-27.21,37.53,-17.689999999999998,-1.120000000000001
2025-08-18T11:41:47.108775,19.0,-30.0,40.0,63.0,18.0,-7.0,-57.0,-3.0,64.0,24.0,45.0,-6.0,-15.670000000000002,-28.73,58.34,61.85,22.62,-22.68,-52.08,-17.689999999999998,84.78999999999999,13.53,31.310000000000002,15.879999999999999
2025-08-18T11:41:47.112942,50.0,59.0,5.0,52.0,-25.0,32.0,78.0,26.0,-26.0,13.0,27.0,1.0,15.329999999999998,60.27,23.34,50.85,-20.38,16.32,82.92,11.31,-5.210000000000001,2.5299999999999994,13.31,22.88
2025-08-18T11:41:47.121225,-29.0,-24.0,10.0,12.0,-46.0,5.0,-30.0,54.0,-35.0,-37.0,-20.0,-46.0,-63.67,-22.73,28.34,10.85,-41.38,-10.68,-25.08,39.31,-14.21,-47.47,-33.69,-24.12
2025-08-18T11:41:47.125185,7.0,48.0,-24.0,55.0,-1.0,-31.0,23.0,59.0,4.0,-36.0,0.0,-21.0,-27.67,49.27,-5.66,53.85,3.62,-46.68,27.92,44.31,24.79,-46.47,-13.69,0.879999999999999
2025-08-18T11:41:47.133384,57.0,50.0,-43.0,-6.0,2.0,-27.0,-16.0,46.0,-35.0,-33.0,26.0,-30.0,22.33,51.27,-24.66,-7.15,6.62,-42.68,-11.08,31.310000000000002,-14.21,-43.47,12.31,-8.120000000000001
2025-08-18T11:41:47.137552,70.0,0.0,-29.0,11.0,33.0,-23.0,-34.0,16.0,-51.0,-1.0,55.0,-60.0,35.33,1.27,-10.66,9.85,37.62,-38.68,-29.08,1.3100000000000005,-30.21,-11.47,41.31,-38.120000000000005
2025-08-18T11:41:47.145669,26.0,28.0,-6.0,-53.0,43.0,-25.0,83.0,-29.0,-74.0,14.0,3.0,-66.0,-8.670000000000002,29.27,12.34,-54.15,47.62,-40.68,87.92,-43.69,-53.21,3.5299999999999994,-10.69,-44.120000000000005
2025-08-18T11:41:47.149967,33.0,26.0,30.0,-3.0,-15.0,55.0,21.0,-50.0,-35.0,18.0,12.0,10.0,-1.6700000000000017,27.27,48.34,-4.15,-10.379999999999999,39.32,25.92,-64.69,-14.21,7.529999999999999,-1.6899999999999995,31.88
2025-08-18T11:41:47.157916,31.0,88.0,-23.0,0.0,-63.0,23.0,10.0,27.0,10.0,57.0,-9.0,-40.0,-3.6700000000000017,89.27,-4.66,-1.15,-58.38,7.32,14.92,12.31,30.79,46.53,-22.689999999999998,-18.12
2025-08-18T11:41:47.163077,61.0,49.0,-13.0,-18.0,-22.0,4.0,-18.0,-18.0,-20.0,-30.0,62.0,0.0,26.33,50.27,5.34,-19.15,-17.38,-11.68,-13.08,-32.69,0.7899999999999991,-40.47,48.31,21.88
2025-08-18T11:41:47.170224,38.0,2.0,-67.0,-44.0,-9.0,54.0,12.0,30.0,32.0,22.0,32.0,8.0,3.3299999999999983,3.27,-48.66,-45.15,-4.38,38.32,16.92,15.31,52.79,11.53,18.310000000000002,29.88
2025-08-18T11:41:47.174656,22.0,8.0,-35.0,23.0,43.0,-33.0,8.0,21.0,14.0,-66.0,9.0,-82.0,-12.670000000000002,9.27,-16.66,21.85,47.62,-48.68,12.92,6.3100000000000005,34.79,-76.47,-4.6899999999999995,-60.120000000000005
2025-08-18T11:41:47.182639,-21.0,37.0,-75.0,-1.0,4.0,-89.0,-35.0,52.0,-64.0,0.0,11.0,-45.0,-55.67,38.27,-56.66,-2.15,8.620000000000001,-104.68,-30.08,37.31,-43.21,-10.47,-2.6899999999999995,-23.12
2025-08-18T11:41:47.186682,34.0,21.0,-33.0,-1.0,3.0,-35.0,-60.0,38.0,81.0,1.0,33.0,-16.0,-0.6700000000000017,22.27,-14.66,-2.15,7.62,-50.68,-55.08,23.310000000000002,101.78999999999999,-9.47,19.310000000000002,5.879999999999999
2025-08-18T11:41:47.194920,62.0,20.0,-30.0,38.0,5.0,-64.0,-38.0,27.0,12.0,4.0,-47.0,-16.0,27.33,21.27,-11.66,36.85,9.620000000000001,-79.68,-33.08,12.31,32.79,-6.470000000000001,-60.69,5.879999999999999
2025-08-18T11:41:47.199086,19.0,-46.0,-10.0,-42.0,32.0,-65.0,22.0,57.0,35.0,50.0,-38.0,-48.0,-15.670000000000002,-44.73,8.34,-43.15,36.62,-80.68,26.92,42.31,55.79,39.53,-51.69,-26.12
2025-08-18T11:41:47.207167,68.0,44.0,-62.0,30.0,-18.0,72.0,13.0,13.0,-38.0,-22.0,28.0,-29.0,33.33,45.27,-43.66,28.85,-13.379999999999999,56.32,17.92,-1.6899999999999995,-17.21,-32.47,14.31,-7.120000000000001
2025-08-18T11:41:47.211393,96.0,-34.0,-111.0,10.0,-19.0,-11.0,4.0,60.0,-44.0,-18.0,91.0,0.0,61.33,-32.73,-92.66,8.85,-14.379999999999999,-26.68,8.92,45.31,-23.21,-28.47,77.31,21.88
2025-08-18T11:41:47.219253,80.0,-34.0,-49.0,0.0,38.0,-6.0,-24.0,24.0,-18.0,-31.0,37.0,-25.0,45.33,-32.73,-30.66,-1.15,42.62,-21.68,-19.08,9.31,2.789999999999999,-41.47,23.310000000000002,-3.120000000000001
2025-08-18T11:41:47.223706,67.0,82.0,-130.0,29.0,63.0,-98.0,13.0,-16.0,23.0,-7.0,96.0,-21.0,32.33,83.27,-111.66,27.85,67.62,-113.68,17.92,-30.689999999999998,43.79,-17.47,82.31,0.879999999999999
2025-08-18T11:41:47.231722,43.0,-16.0,-70.0,-46.0,-38.0,-1.0,3.0,-14.0,24.0,-63.0,32.0,-73.0,8.329999999999998,-14.73,-51.66,-47.15,-33.38,-16.68,7.92,-28.689999999999998,44.79,-73.47,18.310000000000002,-51.120000000000005
2025-08-18T11:41:47.235849,54.0,14.0,10.0,-10.0,9.0,-4.0,62.0,25.0,9.0,-30.0,-4.0,-17.0,19.33,15.27,28.34,-11.15,13.620000000000001,-19.68,66.92,10.31,29.79,-40.47,-17.689999999999998,4.879999999999999
2025-08-18T11:41:47.239835,51.0,-43.0,-46.0,32.0,-80.0,3.0,6.0,-39.0,8.0,19.0,37.0,-82.0,16.33,-41.73,-27.66,30.85,-75.38,-12.68,10.92,-53.69,28.79,8.53,23.310000000000002,-60.120000000000005
2025-08-18T11:41:47.248235,48.0,21.0,-73.0,-67.0,54.0,26.0,-65.0,12.0,-44.0,-9.0,23.0,-33.0,13.329999999999998,22.27,-54.66,-68.15,58.62,10.32,-60.08,-2.6899999999999995,-23.21,-19.47,9.31,-11.120000000000001
2025-08-18T11:41:47.252190,1.0,-18.0,-78.0,48.0,16.0,23.0,59.0,10.0,-34.0,-5.0,57.0,-42.0,-33.67,-16.73,-59.66,46.85,20.62,7.32,63.92,-4.6899999999999995,-13.21,-15.47,43.31,-20.12
2025-08-18T11:41:47.260359,37.0,65.0,-41.0,-9.0,11.0,-40.0,21.0,-12.0,19.0,7.0,16.0,-86.0,2.3299999999999983,66.27,-22.66,-10.15,15.620000000000001,-55.68,25.92,-26.689999999999998,39.79,-3.4700000000000006,2.3100000000000005,-64.12
2025-08-18T11:41:47.264502,80.0,4.0,-19.0,16.0,-58.0,-1.0,-15.0,21.0,-2.0,69.0,-8.0,-71.0,45.33,5.27,-0.6600000000000001,14.85,-53.38,-16.68,-10.08,6.3100000000000005,18.79,58.53,-21.689999999999998,-49.120000000000005
2025-08-18T11:41:47.272656,38.0,-10.0,-46.0,7.0,59.0,-9.0,16.0,-49.0,3.0,20.0,2.0,-50.0,3.3299999999999983,-8.73,-27.66,5.85,63.62,-24.68,20.92,-63.69,23.79,9.53,-11.69,-28.12
2025-08-18T11:41:47.277144,24.0,46.0,-114.0,-24.0,28.0,20.0,35.0,2.0,-76.0,-55.0,-13.0,-29.0,-10.670000000000002,47.27,-95.66,-25.15,32.62,4.32,39.92,-12.69,-55.21,-65.47,-26.689999999999998,-7.120000000000001
2025-08-18T11:41:47.284966,61.0,-42.0,4.0,14.0,25.0,-30.0,-41.0,-32.0,-21.0,39.0,-18.0,-34.0,26.33,-40.73,22.34,12.85,29.62,-45.68,-36.08,-46.69,-0.21000000000000085,28.53,-31.689999999999998,-12.120000000000001
2025-08-18T11:41:47.289266,30.0,5.0,-41.0,27.0,20.0,27.0,-52.0,89.0,-63.0,-35.0,17.0,-42.0,-4.670000000000002,6.27,-22.66,25.85,24.62,11.32,-47.08,74.31,-42.21,-45.47,3.3100000000000005,-20.12
2025-08-18T11:41:47.297278,-48.0,-43.0,29.0,47.0,-16.0,6.0,9.0,6.0,0.0,-14.0,6.0,-57.0,-82.67,-41.73,47.34,45.85,-11.379999999999999,-9.68,13.92,-8.69,20.79,-24.47,-7.6899999999999995,-35.120000000000005
2025-08-18T11:41:47.301478,-52.0,-46.0,45.0,-66.0,22.0,29.0,16.0,14.0,-47.0,-40.0,65.0,-45.0,-86.67,-44.73,63.34,-67.15,26.62,13.32,20.92,-0.6899999999999995,-26.21,-50.47,51.31,-23.12
2025-08-18T11:41:47.309722,51.0,58.0,-40.0,86.0,-1.0,-26.0,-81.0,-2.0,-72.0,-59.0,-15.0,-22.0,16.33,59.27,-21.66,84.85,3.62,-41.68,-76.08,-16.689999999999998,-51.21,-69.47,-28.689999999999998,-0.120000000000001
2025-08-18T11:41:47.313823,-1.0,20.0,13.0,-6.0,17.0,-67.0,-73.0,97.0,-60.0,-13.0,28.0,-45.0,-35.67,21.27,31.34,-7.15,21.62,-82.68,-68.08,82.31,-39.21,-23.47,14.31,-23.12
2025-08-18T11:41:47.321861,-44.0,-3.0,9.0,-71.0,8.0,36.0,-55.0,35.0,-133.0,-32.0,14.0,11.0,-78.67,-1.73,27.34,-72.15,12.620000000000001,20.32,-50.08,20.310000000000002,-112.21000000000001,-42.47,0.3100000000000005,32.879999999999995
2025-08-18T11:41:47.326088,14.0,73.0,-30.0,62.0,-7.0,-1.0,-39.0,-22.0,-71.0,27.0,46.0,38.0,-20.67,74.27,-11.66,60.85,-2.38,-16.68,-34.08,-36.69,-50.21,16.53,32.31,59.879999999999995
2025-08-18T11:41:47.334135,13.0,-1.0,-42.0,80.0,3.0,-86.0,12.0,10.0,-26.0,-108.0,6.0,-3.0,-21.67,0.27,-23.66,78.85,7.62,-101.68,16.92,-4.6899999999999995,-5.210000000000001,-118.47,-7.6899999999999995,18.88
2025-08-18T11:41:47.338315,45.0,55.0,-6.0,35.0,-50.0,-1.0,-15.0,1.0,-51.0,0.0,79.0,29.0,10.329999999999998,56.27,12.34,33.85,-45.38,-16.68,-10.08,-13.69,-30.21,-10.47,65.31,50.879999999999995
2025-08-18T11:41:47.346285,36.0,46.0,-2.0,-18.0,41.0,-5.0,-24.0,23.0,-39.0,-91.0,34.0,-89.0,1.3299999999999983,47.27,16.34,-19.15,45.62,-20.68,-19.08,8.31,-18.21,-101.47,20.310000000000002,-67.12
2025-08-18T11:41:47.350535,41.0,41.0,-23.0,32.0,-97.0,9.0,-50.0,25.0,-4.0,-24.0,52.0,-55.0,6.329999999999998,42.27,-4.66,30.85,-92.38,-6.68,-45.08,10.31,16.79,-34.47,38.31,-33.120000000000005
2025-08-18T11:41:47.358731,51.0,-1.0,-56.0,40.0,-2.0,0.0,-24.0,-41.0,-7.0,5.0,67.0,-102.0,16.33,0.27,-37.66,38.85,2.62,-15.68,-19.08,-55.69,13.79,-5.470000000000001,53.31,-80.12
2025-08-18T11:41:47.362867,53.0,46.0,-119.0,27.0,4.0,5.0,8.0,-16.0,-70.0,-23.0,22.0,-48.0,18.33,47.27,-100.66,25.85,8.620000000000001,-10.68,12.92,-30.689999999999998,-49.21,-33.47,8.31,-26.12
2025-08-18T11:41:47.370999,19.0,47.0,-26.0,4.0,-24.0,-19.0,-16.0,-12.0,-72.0,-15.0,35.0,62.0,-15.670000000000002,48.27,-7.66,2.85,-19.38,-34.68,-11.08,-26.689999999999998,-51.21,-25.47,21.310000000000002,83.88
2025-08-18T11:41:47.375219,51.0,31.0,-19.0,25.0,30.0,-36.0,28.0,19.0,-38.0,-12.0,87.0,-11.0,16.33,32.27,-0.6600000000000001,23.85,34.62,-51.68,32.92,4.3100000000000005,-17.21,-22.47,73.31,10.879999999999999
2025-08-18T11:41:47.383065,50.0,89.0,-29.0,-62.0,63.0,19.0,44.0,-5.0,-119.0,-17.0,57.0,-55.0,15.329999999999998,90.27,-10.66,-63.15,67.62,3.3200000000000003,48.92,-19.689999999999998,-98.21000000000001,-27.47,43.31,-33.120000000000005
2025-08-18T11:41:47.387378,58.0,-40.0,-83.0,64.0,-22.0,3.0,9.0,-29.0,-45.0,20.0,-8.0,-63.0,23.33,-38.73,-64.66,62.85,-17.38,-12.68,13.92,-43.69,-24.21,9.53,-21.689999999999998,-41.120000000000005
2025-08-18T11:41:47.391462,22.0,-30.0,-6.0,18.0,-12.0,12.0,78.0,-26.0,-21.0,46.0,8.0,-38.0,-12.670000000000002,-28.73,12.34,16.85,-7.38,-3.6799999999999997,82.92,-40.69,-0.21000000000000085,35.53,-5.6899999999999995,-16.12
2025-08-18T11:41:47.399755,76.0,24.0,-65.0,29.0,16.0,-20.0,-49.0,13.0,-59.0,-23.0,-35.0,-59.0,41.33,25.27,-46.66,27.85,20.62,-35.68,-44.08,-1.6899999999999995,-38.21,-33.47,-48.69,-37.120000000000005
2025-08-18T11:41:47.403716,11.0,29.0,68.0,34.0,-7.0,-3.0,14.0,68.0,-4.0,31.0,27.0,-93.0,-23.67,30.27,86.34,32.85,-2.38,-18.68,18.92,53.31,16.79,20.53,13.31,-71.12
2025-08-18T11:41:47.411921,44.0,5.0,-12.0,-65.0,47.0,20.0,-5.0,14.0,-118.0,-31.0,-51.0,-78.0,9.329999999999998,6.27,6.34,-66.15,51.62,4.32,-0.08000000000000007,-0.6899999999999995,-97.21000000000001,-41.47,-64.69,-56.120000000000005
2025-08-18T11:41:47.416054,44.0,-49.0,14.0,-2.0,-16.0,-22.0,6.0,10.0,-17.0,17.0,31.0,-25.0,9.329999999999998,-47.73,32.34,-3.15,-11.379999999999999,-37.68,10.92,-4.6899999999999995,3.789999999999999,6.529999999999999,17.310000000000002,-3.120000000000001
2025-08-18T11:41:47.424385,42.0,32.0,-57.0,-30.0,41.0,-14.0,-48.0,4.0,-12.0,-64.0,38.0,-19.0,7.329999999999998,33.27,-38.66,-31.15,45.62,-29.68,-43.08,-10.69,8.79,-74.47,24.310000000000002,2.879999999999999
2025-08-18T11:41:47.428395,-17.0,19.0,-14.0,-31.0,-7.0,-62.0,-18.0,-47.0,-41.0,-33.0,50.0,-82.0,-51.67,20.27,4.34,-32.15,-2.38,-77.68,-13.08,-61.69,-20.21,-43.47,36.31,-60.120000000000005
2025-08-18T11:41:47.436835,-41.0,65.0,-69.0,-5.0,-66.0,30.0,-37.0,30.0,-48.0,28.0,92.0,-65.0,-75.67,66.27,-50.66,-6.15,-61.38,14.32,-32.08,15.31,-27.21,17.53,78.31,-43.120000000000005
2025-08-18T11:41:47.440619,67.0,50.0,-92.0,25.0,-29.0,-46.0,10.0,40.0,-4.0,49.0,77.0,-62.0,32.33,51.27,-73.66,23.85,-24.38,-61.68,14.92,25.310000000000002,16.79,38.53,63.31,-40.120000000000005
2025-08-18T11:41:47.448827,21.0,20.0,-6.0,43.0,5.0,21.0,-56.0,-22.0,-31.0,32.0,20.0,-15.0,-13.670000000000002,21.27,12.34,41.85,9.620000000000001,5.32,-51.08,-36.69,-10.21,21.53,6.3100000000000005,6.879999999999999
2025-08-18T11:41:47.452972,-74.0,66.0,-66.0,57.0,-7.0,-39.0,-11.0,-30.0,-17.0,32.0,31.0,-75.0,-108.67,67.27,-47.66,55.85,-2.38,-54.68,-6.08,-44.69,3.789999999999999,21.53,17.310000000000002,-53.120000000000005
2025-08-18T11:41:47.461116,-39.0,-5.0,-71.0,49.0,10.0,0.0,-8.0,7.0,-49.0,-32.0,-32.0,-142.0,-73.67,-3.73,-52.66,47.85,14.620000000000001,-15.68,-3.08,-7.6899999999999995,-28.21,-42.47,-45.69,-120.12
2025-08-18T11:41:47.465342,33.0,26.0,-103.0,26.0,46.0,-60.0,2.0,0.0,-8.0,10.0,13.0,-88.0,-1.6700000000000017,27.27,-84.66,24.85,50.62,-75.68,6.92,-14.69,12.79,-0.47000000000000064,-0.6899999999999995,-66.12
2025-08-18T11:41:47.473358,-10.0,61.0,-85.0,48.0,27.0,30.0,-54.0,27.0,-78.0,-38.0,61.0,-7.0,-44.67,62.27,-66.66,46.85,31.62,14.32,-49.08,12.31,-57.21,-48.47,47.31,14.879999999999999
2025-08-18T11:41:47.477599,58.0,3.0,-33.0,12.0,10.0,-2.0,23.0,57.0,-55.0,-63.0,12.0,-36.0,23.33,4.27,-14.66,10.85,14.620000000000001,-17.68,27.92,42.31,-34.21,-73.47,-1.6899999999999995,-14.120000000000001
2025-08-18T11:41:47.485937,82.0,50.0,-72.0,28.0,-19.0,-94.0,-28.0,48.0,-39.0,-40.0,-4.0,-23.0,47.33,51.27,-53.66,26.85,-14.379999999999999,-109.68,-23.08,33.31,-18.21,-50.47,-17.689999999999998,-1.120000000000001
2025-08-18T11:41:47.489900,77.0,-12.0,-26.0,43.0,-15.0,12.0,-8.0,-3.0,-94.0,-8.0,61.0,-22.0,42.33,-10.73,-7.66,41.85,-10.379999999999999,-3.6799999999999997,-3.08,-17.689999999999998,-73.21000000000001,-18.47,47.31,-0.120000000000001
2025-08-18T11:41:47.497849,53.0,26.0,-133.0,-12.0,7.0,-40.0,-60.0,74.0,-72.0,-45.0,87.0,-41.0,18.33,27.27,-114.66,-13.15,11.620000000000001,-55.68,-55.08,59.31,-51.21,-55.47,73.31,-19.12
2025-08-18T11:41:47.502110,53.0,-66.0,-86.0,27.0,19.0,-36.0,24.0,-3.0,-48.0,1.0,107.0,-121.0,18.33,-64.73,-67.66,25.85,23.62,-51.68,28.92,-17.689999999999998,-27.21,-9.47,93.31,-99.12
2025-08-18T11:41:47.510316,50.0,-19.0,-97.0,26.0,-72.0,-57.0,-8.0,37.0,-69.0,-39.0,19.0,-30.0,15.329999999999998,-17.73,-78.66,24.85,-67.38,-72.68,-3.08,22.310000000000002,-48.21,-49.47,5.3100000000000005,-8.120000000000001
2025-08-18T11:41:47.514446,141.0,-10.0,-46.0,-41.0,14.0,-24.0,2.0,10.0,-34.0,-10.0,-22.0,-106.0,106.33,-8.73,-27.66,-42.15,18.62,-39.68,6.92,-4.6899999999999995,-13.21,-20.47,-35.69,-84.12
2025-08-18T11:41:47.522516,15.0,-4.0,8.0,24.0,-73.0,-20.0,-55.0,-13.0,-68.0,-11.0,22.0,-54.0,-19.67,-2.73,26.34,22.85,-68.38,-35.68,-50.08,-27.689999999999998,-47.21,-21.47,8.31,-32.120000000000005
2025-08-18T11:41:47.526809,82.0,-43.0,-67.0,19.0,-64.0,-15.0,-9.0,16.0,-34.0,85.0,21.0,-48.0,47.33,-41.73,-48.66,17.85,-59.38,-30.68,-4.08,1.3100000000000005,-13.21,74.53,7.3100000000000005,-26.12
2025-08-18T11:41:47.534846,67.0,-35.0,-69.0,-29.0,-45.0,-9.0,1.0,16.0,-64.0,-69.0,8.0,-121.0,32.33,-33.73,-50.66,-30.15,-40.38,-24.68,5.92,1.3100000000000005,-43.21,-79.47,-5.6899999999999995,-99.12
2025-08-18T11:41:47.539038,73.0,92.0,-43.0,58.0,8.0,-4.0,32.0,19.0,-46.0,-45.0,-3.0,-55.0,38.33,93.27,-24.66,56.85,12.620000000000001,-19.68,36.92,4.3100000000000005,-25.21,-55.47,-16.689999999999998,-33.120000000000005
2025-08-18T11:41:47.547142,94.0,-44.0,17.0,13.0,-74.0,42.0,-58.0,-18.0,-26.0,-55.0,34.0,-93.0,59.33,-42.73,35.34,11.85,-69.38,26.32,-53.08,-32.69,-5.210000000000001,-65.47,20.310000000000002,-71.12
2025-08-18T11:41:47.551847,59.0,25.0,-38.0,19.0,32.0,12.0,-43.0,64.0,-72.0,16.0,1.0,-42.0,24.33,26.27,-19.66,17.85,36.62,-3.6799999999999997,-38.08,49.31,-51.21,5.529999999999999,-12.69,-20.12
2025-08-18T11:41:47.559308,28.0,-57.0,-54.0,-18.0,-74.0,-81.0,-59.0,5.0,-68.0,-41.0,30.0,-59.0,-6.670000000000002,-55.73,-35.66,-19.15,-69.38,-96.68,-54.08,-9.69,-47.21,-51.47,16.310000000000002,-37.120000000000005
2025-08-18T11:41:47.563608,14.0,-25.0,-81.0,31.0,17.0,-49.0,10.0,76.0,-77.0,4.0,27.0,-96.0,-20.67,-23.73,-62.66,29.85,21.62,-64.68,14.92,61.31,-56.21,-6.470000000000001,13.31,-74.12
2025-08-18T11:41:47.571726,17.0,-74.0,-54.0,-9.0,-58.0,-70.0,-37.0,-2.0,-87.0,29.0,-13.0,-40.0,-17.67,-72.73,-35.66,-10.15,-53.38,-85.68,-32.08,-16.689999999999998,-66.21000000000001,18.53,-26.689999999999998,-18.12
2025-08-18T11:41:47.575918,-22.0,16.0,-96.0,-44.0,-29.0,-52.0,-66.0,25.0,-86.0,29.0,58.0,-156.0,-56.67,17.27,-77.66,-45.15,-24.38,-67.68,-61.08,10.31,-65.21000000000001,18.53,44.31,-134.12
2025-08-18T11:41:47.583827,-6.0,19.0,-43.0,100.0,28.0,-33.0,-39.0,-32.0,-58.0,-9.0,69.0,-84.0,-40.67,20.27,-24.66,98.85,32.62,-48.68,-34.08,-46.69,-37.21,-19.47,55.31,-62.120000000000005
2025-08-18T11:41:47.588136,5.0,112.0,-68.0,-25.0,36.0,-29.0,-4.0,8.0,-75.0,11.0,-18.0,-107.0,-29.67,113.27,-49.66,-26.15,40.62,-44.68,0.9199999999999999,-6.6899999999999995,-54.21,0.5299999999999994,-31.689999999999998,-85.12
2025-08-18T11:41:47.596183,-22.0,38.0,-136.0,64.0,-11.0,-6.0,-81.0,-20.0,-26.0,-64.0,42.0,-130.0,-56.67,39.27,-117.66,62.85,-6.38,-21.68,-76.08,-34.69,-5.210000000000001,-74.47,28.310000000000002,-108.12
2025-08-18T11:41:47.600476,100.0,31.0,-105.0,-15.0,-1.0,0.0,-23.0,15.0,-81.0,10.0,76.0,-86.0,65.33,32.27,-86.66,-16.15,3.62,-15.68,-18.08,0.3100000000000005,-60.21,-0.47000000000000064,62.31,-64.12
2025-08-18T11:41:47.608463,112.0,30.0,-74.0,4.0,-53.0,-25.0,-17.0,41.0,-155.0,13.0,53.0,-15.0,77.33,31.27,-55.66,2.85,-48.38,-40.68,-12.08,26.310000000000002,-134.21,2.5299999999999994,39.31,6.879999999999999
2025-08-18T11:41:47.613359,77.0,55.0,-50.0,4.0,47.0,-9.0,-90.0,-6.0,-114.0,-53.0,77.0,-39.0,42.33,56.27,-31.66,2.85,51.62,-24.68,-85.08,-20.689999999999998,-93.21000000000001,-63.47,63.31,-17.12
2025-08-18T11:41:47.620768,59.0,5.0,-82.0,42.0,-36.0,-88.0,-35.0,-6.0,-96.0,-37.0,-10.0,-86.0,24.33,6.27,-63.66,40.85,-31.38,-103.68,-30.08,-20.689999999999998,-75.21000000000001,-47.47,-23.689999999999998,-64.12
2025-08-18T11:41:47.625117,35.0,-31.0,-10.0,10.0,5.0,-33.0,-75.0,-19.0,-114.0,-20.0,79.0,-43.0,0.3299999999999983,-29.73,8.34,8.85,9.620000000000001,-48.68,-70.08,-33.69,-93.21000000000001,-30.47,65.31,-21.12
2025-08-18T11:41:47.633153,-19.0,-19.0,-79.0,-8.0,-23.0,-38.0,-26.0,10.0,-84.0,-42.0,2.0,-95.0,-53.67,-17.73,-60.66,-9.15,-18.38,-53.68,-21.08,-4.6899999999999995,-63.21,-52.47,-11.69,-73.12
2025-08-18T11:41:47.637273,-2.0,38.0,-89.0,3.0,-36.0,-50.0,-82.0,-67.0,-170.0,-44.0,14.0,-103.0,-36.67,39.27,-70.66,1.85,-31.38,-65.68,-77.08,-81.69,-149.21,-54.47,0.3100000000000005,-81.12
2025-08-18T11:41:47.641494,32.0,49.0,-71.0,-27.0,4.0,-55.0,-7.0,-24.0,-53.0,8.0,-2.0,-96.0,-2.6700000000000017,50.27,-52.66,-28.15,8.620000000000001,-70.68,-2.08,-38.69,-32.21,-2.4700000000000006,-15.69,-74.12
2025-08-18T11:41:47.649607,20.0,46.0,-43.0,-92.0,51.0,-59.0,16.0,2.0,-46.0,31.0,71.0,-82.0,-14.670000000000002,47.27,-24.66,-93.15,55.62,-74.68,20.92,-12.69,-25.21,20.53,57.31,-60.120000000000005
2025-08-18T11:41:47.653631,45.0,97.0,-74.0,-55.0,32.0,-63.0,-38.0,8.0,-64.0,50.0,-4.0,-114.0,10.329999999999998,98.27,-55.66,-56.15,36.62,-78.68,-33.08,-6.6899999999999995,-43.21,39.53,-17.689999999999998,-92.12
2025-08-18T11:41:47.661767,-41.0,7.0,-47.0,46.0,-3.0,-38.0,-49.0,18.0,-99.0,0.0,45.0,-85.0,-75.67,8.27,-28.66,44.85,1.62,-53.68,-44.08,3.3100000000000005,-78.21000000000001,-10.47,31.310000000000002,-63.120000000000005
2025-08-18T11:41:47.666288,26.0,110.0,-56.0,11.0,-25.0,-13.0,-71.0,88.0,-87.0,52.0,77.0,-91.0,-8.670000000000002,111.27,-37.66,9.85,-20.38,-28.68,-66.08,73.31,-66.21000000000001,41.53,63.31,-69.12
2025-08-18T11:41:47.674099,31.0,59.0,-100.0,-22.0,-20.0,-111.0,-94.0,-32.0,-78.0,49.0,17.0,-76.0,-3.6700000000000017,60.27,-81.66,-23.15,-15.379999999999999,-126.68,-89.08,-46.69,-57.21,38.53,3.3100000000000005,-54.120000000000005
2025-08-18T11:41:47.678230,-5.0,45.0,-124.0,65.0,-39.0,-38.0,-38.0,65.0,-71.0,15.0,17.0,-67.0,-39.67,46.27,-105.66,63.85,-34.38,-53.68,-33.08,50.31,-50.21,4.529999999999999,3.3100000000000005,-45.120000000000005
2025-08-18T11:41:47.686397,53.0,74.0,-103.0,45.0,-18.0,11.0,-21.0,31.0,-81.0,-11.0,103.0,-98.0,18.33,75.27,-84.66,43.85,-13.379999999999999,-4.68,-16.08,16.310000000000002,-60.21,-21.47,89.31,-76.12
2025-08-18T11:41:47.694655,52.0,-47.0,-87.0,-13.0,-26.0,-52.0,-5.0,-36.0,-122.0,-2.0,66.0,-162.0,17.33,-45.73,-68.66,-14.15,-21.38,-67.68,-0.08000000000000007,-50.69,-101.21000000000001,-12.47,52.31,-140.12
2025-08-18T11:41:47.698724,-20.0,-58.0,-31.0,114.0,-42.0,-86.0,-52.0,1.0,-48.0,-37.0,14.0,-98.0,-54.67,-56.73,-12.66,112.85,-37.38,-101.68,-47.08,-13.69,-27.21,-47.47,0.3100000000000005,-76.12
2025-08-18T11:41:47.702764,47.0,15.0,-93.0,79.0,-1.0,-116.0,-67.0,-17.0,-87.0,-14.0,65.0,-93.0,12.329999999999998,16.27,-74.66,77.85,3.62,-131.68,-62.08,-31.689999999999998,-66.21000000000001,-24.47,51.31,-71.12
2025-08-18T11:41:47.710958,-22.0,42.0,-161.0,61.0,-45.0,-64.0,-93.0,47.0,-51.0,56.0,-31.0,-81.0,-56.67,43.27,-142.66,59.85,-40.38,-79.68,-88.08,32.31,-30.21,45.53,-44.69,-59.120000000000005
2025-08-18T11:41:47.719051,111.0,100.0,-112.0,1.0,-41.0,-82.0,-112.0,45.0,-105.0,-49.0,29.0,-54.0,76.33,101.27,-93.66,-0.1499999999999999,-36.38,-97.68,-107.08,30.310000000000002,-84.21000000000001,-59.47,15.31,-32.120000000000005
2025-08-18T11:41:47.723339,105.0,52.0,-87.0,67.0,-26.0,-69.0,-23.0,15.0,-139.0,34.0,79.0,-134.0,70.33,53.27,-68.66,65.85,-21.38,-84.68,-18.08,0.3100000000000005,-118.21000000000001,23.53,65.31,-112.12
2025-08-18T11:41:47.731505,81.0,-4.0,-120.0,13.0,-38.0,-86.0,38.0,13.0,-143.0,-67.0,29.0,-109.0,46.33,-2.73,-101.66,11.85,-33.38,-101.68,42.92,-1.6899999999999995,-122.21000000000001,-77.47,15.31,-87.12
2025-08-18T11:41:47.735696,-23.0,34.0,-84.0,5.0,10.0,-55.0,41.0,-24.0,-41.0,22.0,51.0,-95.0,-57.67,35.27,-65.66,3.85,14.620000000000001,-70.68,45.92,-38.69,-20.21,11.53,37.31,-73.12
2025-08-18T11:41:47.743806,126.0,-12.0,-60.0,33.0,-14.0,-18.0,-2.0,25.0,-113.0,-55.0,25.0,-96.0,91.33,-10.73,-41.66,31.85,-9.379999999999999,-33.68,2.92,10.31,-92.21000000000001,-65.47,11.31,-74.12
2025-08-18T11:41:47.747970,32.0,4.0,-108.0,25.0,40.0,-63.0,-25.0,-52.0,-58.0,76.0,-8.0,-136.0,-2.6700000000000017,5.27,-89.66,23.85,44.62,-78.68,-20.08,-66.69,-37.21,65.53,-21.689999999999998,-114.12
2025-08-18T11:41:47.755950,97.0,4.0,-137.0,36.0,-15.0,-79.0,-63.0,26.0,-109.0,10.0,77.0,-76.0,62.33,5.27,-118.66,34.85,-10.379999999999999,-94.68,-58.08,11.31,-88.21000000000001,-0.47000000000000064,63.31,-54.120000000000005
2025-08-18T11:41:47.760201,107.0,46.0,-81.0,45.0,-1.0,-89.0,-83.0,6.0,-109.0,15.0,-29.0,-171.0,72.33,47.27,-62.66,43.85,3.62,-104.68,-78.08,-8.69,-88.21000000000001,4.529999999999999,-42.69,-149.12
2025-08-18T11:41:47.768332,1.0,-74.0,-170.0,-1.0,11.0,-93.0,-22.0,62.0,-103.0,-11.0,8.0,-124.0,-33.67,-72.73,-151.66,-2.15,15.620000000000001,-108.68,-17.08,47.31,-82.21000000000001,-21.47,-5.6899999999999995,-102.12
2025-08-18T11:41:47.772516,83.0,42.0,-76.0,41.0,-12.0,-49.0,-34.0,-70.0,-143.0,-14.0,79.0,-135.0,48.33,43.27,-57.66,39.85,-7.38,-64.68,-29.08,-84.69,-122.21000000000001,-24.47,65.31,-113.12
2025-08-18T11:41:47.780755,50.0,-55.0,-58.0,58.0,-12.0,-107.0,-24.0,68.0,-100.0,-32.0,83.0,-197.0,15.329999999999998,-53.73,-39.66,56.85,-7.38,-122.68,-19.08,53.31,-79.21000000000001,-42.47,69.31,-175.12
2025-08-18T11:41:47.784776,25.0,44.0,-97.0,50.0,-28.0,-89.0,-62.0,-59.0,-89.0,-33.0,-13.0,-76.0,-9.670000000000002,45.27,-78.66,48.85,-23.38,-104.68,-57.08,-73.69,-68.21000000000001,-43.47,-26.689999999999998,-54.120000000000005
2025-08-18T11:41:47.792977,73.0,0.0,-157.0,71.0,-29.0,-68.0,-38.0,-24.0,-84.0,18.0,11.0,-118.0,38.33,1.27,-138.66,69.85,-24.38,-83.68,-33.08,-38.69,-63.21,7.529999999999999,-2.6899999999999995,-96.12
2025-08-18T11:41:47.797061,58.0,-46.0,-225.0,43.0,35.0,-84.0,-82.0,0.0,-162.0,-8.0,34.0,-115.0,23.33,-44.73,-206.66,41.85,39.62,-99.68,-77.08,-14.69,-141.21,-18.47,20.310000000000002,-93.12
2025-08-18T11:41:47.805341,61.0,1.0,-70.0,37.0,-31.0,-114.0,-41.0,10.0,-76.0,-43.0,55.0,-125.0,26.33,2.27,-51.66,35.85,-26.38,-129.68,-36.08,-4.6899999999999995,-55.21,-53.47,41.31,-103.12
2025-08-18T11:41:47.809529,148.0,13.0,-136.0,-11.0,-61.0,-64.0,-71.0,72.0,-134.0,-60.0,102.0,-209.0,113.33,14.27,-117.66,-12.15,-56.38,-79.68,-66.08,57.31,-113.21000000000001,-70.47,88.31,-187.12
2025-08-18T11:41:47.817500,22.0,49.0,-102.0,56.0,-46.0,-78.0,37.0,-31.0,-106.0,17.0,-13.0,-141.0,-12.670000000000002,50.27,-83.66,54.85,-41.38,-93.68,41.92,-45.69,-85.21000000000001,6.529999999999999,-26.689999999999998,-119.12
2025-08-18T11:41:47.821825,63.0,47.0,-131.0,29.0,-54.0,-92.0,-5.0,2.0,-162.0,-7.0,-4.0,-102.0,28.33,48.27,-112.66,27.85,-49.38,-107.68,-0.08000000000000007,-12.69,-141.21,-17.47,-17.689999999999998,-80.12
2025-08-18T11:41:47.829775,7.0,74.0,-131.0,31.0,-7.0,-65.0,-63.0,11.0,-107.0,-49.0,31.0,-134.0,-27.67,75.27,-112.66,29.85,-2.38,-80.68,-58.08,-3.6899999999999995,-86.21000000000001,-59.47,17.310000000000002,-112.12
2025-08-18T11:41:47.834181,90.0,49.0,-210.0,58.0,-4.0,-128.0,-55.0,-1.0,-124.0,-64.0,67.0,-104.0,55.33,50.27,-191.66,56.85,0.6200000000000001,-143.68,-50.08,-15.69,-103.21000000000001,-74.47,53.31,-82.12
2025-08-18T11:41:47.842149,82.0,6.0,-148.0,19.0,-72.0,-133.0,-71.0,31.0,-126.0,-31.0,-7.0,-174.0,47.33,7.27,-129.66,17.85,-67.38,-148.68,-66.08,16.310000000000002,-105.21000000000001,-41.47,-20.689999999999998,-152.12
2025-08-18T11:41:47.846355,88.0,21.0,-88.0,53.0,-37.0,-82.0,-69.0,-67.0,-185.0,-61.0,54.0,-143.0,53.33,22.27,-69.66,51.85,-32.38,-97.68,-64.08,-81.69,-164.21,-71.47,40.31,-121.12
2025-08-18T11:41:47.854268,77.0,-1.0,-103.0,56.0,-33.0,-131.0,-79.0,-64.0,-82.0,-5.0,25.0,-184.0,42.33,0.27,-84.66,54.85,-28.38,-146.68,-74.08,-78.69,-61.21,-15.47,11.31,-162.12
2025-08-18T11:41:47.858465,39.0,62.0,-100.0,13.0,-42.0,-103.0,-53.0,-64.0,-56.0,-52.0,72.0,-133.0,4.329999999999998,63.27,-81.66,11.85,-37.38,-118.68,-48.08,-78.69,-35.21,-62.47,58.31,-111.12
2025-08-18T11:41:47.866759,84.0,-18.0,-132.0,61.0,-17.0,-151.0,-42.0,1.0,-111.0,-77.0,35.0,-81.0,49.33,-16.73,-113.66,59.85,-12.379999999999999,-166.68,-37.08,-13.69,-90.21000000000001,-87.47,21.310000000000002,-59.120000000000005
2025-08-18T11:41:47.874803,85.0,45.0,-150.0,78.0,-26.0,-147.0,-73.0,-42.0,-112.0,-46.0,80.0,-148.0,50.33,46.27,-131.66,76.85,-21.38,-162.68,-68.08,-56.69,-91.21000000000001,-56.47,66.31,-126.12
2025-08-18T11:41:47.879077,125.0,-5.0,-154.0,77.0,-22.0,-36.0,-45.0,-37.0,-194.0,-91.0,58.0,-111.0,90.33,-3.73,-135.66,75.85,-17.38,-51.68,-40.08,-51.69,-173.21,-101.47,44.31,-89.12
2025-08-18T11:41:47.886908,63.0,13.0,-86.0,22.0,8.0,-109.0,-28.0,-47.0,-157.0,61.0,49.0,-163.0,28.33,14.27,-67.66,20.85,12.620000000000001,-124.68,-23.08,-61.69,-136.21,50.53,35.31,-141.12
2025-08-18T11:41:47.891373,37.0,67.0,-132.0,-2.0,9.0,-110.0,-21.0,-31.0,-108.0,13.0,-23.0,-187.0,2.3299999999999983,68.27,-113.66,-3.15,13.620000000000001,-125.68,-16.08,-45.69,-87.21000000000001,2.5299999999999994,-36.69,-165.12
2025-08-18T11:41:47.899329,50.0,25.0,-125.0,141.0,-10.0,-139.0,-39.0,40.0,-112.0,21.0,12.0,-123.0,15.329999999999998,26.27,-106.66,139.85,-5.38,-154.68,-34.08,25.310000000000002,-91.21000000000001,10.53,-1.6899999999999995,-101.12
2025-08-18T11:41:47.903727,-1.0,38.0,-179.0,17.0,-44.0,-102.0,-130.0,-8.0,-103.0,-40.0,69.0,-187.0,-35.67,39.27,-160.66,15.85,-39.38,-117.68,-125.08,-22.689999999999998,-82.21000000000001,-50.47,55.31,-165.12
2025-08-18T11:41:47.911761,80.0,109.0,-131.0,35.0,-34.0,-146.0,7.0,21.0,-185.0,-42.0,37.0,-151.0,45.33,110.27,-112.66,33.85,-29.38,-161.68,11.92,6.3100000000000005,-164.21,-52.47,23.310000000000002,-129.12
2025-08-18T11:41:47.915901,157.0,-8.0,-181.0,30.0,-14.0,-163.0,-64.0,-87.0,-135.0,38.0,26.0,-143.0,122.33,-6.73,-162.66,28.85,-9.379999999999999,-178.68,-59.08,-101.69,-114.21000000000001,27.53,12.31,-121.12
2025-08-18T11:41:47.924065,101.0,-8.0,-110.0,16.0,-43.0,-123.0,-75.0,-41.0,-126.0,-30.0,-26.0,-137.0,66.33,-6.73,-91.66,14.85,-38.38,-138.68,-70.08,-55.69,-105.21000000000001,-40.47,-39.69,-115.12
2025-08-18T11:41:47.929137,125.0,48.0,-123.0,65.0,-74.0,-146.0,-39.0,46.0,-138.0,-9.0,12.0,-103.0,90.33,49.27,-104.66,63.85,-69.38,-161.68,-34.08,31.310000000000002,-117.21000000000001,-19.47,-1.6899999999999995,-81.12
2025-08-18T11:41:47.936377,79.0,32.0,-129.0,10.0,-49.0,-99.0,-15.0,-26.0,-98.0,-42.0,98.0,-57.0,44.33,33.27,-110.66,8.85,-44.38,-114.68,-10.08,-40.69,-77.21000000000001,-52.47,84.31,-35.120000000000005
2025-08-18T11:41:47.940494,88.0,40.0,-126.0,79.0,-101.0,-96.0,-37.0,46.0,-119.0,-60.0,56.0,-92.0,53.33,41.27,-107.66,77.85,-96.38,-111.68,-32.08,31.310000000000002,-98.21000000000001,-70.47,42.31,-70.12
2025-08-18T11:41:47.948588,94.0,86.0,-118.0,2.0,-70.0,-135.0,-75.0,-3.0,-136.0,-73.0,9.0,-173.0,59.33,87.27,-99.66,0.8500000000000001,-65.38,-150.68,-70.08,-17.689999999999998,-115.21000000000001,-83.47,-4.6899999999999995,-151.12
2025-08-18T11:41:47.952651,27.0,-2.0,-123.0,129.0,34.0,-159.0,-5.0,-21.0,-95.0,-46.0,68.0,-148.0,-7.670000000000002,-0.73,-104.66,127.85,38.62,-174.68,-0.08000000000000007,-35.69,-74.21000000000001,-56.47,54.31,-126.12
2025-08-18T11:41:47.960970,36.0,7.0,-99.0,113.0,-74.0,-60.0,-80.0,69.0,-137.0,-41.0,30.0,-102.0,1.3299999999999983,8.27,-80.66,111.85,-69.38,-75.68,-75.08,54.31,-116.21000000000001,-51.47,16.310000000000002,-80.12
2025-08-18T11:41:47.964882,-12.0,39.0,-100.0,78.0,-46.0,-79.0,-31.0,6.0,-161.0,-19.0,77.0,-60.0,-46.67,40.27,-81.66,76.85,-41.38,-94.68,-26.08,-8.69,-140.21,-29.47,63.31,-38.120000000000005
2025-08-18T11:41:47.973283,-17.0,45.0,-161.0,100.0,-1.0,-83.0,-25.0,46.0,-136.0,-14.0,6.0,-167.0,-51.67,46.27,-142.66,98.85,3.62,-98.68,-20.08,31.310000000000002,-115.21000000000001,-24.47,-7.6899999999999995,-145.12
2025-08-18T11:41:47.981242,56.0,109.0,-141.0,5.0,36.0,-66.0,-50.0,-42.0,-171.0,-85.0,63.0,-155.0,21.33,110.27,-122.66,3.85,40.62,-81.68,-45.08,-56.69,-150.21,-95.47,49.31,-133.12
2025-08-18T11:41:47.986239,91.0,101.0,-165.0,96.0,-29.0,-195.0,-104.0,-33.0,-119.0,-54.0,34.0,-116.0,56.33,102.27,-146.66,94.85,-24.38,-210.68,-99.08,-47.69,-98.21000000000001,-64.47,20.310000000000002,-94.12
2025-08-18T11:41:47.993667,124.0,43.0,-150.0,50.0,-41.0,-68.0,-75.0,75.0,-123.0,-27.0,64.0,-150.0,89.33,44.27,-131.66,48.85,-36.38,-83.68,-70.08,60.31,-102.21000000000001,-37.47,50.31,-128.12
2025-08-18T11:41:47.997752,16.0,-12.0,-107.0,45.0,-46.0,-83.0,-13.0,0.0,-164.0,-40.0,15.0,-98.0,-18.67,-10.73,-88.66,43.85,-41.38,-98.68,-8.08,-14.69,-143.21,-50.47,1.3100000000000005,-76.12
2025-08-18T11:41:48.005876,5.0,62.0,-134.0,23.0,-32.0,-77.0,-88.0,-20.0,-118.0,-60.0,27.0,-109.0,-29.67,63.27,-115.66,21.85,-27.38,-92.68,-83.08,-34.69,-97.21000000000001,-70.47,13.31,-87.12
2025-08-18T11:41:48.010158,51.0,-34.0,-205.0,1.0,-42.0,-100.0,43.0,-51.0,-203.0,-48.0,24.0,-133.0,16.33,-32.73,-186.66,-0.1499999999999999,-37.38,-115.68,47.92,-65.69,-182.21,-58.47,10.31,-111.12
2025-08-18T11:41:48.018268,67.0,18.0,-176.0,-8.0,-2.0,-163.0,-72.0,-27.0,-95.0,-33.0,13.0,-120.0,32.33,19.27,-157.66,-9.15,2.62,-178.68,-67.08,-41.69,-74.21000000000001,-43.47,-0.6899999999999995,-98.12
2025-08-18T11:41:48.022422,43.0,71.0,-143.0,29.0,-6.0,-142.0,-72.0,-60.0,-127.0,3.0,43.0,-228.0,8.329999999999998,72.27,-124.66,27.85,-1.38,-157.68,-67.08,-74.69,-106.21000000000001,-7.470000000000001,29.310000000000002,-206.12
2025-08-18T11:41:48.030414,-13.0,36.0,-108.0,70.0,-134.0,-49.0,-76.0,43.0,-137.0,-54.0,13.0,-185.0,-47.67,37.27,-89.66,68.85,-129.38,-64.68,-71.08,28.310000000000002,-116.21000000000001,-64.47,-0.6899999999999995,-163.12
2025-08-18T11:41:48.034734,4.0,-44.0,-196.0,85.0,23.0,-94.0,-62.0,43.0,-157.0,-71.0,7.0,-111.0,-30.67,-42.73,-177.66,83.85,27.62,-109.68,-57.08,28.310000000000002,-136.21,-81.47,-6.6899999999999995,-89.12
2025-08-18T11:41:48.042728,74.0,80.0,-126.0,54.0,24.0,-100.0,-24.0,82.0,-150.0,-1.0,-14.0,-180.0,39.33,81.27,-107.66,52.85,28.62,-115.68,-19.08,67.31,-129.21,-11.47,-27.689999999999998,-158.12
2025-08-18T11:41:48.050963,120.0,120.0,-199.0,-10.0,-16.0,-165.0,-68.0,-82.0,-133.0,-78.0,76.0,-187.0,85.33,121.27,-180.66,-11.15,-11.379999999999999,-180.68,-63.08,-96.69,-112.21000000000001,-88.47,62.31,-165.12
2025-08-18T11:41:48.055111,117.0,37.0,-201.0,53.0,-22.0,-68.0,-66.0,-45.0,-124.0,-37.0,35.0,-201.0,82.33,38.27,-182.66,51.85,-17.38,-83.68,-61.08,-59.69,-103.21000000000001,-47.47,21.310000000000002,-179.12
2025-08-18T11:41:48.063132,76.0,29.0,-177.0,62.0,-28.0,-96.0,-80.0,-15.0,-153.0,6.0,16.0,-191.0,41.33,30.27,-158.66,60.85,-23.38,-111.68,-75.08,-29.689999999999998,-132.21,-4.470000000000001,2.3100000000000005,-169.12
2025-08-18T11:41:48.067384,27.0,-25.0,-141.0,47.0,-20.0,-126.0,4.0,23.0,-117.0,-35.0,50.0,-137.0,-7.670000000000002,-23.73,-122.66,45.85,-15.379999999999999,-141.68,8.92,8.31,-96.21000000000001,-45.47,36.31,-115.12
2025-08-18T11:41:48.075449,31.0,30.0,-77.0,85.0,27.0,-111.0,-40.0,34.0,-131.0,-94.0,-21.0,-133.0,-3.6700000000000017,31.27,-58.66,83.85,31.62,-126.68,-35.08,19.310000000000002,-110.21000000000001,-104.47,-34.69,-111.12
2025-08-18T11:41:48.079769,20.0,76.0,-184.0,38.0,-35.0,-23.0,-44.0,-74.0,-69.0,50.0,39.0,-101.0,-14.670000000000002,77.27,-165.66,36.85,-30.38,-38.68,-39.08,-88.69,-48.21,39.53,25.310000000000002,-79.12
2025-08-18T11:41:48.087604,99.0,78.0,-198.0,12.0,-52.0,-148.0,-3.0,15.0,-82.0,-9.0,65.0,-174.0,64.33,79.27,-179.66,10.85,-47.38,-163.68,1.92,0.3100000000000005,-61.21,-19.47,51.31,-152.12
2025-08-18T11:41:48.091964,77.0,-11.0,-166.0,79.0,-25.0,-118.0,-130.0,-40.0,-109.0,-4.0,20.0,-176.0,42.33,-9.73,-147.66,77.85,-20.38,-133.68,-125.08,-54.69,-88.21000000000001,-14.47,6.3100000000000005,-154.12
2025-08-18T11:41:48.100065,65.0,-1.0,-115.0,60.0,-61.0,-71.0,-65.0,-43.0,-75.0,-32.0,42.0,-206.0,30.33,0.27,-96.66,58.85,-56.38,-86.68,-60.08,-57.69,-54.21,-42.47,28.310000000000002,-184.12
2025-08-18T11:41:48.104402,45.0,5.0,-58.0,106.0,-39.0,-110.0,-77.0,54.0,-138.0,-25.0,34.0,-202.0,10.329999999999998,6.27,-39.66,104.85,-34.38,-125.68,-72.08,39.31,-117.21000000000001,-35.47,20.310000000000002,-180.12
2025-08-18T11:41:48.112306,48.0,49.0,-138.0,17.0,-3.0,-101.0,4.0,8.0,-105.0,-100.0,11.0,-128.0,13.329999999999998,50.27,-119.66,15.85,1.62,-116.68,8.92,-6.6899999999999995,-84.21000000000001,-110.47,-2.6899999999999995,-106.12
2025-08-18T11:41:48.116680,65.0,48.0,-157.0,-16.0,-35.0,-24.0,16.0,-57.0,-138.0,2.0,50.0,-153.0,30.33,49.27,-138.66,-17.15,-30.38,-39.68,20.92,-71.69,-117.21000000000001,-8.47,36.31,-131.12
2025-08-18T11:41:48.124671,36.0,68.0,-118.0,85.0,-95.0,-90.0,-101.0,1.0,-119.0,-33.0,43.0,-134.0,1.3299999999999983,69.27,-99.66,83.85,-90.38,-105.68,-96.08,-13.69,-98.21000000000001,-43.47,29.310000000000002,-112.12
2025-08-18T11:41:48.129027,28.0,19.0,-177.0,17.0,70.0,-94.0,-39.0,-19.0,-163.0,-53.0,31.0,-136.0,-6.670000000000002,20.27,-158.66,15.85,74.62,-109.68,-34.08,-33.69,-142.21,-63.47,17.310000000000002,-114.12
2025-08-18T11:41:48.137058,86.0,7.0,-150.0,44.0,3.0,-102.0,-77.0,39.0,-140.0,-5.0,14.0,-89.0,51.33,8.27,-131.66,42.85,7.62,-117.68,-72.08,24.310000000000002,-119.21000000000001,-15.47,0.3100000000000005,-67.12
2025-08-18T11:41:48.141197,81.0,14.0,-95.0,39.0,-59.0,-60.0,-60.0,-28.0,-109.0,-97.0,-26.0,-58.0,46.33,15.27,-76.66,37.85,-54.38,-75.68,-55.08,-42.69,-88.21000000000001,-107.47,-39.69,-36.120000000000005
2025-08-18T11:41:48.149170,28.0,39.0,-82.0,87.0,-56.0,-113.0,12.0,20.0,-139.0,-76.0,38.0,-143.0,-6.670000000000002,40.27,-63.66,85.85,-51.38,-128.68,16.92,5.3100000000000005,-118.21000000000001,-86.47,24.310000000000002,-121.12
2025-08-18T11:41:48.153610,3.0,23.0,-144.0,15.0,-62.0,-114.0,-50.0,-31.0,-195.0,0.0,80.0,-145.0,-31.67,24.27,-125.66,13.85,-57.38,-129.68,-45.08,-45.69,-174.21,-10.47,66.31,-123.12
2025-08-18T11:41:48.161703,98.0,103.0,-163.0,55.0,-40.0,-176.0,-100.0,-12.0,-132.0,-49.0,1.0,-134.0,63.33,104.27,-144.66,53.85,-35.38,-191.68,-95.08,-26.689999999999998,-111.21000000000001,-59.47,-12.69,-112.12
2025-08-18T11:41:48.165636,52.0,52.0,-69.0,54.0,-2.0,-87.0,-96.0,85.0,-137.0,-38.0,62.0,-150.0,17.33,53.27,-50.66,52.85,2.62,-102.68,-91.08,70.31,-116.21000000000001,-48.47,48.31,-128.12
2025-08-18T11:41:48.173774,12.0,35.0,-138.0,85.0,26.0,-96.0,-79.0,53.0,-223.0,-21.0,80.0,-101.0,-22.67,36.27,-119.66,83.85,30.62,-111.68,-74.08,38.31,-202.21,-31.47,66.31,-79.12
2025-08-18T11:41:48.177904,64.0,89.0,-97.0,58.0,-20.0,-71.0,-18.0,9.0,-174.0,8.0,35.0,-143.0,29.33,90.27,-78.66,56.85,-15.379999999999999,-86.68,-13.08,-5.6899999999999995,-153.21,-2.4700000000000006,21.310000000000002,-121.12
2025-08-18T11:41:48.186047,-4.0,70.0,-147.0,-24.0,-48.0,-88.0,-34.0,18.0,-107.0,-65.0,54.0,-123.0,-38.67,71.27,-128.66,-25.15,-43.38,-103.68,-29.08,3.3100000000000005,-86.21000000000001,-75.47,40.31,-101.12
2025-08-18T11:41:48.194087,116.0,5.0,-123.0,38.0,-1.0,-127.0,-5.0,-14.0,-125.0,2.0,33.0,-184.0,81.33,6.27,-104.66,36.85,3.62,-142.68,-0.08000000000000007,-28.689999999999998,-104.21000000000001,-8.47,19.310000000000002,-162.12
2025-08-18T11:41:48.198427,78.0,72.0,-135.0,75.0,-20.0,-89.0,-85.0,42.0,-145.0,-37.0,-23.0,-152.0,43.33,73.27,-116.66,73.85,-15.379999999999999,-104.68,-80.08,27.310000000000002,-124.21000000000001,-47.47,-36.69,-130.12
2025-08-18T11:41:48.206528,123.0,-19.0,-92.0,120.0,-67.0,-71.0,-31.0,-16.0,-132.0,-25.0,-14.0,-177.0,88.33,-17.73,-73.66,118.85,-62.38,-86.68,-26.08,-30.689999999999998,-111.21000000000001,-35.47,-27.689999999999998,-155.12
2025-08-18T11:41:48.210831,30.0,4.0,-56.0,109.0,-12.0,-70.0,-7.0,80.0,-114.0,16.0,116.0,-109.0,-4.670000000000002,5.27,-37.66,107.85,-7.38,-85.68,-2.08,65.31,-93.21000000000001,5.529999999999999,102.31,-87.12
2025-08-18T11:41:48.218889,52.0,15.0,-157.0,42.0,-48.0,-141.0,4.0,41.0,-97.0,-17.0,17.0,-145.0,17.33,16.27,-138.66,40.85,-43.38,-156.68,8.92,26.310000000000002,-76.21000000000001,-27.47,3.3100000000000005,-123.12
2025-08-18T11:41:48.223104,27.0,78.0,-209.0,-17.0,26.0,-135.0,-24.0,-39.0,-116.0,-54.0,-3.0,-114.0,-7.670000000000002,79.27,-190.66,-18.15,30.62,-150.68,-19.08,-53.69,-95.21000000000001,-64.47,-16.689999999999998,-92.12
2025-08-18T11:41:48.231136,81.0,38.0,-178.0,-22.0,-66.0,-59.0,-54.0,-29.0,-181.0,-11.0,53.0,-196.0,46.33,39.27,-159.66,-23.15,-61.38,-74.68,-49.08,-43.69,-160.21,-21.47,39.31,-174.12
2025-08-18T11:41:48.235445,181.0,108.0,-133.0,20.0,-32.0,-62.0,-114.0,-15.0,-92.0,-30.0,120.0,-159.0,146.32999999999998,109.27,-114.66,18.85,-27.38,-77.68,-109.08,-29.689999999999998,-71.21000000000001,-40.47,106.31,-137.12
2025-08-18T11:41:48.243451,54.0,28.0,-125.0,26.0,27.0,-79.0,-63.0,8.0,-124.0,-54.0,-10.0,-118.0,19.33,29.27,-106.66,24.85,31.62,-94.68,-58.08,-6.6899999999999995,-103.21000000000001,-64.47,-23.689999999999998,-96.12
2025-08-18T11:41:48.247821,3.0,23.0,-68.0,50.0,14.0,-79.0,-84.0,26.0,-114.0,-53.0,14.0,-84.0,-31.67,24.27,-49.66,48.85,18.62,-94.68,-79.08,11.31,-93.21000000000001,-63.47,0.3100000000000005,-62.120000000000005
2025-08-18T11:41:48.255841,50.0,-18.0,-64.0,60.0,33.0,-111.0,-14.0,-55.0,-107.0,-70.0,-37.0,-120.0,15.329999999999998,-16.73,-45.66,58.85,37.62,-126.68,-9.08,-69.69,-86.21000000000001,-80.47,-50.69,-98.12
2025-08-18T11:41:48.260026,82.0,21.0,-147.0,39.0,-63.0,-139.0,5.0,-95.0,-180.0,-9.0,7.0,-133.0,47.33,22.27,-128.66,37.85,-58.38,-154.68,9.92,-109.69,-159.21,-19.47,-6.6899999999999995,-111.12
2025-08-18T11:41:48.268144,73.0,56.0,-165.0,101.0,-53.0,-131.0,-54.0,-38.0,-118.0,9.0,46.0,-215.0,38.33,57.27,-146.66,99.85,-48.38,-146.68,-49.08,-52.69,-97.21000000000001,-1.4700000000000006,32.31,-193.12
2025-08-18T11:41:48.272162,18.0,45.0,-119.0,112.0,-20.0,-113.0,-77.0,-23.0,-149.0,22.0,40.0,-96.0,-16.67,46.27,-100.66,110.85,-15.379999999999999,-128.68,-72.08,-37.69,-128.21,11.53,26.310000000000002,-74.12
2025-08-18T11:41:48.280279,96.0,44.0,-90.0,6.0,-44.0,-51.0,-4.0,-98.0,-144.0,43.0,75.0,-104.0,61.33,45.27,-71.66,4.85,-39.38,-66.68,0.9199999999999999,-112.69,-123.21000000000001,32.53,61.31,-82.12
2025-08-18T11:41:48.284355,98.0,38.0,-92.0,34.0,-16.0,-108.0,-27.0,56.0,-125.0,-63.0,-2.0,-133.0,63.33,39.27,-73.66,32.85,-11.379999999999999,-123.68,-22.08,41.31,-104.21000000000001,-73.47,-15.69,-111.12
2025-08-18T11:41:48.292420,85.0,46.0,-132.0,67.0,48.0,-59.0,6.0,-37.0,-177.0,-33.0,143.0,-139.0,50.33,47.27,-113.66,65.85,52.62,-74.68,10.92,-51.69,-156.21,-43.47,129.31,-117.12
2025-08-18T11:41:48.300560,45.0,24.0,-121.0,-58.0,-81.0,-122.0,-11.0,-32.0,-154.0,-5.0,79.0,-190.0,10.329999999999998,25.27,-102.66,-59.15,-76.38,-137.68,-6.08,-46.69,-133.21,-15.47,65.31,-168.12
2025-08-18T11:41:48.305050,37.0,23.0,-143.0,45.0,-41.0,-94.0,-77.0,22.0,-135.0,-51.0,14.0,-109.0,2.3299999999999983,24.27,-124.66,43.85,-36.38,-109.68,-72.08,7.3100000000000005,-114.21000000000001,-61.47,0.3100000000000005,-87.12
2025-08-18T11:41:48.313059,88.0,-8.0,-194.0,91.0,-33.0,-162.0,-137.0,-38.0,-169.0,-19.0,0.0,-132.0,53.33,-6.73,-175.66,89.85,-28.38,-177.68,-132.08,-52.69,-148.21,-29.47,-13.69,-110.12
2025-08-18T11:41:48.317190,117.0,3.0,-109.0,17.0,-63.0,-78.0,-74.0,-9.0,-101.0,-42.0,88.0,-108.0,82.33,4.27,-90.66,15.85,-58.38,-93.68,-69.08,-23.689999999999998,-80.21000000000001,-52.47,74.31,-86.12
2025-08-18T11:41:48.325182,58.0,-13.0,-67.0,69.0,-56.0,-30.0,-53.0,-15.0,-133.0,-3.0,32.0,-140.0,23.33,-11.73,-48.66,67.85,-51.38,-45.68,-48.08,-29.689999999999998,-112.21000000000001,-13.47,18.310000000000002,-118.12
2025-08-18T11:41:48.329635,99.0,28.0,-101.0,10.0,-17.0,-79.0,22.0,-12.0,-59.0,-81.0,111.0,-137.0,64.33,29.27,-82.66,8.85,-12.379999999999999,-94.68,26.92,-26.689999999999998,-38.21,-91.47,97.31,-115.12
2025-08-18T11:41:48.337734,51.0,67.0,-167.0,32.0,-49.0,-107.0,0.0,-7.0,-137.0,-10.0,114.0,-141.0,16.33,68.27,-148.66,30.85,-44.38,-122.68,4.92,-21.689999999999998,-116.21000000000001,-20.47,100.31,-119.12
2025-08-18T11:41:48.341945,62.0,8.0,-157.0,97.0,-28.0,-118.0,-135.0,53.0,-68.0,-46.0,45.0,-222.0,27.33,9.27,-138.66,95.85,-23.38,-133.68,-130.08,38.31,-47.21,-56.47,31.310000000000002,-200.12
2025-08-18T11:41:48.349956,57.0,-37.0,-172.0,77.0,-45.0,-126.0,-54.0,-10.0,-175.0,-24.0,44.0,-147.0,22.33,-35.73,-153.66,75.85,-40.38,-141.68,-49.08,-24.689999999999998,-154.21,-34.47,30.310000000000002,-125.12
2025-08-18T11:41:48.354226,39.0,-14.0,-110.0,50.0,-26.0,-109.0,-24.0,-44.0,-123.0,-31.0,-23.0,-96.0,4.329999999999998,-12.73,-91.66,48.85,-21.38,-124.68,-19.08,-58.69,-102.21000000000001,-41.47,-36.69,-74.12
2025-08-18T11:41:48.362301,24.0,23.0,-83.0,57.0,-65.0,-128.0,-27.0,-17.0,-137.0,3.0,68.0,-103.0,-10.670000000000002,24.27,-64.66,55.85,-60.38,-143.68,-22.08,-31.689999999999998,-116.21000000000001,-7.470000000000001,54.31,-81.12
2025-08-18T11:41:48.366465,-11.0,77.0,-101.0,39.0,-2.0,-87.0,-4.0,-9.0,-83.0,-24.0,43.0,-137.0,-45.67,78.27,-82.66,37.85,2.62,-102.68,0.9199999999999999,-23.689999999999998,-62.21,-34.47,29.310000000000002,-115.12
2025-08-18T11:41:48.374515,31.0,26.0,-104.0,67.0,-49.0,-65.0,-72.0,33.0,-73.0,-44.0,75.0,-171.0,-3.6700000000000017,27.27,-85.66,65.85,-44.38,-80.68,-67.08,18.310000000000002,-52.21,-54.47,61.31,-149.12
2025-08-18T11:41:48.382580,113.0,19.0,-162.0,55.0,21.0,-117.0,-111.0,-38.0,-185.0,-17.0,46.0,-156.0,78.33,20.27,-143.66,53.85,25.62,-132.68,-106.08,-52.69,-164.21,-27.47,32.31,-134.12
2025-08-18T11:41:48.386913,84.0,-19.0,-148.0,40.0,-29.0,-156.0,-27.0,-7.0,-153.0,-65.0,8.0,-137.0,49.33,-17.73,-129.66,38.85,-24.38,-171.68,-22.08,-21.689999999999998,-132.21,-75.47,-5.6899999999999995,-115.12
2025-08-18T11:41:48.394964,18.0,2.0,-115.0,12.0,-81.0,-78.0,-101.0,-8.0,-132.0,-9.0,22.0,-184.0,-16.67,3.27,-96.66,10.85,-76.38,-93.68,-96.08,-22.689999999999998,-111.21000000000001,-19.47,8.31,-162.12
2025-08-18T11:41:48.399212,6.0,52.0,-78.0,59.0,-16.0,-40.0,-26.0,0.0,-88.0,-95.0,72.0,-69.0,-28.67,53.27,-59.66,57.85,-11.379999999999999,-55.68,-21.08,-14.69,-67.21000000000001,-105.47,58.31,-47.120000000000005
2025-08-18T11:41:48.407110,26.0,3.0,-115.0,85.0,-42.0,-139.0,-51.0,-83.0,-149.0,-65.0,116.0,-180.0,-8.670000000000002,4.27,-96.66,83.85,-37.38,-154.68,-46.08,-97.69,-128.21,-75.47,102.31,-158.12
2025-08-18T11:41:48.411520,-32.0,37.0,-140.0,-33.0,-37.0,-150.0,-48.0,-8.0,-84.0,-100.0,46.0,-154.0,-66.67,38.27,-121.66,-34.15,-32.38,-165.68,-43.08,-22.689999999999998,-63.21,-110.47,32.31,-132.12
2025-08-18T11:41:48.419372,-20.0,19.0,-175.0,19.0,-67.0,-110.0,-7.0,-96.0,-185.0,-61.0,43.0,-111.0,-54.67,20.27,-156.66,17.85,-62.38,-125.68,-2.08,-110.69,-164.21,-71.47,29.310000000000002,-89.12
2025-08-18T11:41:48.423702,73.0,-2.0,-142.0,-2.0,-70.0,-130.0,-1.0,-104.0,-143.0,-46.0,15.0,-157.0,38.33,-0.73,-123.66,-3.15,-65.38,-145.68,3.92,-118.69,-122.21000000000001,-56.47,1.3100000000000005,-135.12
2025-08-18T11:41:48.431926,6.0,-18.0,-111.0,67.0,-84.0,-109.0,-3.0,-39.0,-78.0,-6.0,-19.0,-169.0,-28.67,-16.73,-92.66,65.85,-79.38,-124.68,1.92,-53.69,-57.21,-16.47,-32.69,-147.12
2025-08-18T11:41:48.436107,101.0,27.0,-106.0,57.0,-93.0,-123.0,-56.0,-39.0,-131.0,27.0,0.0,-81.0,66.33,28.27,-87.66,55.85,-88.38,-138.68,-51.08,-53.69,-110.21000000000001,16.53,-13.69,-59.120000000000005
2025-08-18T11:41:48.444166,77.0,14.0,-121.0,-10.0,-43.0,-100.0,-92.0,-33.0,-83.0,-119.0,67.0,-184.0,42.33,15.27,-102.66,-11.15,-38.38,-115.68,-87.08,-47.69,-62.21,-129.47,53.31,-162.12
2025-08-18T11:41:48.448331,-35.0,-22.0,-146.0,30.0,-61.0,-124.0,-102.0,-8.0,-63.0,-43.0,10.0,-172.0,-69.67,-20.73,-127.66,28.85,-56.38,-139.68,-97.08,-22.689999999999998,-42.21,-53.47,-3.6899999999999995,-150.12
2025-08-18T11:41:48.456372,3.0,77.0,-177.0,33.0,-20.0,-94.0,-37.0,19.0,-157.0,60.0,116.0,-145.0,-31.67,78.27,-158.66,31.85,-15.379999999999999,-109.68,-32.08,4.3100000000000005,-136.21,49.53,102.31,-123.12
2025-08-18T11:41:48.460799,126.0,41.0,-151.0,24.0,-73.0,-176.0,-53.0,-14.0,-175.0,-19.0,37.0,-98.0,91.33,42.27,-132.66,22.85,-68.38,-191.68,-48.08,-28.689999999999998,-154.21,-29.47,23.310000000000002,-76.12
2025-08-18T11:41:48.469144,54.0,37.0,-120.0,73.0,-56.0,-78.0,-41.0,49.0,-129.0,-32.0,17.0,-141.0,19.33,38.27,-101.66,71.85,-51.38,-93.68,-36.08,34.31,-108.21000000000001,-42.47,3.3100000000000005,-119.12
2025-08-18T11:41:48.472843,32.0,37.0,-86.0,48.0,-1.0,-73.0,-87.0,-54.0,-112.0,-83.0,15.0,-139.0,-2.6700000000000017,38.27,-67.66,46.85,3.62,-88.68,-82.08,-68.69,-91.21000000000001,-93.47,1.3100000000000005,-117.12
2025-08-18T11:41:48.481071,57.0,-71.0,-154.0,16.0,-62.0,-148.0,-26.0,16.0,-133.0,-84.0,13.0,-142.0,22.33,-69.73,-135.66,14.85,-57.38,-163.68,-21.08,1.3100000000000005,-112.21000000000001,-94.47,-0.6899999999999995,-120.12
2025-08-18T11:41:48.489001,32.0,-10.0,-142.0,-17.0,-81.0,-90.0,-68.0,67.0,-131.0,-12.0,57.0,-215.0,-2.6700000000000017,-8.73,-123.66,-18.15,-76.38,-105.68,-63.08,52.31,-110.21000000000001,-22.47,43.31,-193.12
2025-08-18T11:41:48.493278,78.0,65.0,-156.0,114.0,-74.0,-146.0,-61.0,2.0,-196.0,-35.0,96.0,-106.0,43.33,66.27,-137.66,112.85,-69.38,-161.68,-56.08,-12.69,-175.21,-45.47,82.31,-84.12
2025-08-18T11:41:48.501359,101.0,52.0,-139.0,70.0,-5.0,-59.0,-15.0,6.0,-142.0,-16.0,-19.0,-148.0,66.33,53.27,-120.66,68.85,-0.3799999999999999,-74.68,-10.08,-8.69,-121.21000000000001,-26.47,-32.69,-126.12
2025-08-18T11:41:48.505785,46.0,5.0,-152.0,80.0,5.0,-69.0,-28.0,-32.0,-154.0,-48.0,19.0,-142.0,11.329999999999998,6.27,-133.66,78.85,9.620000000000001,-84.68,-23.08,-46.69,-133.21,-58.47,5.3100000000000005,-120.12
2025-08-18T11:41:48.513837,117.0,-82.0,-164.0,134.0,-33.0,-100.0,-112.0,-11.0,-128.0,-49.0,-9.0,-179.0,82.33,-80.73,-145.66,132.85,-28.38,-115.68,-107.08,-25.689999999999998,-107.21000000000001,-59.47,-22.689999999999998,-157.12
2025-08-18T11:41:48.518005,30.0,68.0,-144.0,29.0,-21.0,-93.0,-29.0,26.0,-194.0,-63.0,58.0,-135.0,-4.670000000000002,69.27,-125.66,27.85,-16.38,-108.68,-24.08,11.31,-173.21,-73.47,44.31,-113.12
2025-08-18T11:41:48.525881,20.0,96.0,-94.0,76.0,-11.0,-52.0,-25.0,17.0,-178.0,-57.0,2.0,-199.0,-14.670000000000002,97.27,-75.66,74.85,-6.38,-67.68,-20.08,2.3100000000000005,-157.21,-67.47,-11.69,-177.12
2025-08-18T11:41:48.530170,135.0,-11.0,-132.0,64.0,-54.0,-61.0,-19.0,-12.0,-116.0,5.0,3.0,-229.0,100.33,-9.73,-113.66,62.85,-49.38,-76.68,-14.08,-26.689999999999998,-95.21000000000001,-5.470000000000001,-10.69,-207.12
2025-08-18T11:41:48.538282,201.0,12.0,-133.0,97.0,-101.0,-124.0,-109.0,-48.0,-156.0,-55.0,66.0,-188.0,166.32999999999998,13.27,-114.66,95.85,-96.38,-139.68,-104.08,-62.69,-135.21,-65.47,52.31,-166.12
2025-08-18T11:41:48.542635,93.0,-5.0,-199.0,105.0,-54.0,-124.0,-97.0,25.0,-176.0,-110.0,51.0,-179.0,58.33,-3.73,-180.66,103.85,-49.38,-139.68,-92.08,10.31,-155.21,-120.47,37.31,-157.12
2025-08-18T11:41:48.550733,162.0,120.0,-117.0,161.0,-17.0,-160.0,-64.0,-96.0,-157.0,-59.0,22.0,-279.0,127.33,121.27,-98.66,159.85,-12.379999999999999,-175.68,-59.08,-110.69,-136.21,-69.47,8.31,-257.12
2025-08-18T11:41:48.558816,86.0,52.0,-264.0,82.0,-108.0,-105.0,-96.0,-54.0,-164.0,-83.0,19.0,-211.0,51.33,53.27,-245.66,80.85,-103.38,-120.68,-91.08,-68.69,-143.21,-93.47,5.3100000000000005,-189.12
2025-08-18T11:41:48.563120,221.0,20.0,-174.0,174.0,-77.0,-102.0,-146.0,-112.0,-170.0,-63.0,-43.0,-264.0,186.32999999999998,21.27,-155.66,172.85,-72.38,-117.68,-141.08,-126.69,-149.21,-73.47,-56.69,-242.12
2025-08-18T11:41:48.571269,190.0,14.0,-159.0,123.0,-76.0,-137.0,-74.0,-33.0,-263.0,-100.0,117.0,-199.0,155.32999999999998,15.27,-140.66,121.85,-71.38,-152.68,-69.08,-47.69,-242.21,-110.47,103.31,-177.12
2025-08-18T11:41:48.575454,136.0,16.0,-174.0,108.0,-92.0,-167.0,-85.0,-82.0,-172.0,-51.0,57.0,-307.0,101.33,17.27,-155.66,106.85,-87.38,-182.68,-80.08,-96.69,-151.21,-61.47,43.31,-285.12
2025-08-18T11:41:48.583381,224.0,27.0,-228.0,207.0,-44.0,-148.0,-97.0,6.0,-222.0,-83.0,35.0,-271.0,189.32999999999998,28.27,-209.66,205.85,-39.38,-163.68,-92.08,-8.69,-201.21,-93.47,21.310000000000002,-249.12
2025-08-18T11:41:48.591424,230.0,122.0,-254.0,168.0,-23.0,-138.0,-54.0,-146.0,-293.0,-165.0,95.0,-291.0,195.32999999999998,123.27,-235.66,166.85,-18.38,-153.68,-49.08,-160.69,-272.21,-175.47,81.31,-269.12
2025-08-18T11:41:48.595665,196.0,62.0,-199.0,245.0,-82.0,-168.0,-134.0,-127.0,-201.0,-191.0,83.0,-297.0,161.32999999999998,63.27,-180.66,243.85,-77.38,-183.68,-129.08,-141.69,-180.21,-201.47,69.31,-275.12
2025-08-18T11:41:48.603843,277.0,108.0,-230.0,302.0,-83.0,-214.0,-181.0,-96.0,-274.0,-120.0,115.0,-296.0,242.32999999999998,109.27,-211.66,300.85,-78.38,-229.68,-176.08,-110.69,-253.21,-130.47,101.31,-274.12
2025-08-18T11:41:48.608090,395.0,43.0,-253.0,303.0,-60.0,-193.0,-195.0,-163.0,-263.0,-211.0,100.0,-296.0,360.33,44.27,-234.66,301.85,-55.38,-208.68,-190.08,-177.69,-242.21,-221.47,86.31,-274.12
2025-08-18T11:41:48.616582,242.0,15.0,-267.0,249.0,-51.0,-206.0,-159.0,-134.0,-273.0,-89.0,86.0,-237.0,207.32999999999998,16.27,-248.66,247.85,-46.38,-221.68,-154.08,-148.69,-252.21,-99.47,72.31,-215.12
2025-08-18T11:41:48.624311,343.0,89.0,-254.0,188.0,-96.0,-152.0,-140.0,-172.0,-253.0,-246.0,105.0,-333.0,308.33,90.27,-235.66,186.85,-91.38,-167.68,-135.08,-186.69,-232.21,-256.47,91.31,-311.12
2025-08-18T11:41:48.628522,199.0,98.0,-252.0,309.0,-93.0,-202.0,-169.0,-173.0,-297.0,-116.0,69.0,-361.0,164.32999999999998,99.27,-233.66,307.85,-88.38,-217.68,-164.08,-187.69,-276.21,-126.47,55.31,-339.12
2025-08-18T11:41:48.636522,318.0,118.0,-278.0,346.0,-88.0,-230.0,-165.0,-75.0,-301.0,-180.0,103.0,-361.0,283.33,119.27,-259.66,344.85,-83.38,-245.68,-160.08,-89.69,-280.21,-190.47,89.31,-339.12
2025-08-18T11:41:48.640830,427.0,86.0,-269.0,352.0,-133.0,-234.0,-194.0,-200.0,-317.0,-196.0,172.0,-338.0,392.33,87.27,-250.66,350.85,-128.38,-249.68,-189.08,-214.69,-296.21,-206.47,158.31,-316.12
2025-08-18T11:41:48.649105,337.0,63.0,-316.0,358.0,-96.0,-180.0,-265.0,-67.0,-382.0,-192.0,62.0,-306.0,302.33,64.27,-297.66,356.85,-91.38,-195.68,-260.08,-81.69,-361.21,-202.47,48.31,-284.12
2025-08-18T11:41:48.657189,443.0,95.0,-318.0,335.0,-85.0,-281.0,-190.0,-175.0,-364.0,-289.0,161.0,-339.0,408.33,96.27,-299.66,333.85,-80.38,-296.68,-185.08,-189.69,-343.21,-299.47,147.31,-317.12
2025-08-18T11:41:48.661422,429.0,23.0,-357.0,439.0,-88.0,-225.0,-230.0,-216.0,-346.0,-258.0,66.0,-455.0,394.33,24.27,-338.66,437.85,-83.38,-240.68,-225.08,-230.69,-325.21,-268.47,52.31,-433.12
2025-08-18T11:41:48.669465,358.0,117.0,-396.0,410.0,-121.0,-252.0,-260.0,-167.0,-301.0,-224.0,100.0,-412.0,323.33,118.27,-377.66,408.85,-116.38,-267.68,-255.08,-181.69,-280.21,-234.47,86.31,-390.12
2025-08-18T11:41:48.677691,431.0,63.0,-274.0,364.0,-74.0,-283.0,-162.0,-125.0,-314.0,-162.0,164.0,-392.0,396.33,64.27,-255.66,362.85,-69.38,-298.68,-157.08,-139.69,-293.21,-172.47,150.31,-370.12
2025-08-18T11:41:48.681918,485.0,111.0,-288.0,320.0,-112.0,-310.0,-230.0,-164.0,-395.0,-248.0,106.0,-345.0,450.33,112.27,-269.66,318.85,-107.38,-325.68,-225.08,-178.69,-374.21,-258.47,92.31,-323.12
2025-08-18T11:41:48.689903,459.0,107.0,-315.0,415.0,-141.0,-311.0,-291.0,-150.0,-316.0,-315.0,99.0,-403.0,424.33,108.27,-296.66,413.85,-136.38,-326.68,-286.08,-164.69,-295.21,-325.47,85.31,-381.12
2025-08-18T11:41:48.698033,362.0,121.0,-400.0,398.0,-124.0,-231.0,-290.0,-139.0,-351.0,-308.0,108.0,-392.0,327.33,122.27,-381.66,396.85,-119.38,-246.68,-285.08,-153.69,-330.21,-318.47,94.31,-370.12
2025-08-18T11:41:48.702391,433.0,105.0,-340.0,415.0,-105.0,-258.0,-154.0,-145.0,-354.0,-257.0,140.0,-421.0,398.33,106.27,-321.66,413.85,-100.38,-273.68,-149.08,-159.69,-333.21,-267.47,126.31,-399.12
2025-08-18T11:41:48.710380,463.0,105.0,-312.0,399.0,-119.0,-235.0,-241.0,-141.0,-395.0,-296.0,173.0,-397.0,428.33,106.27,-293.66,397.85,-114.38,-250.68,-236.08,-155.69,-374.21,-306.47,159.31,-375.12
2025-08-18T11:41:48.718552,461.0,107.0,-281.0,483.0,-84.0,-249.0,-234.0,-172.0,-306.0,-244.0,176.0,-423.0,426.33,108.27,-262.66,481.85,-79.38,-264.68,-229.08,-186.69,-285.21,-254.47,162.31,-401.12
2025-08-18T11:41:48.722815,454.0,161.0,-341.0,343.0,-167.0,-243.0,-206.0,-93.0,-374.0,-275.0,89.0,-392.0,419.33,162.27,-322.66,341.85,-162.38,-258.68,-201.08,-107.69,-353.21,-285.47,75.31,-370.12
2025-08-18T11:41:48.730951,426.0,113.0,-263.0,378.0,-156.0,-327.0,-203.0,-153.0,-323.0,-229.0,74.0,-388.0,391.33,114.27,-244.66,376.85,-151.38,-342.68,-198.08,-167.69,-302.21,-239.47,60.31,-366.12
2025-08-18T11:41:48.735117,487.0,141.0,-335.0,418.0,-105.0,-273.0,-274.0,-126.0,-332.0,-201.0,156.0,-360.0,452.33,142.27,-316.66,416.85,-100.38,-288.68,-269.08,-140.69,-311.21,-211.47,142.31,-338.12
2025-08-18T11:41:48.743177,384.0,79.0,-317.0,323.0,-111.0,-226.0,-240.0,-171.0,-366.0,-243.0,152.0,-325.0,349.33,80.27,-298.66,321.85,-106.38,-241.68,-235.08,-185.69,-345.21,-253.47,138.31,-303.12
2025-08-18T11:41:48.751319,415.0,99.0,-321.0,449.0,-124.0,-306.0,-254.0,-178.0,-380.0,-222.0,149.0,-368.0,380.33,100.27,-302.66,447.85,-119.38,-321.68,-249.08,-192.69,-359.21,-232.47,135.31,-346.12
2025-08-18T11:41:48.755495,471.0,75.0,-305.0,405.0,-106.0,-283.0,-237.0,-106.0,-322.0,-319.0,123.0,-409.0,436.33,76.27,-286.66,403.85,-101.38,-298.68,-232.08,-120.69,-301.21,-329.47,109.31,-387.12
2025-08-18T11:41:48.763725,388.0,110.0,-328.0,453.0,-116.0,-182.0,-238.0,-152.0,-377.0,-229.0,84.0,-424.0,353.33,111.27,-309.66,451.85,-111.38,-197.68,-233.08,-166.69,-356.21,-239.47,70.31,-402.12
2025-08-18T11:41:48.771846,438.0,51.0,-315.0,373.0,-134.0,-314.0,-236.0,-191.0,-332.0,-253.0,173.0,-356.0,403.33,52.27,-296.66,371.85,-129.38,-329.68,-231.08,-205.69,-311.21,-263.47,159.31,-334.12
2025-08-18T11:41:48.776120,356.0,68.0,-313.0,419.0,-85.0,-315.0,-277.0,-82.0,-318.0,-188.0,99.0,-313.0,321.33,69.27,-294.66,417.85,-80.38,-330.68,-272.08,-96.69,-297.21,-198.47,85.31,-291.12
2025-08-18T11:41:48.784207,474.0,62.0,-254.0,415.0,-104.0,-254.0,-253.0,-159.0,-314.0,-305.0,143.0,-373.0,439.33,63.27,-235.66,413.85,-99.38,-269.68,-248.08,-173.69,-293.21,-315.47,129.31,-351.12
2025-08-18T11:41:48.788458,422.0,56.0,-293.0,413.0,-112.0,-256.0,-258.0,-127.0,-382.0,-203.0,93.0,-446.0,387.33,57.27,-274.66,411.85,-107.38,-271.68,-253.08,-141.69,-361.21,-213.47,79.31,-424.12
2025-08-18T11:41:48.796557,452.0,79.0,-343.0,392.0,-66.0,-293.0,-324.0,-74.0,-341.0,-265.0,94.0,-316.0,417.33,80.27,-324.66,390.85,-61.38,-308.68,-319.08,-88.69,-320.21,-275.47,80.31,-294.12
2025-08-18T11:41:48.804612,452.0,92.0,-323.0,394.0,-132.0,-256.0,-212.0,-182.0,-411.0,-273.0,146.0,-434.0,417.33,93.27,-304.66,392.85,-127.38,-271.68,-207.08,-196.69,-390.21,-283.47,132.31,-412.12
2025-08-18T11:41:48.808876,329.0,110.0,-365.0,395.0,-159.0,-272.0,-206.0,-165.0,-291.0,-278.0,99.0,-365.0,294.33,111.27,-346.66,393.85,-154.38,-287.68,-201.08,-179.69,-270.21,-288.47,85.31,-343.12
2025-08-18T11:41:48.817021,427.0,121.0,-343.0,344.0,-103.0,-302.0,-284.0,-192.0,-340.0,-221.0,141.0,-423.0,392.33,122.27,-324.66,342.85,-98.38,-317.68,-279.08,-206.69,-319.21,-231.47,127.31,-401.12
2025-08-18T11:41:48.825115,461.0,66.0,-311.0,362.0,-147.0,-254.0,-268.0,-177.0,-325.0,-267.0,110.0,-307.0,426.33,67.27,-292.66,360.85,-142.38,-269.68,-263.08,-191.69,-304.21,-277.47,96.31,-285.12
2025-08-18T11:41:48.829322,454.0,168.0,-301.0,442.0,-141.0,-274.0,-273.0,-158.0,-299.0,-278.0,171.0,-384.0,419.33,169.27,-282.66,440.85,-136.38,-289.68,-268.08,-172.69,-278.21,-288.47,157.31,-362.12
2025-08-18T11:41:48.837417,452.0,124.0,-222.0,446.0,-143.0,-345.0,-305.0,-95.0,-352.0,-251.0,139.0,-356.0,417.33,125.27,-203.66,444.85,-138.38,-360.68,-300.08,-109.69,-331.21,-261.47,125.31,-334.12
2025-08-18T11:41:48.845335,352.0,104.0,-298.0,342.0,-71.0,-273.0,-254.0,-182.0,-411.0,-319.0,79.0,-392.0,317.33,105.27,-279.66,340.85,-66.38,-288.68,-249.08,-196.69,-390.21,-329.47,65.31,-370.12
2025-08-18T11:41:48.849863,471.0,118.0,-332.0,474.0,-117.0,-286.0,-268.0,-171.0,-296.0,-222.0,96.0,-336.0,436.33,119.27,-313.66,472.85,-112.38,-301.68,-263.08,-185.69,-275.21,-232.47,82.31,-314.12
2025-08-18T11:41:48.858011,403.0,121.0,-362.0,466.0,-131.0,-348.0,-245.0,-115.0,-343.0,-184.0,169.0,-450.0,368.33,122.27,-343.66,464.85,-126.38,-363.68,-240.08,-129.69,-322.21,-194.47,155.31,-428.12
2025-08-18T11:41:48.865928,451.0,110.0,-252.0,391.0,-105.0,-288.0,-233.0,-126.0,-277.0,-242.0,128.0,-395.0,416.33,111.27,-233.66,389.85,-100.38,-303.68,-228.08,-140.69,-256.21,-252.47,114.31,-373.12
2025-08-18T11:41:48.870302,378.0,118.0,-332.0,413.0,-67.0,-311.0,-279.0,-177.0,-360.0,-212.0,145.0,-330.0,343.33,119.27,-313.66,411.85,-62.38,-326.68,-274.08,-191.69,-339.21,-222.47,131.31,-308.12
2025-08-18T11:41:48.878304,492.0,58.0,-289.0,444.0,-143.0,-250.0,-245.0,-204.0,-343.0,-230.0,116.0,-374.0,457.33,59.27,-270.66,442.85,-138.38,-265.68,-240.08,-218.69,-322.21,-240.47,102.31,-352.12
2025-08-18T11:41:48.882501,441.0,91.0,-315.0,410.0,-104.0,-266.0,-276.0,-188.0,-353.0,-243.0,143.0,-422.0,406.33,92.27,-296.66,408.85,-99.38,-281.68,-271.08,-202.69,-332.21,-253.47,129.31,-400.12
2025-08-18T11:41:48.890810,399.0,77.0,-230.0,425.0,-135.0,-298.0,-206.0,-198.0,-351.0,-226.0,149.0,-332.0,364.33,78.27,-211.66,423.85,-130.38,-313.68,-201.08,-212.69,-330.21,-236.47,135.31,-310.12
2025-08-18T11:41:48.898657,432.0,118.0,-269.0,461.0,-153.0,-267.0,-297.0,-127.0,-409.0,-292.0,101.0,-372.0,397.33,119.27,-250.66,459.85,-148.38,-282.68,-292.08,-141.69,-388.21,-302.47,87.31,-350.12
2025-08-18T11:41:48.902935,457.0,83.0,-260.0,458.0,-140.0,-199.0,-221.0,-85.0,-359.0,-248.0,143.0,-434.0,422.33,84.27,-241.66,456.85,-135.38,-214.68,-216.08,-99.69,-338.21,-258.47,129.31,-412.12
2025-08-18T11:41:48.911099,395.0,134.0,-330.0,427.0,-56.0,-326.0,-340.0,-113.0,-297.0,-268.0,182.0,-423.0,360.33,135.27,-311.66,425.85,-51.38,-341.68,-335.08,-127.69,-276.21,-278.47,168.31,-401.12
2025-08-18T11:41:48.919216,427.0,101.0,-267.0,480.0,-208.0,-256.0,-259.0,-167.0,-311.0,-244.0,114.0,-396.0,392.33,102.27,-248.66,478.85,-203.38,-271.68,-254.08,-181.69,-290.21,-254.47,100.31,-374.12
2025-08-18T11:41:48.923474,442.0,76.0,-349.0,423.0,-166.0,-256.0,-258.0,-145.0,-425.0,-290.0,91.0,-444.0,407.33,77.27,-330.66,421.85,-161.38,-271.68,-253.08,-159.69,-404.21,-300.47,77.31,-422.12
2025-08-18T11:41:48.931755,468.0,109.0,-269.0,516.0,-114.0,-337.0,-205.0,-177.0,-325.0,-209.0,169.0,-397.0,433.33,110.27,-250.66,514.85,-109.38,-352.68,-200.08,-191.69,-304.21,-219.47,155.31,-375.12
2025-08-18T11:41:48.939744,403.0,161.0,-335.0,374.0,-124.0,-238.0,-338.0,-142.0,-415.0,-253.0,156.0,-405.0,368.33,162.27,-316.66,372.85,-119.38,-253.68,-333.08,-156.69,-394.21,-263.47,142.31,-383.12
2025-08-18T11:41:48.944132,432.0,59.0,-318.0,392.0,-142.0,-302.0,-219.0,-153.0,-312.0,-292.0,142.0,-385.0,397.33,60.27,-299.66,390.85,-137.38,-317.68,-214.08,-167.69,-291.21,-302.47,128.31,-363.12
2025-08-18T11:41:48.952142,395.0,92.0,-260.0,447.0,-203.0,-311.0,-295.0,-138.0,-356.0,-306.0,177.0,-402.0,360.33,93.27,-241.66,445.85,-198.38,-326.68,-290.08,-152.69,-335.21,-316.47,163.31,-380.12
2025-08-18T11:41:48.960148,456.0,60.0,-280.0,437.0,-141.0,-248.0,-305.0,-147.0,-289.0,-214.0,125.0,-420.0,421.33,61.27,-261.66,435.85,-136.38,-263.68,-300.08,-161.69,-268.21,-224.47,111.31,-398.12
2025-08-18T11:41:48.964380,485.0,119.0,-363.0,431.0,-60.0,-306.0,-242.0,-134.0,-382.0,-284.0,139.0,-389.0,450.33,120.27,-344.66,429.85,-55.38,-321.68,-237.08,-148.69,-361.21,-294.47,125.31,-367.12
2025-08-18T11:41:48.972464,420.0,89.0,-325.0,465.0,-113.0,-288.0,-171.0,-140.0,-349.0,-266.0,137.0,-404.0,385.33,90.27,-306.66,463.85,-108.38,-303.68,-166.08,-154.69,-328.21,-276.47,123.31,-382.12
2025-08-18T11:41:48.976824,451.0,117.0,-311.0,367.0,-86.0,-269.0,-269.0,-120.0,-384.0,-324.0,165.0,-388.0,416.33,118.27,-292.66,365.85,-81.38,-284.68,-264.08,-134.69,-363.21,-334.47,151.31,-366.12
2025-08-18T11:41:48.984905,485.0,54.0,-310.0,415.0,-43.0,-235.0,-235.0,-166.0,-337.0,-281.0,126.0,-399.0,450.33,55.27,-291.66,413.85,-38.38,-250.68,-230.08,-180.69,-316.21,-291.47,112.31,-377.12
2025-08-18T11:41:48.993055,397.0,140.0,-366.0,414.0,-127.0,-313.0,-273.0,-94.0,-383.0,-289.0,162.0,-370.0,362.33,141.27,-347.66,412.85,-122.38,-328.68,-268.08,-108.69,-362.21,-299.47,148.31,-348.12
2025-08-18T11:41:48.997294,462.0,82.0,-325.0,425.0,-178.0,-325.0,-224.0,-145.0,-357.0,-207.0,117.0,-314.0,427.33,83.27,-306.66,423.85,-173.38,-340.68,-219.08,-159.69,-336.21,-217.47,103.31,-292.12
2025-08-18T11:41:49.005380,412.0,76.0,-337.0,404.0,-70.0,-286.0,-221.0,-177.0,-356.0,-224.0,201.0,-392.0,377.33,77.27,-318.66,402.85,-65.38,-301.68,-216.08,-191.69,-335.21,-234.47,187.31,-370.12
2025-08-18T11:41:49.013397,416.0,51.0,-297.0,401.0,-137.0,-303.0,-282.0,-143.0,-349.0,-221.0,92.0,-354.0,381.33,52.27,-278.66,399.85,-132.38,-318.68,-277.08,-157.69,-328.21,-231.47,78.31,-332.12
2025-08-18T11:41:49.017727,387.0,127.0,-347.0,397.0,-148.0,-301.0,-276.0,-122.0,-395.0,-285.0,123.0,-348.0,352.33,128.27,-328.66,395.85,-143.38,-316.68,-271.08,-136.69,-374.21,-295.47,109.31,-326.12
2025-08-18T11:41:49.025680,470.0,76.0,-280.0,494.0,-168.0,-265.0,-258.0,-162.0,-367.0,-224.0,40.0,-319.0,435.33,77.27,-261.66,492.85,-163.38,-280.68,-253.08,-176.69,-346.21,-234.47,26.310000000000002,-297.12
2025-08-18T11:41:49.034016,368.0,139.0,-284.0,360.0,-133.0,-312.0,-272.0,-135.0,-387.0,-272.0,140.0,-409.0,333.33,140.27,-265.66,358.85,-128.38,-327.68,-267.08,-149.69,-366.21,-282.47,126.31,-387.12
2025-08-18T11:41:49.038139,459.0,106.0,-380.0,439.0,-137.0,-327.0,-232.0,-187.0,-397.0,-218.0,149.0,-372.0,424.33,107.27,-361.66,437.85,-132.38,-342.68,-227.08,-201.69,-376.21,-228.47,135.31,-350.12
2025-08-18T11:41:49.046198,446.0,127.0,-348.0,421.0,-63.0,-310.0,-209.0,-163.0,-363.0,-235.0,110.0,-324.0,411.33,128.27,-329.66,419.85,-58.38,-325.68,-204.08,-177.69,-342.21,-245.47,96.31,-302.12
2025-08-18T11:41:49.054433,456.0,113.0,-350.0,421.0,-78.0,-328.0,-224.0,-152.0,-365.0,-316.0,132.0,-338.0,421.33,114.27,-331.66,419.85,-73.38,-343.68,-219.08,-166.69,-344.21,-326.47,118.31,-316.12
2025-08-18T11:41:49.058694,409.0,108.0,-337.0,440.0,-131.0,-301.0,-236.0,-78.0,-383.0,-257.0,132.0,-429.0,374.33,109.27,-318.66,438.85,-126.38,-316.68,-231.08,-92.69,-362.21,-267.47,118.31,-407.12
2025-08-18T11:41:49.066764,469.0,47.0,-262.0,430.0,-136.0,-262.0,-279.0,-159.0,-328.0,-258.0,90.0,-360.0,434.33,48.27,-243.66,428.85,-131.38,-277.68,-274.08,-173.69,-307.21,-268.47,76.31,-338.12
2025-08-18T11:41:49.070849,410.0,139.0,-274.0,454.0,-116.0,-281.0,-273.0,-74.0,-357.0,-297.0,98.0,-379.0,375.33,140.27,-255.66,452.85,-111.38,-296.68,-268.08,-88.69,-336.21,-307.47,84.31,-357.12
2025-08-18T11:41:49.079033,465.0,69.0,-363.0,473.0,-124.0,-195.0,-210.0,-170.0,-316.0,-263.0,171.0,-364.0,430.33,70.27,-344.66,471.85,-119.38,-210.68,-205.08,-184.69,-295.21,-273.47,157.31,-342.12
2025-08-18T11:41:49.087308,355.0,119.0,-285.0,356.0,-99.0,-277.0,-250.0,-183.0,-384.0,-254.0,122.0,-407.0,320.33,120.27,-266.66,354.85,-94.38,-292.68,-245.08,-197.69,-363.21,-264.47,108.31,-385.12
2025-08-18T11:41:49.091452,471.0,115.0,-306.0,422.0,-97.0,-286.0,-284.0,-202.0,-353.0,-256.0,140.0,-360.0,436.33,116.27,-287.66,420.85,-92.38,-301.68,-279.08,-216.69,-332.21,-266.47,126.31,-338.12
2025-08-18T11:41:49.099485,416.0,106.0,-342.0,416.0,-95.0,-257.0,-299.0,-120.0,-386.0,-228.0,151.0,-451.0,381.33,107.27,-323.66,414.85,-90.38,-272.68,-294.08,-134.69,-365.21,-238.47,137.31,-429.12
2025-08-18T11:41:49.107652,455.0,137.0,-290.0,395.0,-138.0,-292.0,-167.0,-200.0,-351.0,-225.0,68.0,-427.0,420.33,138.27,-271.66,393.85,-133.38,-307.68,-162.08,-214.69,-330.21,-235.47,54.31,-405.12
2025-08-18T11:41:49.111929,429.0,42.0,-363.0,388.0,-178.0,-275.0,-310.0,-139.0,-329.0,-278.0,107.0,-403.0,394.33,43.27,-344.66,386.85,-173.38,-290.68,-305.08,-153.69,-308.21,-288.47,93.31,-381.12
2025-08-18T11:41:49.120056,516.0,65.0,-278.0,496.0,-78.0,-258.0,-231.0,-167.0,-354.0,-273.0,151.0,-372.0,481.33,66.27,-259.66,494.85,-73.38,-273.68,-226.08,-181.69,-333.21,-283.47,137.31,-350.12
2025-08-18T11:41:49.124293,394.0,99.0,-324.0,488.0,-84.0,-334.0,-227.0,-143.0,-377.0,-293.0,181.0,-377.0,359.33,100.27,-305.66,486.85,-79.38,-349.68,-222.08,-157.69,-356.21,-303.47,167.31,-355.12
2025-08-18T11:41:49.132394,443.0,56.0,-340.0,462.0,-125.0,-262.0,-228.0,-106.0,-314.0,-215.0,90.0,-340.0,408.33,57.27,-321.66,460.85,-120.38,-277.68,-223.08,-120.69,-293.21,-225.47,76.31,-318.12
2025-08-18T11:41:49.140395,394.0,123.0,-390.0,471.0,-99.0,-230.0,-308.0,-113.0,-389.0,-323.0,179.0,-393.0,359.33,124.27,-371.66,469.85,-94.38,-245.68,-303.08,-127.69,-368.21,-333.47,165.31,-371.12
2025-08-18T11:41:49.144709,491.0,94.0,-308.0,473.0,-91.0,-252.0,-264.0,-150.0,-345.0,-270.0,117.0,-383.0,456.33,95.27,-289.66,471.85,-86.38,-267.68,-259.08,-164.69,-324.21,-280.47,103.31,-361.12
2025-08-18T11:41:49.152862,439.0,135.0,-313.0,378.0,-125.0,-267.0,-197.0,-119.0,-433.0,-294.0,181.0,-390.0,404.33,136.27,-294.66,376.85,-120.38,-282.68,-192.08,-133.69,-412.21,-304.47,167.31,-368.12
2025-08-18T11:41:49.160981,474.0,132.0,-284.0,435.0,-59.0,-264.0,-225.0,-164.0,-294.0,-199.0,103.0,-391.0,439.33,133.27,-265.66,433.85,-54.38,-279.68,-220.08,-178.69,-273.21,-209.47,89.31,-369.12
2025-08-18T11:41:49.165196,424.0,111.0,-299.0,412.0,-101.0,-264.0,-245.0,-105.0,-377.0,-268.0,156.0,-414.0,389.33,112.27,-280.66,410.85,-96.38,-279.68,-240.08,-119.69,-356.21,-278.47,142.31,-392.12
2025-08-18T11:41:49.173347,423.0,84.0,-271.0,471.0,-171.0,-248.0,-297.0,-90.0,-334.0,-219.0,101.0,-343.0,388.33,85.27,-252.66,469.85,-166.38,-263.68,-292.08,-104.69,-313.21,-229.47,87.31,-321.12
2025-08-18T11:41:49.181342,433.0,94.0,-343.0,338.0,-101.0,-311.0,-275.0,-156.0,-349.0,-330.0,100.0,-402.0,398.33,95.27,-324.66,336.85,-96.38,-326.68,-270.08,-170.69,-328.21,-340.47,86.31,-380.12
2025-08-18T11:41:49.185591,366.0,131.0,-348.0,388.0,-86.0,-259.0,-230.0,-171.0,-335.0,-241.0,172.0,-338.0,331.33,132.27,-329.66,386.85,-81.38,-274.68,-225.08,-185.69,-314.21,-251.47,158.31,-316.12
2025-08-18T11:41:49.193722,391.0,147.0,-255.0,455.0,-81.0,-273.0,-246.0,-99.0,-365.0,-313.0,158.0,-414.0,356.33,148.27,-236.66,453.85,-76.38,-288.68,-241.08,-113.69,-344.21,-323.47,144.31,-392.12
2025-08-18T11:41:49.201763,486.0,121.0,-297.0,417.0,-114.0,-214.0,-281.0,-182.0,-385.0,-289.0,178.0,-328.0,451.33,122.27,-278.66,415.85,-109.38,-229.68,-276.08,-196.69,-364.21,-299.47,164.31,-306.12
2025-08-18T11:41:49.206124,402.0,99.0,-311.0,402.0,-121.0,-306.0,-253.0,-129.0,-393.0,-248.0,168.0,-414.0,367.33,100.27,-292.66,400.85,-116.38,-321.68,-248.08,-143.69,-372.21,-258.47,154.31,-392.12
2025-08-18T11:41:49.214119,478.0,16.0,-268.0,419.0,-105.0,-287.0,-239.0,-118.0,-332.0,-259.0,94.0,-436.0,443.33,17.27,-249.66,417.85,-100.38,-302.68,-234.08,-132.69,-311.21,-269.47,80.31,-414.12
2025-08-18T11:41:49.218341,343.0,91.0,-352.0,390.0,-30.0,-250.0,-240.0,-128.0,-377.0,-310.0,167.0,-386.0,308.33,92.27,-333.66,388.85,-25.38,-265.68,-235.08,-142.69,-356.21,-320.47,153.31,-364.12
2025-08-18T11:41:49.226430,460.0,53.0,-296.0,402.0,-48.0,-240.0,-199.0,-191.0,-282.0,-247.0,120.0,-387.0,425.33,54.27,-277.66,400.85,-43.38,-255.68,-194.08,-205.69,-261.21,-257.47,106.31,-365.12
2025-08-18T11:41:49.234667,425.0,60.0,-389.0,371.0,-39.0,-228.0,-215.0,-96.0,-352.0,-271.0,98.0,-397.0,390.33,61.27,-370.66,369.85,-34.38,-243.68,-210.08,-110.69,-331.21,-281.47,84.31,-375.12
2025-08-18T11:41:49.238755,490.0,76.0,-311.0,434.0,-98.0,-286.0,-177.0,-169.0,-369.0,-219.0,144.0,-401.0,455.33,77.27,-292.66,432.85,-93.38,-301.68,-172.08,-183.69,-348.21,-229.47,130.31,-379.12
2025-08-18T11:41:49.246893,365.0,65.0,-336.0,410.0,-53.0,-271.0,-292.0,-110.0,-378.0,-291.0,97.0,-326.0,330.33,66.27,-317.66,408.85,-48.38,-286.68,-287.08,-124.69,-357.21,-301.47,83.31,-304.12
2025-08-18T11:41:49.251375,410.0,97.0,-378.0,367.0,-107.0,-271.0,-231.0,-75.0,-364.0,-279.0,120.0,-383.0,375.33,98.27,-359.66,365.85,-102.38,-286.68,-226.08,-89.69,-343.21,-289.47,106.31,-361.12
2025-08-18T11:41:49.259248,432.0,21.0,-269.0,412.0,-138.0,-282.0,-228.0,-208.0,-372.0,-224.0,90.0,-378.0,397.33,22.27,-250.66,410.85,-133.38,-297.68,-223.08,-222.69,-351.21,-234.47,76.31,-356.12
2025-08-18T11:41:49.267337,390.0,114.0,-347.0,405.0,-149.0,-284.0,-316.0,-112.0,-339.0,-263.0,124.0,-418.0,355.33,115.27,-328.66,403.85,-144.38,-299.68,-311.08,-126.69,-318.21,-273.47,110.31,-396.12
2025-08-18T11:41:49.271592,417.0,52.0,-306.0,359.0,-53.0,-277.0,-226.0,-174.0,-331.0,-265.0,121.0,-339.0,382.33,53.27,-287.66,357.85,-48.38,-292.68,-221.08,-188.69,-310.21,-275.47,107.31,-317.12
2025-08-18T11:41:49.279727,407.0,113.0,-309.0,424.0,-46.0,-262.0,-289.0,-145.0,-380.0,-257.0,91.0,-414.0,372.33,114.27,-290.66,422.85,-41.38,-277.68,-284.08,-159.69,-359.21,-267.47,77.31,-392.12
2025-08-18T11:41:49.287827,422.0,139.0,-255.0,423.0,-103.0,-290.0,-250.0,-142.0,-379.0,-204.0,64.0,-360.0,387.33,140.27,-236.66,421.85,-98.38,-305.68,-245.08,-156.69,-358.21,-214.47,50.31,-338.12
2025-08-18T11:41:49.292169,428.0,111.0,-317.0,464.0,-68.0,-257.0,-299.0,-116.0,-360.0,-199.0,188.0,-402.0,393.33,112.27,-298.66,462.85,-63.38,-272.68,-294.08,-130.69,-339.21,-209.47,174.31,-380.12
2025-08-18T11:41:49.300152,452.0,97.0,-281.0,421.0,-212.0,-264.0,-243.0,-191.0,-316.0,-223.0,119.0,-435.0,417.33,98.27,-262.66,419.85,-207.38,-279.68,-238.08,-205.69,-295.21,-233.47,105.31,-413.12
2025-08-18T11:41:49.308244,394.0,102.0,-329.0,383.0,-97.0,-297.0,-256.0,-130.0,-354.0,-229.0,162.0,-411.0,359.33,103.27,-310.66,381.85,-92.38,-312.68,-251.08,-144.69,-333.21,-239.47,148.31,-389.12
2025-08-18T11:41:49.312537,445.0,132.0,-259.0,367.0,-117.0,-264.0,-256.0,-184.0,-327.0,-235.0,127.0,-411.0,410.33,133.27,-240.66,365.85,-112.38,-279.68,-251.08,-198.69,-306.21,-245.47,113.31,-389.12
2025-08-18T11:41:49.320697,480.0,166.0,-356.0,424.0,-110.0,-226.0,-319.0,-158.0,-280.0,-303.0,238.0,-404.0,445.33,167.27,-337.66,422.85,-105.38,-241.68,-314.08,-172.69,-259.21,-313.47,224.31,-382.12
2025-08-18T11:41:49.328637,480.0,102.0,-266.0,348.0,-100.0,-338.0,-241.0,-202.0,-313.0,-194.0,102.0,-292.0,445.33,103.27,-247.66,346.85,-95.38,-353.68,-236.08,-216.69,-292.21,-204.47,88.31,-270.12
2025-08-18T11:41:49.332907,393.0,136.0,-275.0,340.0,-75.0,-234.0,-213.0,-182.0,-369.0,-209.0,160.0,-392.0,358.33,137.27,-256.66,338.85,-70.38,-249.68,-208.08,-196.69,-348.21,-219.47,146.31,-370.12
2025-08-18T11:41:49.341211,386.0,59.0,-262.0,346.0,-132.0,-276.0,-256.0,-162.0,-322.0,-253.0,102.0,-374.0,351.33,60.27,-243.66,344.85,-127.38,-291.68,-251.08,-176.69,-301.21,-263.47,88.31,-352.12
2025-08-18T11:41:49.345524,394.0,66.0,-286.0,401.0,-162.0,-289.0,-258.0,-70.0,-370.0,-203.0,199.0,-386.0,359.33,67.27,-267.66,399.85,-157.38,-304.68,-253.08,-84.69,-349.21,-213.47,185.31,-364.12
2025-08-18T11:41:49.353382,429.0,58.0,-303.0,416.0,-82.0,-203.0,-215.0,-182.0,-356.0,-202.0,129.0,-307.0,394.33,59.27,-284.66,414.85,-77.38,-218.68,-210.08,-196.69,-335.21,-212.47,115.31,-285.12
2025-08-18T11:41:49.361524,313.0,136.0,-292.0,343.0,-50.0,-267.0,-256.0,-71.0,-300.0,-184.0,117.0,-357.0,278.33,137.27,-273.66,341.85,-45.38,-282.68,-251.08,-85.69,-279.21,-194.47,103.31,-335.12
2025-08-18T11:41:49.365892,360.0,14.0,-230.0,267.0,-51.0,-201.0,-141.0,-75.0,-182.0,-147.0,57.0,-319.0,325.33,15.27,-211.66,265.85,-46.38,-216.68,-136.08,-89.69,-161.21,-157.47,43.31,-297.12
2025-08-18T11:41:49.373776,222.0,38.0,-223.0,280.0,-9.0,-239.0,-200.0,-70.0,-265.0,-88.0,60.0,-283.0,187.32999999999998,39.27,-204.66,278.85,-4.38,-254.68,-195.08,-84.69,-244.21,-98.47,46.31,-261.12
2025-08-18T11:41:49.378151,294.0,183.0,-238.0,263.0,-44.0,-167.0,-158.0,-101.0,-260.0,-153.0,108.0,-324.0,259.33,184.27,-219.66,261.85,-39.38,-182.68,-153.08,-115.69,-239.21,-163.47,94.31,-302.12
2025-08-18T11:41:49.386200,304.0,46.0,-197.0,194.0,-116.0,-171.0,-174.0,-98.0,-230.0,-107.0,44.0,-267.0,269.33,47.27,-178.66,192.85,-111.38,-186.68,-169.08,-112.69,-209.21,-117.47,30.310000000000002,-245.12
2025-08-18T11:41:49.394222,209.0,42.0,-119.0,160.0,-100.0,-179.0,-130.0,-10.0,-255.0,-162.0,150.0,-296.0,174.32999999999998,43.27,-100.66,158.85,-95.38,-194.68,-125.08,-24.689999999999998,-234.21,-172.47,136.31,-274.12
2025-08-18T11:41:49.398656,214.0,62.0,-206.0,161.0,-36.0,-133.0,-31.0,-100.0,-182.0,-72.0,46.0,-179.0,179.32999999999998,63.27,-187.66,159.85,-31.38,-148.68,-26.08,-114.69,-161.21,-82.47,32.31,-157.12
2025-08-18T11:41:49.406726,252.0,54.0,-196.0,131.0,-18.0,-138.0,-131.0,-57.0,-250.0,-83.0,119.0,-195.0,217.32999999999998,55.27,-177.66,129.85,-13.379999999999999,-153.68,-126.08,-71.69,-229.21,-93.47,105.31,-173.12
2025-08-18T11:41:49.410869,210.0,43.0,-153.0,192.0,-100.0,-124.0,-27.0,-47.0,-194.0,-9.0,123.0,-257.0,175.32999999999998,44.27,-134.66,190.85,-95.38,-139.68,-22.08,-61.69,-173.21,-19.47,109.31,-235.12
2025-08-18T11:41:49.419084,162.0,95.0,-218.0,238.0,-54.0,-142.0,-86.0,-24.0,-117.0,-57.0,75.0,-150.0,127.33,96.27,-199.66,236.85,-49.38,-157.68,-81.08,-38.69,-96.21000000000001,-67.47,61.31,-128.12
2025-08-18T11:41:49.423298,156.0,-34.0,-103.0,166.0,-61.0,-130.0,-73.0,-25.0,-171.0,-78.0,58.0,-260.0,121.33,-32.73,-84.66,164.85,-56.38,-145.68,-68.08,-39.69,-150.21,-88.47,44.31,-238.12
2025-08-18T11:41:49.431367,188.0,49.0,-145.0,132.0,-23.0,-92.0,-90.0,-14.0,-189.0,-94.0,101.0,-165.0,153.32999999999998,50.27,-126.66,130.85,-18.38,-107.68,-85.08,-28.689999999999998,-168.21,-104.47,87.31,-143.12
2025-08-18T11:41:49.435491,133.0,43.0,-156.0,115.0,-23.0,-100.0,-42.0,-64.0,-166.0,3.0,12.0,-202.0,98.33,44.27,-137.66,113.85,-18.38,-115.68,-37.08,-78.69,-145.21,-7.470000000000001,-1.6899999999999995,-180.12
2025-08-18T11:41:49.443616,168.0,35.0,-146.0,108.0,-98.0,-154.0,-90.0,-18.0,-203.0,-72.0,99.0,-153.0,133.32999999999998,36.27,-127.66,106.85,-93.38,-169.68,-85.08,-32.69,-182.21,-82.47,85.31,-131.12
2025-08-18T11:41:49.451657,111.0,45.0,-139.0,87.0,-18.0,-107.0,-163.0,-17.0,-196.0,-37.0,117.0,-166.0,76.33,46.27,-120.66,85.85,-13.379999999999999,-122.68,-158.08,-31.689999999999998,-175.21,-47.47,103.31,-144.12
2025-08-18T11:41:49.455900,114.0,76.0,-89.0,66.0,-37.0,-93.0,-52.0,2.0,-230.0,-7.0,61.0,-138.0,79.33,77.27,-70.66,64.85,-32.38,-108.68,-47.08,-12.69,-209.21,-17.47,47.31,-116.12
2025-08-18T11:41:49.463935,122.0,49.0,-169.0,74.0,-36.0,-51.0,-35.0,-49.0,-183.0,-66.0,87.0,-128.0,87.33,50.27,-150.66,72.85,-31.38,-66.68,-30.08,-63.69,-162.21,-76.47,73.31,-106.12
2025-08-18T11:41:49.468115,133.0,41.0,-114.0,106.0,-12.0,-81.0,-71.0,0.0,-169.0,-48.0,85.0,-151.0,98.33,42.27,-95.66,104.85,-7.38,-96.68,-66.08,-14.69,-148.21,-58.47,71.31,-129.12
2025-08-18T11:41:49.476240,114.0,11.0,-180.0,96.0,-59.0,-78.0,-41.0,1.0,-114.0,-80.0,91.0,-197.0,79.33,12.27,-161.66,94.85,-54.38,-93.68,-36.08,-13.69,-93.21000000000001,-90.47,77.31,-175.12
2025-08-18T11:41:49.480585,131.0,-2.0,-66.0,65.0,-101.0,-86.0,-97.0,-4.0,-133.0,-34.0,6.0,-119.0,96.33,-0.73,-47.66,63.85,-96.38,-101.68,-92.08,-18.689999999999998,-112.21000000000001,-44.47,-7.6899999999999995,-97.12
2025-08-18T11:41:49.488540,22.0,58.0,-67.0,51.0,-61.0,-94.0,-31.0,9.0,-178.0,-23.0,61.0,-124.0,-12.670000000000002,59.27,-48.66,49.85,-56.38,-109.68,-26.08,-5.6899999999999995,-157.21,-33.47,47.31,-102.12
2025-08-18T11:41:49.492750,52.0,52.0,-75.0,40.0,-60.0,-134.0,-93.0,-42.0,-168.0,-5.0,66.0,-155.0,17.33,53.27,-56.66,38.85,-55.38,-149.68,-88.08,-56.69,-147.21,-15.47,52.31,-133.12
2025-08-18T11:41:49.500843,77.0,35.0,-202.0,115.0,7.0,-105.0,-95.0,-20.0,-133.0,-56.0,-1.0,-111.0,42.33,36.27,-183.66,113.85,11.620000000000001,-120.68,-90.08,-34.69,-112.21000000000001,-66.47,-14.69,-89.12
2025-08-18T11:41:49.505070,121.0,89.0,-129.0,-9.0,-18.0,-115.0,-28.0,-57.0,-153.0,-20.0,48.0,-144.0,86.33,90.27,-110.66,-10.15,-13.379999999999999,-130.68,-23.08,-71.69,-132.21,-30.47,34.31,-122.12
2025-08-18T11:41:49.513168,208.0,66.0,-68.0,95.0,2.0,-127.0,-100.0,-23.0,-156.0,-53.0,30.0,-128.0,173.32999999999998,67.27,-49.66,93.85,6.62,-142.68,-95.08,-37.69,-135.21,-63.47,16.310000000000002,-106.12
2025-08-18T11:41:49.517276,109.0,19.0,-110.0,72.0,-31.0,-143.0,-46.0,-33.0,-167.0,-5.0,4.0,-157.0,74.33,20.27,-91.66,70.85,-26.38,-158.68,-41.08,-47.69,-146.21,-15.47,-9.69,-135.12
2025-08-18T11:41:49.525448,55.0,20.0,-113.0,56.0,-41.0,-62.0,-58.0,-114.0,-102.0,-113.0,-4.0,-158.0,20.33,21.27,-94.66,54.85,-36.38,-77.68,-53.08,-128.69,-81.21000000000001,-123.47,-17.689999999999998,-136.12
2025-08-18T11:41:49.533381,-3.0,33.0,-166.0,45.0,0.0,-100.0,-50.0,31.0,-117.0,-40.0,-35.0,-150.0,-37.67,34.27,-147.66,43.85,4.62,-115.68,-45.08,16.310000000000002,-96.21000000000001,-50.47,-48.69,-128.12
2025-08-18T11:41:49.537817,90.0,83.0,-220.0,140.0,-23.0,-106.0,-50.0,-11.0,-144.0,-26.0,-35.0,-124.0,55.33,84.27,-201.66,138.85,-18.38,-121.68,-45.08,-25.689999999999998,-123.21000000000001,-36.47,-48.69,-102.12
2025-08-18T11:41:49.545937,64.0,-63.0,-188.0,5.0,0.0,-122.0,-41.0,-4.0,-174.0,-22.0,60.0,-76.0,29.33,-61.73,-169.66,3.85,4.62,-137.68,-36.08,-18.689999999999998,-153.21,-32.47,46.31,-54.120000000000005
2025-08-18T11:41:49.550200,96.0,1.0,-61.0,110.0,-50.0,-137.0,-76.0,-16.0,-140.0,45.0,22.0,-157.0,61.33,2.27,-42.66,108.85,-45.38,-152.68,-71.08,-30.689999999999998,-119.21000000000001,34.53,8.31,-135.12
2025-08-18T11:41:49.558297,41.0,73.0,-99.0,78.0,-38.0,-139.0,-75.0,-8.0,-199.0,-43.0,68.0,-168.0,6.329999999999998,74.27,-80.66,76.85,-33.38,-154.68,-70.08,-22.689999999999998,-178.21,-53.47,54.31,-146.12
2025-08-18T11:41:49.562465,74.0,25.0,-68.0,127.0,-69.0,-131.0,-85.0,-12.0,-52.0,-20.0,52.0,-87.0,39.33,26.27,-49.66,125.85,-64.38,-146.68,-80.08,-26.689999999999998,-31.21,-30.47,38.31,-65.12
2025-08-18T11:41:49.570575,78.0,23.0,-135.0,75.0,-52.0,-80.0,-84.0,-40.0,-148.0,-57.0,28.0,-161.0,43.33,24.27,-116.66,73.85,-47.38,-95.68,-79.08,-54.69,-127.21000000000001,-67.47,14.31,-139.12
2025-08-18T11:41:49.574804,98.0,113.0,-177.0,19.0,-37.0,-82.0,-63.0,45.0,-121.0,-5.0,93.0,-223.0,63.33,114.27,-158.66,17.85,-32.38,-97.68,-58.08,30.310000000000002,-100.21000000000001,-15.47,79.31,-201.12
2025-08-18T11:41:49.582627,83.0,47.0,-227.0,23.0,-22.0,-138.0,5.0,-9.0,-82.0,-40.0,68.0,-188.0,48.33,48.27,-208.66,21.85,-17.38,-153.68,9.92,-23.689999999999998,-61.21,-50.47,54.31,-166.12
2025-08-18T11:41:49.587038,109.0,-11.0,-138.0,57.0,5.0,-106.0,-4.0,-7.0,-57.0,-51.0,101.0,-96.0,74.33,-9.73,-119.66,55.85,9.620000000000001,-121.68,0.9199999999999999,-21.689999999999998,-36.21,-61.47,87.31,-74.12
2025-08-18T11:41:49.594918,34.0,0.0,-107.0,49.0,-8.0,-134.0,13.0,1.0,-163.0,-95.0,26.0,-160.0,-0.6700000000000017,1.27,-88.66,47.85,-3.38,-149.68,17.92,-13.69,-142.21,-105.47,12.31,-138.12
2025-08-18T11:41:49.599280,80.0,63.0,-184.0,67.0,41.0,-120.0,-63.0,-4.0,-126.0,40.0,-1.0,-114.0,45.33,64.27,-165.66,65.85,45.62,-135.68,-58.08,-18.689999999999998,-105.21000000000001,29.53,-14.69,-92.12
2025-08-18T11:41:49.607206,99.0,112.0,-171.0,77.0,-56.0,-68.0,-103.0,68.0,-197.0,-23.0,38.0,-116.0,64.33,113.27,-152.66,75.85,-51.38,-83.68,-98.08,53.31,-176.21,-33.47,24.310000000000002,-94.12
2025-08-18T11:41:49.611479,107.0,30.0,-172.0,55.0,-44.0,-105.0,-63.0,-28.0,-134.0,-55.0,58.0,-121.0,72.33,31.27,-153.66,53.85,-39.38,-120.68,-58.08,-42.69,-113.21000000000001,-65.47,44.31,-99.12
2025-08-18T11:41:49.619640,106.0,-12.0,-128.0,-33.0,-2.0,-99.0,6.0,33.0,-108.0,-61.0,-6.0,-163.0,71.33,-10.73,-109.66,-34.15,2.62,-114.68,10.92,18.310000000000002,-87.21000000000001,-71.47,-19.689999999999998,-141.12
2025-08-18T11:41:49.627783,127.0,-33.0,-159.0,26.0,-46.0,-142.0,-28.0,-92.0,-173.0,-41.0,49.0,-125.0,92.33,-31.73,-140.66,24.85,-41.38,-157.68,-23.08,-106.69,-152.21,-51.47,35.31,-103.12
2025-08-18T11:41:49.632072,12.0,-10.0,-199.0,70.0,-50.0,-128.0,-49.0,-1.0,-188.0,-74.0,42.0,-84.0,-22.67,-8.73,-180.66,68.85,-45.38,-143.68,-44.08,-15.69,-167.21,-84.47,28.310000000000002,-62.120000000000005
2025-08-18T11:41:49.639982,102.0,94.0,-165.0,60.0,39.0,-153.0,0.0,-1.0,-184.0,-39.0,-16.0,-153.0,67.33,95.27,-146.66,58.85,43.62,-168.68,4.92,-15.69,-163.21,-49.47,-29.689999999999998,-131.12
2025-08-18T11:41:49.644221,113.0,-8.0,-164.0,40.0,12.0,-138.0,-48.0,-21.0,-154.0,-35.0,52.0,-148.0,78.33,-6.73,-145.66,38.85,16.62,-153.68,-43.08,-35.69,-133.21,-45.47,38.31,-126.12
2025-08-18T11:41:49.652286,78.0,57.0,-163.0,50.0,29.0,-132.0,14.0,-18.0,-105.0,-52.0,6.0,-189.0,43.33,58.27,-144.66,48.85,33.62,-147.68,18.92,-32.69,-84.21000000000001,-62.47,-7.6899999999999995,-167.12
2025-08-18T11:41:49.656616,78.0,27.0,-52.0,-3.0,-68.0,-91.0,-84.0,19.0,-142.0,-4.0,-3.0,-184.0,43.33,28.27,-33.66,-4.15,-63.38,-106.68,-79.08,4.3100000000000005,-121.21000000000001,-14.47,-16.689999999999998,-162.12
2025-08-18T11:41:49.664680,68.0,21.0,-111.0,42.0,-2.0,-179.0,-29.0,7.0,-152.0,-28.0,-5.0,-129.0,33.33,22.27,-92.66,40.85,2.62,-194.68,-24.08,-7.6899999999999995,-131.21,-38.47,-18.689999999999998,-107.12
2025-08-18T11:41:49.668923,93.0,-18.0,-90.0,10.0,-27.0,-144.0,-35.0,4.0,-175.0,-84.0,55.0,-140.0,58.33,-16.73,-71.66,8.85,-22.38,-159.68,-30.08,-10.69,-154.21,-94.47,41.31,-118.12
2025-08-18T11:41:49.676908,108.0,33.0,-128.0,55.0,-6.0,-124.0,-35.0,40.0,-134.0,3.0,79.0,-131.0,73.33,34.27,-109.66,53.85,-1.38,-139.68,-30.08,25.310000000000002,-113.21000000000001,-7.470000000000001,65.31,-109.12
2025-08-18T11:41:49.681200,108.0,51.0,-174.0,-1.0,2.0,-131.0,-85.0,-46.0,-209.0,0.0,-28.0,-176.0,73.33,52.27,-155.66,-2.15,6.62,-146.68,-80.08,-60.69,-188.21,-10.47,-41.69,-154.12
2025-08-18T11:41:49.689314,104.0,-25.0,-124.0,10.0,-38.0,-159.0,1.0,-78.0,-91.0,-36.0,22.0,-135.0,69.33,-23.73,-105.66,8.85,-33.38,-174.68,5.92,-92.69,-70.21000000000001,-46.47,8.31,-113.12
2025-08-18T11:41:49.693707,100.0,-3.0,-78.0,28.0,-9.0,-116.0,-73.0,35.0,-138.0,-63.0,12.0,-143.0,65.33,-1.73,-59.66,26.85,-4.38,-131.68,-68.08,20.310000000000002,-117.21000000000001,-73.47,-1.6899999999999995,-121.12
2025-08-18T11:41:49.701581,14.0,-2.0,-134.0,11.0,-18.0,-53.0,-56.0,-16.0,-162.0,-4.0,53.0,-119.0,-20.67,-0.73,-115.66,9.85,-13.379999999999999,-68.68,-51.08,-30.689999999999998,-141.21,-14.47,39.31,-97.12
2025-08-18T11:41:49.705839,33.0,45.0,-163.0,53.0,6.0,-110.0,-30.0,-68.0,-117.0,-59.0,5.0,-161.0,-1.6700000000000017,46.27,-144.66,51.85,10.620000000000001,-125.68,-25.08,-82.69,-96.21000000000001,-69.47,-8.69,-139.12
2025-08-18T11:41:49.713788,41.0,14.0,-205.0,75.0,-86.0,-121.0,-43.0,-17.0,-156.0,-4.0,57.0,-116.0,6.329999999999998,15.27,-186.66,73.85,-81.38,-136.68,-38.08,-31.689999999999998,-135.21,-14.47,43.31,-94.12
2025-08-18T11:41:49.718124,113.0,-36.0,-110.0,56.0,-79.0,-106.0,-20.0,-36.0,-96.0,-58.0,81.0,-202.0,78.33,-34.73,-91.66,54.85,-74.38,-121.68,-15.08,-50.69,-75.21000000000001,-68.47,67.31,-180.12
2025-08-18T11:41:49.726109,84.0,55.0,-118.0,94.0,-12.0,-130.0,-24.0,5.0,-101.0,-43.0,67.0,-143.0,49.33,56.27,-99.66,92.85,-7.38,-145.68,-19.08,-9.69,-80.21000000000001,-53.47,53.31,-121.12
2025-08-18T11:41:49.734197,152.0,40.0,-117.0,-16.0,-52.0,-93.0,-68.0,-31.0,-102.0,-81.0,45.0,-66.0,117.33,41.27,-98.66,-17.15,-47.38,-108.68,-63.08,-45.69,-81.21000000000001,-91.47,31.310000000000002,-44.120000000000005
2025-08-18T11:41:49.738370,-21.0,-62.0,-97.0,0.0,-88.0,-130.0,-94.0,34.0,-97.0,-41.0,93.0,-124.0,-55.67,-60.73,-78.66,-1.15,-83.38,-145.68,-89.08,19.310000000000002,-76.21000000000001,-51.47,79.31,-102.12
2025-08-18T11:41:49.742487,45.0,42.0,-81.0,-1.0,-46.0,-86.0,6.0,-67.0,-74.0,-24.0,67.0,-143.0,10.329999999999998,43.27,-62.66,-2.15,-41.38,-101.68,10.92,-81.69,-53.21,-34.47,53.31,-121.12
2025-08-18T11:41:49.750778,-20.0,45.0,-109.0,33.0,-57.0,-85.0,-70.0,48.0,-154.0,-18.0,97.0,-154.0,-54.67,46.27,-90.66,31.85,-52.38,-100.68,-65.08,33.31,-133.21,-28.47,83.31,-132.12
2025-08-18T11:41:49.758955,42.0,46.0,-231.0,28.0,-37.0,-150.0,-55.0,-42.0,-121.0,-15.0,64.0,-189.0,7.329999999999998,47.27,-212.66,26.85,-32.38,-165.68,-50.08,-56.69,-100.21000000000001,-25.47,50.31,-167.12
2025-08-18T11:41:49.763097,91.0,22.0,-141.0,31.0,-53.0,-179.0,-38.0,-66.0,-140.0,-30.0,9.0,-111.0,56.33,23.27,-122.66,29.85,-48.38,-194.68,-33.08,-80.69,-119.21000000000001,-40.47,-4.6899999999999995,-89.12
2025-08-18T11:41:49.771154,85.0,5.0,-129.0,12.0,18.0,-113.0,-104.0,38.0,-184.0,-63.0,-21.0,-104.0,50.33,6.27,-110.66,10.85,22.62,-128.68,-99.08,23.310000000000002,-163.21,-73.47,-34.69,-82.12
2025-08-18T11:41:49.775356,120.0,-10.0,-118.0,63.0,3.0,-109.0,-15.0,-44.0,-113.0,-65.0,33.0,-110.0,85.33,-8.73,-99.66,61.85,7.62,-124.68,-10.08,-58.69,-92.21000000000001,-75.47,19.310000000000002,-88.12
2025-08-18T11:41:49.783565,42.0,105.0,-183.0,74.0,-61.0,-106.0,-62.0,44.0,-205.0,-22.0,55.0,-101.0,7.329999999999998,106.27,-164.66,72.85,-56.38,-121.68,-57.08,29.310000000000002,-184.21,-32.47,41.31,-79.12
2025-08-18T11:41:49.787649,-2.0,57.0,-189.0,67.0,6.0,-100.0,-1.0,-14.0,-146.0,-26.0,90.0,-164.0,-36.67,58.27,-170.66,65.85,10.620000000000001,-115.68,3.92,-28.689999999999998,-125.21000000000001,-36.47,76.31,-142.12
2025-08-18T11:41:49.795722,78.0,38.0,-107.0,4.0,-25.0,-88.0,-75.0,-36.0,-102.0,-17.0,-50.0,-152.0,43.33,39.27,-88.66,2.85,-20.38,-103.68,-70.08,-50.69,-81.21000000000001,-27.47,-63.69,-130.12
2025-08-18T11:41:49.800072,71.0,-15.0,-159.0,49.0,-34.0,-120.0,-66.0,-47.0,-97.0,-36.0,51.0,-196.0,36.33,-13.73,-140.66,47.85,-29.38,-135.68,-61.08,-61.69,-76.21000000000001,-46.47,37.31,-174.12
2025-08-18T11:41:49.808181,35.0,-6.0,-118.0,60.0,-50.0,-97.0,-65.0,56.0,-142.0,9.0,-43.0,-152.0,0.3299999999999983,-4.73,-99.66,58.85,-45.38,-112.68,-60.08,41.31,-121.21000000000001,-1.4700000000000006,-56.69,-130.12
2025-08-18T11:41:49.812373,102.0,25.0,-76.0,32.0,-60.0,-74.0,-129.0,40.0,-232.0,-60.0,-40.0,-107.0,67.33,26.27,-57.66,30.85,-55.38,-89.68,-124.08,25.310000000000002,-211.21,-70.47,-53.69,-85.12
2025-08-18T11:41:49.820850,24.0,58.0,-122.0,66.0,-44.0,-88.0,-95.0,-15.0,-218.0,-33.0,15.0,-52.0,-10.670000000000002,59.27,-103.66,64.85,-39.38,-103.68,-90.08,-29.689999999999998,-197.21,-43.47,1.3100000000000005,-30.12
2025-08-18T11:41:49.828617,100.0,68.0,-202.0,85.0,-14.0,-102.0,-23.0,-13.0,-150.0,-108.0,60.0,-159.0,65.33,69.27,-183.66,83.85,-9.379999999999999,-117.68,-18.08,-27.689999999999998,-129.21,-118.47,46.31,-137.12
2025-08-18T11:41:49.832716,43.0,29.0,-140.0,105.0,13.0,-66.0,-15.0,-25.0,-46.0,10.0,19.0,-140.0,8.329999999999998,30.27,-121.66,103.85,17.62,-81.68,-10.08,-39.69,-25.21,-0.47000000000000064,5.3100000000000005,-118.12
2025-08-18T11:41:49.840609,51.0,9.0,-95.0,56.0,-29.0,-115.0,-126.0,-90.0,-100.0,-58.0,50.0,-184.0,16.33,10.27,-76.66,54.85,-24.38,-130.68,-121.08,-104.69,-79.21000000000001,-68.47,36.31,-162.12
2025-08-18T11:41:49.845085,25.0,-6.0,-124.0,92.0,5.0,-85.0,-40.0,37.0,-149.0,-58.0,108.0,-150.0,-9.670000000000002,-4.73,-105.66,90.85,9.620000000000001,-100.68,-35.08,22.310000000000002,-128.21,-68.47,94.31,-128.12
2025-08-18T11:41:49.853058,25.0,-7.0,-148.0,75.0,-53.0,-132.0,-91.0,6.0,-122.0,-140.0,56.0,-139.0,-9.670000000000002,-5.73,-129.66,73.85,-48.38,-147.68,-86.08,-8.69,-101.21000000000001,-150.47,42.31,-117.12
2025-08-18T11:41:49.857410,31.0,67.0,-187.0,29.0,0.0,-125.0,-32.0,-23.0,-129.0,-27.0,65.0,-157.0,-3.6700000000000017,68.27,-168.66,27.85,4.62,-140.68,-27.08,-37.69,-108.21000000000001,-37.47,51.31,-135.12
2025-08-18T11:41:49.865288,71.0,87.0,-141.0,64.0,-87.0,-100.0,-47.0,23.0,-112.0,36.0,52.0,-161.0,36.33,88.27,-122.66,62.85,-82.38,-115.68,-42.08,8.31,-91.21000000000001,25.53,38.31,-139.12
2025-08-18T11:41:49.869696,37.0,53.0,-127.0,118.0,-51.0,-147.0,-78.0,-23.0,-134.0,-18.0,-12.0,-158.0,2.3299999999999983,54.27,-108.66,116.85,-46.38,-162.68,-73.08,-37.69,-113.21000000000001,-28.47,-25.689999999999998,-136.12
2025-08-18T11:41:49.877612,54.0,-30.0,-119.0,74.0,-64.0,-95.0,-37.0,-16.0,-139.0,29.0,47.0,-129.0,19.33,-28.73,-100.66,72.85,-59.38,-110.68,-32.08,-30.689999999999998,-118.21000000000001,18.53,33.31,-107.12
2025-08-18T11:41:49.881817,95.0,46.0,-159.0,4.0,1.0,-128.0,4.0,-14.0,-131.0,-51.0,42.0,-79.0,60.33,47.27,-140.66,2.85,5.62,-143.68,8.92,-28.689999999999998,-110.21000000000001,-61.47,28.310000000000002,-57.120000000000005
2025-08-18T11:41:49.889925,65.0,22.0,-70.0,69.0,-21.0,-105.0,-54.0,-23.0,-161.0,-61.0,106.0,-109.0,30.33,23.27,-51.66,67.85,-16.38,-120.68,-49.08,-37.69,-140.21,-71.47,92.31,-87.12
2025-08-18T11:41:49.894209,60.0,36.0,-149.0,45.0,39.0,-55.0,7.0,-60.0,-102.0,-22.0,22.0,-107.0,25.33,37.27,-130.66,43.85,43.62,-70.68,11.92,-74.69,-81.21000000000001,-32.47,8.31,-85.12
2025-08-18T11:41:49.902208,75.0,17.0,-187.0,38.0,-48.0,-152.0,-81.0,-5.0,-124.0,-74.0,80.0,-224.0,40.33,18.27,-168.66,36.85,-43.38,-167.68,-76.08,-19.689999999999998,-103.21000000000001,-84.47,66.31,-202.12
2025-08-18T11:41:49.906365,71.0,41.0,-100.0,75.0,-53.0,-118.0,-101.0,80.0,-82.0,-23.0,45.0,-161.0,36.33,42.27,-81.66,73.85,-48.38,-133.68,-96.08,65.31,-61.21,-33.47,31.310000000000002,-139.12
2025-08-18T11:41:49.914571,37.0,-16.0,-172.0,46.0,-47.0,-129.0,-92.0,4.0,-136.0,-29.0,34.0,-96.0,2.3299999999999983,-14.73,-153.66,44.85,-42.38,-144.68,-87.08,-10.69,-115.21000000000001,-39.47,20.310000000000002,-74.12
2025-08-18T11:41:49.918620,85.0,18.0,-98.0,59.0,-37.0,-119.0,10.0,36.0,-164.0,17.0,62.0,-110.0,50.33,19.27,-79.66,57.85,-32.38,-134.68,14.92,21.310000000000002,-143.21,6.529999999999999,48.31,-88.12
2025-08-18T11:41:49.926907,22.0,-1.0,-139.0,69.0,-6.0,-79.0,-101.0,-57.0,-183.0,-64.0,86.0,-146.0,-12.670000000000002,0.27,-120.66,67.85,-1.38,-94.68,-96.08,-71.69,-162.21,-74.47,72.31,-124.12
2025-08-18T11:41:49.934974,49.0,51.0,-203.0,10.0,-12.0,-35.0,-69.0,-74.0,-192.0,-34.0,16.0,-110.0,14.329999999999998,52.27,-184.66,8.85,-7.38,-50.68,-64.08,-88.69,-171.21,-44.47,2.3100000000000005,-88.12
2025-08-18T11:41:49.939219,116.0,87.0,-191.0,37.0,21.0,-65.0,-109.0,-3.0,-99.0,26.0,90.0,-157.0,81.33,88.27,-172.66,35.85,25.62,-80.68,-104.08,-17.689999999999998,-78.21000000000001,15.53,76.31,-135.12
2025-08-18T11:41:49.947304,98.0,-13.0,-233.0,35.0,10.0,-88.0,-98.0,4.0,-122.0,-2.0,89.0,-139.0,63.33,-11.73,-214.66,33.85,14.620000000000001,-103.68,-93.08,-10.69,-101.21000000000001,-12.47,75.31,-117.12
2025-08-18T11:41:49.951390,127.0,36.0,-127.0,55.0,-83.0,-111.0,-25.0,-49.0,-163.0,-63.0,90.0,-142.0,92.33,37.27,-108.66,53.85,-78.38,-126.68,-20.08,-63.69,-142.21,-73.47,76.31,-120.12
2025-08-18T11:41:49.959397,37.0,25.0,-158.0,39.0,-45.0,-67.0,-33.0,9.0,-146.0,-25.0,64.0,-133.0,2.3299999999999983,26.27,-139.66,37.85,-40.38,-82.68,-28.08,-5.6899999999999995,-125.21000000000001,-35.47,50.31,-111.12
2025-08-18T11:41:49.963873,70.0,17.0,-193.0,38.0,-40.0,-145.0,-23.0,-55.0,-88.0,-32.0,109.0,-211.0,35.33,18.27,-174.66,36.85,-35.38,-160.68,-18.08,-69.69,-67.21000000000001,-42.47,95.31,-189.12
2025-08-18T11:41:49.971906,53.0,-18.0,-130.0,-3.0,-36.0,-153.0,-64.0,-15.0,-97.0,-9.0,1.0,-138.0,18.33,-16.73,-111.66,-4.15,-31.38,-168.68,-59.08,-29.689999999999998,-76.21000000000001,-19.47,-12.69,-116.12
2025-08-18T11:41:49.976140,106.0,28.0,-111.0,-20.0,46.0,-57.0,-144.0,72.0,-100.0,-32.0,59.0,-168.0,71.33,29.27,-92.66,-21.15,50.62,-72.68,-139.08,57.31,-79.21000000000001,-42.47,45.31,-146.12
2025-08-18T11:41:49.984213,93.0,34.0,-116.0,41.0,-87.0,-66.0,-44.0,-74.0,-92.0,-37.0,31.0,-167.0,58.33,35.27,-97.66,39.85,-82.38,-81.68,-39.08,-88.69,-71.21000000000001,-47.47,17.310000000000002,-145.12
2025-08-18T11:41:49.988426,67.0,37.0,-93.0,111.0,-25.0,-87.0,-37.0,-8.0,-100.0,-68.0,78.0,-124.0,32.33,38.27,-74.66,109.85,-20.38,-102.68,-32.08,-22.689999999999998,-79.21000000000001,-78.47,64.31,-102.12
2025-08-18T11:41:49.996431,104.0,-15.0,-90.0,48.0,-16.0,-178.0,-24.0,-6.0,-122.0,-92.0,57.0,-140.0,69.33,-13.73,-71.66,46.85,-11.379999999999999,-193.68,-19.08,-20.689999999999998,-101.21000000000001,-102.47,43.31,-118.12
2025-08-18T11:41:50.000837,110.0,18.0,-116.0,84.0,-57.0,-130.0,-41.0,-31.0,-60.0,-54.0,73.0,-181.0,75.33,19.27,-97.66,82.85,-52.38,-145.68,-36.08,-45.69,-39.21,-64.47,59.31,-159.12
2025-08-18T11:41:50.008798,32.0,3.0,-137.0,28.0,-37.0,-86.0,-27.0,33.0,-169.0,-45.0,65.0,-168.0,-2.6700000000000017,4.27,-118.66,26.85,-32.38,-101.68,-22.08,18.310000000000002,-148.21,-55.47,51.31,-146.12
2025-08-18T11:41:50.013197,50.0,18.0,-141.0,73.0,-75.0,-20.0,-50.0,44.0,-106.0,14.0,108.0,-179.0,15.329999999999998,19.27,-122.66,71.85,-70.38,-35.68,-45.08,29.310000000000002,-85.21000000000001,3.5299999999999994,94.31,-157.12
2025-08-18T11:41:50.021032,80.0,-25.0,-128.0,84.0,-20.0,-153.0,7.0,-36.0,-169.0,-41.0,3.0,-103.0,45.33,-23.73,-109.66,82.85,-15.379999999999999,-168.68,11.92,-50.69,-148.21,-51.47,-10.69,-81.12
2025-08-18T11:41:50.029121,40.0,24.0,-137.0,46.0,-22.0,-160.0,21.0,-40.0,-156.0,-9.0,61.0,-144.0,5.329999999999998,25.27,-118.66,44.85,-17.38,-175.68,25.92,-54.69,-135.21,-19.47,47.31,-122.12
2025-08-18T11:41:50.033385,38.0,-4.0,-103.0,53.0,-56.0,-98.0,-56.0,-46.0,-39.0,-43.0,-13.0,-132.0,3.3299999999999983,-2.73,-84.66,51.85,-51.38,-113.68,-51.08,-60.69,-18.21,-53.47,-26.689999999999998,-110.12
2025-08-18T11:41:50.041443,29.0,31.0,-180.0,68.0,-30.0,-59.0,9.0,0.0,-155.0,-53.0,65.0,-149.0,-5.670000000000002,32.27,-161.66,66.85,-25.38,-74.68,13.92,-14.69,-134.21,-63.47,51.31,-127.12
2025-08-18T11:41:50.045729,74.0,64.0,-173.0,73.0,-42.0,-66.0,-78.0,-51.0,-131.0,-12.0,30.0,-185.0,39.33,65.27,-154.66,71.85,-37.38,-81.68,-73.08,-65.69,-110.21000000000001,-22.47,16.310000000000002,-163.12
2025-08-18T11:41:50.053758,165.0,56.0,-200.0,61.0,-26.0,-54.0,-23.0,-50.0,-113.0,-70.0,-18.0,-137.0,130.32999999999998,57.27,-181.66,59.85,-21.38,-69.68,-18.08,-64.69,-92.21000000000001,-80.47,-31.689999999999998,-115.12
2025-08-18T11:41:50.058205,101.0,60.0,-111.0,72.0,-54.0,-32.0,-58.0,-80.0,-123.0,-54.0,-13.0,-138.0,66.33,61.27,-92.66,70.85,-49.38,-47.68,-53.08,-94.69,-102.21000000000001,-64.47,-26.689999999999998,-116.12
2025-08-18T11:41:50.066095,60.0,21.0,-95.0,93.0,-1.0,-85.0,-71.0,18.0,-117.0,-39.0,-27.0,-120.0,25.33,22.27,-76.66,91.85,3.62,-100.68,-66.08,3.3100000000000005,-96.21000000000001,-49.47,-40.69,-98.12
2025-08-18T11:41:50.070284,39.0,31.0,-106.0,19.0,-80.0,-148.0,-16.0,-35.0,-88.0,-115.0,16.0,-124.0,4.329999999999998,32.27,-87.66,17.85,-75.38,-163.68,-11.08,-49.69,-67.21000000000001,-125.47,2.3100000000000005,-102.12
2025-08-18T11:41:50.078249,91.0,121.0,-142.0,41.0,20.0,-113.0,-54.0,12.0,-167.0,-29.0,99.0,-144.0,56.33,122.27,-123.66,39.85,24.62,-128.68,-49.08,-2.6899999999999995,-146.21,-39.47,85.31,-122.12
2025-08-18T11:41:50.082546,123.0,33.0,-218.0,52.0,-59.0,-130.0,-75.0,-25.0,-124.0,-59.0,-23.0,-200.0,88.33,34.27,-199.66,50.85,-54.38,-145.68,-70.08,-39.69,-103.21000000000001,-69.47,-36.69,-178.12
2025-08-18T11:41:50.090659,67.0,-45.0,-88.0,30.0,-49.0,-148.0,-67.0,45.0,-103.0,-101.0,91.0,-147.0,32.33,-43.73,-69.66,28.85,-44.38,-163.68,-62.08,30.310000000000002,-82.21000000000001,-111.47,77.31,-125.12
2025-08-18T11:41:50.098600,88.0,24.0,-101.0,-12.0,-25.0,-101.0,-108.0,40.0,-178.0,-53.0,37.0,-131.0,53.33,25.27,-82.66,-13.15,-20.38,-116.68,-103.08,25.310000000000002,-157.21,-63.47,23.310000000000002,-109.12
2025-08-18T11:41:50.102938,37.0,23.0,-168.0,-22.0,-2.0,-126.0,33.0,-51.0,-199.0,-102.0,8.0,-149.0,2.3299999999999983,24.27,-149.66,-23.15,2.62,-141.68,37.92,-65.69,-178.21,-112.47,-5.6899999999999995,-127.12
2025-08-18T11:41:50.111038,71.0,41.0,-216.0,13.0,-40.0,-123.0,-15.0,43.0,-115.0,-68.0,42.0,-174.0,36.33,42.27,-197.66,11.85,-35.38,-138.68,-10.08,28.310000000000002,-94.21000000000001,-78.47,28.310000000000002,-152.12
2025-08-18T11:41:50.115396,86.0,-37.0,-136.0,32.0,13.0,-41.0,-100.0,28.0,-136.0,-7.0,47.0,-195.0,51.33,-35.73,-117.66,30.85,17.62,-56.68,-95.08,13.31,-115.21000000000001,-17.47,33.31,-173.12
2025-08-18T11:41:50.123325,115.0,-44.0,-88.0,10.0,-53.0,-139.0,-83.0,7.0,-139.0,11.0,51.0,-149.0,80.33,-42.73,-69.66,8.85,-48.38,-154.68,-78.08,-7.6899999999999995,-118.21000000000001,0.5299999999999994,37.31,-127.12
2025-08-18T11:41:50.127713,-28.0,4.0,-137.0,132.0,-2.0,-76.0,-82.0,-88.0,-191.0,7.0,91.0,-119.0,-62.67,5.27,-118.66,130.85,2.62,-91.68,-77.08,-102.69,-170.21,-3.4700000000000006,77.31,-97.12
2025-08-18T11:41:50.135758,122.0,48.0,-187.0,19.0,-112.0,-78.0,-16.0,51.0,-149.0,-41.0,12.0,-122.0,87.33,49.27,-168.66,17.85,-107.38,-93.68,-11.08,36.31,-128.21,-51.47,-1.6899999999999995,-100.12
2025-08-18T11:41:50.139921,15.0,10.0,-124.0,72.0,-15.0,-105.0,2.0,-97.0,-106.0,4.0,79.0,-225.0,-19.67,11.27,-105.66,70.85,-10.379999999999999,-120.68,6.92,-111.69,-85.21000000000001,-6.470000000000001,65.31,-203.12
2025-08-18T11:41:50.148074,76.0,49.0,-196.0,47.0,-99.0,-124.0,-84.0,-69.0,-90.0,-42.0,48.0,-120.0,41.33,50.27,-177.66,45.85,-94.38,-139.68,-79.08,-83.69,-69.21000000000001,-52.47,34.31,-98.12
2025-08-18T11:41:50.152274,145.0,-3.0,-203.0,-8.0,-57.0,-149.0,-14.0,19.0,-77.0,-29.0,-18.0,-176.0,110.33,-1.73,-184.66,-9.15,-52.38,-164.68,-9.08,4.3100000000000005,-56.21,-39.47,-31.689999999999998,-154.12
2025-08-18T11:41:50.160104,44.0,53.0,-66.0,92.0,33.0,-7.0,-3.0,14.0,-177.0,-87.0,47.0,-110.0,9.329999999999998,54.27,-47.66,90.85,37.62,-22.68,1.92,-0.6899999999999995,-156.21,-97.47,33.31,-88.12
2025-08-18T11:41:50.164459,125.0,-6.0,-96.0,40.0,-40.0,-106.0,-19.0,3.0,-86.0,-98.0,9.0,-151.0,90.33,-4.73,-77.66,38.85,-35.38,-121.68,-14.08,-11.69,-65.21000000000001,-108.47,-4.6899999999999995,-129.12
2025-08-18T11:41:50.172483,-31.0,77.0,-101.0,28.0,47.0,-43.0,7.0,-18.0,-150.0,34.0,74.0,-95.0,-65.67,78.27,-82.66,26.85,51.62,-58.68,11.92,-32.69,-129.21,23.53,60.31,-73.12
2025-08-18T11:41:50.176835,99.0,16.0,-122.0,17.0,-13.0,-81.0,31.0,-42.0,-84.0,-37.0,94.0,-111.0,64.33,17.27,-103.66,15.85,-8.379999999999999,-96.68,35.92,-56.69,-63.21,-47.47,80.31,-89.12
2025-08-18T11:41:50.184900,75.0,39.0,-166.0,40.0,-115.0,-102.0,-58.0,-89.0,-60.0,-63.0,138.0,-134.0,40.33,40.27,-147.66,38.85,-110.38,-117.68,-53.08,-103.69,-39.21,-73.47,124.31,-112.12
2025-08-18T11:41:50.189197,89.0,65.0,-100.0,-29.0,58.0,-78.0,-129.0,-44.0,-103.0,-28.0,26.0,-141.0,54.33,66.27,-81.66,-30.15,62.62,-93.68,-124.08,-58.69,-82.21000000000001,-38.47,12.31,-119.12
2025-08-18T11:41:50.197146,-32.0,2.0,-54.0,-8.0,-33.0,-21.0,21.0,20.0,-91.0,7.0,41.0,-136.0,-66.67,3.27,-35.66,-9.15,-28.38,-36.68,25.92,5.3100000000000005,-70.21000000000001,-3.4700000000000006,27.310000000000002,-114.12
2025-08-18T11:41:50.201474,76.0,19.0,-135.0,29.0,-88.0,-90.0,29.0,24.0,-76.0,39.0,-27.0,-131.0,41.33,20.27,-116.66,27.85,-83.38,-105.68,33.92,9.31,-55.21,28.53,-40.69,-109.12
2025-08-18T11:41:50.209477,1.0,49.0,-123.0,-4.0,-8.0,-83.0,-24.0,-52.0,-137.0,-33.0,10.0,-76.0,-33.67,50.27,-104.66,-5.15,-3.38,-98.68,-19.08,-66.69,-116.21000000000001,-43.47,-3.6899999999999995,-54.120000000000005
2025-08-18T11:41:50.213723,87.0,78.0,-61.0,41.0,11.0,-67.0,-75.0,-49.0,-62.0,-47.0,56.0,-95.0,52.33,79.27,-42.66,39.85,15.620000000000001,-82.68,-70.08,-63.69,-41.21,-57.47,42.31,-73.12
2025-08-18T11:41:50.221874,-6.0,27.0,-116.0,68.0,-14.0,-104.0,-68.0,18.0,-92.0,-64.0,48.0,-100.0,-40.67,28.27,-97.66,66.85,-9.379999999999999,-119.68,-63.08,3.3100000000000005,-71.21000000000001,-74.47,34.31,-78.12
2025-08-18T11:41:50.226064,-25.0,-4.0,-134.0,45.0,-85.0,-115.0,-84.0,-1.0,-105.0,-31.0,24.0,-130.0,-59.67,-2.73,-115.66,43.85,-80.38,-130.68,-79.08,-15.69,-84.21000000000001,-41.47,10.31,-108.12
2025-08-18T11:41:50.234102,37.0,71.0,-158.0,62.0,-29.0,-54.0,-40.0,-2.0,-74.0,-46.0,52.0,-139.0,2.3299999999999983,72.27,-139.66,60.85,-24.38,-69.68,-35.08,-16.689999999999998,-53.21,-56.47,38.31,-117.12
2025-08-18T11:41:50.238047,79.0,15.0,-172.0,3.0,3.0,-112.0,-39.0,43.0,-99.0,-39.0,-44.0,-43.0,44.33,16.27,-153.66,1.85,7.62,-127.68,-34.08,28.310000000000002,-78.21000000000001,-49.47,-57.69,-21.12
2025-08-18T11:41:50.246416,71.0,-22.0,-83.0,-39.0,-59.0,-75.0,-26.0,-56.0,-125.0,-37.0,49.0,-86.0,36.33,-20.73,-64.66,-40.15,-54.38,-90.68,-21.08,-70.69,-104.21000000000001,-47.47,35.31,-64.12
2025-08-18T11:41:50.250631,63.0,-108.0,-47.0,-33.0,4.0,-46.0,16.0,-84.0,-81.0,-40.0,39.0,-52.0,28.33,-106.73,-28.66,-34.15,8.620000000000001,-61.68,20.92,-98.69,-60.21,-50.47,25.310000000000002,-30.12
2025-08-18T11:41:50.258731,-10.0,38.0,-63.0,16.0,-8.0,-91.0,-31.0,9.0,-100.0,-101.0,39.0,-135.0,-44.67,39.27,-44.66,14.85,-3.38,-106.68,-26.08,-5.6899999999999995,-79.21000000000001,-111.47,25.310000000000002,-113.12
2025-08-18T11:41:50.266731,-15.0,-9.0,-147.0,46.0,-56.0,-79.0,-34.0,10.0,-91.0,-64.0,74.0,-125.0,-49.67,-7.73,-128.66,44.85,-51.38,-94.68,-29.08,-4.6899999999999995,-70.21000000000001,-74.47,60.31,-103.12
2025-08-18T11:41:50.271026,67.0,93.0,-171.0,28.0,29.0,-53.0,-34.0,55.0,-176.0,-25.0,0.0,-107.0,32.33,94.27,-152.66,26.85,33.62,-68.68,-29.08,40.31,-155.21,-35.47,-13.69,-85.12
2025-08-18T11:41:50.274894,66.0,31.0,-39.0,-16.0,-59.0,-95.0,15.0,17.0,-84.0,52.0,9.0,-70.0,31.33,32.27,-20.66,-17.15,-54.38,-110.68,19.92,2.3100000000000005,-63.21,41.53,-4.6899999999999995,-48.120000000000005
2025-08-18T11:41:50.283121,77.0,16.0,-83.0,15.0,-62.0,-44.0,-7.0,-41.0,-46.0,-67.0,80.0,-84.0,42.33,17.27,-64.66,13.85,-57.38,-59.68,-2.08,-55.69,-25.21,-77.47,66.31,-62.120000000000005
2025-08-18T11:41:50.287197,11.0,4.0,-166.0,68.0,-34.0,2.0,-71.0,4.0,-121.0,-62.0,-3.0,-81.0,-23.67,5.27,-147.66,66.85,-29.38,-13.68,-66.08,-10.69,-100.21000000000001,-72.47,-16.689999999999998,-59.120000000000005
2025-08-18T11:41:50.295463,38.0,14.0,-129.0,58.0,-6.0,-73.0,-2.0,-57.0,-153.0,-24.0,9.0,-45.0,3.3299999999999983,15.27,-110.66,56.85,-1.38,-88.68,2.92,-71.69,-132.21,-34.47,-4.6899999999999995,-23.12
2025-08-18T11:41:50.299490,30.0,30.0,-148.0,31.0,17.0,-22.0,-11.0,16.0,-75.0,1.0,2.0,-69.0,-4.670000000000002,31.27,-129.66,29.85,21.62,-37.68,-6.08,1.3100000000000005,-54.21,-9.47,-11.69,-47.120000000000005
2025-08-18T11:41:50.307682,67.0,31.0,-142.0,4.0,-53.0,-66.0,9.0,-5.0,-109.0,-22.0,-44.0,-111.0,32.33,32.27,-123.66,2.85,-48.38,-81.68,13.92,-19.689999999999998,-88.21000000000001,-32.47,-57.69,-89.12
2025-08-18T11:41:50.311823,53.0,54.0,12.0,74.0,27.0,-5.0,-104.0,-65.0,-49.0,39.0,88.0,-63.0,18.33,55.27,30.34,72.85,31.62,-20.68,-99.08,-79.69,-28.21,28.53,74.31,-41.120000000000005
2025-08-18T11:41:50.320046,126.0,26.0,-36.0,39.0,-63.0,-41.0,-38.0,-6.0,-37.0,-21.0,-34.0,-127.0,91.33,27.27,-17.66,37.85,-58.38,-56.68,-33.08,-20.689999999999998,-16.21,-31.47,-47.69,-105.12
2025-08-18T11:41:50.324134,21.0,47.0,-11.0,68.0,-24.0,-29.0,9.0,30.0,-104.0,-7.0,80.0,-117.0,-13.670000000000002,48.27,7.34,66.85,-19.38,-44.68,13.92,15.31,-83.21000000000001,-17.47,66.31,-95.12
2025-08-18T11:41:50.332802,-2.0,54.0,-58.0,37.0,-22.0,-67.0,26.0,-24.0,-164.0,-3.0,-17.0,-135.0,-36.67,55.27,-39.66,35.85,-17.38,-82.68,30.92,-38.69,-143.21,-13.47,-30.689999999999998,-113.12
2025-08-18T11:41:50.337514,18.0,36.0,-63.0,6.0,-2.0,-41.0,34.0,45.0,-69.0,-101.0,-31.0,-48.0,-16.67,37.27,-44.66,4.85,2.62,-56.68,38.92,30.310000000000002,-48.21,-111.47,-44.69,-26.12
2025-08-18T11:41:50.344669,55.0,56.0,-180.0,6.0,-74.0,-47.0,8.0,0.0,-69.0,-2.0,25.0,-139.0,20.33,57.27,-161.66,4.85,-69.38,-62.68,12.92,-14.69,-48.21,-12.47,11.31,-117.12
2025-08-18T11:41:50.348673,27.0,-27.0,-105.0,58.0,12.0,-53.0,4.0,17.0,-11.0,-20.0,79.0,-75.0,-7.670000000000002,-25.73,-86.66,56.85,16.62,-68.68,8.92,2.3100000000000005,9.79,-30.47,65.31,-53.120000000000005
2025-08-18T11:41:50.356885,-2.0,22.0,-141.0,38.0,65.0,25.0,-94.0,62.0,-51.0,-65.0,10.0,-76.0,-36.67,23.27,-122.66,36.85,69.62,9.32,-89.08,47.31,-30.21,-75.47,-3.6899999999999995,-54.120000000000005
2025-08-18T11:41:50.360915,98.0,-22.0,-113.0,42.0,3.0,-50.0,-9.0,51.0,-50.0,7.0,35.0,-88.0,63.33,-20.73,-94.66,40.85,7.62,-65.68,-4.08,36.31,-29.21,-3.4700000000000006,21.310000000000002,-66.12
2025-08-18T11:41:50.369122,75.0,16.0,-29.0,64.0,14.0,-7.0,-37.0,46.0,-54.0,-40.0,100.0,-108.0,40.33,17.27,-10.66,62.85,18.62,-22.68,-32.08,31.310000000000002,-33.21,-50.47,86.31,-86.12
2025-08-18T11:41:50.373348,-9.0,-23.0,-51.0,53.0,-16.0,-38.0,-21.0,-12.0,-71.0,-25.0,41.0,-83.0,-43.67,-21.73,-32.66,51.85,-11.379999999999999,-53.68,-16.08,-26.689999999999998,-50.21,-35.47,27.310000000000002,-61.120000000000005
2025-08-18T11:41:50.381428,-14.0,-33.0,-51.0,24.0,-64.0,9.0,-63.0,-17.0,-50.0,1.0,44.0,-133.0,-48.67,-31.73,-32.66,22.85,-59.38,-6.68,-58.08,-31.689999999999998,-29.21,-9.47,30.310000000000002,-111.12
2025-08-18T11:41:50.385698,34.0,-48.0,-32.0,55.0,-22.0,-37.0,13.0,10.0,-82.0,-28.0,7.0,-110.0,-0.6700000000000017,-46.73,-13.66,53.85,-17.38,-52.68,17.92,-4.6899999999999995,-61.21,-38.47,-6.6899999999999995,-88.12
2025-08-18T11:41:50.393776,46.0,-4.0,-53.0,-33.0,-15.0,-31.0,-9.0,-8.0,-24.0,-26.0,34.0,-44.0,11.329999999999998,-2.73,-34.66,-34.15,-10.379999999999999,-46.68,-4.08,-22.689999999999998,-3.210000000000001,-36.47,20.310000000000002,-22.12
2025-08-18T11:41:50.397953,14.0,47.0,-4.0,61.0,14.0,-30.0,-65.0,-56.0,30.0,-10.0,40.0,-100.0,-20.67,48.27,14.34,59.85,18.62,-45.68,-60.08,-70.69,50.79,-20.47,26.310000000000002,-78.12
2025-08-18T11:41:50.406033,-5.0,89.0,-156.0,63.0,-25.0,-71.0,-59.0,18.0,-46.0,-27.0,56.0,-88.0,-39.67,90.27,-137.66,61.85,-20.38,-86.68,-54.08,3.3100000000000005,-25.21,-37.47,42.31,-66.12
2025-08-18T11:41:50.410249,30.0,13.0,-171.0,12.0,-4.0,24.0,-67.0,36.0,-59.0,-12.0,98.0,-61.0,-4.670000000000002,14.27,-152.66,10.85,0.6200000000000001,8.32,-62.08,21.310000000000002,-38.21,-22.47,84.31,-39.120000000000005
2025-08-18T11:41:50.418328,17.0,29.0,-85.0,107.0,-36.0,-41.0,-29.0,-19.0,-69.0,58.0,-21.0,-56.0,-17.67,30.27,-66.66,105.85,-31.38,-56.68,-24.08,-33.69,-48.21,47.53,-34.69,-34.120000000000005
2025-08-18T11:41:50.422622,44.0,-27.0,-23.0,-20.0,-5.0,-15.0,-43.0,29.0,-20.0,55.0,30.0,-9.0,9.329999999999998,-25.73,-4.66,-21.15,-0.3799999999999999,-30.68,-38.08,14.31,0.7899999999999991,44.53,16.310000000000002,12.879999999999999
2025-08-18T11:41:50.430669,2.0,3.0,6.0,81.0,40.0,-32.0,5.0,-17.0,-59.0,1.0,69.0,-54.0,-32.67,4.27,24.34,79.85,44.62,-47.68,9.92,-31.689999999999998,-38.21,-9.47,55.31,-32.120000000000005
2025-08-18T11:41:50.434919,8.0,14.0,-34.0,91.0,14.0,-26.0,-37.0,12.0,-56.0,2.0,26.0,-14.0,-26.67,15.27,-15.66,89.85,18.62,-41.68,-32.08,-2.6899999999999995,-35.21,-8.47,12.31,7.879999999999999
2025-08-18T11:41:50.442873,-31.0,10.0,-40.0,12.0,-39.0,-36.0,23.0,-14.0,-57.0,16.0,49.0,-69.0,-65.67,11.27,-21.66,10.85,-34.38,-51.68,27.92,-28.689999999999998,-36.21,5.529999999999999,35.31,-47.120000000000005
2025-08-18T11:41:50.447189,-6.0,6.0,-28.0,28.0,-33.0,-35.0,-4.0,59.0,-88.0,-29.0,89.0,-51.0,-40.67,7.27,-9.66,26.85,-28.38,-50.68,0.9199999999999999,44.31,-67.21000000000001,-39.47,75.31,-29.12
2025-08-18T11:41:50.455216,62.0,59.0,-25.0,49.0,-38.0,-81.0,-41.0,-9.0,-55.0,-34.0,14.0,-15.0,27.33,60.27,-6.66,47.85,-33.38,-96.68,-36.08,-23.689999999999998,-34.21,-44.47,0.3100000000000005,6.879999999999999
2025-08-18T11:41:50.459354,48.0,27.0,-31.0,99.0,-20.0,-18.0,17.0,39.0,-74.0,-50.0,58.0,-41.0,13.329999999999998,28.27,-12.66,97.85,-15.379999999999999,-33.68,21.92,24.310000000000002,-53.21,-60.47,44.31,-19.12
2025-08-18T11:41:50.467562,77.0,61.0,-88.0,11.0,41.0,-12.0,-36.0,47.0,-106.0,-14.0,45.0,-101.0,42.33,62.27,-69.66,9.85,45.62,-27.68,-31.08,32.31,-85.21000000000001,-24.47,31.310000000000002,-79.12
2025-08-18T11:41:50.471624,22.0,48.0,-22.0,61.0,-28.0,-14.0,-31.0,8.0,-94.0,31.0,93.0,-37.0,-12.670000000000002,49.27,-3.66,59.85,-23.38,-29.68,-26.08,-6.6899999999999995,-73.21000000000001,20.53,79.31,-15.120000000000001
2025-08-18T11:41:50.479662,113.0,-14.0,-93.0,14.0,-40.0,-3.0,1.0,-19.0,-55.0,-8.0,48.0,-133.0,78.33,-12.73,-74.66,12.85,-35.38,-18.68,5.92,-33.69,-34.21,-18.47,34.31,-111.12
2025-08-18T11:41:50.483970,46.0,62.0,-70.0,6.0,-31.0,-27.0,-61.0,-25.0,-83.0,24.0,7.0,-76.0,11.329999999999998,63.27,-51.66,4.85,-26.38,-42.68,-56.08,-39.69,-62.21,13.53,-6.6899999999999995,-54.120000000000005
2025-08-18T11:41:50.492045,39.0,51.0,-80.0,-21.0,-13.0,-11.0,-10.0,-32.0,-12.0,4.0,40.0,-96.0,4.329999999999998,52.27,-61.66,-22.15,-8.379999999999999,-26.68,-5.08,-46.69,8.79,-6.470000000000001,26.310000000000002,-74.12
2025-08-18T11:41:50.496194,115.0,-15.0,-35.0,4.0,27.0,-64.0,-82.0,-36.0,-45.0,33.0,-37.0,-99.0,80.33,-13.73,-16.66,2.85,31.62,-79.68,-77.08,-50.69,-24.21,22.53,-50.69,-77.12
2025-08-18T11:41:50.504150,41.0,67.0,-88.0,70.0,17.0,-10.0,-109.0,11.0,-73.0,5.0,31.0,-57.0,6.329999999999998,68.27,-69.66,68.85,21.62,-25.68,-104.08,-3.6899999999999995,-52.21,-5.470000000000001,17.310000000000002,-35.120000000000005
2025-08-18T11:41:50.508383,3.0,-39.0,-78.0,51.0,6.0,-28.0,-30.0,56.0,-79.0,62.0,11.0,-24.0,-31.67,-37.73,-59.66,49.85,10.620000000000001,-43.68,-25.08,41.31,-58.21,51.53,-2.6899999999999995,-2.120000000000001
2025-08-18T11:41:50.516586,41.0,-27.0,-33.0,-12.0,-64.0,-115.0,55.0,79.0,-82.0,51.0,14.0,-48.0,6.329999999999998,-25.73,-14.66,-13.15,-59.38,-130.68,59.92,64.31,-61.21,40.53,0.3100000000000005,-26.12
2025-08-18T11:41:50.520789,4.0,-7.0,4.0,30.0,-42.0,-47.0,13.0,44.0,-91.0,-7.0,7.0,-69.0,-30.67,-5.73,22.34,28.85,-37.38,-62.68,17.92,29.310000000000002,-70.21000000000001,-17.47,-6.6899999999999995,-47.120000000000005
2025-08-18T11:41:50.528878,36.0,-63.0,-5.0,89.0,-40.0,18.0,27.0,25.0,-58.0,39.0,89.0,-4.0,1.3299999999999983,-61.73,13.34,87.85,-35.38,2.3200000000000003,31.92,10.31,-37.21,28.53,75.31,17.88
2025-08-18T11:41:50.533109,2.0,52.0,10.0,-14.0,10.0,28.0,-16.0,56.0,-54.0,28.0,-17.0,-87.0,-32.67,53.27,28.34,-15.15,14.620000000000001,12.32,-11.08,41.31,-33.21,17.53,-30.689999999999998,-65.12
2025-08-18T11:41:50.537472,16.0,-7.0,-23.0,3.0,3.0,-17.0,-4.0,2.0,-30.0,-2.0,-9.0,-41.0,-18.67,-5.73,-4.66,1.85,7.62,-32.68,0.9199999999999999,-12.69,-9.21,-12.47,-22.689999999999998,-19.12
2025-08-18T11:41:50.545206,-17.0,-45.0,-48.0,23.0,-15.0,1.0,-50.0,-16.0,-6.0,-22.0,52.0,-72.0,-51.67,-43.73,-29.66,21.85,-10.379999999999999,-14.68,-45.08,-30.689999999999998,14.79,-32.47,38.31,-50.120000000000005
2025-08-18T11:41:50.553338,-21.0,-33.0,-40.0,-60.0,14.0,-8.0,-34.0,31.0,-53.0,-32.0,65.0,-48.0,-55.67,-31.73,-21.66,-61.15,18.62,-23.68,-29.08,16.310000000000002,-32.21,-42.47,51.31,-26.12
2025-08-18T11:41:50.557718,72.0,-50.0,-80.0,72.0,-12.0,19.0,-74.0,23.0,-36.0,-31.0,36.0,-81.0,37.33,-48.73,-61.66,70.85,-7.38,3.3200000000000003,-69.08,8.31,-15.21,-41.47,22.310000000000002,-59.120000000000005
2025-08-18T11:41:50.561943,-12.0,41.0,-93.0,3.0,-27.0,-46.0,-77.0,31.0,17.0,32.0,-25.0,-20.0,-46.67,42.27,-74.66,1.85,-22.38,-61.68,-72.08,16.310000000000002,37.79,21.53,-38.69,1.879999999999999
2025-08-18T11:41:50.569894,12.0,27.0,-32.0,-7.0,40.0,30.0,-5.0,-1.0,-53.0,-27.0,-14.0,-47.0,-22.67,28.27,-13.66,-8.15,44.62,14.32,-0.08000000000000007,-15.69,-32.21,-37.47,-27.689999999999998,-25.12
2025-08-18T11:41:50.573874,45.0,44.0,-55.0,-42.0,50.0,-20.0,-43.0,51.0,-51.0,-37.0,-4.0,2.0,10.329999999999998,45.27,-36.66,-43.15,54.62,-35.68,-38.08,36.31,-30.21,-47.47,-17.689999999999998,23.88
2025-08-18T11:41:50.582242,-6.0,90.0,-87.0,-18.0,-7.0,42.0,14.0,26.0,-21.0,-23.0,26.0,-10.0,-40.67,91.27,-68.66,-19.15,-2.38,26.32,18.92,11.31,-0.21000000000000085,-33.47,12.31,11.879999999999999
2025-08-18T11:41:50.586209,3.0,-21.0,-79.0,-1.0,32.0,-20.0,55.0,111.0,-60.0,4.0,37.0,-64.0,-31.67,-19.73,-60.66,-2.15,36.62,-35.68,59.92,96.31,-39.21,-6.470000000000001,23.310000000000002,-42.120000000000005
2025-08-18T11:41:50.594557,28.0,21.0,-118.0,36.0,-41.0,-3.0,-5.0,27.0,-50.0,32.0,-21.0,-21.0,-6.670000000000002,22.27,-99.66,34.85,-36.38,-18.68,-0.08000000000000007,12.31,-29.21,21.53,-34.69,0.879999999999999
2025-08-18T11:41:50.598960,54.0,-3.0,-79.0,3.0,-7.0,9.0,-71.0,-13.0,-21.0,14.0,-9.0,-25.0,19.33,-1.73,-60.66,1.85,-2.38,-6.68,-66.08,-27.689999999999998,-0.21000000000000085,3.5299999999999994,-22.689999999999998,-3.120000000000001
2025-08-18T11:41:50.606699,66.0,7.0,-62.0,43.0,53.0,-26.0,-37.0,-11.0,-19.0,-31.0,58.0,-52.0,31.33,8.27,-43.66,41.85,57.62,-41.68,-32.08,-25.689999999999998,1.7899999999999991,-41.47,44.31,-30.12
2025-08-18T11:41:50.610859,-77.0,33.0,-46.0,5.0,22.0,-66.0,-38.0,14.0,-46.0,-61.0,22.0,-65.0,-111.67,34.27,-27.66,3.85,26.62,-81.68,-33.08,-0.6899999999999995,-25.21,-71.47,8.31,-43.120000000000005
2025-08-18T11:41:50.618970,18.0,-12.0,-68.0,-25.0,19.0,-48.0,6.0,35.0,-105.0,-13.0,45.0,-37.0,-16.67,-10.73,-49.66,-26.15,23.62,-63.68,10.92,20.310000000000002,-84.21000000000001,-23.47,31.310000000000002,-15.120000000000001
2025-08-18T11:41:50.623140,47.0,-30.0,-84.0,56.0,22.0,52.0,42.0,27.0,11.0,-23.0,55.0,21.0,12.329999999999998,-28.73,-65.66,54.85,26.62,36.32,46.92,12.31,31.79,-33.47,41.31,42.879999999999995
2025-08-18T11:41:50.631199,96.0,28.0,-53.0,51.0,-30.0,-27.0,-80.0,3.0,-7.0,-21.0,23.0,-75.0,61.33,29.27,-34.66,49.85,-25.38,-42.68,-75.08,-11.69,13.79,-31.47,9.31,-53.120000000000005
2025-08-18T11:41:50.635486,68.0,9.0,-100.0,24.0,23.0,-24.0,16.0,8.0,15.0,55.0,54.0,-62.0,33.33,10.27,-81.66,22.85,27.62,-39.68,20.92,-6.6899999999999995,35.79,44.53,40.31,-40.120000000000005
2025-08-18T11:41:50.643639,68.0,51.0,-34.0,-11.0,26.0,-63.0,-98.0,16.0,-27.0,-25.0,50.0,-65.0,33.33,52.27,-15.66,-12.15,30.62,-78.68,-93.08,1.3100000000000005,-6.210000000000001,-35.47,36.31,-43.120000000000005
2025-08-18T11:41:50.647845,52.0,-24.0,6.0,65.0,9.0,27.0,-39.0,52.0,-58.0,-14.0,70.0,41.0,17.33,-22.73,24.34,63.85,13.620000000000001,11.32,-34.08,37.31,-37.21,-24.47,56.31,62.879999999999995
2025-08-18T11:41:50.655943,51.0,18.0,59.0,-2.0,-51.0,-7.0,-45.0,31.0,-37.0,14.0,26.0,-5.0,16.33,19.27,77.34,-3.15,-46.38,-22.68,-40.08,16.310000000000002,-16.21,3.5299999999999994,12.31,16.88
2025-08-18T11:41:50.660133,52.0,3.0,-76.0,50.0,66.0,-3.0,36.0,-4.0,-43.0,91.0,3.0,-12.0,17.33,4.27,-57.66,48.85,70.62,-18.68,40.92,-18.689999999999998,-22.21,80.53,-10.69,9.879999999999999
2025-08-18T11:41:50.668052,88.0,66.0,-42.0,50.0,33.0,-6.0,-45.0,53.0,-90.0,22.0,-19.0,-33.0,53.33,67.27,-23.66,48.85,37.62,-21.68,-40.08,38.31,-69.21000000000001,11.53,-32.69,-11.120000000000001
2025-08-18T11:41:50.672368,57.0,-77.0,-2.0,37.0,4.0,19.0,-90.0,21.0,-57.0,-18.0,-41.0,12.0,22.33,-75.73,16.34,35.85,8.620000000000001,3.3200000000000003,-85.08,6.3100000000000005,-36.21,-28.47,-54.69,33.879999999999995
2025-08-18T11:41:50.680244,95.0,31.0,-38.0,22.0,-35.0,37.0,21.0,20.0,-25.0,-23.0,10.0,-92.0,60.33,32.27,-19.66,20.85,-30.38,21.32,25.92,5.3100000000000005,-4.210000000000001,-33.47,-3.6899999999999995,-70.12
2025-08-18T11:41:50.684528,30.0,-6.0,-17.0,-7.0,-18.0,18.0,9.0,23.0,10.0,6.0,66.0,-66.0,-4.670000000000002,-4.73,1.3399999999999999,-8.15,-13.379999999999999,2.3200000000000003,13.92,8.31,30.79,-4.470000000000001,52.31,-44.120000000000005
2025-08-18T11:41:50.692520,44.0,-16.0,3.0,-22.0,-44.0,-3.0,-8.0,7.0,-72.0,27.0,51.0,-1.0,9.329999999999998,-14.73,21.34,-23.15,-39.38,-18.68,-3.08,-7.6899999999999995,-51.21,16.53,37.31,20.88
2025-08-18T11:41:50.697033,34.0,-34.0,-22.0,-38.0,-79.0,-13.0,55.0,-10.0,-12.0,-25.0,82.0,-52.0,-0.6700000000000017,-32.73,-3.66,-39.15,-74.38,-28.68,59.92,-24.689999999999998,8.79,-35.47,68.31,-30.12
2025-08-18T11:41:50.701041,-13.0,42.0,25.0,55.0,55.0,53.0,47.0,6.0,-65.0,21.0,52.0,-67.0,-47.67,43.27,43.34,53.85,59.62,37.32,51.92,-8.69,-44.21,10.53,38.31,-45.120000000000005
2025-08-18T11:41:50.709220,10.0,14.0,3.0,-18.0,15.0,-6.0,-24.0,-4.0,-26.0,20.0,28.0,-74.0,-24.67,15.27,21.34,-19.15,19.62,-21.68,-19.08,-18.689999999999998,-5.210000000000001,9.53,14.31,-52.120000000000005
2025-08-18T11:41:50.713155,75.0,-54.0,16.0,29.0,-21.0,7.0,-15.0,16.0,-20.0,26.0,58.0,-18.0,40.33,-52.73,34.34,27.85,-16.38,-8.68,-10.08,1.3100000000000005,0.7899999999999991,15.53,44.31,3.879999999999999
2025-08-18T11:41:50.721310,-51.0,59.0,68.0,13.0,82.0,-18.0,26.0,14.0,6.0,25.0,44.0,-59.0,-85.67,60.27,86.34,11.85,86.62,-33.68,30.92,-0.6899999999999995,26.79,14.53,30.310000000000002,-37.120000000000005
2025-08-18T11:41:50.726365,85.0,14.0,0.0,-66.0,93.0,77.0,21.0,8.0,54.0,5.0,-6.0,-52.0,50.33,15.27,18.34,-67.15,97.62,61.32,25.92,-6.6899999999999995,74.78999999999999,-5.470000000000001,-19.689999999999998,-30.12
2025-08-18T11:41:50.733601,-4.0,64.0,-7.0,-1.0,42.0,1.0,-22.0,25.0,-51.0,39.0,4.0,-48.0,-38.67,65.27,11.34,-2.15,46.62,-14.68,-17.08,10.31,-30.21,28.53,-9.69,-26.12
2025-08-18T11:41:50.737754,80.0,-30.0,-13.0,46.0,11.0,26.0,-68.0,-13.0,-26.0,81.0,42.0,-46.0,45.33,-28.73,5.34,44.85,15.620000000000001,10.32,-63.08,-27.689999999999998,-5.210000000000001,70.53,28.310000000000002,-24.12
2025-08-18T11:41:50.746068,1.0,-28.0,-121.0,-21.0,19.0,-7.0,3.0,10.0,-15.0,41.0,21.0,-26.0,-33.67,-26.73,-102.66,-22.15,23.62,-22.68,7.92,-4.6899999999999995,5.789999999999999,30.53,7.3100000000000005,-4.120000000000001
2025-08-18T11:41:50.749998,90.0,49.0,-22.0,-5.0,-41.0,-29.0,-42.0,58.0,-4.0,9.0,-19.0,-45.0,55.33,50.27,-3.66,-6.15,-36.38,-44.68,-37.08,43.31,16.79,-1.4700000000000006,-32.69,-23.12
2025-08-18T11:41:50.758356,64.0,16.0,-56.0,-62.0,40.0,-67.0,-14.0,-6.0,-54.0,33.0,26.0,-72.0,29.33,17.27,-37.66,-63.15,44.62,-82.68,-9.08,-20.689999999999998,-33.21,22.53,12.31,-50.120000000000005
2025-08-18T11:41:50.762463,26.0,5.0,-92.0,-29.0,-55.0,5.0,51.0,63.0,-42.0,-20.0,67.0,-10.0,-8.670000000000002,6.27,-73.66,-30.15,-50.38,-10.68,55.92,48.31,-21.21,-30.47,53.31,11.879999999999999
2025-08-18T11:41:50.770601,9.0,13.0,-100.0,65.0,-55.0,1.0,-14.0,42.0,-39.0,23.0,40.0,6.0,-25.67,14.27,-81.66,63.85,-50.38,-14.68,-9.08,27.310000000000002,-18.21,12.53,26.310000000000002,27.88
2025-08-18T11:41:50.774848,21.0,112.0,-48.0,36.0,-64.0,-14.0,-16.0,86.0,-43.0,-42.0,25.0,-23.0,-13.670000000000002,113.27,-29.66,34.85,-59.38,-29.68,-11.08,71.31,-22.21,-52.47,11.31,-1.120000000000001
2025-08-18T11:41:50.782860,24.0,36.0,-96.0,51.0,-47.0,32.0,-3.0,3.0,-81.0,-12.0,48.0,-25.0,-10.670000000000002,37.27,-77.66,49.85,-42.38,16.32,1.92,-11.69,-60.21,-22.47,34.31,-3.120000000000001
2025-08-18T11:41:50.787163,48.0,20.0,-64.0,46.0,-45.0,43.0,17.0,45.0,-41.0,-42.0,7.0,-34.0,13.329999999999998,21.27,-45.66,44.85,-40.38,27.32,21.92,30.310000000000002,-20.21,-52.47,-6.6899999999999995,-12.120000000000001
2025-08-18T11:41:50.795187,5.0,39.0,-86.0,31.0,-18.0,16.0,-15.0,32.0,-72.0,8.0,22.0,-15.0,-29.67,40.27,-67.66,29.85,-13.379999999999999,0.3200000000000003,-10.08,17.310000000000002,-51.21,-2.4700000000000006,8.31,6.879999999999999
2025-08-18T11:41:50.799425,46.0,-13.0,-58.0,27.0,-40.0,21.0,-27.0,43.0,-73.0,-12.0,-11.0,-32.0,11.329999999999998,-11.73,-39.66,25.85,-35.38,5.32,-22.08,28.310000000000002,-52.21,-22.47,-24.689999999999998,-10.120000000000001
2025-08-18T11:41:50.807295,5.0,-69.0,-67.0,-25.0,20.0,28.0,13.0,-15.0,36.0,-21.0,26.0,-35.0,-29.67,-67.73,-48.66,-26.15,24.62,12.32,17.92,-29.689999999999998,56.79,-31.47,12.31,-13.120000000000001
2025-08-18T11:41:50.811679,82.0,-42.0,-22.0,8.0,44.0,23.0,-9.0,40.0,60.0,-38.0,41.0,-5.0,47.33,-40.73,-3.66,6.85,48.62,7.32,-4.08,25.310000000000002,80.78999999999999,-48.47,27.310000000000002,16.88
2025-08-18T11:41:50.819567,-38.0,4.0,-67.0,-6.0,25.0,-37.0,-12.0,44.0,-25.0,7.0,47.0,-11.0,-72.67,5.27,-48.66,-7.15,29.62,-52.68,-7.08,29.310000000000002,-4.210000000000001,-3.4700000000000006,33.31,10.879999999999999
2025-08-18T11:41:50.823888,67.0,-48.0,-21.0,46.0,39.0,19.0,-84.0,-26.0,27.0,49.0,14.0,-50.0,32.33,-46.73,-2.66,44.85,43.62,3.3200000000000003,-79.08,-40.69,47.79,38.53,0.3100000000000005,-28.12
2025-08-18T11:41:50.831865,119.0,2.0,-20.0,36.0,8.0,29.0,-37.0,3.0,-9.0,-7.0,71.0,-15.0,84.33,3.27,-1.6600000000000001,34.85,12.620000000000001,13.32,-32.08,-11.69,11.79,-17.47,57.31,6.879999999999999
2025-08-18T11:41:50.836302,2.0,26.0,19.0,21.0,7.0,-18.0,-50.0,-22.0,39.0,40.0,68.0,-28.0,-32.67,27.27,37.34,19.85,11.620000000000001,-33.68,-45.08,-36.69,59.79,29.53,54.31,-6.120000000000001
2025-08-18T11:41:50.844192,83.0,-103.0,-7.0,-7.0,34.0,21.0,-3.0,-10.0,-71.0,33.0,-12.0,-62.0,48.33,-101.73,11.34,-8.15,38.62,5.32,1.92,-24.689999999999998,-50.21,22.53,-25.689999999999998,-40.120000000000005
2025-08-18T11:41:50.848495,138.0,0.0,-47.0,29.0,-33.0,-38.0,-70.0,37.0,-27.0,45.0,25.0,-34.0,103.33,1.27,-28.66,27.85,-28.38,-53.68,-65.08,22.310000000000002,-6.210000000000001,34.53,11.31,-12.120000000000001
2025-08-18T11:41:50.856625,34.0,41.0,-38.0,43.0,-7.0,93.0,-46.0,57.0,-77.0,32.0,28.0,-8.0,-0.6700000000000017,42.27,-19.66,41.85,-2.38,77.32,-41.08,42.31,-56.21,21.53,14.31,13.879999999999999
2025-08-18T11:41:50.860714,28.0,-89.0,-33.0,-15.0,-58.0,2.0,20.0,72.0,-66.0,36.0,10.0,-51.0,-6.670000000000002,-87.73,-14.66,-16.15,-53.38,-13.68,24.92,57.31,-45.21,25.53,-3.6899999999999995,-29.12
2025-08-18T11:41:50.868743,62.0,73.0,6.0,-50.0,9.0,9.0,-69.0,-30.0,-22.0,41.0,-30.0,7.0,27.33,74.27,24.34,-51.15,13.620000000000001,-6.68,-64.08,-44.69,-1.2100000000000009,30.53,-43.69,28.88
2025-08-18T11:41:50.873119,98.0,5.0,10.0,74.0,-19.0,23.0,-52.0,37.0,-48.0,-13.0,-25.0,-19.0,63.33,6.27,28.34,72.85,-14.379999999999999,7.32,-47.08,22.310000000000002,-27.21,-23.47,-38.69,2.879999999999999
2025-08-18T11:41:50.880926,-37.0,91.0,-18.0,3.0,16.0,-20.0,-8.0,32.0,12.0,-14.0,12.0,-65.0,-71.67,92.27,0.33999999999999986,1.85,20.62,-35.68,-3.08,17.310000000000002,32.79,-24.47,-1.6899999999999995,-43.120000000000005
2025-08-18T11:41:50.885337,32.0,57.0,31.0,64.0,15.0,5.0,3.0,33.0,-38.0,-21.0,44.0,-12.0,-2.6700000000000017,58.27,49.34,62.85,19.62,-10.68,7.92,18.310000000000002,-17.21,-31.47,30.310000000000002,9.879999999999999
2025-08-18T11:41:50.889224,85.0,47.0,23.0,43.0,-28.0,-14.0,15.0,14.0,-35.0,2.0,60.0,46.0,50.33,48.27,41.34,41.85,-23.38,-29.68,19.92,-0.6899999999999995,-14.21,-8.47,46.31,67.88
2025-08-18T11:41:50.897664,35.0,30.0,-63.0,31.0,11.0,-18.0,-27.0,44.0,-30.0,27.0,45.0,-57.0,0.3299999999999983,31.27,-44.66,29.85,15.620000000000001,-33.68,-22.08,29.310000000000002,-9.21,16.53,31.310000000000002,-35.120000000000005
2025-08-18T11:41:50.901615,-5.0,18.0,-51.0,19.0,12.0,63.0,14.0,-10.0,-42.0,-28.0,33.0,-63.0,-39.67,19.27,-32.66,17.85,16.62,47.32,18.92,-24.689999999999998,-21.21,-38.47,19.310000000000002,-41.120000000000005
2025-08-18T11:41:50.909877,47.0,22.0,-109.0,-76.0,-14.0,17.0,-3.0,-15.0,-33.0,23.0,38.0,-86.0,12.329999999999998,23.27,-90.66,-77.15,-9.379999999999999,1.3200000000000003,1.92,-29.689999999999998,-12.21,12.53,24.310000000000002,-64.12
2025-08-18T11:41:50.914066,47.0,8.0,24.0,21.0,7.0,-5.0,-43.0,59.0,-21.0,-26.0,45.0,-19.0,12.329999999999998,9.27,42.34,19.85,11.620000000000001,-20.68,-38.08,44.31,-0.21000000000000085,-36.47,31.310000000000002,2.879999999999999
2025-08-18T11:41:50.922244,57.0,-35.0,-37.0,20.0,22.0,49.0,-45.0,-19.0,-16.0,-4.0,35.0,-77.0,22.33,-33.73,-18.66,18.85,26.62,33.32,-40.08,-33.69,4.789999999999999,-14.47,21.310000000000002,-55.120000000000005
2025-08-18T11:41:50.930257,85.0,-37.0,-69.0,-29.0,-32.0,-7.0,-40.0,-23.0,40.0,-57.0,51.0,-46.0,50.33,-35.73,-50.66,-30.15,-27.38,-22.68,-35.08,-37.69,60.79,-67.47,37.31,-24.12
2025-08-18T11:41:50.934285,24.0,-99.0,-23.0,20.0,7.0,-30.0,1.0,50.0,-74.0,113.0,84.0,-53.0,-10.670000000000002,-97.73,-4.66,18.85,11.620000000000001,-45.68,5.92,35.31,-53.21,102.53,70.31,-31.12
2025-08-18T11:41:50.938402,86.0,-44.0,12.0,23.0,-2.0,68.0,-2.0,33.0,-7.0,-31.0,69.0,-7.0,51.33,-42.73,30.34,21.85,2.62,52.32,2.92,18.310000000000002,13.79,-41.47,55.31,14.879999999999999
2025-08-18T11:41:50.946679,72.0,-18.0,38.0,43.0,9.0,10.0,-40.0,11.0,-102.0,39.0,70.0,16.0,37.33,-16.73,56.34,41.85,13.620000000000001,-5.68,-35.08,-3.6899999999999995,-81.21000000000001,28.53,56.31,37.879999999999995
2025-08-18T11:41:50.951650,60.0,20.0,3.0,-22.0,85.0,14.0,29.0,11.0,-13.0,39.0,37.0,-75.0,25.33,21.27,21.34,-23.15,89.62,-1.6799999999999997,33.92,-3.6899999999999995,7.789999999999999,28.53,23.310000000000002,-53.120000000000005
2025-08-18T11:41:50.959099,29.0,-4.0,8.0,56.0,26.0,-13.0,-31.0,5.0,-30.0,-13.0,-8.0,-15.0,-5.670000000000002,-2.73,26.34,54.85,30.62,-28.68,-26.08,-9.69,-9.21,-23.47,-21.689999999999998,6.879999999999999
2025-08-18T11:41:50.963248,74.0,-8.0,32.0,-52.0,-18.0,14.0,30.0,-23.0,-38.0,4.0,-13.0,8.0,39.33,-6.73,50.34,-53.15,-13.379999999999999,-1.6799999999999997,34.92,-37.69,-17.21,-6.470000000000001,-26.689999999999998,29.88
2025-08-18T11:41:50.971094,24.0,-15.0,63.0,14.0,7.0,-28.0,43.0,0.0,-16.0,94.0,48.0,-21.0,-10.670000000000002,-13.73,81.34,12.85,11.620000000000001,-43.68,47.92,-14.69,4.789999999999999,83.53,34.31,0.879999999999999
2025-08-18T11:41:50.975412,113.0,-34.0,-50.0,33.0,67.0,57.0,6.0,-18.0,-6.0,39.0,-4.0,-31.0,78.33,-32.73,-31.66,31.85,71.62,41.32,10.92,-32.69,14.79,28.53,-17.689999999999998,-9.120000000000001
2025-08-18T11:41:50.983572,25.0,30.0,3.0,10.0,-50.0,8.0,-10.0,-27.0,-101.0,27.0,4.0,-22.0,-9.670000000000002,31.27,21.34,8.85,-45.38,-7.68,-5.08,-41.69,-80.21000000000001,16.53,-9.69,-0.120000000000001
2025-08-18T11:41:50.987801,62.0,-43.0,-7.0,14.0,-55.0,-23.0,9.0,-22.0,-62.0,-29.0,-11.0,-70.0,27.33,-41.73,11.34,12.85,-50.38,-38.68,13.92,-36.69,-41.21,-39.47,-24.689999999999998,-48.120000000000005
2025-08-18T11:41:50.995882,49.0,-32.0,-48.0,61.0,41.0,44.0,-16.0,-24.0,-20.0,64.0,24.0,-27.0,14.329999999999998,-30.73,-29.66,59.85,45.62,28.32,-11.08,-38.69,0.7899999999999991,53.53,10.31,-5.120000000000001
2025-08-18T11:41:51.000141,11.0,-38.0,-19.0,44.0,-11.0,-18.0,-17.0,9.0,13.0,-3.0,32.0,7.0,-23.67,-36.73,-0.6600000000000001,42.85,-6.38,-33.68,-12.08,-5.6899999999999995,33.79,-13.47,18.310000000000002,28.88
2025-08-18T11:41:51.008137,26.0,-13.0,21.0,56.0,6.0,-48.0,-59.0,16.0,13.0,5.0,14.0,-30.0,-8.670000000000002,-11.73,39.34,54.85,10.620000000000001,-63.68,-54.08,1.3100000000000005,33.79,-5.470000000000001,0.3100000000000005,-8.120000000000001
2025-08-18T11:41:51.012463,36.0,-32.0,-72.0,10.0,24.0,9.0,-23.0,-5.0,-11.0,-70.0,118.0,-58.0,1.3299999999999983,-30.73,-53.66,8.85,28.62,-6.68,-18.08,-19.689999999999998,9.79,-80.47,104.31,-36.120000000000005
2025-08-18T11:41:51.020184,18.0,13.0,25.0,20.0,-14.0,11.0,20.0,-30.0,2.0,-12.0,-9.0,-56.0,-16.67,14.27,43.34,18.85,-9.379999999999999,-4.68,24.92,-44.69,22.79,-22.47,-22.689999999999998,-34.120000000000005
2025-08-18T11:41:51.024724,-18.0,-8.0,12.0,-14.0,-19.0,12.0,-21.0,-12.0,-45.0,2.0,0.0,16.0,-52.67,-6.73,30.34,-15.15,-14.379999999999999,-3.6799999999999997,-16.08,-26.689999999999998,-24.21,-8.47,-13.69,37.879999999999995
2025-08-18T11:41:51.032631,1.0,0.0,-6.0,3.0,-40.0,24.0,69.0,31.0,23.0,-29.0,46.0,-10.0,-33.67,1.27,12.34,1.85,-35.38,8.32,73.92,16.310000000000002,43.79,-39.47,32.31,11.879999999999999
2025-08-18T11:41:51.036780,7.0,-3.0,72.0,13.0,-25.0,52.0,-19.0,75.0,-6.0,-1.0,36.0,-60.0,-27.67,-1.73,90.34,11.85,-20.38,36.32,-14.08,60.31,14.79,-11.47,22.310000000000002,-38.120000000000005
2025-08-18T11:41:51.044938,54.0,25.0,82.0,55.0,42.0,-67.0,-7.0,16.0,-35.0,41.0,54.0,-76.0,19.33,26.27,100.34,53.85,46.62,-82.68,-2.08,1.3100000000000005,-14.21,30.53,40.31,-54.120000000000005
2025-08-18T11:41:51.049232,12.0,-10.0,-4.0,-6.0,-16.0,-17.0,-54.0,33.0,-40.0,21.0,-4.0,-36.0,-22.67,-8.73,14.34,-7.15,-11.379999999999999,-32.68,-49.08,18.310000000000002,-19.21,10.53,-17.689999999999998,-14.120000000000001
2025-08-18T11:41:51.053320,14.0,15.0,77.0,-38.0,3.0,-8.0,10.0,11.0,-17.0,-19.0,19.0,-1.0,-20.67,16.27,95.34,-39.15,7.62,-23.68,14.92,-3.6899999999999995,3.789999999999999,-29.47,5.3100000000000005,20.88
2025-08-18T11:41:51.061216,-22.0,-9.0,-14.0,-27.0,-5.0,66.0,-11.0,6.0,-73.0,35.0,14.0,-49.0,-56.67,-7.73,4.34,-28.15,-0.3799999999999999,50.32,-6.08,-8.69,-52.21,24.53,0.3100000000000005,-27.12
2025-08-18T11:41:51.065768,-15.0,43.0,-57.0,21.0,-18.0,-4.0,42.0,-21.0,-71.0,1.0,76.0,-79.0,-49.67,44.27,-38.66,19.85,-13.379999999999999,-19.68,46.92,-35.69,-50.21,-9.47,62.31,-57.120000000000005
2025-08-18T11:41:51.073573,-40.0,13.0,0.0,-84.0,-2.0,2.0,2.0,0.0,-18.0,38.0,45.0,-45.0,-74.67,14.27,18.34,-85.15,2.62,-13.68,6.92,-14.69,2.789999999999999,27.53,31.310000000000002,-23.12
2025-08-18T11:41:51.078017,9.0,28.0,-23.0,-7.0,24.0,-20.0,84.0,67.0,-82.0,63.0,85.0,-26.0,-25.67,29.27,-4.66,-8.15,28.62,-35.68,88.92,52.31,-61.21,52.53,71.31,-4.120000000000001
2025-08-18T11:41:51.086045,62.0,27.0,-9.0,15.0,-27.0,-23.0,8.0,-61.0,-55.0,17.0,-19.0,-28.0,27.33,28.27,9.34,13.85,-22.38,-38.68,12.92,-75.69,-34.21,6.529999999999999,-32.69,-6.120000000000001
2025-08-18T11:41:51.090088,1.0,4.0,-63.0,18.0,-30.0,42.0,7.0,-12.0,-7.0,49.0,-41.0,-64.0,-33.67,5.27,-44.66,16.85,-25.38,26.32,11.92,-26.689999999999998,13.79,38.53,-54.69,-42.120000000000005
2025-08-18T11:41:51.098162,7.0,0.0,-57.0,-28.0,0.0,-43.0,44.0,-1.0,-43.0,9.0,22.0,-60.0,-27.67,1.27,-38.66,-29.15,4.62,-58.68,48.92,-15.69,-22.21,-1.4700000000000006,8.31,-38.120000000000005
2025-08-18T11:41:51.102476,-12.0,19.0,52.0,30.0,-2.0,71.0,19.0,-46.0,-42.0,17.0,-23.0,-30.0,-46.67,20.27,70.34,28.85,2.62,55.32,23.92,-60.69,-21.21,6.529999999999999,-36.69,-8.120000000000001
2025-08-18T11:41:51.110325,32.0,44.0,-51.0,20.0,23.0,73.0,19.0,3.0,-61.0,-1.0,24.0,-24.0,-2.6700000000000017,45.27,-32.66,18.85,27.62,57.32,23.92,-11.69,-40.21,-11.47,10.31,-2.120000000000001
2025-08-18T11:41:51.114838,40.0,26.0,-27.0,-20.0,-8.0,18.0,32.0,-44.0,-45.0,15.0,-6.0,-7.0,5.329999999999998,27.27,-8.66,-21.15,-3.38,2.3200000000000003,36.92,-58.69,-24.21,4.529999999999999,-19.689999999999998,14.879999999999999
2025-08-18T11:41:51.122886,43.0,-63.0,3.0,-30.0,13.0,46.0,61.0,-37.0,-30.0,-17.0,87.0,13.0,8.329999999999998,-61.73,21.34,-31.15,17.62,30.32,65.92,-51.69,-9.21,-27.47,73.31,34.879999999999995
2025-08-18T11:41:51.126848,59.0,-2.0,-80.0,-26.0,-25.0,13.0,-3.0,3.0,61.0,28.0,34.0,-54.0,24.33,-0.73,-61.66,-27.15,-20.38,-2.6799999999999997,1.92,-11.69,81.78999999999999,17.53,20.310000000000002,-32.120000000000005
2025-08-18T11:41:51.135196,54.0,-48.0,-73.0,-11.0,37.0,-60.0,-25.0,26.0,-64.0,38.0,-67.0,-82.0,19.33,-46.73,-54.66,-12.15,41.62,-75.68,-20.08,11.31,-43.21,27.53,-80.69,-60.120000000000005
2025-08-18T11:41:51.139217,77.0,-22.0,-16.0,-9.0,-3.0,-3.0,52.0,-13.0,-7.0,-51.0,2.0,19.0,42.33,-20.73,2.34,-10.15,1.62,-18.68,56.92,-27.689999999999998,13.79,-61.47,-11.69,40.879999999999995
2025-08-18T11:41:51.147206,100.0,38.0,-24.0,65.0,36.0,98.0,-8.0,-29.0,14.0,22.0,59.0,-44.0,65.33,39.27,-5.66,63.85,40.62,82.32,-3.08,-43.69,34.79,11.53,45.31,-22.12
2025-08-18T11:41:51.151596,25.0,-14.0,-36.0,19.0,-66.0,17.0,-60.0,23.0,-43.0,12.0,-21.0,3.0,-9.670000000000002,-12.73,-17.66,17.85,-61.38,1.3200000000000003,-55.08,8.31,-22.21,1.5299999999999994,-34.69,24.88
2025-08-18T11:41:51.159606,73.0,22.0,-55.0,-46.0,-40.0,48.0,-95.0,0.0,-36.0,37.0,2.0,-1.0,38.33,23.27,-36.66,-47.15,-35.38,32.32,-90.08,-14.69,-15.21,26.53,-11.69,20.88
2025-08-18T11:41:51.163885,84.0,-27.0,-32.0,53.0,-42.0,22.0,-55.0,20.0,-18.0,-66.0,16.0,-49.0,49.33,-25.73,-13.66,51.85,-37.38,6.32,-50.08,5.3100000000000005,2.789999999999999,-76.47,2.3100000000000005,-27.12
2025-08-18T11:41:51.171987,-44.0,-47.0,-72.0,63.0,-47.0,56.0,-4.0,15.0,-42.0,42.0,56.0,-17.0,-78.67,-45.73,-53.66,61.85,-42.38,40.32,0.9199999999999999,0.3100000000000005,-21.21,31.53,42.31,4.879999999999999
2025-08-18T11:41:51.176170,15.0,1.0,53.0,-8.0,9.0,71.0,62.0,-21.0,-42.0,-20.0,17.0,-55.0,-19.67,2.27,71.34,-9.15,13.620000000000001,55.32,66.92,-35.69,-21.21,-30.47,3.3100000000000005,-33.120000000000005
2025-08-18T11:41:51.180585,45.0,56.0,0.0,11.0,-1.0,-9.0,-58.0,4.0,-1.0,66.0,-36.0,-71.0,10.329999999999998,57.27,18.34,9.85,3.62,-24.68,-53.08,-10.69,19.79,55.53,-49.69,-49.120000000000005
2025-08-18T11:41:51.188238,66.0,-13.0,12.0,-17.0,-4.0,17.0,19.0,31.0,-28.0,24.0,-51.0,-32.0,31.33,-11.73,30.34,-18.15,0.6200000000000001,1.3200000000000003,23.92,16.310000000000002,-7.210000000000001,13.53,-64.69,-10.120000000000001
2025-08-18T11:41:51.196496,45.0,-39.0,12.0,-27.0,68.0,-30.0,-79.0,3.0,-42.0,63.0,-11.0,-43.0,10.329999999999998,-37.73,30.34,-28.15,72.62,-45.68,-74.08,-11.69,-21.21,52.53,-24.689999999999998,-21.12
2025-08-18T11:41:51.200775,51.0,41.0,-51.0,64.0,26.0,-13.0,7.0,28.0,28.0,-11.0,0.0,-28.0,16.33,42.27,-32.66,62.85,30.62,-28.68,11.92,13.31,48.79,-21.47,-13.69,-6.120000000000001
2025-08-18T11:41:51.204608,26.0,11.0,-47.0,15.0,8.0,39.0,12.0,30.0,-45.0,6.0,41.0,77.0,-8.670000000000002,12.27,-28.66,13.85,12.620000000000001,23.32,16.92,15.31,-24.21,-4.470000000000001,27.310000000000002,98.88
2025-08-18T11:41:51.212893,-58.0,21.0,-49.0,5.0,-9.0,52.0,26.0,96.0,-87.0,13.0,17.0,66.0,-92.67,22.27,-30.66,3.85,-4.38,36.32,30.92,81.31,-66.21000000000001,2.5299999999999994,3.3100000000000005,87.88
2025-08-18T11:41:51.217098,-24.0,61.0,-123.0,33.0,-51.0,-38.0,-96.0,5.0,-35.0,25.0,-5.0,47.0,-58.67,62.27,-104.66,31.85,-46.38,-53.68,-91.08,-9.69,-14.21,14.53,-18.689999999999998,68.88
2025-08-18T11:41:51.225297,42.0,86.0,-68.0,-24.0,13.0,22.0,-51.0,19.0,28.0,19.0,-22.0,-42.0,7.329999999999998,87.27,-49.66,-25.15,17.62,6.32,-46.08,4.3100000000000005,48.79,8.53,-35.69,-20.12
2025-08-18T11:41:51.229268,-17.0,-10.0,-65.0,28.0,-54.0,43.0,8.0,50.0,-48.0,-57.0,32.0,-25.0,-51.67,-8.73,-46.66,26.85,-49.38,27.32,12.92,35.31,-27.21,-67.47,18.310000000000002,-3.120000000000001
2025-08-18T11:41:51.237490,78.0,4.0,-49.0,54.0,-45.0,24.0,16.0,-6.0,-25.0,9.0,-18.0,-57.0,43.33,5.27,-30.66,52.85,-40.38,8.32,20.92,-20.689999999999998,-4.210000000000001,-1.4700000000000006,-31.689999999999998,-35.120000000000005
2025-08-18T11:41:51.241600,9.0,52.0,-26.0,73.0,1.0,24.0,-3.0,57.0,-28.0,40.0,29.0,-14.0,-25.67,53.27,-7.66,71.85,5.62,8.32,1.92,42.31,-7.210000000000001,29.53,15.31,7.879999999999999
2025-08-18T11:41:51.249723,10.0,3.0,-23.0,-24.0,-42.0,-26.0,24.0,3.0,-68.0,52.0,28.0,10.0,-24.67,4.27,-4.66,-25.15,-37.38,-41.68,28.92,-11.69,-47.21,41.53,14.31,31.88
2025-08-18T11:41:51.254132,-29.0,78.0,-42.0,63.0,24.0,-50.0,19.0,14.0,-36.0,41.0,-39.0,-34.0,-63.67,79.27,-23.66,61.85,28.62,-65.68,23.92,-0.6899999999999995,-15.21,30.53,-52.69,-12.120000000000001
2025-08-18T11:41:51.262149,95.0,-15.0,-73.0,19.0,2.0,-46.0,62.0,40.0,-86.0,18.0,54.0,-43.0,60.33,-13.73,-54.66,17.85,6.62,-61.68,66.92,25.310000000000002,-65.21000000000001,7.529999999999999,40.31,-21.12
2025-08-18T11:41:51.266225,52.0,67.0,1.0,27.0,42.0,70.0,31.0,7.0,-48.0,0.0,21.0,12.0,17.33,68.27,19.34,25.85,46.62,54.32,35.92,-7.6899999999999995,-27.21,-10.47,7.3100000000000005,33.879999999999995
2025-08-18T11:41:51.274319,89.0,82.0,6.0,31.0,26.0,46.0,7.0,44.0,-40.0,83.0,58.0,11.0,54.33,83.27,24.34,29.85,30.62,30.32,11.92,29.310000000000002,-19.21,72.53,44.31,32.879999999999995
2025-08-18T11:41:51.278630,50.0,24.0,-54.0,-2.0,-50.0,26.0,-95.0,-42.0,-30.0,-7.0,-60.0,-25.0,15.329999999999998,25.27,-35.66,-3.15,-45.38,10.32,-90.08,-56.69,-9.21,-17.47,-73.69,-3.120000000000001
2025-08-18T11:41:51.286740,77.0,30.0,-24.0,10.0,20.0,1.0,-24.0,9.0,-20.0,-34.0,-19.0,-13.0,42.33,31.27,-5.66,8.85,24.62,-14.68,-19.08,-5.6899999999999995,0.7899999999999991,-44.47,-32.69,8.879999999999999
2025-08-18T11:41:51.290798,-2.0,-39.0,-27.0,-35.0,-24.0,29.0,-27.0,29.0,7.0,38.0,-26.0,43.0,-36.67,-37.73,-8.66,-36.15,-19.38,13.32,-22.08,14.31,27.79,27.53,-39.69,64.88
2025-08-18T11:41:51.298964,66.0,-22.0,-56.0,1.0,40.0,12.0,-36.0,-44.0,-32.0,2.0,-4.0,-77.0,31.33,-20.73,-37.66,-0.1499999999999999,44.62,-3.6799999999999997,-31.08,-58.69,-11.21,-8.47,-17.689999999999998,-55.120000000000005
2025-08-18T11:41:51.303151,33.0,-8.0,-45.0,31.0,-28.0,-12.0,52.0,-19.0,-60.0,4.0,15.0,-48.0,-1.6700000000000017,-6.73,-26.66,29.85,-23.38,-27.68,56.92,-33.69,-39.21,-6.470000000000001,1.3100000000000005,-26.12
2025-08-18T11:41:51.311135,19.0,-25.0,-53.0,37.0,61.0,-12.0,-49.0,20.0,34.0,-2.0,14.0,-20.0,-15.670000000000002,-23.73,-34.66,35.85,65.62,-27.68,-44.08,5.3100000000000005,54.79,-12.47,0.3100000000000005,1.879999999999999
2025-08-18T11:41:51.315305,69.0,8.0,-42.0,-58.0,7.0,-5.0,23.0,50.0,-21.0,21.0,8.0,-29.0,34.33,9.27,-23.66,-59.15,11.620000000000001,-20.68,27.92,35.31,-0.21000000000000085,10.53,-5.6899999999999995,-7.120000000000001
2025-08-18T11:41:51.323306,87.0,28.0,-3.0,36.0,-21.0,76.0,7.0,52.0,-97.0,36.0,13.0,-5.0,52.33,29.27,15.34,34.85,-16.38,60.32,11.92,37.31,-76.21000000000001,25.53,-0.6899999999999995,16.88
2025-08-18T11:41:51.327791,-3.0,-64.0,-4.0,21.0,-9.0,-3.0,-43.0,82.0,-50.0,33.0,19.0,-40.0,-37.67,-62.73,14.34,19.85,-4.38,-18.68,-38.08,67.31,-29.21,22.53,5.3100000000000005,-18.12
2025-08-18T11:41:51.335785,1.0,-2.0,29.0,88.0,-62.0,10.0,18.0,-11.0,-45.0,-4.0,47.0,-45.0,-33.67,-0.73,47.34,86.85,-57.38,-5.68,22.92,-25.689999999999998,-24.21,-14.47,33.31,-23.12
2025-08-18T11:41:51.339931,39.0,13.0,-16.0,-40.0,-33.0,28.0,-42.0,105.0,-53.0,1.0,31.0,-60.0,4.329999999999998,14.27,2.34,-41.15,-28.38,12.32,-37.08,90.31,-32.21,-9.47,17.310000000000002,-38.120000000000005
2025-08-18T11:41:51.348060,49.0,-56.0,46.0,-18.0,4.0,54.0,-31.0,55.0,0.0,1.0,29.0,-64.0,14.329999999999998,-54.73,64.34,-19.15,8.620000000000001,38.32,-26.08,40.31,20.79,-9.47,15.31,-42.120000000000005
2025-08-18T11:41:51.352269,35.0,-38.0,5.0,-57.0,-50.0,11.0,65.0,37.0,-14.0,66.0,44.0,-51.0,0.3299999999999983,-36.73,23.34,-58.15,-45.38,-4.68,69.92,22.310000000000002,6.789999999999999,55.53,30.310000000000002,-29.12
2025-08-18T11:41:51.356337,-75.0,11.0,-37.0,-15.0,-5.0,13.0,28.0,4.0,-63.0,45.0,7.0,1.0,-109.67,12.27,-18.66,-16.15,-0.3799999999999999,-2.6799999999999997,32.92,-10.69,-42.21,34.53,-6.6899999999999995,22.88
2025-08-18T11:41:51.364483,-4.0,50.0,12.0,19.0,-33.0,36.0,-60.0,35.0,-63.0,36.0,-22.0,-27.0,-38.67,51.27,30.34,17.85,-28.38,20.32,-55.08,20.310000000000002,-42.21,25.53,-35.69,-5.120000000000001
2025-08-18T11:41:51.368452,8.0,0.0,-30.0,10.0,53.0,28.0,17.0,70.0,23.0,42.0,-10.0,-7.0,-26.67,1.27,-11.66,8.85,57.62,12.32,21.92,55.31,43.79,31.53,-23.689999999999998,14.879999999999999
2025-08-18T11:41:51.376721,77.0,-4.0,19.0,47.0,67.0,51.0,-62.0,47.0,-43.0,27.0,-3.0,3.0,42.33,-2.73,37.34,45.85,71.62,35.32,-57.08,32.31,-22.21,16.53,-16.689999999999998,24.88
2025-08-18T11:41:51.380791,34.0,25.0,7.0,-45.0,17.0,12.0,-4.0,21.0,3.0,44.0,40.0,-88.0,-0.6700000000000017,26.27,25.34,-46.15,21.62,-3.6799999999999997,0.9199999999999999,6.3100000000000005,23.79,33.53,26.310000000000002,-66.12
2025-08-18T11:41:51.389032,-11.0,8.0,22.0,31.0,-38.0,44.0,7.0,-8.0,-25.0,28.0,-52.0,-70.0,-45.67,9.27,40.34,29.85,-33.38,28.32,11.92,-22.689999999999998,-4.210000000000001,17.53,-65.69,-48.120000000000005
2025-08-18T11:41:51.393123,-10.0,102.0,-53.0,31.0,-19.0,-12.0,-33.0,-78.0,-25.0,21.0,-41.0,-38.0,-44.67,103.27,-34.66,29.85,-14.379999999999999,-27.68,-28.08,-92.69,-4.210000000000001,10.53,-54.69,-16.12
2025-08-18T11:41:51.401307,-14.0,-43.0,-53.0,5.0,62.0,6.0,77.0,-3.0,-63.0,-14.0,-31.0,-49.0,-48.67,-41.73,-34.66,3.85,66.62,-9.68,81.92,-17.689999999999998,-42.21,-24.47,-44.69,-27.12
2025-08-18T11:41:51.405360,-6.0,11.0,54.0,14.0,-43.0,-37.0,-6.0,10.0,3.0,61.0,-3.0,31.0,-40.67,12.27,72.34,12.85,-38.38,-52.68,-1.08,-4.6899999999999995,23.79,50.53,-16.689999999999998,52.879999999999995
2025-08-18T11:41:51.413730,31.0,-13.0,-32.0,2.0,-13.0,20.0,53.0,-29.0,-16.0,-1.0,11.0,-24.0,-3.6700000000000017,-11.73,-13.66,0.8500000000000001,-8.379999999999999,4.32,57.92,-43.69,4.789999999999999,-11.47,-2.6899999999999995,-2.120000000000001
2025-08-18T11:41:51.417882,-4.0,-19.0,-26.0,30.0,5.0,72.0,43.0,-22.0,-26.0,-3.0,20.0,-36.0,-38.67,-17.73,-7.66,28.85,9.620000000000001,56.32,47.92,-36.69,-5.210000000000001,-13.47,6.3100000000000005,-14.120000000000001
2025-08-18T11:41:51.425795,64.0,32.0,-8.0,-6.0,-24.0,35.0,2.0,-9.0,-7.0,-9.0,37.0,18.0,29.33,33.27,10.34,-7.15,-19.38,19.32,6.92,-23.689999999999998,13.79,-19.47,23.310000000000002,39.879999999999995
2025-08-18T11:41:51.430063,10.0,7.0,11.0,13.0,42.0,-2.0,-61.0,31.0,3.0,-3.0,34.0,0.0,-24.67,8.27,29.34,11.85,46.62,-17.68,-56.08,16.310000000000002,23.79,-13.47,20.310000000000002,21.88
2025-08-18T11:41:51.438154,20.0,18.0,-55.0,29.0,34.0,19.0,13.0,-43.0,-18.0,-37.0,49.0,-65.0,-14.670000000000002,19.27,-36.66,27.85,38.62,3.3200000000000003,17.92,-57.69,2.789999999999999,-47.47,35.31,-43.120000000000005
2025-08-18T11:41:51.442425,11.0,44.0,-48.0,-17.0,-53.0,58.0,-31.0,35.0,34.0,16.0,50.0,-16.0,-23.67,45.27,-29.66,-18.15,-48.38,42.32,-26.08,20.310000000000002,54.79,5.529999999999999,36.31,5.879999999999999
2025-08-18T11:41:51.450356,30.0,-85.0,8.0,24.0,44.0,-11.0,-8.0,3.0,-43.0,-36.0,27.0,-25.0,-4.670000000000002,-83.73,26.34,22.85,48.62,-26.68,-3.08,-11.69,-22.21,-46.47,13.31,-3.120000000000001
2025-08-18T11:41:51.454668,74.0,29.0,-42.0,53.0,-13.0,50.0,-74.0,4.0,-40.0,32.0,53.0,-28.0,39.33,30.27,-23.66,51.85,-8.379999999999999,34.32,-69.08,-10.69,-19.21,21.53,39.31,-6.120000000000001
2025-08-18T11:41:51.462742,61.0,14.0,-4.0,111.0,57.0,38.0,6.0,27.0,-81.0,34.0,20.0,-39.0,26.33,15.27,14.34,109.85,61.62,22.32,10.92,12.31,-60.21,23.53,6.3100000000000005,-17.12
2025-08-18T11:41:51.466875,37.0,-13.0,-58.0,-11.0,-36.0,-8.0,29.0,45.0,-49.0,5.0,3.0,-50.0,2.3299999999999983,-11.73,-39.66,-12.15,-31.38,-23.68,33.92,30.310000000000002,-28.21,-5.470000000000001,-10.69,-28.12
2025-08-18T11:41:51.475066,0.0,-22.0,15.0,102.0,-73.0,22.0,11.0,58.0,-50.0,22.0,-20.0,-29.0,-34.67,-20.73,33.34,100.85,-68.38,6.32,15.92,43.31,-29.21,11.53,-33.69,-7.120000000000001
2025-08-18T11:41:51.479268,40.0,1.0,3.0,-13.0,20.0,40.0,33.0,-41.0,-53.0,61.0,-20.0,-4.0,5.329999999999998,2.27,21.34,-14.15,24.62,24.32,37.92,-55.69,-32.21,50.53,-33.69,17.88
2025-08-18T11:41:51.487280,-22.0,8.0,57.0,-25.0,58.0,30.0,2.0,-21.0,-30.0,44.0,46.0,0.0,-56.67,9.27,75.34,-26.15,62.62,14.32,6.92,-35.69,-9.21,33.53,32.31,21.88
2025-08-18T11:41:51.491416,34.0,-33.0,23.0,-71.0,-34.0,0.0,-26.0,11.0,-64.0,111.0,5.0,-10.0,-0.6700000000000017,-31.73,41.34,-72.15,-29.38,-15.68,-21.08,-3.6899999999999995,-43.21,100.53,-8.69,11.879999999999999
2025-08-18T11:41:51.499716,-7.0,-25.0,2.0,-11.0,-46.0,-25.0,5.0,42.0,-45.0,13.0,-22.0,-51.0,-41.67,-23.73,20.34,-12.15,-41.38,-40.68,9.92,27.310000000000002,-24.21,2.5299999999999994,-35.69,-29.12
2025-08-18T11:41:51.504107,-12.0,-63.0,-47.0,60.0,20.0,24.0,14.0,36.0,-81.0,12.0,-3.0,-44.0,-46.67,-61.73,-28.66,58.85,24.62,8.32,18.92,21.310000000000002,-60.21,1.5299999999999994,-16.689999999999998,-22.12
2025-08-18T11:41:51.511935,51.0,-60.0,23.0,87.0,-34.0,-35.0,-9.0,74.0,-11.0,-40.0,107.0,-18.0,16.33,-58.73,41.34,85.85,-29.38,-50.68,-4.08,59.31,9.79,-50.47,93.31,3.879999999999999
2025-08-18T11:41:51.516057,-8.0,-24.0,68.0,3.0,4.0,-21.0,16.0,5.0,-25.0,-11.0,31.0,-45.0,-42.67,-22.73,86.34,1.85,8.620000000000001,-36.68,20.92,-9.69,-4.210000000000001,-21.47,17.310000000000002,-23.12
2025-08-18T11:41:51.524231,10.0,21.0,35.0,-40.0,-30.0,-34.0,76.0,48.0,-5.0,-43.0,79.0,-74.0,-24.67,22.27,53.34,-41.15,-25.38,-49.68,80.92,33.31,15.79,-53.47,65.31,-52.120000000000005
2025-08-18T11:41:51.528350,41.0,50.0,10.0,10.0,19.0,-38.0,9.0,22.0,-13.0,-23.0,62.0,-20.0,6.329999999999998,51.27,28.34,8.85,23.62,-53.68,13.92,7.3100000000000005,7.789999999999999,-33.47,48.31,1.879999999999999
2025-08-18T11:41:51.536252,-20.0,30.0,-27.0,18.0,-54.0,32.0,94.0,56.0,-8.0,-22.0,67.0,-69.0,-54.67,31.27,-8.66,16.85,-49.38,16.32,98.92,41.31,12.79,-32.47,53.31,-47.120000000000005
2025-08-18T11:41:51.540423,97.0,26.0,-81.0,26.0,-3.0,-9.0,8.0,53.0,-6.0,3.0,-6.0,-98.0,62.33,27.27,-62.66,24.85,1.62,-24.68,12.92,38.31,14.79,-7.470000000000001,-19.689999999999998,-76.12
2025-08-18T11:41:51.544586,24.0,41.0,-89.0,9.0,-35.0,-23.0,30.0,7.0,41.0,77.0,41.0,-14.0,-10.670000000000002,42.27,-70.66,7.85,-30.38,-38.68,34.92,-7.6899999999999995,61.79,66.53,27.310000000000002,7.879999999999999
2025-08-18T11:41:51.552819,34.0,14.0,-71.0,-14.0,-12.0,19.0,6.0,8.0,-32.0,13.0,40.0,-93.0,-0.6700000000000017,15.27,-52.66,-15.15,-7.38,3.3200000000000003,10.92,-6.6899999999999995,-11.21,2.5299999999999994,26.310000000000002,-71.12
2025-08-18T11:41:51.557058,-6.0,2.0,4.0,10.0,-11.0,25.0,-17.0,-10.0,-41.0,32.0,25.0,-1.0,-40.67,3.27,22.34,8.85,-6.38,9.32,-12.08,-24.689999999999998,-20.21,21.53,11.31,20.88
2025-08-18T11:41:51.565221,18.0,15.0,-52.0,97.0,19.0,7.0,-14.0,5.0,17.0,8.0,77.0,-12.0,-16.67,16.27,-33.66,95.85,23.62,-8.68,-9.08,-9.69,37.79,-2.4700000000000006,63.31,9.879999999999999
2025-08-18T11:41:51.569303,66.0,21.0,-10.0,33.0,2.0,28.0,16.0,35.0,-31.0,19.0,35.0,-8.0,31.33,22.27,8.34,31.85,6.62,12.32,20.92,20.310000000000002,-10.21,8.53,21.310000000000002,13.879999999999999
2025-08-18T11:41:51.577365,12.0,48.0,-87.0,-10.0,11.0,13.0,13.0,21.0,-27.0,22.0,-10.0,-32.0,-22.67,49.27,-68.66,-11.15,15.620000000000001,-2.6799999999999997,17.92,6.3100000000000005,-6.210000000000001,11.53,-23.689999999999998,-10.120000000000001
2025-08-18T11:41:51.581716,87.0,21.0,-85.0,51.0,9.0,35.0,15.0,40.0,-39.0,-13.0,39.0,-27.0,52.33,22.27,-66.66,49.85,13.620000000000001,19.32,19.92,25.310000000000002,-18.21,-23.47,25.310000000000002,-5.120000000000001
2025-08-18T11:41:51.589798,35.0,-28.0,-63.0,-6.0,34.0,39.0,-57.0,-48.0,74.0,-5.0,-49.0,-86.0,0.3299999999999983,-26.73,-44.66,-7.15,38.62,23.32,-52.08,-62.69,94.78999999999999,-15.47,-62.69,-64.12
2025-08-18T11:41:51.593913,46.0,15.0,4.0,20.0,-13.0,6.0,8.0,-59.0,29.0,-1.0,-3.0,-50.0,11.329999999999998,16.27,22.34,18.85,-8.379999999999999,-9.68,12.92,-73.69,49.79,-11.47,-16.689999999999998,-28.12
2025-08-18T11:41:51.601852,42.0,30.0,-7.0,24.0,37.0,55.0,9.0,34.0,17.0,27.0,24.0,-86.0,7.329999999999998,31.27,11.34,22.85,41.62,39.32,13.92,19.310000000000002,37.79,16.53,10.31,-64.12
2025-08-18T11:41:51.606249,26.0,11.0,15.0,33.0,-31.0,10.0,26.0,-12.0,1.0,30.0,-46.0,-58.0,-8.670000000000002,12.27,33.34,31.85,-26.38,-5.68,30.92,-26.689999999999998,21.79,19.53,-59.69,-36.120000000000005
2025-08-18T11:41:51.614093,20.0,-35.0,14.0,95.0,29.0,25.0,-20.0,12.0,32.0,52.0,46.0,-18.0,-14.670000000000002,-33.73,32.34,93.85,33.62,9.32,-15.08,-2.6899999999999995,52.79,41.53,32.31,3.879999999999999
2025-08-18T11:41:51.619581,50.0,23.0,-55.0,-3.0,-44.0,-8.0,-47.0,58.0,24.0,2.0,-25.0,22.0,15.329999999999998,24.27,-36.66,-4.15,-39.38,-23.68,-42.08,43.31,44.79,-8.47,-38.69,43.879999999999995
2025-08-18T11:41:51.626420,91.0,4.0,27.0,21.0,19.0,20.0,-48.0,34.0,-33.0,24.0,-1.0,35.0,56.33,5.27,45.34,19.85,23.62,4.32,-43.08,19.310000000000002,-12.21,13.53,-14.69,56.879999999999995
2025-08-18T11:41:51.630558,24.0,36.0,27.0,7.0,0.0,51.0,3.0,-9.0,65.0,53.0,14.0,-52.0,-10.670000000000002,37.27,45.34,5.85,4.62,35.32,7.92,-23.689999999999998,85.78999999999999,42.53,0.3100000000000005,-30.12
2025-08-18T11:41:51.638634,38.0,13.0,-35.0,-16.0,-28.0,-10.0,-75.0,-29.0,-8.0,57.0,10.0,-30.0,3.3299999999999983,14.27,-16.66,-17.15,-23.38,-25.68,-70.08,-43.69,12.79,46.53,-3.6899999999999995,-8.120000000000001
2025-08-18T11:41:51.642986,-13.0,-51.0,-12.0,21.0,34.0,51.0,-75.0,-9.0,-50.0,-49.0,-35.0,-13.0,-47.67,-49.73,6.34,19.85,38.62,35.32,-70.08,-23.689999999999998,-29.21,-59.47,-48.69,8.879999999999999
2025-08-18T11:41:51.651178,50.0,55.0,22.0,24.0,-70.0,-48.0,33.0,40.0,-14.0,-15.0,37.0,14.0,15.329999999999998,56.27,40.34,22.85,-65.38,-63.68,37.92,25.310000000000002,6.789999999999999,-25.47,23.310000000000002,35.879999999999995
2025-08-18T11:41:51.655317,45.0,-14.0,-30.0,24.0,-20.0,40.0,16.0,1.0,30.0,13.0,29.0,-46.0,10.329999999999998,-12.73,-11.66,22.85,-15.379999999999999,24.32,20.92,-13.69,50.79,2.5299999999999994,15.31,-24.12
2025-08-18T11:41:51.663213,76.0,-3.0,-62.0,31.0,59.0,14.0,66.0,-2.0,-39.0,50.0,-29.0,-6.0,41.33,-1.73,-43.66,29.85,63.62,-1.6799999999999997,70.92,-16.689999999999998,-18.21,39.53,-42.69,15.879999999999999
2025-08-18T11:41:51.667532,48.0,-13.0,-19.0,-71.0,28.0,0.0,6.0,-1.0,-31.0,44.0,108.0,-13.0,13.329999999999998,-11.73,-0.6600000000000001,-72.15,32.62,-15.68,10.92,-15.69,-10.21,33.53,94.31,8.879999999999999
2025-08-18T11:41:51.671699,43.0,3.0,-54.0,1.0,4.0,23.0,-58.0,4.0,57.0,56.0,-39.0,-19.0,8.329999999999998,4.27,-35.66,-0.1499999999999999,8.620000000000001,7.32,-53.08,-10.69,77.78999999999999,45.53,-52.69,2.879999999999999
2025-08-18T11:41:51.679837,29.0,27.0,-43.0,-50.0,-33.0,35.0,-57.0,6.0,-43.0,2.0,16.0,-4.0,-5.670000000000002,28.27,-24.66,-51.15,-28.38,19.32,-52.08,-8.69,-22.21,-8.47,2.3100000000000005,17.88
2025-08-18T11:41:51.687953,82.0,24.0,-14.0,19.0,-31.0,-11.0,-43.0,46.0,-2.0,11.0,-72.0,-58.0,47.33,25.27,4.34,17.85,-26.38,-26.68,-38.08,31.310000000000002,18.79,0.5299999999999994,-85.69,-36.120000000000005
2025-08-18T11:41:51.692126,61.0,-21.0,-41.0,54.0,-28.0,33.0,9.0,-5.0,16.0,72.0,-57.0,39.0,26.33,-19.73,-22.66,52.85,-23.38,17.32,13.92,-19.689999999999998,36.79,61.53,-70.69,60.879999999999995
2025-08-18T11:41:51.700244,86.0,-25.0,-95.0,46.0,55.0,-16.0,20.0,-22.0,-41.0,-25.0,84.0,-59.0,51.33,-23.73,-76.66,44.85,59.62,-31.68,24.92,-36.69,-20.21,-35.47,70.31,-37.120000000000005
2025-08-18T11:41:51.704487,114.0,-32.0,-15.0,-19.0,1.0,16.0,20.0,67.0,-38.0,-48.0,25.0,-15.0,79.33,-30.73,3.34,-20.15,5.62,0.3200000000000003,24.92,52.31,-17.21,-58.47,11.31,6.879999999999999
2025-08-18T11:41:51.708640,-4.0,29.0,32.0,0.0,-20.0,5.0,6.0,-22.0,-46.0,14.0,-8.0,-21.0,-38.67,30.27,50.34,-1.15,-15.379999999999999,-10.68,10.92,-36.69,-25.21,3.5299999999999994,-21.689999999999998,0.879999999999999
2025-08-18T11:41:51.716642,0.0,-99.0,34.0,91.0,-38.0,10.0,65.0,-11.0,-32.0,21.0,55.0,7.0,-34.67,-97.73,52.34,89.85,-33.38,-5.68,69.92,-25.689999999999998,-11.21,10.53,41.31,28.88
2025-08-18T11:41:51.720732,18.0,36.0,-29.0,-9.0,-28.0,42.0,40.0,63.0,-15.0,92.0,-36.0,4.0,-16.67,37.27,-10.66,-10.15,-23.38,26.32,44.92,48.31,5.789999999999999,81.53,-49.69,25.88
2025-08-18T11:41:51.728900,-14.0,33.0,42.0,20.0,73.0,45.0,-8.0,-4.0,-37.0,-8.0,39.0,20.0,-48.67,34.27,60.34,18.85,77.62,29.32,-3.08,-18.689999999999998,-16.21,-18.47,25.310000000000002,41.879999999999995
2025-08-18T11:41:51.733086,3.0,-67.0,67.0,12.0,12.0,2.0,-10.0,19.0,-5.0,26.0,11.0,27.0,-31.67,-65.73,85.34,10.85,16.62,-13.68,-5.08,4.3100000000000005,15.79,15.53,-2.6899999999999995,48.879999999999995
2025-08-18T11:41:51.741226,-12.0,-22.0,10.0,-5.0,-5.0,-7.0,-28.0,13.0,-84.0,55.0,-30.0,-5.0,-46.67,-20.73,28.34,-6.15,-0.3799999999999999,-22.68,-23.08,-1.6899999999999995,-63.21,44.53,-43.69,16.88
2025-08-18T11:41:51.745545,13.0,36.0,35.0,87.0,-25.0,61.0,-23.0,39.0,-30.0,2.0,-41.0,-17.0,-21.67,37.27,53.34,85.85,-20.38,45.32,-18.08,24.310000000000002,-9.21,-8.47,-54.69,4.879999999999999
2025-08-18T11:41:51.753534,-1.0,-54.0,2.0,36.0,-18.0,-17.0,13.0,68.0,-29.0,-9.0,-5.0,-8.0,-35.67,-52.73,20.34,34.85,-13.379999999999999,-32.68,17.92,53.31,-8.21,-19.47,-18.689999999999998,13.879999999999999
2025-08-18T11:41:51.757860,27.0,-30.0,-19.0,23.0,-51.0,19.0,-42.0,-40.0,-37.0,47.0,17.0,-36.0,-7.670000000000002,-28.73,-0.6600000000000001,21.85,-46.38,3.3200000000000003,-37.08,-54.69,-16.21,36.53,3.3100000000000005,-14.120000000000001
