timestamp,x1,y1,z1,x2,y2,z2,x3,y3,z3,x4,y4,z4,x1_calib,y1_calib,z1_calib,x2_calib,y2_calib,z2_calib,x3_calib,y3_calib,z3_calib,x4_calib,y4_calib,z4_calib
2025-08-13T12:36:25.662882,62.0,103.0,-2.0,-16.0,20.0,-109.0,20.0,48.0,45.0,14.0,86.0,-76.0,52.88,73.82,10.23,-24.71,18.14,-71.0,17.19,36.769999999999996,66.03,23.55,31.119999999999997,-55.09
2025-08-13T12:36:25.669396,27.0,-17.0,-47.0,-33.0,27.0,-71.0,26.0,69.0,-47.0,27.0,92.0,-108.0,17.880000000000003,-46.18,-34.769999999999996,-41.71,25.14,-33.0,23.19,57.769999999999996,-25.97,36.55,37.12,-87.09
2025-08-13T12:36:25.673788,-16.0,51.0,47.0,-12.0,15.0,-72.0,-34.0,-24.0,-20.0,-18.0,32.0,-53.0,-25.119999999999997,21.82,59.230000000000004,-20.71,13.14,-34.0,-36.81,-35.230000000000004,1.0300000000000011,-8.45,-22.880000000000003,-32.09
2025-08-13T12:36:25.681789,-16.0,69.0,-18.0,2.0,-75.0,-70.0,-18.0,-28.0,-3.0,-21.0,25.0,16.0,-25.119999999999997,39.82,-5.77,-6.710000000000001,-76.86,-32.0,-20.81,-39.230000000000004,18.03,-11.45,-29.880000000000003,36.91
2025-08-13T12:36:25.685921,3.0,-26.0,37.0,-13.0,23.0,-52.0,11.0,-46.0,-110.0,-14.0,111.0,-44.0,-6.119999999999999,-55.18,49.230000000000004,-21.71,21.14,-14.0,8.19,-57.230000000000004,-88.97,-4.449999999999999,56.12,-23.09
2025-08-13T12:36:25.693986,-56.0,29.0,21.0,3.0,-59.0,-48.0,64.0,4.0,-32.0,-26.0,97.0,70.0,-65.12,-0.17999999999999972,33.230000000000004,-5.710000000000001,-60.86,-10.0,61.19,-7.23,-10.969999999999999,-16.45,42.12,90.91
2025-08-13T12:36:25.698412,-66.0,66.0,-42.0,37.0,-80.0,-34.0,22.0,22.0,53.0,-49.0,92.0,-6.0,-75.12,36.82,-29.77,28.29,-81.86,4.0,19.19,10.77,74.03,-39.45,37.12,14.91
2025-08-13T12:36:25.706456,29.0,72.0,-29.0,-31.0,-3.0,-52.0,37.0,-9.0,-59.0,-76.0,46.0,-28.0,19.880000000000003,42.82,-16.77,-39.71,-4.86,-14.0,34.19,-20.23,-37.97,-66.45,-8.880000000000003,-7.09
2025-08-13T12:36:25.711176,19.0,21.0,45.0,-21.0,75.0,-44.0,23.0,25.0,46.0,14.0,143.0,-85.0,9.88,-8.18,57.230000000000004,-29.71,73.14,-6.0,20.19,13.77,67.03,23.55,88.12,-64.09
2025-08-13T12:36:25.718783,35.0,-14.0,-28.0,46.0,-11.0,-87.0,-57.0,41.0,-20.0,-43.0,39.0,-23.0,25.880000000000003,-43.18,-15.77,37.29,-12.86,-49.0,-59.81,29.77,1.0300000000000011,-33.45,-15.880000000000003,-2.09
2025-08-13T12:36:25.722841,17.0,17.0,-19.0,36.0,-47.0,-45.0,14.0,4.0,-2.0,14.0,45.0,-31.0,7.880000000000001,-12.18,-6.77,27.29,-48.86,-7.0,11.19,-7.23,19.03,23.55,-9.880000000000003,-10.09
2025-08-13T12:36:25.730947,29.0,-15.0,-40.0,28.0,41.0,-62.0,-28.0,43.0,-19.0,31.0,-1.0,37.0,19.880000000000003,-44.18,-27.77,19.29,39.14,-24.0,-30.81,31.77,2.030000000000001,40.55,-55.88,57.91
2025-08-13T12:36:25.735173,37.0,14.0,-31.0,44.0,16.0,-43.0,-11.0,51.0,-58.0,-42.0,-39.0,22.0,27.880000000000003,-15.18,-18.77,35.29,14.14,-5.0,-13.81,39.769999999999996,-36.97,-32.45,-93.88,42.91
2025-08-13T12:36:25.743207,-16.0,18.0,-24.0,-22.0,-9.0,-91.0,28.0,-58.0,26.0,31.0,45.0,20.0,-25.119999999999997,-11.18,-11.77,-30.71,-10.86,-53.0,25.19,-69.23,47.03,40.55,-9.880000000000003,40.91
2025-08-13T12:36:25.747400,-1.0,47.0,38.0,36.0,34.0,-21.0,65.0,-30.0,-4.0,-32.0,100.0,-36.0,-10.12,17.82,50.230000000000004,27.29,32.14,17.0,62.19,-41.230000000000004,17.03,-22.45,45.12,-15.09
2025-08-13T12:36:25.755408,-41.0,80.0,49.0,-7.0,16.0,-27.0,-64.0,-10.0,52.0,-22.0,57.0,-57.0,-50.12,50.82,61.230000000000004,-15.71,14.14,11.0,-66.81,-21.23,73.03,-12.45,2.1199999999999974,-36.09
2025-08-13T12:36:25.760417,-7.0,39.0,-87.0,-40.0,41.0,3.0,-24.0,56.0,-1.0,7.0,59.0,-42.0,-16.119999999999997,9.82,-74.77,-48.71,39.14,41.0,-26.81,44.769999999999996,20.03,16.55,4.119999999999997,-21.09
2025-08-13T12:36:25.767633,-6.0,76.0,-36.0,-34.0,-3.0,-10.0,19.0,60.0,37.0,-3.0,73.0,-50.0,-15.12,46.82,-23.77,-42.71,-4.86,28.0,16.19,48.769999999999996,58.03,6.550000000000001,18.119999999999997,-29.09
2025-08-13T12:36:25.771965,-18.0,65.0,-36.0,24.0,26.0,-59.0,3.0,58.0,-1.0,-3.0,26.0,-60.0,-27.119999999999997,35.82,-23.77,15.29,24.14,-21.0,0.18999999999999995,46.769999999999996,20.03,6.550000000000001,-28.880000000000003,-39.09
2025-08-13T12:36:25.779898,-33.0,108.0,-35.0,5.0,0.0,-14.0,-61.0,59.0,-6.0,44.0,1.0,-54.0,-42.12,78.82,-22.77,-3.710000000000001,-1.86,24.0,-63.81,47.769999999999996,15.030000000000001,53.55,-53.88,-33.09
2025-08-13T12:36:25.784275,21.0,68.0,-41.0,10.0,-13.0,39.0,-2.0,48.0,24.0,47.0,75.0,-17.0,11.88,38.82,-28.77,1.2899999999999991,-14.86,77.0,-4.8100000000000005,36.769999999999996,45.03,56.55,20.119999999999997,3.91
2025-08-13T12:36:25.789195,75.0,-12.0,-2.0,74.0,1.0,-4.0,39.0,48.0,-31.0,2.0,38.0,-4.0,65.88,-41.18,10.23,65.28999999999999,-0.8600000000000001,34.0,36.19,36.769999999999996,-9.969999999999999,11.55,-16.880000000000003,16.91
2025-08-13T12:36:25.796490,-21.0,-13.0,-60.0,-12.0,-22.0,17.0,-20.0,49.0,-11.0,-16.0,63.0,7.0,-30.119999999999997,-42.18,-47.769999999999996,-20.71,-23.86,55.0,-22.81,37.769999999999996,10.030000000000001,-6.449999999999999,8.119999999999997,27.91
2025-08-13T12:36:25.801058,9.0,-7.0,-24.0,53.0,1.0,-13.0,-6.0,1.0,-42.0,1.0,37.0,-29.0,-0.11999999999999922,-36.18,-11.77,44.29,-0.8600000000000001,25.0,-8.81,-10.23,-20.97,10.55,-17.880000000000003,-8.09
2025-08-13T12:36:25.808828,9.0,6.0,-37.0,49.0,-26.0,-35.0,23.0,-2.0,24.0,-68.0,34.0,2.0,-0.11999999999999922,-23.18,-24.77,40.29,-27.86,3.0,20.19,-13.23,45.03,-58.45,-20.880000000000003,22.91
2025-08-13T12:36:25.813145,58.0,43.0,-24.0,12.0,-33.0,-29.0,13.0,35.0,18.0,-33.0,44.0,-33.0,48.88,13.82,-11.77,3.289999999999999,-34.86,9.0,10.19,23.77,39.03,-23.45,-10.880000000000003,-12.09
2025-08-13T12:36:25.821331,13.0,27.0,-45.0,41.0,1.0,-16.0,90.0,43.0,13.0,-33.0,48.0,-75.0,3.880000000000001,-2.1799999999999997,-32.769999999999996,32.29,-0.8600000000000001,22.0,87.19,31.77,34.03,-23.45,-6.880000000000003,-54.09
2025-08-13T12:36:25.825628,45.0,28.0,50.0,46.0,-15.0,-50.0,16.0,-65.0,-29.0,-14.0,122.0,-30.0,35.88,-1.1799999999999997,62.230000000000004,37.29,-16.86,-12.0,13.19,-76.23,-7.969999999999999,-4.449999999999999,67.12,-9.09
2025-08-13T12:36:25.833345,-4.0,34.0,-61.0,39.0,-21.0,-26.0,-30.0,34.0,-28.0,4.0,111.0,-29.0,-13.12,4.82,-48.769999999999996,30.29,-22.86,12.0,-32.81,22.77,-6.969999999999999,13.55,56.12,-8.09
2025-08-13T12:36:25.838065,-24.0,12.0,49.0,21.0,-22.0,-64.0,-29.0,25.0,-37.0,-22.0,26.0,-44.0,-33.12,-17.18,61.230000000000004,12.29,-23.86,-26.0,-31.81,13.77,-15.969999999999999,-12.45,-28.880000000000003,-23.09
2025-08-13T12:36:25.845821,-5.0,90.0,14.0,35.0,49.0,-105.0,-52.0,-1.0,-9.0,88.0,18.0,-34.0,-14.12,60.82,26.23,26.29,47.14,-67.0,-54.81,-12.23,12.030000000000001,97.55,-36.88,-13.09
2025-08-13T12:36:25.850503,-39.0,32.0,26.0,52.0,32.0,-75.0,-20.0,42.0,-45.0,-31.0,130.0,5.0,-48.12,2.8200000000000003,38.230000000000004,43.29,30.14,-37.0,-22.81,30.77,-23.97,-21.45,75.12,25.91
2025-08-13T12:36:25.858179,-79.0,84.0,-63.0,0.0,70.0,-6.0,22.0,-19.0,-21.0,-31.0,-42.0,-63.0,-88.12,54.82,-50.769999999999996,-8.71,68.14,32.0,19.19,-30.23,0.030000000000001137,-21.45,-96.88,-42.09
2025-08-13T12:36:25.862717,7.0,40.0,-24.0,118.0,-23.0,-106.0,-4.0,-5.0,-67.0,19.0,79.0,-58.0,-2.119999999999999,10.82,-11.77,109.28999999999999,-24.86,-68.0,-6.8100000000000005,-16.23,-45.97,28.55,24.119999999999997,-37.09
2025-08-13T12:36:25.870161,-34.0,75.0,-50.0,3.0,28.0,-60.0,-2.0,-59.0,-62.0,52.0,42.0,-60.0,-43.12,45.82,-37.769999999999996,-5.710000000000001,26.14,-22.0,-4.8100000000000005,-70.23,-40.97,61.55,-12.880000000000003,-39.09
2025-08-13T12:36:25.875063,13.0,5.0,-22.0,-5.0,-15.0,-59.0,127.0,28.0,-38.0,-78.0,32.0,17.0,3.880000000000001,-24.18,-9.77,-13.71,-16.86,-21.0,124.19,16.77,-16.97,-68.45,-22.880000000000003,37.91
2025-08-13T12:36:25.882712,49.0,94.0,28.0,41.0,-20.0,-34.0,63.0,-65.0,-34.0,55.0,95.0,13.0,39.88,64.82,40.230000000000004,32.29,-21.86,4.0,60.19,-76.23,-12.969999999999999,64.55,40.12,33.91
2025-08-13T12:36:25.887587,-27.0,-3.0,-75.0,29.0,53.0,-55.0,-11.0,14.0,-27.0,-32.0,11.0,15.0,-36.12,-32.18,-62.769999999999996,20.29,51.14,-17.0,-13.81,2.7699999999999996,-5.969999999999999,-22.45,-43.88,35.91
2025-08-13T12:36:25.894962,68.0,1.0,-39.0,-2.0,-17.0,3.0,-16.0,-39.0,-7.0,23.0,5.0,53.0,58.88,-28.18,-26.77,-10.71,-18.86,41.0,-18.81,-50.230000000000004,14.030000000000001,32.55,-49.88,73.91
2025-08-13T12:36:25.899125,4.0,39.0,-6.0,-51.0,35.0,-31.0,12.0,33.0,20.0,-21.0,118.0,8.0,-5.119999999999999,9.82,6.23,-59.71,33.14,7.0,9.19,21.77,41.03,-11.45,63.12,28.91
2025-08-13T12:36:25.907326,76.0,-7.0,-46.0,28.0,-14.0,-23.0,-43.0,7.0,-16.0,39.0,56.0,-69.0,66.88,-36.18,-33.769999999999996,19.29,-15.86,15.0,-45.81,-4.23,5.030000000000001,48.55,1.1199999999999974,-48.09
2025-08-13T12:36:25.912791,24.0,-2.0,-15.0,-54.0,-6.0,-38.0,26.0,-39.0,17.0,-19.0,97.0,18.0,14.88,-31.18,-2.7699999999999996,-62.71,-7.86,0.0,23.19,-50.230000000000004,38.03,-9.45,42.12,38.91
2025-08-13T12:36:25.920049,-31.0,-51.0,-9.0,8.0,-26.0,-42.0,-16.0,67.0,36.0,18.0,32.0,-30.0,-40.12,-80.18,3.2300000000000004,-0.7100000000000009,-27.86,-4.0,-18.81,55.769999999999996,57.03,27.55,-22.880000000000003,-9.09
2025-08-13T12:36:25.925769,34.0,25.0,-112.0,96.0,-2.0,-43.0,-39.0,24.0,31.0,-38.0,62.0,-20.0,24.880000000000003,-4.18,-99.77,87.28999999999999,-3.8600000000000003,-5.0,-41.81,12.77,52.03,-28.45,7.119999999999997,0.9100000000000001
2025-08-13T12:36:25.932237,23.0,56.0,-58.0,-6.0,-13.0,-12.0,17.0,24.0,-35.0,-45.0,95.0,-5.0,13.88,26.82,-45.769999999999996,-14.71,-14.86,26.0,14.19,12.77,-13.969999999999999,-35.45,40.12,15.91
2025-08-13T12:36:25.938036,57.0,15.0,-15.0,-3.0,62.0,-18.0,-37.0,72.0,-80.0,-25.0,51.0,-49.0,47.88,-14.18,-2.7699999999999996,-11.71,60.14,20.0,-39.81,60.769999999999996,-58.97,-15.45,-3.8800000000000026,-28.09
2025-08-13T12:36:25.944408,12.0,76.0,-42.0,45.0,22.0,-24.0,3.0,-25.0,-39.0,-3.0,88.0,-28.0,2.880000000000001,46.82,-29.77,36.29,20.14,14.0,0.18999999999999995,-36.230000000000004,-17.97,6.550000000000001,33.12,-7.09
2025-08-13T12:36:25.952312,-20.0,2.0,-59.0,23.0,-11.0,8.0,-12.0,-32.0,26.0,-49.0,10.0,-34.0,-29.119999999999997,-27.18,-46.769999999999996,14.29,-12.86,46.0,-14.81,-43.230000000000004,47.03,-39.45,-44.88,-13.09
2025-08-13T12:36:25.956620,9.0,63.0,5.0,18.0,29.0,-38.0,-44.0,55.0,16.0,39.0,0.0,-6.0,-0.11999999999999922,33.82,17.23,9.29,27.14,0.0,-46.81,43.769999999999996,37.03,48.55,-54.88,14.91
2025-08-13T12:36:25.961388,20.0,65.0,-23.0,-55.0,7.0,-50.0,-6.0,19.0,39.0,50.0,69.0,9.0,10.88,35.82,-10.77,-63.71,5.14,-12.0,-8.81,7.77,60.03,59.55,14.119999999999997,29.91
2025-08-13T12:36:25.968604,-6.0,-16.0,52.0,36.0,-9.0,-66.0,16.0,17.0,-81.0,-34.0,31.0,-31.0,-15.12,-45.18,64.23,27.29,-10.86,-28.0,13.19,5.77,-59.97,-24.45,-23.880000000000003,-10.09
2025-08-13T12:36:25.973803,67.0,-22.0,27.0,-48.0,-59.0,-47.0,-50.0,54.0,-16.0,11.0,88.0,-49.0,57.88,-51.18,39.230000000000004,-56.71,-60.86,-9.0,-52.81,42.769999999999996,5.030000000000001,20.55,33.12,-28.09
2025-08-13T12:36:25.980872,-7.0,10.0,16.0,-41.0,-5.0,-52.0,-2.0,6.0,-55.0,-5.0,61.0,-3.0,-16.119999999999997,-19.18,28.23,-49.71,-6.86,-14.0,-4.8100000000000005,-5.23,-33.97,4.550000000000001,6.119999999999997,17.91
2025-08-13T12:36:25.985939,35.0,33.0,-13.0,64.0,18.0,-6.0,3.0,15.0,-68.0,-20.0,62.0,39.0,25.880000000000003,3.8200000000000003,-0.7699999999999996,55.29,16.14,32.0,0.18999999999999995,3.7699999999999996,-46.97,-10.45,7.119999999999997,59.91
2025-08-13T12:36:25.993125,-42.0,39.0,-47.0,18.0,-3.0,-63.0,-1.0,140.0,-42.0,-24.0,10.0,-55.0,-51.12,9.82,-34.769999999999996,9.29,-4.86,-25.0,-3.81,128.77,-20.97,-14.45,-44.88,-34.09
2025-08-13T12:36:25.998172,4.0,-28.0,-15.0,15.0,-46.0,-28.0,76.0,9.0,-18.0,37.0,114.0,-38.0,-5.119999999999999,-57.18,-2.7699999999999996,6.289999999999999,-47.86,10.0,73.19,-2.2300000000000004,3.030000000000001,46.55,59.12,-17.09
2025-08-13T12:36:26.005184,-16.0,32.0,-50.0,18.0,-12.0,-25.0,-45.0,3.0,-2.0,1.0,20.0,-40.0,-25.119999999999997,2.8200000000000003,-37.769999999999996,9.29,-13.86,13.0,-47.81,-8.23,19.03,10.55,-34.88,-19.09
2025-08-13T12:36:26.010362,-77.0,26.0,39.0,52.0,40.0,-11.0,7.0,11.0,-112.0,-32.0,91.0,21.0,-86.12,-3.1799999999999997,51.230000000000004,43.29,38.14,27.0,4.1899999999999995,-0.23000000000000043,-90.97,-22.45,36.12,41.91
2025-08-13T12:36:26.017527,38.0,-64.0,13.0,-57.0,-3.0,7.0,-9.0,-42.0,-27.0,24.0,143.0,-80.0,28.880000000000003,-93.18,25.23,-65.71000000000001,-4.86,45.0,-11.81,-53.230000000000004,-5.969999999999999,33.55,88.12,-59.09
2025-08-13T12:36:26.022913,-6.0,92.0,-48.0,-16.0,-46.0,-12.0,31.0,-3.0,3.0,41.0,31.0,-38.0,-15.12,62.82,-35.769999999999996,-24.71,-47.86,26.0,28.19,-14.23,24.03,50.55,-23.880000000000003,-17.09
2025-08-13T12:36:26.027149,-48.0,85.0,1.0,6.0,2.0,-31.0,-21.0,24.0,26.0,59.0,62.0,8.0,-57.12,55.82,13.23,-2.710000000000001,0.1399999999999999,7.0,-23.81,12.77,47.03,68.55,7.119999999999997,28.91
2025-08-13T12:36:26.034639,-17.0,45.0,3.0,-22.0,-1.0,-60.0,6.0,4.0,7.0,-11.0,71.0,48.0,-26.119999999999997,15.82,15.23,-30.71,-2.8600000000000003,-22.0,3.19,-7.23,28.03,-1.4499999999999993,16.119999999999997,68.91
2025-08-13T12:36:26.040169,-25.0,61.0,30.0,2.0,-22.0,-6.0,-69.0,-11.0,24.0,-78.0,68.0,-59.0,-34.12,31.82,42.230000000000004,-6.710000000000001,-23.86,32.0,-71.81,-22.23,45.03,-68.45,13.119999999999997,-38.09
2025-08-13T12:36:26.047148,8.0,104.0,-10.0,-14.0,-18.0,-16.0,37.0,53.0,-18.0,26.0,93.0,-45.0,-1.1199999999999992,74.82,2.2300000000000004,-22.71,-19.86,22.0,34.19,41.769999999999996,3.030000000000001,35.55,38.12,-24.09
2025-08-13T12:36:26.052268,-38.0,20.0,29.0,31.0,-12.0,-85.0,-65.0,69.0,-49.0,12.0,-27.0,-60.0,-47.12,-9.18,41.230000000000004,22.29,-13.86,-47.0,-67.81,57.769999999999996,-27.97,21.55,-81.88,-39.09
2025-08-13T12:36:26.059131,45.0,119.0,-70.0,4.0,7.0,-76.0,8.0,4.0,-62.0,-17.0,101.0,46.0,35.88,89.82,-57.769999999999996,-4.710000000000001,5.14,-38.0,5.1899999999999995,-7.23,-40.97,-7.449999999999999,46.12,66.91
2025-08-13T12:36:26.064426,17.0,60.0,-20.0,2.0,19.0,-36.0,39.0,60.0,-59.0,52.0,57.0,-9.0,7.880000000000001,30.82,-7.77,-6.710000000000001,17.14,2.0,36.19,48.769999999999996,-37.97,61.55,2.1199999999999974,11.91
2025-08-13T12:36:26.072111,-15.0,79.0,25.0,36.0,-16.0,-17.0,38.0,-17.0,-33.0,1.0,31.0,-14.0,-24.119999999999997,49.82,37.230000000000004,27.29,-17.86,21.0,35.19,-28.23,-11.969999999999999,10.55,-23.880000000000003,6.91
2025-08-13T12:36:26.076711,-44.0,7.0,-19.0,34.0,-42.0,-2.0,-28.0,-30.0,-19.0,29.0,85.0,-7.0,-53.12,-22.18,-6.77,25.29,-43.86,36.0,-30.81,-41.230000000000004,2.030000000000001,38.55,30.119999999999997,13.91
2025-08-13T12:36:26.083505,-62.0,-6.0,59.0,21.0,-22.0,-12.0,35.0,7.0,4.0,0.0,87.0,-66.0,-71.12,-35.18,71.23,12.29,-23.86,26.0,32.19,-4.23,25.03,9.55,32.12,-45.09
2025-08-13T12:36:26.090538,115.0,33.0,43.0,32.0,-50.0,-60.0,54.0,-32.0,6.0,-31.0,69.0,-19.0,105.88,3.8200000000000003,55.230000000000004,23.29,-51.86,-22.0,51.19,-43.230000000000004,27.03,-21.45,14.119999999999997,1.9100000000000001
2025-08-13T12:36:26.096368,-7.0,23.0,18.0,7.0,13.0,-58.0,19.0,21.0,37.0,-33.0,76.0,-17.0,-16.119999999999997,-6.18,30.23,-1.7100000000000009,11.14,-20.0,16.19,9.77,58.03,-23.45,21.119999999999997,3.91
2025-08-13T12:36:26.102984,-25.0,45.0,-14.0,30.0,-50.0,-34.0,-31.0,51.0,103.0,-17.0,56.0,-95.0,-34.12,15.82,-1.7699999999999996,21.29,-51.86,4.0,-33.81,39.769999999999996,124.03,-7.449999999999999,1.1199999999999974,-74.09
2025-08-13T12:36:26.108094,-41.0,22.0,10.0,9.0,29.0,-50.0,-42.0,19.0,-82.0,-54.0,79.0,-5.0,-50.12,-7.18,22.23,0.28999999999999915,27.14,-12.0,-44.81,7.77,-60.97,-44.45,24.119999999999997,15.91
2025-08-13T12:36:26.112583,9.0,19.0,7.0,54.0,76.0,-60.0,5.0,-2.0,-10.0,44.0,32.0,-28.0,-0.11999999999999922,-10.18,19.23,45.29,74.14,-22.0,2.19,-13.23,11.030000000000001,53.55,-22.880000000000003,-7.09
2025-08-13T12:36:26.120460,29.0,21.0,22.0,28.0,-16.0,2.0,23.0,31.0,-44.0,84.0,91.0,-83.0,19.880000000000003,-8.18,34.230000000000004,19.29,-17.86,40.0,20.19,19.77,-22.97,93.55,36.12,-62.09
2025-08-13T12:36:26.125506,-2.0,62.0,-12.0,-5.0,7.0,-15.0,14.0,0.0,19.0,-33.0,72.0,-55.0,-11.12,32.82,0.23000000000000043,-13.71,5.14,23.0,11.19,-11.23,40.03,-23.45,17.119999999999997,-34.09
2025-08-13T12:36:26.132738,-12.0,26.0,18.0,15.0,59.0,-37.0,-39.0,57.0,-94.0,1.0,39.0,-117.0,-21.119999999999997,-3.1799999999999997,30.23,6.289999999999999,57.14,1.0,-41.81,45.769999999999996,-72.97,10.55,-15.880000000000003,-96.09
2025-08-13T12:36:26.138398,-51.0,-7.0,-32.0,-3.0,-16.0,-38.0,5.0,21.0,-32.0,10.0,39.0,-39.0,-60.12,-36.18,-19.77,-11.71,-17.86,0.0,2.19,9.77,-10.969999999999999,19.55,-15.880000000000003,-18.09
2025-08-13T12:36:26.144824,-8.0,59.0,-2.0,74.0,16.0,-23.0,-27.0,-2.0,-76.0,-33.0,46.0,-45.0,-17.119999999999997,29.82,10.23,65.28999999999999,14.14,15.0,-29.81,-13.23,-54.97,-23.45,-8.880000000000003,-24.09
2025-08-13T12:36:26.150367,-16.0,39.0,-62.0,60.0,82.0,18.0,-1.0,-58.0,-57.0,32.0,28.0,-31.0,-25.119999999999997,9.82,-49.769999999999996,51.29,80.14,56.0,-3.81,-69.23,-35.97,41.55,-26.880000000000003,-10.09
2025-08-13T12:36:26.156822,51.0,41.0,6.0,42.0,1.0,-56.0,12.0,25.0,-47.0,36.0,9.0,-42.0,41.88,11.82,18.23,33.29,-0.8600000000000001,-18.0,9.19,13.77,-25.97,45.55,-45.88,-21.09
2025-08-13T12:36:26.161768,22.0,74.0,-6.0,6.0,-47.0,-60.0,80.0,60.0,-35.0,33.0,30.0,1.0,12.88,44.82,6.23,-2.710000000000001,-48.86,-22.0,77.19,48.769999999999996,-13.969999999999999,42.55,-24.880000000000003,21.91
2025-08-13T12:36:26.169418,-35.0,34.0,-35.0,25.0,-56.0,-95.0,-27.0,16.0,-83.0,16.0,11.0,11.0,-44.12,4.82,-22.77,16.29,-57.86,-57.0,-29.81,4.77,-61.97,25.55,-43.88,31.91
2025-08-13T12:36:26.174516,47.0,182.0,-29.0,42.0,2.0,-114.0,29.0,30.0,-21.0,-21.0,109.0,-24.0,37.88,152.82,-16.77,33.29,0.1399999999999999,-76.0,26.19,18.77,0.030000000000001137,-11.45,54.12,-3.09
2025-08-13T12:36:26.181340,7.0,5.0,-71.0,14.0,-13.0,7.0,6.0,-45.0,14.0,-35.0,127.0,-36.0,-2.119999999999999,-24.18,-58.769999999999996,5.289999999999999,-14.86,45.0,3.19,-56.230000000000004,35.03,-25.45,72.12,-15.09
2025-08-13T12:36:26.186729,17.0,-23.0,-30.0,-35.0,38.0,-21.0,10.0,67.0,2.0,37.0,72.0,-23.0,7.880000000000001,-52.18,-17.77,-43.71,36.14,17.0,7.1899999999999995,55.769999999999996,23.03,46.55,17.119999999999997,-2.09
2025-08-13T12:36:26.191035,19.0,9.0,34.0,4.0,-2.0,-1.0,-35.0,9.0,0.0,-10.0,73.0,-56.0,9.88,-20.18,46.230000000000004,-4.710000000000001,-3.8600000000000003,37.0,-37.81,-2.2300000000000004,21.03,-0.4499999999999993,18.119999999999997,-35.09
2025-08-13T12:36:26.199421,49.0,-6.0,-18.0,-34.0,0.0,-30.0,8.0,83.0,-57.0,82.0,76.0,-120.0,39.88,-35.18,-5.77,-42.71,-1.86,8.0,5.1899999999999995,71.77,-35.97,91.55,21.119999999999997,-99.09
2025-08-13T12:36:26.203299,-14.0,7.0,9.0,-10.0,22.0,-24.0,-60.0,-16.0,-27.0,-84.0,33.0,-54.0,-23.119999999999997,-22.18,21.23,-18.71,20.14,14.0,-62.81,-27.23,-5.969999999999999,-74.45,-21.880000000000003,-33.09
2025-08-13T12:36:26.210578,-45.0,-8.0,9.0,93.0,-9.0,-58.0,31.0,-33.0,-1.0,47.0,94.0,4.0,-54.12,-37.18,21.23,84.28999999999999,-10.86,-20.0,28.19,-44.230000000000004,20.03,56.55,39.12,24.91
2025-08-13T12:36:26.215614,1.0,99.0,-1.0,-68.0,97.0,-59.0,4.0,33.0,3.0,-73.0,79.0,-62.0,-8.12,69.82,11.23,-76.71000000000001,95.14,-21.0,1.19,21.77,24.03,-63.45,24.119999999999997,-41.09
2025-08-13T12:36:26.223347,-65.0,-8.0,-10.0,33.0,56.0,-38.0,-4.0,49.0,12.0,28.0,92.0,-88.0,-74.12,-37.18,2.2300000000000004,24.29,54.14,0.0,-6.8100000000000005,37.769999999999996,33.03,37.55,37.12,-67.09
2025-08-13T12:36:26.228243,-47.0,18.0,31.0,-38.0,-42.0,-31.0,-23.0,72.0,-31.0,-2.0,94.0,13.0,-56.12,-11.18,43.230000000000004,-46.71,-43.86,7.0,-25.81,60.769999999999996,-9.969999999999999,7.550000000000001,39.12,33.91
2025-08-13T12:36:26.235108,-11.0,47.0,7.0,9.0,-16.0,-66.0,-65.0,-13.0,-41.0,-11.0,5.0,15.0,-20.119999999999997,17.82,19.23,0.28999999999999915,-17.86,-28.0,-67.81,-24.23,-19.97,-1.4499999999999993,-49.88,35.91
2025-08-13T12:36:26.239628,30.0,78.0,-41.0,2.0,-25.0,-78.0,-80.0,-23.0,-40.0,1.0,16.0,32.0,20.880000000000003,48.82,-28.77,-6.710000000000001,-26.86,-40.0,-82.81,-34.230000000000004,-18.97,10.55,-38.88,52.91
2025-08-13T12:36:26.247634,-66.0,41.0,-13.0,52.0,-3.0,-22.0,-8.0,8.0,-19.0,14.0,70.0,-81.0,-75.12,11.82,-0.7699999999999996,43.29,-4.86,16.0,-10.81,-3.2300000000000004,2.030000000000001,23.55,15.119999999999997,-60.09
2025-08-13T12:36:26.252393,13.0,66.0,22.0,-37.0,53.0,-73.0,25.0,80.0,-31.0,-60.0,36.0,-48.0,3.880000000000001,36.82,34.230000000000004,-45.71,51.14,-35.0,22.19,68.77,-9.969999999999999,-50.45,-18.880000000000003,-27.09
2025-08-13T12:36:26.259671,9.0,105.0,-30.0,-30.0,-36.0,-39.0,89.0,68.0,-135.0,-19.0,47.0,-46.0,-0.11999999999999922,75.82,-17.77,-38.71,-37.86,-1.0,86.19,56.769999999999996,-113.97,-9.45,-7.880000000000003,-25.09
2025-08-13T12:36:26.264391,-29.0,102.0,29.0,-41.0,-36.0,-17.0,71.0,-33.0,-34.0,14.0,102.0,-30.0,-38.12,72.82,41.230000000000004,-49.71,-37.86,21.0,68.19,-44.230000000000004,-12.969999999999999,23.55,47.12,-9.09
2025-08-13T12:36:26.271643,-24.0,46.0,2.0,0.0,30.0,-16.0,30.0,70.0,-43.0,6.0,77.0,-23.0,-33.12,16.82,14.23,-8.71,28.14,22.0,27.19,58.769999999999996,-21.97,15.55,22.119999999999997,-2.09
2025-08-13T12:36:26.277183,-26.0,13.0,-51.0,-82.0,25.0,-89.0,-13.0,17.0,-6.0,-14.0,61.0,-19.0,-35.12,-16.18,-38.769999999999996,-90.71000000000001,23.14,-51.0,-15.81,5.77,15.030000000000001,-4.449999999999999,6.119999999999997,1.9100000000000001
2025-08-13T12:36:26.284191,3.0,6.0,-29.0,-14.0,27.0,-57.0,37.0,54.0,-29.0,-66.0,42.0,-81.0,-6.119999999999999,-23.18,-16.77,-22.71,25.14,-19.0,34.19,42.769999999999996,-7.969999999999999,-56.45,-12.880000000000003,-60.09
2025-08-13T12:36:26.288733,-1.0,15.0,35.0,41.0,1.0,-62.0,-7.0,6.0,-40.0,-4.0,82.0,-44.0,-10.12,-14.18,47.230000000000004,32.29,-0.8600000000000001,-24.0,-9.81,-5.23,-18.97,5.550000000000001,27.119999999999997,-23.09
2025-08-13T12:36:26.296152,-9.0,-11.0,-31.0,5.0,-9.0,-64.0,35.0,55.0,-32.0,-57.0,82.0,-31.0,-18.119999999999997,-40.18,-18.77,-3.710000000000001,-10.86,-26.0,32.19,43.769999999999996,-10.969999999999999,-47.45,27.119999999999997,-10.09
2025-08-13T12:36:26.301011,86.0,70.0,-7.0,-16.0,-28.0,-60.0,0.0,5.0,12.0,27.0,122.0,-42.0,76.88,40.82,5.23,-24.71,-29.86,-22.0,-2.81,-6.23,33.03,36.55,67.12,-21.09
2025-08-13T12:36:26.308395,9.0,52.0,-24.0,46.0,-32.0,-27.0,31.0,43.0,3.0,0.0,65.0,-38.0,-0.11999999999999922,22.82,-11.77,37.29,-33.86,11.0,28.19,31.77,24.03,9.55,10.119999999999997,-17.09
2025-08-13T12:36:26.312998,-8.0,20.0,-42.0,41.0,75.0,16.0,4.0,38.0,20.0,-11.0,96.0,-49.0,-17.119999999999997,-9.18,-29.77,32.29,73.14,54.0,1.19,26.77,41.03,-1.4499999999999993,41.12,-28.09
2025-08-13T12:36:26.320604,77.0,32.0,-69.0,-10.0,7.0,7.0,-8.0,3.0,-13.0,42.0,73.0,-78.0,67.88,2.8200000000000003,-56.769999999999996,-18.71,5.14,45.0,-10.81,-8.23,8.030000000000001,51.55,18.119999999999997,-57.09
2025-08-13T12:36:26.326410,27.0,73.0,-14.0,27.0,30.0,20.0,-46.0,26.0,-69.0,-45.0,90.0,-68.0,17.880000000000003,43.82,-1.7699999999999996,18.29,28.14,58.0,-48.81,14.77,-47.97,-35.45,35.12,-47.09
2025-08-13T12:36:26.332985,-21.0,24.0,-15.0,-7.0,-45.0,18.0,25.0,-1.0,39.0,-60.0,50.0,-48.0,-30.119999999999997,-5.18,-2.7699999999999996,-15.71,-46.86,56.0,22.19,-12.23,60.03,-50.45,-4.880000000000003,-27.09
2025-08-13T12:36:26.337629,-13.0,37.0,1.0,-13.0,-24.0,-100.0,42.0,28.0,-4.0,-37.0,47.0,-74.0,-22.119999999999997,7.82,13.23,-21.71,-25.86,-62.0,39.19,16.77,17.03,-27.45,-7.880000000000003,-53.09
2025-08-13T12:36:26.345157,-34.0,41.0,-27.0,18.0,23.0,-98.0,-22.0,-7.0,-61.0,66.0,41.0,-15.0,-43.12,11.82,-14.77,9.29,21.14,-60.0,-24.81,-18.23,-39.97,75.55,-13.880000000000003,5.91
2025-08-13T12:36:26.349961,22.0,-5.0,-20.0,-51.0,-15.0,-68.0,-6.0,-22.0,-54.0,29.0,41.0,-30.0,12.88,-34.18,-7.77,-59.71,-16.86,-30.0,-8.81,-33.230000000000004,-32.97,38.55,-13.880000000000003,-9.09
2025-08-13T12:36:26.357527,-17.0,4.0,-61.0,-45.0,-10.0,-55.0,-37.0,31.0,-43.0,47.0,106.0,-10.0,-26.119999999999997,-25.18,-48.769999999999996,-53.71,-11.86,-17.0,-39.81,19.77,-21.97,56.55,51.12,10.91
2025-08-13T12:36:26.362178,-2.0,88.0,19.0,-4.0,-71.0,-61.0,-13.0,18.0,-29.0,-36.0,73.0,-8.0,-11.12,58.82,31.23,-12.71,-72.86,-23.0,-15.81,6.77,-7.969999999999999,-26.45,18.119999999999997,12.91
2025-08-13T12:36:26.367217,-15.0,79.0,-49.0,18.0,16.0,-50.0,-76.0,28.0,-9.0,-14.0,40.0,-6.0,-24.119999999999997,49.82,-36.769999999999996,9.29,14.14,-12.0,-78.81,16.77,12.030000000000001,-4.449999999999999,-14.880000000000003,14.91
2025-08-13T12:36:26.374395,32.0,87.0,-20.0,-29.0,30.0,-27.0,-7.0,17.0,-20.0,7.0,-28.0,-35.0,22.880000000000003,57.82,-7.77,-37.71,28.14,11.0,-9.81,5.77,1.0300000000000011,16.55,-82.88,-14.09
2025-08-13T12:36:26.379253,-21.0,83.0,-29.0,57.0,61.0,-55.0,13.0,78.0,-29.0,-24.0,67.0,-17.0,-30.119999999999997,53.82,-16.77,48.29,59.14,-17.0,10.19,66.77,-7.969999999999999,-14.45,12.119999999999997,3.91
2025-08-13T12:36:26.386759,12.0,-30.0,-53.0,-6.0,-13.0,-22.0,45.0,-17.0,-59.0,18.0,106.0,-65.0,2.880000000000001,-59.18,-40.769999999999996,-14.71,-14.86,16.0,42.19,-28.23,-37.97,27.55,51.12,-44.09
2025-08-13T12:36:26.391564,6.0,9.0,49.0,14.0,33.0,-44.0,-8.0,74.0,6.0,-16.0,0.0,-67.0,-3.119999999999999,-20.18,61.230000000000004,5.289999999999999,31.14,-6.0,-10.81,62.769999999999996,27.03,-6.449999999999999,-54.88,-46.09
2025-08-13T12:36:26.398998,17.0,5.0,-1.0,-4.0,-95.0,-10.0,-1.0,-2.0,-60.0,-10.0,26.0,-18.0,7.880000000000001,-24.18,11.23,-12.71,-96.86,28.0,-3.81,-13.23,-38.97,-0.4499999999999993,-28.880000000000003,2.91
2025-08-13T12:36:26.403621,66.0,61.0,-20.0,71.0,51.0,-91.0,-53.0,10.0,-37.0,11.0,-4.0,-6.0,56.88,31.82,-7.77,62.29,49.14,-53.0,-55.81,-1.2300000000000004,-15.969999999999999,20.55,-58.88,14.91
2025-08-13T12:36:26.411133,16.0,88.0,15.0,-43.0,-2.0,-42.0,45.0,11.0,-72.0,-64.0,20.0,-48.0,6.880000000000001,58.82,27.23,-51.71,-3.8600000000000003,-4.0,42.19,-0.23000000000000043,-50.97,-54.45,-34.88,-27.09
2025-08-13T12:36:26.415930,21.0,32.0,-34.0,49.0,14.0,-38.0,14.0,-12.0,43.0,0.0,43.0,-46.0,11.88,2.8200000000000003,-21.77,40.29,12.14,0.0,11.19,-23.23,64.03,9.55,-11.880000000000003,-25.09
2025-08-13T12:36:26.423320,7.0,26.0,7.0,-14.0,6.0,-44.0,8.0,-49.0,-1.0,18.0,42.0,32.0,-2.119999999999999,-3.1799999999999997,19.23,-22.71,4.14,-6.0,5.1899999999999995,-60.230000000000004,20.03,27.55,-12.880000000000003,52.91
2025-08-13T12:36:26.427950,5.0,-13.0,14.0,12.0,-4.0,-59.0,35.0,-3.0,16.0,-16.0,113.0,-45.0,-4.119999999999999,-42.18,26.23,3.289999999999999,-5.86,-21.0,32.19,-14.23,37.03,-6.449999999999999,58.12,-24.09
2025-08-13T12:36:26.435559,52.0,97.0,-7.0,8.0,7.0,-101.0,-19.0,40.0,24.0,12.0,28.0,-36.0,42.88,67.82,5.23,-0.7100000000000009,5.14,-63.0,-21.81,28.77,45.03,21.55,-26.880000000000003,-15.09
2025-08-13T12:36:26.440067,3.0,64.0,12.0,-33.0,15.0,-39.0,-22.0,36.0,12.0,-3.0,95.0,-17.0,-6.119999999999999,34.82,24.23,-41.71,13.14,-1.0,-24.81,24.77,33.03,6.550000000000001,40.12,3.91
2025-08-13T12:36:26.447845,43.0,21.0,-23.0,79.0,13.0,-94.0,-23.0,94.0,-39.0,-2.0,94.0,-22.0,33.88,-8.18,-10.77,70.28999999999999,11.14,-56.0,-25.81,82.77,-17.97,7.550000000000001,39.12,-1.0899999999999999
2025-08-13T12:36:26.452943,-46.0,42.0,36.0,-24.0,7.0,-60.0,-49.0,31.0,-25.0,-1.0,65.0,-21.0,-55.12,12.82,48.230000000000004,-32.71,5.14,-22.0,-51.81,19.77,-3.969999999999999,8.55,10.119999999999997,-0.08999999999999986
2025-08-13T12:36:26.460559,19.0,12.0,-3.0,68.0,-3.0,-118.0,-12.0,36.0,-28.0,-20.0,59.0,-90.0,9.88,-17.18,9.23,59.29,-4.86,-80.0,-14.81,24.77,-6.969999999999999,-10.45,4.119999999999997,-69.09
2025-08-13T12:36:26.466831,78.0,-23.0,-6.0,27.0,-40.0,-87.0,120.0,42.0,-19.0,-56.0,35.0,-2.0,68.88,-52.18,6.23,18.29,-41.86,-49.0,117.19,30.77,2.030000000000001,-46.45,-19.880000000000003,18.91
2025-08-13T12:36:26.473957,55.0,66.0,-23.0,-16.0,40.0,-74.0,47.0,-34.0,-18.0,-57.0,25.0,-18.0,45.88,36.82,-10.77,-24.71,38.14,-36.0,44.19,-45.230000000000004,3.030000000000001,-47.45,-29.880000000000003,2.91
2025-08-13T12:36:26.481350,12.0,88.0,5.0,45.0,0.0,-58.0,-29.0,-11.0,-33.0,-10.0,66.0,-59.0,2.880000000000001,58.82,17.23,36.29,-1.86,-20.0,-31.81,-22.23,-11.969999999999999,-0.4499999999999993,11.119999999999997,-38.09
2025-08-13T12:36:26.486918,0.0,65.0,-51.0,46.0,-49.0,14.0,53.0,43.0,-53.0,32.0,36.0,-57.0,-9.12,35.82,-38.769999999999996,37.29,-50.86,52.0,50.19,31.77,-31.97,41.55,-18.880000000000003,-36.09
2025-08-13T12:36:26.491030,4.0,33.0,-66.0,-12.0,-41.0,-79.0,30.0,-23.0,-55.0,3.0,53.0,-33.0,-5.119999999999999,3.8200000000000003,-53.769999999999996,-20.71,-42.86,-41.0,27.19,-34.230000000000004,-33.97,12.55,-1.8800000000000026,-12.09
2025-08-13T12:36:26.496990,41.0,54.0,-30.0,-6.0,-25.0,-86.0,-61.0,18.0,-66.0,47.0,51.0,-82.0,31.880000000000003,24.82,-17.77,-14.71,-26.86,-48.0,-63.81,6.77,-44.97,56.55,-3.8800000000000026,-61.09
2025-08-13T12:36:26.501463,-10.0,42.0,6.0,22.0,54.0,-83.0,27.0,-18.0,-13.0,15.0,46.0,-79.0,-19.119999999999997,12.82,18.23,13.29,52.14,-45.0,24.19,-29.23,8.030000000000001,24.55,-8.880000000000003,-58.09
2025-08-13T12:36:26.509092,20.0,60.0,-75.0,-22.0,-23.0,-8.0,62.0,88.0,-33.0,32.0,60.0,-33.0,10.88,30.82,-62.769999999999996,-30.71,-24.86,30.0,59.19,76.77,-11.969999999999999,41.55,5.119999999999997,-12.09
2025-08-13T12:36:26.513636,75.0,73.0,-61.0,-38.0,-11.0,-91.0,-9.0,-45.0,-32.0,-23.0,77.0,7.0,65.88,43.82,-48.769999999999996,-46.71,-12.86,-53.0,-11.81,-56.230000000000004,-10.969999999999999,-13.45,22.119999999999997,27.91
2025-08-13T12:36:26.521417,-45.0,28.0,-25.0,18.0,-33.0,-27.0,32.0,-36.0,7.0,-5.0,68.0,-47.0,-54.12,-1.1799999999999997,-12.77,9.29,-34.86,11.0,29.19,-47.230000000000004,28.03,4.550000000000001,13.119999999999997,-26.09
2025-08-13T12:36:26.525557,-18.0,38.0,-18.0,40.0,-3.0,5.0,-54.0,81.0,-38.0,-18.0,37.0,-62.0,-27.119999999999997,8.82,-5.77,31.29,-4.86,43.0,-56.81,69.77,-16.97,-8.45,-17.880000000000003,-41.09
2025-08-13T12:36:26.533652,-29.0,55.0,-99.0,52.0,18.0,-129.0,-14.0,57.0,-88.0,-3.0,25.0,-26.0,-38.12,25.82,-86.77,43.29,16.14,-91.0,-16.81,45.769999999999996,-66.97,6.550000000000001,-29.880000000000003,-5.09
2025-08-13T12:36:26.538217,31.0,42.0,-43.0,1.0,5.0,-16.0,-62.0,38.0,-58.0,-54.0,92.0,-20.0,21.880000000000003,12.82,-30.77,-7.710000000000001,3.1399999999999997,22.0,-64.81,26.77,-36.97,-44.45,37.12,0.9100000000000001
2025-08-13T12:36:26.545824,49.0,33.0,-78.0,-6.0,-51.0,-39.0,11.0,-22.0,-20.0,12.0,56.0,-8.0,39.88,3.8200000000000003,-65.77,-14.71,-52.86,-1.0,8.19,-33.230000000000004,1.0300000000000011,21.55,1.1199999999999974,12.91
2025-08-13T12:36:26.550343,15.0,18.0,-56.0,-41.0,24.0,-75.0,-16.0,1.0,-43.0,-85.0,104.0,-66.0,5.880000000000001,-11.18,-43.769999999999996,-49.71,22.14,-37.0,-18.81,-10.23,-21.97,-75.45,49.12,-45.09
2025-08-13T12:36:26.554278,75.0,16.0,-1.0,-30.0,9.0,-9.0,-19.0,-28.0,3.0,3.0,43.0,-92.0,65.88,-13.18,11.23,-38.71,7.14,29.0,-21.81,-39.230000000000004,24.03,12.55,-11.880000000000003,-71.09
2025-08-13T12:36:26.562596,-15.0,51.0,-41.0,-57.0,31.0,-27.0,-27.0,35.0,-23.0,-42.0,13.0,-68.0,-24.119999999999997,21.82,-28.77,-65.71000000000001,29.14,11.0,-29.81,23.77,-1.9699999999999989,-32.45,-41.88,-47.09
2025-08-13T12:36:26.567729,27.0,-39.0,-2.0,36.0,71.0,-31.0,35.0,15.0,35.0,-7.0,39.0,-21.0,17.880000000000003,-68.18,10.23,27.29,69.14,7.0,32.19,3.7699999999999996,56.03,2.5500000000000007,-15.880000000000003,-0.08999999999999986
2025-08-13T12:36:26.577339,75.0,6.0,24.0,76.0,-38.0,-83.0,-28.0,12.0,59.0,10.0,90.0,-49.0,65.88,-23.18,36.230000000000004,67.28999999999999,-39.86,-45.0,-30.81,0.7699999999999996,80.03,19.55,35.12,-28.09
2025-08-13T12:36:26.587000,-20.0,39.0,-8.0,42.0,32.0,-47.0,-15.0,26.0,-26.0,-17.0,22.0,-109.0,-29.119999999999997,9.82,4.23,33.29,30.14,-9.0,-17.81,14.77,-4.969999999999999,-7.449999999999999,-32.88,-88.09
2025-08-13T12:36:26.594630,-45.0,30.0,-52.0,44.0,-19.0,-32.0,-30.0,25.0,-51.0,-26.0,53.0,-27.0,-54.12,0.8200000000000003,-39.769999999999996,35.29,-20.86,6.0,-32.81,13.77,-29.97,-16.45,-1.8800000000000026,-6.09
2025-08-13T12:36:26.597985,10.0,29.0,-3.0,-25.0,78.0,-116.0,3.0,66.0,-68.0,-43.0,-10.0,-30.0,0.8800000000000008,-0.17999999999999972,9.23,-33.71,76.14,-78.0,0.18999999999999995,54.769999999999996,-46.97,-33.45,-64.88,-9.09
2025-08-13T12:36:26.600537,7.0,55.0,-15.0,-1.0,6.0,2.0,9.0,12.0,-32.0,28.0,-27.0,-23.0,-2.119999999999999,25.82,-2.7699999999999996,-9.71,4.14,40.0,6.1899999999999995,0.7699999999999996,-10.969999999999999,37.55,-81.88,-2.09
2025-08-13T12:36:26.604487,-12.0,29.0,-55.0,73.0,-55.0,-38.0,112.0,-51.0,-39.0,-118.0,69.0,-18.0,-21.119999999999997,-0.17999999999999972,-42.769999999999996,64.28999999999999,-56.86,0.0,109.19,-62.230000000000004,-17.97,-108.45,14.119999999999997,2.91
2025-08-13T12:36:26.611873,13.0,79.0,-26.0,53.0,2.0,-66.0,64.0,20.0,-16.0,30.0,119.0,-29.0,3.880000000000001,49.82,-13.77,44.29,0.1399999999999999,-28.0,61.19,8.77,5.030000000000001,39.55,64.12,-8.09
2025-08-13T12:36:26.616144,17.0,39.0,-22.0,-22.0,22.0,-59.0,-23.0,76.0,-66.0,38.0,126.0,-109.0,7.880000000000001,9.82,-9.77,-30.71,20.14,-21.0,-25.81,64.77,-44.97,47.55,71.12,-88.09
2025-08-13T12:36:26.624149,2.0,54.0,-10.0,60.0,-71.0,-39.0,60.0,-7.0,-49.0,-1.0,161.0,-52.0,-7.119999999999999,24.82,2.2300000000000004,51.29,-72.86,-1.0,57.19,-18.23,-27.97,8.55,106.12,-31.09
2025-08-13T12:36:26.629014,49.0,91.0,-36.0,1.0,-15.0,-93.0,-11.0,5.0,-35.0,23.0,39.0,-67.0,39.88,61.82,-23.77,-7.710000000000001,-16.86,-55.0,-13.81,-6.23,-13.969999999999999,32.55,-15.880000000000003,-46.09
2025-08-13T12:36:26.636198,45.0,45.0,-123.0,-19.0,26.0,-62.0,-57.0,10.0,-29.0,-44.0,73.0,-134.0,35.88,15.82,-110.77,-27.71,24.14,-24.0,-59.81,-1.2300000000000004,-7.969999999999999,-34.45,18.119999999999997,-113.09
2025-08-13T12:36:26.641394,-19.0,-25.0,-69.0,47.0,-35.0,-82.0,13.0,-2.0,-28.0,-34.0,55.0,-61.0,-28.119999999999997,-54.18,-56.769999999999996,38.29,-36.86,-44.0,10.19,-13.23,-6.969999999999999,-24.45,0.11999999999999744,-40.09
2025-08-13T12:36:26.648935,82.0,71.0,-64.0,-1.0,19.0,-30.0,-5.0,4.0,-65.0,-25.0,28.0,-17.0,72.88,41.82,-51.769999999999996,-9.71,17.14,8.0,-7.8100000000000005,-7.23,-43.97,-15.45,-26.880000000000003,3.91
2025-08-13T12:36:26.652958,59.0,46.0,-36.0,11.0,45.0,-57.0,-27.0,-14.0,-3.0,-23.0,34.0,-32.0,49.88,16.82,-23.77,2.289999999999999,43.14,-19.0,-29.81,-25.23,18.03,-13.45,-20.880000000000003,-11.09
2025-08-13T12:36:26.660630,57.0,-18.0,-25.0,19.0,49.0,-51.0,-20.0,41.0,-48.0,-93.0,43.0,-69.0,47.88,-47.18,-12.77,10.29,47.14,-13.0,-22.81,29.77,-26.97,-83.45,-11.880000000000003,-48.09
2025-08-13T12:36:26.665224,5.0,-15.0,-14.0,-36.0,-1.0,-27.0,-85.0,1.0,-13.0,-21.0,64.0,-92.0,-4.119999999999999,-44.18,-1.7699999999999996,-44.71,-2.8600000000000003,11.0,-87.81,-10.23,8.030000000000001,-11.45,9.119999999999997,-71.09
2025-08-13T12:36:26.673087,31.0,36.0,34.0,38.0,56.0,-27.0,2.0,-5.0,-53.0,-32.0,54.0,-97.0,21.880000000000003,6.82,46.230000000000004,29.29,54.14,11.0,-0.81,-16.23,-31.97,-22.45,-0.8800000000000026,-76.09
2025-08-13T12:36:26.677194,52.0,58.0,-40.0,49.0,-22.0,-38.0,-67.0,-34.0,-88.0,-91.0,112.0,-63.0,42.88,28.82,-27.77,40.29,-23.86,0.0,-69.81,-45.230000000000004,-66.97,-81.45,57.12,-42.09
2025-08-13T12:36:26.685728,38.0,45.0,-17.0,7.0,-39.0,-24.0,-15.0,-11.0,42.0,-2.0,75.0,-24.0,28.880000000000003,15.82,-4.77,-1.7100000000000009,-40.86,14.0,-17.81,-22.23,63.03,7.550000000000001,20.119999999999997,-3.09
2025-08-13T12:36:26.690908,13.0,58.0,-51.0,48.0,44.0,-101.0,-42.0,72.0,-30.0,-15.0,-4.0,-107.0,3.880000000000001,28.82,-38.769999999999996,39.29,42.14,-63.0,-44.81,60.769999999999996,-8.969999999999999,-5.449999999999999,-58.88,-86.09
2025-08-13T12:36:26.698131,29.0,82.0,-71.0,39.0,-12.0,-72.0,-43.0,35.0,-51.0,-34.0,37.0,-38.0,19.880000000000003,52.82,-58.769999999999996,30.29,-13.86,-34.0,-45.81,23.77,-29.97,-24.45,-17.880000000000003,-17.09
2025-08-13T12:36:26.702484,6.0,50.0,-61.0,-43.0,13.0,-76.0,6.0,54.0,-23.0,-13.0,16.0,-60.0,-3.119999999999999,20.82,-48.769999999999996,-51.71,11.14,-38.0,3.19,42.769999999999996,-1.9699999999999989,-3.4499999999999993,-38.88,-39.09
2025-08-13T12:36:26.710076,18.0,25.0,2.0,3.0,1.0,-77.0,-34.0,42.0,-87.0,-94.0,56.0,-52.0,8.88,-4.18,14.23,-5.710000000000001,-0.8600000000000001,-39.0,-36.81,30.77,-65.97,-84.45,1.1199999999999974,-31.09
2025-08-13T12:36:26.714731,19.0,29.0,-64.0,26.0,-40.0,-39.0,23.0,69.0,-51.0,-25.0,81.0,-50.0,9.88,-0.17999999999999972,-51.769999999999996,17.29,-41.86,-1.0,20.19,57.769999999999996,-29.97,-15.45,26.119999999999997,-29.09
2025-08-13T12:36:26.722304,20.0,4.0,3.0,-24.0,-61.0,13.0,25.0,79.0,7.0,-25.0,61.0,-23.0,10.88,-25.18,15.23,-32.71,-62.86,51.0,22.19,67.77,28.03,-15.45,6.119999999999997,-2.09
2025-08-13T12:36:26.727046,22.0,82.0,-60.0,4.0,32.0,-79.0,16.0,-68.0,-26.0,-36.0,105.0,-37.0,12.88,52.82,-47.769999999999996,-4.710000000000001,30.14,-41.0,13.19,-79.23,-4.969999999999999,-26.45,50.12,-16.09
2025-08-13T12:36:26.734746,61.0,82.0,-11.0,-6.0,-71.0,-41.0,-39.0,50.0,-67.0,5.0,72.0,-74.0,51.88,52.82,1.2300000000000004,-14.71,-72.86,-3.0,-41.81,38.769999999999996,-45.97,14.55,17.119999999999997,-53.09
2025-08-13T12:36:26.739049,-62.0,-15.0,4.0,-56.0,33.0,-28.0,28.0,-47.0,-21.0,-6.0,82.0,-60.0,-71.12,-44.18,16.23,-64.71000000000001,31.14,10.0,25.19,-58.230000000000004,0.030000000000001137,3.5500000000000007,27.119999999999997,-39.09
2025-08-13T12:36:26.746573,-31.0,70.0,12.0,10.0,29.0,-64.0,-21.0,58.0,-73.0,76.0,40.0,-51.0,-40.12,40.82,24.23,1.2899999999999991,27.14,-26.0,-23.81,46.769999999999996,-51.97,85.55,-14.880000000000003,-30.09
2025-08-13T12:36:26.751709,-10.0,89.0,-88.0,8.0,-13.0,-9.0,21.0,37.0,-115.0,-120.0,59.0,-118.0,-19.119999999999997,59.82,-75.77,-0.7100000000000009,-14.86,29.0,18.19,25.77,-93.97,-110.45,4.119999999999997,-97.09
2025-08-13T12:36:26.759086,-52.0,20.0,-63.0,-54.0,-33.0,0.0,2.0,2.0,-26.0,-6.0,-44.0,-91.0,-61.12,-9.18,-50.769999999999996,-62.71,-34.86,38.0,-0.81,-9.23,-4.969999999999999,3.5500000000000007,-98.88,-70.09
2025-08-13T12:36:26.763981,-9.0,52.0,-13.0,8.0,-9.0,-90.0,24.0,16.0,-57.0,-44.0,54.0,-48.0,-18.119999999999997,22.82,-0.7699999999999996,-0.7100000000000009,-10.86,-52.0,21.19,4.77,-35.97,-34.45,-0.8800000000000026,-27.09
2025-08-13T12:36:26.771679,-67.0,42.0,-102.0,-20.0,-14.0,-88.0,5.0,55.0,-24.0,-11.0,84.0,-67.0,-76.12,12.82,-89.77,-28.71,-15.86,-50.0,2.19,43.769999999999996,-2.969999999999999,-1.4499999999999993,29.119999999999997,-46.09
2025-08-13T12:36:26.777039,63.0,83.0,-94.0,11.0,13.0,-40.0,-35.0,-12.0,-67.0,-29.0,79.0,-16.0,53.88,53.82,-81.77,2.289999999999999,11.14,-2.0,-37.81,-23.23,-45.97,-19.45,24.119999999999997,4.91
2025-08-13T12:36:26.783750,-7.0,-5.0,-67.0,30.0,-39.0,-78.0,-12.0,20.0,-113.0,3.0,-2.0,-42.0,-16.119999999999997,-34.18,-54.769999999999996,21.29,-40.86,-40.0,-14.81,8.77,-91.97,12.55,-56.88,-21.09
2025-08-13T12:36:26.788979,78.0,56.0,-11.0,24.0,-9.0,-86.0,-8.0,-13.0,-54.0,-56.0,35.0,-29.0,68.88,26.82,1.2300000000000004,15.29,-10.86,-48.0,-10.81,-24.23,-32.97,-46.45,-19.880000000000003,-8.09
2025-08-13T12:36:26.795967,-27.0,30.0,-90.0,-11.0,-40.0,-74.0,-26.0,-10.0,-51.0,-6.0,76.0,32.0,-36.12,0.8200000000000003,-77.77,-19.71,-41.86,-36.0,-28.81,-21.23,-29.97,3.5500000000000007,21.119999999999997,52.91
2025-08-13T12:36:26.801891,-2.0,55.0,-23.0,58.0,6.0,-30.0,-25.0,22.0,-72.0,1.0,51.0,-69.0,-11.12,25.82,-10.77,49.29,4.14,8.0,-27.81,10.77,-50.97,10.55,-3.8800000000000026,-48.09
2025-08-13T12:36:26.808605,32.0,55.0,-49.0,10.0,-14.0,-79.0,-130.0,30.0,-16.0,-12.0,124.0,-57.0,22.880000000000003,25.82,-36.769999999999996,1.2899999999999991,-15.86,-41.0,-132.81,18.77,5.030000000000001,-2.4499999999999993,69.12,-36.09
2025-08-13T12:36:26.815004,21.0,25.0,-17.0,57.0,-15.0,-97.0,-40.0,-15.0,-37.0,-9.0,57.0,-44.0,11.88,-4.18,-4.77,48.29,-16.86,-59.0,-42.81,-26.23,-15.969999999999999,0.5500000000000007,2.1199999999999974,-23.09
2025-08-13T12:36:26.820606,61.0,8.0,-91.0,-39.0,47.0,-104.0,14.0,79.0,-54.0,-26.0,110.0,-40.0,51.88,-21.18,-78.77,-47.71,45.14,-66.0,11.19,67.77,-32.97,-16.45,55.12,-19.09
2025-08-13T12:36:26.825844,14.0,29.0,-29.0,77.0,52.0,-59.0,33.0,79.0,-88.0,-3.0,90.0,-75.0,4.880000000000001,-0.17999999999999972,-16.77,68.28999999999999,50.14,-21.0,30.19,67.77,-66.97,6.550000000000001,35.12,-54.09
2025-08-13T12:36:26.832670,-43.0,44.0,-12.0,-46.0,9.0,-59.0,7.0,68.0,-27.0,-53.0,94.0,-125.0,-52.12,14.82,0.23000000000000043,-54.71,7.14,-21.0,4.1899999999999995,56.769999999999996,-5.969999999999999,-43.45,39.12,-104.09
2025-08-13T12:36:26.837552,-29.0,-27.0,-47.0,-45.0,36.0,-143.0,2.0,43.0,-100.0,-79.0,55.0,-88.0,-38.12,-56.18,-34.769999999999996,-53.71,34.14,-105.0,-0.81,31.77,-78.97,-69.45,0.11999999999999744,-67.09
2025-08-13T12:36:26.844880,-46.0,18.0,-73.0,10.0,84.0,-107.0,28.0,45.0,-32.0,-28.0,65.0,-87.0,-55.12,-11.18,-60.769999999999996,1.2899999999999991,82.14,-69.0,25.19,33.769999999999996,-10.969999999999999,-18.45,10.119999999999997,-66.09
2025-08-13T12:36:26.849695,6.0,91.0,-121.0,76.0,-23.0,-76.0,-30.0,-1.0,-137.0,15.0,134.0,-57.0,-3.119999999999999,61.82,-108.77,67.28999999999999,-24.86,-38.0,-32.81,-12.23,-115.97,24.55,79.12,-36.09
2025-08-13T12:36:26.857249,40.0,41.0,-84.0,21.0,37.0,-95.0,-69.0,80.0,-8.0,-91.0,85.0,-87.0,30.880000000000003,11.82,-71.77,12.29,35.14,-57.0,-71.81,68.77,13.030000000000001,-81.45,30.119999999999997,-66.09
2025-08-13T12:36:26.862096,45.0,58.0,-33.0,81.0,-64.0,-79.0,-1.0,-13.0,-81.0,-69.0,86.0,-77.0,35.88,28.82,-20.77,72.28999999999999,-65.86,-41.0,-3.81,-24.23,-59.97,-59.45,31.119999999999997,-56.09
2025-08-13T12:36:26.865627,-5.0,78.0,-47.0,-45.0,0.0,-86.0,-32.0,-8.0,-66.0,20.0,21.0,-55.0,-14.12,48.82,-34.769999999999996,-53.71,-1.86,-48.0,-34.81,-19.23,-44.97,29.55,-33.88,-34.09
2025-08-13T12:36:26.874109,101.0,66.0,-68.0,-114.0,16.0,-91.0,-53.0,71.0,-97.0,-37.0,93.0,-47.0,91.88,36.82,-55.769999999999996,-122.71000000000001,14.14,-53.0,-55.81,59.769999999999996,-75.97,-27.45,38.12,-26.09
2025-08-13T12:36:26.881788,40.0,20.0,-92.0,-28.0,51.0,-67.0,61.0,12.0,-132.0,65.0,62.0,-122.0,30.880000000000003,-9.18,-79.77,-36.71,49.14,-29.0,58.19,0.7699999999999996,-110.97,74.55,7.119999999999997,-101.09
2025-08-13T12:36:26.885954,7.0,76.0,37.0,-6.0,10.0,-100.0,44.0,-21.0,-44.0,-9.0,53.0,-115.0,-2.119999999999999,46.82,49.230000000000004,-14.71,8.14,-62.0,41.19,-32.230000000000004,-22.97,0.5500000000000007,-1.8800000000000026,-94.09
2025-08-13T12:36:26.894027,6.0,16.0,-70.0,17.0,-42.0,-64.0,-67.0,-26.0,-80.0,-9.0,60.0,-52.0,-3.119999999999999,-13.18,-57.769999999999996,8.29,-43.86,-26.0,-69.81,-37.230000000000004,-58.97,0.5500000000000007,5.119999999999997,-31.09
2025-08-13T12:36:26.898349,-10.0,-4.0,-47.0,32.0,-8.0,-112.0,76.0,-37.0,-50.0,-2.0,53.0,-135.0,-19.119999999999997,-33.18,-34.769999999999996,23.29,-9.86,-74.0,73.19,-48.230000000000004,-28.97,7.550000000000001,-1.8800000000000026,-114.09
2025-08-13T12:36:26.906283,38.0,100.0,-49.0,-98.0,-32.0,-110.0,-41.0,37.0,-111.0,-46.0,40.0,-94.0,28.880000000000003,70.82,-36.769999999999996,-106.71000000000001,-33.86,-72.0,-43.81,25.77,-89.97,-36.45,-14.880000000000003,-73.09
2025-08-13T12:36:26.910975,5.0,-7.0,-57.0,2.0,21.0,-101.0,-68.0,-30.0,-40.0,-11.0,-17.0,-67.0,-4.119999999999999,-36.18,-44.769999999999996,-6.710000000000001,19.14,-63.0,-70.81,-41.230000000000004,-18.97,-1.4499999999999993,-71.88,-46.09
2025-08-13T12:36:26.918755,17.0,87.0,-74.0,-18.0,-12.0,-58.0,-11.0,-36.0,-56.0,-52.0,53.0,-99.0,7.880000000000001,57.82,-61.769999999999996,-26.71,-13.86,-20.0,-13.81,-47.230000000000004,-34.97,-42.45,-1.8800000000000026,-78.09
2025-08-13T12:36:26.922963,14.0,92.0,-54.0,21.0,30.0,-105.0,23.0,-1.0,-75.0,-15.0,30.0,-28.0,4.880000000000001,62.82,-41.769999999999996,12.29,28.14,-67.0,20.19,-12.23,-53.97,-5.449999999999999,-24.880000000000003,-7.09
2025-08-13T12:36:26.927573,-33.0,59.0,-91.0,0.0,25.0,-85.0,5.0,-2.0,-73.0,-4.0,132.0,-136.0,-42.12,29.82,-78.77,-8.71,23.14,-47.0,2.19,-13.23,-51.97,5.550000000000001,77.12,-115.09
2025-08-13T12:36:26.935800,-2.0,146.0,-84.0,-5.0,-18.0,-92.0,4.0,36.0,-36.0,-74.0,31.0,-50.0,-11.12,116.82,-71.77,-13.71,-19.86,-54.0,1.19,24.77,-14.969999999999999,-64.45,-23.880000000000003,-29.09
2025-08-13T12:36:26.939924,11.0,64.0,-117.0,68.0,8.0,-101.0,-49.0,47.0,-68.0,-39.0,71.0,-88.0,1.8800000000000008,34.82,-104.77,59.29,6.14,-63.0,-51.81,35.769999999999996,-46.97,-29.45,16.119999999999997,-67.09
2025-08-13T12:36:26.948778,14.0,59.0,-115.0,-26.0,2.0,-98.0,-23.0,16.0,-112.0,-29.0,108.0,-140.0,4.880000000000001,29.82,-102.77,-34.71,0.1399999999999999,-60.0,-25.81,4.77,-90.97,-19.45,53.12,-119.09
2025-08-13T12:36:26.955503,81.0,41.0,-67.0,39.0,9.0,-100.0,-61.0,-7.0,-92.0,16.0,15.0,-139.0,71.88,11.82,-54.769999999999996,30.29,7.14,-62.0,-63.81,-18.23,-70.97,25.55,-39.88,-118.09
2025-08-13T12:36:26.960053,-16.0,57.0,-83.0,-50.0,29.0,-122.0,6.0,-43.0,-110.0,34.0,20.0,-84.0,-25.119999999999997,27.82,-70.77,-58.71,27.14,-84.0,3.19,-54.230000000000004,-88.97,43.55,-34.88,-63.09
2025-08-13T12:36:26.967787,12.0,45.0,-92.0,7.0,17.0,-104.0,-11.0,-74.0,-110.0,-126.0,88.0,-90.0,2.880000000000001,15.82,-79.77,-1.7100000000000009,15.14,-66.0,-13.81,-85.23,-88.97,-116.45,33.12,-69.09
2025-08-13T12:36:26.972226,12.0,58.0,-63.0,4.0,0.0,-52.0,-54.0,-26.0,-79.0,-74.0,56.0,-119.0,2.880000000000001,28.82,-50.769999999999996,-4.710000000000001,-1.86,-14.0,-56.81,-37.230000000000004,-57.97,-64.45,1.1199999999999974,-98.09
2025-08-13T12:36:26.980002,-17.0,61.0,-92.0,44.0,27.0,-70.0,-57.0,11.0,-86.0,-35.0,74.0,-42.0,-26.119999999999997,31.82,-79.77,35.29,25.14,-32.0,-59.81,-0.23000000000000043,-64.97,-25.45,19.119999999999997,-21.09
2025-08-13T12:36:26.985070,26.0,-21.0,-161.0,69.0,71.0,-84.0,-115.0,-2.0,-55.0,-4.0,40.0,-134.0,16.880000000000003,-50.18,-148.77,60.29,69.14,-46.0,-117.81,-13.23,-33.97,5.550000000000001,-14.880000000000003,-113.09
2025-08-13T12:36:26.992404,-79.0,65.0,-53.0,26.0,15.0,-138.0,-1.0,-38.0,-77.0,-11.0,129.0,-127.0,-88.12,35.82,-40.769999999999996,17.29,13.14,-100.0,-3.81,-49.230000000000004,-55.97,-1.4499999999999993,74.12,-106.09
2025-08-13T12:36:26.997225,34.0,27.0,-78.0,-12.0,-29.0,-69.0,-33.0,-61.0,-73.0,0.0,95.0,-127.0,24.880000000000003,-2.1799999999999997,-65.77,-20.71,-30.86,-31.0,-35.81,-72.23,-51.97,9.55,40.12,-106.09
2025-08-13T12:36:27.004791,96.0,71.0,-55.0,-1.0,-41.0,-82.0,-16.0,-44.0,-107.0,-26.0,28.0,-95.0,86.88,41.82,-42.769999999999996,-9.71,-42.86,-44.0,-18.81,-55.230000000000004,-85.97,-16.45,-26.880000000000003,-74.09
2025-08-13T12:36:27.009603,-27.0,16.0,-20.0,24.0,15.0,-110.0,-50.0,-82.0,-72.0,-75.0,42.0,-34.0,-36.12,-13.18,-7.77,15.29,13.14,-72.0,-52.81,-93.23,-50.97,-65.45,-12.880000000000003,-13.09
2025-08-13T12:36:27.017342,-1.0,76.0,-100.0,72.0,-73.0,-75.0,-9.0,10.0,-61.0,2.0,121.0,-109.0,-10.12,46.82,-87.77,63.29,-74.86,-37.0,-11.81,-1.2300000000000004,-39.97,11.55,66.12,-88.09
2025-08-13T12:36:27.022547,-42.0,85.0,-147.0,5.0,31.0,-91.0,1.0,34.0,-108.0,-8.0,49.0,-116.0,-51.12,55.82,-134.77,-3.710000000000001,29.14,-53.0,-1.81,22.77,-86.97,1.5500000000000007,-5.880000000000003,-95.09
2025-08-13T12:36:27.029578,52.0,0.0,-62.0,60.0,19.0,-111.0,-9.0,-1.0,-80.0,-85.0,137.0,-97.0,42.88,-29.18,-49.769999999999996,51.29,17.14,-73.0,-11.81,-12.23,-58.97,-75.45,82.12,-76.09
2025-08-13T12:36:27.034618,16.0,75.0,-185.0,50.0,40.0,-74.0,55.0,-35.0,-185.0,-11.0,98.0,-105.0,6.880000000000001,45.82,-172.77,41.29,38.14,-36.0,52.19,-46.230000000000004,-163.97,-1.4499999999999993,43.12,-84.09
2025-08-13T12:36:27.042252,0.0,30.0,-98.0,-10.0,5.0,-145.0,-28.0,-39.0,-56.0,-32.0,98.0,-112.0,-9.12,0.8200000000000003,-85.77,-18.71,3.1399999999999997,-107.0,-30.81,-50.230000000000004,-34.97,-22.45,43.12,-91.09
2025-08-13T12:36:27.051641,50.0,6.0,-23.0,99.0,-64.0,-164.0,3.0,11.0,-106.0,-84.0,40.0,-81.0,40.88,-23.18,-10.77,90.28999999999999,-65.86,-126.0,0.18999999999999995,-0.23000000000000043,-84.97,-74.45,-14.880000000000003,-60.09
2025-08-13T12:36:27.054298,37.0,100.0,-46.0,57.0,28.0,-164.0,-35.0,-21.0,-75.0,-25.0,58.0,-86.0,27.880000000000003,70.82,-33.769999999999996,48.29,26.14,-126.0,-37.81,-32.230000000000004,-53.97,-15.45,3.1199999999999974,-65.09
2025-08-13T12:36:27.059125,-25.0,67.0,-71.0,16.0,-29.0,-138.0,-22.0,40.0,-130.0,-90.0,91.0,-106.0,-34.12,37.82,-58.769999999999996,7.289999999999999,-30.86,-100.0,-24.81,28.77,-108.97,-80.45,36.12,-85.09
2025-08-13T12:36:27.066941,28.0,44.0,-113.0,-11.0,86.0,-169.0,-5.0,-1.0,-143.0,19.0,76.0,-109.0,18.880000000000003,14.82,-100.77,-19.71,84.14,-131.0,-7.8100000000000005,-12.23,-121.97,28.55,21.119999999999997,-88.09
2025-08-13T12:36:27.071507,55.0,69.0,-118.0,30.0,22.0,-128.0,38.0,9.0,-95.0,-3.0,88.0,-101.0,45.88,39.82,-105.77,21.29,20.14,-90.0,35.19,-2.2300000000000004,-73.97,6.550000000000001,33.12,-80.09
2025-08-13T12:36:27.078841,-8.0,-19.0,-144.0,79.0,-62.0,-183.0,-57.0,-23.0,-87.0,-5.0,61.0,-126.0,-17.119999999999997,-48.18,-131.77,70.28999999999999,-63.86,-145.0,-59.81,-34.230000000000004,-65.97,4.550000000000001,6.119999999999997,-105.09
2025-08-13T12:36:27.083245,33.0,60.0,-58.0,2.0,-19.0,-105.0,30.0,60.0,-74.0,4.0,48.0,-83.0,23.880000000000003,30.82,-45.769999999999996,-6.710000000000001,-20.86,-67.0,27.19,48.769999999999996,-52.97,13.55,-6.880000000000003,-62.09
2025-08-13T12:36:27.090704,54.0,74.0,-85.0,21.0,-37.0,-170.0,-43.0,-24.0,-113.0,-9.0,9.0,-109.0,44.88,44.82,-72.77,12.29,-38.86,-132.0,-45.81,-35.230000000000004,-91.97,0.5500000000000007,-45.88,-88.09
2025-08-13T12:36:27.094839,-4.0,9.0,-58.0,-7.0,2.0,-181.0,-69.0,-4.0,-72.0,-33.0,37.0,-103.0,-13.12,-20.18,-45.769999999999996,-15.71,0.1399999999999999,-143.0,-71.81,-15.23,-50.97,-23.45,-17.880000000000003,-82.09
2025-08-13T12:36:27.103233,15.0,34.0,-61.0,23.0,-23.0,-91.0,-18.0,-2.0,-86.0,-69.0,65.0,-127.0,5.880000000000001,4.82,-48.769999999999996,14.29,-24.86,-53.0,-20.81,-13.23,-64.97,-59.45,10.119999999999997,-106.09
2025-08-13T12:36:27.107447,9.0,76.0,-111.0,34.0,107.0,-125.0,-27.0,16.0,-148.0,-31.0,130.0,-70.0,-0.11999999999999922,46.82,-98.77,25.29,105.14,-87.0,-29.81,4.77,-126.97,-21.45,75.12,-49.09
2025-08-13T12:36:27.115318,75.0,83.0,-142.0,80.0,-46.0,-59.0,-41.0,2.0,-120.0,-44.0,83.0,-133.0,65.88,53.82,-129.77,71.28999999999999,-47.86,-21.0,-43.81,-9.23,-98.97,-34.45,28.119999999999997,-112.09
2025-08-13T12:36:27.119557,45.0,99.0,-93.0,101.0,-80.0,-180.0,-48.0,-28.0,-128.0,-8.0,116.0,-152.0,35.88,69.82,-80.77,92.28999999999999,-81.86,-142.0,-50.81,-39.230000000000004,-106.97,1.5500000000000007,61.12,-131.09
2025-08-13T12:36:27.127507,63.0,18.0,-109.0,32.0,22.0,-97.0,25.0,-15.0,-45.0,22.0,93.0,-133.0,53.88,-11.18,-96.77,23.29,20.14,-59.0,22.19,-26.23,-23.97,31.55,38.12,-112.09
2025-08-13T12:36:27.131849,-4.0,88.0,-88.0,-6.0,-37.0,-156.0,-73.0,-63.0,-26.0,3.0,110.0,-121.0,-13.12,58.82,-75.77,-14.71,-38.86,-118.0,-75.81,-74.23,-4.969999999999999,12.55,55.12,-100.09
2025-08-13T12:36:27.139888,-46.0,-5.0,-106.0,46.0,-82.0,-152.0,-38.0,14.0,-118.0,23.0,76.0,-72.0,-55.12,-34.18,-93.77,37.29,-83.86,-114.0,-40.81,2.7699999999999996,-96.97,32.55,21.119999999999997,-51.09
2025-08-13T12:36:27.144081,24.0,75.0,-125.0,17.0,18.0,-156.0,-40.0,41.0,-189.0,-41.0,113.0,-131.0,14.88,45.82,-112.77,8.29,16.14,-118.0,-42.81,29.77,-167.97,-31.45,58.12,-110.09
2025-08-13T12:36:27.152314,74.0,75.0,-165.0,63.0,-7.0,-167.0,21.0,6.0,-106.0,-101.0,91.0,-161.0,64.88,45.82,-152.77,54.29,-8.86,-129.0,18.19,-5.23,-84.97,-91.45,36.12,-140.09
2025-08-13T12:36:27.160245,35.0,146.0,-188.0,13.0,-6.0,-185.0,-14.0,-53.0,-161.0,-28.0,90.0,-168.0,25.880000000000003,116.82,-175.77,4.289999999999999,-7.86,-147.0,-16.81,-64.23,-139.97,-18.45,35.12,-147.09
2025-08-13T12:36:27.164508,6.0,92.0,-127.0,73.0,-4.0,-83.0,-29.0,11.0,-160.0,-19.0,61.0,-99.0,-3.119999999999999,62.82,-114.77,64.28999999999999,-5.86,-45.0,-31.81,-0.23000000000000043,-138.97,-9.45,6.119999999999997,-78.09
2025-08-13T12:36:27.172683,45.0,61.0,-110.0,-13.0,-16.0,-151.0,-55.0,-39.0,-123.0,-38.0,52.0,-124.0,35.88,31.82,-97.77,-21.71,-17.86,-113.0,-57.81,-50.230000000000004,-101.97,-28.45,-2.8800000000000026,-103.09
2025-08-13T12:36:27.176889,7.0,29.0,-120.0,-7.0,-62.0,-124.0,-37.0,7.0,-171.0,-76.0,70.0,-138.0,-2.119999999999999,-0.17999999999999972,-107.77,-15.71,-63.86,-86.0,-39.81,-4.23,-149.97,-66.45,15.119999999999997,-117.09
2025-08-13T12:36:27.184834,53.0,49.0,-186.0,37.0,-24.0,-126.0,14.0,10.0,-70.0,-82.0,116.0,-134.0,43.88,19.82,-173.77,28.29,-25.86,-88.0,11.19,-1.2300000000000004,-48.97,-72.45,61.12,-113.09
2025-08-13T12:36:27.189270,-7.0,45.0,-134.0,37.0,-29.0,-150.0,29.0,-17.0,-55.0,-41.0,91.0,-156.0,-16.119999999999997,15.82,-121.77,28.29,-30.86,-112.0,26.19,-28.23,-33.97,-31.45,36.12,-135.09
2025-08-13T12:36:27.197115,-2.0,97.0,-179.0,26.0,15.0,-191.0,-45.0,2.0,-112.0,-33.0,38.0,-209.0,-11.12,67.82,-166.77,17.29,13.14,-153.0,-47.81,-9.23,-90.97,-23.45,-16.880000000000003,-188.09
2025-08-13T12:36:27.201357,-5.0,75.0,-100.0,67.0,-14.0,-167.0,-41.0,32.0,-109.0,-82.0,91.0,-160.0,-14.12,45.82,-87.77,58.29,-15.86,-129.0,-43.81,20.77,-87.97,-72.45,36.12,-139.09
2025-08-13T12:36:27.209524,8.0,28.0,-66.0,61.0,-2.0,-167.0,25.0,17.0,-113.0,-36.0,32.0,-122.0,-1.1199999999999992,-1.1799999999999997,-53.769999999999996,52.29,-3.8600000000000003,-129.0,22.19,5.77,-91.97,-26.45,-22.880000000000003,-101.09
2025-08-13T12:36:27.214378,72.0,83.0,-65.0,119.0,-19.0,-132.0,0.0,2.0,-167.0,-11.0,124.0,-136.0,62.88,53.82,-52.769999999999996,110.28999999999999,-20.86,-94.0,-2.81,-9.23,-145.97,-1.4499999999999993,69.12,-115.09
2025-08-13T12:36:27.222145,-32.0,64.0,-69.0,39.0,-10.0,-139.0,4.0,-50.0,-73.0,-73.0,104.0,-208.0,-41.12,34.82,-56.769999999999996,30.29,-11.86,-101.0,1.19,-61.230000000000004,-51.97,-63.45,49.12,-187.09
2025-08-13T12:36:27.226255,5.0,114.0,-148.0,30.0,-39.0,-171.0,-14.0,-45.0,-172.0,-103.0,111.0,-149.0,-4.119999999999999,84.82,-135.77,21.29,-40.86,-133.0,-16.81,-56.230000000000004,-150.97,-93.45,56.12,-128.09
2025-08-13T12:36:27.234181,47.0,-46.0,-133.0,69.0,-32.0,-198.0,-81.0,-24.0,-130.0,-35.0,150.0,-128.0,37.88,-75.18,-120.77,60.29,-33.86,-160.0,-83.81,-35.230000000000004,-108.97,-25.45,95.12,-107.09
2025-08-13T12:36:27.238644,68.0,33.0,-83.0,32.0,20.0,-200.0,-69.0,-27.0,-83.0,-118.0,68.0,-195.0,58.88,3.8200000000000003,-70.77,23.29,18.14,-162.0,-71.81,-38.230000000000004,-61.97,-108.45,13.119999999999997,-174.09
2025-08-13T12:36:27.247193,-1.0,46.0,-109.0,89.0,-41.0,-132.0,11.0,-34.0,-86.0,-22.0,81.0,-118.0,-10.12,16.82,-96.77,80.28999999999999,-42.86,-94.0,8.19,-45.230000000000004,-64.97,-12.45,26.119999999999997,-97.09
2025-08-13T12:36:27.254420,32.0,71.0,-118.0,-24.0,-43.0,-134.0,-9.0,-71.0,-93.0,-17.0,78.0,-179.0,22.880000000000003,41.82,-105.77,-32.71,-44.86,-96.0,-11.81,-82.23,-71.97,-7.449999999999999,23.119999999999997,-158.09
2025-08-13T12:36:27.259032,13.0,46.0,-138.0,38.0,-9.0,-181.0,-61.0,-5.0,-153.0,-20.0,65.0,-119.0,3.880000000000001,16.82,-125.77,29.29,-10.86,-143.0,-63.81,-16.23,-131.97,-10.45,10.119999999999997,-98.09
2025-08-13T12:36:27.266844,31.0,183.0,-141.0,77.0,-79.0,-204.0,-44.0,37.0,-122.0,-73.0,48.0,-119.0,21.880000000000003,153.82,-128.77,68.28999999999999,-80.86,-166.0,-46.81,25.77,-100.97,-63.45,-6.880000000000003,-98.09
2025-08-13T12:36:27.271001,37.0,-49.0,-118.0,54.0,7.0,-160.0,-37.0,-7.0,-147.0,-82.0,187.0,-102.0,27.880000000000003,-78.18,-105.77,45.29,5.14,-122.0,-39.81,-18.23,-125.97,-72.45,132.12,-81.09
2025-08-13T12:36:27.279092,4.0,3.0,-109.0,2.0,2.0,-166.0,-25.0,-42.0,-154.0,-95.0,61.0,-181.0,-5.119999999999999,-26.18,-96.77,-6.710000000000001,0.1399999999999999,-128.0,-27.81,-53.230000000000004,-132.97,-85.45,6.119999999999997,-160.09
2025-08-13T12:36:27.283924,17.0,77.0,-160.0,12.0,-56.0,-148.0,-53.0,-50.0,-83.0,-28.0,97.0,-182.0,7.880000000000001,47.82,-147.77,3.289999999999999,-57.86,-110.0,-55.81,-61.230000000000004,-61.97,-18.45,42.12,-161.09
2025-08-13T12:36:27.291631,57.0,51.0,-127.0,106.0,-8.0,-179.0,-77.0,-35.0,-97.0,-9.0,52.0,-143.0,47.88,21.82,-114.77,97.28999999999999,-9.86,-141.0,-79.81,-46.230000000000004,-75.97,0.5500000000000007,-2.8800000000000026,-122.09
2025-08-13T12:36:27.295974,-9.0,62.0,-193.0,129.0,-69.0,-215.0,-33.0,39.0,-99.0,-138.0,33.0,-49.0,-18.119999999999997,32.82,-180.77,120.28999999999999,-70.86,-177.0,-35.81,27.77,-77.97,-128.45,-21.880000000000003,-28.09
2025-08-13T12:36:27.304046,59.0,-21.0,-227.0,69.0,-42.0,-156.0,8.0,28.0,-154.0,-19.0,56.0,-127.0,49.88,-50.18,-214.77,60.29,-43.86,-118.0,5.1899999999999995,16.77,-132.97,-9.45,1.1199999999999974,-106.09
2025-08-13T12:36:27.308640,98.0,91.0,-142.0,65.0,-8.0,-155.0,-31.0,-79.0,-154.0,-30.0,46.0,-112.0,88.88,61.82,-129.77,56.29,-9.86,-117.0,-33.81,-90.23,-132.97,-20.45,-8.880000000000003,-91.09
2025-08-13T12:36:27.316573,-2.0,57.0,-114.0,52.0,-24.0,-144.0,-77.0,28.0,-155.0,-5.0,98.0,-193.0,-11.12,27.82,-101.77,43.29,-25.86,-106.0,-79.81,16.77,-133.97,4.550000000000001,43.12,-172.09
2025-08-13T12:36:27.322051,37.0,110.0,-146.0,13.0,16.0,-147.0,-98.0,-66.0,-136.0,-118.0,80.0,-166.0,27.880000000000003,80.82,-133.77,4.289999999999999,14.14,-109.0,-100.81,-77.23,-114.97,-108.45,25.119999999999997,-145.09
2025-08-13T12:36:27.329275,-12.0,44.0,-170.0,23.0,13.0,-181.0,-74.0,14.0,-125.0,-103.0,41.0,-168.0,-21.119999999999997,14.82,-157.77,14.29,11.14,-143.0,-76.81,2.7699999999999996,-103.97,-93.45,-13.880000000000003,-147.09
2025-08-13T12:36:27.336435,73.0,40.0,-155.0,64.0,-63.0,-169.0,-65.0,-37.0,-163.0,-96.0,122.0,-129.0,63.88,10.82,-142.77,55.29,-64.86,-131.0,-67.81,-48.230000000000004,-141.97,-86.45,67.12,-108.09
2025-08-13T12:36:27.342008,21.0,-30.0,-86.0,46.0,-42.0,-137.0,18.0,-10.0,-102.0,-20.0,140.0,-142.0,11.88,-59.18,-73.77,37.29,-43.86,-99.0,15.19,-21.23,-80.97,-10.45,85.12,-121.09
2025-08-13T12:36:27.349839,67.0,33.0,-111.0,26.0,-8.0,-138.0,-58.0,-2.0,-161.0,-118.0,74.0,-149.0,57.88,3.8200000000000003,-98.77,17.29,-9.86,-100.0,-60.81,-13.23,-139.97,-108.45,19.119999999999997,-128.09
2025-08-13T12:36:27.355067,48.0,57.0,-119.0,2.0,-31.0,-120.0,-12.0,14.0,-128.0,-41.0,39.0,-112.0,38.88,27.82,-106.77,-6.710000000000001,-32.86,-82.0,-14.81,2.7699999999999996,-106.97,-31.45,-15.880000000000003,-91.09
2025-08-13T12:36:27.361732,-23.0,31.0,-156.0,2.0,-1.0,-183.0,-102.0,-3.0,-122.0,-87.0,98.0,-144.0,-32.12,1.8200000000000003,-143.77,-6.710000000000001,-2.8600000000000003,-145.0,-104.81,-14.23,-100.97,-77.45,43.12,-123.09
2025-08-13T12:36:27.367006,98.0,24.0,-128.0,2.0,-37.0,-137.0,-60.0,-42.0,-155.0,-66.0,74.0,-191.0,88.88,-5.18,-115.77,-6.710000000000001,-38.86,-99.0,-62.81,-53.230000000000004,-133.97,-56.45,19.119999999999997,-170.09
2025-08-13T12:36:27.373809,77.0,54.0,-130.0,41.0,-44.0,-140.0,-8.0,-53.0,-93.0,-99.0,110.0,-161.0,67.88,24.82,-117.77,32.29,-45.86,-102.0,-10.81,-64.23,-71.97,-89.45,55.12,-140.09
2025-08-13T12:36:27.378376,64.0,48.0,-66.0,-41.0,-117.0,-141.0,-95.0,-34.0,-109.0,-72.0,82.0,-88.0,54.88,18.82,-53.769999999999996,-49.71,-118.86,-103.0,-97.81,-45.230000000000004,-87.97,-62.45,27.119999999999997,-67.09
2025-08-13T12:36:27.386247,-28.0,20.0,-146.0,47.0,-29.0,-74.0,-3.0,7.0,-106.0,13.0,122.0,-151.0,-37.12,-9.18,-133.77,38.29,-30.86,-36.0,-5.8100000000000005,-4.23,-84.97,22.55,67.12,-130.09
2025-08-13T12:36:27.391788,42.0,95.0,-97.0,77.0,1.0,-152.0,-18.0,-19.0,-145.0,-69.0,37.0,-164.0,32.88,65.82,-84.77,68.28999999999999,-0.8600000000000001,-114.0,-20.81,-30.23,-123.97,-59.45,-17.880000000000003,-143.09
2025-08-13T12:36:27.398632,7.0,96.0,-116.0,24.0,-50.0,-158.0,1.0,-43.0,-159.0,-27.0,11.0,-100.0,-2.119999999999999,66.82,-103.77,15.29,-51.86,-120.0,-1.81,-54.230000000000004,-137.97,-17.45,-43.88,-79.09
2025-08-13T12:36:27.403964,101.0,124.0,-157.0,32.0,4.0,-125.0,-46.0,-23.0,-89.0,-24.0,110.0,-148.0,91.88,94.82,-144.77,23.29,2.1399999999999997,-87.0,-48.81,-34.230000000000004,-67.97,-14.45,55.12,-127.09
2025-08-13T12:36:27.411579,123.0,61.0,-143.0,26.0,-71.0,-196.0,-43.0,-19.0,-86.0,-49.0,61.0,-148.0,113.88,31.82,-130.77,17.29,-72.86,-158.0,-45.81,-30.23,-64.97,-39.45,6.119999999999997,-127.09
2025-08-13T12:36:27.417300,-3.0,-16.0,-77.0,85.0,-7.0,-153.0,-82.0,-34.0,-99.0,8.0,35.0,-153.0,-12.12,-45.18,-64.77,76.28999999999999,-8.86,-115.0,-84.81,-45.230000000000004,-77.97,17.55,-19.880000000000003,-132.09
2025-08-13T12:36:27.423872,29.0,40.0,-122.0,115.0,-37.0,-251.0,-55.0,-34.0,-64.0,-2.0,96.0,-135.0,19.880000000000003,10.82,-109.77,106.28999999999999,-38.86,-213.0,-57.81,-45.230000000000004,-42.97,7.550000000000001,41.12,-114.09
2025-08-13T12:36:27.430599,36.0,62.0,-156.0,73.0,-13.0,-132.0,-60.0,115.0,-151.0,-8.0,40.0,-94.0,26.880000000000003,32.82,-143.77,64.28999999999999,-14.86,-94.0,-62.81,103.77,-129.97,1.5500000000000007,-14.880000000000003,-73.09
2025-08-13T12:36:27.437283,-20.0,72.0,-117.0,108.0,-53.0,-164.0,-86.0,-37.0,-88.0,-104.0,60.0,-121.0,-29.119999999999997,42.82,-104.77,99.28999999999999,-54.86,-126.0,-88.81,-48.230000000000004,-66.97,-94.45,5.119999999999997,-100.09
2025-08-13T12:36:27.443450,-8.0,119.0,-134.0,25.0,-24.0,-191.0,-46.0,-23.0,-95.0,-64.0,114.0,-120.0,-17.119999999999997,89.82,-121.77,16.29,-25.86,-153.0,-48.81,-34.230000000000004,-73.97,-54.45,59.12,-99.09
2025-08-13T12:36:27.449448,43.0,70.0,-168.0,26.0,-73.0,-157.0,-108.0,4.0,-119.0,-47.0,124.0,-166.0,33.88,40.82,-155.77,17.29,-74.86,-119.0,-110.81,-7.23,-97.97,-37.45,69.12,-145.09
2025-08-13T12:36:27.455712,79.0,65.0,-146.0,14.0,-10.0,-188.0,-71.0,57.0,-112.0,-35.0,63.0,-135.0,69.88,35.82,-133.77,5.289999999999999,-11.86,-150.0,-73.81,45.769999999999996,-90.97,-25.45,8.119999999999997,-114.09
2025-08-13T12:36:27.459958,79.0,39.0,-165.0,14.0,-73.0,-134.0,-100.0,-98.0,-125.0,-57.0,114.0,-70.0,69.88,9.82,-152.77,5.289999999999999,-74.86,-96.0,-102.81,-109.23,-103.97,-47.45,59.12,-49.09
2025-08-13T12:36:27.468072,19.0,151.0,-93.0,125.0,-38.0,-190.0,-5.0,-79.0,-130.0,-63.0,116.0,-130.0,9.88,121.82,-80.77,116.28999999999999,-39.86,-152.0,-7.8100000000000005,-90.23,-108.97,-53.45,61.12,-109.09
2025-08-13T12:36:27.472681,10.0,73.0,-146.0,8.0,-6.0,-137.0,-57.0,-18.0,-176.0,-31.0,24.0,-182.0,0.8800000000000008,43.82,-133.77,-0.7100000000000009,-7.86,-99.0,-59.81,-29.23,-154.97,-21.45,-30.880000000000003,-161.09
2025-08-13T12:36:27.480287,81.0,64.0,-106.0,-5.0,58.0,-141.0,-41.0,-43.0,-154.0,-12.0,100.0,-105.0,71.88,34.82,-93.77,-13.71,56.14,-103.0,-43.81,-54.230000000000004,-132.97,-2.4499999999999993,45.12,-84.09
2025-08-13T12:36:27.488015,15.0,-7.0,-145.0,95.0,-88.0,-156.0,-20.0,-71.0,-111.0,-112.0,48.0,-132.0,5.880000000000001,-36.18,-132.77,86.28999999999999,-89.86,-118.0,-22.81,-82.23,-89.97,-102.45,-6.880000000000003,-111.09
2025-08-13T12:36:27.493072,90.0,31.0,-128.0,28.0,-60.0,-149.0,-37.0,14.0,-95.0,-108.0,106.0,-113.0,80.88,1.8200000000000003,-115.77,19.29,-61.86,-111.0,-39.81,2.7699999999999996,-73.97,-98.45,51.12,-92.09
2025-08-13T12:36:27.500312,34.0,126.0,-62.0,-3.0,32.0,-141.0,-60.0,-7.0,-134.0,-33.0,90.0,-216.0,24.880000000000003,96.82,-49.769999999999996,-11.71,30.14,-103.0,-62.81,-18.23,-112.97,-23.45,35.12,-195.09
2025-08-13T12:36:27.505363,41.0,56.0,-121.0,57.0,-33.0,-116.0,-41.0,-25.0,-138.0,-32.0,17.0,-126.0,31.880000000000003,26.82,-108.77,48.29,-34.86,-78.0,-43.81,-36.230000000000004,-116.97,-22.45,-37.88,-105.09
2025-08-13T12:36:27.513110,58.0,106.0,-86.0,3.0,-27.0,-201.0,-23.0,-51.0,-122.0,-53.0,-7.0,-166.0,48.88,76.82,-73.77,-5.710000000000001,-28.86,-163.0,-25.81,-62.230000000000004,-100.97,-43.45,-61.88,-145.09
2025-08-13T12:36:27.517813,86.0,-24.0,-220.0,17.0,-86.0,-204.0,13.0,-55.0,-111.0,-74.0,88.0,-154.0,76.88,-53.18,-207.77,8.29,-87.86,-166.0,10.19,-66.23,-89.97,-64.45,33.12,-133.09
2025-08-13T12:36:27.525810,32.0,62.0,-153.0,-18.0,-31.0,-176.0,-61.0,-43.0,-91.0,-116.0,29.0,-122.0,22.880000000000003,32.82,-140.77,-26.71,-32.86,-138.0,-63.81,-54.230000000000004,-69.97,-106.45,-25.880000000000003,-101.09
2025-08-13T12:36:27.529959,28.0,53.0,-88.0,35.0,-73.0,-124.0,-44.0,-15.0,-182.0,-31.0,104.0,-137.0,18.880000000000003,23.82,-75.77,26.29,-74.86,-86.0,-46.81,-26.23,-160.97,-21.45,49.12,-116.09
2025-08-13T12:36:27.537679,-18.0,-6.0,-184.0,78.0,-17.0,-219.0,-43.0,-75.0,-114.0,-83.0,143.0,-100.0,-27.119999999999997,-35.18,-171.77,69.28999999999999,-18.86,-181.0,-45.81,-86.23,-92.97,-73.45,88.12,-79.09
2025-08-13T12:36:27.542112,-54.0,116.0,-90.0,54.0,29.0,-205.0,15.0,24.0,-78.0,-41.0,85.0,-157.0,-63.12,86.82,-77.77,45.29,27.14,-167.0,12.19,12.77,-56.97,-31.45,30.119999999999997,-136.09
2025-08-13T12:36:27.550142,35.0,48.0,-159.0,-1.0,-22.0,-137.0,-65.0,-26.0,-95.0,-63.0,89.0,-105.0,25.880000000000003,18.82,-146.77,-9.71,-23.86,-99.0,-67.81,-37.230000000000004,-73.97,-53.45,34.12,-84.09
2025-08-13T12:36:27.554260,43.0,94.0,-182.0,23.0,-46.0,-188.0,-55.0,27.0,-123.0,-95.0,87.0,-120.0,33.88,64.82,-169.77,14.29,-47.86,-150.0,-57.81,15.77,-101.97,-85.45,32.12,-99.09
2025-08-13T12:36:27.562515,-23.0,20.0,-118.0,57.0,-21.0,-140.0,-52.0,-34.0,-107.0,-78.0,84.0,-182.0,-32.12,-9.18,-105.77,48.29,-22.86,-102.0,-54.81,-45.230000000000004,-85.97,-68.45,29.119999999999997,-161.09
2025-08-13T12:36:27.570114,56.0,-61.0,-129.0,10.0,-43.0,-129.0,-94.0,-20.0,-160.0,-52.0,102.0,-134.0,46.88,-90.18,-116.77,1.2899999999999991,-44.86,-91.0,-96.81,-31.23,-138.97,-42.45,47.12,-113.09
2025-08-13T12:36:27.574669,29.0,59.0,-200.0,113.0,-57.0,-183.0,-2.0,-35.0,-85.0,-16.0,48.0,-124.0,19.880000000000003,29.82,-187.77,104.28999999999999,-58.86,-145.0,-4.8100000000000005,-46.230000000000004,-63.97,-6.449999999999999,-6.880000000000003,-103.09
2025-08-13T12:36:27.582394,96.0,39.0,-146.0,81.0,-82.0,-148.0,-108.0,-43.0,-66.0,-82.0,92.0,-91.0,86.88,9.82,-133.77,72.28999999999999,-83.86,-110.0,-110.81,-54.230000000000004,-44.97,-72.45,37.12,-70.09
2025-08-13T12:36:27.587086,49.0,11.0,-169.0,-21.0,-30.0,-113.0,-110.0,-47.0,-98.0,-85.0,44.0,-156.0,39.88,-18.18,-156.77,-29.71,-31.86,-75.0,-112.81,-58.230000000000004,-76.97,-75.45,-10.880000000000003,-135.09
2025-08-13T12:36:27.594818,47.0,8.0,-96.0,91.0,-23.0,-169.0,-110.0,7.0,-133.0,-37.0,14.0,-126.0,37.88,-21.18,-83.77,82.28999999999999,-24.86,-131.0,-112.81,-4.23,-111.97,-27.45,-40.88,-105.09
2025-08-13T12:36:27.599454,75.0,19.0,-129.0,69.0,-22.0,-136.0,-30.0,17.0,-142.0,-82.0,65.0,-176.0,65.88,-10.18,-116.77,60.29,-23.86,-98.0,-32.81,5.77,-120.97,-72.45,10.119999999999997,-155.09
2025-08-13T12:36:27.607370,105.0,16.0,-122.0,3.0,18.0,-185.0,7.0,-18.0,-111.0,-104.0,92.0,-108.0,95.88,-13.18,-109.77,-5.710000000000001,16.14,-147.0,4.1899999999999995,-29.23,-89.97,-94.45,37.12,-87.09
2025-08-13T12:36:27.611653,31.0,118.0,-113.0,69.0,-4.0,-162.0,5.0,-15.0,-73.0,-39.0,80.0,-107.0,21.880000000000003,88.82,-100.77,60.29,-5.86,-124.0,2.19,-26.23,-51.97,-29.45,25.119999999999997,-86.09
2025-08-13T12:36:27.619901,113.0,79.0,-137.0,77.0,27.0,-196.0,-19.0,5.0,-78.0,-65.0,7.0,-154.0,103.88,49.82,-124.77,68.28999999999999,25.14,-158.0,-21.81,-6.23,-56.97,-55.45,-47.88,-133.09
2025-08-13T12:36:27.624892,92.0,46.0,-113.0,-14.0,-28.0,-152.0,2.0,47.0,-71.0,-10.0,76.0,-108.0,82.88,16.82,-100.77,-22.71,-29.86,-114.0,-0.81,35.769999999999996,-49.97,-0.4499999999999993,21.119999999999997,-87.09
2025-08-13T12:36:27.632239,55.0,51.0,-88.0,123.0,-17.0,-224.0,-48.0,-6.0,-139.0,-49.0,97.0,-121.0,45.88,21.82,-75.77,114.28999999999999,-18.86,-186.0,-50.81,-17.23,-117.97,-39.45,42.12,-100.09
2025-08-13T12:36:27.637376,-16.0,11.0,-144.0,71.0,2.0,-190.0,-5.0,58.0,-124.0,-10.0,91.0,-140.0,-25.119999999999997,-18.18,-131.77,62.29,0.1399999999999999,-152.0,-7.8100000000000005,46.769999999999996,-102.97,-0.4499999999999993,36.12,-119.09
2025-08-13T12:36:27.644696,-6.0,46.0,-177.0,48.0,-18.0,-143.0,-10.0,1.0,-127.0,-83.0,76.0,-109.0,-15.12,16.82,-164.77,39.29,-19.86,-105.0,-12.81,-10.23,-105.97,-73.45,21.119999999999997,-88.09
2025-08-13T12:36:27.652834,-5.0,30.0,-119.0,66.0,-57.0,-131.0,-54.0,25.0,-119.0,-23.0,69.0,-152.0,-14.12,0.8200000000000003,-106.77,57.29,-58.86,-93.0,-56.81,13.77,-97.97,-13.45,14.119999999999997,-131.09
2025-08-13T12:36:27.657369,25.0,92.0,-117.0,21.0,-69.0,-184.0,-67.0,25.0,-137.0,-54.0,115.0,-168.0,15.88,62.82,-104.77,12.29,-70.86,-146.0,-69.81,13.77,-115.97,-44.45,60.12,-147.09
2025-08-13T12:36:27.664241,40.0,-6.0,-127.0,58.0,-49.0,-170.0,-39.0,-24.0,-160.0,-43.0,84.0,-56.0,30.880000000000003,-35.18,-114.77,49.29,-50.86,-132.0,-41.81,-35.230000000000004,-138.97,-33.45,29.119999999999997,-35.09
2025-08-13T12:36:27.669569,8.0,92.0,-128.0,83.0,4.0,-137.0,-68.0,19.0,-130.0,-72.0,58.0,-125.0,-1.1199999999999992,62.82,-115.77,74.28999999999999,2.1399999999999997,-99.0,-70.81,7.77,-108.97,-62.45,3.1199999999999974,-104.09
2025-08-13T12:36:27.676974,32.0,15.0,-140.0,91.0,28.0,-140.0,-5.0,-17.0,-155.0,-17.0,105.0,-117.0,22.880000000000003,-14.18,-127.77,82.28999999999999,26.14,-102.0,-7.8100000000000005,-28.23,-133.97,-7.449999999999999,50.12,-96.09
2025-08-13T12:36:27.682197,5.0,75.0,-162.0,78.0,2.0,-132.0,-25.0,-11.0,-142.0,-73.0,87.0,-153.0,-4.119999999999999,45.82,-149.77,69.28999999999999,0.1399999999999999,-94.0,-27.81,-22.23,-120.97,-63.45,32.12,-132.09
2025-08-13T12:36:27.689121,76.0,78.0,-182.0,-12.0,3.0,-154.0,-58.0,-50.0,-29.0,-70.0,137.0,-93.0,66.88,48.82,-169.77,-20.71,1.14,-116.0,-60.81,-61.230000000000004,-7.969999999999999,-60.45,82.12,-72.09
2025-08-13T12:36:27.694486,74.0,87.0,-204.0,-16.0,-50.0,-126.0,-66.0,-7.0,-137.0,-63.0,67.0,-103.0,64.88,57.82,-191.77,-24.71,-51.86,-88.0,-68.81,-18.23,-115.97,-53.45,12.119999999999997,-82.09
2025-08-13T12:36:27.701907,37.0,79.0,-152.0,79.0,1.0,-126.0,-25.0,-45.0,-137.0,-100.0,129.0,-110.0,27.880000000000003,49.82,-139.77,70.28999999999999,-0.8600000000000001,-88.0,-27.81,-56.230000000000004,-115.97,-90.45,74.12,-89.09
2025-08-13T12:36:27.707295,-11.0,63.0,-128.0,34.0,-44.0,-138.0,-19.0,-14.0,-132.0,-61.0,129.0,-144.0,-20.119999999999997,33.82,-115.77,25.29,-45.86,-100.0,-21.81,-25.23,-110.97,-51.45,74.12,-123.09
2025-08-13T12:36:27.714097,20.0,77.0,-237.0,44.0,-38.0,-154.0,-6.0,-100.0,-97.0,7.0,72.0,-154.0,10.88,47.82,-224.77,35.29,-39.86,-116.0,-8.81,-111.23,-75.97,16.55,17.119999999999997,-133.09
2025-08-13T12:36:27.719521,72.0,66.0,-106.0,24.0,23.0,-158.0,-21.0,-37.0,-39.0,-35.0,111.0,-123.0,62.88,36.82,-93.77,15.29,21.14,-120.0,-23.81,-48.230000000000004,-17.97,-25.45,56.12,-102.09
2025-08-13T12:36:27.726852,130.0,32.0,-173.0,32.0,-34.0,-127.0,-13.0,32.0,-89.0,-36.0,63.0,-109.0,120.88,2.8200000000000003,-160.77,23.29,-35.86,-89.0,-15.81,20.77,-67.97,-26.45,8.119999999999997,-88.09
2025-08-13T12:36:27.732365,92.0,66.0,-132.0,26.0,10.0,-220.0,-132.0,43.0,-145.0,-9.0,102.0,-99.0,82.88,36.82,-119.77,17.29,8.14,-182.0,-134.81,31.77,-123.97,0.5500000000000007,47.12,-78.09
2025-08-13T12:36:27.739692,59.0,-43.0,-146.0,5.0,30.0,-110.0,-109.0,-2.0,-144.0,-46.0,113.0,-137.0,49.88,-72.18,-133.77,-3.710000000000001,28.14,-72.0,-111.81,-13.23,-122.97,-36.45,58.12,-116.09
2025-08-13T12:36:27.746253,63.0,106.0,-104.0,46.0,-58.0,-177.0,8.0,-40.0,-105.0,-73.0,86.0,-150.0,53.88,76.82,-91.77,37.29,-59.86,-139.0,5.1899999999999995,-51.230000000000004,-83.97,-63.45,31.119999999999997,-129.09
2025-08-13T12:36:27.752456,32.0,77.0,-185.0,50.0,-67.0,-143.0,-117.0,-27.0,-134.0,-10.0,86.0,-190.0,22.880000000000003,47.82,-172.77,41.29,-68.86,-105.0,-119.81,-38.230000000000004,-112.97,-0.4499999999999993,31.119999999999997,-169.09
2025-08-13T12:36:27.758649,65.0,125.0,-183.0,37.0,-58.0,-142.0,-30.0,-34.0,-110.0,3.0,85.0,-190.0,55.88,95.82,-170.77,28.29,-59.86,-104.0,-32.81,-45.230000000000004,-88.97,12.55,30.119999999999997,-169.09
2025-08-13T12:36:27.764578,31.0,23.0,-115.0,9.0,-47.0,-161.0,-2.0,33.0,-157.0,-109.0,57.0,-136.0,21.880000000000003,-6.18,-102.77,0.28999999999999915,-48.86,-123.0,-4.8100000000000005,21.77,-135.97,-99.45,2.1199999999999974,-115.09
2025-08-13T12:36:27.770995,24.0,36.0,-156.0,-6.0,-7.0,-104.0,17.0,-2.0,-76.0,23.0,85.0,-219.0,14.88,6.82,-143.77,-14.71,-8.86,-66.0,14.19,-13.23,-54.97,32.55,30.119999999999997,-198.09
2025-08-13T12:36:27.777002,9.0,61.0,-134.0,83.0,20.0,-207.0,50.0,-81.0,-101.0,-104.0,90.0,-130.0,-0.11999999999999922,31.82,-121.77,74.28999999999999,18.14,-169.0,47.19,-92.23,-79.97,-94.45,35.12,-109.09
2025-08-13T12:36:27.785030,-11.0,104.0,-126.0,40.0,-55.0,-149.0,-50.0,2.0,-105.0,-61.0,124.0,-132.0,-20.119999999999997,74.82,-113.77,31.29,-56.86,-111.0,-52.81,-9.23,-83.97,-51.45,69.12,-111.09
2025-08-13T12:36:27.791068,50.0,54.0,-178.0,80.0,-44.0,-125.0,-43.0,11.0,-114.0,-135.0,93.0,-144.0,40.88,24.82,-165.77,71.28999999999999,-45.86,-87.0,-45.81,-0.23000000000000043,-92.97,-125.45,38.12,-123.09
2025-08-13T12:36:27.796968,39.0,34.0,-115.0,62.0,-35.0,-112.0,-72.0,-9.0,-145.0,-35.0,77.0,-124.0,29.880000000000003,4.82,-102.77,53.29,-36.86,-74.0,-74.81,-20.23,-123.97,-25.45,22.119999999999997,-103.09
2025-08-13T12:36:27.805060,60.0,38.0,-114.0,30.0,-102.0,-180.0,58.0,-16.0,-108.0,-46.0,86.0,-163.0,50.88,8.82,-101.77,21.29,-103.86,-142.0,55.19,-27.23,-86.97,-36.45,31.119999999999997,-142.09
2025-08-13T12:36:27.810815,-70.0,68.0,-140.0,75.0,-23.0,-233.0,-36.0,15.0,-41.0,-14.0,-4.0,-113.0,-79.12,38.82,-127.77,66.28999999999999,-24.86,-195.0,-38.81,3.7699999999999996,-19.97,-4.449999999999999,-58.88,-92.09
2025-08-13T12:36:27.816978,5.0,67.0,-214.0,48.0,-58.0,-145.0,-25.0,-24.0,-144.0,6.0,119.0,-77.0,-4.119999999999999,37.82,-201.77,39.29,-59.86,-107.0,-27.81,-35.230000000000004,-122.97,15.55,64.12,-56.09
2025-08-13T12:36:27.823073,-6.0,14.0,-147.0,46.0,7.0,-173.0,-40.0,54.0,-109.0,-70.0,51.0,-190.0,-15.12,-15.18,-134.77,37.29,5.14,-135.0,-42.81,42.769999999999996,-87.97,-60.45,-3.8800000000000026,-169.09
2025-08-13T12:36:27.828186,95.0,10.0,-130.0,45.0,-112.0,-205.0,-29.0,25.0,-144.0,-85.0,92.0,-119.0,85.88,-19.18,-117.77,36.29,-113.86,-167.0,-31.81,13.77,-122.97,-75.45,37.12,-98.09
2025-08-13T12:36:27.833173,8.0,68.0,-85.0,61.0,13.0,-141.0,60.0,-45.0,-65.0,-47.0,76.0,-149.0,-1.1199999999999992,38.82,-72.77,52.29,11.14,-103.0,57.19,-56.230000000000004,-43.97,-37.45,21.119999999999997,-128.09
2025-08-13T12:36:27.840655,49.0,67.0,-88.0,80.0,-29.0,-126.0,-20.0,-16.0,-30.0,-44.0,116.0,-142.0,39.88,37.82,-75.77,71.28999999999999,-30.86,-88.0,-22.81,-27.23,-8.969999999999999,-34.45,61.12,-121.09
2025-08-13T12:36:27.846008,82.0,138.0,-125.0,-10.0,-29.0,-228.0,-13.0,15.0,-113.0,-29.0,36.0,-109.0,72.88,108.82,-112.77,-18.71,-30.86,-190.0,-15.81,3.7699999999999996,-91.97,-19.45,-18.880000000000003,-88.09
2025-08-13T12:36:27.852971,55.0,77.0,-126.0,96.0,7.0,-165.0,6.0,-1.0,-153.0,-21.0,34.0,-146.0,45.88,47.82,-113.77,87.28999999999999,5.14,-127.0,3.19,-12.23,-131.97,-11.45,-20.880000000000003,-125.09
2025-08-13T12:36:27.858086,21.0,53.0,-78.0,34.0,42.0,-106.0,-28.0,23.0,-163.0,-30.0,45.0,-105.0,11.88,23.82,-65.77,25.29,40.14,-68.0,-30.81,11.77,-141.97,-20.45,-9.880000000000003,-84.09
2025-08-13T12:36:27.866234,22.0,77.0,-134.0,100.0,-43.0,-172.0,43.0,0.0,-101.0,-91.0,80.0,-107.0,12.88,47.82,-121.77,91.28999999999999,-44.86,-134.0,40.19,-11.23,-79.97,-81.45,25.119999999999997,-86.09
2025-08-13T12:36:27.874188,91.0,23.0,-224.0,118.0,-12.0,-167.0,-30.0,-51.0,-89.0,-84.0,106.0,-191.0,81.88,-6.18,-211.77,109.28999999999999,-13.86,-129.0,-32.81,-62.230000000000004,-67.97,-74.45,51.12,-170.09
2025-08-13T12:36:27.882130,121.0,1.0,-155.0,100.0,-33.0,-127.0,-97.0,-29.0,-128.0,-50.0,9.0,-223.0,111.88,-28.18,-142.77,91.28999999999999,-34.86,-89.0,-99.81,-40.230000000000004,-106.97,-40.45,-45.88,-202.09
2025-08-13T12:36:27.888423,164.0,39.0,-129.0,103.0,-49.0,-202.0,-9.0,-72.0,-187.0,-69.0,16.0,-185.0,154.88,9.82,-116.77,94.28999999999999,-50.86,-164.0,-11.81,-83.23,-165.97,-59.45,-38.88,-164.09
2025-08-13T12:36:27.892243,64.0,88.0,-183.0,104.0,-76.0,-143.0,39.0,-90.0,-187.0,-72.0,145.0,-198.0,54.88,58.82,-170.77,95.28999999999999,-77.86,-105.0,36.19,-101.23,-165.97,-62.45,90.12,-177.09
2025-08-13T12:36:27.898110,138.0,97.0,-224.0,180.0,-11.0,-208.0,-54.0,-129.0,-174.0,-113.0,101.0,-232.0,128.88,67.82,-211.77,171.29,-12.86,-170.0,-56.81,-140.23,-152.97,-103.45,46.12,-211.09
2025-08-13T12:36:27.902594,158.0,81.0,-221.0,87.0,-27.0,-166.0,14.0,12.0,-210.0,-93.0,147.0,-271.0,148.88,51.82,-208.77,78.28999999999999,-28.86,-128.0,11.19,0.7699999999999996,-188.97,-83.45,92.12,-250.09
2025-08-13T12:36:27.910660,204.0,84.0,-196.0,129.0,-46.0,-196.0,-45.0,-35.0,-275.0,-108.0,142.0,-262.0,194.88,54.82,-183.77,120.28999999999999,-47.86,-158.0,-47.81,-46.230000000000004,-253.97,-98.45,87.12,-241.09
2025-08-13T12:36:27.914951,168.0,73.0,-203.0,145.0,-37.0,-215.0,-19.0,-149.0,-318.0,-80.0,105.0,-258.0,158.88,43.82,-190.77,136.29,-38.86,-177.0,-21.81,-160.23,-296.97,-70.45,50.12,-237.09
2025-08-13T12:36:27.923143,211.0,67.0,-184.0,177.0,-105.0,-210.0,-106.0,-150.0,-235.0,-90.0,195.0,-297.0,201.88,37.82,-171.77,168.29,-106.86,-172.0,-108.81,-161.23,-213.97,-80.45,140.12,-276.09
2025-08-13T12:36:27.930608,261.0,39.0,-289.0,260.0,-131.0,-202.0,-69.0,-66.0,-291.0,-76.0,184.0,-333.0,251.88,9.82,-276.77,251.29,-132.86,-164.0,-71.81,-77.23,-269.97,-66.45,129.12,-312.09
2025-08-13T12:36:27.934968,264.0,180.0,-216.0,254.0,-171.0,-235.0,-11.0,-182.0,-340.0,-47.0,186.0,-290.0,254.88,150.82,-203.77,245.29,-172.86,-197.0,-13.81,-193.23,-318.97,-37.45,131.12,-269.09
2025-08-13T12:36:27.943204,304.0,123.0,-316.0,257.0,-121.0,-259.0,-74.0,-107.0,-300.0,-26.0,199.0,-466.0,294.88,93.82,-303.77,248.29,-122.86,-221.0,-76.81,-118.23,-278.97,-16.45,144.12,-445.09
2025-08-13T12:36:27.950787,308.0,136.0,-255.0,298.0,-149.0,-297.0,-50.0,-87.0,-323.0,-33.0,169.0,-358.0,298.88,106.82,-242.77,289.29,-150.86,-259.0,-52.81,-98.23,-301.97,-23.45,114.12,-337.09
2025-08-13T12:36:27.955804,226.0,189.0,-294.0,294.0,-160.0,-245.0,-26.0,-201.0,-330.0,-138.0,194.0,-378.0,216.88,159.82,-281.77,285.29,-161.86,-207.0,-28.81,-212.23,-308.97,-128.45,139.12,-357.09
2025-08-13T12:36:27.963674,385.0,129.0,-357.0,326.0,-159.0,-281.0,7.0,-170.0,-332.0,-141.0,195.0,-428.0,375.88,99.82,-344.77,317.29,-160.86,-243.0,4.1899999999999995,-181.23,-310.97,-131.45,140.12,-407.09
2025-08-13T12:36:27.968239,352.0,120.0,-315.0,270.0,-82.0,-271.0,30.0,-151.0,-370.0,-52.0,244.0,-406.0,342.88,90.82,-302.77,261.29,-83.86,-233.0,27.19,-162.23,-348.97,-42.45,189.12,-385.09
2025-08-13T12:36:27.975722,299.0,191.0,-301.0,343.0,-130.0,-303.0,-25.0,-150.0,-395.0,-138.0,287.0,-379.0,289.88,161.82,-288.77,334.29,-131.86,-265.0,-27.81,-161.23,-373.97,-128.45,232.12,-358.09
2025-08-13T12:36:27.983775,321.0,169.0,-363.0,364.0,-169.0,-294.0,-37.0,-145.0,-429.0,-102.0,287.0,-432.0,311.88,139.82,-350.77,355.29,-170.86,-256.0,-39.81,-156.23,-407.97,-92.45,232.12,-411.09
2025-08-13T12:36:27.989111,364.0,76.0,-362.0,265.0,-170.0,-279.0,-63.0,-210.0,-364.0,-61.0,308.0,-438.0,354.88,46.82,-349.77,256.29,-171.86,-241.0,-65.81,-221.23,-342.97,-51.45,253.12,-417.09
2025-08-13T12:36:27.997486,289.0,182.0,-293.0,342.0,-191.0,-306.0,-21.0,-189.0,-421.0,-111.0,279.0,-466.0,279.88,152.82,-280.77,333.29,-192.86,-268.0,-23.81,-200.23,-399.97,-101.45,224.12,-445.09
2025-08-13T12:36:28.004291,334.0,144.0,-362.0,434.0,-204.0,-332.0,-65.0,-235.0,-415.0,-100.0,280.0,-484.0,324.88,114.82,-349.77,425.29,-205.86,-294.0,-67.81,-246.23,-393.97,-90.45,225.12,-463.09
2025-08-13T12:36:28.009934,353.0,154.0,-269.0,371.0,-102.0,-257.0,-59.0,-145.0,-426.0,-103.0,182.0,-424.0,343.88,124.82,-256.77,362.29,-103.86,-219.0,-61.81,-156.23,-404.97,-93.45,127.12,-403.09
2025-08-13T12:36:28.017687,361.0,163.0,-339.0,330.0,-187.0,-315.0,-10.0,-205.0,-483.0,-156.0,282.0,-516.0,351.88,133.82,-326.77,321.29,-188.86,-277.0,-12.81,-216.23,-461.97,-146.45,227.12,-495.09
2025-08-13T12:36:28.022862,380.0,140.0,-296.0,416.0,-171.0,-296.0,-81.0,-137.0,-399.0,-64.0,234.0,-443.0,370.88,110.82,-283.77,407.29,-172.86,-258.0,-83.81,-148.23,-377.97,-54.45,179.12,-422.09
2025-08-13T12:36:28.030587,352.0,228.0,-393.0,388.0,-184.0,-327.0,14.0,-214.0,-421.0,-61.0,239.0,-497.0,342.88,198.82,-380.77,379.29,-185.86,-289.0,11.19,-225.23,-399.97,-51.45,184.12,-476.09
2025-08-13T12:36:28.037365,367.0,184.0,-255.0,384.0,-178.0,-302.0,-12.0,-152.0,-440.0,-12.0,217.0,-518.0,357.88,154.82,-242.77,375.29,-179.86,-264.0,-14.81,-163.23,-418.97,-2.4499999999999993,162.12,-497.09
2025-08-13T12:36:28.044264,368.0,163.0,-267.0,327.0,-231.0,-287.0,-60.0,-200.0,-400.0,-117.0,294.0,-443.0,358.88,133.82,-254.77,318.29,-232.86,-249.0,-62.81,-211.23,-378.97,-107.45,239.12,-422.09
2025-08-13T12:36:28.053270,355.0,125.0,-391.0,307.0,-184.0,-283.0,-68.0,-227.0,-399.0,-98.0,258.0,-384.0,345.88,95.82,-378.77,298.29,-185.86,-245.0,-70.81,-238.23,-377.97,-88.45,203.12,-363.09
2025-08-13T12:36:28.061252,415.0,164.0,-292.0,306.0,-150.0,-240.0,-66.0,-280.0,-392.0,-114.0,222.0,-476.0,405.88,134.82,-279.77,297.29,-151.86,-202.0,-68.81,-291.23,-370.97,-104.45,167.12,-455.09
2025-08-13T12:36:28.066820,305.0,160.0,-288.0,327.0,-103.0,-321.0,-87.0,-218.0,-428.0,-91.0,265.0,-441.0,295.88,130.82,-275.77,318.29,-104.86,-283.0,-89.81,-229.23,-406.97,-81.45,210.12,-420.09
2025-08-13T12:36:28.070471,371.0,128.0,-292.0,423.0,-188.0,-263.0,14.0,-237.0,-436.0,-68.0,285.0,-469.0,361.88,98.82,-279.77,414.29,-189.86,-225.0,11.19,-248.23,-414.97,-58.45,230.12,-448.09
2025-08-13T12:36:28.074793,393.0,203.0,-346.0,390.0,-201.0,-350.0,8.0,-271.0,-400.0,-58.0,228.0,-448.0,383.88,173.82,-333.77,381.29,-202.86,-312.0,5.1899999999999995,-282.23,-378.97,-48.45,173.12,-427.09
2025-08-13T12:36:28.081971,357.0,145.0,-363.0,398.0,-185.0,-297.0,-19.0,-209.0,-378.0,-148.0,232.0,-429.0,347.88,115.82,-350.77,389.29,-186.86,-259.0,-21.81,-220.23,-356.97,-138.45,177.12,-408.09
2025-08-13T12:36:28.090080,370.0,176.0,-296.0,391.0,-166.0,-347.0,-40.0,-189.0,-391.0,-88.0,216.0,-389.0,360.88,146.82,-283.77,382.29,-167.86,-309.0,-42.81,-200.23,-369.97,-78.45,161.12,-368.09
2025-08-13T12:36:28.095016,334.0,159.0,-289.0,407.0,-209.0,-356.0,8.0,-139.0,-424.0,-43.0,269.0,-450.0,324.88,129.82,-276.77,398.29,-210.86,-318.0,5.1899999999999995,-150.23,-402.97,-33.45,214.12,-429.09
2025-08-13T12:36:28.103030,343.0,154.0,-351.0,381.0,-184.0,-262.0,67.0,-226.0,-396.0,-83.0,300.0,-443.0,333.88,124.82,-338.77,372.29,-185.86,-224.0,64.19,-237.23,-374.97,-73.45,245.12,-422.09
2025-08-13T12:36:28.110487,354.0,131.0,-350.0,398.0,-206.0,-303.0,-3.0,-229.0,-507.0,-99.0,327.0,-453.0,344.88,101.82,-337.77,389.29,-207.86,-265.0,-5.8100000000000005,-240.23,-485.97,-89.45,272.12,-432.09
2025-08-13T12:36:28.114844,325.0,138.0,-331.0,371.0,-198.0,-309.0,33.0,-258.0,-431.0,-49.0,309.0,-419.0,315.88,108.82,-318.77,362.29,-199.86,-271.0,30.19,-269.23,-409.97,-39.45,254.12,-398.09
2025-08-13T12:36:28.123136,329.0,113.0,-408.0,396.0,-172.0,-293.0,-62.0,-220.0,-429.0,-134.0,243.0,-471.0,319.88,83.82,-395.77,387.29,-173.86,-255.0,-64.81,-231.23,-407.97,-124.45,188.12,-450.09
2025-08-13T12:36:28.128031,363.0,106.0,-292.0,359.0,-139.0,-287.0,33.0,-187.0,-417.0,-40.0,277.0,-428.0,353.88,76.82,-279.77,350.29,-140.86,-249.0,30.19,-198.23,-395.97,-30.45,222.12,-407.09
2025-08-13T12:36:28.135380,376.0,164.0,-358.0,297.0,-155.0,-315.0,-4.0,-225.0,-422.0,-143.0,234.0,-436.0,366.88,134.82,-345.77,288.29,-156.86,-277.0,-6.8100000000000005,-236.23,-400.97,-133.45,179.12,-415.09
2025-08-13T12:36:28.143406,361.0,185.0,-330.0,354.0,-156.0,-264.0,6.0,-166.0,-524.0,-72.0,249.0,-464.0,351.88,155.82,-317.77,345.29,-157.86,-226.0,3.19,-177.23,-502.97,-62.45,194.12,-443.09
2025-08-13T12:36:28.148032,391.0,122.0,-306.0,363.0,-208.0,-292.0,20.0,-191.0,-470.0,-68.0,299.0,-455.0,381.88,92.82,-293.77,354.29,-209.86,-254.0,17.19,-202.23,-448.97,-58.45,244.12,-434.09
2025-08-13T12:36:28.155829,401.0,127.0,-352.0,306.0,-158.0,-288.0,-23.0,-237.0,-435.0,-52.0,246.0,-426.0,391.88,97.82,-339.77,297.29,-159.86,-250.0,-25.81,-248.23,-413.97,-42.45,191.12,-405.09
2025-08-13T12:36:28.163851,382.0,152.0,-316.0,346.0,-154.0,-322.0,-56.0,-114.0,-460.0,-89.0,267.0,-509.0,372.88,122.82,-303.77,337.29,-155.86,-284.0,-58.81,-125.23,-438.97,-79.45,212.12,-488.09
2025-08-13T12:36:28.168578,314.0,151.0,-290.0,392.0,-199.0,-303.0,3.0,-241.0,-406.0,-121.0,330.0,-460.0,304.88,121.82,-277.77,383.29,-200.86,-265.0,0.18999999999999995,-252.23,-384.97,-111.45,275.12,-439.09
2025-08-13T12:36:28.176216,397.0,135.0,-290.0,363.0,-215.0,-341.0,-29.0,-161.0,-379.0,-38.0,248.0,-502.0,387.88,105.82,-277.77,354.29,-216.86,-303.0,-31.81,-172.23,-357.97,-28.45,193.12,-481.09
2025-08-13T12:36:28.181048,341.0,207.0,-292.0,344.0,-209.0,-225.0,-18.0,-260.0,-363.0,-77.0,297.0,-470.0,331.88,177.82,-279.77,335.29,-210.86,-187.0,-20.81,-271.23,-341.97,-67.45,242.12,-449.09
2025-08-13T12:36:28.189126,343.0,213.0,-393.0,365.0,-177.0,-344.0,-54.0,-201.0,-436.0,-34.0,313.0,-446.0,333.88,183.82,-380.77,356.29,-178.86,-306.0,-56.81,-212.23,-414.97,-24.45,258.12,-425.09
2025-08-13T12:36:28.196750,345.0,59.0,-314.0,353.0,-188.0,-374.0,-10.0,-182.0,-396.0,-48.0,276.0,-526.0,335.88,29.82,-301.77,344.29,-189.86,-336.0,-12.81,-193.23,-374.97,-38.45,221.12,-505.09
2025-08-13T12:36:28.202426,387.0,206.0,-271.0,397.0,-202.0,-359.0,1.0,-218.0,-379.0,-27.0,309.0,-451.0,377.88,176.82,-258.77,388.29,-203.86,-321.0,-1.81,-229.23,-357.97,-17.45,254.12,-430.09
2025-08-13T12:36:28.210222,369.0,196.0,-397.0,376.0,-145.0,-272.0,-4.0,-176.0,-405.0,-67.0,260.0,-434.0,359.88,166.82,-384.77,367.29,-146.86,-234.0,-6.8100000000000005,-187.23,-383.97,-57.45,205.12,-413.09
2025-08-13T12:36:28.216395,358.0,115.0,-301.0,394.0,-128.0,-307.0,23.0,-234.0,-389.0,-58.0,264.0,-485.0,348.88,85.82,-288.77,385.29,-129.86,-269.0,20.19,-245.23,-367.97,-48.45,209.12,-464.09
2025-08-13T12:36:28.225838,348.0,187.0,-315.0,399.0,-171.0,-342.0,61.0,-192.0,-507.0,-83.0,215.0,-488.0,338.88,157.82,-302.77,390.29,-172.86,-304.0,58.19,-203.23,-485.97,-73.45,160.12,-467.09
2025-08-13T12:36:28.233802,381.0,176.0,-346.0,353.0,-156.0,-285.0,12.0,-217.0,-370.0,-63.0,258.0,-462.0,371.88,146.82,-333.77,344.29,-157.86,-247.0,9.19,-228.23,-348.97,-53.45,203.12,-441.09
2025-08-13T12:36:28.238952,406.0,191.0,-320.0,318.0,-219.0,-330.0,26.0,-231.0,-426.0,-38.0,262.0,-452.0,396.88,161.82,-307.77,309.29,-220.86,-292.0,23.19,-242.23,-404.97,-28.45,207.12,-431.09
2025-08-13T12:36:28.243069,354.0,203.0,-326.0,346.0,-150.0,-354.0,19.0,-237.0,-408.0,-57.0,251.0,-470.0,344.88,173.82,-313.77,337.29,-151.86,-316.0,16.19,-248.23,-386.97,-47.45,196.12,-449.09
2025-08-13T12:36:28.249791,326.0,198.0,-297.0,356.0,-129.0,-372.0,15.0,-152.0,-408.0,-91.0,272.0,-457.0,316.88,168.82,-284.77,347.29,-130.86,-334.0,12.19,-163.23,-386.97,-81.45,217.12,-436.09
2025-08-13T12:36:28.254218,364.0,138.0,-295.0,354.0,-161.0,-342.0,-15.0,-273.0,-426.0,-66.0,235.0,-453.0,354.88,108.82,-282.77,345.29,-162.86,-304.0,-17.81,-284.23,-404.97,-56.45,180.12,-432.09
2025-08-13T12:36:28.262300,316.0,89.0,-247.0,349.0,-170.0,-369.0,16.0,-202.0,-466.0,0.0,272.0,-457.0,306.88,59.82,-234.77,340.29,-171.86,-331.0,13.19,-213.23,-444.97,9.55,217.12,-436.09
2025-08-13T12:36:28.266651,359.0,140.0,-310.0,378.0,-164.0,-352.0,-7.0,-121.0,-517.0,-132.0,288.0,-478.0,349.88,110.82,-297.77,369.29,-165.86,-314.0,-9.81,-132.23,-495.97,-122.45,233.12,-457.09
2025-08-13T12:36:28.274557,426.0,136.0,-310.0,434.0,-207.0,-292.0,-19.0,-189.0,-404.0,-44.0,345.0,-533.0,416.88,106.82,-297.77,425.29,-208.86,-254.0,-21.81,-200.23,-382.97,-34.45,290.12,-512.09
2025-08-13T12:36:28.283001,262.0,201.0,-339.0,380.0,-174.0,-341.0,-75.0,-199.0,-446.0,-53.0,252.0,-481.0,252.88,171.82,-326.77,371.29,-175.86,-303.0,-77.81,-210.23,-424.97,-43.45,197.12,-460.09
2025-08-13T12:36:28.291660,392.0,137.0,-256.0,302.0,-234.0,-342.0,44.0,-261.0,-477.0,-14.0,218.0,-436.0,382.88,107.82,-243.77,293.29,-235.86,-304.0,41.19,-272.23,-455.97,-4.449999999999999,163.12,-415.09
2025-08-13T12:36:28.302152,377.0,137.0,-328.0,360.0,-124.0,-332.0,-107.0,-217.0,-454.0,-34.0,293.0,-488.0,367.88,107.82,-315.77,351.29,-125.86,-294.0,-109.81,-228.23,-432.97,-24.45,238.12,-467.09
2025-08-13T12:36:28.310853,435.0,208.0,-336.0,368.0,-192.0,-269.0,-39.0,-158.0,-434.0,-106.0,269.0,-473.0,425.88,178.82,-323.77,359.29,-193.86,-231.0,-41.81,-169.23,-412.97,-96.45,214.12,-452.09
2025-08-13T12:36:28.317196,362.0,173.0,-310.0,349.0,-127.0,-294.0,21.0,-139.0,-423.0,-46.0,264.0,-490.0,352.88,143.82,-297.77,340.29,-128.86,-256.0,18.19,-150.23,-401.97,-36.45,209.12,-469.09
2025-08-13T12:36:28.320784,372.0,178.0,-354.0,346.0,-159.0,-258.0,3.0,-226.0,-391.0,-148.0,253.0,-452.0,362.88,148.82,-341.77,337.29,-160.86,-220.0,0.18999999999999995,-237.23,-369.97,-138.45,198.12,-431.09
2025-08-13T12:36:28.322752,406.0,119.0,-266.0,363.0,-139.0,-351.0,-23.0,-208.0,-441.0,-119.0,293.0,-486.0,396.88,89.82,-253.77,354.29,-140.86,-313.0,-25.81,-219.23,-419.97,-109.45,238.12,-465.09
2025-08-13T12:36:28.328373,357.0,192.0,-322.0,310.0,-198.0,-305.0,0.0,-205.0,-422.0,-83.0,271.0,-504.0,347.88,162.82,-309.77,301.29,-199.86,-267.0,-2.81,-216.23,-400.97,-73.45,216.12,-483.09
2025-08-13T12:36:28.335859,435.0,151.0,-284.0,319.0,-243.0,-391.0,-55.0,-241.0,-480.0,-81.0,254.0,-444.0,425.88,121.82,-271.77,310.29,-244.86,-353.0,-57.81,-252.23,-458.97,-71.45,199.12,-423.09
2025-08-13T12:36:28.340793,320.0,123.0,-325.0,352.0,-129.0,-345.0,-22.0,-212.0,-445.0,-104.0,292.0,-486.0,310.88,93.82,-312.77,343.29,-130.86,-307.0,-24.81,-223.23,-423.97,-94.45,237.12,-465.09
2025-08-13T12:36:28.348921,434.0,184.0,-345.0,349.0,-167.0,-289.0,12.0,-232.0,-391.0,-66.0,293.0,-492.0,424.88,154.82,-332.77,340.29,-168.86,-251.0,9.19,-243.23,-369.97,-56.45,238.12,-471.09
2025-08-13T12:36:28.353159,369.0,124.0,-289.0,391.0,-162.0,-350.0,-67.0,-166.0,-435.0,-26.0,254.0,-439.0,359.88,94.82,-276.77,382.29,-163.86,-312.0,-69.81,-177.23,-413.97,-16.45,199.12,-418.09
2025-08-13T12:36:28.361217,332.0,209.0,-310.0,375.0,-188.0,-367.0,32.0,-186.0,-394.0,-27.0,263.0,-472.0,322.88,179.82,-297.77,366.29,-189.86,-329.0,29.19,-197.23,-372.97,-17.45,208.12,-451.09
2025-08-13T12:36:28.368698,341.0,232.0,-286.0,345.0,-195.0,-257.0,-17.0,-220.0,-431.0,-63.0,270.0,-473.0,331.88,202.82,-273.77,336.29,-196.86,-219.0,-19.81,-231.23,-409.97,-53.45,215.12,-452.09
2025-08-13T12:36:28.373869,366.0,133.0,-299.0,315.0,-209.0,-340.0,26.0,-222.0,-454.0,-59.0,327.0,-508.0,356.88,103.82,-286.77,306.29,-210.86,-302.0,23.19,-233.23,-432.97,-49.45,272.12,-487.09
2025-08-13T12:36:28.381926,395.0,173.0,-302.0,363.0,-145.0,-273.0,-10.0,-221.0,-432.0,-51.0,242.0,-428.0,385.88,143.82,-289.77,354.29,-146.86,-235.0,-12.81,-232.23,-410.97,-41.45,187.12,-407.09
2025-08-13T12:36:28.389100,372.0,199.0,-290.0,369.0,-229.0,-258.0,8.0,-192.0,-417.0,-72.0,277.0,-427.0,362.88,169.82,-277.77,360.29,-230.86,-220.0,5.1899999999999995,-203.23,-395.97,-62.45,222.12,-406.09
2025-08-13T12:36:28.393557,364.0,199.0,-312.0,359.0,-129.0,-281.0,-32.0,-184.0,-399.0,-46.0,246.0,-509.0,354.88,169.82,-299.77,350.29,-130.86,-243.0,-34.81,-195.23,-377.97,-36.45,191.12,-488.09
2025-08-13T12:36:28.402046,328.0,162.0,-297.0,332.0,-200.0,-388.0,40.0,-201.0,-469.0,-76.0,226.0,-504.0,318.88,132.82,-284.77,323.29,-201.86,-350.0,37.19,-212.23,-447.97,-66.45,171.12,-483.09
2025-08-13T12:36:28.406916,374.0,174.0,-281.0,310.0,-97.0,-330.0,22.0,-175.0,-382.0,-150.0,278.0,-510.0,364.88,144.82,-268.77,301.29,-98.86,-292.0,19.19,-186.23,-360.97,-140.45,223.12,-489.09
2025-08-13T12:36:28.414666,365.0,155.0,-352.0,337.0,-145.0,-326.0,-52.0,-226.0,-465.0,-54.0,168.0,-496.0,355.88,125.82,-339.77,328.29,-146.86,-288.0,-54.81,-237.23,-443.97,-44.45,113.12,-475.09
2025-08-13T12:36:28.422215,304.0,152.0,-269.0,370.0,-162.0,-355.0,-49.0,-205.0,-406.0,-55.0,283.0,-461.0,294.88,122.82,-256.77,361.29,-163.86,-317.0,-51.81,-216.23,-384.97,-45.45,228.12,-440.09
2025-08-13T12:36:28.426763,413.0,149.0,-343.0,309.0,-188.0,-354.0,10.0,-202.0,-423.0,-71.0,280.0,-452.0,403.88,119.82,-330.77,300.29,-189.86,-316.0,7.1899999999999995,-213.23,-401.97,-61.45,225.12,-431.09
2025-08-13T12:36:28.434362,355.0,136.0,-251.0,349.0,-199.0,-281.0,38.0,-293.0,-458.0,-103.0,258.0,-507.0,345.88,106.82,-238.77,340.29,-200.86,-243.0,35.19,-304.23,-436.97,-93.45,203.12,-486.09
2025-08-13T12:36:28.442302,311.0,206.0,-348.0,385.0,-184.0,-227.0,-28.0,-250.0,-444.0,-33.0,295.0,-487.0,301.88,176.82,-335.77,376.29,-185.86,-189.0,-30.81,-261.23,-422.97,-23.45,240.12,-466.09
2025-08-13T12:36:28.446637,312.0,146.0,-335.0,316.0,-196.0,-302.0,-20.0,-202.0,-443.0,-70.0,335.0,-515.0,302.88,116.82,-322.77,307.29,-197.86,-264.0,-22.81,-213.23,-421.97,-60.45,280.12,-494.09
2025-08-13T12:36:28.455103,393.0,257.0,-322.0,316.0,-105.0,-327.0,-25.0,-211.0,-457.0,-23.0,265.0,-493.0,383.88,227.82,-309.77,307.29,-106.86,-289.0,-27.81,-222.23,-435.97,-13.45,210.12,-472.09
2025-08-13T12:36:28.459183,395.0,156.0,-248.0,336.0,-213.0,-329.0,23.0,-247.0,-450.0,-164.0,276.0,-472.0,385.88,126.82,-235.77,327.29,-214.86,-291.0,20.19,-258.23,-428.97,-154.45,221.12,-451.09
2025-08-13T12:36:28.467117,339.0,208.0,-345.0,300.0,-202.0,-379.0,-3.0,-157.0,-445.0,-41.0,287.0,-460.0,329.88,178.82,-332.77,291.29,-203.86,-341.0,-5.8100000000000005,-168.23,-423.97,-31.45,232.12,-439.09
2025-08-13T12:36:28.475087,352.0,119.0,-315.0,418.0,-208.0,-306.0,44.0,-212.0,-405.0,-76.0,295.0,-521.0,342.88,89.82,-302.77,409.29,-209.86,-268.0,41.19,-223.23,-383.97,-66.45,240.12,-500.09
2025-08-13T12:36:28.479489,367.0,142.0,-268.0,322.0,-82.0,-272.0,-37.0,-200.0,-446.0,-51.0,279.0,-462.0,357.88,112.82,-255.77,313.29,-83.86,-234.0,-39.81,-211.23,-424.97,-41.45,224.12,-441.09
2025-08-13T12:36:28.488222,337.0,196.0,-331.0,382.0,-91.0,-362.0,-16.0,-264.0,-536.0,-47.0,217.0,-497.0,327.88,166.82,-318.77,373.29,-92.86,-324.0,-18.81,-275.23,-514.97,-37.45,162.12,-476.09
2025-08-13T12:36:28.492757,425.0,167.0,-310.0,368.0,-152.0,-289.0,62.0,-226.0,-453.0,-108.0,326.0,-430.0,415.88,137.82,-297.77,359.29,-153.86,-251.0,59.19,-237.23,-431.97,-98.45,271.12,-409.09
2025-08-13T12:36:28.500506,363.0,225.0,-318.0,329.0,-165.0,-309.0,22.0,-322.0,-380.0,-14.0,282.0,-517.0,353.88,195.82,-305.77,320.29,-166.86,-271.0,19.19,-333.23,-358.97,-4.449999999999999,227.12,-496.09
2025-08-13T12:36:28.508160,357.0,186.0,-335.0,386.0,-102.0,-344.0,9.0,-222.0,-429.0,-99.0,300.0,-495.0,347.88,156.82,-322.77,377.29,-103.86,-306.0,6.1899999999999995,-233.23,-407.97,-89.45,245.12,-474.09
2025-08-13T12:36:28.512758,371.0,156.0,-401.0,317.0,-166.0,-290.0,5.0,-230.0,-480.0,-81.0,250.0,-450.0,361.88,126.82,-388.77,308.29,-167.86,-252.0,2.19,-241.23,-458.97,-71.45,195.12,-429.09
2025-08-13T12:36:28.521129,379.0,113.0,-298.0,334.0,-136.0,-306.0,-57.0,-207.0,-455.0,-51.0,271.0,-505.0,369.88,83.82,-285.77,325.29,-137.86,-268.0,-59.81,-218.23,-433.97,-41.45,216.12,-484.09
2025-08-13T12:36:28.528391,416.0,182.0,-372.0,382.0,-163.0,-279.0,-74.0,-177.0,-470.0,-60.0,195.0,-464.0,406.88,152.82,-359.77,373.29,-164.86,-241.0,-76.81,-188.23,-448.97,-50.45,140.12,-443.09
2025-08-13T12:36:28.533460,373.0,136.0,-307.0,328.0,-190.0,-344.0,56.0,-260.0,-420.0,-48.0,304.0,-476.0,363.88,106.82,-294.77,319.29,-191.86,-306.0,53.19,-271.23,-398.97,-38.45,249.12,-455.09
2025-08-13T12:36:28.541319,367.0,181.0,-319.0,374.0,-170.0,-355.0,-65.0,-205.0,-450.0,-98.0,251.0,-465.0,357.88,151.82,-306.77,365.29,-171.86,-317.0,-67.81,-216.23,-428.97,-88.45,196.12,-444.09
2025-08-13T12:36:28.545650,343.0,114.0,-311.0,316.0,-92.0,-264.0,30.0,-267.0,-437.0,-75.0,268.0,-501.0,333.88,84.82,-298.77,307.29,-93.86,-226.0,27.19,-278.23,-415.97,-65.45,213.12,-480.09
2025-08-13T12:36:28.554887,333.0,121.0,-327.0,415.0,-163.0,-289.0,-31.0,-144.0,-467.0,-71.0,223.0,-458.0,323.88,91.82,-314.77,406.29,-164.86,-251.0,-33.81,-155.23,-445.97,-61.45,168.12,-437.09
2025-08-13T12:36:28.561737,392.0,200.0,-326.0,427.0,-176.0,-296.0,-38.0,-217.0,-365.0,-103.0,285.0,-448.0,382.88,170.82,-313.77,418.29,-177.86,-258.0,-40.81,-228.23,-343.97,-93.45,230.12,-427.09
2025-08-13T12:36:28.567574,452.0,153.0,-310.0,347.0,-168.0,-334.0,12.0,-209.0,-450.0,-181.0,331.0,-492.0,442.88,123.82,-297.77,338.29,-169.86,-296.0,9.19,-220.23,-428.97,-171.45,276.12,-471.09
2025-08-13T12:36:28.574889,369.0,174.0,-309.0,355.0,-227.0,-333.0,36.0,-196.0,-443.0,-11.0,255.0,-459.0,359.88,144.82,-296.77,346.29,-228.86,-295.0,33.19,-207.23,-421.97,-1.4499999999999993,200.12,-438.09
2025-08-13T12:36:28.581634,377.0,213.0,-293.0,306.0,-175.0,-312.0,-54.0,-186.0,-407.0,-103.0,260.0,-483.0,367.88,183.82,-280.77,297.29,-176.86,-274.0,-56.81,-197.23,-385.97,-93.45,205.12,-462.09
2025-08-13T12:36:28.587793,375.0,141.0,-326.0,391.0,-176.0,-340.0,-1.0,-141.0,-390.0,-108.0,239.0,-451.0,365.88,111.82,-313.77,382.29,-177.86,-302.0,-3.81,-152.23,-368.97,-98.45,184.12,-430.09
2025-08-13T12:36:28.594727,374.0,165.0,-297.0,319.0,-150.0,-338.0,-60.0,-235.0,-490.0,-138.0,270.0,-500.0,364.88,135.82,-284.77,310.29,-151.86,-300.0,-62.81,-246.23,-468.97,-128.45,215.12,-479.09
2025-08-13T12:36:28.600099,426.0,147.0,-350.0,320.0,-160.0,-281.0,-32.0,-244.0,-462.0,-67.0,229.0,-518.0,416.88,117.82,-337.77,311.29,-161.86,-243.0,-34.81,-255.23,-440.97,-57.45,174.12,-497.09
2025-08-13T12:36:28.606444,385.0,148.0,-338.0,342.0,-160.0,-356.0,-62.0,-189.0,-439.0,-102.0,339.0,-513.0,375.88,118.82,-325.77,333.29,-161.86,-318.0,-64.81,-200.23,-417.97,-92.45,284.12,-492.09
2025-08-13T12:36:28.614609,322.0,133.0,-296.0,353.0,-188.0,-248.0,46.0,-259.0,-430.0,-106.0,266.0,-501.0,312.88,103.82,-283.77,344.29,-189.86,-210.0,43.19,-270.23,-408.97,-96.45,211.12,-480.09
2025-08-13T12:36:28.619474,393.0,156.0,-335.0,318.0,-202.0,-274.0,-20.0,-201.0,-484.0,-55.0,298.0,-499.0,383.88,126.82,-322.77,309.29,-203.86,-236.0,-22.81,-212.23,-462.97,-45.45,243.12,-478.09
2025-08-13T12:36:28.626928,331.0,168.0,-263.0,413.0,-102.0,-326.0,-3.0,-251.0,-474.0,-47.0,245.0,-497.0,321.88,138.82,-250.77,404.29,-103.86,-288.0,-5.8100000000000005,-262.23,-452.97,-37.45,190.12,-476.09
2025-08-13T12:36:28.635013,419.0,203.0,-347.0,403.0,-158.0,-313.0,-29.0,-158.0,-447.0,-100.0,311.0,-466.0,409.88,173.82,-334.77,394.29,-159.86,-275.0,-31.81,-169.23,-425.97,-90.45,256.12,-445.09
2025-08-13T12:36:28.639133,379.0,142.0,-312.0,400.0,-202.0,-265.0,50.0,-209.0,-397.0,-88.0,299.0,-482.0,369.88,112.82,-299.77,391.29,-203.86,-227.0,47.19,-220.23,-375.97,-78.45,244.12,-461.09
2025-08-13T12:36:28.647234,384.0,141.0,-372.0,327.0,-149.0,-261.0,-62.0,-188.0,-443.0,-114.0,229.0,-469.0,374.88,111.82,-359.77,318.29,-150.86,-223.0,-64.81,-199.23,-421.97,-104.45,174.12,-448.09
2025-08-13T12:36:28.651775,440.0,125.0,-289.0,298.0,-147.0,-241.0,39.0,-102.0,-414.0,-142.0,203.0,-446.0,430.88,95.82,-276.77,289.29,-148.86,-203.0,36.19,-113.23,-392.97,-132.45,148.12,-425.09
2025-08-13T12:36:28.659527,315.0,168.0,-283.0,309.0,-155.0,-231.0,20.0,-120.0,-360.0,-82.0,189.0,-454.0,305.88,138.82,-270.77,300.29,-156.86,-193.0,17.19,-131.23,-338.97,-72.45,134.12,-433.09
2025-08-13T12:36:28.667765,311.0,147.0,-207.0,354.0,-85.0,-250.0,25.0,-214.0,-349.0,-106.0,253.0,-368.0,301.88,117.82,-194.77,345.29,-86.86,-212.0,22.19,-225.23,-327.97,-96.45,198.12,-347.09
2025-08-13T12:36:28.671838,310.0,177.0,-306.0,275.0,-87.0,-233.0,-30.0,-105.0,-390.0,-86.0,169.0,-352.0,300.88,147.82,-293.77,266.29,-88.86,-195.0,-32.81,-116.23,-368.97,-76.45,114.12,-331.09
2025-08-13T12:36:28.680114,337.0,132.0,-220.0,282.0,-111.0,-244.0,-3.0,-178.0,-336.0,-55.0,241.0,-351.0,327.88,102.82,-207.77,273.29,-112.86,-206.0,-5.8100000000000005,-189.23,-314.97,-45.45,186.12,-330.09
2025-08-13T12:36:28.688041,268.0,87.0,-293.0,291.0,-131.0,-209.0,-27.0,-108.0,-285.0,-45.0,251.0,-334.0,258.88,57.82,-280.77,282.29,-132.86,-171.0,-29.81,-119.23,-263.97,-35.45,196.12,-313.09
2025-08-13T12:36:28.692908,314.0,118.0,-190.0,173.0,-110.0,-270.0,25.0,-184.0,-340.0,-129.0,188.0,-330.0,304.88,88.82,-177.77,164.29,-111.86,-232.0,22.19,-195.23,-318.97,-119.45,133.12,-309.09
2025-08-13T12:36:28.700853,215.0,168.0,-224.0,222.0,-106.0,-205.0,-67.0,-71.0,-267.0,-51.0,224.0,-394.0,205.88,138.82,-211.77,213.29,-107.86,-167.0,-69.81,-82.23,-245.97,-41.45,169.12,-373.09
2025-08-13T12:36:28.705222,210.0,37.0,-170.0,189.0,-124.0,-230.0,37.0,-129.0,-345.0,-32.0,151.0,-297.0,200.88,7.82,-157.77,180.29,-125.86,-192.0,34.19,-140.23,-323.97,-22.45,96.12,-276.09
2025-08-13T12:36:28.713128,256.0,106.0,-187.0,175.0,-34.0,-178.0,-7.0,-130.0,-273.0,3.0,121.0,-323.0,246.88,76.82,-174.77,166.29,-35.86,-140.0,-9.81,-141.23,-251.97,12.55,66.12,-302.09
2025-08-13T12:36:28.717969,271.0,70.0,-189.0,207.0,-70.0,-219.0,11.0,-97.0,-268.0,-6.0,148.0,-288.0,261.88,40.82,-176.77,198.29,-71.86,-181.0,8.19,-108.23,-246.97,3.5500000000000007,93.12,-267.09
2025-08-13T12:36:28.726595,145.0,9.0,-186.0,203.0,-70.0,-211.0,55.0,-61.0,-255.0,-39.0,142.0,-253.0,135.88,-20.18,-173.77,194.29,-71.86,-173.0,52.19,-72.23,-233.97,-29.45,87.12,-232.09
2025-08-13T12:36:28.733501,199.0,93.0,-188.0,134.0,-8.0,-119.0,-24.0,-123.0,-253.0,12.0,206.0,-261.0,189.88,63.82,-175.77,125.28999999999999,-9.86,-81.0,-26.81,-134.23,-231.97,21.55,151.12,-240.09
2025-08-13T12:36:28.738988,224.0,11.0,-199.0,165.0,-66.0,-155.0,-42.0,-94.0,-234.0,-66.0,107.0,-267.0,214.88,-18.18,-186.77,156.29,-67.86,-117.0,-44.81,-105.23,-212.97,-56.45,52.12,-246.09
2025-08-13T12:36:28.746286,171.0,6.0,-123.0,157.0,-68.0,-159.0,-34.0,-46.0,-231.0,-20.0,99.0,-242.0,161.88,-23.18,-110.77,148.29,-69.86,-121.0,-36.81,-57.230000000000004,-209.97,-10.45,44.12,-221.09
2025-08-13T12:36:28.751803,151.0,-40.0,-125.0,146.0,-26.0,-140.0,-85.0,-88.0,-182.0,-42.0,122.0,-242.0,141.88,-69.18,-112.77,137.29,-27.86,-102.0,-87.81,-99.23,-160.97,-32.45,67.12,-221.09
2025-08-13T12:36:28.759337,145.0,19.0,-150.0,129.0,-65.0,-188.0,-59.0,-118.0,-239.0,-68.0,86.0,-235.0,135.88,-10.18,-137.77,120.28999999999999,-66.86,-150.0,-61.81,-129.23,-217.97,-58.45,31.119999999999997,-214.09
2025-08-13T12:36:28.766100,147.0,106.0,-179.0,112.0,-53.0,-142.0,-20.0,-99.0,-222.0,-100.0,130.0,-203.0,137.88,76.82,-166.77,103.28999999999999,-54.86,-104.0,-22.81,-110.23,-200.97,-90.45,75.12,-182.09
2025-08-13T12:36:28.772039,213.0,22.0,-60.0,133.0,-37.0,-153.0,-17.0,-60.0,-177.0,-66.0,53.0,-214.0,203.88,-7.18,-47.769999999999996,124.28999999999999,-38.86,-115.0,-19.81,-71.23,-155.97,-56.45,-1.8800000000000026,-193.09
2025-08-13T12:36:28.778598,22.0,112.0,-144.0,83.0,-26.0,-147.0,-8.0,-42.0,-206.0,-81.0,148.0,-108.0,12.88,82.82,-131.77,74.28999999999999,-27.86,-109.0,-10.81,-53.230000000000004,-184.97,-71.45,93.12,-87.09
2025-08-13T12:36:28.783689,83.0,114.0,-223.0,47.0,-90.0,-192.0,-104.0,-50.0,-134.0,-55.0,95.0,-170.0,73.88,84.82,-210.77,38.29,-91.86,-154.0,-106.81,-61.230000000000004,-112.97,-45.45,40.12,-149.09
2025-08-13T12:36:28.791185,43.0,-18.0,-114.0,99.0,-20.0,-185.0,-33.0,-25.0,-119.0,-33.0,81.0,-243.0,33.88,-47.18,-101.77,90.28999999999999,-21.86,-147.0,-35.81,-36.230000000000004,-97.97,-23.45,26.119999999999997,-222.09
2025-08-13T12:36:28.796334,70.0,0.0,-64.0,98.0,-16.0,-169.0,-55.0,-24.0,-89.0,-73.0,148.0,-196.0,60.88,-29.18,-51.769999999999996,89.28999999999999,-17.86,-131.0,-57.81,-35.230000000000004,-67.97,-63.45,93.12,-175.09
2025-08-13T12:36:28.803529,112.0,-57.0,-99.0,69.0,-63.0,-184.0,-75.0,37.0,-76.0,-57.0,37.0,-129.0,102.88,-86.18,-86.77,60.29,-64.86,-146.0,-77.81,25.77,-54.97,-47.45,-17.880000000000003,-108.09
2025-08-13T12:36:28.808416,46.0,84.0,-124.0,124.0,-19.0,-126.0,-43.0,-57.0,-150.0,-69.0,35.0,-165.0,36.88,54.82,-111.77,115.28999999999999,-20.86,-88.0,-45.81,-68.23,-128.97,-59.45,-19.880000000000003,-144.09
2025-08-13T12:36:28.816084,76.0,103.0,-138.0,2.0,-37.0,-198.0,-83.0,-26.0,-125.0,-67.0,48.0,-146.0,66.88,73.82,-125.77,-6.710000000000001,-38.86,-160.0,-85.81,-37.230000000000004,-103.97,-57.45,-6.880000000000003,-125.09
2025-08-13T12:36:28.820843,112.0,71.0,-141.0,12.0,16.0,-139.0,-17.0,-36.0,-181.0,-6.0,116.0,-153.0,102.88,41.82,-128.77,3.289999999999999,14.14,-101.0,-19.81,-47.230000000000004,-159.97,3.5500000000000007,61.12,-132.09
2025-08-13T12:36:28.828213,58.0,7.0,-127.0,32.0,-94.0,-204.0,-30.0,8.0,-128.0,-48.0,110.0,-106.0,48.88,-22.18,-114.77,23.29,-95.86,-166.0,-32.81,-3.2300000000000004,-106.97,-38.45,55.12,-85.09
2025-08-13T12:36:28.835480,24.0,36.0,-70.0,17.0,-73.0,-154.0,-27.0,-70.0,-65.0,-44.0,98.0,-125.0,14.88,6.82,-57.769999999999996,8.29,-74.86,-116.0,-29.81,-81.23,-43.97,-34.45,43.12,-104.09
2025-08-13T12:36:28.841048,20.0,68.0,-147.0,41.0,54.0,-165.0,-2.0,-29.0,-115.0,-58.0,40.0,-109.0,10.88,38.82,-134.77,32.29,52.14,-127.0,-4.8100000000000005,-40.230000000000004,-93.97,-48.45,-14.880000000000003,-88.09
2025-08-13T12:36:28.848002,62.0,114.0,-110.0,-22.0,-16.0,-141.0,0.0,-19.0,-150.0,-64.0,50.0,-160.0,52.88,84.82,-97.77,-30.71,-17.86,-103.0,-2.81,-30.23,-128.97,-54.45,-4.880000000000003,-139.09
2025-08-13T12:36:28.853857,105.0,86.0,-187.0,110.0,-49.0,-131.0,-11.0,-14.0,-135.0,-6.0,128.0,-116.0,95.88,56.82,-174.77,101.28999999999999,-50.86,-93.0,-13.81,-25.23,-113.97,3.5500000000000007,73.12,-95.09
2025-08-13T12:36:28.860734,93.0,-15.0,-164.0,33.0,5.0,-147.0,-34.0,-35.0,-123.0,-26.0,117.0,-97.0,83.88,-44.18,-151.77,24.29,3.1399999999999997,-109.0,-36.81,-46.230000000000004,-101.97,-16.45,62.12,-76.09
2025-08-13T12:36:28.866020,48.0,4.0,-72.0,-2.0,-31.0,-128.0,-31.0,-76.0,-98.0,-42.0,6.0,-126.0,38.88,-25.18,-59.769999999999996,-10.71,-32.86,-90.0,-33.81,-87.23,-76.97,-32.45,-48.88,-105.09
2025-08-13T12:36:28.872877,53.0,27.0,-197.0,22.0,31.0,-124.0,-45.0,8.0,-129.0,-84.0,85.0,-179.0,43.88,-2.1799999999999997,-184.77,13.29,29.14,-86.0,-47.81,-3.2300000000000004,-107.97,-74.45,30.119999999999997,-158.09
2025-08-13T12:36:28.878546,9.0,85.0,-145.0,60.0,-29.0,-164.0,-16.0,28.0,-123.0,-118.0,59.0,-174.0,-0.11999999999999922,55.82,-132.77,51.29,-30.86,-126.0,-18.81,16.77,-101.97,-108.45,4.119999999999997,-153.09
2025-08-13T12:36:28.885627,36.0,82.0,-137.0,25.0,-23.0,-167.0,-21.0,-21.0,-158.0,-107.0,102.0,-154.0,26.880000000000003,52.82,-124.77,16.29,-24.86,-129.0,-23.81,-32.230000000000004,-136.97,-97.45,47.12,-133.09
2025-08-13T12:36:28.891213,117.0,16.0,-104.0,80.0,6.0,-165.0,-31.0,34.0,-100.0,-56.0,86.0,-125.0,107.88,-13.18,-91.77,71.28999999999999,4.14,-127.0,-33.81,22.77,-78.97,-46.45,31.119999999999997,-104.09
2025-08-13T12:36:28.897970,27.0,39.0,-128.0,25.0,-32.0,-129.0,-90.0,-32.0,-72.0,-34.0,69.0,-124.0,17.880000000000003,9.82,-115.77,16.29,-33.86,-91.0,-92.81,-43.230000000000004,-50.97,-24.45,14.119999999999997,-103.09
2025-08-13T12:36:28.903010,51.0,55.0,-84.0,42.0,-9.0,-139.0,-56.0,14.0,-145.0,-15.0,87.0,-130.0,41.88,25.82,-71.77,33.29,-10.86,-101.0,-58.81,2.7699999999999996,-123.97,-5.449999999999999,32.12,-109.09
2025-08-13T12:36:28.909669,62.0,67.0,-102.0,8.0,-47.0,-162.0,-60.0,-15.0,-110.0,-107.0,144.0,-121.0,52.88,37.82,-89.77,-0.7100000000000009,-48.86,-124.0,-62.81,-26.23,-88.97,-97.45,89.12,-100.09
2025-08-13T12:36:28.917451,73.0,37.0,-106.0,62.0,-39.0,-168.0,12.0,-11.0,-123.0,-40.0,73.0,-148.0,63.88,7.82,-93.77,53.29,-40.86,-130.0,9.19,-22.23,-101.97,-30.45,18.119999999999997,-127.09
2025-08-13T12:36:28.921613,16.0,-24.0,-79.0,39.0,-75.0,-175.0,50.0,-77.0,-116.0,-63.0,60.0,-57.0,6.880000000000001,-53.18,-66.77,30.29,-76.86,-137.0,47.19,-88.23,-94.97,-53.45,5.119999999999997,-36.09
2025-08-13T12:36:28.929760,15.0,34.0,-85.0,62.0,-23.0,-141.0,-20.0,-32.0,-134.0,-24.0,100.0,-137.0,5.880000000000001,4.82,-72.77,53.29,-24.86,-103.0,-22.81,-43.230000000000004,-112.97,-14.45,45.12,-116.09
2025-08-13T12:36:28.933897,-1.0,53.0,-122.0,44.0,9.0,-112.0,-38.0,-6.0,-133.0,-37.0,34.0,-164.0,-10.12,23.82,-109.77,35.29,7.14,-74.0,-40.81,-17.23,-111.97,-27.45,-20.880000000000003,-143.09
2025-08-13T12:36:28.942074,4.0,86.0,-142.0,16.0,-61.0,-168.0,-67.0,-48.0,-147.0,-49.0,144.0,-146.0,-5.119999999999999,56.82,-129.77,7.289999999999999,-62.86,-130.0,-69.81,-59.230000000000004,-125.97,-39.45,89.12,-125.09
2025-08-13T12:36:28.946219,88.0,81.0,-165.0,44.0,-50.0,-138.0,-33.0,-69.0,-90.0,-28.0,90.0,-172.0,78.88,51.82,-152.77,35.29,-51.86,-100.0,-35.81,-80.23,-68.97,-18.45,35.12,-151.09
2025-08-13T12:36:28.954499,34.0,59.0,-146.0,14.0,-33.0,-199.0,-31.0,-35.0,-172.0,-65.0,-1.0,-187.0,24.880000000000003,29.82,-133.77,5.289999999999999,-34.86,-161.0,-33.81,-46.230000000000004,-150.97,-55.45,-55.88,-166.09
2025-08-13T12:36:28.958857,70.0,13.0,-39.0,35.0,-1.0,-151.0,-37.0,-35.0,-159.0,-86.0,45.0,-137.0,60.88,-16.18,-26.77,26.29,-2.8600000000000003,-113.0,-39.81,-46.230000000000004,-137.97,-76.45,-9.880000000000003,-116.09
2025-08-13T12:36:28.966742,20.0,70.0,-127.0,24.0,-44.0,-119.0,-13.0,-31.0,-82.0,-96.0,69.0,-151.0,10.88,40.82,-114.77,15.29,-45.86,-81.0,-15.81,-42.230000000000004,-60.97,-86.45,14.119999999999997,-130.09
2025-08-13T12:36:28.971532,1.0,61.0,-113.0,33.0,-96.0,-178.0,25.0,9.0,-75.0,-54.0,116.0,-164.0,-8.12,31.82,-100.77,24.29,-97.86,-140.0,22.19,-2.2300000000000004,-53.97,-44.45,61.12,-143.09
2025-08-13T12:36:28.979382,-122.0,75.0,-164.0,79.0,3.0,-172.0,25.0,-15.0,-135.0,-10.0,68.0,-143.0,-131.12,45.82,-151.77,70.28999999999999,1.14,-134.0,22.19,-26.23,-113.97,-0.4499999999999993,13.119999999999997,-122.09
2025-08-13T12:36:28.984814,34.0,83.0,-152.0,52.0,-64.0,-169.0,-26.0,-45.0,-107.0,-45.0,62.0,-161.0,24.880000000000003,53.82,-139.77,43.29,-65.86,-131.0,-28.81,-56.230000000000004,-85.97,-35.45,7.119999999999997,-140.09
2025-08-13T12:36:28.991980,55.0,15.0,-176.0,-30.0,19.0,-107.0,-47.0,-34.0,-102.0,-48.0,100.0,-155.0,45.88,-14.18,-163.77,-38.71,17.14,-69.0,-49.81,-45.230000000000004,-80.97,-38.45,45.12,-134.09
2025-08-13T12:36:28.995995,70.0,3.0,-78.0,88.0,-2.0,-204.0,-45.0,-52.0,-122.0,9.0,105.0,-168.0,60.88,-26.18,-65.77,79.28999999999999,-3.8600000000000003,-166.0,-47.81,-63.230000000000004,-100.97,18.55,50.12,-147.09
2025-08-13T12:36:29.003689,32.0,-6.0,-104.0,56.0,25.0,-181.0,10.0,-59.0,-120.0,-89.0,70.0,-109.0,22.880000000000003,-35.18,-91.77,47.29,23.14,-143.0,7.1899999999999995,-70.23,-98.97,-79.45,15.119999999999997,-88.09
2025-08-13T12:36:29.011740,9.0,152.0,-159.0,5.0,5.0,-149.0,-61.0,-12.0,-103.0,-29.0,54.0,-184.0,-0.11999999999999922,122.82,-146.77,-3.710000000000001,3.1399999999999997,-111.0,-63.81,-23.23,-81.97,-19.45,-0.8800000000000026,-163.09
2025-08-13T12:36:29.015966,80.0,126.0,-119.0,17.0,-69.0,-172.0,-16.0,-8.0,-54.0,1.0,80.0,-139.0,70.88,96.82,-106.77,8.29,-70.86,-134.0,-18.81,-19.23,-32.97,10.55,25.119999999999997,-118.09
2025-08-13T12:36:29.024159,52.0,57.0,-144.0,34.0,-19.0,-160.0,-46.0,-13.0,-87.0,-42.0,44.0,-201.0,42.88,27.82,-131.77,25.29,-20.86,-122.0,-48.81,-24.23,-65.97,-32.45,-10.880000000000003,-180.09
2025-08-13T12:36:29.028470,24.0,104.0,-165.0,14.0,-38.0,-99.0,-37.0,-34.0,-133.0,-53.0,41.0,-110.0,14.88,74.82,-152.77,5.289999999999999,-39.86,-61.0,-39.81,-45.230000000000004,-111.97,-43.45,-13.880000000000003,-89.09
2025-08-13T12:36:29.036476,106.0,33.0,-96.0,40.0,-84.0,-169.0,30.0,19.0,-123.0,2.0,61.0,-138.0,96.88,3.8200000000000003,-83.77,31.29,-85.86,-131.0,27.19,7.77,-101.97,11.55,6.119999999999997,-117.09
2025-08-13T12:36:29.041418,13.0,83.0,-117.0,95.0,15.0,-217.0,-38.0,-26.0,-130.0,-70.0,70.0,-116.0,3.880000000000001,53.82,-104.77,86.28999999999999,13.14,-179.0,-40.81,-37.230000000000004,-108.97,-60.45,15.119999999999997,-95.09
2025-08-13T12:36:29.049587,7.0,-3.0,-100.0,45.0,-54.0,-151.0,-71.0,-115.0,-109.0,-50.0,78.0,-158.0,-2.119999999999999,-32.18,-87.77,36.29,-55.86,-113.0,-73.81,-126.23,-87.97,-40.45,23.119999999999997,-137.09
2025-08-13T12:36:29.053219,65.0,110.0,-95.0,87.0,-4.0,-153.0,-54.0,-76.0,-84.0,-33.0,34.0,-185.0,55.88,80.82,-82.77,78.28999999999999,-5.86,-115.0,-56.81,-87.23,-62.97,-23.45,-20.880000000000003,-164.09
2025-08-13T12:36:29.061459,47.0,36.0,-115.0,-13.0,-45.0,-155.0,-31.0,-48.0,-86.0,-114.0,92.0,-129.0,37.88,6.82,-102.77,-21.71,-46.86,-117.0,-33.81,-59.230000000000004,-64.97,-104.45,37.12,-108.09
2025-08-13T12:36:29.065394,88.0,61.0,-102.0,3.0,-113.0,-118.0,-54.0,-80.0,-150.0,-80.0,67.0,-152.0,78.88,31.82,-89.77,-5.710000000000001,-114.86,-80.0,-56.81,-91.23,-128.97,-70.45,12.119999999999997,-131.09
2025-08-13T12:36:29.073761,68.0,-21.0,-142.0,41.0,-87.0,-166.0,-11.0,-2.0,-115.0,-9.0,66.0,-175.0,58.88,-50.18,-129.77,32.29,-88.86,-128.0,-13.81,-13.23,-93.97,0.5500000000000007,11.119999999999997,-154.09
2025-08-13T12:36:29.078694,-44.0,-26.0,-111.0,28.0,-46.0,-176.0,12.0,6.0,-180.0,-7.0,54.0,-199.0,-53.12,-55.18,-98.77,19.29,-47.86,-138.0,9.19,-5.23,-158.97,2.5500000000000007,-0.8800000000000026,-178.09
2025-08-13T12:36:29.086419,35.0,54.0,-56.0,31.0,-30.0,-191.0,18.0,-19.0,-107.0,-3.0,82.0,-127.0,25.880000000000003,24.82,-43.769999999999996,22.29,-31.86,-153.0,15.19,-30.23,-85.97,6.550000000000001,27.119999999999997,-106.09
2025-08-13T12:36:29.093630,52.0,79.0,-139.0,23.0,26.0,-114.0,-10.0,-71.0,-133.0,-53.0,45.0,-148.0,42.88,49.82,-126.77,14.29,24.14,-76.0,-12.81,-82.23,-111.97,-43.45,-9.880000000000003,-127.09
2025-08-13T12:36:29.098165,131.0,85.0,-147.0,18.0,-70.0,-164.0,-66.0,-11.0,-88.0,20.0,107.0,-75.0,121.88,55.82,-134.77,9.29,-71.86,-126.0,-68.81,-22.23,-66.97,29.55,52.12,-54.09
2025-08-13T12:36:29.106367,42.0,35.0,-166.0,-30.0,19.0,-142.0,-38.0,-43.0,-83.0,-87.0,99.0,-175.0,32.88,5.82,-153.77,-38.71,17.14,-104.0,-40.81,-54.230000000000004,-61.97,-77.45,44.12,-154.09
2025-08-13T12:36:29.111782,111.0,13.0,-142.0,42.0,11.0,-111.0,-40.0,-16.0,-172.0,-93.0,66.0,-167.0,101.88,-16.18,-129.77,33.29,9.14,-73.0,-42.81,-27.23,-150.97,-83.45,11.119999999999997,-146.09
2025-08-13T12:36:29.118465,-33.0,59.0,-111.0,-30.0,12.0,-185.0,-39.0,-6.0,-119.0,3.0,-15.0,-103.0,-42.12,29.82,-98.77,-38.71,10.14,-147.0,-41.81,-17.23,-97.97,12.55,-69.88,-82.09
2025-08-13T12:36:29.123216,-61.0,73.0,-90.0,5.0,-63.0,-142.0,-43.0,-5.0,-106.0,-67.0,55.0,-116.0,-70.12,43.82,-77.77,-3.710000000000001,-64.86,-104.0,-45.81,-16.23,-84.97,-57.45,0.11999999999999744,-95.09
2025-08-13T12:36:29.130981,54.0,60.0,-219.0,65.0,-49.0,-229.0,-76.0,37.0,-88.0,-33.0,100.0,-114.0,44.88,30.82,-206.77,56.29,-50.86,-191.0,-78.81,25.77,-66.97,-23.45,45.12,-93.09
2025-08-13T12:36:29.135379,43.0,14.0,-131.0,-9.0,-27.0,-151.0,-68.0,-35.0,-199.0,14.0,154.0,-159.0,33.88,-15.18,-118.77,-17.71,-28.86,-113.0,-70.81,-46.230000000000004,-177.97,23.55,99.12,-138.09
2025-08-13T12:36:29.143325,40.0,37.0,-138.0,-24.0,-24.0,-120.0,26.0,-4.0,-203.0,-64.0,75.0,-109.0,30.880000000000003,7.82,-125.77,-32.71,-25.86,-82.0,23.19,-15.23,-181.97,-54.45,20.119999999999997,-88.09
2025-08-13T12:36:29.147538,-17.0,106.0,-44.0,127.0,3.0,-108.0,33.0,-47.0,-183.0,-43.0,48.0,-185.0,-26.119999999999997,76.82,-31.77,118.28999999999999,1.14,-70.0,30.19,-58.230000000000004,-161.97,-33.45,-6.880000000000003,-164.09
2025-08-13T12:36:29.156185,5.0,134.0,-141.0,19.0,-28.0,-98.0,31.0,-59.0,-85.0,27.0,41.0,-193.0,-4.119999999999999,104.82,-128.77,10.29,-29.86,-60.0,28.19,-70.23,-63.97,36.55,-13.880000000000003,-172.09
2025-08-13T12:36:29.160234,-35.0,80.0,-129.0,50.0,46.0,-158.0,-37.0,-35.0,-126.0,-56.0,92.0,-167.0,-44.12,50.82,-116.77,41.29,44.14,-120.0,-39.81,-46.230000000000004,-104.97,-46.45,37.12,-146.09
2025-08-13T12:36:29.169128,136.0,-11.0,-149.0,43.0,47.0,-136.0,-24.0,-25.0,-89.0,-82.0,67.0,-140.0,126.88,-40.18,-136.77,34.29,45.14,-98.0,-26.81,-36.230000000000004,-67.97,-72.45,12.119999999999997,-119.09
2025-08-13T12:36:29.175767,17.0,59.0,-119.0,129.0,-28.0,-130.0,-29.0,-21.0,-143.0,-54.0,97.0,-125.0,7.880000000000001,29.82,-106.77,120.28999999999999,-29.86,-92.0,-31.81,-32.230000000000004,-121.97,-44.45,42.12,-104.09
2025-08-13T12:36:29.181401,2.0,32.0,-164.0,28.0,-31.0,-143.0,-38.0,-6.0,-81.0,12.0,43.0,-198.0,-7.119999999999999,2.8200000000000003,-151.77,19.29,-32.86,-105.0,-40.81,-17.23,-59.97,21.55,-11.880000000000003,-177.09
2025-08-13T12:36:29.188244,48.0,100.0,-151.0,10.0,-36.0,-153.0,-51.0,2.0,-115.0,-48.0,69.0,-167.0,38.88,70.82,-138.77,1.2899999999999991,-37.86,-115.0,-53.81,-9.23,-93.97,-38.45,14.119999999999997,-146.09
2025-08-13T12:36:29.193939,21.0,58.0,-91.0,62.0,-4.0,-162.0,26.0,-19.0,-171.0,-126.0,51.0,-152.0,11.88,28.82,-78.77,53.29,-5.86,-124.0,23.19,-30.23,-149.97,-116.45,-3.8800000000000026,-131.09
2025-08-13T12:36:29.200213,75.0,53.0,-171.0,20.0,-7.0,-120.0,-29.0,28.0,-104.0,-66.0,177.0,-144.0,65.88,23.82,-158.77,11.29,-8.86,-82.0,-31.81,16.77,-82.97,-56.45,122.12,-123.09
2025-08-13T12:36:29.204928,102.0,19.0,-99.0,61.0,-23.0,-163.0,-59.0,20.0,-128.0,-56.0,88.0,-213.0,92.88,-10.18,-86.77,52.29,-24.86,-125.0,-61.81,8.77,-106.97,-46.45,33.12,-192.09
2025-08-13T12:36:29.213261,72.0,-56.0,-111.0,19.0,26.0,-166.0,12.0,20.0,-166.0,-52.0,47.0,-191.0,62.88,-85.18,-98.77,10.29,24.14,-128.0,9.19,8.77,-144.97,-42.45,-7.880000000000003,-170.09
2025-08-13T12:36:29.218682,82.0,44.0,-34.0,25.0,-21.0,-217.0,-32.0,-12.0,-140.0,-62.0,126.0,-132.0,72.88,14.82,-21.77,16.29,-22.86,-179.0,-34.81,-23.23,-118.97,-52.45,71.12,-111.09
2025-08-13T12:36:29.225109,1.0,22.0,-91.0,4.0,-18.0,-202.0,-32.0,-41.0,-119.0,-17.0,52.0,-95.0,-8.12,-7.18,-78.77,-4.710000000000001,-19.86,-164.0,-34.81,-52.230000000000004,-97.97,-7.449999999999999,-2.8800000000000026,-74.09
2025-08-13T12:36:29.229636,-26.0,156.0,-139.0,36.0,-65.0,-187.0,-105.0,-46.0,-155.0,-16.0,66.0,-139.0,-35.12,126.82,-126.77,27.29,-66.86,-149.0,-107.81,-57.230000000000004,-133.97,-6.449999999999999,11.119999999999997,-118.09
2025-08-13T12:36:29.238813,3.0,102.0,-162.0,4.0,-68.0,-207.0,-18.0,31.0,-109.0,-56.0,115.0,-133.0,-6.119999999999999,72.82,-149.77,-4.710000000000001,-69.86,-169.0,-20.81,19.77,-87.97,-46.45,60.12,-112.09
2025-08-13T12:36:29.245649,79.0,-3.0,-123.0,20.0,-11.0,-129.0,-50.0,-30.0,-96.0,-18.0,87.0,-213.0,69.88,-32.18,-110.77,11.29,-12.86,-91.0,-52.81,-41.230000000000004,-74.97,-8.45,32.12,-192.09
2025-08-13T12:36:29.253722,30.0,-12.0,-122.0,38.0,-101.0,-112.0,-5.0,-13.0,-145.0,-63.0,8.0,-158.0,20.880000000000003,-41.18,-109.77,29.29,-102.86,-74.0,-7.8100000000000005,-24.23,-123.97,-53.45,-46.88,-137.09
2025-08-13T12:36:29.260321,-2.0,55.0,-61.0,-17.0,-39.0,-129.0,-31.0,-26.0,-86.0,39.0,38.0,-188.0,-11.12,25.82,-48.769999999999996,-25.71,-40.86,-91.0,-33.81,-37.230000000000004,-64.97,48.55,-16.880000000000003,-167.09
2025-08-13T12:36:29.265188,31.0,38.0,-126.0,56.0,-23.0,-131.0,-10.0,-32.0,-74.0,-135.0,137.0,-131.0,21.880000000000003,8.82,-113.77,47.29,-24.86,-93.0,-12.81,-43.230000000000004,-52.97,-125.45,82.12,-110.09
2025-08-13T12:36:29.270168,11.0,122.0,-137.0,19.0,-60.0,-142.0,-16.0,22.0,-177.0,-33.0,134.0,-147.0,1.8800000000000008,92.82,-124.77,10.29,-61.86,-104.0,-18.81,10.77,-155.97,-23.45,79.12,-126.09
2025-08-13T12:36:29.274374,57.0,0.0,-110.0,0.0,-34.0,-135.0,-8.0,-14.0,-134.0,-32.0,40.0,-160.0,47.88,-29.18,-97.77,-8.71,-35.86,-97.0,-10.81,-25.23,-112.97,-22.45,-14.880000000000003,-139.09
2025-08-13T12:36:29.282189,55.0,83.0,-107.0,104.0,10.0,-135.0,-96.0,-16.0,-129.0,-80.0,21.0,-105.0,45.88,53.82,-94.77,95.28999999999999,8.14,-97.0,-98.81,-27.23,-107.97,-70.45,-33.88,-84.09
2025-08-13T12:36:29.287424,-2.0,11.0,-82.0,50.0,-15.0,-181.0,-56.0,-1.0,-116.0,16.0,51.0,-172.0,-11.12,-18.18,-69.77,41.29,-16.86,-143.0,-58.81,-12.23,-94.97,25.55,-3.8800000000000026,-151.09
2025-08-13T12:36:29.294324,-20.0,130.0,-171.0,50.0,-20.0,-160.0,-36.0,-43.0,-76.0,-85.0,99.0,-182.0,-29.119999999999997,100.82,-158.77,41.29,-21.86,-122.0,-38.81,-54.230000000000004,-54.97,-75.45,44.12,-161.09
2025-08-13T12:36:29.299054,86.0,100.0,-121.0,74.0,-10.0,-141.0,-33.0,-68.0,-129.0,-62.0,58.0,-162.0,76.88,70.82,-108.77,65.28999999999999,-11.86,-103.0,-35.81,-79.23,-107.97,-52.45,3.1199999999999974,-141.09
2025-08-13T12:36:29.306550,85.0,22.0,-78.0,88.0,-33.0,-161.0,-3.0,-43.0,-133.0,-34.0,53.0,-178.0,75.88,-7.18,-65.77,79.28999999999999,-34.86,-123.0,-5.8100000000000005,-54.230000000000004,-111.97,-24.45,-1.8800000000000026,-157.09
2025-08-13T12:36:29.311406,27.0,64.0,-82.0,46.0,-47.0,-165.0,-51.0,-40.0,-106.0,0.0,159.0,-146.0,17.880000000000003,34.82,-69.77,37.29,-48.86,-127.0,-53.81,-51.230000000000004,-84.97,9.55,104.12,-125.09
2025-08-13T12:36:29.319051,70.0,83.0,-116.0,55.0,-58.0,-156.0,-56.0,11.0,-85.0,-10.0,137.0,-160.0,60.88,53.82,-103.77,46.29,-59.86,-118.0,-58.81,-0.23000000000000043,-63.97,-0.4499999999999993,82.12,-139.09
2025-08-13T12:36:29.326978,-1.0,64.0,-184.0,32.0,-42.0,-209.0,-40.0,5.0,-177.0,-114.0,56.0,-129.0,-10.12,34.82,-171.77,23.29,-43.86,-171.0,-42.81,-6.23,-155.97,-104.45,1.1199999999999974,-108.09
2025-08-13T12:36:29.331194,43.0,130.0,-176.0,28.0,-4.0,-212.0,31.0,-26.0,-174.0,-45.0,92.0,-104.0,33.88,100.82,-163.77,19.29,-5.86,-174.0,28.19,-37.230000000000004,-152.97,-35.45,37.12,-83.09
2025-08-13T12:36:29.339251,18.0,82.0,-147.0,-7.0,-67.0,-115.0,-4.0,-19.0,-78.0,-5.0,82.0,-201.0,8.88,52.82,-134.77,-15.71,-68.86,-77.0,-6.8100000000000005,-30.23,-56.97,4.550000000000001,27.119999999999997,-180.09
2025-08-13T12:36:29.343999,130.0,87.0,-104.0,59.0,-25.0,-150.0,9.0,-9.0,-147.0,-55.0,-2.0,-101.0,120.88,57.82,-91.77,50.29,-26.86,-112.0,6.1899999999999995,-20.23,-125.97,-45.45,-56.88,-80.09
2025-08-13T12:36:29.351611,80.0,113.0,-110.0,36.0,-21.0,-117.0,-26.0,-97.0,-129.0,-78.0,90.0,-167.0,70.88,83.82,-97.77,27.29,-22.86,-79.0,-28.81,-108.23,-107.97,-68.45,35.12,-146.09
2025-08-13T12:36:29.356604,-1.0,31.0,-98.0,7.0,-90.0,-167.0,-18.0,-8.0,-147.0,-41.0,64.0,-143.0,-10.12,1.8200000000000003,-85.77,-1.7100000000000009,-91.86,-129.0,-20.81,-19.23,-125.97,-31.45,9.119999999999997,-122.09
2025-08-13T12:36:29.364476,74.0,90.0,-176.0,117.0,-12.0,-146.0,-34.0,-20.0,-147.0,-28.0,92.0,-145.0,64.88,60.82,-163.77,108.28999999999999,-13.86,-108.0,-36.81,-31.23,-125.97,-18.45,37.12,-124.09
2025-08-13T12:36:29.369229,85.0,89.0,-104.0,76.0,-55.0,-144.0,-20.0,-63.0,-105.0,-93.0,-31.0,-93.0,75.88,59.82,-91.77,67.28999999999999,-56.86,-106.0,-22.81,-74.23,-83.97,-83.45,-85.88,-72.09
2025-08-13T12:36:29.376757,0.0,48.0,-128.0,31.0,-33.0,-131.0,-5.0,-14.0,-150.0,-3.0,45.0,-134.0,-9.12,18.82,-115.77,22.29,-34.86,-93.0,-7.8100000000000005,-25.23,-128.97,6.550000000000001,-9.880000000000003,-113.09
2025-08-13T12:36:29.381128,4.0,104.0,-120.0,49.0,-25.0,-160.0,-46.0,-20.0,-126.0,5.0,83.0,-211.0,-5.119999999999999,74.82,-107.77,40.29,-26.86,-122.0,-48.81,-31.23,-104.97,14.55,28.119999999999997,-190.09
2025-08-13T12:36:29.388623,62.0,80.0,-159.0,-15.0,32.0,-219.0,-80.0,-52.0,-163.0,-49.0,109.0,-165.0,52.88,50.82,-146.77,-23.71,30.14,-181.0,-82.81,-63.230000000000004,-141.97,-39.45,54.12,-144.09
2025-08-13T12:36:29.393484,57.0,44.0,-118.0,7.0,-63.0,-209.0,-4.0,8.0,-144.0,-21.0,83.0,-195.0,47.88,14.82,-105.77,-1.7100000000000009,-64.86,-171.0,-6.8100000000000005,-3.2300000000000004,-122.97,-11.45,28.119999999999997,-174.09
2025-08-13T12:36:29.401393,60.0,-24.0,-163.0,8.0,-68.0,-210.0,78.0,14.0,-109.0,78.0,103.0,-178.0,50.88,-53.18,-150.77,-0.7100000000000009,-69.86,-172.0,75.19,2.7699999999999996,-87.97,87.55,48.12,-157.09
2025-08-13T12:36:29.406488,49.0,19.0,-118.0,13.0,-21.0,-173.0,-22.0,28.0,-96.0,-134.0,145.0,-101.0,39.88,-10.18,-105.77,4.289999999999999,-22.86,-135.0,-24.81,16.77,-74.97,-124.45,90.12,-80.09
2025-08-13T12:36:29.413636,-37.0,19.0,-146.0,8.0,-105.0,-141.0,-29.0,15.0,-110.0,-94.0,67.0,-186.0,-46.12,-10.18,-133.77,-0.7100000000000009,-106.86,-103.0,-31.81,3.7699999999999996,-88.97,-84.45,12.119999999999997,-165.09
2025-08-13T12:36:29.421466,95.0,38.0,-149.0,47.0,-52.0,-175.0,8.0,-34.0,-169.0,-15.0,120.0,-156.0,85.88,8.82,-136.77,38.29,-53.86,-137.0,5.1899999999999995,-45.230000000000004,-147.97,-5.449999999999999,65.12,-135.09
2025-08-13T12:36:29.426016,34.0,51.0,-165.0,-4.0,-69.0,-168.0,-47.0,-45.0,-88.0,-55.0,88.0,-139.0,24.880000000000003,21.82,-152.77,-12.71,-70.86,-130.0,-49.81,-56.230000000000004,-66.97,-45.45,33.12,-118.09
2025-08-13T12:36:29.433786,-14.0,6.0,-75.0,30.0,-18.0,-108.0,-14.0,-81.0,-82.0,-50.0,87.0,-118.0,-23.119999999999997,-23.18,-62.769999999999996,21.29,-19.86,-70.0,-16.81,-92.23,-60.97,-40.45,32.12,-97.09
2025-08-13T12:36:29.438412,9.0,20.0,-107.0,27.0,6.0,-106.0,-38.0,-77.0,-109.0,48.0,52.0,-144.0,-0.11999999999999922,-9.18,-94.77,18.29,4.14,-68.0,-40.81,-88.23,-87.97,57.55,-2.8800000000000026,-123.09
2025-08-13T12:36:29.446314,19.0,143.0,-54.0,4.0,-20.0,-118.0,-21.0,-4.0,-127.0,-20.0,95.0,-102.0,9.88,113.82,-41.769999999999996,-4.710000000000001,-21.86,-80.0,-23.81,-15.23,-105.97,-10.45,40.12,-81.09
2025-08-13T12:36:29.451341,0.0,59.0,-200.0,92.0,-20.0,-156.0,-50.0,-10.0,-130.0,-23.0,37.0,-153.0,-9.12,29.82,-187.77,83.28999999999999,-21.86,-118.0,-52.81,-21.23,-108.97,-13.45,-17.880000000000003,-132.09
2025-08-13T12:36:29.458797,47.0,71.0,-154.0,29.0,-66.0,-130.0,-33.0,-49.0,-122.0,-99.0,67.0,-174.0,37.88,41.82,-141.77,20.29,-67.86,-92.0,-35.81,-60.230000000000004,-100.97,-89.45,12.119999999999997,-153.09
2025-08-13T12:36:29.463050,61.0,23.0,-144.0,-43.0,-51.0,-159.0,74.0,-50.0,-146.0,29.0,78.0,-184.0,51.88,-6.18,-131.77,-51.71,-52.86,-121.0,71.19,-61.230000000000004,-124.97,38.55,23.119999999999997,-163.09
2025-08-13T12:36:29.471177,41.0,32.0,-104.0,72.0,-20.0,-197.0,-25.0,-33.0,-91.0,-82.0,98.0,-139.0,31.880000000000003,2.8200000000000003,-91.77,63.29,-21.86,-159.0,-27.81,-44.230000000000004,-69.97,-72.45,43.12,-118.09
2025-08-13T12:36:29.475312,47.0,67.0,-140.0,66.0,-39.0,-165.0,7.0,-93.0,-159.0,-5.0,41.0,-107.0,37.88,37.82,-127.77,57.29,-40.86,-127.0,4.1899999999999995,-104.23,-137.97,4.550000000000001,-13.880000000000003,-86.09
2025-08-13T12:36:29.483454,5.0,54.0,-127.0,86.0,-93.0,-202.0,-19.0,-34.0,-170.0,-113.0,30.0,-110.0,-4.119999999999999,24.82,-114.77,77.28999999999999,-94.86,-164.0,-21.81,-45.230000000000004,-148.97,-103.45,-24.880000000000003,-89.09
2025-08-13T12:36:29.487640,-28.0,112.0,-84.0,69.0,-46.0,-137.0,-5.0,80.0,-77.0,-57.0,194.0,-173.0,-37.12,82.82,-71.77,60.29,-47.86,-99.0,-7.8100000000000005,68.77,-55.97,-47.45,139.12,-152.09
2025-08-13T12:36:29.496771,107.0,89.0,-166.0,4.0,35.0,-163.0,-32.0,-14.0,-114.0,-68.0,96.0,-103.0,97.88,59.82,-153.77,-4.710000000000001,33.14,-125.0,-34.81,-25.23,-92.97,-58.45,41.12,-82.09
2025-08-13T12:36:29.503109,62.0,40.0,-151.0,19.0,27.0,-143.0,-39.0,-19.0,-79.0,-77.0,73.0,-104.0,52.88,10.82,-138.77,10.29,25.14,-105.0,-41.81,-30.23,-57.97,-67.45,18.119999999999997,-83.09
2025-08-13T12:36:29.509282,30.0,79.0,-79.0,36.0,-12.0,-174.0,-93.0,9.0,-180.0,57.0,124.0,-124.0,20.880000000000003,49.82,-66.77,27.29,-13.86,-136.0,-95.81,-2.2300000000000004,-158.97,66.55,69.12,-103.09
2025-08-13T12:36:29.515802,-27.0,28.0,-73.0,14.0,-72.0,-113.0,-38.0,81.0,-149.0,-15.0,96.0,-200.0,-36.12,-1.1799999999999997,-60.769999999999996,5.289999999999999,-73.86,-75.0,-40.81,69.77,-127.97,-5.449999999999999,41.12,-179.09
2025-08-13T12:36:29.521734,-25.0,5.0,-58.0,45.0,-20.0,-108.0,5.0,-19.0,-101.0,-82.0,45.0,-118.0,-34.12,-24.18,-45.769999999999996,36.29,-21.86,-70.0,2.19,-30.23,-79.97,-72.45,-9.880000000000003,-97.09
2025-08-13T12:36:29.528045,-35.0,-46.0,-137.0,40.0,13.0,-97.0,-62.0,-22.0,-67.0,-95.0,87.0,-128.0,-44.12,-75.18,-124.77,31.29,11.14,-59.0,-64.81,-33.230000000000004,-45.97,-85.45,32.12,-107.09
2025-08-13T12:36:29.533449,84.0,57.0,-146.0,-13.0,21.0,-134.0,-5.0,-91.0,-102.0,-7.0,29.0,-139.0,74.88,27.82,-133.77,-21.71,19.14,-96.0,-7.8100000000000005,-102.23,-80.97,2.5500000000000007,-25.880000000000003,-118.09
2025-08-13T12:36:29.540325,-1.0,53.0,-104.0,57.0,21.0,-91.0,-41.0,-28.0,-99.0,-69.0,21.0,-111.0,-10.12,23.82,-91.77,48.29,19.14,-53.0,-43.81,-39.230000000000004,-77.97,-59.45,-33.88,-90.09
2025-08-13T12:36:29.545533,90.0,35.0,-56.0,8.0,-72.0,-130.0,-61.0,-26.0,-56.0,-44.0,24.0,-68.0,80.88,5.82,-43.769999999999996,-0.7100000000000009,-73.86,-92.0,-63.81,-37.230000000000004,-34.97,-34.45,-30.880000000000003,-47.09
2025-08-13T12:36:29.552577,54.0,-19.0,-92.0,21.0,-57.0,-70.0,-26.0,-35.0,-101.0,-65.0,27.0,-128.0,44.88,-48.18,-79.77,12.29,-58.86,-32.0,-28.81,-46.230000000000004,-79.97,-55.45,-27.880000000000003,-107.09
2025-08-13T12:36:29.556803,35.0,80.0,-93.0,7.0,6.0,-132.0,53.0,26.0,-144.0,-65.0,37.0,-124.0,25.880000000000003,50.82,-80.77,-1.7100000000000009,4.14,-94.0,50.19,14.77,-122.97,-55.45,-17.880000000000003,-103.09
2025-08-13T12:36:29.564920,41.0,68.0,-96.0,54.0,-55.0,-128.0,13.0,-33.0,-68.0,-71.0,58.0,-165.0,31.880000000000003,38.82,-83.77,45.29,-56.86,-90.0,10.19,-44.230000000000004,-46.97,-61.45,3.1199999999999974,-144.09
2025-08-13T12:36:29.569795,86.0,54.0,-98.0,35.0,-8.0,-126.0,-31.0,-14.0,-75.0,-57.0,82.0,-121.0,76.88,24.82,-85.77,26.29,-9.86,-88.0,-33.81,-25.23,-53.97,-47.45,27.119999999999997,-100.09
2025-08-13T12:36:29.577184,21.0,61.0,-136.0,19.0,-24.0,-89.0,58.0,25.0,-36.0,-37.0,106.0,-121.0,11.88,31.82,-123.77,10.29,-25.86,-51.0,55.19,13.77,-14.969999999999999,-27.45,51.12,-100.09
2025-08-13T12:36:29.581551,69.0,99.0,-98.0,47.0,-61.0,-117.0,-53.0,-49.0,-58.0,-36.0,67.0,-75.0,59.88,69.82,-85.77,38.29,-62.86,-79.0,-55.81,-60.230000000000004,-36.97,-26.45,12.119999999999997,-54.09
2025-08-13T12:36:29.589396,-19.0,44.0,-49.0,87.0,-1.0,-141.0,23.0,-38.0,-76.0,7.0,36.0,-110.0,-28.119999999999997,14.82,-36.769999999999996,78.28999999999999,-2.8600000000000003,-103.0,20.19,-49.230000000000004,-54.97,16.55,-18.880000000000003,-89.09
2025-08-13T12:36:29.593736,32.0,34.0,-17.0,38.0,-12.0,-78.0,-44.0,82.0,-99.0,4.0,107.0,-133.0,22.880000000000003,4.82,-4.77,29.29,-13.86,-40.0,-46.81,70.77,-77.97,13.55,52.12,-112.09
2025-08-13T12:36:29.601893,-47.0,123.0,-93.0,51.0,-105.0,-124.0,22.0,25.0,-51.0,-92.0,75.0,-137.0,-56.12,93.82,-80.77,42.29,-106.86,-86.0,19.19,13.77,-29.97,-82.45,20.119999999999997,-116.09
2025-08-13T12:36:29.605972,79.0,10.0,-147.0,-30.0,-50.0,-83.0,47.0,13.0,-80.0,-48.0,91.0,-138.0,69.88,-19.18,-134.77,-38.71,-51.86,-45.0,44.19,1.7699999999999996,-58.97,-38.45,36.12,-117.09
2025-08-13T12:36:29.614013,4.0,39.0,-124.0,109.0,-8.0,-167.0,-20.0,42.0,-78.0,6.0,88.0,-128.0,-5.119999999999999,9.82,-111.77,100.28999999999999,-9.86,-129.0,-22.81,30.77,-56.97,15.55,33.12,-107.09
2025-08-13T12:36:29.619323,22.0,18.0,-131.0,48.0,-46.0,-112.0,-71.0,-46.0,-68.0,8.0,-18.0,-92.0,12.88,-11.18,-118.77,39.29,-47.86,-74.0,-73.81,-57.230000000000004,-46.97,17.55,-72.88,-71.09
2025-08-13T12:36:29.626887,24.0,50.0,-75.0,48.0,54.0,-133.0,-15.0,0.0,-124.0,-59.0,6.0,-98.0,14.88,20.82,-62.769999999999996,39.29,52.14,-95.0,-17.81,-11.23,-102.97,-49.45,-48.88,-77.09
2025-08-13T12:36:29.631147,77.0,63.0,-137.0,26.0,-4.0,-108.0,-53.0,46.0,-87.0,-13.0,88.0,-70.0,67.88,33.82,-124.77,17.29,-5.86,-70.0,-55.81,34.769999999999996,-65.97,-3.4499999999999993,33.12,-49.09
2025-08-13T12:36:29.639279,16.0,74.0,-129.0,39.0,-33.0,-75.0,17.0,-32.0,-59.0,-118.0,68.0,-109.0,6.880000000000001,44.82,-116.77,30.29,-34.86,-37.0,14.19,-43.230000000000004,-37.97,-108.45,13.119999999999997,-88.09
2025-08-13T12:36:29.644119,31.0,46.0,-60.0,0.0,16.0,-112.0,-50.0,-15.0,-139.0,-85.0,111.0,-138.0,21.880000000000003,16.82,-47.769999999999996,-8.71,14.14,-74.0,-52.81,-26.23,-117.97,-75.45,56.12,-117.09
2025-08-13T12:36:29.651604,51.0,27.0,-123.0,34.0,-11.0,-221.0,-90.0,-21.0,-98.0,1.0,21.0,-131.0,41.88,-2.1799999999999997,-110.77,25.29,-12.86,-183.0,-92.81,-32.230000000000004,-76.97,10.55,-33.88,-110.09
2025-08-13T12:36:29.656381,24.0,2.0,-63.0,33.0,-36.0,-98.0,-39.0,72.0,-63.0,27.0,92.0,-47.0,14.88,-27.18,-50.769999999999996,24.29,-37.86,-60.0,-41.81,60.769999999999996,-41.97,36.55,37.12,-26.09
2025-08-13T12:36:29.663735,40.0,81.0,-22.0,44.0,-86.0,-76.0,3.0,15.0,-73.0,36.0,93.0,-68.0,30.880000000000003,51.82,-9.77,35.29,-87.86,-38.0,0.18999999999999995,3.7699999999999996,-51.97,45.55,38.12,-47.09
2025-08-13T12:36:29.668437,-21.0,-29.0,-46.0,34.0,-63.0,-89.0,-35.0,-27.0,-48.0,23.0,64.0,-57.0,-30.119999999999997,-58.18,-33.769999999999996,25.29,-64.86,-51.0,-37.81,-38.230000000000004,-26.97,32.55,9.119999999999997,-36.09
2025-08-13T12:36:29.676066,-68.0,13.0,-12.0,53.0,5.0,-30.0,-39.0,-20.0,-148.0,-57.0,-12.0,-134.0,-77.12,-16.18,0.23000000000000043,44.29,3.1399999999999997,8.0,-41.81,-31.23,-126.97,-47.45,-66.88,-113.09
2025-08-13T12:36:29.680980,34.0,56.0,-88.0,11.0,27.0,-51.0,-26.0,-20.0,-112.0,-35.0,104.0,-22.0,24.880000000000003,26.82,-75.77,2.289999999999999,25.14,-13.0,-28.81,-31.23,-90.97,-25.45,49.12,-1.0899999999999999
2025-08-13T12:36:29.688455,51.0,23.0,-99.0,-3.0,-44.0,-109.0,-20.0,12.0,-40.0,16.0,61.0,-128.0,41.88,-6.18,-86.77,-11.71,-45.86,-71.0,-22.81,0.7699999999999996,-18.97,25.55,6.119999999999997,-107.09
2025-08-13T12:36:29.693353,32.0,73.0,-67.0,44.0,7.0,-58.0,8.0,-99.0,-55.0,-25.0,43.0,-117.0,22.880000000000003,43.82,-54.769999999999996,35.29,5.14,-20.0,5.1899999999999995,-110.23,-33.97,-15.45,-11.880000000000003,-96.09
2025-08-13T12:36:29.700685,15.0,36.0,-52.0,-19.0,37.0,-109.0,-12.0,6.0,-123.0,36.0,102.0,-99.0,5.880000000000001,6.82,-39.769999999999996,-27.71,35.14,-71.0,-14.81,-5.23,-101.97,45.55,47.12,-78.09
2025-08-13T12:36:29.705436,50.0,31.0,-78.0,-9.0,5.0,-48.0,-21.0,-71.0,-33.0,3.0,69.0,-26.0,40.88,1.8200000000000003,-65.77,-17.71,3.1399999999999997,-10.0,-23.81,-82.23,-11.969999999999999,12.55,14.119999999999997,-5.09
2025-08-13T12:36:29.712755,30.0,81.0,-64.0,-4.0,-35.0,-48.0,-69.0,-23.0,-47.0,17.0,14.0,-32.0,20.880000000000003,51.82,-51.769999999999996,-12.71,-36.86,-10.0,-71.81,-34.230000000000004,-25.97,26.55,-40.88,-11.09
2025-08-13T12:36:29.717409,28.0,-26.0,-88.0,29.0,24.0,-65.0,-24.0,23.0,-79.0,-27.0,61.0,-89.0,18.880000000000003,-55.18,-75.77,20.29,22.14,-27.0,-26.81,11.77,-57.97,-17.45,6.119999999999997,-68.09
2025-08-13T12:36:29.724934,58.0,12.0,-55.0,11.0,-21.0,-98.0,26.0,-8.0,-95.0,-72.0,18.0,-126.0,48.88,-17.18,-42.769999999999996,2.289999999999999,-22.86,-60.0,23.19,-19.23,-73.97,-62.45,-36.88,-105.09
2025-08-13T12:36:29.729712,9.0,6.0,-18.0,-5.0,-11.0,-35.0,42.0,63.0,-48.0,-62.0,60.0,-76.0,-0.11999999999999922,-23.18,-5.77,-13.71,-12.86,3.0,39.19,51.769999999999996,-26.97,-52.45,5.119999999999997,-55.09
2025-08-13T12:36:29.737167,2.0,-40.0,-12.0,67.0,-38.0,-87.0,-23.0,4.0,-100.0,-20.0,106.0,-36.0,-7.119999999999999,-69.18,0.23000000000000043,58.29,-39.86,-49.0,-25.81,-7.23,-78.97,-10.45,51.12,-15.09
2025-08-13T12:36:29.741399,-1.0,40.0,-55.0,-4.0,22.0,-46.0,5.0,-4.0,-118.0,-53.0,135.0,-15.0,-10.12,10.82,-42.769999999999996,-12.71,20.14,-8.0,2.19,-15.23,-96.97,-43.45,80.12,5.91
2025-08-13T12:36:29.749505,8.0,66.0,-15.0,43.0,-16.0,-122.0,64.0,-13.0,-116.0,22.0,19.0,-20.0,-1.1199999999999992,36.82,-2.7699999999999996,34.29,-17.86,-84.0,61.19,-24.23,-94.97,31.55,-35.88,0.9100000000000001
2025-08-13T12:36:29.753427,-72.0,11.0,-68.0,46.0,-23.0,-62.0,-34.0,-46.0,-59.0,-25.0,94.0,-125.0,-81.12,-18.18,-55.769999999999996,37.29,-24.86,-24.0,-36.81,-57.230000000000004,-37.97,-15.45,39.12,-104.09
2025-08-13T12:36:29.761569,21.0,24.0,-32.0,32.0,-11.0,-84.0,-15.0,18.0,-43.0,20.0,70.0,-76.0,11.88,-5.18,-19.77,23.29,-12.86,-46.0,-17.81,6.77,-21.97,29.55,15.119999999999997,-55.09
2025-08-13T12:36:29.767618,33.0,35.0,-92.0,-63.0,-18.0,-33.0,20.0,-9.0,5.0,3.0,51.0,-63.0,23.880000000000003,5.82,-79.77,-71.71000000000001,-19.86,5.0,17.19,-20.23,26.03,12.55,-3.8800000000000026,-42.09
2025-08-13T12:36:29.774546,46.0,-58.0,-111.0,66.0,-10.0,-100.0,-1.0,1.0,-41.0,42.0,31.0,-63.0,36.88,-87.18,-98.77,57.29,-11.86,-62.0,-3.81,-10.23,-19.97,51.55,-23.880000000000003,-42.09
2025-08-13T12:36:29.779303,7.0,51.0,-56.0,20.0,6.0,-54.0,-19.0,91.0,-43.0,41.0,11.0,5.0,-2.119999999999999,21.82,-43.769999999999996,11.29,4.14,-16.0,-21.81,79.77,-21.97,50.55,-43.88,25.91
2025-08-13T12:36:29.786539,75.0,25.0,-11.0,58.0,10.0,-98.0,10.0,2.0,-76.0,-51.0,21.0,-44.0,65.88,-4.18,1.2300000000000004,49.29,8.14,-60.0,7.1899999999999995,-9.23,-54.97,-41.45,-33.88,-23.09
2025-08-13T12:36:29.791788,5.0,40.0,-20.0,22.0,-59.0,-70.0,-34.0,-15.0,-34.0,15.0,38.0,-40.0,-4.119999999999999,10.82,-7.77,13.29,-60.86,-32.0,-36.81,-26.23,-12.969999999999999,24.55,-16.880000000000003,-19.09
2025-08-13T12:36:29.798585,20.0,49.0,33.0,3.0,24.0,6.0,-29.0,82.0,-2.0,-29.0,90.0,-52.0,10.88,19.82,45.230000000000004,-5.710000000000001,22.14,44.0,-31.81,70.77,19.03,-19.45,35.12,-31.09
2025-08-13T12:36:29.803386,-43.0,7.0,-37.0,9.0,27.0,17.0,-19.0,-7.0,-22.0,30.0,24.0,-53.0,-52.12,-22.18,-24.77,0.28999999999999915,25.14,55.0,-21.81,-18.23,-0.9699999999999989,39.55,-30.880000000000003,-32.09
2025-08-13T12:36:29.811115,32.0,59.0,-23.0,-21.0,23.0,-79.0,-46.0,19.0,-13.0,-33.0,77.0,-12.0,22.880000000000003,29.82,-10.77,-29.71,21.14,-41.0,-48.81,7.77,8.030000000000001,-23.45,22.119999999999997,8.91
2025-08-13T12:36:29.816135,16.0,-31.0,-10.0,54.0,-49.0,-42.0,-48.0,13.0,-70.0,3.0,54.0,-57.0,6.880000000000001,-60.18,2.2300000000000004,45.29,-50.86,-4.0,-50.81,1.7699999999999996,-48.97,12.55,-0.8800000000000026,-36.09
2025-08-13T12:36:29.822764,2.0,1.0,-85.0,30.0,-36.0,-26.0,-33.0,-60.0,-120.0,11.0,60.0,-18.0,-7.119999999999999,-28.18,-72.77,21.29,-37.86,12.0,-35.81,-71.23,-98.97,20.55,5.119999999999997,2.91
2025-08-13T12:36:29.827239,34.0,23.0,-8.0,10.0,34.0,-115.0,-28.0,-4.0,-76.0,-17.0,39.0,-54.0,24.880000000000003,-6.18,4.23,1.2899999999999991,32.14,-77.0,-30.81,-15.23,-54.97,-7.449999999999999,-15.880000000000003,-33.09
2025-08-13T12:36:29.835515,-20.0,37.0,-32.0,76.0,6.0,-101.0,-10.0,-67.0,-60.0,16.0,0.0,-79.0,-29.119999999999997,7.82,-19.77,67.28999999999999,4.14,-63.0,-12.81,-78.23,-38.97,25.55,-54.88,-58.09
2025-08-13T12:36:29.840495,-11.0,30.0,-15.0,-17.0,-31.0,-95.0,-50.0,5.0,-50.0,13.0,39.0,-21.0,-20.119999999999997,0.8200000000000003,-2.7699999999999996,-25.71,-32.86,-57.0,-52.81,-6.23,-28.97,22.55,-15.880000000000003,-0.08999999999999986
2025-08-13T12:36:29.847539,-25.0,58.0,-7.0,-9.0,-40.0,-133.0,-53.0,12.0,-103.0,-54.0,51.0,-67.0,-34.12,28.82,5.23,-17.71,-41.86,-95.0,-55.81,0.7699999999999996,-81.97,-44.45,-3.8800000000000026,-46.09
2025-08-13T12:36:29.851758,-25.0,-25.0,-1.0,-33.0,-43.0,-36.0,56.0,41.0,-69.0,-22.0,127.0,-78.0,-34.12,-54.18,11.23,-41.71,-44.86,2.0,53.19,29.77,-47.97,-12.45,72.12,-57.09
2025-08-13T12:36:29.859799,-51.0,36.0,-34.0,-12.0,23.0,-46.0,-54.0,-72.0,-92.0,-22.0,87.0,-86.0,-60.12,6.82,-21.77,-20.71,21.14,-8.0,-56.81,-83.23,-70.97,-12.45,32.12,-65.09
2025-08-13T12:36:29.864060,12.0,99.0,-120.0,76.0,-27.0,-116.0,41.0,38.0,2.0,27.0,-9.0,-65.0,2.880000000000001,69.82,-107.77,67.28999999999999,-28.86,-78.0,38.19,26.77,23.03,36.55,-63.88,-44.09
2025-08-13T12:36:29.871903,112.0,-4.0,-30.0,76.0,-83.0,-54.0,14.0,46.0,-143.0,6.0,45.0,-80.0,102.88,-33.18,-17.77,67.28999999999999,-84.86,-16.0,11.19,34.769999999999996,-121.97,15.55,-9.880000000000003,-59.09
2025-08-13T12:36:29.876292,60.0,53.0,-80.0,20.0,10.0,-68.0,37.0,100.0,-33.0,-34.0,23.0,-32.0,50.88,23.82,-67.77,11.29,8.14,-30.0,34.19,88.77,-11.969999999999999,-24.45,-31.880000000000003,-11.09
2025-08-13T12:36:29.884307,-12.0,52.0,-52.0,-16.0,31.0,-52.0,-7.0,36.0,-47.0,-94.0,2.0,-53.0,-21.119999999999997,22.82,-39.769999999999996,-24.71,29.14,-14.0,-9.81,24.77,-25.97,-84.45,-52.88,-32.09
2025-08-13T12:36:29.888883,-8.0,110.0,-38.0,-33.0,-55.0,-96.0,7.0,74.0,-61.0,-8.0,51.0,-98.0,-17.119999999999997,80.82,-25.77,-41.71,-56.86,-58.0,4.1899999999999995,62.769999999999996,-39.97,1.5500000000000007,-3.8800000000000026,-77.09
2025-08-13T12:36:29.896625,-63.0,-13.0,39.0,-11.0,-16.0,-47.0,-6.0,26.0,-49.0,-69.0,119.0,-30.0,-72.12,-42.18,51.230000000000004,-19.71,-17.86,-9.0,-8.81,14.77,-27.97,-59.45,64.12,-9.09
2025-08-13T12:36:29.900823,8.0,71.0,-51.0,27.0,-22.0,-100.0,37.0,42.0,-121.0,-37.0,99.0,-117.0,-1.1199999999999992,41.82,-38.769999999999996,18.29,-23.86,-62.0,34.19,30.77,-99.97,-27.45,44.12,-96.09
2025-08-13T12:36:29.908790,11.0,-28.0,-36.0,9.0,49.0,-103.0,28.0,25.0,-58.0,1.0,-4.0,-77.0,1.8800000000000008,-57.18,-23.77,0.28999999999999915,47.14,-65.0,25.19,13.77,-36.97,10.55,-58.88,-56.09
2025-08-13T12:36:29.913064,115.0,67.0,-80.0,-11.0,-38.0,-86.0,35.0,26.0,-39.0,-20.0,12.0,-66.0,105.88,37.82,-67.77,-19.71,-39.86,-48.0,32.19,14.77,-17.97,-10.45,-42.88,-45.09
2025-08-13T12:36:29.921321,30.0,51.0,-74.0,40.0,-21.0,-59.0,-7.0,-56.0,-45.0,16.0,106.0,-11.0,20.880000000000003,21.82,-61.769999999999996,31.29,-22.86,-21.0,-9.81,-67.23,-23.97,25.55,51.12,9.91
2025-08-13T12:36:29.925327,-57.0,16.0,-52.0,39.0,-24.0,-76.0,-68.0,8.0,-48.0,-11.0,21.0,-5.0,-66.12,-13.18,-39.769999999999996,30.29,-25.86,-38.0,-70.81,-3.2300000000000004,-26.97,-1.4499999999999993,-33.88,15.91
2025-08-13T12:36:29.933234,46.0,31.0,-5.0,33.0,-72.0,-59.0,33.0,-50.0,12.0,-1.0,35.0,-76.0,36.88,1.8200000000000003,7.23,24.29,-73.86,-21.0,30.19,-61.230000000000004,33.03,8.55,-19.880000000000003,-55.09
2025-08-13T12:36:29.937678,22.0,101.0,-13.0,-19.0,4.0,-58.0,26.0,14.0,-21.0,2.0,23.0,-7.0,12.88,71.82,-0.7699999999999996,-27.71,2.1399999999999997,-20.0,23.19,2.7699999999999996,0.030000000000001137,11.55,-31.880000000000003,13.91
2025-08-13T12:36:29.945578,35.0,7.0,-31.0,-4.0,-25.0,-96.0,-15.0,55.0,2.0,-63.0,0.0,-37.0,25.880000000000003,-22.18,-18.77,-12.71,-26.86,-58.0,-17.81,43.769999999999996,23.03,-53.45,-54.88,-16.09
2025-08-13T12:36:29.950474,-28.0,70.0,-6.0,-5.0,-51.0,-69.0,-70.0,11.0,-48.0,35.0,118.0,-19.0,-37.12,40.82,6.23,-13.71,-52.86,-31.0,-72.81,-0.23000000000000043,-26.97,44.55,63.12,1.9100000000000001
2025-08-13T12:36:29.957698,87.0,23.0,8.0,27.0,25.0,-71.0,9.0,31.0,-54.0,-26.0,109.0,-73.0,77.88,-6.18,20.23,18.29,23.14,-33.0,6.1899999999999995,19.77,-32.97,-16.45,54.12,-52.09
2025-08-13T12:36:29.962651,50.0,53.0,12.0,4.0,25.0,-58.0,64.0,65.0,-9.0,-34.0,57.0,-62.0,40.88,23.82,24.23,-4.710000000000001,23.14,-20.0,61.19,53.769999999999996,12.030000000000001,-24.45,2.1199999999999974,-41.09
2025-08-13T12:36:29.967570,6.0,-13.0,-84.0,64.0,40.0,-113.0,3.0,13.0,-95.0,18.0,134.0,-41.0,-3.119999999999999,-42.18,-71.77,55.29,38.14,-75.0,0.18999999999999995,1.7699999999999996,-73.97,27.55,79.12,-20.09
2025-08-13T12:36:29.975038,-16.0,-6.0,-38.0,30.0,26.0,-12.0,-29.0,7.0,-126.0,-14.0,93.0,-23.0,-25.119999999999997,-35.18,-25.77,21.29,24.14,26.0,-31.81,-4.23,-104.97,-4.449999999999999,38.12,-2.09
2025-08-13T12:36:29.979719,-37.0,-24.0,-30.0,81.0,16.0,-57.0,-5.0,8.0,23.0,-16.0,15.0,-52.0,-46.12,-53.18,-17.77,72.28999999999999,14.14,-19.0,-7.8100000000000005,-3.2300000000000004,44.03,-6.449999999999999,-39.88,-31.09
2025-08-13T12:36:29.987092,-22.0,81.0,-35.0,5.0,-36.0,14.0,43.0,34.0,-68.0,-55.0,3.0,-35.0,-31.119999999999997,51.82,-22.77,-3.710000000000001,-37.86,52.0,40.19,22.77,-46.97,-45.45,-51.88,-14.09
2025-08-13T12:36:29.992021,23.0,97.0,9.0,33.0,-45.0,-66.0,2.0,10.0,-58.0,-55.0,31.0,-4.0,13.88,67.82,21.23,24.29,-46.86,-28.0,-0.81,-1.2300000000000004,-36.97,-45.45,-23.880000000000003,16.91
2025-08-13T12:36:29.999648,-11.0,49.0,11.0,3.0,-6.0,-118.0,-46.0,-44.0,-2.0,58.0,-13.0,-37.0,-20.119999999999997,19.82,23.23,-5.710000000000001,-7.86,-80.0,-48.81,-55.230000000000004,19.03,67.55,-67.88,-16.09
2025-08-13T12:36:30.006061,-36.0,68.0,-9.0,28.0,50.0,-51.0,16.0,16.0,-53.0,-9.0,16.0,-45.0,-45.12,38.82,3.2300000000000004,19.29,48.14,-13.0,13.19,4.77,-31.97,0.5500000000000007,-38.88,-24.09
2025-08-13T12:36:30.012144,13.0,6.0,-9.0,1.0,104.0,-55.0,-59.0,27.0,0.0,-27.0,27.0,-61.0,3.880000000000001,-23.18,3.2300000000000004,-7.710000000000001,102.14,-17.0,-61.81,15.77,21.03,-17.45,-27.880000000000003,-40.09
2025-08-13T12:36:30.017462,-31.0,50.0,-88.0,12.0,3.0,-95.0,-24.0,32.0,8.0,-35.0,34.0,-44.0,-40.12,20.82,-75.77,3.289999999999999,1.14,-57.0,-26.81,20.77,29.03,-25.45,-20.880000000000003,-23.09
2025-08-13T12:36:30.024475,50.0,25.0,-39.0,35.0,-6.0,-79.0,-28.0,22.0,-43.0,-71.0,57.0,-61.0,40.88,-4.18,-26.77,26.29,-7.86,-41.0,-30.81,10.77,-21.97,-61.45,2.1199999999999974,-40.09
2025-08-13T12:36:30.027912,48.0,30.0,-52.0,15.0,-4.0,-21.0,-37.0,-5.0,-46.0,22.0,95.0,-35.0,38.88,0.8200000000000003,-39.769999999999996,6.289999999999999,-5.86,17.0,-39.81,-16.23,-24.97,31.55,40.12,-14.09
2025-08-13T12:36:30.036120,-51.0,47.0,-112.0,31.0,30.0,-57.0,36.0,28.0,-108.0,-12.0,18.0,-45.0,-60.12,17.82,-99.77,22.29,28.14,-19.0,33.19,16.77,-86.97,-2.4499999999999993,-36.88,-24.09
2025-08-13T12:36:30.040527,7.0,35.0,-56.0,81.0,-32.0,-46.0,-8.0,72.0,-46.0,-38.0,96.0,-46.0,-2.119999999999999,5.82,-43.769999999999996,72.28999999999999,-33.86,-8.0,-10.81,60.769999999999996,-24.97,-28.45,41.12,-25.09
2025-08-13T12:36:30.048382,-3.0,23.0,-88.0,30.0,-3.0,-65.0,-12.0,48.0,-21.0,29.0,39.0,-18.0,-12.12,-6.18,-75.77,21.29,-4.86,-27.0,-14.81,36.769999999999996,0.030000000000001137,38.55,-15.880000000000003,2.91
2025-08-13T12:36:30.052581,94.0,10.0,-89.0,16.0,-39.0,-21.0,-36.0,-39.0,-29.0,-2.0,6.0,-66.0,84.88,-19.18,-76.77,7.289999999999999,-40.86,17.0,-38.81,-50.230000000000004,-7.969999999999999,7.550000000000001,-48.88,-45.09
2025-08-13T12:36:30.060577,-50.0,27.0,18.0,-22.0,-15.0,-33.0,11.0,39.0,-33.0,-4.0,65.0,-19.0,-59.12,-2.1799999999999997,30.23,-30.71,-16.86,5.0,8.19,27.77,-11.969999999999999,5.550000000000001,10.119999999999997,1.9100000000000001
2025-08-13T12:36:30.064610,27.0,-63.0,-50.0,16.0,-25.0,9.0,0.0,11.0,-10.0,25.0,45.0,-44.0,17.880000000000003,-92.18,-37.769999999999996,7.289999999999999,-26.86,47.0,-2.81,-0.23000000000000043,11.030000000000001,34.55,-9.880000000000003,-23.09
2025-08-13T12:36:30.072492,34.0,30.0,-101.0,-20.0,-3.0,-39.0,-55.0,96.0,-19.0,-3.0,63.0,-6.0,24.880000000000003,0.8200000000000003,-88.77,-28.71,-4.86,-1.0,-57.81,84.77,2.030000000000001,6.550000000000001,8.119999999999997,14.91
2025-08-13T12:36:30.076778,37.0,41.0,-95.0,-31.0,39.0,-15.0,22.0,38.0,-12.0,-57.0,36.0,-3.0,27.880000000000003,11.82,-82.77,-39.71,37.14,23.0,19.19,26.77,9.030000000000001,-47.45,-18.880000000000003,17.91
2025-08-13T12:36:30.084771,55.0,-6.0,-31.0,-11.0,-18.0,-25.0,8.0,43.0,-28.0,-11.0,52.0,-62.0,45.88,-35.18,-18.77,-19.71,-19.86,13.0,5.1899999999999995,31.77,-6.969999999999999,-1.4499999999999993,-2.8800000000000026,-41.09
2025-08-13T12:36:30.089546,67.0,-42.0,-64.0,76.0,4.0,-90.0,-40.0,34.0,-37.0,-29.0,18.0,8.0,57.88,-71.18,-51.769999999999996,67.28999999999999,2.1399999999999997,-52.0,-42.81,22.77,-15.969999999999999,-19.45,-36.88,28.91
2025-08-13T12:36:30.096987,3.0,-37.0,-21.0,-31.0,35.0,8.0,-5.0,-76.0,17.0,-64.0,29.0,36.0,-6.119999999999999,-66.18,-8.77,-39.71,33.14,46.0,-7.8100000000000005,-87.23,38.03,-54.45,-25.880000000000003,56.91
2025-08-13T12:36:30.101708,6.0,-21.0,-27.0,31.0,-40.0,-54.0,-25.0,11.0,-16.0,-19.0,50.0,8.0,-3.119999999999999,-50.18,-14.77,22.29,-41.86,-16.0,-27.81,-0.23000000000000043,5.030000000000001,-9.45,-4.880000000000003,28.91
2025-08-13T12:36:30.109282,108.0,45.0,36.0,18.0,3.0,-84.0,-35.0,-23.0,-63.0,-68.0,120.0,25.0,98.88,15.82,48.230000000000004,9.29,1.14,-46.0,-37.81,-34.230000000000004,-41.97,-58.45,65.12,45.91
2025-08-13T12:36:30.114272,-22.0,25.0,-36.0,28.0,-3.0,-128.0,19.0,-9.0,-62.0,24.0,69.0,-57.0,-31.119999999999997,-4.18,-23.77,19.29,-4.86,-90.0,16.19,-20.23,-40.97,33.55,14.119999999999997,-36.09
2025-08-13T12:36:30.121795,43.0,77.0,-19.0,-4.0,12.0,-20.0,28.0,51.0,-8.0,-29.0,60.0,-11.0,33.88,47.82,-6.77,-12.71,10.14,18.0,25.19,39.769999999999996,13.030000000000001,-19.45,5.119999999999997,9.91
2025-08-13T12:36:30.125929,17.0,52.0,-29.0,12.0,-51.0,-46.0,-34.0,-2.0,-89.0,-51.0,55.0,-66.0,7.880000000000001,22.82,-16.77,3.289999999999999,-52.86,-8.0,-36.81,-13.23,-67.97,-41.45,0.11999999999999744,-45.09
2025-08-13T12:36:30.133851,11.0,-22.0,15.0,24.0,-57.0,-63.0,68.0,19.0,-26.0,-28.0,3.0,-14.0,1.8800000000000008,-51.18,27.23,15.29,-58.86,-25.0,65.19,7.77,-4.969999999999999,-18.45,-51.88,6.91
2025-08-13T12:36:30.139022,19.0,-3.0,-64.0,71.0,-3.0,-61.0,-28.0,-9.0,-49.0,-46.0,90.0,-43.0,9.88,-32.18,-51.769999999999996,62.29,-4.86,-23.0,-30.81,-20.23,-27.97,-36.45,35.12,-22.09
2025-08-13T12:36:30.142387,5.0,49.0,-11.0,9.0,17.0,-9.0,-30.0,-49.0,-8.0,-21.0,9.0,-1.0,-4.119999999999999,19.82,1.2300000000000004,0.28999999999999915,15.14,29.0,-32.81,-60.230000000000004,13.030000000000001,-11.45,-45.88,19.91
2025-08-13T12:36:30.151131,30.0,2.0,-37.0,20.0,-7.0,-59.0,-30.0,15.0,-7.0,10.0,24.0,-19.0,20.880000000000003,-27.18,-24.77,11.29,-8.86,-21.0,-32.81,3.7699999999999996,14.030000000000001,19.55,-30.880000000000003,1.9100000000000001
2025-08-13T12:36:30.155402,4.0,10.0,-5.0,107.0,-30.0,-128.0,-6.0,0.0,-24.0,14.0,14.0,-4.0,-5.119999999999999,-19.18,7.23,98.28999999999999,-31.86,-90.0,-8.81,-11.23,-2.969999999999999,23.55,-40.88,16.91
2025-08-13T12:36:30.162914,-24.0,46.0,9.0,28.0,-12.0,-98.0,40.0,22.0,-28.0,12.0,14.0,-55.0,-33.12,16.82,21.23,19.29,-13.86,-60.0,37.19,10.77,-6.969999999999999,21.55,-40.88,-34.09
2025-08-13T12:36:30.167737,-4.0,32.0,-2.0,68.0,-49.0,-9.0,-11.0,1.0,-51.0,-29.0,61.0,-64.0,-13.12,2.8200000000000003,10.23,59.29,-50.86,29.0,-13.81,-10.23,-29.97,-19.45,6.119999999999997,-43.09
2025-08-13T12:36:30.175381,-28.0,65.0,4.0,41.0,67.0,-25.0,-44.0,5.0,-46.0,19.0,30.0,-49.0,-37.12,35.82,16.23,32.29,65.14,13.0,-46.81,-6.23,-24.97,28.55,-24.880000000000003,-28.09
2025-08-13T12:36:30.180074,54.0,5.0,22.0,17.0,-13.0,-29.0,-77.0,-5.0,1.0,42.0,-22.0,-23.0,44.88,-24.18,34.230000000000004,8.29,-14.86,9.0,-79.81,-16.23,22.03,51.55,-76.88,-2.09
2025-08-13T12:36:30.187670,6.0,-36.0,-43.0,-12.0,-7.0,-41.0,-53.0,44.0,-44.0,-26.0,15.0,-16.0,-3.119999999999999,-65.18,-30.77,-20.71,-8.86,-3.0,-55.81,32.769999999999996,-22.97,-16.45,-39.88,4.91
2025-08-13T12:36:30.191845,-37.0,66.0,34.0,45.0,-3.0,-126.0,-30.0,34.0,9.0,-51.0,43.0,-56.0,-46.12,36.82,46.230000000000004,36.29,-4.86,-88.0,-32.81,22.77,30.03,-41.45,-11.880000000000003,-35.09
2025-08-13T12:36:30.199773,30.0,21.0,-41.0,7.0,-18.0,-51.0,-1.0,1.0,0.0,5.0,109.0,-4.0,20.880000000000003,-8.18,-28.77,-1.7100000000000009,-19.86,-13.0,-3.81,-10.23,21.03,14.55,54.12,16.91
2025-08-13T12:36:30.203862,-1.0,110.0,48.0,43.0,-38.0,-86.0,-35.0,38.0,-9.0,-12.0,26.0,-61.0,-10.12,80.82,60.230000000000004,34.29,-39.86,-48.0,-37.81,26.77,12.030000000000001,-2.4499999999999993,-28.880000000000003,-40.09
2025-08-13T12:36:30.211990,46.0,-51.0,65.0,20.0,43.0,-45.0,59.0,15.0,-50.0,-38.0,108.0,-48.0,36.88,-80.18,77.23,11.29,41.14,-7.0,56.19,3.7699999999999996,-28.97,-28.45,53.12,-27.09
2025-08-13T12:36:30.216139,44.0,22.0,-40.0,23.0,29.0,-85.0,16.0,0.0,66.0,-9.0,93.0,-4.0,34.88,-7.18,-27.77,14.29,27.14,-47.0,13.19,-11.23,87.03,0.5500000000000007,38.12,16.91
2025-08-13T12:36:30.224507,-3.0,28.0,-28.0,-33.0,20.0,-10.0,24.0,19.0,-16.0,19.0,120.0,-38.0,-12.12,-1.1799999999999997,-15.77,-41.71,18.14,28.0,21.19,7.77,5.030000000000001,28.55,65.12,-17.09
2025-08-13T12:36:30.228596,16.0,59.0,-44.0,-12.0,28.0,-52.0,-40.0,-48.0,-4.0,-86.0,51.0,-35.0,6.880000000000001,29.82,-31.77,-20.71,26.14,-14.0,-42.81,-59.230000000000004,17.03,-76.45,-3.8800000000000026,-14.09
2025-08-13T12:36:30.236670,39.0,-41.0,16.0,-14.0,52.0,-75.0,-74.0,26.0,-10.0,-3.0,59.0,-21.0,29.880000000000003,-70.18,28.23,-22.71,50.14,-37.0,-76.81,14.77,11.030000000000001,6.550000000000001,4.119999999999997,-0.08999999999999986
2025-08-13T12:36:30.240878,77.0,-11.0,-66.0,-31.0,40.0,-54.0,9.0,-45.0,-56.0,22.0,41.0,-80.0,67.88,-40.18,-53.769999999999996,-39.71,38.14,-16.0,6.1899999999999995,-56.230000000000004,-34.97,31.55,-13.880000000000003,-59.09
2025-08-13T12:36:30.249192,2.0,81.0,-57.0,-43.0,34.0,-39.0,69.0,43.0,-74.0,10.0,74.0,-8.0,-7.119999999999999,51.82,-44.769999999999996,-51.71,32.14,-1.0,66.19,31.77,-52.97,19.55,19.119999999999997,12.91
2025-08-13T12:36:30.254198,19.0,31.0,-32.0,13.0,21.0,6.0,-23.0,-31.0,-33.0,67.0,8.0,11.0,9.88,1.8200000000000003,-19.77,4.289999999999999,19.14,44.0,-25.81,-42.230000000000004,-11.969999999999999,76.55,-46.88,31.91
2025-08-13T12:36:30.261590,14.0,65.0,-48.0,-32.0,-41.0,-54.0,31.0,24.0,-58.0,-23.0,26.0,-41.0,4.880000000000001,35.82,-35.769999999999996,-40.71,-42.86,-16.0,28.19,12.77,-36.97,-13.45,-28.880000000000003,-20.09
2025-08-13T12:36:30.265780,65.0,1.0,-30.0,64.0,14.0,-26.0,79.0,15.0,-68.0,69.0,55.0,-62.0,55.88,-28.18,-17.77,55.29,12.14,12.0,76.19,3.7699999999999996,-46.97,78.55,0.11999999999999744,-41.09
2025-08-13T12:36:30.273263,-4.0,37.0,-4.0,23.0,-38.0,8.0,40.0,9.0,-45.0,56.0,10.0,47.0,-13.12,7.82,8.23,14.29,-39.86,46.0,37.19,-2.2300000000000004,-23.97,65.55,-44.88,67.91
2025-08-13T12:36:30.277610,13.0,-60.0,67.0,-15.0,12.0,-46.0,-5.0,-37.0,-20.0,-9.0,79.0,20.0,3.880000000000001,-89.18,79.23,-23.71,10.14,-8.0,-7.8100000000000005,-48.230000000000004,1.0300000000000011,0.5500000000000007,24.119999999999997,40.91
2025-08-13T12:36:30.286112,-29.0,0.0,-13.0,63.0,-45.0,-112.0,3.0,-36.0,-27.0,-42.0,26.0,-28.0,-38.12,-29.18,-0.7699999999999996,54.29,-46.86,-74.0,0.18999999999999995,-47.230000000000004,-5.969999999999999,-32.45,-28.880000000000003,-7.09
2025-08-13T12:36:30.290254,78.0,-7.0,25.0,33.0,20.0,-52.0,7.0,-8.0,-36.0,-72.0,157.0,-26.0,68.88,-36.18,37.230000000000004,24.29,18.14,-14.0,4.1899999999999995,-19.23,-14.969999999999999,-62.45,102.12,-5.09
2025-08-13T12:36:30.297937,-36.0,-45.0,3.0,-34.0,-3.0,-22.0,-43.0,-50.0,37.0,-60.0,96.0,-23.0,-45.12,-74.18,15.23,-42.71,-4.86,16.0,-45.81,-61.230000000000004,58.03,-50.45,41.12,-2.09
2025-08-13T12:36:30.302187,5.0,92.0,12.0,5.0,-31.0,-67.0,-71.0,-75.0,3.0,-2.0,103.0,-56.0,-4.119999999999999,62.82,24.23,-3.710000000000001,-32.86,-29.0,-73.81,-86.23,24.03,7.550000000000001,48.12,-35.09
2025-08-13T12:36:30.307709,-10.0,22.0,11.0,56.0,28.0,12.0,5.0,33.0,-5.0,50.0,89.0,-11.0,-19.119999999999997,-7.18,23.23,47.29,26.14,50.0,2.19,21.77,16.03,59.55,34.12,9.91
2025-08-13T12:36:30.314101,19.0,36.0,11.0,-6.0,-4.0,-22.0,24.0,58.0,-1.0,10.0,76.0,7.0,9.88,6.82,23.23,-14.71,-5.86,16.0,21.19,46.769999999999996,20.03,19.55,21.119999999999997,27.91
2025-08-13T12:36:30.322526,0.0,69.0,-24.0,-42.0,11.0,-51.0,-17.0,-1.0,-40.0,68.0,60.0,-44.0,-9.12,39.82,-11.77,-50.71,9.14,-13.0,-19.81,-12.23,-18.97,77.55,5.119999999999997,-23.09
2025-08-13T12:36:30.327629,8.0,-13.0,16.0,44.0,-7.0,-38.0,2.0,-15.0,-20.0,66.0,-54.0,-64.0,-1.1199999999999992,-42.18,28.23,35.29,-8.86,0.0,-0.81,-26.23,1.0300000000000011,75.55,-108.88,-43.09
2025-08-13T12:36:30.331738,-81.0,24.0,66.0,24.0,-38.0,39.0,23.0,39.0,-30.0,27.0,15.0,0.0,-90.12,-5.18,78.23,15.29,-39.86,77.0,20.19,27.77,-8.969999999999999,36.55,-39.88,20.91
2025-08-13T12:36:30.338942,-14.0,82.0,27.0,32.0,-11.0,-24.0,5.0,16.0,-71.0,48.0,92.0,8.0,-23.119999999999997,52.82,39.230000000000004,23.29,-12.86,14.0,2.19,4.77,-49.97,57.55,37.12,28.91
2025-08-13T12:36:30.343386,-22.0,103.0,19.0,26.0,-6.0,-44.0,-6.0,81.0,-51.0,-57.0,39.0,-19.0,-31.119999999999997,73.82,31.23,17.29,-7.86,-6.0,-8.81,69.77,-29.97,-47.45,-15.880000000000003,1.9100000000000001
2025-08-13T12:36:30.351031,-55.0,82.0,-23.0,-6.0,-25.0,-16.0,11.0,-19.0,-34.0,-37.0,20.0,4.0,-64.12,52.82,-10.77,-14.71,-26.86,22.0,8.19,-30.23,-12.969999999999999,-27.45,-34.88,24.91
2025-08-13T12:36:30.355589,23.0,62.0,-80.0,58.0,-43.0,-23.0,24.0,47.0,-10.0,-15.0,59.0,-8.0,13.88,32.82,-67.77,49.29,-44.86,15.0,21.19,35.769999999999996,11.030000000000001,-5.449999999999999,4.119999999999997,12.91
2025-08-13T12:36:30.363488,41.0,89.0,-35.0,-33.0,68.0,8.0,54.0,24.0,-15.0,51.0,-38.0,-5.0,31.880000000000003,59.82,-22.77,-41.71,66.14,46.0,51.19,12.77,6.030000000000001,60.55,-92.88,15.91
2025-08-13T12:36:30.367728,30.0,-32.0,-4.0,101.0,-44.0,-75.0,-42.0,11.0,-21.0,22.0,132.0,-37.0,20.880000000000003,-61.18,8.23,92.28999999999999,-45.86,-37.0,-44.81,-0.23000000000000043,0.030000000000001137,31.55,77.12,-16.09
2025-08-13T12:36:30.375715,23.0,31.0,18.0,-12.0,28.0,-47.0,-22.0,18.0,-32.0,-2.0,44.0,-33.0,13.88,1.8200000000000003,30.23,-20.71,26.14,-9.0,-24.81,6.77,-10.969999999999999,7.550000000000001,-10.880000000000003,-12.09
2025-08-13T12:36:30.380165,-51.0,14.0,3.0,19.0,26.0,-60.0,-39.0,-23.0,23.0,56.0,77.0,-1.0,-60.12,-15.18,15.23,10.29,24.14,-22.0,-41.81,-34.230000000000004,44.03,65.55,22.119999999999997,19.91
2025-08-13T12:36:30.387898,-22.0,26.0,-34.0,4.0,-29.0,-37.0,-45.0,-1.0,-43.0,40.0,99.0,-58.0,-31.119999999999997,-3.1799999999999997,-21.77,-4.710000000000001,-30.86,1.0,-47.81,-12.23,-21.97,49.55,44.12,-37.09
2025-08-13T12:36:30.392182,-18.0,99.0,46.0,-29.0,-78.0,-69.0,24.0,12.0,7.0,51.0,-25.0,-39.0,-27.119999999999997,69.82,58.230000000000004,-37.71,-79.86,-31.0,21.19,0.7699999999999996,28.03,60.55,-79.88,-18.09
2025-08-13T12:36:30.400176,-36.0,39.0,33.0,-2.0,20.0,-63.0,-9.0,51.0,58.0,1.0,75.0,7.0,-45.12,9.82,45.230000000000004,-10.71,18.14,-25.0,-11.81,39.769999999999996,79.03,10.55,20.119999999999997,27.91
2025-08-13T12:36:30.404396,-23.0,40.0,-13.0,32.0,-32.0,7.0,-25.0,15.0,17.0,66.0,64.0,-2.0,-32.12,10.82,-0.7699999999999996,23.29,-33.86,45.0,-27.81,3.7699999999999996,38.03,75.55,9.119999999999997,18.91
2025-08-13T12:36:30.412358,-12.0,33.0,-31.0,17.0,-49.0,-102.0,32.0,-2.0,45.0,24.0,90.0,19.0,-21.119999999999997,3.8200000000000003,-18.77,8.29,-50.86,-64.0,29.19,-13.23,66.03,33.55,35.12,39.91
2025-08-13T12:36:30.416774,-26.0,82.0,-36.0,14.0,-21.0,-58.0,-30.0,14.0,-30.0,-5.0,48.0,-28.0,-35.12,52.82,-23.77,5.289999999999999,-22.86,-20.0,-32.81,2.7699999999999996,-8.969999999999999,4.550000000000001,-6.880000000000003,-7.09
2025-08-13T12:36:30.424660,39.0,60.0,-35.0,-78.0,36.0,-12.0,-4.0,67.0,-18.0,-26.0,72.0,-50.0,29.880000000000003,30.82,-22.77,-86.71000000000001,34.14,26.0,-6.8100000000000005,55.769999999999996,3.030000000000001,-16.45,17.119999999999997,-29.09
2025-08-13T12:36:30.428956,50.0,-1.0,29.0,0.0,58.0,-93.0,36.0,14.0,-19.0,-4.0,36.0,-18.0,40.88,-30.18,41.230000000000004,-8.71,56.14,-55.0,33.19,2.7699999999999996,2.030000000000001,5.550000000000001,-18.880000000000003,2.91
2025-08-13T12:36:30.437009,26.0,-19.0,-74.0,-10.0,-10.0,-37.0,63.0,53.0,-21.0,37.0,21.0,-27.0,16.880000000000003,-48.18,-61.769999999999996,-18.71,-11.86,1.0,60.19,41.769999999999996,0.030000000000001137,46.55,-33.88,-6.09
2025-08-13T12:36:30.441273,45.0,-15.0,11.0,41.0,0.0,-29.0,14.0,66.0,-53.0,17.0,43.0,-16.0,35.88,-44.18,23.23,32.29,-1.86,9.0,11.19,54.769999999999996,-31.97,26.55,-11.880000000000003,4.91
2025-08-13T12:36:30.449249,-11.0,48.0,65.0,-44.0,-21.0,34.0,29.0,63.0,-38.0,-55.0,-18.0,-7.0,-20.119999999999997,18.82,77.23,-52.71,-22.86,72.0,26.19,51.769999999999996,-16.97,-45.45,-72.88,13.91
2025-08-13T12:36:30.453541,20.0,-37.0,-1.0,-51.0,11.0,-29.0,59.0,-4.0,3.0,48.0,31.0,-24.0,10.88,-66.18,11.23,-59.71,9.14,9.0,56.19,-15.23,24.03,57.55,-23.880000000000003,-3.09
2025-08-13T12:36:30.465256,-28.0,-4.0,30.0,5.0,35.0,-69.0,54.0,-32.0,-51.0,37.0,43.0,-56.0,-37.12,-33.18,42.230000000000004,-3.710000000000001,33.14,-31.0,51.19,-43.230000000000004,-29.97,46.55,-11.880000000000003,-35.09
2025-08-13T12:36:30.474542,-34.0,-30.0,38.0,30.0,-35.0,-70.0,-1.0,-61.0,-10.0,-71.0,16.0,-16.0,-43.12,-59.18,50.230000000000004,21.29,-36.86,-32.0,-3.81,-72.23,11.030000000000001,-61.45,-38.88,4.91
2025-08-13T12:36:30.482252,-6.0,-24.0,-35.0,34.0,1.0,-54.0,-53.0,-33.0,-6.0,-8.0,4.0,8.0,-15.12,-53.18,-22.77,25.29,-0.8600000000000001,-16.0,-55.81,-44.230000000000004,15.030000000000001,1.5500000000000007,-50.88,28.91
2025-08-13T12:36:30.487831,-17.0,-42.0,41.0,-13.0,-78.0,-60.0,-16.0,-58.0,-16.0,-38.0,24.0,-28.0,-26.119999999999997,-71.18,53.230000000000004,-21.71,-79.86,-22.0,-18.81,-69.23,5.030000000000001,-28.45,-30.880000000000003,-7.09
2025-08-13T12:36:30.491853,-33.0,28.0,2.0,-3.0,-15.0,-58.0,-48.0,33.0,6.0,-41.0,117.0,-58.0,-42.12,-1.1799999999999997,14.23,-11.71,-16.86,-20.0,-50.81,21.77,27.03,-31.45,62.12,-37.09
2025-08-13T12:36:30.495164,-1.0,28.0,46.0,55.0,70.0,-7.0,75.0,75.0,9.0,-12.0,87.0,-7.0,-10.12,-1.1799999999999997,58.230000000000004,46.29,68.14,31.0,72.19,63.769999999999996,30.03,-2.4499999999999993,32.12,13.91
2025-08-13T12:36:30.498724,-6.0,83.0,-52.0,-33.0,10.0,-14.0,42.0,45.0,-22.0,-39.0,41.0,-29.0,-15.12,53.82,-39.769999999999996,-41.71,8.14,24.0,39.19,33.769999999999996,-0.9699999999999989,-29.45,-13.880000000000003,-8.09
2025-08-13T12:36:30.502893,-24.0,111.0,-34.0,-45.0,-45.0,47.0,82.0,24.0,-30.0,33.0,63.0,-28.0,-33.12,81.82,-21.77,-53.71,-46.86,85.0,79.19,12.77,-8.969999999999999,42.55,8.119999999999997,-7.09
2025-08-13T12:36:30.510713,24.0,85.0,26.0,-74.0,14.0,1.0,11.0,-27.0,-38.0,-1.0,115.0,-37.0,14.88,55.82,38.230000000000004,-82.71000000000001,12.14,39.0,8.19,-38.230000000000004,-16.97,8.55,60.12,-16.09
2025-08-13T12:36:30.515280,-17.0,28.0,-41.0,30.0,-60.0,-72.0,54.0,41.0,23.0,15.0,-3.0,10.0,-26.119999999999997,-1.1799999999999997,-28.77,21.29,-61.86,-34.0,51.19,29.77,44.03,24.55,-57.88,30.91
2025-08-13T12:36:30.522950,-4.0,50.0,-53.0,49.0,41.0,-40.0,-31.0,6.0,-41.0,-14.0,111.0,-43.0,-13.12,20.82,-40.769999999999996,40.29,39.14,-2.0,-33.81,-5.23,-19.97,-4.449999999999999,56.12,-22.09
2025-08-13T12:36:30.527242,16.0,-34.0,-6.0,38.0,5.0,-65.0,-19.0,29.0,-60.0,-65.0,7.0,-51.0,6.880000000000001,-63.18,6.23,29.29,3.1399999999999997,-27.0,-21.81,17.77,-38.97,-55.45,-47.88,-30.09
2025-08-13T12:36:30.535471,5.0,73.0,-17.0,-62.0,41.0,-12.0,-22.0,31.0,-20.0,-8.0,85.0,32.0,-4.119999999999999,43.82,-4.77,-70.71000000000001,39.14,26.0,-24.81,19.77,1.0300000000000011,1.5500000000000007,30.119999999999997,52.91
2025-08-13T12:36:30.539466,-62.0,35.0,23.0,26.0,-41.0,-4.0,-48.0,2.0,25.0,17.0,87.0,-57.0,-71.12,5.82,35.230000000000004,17.29,-42.86,34.0,-50.81,-9.23,46.03,26.55,32.12,-36.09
2025-08-13T12:36:30.547657,13.0,-30.0,-7.0,5.0,-5.0,-44.0,-33.0,19.0,-27.0,-1.0,28.0,3.0,3.880000000000001,-59.18,5.23,-3.710000000000001,-6.86,-6.0,-35.81,7.77,-5.969999999999999,8.55,-26.880000000000003,23.91
2025-08-13T12:36:30.551830,60.0,52.0,6.0,17.0,-9.0,-23.0,-26.0,20.0,-41.0,5.0,93.0,-13.0,50.88,22.82,18.23,8.29,-10.86,15.0,-28.81,8.77,-19.97,14.55,38.12,7.91
2025-08-13T12:36:30.560004,84.0,-25.0,18.0,-10.0,-34.0,-14.0,-25.0,12.0,13.0,-17.0,56.0,-37.0,74.88,-54.18,30.23,-18.71,-35.86,24.0,-27.81,0.7699999999999996,34.03,-7.449999999999999,1.1199999999999974,-16.09
2025-08-13T12:36:30.563982,49.0,8.0,38.0,46.0,18.0,-64.0,49.0,4.0,-51.0,-18.0,32.0,5.0,39.88,-21.18,50.230000000000004,37.29,16.14,-26.0,46.19,-7.23,-29.97,-8.45,-22.880000000000003,25.91
2025-08-13T12:36:30.569015,-20.0,21.0,72.0,15.0,19.0,-75.0,35.0,8.0,-5.0,56.0,2.0,-44.0,-29.119999999999997,-8.18,84.23,6.289999999999999,17.14,-37.0,32.19,-3.2300000000000004,16.03,65.55,-52.88,-23.09
2025-08-13T12:36:30.576612,-20.0,7.0,2.0,24.0,23.0,-35.0,36.0,-9.0,-14.0,-10.0,50.0,-45.0,-29.119999999999997,-22.18,14.23,15.29,21.14,3.0,33.19,-20.23,7.030000000000001,-0.4499999999999993,-4.880000000000003,-24.09
2025-08-13T12:36:30.581383,-7.0,8.0,-9.0,28.0,66.0,12.0,-4.0,30.0,32.0,-29.0,4.0,-74.0,-16.119999999999997,-21.18,3.2300000000000004,19.29,64.14,50.0,-6.8100000000000005,18.77,53.03,-19.45,-50.88,-53.09
2025-08-13T12:36:30.588506,-25.0,20.0,12.0,18.0,18.0,-49.0,-13.0,-8.0,-41.0,-4.0,73.0,-75.0,-34.12,-9.18,24.23,9.29,16.14,-11.0,-15.81,-19.23,-19.97,5.550000000000001,18.119999999999997,-54.09
2025-08-13T12:36:30.593699,-88.0,23.0,-46.0,33.0,10.0,-56.0,17.0,53.0,-15.0,26.0,128.0,-34.0,-97.12,-6.18,-33.769999999999996,24.29,8.14,-18.0,14.19,41.769999999999996,6.030000000000001,35.55,73.12,-13.09
2025-08-13T12:36:30.601118,30.0,32.0,34.0,26.0,35.0,-58.0,39.0,-16.0,-8.0,12.0,92.0,3.0,20.880000000000003,2.8200000000000003,46.230000000000004,17.29,33.14,-20.0,36.19,-27.23,13.030000000000001,21.55,37.12,23.91
2025-08-13T12:36:30.605995,34.0,26.0,-5.0,20.0,-35.0,-35.0,-29.0,17.0,-89.0,12.0,-2.0,-39.0,24.880000000000003,-3.1799999999999997,7.23,11.29,-36.86,3.0,-31.81,5.77,-67.97,21.55,-56.88,-18.09
2025-08-13T12:36:30.613052,-1.0,5.0,-8.0,58.0,-8.0,-35.0,6.0,-34.0,-24.0,51.0,73.0,-72.0,-10.12,-24.18,4.23,49.29,-9.86,3.0,3.19,-45.230000000000004,-2.969999999999999,60.55,18.119999999999997,-51.09
2025-08-13T12:36:30.617596,-44.0,-10.0,-19.0,16.0,4.0,-22.0,-3.0,-23.0,-27.0,13.0,119.0,-77.0,-53.12,-39.18,-6.77,7.289999999999999,2.1399999999999997,16.0,-5.8100000000000005,-34.230000000000004,-5.969999999999999,22.55,64.12,-56.09
2025-08-13T12:36:30.625474,-10.0,63.0,-12.0,-17.0,-16.0,-60.0,-18.0,-31.0,-15.0,-16.0,-10.0,-34.0,-19.119999999999997,33.82,0.23000000000000043,-25.71,-17.86,-22.0,-20.81,-42.230000000000004,6.030000000000001,-6.449999999999999,-64.88,-13.09
2025-08-13T12:36:30.630567,48.0,24.0,-49.0,-22.0,-24.0,-58.0,12.0,44.0,13.0,-39.0,39.0,17.0,38.88,-5.18,-36.769999999999996,-30.71,-25.86,-20.0,9.19,32.769999999999996,34.03,-29.45,-15.880000000000003,37.91
2025-08-13T12:36:30.637856,9.0,85.0,-39.0,17.0,35.0,-74.0,-18.0,23.0,-2.0,-21.0,74.0,0.0,-0.11999999999999922,55.82,-26.77,8.29,33.14,-36.0,-20.81,11.77,19.03,-11.45,19.119999999999997,20.91
2025-08-13T12:36:30.642003,-4.0,66.0,15.0,21.0,-70.0,-108.0,-14.0,37.0,-12.0,54.0,86.0,-26.0,-13.12,36.82,27.23,12.29,-71.86,-70.0,-16.81,25.77,9.030000000000001,63.55,31.119999999999997,-5.09
2025-08-13T12:36:30.650246,-62.0,6.0,8.0,-12.0,-51.0,9.0,41.0,17.0,-54.0,0.0,116.0,-18.0,-71.12,-23.18,20.23,-20.71,-52.86,47.0,38.19,5.77,-32.97,9.55,61.12,2.91
2025-08-13T12:36:30.654206,66.0,6.0,-10.0,22.0,65.0,7.0,44.0,28.0,32.0,10.0,67.0,11.0,56.88,-23.18,2.2300000000000004,13.29,63.14,45.0,41.19,16.77,53.03,19.55,12.119999999999997,31.91
2025-08-13T12:36:30.662264,10.0,-2.0,-46.0,12.0,45.0,-37.0,3.0,49.0,-50.0,-23.0,83.0,-67.0,0.8800000000000008,-31.18,-33.769999999999996,3.289999999999999,43.14,1.0,0.18999999999999995,37.769999999999996,-28.97,-13.45,28.119999999999997,-46.09
2025-08-13T12:36:30.666783,78.0,-41.0,-7.0,-41.0,43.0,1.0,-79.0,-10.0,-33.0,6.0,95.0,-24.0,68.88,-70.18,5.23,-49.71,41.14,39.0,-81.81,-21.23,-11.969999999999999,15.55,40.12,-3.09
2025-08-13T12:36:30.674781,0.0,23.0,-92.0,-28.0,3.0,-56.0,-35.0,40.0,-47.0,-54.0,-1.0,-19.0,-9.12,-6.18,-79.77,-36.71,1.14,-18.0,-37.81,28.77,-25.97,-44.45,-55.88,1.9100000000000001
2025-08-13T12:36:30.679364,-16.0,-97.0,-12.0,-91.0,30.0,-38.0,-56.0,61.0,-59.0,-18.0,101.0,-79.0,-25.119999999999997,-126.18,0.23000000000000043,-99.71000000000001,28.14,0.0,-58.81,49.769999999999996,-37.97,-8.45,46.12,-58.09
2025-08-13T12:36:30.687264,-14.0,-1.0,-9.0,-27.0,21.0,-25.0,42.0,11.0,11.0,-57.0,109.0,-19.0,-23.119999999999997,-30.18,3.2300000000000004,-35.71,19.14,13.0,39.19,-0.23000000000000043,32.03,-47.45,54.12,1.9100000000000001
2025-08-13T12:36:30.692108,-43.0,19.0,4.0,6.0,14.0,-94.0,54.0,-26.0,-16.0,29.0,48.0,-7.0,-52.12,-10.18,16.23,-2.710000000000001,12.14,-56.0,51.19,-37.230000000000004,5.030000000000001,38.55,-6.880000000000003,13.91
2025-08-13T12:36:30.699337,-20.0,-47.0,9.0,4.0,35.0,-7.0,1.0,-13.0,-14.0,12.0,17.0,-13.0,-29.119999999999997,-76.18,21.23,-4.710000000000001,33.14,31.0,-1.81,-24.23,7.030000000000001,21.55,-37.88,7.91
2025-08-13T12:36:30.704947,-67.0,-11.0,-12.0,44.0,-16.0,15.0,22.0,-63.0,-10.0,2.0,-9.0,-31.0,-76.12,-40.18,0.23000000000000043,35.29,-17.86,53.0,19.19,-74.23,11.030000000000001,11.55,-63.88,-10.09
2025-08-13T12:36:30.711587,-63.0,61.0,25.0,-19.0,-16.0,-41.0,-30.0,42.0,37.0,19.0,26.0,-101.0,-72.12,31.82,37.230000000000004,-27.71,-17.86,-3.0,-32.81,30.77,58.03,28.55,-28.880000000000003,-80.09
2025-08-13T12:36:30.716876,10.0,9.0,-78.0,31.0,-20.0,8.0,11.0,18.0,-52.0,15.0,-4.0,-2.0,0.8800000000000008,-20.18,-65.77,22.29,-21.86,46.0,8.19,6.77,-30.97,24.55,-58.88,18.91
2025-08-13T12:36:30.723939,42.0,41.0,11.0,-34.0,-39.0,-2.0,-18.0,25.0,-8.0,47.0,36.0,18.0,32.88,11.82,23.23,-42.71,-40.86,36.0,-20.81,13.77,13.030000000000001,56.55,-18.880000000000003,38.91
2025-08-13T12:36:30.728414,52.0,66.0,-34.0,70.0,26.0,-10.0,31.0,-46.0,-32.0,-41.0,90.0,-9.0,42.88,36.82,-21.77,61.29,24.14,28.0,28.19,-57.230000000000004,-10.969999999999999,-31.45,35.12,11.91
2025-08-13T12:36:30.735964,42.0,-25.0,-62.0,-15.0,53.0,-26.0,23.0,6.0,-61.0,26.0,44.0,-13.0,32.88,-54.18,-49.769999999999996,-23.71,51.14,12.0,20.19,-5.23,-39.97,35.55,-10.880000000000003,7.91
2025-08-13T12:36:30.741609,57.0,-13.0,-69.0,-19.0,38.0,-4.0,30.0,-10.0,-31.0,-28.0,91.0,3.0,47.88,-42.18,-56.769999999999996,-27.71,36.14,34.0,27.19,-21.23,-9.969999999999999,-18.45,36.12,23.91
2025-08-13T12:36:30.748691,73.0,6.0,-31.0,-3.0,-17.0,-67.0,-2.0,-10.0,-59.0,-56.0,46.0,-17.0,63.88,-23.18,-18.77,-11.71,-18.86,-29.0,-4.8100000000000005,-21.23,-37.97,-46.45,-8.880000000000003,3.91
2025-08-13T12:36:30.752870,107.0,-4.0,-1.0,19.0,15.0,-18.0,-13.0,11.0,-29.0,-34.0,68.0,-17.0,97.88,-33.18,11.23,10.29,13.14,20.0,-15.81,-0.23000000000000043,-7.969999999999999,-24.45,13.119999999999997,3.91
2025-08-13T12:36:30.760610,66.0,56.0,58.0,-6.0,-32.0,-82.0,68.0,-49.0,-23.0,-23.0,62.0,-70.0,56.88,26.82,70.23,-14.71,-33.86,-44.0,65.19,-60.230000000000004,-1.9699999999999989,-13.45,7.119999999999997,-49.09
2025-08-13T12:36:30.765496,42.0,-3.0,7.0,-16.0,-32.0,-28.0,1.0,-37.0,17.0,11.0,45.0,-67.0,32.88,-32.18,19.23,-24.71,-33.86,10.0,-1.81,-48.230000000000004,38.03,20.55,-9.880000000000003,-46.09
2025-08-13T12:36:30.769405,22.0,25.0,12.0,42.0,23.0,-24.0,0.0,10.0,-51.0,-61.0,39.0,-44.0,12.88,-4.18,24.23,33.29,21.14,14.0,-2.81,-1.2300000000000004,-29.97,-51.45,-15.880000000000003,-23.09
2025-08-13T12:36:30.777274,-18.0,33.0,38.0,77.0,48.0,-32.0,2.0,35.0,-8.0,-3.0,-16.0,-43.0,-27.119999999999997,3.8200000000000003,50.230000000000004,68.28999999999999,46.14,6.0,-0.81,23.77,13.030000000000001,6.550000000000001,-70.88,-22.09
2025-08-13T12:36:30.782516,-31.0,-25.0,-10.0,50.0,-19.0,-77.0,-50.0,18.0,13.0,2.0,97.0,-1.0,-40.12,-54.18,2.2300000000000004,41.29,-20.86,-39.0,-52.81,6.77,34.03,11.55,42.12,19.91
2025-08-13T12:36:30.789737,-12.0,10.0,51.0,41.0,35.0,-57.0,-7.0,1.0,-5.0,-3.0,37.0,-36.0,-21.119999999999997,-19.18,63.230000000000004,32.29,33.14,-19.0,-9.81,-10.23,16.03,6.550000000000001,-17.880000000000003,-15.09
2025-08-13T12:36:30.794938,-34.0,2.0,4.0,65.0,-16.0,-53.0,-39.0,78.0,41.0,-14.0,52.0,-71.0,-43.12,-27.18,16.23,56.29,-17.86,-15.0,-41.81,66.77,62.03,-4.449999999999999,-2.8800000000000026,-50.09
2025-08-13T12:36:30.802539,-7.0,12.0,-24.0,54.0,-4.0,-30.0,38.0,-25.0,14.0,-59.0,36.0,-24.0,-16.119999999999997,-17.18,-11.77,45.29,-5.86,8.0,35.19,-36.230000000000004,35.03,-49.45,-18.880000000000003,-3.09
2025-08-13T12:36:30.807011,-62.0,-16.0,20.0,10.0,56.0,15.0,0.0,82.0,3.0,-80.0,52.0,26.0,-71.12,-45.18,32.230000000000004,1.2899999999999991,54.14,53.0,-2.81,70.77,24.03,-70.45,-2.8800000000000026,46.91
2025-08-13T12:36:30.814586,28.0,-2.0,-34.0,-14.0,-30.0,-59.0,19.0,28.0,0.0,6.0,25.0,66.0,18.880000000000003,-31.18,-21.77,-22.71,-31.86,-21.0,16.19,16.77,21.03,15.55,-29.880000000000003,86.91
2025-08-13T12:36:30.818545,-33.0,15.0,30.0,-37.0,-7.0,-17.0,-6.0,39.0,-47.0,-14.0,63.0,-20.0,-42.12,-14.18,42.230000000000004,-45.71,-8.86,21.0,-8.81,27.77,-25.97,-4.449999999999999,8.119999999999997,0.9100000000000001
2025-08-13T12:36:30.826395,49.0,20.0,-80.0,36.0,6.0,-29.0,69.0,8.0,-12.0,-4.0,54.0,-10.0,39.88,-9.18,-67.77,27.29,4.14,9.0,66.19,-3.2300000000000004,9.030000000000001,5.550000000000001,-0.8800000000000026,10.91
2025-08-13T12:36:30.830507,-24.0,51.0,-9.0,12.0,12.0,-62.0,-7.0,-26.0,-36.0,-74.0,11.0,0.0,-33.12,21.82,3.2300000000000004,3.289999999999999,10.14,-24.0,-9.81,-37.230000000000004,-14.969999999999999,-64.45,-43.88,20.91
2025-08-13T12:36:30.838778,2.0,48.0,-17.0,75.0,13.0,-19.0,35.0,27.0,-39.0,-37.0,73.0,-34.0,-7.119999999999999,18.82,-4.77,66.28999999999999,11.14,19.0,32.19,15.77,-17.97,-27.45,18.119999999999997,-13.09
2025-08-13T12:36:30.843399,55.0,21.0,12.0,27.0,26.0,-37.0,-14.0,-15.0,-90.0,-8.0,94.0,22.0,45.88,-8.18,24.23,18.29,24.14,1.0,-16.81,-26.23,-68.97,1.5500000000000007,39.12,42.91
2025-08-13T12:36:30.851126,42.0,28.0,-91.0,49.0,8.0,-60.0,57.0,17.0,-73.0,-46.0,70.0,-51.0,32.88,-1.1799999999999997,-78.77,40.29,6.14,-22.0,54.19,5.77,-51.97,-36.45,15.119999999999997,-30.09
2025-08-13T12:36:30.855676,-3.0,52.0,-38.0,-6.0,-21.0,19.0,-2.0,-63.0,-44.0,-27.0,48.0,-19.0,-12.12,22.82,-25.77,-14.71,-22.86,57.0,-4.8100000000000005,-74.23,-22.97,-17.45,-6.880000000000003,1.9100000000000001
2025-08-13T12:36:30.863281,25.0,59.0,-9.0,53.0,11.0,-10.0,22.0,17.0,18.0,46.0,35.0,-62.0,15.88,29.82,3.2300000000000004,44.29,9.14,28.0,19.19,5.77,39.03,55.55,-19.880000000000003,-41.09
2025-08-13T12:36:30.867967,55.0,54.0,-75.0,28.0,-3.0,-89.0,43.0,-4.0,0.0,-8.0,76.0,-67.0,45.88,24.82,-62.769999999999996,19.29,-4.86,-51.0,40.19,-15.23,21.03,1.5500000000000007,21.119999999999997,-46.09
2025-08-13T12:36:30.875465,45.0,18.0,21.0,-5.0,58.0,-53.0,100.0,5.0,-48.0,-36.0,82.0,-2.0,35.88,-11.18,33.230000000000004,-13.71,56.14,-15.0,97.19,-6.23,-26.97,-26.45,27.119999999999997,18.91
2025-08-13T12:36:30.880171,24.0,-49.0,40.0,-6.0,24.0,-47.0,7.0,2.0,-7.0,-13.0,138.0,4.0,14.88,-78.18,52.230000000000004,-14.71,22.14,-9.0,4.1899999999999995,-9.23,14.030000000000001,-3.4499999999999993,83.12,24.91
2025-08-13T12:36:30.887617,14.0,41.0,-95.0,-26.0,-13.0,0.0,63.0,-70.0,16.0,-3.0,28.0,-52.0,4.880000000000001,11.82,-82.77,-34.71,-14.86,38.0,60.19,-81.23,37.03,6.550000000000001,-26.880000000000003,-31.09
2025-08-13T12:36:30.892825,-6.0,-14.0,-65.0,24.0,-14.0,-42.0,29.0,9.0,-38.0,22.0,34.0,-40.0,-15.12,-43.18,-52.769999999999996,15.29,-15.86,-4.0,26.19,-2.2300000000000004,-16.97,31.55,-20.880000000000003,-19.09
2025-08-13T12:36:30.899885,31.0,63.0,-38.0,27.0,22.0,-46.0,-82.0,-57.0,13.0,-20.0,63.0,-66.0,21.880000000000003,33.82,-25.77,18.29,20.14,-8.0,-84.81,-68.23,34.03,-10.45,8.119999999999997,-45.09
2025-08-13T12:36:30.904814,73.0,7.0,8.0,47.0,-53.0,-76.0,36.0,108.0,20.0,8.0,62.0,-31.0,63.88,-22.18,20.23,38.29,-54.86,-38.0,33.19,96.77,41.03,17.55,7.119999999999997,-10.09
2025-08-13T12:36:30.912036,-40.0,51.0,-59.0,-27.0,-23.0,-55.0,-1.0,15.0,27.0,-24.0,36.0,-50.0,-49.12,21.82,-46.769999999999996,-35.71,-24.86,-17.0,-3.81,3.7699999999999996,48.03,-14.45,-18.880000000000003,-29.09
2025-08-13T12:36:30.916296,-16.0,-7.0,38.0,41.0,72.0,30.0,1.0,-41.0,-25.0,41.0,48.0,8.0,-25.119999999999997,-36.18,50.230000000000004,32.29,70.14,68.0,-1.81,-52.230000000000004,-3.969999999999999,50.55,-6.880000000000003,28.91
2025-08-13T12:36:30.922242,6.0,-8.0,-2.0,114.0,-9.0,-58.0,-63.0,28.0,-53.0,61.0,46.0,-62.0,-3.119999999999999,-37.18,10.23,105.28999999999999,-10.86,-20.0,-65.81,16.77,-31.97,70.55,-8.880000000000003,-41.09
2025-08-13T12:36:30.928736,40.0,42.0,-9.0,-27.0,-3.0,-71.0,-32.0,42.0,-4.0,-5.0,132.0,-31.0,30.880000000000003,12.82,3.2300000000000004,-35.71,-4.86,-33.0,-34.81,30.77,17.03,4.550000000000001,77.12,-10.09
2025-08-13T12:36:30.934534,-23.0,-3.0,-16.0,43.0,-30.0,-61.0,-56.0,31.0,-21.0,-21.0,29.0,-61.0,-32.12,-32.18,-3.7699999999999996,34.29,-31.86,-23.0,-58.81,19.77,0.030000000000001137,-11.45,-25.880000000000003,-40.09
2025-08-13T12:36:30.940957,-13.0,-5.0,57.0,35.0,-36.0,-66.0,33.0,41.0,-13.0,-21.0,48.0,11.0,-22.119999999999997,-34.18,69.23,26.29,-37.86,-28.0,30.19,29.77,8.030000000000001,-11.45,-6.880000000000003,31.91
2025-08-13T12:36:30.946626,-8.0,75.0,14.0,20.0,-2.0,-24.0,51.0,-54.0,-38.0,5.0,59.0,-63.0,-17.119999999999997,45.82,26.23,11.29,-3.8600000000000003,14.0,48.19,-65.23,-16.97,14.55,4.119999999999997,-42.09
2025-08-13T12:36:30.953362,-114.0,6.0,7.0,36.0,30.0,-25.0,33.0,43.0,-51.0,-56.0,-1.0,-48.0,-123.12,-23.18,19.23,27.29,28.14,13.0,30.19,31.77,-29.97,-46.45,-55.88,-27.09
2025-08-13T12:36:30.957552,7.0,43.0,40.0,-1.0,64.0,-20.0,22.0,54.0,-3.0,27.0,70.0,43.0,-2.119999999999999,13.82,52.230000000000004,-9.71,62.14,18.0,19.19,42.769999999999996,18.03,36.55,15.119999999999997,63.91
2025-08-13T12:36:30.965542,-9.0,39.0,-30.0,-16.0,-4.0,-51.0,74.0,37.0,6.0,18.0,64.0,-11.0,-18.119999999999997,9.82,-17.77,-24.71,-5.86,-13.0,71.19,25.77,27.03,27.55,9.119999999999997,9.91
2025-08-13T12:36:30.970173,-2.0,52.0,57.0,61.0,1.0,-91.0,-5.0,70.0,-87.0,15.0,64.0,5.0,-11.12,22.82,69.23,52.29,-0.8600000000000001,-53.0,-7.8100000000000005,58.769999999999996,-65.97,24.55,9.119999999999997,25.91
2025-08-13T12:36:30.977770,-58.0,-21.0,28.0,59.0,-4.0,-32.0,8.0,-13.0,-19.0,-29.0,11.0,-26.0,-67.12,-50.18,40.230000000000004,50.29,-5.86,6.0,5.1899999999999995,-24.23,2.030000000000001,-19.45,-43.88,-5.09
2025-08-13T12:36:30.981900,-9.0,-3.0,21.0,21.0,-3.0,-87.0,2.0,17.0,-40.0,-73.0,36.0,-28.0,-18.119999999999997,-32.18,33.230000000000004,12.29,-4.86,-49.0,-0.81,5.77,-18.97,-63.45,-18.880000000000003,-7.09
2025-08-13T12:36:30.989879,-29.0,9.0,72.0,-15.0,10.0,-96.0,14.0,48.0,47.0,-2.0,30.0,3.0,-38.12,-20.18,84.23,-23.71,8.14,-58.0,11.19,36.769999999999996,68.03,7.550000000000001,-24.880000000000003,23.91
2025-08-13T12:36:30.994221,-29.0,-11.0,9.0,-70.0,11.0,-39.0,37.0,21.0,-11.0,-21.0,29.0,-12.0,-38.12,-40.18,21.23,-78.71000000000001,9.14,-1.0,34.19,9.77,10.030000000000001,-11.45,-25.880000000000003,8.91
2025-08-13T12:36:31.002107,26.0,58.0,105.0,-16.0,8.0,-51.0,12.0,-7.0,4.0,3.0,49.0,2.0,16.880000000000003,28.82,117.23,-24.71,6.14,-13.0,9.19,-18.23,25.03,12.55,-5.880000000000003,22.91
2025-08-13T12:36:31.006892,38.0,65.0,-38.0,-4.0,25.0,2.0,49.0,-48.0,-12.0,-83.0,93.0,-15.0,28.880000000000003,35.82,-25.77,-12.71,23.14,40.0,46.19,-59.230000000000004,9.030000000000001,-73.45,38.12,5.91
2025-08-13T12:36:31.014527,0.0,13.0,10.0,-2.0,-20.0,-33.0,-27.0,62.0,2.0,36.0,113.0,-61.0,-9.12,-16.18,22.23,-10.71,-21.86,5.0,-29.81,50.769999999999996,23.03,45.55,58.12,-40.09
2025-08-13T12:36:31.020260,54.0,41.0,-16.0,-28.0,-7.0,-80.0,5.0,87.0,14.0,25.0,75.0,-48.0,44.88,11.82,-3.7699999999999996,-36.71,-8.86,-42.0,2.19,75.77,35.03,34.55,20.119999999999997,-27.09
2025-08-13T12:36:31.026822,14.0,115.0,22.0,20.0,-22.0,-30.0,-5.0,10.0,1.0,-1.0,27.0,-29.0,4.880000000000001,85.82,34.230000000000004,11.29,-23.86,8.0,-7.8100000000000005,-1.2300000000000004,22.03,8.55,-27.880000000000003,-8.09
