timestamp,x1,y1,z1,x2,y2,z2,x3,y3,z3,x4,y4,z4,x1_calib,y1_calib,z1_calib,x2_calib,y2_calib,z2_calib,x3_calib,y3_calib,z3_calib,x4_calib,y4_calib,z4_calib
2025-08-13T12:28:00.902319,-44.0,38.0,-51.0,6.0,19.0,-44.0,-2.0,-9.0,36.0,-32.0,116.0,-43.0,-31.810000000000002,7.640000000000001,-33.269999999999996,-4.33,7.34,-10.340000000000003,-4.48,-19.04,55.5,-20.18,74.06,-14.27
2025-08-13T12:28:00.910424,3.0,36.0,11.0,0.0,44.0,-46.0,-21.0,34.0,9.0,45.0,11.0,-25.0,15.19,5.640000000000001,28.73,-10.33,32.34,-12.340000000000003,-23.48,23.96,28.5,56.82,-30.939999999999998,3.7300000000000004
2025-08-13T12:28:00.916355,-60.0,33.0,19.0,55.0,-2.0,7.0,40.0,-12.0,45.0,-55.0,86.0,-46.0,-47.81,2.6400000000000006,36.730000000000004,44.67,-13.66,40.66,37.52,-22.04,64.5,-43.18,44.06,-17.27
2025-08-13T12:28:00.920048,-49.0,54.0,26.0,-14.0,-4.0,20.0,-46.0,5.0,3.0,-25.0,53.0,-47.0,-36.81,23.64,43.730000000000004,-24.33,-15.66,53.66,-48.48,-5.039999999999999,22.5,-13.18,11.060000000000002,-18.27
2025-08-13T12:28:00.923133,-31.0,74.0,12.0,-29.0,-11.0,-90.0,1.0,39.0,-43.0,-13.0,56.0,-46.0,-18.810000000000002,43.64,29.73,-39.33,-22.66,-56.34,-1.48,28.96,-23.5,-1.1799999999999997,14.060000000000002,-17.27
2025-08-13T12:28:00.928082,16.0,48.0,-16.0,59.0,3.0,-51.0,-6.0,35.0,2.0,-35.0,-57.0,-45.0,28.189999999999998,17.64,1.7300000000000004,48.67,-8.66,-17.340000000000003,-8.48,24.96,21.5,-23.18,-98.94,-16.27
2025-08-13T12:28:00.932598,-30.0,95.0,-10.0,27.0,29.0,-57.0,-48.0,23.0,-40.0,41.0,26.0,-18.0,-17.810000000000002,64.64,7.73,16.67,17.34,-23.340000000000003,-50.48,12.96,-20.5,52.82,-15.939999999999998,10.73
2025-08-13T12:28:00.940324,-24.0,6.0,-37.0,-45.0,59.0,-46.0,-8.0,47.0,-25.0,-19.0,63.0,-56.0,-11.81,-24.36,-19.27,-55.33,47.34,-12.340000000000003,-10.48,36.96,-5.5,-7.18,21.060000000000002,-27.27
2025-08-13T12:28:00.944878,7.0,39.0,18.0,-14.0,67.0,-38.0,-7.0,-50.0,-11.0,-40.0,14.0,0.0,19.189999999999998,8.64,35.730000000000004,-24.33,55.34,-4.340000000000003,-9.48,-60.04,8.5,-28.18,-27.939999999999998,28.73
2025-08-13T12:28:00.952542,-34.0,60.0,-38.0,40.0,17.0,-42.0,58.0,-53.0,-55.0,-33.0,48.0,-28.0,-21.810000000000002,29.64,-20.27,29.67,5.34,-8.340000000000003,55.52,-63.04,-35.5,-21.18,6.060000000000002,0.7300000000000004
2025-08-13T12:28:00.956736,-21.0,46.0,23.0,-20.0,-1.0,-10.0,-14.0,41.0,-22.0,25.0,53.0,-22.0,-8.81,15.64,40.730000000000004,-30.33,-12.66,23.659999999999997,-16.48,30.96,-2.5,36.82,11.060000000000002,6.73
2025-08-13T12:28:00.964923,50.0,60.0,43.0,68.0,10.0,-18.0,-7.0,-9.0,32.0,-7.0,34.0,-3.0,62.19,29.64,60.730000000000004,57.67,-1.6600000000000001,15.659999999999997,-9.48,-19.04,51.5,4.82,-7.939999999999998,25.73
2025-08-13T12:28:00.969141,-27.0,-18.0,26.0,52.0,6.0,-103.0,-32.0,31.0,4.0,-20.0,93.0,-62.0,-14.81,-48.36,43.730000000000004,41.67,-5.66,-69.34,-34.48,20.96,23.5,-8.18,51.06,-33.269999999999996
2025-08-13T12:28:00.977126,32.0,-20.0,26.0,29.0,54.0,-26.0,-25.0,-2.0,18.0,-39.0,74.0,-19.0,44.19,-50.36,43.730000000000004,18.67,42.34,7.659999999999997,-27.48,-12.04,37.5,-27.18,32.06,9.73
2025-08-13T12:28:00.981280,-74.0,32.0,10.0,43.0,-14.0,-52.0,54.0,13.0,4.0,-6.0,35.0,-53.0,-61.81,1.6400000000000006,27.73,32.67,-25.66,-18.340000000000003,51.52,2.960000000000001,23.5,5.82,-6.939999999999998,-24.27
2025-08-13T12:28:00.989550,-52.0,16.0,30.0,25.0,34.0,-61.0,-47.0,12.0,45.0,-22.0,37.0,-1.0,-39.81,-14.36,47.730000000000004,14.67,22.34,-27.340000000000003,-49.48,1.9600000000000009,64.5,-10.18,-4.939999999999998,27.73
2025-08-13T12:28:00.993725,5.0,-9.0,-4.0,41.0,-48.0,-50.0,40.0,24.0,58.0,-10.0,25.0,-35.0,17.189999999999998,-39.36,13.73,30.67,-59.66,-16.340000000000003,37.52,13.96,77.5,1.8200000000000003,-16.939999999999998,-6.27
2025-08-13T12:28:01.001711,-14.0,93.0,-31.0,47.0,-31.0,-29.0,-30.0,25.0,1.0,-46.0,41.0,-42.0,-1.8100000000000005,62.64,-13.27,36.67,-42.66,4.659999999999997,-32.48,14.96,20.5,-34.18,-0.9399999999999977,-13.27
2025-08-13T12:28:01.006094,-18.0,48.0,-13.0,-10.0,-2.0,-2.0,49.0,41.0,6.0,27.0,45.0,-35.0,-5.8100000000000005,17.64,4.73,-20.33,-13.66,31.659999999999997,46.52,30.96,25.5,38.82,3.0600000000000023,-6.27
2025-08-13T12:28:01.014057,-31.0,11.0,-48.0,10.0,17.0,-31.0,10.0,18.0,49.0,-20.0,20.0,-44.0,-18.810000000000002,-19.36,-30.27,-0.33000000000000007,5.34,2.6599999999999966,7.52,7.960000000000001,68.5,-8.18,-21.939999999999998,-15.27
2025-08-13T12:28:01.018500,-47.0,35.0,-62.0,25.0,31.0,-31.0,62.0,-23.0,-24.0,-40.0,13.0,-23.0,-34.81,4.640000000000001,-44.269999999999996,14.67,19.34,2.6599999999999966,59.52,-33.04,-4.5,-28.18,-28.939999999999998,5.73
2025-08-13T12:28:01.026483,35.0,67.0,-56.0,-18.0,49.0,-54.0,-14.0,-97.0,-7.0,-101.0,67.0,-40.0,47.19,36.64,-38.269999999999996,-28.33,37.34,-20.340000000000003,-16.48,-107.03999999999999,12.5,-89.18,25.060000000000002,-11.27
2025-08-13T12:28:01.031854,-30.0,43.0,-26.0,44.0,1.0,-48.0,15.0,11.0,-39.0,-23.0,53.0,-14.0,-17.810000000000002,12.64,-8.27,33.67,-10.66,-14.340000000000003,12.52,0.9600000000000009,-19.5,-11.18,11.060000000000002,14.73
2025-08-13T12:28:01.039378,-8.0,4.0,16.0,-30.0,25.0,-75.0,-10.0,-25.0,54.0,-7.0,116.0,-53.0,4.1899999999999995,-26.36,33.730000000000004,-40.33,13.34,-41.34,-12.48,-35.04,73.5,4.82,74.06,-24.27
2025-08-13T12:28:01.044579,-2.0,36.0,10.0,89.0,-2.0,-24.0,-37.0,54.0,23.0,2.0,80.0,-51.0,10.19,5.640000000000001,27.73,78.67,-13.66,9.659999999999997,-39.48,43.96,42.5,13.82,38.06,-22.27
2025-08-13T12:28:01.053989,34.0,-12.0,-38.0,-6.0,40.0,-60.0,13.0,32.0,12.0,-1.0,59.0,-26.0,46.19,-42.36,-20.27,-16.33,28.34,-26.340000000000003,10.52,21.96,31.5,10.82,17.060000000000002,2.7300000000000004
2025-08-13T12:28:01.059984,39.0,82.0,-43.0,32.0,8.0,-85.0,-24.0,58.0,2.0,-41.0,56.0,-10.0,51.19,51.64,-25.27,21.67,-3.66,-51.34,-26.48,47.96,21.5,-29.18,14.060000000000002,18.73
2025-08-13T12:28:01.066387,23.0,35.0,-63.0,28.0,-29.0,-47.0,3.0,-61.0,4.0,6.0,-24.0,-43.0,35.19,4.640000000000001,-45.269999999999996,17.67,-40.66,-13.340000000000003,0.52,-71.03999999999999,23.5,17.82,-65.94,-14.27
2025-08-13T12:28:01.071627,42.0,18.0,-50.0,58.0,57.0,-53.0,-32.0,5.0,-19.0,-34.0,96.0,-99.0,54.19,-12.36,-32.269999999999996,47.67,45.34,-19.340000000000003,-34.48,-5.039999999999999,0.5,-22.18,54.06,-70.27
2025-08-13T12:28:01.076082,-50.0,-9.0,-29.0,19.0,-41.0,22.0,37.0,107.0,-44.0,-38.0,-88.0,-29.0,-37.81,-39.36,-11.27,8.67,-52.66,55.66,34.52,96.96000000000001,-24.5,-26.18,-129.94,-0.2699999999999996
2025-08-13T12:28:01.080679,-5.0,41.0,-41.0,-38.0,14.0,-16.0,23.0,12.0,-34.0,-33.0,-1.0,-48.0,7.1899999999999995,10.64,-23.27,-48.33,2.34,17.659999999999997,20.52,1.9600000000000009,-14.5,-21.18,-42.94,-19.27
2025-08-13T12:28:01.087740,-44.0,50.0,-1.0,20.0,-19.0,-83.0,17.0,-23.0,-83.0,-72.0,-36.0,-17.0,-31.810000000000002,19.64,16.73,9.67,-30.66,-49.34,14.52,-33.04,-63.5,-60.18,-77.94,11.73
2025-08-13T12:28:01.092021,4.0,66.0,-25.0,33.0,16.0,12.0,-57.0,23.0,42.0,-100.0,7.0,-26.0,16.189999999999998,35.64,-7.27,22.67,4.34,45.66,-59.48,12.96,61.5,-88.18,-34.94,2.7300000000000004
2025-08-13T12:28:01.099976,-26.0,36.0,-84.0,70.0,1.0,-19.0,-37.0,62.0,23.0,-13.0,35.0,-47.0,-13.81,5.640000000000001,-66.27,59.67,-10.66,14.659999999999997,-39.48,51.96,42.5,-1.1799999999999997,-6.939999999999998,-18.27
2025-08-13T12:28:01.104225,6.0,44.0,-30.0,-44.0,-37.0,-2.0,-10.0,39.0,45.0,-10.0,36.0,-38.0,18.189999999999998,13.64,-12.27,-54.33,-48.66,31.659999999999997,-12.48,28.96,64.5,1.8200000000000003,-5.939999999999998,-9.27
2025-08-13T12:28:01.112312,-21.0,31.0,-89.0,35.0,77.0,25.0,-23.0,83.0,51.0,-5.0,103.0,-51.0,-8.81,0.6400000000000006,-71.27,24.67,65.34,58.66,-25.48,72.96000000000001,70.5,6.82,61.06,-22.27
2025-08-13T12:28:01.116518,-8.0,1.0,-60.0,28.0,34.0,-25.0,20.0,7.0,-55.0,5.0,2.0,-45.0,4.1899999999999995,-29.36,-42.269999999999996,17.67,22.34,8.659999999999997,17.52,-3.039999999999999,-35.5,16.82,-39.94,-16.27
2025-08-13T12:28:01.124661,-87.0,98.0,2.0,34.0,0.0,-15.0,-47.0,0.0,-85.0,-16.0,50.0,-24.0,-74.81,67.64,19.73,23.67,-11.66,18.659999999999997,-49.48,-10.04,-65.5,-4.18,8.060000000000002,4.73
2025-08-13T12:28:01.128788,24.0,23.0,-48.0,1.0,63.0,-21.0,43.0,23.0,-14.0,38.0,67.0,-49.0,36.19,-7.359999999999999,-30.27,-9.33,51.34,12.659999999999997,40.52,12.96,5.5,49.82,25.060000000000002,-20.27
2025-08-13T12:28:01.136718,-38.0,59.0,-70.0,46.0,-1.0,-30.0,-7.0,3.0,-99.0,-48.0,53.0,14.0,-25.810000000000002,28.64,-52.269999999999996,35.67,-12.66,3.6599999999999966,-9.48,-7.039999999999999,-79.5,-36.18,11.060000000000002,42.730000000000004
2025-08-13T12:28:01.141225,46.0,15.0,-39.0,55.0,60.0,-48.0,15.0,51.0,-43.0,-42.0,76.0,-2.0,58.19,-15.36,-21.27,44.67,48.34,-14.340000000000003,12.52,40.96,-23.5,-30.18,34.06,26.73
2025-08-13T12:28:01.145403,8.0,36.0,-28.0,48.0,18.0,-20.0,-7.0,10.0,7.0,-21.0,76.0,7.0,20.189999999999998,5.640000000000001,-10.27,37.67,6.34,13.659999999999997,-9.48,-0.03999999999999915,26.5,-9.18,34.06,35.730000000000004
2025-08-13T12:28:01.153343,-28.0,-13.0,-31.0,-11.0,6.0,-51.0,-11.0,-61.0,-53.0,-76.0,22.0,-41.0,-15.81,-43.36,-13.27,-21.33,-5.66,-17.340000000000003,-13.48,-71.03999999999999,-33.5,-64.18,-19.939999999999998,-12.27
2025-08-13T12:28:01.161419,18.0,-66.0,4.0,45.0,-7.0,-17.0,50.0,-12.0,38.0,-12.0,-19.0,-34.0,30.189999999999998,-96.36,21.73,34.67,-18.66,16.659999999999997,47.52,-22.04,57.5,-0.17999999999999972,-60.94,-5.27
2025-08-13T12:28:01.165620,-8.0,33.0,1.0,-39.0,35.0,-39.0,-53.0,-35.0,-6.0,-17.0,53.0,-41.0,4.1899999999999995,2.6400000000000006,18.73,-49.33,23.34,-5.340000000000003,-55.48,-45.04,13.5,-5.18,11.060000000000002,-12.27
2025-08-13T12:28:01.173726,-20.0,15.0,-3.0,-6.0,5.0,-17.0,-29.0,77.0,-49.0,-21.0,63.0,-14.0,-7.8100000000000005,-15.36,14.73,-16.33,-6.66,16.659999999999997,-31.48,66.96000000000001,-29.5,-9.18,21.060000000000002,14.73
2025-08-13T12:28:01.177904,32.0,31.0,-11.0,-64.0,0.0,9.0,4.0,23.0,-32.0,-59.0,50.0,10.0,44.19,0.6400000000000006,6.73,-74.33,-11.66,42.66,1.52,12.96,-12.5,-47.18,8.060000000000002,38.730000000000004
2025-08-13T12:28:01.182198,-21.0,10.0,-29.0,81.0,3.0,-4.0,14.0,6.0,-2.0,-44.0,89.0,-4.0,-8.81,-20.36,-11.27,70.67,-8.66,29.659999999999997,11.52,-4.039999999999999,17.5,-32.18,47.06,24.73
2025-08-13T12:28:01.190186,-35.0,7.0,-62.0,-22.0,36.0,-48.0,44.0,12.0,-19.0,37.0,92.0,-22.0,-22.810000000000002,-23.36,-44.269999999999996,-32.33,24.34,-14.340000000000003,41.52,1.9600000000000009,0.5,48.82,50.06,6.73
2025-08-13T12:28:01.194557,-3.0,-14.0,-11.0,12.0,-23.0,-50.0,-67.0,42.0,14.0,3.0,82.0,13.0,9.19,-44.36,6.73,1.67,-34.66,-16.340000000000003,-69.48,31.96,33.5,14.82,40.06,41.730000000000004
2025-08-13T12:28:01.202387,-14.0,10.0,-1.0,0.0,-40.0,14.0,34.0,68.0,-46.0,-15.0,8.0,-37.0,-1.8100000000000005,-20.36,16.73,-10.33,-51.66,47.66,31.52,57.96,-26.5,-3.1799999999999997,-33.94,-8.27
2025-08-13T12:28:01.207394,-93.0,76.0,7.0,6.0,-40.0,-28.0,9.0,45.0,1.0,-6.0,86.0,-111.0,-80.81,45.64,24.73,-4.33,-51.66,5.659999999999997,6.52,34.96,20.5,5.82,44.06,-82.27
2025-08-13T12:28:01.214634,-39.0,17.0,-31.0,16.0,49.0,6.0,-8.0,-32.0,-35.0,-22.0,60.0,-93.0,-26.810000000000002,-13.36,-13.27,5.67,37.34,39.66,-10.48,-42.04,-15.5,-10.18,18.060000000000002,-64.27
2025-08-13T12:28:01.219850,-22.0,71.0,-55.0,49.0,6.0,-14.0,13.0,77.0,-25.0,-51.0,103.0,-79.0,-9.81,40.64,-37.269999999999996,38.67,-5.66,19.659999999999997,10.52,66.96000000000001,-5.5,-39.18,61.06,-50.269999999999996
2025-08-13T12:28:01.227063,-16.0,6.0,-76.0,-31.0,73.0,-34.0,16.0,-41.0,-57.0,25.0,53.0,-67.0,-3.8100000000000005,-24.36,-58.269999999999996,-41.33,61.34,-0.3400000000000034,13.52,-51.04,-37.5,36.82,11.060000000000002,-38.269999999999996
2025-08-13T12:28:01.231452,-23.0,62.0,-90.0,49.0,-12.0,-26.0,-18.0,4.0,27.0,33.0,17.0,-57.0,-10.81,31.64,-72.27,38.67,-23.66,7.659999999999997,-20.48,-6.039999999999999,46.5,44.82,-24.939999999999998,-28.27
2025-08-13T12:28:01.239309,-51.0,38.0,-41.0,6.0,-31.0,-53.0,26.0,11.0,-37.0,-2.0,24.0,-49.0,-38.81,7.640000000000001,-23.27,-4.33,-42.66,-19.340000000000003,23.52,0.9600000000000009,-17.5,9.82,-17.939999999999998,-20.27
2025-08-13T12:28:01.244246,-20.0,-33.0,-81.0,35.0,5.0,-34.0,50.0,13.0,27.0,-25.0,32.0,-100.0,-7.8100000000000005,-63.36,-63.269999999999996,24.67,-6.66,-0.3400000000000034,47.52,2.960000000000001,46.5,-13.18,-9.939999999999998,-71.27
2025-08-13T12:28:01.251541,20.0,57.0,-34.0,-17.0,-42.0,-51.0,-22.0,-3.0,88.0,-85.0,35.0,-35.0,32.19,26.64,-16.27,-27.33,-53.66,-17.340000000000003,-24.48,-13.04,107.5,-73.18,-6.939999999999998,-6.27
2025-08-13T12:28:01.255797,80.0,20.0,-2.0,2.0,18.0,-11.0,-16.0,37.0,-3.0,-91.0,97.0,-32.0,92.19,-10.36,15.73,-8.33,6.34,22.659999999999997,-18.48,26.96,16.5,-79.18,55.06,-3.2699999999999996
2025-08-13T12:28:01.263818,0.0,35.0,-56.0,43.0,7.0,-55.0,52.0,67.0,-79.0,-15.0,1.0,16.0,12.19,4.640000000000001,-38.269999999999996,32.67,-4.66,-21.340000000000003,49.52,56.96,-59.5,-3.1799999999999997,-40.94,44.730000000000004
2025-08-13T12:28:01.268181,-7.0,16.0,-55.0,-26.0,23.0,-17.0,24.0,-3.0,12.0,-27.0,65.0,-35.0,5.1899999999999995,-14.36,-37.269999999999996,-36.33,11.34,16.659999999999997,21.52,-13.04,31.5,-15.18,23.060000000000002,-6.27
2025-08-13T12:28:01.276278,-2.0,110.0,-66.0,41.0,0.0,-32.0,33.0,49.0,29.0,-35.0,60.0,13.0,10.19,79.64,-48.269999999999996,30.67,-11.66,1.6599999999999966,30.52,38.96,48.5,-23.18,18.060000000000002,41.730000000000004
2025-08-13T12:28:01.280366,-17.0,35.0,0.0,76.0,3.0,-83.0,27.0,32.0,-42.0,7.0,-29.0,-65.0,-4.8100000000000005,4.640000000000001,17.73,65.67,-8.66,-49.34,24.52,21.96,-22.5,18.82,-70.94,-36.269999999999996
2025-08-13T12:28:01.288428,-25.0,33.0,-53.0,65.0,-37.0,-59.0,-40.0,24.0,-12.0,36.0,128.0,13.0,-12.81,2.6400000000000006,-35.269999999999996,54.67,-48.66,-25.340000000000003,-42.48,13.96,7.5,47.82,86.06,41.730000000000004
2025-08-13T12:28:01.292877,29.0,-18.0,-17.0,34.0,24.0,-71.0,-63.0,79.0,-28.0,-34.0,125.0,-36.0,41.19,-48.36,0.7300000000000004,23.67,12.34,-37.34,-65.48,68.96000000000001,-8.5,-22.18,83.06,-7.27
2025-08-13T12:28:01.300748,-23.0,-88.0,-14.0,11.0,33.0,-2.0,27.0,-13.0,-54.0,-14.0,73.0,-58.0,-10.81,-118.36,3.7300000000000004,0.6699999999999999,21.34,31.659999999999997,24.52,-23.04,-34.5,-2.1799999999999997,31.060000000000002,-29.27
2025-08-13T12:28:01.305261,41.0,40.0,17.0,51.0,46.0,-8.0,25.0,-54.0,-36.0,-2.0,30.0,-4.0,53.19,9.64,34.730000000000004,40.67,34.34,25.659999999999997,22.52,-64.03999999999999,-16.5,9.82,-11.939999999999998,24.73
2025-08-13T12:28:01.313044,-32.0,50.0,-29.0,41.0,-8.0,21.0,28.0,-5.0,-34.0,2.0,9.0,-77.0,-19.810000000000002,19.64,-11.27,30.67,-19.66,54.66,25.52,-15.04,-14.5,13.82,-32.94,-48.269999999999996
2025-08-13T12:28:01.319607,-26.0,2.0,-79.0,39.0,132.0,-46.0,35.0,34.0,51.0,-4.0,31.0,-29.0,-13.81,-28.36,-61.269999999999996,28.67,120.34,-12.340000000000003,32.52,23.96,70.5,7.82,-10.939999999999998,-0.2699999999999996
2025-08-13T12:28:01.325774,-13.0,32.0,-36.0,-10.0,-39.0,-61.0,-13.0,-29.0,-68.0,-48.0,13.0,-38.0,-0.8100000000000005,1.6400000000000006,-18.27,-20.33,-50.66,-27.340000000000003,-15.48,-39.04,-48.5,-36.18,-28.939999999999998,-9.27
2025-08-13T12:28:01.331076,-56.0,96.0,18.0,48.0,-20.0,-54.0,12.0,24.0,-28.0,-69.0,-50.0,-80.0,-43.81,65.64,35.730000000000004,37.67,-31.66,-20.340000000000003,9.52,13.96,-8.5,-57.18,-91.94,-51.269999999999996
2025-08-13T12:28:01.335273,-2.0,122.0,-94.0,15.0,24.0,7.0,19.0,65.0,-18.0,-29.0,16.0,8.0,10.19,91.64,-76.27,4.67,12.34,40.66,16.52,54.96,1.5,-17.18,-25.939999999999998,36.730000000000004
2025-08-13T12:28:01.342733,-38.0,16.0,-11.0,-23.0,44.0,-76.0,-39.0,34.0,25.0,-49.0,-7.0,-33.0,-25.810000000000002,-14.36,6.73,-33.33,32.34,-42.34,-41.48,23.96,44.5,-37.18,-48.94,-4.27
2025-08-13T12:28:01.349880,-44.0,64.0,-84.0,-1.0,20.0,-26.0,1.0,25.0,-17.0,-66.0,-4.0,-83.0,-31.810000000000002,33.64,-66.27,-11.33,8.34,7.659999999999997,-1.48,14.96,2.5,-54.18,-45.94,-54.269999999999996
2025-08-13T12:28:01.357697,-28.0,80.0,-7.0,2.0,-4.0,-2.0,15.0,6.0,-61.0,20.0,59.0,13.0,-15.81,49.64,10.73,-8.33,-15.66,31.659999999999997,12.52,-4.039999999999999,-41.5,31.82,17.060000000000002,41.730000000000004
2025-08-13T12:28:01.366703,-43.0,42.0,-60.0,-4.0,-55.0,-10.0,19.0,56.0,-74.0,-75.0,53.0,-9.0,-30.810000000000002,11.64,-42.269999999999996,-14.33,-66.66,23.659999999999997,16.52,45.96,-54.5,-63.18,11.060000000000002,19.73
2025-08-13T12:28:01.371112,32.0,116.0,-72.0,50.0,6.0,-30.0,-77.0,21.0,28.0,-21.0,115.0,3.0,44.19,85.64,-54.269999999999996,39.67,-5.66,3.6599999999999966,-79.48,10.96,47.5,-9.18,73.06,31.73
2025-08-13T12:28:01.374185,13.0,113.0,-28.0,-4.0,1.0,-39.0,-43.0,25.0,-40.0,23.0,65.0,-28.0,25.189999999999998,82.64,-10.27,-14.33,-10.66,-5.340000000000003,-45.48,14.96,-20.5,34.82,23.060000000000002,0.7300000000000004
2025-08-13T12:28:01.378588,-18.0,47.0,-44.0,-9.0,26.0,18.0,-17.0,-20.0,-33.0,-24.0,56.0,-55.0,-5.8100000000000005,16.64,-26.27,-19.33,14.34,51.66,-19.48,-30.04,-13.5,-12.18,14.060000000000002,-26.27
2025-08-13T12:28:01.382880,44.0,38.0,-12.0,-11.0,11.0,-40.0,-31.0,38.0,54.0,29.0,0.0,-56.0,56.19,7.640000000000001,5.73,-21.33,-0.6600000000000001,-6.340000000000003,-33.48,27.96,73.5,40.82,-41.94,-27.27
2025-08-13T12:28:01.390812,-15.0,10.0,11.0,25.0,-3.0,2.0,74.0,-29.0,37.0,44.0,21.0,-8.0,-2.8100000000000005,-20.36,28.73,14.67,-14.66,35.66,71.52,-39.04,56.5,55.82,-20.939999999999998,20.73
2025-08-13T12:28:01.395066,-90.0,47.0,-19.0,87.0,-29.0,-42.0,-83.0,-7.0,-14.0,-9.0,-36.0,-25.0,-77.81,16.64,-1.2699999999999996,76.67,-40.66,-8.340000000000003,-85.48,-17.04,5.5,2.8200000000000003,-77.94,3.7300000000000004
2025-08-13T12:28:01.403297,-42.0,-18.0,49.0,14.0,-15.0,-77.0,-52.0,-9.0,-9.0,-36.0,34.0,-42.0,-29.810000000000002,-48.36,66.73,3.67,-26.66,-43.34,-54.48,-19.04,10.5,-24.18,-7.939999999999998,-13.27
2025-08-13T12:28:01.407525,-21.0,-24.0,-16.0,44.0,31.0,-66.0,17.0,68.0,-33.0,16.0,59.0,-41.0,-8.81,-54.36,1.7300000000000004,33.67,19.34,-32.34,14.52,57.96,-13.5,27.82,17.060000000000002,-12.27
2025-08-13T12:28:01.415364,0.0,117.0,-32.0,57.0,7.0,21.0,12.0,17.0,37.0,-49.0,49.0,9.0,12.19,86.64,-14.27,46.67,-4.66,54.66,9.52,6.960000000000001,56.5,-37.18,7.060000000000002,37.730000000000004
2025-08-13T12:28:01.424542,-56.0,-23.0,-17.0,56.0,23.0,-42.0,72.0,52.0,-31.0,-61.0,38.0,-36.0,-43.81,-53.36,0.7300000000000004,45.67,11.34,-8.340000000000003,69.52,41.96,-11.5,-49.18,-3.9399999999999977,-7.27
2025-08-13T12:28:01.434354,51.0,8.0,-24.0,-27.0,87.0,-16.0,68.0,-10.0,-34.0,-25.0,30.0,-78.0,63.19,-22.36,-6.27,-37.33,75.34,17.659999999999997,65.52,-20.04,-14.5,-13.18,-11.939999999999998,-49.269999999999996
2025-08-13T12:28:01.438410,62.0,-44.0,-36.0,26.0,-14.0,-54.0,-6.0,-24.0,18.0,-37.0,50.0,-59.0,74.19,-74.36,-18.27,15.67,-25.66,-20.340000000000003,-8.48,-34.04,37.5,-25.18,8.060000000000002,-30.27
2025-08-13T12:28:01.441315,-45.0,-21.0,-67.0,52.0,28.0,-11.0,8.0,-1.0,26.0,10.0,69.0,-41.0,-32.81,-51.36,-49.269999999999996,41.67,16.34,22.659999999999997,5.52,-11.04,45.5,21.82,27.060000000000002,-12.27
2025-08-13T12:28:01.444346,-25.0,-17.0,-64.0,11.0,8.0,38.0,29.0,-38.0,12.0,42.0,41.0,-52.0,-12.81,-47.36,-46.269999999999996,0.6699999999999999,-3.66,71.66,26.52,-48.04,31.5,53.82,-0.9399999999999977,-23.27
2025-08-13T12:28:01.453129,-30.0,25.0,-80.0,38.0,-14.0,-4.0,-4.0,31.0,-2.0,-74.0,31.0,-51.0,-17.810000000000002,-5.359999999999999,-62.269999999999996,27.67,-25.66,29.659999999999997,-6.48,20.96,17.5,-62.18,-10.939999999999998,-22.27
2025-08-13T12:28:01.457875,24.0,34.0,-30.0,-22.0,52.0,-4.0,-36.0,25.0,-13.0,57.0,49.0,-22.0,36.19,3.6400000000000006,-12.27,-32.33,40.34,29.659999999999997,-38.48,14.96,6.5,68.82,7.060000000000002,6.73
2025-08-13T12:28:01.465421,-8.0,-21.0,-38.0,-39.0,-42.0,-48.0,-78.0,36.0,16.0,-72.0,12.0,-101.0,4.1899999999999995,-51.36,-20.27,-49.33,-53.66,-14.340000000000003,-80.48,25.96,35.5,-60.18,-29.939999999999998,-72.27
2025-08-13T12:28:01.470576,-83.0,15.0,49.0,26.0,14.0,29.0,-57.0,-41.0,-12.0,-25.0,38.0,-54.0,-70.81,-15.36,66.73,15.67,2.34,62.66,-59.48,-51.04,7.5,-13.18,-3.9399999999999977,-25.27
2025-08-13T12:28:01.477574,16.0,-1.0,2.0,49.0,57.0,-22.0,-42.0,15.0,-91.0,-62.0,60.0,-19.0,28.189999999999998,-31.36,19.73,38.67,45.34,11.659999999999997,-44.48,4.960000000000001,-71.5,-50.18,18.060000000000002,9.73
2025-08-13T12:28:01.481517,-38.0,2.0,-13.0,-17.0,27.0,-29.0,42.0,4.0,-66.0,-34.0,-12.0,-57.0,-25.810000000000002,-28.36,4.73,-27.33,15.34,4.659999999999997,39.52,-6.039999999999999,-46.5,-22.18,-53.94,-28.27
2025-08-13T12:28:01.489231,-57.0,88.0,-30.0,18.0,-27.0,-113.0,-85.0,1.0,0.0,-46.0,30.0,42.0,-44.81,57.64,-12.27,7.67,-38.66,-79.34,-87.48,-9.04,19.5,-34.18,-11.939999999999998,70.73
2025-08-13T12:28:01.493901,-91.0,50.0,-10.0,46.0,49.0,-31.0,-7.0,35.0,-95.0,-19.0,6.0,-13.0,-78.81,19.64,7.73,35.67,37.34,2.6599999999999966,-9.48,24.96,-75.5,-7.18,-35.94,15.73
2025-08-13T12:28:01.502254,14.0,10.0,-37.0,14.0,-17.0,-20.0,-4.0,-30.0,-107.0,-10.0,42.0,-45.0,26.189999999999998,-20.36,-19.27,3.67,-28.66,13.659999999999997,-6.48,-40.04,-87.5,1.8200000000000003,0.060000000000002274,-16.27
2025-08-13T12:28:01.505974,11.0,41.0,-22.0,1.0,58.0,-28.0,-11.0,-50.0,7.0,34.0,80.0,3.0,23.189999999999998,10.64,-4.27,-9.33,46.34,5.659999999999997,-13.48,-60.04,26.5,45.82,38.06,31.73
2025-08-13T12:28:01.513765,-43.0,17.0,-56.0,3.0,-18.0,51.0,-40.0,12.0,-11.0,-74.0,35.0,-90.0,-30.810000000000002,-13.36,-38.269999999999996,-7.33,-29.66,84.66,-42.48,1.9600000000000009,8.5,-62.18,-6.939999999999998,-61.269999999999996
2025-08-13T12:28:01.519530,-3.0,37.0,19.0,-7.0,19.0,-76.0,-23.0,-41.0,-48.0,-36.0,63.0,-47.0,9.19,6.640000000000001,36.730000000000004,-17.33,7.34,-42.34,-25.48,-51.04,-28.5,-24.18,21.060000000000002,-18.27
2025-08-13T12:28:01.523338,-14.0,6.0,3.0,5.0,51.0,-38.0,15.0,10.0,10.0,2.0,48.0,-71.0,-1.8100000000000005,-24.36,20.73,-5.33,39.34,-4.340000000000003,12.52,-0.03999999999999915,29.5,13.82,6.060000000000002,-42.269999999999996
2025-08-13T12:28:01.532101,-51.0,4.0,-81.0,25.0,-11.0,-23.0,14.0,-79.0,-42.0,-45.0,2.0,-43.0,-38.81,-26.36,-63.269999999999996,14.67,-22.66,10.659999999999997,11.52,-89.03999999999999,-22.5,-33.18,-39.94,-14.27
2025-08-13T12:28:01.538421,-18.0,128.0,-57.0,6.0,18.0,20.0,-30.0,2.0,-34.0,-70.0,39.0,-50.0,-5.8100000000000005,97.64,-39.269999999999996,-4.33,6.34,53.66,-32.48,-8.04,-14.5,-58.18,-2.9399999999999977,-21.27
2025-08-13T12:28:01.542943,-25.0,44.0,-113.0,15.0,15.0,7.0,-12.0,15.0,-5.0,4.0,63.0,-24.0,-12.81,13.64,-95.27,4.67,3.34,40.66,-14.48,4.960000000000001,14.5,15.82,21.060000000000002,4.73
2025-08-13T12:28:01.547005,36.0,36.0,-28.0,9.0,37.0,-94.0,-9.0,52.0,-12.0,-3.0,16.0,-5.0,48.19,5.640000000000001,-10.27,-1.33,25.34,-60.34,-11.48,41.96,7.5,8.82,-25.939999999999998,23.73
2025-08-13T12:28:01.554750,46.0,107.0,-87.0,74.0,41.0,-3.0,-37.0,-1.0,15.0,-51.0,39.0,-57.0,58.19,76.64,-69.27,63.67,29.34,30.659999999999997,-39.48,-11.04,34.5,-39.18,-2.9399999999999977,-28.27
2025-08-13T12:28:01.559131,28.0,26.0,-14.0,42.0,-35.0,-29.0,-47.0,58.0,-9.0,23.0,14.0,20.0,40.19,-4.359999999999999,3.7300000000000004,31.67,-46.66,4.659999999999997,-49.48,47.96,10.5,34.82,-27.939999999999998,48.730000000000004
2025-08-13T12:28:01.567105,24.0,6.0,-9.0,-5.0,-25.0,-84.0,-27.0,9.0,-90.0,-29.0,57.0,32.0,36.19,-24.36,8.73,-15.33,-36.66,-50.34,-29.48,-1.0399999999999991,-70.5,-17.18,15.060000000000002,60.730000000000004
2025-08-13T12:28:01.571521,-4.0,4.0,-48.0,21.0,-36.0,-48.0,-35.0,4.0,-90.0,17.0,16.0,-109.0,8.19,-26.36,-30.27,10.67,-47.66,-14.340000000000003,-37.48,-6.039999999999999,-70.5,28.82,-25.939999999999998,-80.27
2025-08-13T12:28:01.579577,13.0,-22.0,-86.0,-61.0,-9.0,-50.0,-53.0,9.0,-29.0,19.0,6.0,-42.0,25.189999999999998,-52.36,-68.27,-71.33,-20.66,-16.340000000000003,-55.48,-1.0399999999999991,-9.5,30.82,-35.94,-13.27
2025-08-13T12:28:01.583817,-23.0,18.0,-99.0,53.0,-21.0,-67.0,-28.0,34.0,-45.0,-39.0,39.0,-27.0,-10.81,-12.36,-81.27,42.67,-32.66,-33.34,-30.48,23.96,-25.5,-27.18,-2.9399999999999977,1.7300000000000004
2025-08-13T12:28:01.591681,33.0,28.0,-23.0,-29.0,10.0,-30.0,-39.0,23.0,-50.0,31.0,100.0,-62.0,45.19,-2.3599999999999994,-5.27,-39.33,-1.6600000000000001,3.6599999999999966,-41.48,12.96,-30.5,42.82,58.06,-33.269999999999996
2025-08-13T12:28:01.595919,-102.0,-23.0,-59.0,43.0,-17.0,-31.0,9.0,17.0,-6.0,-83.0,33.0,29.0,-89.81,-53.36,-41.269999999999996,32.67,-28.66,2.6599999999999966,6.52,6.960000000000001,13.5,-71.18,-8.939999999999998,57.730000000000004
2025-08-13T12:28:01.603937,-59.0,74.0,-28.0,-38.0,49.0,6.0,21.0,-21.0,-23.0,-40.0,106.0,17.0,-46.81,43.64,-10.27,-48.33,37.34,39.66,18.52,-31.04,-3.5,-28.18,64.06,45.730000000000004
2025-08-13T12:28:01.608237,-26.0,87.0,-5.0,-33.0,-15.0,-42.0,-42.0,-34.0,-8.0,-41.0,74.0,-56.0,-13.81,56.64,12.73,-43.33,-26.66,-8.340000000000003,-44.48,-44.04,11.5,-29.18,32.06,-27.27
2025-08-13T12:28:01.616155,41.0,27.0,-116.0,-18.0,4.0,10.0,-41.0,26.0,50.0,23.0,38.0,-20.0,53.19,-3.3599999999999994,-98.27,-28.33,-7.66,43.66,-43.48,15.96,69.5,34.82,-3.9399999999999977,8.73
2025-08-13T12:28:01.620656,11.0,40.0,-73.0,-28.0,74.0,-104.0,-124.0,13.0,-46.0,39.0,85.0,-107.0,23.189999999999998,9.64,-55.269999999999996,-38.33,62.34,-70.34,-126.48,2.960000000000001,-26.5,50.82,43.06,-78.27
2025-08-13T12:28:01.628521,-9.0,16.0,-19.0,24.0,-11.0,-74.0,40.0,79.0,-50.0,15.0,64.0,-25.0,3.1899999999999995,-14.36,-1.2699999999999996,13.67,-22.66,-40.34,37.52,68.96000000000001,-30.5,26.82,22.060000000000002,3.7300000000000004
2025-08-13T12:28:01.632875,21.0,26.0,-34.0,9.0,20.0,-43.0,-60.0,-64.0,-31.0,1.0,24.0,7.0,33.19,-4.359999999999999,-16.27,-1.33,8.34,-9.340000000000003,-62.48,-74.03999999999999,-11.5,12.82,-17.939999999999998,35.730000000000004
2025-08-13T12:28:01.640693,-28.0,28.0,-28.0,48.0,16.0,-79.0,72.0,35.0,-24.0,66.0,43.0,-4.0,-15.81,-2.3599999999999994,-10.27,37.67,4.34,-45.34,69.52,24.96,-4.5,77.82,1.0600000000000023,24.73
2025-08-13T12:28:01.645173,45.0,12.0,-32.0,63.0,-11.0,-20.0,12.0,109.0,-24.0,-58.0,48.0,-57.0,57.19,-18.36,-14.27,52.67,-22.66,13.659999999999997,9.52,98.96000000000001,-4.5,-46.18,6.060000000000002,-28.27
2025-08-13T12:28:01.652985,23.0,24.0,4.0,45.0,-36.0,-58.0,-3.0,13.0,-82.0,-46.0,24.0,-56.0,35.19,-6.359999999999999,21.73,34.67,-47.66,-24.340000000000003,-5.48,2.960000000000001,-62.5,-34.18,-17.939999999999998,-27.27
2025-08-13T12:28:01.657514,-9.0,-52.0,-58.0,47.0,-4.0,-34.0,-8.0,16.0,-60.0,-72.0,69.0,8.0,3.1899999999999995,-82.36,-40.269999999999996,36.67,-15.66,-0.3400000000000034,-10.48,5.960000000000001,-40.5,-60.18,27.060000000000002,36.730000000000004
2025-08-13T12:28:01.665478,-11.0,25.0,3.0,29.0,-29.0,-4.0,39.0,-41.0,-47.0,-87.0,-43.0,44.0,1.1899999999999995,-5.359999999999999,20.73,18.67,-40.66,29.659999999999997,36.52,-51.04,-27.5,-75.18,-84.94,72.73
2025-08-13T12:28:01.669813,-74.0,40.0,-54.0,26.0,45.0,-41.0,13.0,15.0,3.0,4.0,8.0,-17.0,-61.81,9.64,-36.269999999999996,15.67,33.34,-7.340000000000003,10.52,4.960000000000001,22.5,15.82,-33.94,11.73
2025-08-13T12:28:01.677623,-10.0,2.0,-31.0,40.0,67.0,-17.0,-4.0,3.0,15.0,-8.0,71.0,-2.0,2.1899999999999995,-28.36,-13.27,29.67,55.34,16.659999999999997,-6.48,-7.039999999999999,34.5,3.8200000000000003,29.060000000000002,26.73
2025-08-13T12:28:01.681976,-30.0,-10.0,-13.0,72.0,-74.0,-126.0,12.0,29.0,-53.0,-123.0,63.0,23.0,-17.810000000000002,-40.36,4.73,61.67,-85.66,-92.34,9.52,18.96,-33.5,-111.18,21.060000000000002,51.730000000000004
2025-08-13T12:28:01.690144,-12.0,39.0,-31.0,3.0,30.0,-14.0,11.0,-13.0,-34.0,-84.0,132.0,-59.0,0.1899999999999995,8.64,-13.27,-7.33,18.34,19.659999999999997,8.52,-23.04,-14.5,-72.18,90.06,-30.27
2025-08-13T12:28:01.695182,-84.0,91.0,-34.0,22.0,-6.0,-106.0,0.0,47.0,-27.0,-50.0,58.0,-19.0,-71.81,60.64,-16.27,11.67,-17.66,-72.34,-2.48,36.96,-7.5,-38.18,16.060000000000002,9.73
2025-08-13T12:28:01.703341,43.0,118.0,-82.0,-19.0,104.0,-29.0,19.0,25.0,18.0,-101.0,13.0,-72.0,55.19,87.64,-64.27,-29.33,92.34,4.659999999999997,16.52,14.96,37.5,-89.18,-28.939999999999998,-43.269999999999996
2025-08-13T12:28:01.708126,-41.0,15.0,-63.0,38.0,43.0,-56.0,48.0,11.0,-138.0,-5.0,51.0,-42.0,-28.810000000000002,-15.36,-45.269999999999996,27.67,31.34,-22.340000000000003,45.52,0.9600000000000009,-118.5,6.82,9.060000000000002,-13.27
2025-08-13T12:28:01.715684,-26.0,-8.0,-50.0,-19.0,38.0,7.0,-23.0,-30.0,-5.0,-11.0,27.0,-1.0,-13.81,-38.36,-32.269999999999996,-29.33,26.34,40.66,-25.48,-40.04,14.5,0.8200000000000003,-14.939999999999998,27.73
2025-08-13T12:28:01.720113,23.0,28.0,-49.0,22.0,38.0,-58.0,19.0,1.0,-3.0,-44.0,-5.0,-48.0,35.19,-2.3599999999999994,-31.27,11.67,26.34,-24.340000000000003,16.52,-9.04,16.5,-32.18,-46.94,-19.27
2025-08-13T12:28:01.727759,23.0,11.0,-12.0,-12.0,31.0,-33.0,27.0,-9.0,-41.0,-18.0,91.0,-61.0,35.19,-19.36,5.73,-22.33,19.34,0.6599999999999966,24.52,-19.04,-21.5,-6.18,49.06,-32.269999999999996
2025-08-13T12:28:01.731648,48.0,-45.0,-45.0,37.0,40.0,-67.0,13.0,-14.0,-23.0,23.0,22.0,1.0,60.19,-75.36,-27.27,26.67,28.34,-33.34,10.52,-24.04,-3.5,34.82,-19.939999999999998,29.73
2025-08-13T12:28:01.739870,24.0,-15.0,-79.0,34.0,42.0,-48.0,2.0,42.0,-76.0,-34.0,19.0,-32.0,36.19,-45.36,-61.269999999999996,23.67,30.34,-14.340000000000003,-0.48,31.96,-56.5,-22.18,-22.939999999999998,-3.2699999999999996
2025-08-13T12:28:01.743768,13.0,22.0,-2.0,36.0,9.0,-49.0,59.0,62.0,-29.0,-11.0,-8.0,-51.0,25.189999999999998,-8.36,15.73,25.67,-2.66,-15.340000000000003,56.52,51.96,-9.5,0.8200000000000003,-49.94,-22.27
2025-08-13T12:28:01.753454,-1.0,-29.0,-28.0,42.0,26.0,-86.0,-69.0,23.0,-5.0,-15.0,125.0,-4.0,11.19,-59.36,-10.27,31.67,14.34,-52.34,-71.48,12.96,14.5,-3.1799999999999997,83.06,24.73
2025-08-13T12:28:01.759043,-20.0,2.0,-71.0,20.0,-33.0,-87.0,-31.0,33.0,-50.0,-47.0,82.0,-29.0,-7.8100000000000005,-28.36,-53.269999999999996,9.67,-44.66,-53.34,-33.48,22.96,-30.5,-35.18,40.06,-0.2699999999999996
2025-08-13T12:28:01.764902,7.0,35.0,-110.0,47.0,-3.0,-11.0,67.0,-22.0,-24.0,-62.0,-6.0,-47.0,19.189999999999998,4.640000000000001,-92.27,36.67,-14.66,22.659999999999997,64.52,-32.04,-4.5,-50.18,-47.94,-18.27
2025-08-13T12:28:01.770648,-62.0,37.0,-79.0,-1.0,-17.0,-31.0,25.0,-10.0,-97.0,-64.0,40.0,-82.0,-49.81,6.640000000000001,-61.269999999999996,-11.33,-28.66,2.6599999999999966,22.52,-20.04,-77.5,-52.18,-1.9399999999999977,-53.269999999999996
2025-08-13T12:28:01.775982,-10.0,48.0,-51.0,7.0,40.0,-73.0,1.0,74.0,16.0,-103.0,44.0,-101.0,2.1899999999999995,17.64,-33.269999999999996,-3.33,28.34,-39.34,-1.48,63.96,35.5,-91.18,2.0600000000000023,-72.27
2025-08-13T12:28:01.780036,29.0,47.0,-49.0,7.0,15.0,-75.0,-20.0,47.0,15.0,-96.0,73.0,-44.0,41.19,16.64,-31.27,-3.33,3.34,-41.34,-22.48,36.96,34.5,-84.18,31.060000000000002,-15.27
2025-08-13T12:28:01.788198,69.0,10.0,-27.0,62.0,65.0,-35.0,-71.0,21.0,22.0,-41.0,96.0,-20.0,81.19,-20.36,-9.27,51.67,53.34,-1.3400000000000034,-73.48,10.96,41.5,-29.18,54.06,8.73
2025-08-13T12:28:01.792410,-63.0,-11.0,32.0,22.0,13.0,-28.0,-7.0,19.0,-42.0,-18.0,89.0,-109.0,-50.81,-41.36,49.730000000000004,11.67,1.3399999999999999,5.659999999999997,-9.48,8.96,-22.5,-6.18,47.06,-80.27
2025-08-13T12:28:01.800529,-27.0,56.0,-7.0,118.0,-4.0,-42.0,-30.0,-25.0,-51.0,-9.0,43.0,-63.0,-14.81,25.64,10.73,107.67,-15.66,-8.340000000000003,-32.48,-35.04,-31.5,2.8200000000000003,1.0600000000000023,-34.269999999999996
2025-08-13T12:28:01.804834,-9.0,73.0,-39.0,72.0,17.0,-78.0,-23.0,-14.0,-77.0,-7.0,34.0,-54.0,3.1899999999999995,42.64,-21.27,61.67,5.34,-44.34,-25.48,-24.04,-57.5,4.82,-7.939999999999998,-25.27
2025-08-13T12:28:01.812598,-33.0,22.0,9.0,10.0,33.0,-20.0,83.0,22.0,-33.0,-27.0,73.0,-86.0,-20.810000000000002,-8.36,26.73,-0.33000000000000007,21.34,13.659999999999997,80.52,11.96,-13.5,-15.18,31.060000000000002,-57.269999999999996
2025-08-13T12:28:01.816946,9.0,5.0,-99.0,20.0,-15.0,-44.0,-22.0,14.0,-56.0,-11.0,62.0,-76.0,21.189999999999998,-25.36,-81.27,9.67,-26.66,-10.340000000000003,-24.48,3.960000000000001,-36.5,0.8200000000000003,20.060000000000002,-47.269999999999996
2025-08-13T12:28:01.824965,-10.0,14.0,-38.0,11.0,16.0,-48.0,-27.0,8.0,-54.0,47.0,15.0,-45.0,2.1899999999999995,-16.36,-20.27,0.6699999999999999,4.34,-14.340000000000003,-29.48,-2.039999999999999,-34.5,58.82,-26.939999999999998,-16.27
2025-08-13T12:28:01.829382,-84.0,14.0,-50.0,43.0,31.0,-87.0,20.0,-68.0,11.0,-67.0,-17.0,-3.0,-71.81,-16.36,-32.269999999999996,32.67,19.34,-53.34,17.52,-78.03999999999999,30.5,-55.18,-58.94,25.73
2025-08-13T12:28:01.837170,-75.0,37.0,-41.0,0.0,80.0,-36.0,-1.0,18.0,-18.0,-2.0,93.0,-47.0,-62.81,6.640000000000001,-23.27,-10.33,68.34,-2.3400000000000034,-3.48,7.960000000000001,1.5,9.82,51.06,-18.27
2025-08-13T12:28:01.841540,-7.0,57.0,-51.0,-6.0,15.0,-115.0,19.0,-75.0,-3.0,-54.0,65.0,-28.0,5.1899999999999995,26.64,-33.269999999999996,-16.33,3.34,-81.34,16.52,-85.03999999999999,16.5,-42.18,23.060000000000002,0.7300000000000004
2025-08-13T12:28:01.846544,-23.0,64.0,-36.0,36.0,-3.0,-54.0,1.0,-5.0,-44.0,59.0,70.0,-62.0,-10.81,33.64,-18.27,25.67,-14.66,-20.340000000000003,-1.48,-15.04,-24.5,70.82,28.060000000000002,-33.269999999999996
2025-08-13T12:28:01.853776,52.0,110.0,-62.0,-50.0,33.0,-49.0,-28.0,-6.0,-28.0,-17.0,21.0,0.0,64.19,79.64,-44.269999999999996,-60.33,21.34,-15.340000000000003,-30.48,-16.04,-8.5,-5.18,-20.939999999999998,28.73
2025-08-13T12:28:01.858858,-91.0,-1.0,-36.0,-16.0,30.0,-16.0,1.0,-16.0,3.0,-4.0,102.0,-5.0,-78.81,-31.36,-18.27,-26.33,18.34,17.659999999999997,-1.48,-26.04,22.5,7.82,60.06,23.73
2025-08-13T12:28:01.866262,-29.0,128.0,-60.0,45.0,16.0,-56.0,-40.0,-46.0,-42.0,1.0,-8.0,-35.0,-16.810000000000002,97.64,-42.269999999999996,34.67,4.34,-22.340000000000003,-42.48,-56.04,-22.5,12.82,-49.94,-6.27
2025-08-13T12:28:01.871167,63.0,24.0,-94.0,21.0,24.0,-19.0,-22.0,37.0,-14.0,-103.0,33.0,-82.0,75.19,-6.359999999999999,-76.27,10.67,12.34,14.659999999999997,-24.48,26.96,5.5,-91.18,-8.939999999999998,-53.269999999999996
2025-08-13T12:28:01.878299,-41.0,-6.0,-52.0,2.0,-16.0,-52.0,15.0,-51.0,-40.0,16.0,86.0,-41.0,-28.810000000000002,-36.36,-34.269999999999996,-8.33,-27.66,-18.340000000000003,12.52,-61.04,-20.5,27.82,44.06,-12.27
2025-08-13T12:28:01.882536,2.0,46.0,-38.0,2.0,49.0,-98.0,22.0,55.0,-70.0,-107.0,60.0,-90.0,14.19,15.64,-20.27,-8.33,37.34,-64.34,19.52,44.96,-50.5,-95.18,18.060000000000002,-61.269999999999996
2025-08-13T12:28:01.890629,36.0,47.0,-35.0,16.0,37.0,-67.0,52.0,-10.0,-56.0,-27.0,66.0,-41.0,48.19,16.64,-17.27,5.67,25.34,-33.34,49.52,-20.04,-36.5,-15.18,24.060000000000002,-12.27
2025-08-13T12:28:01.894784,-49.0,87.0,-79.0,55.0,-34.0,-92.0,8.0,-51.0,-23.0,-68.0,7.0,-65.0,-36.81,56.64,-61.269999999999996,44.67,-45.66,-58.34,5.52,-61.04,-3.5,-56.18,-34.94,-36.269999999999996
2025-08-13T12:28:01.902842,-54.0,6.0,22.0,33.0,20.0,-67.0,24.0,60.0,12.0,-3.0,54.0,-66.0,-41.81,-24.36,39.730000000000004,22.67,8.34,-33.34,21.52,49.96,31.5,8.82,12.060000000000002,-37.269999999999996
2025-08-13T12:28:01.907238,-20.0,43.0,-85.0,65.0,16.0,-106.0,8.0,-4.0,9.0,-25.0,60.0,-38.0,-7.8100000000000005,12.64,-67.27,54.67,4.34,-72.34,5.52,-14.04,28.5,-13.18,18.060000000000002,-9.27
2025-08-13T12:28:01.915267,25.0,44.0,-14.0,15.0,47.0,-92.0,-5.0,13.0,-39.0,-65.0,76.0,-66.0,37.19,13.64,3.7300000000000004,4.67,35.34,-58.34,-7.48,2.960000000000001,-19.5,-53.18,34.06,-37.269999999999996
2025-08-13T12:28:01.919692,28.0,75.0,-54.0,10.0,-28.0,-55.0,-23.0,4.0,-19.0,26.0,12.0,-24.0,40.19,44.64,-36.269999999999996,-0.33000000000000007,-39.66,-21.340000000000003,-25.48,-6.039999999999999,0.5,37.82,-29.939999999999998,4.73
2025-08-13T12:28:01.927401,20.0,19.0,40.0,5.0,-22.0,-50.0,6.0,20.0,-54.0,-18.0,28.0,-90.0,32.19,-11.36,57.730000000000004,-5.33,-33.66,-16.340000000000003,3.52,9.96,-34.5,-6.18,-13.939999999999998,-61.269999999999996
2025-08-13T12:28:01.931922,-2.0,67.0,-56.0,20.0,63.0,-121.0,66.0,-35.0,9.0,0.0,-2.0,-83.0,10.19,36.64,-38.269999999999996,9.67,51.34,-87.34,63.52,-45.04,28.5,11.82,-43.94,-54.269999999999996
2025-08-13T12:28:01.939700,-4.0,91.0,-42.0,82.0,-18.0,-63.0,-17.0,-41.0,-14.0,3.0,1.0,-9.0,8.19,60.64,-24.27,71.67,-29.66,-29.340000000000003,-19.48,-51.04,5.5,14.82,-40.94,19.73
2025-08-13T12:28:01.945379,17.0,33.0,-78.0,-7.0,8.0,-50.0,26.0,16.0,-67.0,46.0,3.0,-31.0,29.189999999999998,2.6400000000000006,-60.269999999999996,-17.33,-3.66,-16.340000000000003,23.52,5.960000000000001,-47.5,57.82,-38.94,-2.2699999999999996
2025-08-13T12:28:01.952494,13.0,9.0,-3.0,18.0,2.0,-36.0,2.0,-14.0,-57.0,1.0,68.0,-88.0,25.189999999999998,-21.36,14.73,7.67,-9.66,-2.3400000000000034,-0.48,-24.04,-37.5,12.82,26.060000000000002,-59.269999999999996
2025-08-13T12:28:01.957034,-3.0,-21.0,-9.0,-19.0,-46.0,-57.0,-28.0,-4.0,-35.0,-49.0,13.0,-93.0,9.19,-51.36,8.73,-29.33,-57.66,-23.340000000000003,-30.48,-14.04,-15.5,-37.18,-28.939999999999998,-64.27
2025-08-13T12:28:01.964378,-16.0,6.0,-42.0,-9.0,42.0,-56.0,-6.0,4.0,-38.0,-75.0,75.0,-47.0,-3.8100000000000005,-24.36,-24.27,-19.33,30.34,-22.340000000000003,-8.48,-6.039999999999999,-18.5,-63.18,33.06,-18.27
2025-08-13T12:28:01.970458,9.0,128.0,-28.0,-11.0,-12.0,-59.0,35.0,-5.0,-7.0,22.0,22.0,-83.0,21.189999999999998,97.64,-10.27,-21.33,-23.66,-25.340000000000003,32.52,-15.04,12.5,33.82,-19.939999999999998,-54.269999999999996
2025-08-13T12:28:01.976604,-66.0,81.0,-39.0,28.0,33.0,-93.0,-3.0,7.0,-105.0,-40.0,57.0,-56.0,-53.81,50.64,-21.27,17.67,21.34,-59.34,-5.48,-3.039999999999999,-85.5,-28.18,15.060000000000002,-27.27
2025-08-13T12:28:01.982001,-9.0,61.0,-45.0,36.0,56.0,-76.0,6.0,15.0,-49.0,-107.0,88.0,-110.0,3.1899999999999995,30.64,-27.27,25.67,44.34,-42.34,3.52,4.960000000000001,-29.5,-95.18,46.06,-81.27
2025-08-13T12:28:01.988818,34.0,39.0,-125.0,36.0,103.0,-146.0,-42.0,53.0,-40.0,-88.0,58.0,-74.0,46.19,8.64,-107.27,25.67,91.34,-112.34,-44.48,42.96,-20.5,-76.18,16.060000000000002,-45.269999999999996
2025-08-13T12:28:01.994924,-35.0,46.0,-24.0,51.0,-38.0,-47.0,-56.0,28.0,-70.0,-64.0,81.0,-60.0,-22.810000000000002,15.64,-6.27,40.67,-49.66,-13.340000000000003,-58.48,17.96,-50.5,-52.18,39.06,-31.27
2025-08-13T12:28:02.001303,53.0,11.0,-45.0,-17.0,0.0,-87.0,93.0,-19.0,-95.0,-31.0,36.0,-52.0,65.19,-19.36,-27.27,-27.33,-11.66,-53.34,90.52,-29.04,-75.5,-19.18,-5.939999999999998,-23.27
2025-08-13T12:28:02.006102,7.0,74.0,-66.0,11.0,-29.0,-50.0,-28.0,-52.0,-4.0,-36.0,27.0,-88.0,19.189999999999998,43.64,-48.269999999999996,0.6699999999999999,-40.66,-16.340000000000003,-30.48,-62.04,15.5,-24.18,-14.939999999999998,-59.269999999999996
2025-08-13T12:28:02.013513,-37.0,69.0,-50.0,17.0,39.0,-19.0,-56.0,-38.0,-65.0,-76.0,22.0,-29.0,-24.810000000000002,38.64,-32.269999999999996,6.67,27.34,14.659999999999997,-58.48,-48.04,-45.5,-64.18,-19.939999999999998,-0.2699999999999996
2025-08-13T12:28:02.019247,15.0,20.0,-24.0,19.0,6.0,-113.0,33.0,4.0,5.0,-2.0,-22.0,-59.0,27.189999999999998,-10.36,-6.27,8.67,-5.66,-79.34,30.52,-6.039999999999999,24.5,9.82,-63.94,-30.27
2025-08-13T12:28:02.028601,64.0,-19.0,-57.0,42.0,-5.0,-91.0,64.0,-16.0,-31.0,-11.0,44.0,-80.0,76.19,-49.36,-39.269999999999996,31.67,-16.66,-57.34,61.52,-26.04,-11.5,0.8200000000000003,2.0600000000000023,-51.269999999999996
2025-08-13T12:28:02.034938,22.0,59.0,1.0,-7.0,-16.0,-139.0,-57.0,-13.0,-78.0,-3.0,72.0,-111.0,34.19,28.64,18.73,-17.33,-27.66,-105.34,-59.48,-23.04,-58.5,8.82,30.060000000000002,-82.27
2025-08-13T12:28:02.039208,38.0,136.0,-39.0,28.0,24.0,-84.0,29.0,-36.0,-66.0,58.0,55.0,-84.0,50.19,105.64,-21.27,17.67,12.34,-50.34,26.52,-46.04,-46.5,69.82,13.060000000000002,-55.269999999999996
2025-08-13T12:28:02.042111,-12.0,33.0,-48.0,24.0,9.0,-69.0,-14.0,-7.0,-65.0,-35.0,25.0,-91.0,0.1899999999999995,2.6400000000000006,-30.27,13.67,-2.66,-35.34,-16.48,-17.04,-45.5,-23.18,-16.939999999999998,-62.269999999999996
2025-08-13T12:28:02.050139,-20.0,32.0,-89.0,80.0,-14.0,-35.0,-16.0,-47.0,-75.0,-102.0,38.0,-74.0,-7.8100000000000005,1.6400000000000006,-71.27,69.67,-25.66,-1.3400000000000034,-18.48,-57.04,-55.5,-90.18,-3.9399999999999977,-45.269999999999996
2025-08-13T12:28:02.054588,39.0,-14.0,-82.0,15.0,18.0,-55.0,-37.0,-30.0,-43.0,3.0,26.0,-65.0,51.19,-44.36,-64.27,4.67,6.34,-21.340000000000003,-39.48,-40.04,-23.5,14.82,-15.939999999999998,-36.269999999999996
2025-08-13T12:28:02.058706,-37.0,48.0,-135.0,-47.0,27.0,-76.0,-15.0,52.0,7.0,-61.0,75.0,-65.0,-24.810000000000002,17.64,-117.27,-57.33,15.34,-42.34,-17.48,41.96,26.5,-49.18,33.06,-36.269999999999996
2025-08-13T12:28:02.067471,-90.0,63.0,-51.0,18.0,3.0,-60.0,-4.0,-54.0,-50.0,-28.0,-14.0,-51.0,-77.81,32.64,-33.269999999999996,7.67,-8.66,-26.340000000000003,-6.48,-64.03999999999999,-30.5,-16.18,-55.94,-22.27
2025-08-13T12:28:02.073729,39.0,19.0,-119.0,39.0,-9.0,-44.0,29.0,-53.0,-50.0,-71.0,99.0,3.0,51.19,-11.36,-101.27,28.67,-20.66,-10.340000000000003,26.52,-63.04,-30.5,-59.18,57.06,31.73
2025-08-13T12:28:02.081332,-48.0,24.0,-95.0,20.0,57.0,-152.0,16.0,37.0,-11.0,-56.0,40.0,-91.0,-35.81,-6.359999999999999,-77.27,9.67,45.34,-118.34,13.52,26.96,8.5,-44.18,-1.9399999999999977,-62.269999999999996
2025-08-13T12:28:02.089103,34.0,50.0,-106.0,34.0,52.0,-81.0,2.0,8.0,13.0,-41.0,35.0,-132.0,46.19,19.64,-88.27,23.67,40.34,-47.34,-0.48,-2.039999999999999,32.5,-29.18,-6.939999999999998,-103.27
2025-08-13T12:28:02.094281,51.0,-3.0,-27.0,15.0,18.0,-47.0,-61.0,45.0,-31.0,-13.0,81.0,-72.0,63.19,-33.36,-9.27,4.67,6.34,-13.340000000000003,-63.48,34.96,-11.5,-1.1799999999999997,39.06,-43.269999999999996
2025-08-13T12:28:02.097674,-44.0,24.0,-34.0,6.0,3.0,-89.0,-52.0,16.0,-59.0,-53.0,64.0,-84.0,-31.810000000000002,-6.359999999999999,-16.27,-4.33,-8.66,-55.34,-54.48,5.960000000000001,-39.5,-41.18,22.060000000000002,-55.269999999999996
2025-08-13T12:28:02.103517,22.0,12.0,-85.0,45.0,4.0,-53.0,-68.0,51.0,-46.0,-31.0,91.0,-12.0,34.19,-18.36,-67.27,34.67,-7.66,-19.340000000000003,-70.48,40.96,-26.5,-19.18,49.06,16.73
2025-08-13T12:28:02.107809,25.0,-5.0,-63.0,19.0,-20.0,-82.0,-22.0,17.0,-33.0,23.0,-23.0,-27.0,37.19,-35.36,-45.269999999999996,8.67,-31.66,-48.34,-24.48,6.960000000000001,-13.5,34.82,-64.94,1.7300000000000004
2025-08-13T12:28:02.115810,9.0,13.0,-94.0,32.0,-13.0,-110.0,-27.0,20.0,-138.0,-26.0,96.0,-106.0,21.189999999999998,-17.36,-76.27,21.67,-24.66,-76.34,-29.48,9.96,-118.5,-14.18,54.06,-77.27
2025-08-13T12:28:02.119946,14.0,17.0,-55.0,-19.0,-40.0,-29.0,15.0,-8.0,-77.0,-29.0,109.0,-66.0,26.189999999999998,-13.36,-37.269999999999996,-29.33,-51.66,4.659999999999997,12.52,-18.04,-57.5,-17.18,67.06,-37.269999999999996
2025-08-13T12:28:02.128243,-74.0,82.0,-53.0,16.0,15.0,-50.0,-5.0,-13.0,-137.0,-8.0,79.0,-69.0,-61.81,51.64,-35.269999999999996,5.67,3.34,-16.340000000000003,-7.48,-23.04,-117.5,3.8200000000000003,37.06,-40.269999999999996
2025-08-13T12:28:02.132711,1.0,89.0,-19.0,-7.0,-43.0,-115.0,85.0,11.0,-53.0,-65.0,60.0,-79.0,13.19,58.64,-1.2699999999999996,-17.33,-54.66,-81.34,82.52,0.9600000000000009,-33.5,-53.18,18.060000000000002,-50.269999999999996
2025-08-13T12:28:02.140559,10.0,94.0,-17.0,45.0,-41.0,-151.0,-44.0,-55.0,-21.0,-104.0,38.0,-81.0,22.189999999999998,63.64,0.7300000000000004,34.67,-52.66,-117.34,-46.48,-65.03999999999999,-1.5,-92.18,-3.9399999999999977,-52.269999999999996
2025-08-13T12:28:02.145796,-47.0,43.0,-103.0,-38.0,64.0,-104.0,44.0,-15.0,-49.0,-55.0,13.0,-134.0,-34.81,12.64,-85.27,-48.33,52.34,-70.34,41.52,-25.04,-29.5,-43.18,-28.939999999999998,-105.27
2025-08-13T12:28:02.152688,105.0,94.0,-76.0,-78.0,30.0,-100.0,-64.0,-13.0,-49.0,-19.0,74.0,-138.0,117.19,63.64,-58.269999999999996,-88.33,18.34,-66.34,-66.48,-23.04,-29.5,-7.18,32.06,-109.27
2025-08-13T12:28:02.160790,-29.0,55.0,-126.0,48.0,-39.0,-72.0,-11.0,34.0,-128.0,-58.0,7.0,-80.0,-16.810000000000002,24.64,-108.27,37.67,-50.66,-38.34,-13.48,23.96,-108.5,-46.18,-34.94,-51.269999999999996
2025-08-13T12:28:02.164924,-16.0,-68.0,-28.0,50.0,1.0,-117.0,8.0,5.0,-108.0,-58.0,95.0,-69.0,-3.8100000000000005,-98.36,-10.27,39.67,-10.66,-83.34,5.52,-5.039999999999999,-88.5,-46.18,53.06,-40.269999999999996
2025-08-13T12:28:02.169500,-4.0,41.0,-60.0,-13.0,53.0,-49.0,26.0,37.0,-45.0,-17.0,136.0,-62.0,8.19,10.64,-42.269999999999996,-23.33,41.34,-15.340000000000003,23.52,26.96,-25.5,-5.18,94.06,-33.269999999999996
2025-08-13T12:28:02.177433,-55.0,83.0,-34.0,66.0,9.0,-110.0,41.0,-34.0,-58.0,-24.0,56.0,-65.0,-42.81,52.64,-16.27,55.67,-2.66,-76.34,38.52,-44.04,-38.5,-12.18,14.060000000000002,-36.269999999999996
2025-08-13T12:28:02.185292,-40.0,55.0,-92.0,-46.0,-36.0,-136.0,-17.0,-31.0,-127.0,-38.0,61.0,-95.0,-27.810000000000002,24.64,-74.27,-56.33,-47.66,-102.34,-19.48,-41.04,-107.5,-26.18,19.060000000000002,-66.27
2025-08-13T12:28:02.189762,-41.0,12.0,-94.0,66.0,-65.0,-80.0,-17.0,0.0,-46.0,-57.0,103.0,-138.0,-28.810000000000002,-18.36,-76.27,55.67,-76.66,-46.34,-19.48,-10.04,-26.5,-45.18,61.06,-109.27
2025-08-13T12:28:02.197564,-6.0,35.0,-123.0,44.0,2.0,-78.0,-42.0,-22.0,-109.0,-48.0,76.0,-135.0,6.1899999999999995,4.640000000000001,-105.27,33.67,-9.66,-44.34,-44.48,-32.04,-89.5,-36.18,34.06,-106.27
2025-08-13T12:28:02.201873,-25.0,71.0,-105.0,59.0,-13.0,-146.0,0.0,62.0,-134.0,-84.0,112.0,-160.0,-12.81,40.64,-87.27,48.67,-24.66,-112.34,-2.48,51.96,-114.5,-72.18,70.06,-131.27
2025-08-13T12:28:02.209830,55.0,-1.0,-46.0,12.0,-3.0,-94.0,-82.0,24.0,-89.0,-33.0,4.0,-95.0,67.19,-31.36,-28.27,1.67,-14.66,-60.34,-84.48,13.96,-69.5,-21.18,-37.94,-66.27
2025-08-13T12:28:02.214172,27.0,94.0,-123.0,18.0,-13.0,-75.0,14.0,-54.0,-79.0,94.0,47.0,-62.0,39.19,63.64,-105.27,7.67,-24.66,-41.34,11.52,-64.03999999999999,-59.5,105.82,5.060000000000002,-33.269999999999996
2025-08-13T12:28:02.222191,14.0,30.0,-150.0,53.0,14.0,-134.0,-43.0,-58.0,-97.0,-70.0,22.0,-23.0,26.189999999999998,-0.35999999999999943,-132.27,42.67,2.34,-100.34,-45.48,-68.03999999999999,-77.5,-58.18,-19.939999999999998,5.73
2025-08-13T12:28:02.226532,-18.0,40.0,-128.0,-27.0,17.0,-173.0,-50.0,-45.0,-15.0,-47.0,84.0,-68.0,-5.8100000000000005,9.64,-110.27,-37.33,5.34,-139.34,-52.48,-55.04,4.5,-35.18,42.06,-39.269999999999996
2025-08-13T12:28:02.234456,41.0,9.0,-92.0,18.0,-22.0,-106.0,-21.0,55.0,-104.0,-36.0,46.0,-175.0,53.19,-21.36,-74.27,7.67,-33.66,-72.34,-23.48,44.96,-84.5,-24.18,4.060000000000002,-146.27
2025-08-13T12:28:02.238743,24.0,134.0,-51.0,33.0,-40.0,-127.0,-78.0,15.0,-17.0,-52.0,61.0,-122.0,36.19,103.64,-33.269999999999996,22.67,-51.66,-93.34,-80.48,4.960000000000001,2.5,-40.18,19.060000000000002,-93.27
2025-08-13T12:28:02.246857,58.0,4.0,-122.0,62.0,-4.0,-129.0,-21.0,-34.0,-82.0,-29.0,11.0,-170.0,70.19,-26.36,-104.27,51.67,-15.66,-95.34,-23.48,-44.04,-62.5,-17.18,-30.939999999999998,-141.27
2025-08-13T12:28:02.251032,56.0,83.0,-94.0,82.0,-25.0,-160.0,-21.0,-18.0,-124.0,-47.0,35.0,-166.0,68.19,52.64,-76.27,71.67,-36.66,-126.34,-23.48,-28.04,-104.5,-35.18,-6.939999999999998,-137.27
2025-08-13T12:28:02.259248,-34.0,-20.0,-53.0,37.0,-42.0,-83.0,28.0,-35.0,-60.0,-44.0,96.0,-93.0,-21.810000000000002,-50.36,-35.269999999999996,26.67,-53.66,-49.34,25.52,-45.04,-40.5,-32.18,54.06,-64.27
2025-08-13T12:28:02.263378,-2.0,55.0,-117.0,5.0,80.0,-81.0,-33.0,-7.0,-57.0,-43.0,40.0,-106.0,10.19,24.64,-99.27,-5.33,68.34,-47.34,-35.48,-17.04,-37.5,-31.18,-1.9399999999999977,-77.27
2025-08-13T12:28:02.271358,-30.0,58.0,-96.0,-20.0,-18.0,-126.0,-101.0,-3.0,-104.0,-53.0,-14.0,-138.0,-17.810000000000002,27.64,-78.27,-30.33,-29.66,-92.34,-103.48,-13.04,-84.5,-41.18,-55.94,-109.27
2025-08-13T12:28:02.275897,12.0,28.0,-118.0,-9.0,33.0,-130.0,-48.0,-30.0,-154.0,-22.0,28.0,-99.0,24.189999999999998,-2.3599999999999994,-100.27,-19.33,21.34,-96.34,-50.48,-40.04,-134.5,-10.18,-13.939999999999998,-70.27
2025-08-13T12:28:02.283716,68.0,103.0,-85.0,62.0,33.0,-122.0,-14.0,33.0,-92.0,-3.0,36.0,-159.0,80.19,72.64,-67.27,51.67,21.34,-88.34,-16.48,22.96,-72.5,8.82,-5.939999999999998,-130.27
2025-08-13T12:28:02.288148,-16.0,-12.0,-147.0,45.0,-13.0,-114.0,-66.0,-12.0,-133.0,-19.0,46.0,-130.0,-3.8100000000000005,-42.36,-129.27,34.67,-24.66,-80.34,-68.48,-22.04,-113.5,-7.18,4.060000000000002,-101.27
2025-08-13T12:28:02.296126,33.0,-81.0,-73.0,44.0,-58.0,-106.0,-34.0,13.0,-127.0,-67.0,75.0,-101.0,45.19,-111.36,-55.269999999999996,33.67,-69.66,-72.34,-36.48,2.960000000000001,-107.5,-55.18,33.06,-72.27
2025-08-13T12:28:02.300471,-19.0,1.0,-68.0,52.0,1.0,-108.0,-31.0,-12.0,-73.0,-32.0,156.0,-68.0,-6.8100000000000005,-29.36,-50.269999999999996,41.67,-10.66,-74.34,-33.48,-22.04,-53.5,-20.18,114.06,-39.269999999999996
2025-08-13T12:28:02.308382,40.0,62.0,-147.0,108.0,40.0,-129.0,-37.0,-15.0,-99.0,11.0,32.0,-157.0,52.19,31.64,-129.27,97.67,28.34,-95.34,-39.48,-25.04,-79.5,22.82,-9.939999999999998,-128.27
2025-08-13T12:28:02.312843,-17.0,96.0,-96.0,67.0,-38.0,-167.0,-16.0,-17.0,-141.0,10.0,70.0,-151.0,-4.8100000000000005,65.64,-78.27,56.67,-49.66,-133.34,-18.48,-27.04,-121.5,21.82,28.060000000000002,-122.27
2025-08-13T12:28:02.320747,-13.0,22.0,-119.0,9.0,42.0,-166.0,-53.0,-24.0,-112.0,-46.0,58.0,-156.0,-0.8100000000000005,-8.36,-101.27,-1.33,30.34,-132.34,-55.48,-34.04,-92.5,-34.18,16.060000000000002,-127.27
2025-08-13T12:28:02.328729,-54.0,16.0,-131.0,50.0,-10.0,-89.0,-39.0,-23.0,-120.0,-4.0,67.0,-37.0,-41.81,-14.36,-113.27,39.67,-21.66,-55.34,-41.48,-33.04,-100.5,7.82,25.060000000000002,-8.27
2025-08-13T12:28:02.332963,46.0,16.0,-104.0,74.0,1.0,-197.0,-1.0,2.0,-99.0,-58.0,73.0,-172.0,58.19,-14.36,-86.27,63.67,-10.66,-163.34,-3.48,-8.04,-79.5,-46.18,31.060000000000002,-143.27
2025-08-13T12:28:02.340986,-6.0,37.0,-68.0,1.0,-13.0,-148.0,-35.0,-69.0,-140.0,-68.0,56.0,-120.0,6.1899999999999995,6.640000000000001,-50.269999999999996,-9.33,-24.66,-114.34,-37.48,-79.03999999999999,-120.5,-56.18,14.060000000000002,-91.27
2025-08-13T12:28:02.345491,34.0,9.0,-139.0,75.0,-33.0,-105.0,-72.0,39.0,-111.0,-59.0,135.0,-171.0,46.19,-21.36,-121.27,64.67,-44.66,-71.34,-74.48,28.96,-91.5,-47.18,93.06,-142.27
2025-08-13T12:28:02.353309,33.0,45.0,-178.0,26.0,18.0,-135.0,-48.0,22.0,-77.0,-72.0,78.0,-159.0,45.19,14.64,-160.27,15.67,6.34,-101.34,-50.48,11.96,-57.5,-60.18,36.06,-130.27
2025-08-13T12:28:02.357768,101.0,51.0,-167.0,44.0,29.0,-145.0,-49.0,9.0,-118.0,-31.0,31.0,-145.0,113.19,20.64,-149.27,33.67,17.34,-111.34,-51.48,-1.0399999999999991,-98.5,-19.18,-10.939999999999998,-116.27
2025-08-13T12:28:02.365693,19.0,-7.0,-99.0,54.0,28.0,-159.0,-5.0,-11.0,-136.0,-45.0,21.0,-166.0,31.189999999999998,-37.36,-81.27,43.67,16.34,-125.34,-7.48,-21.04,-116.5,-33.18,-20.939999999999998,-137.27
2025-08-13T12:28:02.370111,4.0,56.0,-82.0,125.0,-11.0,-213.0,51.0,-33.0,-154.0,-58.0,44.0,-103.0,16.189999999999998,25.64,-64.27,114.67,-22.66,-179.34,48.52,-43.04,-134.5,-46.18,2.0600000000000023,-74.27
2025-08-13T12:28:02.378770,1.0,15.0,-111.0,56.0,8.0,-166.0,3.0,39.0,-106.0,-57.0,98.0,-156.0,13.19,-15.36,-93.27,45.67,-3.66,-132.34,0.52,28.96,-86.5,-45.18,56.06,-127.27
2025-08-13T12:28:02.383813,5.0,23.0,-125.0,74.0,-23.0,-87.0,-88.0,6.0,-100.0,-57.0,129.0,-192.0,17.189999999999998,-7.359999999999999,-107.27,63.67,-34.66,-53.34,-90.48,-4.039999999999999,-80.5,-45.18,87.06,-163.27
2025-08-13T12:28:02.391231,20.0,65.0,-147.0,26.0,-6.0,-187.0,-72.0,20.0,-93.0,27.0,51.0,-192.0,32.19,34.64,-129.27,15.67,-17.66,-153.34,-74.48,9.96,-73.5,38.82,9.060000000000002,-163.27
2025-08-13T12:28:02.394957,3.0,111.0,-174.0,18.0,-28.0,-198.0,-80.0,26.0,-94.0,-11.0,118.0,-172.0,15.19,80.64,-156.27,7.67,-39.66,-164.34,-82.48,15.96,-74.5,0.8200000000000003,76.06,-143.27
2025-08-13T12:28:02.402739,26.0,56.0,-193.0,58.0,13.0,-146.0,-99.0,-28.0,-104.0,-100.0,39.0,-119.0,38.19,25.64,-175.27,47.67,1.3399999999999999,-112.34,-101.48,-38.04,-84.5,-88.18,-2.9399999999999977,-90.27
2025-08-13T12:28:02.410737,22.0,37.0,-135.0,106.0,-27.0,-160.0,-118.0,-22.0,-149.0,-26.0,93.0,-157.0,34.19,6.640000000000001,-117.27,95.67,-38.66,-126.34,-120.48,-32.04,-129.5,-14.18,51.06,-128.27
2025-08-13T12:28:02.416144,15.0,82.0,-137.0,0.0,-43.0,-151.0,-12.0,-33.0,-114.0,-112.0,63.0,-145.0,27.189999999999998,51.64,-119.27,-10.33,-54.66,-117.34,-14.48,-43.04,-94.5,-100.18,21.060000000000002,-116.27
2025-08-13T12:28:02.423327,-14.0,-13.0,-130.0,25.0,-20.0,-130.0,-32.0,20.0,-109.0,-54.0,123.0,-150.0,-1.8100000000000005,-43.36,-112.27,14.67,-31.66,-96.34,-34.48,9.96,-89.5,-42.18,81.06,-121.27
2025-08-13T12:28:02.428308,-15.0,49.0,-130.0,49.0,-123.0,-145.0,0.0,-40.0,-81.0,8.0,33.0,-158.0,-2.8100000000000005,18.64,-112.27,38.67,-134.66,-111.34,-2.48,-50.04,-61.5,19.82,-8.939999999999998,-129.27
2025-08-13T12:28:02.435350,-45.0,71.0,-87.0,68.0,-8.0,-202.0,-53.0,-55.0,-113.0,-71.0,99.0,-94.0,-32.81,40.64,-69.27,57.67,-19.66,-168.34,-55.48,-65.03999999999999,-93.5,-59.18,57.06,-65.27
2025-08-13T12:28:02.441214,-22.0,56.0,-143.0,73.0,-11.0,-168.0,-20.0,-5.0,-111.0,-54.0,36.0,-152.0,-9.81,25.64,-125.27,62.67,-22.66,-134.34,-22.48,-15.04,-91.5,-42.18,-5.939999999999998,-123.27
2025-08-13T12:28:02.448147,25.0,40.0,-114.0,65.0,-19.0,-110.0,-61.0,-42.0,-125.0,-41.0,37.0,-128.0,37.19,9.64,-96.27,54.67,-30.66,-76.34,-63.48,-52.04,-105.5,-29.18,-4.939999999999998,-99.27
2025-08-13T12:28:02.451918,-7.0,63.0,-159.0,98.0,-48.0,-156.0,-38.0,-32.0,-169.0,-62.0,27.0,-186.0,5.1899999999999995,32.64,-141.27,87.67,-59.66,-122.34,-40.48,-42.04,-149.5,-50.18,-14.939999999999998,-157.27
2025-08-13T12:28:02.459955,31.0,-40.0,-205.0,71.0,-52.0,-127.0,-13.0,-10.0,-66.0,-89.0,114.0,-153.0,43.19,-70.36,-187.27,60.67,-63.66,-93.34,-15.48,-20.04,-46.5,-77.18,72.06,-124.27
2025-08-13T12:28:02.464466,44.0,44.0,-182.0,84.0,-57.0,-117.0,-124.0,-22.0,-84.0,-38.0,34.0,-101.0,56.19,13.64,-164.27,73.67,-68.66,-83.34,-126.48,-32.04,-64.5,-26.18,-7.939999999999998,-72.27
2025-08-13T12:28:02.472305,49.0,13.0,-130.0,17.0,19.0,-241.0,-26.0,51.0,-177.0,-71.0,105.0,-151.0,61.19,-17.36,-112.27,6.67,7.34,-207.34,-28.48,40.96,-157.5,-59.18,63.06,-122.27
2025-08-13T12:28:02.476820,-44.0,34.0,-130.0,-13.0,-53.0,-151.0,-30.0,20.0,-132.0,-132.0,104.0,-106.0,-31.810000000000002,3.6400000000000006,-112.27,-23.33,-64.66,-117.34,-32.48,9.96,-112.5,-120.18,62.06,-77.27
2025-08-13T12:28:02.484547,17.0,113.0,-144.0,-1.0,36.0,-117.0,-5.0,70.0,-57.0,-10.0,35.0,-89.0,29.189999999999998,82.64,-126.27,-11.33,24.34,-83.34,-7.48,59.96,-37.5,1.8200000000000003,-6.939999999999998,-60.269999999999996
2025-08-13T12:28:02.492482,91.0,101.0,-133.0,40.0,27.0,-165.0,-41.0,-8.0,-102.0,-90.0,34.0,-108.0,103.19,70.64,-115.27,29.67,15.34,-131.34,-43.48,-18.04,-82.5,-78.18,-7.939999999999998,-79.27
2025-08-13T12:28:02.498050,23.0,30.0,-181.0,33.0,53.0,-160.0,-6.0,-34.0,-155.0,-42.0,66.0,-137.0,35.19,-0.35999999999999943,-163.27,22.67,41.34,-126.34,-8.48,-44.04,-135.5,-30.18,24.060000000000002,-108.27
2025-08-13T12:28:02.505039,41.0,14.0,-131.0,12.0,-25.0,-176.0,-71.0,-26.0,-142.0,-121.0,31.0,-179.0,53.19,-16.36,-113.27,1.67,-36.66,-142.34,-73.48,-36.04,-122.5,-109.18,-10.939999999999998,-150.27
2025-08-13T12:28:02.510712,50.0,119.0,-127.0,-1.0,-60.0,-199.0,-28.0,-20.0,-93.0,-35.0,28.0,-151.0,62.19,88.64,-109.27,-11.33,-71.66,-165.34,-30.48,-30.04,-73.5,-23.18,-13.939999999999998,-122.27
2025-08-13T12:28:02.517149,4.0,39.0,-153.0,30.0,44.0,-199.0,-59.0,-46.0,-95.0,13.0,159.0,-162.0,16.189999999999998,8.64,-135.27,19.67,32.34,-165.34,-61.48,-56.04,-75.5,24.82,117.06,-133.27
2025-08-13T12:28:02.523129,-49.0,130.0,-187.0,14.0,-40.0,-158.0,-94.0,7.0,-64.0,-54.0,34.0,-211.0,-36.81,99.64,-169.27,3.67,-51.66,-124.34,-96.48,-3.039999999999999,-44.5,-42.18,-7.939999999999998,-182.27
2025-08-13T12:28:02.529498,89.0,55.0,-191.0,36.0,12.0,-123.0,-38.0,21.0,-119.0,-50.0,85.0,-100.0,101.19,24.64,-173.27,25.67,0.33999999999999986,-89.34,-40.48,10.96,-99.5,-38.18,43.06,-71.27
2025-08-13T12:28:02.533905,61.0,-56.0,-122.0,34.0,20.0,-177.0,-2.0,40.0,-115.0,-100.0,33.0,-111.0,73.19,-86.36,-104.27,23.67,8.34,-143.34,-4.48,29.96,-95.5,-88.18,-8.939999999999998,-82.27
2025-08-13T12:28:02.541879,48.0,-52.0,-117.0,-4.0,-6.0,-147.0,-44.0,-17.0,-160.0,-102.0,69.0,-166.0,60.19,-82.36,-99.27,-14.33,-17.66,-113.34,-46.48,-27.04,-140.5,-90.18,27.060000000000002,-137.27
2025-08-13T12:28:02.546307,34.0,58.0,-131.0,25.0,-67.0,-152.0,-56.0,-7.0,-28.0,-28.0,96.0,-142.0,46.19,27.64,-113.27,14.67,-78.66,-118.34,-58.48,-17.04,-8.5,-16.18,54.06,-113.27
2025-08-13T12:28:02.554324,-11.0,73.0,-186.0,75.0,8.0,-90.0,-78.0,-39.0,-142.0,-32.0,41.0,-190.0,1.1899999999999995,42.64,-168.27,64.67,-3.66,-56.34,-80.48,-49.04,-122.5,-20.18,-0.9399999999999977,-161.27
2025-08-13T12:28:02.558544,25.0,93.0,-155.0,18.0,-43.0,-138.0,-3.0,16.0,-82.0,-3.0,56.0,-209.0,37.19,62.64,-137.27,7.67,-54.66,-104.34,-5.48,5.960000000000001,-62.5,8.82,14.060000000000002,-180.27
2025-08-13T12:28:02.566515,5.0,-30.0,-162.0,40.0,-48.0,-133.0,-80.0,-22.0,-97.0,-63.0,-38.0,-158.0,17.189999999999998,-60.36,-144.27,29.67,-59.66,-99.34,-82.48,-32.04,-77.5,-51.18,-79.94,-129.27
2025-08-13T12:28:02.571850,49.0,32.0,-102.0,74.0,22.0,-131.0,-49.0,-31.0,-102.0,-77.0,54.0,-88.0,61.19,1.6400000000000006,-84.27,63.67,10.34,-97.34,-51.48,-41.04,-82.5,-65.18,12.060000000000002,-59.269999999999996
2025-08-13T12:28:02.578708,-5.0,-4.0,-90.0,67.0,79.0,-91.0,-52.0,13.0,-131.0,-43.0,33.0,-162.0,7.1899999999999995,-34.36,-72.27,56.67,67.34,-57.34,-54.48,2.960000000000001,-111.5,-31.18,-8.939999999999998,-133.27
2025-08-13T12:28:02.586990,27.0,49.0,-151.0,25.0,-30.0,-112.0,-16.0,-46.0,-115.0,-102.0,133.0,-195.0,39.19,18.64,-133.27,14.67,-41.66,-78.34,-18.48,-56.04,-95.5,-90.18,91.06,-166.27
2025-08-13T12:28:02.591223,57.0,51.0,-233.0,56.0,-73.0,-177.0,-34.0,-57.0,-60.0,-18.0,49.0,-121.0,69.19,20.64,-215.27,45.67,-84.66,-143.34,-36.48,-67.03999999999999,-40.5,-6.18,7.060000000000002,-92.27
2025-08-13T12:28:02.599294,38.0,19.0,-171.0,135.0,-43.0,-135.0,0.0,3.0,-121.0,-10.0,53.0,-117.0,50.19,-11.36,-153.27,124.67,-54.66,-101.34,-2.48,-7.039999999999999,-101.5,1.8200000000000003,11.060000000000002,-88.27
2025-08-13T12:28:02.603618,71.0,46.0,-153.0,40.0,-23.0,-162.0,16.0,-15.0,-135.0,-105.0,35.0,-159.0,83.19,15.64,-135.27,29.67,-34.66,-128.34,13.52,-25.04,-115.5,-93.18,-6.939999999999998,-130.27
2025-08-13T12:28:02.611598,8.0,52.0,-138.0,82.0,-22.0,-166.0,7.0,-18.0,-101.0,-84.0,17.0,-162.0,20.189999999999998,21.64,-120.27,71.67,-33.66,-132.34,4.52,-28.04,-81.5,-72.18,-24.939999999999998,-133.27
2025-08-13T12:28:02.615784,-21.0,60.0,-114.0,-41.0,-29.0,-125.0,-2.0,-50.0,-139.0,-75.0,81.0,-95.0,-8.81,29.64,-96.27,-51.33,-40.66,-91.34,-4.48,-60.04,-119.5,-63.18,39.06,-66.27
2025-08-13T12:28:02.623713,-5.0,130.0,-184.0,95.0,-30.0,-170.0,-61.0,29.0,-101.0,-62.0,54.0,-209.0,7.1899999999999995,99.64,-166.27,84.67,-41.66,-136.34,-63.48,18.96,-81.5,-50.18,12.060000000000002,-180.27
2025-08-13T12:28:02.628135,-69.0,44.0,-172.0,32.0,22.0,-197.0,-26.0,29.0,-71.0,-23.0,46.0,-158.0,-56.81,13.64,-154.27,21.67,10.34,-163.34,-28.48,18.96,-51.5,-11.18,4.060000000000002,-129.27
2025-08-13T12:28:02.636180,-12.0,80.0,-146.0,56.0,17.0,-123.0,-11.0,8.0,-181.0,-89.0,100.0,-167.0,0.1899999999999995,49.64,-128.27,45.67,5.34,-89.34,-13.48,-2.039999999999999,-161.5,-77.18,58.06,-138.27
2025-08-13T12:28:02.640413,74.0,41.0,-222.0,-4.0,-14.0,-168.0,-19.0,-57.0,-147.0,-24.0,17.0,-92.0,86.19,10.64,-204.27,-14.33,-25.66,-134.34,-21.48,-67.03999999999999,-127.5,-12.18,-24.939999999999998,-63.269999999999996
2025-08-13T12:28:02.648836,12.0,66.0,-54.0,49.0,-46.0,-120.0,6.0,-83.0,-89.0,-86.0,86.0,-107.0,24.189999999999998,35.64,-36.269999999999996,38.67,-57.66,-86.34,3.52,-93.03999999999999,-69.5,-74.18,44.06,-78.27
2025-08-13T12:28:02.652641,20.0,59.0,-178.0,30.0,-31.0,-148.0,-64.0,-34.0,-124.0,-8.0,18.0,-138.0,32.19,28.64,-160.27,19.67,-42.66,-114.34,-66.48,-44.04,-104.5,3.8200000000000003,-23.939999999999998,-109.27
2025-08-13T12:28:02.660951,-24.0,22.0,-130.0,53.0,-70.0,-119.0,-82.0,-7.0,-84.0,-13.0,46.0,-195.0,-11.81,-8.36,-112.27,42.67,-81.66,-85.34,-84.48,-17.04,-64.5,-1.1799999999999997,4.060000000000002,-166.27
2025-08-13T12:28:02.666710,-2.0,38.0,-164.0,10.0,-15.0,-141.0,-41.0,42.0,-187.0,-81.0,33.0,-129.0,10.19,7.640000000000001,-146.27,-0.33000000000000007,-26.66,-107.34,-43.48,31.96,-167.5,-69.18,-8.939999999999998,-100.27
2025-08-13T12:28:02.673067,26.0,71.0,-124.0,78.0,-36.0,-170.0,37.0,19.0,-120.0,-105.0,43.0,-177.0,38.19,40.64,-106.27,67.67,-47.66,-136.34,34.52,8.96,-100.5,-93.18,1.0600000000000023,-148.27
2025-08-13T12:28:02.681043,63.0,1.0,-165.0,54.0,-71.0,-150.0,-69.0,0.0,-59.0,-93.0,91.0,-193.0,75.19,-29.36,-147.27,43.67,-82.66,-116.34,-71.48,-10.04,-39.5,-81.18,49.06,-164.27
2025-08-13T12:28:02.685525,-40.0,49.0,-131.0,112.0,-9.0,-200.0,-107.0,-57.0,-73.0,-56.0,109.0,-124.0,-27.810000000000002,18.64,-113.27,101.67,-20.66,-166.34,-109.48,-67.03999999999999,-53.5,-44.18,67.06,-95.27
2025-08-13T12:28:02.693266,-49.0,91.0,-128.0,21.0,6.0,-133.0,-18.0,5.0,-173.0,-42.0,52.0,-106.0,-36.81,60.64,-110.27,10.67,-5.66,-99.34,-20.48,-5.039999999999999,-153.5,-30.18,10.060000000000002,-77.27
2025-08-13T12:28:02.697772,105.0,100.0,-204.0,4.0,-51.0,-162.0,18.0,-21.0,-160.0,-71.0,69.0,-97.0,117.19,69.64,-186.27,-6.33,-62.66,-128.34,15.52,-31.04,-140.5,-59.18,27.060000000000002,-68.27
2025-08-13T12:28:02.705599,-43.0,68.0,-183.0,34.0,-27.0,-109.0,0.0,9.0,-114.0,-17.0,66.0,-137.0,-30.810000000000002,37.64,-165.27,23.67,-38.66,-75.34,-2.48,-1.0399999999999991,-94.5,-5.18,24.060000000000002,-108.27
2025-08-13T12:28:02.710071,30.0,15.0,-86.0,107.0,38.0,-159.0,15.0,-44.0,-132.0,-73.0,88.0,-176.0,42.19,-15.36,-68.27,96.67,26.34,-125.34,12.52,-54.04,-112.5,-61.18,46.06,-147.27
2025-08-13T12:28:02.718078,71.0,9.0,-137.0,2.0,-19.0,-171.0,-91.0,-51.0,-116.0,-94.0,68.0,-116.0,83.19,-21.36,-119.27,-8.33,-30.66,-137.34,-93.48,-61.04,-96.5,-82.18,26.060000000000002,-87.27
2025-08-13T12:28:02.722395,-24.0,100.0,-85.0,49.0,24.0,-154.0,-79.0,-28.0,-103.0,-71.0,62.0,-175.0,-11.81,69.64,-67.27,38.67,12.34,-120.34,-81.48,-38.04,-83.5,-59.18,20.060000000000002,-146.27
2025-08-13T12:28:02.730287,-14.0,120.0,-155.0,24.0,-12.0,-171.0,-85.0,37.0,-121.0,-43.0,72.0,-125.0,-1.8100000000000005,89.64,-137.27,13.67,-23.66,-137.34,-87.48,26.96,-101.5,-31.18,30.060000000000002,-96.27
2025-08-13T12:28:02.734842,50.0,28.0,-111.0,61.0,-8.0,-165.0,0.0,-11.0,-161.0,-48.0,83.0,-119.0,62.19,-2.3599999999999994,-93.27,50.67,-19.66,-131.34,-2.48,-21.04,-141.5,-36.18,41.06,-90.27
2025-08-13T12:28:02.742603,30.0,27.0,-122.0,81.0,-31.0,-111.0,-22.0,-47.0,-93.0,-27.0,59.0,-191.0,42.19,-3.3599999999999994,-104.27,70.67,-42.66,-77.34,-24.48,-57.04,-73.5,-15.18,17.060000000000002,-162.27
2025-08-13T12:28:02.750561,20.0,-26.0,-95.0,13.0,-18.0,-159.0,-42.0,25.0,-139.0,-107.0,61.0,-147.0,32.19,-56.36,-77.27,2.67,-29.66,-125.34,-44.48,14.96,-119.5,-95.18,19.060000000000002,-118.27
2025-08-13T12:28:02.755030,-45.0,50.0,-95.0,-5.0,-12.0,-166.0,9.0,-40.0,-106.0,-96.0,71.0,-101.0,-32.81,19.64,-77.27,-15.33,-23.66,-132.34,6.52,-50.04,-86.5,-84.18,29.060000000000002,-72.27
2025-08-13T12:28:02.762920,24.0,37.0,-196.0,100.0,11.0,-151.0,-39.0,31.0,-200.0,-52.0,79.0,-151.0,36.19,6.640000000000001,-178.27,89.67,-0.6600000000000001,-117.34,-41.48,20.96,-180.5,-40.18,37.06,-122.27
2025-08-13T12:28:02.767482,26.0,107.0,-173.0,24.0,-61.0,-121.0,-45.0,17.0,-81.0,-119.0,64.0,-134.0,38.19,76.64,-155.27,13.67,-72.66,-87.34,-47.48,6.960000000000001,-61.5,-107.18,22.060000000000002,-105.27
2025-08-13T12:28:02.775297,31.0,26.0,-137.0,80.0,-4.0,-144.0,-47.0,-62.0,-78.0,-61.0,26.0,-177.0,43.19,-4.359999999999999,-119.27,69.67,-15.66,-110.34,-49.48,-72.03999999999999,-58.5,-49.18,-15.939999999999998,-148.27
2025-08-13T12:28:02.779704,32.0,41.0,-149.0,0.0,-1.0,-78.0,-74.0,-12.0,-160.0,-23.0,121.0,-154.0,44.19,10.64,-131.27,-10.33,-12.66,-44.34,-76.48,-22.04,-140.5,-11.18,79.06,-125.27
2025-08-13T12:28:02.787638,33.0,101.0,-142.0,47.0,-19.0,-164.0,-15.0,-10.0,-76.0,-149.0,54.0,-161.0,45.19,70.64,-124.27,36.67,-30.66,-130.34,-17.48,-20.04,-56.5,-137.18,12.060000000000002,-132.27
2025-08-13T12:28:02.792354,-36.0,114.0,-194.0,37.0,14.0,-121.0,-35.0,68.0,-63.0,-43.0,46.0,-102.0,-23.810000000000002,83.64,-176.27,26.67,2.34,-87.34,-37.48,57.96,-43.5,-31.18,4.060000000000002,-73.27
2025-08-13T12:28:02.801835,-20.0,126.0,-156.0,119.0,41.0,-126.0,-45.0,-43.0,-213.0,-24.0,40.0,-149.0,-7.8100000000000005,95.64,-138.27,108.67,29.34,-92.34,-47.48,-53.04,-193.5,-12.18,-1.9399999999999977,-120.27
2025-08-13T12:28:02.805238,54.0,79.0,-102.0,73.0,2.0,-180.0,-55.0,-4.0,-128.0,-22.0,90.0,-122.0,66.19,48.64,-84.27,62.67,-9.66,-146.34,-57.48,-14.04,-108.5,-10.18,48.06,-93.27
2025-08-13T12:28:02.813245,17.0,-10.0,-106.0,151.0,-22.0,-137.0,-96.0,-19.0,-61.0,-121.0,25.0,-151.0,29.189999999999998,-40.36,-88.27,140.67,-33.66,-103.34,-98.48,-29.04,-41.5,-109.18,-16.939999999999998,-122.27
2025-08-13T12:28:02.817602,-26.0,43.0,-169.0,132.0,-25.0,-136.0,-48.0,14.0,-76.0,-45.0,11.0,-64.0,-13.81,12.64,-151.27,121.67,-36.66,-102.34,-50.48,3.960000000000001,-56.5,-33.18,-30.939999999999998,-35.269999999999996
2025-08-13T12:28:02.825432,-48.0,47.0,-199.0,60.0,-52.0,-134.0,-1.0,25.0,-91.0,-45.0,22.0,-191.0,-35.81,16.64,-181.27,49.67,-63.66,-100.34,-3.48,14.96,-71.5,-33.18,-19.939999999999998,-162.27
2025-08-13T12:28:02.832881,87.0,24.0,-122.0,119.0,37.0,-107.0,-43.0,33.0,-145.0,-60.0,44.0,-139.0,99.19,-6.359999999999999,-104.27,108.67,25.34,-73.34,-45.48,22.96,-125.5,-48.18,2.0600000000000023,-110.27
2025-08-13T12:28:02.838072,64.0,66.0,-119.0,28.0,-11.0,-156.0,-8.0,-30.0,-83.0,-68.0,62.0,-148.0,76.19,35.64,-101.27,17.67,-22.66,-122.34,-10.48,-40.04,-63.5,-56.18,20.060000000000002,-119.27
2025-08-13T12:28:02.845368,9.0,40.0,-167.0,64.0,-80.0,-130.0,-19.0,-26.0,-104.0,-33.0,49.0,-163.0,21.189999999999998,9.64,-149.27,53.67,-91.66,-96.34,-21.48,-36.04,-84.5,-21.18,7.060000000000002,-134.27
2025-08-13T12:28:02.852649,7.0,22.0,-143.0,73.0,19.0,-220.0,-46.0,28.0,-123.0,-172.0,27.0,-143.0,19.189999999999998,-8.36,-125.27,62.67,7.34,-186.34,-48.48,17.96,-103.5,-160.18,-14.939999999999998,-114.27
2025-08-13T12:28:02.858847,-62.0,67.0,-237.0,75.0,-34.0,-100.0,-46.0,-82.0,-184.0,-63.0,17.0,-139.0,-49.81,36.64,-219.27,64.67,-45.66,-66.34,-48.48,-92.03999999999999,-164.5,-51.18,-24.939999999999998,-110.27
2025-08-13T12:28:02.864775,47.0,87.0,-148.0,64.0,-20.0,-122.0,-31.0,-30.0,-158.0,-95.0,101.0,-130.0,59.19,56.64,-130.27,53.67,-31.66,-88.34,-33.48,-40.04,-138.5,-83.18,59.06,-101.27
2025-08-13T12:28:02.869480,50.0,52.0,-122.0,105.0,-1.0,-137.0,-45.0,11.0,-132.0,-93.0,102.0,-117.0,62.19,21.64,-104.27,94.67,-12.66,-103.34,-47.48,0.9600000000000009,-112.5,-81.18,60.06,-88.27
2025-08-13T12:28:02.873939,-65.0,26.0,-65.0,83.0,-22.0,-157.0,-69.0,-72.0,-79.0,-29.0,34.0,-131.0,-52.81,-4.359999999999999,-47.269999999999996,72.67,-33.66,-123.34,-71.48,-82.03999999999999,-59.5,-17.18,-7.939999999999998,-102.27
2025-08-13T12:28:02.882303,-5.0,105.0,-137.0,80.0,-27.0,-113.0,-57.0,30.0,-145.0,-54.0,17.0,-131.0,7.1899999999999995,74.64,-119.27,69.67,-38.66,-79.34,-59.48,19.96,-125.5,-42.18,-24.939999999999998,-102.27
2025-08-13T12:28:02.886966,30.0,91.0,-198.0,10.0,1.0,-120.0,13.0,19.0,-38.0,-40.0,50.0,-101.0,42.19,60.64,-180.27,-0.33000000000000007,-10.66,-86.34,10.52,8.96,-18.5,-28.18,8.060000000000002,-72.27
2025-08-13T12:28:02.894175,-11.0,-69.0,-89.0,7.0,33.0,-153.0,-71.0,-34.0,-153.0,-61.0,104.0,-157.0,1.1899999999999995,-99.36,-71.27,-3.33,21.34,-119.34,-73.48,-44.04,-133.5,-49.18,62.06,-128.27
2025-08-13T12:28:02.902084,41.0,28.0,-133.0,37.0,-42.0,-125.0,-61.0,-41.0,-163.0,-116.0,99.0,-137.0,53.19,-2.3599999999999994,-115.27,26.67,-53.66,-91.34,-63.48,-51.04,-143.5,-104.18,57.06,-108.27
2025-08-13T12:28:02.906844,-63.0,47.0,-99.0,51.0,31.0,-176.0,-21.0,3.0,-81.0,-55.0,25.0,-121.0,-50.81,16.64,-81.27,40.67,19.34,-142.34,-23.48,-7.039999999999999,-61.5,-43.18,-16.939999999999998,-92.27
2025-08-13T12:28:02.914353,-8.0,32.0,-148.0,38.0,-16.0,-165.0,-37.0,-2.0,-127.0,-8.0,7.0,-87.0,4.1899999999999995,1.6400000000000006,-130.27,27.67,-27.66,-131.34,-39.48,-12.04,-107.5,3.8200000000000003,-34.94,-58.269999999999996
2025-08-13T12:28:02.918823,6.0,18.0,-129.0,74.0,-24.0,-108.0,23.0,-39.0,-108.0,-95.0,18.0,-224.0,18.189999999999998,-12.36,-111.27,63.67,-35.66,-74.34,20.52,-49.04,-88.5,-83.18,-23.939999999999998,-195.27
2025-08-13T12:28:02.926811,49.0,81.0,-152.0,38.0,9.0,-113.0,-53.0,-39.0,-134.0,-92.0,45.0,-175.0,61.19,50.64,-134.27,27.67,-2.66,-79.34,-55.48,-49.04,-114.5,-80.18,3.0600000000000023,-146.27
2025-08-13T12:28:02.931281,61.0,37.0,-149.0,123.0,8.0,-65.0,-7.0,-11.0,-59.0,-89.0,64.0,-163.0,73.19,6.640000000000001,-131.27,112.67,-3.66,-31.340000000000003,-9.48,-21.04,-39.5,-77.18,22.060000000000002,-134.27
2025-08-13T12:28:02.939223,-34.0,17.0,-126.0,65.0,-20.0,-159.0,-58.0,19.0,-62.0,6.0,115.0,-147.0,-21.810000000000002,-13.36,-108.27,54.67,-31.66,-125.34,-60.48,8.96,-42.5,17.82,73.06,-118.27
2025-08-13T12:28:02.943627,-29.0,45.0,-128.0,8.0,-16.0,-157.0,-52.0,23.0,-94.0,-27.0,30.0,-201.0,-16.810000000000002,14.64,-110.27,-2.33,-27.66,-123.34,-54.48,12.96,-74.5,-15.18,-11.939999999999998,-172.27
2025-08-13T12:28:02.951402,18.0,82.0,-180.0,67.0,3.0,-93.0,-36.0,-13.0,-108.0,15.0,60.0,-88.0,30.189999999999998,51.64,-162.27,56.67,-8.66,-59.34,-38.48,-23.04,-88.5,26.82,18.060000000000002,-59.269999999999996
2025-08-13T12:28:02.955938,-2.0,35.0,-191.0,28.0,6.0,-147.0,-17.0,56.0,-79.0,-79.0,36.0,-120.0,10.19,4.640000000000001,-173.27,17.67,-5.66,-113.34,-19.48,45.96,-59.5,-67.18,-5.939999999999998,-91.27
2025-08-13T12:28:02.963771,42.0,58.0,-171.0,39.0,-62.0,-99.0,-104.0,-30.0,-127.0,-55.0,138.0,-142.0,54.19,27.64,-153.27,28.67,-73.66,-65.34,-106.48,-40.04,-107.5,-43.18,96.06,-113.27
2025-08-13T12:28:02.969043,65.0,12.0,-182.0,106.0,-39.0,-104.0,13.0,-10.0,-133.0,-18.0,68.0,-167.0,77.19,-18.36,-164.27,95.67,-50.66,-70.34,10.52,-20.04,-113.5,-6.18,26.060000000000002,-138.27
2025-08-13T12:28:02.976074,30.0,60.0,-97.0,90.0,48.0,-105.0,-48.0,15.0,-87.0,-112.0,67.0,-123.0,42.19,29.64,-79.27,79.67,36.34,-71.34,-50.48,4.960000000000001,-67.5,-100.18,25.060000000000002,-94.27
2025-08-13T12:28:02.981476,-8.0,88.0,-157.0,61.0,10.0,-183.0,-37.0,-17.0,-71.0,-88.0,36.0,-90.0,4.1899999999999995,57.64,-139.27,50.67,-1.6600000000000001,-149.34,-39.48,-27.04,-51.5,-76.18,-5.939999999999998,-61.269999999999996
2025-08-13T12:28:02.989476,53.0,126.0,-137.0,-6.0,25.0,-155.0,-28.0,50.0,-94.0,-60.0,78.0,-83.0,65.19,95.64,-119.27,-16.33,13.34,-121.34,-30.48,39.96,-74.5,-48.18,36.06,-54.269999999999996
2025-08-13T12:28:02.994234,1.0,-15.0,-207.0,26.0,-56.0,-206.0,-53.0,36.0,-116.0,-67.0,47.0,-144.0,13.19,-45.36,-189.27,15.67,-67.66,-172.34,-55.48,25.96,-96.5,-55.18,5.060000000000002,-115.27
2025-08-13T12:28:03.000862,-47.0,61.0,-80.0,36.0,-58.0,-129.0,-19.0,-13.0,-120.0,-76.0,84.0,-125.0,-34.81,30.64,-62.269999999999996,25.67,-69.66,-95.34,-21.48,-23.04,-100.5,-64.18,42.06,-96.27
2025-08-13T12:28:03.009243,26.0,5.0,-72.0,55.0,8.0,-115.0,-49.0,-49.0,-73.0,-81.0,87.0,-126.0,38.19,-25.36,-54.269999999999996,44.67,-3.66,-81.34,-51.48,-59.04,-53.5,-69.18,45.06,-97.27
2025-08-13T12:28:03.016491,-12.0,48.0,-123.0,-30.0,21.0,-96.0,-59.0,18.0,-113.0,-27.0,35.0,-137.0,0.1899999999999995,17.64,-105.27,-40.33,9.34,-62.34,-61.48,7.960000000000001,-93.5,-15.18,-6.939999999999998,-108.27
2025-08-13T12:28:03.021015,26.0,69.0,-131.0,-5.0,-24.0,-192.0,-122.0,-27.0,-173.0,-69.0,12.0,-102.0,38.19,38.64,-113.27,-15.33,-35.66,-158.34,-124.48,-37.04,-153.5,-57.18,-29.939999999999998,-73.27
2025-08-13T12:28:03.025373,17.0,71.0,-178.0,105.0,11.0,-134.0,-28.0,-45.0,-107.0,-68.0,45.0,-140.0,29.189999999999998,40.64,-160.27,94.67,-0.6600000000000001,-100.34,-30.48,-55.04,-87.5,-56.18,3.0600000000000023,-111.27
2025-08-13T12:28:03.033407,55.0,44.0,-130.0,-34.0,-4.0,-163.0,5.0,12.0,-188.0,-132.0,40.0,-155.0,67.19,13.64,-112.27,-44.33,-15.66,-129.34,2.52,1.9600000000000009,-168.5,-120.18,-1.9399999999999977,-126.27
2025-08-13T12:28:03.037626,39.0,-63.0,-129.0,49.0,-2.0,-139.0,1.0,-1.0,-71.0,-89.0,109.0,-140.0,51.19,-93.36,-111.27,38.67,-13.66,-105.34,-1.48,-11.04,-51.5,-77.18,67.06,-111.27
2025-08-13T12:28:03.045778,11.0,-27.0,-101.0,23.0,-53.0,-126.0,-102.0,21.0,-120.0,-37.0,-2.0,-136.0,23.189999999999998,-57.36,-83.27,12.67,-64.66,-92.34,-104.48,10.96,-100.5,-25.18,-43.94,-107.27
2025-08-13T12:28:03.049883,15.0,54.0,-146.0,46.0,-73.0,-168.0,-69.0,-14.0,-167.0,-1.0,29.0,-147.0,27.189999999999998,23.64,-128.27,35.67,-84.66,-134.34,-71.48,-24.04,-147.5,10.82,-12.939999999999998,-118.27
2025-08-13T12:28:03.058064,20.0,125.0,-117.0,99.0,-90.0,-135.0,16.0,-12.0,-179.0,-138.0,91.0,-140.0,32.19,94.64,-99.27,88.67,-101.66,-101.34,13.52,-22.04,-159.5,-126.18,49.06,-111.27
2025-08-13T12:28:03.062251,34.0,25.0,-206.0,96.0,-92.0,-148.0,-54.0,-46.0,-87.0,-102.0,81.0,-177.0,46.19,-5.359999999999999,-188.27,85.67,-103.66,-114.34,-56.48,-56.04,-67.5,-90.18,39.06,-148.27
2025-08-13T12:28:03.070187,39.0,67.0,-120.0,83.0,8.0,-128.0,-5.0,-32.0,-82.0,-62.0,94.0,-162.0,51.19,36.64,-102.27,72.67,-3.66,-94.34,-7.48,-42.04,-62.5,-50.18,52.06,-133.27
2025-08-13T12:28:03.074596,60.0,57.0,-138.0,152.0,-32.0,-170.0,-92.0,21.0,-97.0,24.0,-46.0,-223.0,72.19,26.64,-120.27,141.67,-43.66,-136.34,-94.48,10.96,-77.5,35.82,-87.94,-194.27
2025-08-13T12:28:03.082863,-4.0,81.0,-158.0,92.0,27.0,-183.0,0.0,-107.0,-165.0,17.0,-25.0,-150.0,8.19,50.64,-140.27,81.67,15.34,-149.34,-2.48,-117.03999999999999,-145.5,28.82,-66.94,-121.27
2025-08-13T12:28:03.090515,116.0,84.0,-195.0,70.0,-5.0,-110.0,-25.0,-37.0,-177.0,-79.0,82.0,-223.0,128.19,53.64,-177.27,59.67,-16.66,-76.34,-27.48,-47.04,-157.5,-67.18,40.06,-194.27
2025-08-13T12:28:03.095074,114.0,9.0,-193.0,91.0,-26.0,-171.0,18.0,-52.0,-114.0,-89.0,37.0,-114.0,126.19,-21.36,-175.27,80.67,-37.66,-137.34,15.52,-62.04,-94.5,-77.18,-4.939999999999998,-85.27
2025-08-13T12:28:03.103025,120.0,77.0,-180.0,89.0,-45.0,-160.0,-73.0,-93.0,-135.0,-65.0,84.0,-238.0,132.19,46.64,-162.27,78.67,-56.66,-126.34,-75.48,-103.03999999999999,-115.5,-53.18,42.06,-209.27
2025-08-13T12:28:03.107790,109.0,66.0,-198.0,193.0,-62.0,-155.0,-27.0,-56.0,-157.0,-39.0,15.0,-182.0,121.19,35.64,-180.27,182.67,-73.66,-121.34,-29.48,-66.03999999999999,-137.5,-27.18,-26.939999999999998,-153.27
2025-08-13T12:28:03.115294,42.0,49.0,-221.0,143.0,-27.0,-198.0,-36.0,-2.0,-201.0,-55.0,115.0,-207.0,54.19,18.64,-203.27,132.67,-38.66,-164.34,-38.48,-12.04,-181.5,-43.18,73.06,-178.27
2025-08-13T12:28:03.119606,93.0,49.0,-178.0,55.0,-61.0,-233.0,-60.0,5.0,-175.0,-91.0,143.0,-273.0,105.19,18.64,-160.27,44.67,-72.66,-199.34,-62.48,-5.039999999999999,-155.5,-79.18,101.06,-244.27
2025-08-13T12:28:03.127657,65.0,87.0,-178.0,149.0,-64.0,-177.0,-55.0,-98.0,-215.0,-40.0,67.0,-304.0,77.19,56.64,-160.27,138.67,-75.66,-143.34,-57.48,-108.03999999999999,-195.5,-28.18,25.060000000000002,-275.27
2025-08-13T12:28:03.132203,95.0,95.0,-199.0,181.0,-38.0,-176.0,-45.0,-72.0,-226.0,-87.0,127.0,-296.0,107.19,64.64,-181.27,170.67,-49.66,-142.34,-47.48,-82.03999999999999,-206.5,-75.18,85.06,-267.27
2025-08-13T12:28:03.139982,143.0,70.0,-256.0,177.0,-25.0,-252.0,34.0,-68.0,-259.0,-52.0,125.0,-266.0,155.19,39.64,-238.27,166.67,-36.66,-218.34,31.52,-78.03999999999999,-239.5,-40.18,83.06,-237.27
2025-08-13T12:28:03.148019,196.0,114.0,-262.0,250.0,-91.0,-205.0,-43.0,-69.0,-279.0,-130.0,112.0,-278.0,208.19,83.64,-244.27,239.67,-102.66,-171.34,-45.48,-79.03999999999999,-259.5,-118.18,70.06,-249.27
2025-08-13T12:28:03.152375,256.0,78.0,-198.0,196.0,-141.0,-245.0,-30.0,-107.0,-298.0,-57.0,195.0,-316.0,268.19,47.64,-180.27,185.67,-152.66,-211.34,-32.48,-117.03999999999999,-278.5,-45.18,153.06,-287.27
2025-08-13T12:28:03.160417,221.0,204.0,-285.0,208.0,-118.0,-197.0,19.0,-141.0,-230.0,-55.0,90.0,-340.0,233.19,173.64,-267.27,197.67,-129.66,-163.34,16.52,-151.04,-210.5,-43.18,48.06,-311.27
2025-08-13T12:28:03.168432,258.0,154.0,-288.0,262.0,-141.0,-303.0,-58.0,-138.0,-296.0,-126.0,164.0,-394.0,270.19,123.64,-270.27,251.67,-152.66,-269.34000000000003,-60.48,-148.04,-276.5,-114.18,122.06,-365.27
2025-08-13T12:28:03.172894,169.0,101.0,-239.0,262.0,-27.0,-262.0,44.0,-97.0,-380.0,-30.0,166.0,-409.0,181.19,70.64,-221.27,251.67,-38.66,-228.34,41.52,-107.03999999999999,-360.5,-18.18,124.06,-380.27
2025-08-13T12:28:03.180900,228.0,149.0,-353.0,270.0,-142.0,-290.0,28.0,-109.0,-296.0,-24.0,151.0,-384.0,240.19,118.64,-335.27,259.67,-153.66,-256.34000000000003,25.52,-119.03999999999999,-276.5,-12.18,109.06,-355.27
2025-08-13T12:28:03.185691,293.0,140.0,-347.0,273.0,-142.0,-224.0,-16.0,-153.0,-343.0,-80.0,246.0,-453.0,305.19,109.64,-329.27,262.67,-153.66,-190.34,-18.48,-163.04,-323.5,-68.18,204.06,-424.27
2025-08-13T12:28:03.193434,235.0,135.0,-292.0,289.0,-262.0,-332.0,-44.0,-125.0,-306.0,-94.0,211.0,-429.0,247.19,104.64,-274.27,278.67,-273.66,-298.34000000000003,-46.48,-135.04,-286.5,-82.18,169.06,-400.27
2025-08-13T12:28:03.201143,308.0,231.0,-354.0,352.0,-193.0,-289.0,-53.0,-200.0,-421.0,-105.0,310.0,-504.0,320.19,200.64,-336.27,341.67,-204.66,-255.34,-55.48,-210.04,-401.5,-93.18,268.06,-475.27
2025-08-13T12:28:03.205848,403.0,210.0,-303.0,274.0,-137.0,-342.0,-48.0,-259.0,-378.0,-86.0,201.0,-487.0,415.19,179.64,-285.27,263.67,-148.66,-308.34000000000003,-50.48,-269.04,-358.5,-74.18,159.06,-458.27
2025-08-13T12:28:03.213802,303.0,176.0,-391.0,321.0,-155.0,-304.0,-21.0,-212.0,-373.0,-110.0,238.0,-431.0,315.19,145.64,-373.27,310.67,-166.66,-270.34000000000003,-23.48,-222.04,-353.5,-98.18,196.06,-402.27
2025-08-13T12:28:03.221680,307.0,110.0,-318.0,308.0,-182.0,-345.0,11.0,-228.0,-395.0,-43.0,231.0,-412.0,319.19,79.64,-300.27,297.67,-193.66,-311.34000000000003,8.52,-238.04,-375.5,-31.18,189.06,-383.27
2025-08-13T12:28:03.226227,302.0,217.0,-378.0,375.0,-126.0,-305.0,-16.0,-137.0,-414.0,-102.0,174.0,-466.0,314.19,186.64,-360.27,364.67,-137.66,-271.34000000000003,-18.48,-147.04,-394.5,-90.18,132.06,-437.27
2025-08-13T12:28:03.234076,308.0,102.0,-322.0,335.0,-177.0,-302.0,-4.0,-183.0,-404.0,-40.0,221.0,-495.0,320.19,71.64,-304.27,324.67,-188.66,-268.34000000000003,-6.48,-193.04,-384.5,-28.18,179.06,-466.27
2025-08-13T12:28:03.238806,353.0,120.0,-325.0,373.0,-96.0,-370.0,-5.0,-213.0,-411.0,-53.0,249.0,-410.0,365.19,89.64,-307.27,362.67,-107.66,-336.34000000000003,-7.48,-223.04,-391.5,-41.18,207.06,-381.27
2025-08-13T12:28:03.250275,347.0,257.0,-338.0,354.0,-205.0,-286.0,-65.0,-183.0,-361.0,-58.0,274.0,-484.0,359.19,226.64,-320.27,343.67,-216.66,-252.34,-67.48,-193.04,-341.5,-46.18,232.06,-455.27
2025-08-13T12:28:03.254819,370.0,102.0,-319.0,338.0,-165.0,-323.0,-35.0,-260.0,-414.0,-92.0,252.0,-421.0,382.19,71.64,-301.27,327.67,-176.66,-289.34000000000003,-37.48,-270.04,-394.5,-80.18,210.06,-392.27
2025-08-13T12:28:03.258928,264.0,213.0,-274.0,398.0,-108.0,-261.0,-19.0,-219.0,-416.0,-102.0,239.0,-522.0,276.19,182.64,-256.27,387.67,-119.66,-227.34,-21.48,-229.04,-396.5,-90.18,197.06,-493.27
2025-08-13T12:28:03.267056,358.0,144.0,-364.0,409.0,-138.0,-339.0,46.0,-163.0,-420.0,-82.0,223.0,-492.0,370.19,113.64,-346.27,398.67,-149.66,-305.34000000000003,43.52,-173.04,-400.5,-70.18,181.06,-463.27
2025-08-13T12:28:03.271498,360.0,141.0,-261.0,299.0,-192.0,-287.0,-36.0,-181.0,-442.0,-109.0,242.0,-449.0,372.19,110.64,-243.27,288.67,-203.66,-253.34,-38.48,-191.04,-422.5,-97.18,200.06,-420.27
2025-08-13T12:28:03.279320,309.0,183.0,-283.0,397.0,-156.0,-290.0,-33.0,-252.0,-412.0,-70.0,201.0,-460.0,321.19,152.64,-265.27,386.67,-167.66,-256.34000000000003,-35.48,-262.04,-392.5,-58.18,159.06,-431.27
2025-08-13T12:28:03.287647,354.0,97.0,-319.0,382.0,-115.0,-310.0,-20.0,-179.0,-401.0,-74.0,247.0,-520.0,366.19,66.64,-301.27,371.67,-126.66,-276.34000000000003,-22.48,-189.04,-381.5,-62.18,205.06,-491.27
2025-08-13T12:28:03.291760,318.0,121.0,-302.0,376.0,-154.0,-342.0,-2.0,-170.0,-463.0,-132.0,219.0,-486.0,330.19,90.64,-284.27,365.67,-165.66,-308.34000000000003,-4.48,-180.04,-443.5,-120.18,177.06,-457.27
2025-08-13T12:28:03.300706,354.0,177.0,-371.0,315.0,-116.0,-313.0,-60.0,-235.0,-456.0,-77.0,247.0,-465.0,366.19,146.64,-353.27,304.67,-127.66,-279.34000000000003,-62.48,-245.04,-436.5,-65.18,205.06,-436.27
2025-08-13T12:28:03.307684,287.0,111.0,-304.0,359.0,-133.0,-301.0,-36.0,-196.0,-382.0,-40.0,285.0,-436.0,299.19,80.64,-286.27,348.67,-144.66,-267.34000000000003,-38.48,-206.04,-362.5,-28.18,243.06,-407.27
2025-08-13T12:28:03.312201,248.0,172.0,-334.0,261.0,-69.0,-338.0,-6.0,-198.0,-343.0,-101.0,216.0,-398.0,260.19,141.64,-316.27,250.67,-80.66,-304.34000000000003,-8.48,-208.04,-323.5,-89.18,174.06,-369.27
2025-08-13T12:28:03.320163,350.0,172.0,-374.0,346.0,-124.0,-323.0,-54.0,-226.0,-438.0,-26.0,263.0,-518.0,362.19,141.64,-356.27,335.67,-135.66,-289.34000000000003,-56.48,-236.04,-418.5,-14.18,221.06,-489.27
2025-08-13T12:28:03.325067,340.0,129.0,-305.0,306.0,-173.0,-283.0,56.0,-182.0,-459.0,-32.0,144.0,-420.0,352.19,98.64,-287.27,295.67,-184.66,-249.34,53.52,-192.04,-439.5,-20.18,102.06,-391.27
2025-08-13T12:28:03.332791,346.0,224.0,-310.0,406.0,-176.0,-324.0,-7.0,-136.0,-394.0,-104.0,235.0,-489.0,358.19,193.64,-292.27,395.67,-187.66,-290.34000000000003,-9.48,-146.04,-374.5,-92.18,193.06,-460.27
2025-08-13T12:28:03.340768,390.0,143.0,-396.0,366.0,-114.0,-359.0,-14.0,-200.0,-430.0,-62.0,286.0,-490.0,402.19,112.64,-378.27,355.67,-125.66,-325.34000000000003,-16.48,-210.04,-410.5,-50.18,244.06,-461.27
2025-08-13T12:28:03.345077,314.0,81.0,-314.0,409.0,-173.0,-253.0,82.0,-184.0,-405.0,-127.0,250.0,-429.0,326.19,50.64,-296.27,398.67,-184.66,-219.34,79.52,-194.04,-385.5,-115.18,208.06,-400.27
2025-08-13T12:28:03.354071,337.0,166.0,-282.0,312.0,-151.0,-361.0,3.0,-179.0,-391.0,-47.0,251.0,-418.0,349.19,135.64,-264.27,301.67,-162.66,-327.34000000000003,0.52,-189.04,-371.5,-35.18,209.06,-389.27
2025-08-13T12:28:03.360824,355.0,105.0,-355.0,388.0,-158.0,-230.0,-36.0,-247.0,-403.0,-92.0,266.0,-456.0,367.19,74.64,-337.27,377.67,-169.66,-196.34,-38.48,-257.04,-383.5,-80.18,224.06,-427.27
2025-08-13T12:28:03.365576,312.0,188.0,-327.0,415.0,-238.0,-256.0,-34.0,-258.0,-353.0,-26.0,189.0,-481.0,324.19,157.64,-309.27,404.67,-249.66,-222.34,-36.48,-268.04,-333.5,-14.18,147.06,-452.27
2025-08-13T12:28:03.373421,282.0,221.0,-392.0,325.0,-197.0,-291.0,-55.0,-172.0,-435.0,-119.0,191.0,-454.0,294.19,190.64,-374.27,314.67,-208.66,-257.34000000000003,-57.48,-182.04,-415.5,-107.18,149.06,-425.27
2025-08-13T12:28:03.377884,329.0,141.0,-336.0,339.0,-146.0,-274.0,4.0,-190.0,-337.0,-28.0,204.0,-440.0,341.19,110.64,-318.27,328.67,-157.66,-240.34,1.52,-200.04,-317.5,-16.18,162.06,-411.27
2025-08-13T12:28:03.385808,365.0,231.0,-284.0,342.0,-96.0,-269.0,2.0,-176.0,-426.0,-95.0,319.0,-485.0,377.19,200.64,-266.27,331.67,-107.66,-235.34,-0.48,-186.04,-406.5,-83.18,277.06,-456.27
2025-08-13T12:28:03.393680,352.0,156.0,-417.0,336.0,-219.0,-293.0,-30.0,-232.0,-406.0,-39.0,266.0,-529.0,364.19,125.64,-399.27,325.67,-230.66,-259.34000000000003,-32.48,-242.04,-386.5,-27.18,224.06,-500.27
2025-08-13T12:28:03.398483,339.0,172.0,-397.0,425.0,-180.0,-353.0,-12.0,-209.0,-414.0,-53.0,188.0,-461.0,351.19,141.64,-379.27,414.67,-191.66,-319.34000000000003,-14.48,-219.04,-394.5,-41.18,146.06,-432.27
2025-08-13T12:28:03.406056,325.0,164.0,-289.0,304.0,-102.0,-336.0,-26.0,-148.0,-424.0,-101.0,187.0,-496.0,337.19,133.64,-271.27,293.67,-113.66,-302.34000000000003,-28.48,-158.04,-404.5,-89.18,145.06,-467.27
2025-08-13T12:28:03.410716,351.0,185.0,-324.0,326.0,-123.0,-259.0,54.0,-238.0,-445.0,-99.0,265.0,-430.0,363.19,154.64,-306.27,315.67,-134.66,-225.34,51.52,-248.04,-425.5,-87.18,223.06,-401.27
2025-08-13T12:28:03.418692,356.0,181.0,-348.0,317.0,-139.0,-307.0,3.0,-112.0,-366.0,-83.0,253.0,-494.0,368.19,150.64,-330.27,306.67,-150.66,-273.34000000000003,0.52,-122.03999999999999,-346.5,-71.18,211.06,-465.27
2025-08-13T12:28:03.426816,374.0,200.0,-326.0,313.0,-181.0,-331.0,-1.0,-221.0,-381.0,5.0,260.0,-456.0,386.19,169.64,-308.27,302.67,-192.66,-297.34000000000003,-3.48,-231.04,-361.5,16.82,218.06,-427.27
2025-08-13T12:28:03.431102,323.0,150.0,-264.0,399.0,-158.0,-284.0,-42.0,-199.0,-394.0,-82.0,303.0,-439.0,335.19,119.64,-246.27,388.67,-169.66,-250.34,-44.48,-209.04,-374.5,-70.18,261.06,-410.27
2025-08-13T12:28:03.439275,361.0,159.0,-327.0,361.0,-151.0,-322.0,-35.0,-177.0,-433.0,-93.0,302.0,-487.0,373.19,128.64,-309.27,350.67,-162.66,-288.34000000000003,-37.48,-187.04,-413.5,-81.18,260.06,-458.27
2025-08-13T12:28:03.447010,329.0,210.0,-340.0,325.0,-191.0,-279.0,-37.0,-252.0,-331.0,-23.0,230.0,-451.0,341.19,179.64,-322.27,314.67,-202.66,-245.34,-39.48,-262.04,-311.5,-11.18,188.06,-422.27
2025-08-13T12:28:03.451352,339.0,97.0,-384.0,370.0,-200.0,-310.0,-5.0,-176.0,-448.0,-74.0,267.0,-515.0,351.19,66.64,-366.27,359.67,-211.66,-276.34000000000003,-7.48,-186.04,-428.5,-62.18,225.06,-486.27
2025-08-13T12:28:03.460202,280.0,229.0,-268.0,348.0,-174.0,-267.0,-8.0,-273.0,-439.0,-39.0,231.0,-485.0,292.19,198.64,-250.27,337.67,-185.66,-233.34,-10.48,-283.04,-419.5,-27.18,189.06,-456.27
2025-08-13T12:28:03.464693,383.0,221.0,-334.0,362.0,-195.0,-340.0,13.0,-210.0,-422.0,-137.0,185.0,-428.0,395.19,190.64,-316.27,351.67,-206.66,-306.34000000000003,10.52,-220.04,-402.5,-125.18,143.06,-399.27
2025-08-13T12:28:03.473096,377.0,143.0,-299.0,366.0,-180.0,-345.0,-17.0,-195.0,-458.0,-108.0,322.0,-462.0,389.19,112.64,-281.27,355.67,-191.66,-311.34000000000003,-19.48,-205.04,-438.5,-96.18,280.06,-433.27
2025-08-13T12:28:03.480010,330.0,180.0,-389.0,393.0,-182.0,-281.0,27.0,-270.0,-416.0,-42.0,179.0,-485.0,342.19,149.64,-371.27,382.67,-193.66,-247.34,24.52,-280.04,-396.5,-30.18,137.06,-456.27
2025-08-13T12:28:03.485667,348.0,141.0,-309.0,366.0,-218.0,-340.0,0.0,-213.0,-463.0,-62.0,311.0,-490.0,360.19,110.64,-291.27,355.67,-229.66,-306.34000000000003,-2.48,-223.04,-443.5,-50.18,269.06,-461.27
2025-08-13T12:28:03.493483,280.0,224.0,-321.0,373.0,-148.0,-368.0,29.0,-201.0,-430.0,-33.0,173.0,-454.0,292.19,193.64,-303.27,362.67,-159.66,-334.34000000000003,26.52,-211.04,-410.5,-21.18,131.06,-425.27
2025-08-13T12:28:03.497876,341.0,193.0,-300.0,375.0,-170.0,-266.0,8.0,-218.0,-415.0,-102.0,277.0,-440.0,353.19,162.64,-282.27,364.67,-181.66,-232.34,5.52,-228.04,-395.5,-90.18,235.06,-411.27
2025-08-13T12:28:03.505840,422.0,144.0,-356.0,452.0,-108.0,-304.0,9.0,-151.0,-415.0,-92.0,266.0,-518.0,434.19,113.64,-338.27,441.67,-119.66,-270.34000000000003,6.52,-161.04,-395.5,-80.18,224.06,-489.27
2025-08-13T12:28:03.512957,307.0,188.0,-338.0,354.0,-107.0,-374.0,-87.0,-243.0,-416.0,-71.0,228.0,-501.0,319.19,157.64,-320.27,343.67,-118.66,-340.34000000000003,-89.48,-253.04,-396.5,-59.18,186.06,-472.27
2025-08-13T12:28:03.518753,290.0,175.0,-313.0,359.0,-153.0,-331.0,-16.0,-312.0,-371.0,-91.0,162.0,-523.0,302.19,144.64,-295.27,348.67,-164.66,-297.34000000000003,-18.48,-322.04,-351.5,-79.18,120.06,-494.27
2025-08-13T12:28:03.526490,327.0,56.0,-293.0,329.0,-172.0,-247.0,-53.0,-195.0,-412.0,-86.0,233.0,-469.0,339.19,25.64,-275.27,318.67,-183.66,-213.34,-55.48,-205.04,-392.5,-74.18,191.06,-440.27
2025-08-13T12:28:03.532938,313.0,165.0,-252.0,324.0,-211.0,-312.0,-69.0,-269.0,-453.0,-60.0,268.0,-469.0,325.19,134.64,-234.27,313.67,-222.66,-278.34000000000003,-71.48,-279.04,-433.5,-48.18,226.06,-440.27
2025-08-13T12:28:03.538168,315.0,180.0,-347.0,366.0,-164.0,-366.0,10.0,-189.0,-339.0,-45.0,245.0,-489.0,327.19,149.64,-329.27,355.67,-175.66,-332.34000000000003,7.52,-199.04,-319.5,-33.18,203.06,-460.27
2025-08-13T12:28:03.545815,329.0,195.0,-291.0,332.0,-81.0,-319.0,-63.0,-217.0,-423.0,-69.0,274.0,-436.0,341.19,164.64,-273.27,321.67,-92.66,-285.34000000000003,-65.48,-227.04,-403.5,-57.18,232.06,-407.27
2025-08-13T12:28:03.553173,406.0,198.0,-350.0,375.0,-160.0,-289.0,41.0,-204.0,-453.0,-17.0,251.0,-499.0,418.19,167.64,-332.27,364.67,-171.66,-255.34,38.52,-214.04,-433.5,-5.18,209.06,-470.27
2025-08-13T12:28:03.559528,286.0,204.0,-302.0,316.0,-156.0,-325.0,-46.0,-286.0,-380.0,-24.0,272.0,-469.0,298.19,173.64,-284.27,305.67,-167.66,-291.34000000000003,-48.48,-296.04,-360.5,-12.18,230.06,-440.27
2025-08-13T12:28:03.565650,374.0,167.0,-269.0,331.0,-137.0,-318.0,-78.0,-202.0,-444.0,-38.0,201.0,-478.0,386.19,136.64,-251.27,320.67,-148.66,-284.34000000000003,-80.48,-212.04,-424.5,-26.18,159.06,-449.27
2025-08-13T12:28:03.570674,357.0,132.0,-321.0,356.0,-102.0,-269.0,-34.0,-211.0,-399.0,-54.0,235.0,-458.0,369.19,101.64,-303.27,345.67,-113.66,-235.34,-36.48,-221.04,-379.5,-42.18,193.06,-429.27
2025-08-13T12:28:03.578216,365.0,143.0,-395.0,282.0,-144.0,-328.0,28.0,-193.0,-398.0,-124.0,240.0,-462.0,377.19,112.64,-377.27,271.67,-155.66,-294.34000000000003,25.52,-203.04,-378.5,-112.18,198.06,-433.27
2025-08-13T12:28:03.583675,341.0,87.0,-237.0,364.0,-117.0,-326.0,23.0,-200.0,-355.0,-29.0,173.0,-494.0,353.19,56.64,-219.27,353.67,-128.66,-292.34000000000003,20.52,-210.04,-335.5,-17.18,131.06,-465.27
2025-08-13T12:28:03.590736,364.0,142.0,-334.0,336.0,-123.0,-339.0,5.0,-180.0,-468.0,-123.0,250.0,-443.0,376.19,111.64,-316.27,325.67,-134.66,-305.34000000000003,2.52,-190.04,-448.5,-111.18,208.06,-414.27
2025-08-13T12:28:03.599715,404.0,219.0,-317.0,412.0,-177.0,-305.0,-31.0,-291.0,-331.0,-14.0,280.0,-474.0,416.19,188.64,-299.27,401.67,-188.66,-271.34000000000003,-33.48,-301.04,-311.5,-2.1799999999999997,238.06,-445.27
2025-08-13T12:28:03.603091,275.0,105.0,-288.0,332.0,-93.0,-305.0,-2.0,-208.0,-444.0,-89.0,245.0,-477.0,287.19,74.64,-270.27,321.67,-104.66,-271.34000000000003,-4.48,-218.04,-424.5,-77.18,203.06,-448.27
2025-08-13T12:28:03.611205,283.0,153.0,-371.0,413.0,-138.0,-324.0,-38.0,-194.0,-371.0,-116.0,279.0,-464.0,295.19,122.64,-353.27,402.67,-149.66,-290.34000000000003,-40.48,-204.04,-351.5,-104.18,237.06,-435.27
2025-08-13T12:28:03.619276,364.0,180.0,-382.0,374.0,-96.0,-353.0,-84.0,-205.0,-349.0,-112.0,325.0,-505.0,376.19,149.64,-364.27,363.67,-107.66,-319.34000000000003,-86.48,-215.04,-329.5,-100.18,283.06,-476.27
2025-08-13T12:28:03.623955,314.0,131.0,-319.0,349.0,-189.0,-266.0,-38.0,-231.0,-435.0,-62.0,229.0,-448.0,326.19,100.64,-301.27,338.67,-200.66,-232.34,-40.48,-241.04,-415.5,-50.18,187.06,-419.27
2025-08-13T12:28:03.632384,336.0,182.0,-231.0,391.0,-183.0,-291.0,-44.0,-184.0,-454.0,-72.0,222.0,-470.0,348.19,151.64,-213.27,380.67,-194.66,-257.34000000000003,-46.48,-194.04,-434.5,-60.18,180.06,-441.27
2025-08-13T12:28:03.637009,298.0,217.0,-355.0,361.0,-107.0,-285.0,-28.0,-267.0,-430.0,-103.0,192.0,-441.0,310.19,186.64,-337.27,350.67,-118.66,-251.34,-30.48,-277.04,-410.5,-91.18,150.06,-412.27
2025-08-13T12:28:03.646168,296.0,169.0,-352.0,310.0,-137.0,-305.0,-54.0,-207.0,-431.0,-123.0,250.0,-429.0,308.19,138.64,-334.27,299.67,-148.66,-271.34000000000003,-56.48,-217.04,-411.5,-111.18,208.06,-400.27
2025-08-13T12:28:03.651755,276.0,227.0,-323.0,376.0,-118.0,-237.0,-21.0,-142.0,-415.0,-107.0,232.0,-452.0,288.19,196.64,-305.27,365.67,-129.66,-203.34,-23.48,-152.04,-395.5,-95.18,190.06,-423.27
2025-08-13T12:28:03.656266,429.0,170.0,-251.0,365.0,-143.0,-350.0,33.0,-319.0,-380.0,-91.0,246.0,-505.0,441.19,139.64,-233.27,354.67,-154.66,-316.34000000000003,30.52,-329.04,-360.5,-79.18,204.06,-476.27
2025-08-13T12:28:03.664178,351.0,170.0,-291.0,366.0,-155.0,-287.0,-46.0,-214.0,-419.0,-127.0,258.0,-476.0,363.19,139.64,-273.27,355.67,-166.66,-253.34,-48.48,-224.04,-399.5,-115.18,216.06,-447.27
2025-08-13T12:28:03.672256,437.0,102.0,-350.0,406.0,-137.0,-278.0,-30.0,-203.0,-370.0,-114.0,288.0,-529.0,449.19,71.64,-332.27,395.67,-148.66,-244.34,-32.48,-213.04,-350.5,-102.18,246.06,-500.27
2025-08-13T12:28:03.676581,334.0,101.0,-369.0,358.0,-103.0,-347.0,-80.0,-237.0,-417.0,2.0,210.0,-468.0,346.19,70.64,-351.27,347.67,-114.66,-313.34000000000003,-82.48,-247.04,-397.5,13.82,168.06,-439.27
2025-08-13T12:28:03.685196,345.0,78.0,-302.0,441.0,-77.0,-290.0,1.0,-145.0,-371.0,-115.0,214.0,-444.0,357.19,47.64,-284.27,430.67,-88.66,-256.34000000000003,-1.48,-155.04,-351.5,-103.18,172.06,-415.27
2025-08-13T12:28:03.689120,368.0,179.0,-328.0,363.0,-126.0,-257.0,-31.0,-218.0,-432.0,-68.0,252.0,-504.0,380.19,148.64,-310.27,352.67,-137.66,-223.34,-33.48,-228.04,-412.5,-56.18,210.06,-475.27
2025-08-13T12:28:03.696937,332.0,158.0,-328.0,296.0,-77.0,-319.0,-44.0,-120.0,-457.0,-32.0,293.0,-445.0,344.19,127.64,-310.27,285.67,-88.66,-285.34000000000003,-46.48,-130.04,-437.5,-20.18,251.06,-416.27
2025-08-13T12:28:03.704983,362.0,147.0,-308.0,331.0,-107.0,-305.0,55.0,-201.0,-407.0,-99.0,247.0,-492.0,374.19,116.64,-290.27,320.67,-118.66,-271.34000000000003,52.52,-211.04,-387.5,-87.18,205.06,-463.27
2025-08-13T12:28:03.709532,292.0,163.0,-279.0,371.0,-121.0,-334.0,-28.0,-150.0,-452.0,-43.0,276.0,-456.0,304.19,132.64,-261.27,360.67,-132.66,-300.34000000000003,-30.48,-160.04,-432.5,-31.18,234.06,-427.27
2025-08-13T12:28:03.717413,331.0,218.0,-338.0,411.0,-82.0,-312.0,-11.0,-207.0,-435.0,-43.0,282.0,-434.0,343.19,187.64,-320.27,400.67,-93.66,-278.34000000000003,-13.48,-217.04,-415.5,-31.18,240.06,-405.27
2025-08-13T12:28:03.725552,343.0,106.0,-359.0,404.0,-135.0,-264.0,-86.0,-300.0,-431.0,-52.0,279.0,-455.0,355.19,75.64,-341.27,393.67,-146.66,-230.34,-88.48,-310.04,-411.5,-40.18,237.06,-426.27
2025-08-13T12:28:03.729806,342.0,135.0,-240.0,368.0,-153.0,-352.0,17.0,-250.0,-466.0,-61.0,231.0,-449.0,354.19,104.64,-222.27,357.67,-164.66,-318.34000000000003,14.52,-260.04,-446.5,-49.18,189.06,-420.27
2025-08-13T12:28:03.737825,327.0,182.0,-347.0,359.0,-136.0,-325.0,-21.0,-133.0,-461.0,-24.0,262.0,-465.0,339.19,151.64,-329.27,348.67,-147.66,-291.34000000000003,-23.48,-143.04,-441.5,-12.18,220.06,-436.27
2025-08-13T12:28:03.742185,349.0,160.0,-376.0,321.0,-115.0,-391.0,76.0,-193.0,-418.0,-65.0,285.0,-475.0,361.19,129.64,-358.27,310.67,-126.66,-357.34000000000003,73.52,-203.04,-398.5,-53.18,243.06,-446.27
2025-08-13T12:28:03.750330,354.0,124.0,-311.0,428.0,-140.0,-310.0,-48.0,-181.0,-379.0,-39.0,211.0,-455.0,366.19,93.64,-293.27,417.67,-151.66,-276.34000000000003,-50.48,-191.04,-359.5,-27.18,169.06,-426.27
2025-08-13T12:28:03.758242,337.0,142.0,-415.0,341.0,-134.0,-300.0,-48.0,-216.0,-473.0,-69.0,289.0,-476.0,349.19,111.64,-397.27,330.67,-145.66,-266.34000000000003,-50.48,-226.04,-453.5,-57.18,247.06,-447.27
2025-08-13T12:28:03.762689,442.0,186.0,-219.0,390.0,-154.0,-340.0,-37.0,-185.0,-443.0,-82.0,220.0,-503.0,454.19,155.64,-201.27,379.67,-165.66,-306.34000000000003,-39.48,-195.04,-423.5,-70.18,178.06,-474.27
2025-08-13T12:28:03.770791,400.0,266.0,-341.0,343.0,-191.0,-319.0,17.0,-242.0,-430.0,-123.0,275.0,-499.0,412.19,235.64,-323.27,332.67,-202.66,-285.34000000000003,14.52,-252.04,-410.5,-111.18,233.06,-470.27
2025-08-13T12:28:03.776823,361.0,172.0,-322.0,359.0,-190.0,-356.0,-29.0,-227.0,-464.0,10.0,243.0,-485.0,373.19,141.64,-304.27,348.67,-201.66,-322.34000000000003,-31.48,-237.04,-444.5,21.82,201.06,-456.27
2025-08-13T12:28:03.783006,358.0,241.0,-300.0,394.0,-137.0,-320.0,115.0,-185.0,-408.0,-128.0,274.0,-550.0,370.19,210.64,-282.27,383.67,-148.66,-286.34000000000003,112.52,-195.04,-388.5,-116.18,232.06,-521.27
2025-08-13T12:28:03.791060,372.0,206.0,-352.0,336.0,-172.0,-310.0,-49.0,-162.0,-410.0,-128.0,295.0,-485.0,384.19,175.64,-334.27,325.67,-183.66,-276.34000000000003,-51.48,-172.04,-390.5,-116.18,253.06,-456.27
2025-08-13T12:28:03.795586,384.0,140.0,-337.0,367.0,-89.0,-330.0,-63.0,-188.0,-423.0,-52.0,278.0,-528.0,396.19,109.64,-319.27,356.67,-100.66,-296.34000000000003,-65.48,-198.04,-403.5,-40.18,236.06,-499.27
2025-08-13T12:28:03.803491,281.0,237.0,-326.0,368.0,-183.0,-369.0,-46.0,-160.0,-454.0,-64.0,231.0,-506.0,293.19,206.64,-308.27,357.67,-194.66,-335.34000000000003,-48.48,-170.04,-434.5,-52.18,189.06,-477.27
2025-08-13T12:28:03.811554,339.0,182.0,-323.0,365.0,-167.0,-366.0,51.0,-183.0,-438.0,-95.0,259.0,-450.0,351.19,151.64,-305.27,354.67,-178.66,-332.34000000000003,48.52,-193.04,-418.5,-83.18,217.06,-421.27
2025-08-13T12:28:03.815851,365.0,208.0,-233.0,332.0,-153.0,-298.0,-42.0,-211.0,-442.0,-50.0,267.0,-478.0,377.19,177.64,-215.27,321.67,-164.66,-264.34000000000003,-44.48,-221.04,-422.5,-38.18,225.06,-449.27
2025-08-13T12:28:03.823855,361.0,222.0,-339.0,366.0,-147.0,-345.0,-84.0,-222.0,-398.0,-96.0,222.0,-468.0,373.19,191.64,-321.27,355.67,-158.66,-311.34000000000003,-86.48,-232.04,-378.5,-84.18,180.06,-439.27
2025-08-13T12:28:03.828147,401.0,148.0,-320.0,380.0,-99.0,-346.0,-50.0,-249.0,-450.0,-40.0,261.0,-445.0,413.19,117.64,-302.27,369.67,-110.66,-312.34000000000003,-52.48,-259.04,-430.5,-28.18,219.06,-416.27
2025-08-13T12:28:03.836435,365.0,101.0,-306.0,332.0,-192.0,-317.0,-20.0,-213.0,-416.0,-39.0,263.0,-482.0,377.19,70.64,-288.27,321.67,-203.66,-283.34000000000003,-22.48,-223.04,-396.5,-27.18,221.06,-453.27
2025-08-13T12:28:03.844516,347.0,218.0,-282.0,340.0,-192.0,-261.0,-54.0,-153.0,-418.0,-99.0,285.0,-444.0,359.19,187.64,-264.27,329.67,-203.66,-227.34,-56.48,-163.04,-398.5,-87.18,243.06,-415.27
2025-08-13T12:28:03.849027,313.0,144.0,-237.0,338.0,-155.0,-335.0,-30.0,-186.0,-425.0,-108.0,300.0,-462.0,325.19,113.64,-219.27,327.67,-166.66,-301.34000000000003,-32.48,-196.04,-405.5,-96.18,258.06,-433.27
2025-08-13T12:28:03.856707,291.0,150.0,-359.0,337.0,-152.0,-299.0,-14.0,-206.0,-438.0,22.0,260.0,-531.0,303.19,119.64,-341.27,326.67,-163.66,-265.34000000000003,-16.48,-216.04,-418.5,33.82,218.06,-502.27
2025-08-13T12:28:03.864772,364.0,115.0,-353.0,353.0,-139.0,-306.0,23.0,-212.0,-402.0,-122.0,260.0,-519.0,376.19,84.64,-335.27,342.67,-150.66,-272.34000000000003,20.52,-222.04,-382.5,-110.18,218.06,-490.27
2025-08-13T12:28:03.869925,363.0,207.0,-257.0,419.0,-73.0,-290.0,12.0,-173.0,-410.0,-99.0,273.0,-508.0,375.19,176.64,-239.27,408.67,-84.66,-256.34000000000003,9.52,-183.04,-390.5,-87.18,231.06,-479.27
2025-08-13T12:28:03.878229,307.0,173.0,-327.0,313.0,-160.0,-348.0,-4.0,-244.0,-387.0,-110.0,235.0,-421.0,319.19,142.64,-309.27,302.67,-171.66,-314.34000000000003,-6.48,-254.04,-367.5,-98.18,193.06,-392.27
2025-08-13T12:28:03.883266,337.0,186.0,-328.0,306.0,-168.0,-283.0,23.0,-82.0,-382.0,-11.0,201.0,-386.0,349.19,155.64,-310.27,295.67,-179.66,-249.34,20.52,-92.03999999999999,-362.5,0.8200000000000003,159.06,-357.27
2025-08-13T12:28:03.892678,300.0,98.0,-300.0,298.0,-130.0,-254.0,-43.0,-140.0,-397.0,-26.0,204.0,-347.0,312.19,67.64,-282.27,287.67,-141.66,-220.34,-45.48,-150.04,-377.5,-14.18,162.06,-318.27
2025-08-13T12:28:03.898830,235.0,112.0,-262.0,332.0,-92.0,-237.0,-24.0,-173.0,-317.0,-111.0,179.0,-317.0,247.19,81.64,-244.27,321.67,-103.66,-203.34,-26.48,-183.04,-297.5,-99.18,137.06,-288.27
2025-08-13T12:28:03.903745,250.0,104.0,-249.0,268.0,-128.0,-224.0,7.0,-104.0,-359.0,-92.0,146.0,-369.0,262.19,73.64,-231.27,257.67,-139.66,-190.34,4.52,-114.03999999999999,-339.5,-80.18,104.06,-340.27
2025-08-13T12:28:03.910814,281.0,130.0,-272.0,332.0,-106.0,-239.0,30.0,-131.0,-277.0,17.0,219.0,-295.0,293.19,99.64,-254.27,321.67,-117.66,-205.34,27.52,-141.04,-257.5,28.82,177.06,-266.27
2025-08-13T12:28:03.915538,175.0,95.0,-194.0,235.0,-58.0,-154.0,17.0,-94.0,-296.0,-54.0,176.0,-355.0,187.19,64.64,-176.27,224.67,-69.66,-120.34,14.52,-104.03999999999999,-276.5,-42.18,134.06,-326.27
2025-08-13T12:28:03.923299,285.0,17.0,-226.0,294.0,-73.0,-207.0,-52.0,-131.0,-328.0,1.0,198.0,-372.0,297.19,-13.36,-208.27,283.67,-84.66,-173.34,-54.48,-141.04,-308.5,12.82,156.06,-343.27
2025-08-13T12:28:03.930612,244.0,106.0,-189.0,236.0,-17.0,-179.0,-29.0,-115.0,-323.0,-63.0,259.0,-323.0,256.19,75.64,-171.27,225.67,-28.66,-145.34,-31.48,-125.03999999999999,-303.5,-51.18,217.06,-294.27
2025-08-13T12:28:03.936667,235.0,107.0,-200.0,189.0,-123.0,-162.0,-26.0,-163.0,-243.0,-56.0,221.0,-291.0,247.19,76.64,-182.27,178.67,-134.66,-128.34,-28.48,-173.04,-223.5,-44.18,179.06,-262.27
2025-08-13T12:28:03.944235,188.0,75.0,-170.0,133.0,-15.0,-173.0,16.0,-110.0,-248.0,-13.0,132.0,-311.0,200.19,44.64,-152.27,122.67,-26.66,-139.34,13.52,-120.03999999999999,-228.5,-1.1799999999999997,90.06,-282.27
2025-08-13T12:28:03.952429,108.0,121.0,-195.0,128.0,-30.0,-150.0,1.0,-52.0,-277.0,-50.0,108.0,-271.0,120.19,90.64,-177.27,117.67,-41.66,-116.34,-1.48,-62.04,-257.5,-38.18,66.06,-242.27
2025-08-13T12:28:03.956138,197.0,48.0,-177.0,192.0,-33.0,-201.0,20.0,-153.0,-250.0,-72.0,142.0,-220.0,209.19,17.64,-159.27,181.67,-44.66,-167.34,17.52,-163.04,-230.5,-60.18,100.06,-191.27
2025-08-13T12:28:03.962911,146.0,32.0,-168.0,92.0,-59.0,-182.0,-89.0,-74.0,-220.0,-73.0,84.0,-234.0,158.19,1.6400000000000006,-150.27,81.67,-70.66,-148.34,-91.48,-84.03999999999999,-200.5,-61.18,42.06,-205.27
2025-08-13T12:28:03.967815,146.0,16.0,-152.0,108.0,-47.0,-145.0,77.0,-28.0,-192.0,-3.0,90.0,-231.0,158.19,-14.36,-134.27,97.67,-58.66,-111.34,74.52,-38.04,-172.5,8.82,48.06,-202.27
2025-08-13T12:28:03.975279,99.0,78.0,-122.0,170.0,7.0,-165.0,-31.0,-113.0,-224.0,-50.0,103.0,-227.0,111.19,47.64,-104.27,159.67,-4.66,-131.34,-33.48,-123.03999999999999,-204.5,-38.18,61.06,-198.27
2025-08-13T12:28:03.980194,86.0,19.0,-166.0,171.0,-63.0,-142.0,-22.0,25.0,-236.0,-30.0,133.0,-261.0,98.19,-11.36,-148.27,160.67,-74.66,-108.34,-24.48,14.96,-216.5,-18.18,91.06,-232.27
2025-08-13T12:28:03.987606,145.0,13.0,-194.0,151.0,-15.0,-126.0,35.0,-69.0,-157.0,-57.0,32.0,-194.0,157.19,-17.36,-176.27,140.67,-26.66,-92.34,32.52,-79.03999999999999,-137.5,-45.18,-9.939999999999998,-165.27
2025-08-13T12:28:03.991975,102.0,86.0,-116.0,168.0,-51.0,-225.0,-4.0,3.0,-157.0,-121.0,-23.0,-231.0,114.19,55.64,-98.27,157.67,-62.66,-191.34,-6.48,-7.039999999999999,-137.5,-109.18,-64.94,-202.27
2025-08-13T12:28:03.999972,31.0,74.0,-183.0,136.0,46.0,-173.0,-85.0,5.0,-252.0,-68.0,76.0,-207.0,43.19,43.64,-165.27,125.67,34.34,-139.34,-87.48,-5.039999999999999,-232.5,-56.18,34.06,-178.27
2025-08-13T12:28:04.004309,69.0,93.0,-67.0,41.0,-43.0,-175.0,-27.0,-3.0,-134.0,-122.0,61.0,-223.0,81.19,62.64,-49.269999999999996,30.67,-54.66,-141.34,-29.48,-13.04,-114.5,-110.18,19.060000000000002,-194.27
2025-08-13T12:28:04.012465,46.0,54.0,-138.0,160.0,-29.0,-152.0,-60.0,-66.0,-187.0,-69.0,130.0,-196.0,58.19,23.64,-120.27,149.67,-40.66,-118.34,-62.48,-76.03999999999999,-167.5,-57.18,88.06,-167.27
2025-08-13T12:28:04.020389,183.0,27.0,-177.0,71.0,-24.0,-175.0,-50.0,-42.0,-151.0,-30.0,29.0,-167.0,195.19,-3.3599999999999994,-159.27,60.67,-35.66,-141.34,-52.48,-52.04,-131.5,-18.18,-12.939999999999998,-138.27
2025-08-13T12:28:04.024775,23.0,53.0,-154.0,115.0,-16.0,-129.0,-21.0,-36.0,-99.0,-96.0,67.0,-115.0,35.19,22.64,-136.27,104.67,-27.66,-95.34,-23.48,-46.04,-79.5,-84.18,25.060000000000002,-86.27
2025-08-13T12:28:04.032635,1.0,6.0,-112.0,105.0,13.0,-42.0,33.0,11.0,-129.0,-67.0,105.0,-159.0,13.19,-24.36,-94.27,94.67,1.3399999999999999,-8.340000000000003,30.52,0.9600000000000009,-109.5,-55.18,63.06,-130.27
2025-08-13T12:28:04.037499,9.0,108.0,-70.0,-1.0,13.0,-180.0,-40.0,-7.0,-150.0,-88.0,27.0,-223.0,21.189999999999998,77.64,-52.269999999999996,-11.33,1.3399999999999999,-146.34,-42.48,-17.04,-130.5,-76.18,-14.939999999999998,-194.27
2025-08-13T12:28:04.045371,-87.0,118.0,-176.0,29.0,-2.0,-155.0,0.0,-26.0,-131.0,-45.0,67.0,-155.0,-74.81,87.64,-158.27,18.67,-13.66,-121.34,-2.48,-36.04,-111.5,-33.18,25.060000000000002,-126.27
2025-08-13T12:28:04.053701,52.0,77.0,-149.0,7.0,-31.0,-103.0,-15.0,-24.0,-119.0,-4.0,140.0,-177.0,64.19,46.64,-131.27,-3.33,-42.66,-69.34,-17.48,-34.04,-99.5,7.82,98.06,-148.27
2025-08-13T12:28:04.059360,80.0,31.0,-122.0,29.0,14.0,-104.0,-21.0,-55.0,-86.0,-22.0,44.0,-146.0,92.19,0.6400000000000006,-104.27,18.67,2.34,-70.34,-23.48,-65.03999999999999,-66.5,-10.18,2.0600000000000023,-117.27
2025-08-13T12:28:04.065601,129.0,3.0,-118.0,20.0,-2.0,-122.0,-51.0,-67.0,-81.0,-52.0,76.0,-108.0,141.19,-27.36,-100.27,9.67,-13.66,-88.34,-53.48,-77.03999999999999,-61.5,-40.18,34.06,-79.27
2025-08-13T12:28:04.070868,38.0,-30.0,-122.0,109.0,24.0,-123.0,11.0,-60.0,-114.0,-93.0,121.0,-176.0,50.19,-60.36,-104.27,98.67,12.34,-89.34,8.52,-70.03999999999999,-94.5,-81.18,79.06,-147.27
2025-08-13T12:28:04.075883,61.0,97.0,-159.0,55.0,-20.0,-153.0,-32.0,-32.0,-65.0,-33.0,-20.0,-150.0,73.19,66.64,-141.27,44.67,-31.66,-119.34,-34.48,-42.04,-45.5,-21.18,-61.94,-121.27
2025-08-13T12:28:04.082098,15.0,67.0,-141.0,15.0,6.0,-122.0,-31.0,-42.0,-84.0,-62.0,44.0,-232.0,27.189999999999998,36.64,-123.27,4.67,-5.66,-88.34,-33.48,-52.04,-64.5,-50.18,2.0600000000000023,-203.27
2025-08-13T12:28:04.086283,20.0,10.0,-196.0,15.0,66.0,-114.0,-27.0,-4.0,-133.0,-55.0,16.0,-176.0,32.19,-20.36,-178.27,4.67,54.34,-80.34,-29.48,-14.04,-113.5,-43.18,-25.939999999999998,-147.27
2025-08-13T12:28:04.094278,100.0,-20.0,-112.0,-21.0,0.0,-126.0,-44.0,-36.0,-38.0,-67.0,102.0,-88.0,112.19,-50.36,-94.27,-31.33,-11.66,-92.34,-46.48,-46.04,-18.5,-55.18,60.06,-59.269999999999996
2025-08-13T12:28:04.102244,38.0,81.0,-116.0,70.0,24.0,-120.0,-122.0,42.0,-165.0,-60.0,103.0,-157.0,50.19,50.64,-98.27,59.67,12.34,-86.34,-124.48,31.96,-145.5,-48.18,61.06,-128.27
2025-08-13T12:28:04.106512,33.0,55.0,-128.0,99.0,-13.0,-130.0,18.0,24.0,-117.0,-82.0,77.0,-133.0,45.19,24.64,-110.27,88.67,-24.66,-96.34,15.52,13.96,-97.5,-70.18,35.06,-104.27
2025-08-13T12:28:04.114607,45.0,93.0,-147.0,34.0,-19.0,-151.0,-81.0,-75.0,-117.0,-61.0,23.0,-114.0,57.19,62.64,-129.27,23.67,-30.66,-117.34,-83.48,-85.03999999999999,-97.5,-49.18,-18.939999999999998,-85.27
2025-08-13T12:28:04.118915,25.0,-5.0,-177.0,10.0,20.0,-211.0,-31.0,18.0,-100.0,-61.0,45.0,-153.0,37.19,-35.36,-159.27,-0.33000000000000007,8.34,-177.34,-33.48,7.960000000000001,-80.5,-49.18,3.0600000000000023,-124.27
2025-08-13T12:28:04.126897,21.0,17.0,-194.0,93.0,-43.0,-117.0,-67.0,48.0,-160.0,-40.0,54.0,-165.0,33.19,-13.36,-176.27,82.67,-54.66,-83.34,-69.48,37.96,-140.5,-28.18,12.060000000000002,-136.27
2025-08-13T12:28:04.131360,-10.0,-2.0,-74.0,53.0,22.0,-193.0,-61.0,35.0,-135.0,-117.0,28.0,-190.0,2.1899999999999995,-32.36,-56.269999999999996,42.67,10.34,-159.34,-63.48,24.96,-115.5,-105.18,-13.939999999999998,-161.27
2025-08-13T12:28:04.139224,29.0,157.0,-69.0,50.0,-3.0,-89.0,-41.0,-11.0,-103.0,-7.0,52.0,-208.0,41.19,126.64,-51.269999999999996,39.67,-14.66,-55.34,-43.48,-21.04,-83.5,4.82,10.060000000000002,-179.27
2025-08-13T12:28:04.143604,-68.0,-17.0,-199.0,37.0,-40.0,-93.0,-77.0,-33.0,-84.0,-66.0,50.0,-170.0,-55.81,-47.36,-181.27,26.67,-51.66,-59.34,-79.48,-43.04,-64.5,-54.18,8.060000000000002,-141.27
2025-08-13T12:28:04.151696,41.0,84.0,-133.0,103.0,-74.0,-147.0,-66.0,9.0,-174.0,-72.0,85.0,-183.0,53.19,53.64,-115.27,92.67,-85.66,-113.34,-68.48,-1.0399999999999991,-154.5,-60.18,43.06,-154.27
2025-08-13T12:28:04.156016,112.0,40.0,-185.0,49.0,-25.0,-152.0,-59.0,-39.0,-146.0,-111.0,3.0,-161.0,124.19,9.64,-167.27,38.67,-36.66,-118.34,-61.48,-49.04,-126.5,-99.18,-38.94,-132.27
2025-08-13T12:28:04.163925,23.0,84.0,-133.0,8.0,-31.0,-137.0,-33.0,-4.0,-122.0,-58.0,68.0,-133.0,35.19,53.64,-115.27,-2.33,-42.66,-103.34,-35.48,-14.04,-102.5,-46.18,26.060000000000002,-104.27
2025-08-13T12:28:04.168475,46.0,-14.0,-117.0,48.0,-64.0,-169.0,-25.0,-26.0,-55.0,-74.0,85.0,-160.0,58.19,-44.36,-99.27,37.67,-75.66,-135.34,-27.48,-36.04,-35.5,-62.18,43.06,-131.27
2025-08-13T12:28:04.176136,-10.0,82.0,-90.0,-7.0,-6.0,-74.0,-61.0,-40.0,-141.0,-29.0,85.0,-96.0,2.1899999999999995,51.64,-72.27,-17.33,-17.66,-40.34,-63.48,-50.04,-121.5,-17.18,43.06,-67.27
2025-08-13T12:28:04.184092,-35.0,118.0,-97.0,30.0,-52.0,-108.0,-35.0,-14.0,-105.0,-33.0,55.0,-115.0,-22.810000000000002,87.64,-79.27,19.67,-63.66,-74.34,-37.48,-24.04,-85.5,-21.18,13.060000000000002,-86.27
2025-08-13T12:28:04.188937,103.0,66.0,-181.0,56.0,-22.0,-173.0,-66.0,-2.0,-116.0,-74.0,55.0,-147.0,115.19,35.64,-163.27,45.67,-33.66,-139.34,-68.48,-12.04,-96.5,-62.18,13.060000000000002,-118.27
2025-08-13T12:28:04.196601,73.0,-8.0,-125.0,69.0,49.0,-106.0,-9.0,-36.0,-134.0,-120.0,56.0,-157.0,85.19,-38.36,-107.27,58.67,37.34,-72.34,-11.48,-46.04,-114.5,-108.18,14.060000000000002,-128.27
2025-08-13T12:28:04.201203,6.0,-16.0,-190.0,108.0,39.0,-116.0,-42.0,-5.0,-75.0,-88.0,23.0,-176.0,18.189999999999998,-46.36,-172.27,97.67,27.34,-82.34,-44.48,-15.04,-55.5,-76.18,-18.939999999999998,-147.27
2025-08-13T12:28:04.208795,-11.0,1.0,-77.0,37.0,-98.0,-152.0,-36.0,-21.0,-158.0,-16.0,99.0,-175.0,1.1899999999999995,-29.36,-59.269999999999996,26.67,-109.66,-118.34,-38.48,-31.04,-138.5,-4.18,57.06,-146.27
2025-08-13T12:28:04.213258,31.0,32.0,-127.0,22.0,-23.0,-120.0,-65.0,-68.0,-125.0,-58.0,60.0,-156.0,43.19,1.6400000000000006,-109.27,11.67,-34.66,-86.34,-67.48,-78.03999999999999,-105.5,-46.18,18.060000000000002,-127.27
2025-08-13T12:28:04.221298,2.0,89.0,-156.0,58.0,34.0,-145.0,7.0,-43.0,-125.0,-23.0,64.0,-127.0,14.19,58.64,-138.27,47.67,22.34,-111.34,4.52,-53.04,-105.5,-11.18,22.060000000000002,-98.27
2025-08-13T12:28:04.225651,30.0,90.0,-150.0,37.0,-24.0,-160.0,-11.0,55.0,-103.0,-112.0,50.0,-139.0,42.19,59.64,-132.27,26.67,-35.66,-126.34,-13.48,44.96,-83.5,-100.18,8.060000000000002,-110.27
2025-08-13T12:28:04.233603,34.0,33.0,-197.0,56.0,-32.0,-150.0,15.0,-70.0,-142.0,-57.0,79.0,-172.0,46.19,2.6400000000000006,-179.27,45.67,-43.66,-116.34,12.52,-80.03999999999999,-122.5,-45.18,37.06,-143.27
2025-08-13T12:28:04.237875,-25.0,113.0,-132.0,107.0,76.0,-101.0,-109.0,15.0,-102.0,-1.0,40.0,-195.0,-12.81,82.64,-114.27,96.67,64.34,-67.34,-111.48,4.960000000000001,-82.5,10.82,-1.9399999999999977,-166.27
2025-08-13T12:28:04.246278,-35.0,45.0,-161.0,58.0,59.0,-141.0,-101.0,95.0,-161.0,-25.0,56.0,-128.0,-22.810000000000002,14.64,-143.27,47.67,47.34,-107.34,-103.48,84.96000000000001,-141.5,-13.18,14.060000000000002,-99.27
2025-08-13T12:28:04.251818,38.0,85.0,-108.0,39.0,-70.0,-164.0,-42.0,72.0,-75.0,-44.0,71.0,-158.0,50.19,54.64,-90.27,28.67,-81.66,-130.34,-44.48,61.96,-55.5,-32.18,29.060000000000002,-129.27
2025-08-13T12:28:04.258430,19.0,55.0,-191.0,-42.0,-36.0,-134.0,-74.0,-53.0,-76.0,-39.0,102.0,-220.0,31.189999999999998,24.64,-173.27,-52.33,-47.66,-100.34,-76.48,-63.04,-56.5,-27.18,60.06,-191.27
2025-08-13T12:28:04.266108,66.0,10.0,-181.0,60.0,-14.0,-162.0,-7.0,-39.0,-118.0,-84.0,126.0,-157.0,78.19,-20.36,-163.27,49.67,-25.66,-128.34,-9.48,-49.04,-98.5,-72.18,84.06,-128.27
2025-08-13T12:28:04.270584,15.0,-8.0,-191.0,111.0,-42.0,-159.0,-86.0,-31.0,-193.0,-55.0,67.0,-119.0,27.189999999999998,-38.36,-173.27,100.67,-53.66,-125.34,-88.48,-41.04,-173.5,-43.18,25.060000000000002,-90.27
2025-08-13T12:28:04.278635,-6.0,91.0,-95.0,29.0,-107.0,-152.0,-34.0,-70.0,-105.0,-64.0,82.0,-117.0,6.1899999999999995,60.64,-77.27,18.67,-118.66,-118.34,-36.48,-80.03999999999999,-85.5,-52.18,40.06,-88.27
2025-08-13T12:28:04.282912,51.0,38.0,-176.0,52.0,13.0,-174.0,-38.0,-3.0,-105.0,-79.0,1.0,-116.0,63.19,7.640000000000001,-158.27,41.67,1.3399999999999999,-140.34,-40.48,-13.04,-85.5,-67.18,-40.94,-87.27
2025-08-13T12:28:04.290702,5.0,104.0,-163.0,37.0,18.0,-134.0,-141.0,8.0,-97.0,-50.0,63.0,-125.0,17.189999999999998,73.64,-145.27,26.67,6.34,-100.34,-143.48,-2.039999999999999,-77.5,-38.18,21.060000000000002,-96.27
2025-08-13T12:28:04.295376,33.0,30.0,-200.0,30.0,36.0,-120.0,-20.0,0.0,-49.0,-89.0,111.0,-181.0,45.19,-0.35999999999999943,-182.27,19.67,24.34,-86.34,-22.48,-10.04,-29.5,-77.18,69.06,-152.27
2025-08-13T12:28:04.303126,104.0,48.0,-183.0,11.0,-32.0,-194.0,-70.0,17.0,-147.0,1.0,41.0,-162.0,116.19,17.64,-165.27,0.6699999999999999,-43.66,-160.34,-72.48,6.960000000000001,-127.5,12.82,-0.9399999999999977,-133.27
2025-08-13T12:28:04.307586,5.0,17.0,-145.0,-2.0,5.0,-173.0,-11.0,-29.0,-107.0,-121.0,77.0,-117.0,17.189999999999998,-13.36,-127.27,-12.33,-6.66,-139.34,-13.48,-39.04,-87.5,-109.18,35.06,-88.27
2025-08-13T12:28:04.315601,34.0,71.0,-76.0,34.0,-42.0,-133.0,-33.0,-4.0,-69.0,-20.0,81.0,-141.0,46.19,40.64,-58.269999999999996,23.67,-53.66,-99.34,-35.48,-14.04,-49.5,-8.18,39.06,-112.27
2025-08-13T12:28:04.319961,16.0,40.0,-205.0,19.0,-54.0,-174.0,-6.0,-40.0,-106.0,13.0,71.0,-121.0,28.189999999999998,9.64,-187.27,8.67,-65.66,-140.34,-8.48,-50.04,-86.5,24.82,29.060000000000002,-92.27
2025-08-13T12:28:04.327765,40.0,86.0,-163.0,1.0,12.0,-143.0,-25.0,-3.0,-97.0,-16.0,-10.0,-152.0,52.19,55.64,-145.27,-9.33,0.33999999999999986,-109.34,-27.48,-13.04,-77.5,-4.18,-51.94,-123.27
2025-08-13T12:28:04.332250,59.0,57.0,-156.0,46.0,-22.0,-188.0,-32.0,9.0,-115.0,-103.0,40.0,-167.0,71.19,26.64,-138.27,35.67,-33.66,-154.34,-34.48,-1.0399999999999991,-95.5,-91.18,-1.9399999999999977,-138.27
2025-08-13T12:28:04.340225,41.0,6.0,-168.0,-7.0,-48.0,-166.0,-39.0,-18.0,-128.0,-24.0,84.0,-119.0,53.19,-24.36,-150.27,-17.33,-59.66,-132.34,-41.48,-28.04,-108.5,-12.18,42.06,-90.27
2025-08-13T12:28:04.348321,-14.0,67.0,-100.0,107.0,-32.0,-194.0,-47.0,-16.0,-155.0,-46.0,22.0,-151.0,-1.8100000000000005,36.64,-82.27,96.67,-43.66,-160.34,-49.48,-26.04,-135.5,-34.18,-19.939999999999998,-122.27
2025-08-13T12:28:04.356015,-8.0,74.0,-169.0,30.0,-9.0,-143.0,-43.0,43.0,-115.0,-59.0,-8.0,-161.0,4.1899999999999995,43.64,-151.27,19.67,-20.66,-109.34,-45.48,32.96,-95.5,-47.18,-49.94,-132.27
2025-08-13T12:28:04.363378,48.0,112.0,-199.0,-34.0,27.0,-112.0,-43.0,-6.0,-107.0,-43.0,83.0,-137.0,60.19,81.64,-181.27,-44.33,15.34,-78.34,-45.48,-16.04,-87.5,-31.18,41.06,-108.27
2025-08-13T12:28:04.371125,82.0,23.0,-102.0,65.0,23.0,-169.0,-67.0,-74.0,-72.0,-54.0,62.0,-194.0,94.19,-7.359999999999999,-84.27,54.67,11.34,-135.34,-69.48,-84.03999999999999,-52.5,-42.18,20.060000000000002,-165.27
2025-08-13T12:28:04.376907,41.0,-40.0,-138.0,20.0,59.0,-114.0,-68.0,-7.0,-140.0,-106.0,-24.0,-121.0,53.19,-70.36,-120.27,9.67,47.34,-80.34,-70.48,-17.04,-120.5,-94.18,-65.94,-92.27
2025-08-13T12:28:04.381954,-13.0,108.0,-138.0,39.0,-74.0,-127.0,-4.0,-34.0,-132.0,74.0,99.0,-218.0,-0.8100000000000005,77.64,-120.27,28.67,-85.66,-93.34,-6.48,-44.04,-112.5,85.82,57.06,-189.27
2025-08-13T12:28:04.387179,5.0,66.0,-107.0,94.0,29.0,-155.0,-23.0,1.0,-158.0,13.0,71.0,-187.0,17.189999999999998,35.64,-89.27,83.67,17.34,-121.34,-25.48,-9.04,-138.5,24.82,29.060000000000002,-158.27
2025-08-13T12:28:04.392058,-19.0,92.0,-159.0,-18.0,-51.0,-187.0,-18.0,-29.0,-156.0,-86.0,43.0,-128.0,-6.8100000000000005,61.64,-141.27,-28.33,-62.66,-153.34,-20.48,-39.04,-136.5,-74.18,1.0600000000000023,-99.27
2025-08-13T12:28:04.397725,9.0,87.0,-171.0,94.0,-46.0,-144.0,-30.0,22.0,-104.0,4.0,73.0,-157.0,21.189999999999998,56.64,-153.27,83.67,-57.66,-110.34,-32.48,11.96,-84.5,15.82,31.060000000000002,-128.27
2025-08-13T12:28:04.401604,70.0,-30.0,-207.0,48.0,-5.0,-100.0,-13.0,-1.0,-110.0,-61.0,106.0,-136.0,82.19,-60.36,-189.27,37.67,-16.66,-66.34,-15.48,-11.04,-90.5,-49.18,64.06,-107.27
2025-08-13T12:28:04.409847,42.0,57.0,-133.0,47.0,-77.0,-187.0,-27.0,-55.0,-161.0,-13.0,45.0,-175.0,54.19,26.64,-115.27,36.67,-88.66,-153.34,-29.48,-65.03999999999999,-141.5,-1.1799999999999997,3.0600000000000023,-146.27
2025-08-13T12:28:04.414154,62.0,6.0,-100.0,86.0,-58.0,-68.0,0.0,-11.0,-101.0,-79.0,64.0,-197.0,74.19,-24.36,-82.27,75.67,-69.66,-34.34,-2.48,-21.04,-81.5,-67.18,22.060000000000002,-168.27
2025-08-13T12:28:04.421822,13.0,123.0,-158.0,32.0,-7.0,-165.0,-62.0,15.0,-111.0,34.0,55.0,-113.0,25.189999999999998,92.64,-140.27,21.67,-18.66,-131.34,-64.48,4.960000000000001,-91.5,45.82,13.060000000000002,-84.27
2025-08-13T12:28:04.429880,19.0,108.0,-214.0,47.0,-28.0,-190.0,-17.0,-51.0,-125.0,-25.0,37.0,-127.0,31.189999999999998,77.64,-196.27,36.67,-39.66,-156.34,-19.48,-61.04,-105.5,-13.18,-4.939999999999998,-98.27
2025-08-13T12:28:04.434217,127.0,83.0,-174.0,26.0,1.0,-102.0,-44.0,-2.0,-132.0,-3.0,36.0,-193.0,139.19,52.64,-156.27,15.67,-10.66,-68.34,-46.48,-12.04,-112.5,8.82,-5.939999999999998,-164.27
2025-08-13T12:28:04.442161,66.0,55.0,-93.0,101.0,-36.0,-168.0,-3.0,-69.0,-109.0,-36.0,103.0,-133.0,78.19,24.64,-75.27,90.67,-47.66,-134.34,-5.48,-79.03999999999999,-89.5,-24.18,61.06,-104.27
2025-08-13T12:28:04.446617,93.0,17.0,-111.0,24.0,4.0,-188.0,-7.0,-53.0,-148.0,-44.0,81.0,-117.0,105.19,-13.36,-93.27,13.67,-7.66,-154.34,-9.48,-63.04,-128.5,-32.18,39.06,-88.27
2025-08-13T12:28:04.454553,49.0,6.0,-76.0,54.0,-84.0,-125.0,-8.0,-5.0,-100.0,-34.0,23.0,-106.0,61.19,-24.36,-58.269999999999996,43.67,-95.66,-91.34,-10.48,-15.04,-80.5,-22.18,-18.939999999999998,-77.27
2025-08-13T12:28:04.458946,-21.0,84.0,-110.0,62.0,-29.0,-186.0,-46.0,-16.0,-110.0,-91.0,21.0,-28.0,-8.81,53.64,-92.27,51.67,-40.66,-152.34,-48.48,-26.04,-90.5,-79.18,-20.939999999999998,0.7300000000000004
2025-08-13T12:28:04.466964,-3.0,20.0,-121.0,-1.0,-28.0,-161.0,-53.0,-7.0,-42.0,-33.0,101.0,-167.0,9.19,-10.36,-103.27,-11.33,-39.66,-127.34,-55.48,-17.04,-22.5,-21.18,59.06,-138.27
2025-08-13T12:28:04.471182,40.0,51.0,-188.0,46.0,26.0,-184.0,-13.0,-29.0,-121.0,-50.0,24.0,-168.0,52.19,20.64,-170.27,35.67,14.34,-150.34,-15.48,-39.04,-101.5,-38.18,-17.939999999999998,-139.27
2025-08-13T12:28:04.479134,56.0,51.0,-59.0,35.0,-72.0,-193.0,28.0,-44.0,-144.0,-49.0,69.0,-112.0,68.19,20.64,-41.269999999999996,24.67,-83.66,-159.34,25.52,-54.04,-124.5,-37.18,27.060000000000002,-83.27
2025-08-13T12:28:04.483588,23.0,69.0,-115.0,50.0,-97.0,-134.0,-11.0,32.0,-128.0,-15.0,22.0,-156.0,35.19,38.64,-97.27,39.67,-108.66,-100.34,-13.48,21.96,-108.5,-3.1799999999999997,-19.939999999999998,-127.27
2025-08-13T12:28:04.491528,-33.0,23.0,-88.0,59.0,-50.0,-166.0,-9.0,-105.0,-100.0,-63.0,37.0,-172.0,-20.810000000000002,-7.359999999999999,-70.27,48.67,-61.66,-132.34,-11.48,-115.03999999999999,-80.5,-51.18,-4.939999999999998,-143.27
2025-08-13T12:28:04.495889,-12.0,81.0,-103.0,98.0,-43.0,-126.0,-42.0,-59.0,-170.0,-99.0,-1.0,-76.0,0.1899999999999995,50.64,-85.27,87.67,-54.66,-92.34,-44.48,-69.03999999999999,-150.5,-87.18,-42.94,-47.269999999999996
2025-08-13T12:28:04.503753,47.0,63.0,-147.0,37.0,29.0,-107.0,-9.0,-19.0,-147.0,-15.0,110.0,-141.0,59.19,32.64,-129.27,26.67,17.34,-73.34,-11.48,-29.04,-127.5,-3.1799999999999997,68.06,-112.27
2025-08-13T12:28:04.508147,8.0,7.0,-180.0,-23.0,-38.0,-147.0,-92.0,-17.0,-157.0,-41.0,27.0,-150.0,20.189999999999998,-23.36,-162.27,-33.33,-49.66,-113.34,-94.48,-27.04,-137.5,-29.18,-14.939999999999998,-121.27
2025-08-13T12:28:04.516437,99.0,37.0,-203.0,30.0,-14.0,-133.0,-78.0,-10.0,-94.0,-34.0,78.0,-156.0,111.19,6.640000000000001,-185.27,19.67,-25.66,-99.34,-80.48,-20.04,-74.5,-22.18,36.06,-127.27
2025-08-13T12:28:04.521171,10.0,54.0,-175.0,-1.0,35.0,-222.0,15.0,-55.0,-123.0,-15.0,73.0,-171.0,22.189999999999998,23.64,-157.27,-11.33,23.34,-188.34,12.52,-65.03999999999999,-103.5,-3.1799999999999997,31.060000000000002,-142.27
2025-08-13T12:28:04.528507,8.0,-36.0,-135.0,50.0,-5.0,-107.0,30.0,-33.0,-105.0,-7.0,78.0,-109.0,20.189999999999998,-66.36,-117.27,39.67,-16.66,-73.34,27.52,-43.04,-85.5,4.82,36.06,-80.27
2025-08-13T12:28:04.536329,55.0,86.0,-105.0,53.0,32.0,-190.0,-44.0,-30.0,-138.0,-81.0,59.0,-87.0,67.19,55.64,-87.27,42.67,20.34,-156.34,-46.48,-40.04,-118.5,-69.18,17.060000000000002,-58.269999999999996
2025-08-13T12:28:04.540841,-41.0,52.0,-219.0,24.0,-26.0,-140.0,-33.0,-48.0,-145.0,-103.0,7.0,-120.0,-28.810000000000002,21.64,-201.27,13.67,-37.66,-106.34,-35.48,-58.04,-125.5,-91.18,-34.94,-91.27
2025-08-13T12:28:04.549475,22.0,90.0,-154.0,22.0,-20.0,-141.0,-1.0,60.0,-112.0,-17.0,116.0,-183.0,34.19,59.64,-136.27,11.67,-31.66,-107.34,-3.48,49.96,-92.5,-5.18,74.06,-154.27
2025-08-13T12:28:04.553094,69.0,88.0,-125.0,19.0,-10.0,-122.0,31.0,-46.0,-183.0,-81.0,90.0,-186.0,81.19,57.64,-107.27,8.67,-21.66,-88.34,28.52,-56.04,-163.5,-69.18,48.06,-157.27
2025-08-13T12:28:04.561011,71.0,23.0,-136.0,26.0,14.0,-161.0,-14.0,-43.0,-160.0,33.0,72.0,-166.0,83.19,-7.359999999999999,-118.27,15.67,2.34,-127.34,-16.48,-53.04,-140.5,44.82,30.060000000000002,-137.27
2025-08-13T12:28:04.565524,27.0,-14.0,-185.0,-29.0,-9.0,-129.0,-5.0,-36.0,-89.0,-65.0,3.0,-124.0,39.19,-44.36,-167.27,-39.33,-20.66,-95.34,-7.48,-46.04,-69.5,-53.18,-38.94,-95.27
2025-08-13T12:28:04.573523,49.0,94.0,-142.0,54.0,-15.0,-161.0,-14.0,-17.0,-107.0,-62.0,37.0,-90.0,61.19,63.64,-124.27,43.67,-26.66,-127.34,-16.48,-27.04,-87.5,-50.18,-4.939999999999998,-61.269999999999996
2025-08-13T12:28:04.577926,50.0,49.0,-164.0,108.0,-2.0,-175.0,-25.0,-6.0,-125.0,-130.0,106.0,-132.0,62.19,18.64,-146.27,97.67,-13.66,-141.34,-27.48,-16.04,-105.5,-118.18,64.06,-103.27
2025-08-13T12:28:04.585800,21.0,25.0,-192.0,24.0,14.0,-145.0,-34.0,-47.0,-90.0,-34.0,86.0,-89.0,33.19,-5.359999999999999,-174.27,13.67,2.34,-111.34,-36.48,-57.04,-70.5,-22.18,44.06,-60.269999999999996
2025-08-13T12:28:04.590250,36.0,53.0,-134.0,69.0,-33.0,-100.0,-53.0,23.0,-116.0,4.0,54.0,-226.0,48.19,22.64,-116.27,58.67,-44.66,-66.34,-55.48,12.96,-96.5,15.82,12.060000000000002,-197.27
2025-08-13T12:28:04.598117,-56.0,-8.0,-160.0,34.0,6.0,-121.0,-73.0,-40.0,-158.0,-42.0,19.0,-125.0,-43.81,-38.36,-142.27,23.67,-5.66,-87.34,-75.48,-50.04,-138.5,-30.18,-22.939999999999998,-96.27
2025-08-13T12:28:04.602803,0.0,13.0,-186.0,22.0,-43.0,-211.0,-93.0,-6.0,-124.0,-57.0,97.0,-153.0,12.19,-17.36,-168.27,11.67,-54.66,-177.34,-95.48,-16.04,-104.5,-45.18,55.06,-124.27
2025-08-13T12:28:04.610547,-33.0,22.0,-165.0,39.0,-51.0,-128.0,-49.0,-33.0,-107.0,-51.0,74.0,-138.0,-20.810000000000002,-8.36,-147.27,28.67,-62.66,-94.34,-51.48,-43.04,-87.5,-39.18,32.06,-109.27
2025-08-13T12:28:04.615170,89.0,92.0,-154.0,-5.0,52.0,-162.0,-43.0,-18.0,-67.0,-65.0,35.0,-131.0,101.19,61.64,-136.27,-15.33,40.34,-128.34,-45.48,-28.04,-47.5,-53.18,-6.939999999999998,-102.27
2025-08-13T12:28:04.622599,89.0,60.0,-137.0,60.0,-17.0,-128.0,-70.0,-16.0,-182.0,-127.0,69.0,-152.0,101.19,29.64,-119.27,49.67,-28.66,-94.34,-72.48,-26.04,-162.5,-115.18,27.060000000000002,-123.27
2025-08-13T12:28:04.630590,4.0,11.0,-126.0,27.0,-14.0,-140.0,-17.0,-5.0,-139.0,24.0,51.0,-145.0,16.189999999999998,-19.36,-108.27,16.67,-25.66,-106.34,-19.48,-15.04,-119.5,35.82,9.060000000000002,-116.27
2025-08-13T12:28:04.635031,-65.0,-55.0,-92.0,63.0,-4.0,-110.0,-60.0,8.0,-85.0,19.0,105.0,-130.0,-52.81,-85.36,-74.27,52.67,-15.66,-76.34,-62.48,-2.039999999999999,-65.5,30.82,63.06,-101.27
2025-08-13T12:28:04.642861,17.0,8.0,-168.0,6.0,5.0,-166.0,13.0,-25.0,-62.0,-4.0,66.0,-150.0,29.189999999999998,-22.36,-150.27,-4.33,-6.66,-132.34,10.52,-35.04,-42.5,7.82,24.060000000000002,-121.27
2025-08-13T12:28:04.647355,24.0,108.0,-123.0,21.0,-19.0,-186.0,-84.0,3.0,-63.0,-78.0,84.0,-135.0,36.19,77.64,-105.27,10.67,-30.66,-152.34,-86.48,-7.039999999999999,-43.5,-66.18,42.06,-106.27
2025-08-13T12:28:04.655283,14.0,-10.0,-140.0,-2.0,-38.0,-159.0,-54.0,-49.0,-100.0,-96.0,81.0,-133.0,26.189999999999998,-40.36,-122.27,-12.33,-49.66,-125.34,-56.48,-59.04,-80.5,-84.18,39.06,-104.27
2025-08-13T12:28:04.659820,21.0,88.0,-118.0,58.0,-32.0,-147.0,-3.0,10.0,-151.0,-83.0,117.0,-135.0,33.19,57.64,-100.27,47.67,-43.66,-113.34,-5.48,-0.03999999999999915,-131.5,-71.18,75.06,-106.27
2025-08-13T12:28:04.668057,27.0,38.0,-150.0,100.0,-24.0,-175.0,6.0,-70.0,-135.0,-68.0,55.0,-172.0,39.19,7.640000000000001,-132.27,89.67,-35.66,-141.34,3.52,-80.03999999999999,-115.5,-56.18,13.060000000000002,-143.27
2025-08-13T12:28:04.673114,51.0,27.0,-138.0,68.0,12.0,-170.0,-22.0,-96.0,-117.0,-114.0,57.0,-209.0,63.19,-3.3599999999999994,-120.27,57.67,0.33999999999999986,-136.34,-24.48,-106.03999999999999,-97.5,-102.18,15.060000000000002,-180.27
2025-08-13T12:28:04.681799,41.0,50.0,-110.0,37.0,-30.0,-139.0,-73.0,18.0,-107.0,-23.0,55.0,-90.0,53.19,19.64,-92.27,26.67,-41.66,-105.34,-75.48,7.960000000000001,-87.5,-11.18,13.060000000000002,-61.269999999999996
2025-08-13T12:28:04.686372,-3.0,47.0,-207.0,3.0,-57.0,-179.0,-91.0,15.0,-112.0,-6.0,56.0,-73.0,9.19,16.64,-189.27,-7.33,-68.66,-145.34,-93.48,4.960000000000001,-92.5,5.82,14.060000000000002,-44.269999999999996
2025-08-13T12:28:04.692830,72.0,112.0,-123.0,59.0,25.0,-177.0,-47.0,33.0,-139.0,-32.0,104.0,-126.0,84.19,81.64,-105.27,48.67,13.34,-143.34,-49.48,22.96,-119.5,-20.18,62.06,-97.27
2025-08-13T12:28:04.697900,90.0,6.0,-108.0,61.0,-8.0,-138.0,-31.0,25.0,-138.0,-97.0,30.0,-166.0,102.19,-24.36,-90.27,50.67,-19.66,-104.34,-33.48,14.96,-118.5,-85.18,-11.939999999999998,-137.27
2025-08-13T12:28:04.704590,48.0,30.0,-158.0,55.0,27.0,-158.0,-13.0,-63.0,-57.0,-21.0,45.0,-141.0,60.19,-0.35999999999999943,-140.27,44.67,15.34,-124.34,-15.48,-73.03999999999999,-37.5,-9.18,3.0600000000000023,-112.27
2025-08-13T12:28:04.712412,67.0,121.0,-160.0,34.0,-44.0,-156.0,-33.0,-30.0,-146.0,-48.0,107.0,-97.0,79.19,90.64,-142.27,23.67,-55.66,-122.34,-35.48,-40.04,-126.5,-36.18,65.06,-68.27
2025-08-13T12:28:04.716659,-43.0,87.0,-167.0,49.0,32.0,-88.0,-4.0,-58.0,-220.0,-15.0,69.0,-117.0,-30.810000000000002,56.64,-149.27,38.67,20.34,-54.34,-6.48,-68.03999999999999,-200.5,-3.1799999999999997,27.060000000000002,-88.27
2025-08-13T12:28:04.724827,15.0,50.0,-122.0,26.0,68.0,-166.0,-15.0,86.0,-117.0,-59.0,38.0,-154.0,27.189999999999998,19.64,-104.27,15.67,56.34,-132.34,-17.48,75.96000000000001,-97.5,-47.18,-3.9399999999999977,-125.27
2025-08-13T12:28:04.729155,52.0,56.0,-152.0,73.0,0.0,-150.0,-53.0,-21.0,-137.0,-88.0,55.0,-73.0,64.19,25.64,-134.27,62.67,-11.66,-116.34,-55.48,-31.04,-117.5,-76.18,13.060000000000002,-44.269999999999996
2025-08-13T12:28:04.737109,-42.0,38.0,-60.0,37.0,55.0,-130.0,0.0,-29.0,-88.0,-93.0,34.0,-136.0,-29.810000000000002,7.640000000000001,-42.269999999999996,26.67,43.34,-96.34,-2.48,-39.04,-68.5,-81.18,-7.939999999999998,-107.27
2025-08-13T12:28:04.741417,-34.0,-19.0,-147.0,14.0,49.0,-80.0,-73.0,-1.0,-83.0,-14.0,160.0,-90.0,-21.810000000000002,-49.36,-129.27,3.67,37.34,-46.34,-75.48,-11.04,-63.5,-2.1799999999999997,118.06,-61.269999999999996
2025-08-13T12:28:04.749564,-46.0,102.0,-83.0,30.0,67.0,-129.0,-24.0,-5.0,-52.0,3.0,77.0,-126.0,-33.81,71.64,-65.27,19.67,55.34,-95.34,-26.48,-15.04,-32.5,14.82,35.06,-97.27
2025-08-13T12:28:04.753816,39.0,31.0,-105.0,-3.0,-4.0,-78.0,-13.0,18.0,-162.0,26.0,45.0,-73.0,51.19,0.6400000000000006,-87.27,-13.33,-15.66,-44.34,-15.48,7.960000000000001,-142.5,37.82,3.0600000000000023,-44.269999999999996
2025-08-13T12:28:04.761674,32.0,118.0,-104.0,85.0,-30.0,-137.0,3.0,-20.0,-67.0,-126.0,6.0,-89.0,44.19,87.64,-86.27,74.67,-41.66,-103.34,0.52,-30.04,-47.5,-114.18,-35.94,-60.269999999999996
2025-08-13T12:28:04.765995,21.0,26.0,-96.0,39.0,53.0,-160.0,-81.0,-45.0,-66.0,-39.0,55.0,-68.0,33.19,-4.359999999999999,-78.27,28.67,41.34,-126.34,-83.48,-55.04,-46.5,-27.18,13.060000000000002,-39.269999999999996
2025-08-13T12:28:04.773982,53.0,52.0,-66.0,62.0,-9.0,-91.0,-68.0,-43.0,-72.0,-31.0,59.0,-102.0,65.19,21.64,-48.269999999999996,51.67,-20.66,-57.34,-70.48,-53.04,-52.5,-19.18,17.060000000000002,-73.27
2025-08-13T12:28:04.778489,-60.0,47.0,-48.0,18.0,45.0,-131.0,-37.0,-41.0,-18.0,-70.0,85.0,-51.0,-47.81,16.64,-30.27,7.67,33.34,-97.34,-39.48,-51.04,1.5,-58.18,43.06,-22.27
2025-08-13T12:28:04.786870,-24.0,60.0,-117.0,-13.0,3.0,-143.0,-21.0,10.0,-46.0,-22.0,46.0,-114.0,-11.81,29.64,-99.27,-23.33,-8.66,-109.34,-23.48,-0.03999999999999915,-26.5,-10.18,4.060000000000002,-85.27
2025-08-13T12:28:04.790836,25.0,84.0,-107.0,19.0,-2.0,-147.0,-29.0,18.0,-77.0,7.0,20.0,-122.0,37.19,53.64,-89.27,8.67,-13.66,-113.34,-31.48,7.960000000000001,-57.5,18.82,-21.939999999999998,-93.27
2025-08-13T12:28:04.798657,36.0,88.0,-97.0,31.0,-17.0,-135.0,-57.0,19.0,-91.0,-59.0,6.0,-117.0,48.19,57.64,-79.27,20.67,-28.66,-101.34,-59.48,8.96,-71.5,-47.18,-35.94,-88.27
2025-08-13T12:28:04.803210,-13.0,41.0,-160.0,35.0,-26.0,-58.0,-33.0,-40.0,-118.0,-79.0,44.0,-80.0,-0.8100000000000005,10.64,-142.27,24.67,-37.66,-24.340000000000003,-35.48,-50.04,-98.5,-67.18,2.0600000000000023,-51.269999999999996
2025-08-13T12:28:04.811713,115.0,58.0,-107.0,-9.0,-49.0,-133.0,-59.0,24.0,-93.0,-16.0,44.0,-79.0,127.19,27.64,-89.27,-19.33,-60.66,-99.34,-61.48,13.96,-73.5,-4.18,2.0600000000000023,-50.269999999999996
2025-08-13T12:28:04.815781,9.0,17.0,-81.0,-5.0,-24.0,-114.0,-77.0,25.0,-29.0,-84.0,81.0,-161.0,21.189999999999998,-13.36,-63.269999999999996,-15.33,-35.66,-80.34,-79.48,14.96,-9.5,-72.18,39.06,-132.27
2025-08-13T12:28:04.823259,-56.0,54.0,-76.0,-56.0,6.0,-105.0,-15.0,-2.0,-103.0,-26.0,-31.0,-75.0,-43.81,23.64,-58.269999999999996,-66.33,-5.66,-71.34,-17.48,-12.04,-83.5,-14.18,-72.94,-46.269999999999996
2025-08-13T12:28:04.827746,-56.0,79.0,-158.0,95.0,-26.0,-87.0,-20.0,4.0,-30.0,-35.0,-6.0,-99.0,-43.81,48.64,-140.27,84.67,-37.66,-53.34,-22.48,-6.039999999999999,-10.5,-23.18,-47.94,-70.27
2025-08-13T12:28:04.835785,-63.0,57.0,-109.0,62.0,71.0,-20.0,-70.0,17.0,-139.0,-41.0,26.0,-47.0,-50.81,26.64,-91.27,51.67,59.34,13.659999999999997,-72.48,6.960000000000001,-119.5,-29.18,-15.939999999999998,-18.27
2025-08-13T12:28:04.840035,12.0,39.0,-53.0,40.0,18.0,-36.0,25.0,33.0,-59.0,-78.0,23.0,-53.0,24.189999999999998,8.64,-35.269999999999996,29.67,6.34,-2.3400000000000034,22.52,22.96,-39.5,-66.18,-18.939999999999998,-24.27
2025-08-13T12:28:04.847804,50.0,71.0,-98.0,57.0,-25.0,-37.0,-21.0,-33.0,-85.0,-96.0,6.0,-67.0,62.19,40.64,-80.27,46.67,-36.66,-3.3400000000000034,-23.48,-43.04,-65.5,-84.18,-35.94,-38.269999999999996
2025-08-13T12:28:04.852200,-1.0,39.0,-121.0,69.0,42.0,-61.0,-59.0,-25.0,-79.0,-57.0,99.0,-116.0,11.19,8.64,-103.27,58.67,30.34,-27.340000000000003,-61.48,-35.04,-59.5,-45.18,57.06,-87.27
2025-08-13T12:28:04.860521,31.0,23.0,-7.0,-29.0,-24.0,-127.0,26.0,14.0,-39.0,-83.0,64.0,-59.0,43.19,-7.359999999999999,10.73,-39.33,-35.66,-93.34,23.52,3.960000000000001,-19.5,-71.18,22.060000000000002,-30.27
2025-08-13T12:28:04.864596,-9.0,49.0,-28.0,1.0,8.0,-121.0,-71.0,36.0,-101.0,-31.0,48.0,-125.0,3.1899999999999995,18.64,-10.27,-9.33,-3.66,-87.34,-73.48,25.96,-81.5,-19.18,6.060000000000002,-96.27
2025-08-13T12:28:04.872911,1.0,68.0,-29.0,8.0,-35.0,-120.0,2.0,23.0,-89.0,-30.0,12.0,-69.0,13.19,37.64,-11.27,-2.33,-46.66,-86.34,-0.48,12.96,-69.5,-18.18,-29.939999999999998,-40.269999999999996
2025-08-13T12:28:04.877404,10.0,37.0,-36.0,44.0,-1.0,-163.0,58.0,36.0,-106.0,-102.0,85.0,-79.0,22.189999999999998,6.640000000000001,-18.27,33.67,-12.66,-129.34,55.52,25.96,-86.5,-90.18,43.06,-50.269999999999996
2025-08-13T12:28:04.885273,-13.0,98.0,-83.0,45.0,22.0,-49.0,48.0,22.0,-91.0,-4.0,35.0,-18.0,-0.8100000000000005,67.64,-65.27,34.67,10.34,-15.340000000000003,45.52,11.96,-71.5,7.82,-6.939999999999998,10.73
2025-08-13T12:28:04.889288,36.0,71.0,-62.0,44.0,43.0,-87.0,-24.0,16.0,-55.0,51.0,84.0,-138.0,48.19,40.64,-44.269999999999996,33.67,31.34,-53.34,-26.48,5.960000000000001,-35.5,62.82,42.06,-109.27
2025-08-13T12:28:04.897818,30.0,6.0,-111.0,-9.0,-15.0,-60.0,-4.0,-30.0,-55.0,-17.0,47.0,-80.0,42.19,-24.36,-93.27,-19.33,-26.66,-26.340000000000003,-6.48,-40.04,-35.5,-5.18,5.060000000000002,-51.269999999999996
2025-08-13T12:28:04.901416,5.0,16.0,-105.0,-8.0,-8.0,-66.0,-34.0,-20.0,-83.0,11.0,92.0,-47.0,17.189999999999998,-14.36,-87.27,-18.33,-19.66,-32.34,-36.48,-30.04,-63.5,22.82,50.06,-18.27
2025-08-13T12:28:04.909349,57.0,68.0,-83.0,55.0,2.0,-102.0,-4.0,6.0,-82.0,-102.0,56.0,-73.0,69.19,37.64,-65.27,44.67,-9.66,-68.34,-6.48,-4.039999999999999,-62.5,-90.18,14.060000000000002,-44.269999999999996
2025-08-13T12:28:04.913591,58.0,35.0,-62.0,49.0,-123.0,-108.0,15.0,-15.0,-28.0,-113.0,11.0,-145.0,70.19,4.640000000000001,-44.269999999999996,38.67,-134.66,-74.34,12.52,-25.04,-8.5,-101.18,-30.939999999999998,-116.27
2025-08-13T12:28:04.921357,2.0,37.0,-80.0,12.0,-17.0,-39.0,-35.0,23.0,-36.0,-81.0,99.0,-102.0,14.19,6.640000000000001,-62.269999999999996,1.67,-28.66,-5.340000000000003,-37.48,12.96,-16.5,-69.18,57.06,-73.27
2025-08-13T12:28:04.925640,92.0,1.0,-93.0,56.0,-47.0,-115.0,-2.0,-30.0,-33.0,-69.0,94.0,-121.0,104.19,-29.36,-75.27,45.67,-58.66,-81.34,-4.48,-40.04,-13.5,-57.18,52.06,-92.27
2025-08-13T12:28:04.933670,-10.0,94.0,-33.0,-17.0,-17.0,-69.0,-40.0,-34.0,-80.0,-18.0,72.0,-140.0,2.1899999999999995,63.64,-15.27,-27.33,-28.66,-35.34,-42.48,-44.04,-60.5,-6.18,30.060000000000002,-111.27
2025-08-13T12:28:04.938072,-57.0,90.0,-60.0,-11.0,12.0,-65.0,-30.0,41.0,-54.0,-52.0,26.0,-88.0,-44.81,59.64,-42.269999999999996,-21.33,0.33999999999999986,-31.340000000000003,-32.48,30.96,-34.5,-40.18,-15.939999999999998,-59.269999999999996
2025-08-13T12:28:04.945944,-82.0,48.0,-135.0,48.0,41.0,-100.0,18.0,13.0,-91.0,-54.0,37.0,30.0,-69.81,17.64,-117.27,37.67,29.34,-66.34,15.52,2.960000000000001,-71.5,-42.18,-4.939999999999998,58.730000000000004
2025-08-13T12:28:04.950378,50.0,55.0,-152.0,-5.0,87.0,-30.0,66.0,-42.0,-142.0,-22.0,10.0,-12.0,62.19,24.64,-134.27,-15.33,75.34,3.6599999999999966,63.52,-52.04,-122.5,-10.18,-31.939999999999998,16.73
2025-08-13T12:28:04.958182,22.0,69.0,-76.0,49.0,9.0,-63.0,-88.0,4.0,-33.0,-55.0,96.0,-89.0,34.19,38.64,-58.269999999999996,38.67,-2.66,-29.340000000000003,-90.48,-6.039999999999999,-13.5,-43.18,54.06,-60.269999999999996
2025-08-13T12:28:04.962580,42.0,10.0,-102.0,20.0,15.0,-60.0,-19.0,-57.0,-85.0,-56.0,95.0,-20.0,54.19,-20.36,-84.27,9.67,3.34,-26.340000000000003,-21.48,-67.03999999999999,-65.5,-44.18,53.06,8.73
2025-08-13T12:28:04.970541,14.0,-4.0,-14.0,20.0,-6.0,-84.0,-37.0,6.0,-82.0,-11.0,94.0,-73.0,26.189999999999998,-34.36,3.7300000000000004,9.67,-17.66,-50.34,-39.48,-4.039999999999999,-62.5,0.8200000000000003,52.06,-44.269999999999996
2025-08-13T12:28:04.974718,-9.0,10.0,-18.0,-21.0,-8.0,-65.0,4.0,43.0,-67.0,5.0,111.0,-60.0,3.1899999999999995,-20.36,-0.2699999999999996,-31.33,-19.66,-31.340000000000003,1.52,32.96,-47.5,16.82,69.06,-31.27
2025-08-13T12:28:04.982747,-81.0,130.0,-26.0,33.0,3.0,-146.0,-25.0,-50.0,-97.0,-92.0,75.0,-128.0,-68.81,99.64,-8.27,22.67,-8.66,-112.34,-27.48,-60.04,-77.5,-80.18,33.06,-99.27
2025-08-13T12:28:04.987235,-25.0,-9.0,-36.0,-3.0,4.0,-50.0,-24.0,26.0,-48.0,26.0,128.0,-111.0,-12.81,-39.36,-18.27,-13.33,-7.66,-16.340000000000003,-26.48,15.96,-28.5,37.82,86.06,-82.27
2025-08-13T12:28:04.995261,18.0,-7.0,-27.0,-19.0,20.0,-113.0,27.0,32.0,-80.0,-20.0,34.0,-113.0,30.189999999999998,-37.36,-9.27,-29.33,8.34,-79.34,24.52,21.96,-60.5,-8.18,-7.939999999999998,-84.27
2025-08-13T12:28:04.999460,64.0,82.0,-39.0,14.0,49.0,-67.0,-79.0,1.0,-59.0,-16.0,39.0,-10.0,76.19,51.64,-21.27,3.67,37.34,-33.34,-81.48,-9.04,-39.5,-4.18,-2.9399999999999977,18.73
2025-08-13T12:28:05.007448,50.0,91.0,-60.0,8.0,42.0,-72.0,-3.0,-32.0,-87.0,-46.0,29.0,-101.0,62.19,60.64,-42.269999999999996,-2.33,30.34,-38.34,-5.48,-42.04,-67.5,-34.18,-12.939999999999998,-72.27
2025-08-13T12:28:05.011653,24.0,3.0,-19.0,17.0,-1.0,-82.0,19.0,-39.0,-21.0,-11.0,58.0,-26.0,36.19,-27.36,-1.2699999999999996,6.67,-12.66,-48.34,16.52,-49.04,-1.5,0.8200000000000003,16.060000000000002,2.7300000000000004
2025-08-13T12:28:05.019801,15.0,34.0,-39.0,15.0,-42.0,-162.0,-63.0,56.0,-23.0,-9.0,-21.0,-67.0,27.189999999999998,3.6400000000000006,-21.27,4.67,-53.66,-128.34,-65.48,45.96,-3.5,2.8200000000000003,-62.94,-38.269999999999996
2025-08-13T12:28:05.024145,39.0,14.0,-57.0,-5.0,35.0,-101.0,-24.0,46.0,-84.0,-2.0,11.0,-4.0,51.19,-16.36,-39.269999999999996,-15.33,23.34,-67.34,-26.48,35.96,-64.5,9.82,-30.939999999999998,24.73
2025-08-13T12:28:05.032022,-69.0,97.0,-62.0,-22.0,-31.0,-63.0,-70.0,1.0,-7.0,-25.0,56.0,-11.0,-56.81,66.64,-44.269999999999996,-32.33,-42.66,-29.340000000000003,-72.48,-9.04,12.5,-13.18,14.060000000000002,17.73
2025-08-13T12:28:05.036637,-33.0,-4.0,-74.0,-10.0,41.0,-36.0,20.0,85.0,-36.0,-29.0,18.0,-40.0,-20.810000000000002,-34.36,-56.269999999999996,-20.33,29.34,-2.3400000000000034,17.52,74.96000000000001,-16.5,-17.18,-23.939999999999998,-11.27
2025-08-13T12:28:05.044476,3.0,-7.0,-73.0,22.0,56.0,-54.0,28.0,22.0,-67.0,-38.0,55.0,-21.0,15.19,-37.36,-55.269999999999996,11.67,44.34,-20.340000000000003,25.52,11.96,-47.5,-26.18,13.060000000000002,7.73
2025-08-13T12:28:05.052407,-56.0,77.0,-103.0,71.0,-1.0,-86.0,11.0,11.0,-78.0,-46.0,50.0,-91.0,-43.81,46.64,-85.27,60.67,-12.66,-52.34,8.52,0.9600000000000009,-58.5,-34.18,8.060000000000002,-62.269999999999996
2025-08-13T12:28:05.061541,-24.0,99.0,-95.0,3.0,58.0,-120.0,-2.0,19.0,-104.0,-57.0,71.0,-63.0,-11.81,68.64,-77.27,-7.33,46.34,-86.34,-4.48,8.96,-84.5,-45.18,29.060000000000002,-34.269999999999996
2025-08-13T12:28:05.071110,-30.0,75.0,-59.0,43.0,-6.0,-25.0,16.0,-94.0,-83.0,22.0,107.0,-51.0,-17.810000000000002,44.64,-41.269999999999996,32.67,-17.66,8.659999999999997,13.52,-104.03999999999999,-63.5,33.82,65.06,-22.27
2025-08-13T12:28:05.078485,16.0,26.0,-61.0,5.0,60.0,-24.0,2.0,34.0,9.0,-71.0,42.0,-54.0,28.189999999999998,-4.359999999999999,-43.269999999999996,-5.33,48.34,9.659999999999997,-0.48,23.96,28.5,-59.18,0.060000000000002274,-25.27
2025-08-13T12:28:05.083641,27.0,23.0,-86.0,26.0,15.0,-112.0,-56.0,-8.0,-3.0,-49.0,30.0,-33.0,39.19,-7.359999999999999,-68.27,15.67,3.34,-78.34,-58.48,-18.04,16.5,-37.18,-11.939999999999998,-4.27
2025-08-13T12:28:05.087591,-16.0,-8.0,-7.0,37.0,30.0,-60.0,-13.0,55.0,-22.0,-5.0,31.0,-75.0,-3.8100000000000005,-38.36,10.73,26.67,18.34,-26.340000000000003,-15.48,44.96,-2.5,6.82,-10.939999999999998,-46.269999999999996
2025-08-13T12:28:05.091163,3.0,10.0,-17.0,-28.0,15.0,17.0,-31.0,-15.0,-16.0,-47.0,13.0,-118.0,15.19,-20.36,0.7300000000000004,-38.33,3.34,50.66,-33.48,-25.04,3.5,-35.18,-28.939999999999998,-89.27
2025-08-13T12:28:05.094070,-31.0,25.0,-77.0,4.0,16.0,-66.0,-8.0,-31.0,-26.0,64.0,-5.0,-72.0,-18.810000000000002,-5.359999999999999,-59.269999999999996,-6.33,4.34,-32.34,-10.48,-41.04,-6.5,75.82,-46.94,-43.269999999999996
2025-08-13T12:28:05.097548,-12.0,-19.0,-16.0,5.0,23.0,-8.0,-79.0,33.0,-59.0,-8.0,34.0,-17.0,0.1899999999999995,-49.36,1.7300000000000004,-5.33,11.34,25.659999999999997,-81.48,22.96,-39.5,3.8200000000000003,-7.939999999999998,11.73
2025-08-13T12:28:05.102104,10.0,48.0,-49.0,-40.0,21.0,-85.0,-6.0,31.0,-54.0,-12.0,97.0,-81.0,22.189999999999998,17.64,-31.27,-50.33,9.34,-51.34,-8.48,20.96,-34.5,-0.17999999999999972,55.06,-52.269999999999996
2025-08-13T12:28:05.109859,29.0,-6.0,-70.0,-15.0,22.0,-41.0,5.0,40.0,-19.0,-36.0,13.0,-41.0,41.19,-36.36,-52.269999999999996,-25.33,10.34,-7.340000000000003,2.52,29.96,0.5,-24.18,-28.939999999999998,-12.27
2025-08-13T12:28:05.113996,9.0,28.0,-53.0,8.0,24.0,-75.0,-12.0,12.0,6.0,-11.0,47.0,-34.0,21.189999999999998,-2.3599999999999994,-35.269999999999996,-2.33,12.34,-41.34,-14.48,1.9600000000000009,25.5,0.8200000000000003,5.060000000000002,-5.27
2025-08-13T12:28:05.122292,35.0,25.0,22.0,-41.0,-13.0,-102.0,-8.0,46.0,-61.0,73.0,61.0,-51.0,47.19,-5.359999999999999,39.730000000000004,-51.33,-24.66,-68.34,-10.48,35.96,-41.5,84.82,19.060000000000002,-22.27
2025-08-13T12:28:05.126549,-23.0,52.0,-12.0,-14.0,-18.0,-97.0,-32.0,26.0,-70.0,-44.0,4.0,-33.0,-10.81,21.64,5.73,-24.33,-29.66,-63.34,-34.48,15.96,-50.5,-32.18,-37.94,-4.27
2025-08-13T12:28:05.134393,-9.0,-2.0,-20.0,3.0,-56.0,13.0,29.0,19.0,-55.0,-15.0,85.0,-59.0,3.1899999999999995,-32.36,-2.2699999999999996,-7.33,-67.66,46.66,26.52,8.96,-35.5,-3.1799999999999997,43.06,-30.27
2025-08-13T12:28:05.138662,38.0,-5.0,-59.0,-8.0,20.0,-73.0,3.0,25.0,-41.0,-47.0,87.0,-2.0,50.19,-35.36,-41.269999999999996,-18.33,8.34,-39.34,0.52,14.96,-21.5,-35.18,45.06,26.73
2025-08-13T12:28:05.146712,18.0,64.0,18.0,67.0,58.0,-102.0,-55.0,-11.0,-11.0,-63.0,72.0,12.0,30.189999999999998,33.64,35.730000000000004,56.67,46.34,-68.34,-57.48,-21.04,8.5,-51.18,30.060000000000002,40.730000000000004
2025-08-13T12:28:05.150958,-2.0,-13.0,-56.0,24.0,-2.0,-112.0,-19.0,-10.0,-63.0,-41.0,69.0,-72.0,10.19,-43.36,-38.269999999999996,13.67,-13.66,-78.34,-21.48,-20.04,-43.5,-29.18,27.060000000000002,-43.269999999999996
2025-08-13T12:28:05.159001,-5.0,83.0,-12.0,-5.0,41.0,-45.0,-1.0,-29.0,-79.0,9.0,81.0,-34.0,7.1899999999999995,52.64,5.73,-15.33,29.34,-11.340000000000003,-3.48,-39.04,-59.5,20.82,39.06,-5.27
2025-08-13T12:28:05.163289,-12.0,74.0,-40.0,-20.0,40.0,-109.0,-89.0,1.0,-42.0,39.0,93.0,-50.0,0.1899999999999995,43.64,-22.27,-30.33,28.34,-75.34,-91.48,-9.04,-22.5,50.82,51.06,-21.27
2025-08-13T12:28:05.171546,57.0,47.0,-76.0,-10.0,35.0,-82.0,-30.0,-11.0,-71.0,-11.0,31.0,-93.0,69.19,16.64,-58.269999999999996,-20.33,23.34,-48.34,-32.48,-21.04,-51.5,0.8200000000000003,-10.939999999999998,-64.27
2025-08-13T12:28:05.175753,-42.0,-89.0,-5.0,36.0,5.0,-91.0,-9.0,88.0,-23.0,26.0,56.0,-76.0,-29.810000000000002,-119.36,12.73,25.67,-6.66,-57.34,-11.48,77.96000000000001,-3.5,37.82,14.060000000000002,-47.269999999999996
2025-08-13T12:28:05.183701,29.0,19.0,-21.0,-57.0,-23.0,-60.0,25.0,17.0,-30.0,-19.0,79.0,36.0,41.19,-11.36,-3.2699999999999996,-67.33,-34.66,-26.340000000000003,22.52,6.960000000000001,-10.5,-7.18,37.06,64.73
2025-08-13T12:28:05.188819,-50.0,69.0,-7.0,-28.0,5.0,-43.0,52.0,-3.0,-30.0,33.0,62.0,50.0,-37.81,38.64,10.73,-38.33,-6.66,-9.340000000000003,49.52,-13.04,-10.5,44.82,20.060000000000002,78.73
2025-08-13T12:28:05.195983,-24.0,-34.0,-24.0,49.0,53.0,-36.0,30.0,34.0,-71.0,-54.0,15.0,-20.0,-11.81,-64.36,-6.27,38.67,41.34,-2.3400000000000034,27.52,23.96,-51.5,-42.18,-26.939999999999998,8.73
2025-08-13T12:28:05.201005,-1.0,-28.0,-76.0,75.0,-13.0,-17.0,6.0,-7.0,-24.0,-36.0,59.0,-44.0,11.19,-58.36,-58.269999999999996,64.67,-24.66,16.659999999999997,3.52,-17.04,-4.5,-24.18,17.060000000000002,-15.27
2025-08-13T12:28:05.208151,-49.0,50.0,-17.0,60.0,2.0,-54.0,40.0,-10.0,-89.0,-49.0,50.0,-90.0,-36.81,19.64,0.7300000000000004,49.67,-9.66,-20.340000000000003,37.52,-20.04,-69.5,-37.18,8.060000000000002,-61.269999999999996
2025-08-13T12:28:05.213350,-59.0,-48.0,-45.0,37.0,-14.0,-77.0,-23.0,-57.0,-56.0,-23.0,0.0,-76.0,-46.81,-78.36,-27.27,26.67,-25.66,-43.34,-25.48,-67.03999999999999,-36.5,-11.18,-41.94,-47.269999999999996
2025-08-13T12:28:05.220504,-62.0,-16.0,-51.0,-38.0,38.0,-13.0,10.0,56.0,-52.0,50.0,72.0,-99.0,-49.81,-46.36,-33.269999999999996,-48.33,26.34,20.659999999999997,7.52,45.96,-32.5,61.82,30.060000000000002,-70.27
2025-08-13T12:28:05.224868,-62.0,66.0,-34.0,-11.0,-1.0,-43.0,36.0,53.0,26.0,15.0,64.0,-63.0,-49.81,35.64,-16.27,-21.33,-12.66,-9.340000000000003,33.52,42.96,45.5,26.82,22.060000000000002,-34.269999999999996
2025-08-13T12:28:05.232755,-89.0,22.0,56.0,4.0,-11.0,-62.0,14.0,72.0,49.0,-22.0,10.0,-143.0,-76.81,-8.36,73.73,-6.33,-22.66,-28.340000000000003,11.52,61.96,68.5,-10.18,-31.939999999999998,-114.27
2025-08-13T12:28:05.238322,-11.0,72.0,-92.0,21.0,-58.0,-32.0,27.0,32.0,-30.0,-8.0,33.0,-69.0,1.1899999999999995,41.64,-74.27,10.67,-69.66,1.6599999999999966,24.52,21.96,-10.5,3.8200000000000003,-8.939999999999998,-40.269999999999996
2025-08-13T12:28:05.245017,-1.0,75.0,-88.0,120.0,-13.0,-45.0,1.0,44.0,-63.0,-37.0,111.0,-86.0,11.19,44.64,-70.27,109.67,-24.66,-11.340000000000003,-1.48,33.96,-43.5,-25.18,69.06,-57.269999999999996
2025-08-13T12:28:05.250316,36.0,45.0,-61.0,60.0,62.0,-38.0,8.0,1.0,-42.0,-12.0,20.0,-79.0,48.19,14.64,-43.269999999999996,49.67,50.34,-4.340000000000003,5.52,-9.04,-22.5,-0.17999999999999972,-21.939999999999998,-50.269999999999996
2025-08-13T12:28:05.257241,-1.0,76.0,-113.0,-31.0,-23.0,-80.0,5.0,33.0,8.0,-31.0,41.0,-79.0,11.19,45.64,-95.27,-41.33,-34.66,-46.34,2.52,22.96,27.5,-19.18,-0.9399999999999977,-50.269999999999996
2025-08-13T12:28:05.261926,59.0,54.0,-80.0,-12.0,-42.0,-12.0,-18.0,10.0,-49.0,-26.0,80.0,-53.0,71.19,23.64,-62.269999999999996,-22.33,-53.66,21.659999999999997,-20.48,-0.03999999999999915,-29.5,-14.18,38.06,-24.27
2025-08-13T12:28:05.269513,-25.0,32.0,-28.0,43.0,40.0,-112.0,84.0,-20.0,-9.0,-32.0,90.0,-60.0,-12.81,1.6400000000000006,-10.27,32.67,28.34,-78.34,81.52,-30.04,10.5,-20.18,48.06,-31.27
2025-08-13T12:28:05.273896,46.0,15.0,-11.0,-6.0,30.0,-93.0,39.0,-9.0,18.0,-49.0,29.0,-19.0,58.19,-15.36,6.73,-16.33,18.34,-59.34,36.52,-19.04,37.5,-37.18,-12.939999999999998,9.73
2025-08-13T12:28:05.281828,73.0,73.0,-66.0,38.0,-5.0,-31.0,-37.0,-44.0,20.0,-24.0,115.0,-59.0,85.19,42.64,-48.269999999999996,27.67,-16.66,2.6599999999999966,-39.48,-54.04,39.5,-12.18,73.06,-30.27
2025-08-13T12:28:05.287028,-32.0,45.0,-8.0,-25.0,-59.0,-90.0,-53.0,39.0,25.0,-17.0,122.0,-42.0,-19.810000000000002,14.64,9.73,-35.33,-70.66,-56.34,-55.48,28.96,44.5,-5.18,80.06,-13.27
2025-08-13T12:28:05.294130,-50.0,27.0,-58.0,109.0,4.0,-21.0,20.0,18.0,-27.0,-56.0,45.0,-32.0,-37.81,-3.3599999999999994,-40.269999999999996,98.67,-7.66,12.659999999999997,17.52,7.960000000000001,-7.5,-44.18,3.0600000000000023,-3.2699999999999996
2025-08-13T12:28:05.298618,-23.0,10.0,-44.0,7.0,-12.0,-106.0,2.0,1.0,9.0,1.0,24.0,-63.0,-10.81,-20.36,-26.27,-3.33,-23.66,-72.34,-0.48,-9.04,28.5,12.82,-17.939999999999998,-34.269999999999996
2025-08-13T12:28:05.304803,3.0,11.0,-28.0,56.0,-22.0,-70.0,-58.0,-2.0,-38.0,37.0,77.0,-36.0,15.19,-19.36,-10.27,45.67,-33.66,-36.34,-60.48,-12.04,-18.5,48.82,35.06,-7.27
2025-08-13T12:28:05.310878,-2.0,60.0,-22.0,5.0,-10.0,-95.0,-5.0,68.0,-72.0,1.0,57.0,-39.0,10.19,29.64,-4.27,-5.33,-21.66,-61.34,-7.48,57.96,-52.5,12.82,15.060000000000002,-10.27
2025-08-13T12:28:05.316511,27.0,65.0,-38.0,-2.0,45.0,1.0,-24.0,8.0,-60.0,-24.0,61.0,-41.0,39.19,34.64,-20.27,-12.33,33.34,34.66,-26.48,-2.039999999999999,-40.5,-12.18,19.060000000000002,-12.27
2025-08-13T12:28:05.323266,-42.0,-7.0,14.0,-53.0,-29.0,-87.0,72.0,71.0,-5.0,-123.0,45.0,-42.0,-29.810000000000002,-37.36,31.73,-63.33,-40.66,-53.34,69.52,60.96,14.5,-111.18,3.0600000000000023,-13.27
2025-08-13T12:28:05.327551,-44.0,70.0,16.0,43.0,98.0,-74.0,45.0,38.0,-61.0,49.0,62.0,-59.0,-31.810000000000002,39.64,33.730000000000004,32.67,86.34,-40.34,42.52,27.96,-41.5,60.82,20.060000000000002,-30.27
2025-08-13T12:28:05.335564,-44.0,108.0,-55.0,30.0,2.0,11.0,26.0,-74.0,-26.0,-17.0,87.0,-50.0,-31.810000000000002,77.64,-37.269999999999996,19.67,-9.66,44.66,23.52,-84.03999999999999,-6.5,-5.18,45.06,-21.27
2025-08-13T12:28:05.341779,17.0,92.0,-77.0,-20.0,28.0,-46.0,-17.0,14.0,31.0,-10.0,49.0,7.0,29.189999999999998,61.64,-59.269999999999996,-30.33,16.34,-12.340000000000003,-19.48,3.960000000000001,50.5,1.8200000000000003,7.060000000000002,35.730000000000004
2025-08-13T12:28:05.347518,-26.0,2.0,-30.0,-63.0,14.0,-10.0,-17.0,9.0,-14.0,-1.0,23.0,-34.0,-13.81,-28.36,-12.27,-73.33,2.34,23.659999999999997,-19.48,-1.0399999999999991,5.5,10.82,-18.939999999999998,-5.27
2025-08-13T12:28:05.351995,46.0,45.0,-56.0,-83.0,-1.0,-82.0,-58.0,-48.0,-70.0,38.0,37.0,1.0,58.19,14.64,-38.269999999999996,-93.33,-12.66,-48.34,-60.48,-58.04,-50.5,49.82,-4.939999999999998,29.73
2025-08-13T12:28:05.359786,-26.0,76.0,-86.0,35.0,7.0,-55.0,-106.0,9.0,-23.0,-19.0,7.0,-81.0,-13.81,45.64,-68.27,24.67,-4.66,-21.340000000000003,-108.48,-1.0399999999999991,-3.5,-7.18,-34.94,-52.269999999999996
2025-08-13T12:28:05.364251,18.0,93.0,-76.0,-57.0,-14.0,-7.0,-32.0,51.0,-22.0,-68.0,23.0,16.0,30.189999999999998,62.64,-58.269999999999996,-67.33,-25.66,26.659999999999997,-34.48,40.96,-2.5,-56.18,-18.939999999999998,44.730000000000004
2025-08-13T12:28:05.372216,13.0,42.0,-30.0,5.0,3.0,-81.0,-9.0,26.0,38.0,-31.0,22.0,-35.0,25.189999999999998,11.64,-12.27,-5.33,-8.66,-47.34,-11.48,15.96,57.5,-19.18,-19.939999999999998,-6.27
2025-08-13T12:28:05.376288,-5.0,13.0,-59.0,30.0,43.0,-28.0,-39.0,-32.0,-29.0,6.0,38.0,22.0,7.1899999999999995,-17.36,-41.269999999999996,19.67,31.34,5.659999999999997,-41.48,-42.04,-9.5,17.82,-3.9399999999999977,50.730000000000004
2025-08-13T12:28:05.384334,43.0,11.0,-26.0,40.0,23.0,-127.0,-38.0,0.0,-48.0,-27.0,29.0,-62.0,55.19,-19.36,-8.27,29.67,11.34,-93.34,-40.48,-10.04,-28.5,-15.18,-12.939999999999998,-33.269999999999996
2025-08-13T12:28:05.388775,40.0,23.0,-75.0,48.0,42.0,-71.0,-70.0,33.0,-111.0,-26.0,25.0,-13.0,52.19,-7.359999999999999,-57.269999999999996,37.67,30.34,-37.34,-72.48,22.96,-91.5,-14.18,-16.939999999999998,15.73
2025-08-13T12:28:05.396643,16.0,-82.0,-41.0,84.0,-12.0,19.0,33.0,-48.0,-19.0,4.0,31.0,-130.0,28.189999999999998,-112.36,-23.27,73.67,-23.66,52.66,30.52,-58.04,0.5,15.82,-10.939999999999998,-101.27
2025-08-13T12:28:05.400937,35.0,122.0,-6.0,47.0,38.0,-45.0,-10.0,-39.0,-1.0,14.0,62.0,-65.0,47.19,91.64,11.73,36.67,26.34,-11.340000000000003,-12.48,-49.04,18.5,25.82,20.060000000000002,-36.269999999999996
2025-08-13T12:28:05.409431,-66.0,109.0,-33.0,3.0,-23.0,-71.0,-47.0,39.0,-47.0,-37.0,45.0,-8.0,-53.81,78.64,-15.27,-7.33,-34.66,-37.34,-49.48,28.96,-27.5,-25.18,3.0600000000000023,20.73
2025-08-13T12:28:05.413692,-22.0,40.0,-26.0,-10.0,19.0,-76.0,12.0,-36.0,12.0,16.0,36.0,-9.0,-9.81,9.64,-8.27,-20.33,7.34,-42.34,9.52,-46.04,31.5,27.82,-5.939999999999998,19.73
2025-08-13T12:28:05.421755,-60.0,96.0,-15.0,-31.0,50.0,-16.0,-4.0,1.0,-2.0,19.0,105.0,-21.0,-47.81,65.64,2.7300000000000004,-41.33,38.34,17.659999999999997,-6.48,-9.04,17.5,30.82,63.06,7.73
2025-08-13T12:28:05.425829,-122.0,24.0,-11.0,37.0,-30.0,-68.0,-52.0,-7.0,-41.0,-23.0,-12.0,-29.0,-109.81,-6.359999999999999,6.73,26.67,-41.66,-34.34,-54.48,-17.04,-21.5,-11.18,-53.94,-0.2699999999999996
2025-08-13T12:28:05.433753,-17.0,45.0,-6.0,26.0,-46.0,-82.0,-5.0,6.0,40.0,-15.0,33.0,12.0,-4.8100000000000005,14.64,11.73,15.67,-57.66,-48.34,-7.48,-4.039999999999999,59.5,-3.1799999999999997,-8.939999999999998,40.730000000000004
2025-08-13T12:28:05.438066,-7.0,23.0,-98.0,25.0,56.0,-39.0,-32.0,27.0,32.0,-2.0,36.0,19.0,5.1899999999999995,-7.359999999999999,-80.27,14.67,44.34,-5.340000000000003,-34.48,16.96,51.5,9.82,-5.939999999999998,47.730000000000004
2025-08-13T12:28:05.445899,10.0,98.0,-34.0,49.0,8.0,-70.0,-32.0,49.0,10.0,17.0,45.0,-48.0,22.189999999999998,67.64,-16.27,38.67,-3.66,-36.34,-34.48,38.96,29.5,28.82,3.0600000000000023,-19.27
2025-08-13T12:28:05.451699,-18.0,127.0,-98.0,-12.0,16.0,-34.0,7.0,45.0,-27.0,61.0,9.0,-51.0,-5.8100000000000005,96.64,-80.27,-22.33,4.34,-0.3400000000000034,4.52,34.96,-7.5,72.82,-32.94,-22.27
2025-08-13T12:28:05.458355,34.0,48.0,-36.0,6.0,90.0,-49.0,-64.0,37.0,-37.0,34.0,22.0,22.0,46.19,17.64,-18.27,-4.33,78.34,-15.340000000000003,-66.48,26.96,-17.5,45.82,-19.939999999999998,50.730000000000004
2025-08-13T12:28:05.462517,-12.0,69.0,4.0,112.0,15.0,-35.0,54.0,-19.0,-28.0,-16.0,7.0,-26.0,0.1899999999999995,38.64,21.73,101.67,3.34,-1.3400000000000034,51.52,-29.04,-8.5,-4.18,-34.94,2.7300000000000004
2025-08-13T12:28:05.470769,58.0,42.0,-133.0,-18.0,26.0,-18.0,91.0,-3.0,-70.0,-72.0,64.0,-6.0,70.19,11.64,-115.27,-28.33,14.34,15.659999999999997,88.52,-13.04,-50.5,-60.18,22.060000000000002,22.73
2025-08-13T12:28:05.475320,-13.0,-21.0,-63.0,51.0,-23.0,-50.0,2.0,12.0,1.0,-74.0,93.0,-97.0,-0.8100000000000005,-51.36,-45.269999999999996,40.67,-34.66,-16.340000000000003,-0.48,1.9600000000000009,20.5,-62.18,51.06,-68.27
2025-08-13T12:28:05.483021,22.0,14.0,-50.0,-7.0,-53.0,-52.0,22.0,4.0,-12.0,-41.0,121.0,-34.0,34.19,-16.36,-32.269999999999996,-17.33,-64.66,-18.340000000000003,19.52,-6.039999999999999,7.5,-29.18,79.06,-5.27
2025-08-13T12:28:05.487112,-24.0,26.0,-22.0,6.0,-45.0,-82.0,33.0,-9.0,-24.0,10.0,86.0,-79.0,-11.81,-4.359999999999999,-4.27,-4.33,-56.66,-48.34,30.52,-19.04,-4.5,21.82,44.06,-50.269999999999996
2025-08-13T12:28:05.492304,37.0,4.0,-15.0,3.0,19.0,-12.0,-9.0,-69.0,-58.0,60.0,67.0,-75.0,49.19,-26.36,2.7300000000000004,-7.33,7.34,21.659999999999997,-11.48,-79.03999999999999,-38.5,71.82,25.060000000000002,-46.269999999999996
2025-08-13T12:28:05.499285,22.0,-22.0,-48.0,-1.0,47.0,-46.0,88.0,-80.0,-93.0,30.0,43.0,-22.0,34.19,-52.36,-30.27,-11.33,35.34,-12.340000000000003,85.52,-90.03999999999999,-73.5,41.82,1.0600000000000023,6.73
2025-08-13T12:28:05.505336,65.0,19.0,8.0,-44.0,-13.0,-30.0,73.0,30.0,4.0,-87.0,86.0,-58.0,77.19,-11.36,25.73,-54.33,-24.66,3.6599999999999966,70.52,19.96,23.5,-75.18,44.06,-29.27
2025-08-13T12:28:05.511798,24.0,55.0,8.0,-74.0,23.0,-83.0,-33.0,-12.0,-25.0,-24.0,-2.0,-40.0,36.19,24.64,25.73,-84.33,11.34,-49.34,-35.48,-22.04,-5.5,-12.18,-43.94,-11.27
2025-08-13T12:28:05.519388,-10.0,-12.0,-28.0,-43.0,-6.0,-123.0,-31.0,28.0,-27.0,-67.0,31.0,-50.0,2.1899999999999995,-42.36,-10.27,-53.33,-17.66,-89.34,-33.48,17.96,-7.5,-55.18,-10.939999999999998,-21.27
2025-08-13T12:28:05.523932,-60.0,-2.0,-73.0,41.0,-4.0,-83.0,30.0,38.0,-32.0,9.0,26.0,-61.0,-47.81,-32.36,-55.269999999999996,30.67,-15.66,-49.34,27.52,27.96,-12.5,20.82,-15.939999999999998,-32.269999999999996
2025-08-13T12:28:05.530138,1.0,-17.0,46.0,4.0,17.0,-40.0,-33.0,-42.0,-18.0,-3.0,117.0,-35.0,13.19,-47.36,63.730000000000004,-6.33,5.34,-6.340000000000003,-35.48,-52.04,1.5,8.82,75.06,-6.27
2025-08-13T12:28:05.536780,-3.0,-24.0,10.0,9.0,-31.0,-36.0,83.0,64.0,-69.0,-17.0,56.0,-12.0,9.19,-54.36,27.73,-1.33,-42.66,-2.3400000000000034,80.52,53.96,-49.5,-5.18,14.060000000000002,16.73
2025-08-13T12:28:05.542158,-116.0,25.0,-36.0,-5.0,42.0,4.0,-36.0,-31.0,-9.0,14.0,55.0,-34.0,-103.81,-5.359999999999999,-18.27,-15.33,30.34,37.66,-38.48,-41.04,10.5,25.82,13.060000000000002,-5.27
2025-08-13T12:28:05.549191,-54.0,36.0,-20.0,8.0,29.0,-62.0,-6.0,2.0,-24.0,9.0,34.0,24.0,-41.81,5.640000000000001,-2.2699999999999996,-2.33,17.34,-28.340000000000003,-8.48,-8.04,-4.5,20.82,-7.939999999999998,52.730000000000004
2025-08-13T12:28:05.554209,-9.0,19.0,-35.0,46.0,-27.0,-28.0,66.0,49.0,-101.0,-48.0,42.0,-75.0,3.1899999999999995,-11.36,-17.27,35.67,-38.66,5.659999999999997,63.52,38.96,-81.5,-36.18,0.060000000000002274,-46.269999999999996
2025-08-13T12:28:05.560646,-62.0,57.0,-9.0,16.0,-11.0,-82.0,58.0,39.0,-16.0,-49.0,195.0,-53.0,-49.81,26.64,8.73,5.67,-22.66,-48.34,55.52,28.96,3.5,-37.18,153.06,-24.27
2025-08-13T12:28:05.565773,38.0,-13.0,-110.0,-38.0,69.0,-73.0,8.0,-39.0,-45.0,-13.0,53.0,-52.0,50.19,-43.36,-92.27,-48.33,57.34,-39.34,5.52,-49.04,-25.5,-1.1799999999999997,11.060000000000002,-23.27
2025-08-13T12:28:05.573204,35.0,49.0,-43.0,-23.0,-46.0,-12.0,-32.0,22.0,-40.0,23.0,10.0,-66.0,47.19,18.64,-25.27,-33.33,-57.66,21.659999999999997,-34.48,11.96,-20.5,34.82,-31.939999999999998,-37.269999999999996
2025-08-13T12:28:05.578056,-3.0,46.0,-19.0,-36.0,-34.0,-90.0,53.0,44.0,-36.0,59.0,123.0,7.0,9.19,15.64,-1.2699999999999996,-46.33,-45.66,-56.34,50.52,33.96,-16.5,70.82,81.06,35.730000000000004
2025-08-13T12:28:05.585397,2.0,77.0,-68.0,43.0,24.0,-63.0,-9.0,0.0,-61.0,7.0,18.0,24.0,14.19,46.64,-50.269999999999996,32.67,12.34,-29.340000000000003,-11.48,-10.04,-41.5,18.82,-23.939999999999998,52.730000000000004
2025-08-13T12:28:05.589648,4.0,56.0,-43.0,67.0,-17.0,-31.0,-10.0,-32.0,8.0,-55.0,2.0,-61.0,16.189999999999998,25.64,-25.27,56.67,-28.66,2.6599999999999966,-12.48,-42.04,27.5,-43.18,-39.94,-32.269999999999996
2025-08-13T12:28:05.597497,-19.0,-45.0,-77.0,-33.0,19.0,-2.0,-30.0,15.0,-20.0,-41.0,-2.0,-54.0,-6.8100000000000005,-75.36,-59.269999999999996,-43.33,7.34,31.659999999999997,-32.48,4.960000000000001,-0.5,-29.18,-43.94,-25.27
2025-08-13T12:28:05.603345,17.0,46.0,-50.0,10.0,-26.0,-55.0,9.0,56.0,-81.0,-66.0,47.0,-108.0,29.189999999999998,15.64,-32.269999999999996,-0.33000000000000007,-37.66,-21.340000000000003,6.52,45.96,-61.5,-54.18,5.060000000000002,-79.27
2025-08-13T12:28:05.609718,18.0,19.0,-95.0,-49.0,-22.0,-76.0,-18.0,44.0,-27.0,-56.0,47.0,-16.0,30.189999999999998,-11.36,-77.27,-59.33,-33.66,-42.34,-20.48,33.96,-7.5,-44.18,5.060000000000002,12.73
2025-08-13T12:28:05.615545,53.0,39.0,16.0,-16.0,36.0,-19.0,21.0,23.0,-2.0,6.0,61.0,-11.0,65.19,8.64,33.730000000000004,-26.33,24.34,14.659999999999997,18.52,12.96,17.5,17.82,19.060000000000002,17.73
2025-08-13T12:28:05.622405,-19.0,-1.0,47.0,8.0,-13.0,-83.0,76.0,68.0,15.0,-52.0,10.0,-1.0,-6.8100000000000005,-31.36,64.73,-2.33,-24.66,-49.34,73.52,57.96,34.5,-40.18,-31.939999999999998,27.73
2025-08-13T12:28:05.626472,9.0,46.0,-21.0,3.0,-21.0,22.0,72.0,50.0,21.0,-42.0,49.0,-50.0,21.189999999999998,15.64,-3.2699999999999996,-7.33,-32.66,55.66,69.52,39.96,40.5,-30.18,7.060000000000002,-21.27
2025-08-13T12:28:05.634098,-24.0,-6.0,32.0,5.0,-48.0,-9.0,-51.0,-22.0,-17.0,-36.0,-4.0,-63.0,-11.81,-36.36,49.730000000000004,-5.33,-59.66,24.659999999999997,-53.48,-32.04,2.5,-24.18,-45.94,-34.269999999999996
2025-08-13T12:28:05.640003,33.0,41.0,-28.0,45.0,-44.0,-40.0,54.0,16.0,-23.0,2.0,53.0,-25.0,45.19,10.64,-10.27,34.67,-55.66,-6.340000000000003,51.52,5.960000000000001,-3.5,13.82,11.060000000000002,3.7300000000000004
2025-08-13T12:28:05.646412,-40.0,10.0,26.0,10.0,8.0,-14.0,-65.0,0.0,-20.0,-24.0,2.0,-94.0,-27.810000000000002,-20.36,43.730000000000004,-0.33000000000000007,-3.66,19.659999999999997,-67.48,-10.04,-0.5,-12.18,-39.94,-65.27
2025-08-13T12:28:05.651344,-12.0,-4.0,-35.0,-25.0,20.0,-33.0,-11.0,-50.0,5.0,-28.0,57.0,-79.0,0.1899999999999995,-34.36,-17.27,-35.33,8.34,0.6599999999999966,-13.48,-60.04,24.5,-16.18,15.060000000000002,-50.269999999999996
2025-08-13T12:28:05.656278,-97.0,4.0,3.0,16.0,-22.0,-57.0,-33.0,1.0,8.0,-15.0,-5.0,-72.0,-84.81,-26.36,20.73,5.67,-33.66,-23.340000000000003,-35.48,-9.04,27.5,-3.1799999999999997,-46.94,-43.269999999999996
2025-08-13T12:28:05.664234,-58.0,-31.0,25.0,73.0,36.0,-60.0,-47.0,84.0,-27.0,-8.0,35.0,0.0,-45.81,-61.36,42.730000000000004,62.67,24.34,-26.340000000000003,-49.48,73.96000000000001,-7.5,3.8200000000000003,-6.939999999999998,28.73
2025-08-13T12:28:05.669367,-50.0,-12.0,-19.0,15.0,-29.0,-21.0,-55.0,21.0,23.0,2.0,-18.0,-76.0,-37.81,-42.36,-1.2699999999999996,4.67,-40.66,12.659999999999997,-57.48,10.96,42.5,13.82,-59.94,-47.269999999999996
2025-08-13T12:28:05.675259,-50.0,37.0,70.0,45.0,-5.0,-58.0,-49.0,54.0,4.0,41.0,77.0,-70.0,-37.81,6.640000000000001,87.73,34.67,-16.66,-24.340000000000003,-51.48,43.96,23.5,52.82,35.06,-41.269999999999996
2025-08-13T12:28:05.683853,-30.0,-1.0,-8.0,-16.0,47.0,-10.0,-31.0,9.0,-41.0,-7.0,37.0,-23.0,-17.810000000000002,-31.36,9.73,-26.33,35.34,23.659999999999997,-33.48,-1.0399999999999991,-21.5,4.82,-4.939999999999998,5.73
2025-08-13T12:28:05.691394,43.0,54.0,40.0,-40.0,84.0,-46.0,29.0,59.0,17.0,1.0,55.0,-56.0,55.19,23.64,57.730000000000004,-50.33,72.34,-12.340000000000003,26.52,48.96,36.5,12.82,13.060000000000002,-27.27
2025-08-13T12:28:05.699232,-35.0,13.0,-23.0,-18.0,43.0,4.0,-41.0,-6.0,-84.0,11.0,15.0,-28.0,-22.810000000000002,-17.36,-5.27,-28.33,31.34,37.66,-43.48,-16.04,-64.5,22.82,-26.939999999999998,0.7300000000000004
2025-08-13T12:28:05.704469,-31.0,42.0,49.0,-11.0,14.0,-46.0,-21.0,17.0,-21.0,19.0,57.0,25.0,-18.810000000000002,11.64,66.73,-21.33,2.34,-12.340000000000003,-23.48,6.960000000000001,-1.5,30.82,15.060000000000002,53.730000000000004
2025-08-13T12:28:05.708515,-80.0,-1.0,-20.0,-7.0,27.0,-38.0,56.0,20.0,-53.0,-83.0,12.0,-82.0,-67.81,-31.36,-2.2699999999999996,-17.33,15.34,-4.340000000000003,53.52,9.96,-33.5,-71.18,-29.939999999999998,-53.269999999999996
2025-08-13T12:28:05.712385,-1.0,53.0,-83.0,-26.0,20.0,7.0,20.0,2.0,-55.0,-30.0,-53.0,18.0,11.19,22.64,-65.27,-36.33,8.34,40.66,17.52,-8.04,-35.5,-18.18,-94.94,46.730000000000004
2025-08-13T12:28:05.716215,-82.0,71.0,-112.0,-71.0,17.0,-23.0,25.0,1.0,-39.0,-51.0,-3.0,-3.0,-69.81,40.64,-94.27,-81.33,5.34,10.659999999999997,22.52,-9.04,-19.5,-39.18,-44.94,25.73
2025-08-13T12:28:05.724355,-39.0,15.0,5.0,-1.0,11.0,-27.0,83.0,57.0,-20.0,-55.0,41.0,19.0,-26.810000000000002,-15.36,22.73,-11.33,-0.6600000000000001,6.659999999999997,80.52,46.96,-0.5,-43.18,-0.9399999999999977,47.730000000000004
2025-08-13T12:28:05.728554,-63.0,-11.0,-77.0,-36.0,97.0,2.0,81.0,26.0,-20.0,-62.0,-25.0,44.0,-50.81,-41.36,-59.269999999999996,-46.33,85.34,35.66,78.52,15.96,-0.5,-50.18,-66.94,72.73
2025-08-13T12:28:05.736515,-39.0,32.0,4.0,38.0,19.0,26.0,25.0,10.0,4.0,-32.0,14.0,-33.0,-26.810000000000002,1.6400000000000006,21.73,27.67,7.34,59.66,22.52,-0.03999999999999915,23.5,-20.18,-27.939999999999998,-4.27
2025-08-13T12:28:05.740832,11.0,53.0,-124.0,-3.0,-44.0,20.0,66.0,8.0,-52.0,-15.0,24.0,-11.0,23.189999999999998,22.64,-106.27,-13.33,-55.66,53.66,63.52,-2.039999999999999,-32.5,-3.1799999999999997,-17.939999999999998,17.73
2025-08-13T12:28:05.748987,-35.0,18.0,-8.0,76.0,10.0,-25.0,-18.0,3.0,-1.0,-71.0,24.0,-23.0,-22.810000000000002,-12.36,9.73,65.67,-1.6600000000000001,8.659999999999997,-20.48,-7.039999999999999,18.5,-59.18,-17.939999999999998,5.73
2025-08-13T12:28:05.752955,-57.0,35.0,-16.0,48.0,-1.0,-95.0,-13.0,-29.0,0.0,-58.0,58.0,-30.0,-44.81,4.640000000000001,1.7300000000000004,37.67,-12.66,-61.34,-15.48,-39.04,19.5,-46.18,16.060000000000002,-1.2699999999999996
2025-08-13T12:28:05.761082,4.0,59.0,-33.0,46.0,-90.0,-8.0,11.0,-12.0,-15.0,-62.0,39.0,14.0,16.189999999999998,28.64,-15.27,35.67,-101.66,25.659999999999997,8.52,-22.04,4.5,-50.18,-2.9399999999999977,42.730000000000004
2025-08-13T12:28:05.765546,-18.0,28.0,-13.0,26.0,56.0,-67.0,-41.0,23.0,-25.0,-37.0,-4.0,-23.0,-5.8100000000000005,-2.3599999999999994,4.73,15.67,44.34,-33.34,-43.48,12.96,-5.5,-25.18,-45.94,5.73
2025-08-13T12:28:05.773268,-65.0,32.0,-10.0,51.0,10.0,31.0,13.0,39.0,4.0,-59.0,55.0,18.0,-52.81,1.6400000000000006,7.73,40.67,-1.6600000000000001,64.66,10.52,28.96,23.5,-47.18,13.060000000000002,46.730000000000004
2025-08-13T12:28:05.777760,-5.0,-1.0,-19.0,-11.0,-20.0,-55.0,-11.0,55.0,-25.0,-35.0,-35.0,-27.0,7.1899999999999995,-31.36,-1.2699999999999996,-21.33,-31.66,-21.340000000000003,-13.48,44.96,-5.5,-23.18,-76.94,1.7300000000000004
2025-08-13T12:28:05.785729,-14.0,48.0,-14.0,60.0,-50.0,-38.0,-69.0,-29.0,-4.0,4.0,40.0,8.0,-1.8100000000000005,17.64,3.7300000000000004,49.67,-61.66,-4.340000000000003,-71.48,-39.04,15.5,15.82,-1.9399999999999977,36.730000000000004
2025-08-13T12:28:05.790141,1.0,27.0,28.0,99.0,-38.0,-39.0,27.0,23.0,-56.0,-22.0,17.0,-135.0,13.19,-3.3599999999999994,45.730000000000004,88.67,-49.66,-5.340000000000003,24.52,12.96,-36.5,-10.18,-24.939999999999998,-106.27
2025-08-13T12:28:05.797960,51.0,21.0,26.0,3.0,-15.0,-72.0,27.0,48.0,-31.0,-8.0,-14.0,-16.0,63.19,-9.36,43.730000000000004,-7.33,-26.66,-38.34,24.52,37.96,-11.5,3.8200000000000003,-55.94,12.73
2025-08-13T12:28:05.802507,27.0,112.0,-23.0,3.0,53.0,-37.0,72.0,-3.0,-51.0,-7.0,-10.0,13.0,39.19,81.64,-5.27,-7.33,41.34,-3.3400000000000034,69.52,-13.04,-31.5,4.82,-51.94,41.730000000000004
2025-08-13T12:28:05.810357,60.0,63.0,7.0,-30.0,51.0,16.0,-21.0,-14.0,-8.0,14.0,3.0,74.0,72.19,32.64,24.73,-40.33,39.34,49.66,-23.48,-24.04,11.5,25.82,-38.94,102.73
2025-08-13T12:28:05.818970,3.0,70.0,26.0,-87.0,9.0,-24.0,52.0,5.0,-12.0,77.0,73.0,-37.0,15.19,39.64,43.730000000000004,-97.33,-2.66,9.659999999999997,49.52,-5.039999999999999,7.5,88.82,31.060000000000002,-8.27
2025-08-13T12:28:05.827253,30.0,31.0,22.0,48.0,65.0,-21.0,52.0,-42.0,-28.0,-59.0,-18.0,2.0,42.19,0.6400000000000006,39.730000000000004,37.67,53.34,12.659999999999997,49.52,-52.04,-8.5,-47.18,-59.94,30.73
2025-08-13T12:28:05.832996,-48.0,-3.0,12.0,-26.0,-60.0,2.0,13.0,-30.0,16.0,-106.0,42.0,-6.0,-35.81,-33.36,29.73,-36.33,-71.66,35.66,10.52,-40.04,35.5,-94.18,0.060000000000002274,22.73
2025-08-13T12:28:05.838369,-48.0,6.0,25.0,50.0,29.0,-10.0,-12.0,-24.0,-37.0,-48.0,42.0,-77.0,-35.81,-24.36,42.730000000000004,39.67,17.34,23.659999999999997,-14.48,-34.04,-17.5,-36.18,0.060000000000002274,-48.269999999999996
2025-08-13T12:28:05.843366,3.0,-1.0,-3.0,35.0,-50.0,-76.0,-48.0,80.0,37.0,4.0,-7.0,-77.0,15.19,-31.36,14.73,24.67,-61.66,-42.34,-50.48,69.96000000000001,56.5,15.82,-48.94,-48.269999999999996
2025-08-13T12:28:05.846842,-78.0,11.0,36.0,14.0,2.0,-74.0,-14.0,20.0,-44.0,36.0,-22.0,-39.0,-65.81,-19.36,53.730000000000004,3.67,-9.66,-40.34,-16.48,9.96,-24.5,47.82,-63.94,-10.27
2025-08-13T12:28:05.851287,-19.0,48.0,32.0,49.0,4.0,-38.0,6.0,72.0,-8.0,-56.0,-13.0,-29.0,-6.8100000000000005,17.64,49.730000000000004,38.67,-7.66,-4.340000000000003,3.52,61.96,11.5,-44.18,-54.94,-0.2699999999999996
2025-08-13T12:28:05.855654,-41.0,34.0,-10.0,-3.0,8.0,-38.0,-8.0,56.0,3.0,-59.0,77.0,-26.0,-28.810000000000002,3.6400000000000006,7.73,-13.33,-3.66,-4.340000000000003,-10.48,45.96,22.5,-47.18,35.06,2.7300000000000004
2025-08-13T12:28:05.863586,-20.0,26.0,-47.0,-4.0,-40.0,-77.0,44.0,32.0,-40.0,-16.0,36.0,-58.0,-7.8100000000000005,-4.359999999999999,-29.27,-14.33,-51.66,-43.34,41.52,21.96,-20.5,-4.18,-5.939999999999998,-29.27
2025-08-13T12:28:05.868083,-27.0,-58.0,29.0,27.0,64.0,-47.0,-14.0,35.0,-45.0,-58.0,-3.0,-52.0,-14.81,-88.36,46.730000000000004,16.67,52.34,-13.340000000000003,-16.48,24.96,-25.5,-46.18,-44.94,-23.27
2025-08-13T12:28:05.875804,-54.0,40.0,37.0,34.0,-10.0,-38.0,-14.0,49.0,-61.0,-38.0,73.0,-52.0,-41.81,9.64,54.730000000000004,23.67,-21.66,-4.340000000000003,-16.48,38.96,-41.5,-26.18,31.060000000000002,-23.27
2025-08-13T12:28:05.880204,-21.0,36.0,-13.0,31.0,39.0,-116.0,-3.0,18.0,-23.0,10.0,46.0,-77.0,-8.81,5.640000000000001,4.73,20.67,27.34,-82.34,-5.48,7.960000000000001,-3.5,21.82,4.060000000000002,-48.269999999999996
2025-08-13T12:28:05.887994,52.0,62.0,-67.0,48.0,84.0,-75.0,16.0,-4.0,24.0,3.0,40.0,-54.0,64.19,31.64,-49.269999999999996,37.67,72.34,-41.34,13.52,-14.04,43.5,14.82,-1.9399999999999977,-25.27
2025-08-13T12:28:05.892318,43.0,52.0,-64.0,29.0,30.0,-20.0,-18.0,-39.0,-37.0,-21.0,20.0,-98.0,55.19,21.64,-46.269999999999996,18.67,18.34,13.659999999999997,-20.48,-49.04,-17.5,-9.18,-21.939999999999998,-69.27
2025-08-13T12:28:05.900292,-9.0,-16.0,-37.0,33.0,-17.0,-75.0,-40.0,33.0,25.0,3.0,46.0,-20.0,3.1899999999999995,-46.36,-19.27,22.67,-28.66,-41.34,-42.48,22.96,44.5,14.82,4.060000000000002,8.73
2025-08-13T12:28:05.904692,-22.0,0.0,-42.0,67.0,46.0,-50.0,-18.0,26.0,5.0,-39.0,59.0,-43.0,-9.81,-30.36,-24.27,56.67,34.34,-16.340000000000003,-20.48,15.96,24.5,-27.18,17.060000000000002,-14.27
2025-08-13T12:28:05.912676,-76.0,22.0,34.0,-36.0,-25.0,-60.0,-28.0,53.0,-62.0,20.0,47.0,-22.0,-63.81,-8.36,51.730000000000004,-46.33,-36.66,-26.340000000000003,-30.48,42.96,-42.5,31.82,5.060000000000002,6.73
2025-08-13T12:28:05.917156,-49.0,-55.0,52.0,-1.0,15.0,-80.0,-1.0,11.0,-60.0,-14.0,39.0,-67.0,-36.81,-85.36,69.73,-11.33,3.34,-46.34,-3.48,0.9600000000000009,-40.5,-2.1799999999999997,-2.9399999999999977,-38.269999999999996
2025-08-13T12:28:05.924949,-21.0,26.0,35.0,-20.0,16.0,-27.0,31.0,43.0,-11.0,-41.0,50.0,-1.0,-8.81,-4.359999999999999,52.730000000000004,-30.33,4.34,6.659999999999997,28.52,32.96,8.5,-29.18,8.060000000000002,27.73
2025-08-13T12:28:05.929266,-53.0,37.0,61.0,64.0,23.0,-34.0,-20.0,92.0,-66.0,-47.0,13.0,-41.0,-40.81,6.640000000000001,78.73,53.67,11.34,-0.3400000000000034,-22.48,81.96000000000001,-46.5,-35.18,-28.939999999999998,-12.27
2025-08-13T12:28:05.937215,2.0,25.0,-78.0,34.0,12.0,-66.0,-39.0,-7.0,54.0,-38.0,0.0,-55.0,14.19,-5.359999999999999,-60.269999999999996,23.67,0.33999999999999986,-32.34,-41.48,-17.04,73.5,-26.18,-41.94,-26.27
2025-08-13T12:28:05.941552,-91.0,5.0,-16.0,-9.0,43.0,-31.0,4.0,-28.0,-40.0,15.0,85.0,-120.0,-78.81,-25.36,1.7300000000000004,-19.33,31.34,2.6599999999999966,1.52,-38.04,-20.5,26.82,43.06,-91.27
2025-08-13T12:28:05.949517,-81.0,-13.0,-10.0,50.0,23.0,-44.0,63.0,72.0,13.0,1.0,51.0,-76.0,-68.81,-43.36,7.73,39.67,11.34,-10.340000000000003,60.52,61.96,32.5,12.82,9.060000000000002,-47.269999999999996
2025-08-13T12:28:05.953823,-84.0,19.0,-24.0,-51.0,-28.0,-39.0,23.0,16.0,-10.0,-8.0,43.0,17.0,-71.81,-11.36,-6.27,-61.33,-39.66,-5.340000000000003,20.52,5.960000000000001,9.5,3.8200000000000003,1.0600000000000023,45.730000000000004
2025-08-13T12:28:05.961826,-13.0,63.0,-30.0,-7.0,-40.0,-17.0,19.0,-31.0,63.0,-32.0,-25.0,38.0,-0.8100000000000005,32.64,-12.27,-17.33,-51.66,16.659999999999997,16.52,-41.04,82.5,-20.18,-66.94,66.73
2025-08-13T12:28:05.966154,-5.0,21.0,-31.0,-4.0,48.0,-70.0,24.0,34.0,-55.0,-22.0,84.0,-8.0,7.1899999999999995,-9.36,-13.27,-14.33,36.34,-36.34,21.52,23.96,-35.5,-10.18,42.06,20.73
2025-08-13T12:28:05.974117,-10.0,18.0,-74.0,26.0,19.0,-2.0,6.0,48.0,33.0,10.0,72.0,-25.0,2.1899999999999995,-12.36,-56.269999999999996,15.67,7.34,31.659999999999997,3.52,37.96,52.5,21.82,30.060000000000002,3.7300000000000004
2025-08-13T12:28:05.978979,24.0,119.0,-24.0,-14.0,91.0,-37.0,39.0,29.0,-1.0,-67.0,77.0,-10.0,36.19,88.64,-6.27,-24.33,79.34,-3.3400000000000034,36.52,18.96,18.5,-55.18,35.06,18.73
2025-08-13T12:28:05.989621,-14.0,-35.0,-66.0,25.0,-8.0,-6.0,-3.0,19.0,-58.0,-10.0,46.0,7.0,-1.8100000000000005,-65.36,-48.269999999999996,14.67,-19.66,27.659999999999997,-5.48,8.96,-38.5,1.8200000000000003,4.060000000000002,35.730000000000004
2025-08-13T12:28:05.997543,-7.0,22.0,-6.0,-6.0,26.0,49.0,6.0,7.0,-74.0,-15.0,114.0,-32.0,5.1899999999999995,-8.36,11.73,-16.33,14.34,82.66,3.52,-3.039999999999999,-54.5,-3.1799999999999997,72.06,-3.2699999999999996
2025-08-13T12:28:06.002769,8.0,-10.0,-71.0,-37.0,-4.0,-62.0,44.0,-21.0,-3.0,-108.0,56.0,-65.0,20.189999999999998,-40.36,-53.269999999999996,-47.33,-15.66,-28.340000000000003,41.52,-31.04,16.5,-96.18,14.060000000000002,-36.269999999999996
2025-08-13T12:28:06.007494,25.0,16.0,-37.0,1.0,21.0,-55.0,-4.0,8.0,-35.0,-66.0,59.0,-44.0,37.19,-14.36,-19.27,-9.33,9.34,-21.340000000000003,-6.48,-2.039999999999999,-15.5,-54.18,17.060000000000002,-15.27
2025-08-13T12:28:06.010525,6.0,7.0,-57.0,53.0,0.0,-24.0,8.0,39.0,-5.0,-53.0,54.0,24.0,18.189999999999998,-23.36,-39.269999999999996,42.67,-11.66,9.659999999999997,5.52,28.96,14.5,-41.18,12.060000000000002,52.730000000000004
2025-08-13T12:28:06.015187,-12.0,10.0,-123.0,-31.0,-32.0,-78.0,-56.0,-63.0,-24.0,2.0,102.0,-18.0,0.1899999999999995,-20.36,-105.27,-41.33,-43.66,-44.34,-58.48,-73.03999999999999,-4.5,13.82,60.06,10.73
2025-08-13T12:28:06.023171,-23.0,25.0,-1.0,-26.0,-12.0,-97.0,5.0,2.0,-94.0,-29.0,121.0,-62.0,-10.81,-5.359999999999999,16.73,-36.33,-23.66,-63.34,2.52,-8.04,-74.5,-17.18,79.06,-33.269999999999996
2025-08-13T12:28:06.027424,-7.0,-16.0,-7.0,61.0,24.0,1.0,57.0,24.0,-39.0,7.0,96.0,-60.0,5.1899999999999995,-46.36,10.73,50.67,12.34,34.66,54.52,13.96,-19.5,18.82,54.06,-31.27
2025-08-13T12:28:06.032315,49.0,7.0,44.0,-12.0,54.0,-34.0,-16.0,-2.0,-49.0,-9.0,49.0,-15.0,61.19,-23.36,61.730000000000004,-22.33,42.34,-0.3400000000000034,-18.48,-12.04,-29.5,2.8200000000000003,7.060000000000002,13.73
2025-08-13T12:28:06.039781,-34.0,-37.0,-21.0,0.0,73.0,-5.0,-6.0,13.0,-16.0,-32.0,50.0,-74.0,-21.810000000000002,-67.36,-3.2699999999999996,-10.33,61.34,28.659999999999997,-8.48,2.960000000000001,3.5,-20.18,8.060000000000002,-45.269999999999996
2025-08-13T12:28:06.044507,-1.0,-56.0,-8.0,49.0,13.0,-36.0,49.0,12.0,-17.0,-82.0,56.0,-68.0,11.19,-86.36,9.73,38.67,1.3399999999999999,-2.3400000000000034,46.52,1.9600000000000009,2.5,-70.18,14.060000000000002,-39.269999999999996
2025-08-13T12:28:06.052155,-23.0,19.0,-19.0,47.0,-36.0,-10.0,-35.0,21.0,-40.0,-40.0,42.0,-66.0,-10.81,-11.36,-1.2699999999999996,36.67,-47.66,23.659999999999997,-37.48,10.96,-20.5,-28.18,0.060000000000002274,-37.269999999999996
2025-08-13T12:28:06.056778,-8.0,-34.0,-13.0,16.0,-34.0,-49.0,54.0,13.0,-52.0,-38.0,67.0,-8.0,4.1899999999999995,-64.36,4.73,5.67,-45.66,-15.340000000000003,51.52,2.960000000000001,-32.5,-26.18,25.060000000000002,20.73
2025-08-13T12:28:06.064291,-38.0,32.0,-26.0,58.0,23.0,-18.0,25.0,-22.0,4.0,4.0,18.0,-2.0,-25.810000000000002,1.6400000000000006,-8.27,47.67,11.34,15.659999999999997,22.52,-32.04,23.5,15.82,-23.939999999999998,26.73
2025-08-13T12:28:06.070555,-26.0,15.0,-37.0,50.0,38.0,-18.0,33.0,29.0,-67.0,0.0,-4.0,-24.0,-13.81,-15.36,-19.27,39.67,26.34,15.659999999999997,30.52,18.96,-47.5,11.82,-45.94,4.73
2025-08-13T12:28:06.076610,-46.0,54.0,22.0,20.0,24.0,-7.0,111.0,44.0,-32.0,-14.0,3.0,-53.0,-33.81,23.64,39.730000000000004,9.67,12.34,26.659999999999997,108.52,33.96,-12.5,-2.1799999999999997,-38.94,-24.27
2025-08-13T12:28:06.083317,-39.0,36.0,-48.0,32.0,37.0,-58.0,-10.0,30.0,-56.0,28.0,-20.0,-59.0,-26.810000000000002,5.640000000000001,-30.27,21.67,25.34,-24.340000000000003,-12.48,19.96,-36.5,39.82,-61.94,-30.27
2025-08-13T12:28:06.088801,-8.0,27.0,-31.0,-11.0,-31.0,1.0,-48.0,-10.0,-45.0,-19.0,-4.0,-16.0,4.1899999999999995,-3.3599999999999994,-13.27,-21.33,-42.66,34.66,-50.48,-20.04,-25.5,-7.18,-45.94,12.73
2025-08-13T12:28:06.093204,5.0,101.0,-91.0,-22.0,60.0,-41.0,71.0,33.0,-53.0,-26.0,-43.0,5.0,17.189999999999998,70.64,-73.27,-32.33,48.34,-7.340000000000003,68.52,22.96,-33.5,-14.18,-84.94,33.730000000000004
2025-08-13T12:28:06.101101,30.0,62.0,-35.0,-41.0,-22.0,-14.0,-16.0,99.0,-19.0,-52.0,60.0,-23.0,42.19,31.64,-17.27,-51.33,-33.66,19.659999999999997,-18.48,88.96000000000001,0.5,-40.18,18.060000000000002,5.73
2025-08-13T12:28:06.105609,-18.0,17.0,-64.0,-68.0,-47.0,-4.0,39.0,17.0,-42.0,-75.0,0.0,-39.0,-5.8100000000000005,-13.36,-46.269999999999996,-78.33,-58.66,29.659999999999997,36.52,6.960000000000001,-22.5,-63.18,-41.94,-10.27
2025-08-13T12:28:06.113432,-22.0,22.0,-40.0,7.0,-25.0,-52.0,-35.0,62.0,5.0,15.0,49.0,4.0,-9.81,-8.36,-22.27,-3.33,-36.66,-18.340000000000003,-37.48,51.96,24.5,26.82,7.060000000000002,32.730000000000004
2025-08-13T12:28:06.117798,-25.0,36.0,20.0,65.0,51.0,-50.0,-38.0,35.0,-26.0,-1.0,38.0,-58.0,-12.81,5.640000000000001,37.730000000000004,54.67,39.34,-16.340000000000003,-40.48,24.96,-6.5,10.82,-3.9399999999999977,-29.27
2025-08-13T12:28:06.125662,-10.0,-51.0,88.0,-4.0,0.0,-32.0,28.0,103.0,-56.0,-47.0,28.0,-18.0,2.1899999999999995,-81.36,105.73,-14.33,-11.66,1.6599999999999966,25.52,92.96000000000001,-36.5,-35.18,-13.939999999999998,10.73
2025-08-13T12:28:06.129917,76.0,41.0,21.0,-34.0,-41.0,-64.0,41.0,33.0,-27.0,-89.0,81.0,-17.0,88.19,10.64,38.730000000000004,-44.33,-52.66,-30.340000000000003,38.52,22.96,-7.5,-77.18,39.06,11.73
2025-08-13T12:28:06.138015,15.0,35.0,20.0,60.0,17.0,-57.0,-60.0,8.0,-26.0,53.0,9.0,-10.0,27.189999999999998,4.640000000000001,37.730000000000004,49.67,5.34,-23.340000000000003,-62.48,-2.039999999999999,-6.5,64.82,-32.94,18.73
2025-08-13T12:28:06.142243,43.0,1.0,-6.0,-26.0,-13.0,-5.0,45.0,24.0,24.0,67.0,41.0,-46.0,55.19,-29.36,11.73,-36.33,-24.66,28.659999999999997,42.52,13.96,43.5,78.82,-0.9399999999999977,-17.27
2025-08-13T12:28:06.150280,71.0,26.0,39.0,84.0,29.0,-54.0,-4.0,-51.0,36.0,-14.0,43.0,-6.0,83.19,-4.359999999999999,56.730000000000004,73.67,17.34,-20.340000000000003,-6.48,-61.04,55.5,-2.1799999999999997,1.0600000000000023,22.73
2025-08-13T12:28:06.154548,-42.0,26.0,39.0,-5.0,-23.0,-17.0,-48.0,85.0,-46.0,-91.0,55.0,-65.0,-29.810000000000002,-4.359999999999999,56.730000000000004,-15.33,-34.66,16.659999999999997,-50.48,74.96000000000001,-26.5,-79.18,13.060000000000002,-36.269999999999996
2025-08-13T12:28:06.162591,6.0,-16.0,8.0,-7.0,-65.0,-22.0,48.0,24.0,-32.0,-17.0,19.0,2.0,18.189999999999998,-46.36,25.73,-17.33,-76.66,11.659999999999997,45.52,13.96,-12.5,-5.18,-22.939999999999998,30.73
2025-08-13T12:28:06.166829,28.0,-11.0,4.0,-25.0,72.0,37.0,88.0,27.0,-20.0,25.0,57.0,-54.0,40.19,-41.36,21.73,-35.33,60.34,70.66,85.52,16.96,-0.5,36.82,15.060000000000002,-25.27
2025-08-13T12:28:06.174719,-35.0,-37.0,2.0,28.0,20.0,-71.0,18.0,13.0,-55.0,-102.0,9.0,-60.0,-22.810000000000002,-67.36,19.73,17.67,8.34,-37.34,15.52,2.960000000000001,-35.5,-90.18,-32.94,-31.27
2025-08-13T12:28:06.179100,-95.0,23.0,8.0,2.0,3.0,-59.0,-14.0,-5.0,-53.0,-33.0,28.0,-49.0,-82.81,-7.359999999999999,25.73,-8.33,-8.66,-25.340000000000003,-16.48,-15.04,-33.5,-21.18,-13.939999999999998,-20.27
2025-08-13T12:28:06.187212,-37.0,-30.0,-30.0,-37.0,48.0,1.0,-27.0,53.0,-49.0,-46.0,5.0,-30.0,-24.810000000000002,-60.36,-12.27,-47.33,36.34,34.66,-29.48,42.96,-29.5,-34.18,-36.94,-1.2699999999999996
2025-08-13T12:28:06.191335,-28.0,9.0,-24.0,16.0,-28.0,-43.0,48.0,19.0,-51.0,-2.0,11.0,-17.0,-15.81,-21.36,-6.27,5.67,-39.66,-9.340000000000003,45.52,8.96,-31.5,9.82,-30.939999999999998,11.73
2025-08-13T12:28:06.199394,-15.0,93.0,-129.0,29.0,65.0,-31.0,75.0,-27.0,-26.0,-74.0,113.0,-70.0,-2.8100000000000005,62.64,-111.27,18.67,53.34,2.6599999999999966,72.52,-37.04,-6.5,-62.18,71.06,-41.269999999999996
2025-08-13T12:28:06.203657,2.0,4.0,-77.0,19.0,28.0,-29.0,16.0,57.0,48.0,8.0,66.0,-72.0,14.19,-26.36,-59.269999999999996,8.67,16.34,4.659999999999997,13.52,46.96,67.5,19.82,24.060000000000002,-43.269999999999996
2025-08-13T12:28:06.211536,56.0,39.0,-72.0,64.0,48.0,16.0,11.0,19.0,-70.0,-66.0,60.0,-93.0,68.19,8.64,-54.269999999999996,53.67,36.34,49.66,8.52,8.96,-50.5,-54.18,18.060000000000002,-64.27
2025-08-13T12:28:06.216545,67.0,48.0,1.0,14.0,-46.0,-103.0,-38.0,40.0,18.0,13.0,108.0,-42.0,79.19,17.64,18.73,3.67,-57.66,-69.34,-40.48,29.96,37.5,24.82,66.06,-13.27
2025-08-13T12:28:06.224011,30.0,-21.0,-62.0,-41.0,-11.0,-35.0,-45.0,-2.0,-64.0,-17.0,-56.0,-8.0,42.19,-51.36,-44.269999999999996,-51.33,-22.66,-1.3400000000000034,-47.48,-12.04,-44.5,-5.18,-97.94,20.73
2025-08-13T12:28:06.228175,35.0,42.0,-20.0,-13.0,54.0,-105.0,-38.0,30.0,-33.0,-21.0,7.0,-8.0,47.19,11.64,-2.2699999999999996,-23.33,42.34,-71.34,-40.48,19.96,-13.5,-9.18,-34.94,20.73
2025-08-13T12:28:06.236150,-16.0,1.0,-50.0,-3.0,5.0,-36.0,6.0,32.0,19.0,-57.0,78.0,-22.0,-3.8100000000000005,-29.36,-32.269999999999996,-13.33,-6.66,-2.3400000000000034,3.52,21.96,38.5,-45.18,36.06,6.73
2025-08-13T12:28:06.240526,-16.0,-33.0,-76.0,2.0,-16.0,-59.0,-26.0,-29.0,40.0,-15.0,25.0,14.0,-3.8100000000000005,-63.36,-58.269999999999996,-8.33,-27.66,-25.340000000000003,-28.48,-39.04,59.5,-3.1799999999999997,-16.939999999999998,42.730000000000004
2025-08-13T12:28:06.249110,-2.0,-10.0,16.0,-37.0,-23.0,-56.0,52.0,17.0,-29.0,10.0,43.0,-5.0,10.19,-40.36,33.730000000000004,-47.33,-34.66,-22.340000000000003,49.52,6.960000000000001,-9.5,21.82,1.0600000000000023,23.73
2025-08-13T12:28:06.252843,-16.0,33.0,-23.0,-24.0,-36.0,-3.0,44.0,-39.0,-2.0,3.0,45.0,-55.0,-3.8100000000000005,2.6400000000000006,-5.27,-34.33,-47.66,30.659999999999997,41.52,-49.04,17.5,14.82,3.0600000000000023,-26.27
2025-08-13T12:28:06.256943,1.0,4.0,-20.0,-1.0,-8.0,-37.0,-24.0,15.0,9.0,-32.0,75.0,-69.0,13.19,-26.36,-2.2699999999999996,-11.33,-19.66,-3.3400000000000034,-26.48,4.960000000000001,28.5,-20.18,33.06,-40.269999999999996
2025-08-13T12:28:06.265070,23.0,-14.0,-6.0,44.0,60.0,-25.0,14.0,84.0,-22.0,16.0,-35.0,8.0,35.19,-44.36,11.73,33.67,48.34,8.659999999999997,11.52,73.96000000000001,-2.5,27.82,-76.94,36.730000000000004
2025-08-13T12:28:06.270484,-121.0,33.0,58.0,62.0,18.0,-26.0,46.0,63.0,0.0,-36.0,35.0,-4.0,-108.81,2.6400000000000006,75.73,51.67,6.34,7.659999999999997,43.52,52.96,19.5,-24.18,-6.939999999999998,24.73
2025-08-13T12:28:06.277286,-31.0,56.0,-10.0,-23.0,63.0,-37.0,15.0,45.0,3.0,-17.0,-25.0,-6.0,-18.810000000000002,25.64,7.73,-33.33,51.34,-3.3400000000000034,12.52,34.96,22.5,-5.18,-66.94,22.73
2025-08-13T12:28:06.281562,6.0,70.0,-66.0,16.0,-10.0,-85.0,14.0,69.0,35.0,2.0,-17.0,-4.0,18.189999999999998,39.64,-48.269999999999996,5.67,-21.66,-51.34,11.52,58.96,54.5,13.82,-58.94,24.73
2025-08-13T12:28:06.289667,-32.0,106.0,-24.0,-24.0,-6.0,-33.0,-18.0,9.0,-40.0,-15.0,105.0,-41.0,-19.810000000000002,75.64,-6.27,-34.33,-17.66,0.6599999999999966,-20.48,-1.0399999999999991,-20.5,-3.1799999999999997,63.06,-12.27
2025-08-13T12:28:06.294016,-34.0,49.0,-65.0,11.0,-59.0,-74.0,-50.0,-5.0,-28.0,-55.0,28.0,-3.0,-21.810000000000002,18.64,-47.269999999999996,0.6699999999999999,-70.66,-40.34,-52.48,-15.04,-8.5,-43.18,-13.939999999999998,25.73
2025-08-13T12:28:06.301880,27.0,-20.0,-37.0,-16.0,40.0,-16.0,-30.0,-18.0,-23.0,11.0,-48.0,-28.0,39.19,-50.36,-19.27,-26.33,28.34,17.659999999999997,-32.48,-28.04,-3.5,22.82,-89.94,0.7300000000000004
2025-08-13T12:28:06.305924,20.0,28.0,-19.0,27.0,-49.0,-14.0,19.0,-11.0,-12.0,0.0,47.0,12.0,32.19,-2.3599999999999994,-1.2699999999999996,16.67,-60.66,19.659999999999997,16.52,-21.04,7.5,11.82,5.060000000000002,40.730000000000004
