timestamp,x1,y1,z1,x2,y2,z2,x3,y3,z3,x4,y4,z4,x1_calib,y1_calib,z1_calib,x2_calib,y2_calib,z2_calib,x3_calib,y3_calib,z3_calib,x4_calib,y4_calib,z4_calib
2025-08-13T16:24:19.493077,20.0,15.0,-70.0,-19.0,80.0,-34.0,53.0,84.0,-9.0,-67.0,38.0,-33.0,26.490000000000002,-8.530000000000001,-40.78,-14.93,47.17,-5.969999999999999,43.43,39.69,-8.8,-52.83,27.72,-21.759999999999998
2025-08-13T16:24:19.495370,51.0,56.0,6.0,-33.0,76.0,-38.0,-37.0,69.0,21.0,-51.0,1.0,-13.0,57.49,32.47,35.22,-28.93,43.17,-9.969999999999999,-46.57,24.689999999999998,21.2,-36.83,-9.28,-1.7599999999999998
2025-08-13T16:24:19.497679,-74.0,-4.0,-54.0,-18.0,-10.0,-30.0,-37.0,58.0,-64.0,-7.0,11.0,9.0,-67.51,-27.53,-24.78,-13.93,-42.83,-1.9699999999999989,-46.57,13.689999999999998,-63.8,7.17,0.7200000000000006,20.240000000000002
2025-08-13T16:24:19.501318,-44.0,17.0,-100.0,-1.0,66.0,-72.0,30.0,58.0,-7.0,-14.0,47.0,-67.0,-37.51,-6.530000000000001,-70.78,3.0700000000000003,33.17,-43.97,20.43,13.689999999999998,-6.8,0.16999999999999993,36.72,-55.76
2025-08-13T16:24:19.509217,5.0,79.0,6.0,4.0,89.0,-116.0,19.0,1.0,-17.0,24.0,-50.0,-21.0,11.49,55.47,35.22,8.07,56.17,-87.97,9.43,-43.31,-16.8,38.17,-60.28,-9.76
2025-08-13T16:24:19.513463,-24.0,26.0,-53.0,-24.0,10.0,-1.0,16.0,35.0,23.0,-7.0,-20.0,-2.0,-17.509999999999998,2.469999999999999,-23.78,-19.93,-22.83,27.03,6.43,-9.310000000000002,23.2,7.17,-30.28,9.24
2025-08-13T16:24:19.521464,-4.0,-67.0,-60.0,-7.0,33.0,23.0,-64.0,70.0,-27.0,-20.0,19.0,10.0,2.49,-90.53,-30.78,-2.9299999999999997,0.1700000000000017,51.03,-73.57,25.689999999999998,-26.8,-5.83,8.72,21.240000000000002
2025-08-13T16:24:19.525680,-72.0,-14.0,-37.0,-15.0,53.0,-27.0,52.0,68.0,3.0,-5.0,-17.0,-11.0,-65.51,-37.53,-7.780000000000001,-10.93,20.17,1.0300000000000011,42.43,23.689999999999998,3.2,9.17,-27.28,0.2400000000000002
2025-08-13T16:24:19.533678,28.0,-36.0,-70.0,-29.0,16.0,4.0,-83.0,11.0,14.0,15.0,36.0,-4.0,34.49,-59.53,-40.78,-24.93,-16.83,32.03,-92.57,-33.31,14.2,29.17,25.72,7.24
2025-08-13T16:24:19.537927,-13.0,5.0,-5.0,-46.0,33.0,42.0,-99.0,12.0,31.0,-4.0,-66.0,21.0,-6.51,-18.53,24.22,-41.93,0.1700000000000017,70.03,-108.57,-32.31,31.2,10.17,-76.28,32.24
2025-08-13T16:24:19.545922,-1.0,5.0,-39.0,-3.0,20.0,-37.0,53.0,96.0,18.0,-4.0,-36.0,8.0,5.49,-18.53,-9.780000000000001,1.0700000000000003,-12.829999999999998,-8.969999999999999,43.43,51.69,18.2,10.17,-46.28,19.240000000000002
2025-08-13T16:24:19.550407,-18.0,-67.0,-59.0,-10.0,57.0,-54.0,-39.0,131.0,27.0,44.0,-20.0,40.0,-11.51,-90.53,-29.78,-5.93,24.17,-25.97,-48.57,86.69,27.2,58.17,-30.28,51.24
2025-08-13T16:24:19.558429,12.0,-30.0,-12.0,5.0,-8.0,2.0,-5.0,59.0,-14.0,-9.0,-6.0,50.0,18.490000000000002,-53.53,17.22,9.07,-40.83,30.03,-14.57,14.689999999999998,-13.8,5.17,-16.28,61.24
2025-08-13T16:24:19.562558,-38.0,-32.0,-54.0,-58.0,73.0,-33.0,-24.0,20.0,-25.0,-17.0,8.0,79.0,-31.509999999999998,-55.53,-24.78,-53.93,40.17,-4.969999999999999,-33.57,-24.310000000000002,-24.8,-2.83,-2.2799999999999994,90.24
2025-08-13T16:24:19.570508,-27.0,6.0,-36.0,-17.0,88.0,18.0,-20.0,106.0,-16.0,20.0,20.0,22.0,-20.509999999999998,-17.53,-6.780000000000001,-12.93,55.17,46.03,-29.57,61.69,-15.8,34.17,9.72,33.24
2025-08-13T16:24:19.574716,-29.0,-5.0,-64.0,49.0,45.0,-48.0,-7.0,45.0,-37.0,-7.0,17.0,-41.0,-22.509999999999998,-28.53,-34.78,53.07,12.170000000000002,-19.97,-16.57,0.6899999999999977,-36.8,7.17,6.720000000000001,-29.759999999999998
2025-08-13T16:24:19.582777,50.0,-35.0,42.0,-71.0,3.0,-44.0,-29.0,42.0,-9.0,-29.0,-43.0,23.0,56.49,-58.53,71.22,-66.93,-29.83,-15.969999999999999,-38.57,-2.3100000000000023,-8.8,-14.83,-53.28,34.24
2025-08-13T16:24:19.587161,-11.0,1.0,6.0,5.0,-31.0,-19.0,19.0,29.0,22.0,39.0,-34.0,-32.0,-4.51,-22.53,35.22,9.07,-63.83,9.030000000000001,9.43,-15.310000000000002,22.2,53.17,-44.28,-20.759999999999998
2025-08-13T16:24:19.594998,-40.0,17.0,-8.0,-19.0,6.0,-10.0,16.0,77.0,3.0,12.0,30.0,-6.0,-33.51,-6.530000000000001,21.22,-14.93,-26.83,18.03,6.43,32.69,3.2,26.17,19.72,5.24
2025-08-13T16:24:19.599406,13.0,14.0,16.0,51.0,-16.0,-31.0,9.0,54.0,-45.0,-43.0,-36.0,-15.0,19.490000000000002,-9.530000000000001,45.22,55.07,-48.83,-2.969999999999999,-0.5700000000000003,9.689999999999998,-44.8,-28.83,-46.28,-3.76
2025-08-13T16:24:19.604480,-82.0,52.0,-5.0,-31.0,49.0,12.0,3.0,5.0,-1.0,42.0,10.0,-31.0,-75.51,28.47,24.22,-26.93,16.17,40.03,-6.57,-39.31,-0.8,56.17,-0.27999999999999936,-19.759999999999998
2025-08-13T16:24:19.611633,-12.0,69.0,12.0,34.0,53.0,-16.0,35.0,42.0,-16.0,20.0,38.0,-39.0,-5.51,45.47,41.22,38.07,20.17,12.030000000000001,25.43,-2.3100000000000023,-15.8,34.17,27.72,-27.759999999999998
2025-08-13T16:24:19.619568,43.0,43.0,-79.0,-10.0,24.0,-61.0,13.0,46.0,-4.0,-62.0,28.0,-28.0,49.49,19.47,-49.78,-5.93,-8.829999999999998,-32.97,3.4299999999999997,1.6899999999999977,-3.8,-47.83,17.72,-16.759999999999998
2025-08-13T16:24:19.623886,-59.0,47.0,-32.0,-8.0,19.0,-49.0,19.0,33.0,-8.0,-11.0,20.0,55.0,-52.51,23.47,-2.780000000000001,-3.9299999999999997,-13.829999999999998,-20.97,9.43,-11.310000000000002,-7.8,3.17,9.72,66.24
2025-08-13T16:24:19.628417,-54.0,13.0,-38.0,-16.0,-5.0,-90.0,45.0,91.0,58.0,6.0,17.0,1.0,-47.51,-10.530000000000001,-8.780000000000001,-11.93,-37.83,-61.97,35.43,46.69,58.2,20.17,6.720000000000001,12.24
2025-08-13T16:24:19.636155,-42.0,61.0,-45.0,-34.0,32.0,-41.0,-17.0,46.0,1.0,-13.0,44.0,60.0,-35.51,37.47,-15.780000000000001,-29.93,-0.8299999999999983,-12.969999999999999,-26.57,1.6899999999999977,1.2,1.17,33.72,71.24
2025-08-13T16:24:19.644336,-9.0,-28.0,13.0,-83.0,46.0,-2.0,-34.0,119.0,-20.0,-14.0,-49.0,-50.0,-2.51,-51.53,42.22,-78.93,13.170000000000002,26.03,-43.57,74.69,-19.8,0.16999999999999993,-59.28,-38.76
2025-08-13T16:24:19.648586,18.0,-7.0,-113.0,8.0,41.0,-17.0,53.0,37.0,-75.0,-26.0,57.0,9.0,24.490000000000002,-30.53,-83.78,12.07,8.170000000000002,11.030000000000001,43.43,-7.310000000000002,-74.8,-11.83,46.72,20.240000000000002
2025-08-13T16:24:19.652581,11.0,-8.0,-125.0,10.0,55.0,-31.0,10.0,41.0,-14.0,1.0,49.0,-7.0,17.490000000000002,-31.53,-95.78,14.07,22.17,-2.969999999999999,0.4299999999999997,-3.3100000000000023,-13.8,15.17,38.72,4.24
2025-08-13T16:24:19.660782,-36.0,-29.0,-9.0,1.0,11.0,-46.0,27.0,8.0,-8.0,-4.0,78.0,-41.0,-29.509999999999998,-52.53,20.22,5.07,-21.83,-17.97,17.43,-36.31,-7.8,10.17,67.72,-29.759999999999998
2025-08-13T16:24:19.664850,-27.0,-26.0,-62.0,65.0,73.0,27.0,70.0,-6.0,-73.0,46.0,-29.0,-6.0,-20.509999999999998,-49.53,-32.78,69.07,40.17,55.03,60.43,-50.31,-72.8,60.17,-39.28,5.24
2025-08-13T16:24:19.673594,-12.0,3.0,-63.0,35.0,-11.0,-32.0,34.0,71.0,26.0,-45.0,-10.0,-11.0,-5.51,-20.53,-33.78,39.07,-43.83,-3.969999999999999,24.43,26.689999999999998,26.2,-30.83,-20.28,0.2400000000000002
2025-08-13T16:24:19.677397,-54.0,-50.0,-112.0,-24.0,42.0,-4.0,36.0,34.0,-32.0,-25.0,60.0,-7.0,-47.51,-73.53,-82.78,-19.93,9.170000000000002,24.03,26.43,-10.310000000000002,-31.8,-10.83,49.72,4.24
2025-08-13T16:24:19.685487,-8.0,85.0,-20.0,-5.0,35.0,-45.0,-19.0,61.0,29.0,12.0,-20.0,-29.0,-1.5099999999999998,61.47,9.219999999999999,-0.9299999999999997,2.1700000000000017,-16.97,-28.57,16.689999999999998,29.2,26.17,-30.28,-17.759999999999998
2025-08-13T16:24:19.689630,-26.0,15.0,-2.0,-39.0,15.0,31.0,23.0,-90.0,12.0,48.0,-19.0,-51.0,-19.509999999999998,-8.530000000000001,27.22,-34.93,-17.83,59.03,13.43,-134.31,12.2,62.17,-29.28,-39.76
2025-08-13T16:24:19.697592,-1.0,-6.0,42.0,-11.0,123.0,-33.0,-36.0,96.0,-43.0,-61.0,-47.0,13.0,5.49,-29.53,71.22,-6.93,90.17,-4.969999999999999,-45.57,51.69,-42.8,-46.83,-57.28,24.240000000000002
2025-08-13T16:24:19.701929,-60.0,17.0,15.0,-43.0,63.0,5.0,27.0,5.0,-8.0,-43.0,29.0,31.0,-53.51,-6.530000000000001,44.22,-38.93,30.17,33.03,17.43,-39.31,-7.8,-28.83,18.72,42.24
2025-08-13T16:24:19.710032,-9.0,47.0,-15.0,39.0,51.0,-29.0,10.0,40.0,-7.0,31.0,-89.0,-20.0,-2.51,23.47,14.219999999999999,43.07,18.17,-0.9699999999999989,0.4299999999999997,-4.310000000000002,-6.8,45.17,-99.28,-8.76
2025-08-13T16:24:19.714506,7.0,71.0,13.0,-43.0,47.0,-53.0,45.0,100.0,-23.0,-32.0,18.0,34.0,13.49,47.47,42.22,-38.93,14.170000000000002,-24.97,35.43,55.69,-22.8,-17.83,7.720000000000001,45.24
2025-08-13T16:24:19.722314,-55.0,-11.0,-1.0,-12.0,41.0,-37.0,53.0,14.0,-18.0,3.0,-18.0,-16.0,-48.51,-34.53,28.22,-7.93,8.170000000000002,-8.969999999999999,43.43,-30.310000000000002,-17.8,17.17,-28.28,-4.76
2025-08-13T16:24:19.726839,-16.0,29.0,-78.0,22.0,33.0,-10.0,21.0,45.0,8.0,-13.0,54.0,-60.0,-9.51,5.469999999999999,-48.78,26.07,0.1700000000000017,18.03,11.43,0.6899999999999977,8.2,1.17,43.72,-48.76
2025-08-13T16:24:19.734708,23.0,70.0,-94.0,47.0,21.0,-81.0,-20.0,104.0,-69.0,-55.0,48.0,-8.0,29.490000000000002,46.47,-64.78,51.07,-11.829999999999998,-52.97,-29.57,59.69,-68.8,-40.83,37.72,3.24
2025-08-13T16:24:19.738989,60.0,76.0,-53.0,-84.0,-26.0,-60.0,-19.0,38.0,-17.0,-22.0,-69.0,8.0,66.49,52.47,-23.78,-79.93,-58.83,-31.97,-28.57,-6.310000000000002,-16.8,-7.83,-79.28,19.240000000000002
2025-08-13T16:24:19.746786,43.0,4.0,-95.0,66.0,54.0,-39.0,-32.0,35.0,32.0,-9.0,40.0,-87.0,49.49,-19.53,-65.78,70.07,21.17,-10.969999999999999,-41.57,-9.310000000000002,32.2,5.17,29.72,-75.76
2025-08-13T16:24:19.751389,-35.0,50.0,-26.0,27.0,30.0,-102.0,-40.0,14.0,19.0,-38.0,19.0,27.0,-28.509999999999998,26.47,3.219999999999999,31.07,-2.8299999999999983,-73.97,-49.57,-30.310000000000002,19.2,-23.83,8.72,38.24
2025-08-13T16:24:19.759156,25.0,40.0,25.0,9.0,42.0,28.0,5.0,34.0,-32.0,-34.0,2.0,-57.0,31.490000000000002,16.47,54.22,13.07,9.170000000000002,56.03,-4.57,-10.310000000000002,-31.8,-19.83,-8.28,-45.76
2025-08-13T16:24:19.763895,45.0,-8.0,-6.0,-39.0,69.0,-20.0,-56.0,63.0,7.0,-6.0,5.0,31.0,51.49,-31.53,23.22,-34.93,36.17,8.030000000000001,-65.57,18.689999999999998,7.2,8.17,-5.279999999999999,42.24
2025-08-13T16:24:19.771502,40.0,-27.0,-37.0,-6.0,21.0,21.0,49.0,34.0,-5.0,19.0,-59.0,-38.0,46.49,-50.53,-7.780000000000001,-1.9299999999999997,-11.829999999999998,49.03,39.43,-10.310000000000002,-4.8,33.17,-69.28,-26.759999999999998
2025-08-13T16:24:19.776136,6.0,-7.0,-33.0,-16.0,43.0,16.0,-36.0,8.0,-47.0,18.0,14.0,-33.0,12.49,-30.53,-3.780000000000001,-11.93,10.170000000000002,44.03,-45.57,-36.31,-46.8,32.17,3.7200000000000006,-21.759999999999998
2025-08-13T16:24:19.783734,43.0,24.0,-19.0,48.0,49.0,-15.0,-45.0,34.0,9.0,-61.0,38.0,36.0,49.49,0.46999999999999886,10.219999999999999,52.07,16.17,13.030000000000001,-54.57,-10.310000000000002,9.2,-46.83,27.72,47.24
2025-08-13T16:24:19.788401,-48.0,13.0,29.0,98.0,-43.0,25.0,36.0,35.0,-54.0,-43.0,85.0,-55.0,-41.51,-10.530000000000001,58.22,102.07,-75.83,53.03,26.43,-9.310000000000002,-53.8,-28.83,74.72,-43.76
2025-08-13T16:24:19.796000,4.0,76.0,0.0,7.0,22.0,44.0,0.0,72.0,-74.0,-10.0,67.0,-61.0,10.49,52.47,29.22,11.07,-10.829999999999998,72.03,-9.57,27.689999999999998,-73.8,4.17,56.72,-49.76
2025-08-13T16:24:19.800905,9.0,70.0,-17.0,-49.0,21.0,-23.0,-18.0,5.0,-44.0,17.0,-20.0,-28.0,15.49,46.47,12.219999999999999,-44.93,-11.829999999999998,5.030000000000001,-27.57,-39.31,-43.8,31.17,-30.28,-16.759999999999998
2025-08-13T16:24:19.808251,-44.0,109.0,7.0,15.0,32.0,-43.0,27.0,23.0,9.0,-22.0,44.0,-44.0,-37.51,85.47,36.22,19.07,-0.8299999999999983,-14.969999999999999,17.43,-21.310000000000002,9.2,-7.83,33.72,-32.76
2025-08-13T16:24:19.812747,27.0,-2.0,-2.0,25.0,60.0,8.0,7.0,33.0,-23.0,-21.0,-30.0,-36.0,33.49,-25.53,27.22,29.07,27.17,36.03,-2.5700000000000003,-11.310000000000002,-22.8,-6.83,-40.28,-24.759999999999998
2025-08-13T16:24:19.820562,-18.0,65.0,16.0,20.0,108.0,57.0,34.0,57.0,16.0,60.0,-4.0,-64.0,-11.51,41.47,45.22,24.07,75.17,85.03,24.43,12.689999999999998,16.2,74.17,-14.28,-52.76
2025-08-13T16:24:19.825088,17.0,16.0,-25.0,45.0,-14.0,-104.0,-85.0,30.0,-22.0,-61.0,24.0,-44.0,23.490000000000002,-7.530000000000001,4.219999999999999,49.07,-46.83,-75.97,-94.57,-14.310000000000002,-21.8,-46.83,13.72,-32.76
2025-08-13T16:24:19.832910,0.0,1.0,-8.0,13.0,24.0,-9.0,-13.0,97.0,-45.0,-35.0,13.0,43.0,6.49,-22.53,21.22,17.07,-8.829999999999998,19.03,-22.57,52.69,-44.8,-20.83,2.7200000000000006,54.24
2025-08-13T16:24:19.837334,-4.0,26.0,-2.0,-25.0,40.0,-55.0,16.0,92.0,-68.0,-9.0,31.0,-22.0,2.49,2.469999999999999,27.22,-20.93,7.170000000000002,-26.97,6.43,47.69,-67.8,5.17,20.72,-10.76
2025-08-13T16:24:19.845190,-47.0,71.0,-41.0,-58.0,38.0,-79.0,-18.0,113.0,23.0,-82.0,44.0,-31.0,-40.51,47.47,-11.780000000000001,-53.93,5.170000000000002,-50.97,-27.57,68.69,23.2,-67.83,33.72,-19.759999999999998
2025-08-13T16:24:19.849606,13.0,37.0,-46.0,1.0,88.0,17.0,5.0,115.0,-43.0,-51.0,-20.0,-14.0,19.490000000000002,13.469999999999999,-16.78,5.07,55.17,45.03,-4.57,70.69,-42.8,-36.83,-30.28,-2.76
2025-08-13T16:24:19.857381,31.0,7.0,-28.0,-9.0,36.0,19.0,12.0,-10.0,-9.0,47.0,-14.0,-36.0,37.49,-16.53,1.2199999999999989,-4.93,3.1700000000000017,47.03,2.4299999999999997,-54.31,-8.8,61.17,-24.28,-24.759999999999998
2025-08-13T16:24:19.861996,43.0,30.0,-42.0,-44.0,-31.0,19.0,-14.0,5.0,44.0,-28.0,69.0,-33.0,49.49,6.469999999999999,-12.780000000000001,-39.93,-63.83,47.03,-23.57,-39.31,44.2,-13.83,58.72,-21.759999999999998
2025-08-13T16:24:19.869460,26.0,16.0,31.0,-42.0,-8.0,28.0,-13.0,66.0,21.0,31.0,14.0,-12.0,32.49,-7.530000000000001,60.22,-37.93,-40.83,56.03,-22.57,21.689999999999998,21.2,45.17,3.7200000000000006,-0.7599999999999998
2025-08-13T16:24:19.877002,-51.0,21.0,-47.0,-28.0,94.0,-47.0,-12.0,18.0,-4.0,0.0,75.0,-9.0,-44.51,-2.530000000000001,-17.78,-23.93,61.17,-18.97,-21.57,-26.310000000000002,-3.8,14.17,64.72,2.24
2025-08-13T16:24:19.882619,-15.0,36.0,-2.0,1.0,-18.0,-13.0,-9.0,14.0,-14.0,-45.0,-10.0,12.0,-8.51,12.469999999999999,27.22,5.07,-50.83,15.030000000000001,-18.57,-30.310000000000002,-13.8,-30.83,-20.28,23.240000000000002
2025-08-13T16:24:19.887059,-29.0,46.0,-22.0,42.0,14.0,-35.0,-22.0,17.0,10.0,-40.0,-56.0,8.0,-22.509999999999998,22.47,7.219999999999999,46.07,-18.83,-6.969999999999999,-31.57,-27.310000000000002,10.2,-25.83,-66.28,19.240000000000002
2025-08-13T16:24:19.890916,-6.0,31.0,-80.0,-81.0,79.0,46.0,-34.0,129.0,7.0,-45.0,-5.0,-8.0,0.4900000000000002,7.469999999999999,-50.78,-76.93,46.17,74.03,-43.57,84.69,7.2,-30.83,-15.28,3.24
2025-08-13T16:24:19.898616,-33.0,26.0,-74.0,-32.0,-7.0,-39.0,-17.0,28.0,-22.0,16.0,39.0,17.0,-26.509999999999998,2.469999999999999,-44.78,-27.93,-39.83,-10.969999999999999,-26.57,-16.310000000000002,-21.8,30.17,28.72,28.240000000000002
2025-08-13T16:24:19.902773,-14.0,54.0,-29.0,-50.0,-3.0,-44.0,2.0,126.0,-5.0,-6.0,-5.0,-36.0,-7.51,30.47,0.21999999999999886,-45.93,-35.83,-15.969999999999999,-7.57,81.69,-4.8,8.17,-15.28,-24.759999999999998
2025-08-13T16:24:19.910883,103.0,35.0,-55.0,40.0,30.0,-88.0,-62.0,75.0,17.0,18.0,57.0,26.0,109.49,11.469999999999999,-25.78,44.07,-2.8299999999999983,-59.97,-71.57,30.689999999999998,17.2,32.17,46.72,37.24
2025-08-13T16:24:19.915115,14.0,122.0,-96.0,1.0,68.0,-50.0,-6.0,69.0,-29.0,8.0,83.0,-28.0,20.490000000000002,98.47,-66.78,5.07,35.17,-21.97,-15.57,24.689999999999998,-28.8,22.17,72.72,-16.759999999999998
2025-08-13T16:24:19.922990,3.0,35.0,-70.0,-65.0,12.0,24.0,-29.0,163.0,-38.0,-102.0,-4.0,-4.0,9.49,11.469999999999999,-40.78,-60.93,-20.83,52.03,-38.57,118.69,-37.8,-87.83,-14.28,7.24
2025-08-13T16:24:19.927329,7.0,-4.0,-72.0,-59.0,56.0,-23.0,53.0,95.0,-70.0,-36.0,53.0,-27.0,13.49,-27.53,-42.78,-54.93,23.17,5.030000000000001,43.43,50.69,-69.8,-21.83,42.72,-15.76
2025-08-13T16:24:19.935335,-27.0,26.0,-29.0,-72.0,26.0,-14.0,46.0,83.0,14.0,-19.0,29.0,4.0,-20.509999999999998,2.469999999999999,0.21999999999999886,-67.93,-6.829999999999998,14.030000000000001,36.43,38.69,14.2,-4.83,18.72,15.24
2025-08-13T16:24:19.939834,28.0,55.0,11.0,-19.0,26.0,-13.0,17.0,36.0,-31.0,-6.0,18.0,11.0,34.49,31.47,40.22,-14.93,-6.829999999999998,15.030000000000001,7.43,-8.310000000000002,-30.8,8.17,7.720000000000001,22.240000000000002
2025-08-13T16:24:19.947594,8.0,-12.0,25.0,28.0,83.0,-63.0,-38.0,33.0,-21.0,24.0,3.0,-30.0,14.49,-35.53,54.22,32.07,50.17,-34.97,-47.57,-11.310000000000002,-20.8,38.17,-7.279999999999999,-18.759999999999998
2025-08-13T16:24:19.951954,-23.0,33.0,-25.0,13.0,45.0,-56.0,-57.0,81.0,58.0,-26.0,-32.0,-37.0,-16.509999999999998,9.469999999999999,4.219999999999999,17.07,12.170000000000002,-27.97,-66.57,36.69,58.2,-11.83,-42.28,-25.759999999999998
2025-08-13T16:24:19.959891,-87.0,11.0,18.0,8.0,-36.0,-50.0,-32.0,-21.0,-26.0,-28.0,31.0,3.0,-80.51,-12.530000000000001,47.22,12.07,-68.83,-21.97,-41.57,-65.31,-25.8,-13.83,20.72,14.24
2025-08-13T16:24:19.964559,11.0,-69.0,19.0,1.0,21.0,-61.0,-32.0,125.0,0.0,27.0,27.0,-5.0,17.490000000000002,-92.53,48.22,5.07,-11.829999999999998,-32.97,-41.57,80.69,0.2,41.17,16.72,6.24
2025-08-13T16:24:19.972233,-29.0,-39.0,-7.0,19.0,72.0,-65.0,-44.0,118.0,25.0,-43.0,14.0,13.0,-22.509999999999998,-62.53,22.22,23.07,39.17,-36.97,-53.57,73.69,25.2,-28.83,3.7200000000000006,24.240000000000002
2025-08-13T16:24:19.976426,-4.0,16.0,41.0,-9.0,-46.0,-22.0,-33.0,86.0,10.0,12.0,-54.0,39.0,2.49,-7.530000000000001,70.22,-4.93,-78.83,6.030000000000001,-42.57,41.69,10.2,26.17,-64.28,50.24
2025-08-13T16:24:19.984427,-25.0,65.0,56.0,-16.0,-29.0,-71.0,61.0,101.0,-31.0,-56.0,17.0,-36.0,-18.509999999999998,41.47,85.22,-11.93,-61.83,-42.97,51.43,56.69,-30.8,-41.83,6.720000000000001,-24.759999999999998
2025-08-13T16:24:19.988785,13.0,78.0,-99.0,11.0,22.0,38.0,-23.0,8.0,9.0,56.0,39.0,-34.0,19.490000000000002,54.47,-69.78,15.07,-10.829999999999998,66.03,-32.57,-36.31,9.2,70.17,28.72,-22.759999999999998
2025-08-13T16:24:19.996589,33.0,29.0,3.0,-7.0,-4.0,-7.0,27.0,114.0,-63.0,8.0,70.0,-29.0,39.49,5.469999999999999,32.22,-2.9299999999999997,-36.83,21.03,17.43,69.69,-62.8,22.17,59.72,-17.759999999999998
2025-08-13T16:24:20.000968,-10.0,56.0,-62.0,-40.0,12.0,18.0,-46.0,7.0,-46.0,13.0,53.0,14.0,-3.51,32.47,-32.78,-35.93,-20.83,46.03,-55.57,-37.31,-45.8,27.17,42.72,25.240000000000002
2025-08-13T16:24:20.008764,-53.0,-1.0,-11.0,6.0,7.0,-10.0,61.0,82.0,23.0,-63.0,72.0,5.0,-46.51,-24.53,18.22,10.07,-25.83,18.03,51.43,37.69,23.2,-48.83,61.72,16.240000000000002
2025-08-13T16:24:20.013209,-93.0,40.0,-45.0,-16.0,10.0,-13.0,32.0,70.0,-62.0,-39.0,-6.0,-33.0,-86.51,16.47,-15.780000000000001,-11.93,-22.83,15.030000000000001,22.43,25.689999999999998,-61.8,-24.83,-16.28,-21.759999999999998
2025-08-13T16:24:20.021232,-55.0,26.0,-39.0,34.0,25.0,-13.0,65.0,42.0,-3.0,-37.0,-44.0,-36.0,-48.51,2.469999999999999,-9.780000000000001,38.07,-7.829999999999998,15.030000000000001,55.43,-2.3100000000000023,-2.8,-22.83,-54.28,-24.759999999999998
2025-08-13T16:24:20.025582,22.0,16.0,-56.0,-61.0,31.0,-35.0,-16.0,89.0,41.0,-6.0,70.0,-50.0,28.490000000000002,-7.530000000000001,-26.78,-56.93,-1.8299999999999983,-6.969999999999999,-25.57,44.69,41.2,8.17,59.72,-38.76
2025-08-13T16:24:20.033498,-48.0,33.0,-79.0,14.0,36.0,-62.0,-34.0,99.0,31.0,38.0,19.0,-26.0,-41.51,9.469999999999999,-49.78,18.07,3.1700000000000017,-33.97,-43.57,54.69,31.2,52.17,8.72,-14.76
2025-08-13T16:24:20.037873,25.0,1.0,27.0,-11.0,-34.0,-70.0,-27.0,49.0,-56.0,14.0,-7.0,54.0,31.490000000000002,-22.53,56.22,-6.93,-66.83,-41.97,-36.57,4.689999999999998,-55.8,28.17,-17.28,65.24
2025-08-13T16:24:20.042173,4.0,9.0,-2.0,31.0,8.0,-75.0,-39.0,16.0,-16.0,-2.0,5.0,1.0,10.49,-14.530000000000001,27.22,35.07,-24.83,-46.97,-48.57,-28.310000000000002,-15.8,12.17,-5.279999999999999,12.24
2025-08-13T16:24:20.050365,23.0,60.0,-34.0,-41.0,49.0,-90.0,-50.0,64.0,-18.0,-24.0,-52.0,-31.0,29.490000000000002,36.47,-4.780000000000001,-36.93,16.17,-61.97,-59.57,19.689999999999998,-17.8,-9.83,-62.28,-19.759999999999998
2025-08-13T16:24:20.057863,7.0,60.0,29.0,14.0,-24.0,-31.0,-3.0,62.0,-24.0,-85.0,-55.0,-19.0,13.49,36.47,58.22,18.07,-56.83,-2.969999999999999,-12.57,17.689999999999998,-23.8,-70.83,-65.28,-7.76
2025-08-13T16:24:20.062804,-61.0,-1.0,-19.0,65.0,64.0,19.0,73.0,65.0,-41.0,-30.0,62.0,38.0,-54.51,-24.53,10.219999999999999,69.07,31.17,47.03,63.43,20.689999999999998,-40.8,-15.83,51.72,49.24
2025-08-13T16:24:20.070115,3.0,-23.0,-72.0,17.0,29.0,-19.0,4.0,56.0,-17.0,-11.0,74.0,-57.0,9.49,-46.53,-42.78,21.07,-3.8299999999999983,9.030000000000001,-5.57,11.689999999999998,-16.8,3.17,63.72,-45.76
2025-08-13T16:24:20.076676,27.0,91.0,37.0,-50.0,44.0,-38.0,38.0,41.0,66.0,-20.0,9.0,-14.0,33.49,67.47,66.22,-45.93,11.170000000000002,-9.969999999999999,28.43,-3.3100000000000023,66.2,-5.83,-1.2799999999999994,-2.76
2025-08-13T16:24:20.084229,20.0,16.0,-10.0,-6.0,-29.0,-15.0,10.0,44.0,49.0,-8.0,27.0,-23.0,26.490000000000002,-7.530000000000001,19.22,-1.9299999999999997,-61.83,13.030000000000001,0.4299999999999997,-0.3100000000000023,49.2,6.17,16.72,-11.76
2025-08-13T16:24:20.091681,-12.0,74.0,-28.0,-42.0,36.0,-76.0,-110.0,59.0,-11.0,30.0,72.0,-73.0,-5.51,50.47,1.2199999999999989,-37.93,3.1700000000000017,-47.97,-119.57,14.689999999999998,-10.8,44.17,61.72,-61.76
2025-08-13T16:24:20.097234,-40.0,20.0,-83.0,26.0,78.0,-51.0,-24.0,103.0,-33.0,9.0,11.0,-38.0,-33.51,-3.530000000000001,-53.78,30.07,45.17,-22.97,-33.57,58.69,-32.8,23.17,0.7200000000000006,-26.759999999999998
2025-08-13T16:24:20.099539,-16.0,125.0,-54.0,-48.0,54.0,-91.0,-27.0,42.0,-41.0,-37.0,27.0,14.0,-9.51,101.47,-24.78,-43.93,21.17,-62.97,-36.57,-2.3100000000000023,-40.8,-22.83,16.72,25.240000000000002
2025-08-13T16:24:20.107023,-34.0,98.0,-39.0,15.0,53.0,2.0,-17.0,63.0,16.0,-70.0,-43.0,-20.0,-27.509999999999998,74.47,-9.780000000000001,19.07,20.17,30.03,-26.57,18.689999999999998,16.2,-55.83,-53.28,-8.76
2025-08-13T16:24:20.111325,-29.0,32.0,-6.0,-1.0,10.0,-54.0,23.0,24.0,-2.0,-53.0,-10.0,-8.0,-22.509999999999998,8.469999999999999,23.22,3.0700000000000003,-22.83,-25.97,13.43,-20.310000000000002,-1.8,-38.83,-20.28,3.24
2025-08-13T16:24:20.119286,-32.0,-48.0,11.0,44.0,30.0,-30.0,33.0,88.0,-47.0,-57.0,10.0,-10.0,-25.509999999999998,-71.53,40.22,48.07,-2.8299999999999983,-1.9699999999999989,23.43,43.69,-46.8,-42.83,-0.27999999999999936,1.2400000000000002
2025-08-13T16:24:20.123713,29.0,21.0,-15.0,-25.0,89.0,23.0,28.0,58.0,-12.0,-20.0,0.0,-33.0,35.49,-2.530000000000001,14.219999999999999,-20.93,56.17,51.03,18.43,13.689999999999998,-11.8,-5.83,-10.28,-21.759999999999998
2025-08-13T16:24:20.128226,-40.0,87.0,-44.0,1.0,4.0,-47.0,-16.0,48.0,22.0,-49.0,90.0,-9.0,-33.51,63.47,-14.780000000000001,5.07,-28.83,-18.97,-25.57,3.6899999999999977,22.2,-34.83,79.72,2.24
2025-08-13T16:24:20.135829,23.0,15.0,-7.0,37.0,41.0,-34.0,-30.0,9.0,16.0,-57.0,89.0,1.0,29.490000000000002,-8.530000000000001,22.22,41.07,8.170000000000002,-5.969999999999999,-39.57,-35.31,16.2,-42.83,78.72,12.24
2025-08-13T16:24:20.140572,-56.0,36.0,44.0,6.0,56.0,0.0,48.0,13.0,-41.0,-23.0,66.0,25.0,-49.51,12.469999999999999,73.22,10.07,23.17,28.03,38.43,-31.310000000000002,-40.8,-8.83,55.72,36.24
2025-08-13T16:24:20.148338,1.0,41.0,-39.0,-73.0,71.0,-81.0,2.0,15.0,-25.0,-1.0,17.0,-6.0,7.49,17.47,-9.780000000000001,-68.93,38.17,-52.97,-7.57,-29.310000000000002,-24.8,13.17,6.720000000000001,5.24
2025-08-13T16:24:20.152893,-19.0,57.0,-26.0,24.0,69.0,-38.0,-50.0,47.0,-10.0,19.0,-6.0,-37.0,-12.51,33.47,3.219999999999999,28.07,36.17,-9.969999999999999,-59.57,2.6899999999999977,-9.8,33.17,-16.28,-25.759999999999998
2025-08-13T16:24:20.160516,-17.0,127.0,-92.0,-28.0,-18.0,-73.0,21.0,113.0,-9.0,46.0,20.0,-21.0,-10.51,103.47,-62.78,-23.93,-50.83,-44.97,11.43,68.69,-8.8,60.17,9.72,-9.76
2025-08-13T16:24:20.164544,-46.0,46.0,-73.0,27.0,51.0,6.0,-8.0,31.0,2.0,11.0,44.0,25.0,-39.51,22.47,-43.78,31.07,18.17,34.03,-17.57,-13.310000000000002,2.2,25.17,33.72,36.24
2025-08-13T16:24:20.172758,15.0,15.0,-58.0,-31.0,0.0,-34.0,25.0,25.0,-26.0,-55.0,49.0,-15.0,21.490000000000002,-8.530000000000001,-28.78,-26.93,-32.83,-5.969999999999999,15.43,-19.310000000000002,-25.8,-40.83,38.72,-3.76
2025-08-13T16:24:20.176966,-5.0,-31.0,-54.0,-8.0,59.0,3.0,22.0,44.0,23.0,13.0,3.0,39.0,1.4900000000000002,-54.53,-24.78,-3.9299999999999997,26.17,31.03,12.43,-0.3100000000000023,23.2,27.17,-7.279999999999999,50.24
2025-08-13T16:24:20.185012,-15.0,-31.0,-59.0,-23.0,21.0,-42.0,-22.0,49.0,-102.0,-57.0,-5.0,-19.0,-8.51,-54.53,-29.78,-18.93,-11.829999999999998,-13.969999999999999,-31.57,4.689999999999998,-101.8,-42.83,-15.28,-7.76
2025-08-13T16:24:20.189305,61.0,17.0,-3.0,-12.0,-1.0,-29.0,-25.0,38.0,32.0,27.0,-42.0,-53.0,67.49,-6.530000000000001,26.22,-7.93,-33.83,-0.9699999999999989,-34.57,-6.310000000000002,32.2,41.17,-52.28,-41.76
2025-08-13T16:24:20.197329,-21.0,-20.0,-1.0,-11.0,48.0,-25.0,6.0,87.0,26.0,-52.0,65.0,-18.0,-14.51,-43.53,28.22,-6.93,15.170000000000002,3.030000000000001,-3.5700000000000003,42.69,26.2,-37.83,54.72,-6.76
2025-08-13T16:24:20.201843,-78.0,6.0,11.0,-26.0,55.0,-25.0,-61.0,28.0,27.0,-47.0,66.0,-33.0,-71.51,-17.53,40.22,-21.93,22.17,3.030000000000001,-70.57,-16.310000000000002,27.2,-32.83,55.72,-21.759999999999998
2025-08-13T16:24:20.209614,-71.0,-9.0,13.0,-38.0,-5.0,-56.0,-19.0,103.0,57.0,2.0,-71.0,-7.0,-64.51,-32.53,42.22,-33.93,-37.83,-27.97,-28.57,58.69,57.2,16.17,-81.28,4.24
2025-08-13T16:24:20.213851,-21.0,65.0,-17.0,8.0,-4.0,2.0,-38.0,59.0,-10.0,17.0,4.0,-42.0,-14.51,41.47,12.219999999999999,12.07,-36.83,30.03,-47.57,14.689999999999998,-9.8,31.17,-6.279999999999999,-30.759999999999998
2025-08-13T16:24:20.221888,-44.0,53.0,-44.0,-25.0,115.0,-48.0,-39.0,16.0,-2.0,25.0,32.0,-55.0,-37.51,29.47,-14.780000000000001,-20.93,82.17,-19.97,-48.57,-28.310000000000002,-1.8,39.17,21.72,-43.76
2025-08-13T16:24:20.226127,-17.0,34.0,-42.0,57.0,37.0,-38.0,12.0,89.0,-56.0,-12.0,39.0,26.0,-10.51,10.469999999999999,-12.780000000000001,61.07,4.170000000000002,-9.969999999999999,2.4299999999999997,44.69,-55.8,2.17,28.72,37.24
2025-08-13T16:24:20.234053,21.0,64.0,-13.0,-18.0,6.0,-11.0,25.0,92.0,-26.0,-21.0,-17.0,-57.0,27.490000000000002,40.47,16.22,-13.93,-26.83,17.03,15.43,47.69,-25.8,-6.83,-27.28,-45.76
2025-08-13T16:24:20.238518,73.0,70.0,-8.0,31.0,-52.0,-35.0,73.0,77.0,11.0,33.0,10.0,48.0,79.49,46.47,21.22,35.07,-84.83,-6.969999999999999,63.43,32.69,11.2,47.17,-0.27999999999999936,59.24
2025-08-13T16:24:20.246583,58.0,46.0,-36.0,-31.0,-26.0,-55.0,55.0,104.0,7.0,-12.0,-18.0,-38.0,64.49,22.47,-6.780000000000001,-26.93,-58.83,-26.97,45.43,59.69,7.2,2.17,-28.28,-26.759999999999998
2025-08-13T16:24:20.250880,-56.0,-15.0,-45.0,-49.0,-3.0,-69.0,-32.0,77.0,30.0,29.0,42.0,-84.0,-49.51,-38.53,-15.780000000000001,-44.93,-35.83,-40.97,-41.57,32.69,30.2,43.17,31.72,-72.76
2025-08-13T16:24:20.258827,-33.0,21.0,-51.0,34.0,41.0,-49.0,-9.0,62.0,9.0,76.0,-21.0,-82.0,-26.509999999999998,-2.530000000000001,-21.78,38.07,8.170000000000002,-20.97,-18.57,17.689999999999998,9.2,90.17,-31.28,-70.76
2025-08-13T16:24:20.263011,4.0,-7.0,-55.0,22.0,-23.0,-60.0,-17.0,52.0,-3.0,44.0,-32.0,-29.0,10.49,-30.53,-25.78,26.07,-55.83,-31.97,-26.57,7.689999999999998,-2.8,58.17,-42.28,-17.759999999999998
2025-08-13T16:24:20.271033,46.0,-28.0,-58.0,24.0,62.0,-37.0,-71.0,48.0,21.0,19.0,-18.0,-21.0,52.49,-51.53,-28.78,28.07,29.17,-8.969999999999999,-80.57,3.6899999999999977,21.2,33.17,-28.28,-9.76
2025-08-13T16:24:20.275476,-21.0,22.0,-39.0,-130.0,46.0,-61.0,27.0,12.0,98.0,-62.0,0.0,-6.0,-14.51,-1.5300000000000011,-9.780000000000001,-125.93,13.170000000000002,-32.97,17.43,-32.31,98.2,-47.83,-10.28,5.24
2025-08-13T16:24:20.283181,-57.0,71.0,-22.0,19.0,-11.0,-111.0,33.0,55.0,-24.0,4.0,28.0,6.0,-50.51,47.47,7.219999999999999,23.07,-43.83,-82.97,23.43,10.689999999999998,-23.8,18.17,17.72,17.240000000000002
2025-08-13T16:24:20.287787,15.0,35.0,-62.0,-30.0,61.0,-7.0,-27.0,41.0,33.0,-5.0,-30.0,-55.0,21.490000000000002,11.469999999999999,-32.78,-25.93,28.17,21.03,-36.57,-3.3100000000000023,33.2,9.17,-40.28,-43.76
2025-08-13T16:24:20.295607,-43.0,45.0,-35.0,-2.0,55.0,-59.0,38.0,68.0,-57.0,-29.0,59.0,-38.0,-36.51,21.47,-5.780000000000001,2.0700000000000003,22.17,-30.97,28.43,23.689999999999998,-56.8,-14.83,48.72,-26.759999999999998
2025-08-13T16:24:20.300014,5.0,62.0,-10.0,31.0,12.0,-36.0,20.0,90.0,2.0,-59.0,34.0,46.0,11.49,38.47,19.22,35.07,-20.83,-7.969999999999999,10.43,45.69,2.2,-44.83,23.72,57.24
2025-08-13T16:24:20.308091,-38.0,-50.0,-94.0,-39.0,92.0,-58.0,30.0,28.0,-27.0,12.0,9.0,-16.0,-31.509999999999998,-73.53,-64.78,-34.93,59.17,-29.97,20.43,-16.310000000000002,-26.8,26.17,-1.2799999999999994,-4.76
2025-08-13T16:24:20.312624,-65.0,98.0,-71.0,0.0,62.0,-44.0,49.0,41.0,-24.0,-57.0,63.0,-41.0,-58.51,74.47,-41.78,4.07,29.17,-15.969999999999999,39.43,-3.3100000000000023,-23.8,-42.83,52.72,-29.759999999999998
2025-08-13T16:24:20.321467,-39.0,49.0,-39.0,-24.0,69.0,-70.0,45.0,63.0,-94.0,-10.0,20.0,-50.0,-32.51,25.47,-9.780000000000001,-19.93,36.17,-41.97,35.43,18.689999999999998,-93.8,4.17,9.72,-38.76
2025-08-13T16:24:20.328788,44.0,83.0,-31.0,-26.0,19.0,-41.0,23.0,50.0,-7.0,-25.0,-14.0,18.0,50.49,59.47,-1.7800000000000011,-21.93,-13.829999999999998,-12.969999999999999,13.43,5.689999999999998,-6.8,-10.83,-24.28,29.240000000000002
2025-08-13T16:24:20.334606,35.0,0.0,-52.0,-28.0,-14.0,-16.0,65.0,59.0,20.0,13.0,3.0,-38.0,41.49,-23.53,-22.78,-23.93,-46.83,12.030000000000001,55.43,14.689999999999998,20.2,27.17,-7.279999999999999,-26.759999999999998
2025-08-13T16:24:20.343795,-3.0,-7.0,-24.0,-52.0,27.0,-53.0,-21.0,53.0,-30.0,2.0,121.0,-66.0,3.49,-30.53,5.219999999999999,-47.93,-5.829999999999998,-24.97,-30.57,8.689999999999998,-29.8,16.17,110.72,-54.76
2025-08-13T16:24:20.352830,12.0,-3.0,-65.0,7.0,104.0,-59.0,-11.0,84.0,-18.0,-49.0,17.0,-54.0,18.490000000000002,-26.53,-35.78,11.07,71.17,-30.97,-20.57,39.69,-17.8,-34.83,6.720000000000001,-42.76
2025-08-13T16:24:20.360855,39.0,29.0,-42.0,-77.0,41.0,-7.0,-30.0,23.0,-46.0,-11.0,17.0,-61.0,45.49,5.469999999999999,-12.780000000000001,-72.93,8.170000000000002,21.03,-39.57,-21.310000000000002,-45.8,3.17,6.720000000000001,-49.76
2025-08-13T16:24:20.366073,34.0,45.0,-58.0,18.0,24.0,-56.0,-20.0,97.0,-44.0,-10.0,-17.0,-44.0,40.49,21.47,-28.78,22.07,-8.829999999999998,-27.97,-29.57,52.69,-43.8,4.17,-27.28,-32.76
2025-08-13T16:24:20.370101,45.0,70.0,-58.0,10.0,20.0,-21.0,-12.0,39.0,-24.0,-21.0,1.0,-107.0,51.49,46.47,-28.78,14.07,-12.829999999999998,7.030000000000001,-21.57,-5.310000000000002,-23.8,-6.83,-9.28,-95.76
2025-08-13T16:24:20.374139,-14.0,10.0,4.0,74.0,43.0,-69.0,27.0,23.0,3.0,-68.0,-8.0,-3.0,-7.51,-13.530000000000001,33.22,78.07,10.170000000000002,-40.97,17.43,-21.310000000000002,3.2,-53.83,-18.28,8.24
2025-08-13T16:24:20.377003,3.0,25.0,-31.0,21.0,41.0,-54.0,44.0,42.0,-9.0,38.0,-54.0,-66.0,9.49,1.4699999999999989,-1.7800000000000011,25.07,8.170000000000002,-25.97,34.43,-2.3100000000000023,-8.8,52.17,-64.28,-54.76
2025-08-13T16:24:20.379453,-3.0,51.0,-79.0,-30.0,63.0,-49.0,67.0,37.0,8.0,-49.0,34.0,-7.0,3.49,27.47,-49.78,-25.93,30.17,-20.97,57.43,-7.310000000000002,8.2,-34.83,23.72,4.24
2025-08-13T16:24:20.385628,-16.0,21.0,-48.0,23.0,29.0,-98.0,-2.0,-11.0,-49.0,-4.0,3.0,-31.0,-9.51,-2.530000000000001,-18.78,27.07,-3.8299999999999983,-69.97,-11.57,-55.31,-48.8,10.17,-7.279999999999999,-19.759999999999998
2025-08-13T16:24:20.393699,-22.0,-41.0,10.0,-11.0,46.0,-53.0,-9.0,83.0,-48.0,23.0,-28.0,-60.0,-15.51,-64.53,39.22,-6.93,13.170000000000002,-24.97,-18.57,38.69,-47.8,37.17,-38.28,-48.76
2025-08-13T16:24:20.397963,-8.0,1.0,-39.0,39.0,-30.0,-34.0,26.0,-8.0,-6.0,-56.0,5.0,-18.0,-1.5099999999999998,-22.53,-9.780000000000001,43.07,-62.83,-5.969999999999999,16.43,-52.31,-5.8,-41.83,-5.279999999999999,-6.76
2025-08-13T16:24:20.402095,-18.0,4.0,8.0,-7.0,15.0,-24.0,14.0,30.0,66.0,-9.0,6.0,-61.0,-11.51,-19.53,37.22,-2.9299999999999997,-17.83,4.030000000000001,4.43,-14.310000000000002,66.2,5.17,-4.279999999999999,-49.76
2025-08-13T16:24:20.410257,11.0,95.0,-34.0,-38.0,33.0,-103.0,24.0,58.0,-15.0,-48.0,-2.0,8.0,17.490000000000002,71.47,-4.780000000000001,-33.93,0.1700000000000017,-74.97,14.43,13.689999999999998,-14.8,-33.83,-12.28,19.240000000000002
2025-08-13T16:24:20.414453,3.0,50.0,5.0,-43.0,25.0,-99.0,4.0,65.0,3.0,-43.0,7.0,19.0,9.49,26.47,34.22,-38.93,-7.829999999999998,-70.97,-5.57,20.689999999999998,3.2,-28.83,-3.2799999999999994,30.240000000000002
2025-08-13T16:24:20.422683,-12.0,79.0,-27.0,2.0,5.0,-81.0,-21.0,50.0,-23.0,-2.0,42.0,-57.0,-5.51,55.47,2.219999999999999,6.07,-27.83,-52.97,-30.57,5.689999999999998,-22.8,12.17,31.72,-45.76
2025-08-13T16:24:20.426924,-22.0,6.0,33.0,-23.0,42.0,-80.0,26.0,90.0,-18.0,-54.0,103.0,27.0,-15.51,-17.53,62.22,-18.93,9.170000000000002,-51.97,16.43,45.69,-17.8,-39.83,92.72,38.24
2025-08-13T16:24:20.434965,10.0,25.0,-8.0,-16.0,-43.0,-52.0,-79.0,52.0,-32.0,-26.0,48.0,-9.0,16.490000000000002,1.4699999999999989,21.22,-11.93,-75.83,-23.97,-88.57,7.689999999999998,-31.8,-11.83,37.72,2.24
2025-08-13T16:24:20.439191,-16.0,59.0,-45.0,26.0,15.0,-90.0,-22.0,67.0,-33.0,-96.0,32.0,-59.0,-9.51,35.47,-15.780000000000001,30.07,-17.83,-61.97,-31.57,22.689999999999998,-32.8,-81.83,21.72,-47.76
2025-08-13T16:24:20.447212,1.0,44.0,-72.0,15.0,34.0,-117.0,-65.0,-17.0,-21.0,19.0,4.0,-96.0,7.49,20.47,-42.78,19.07,1.1700000000000017,-88.97,-74.57,-61.31,-20.8,33.17,-6.279999999999999,-84.76
2025-08-13T16:24:20.451411,15.0,13.0,-47.0,22.0,8.0,1.0,2.0,41.0,31.0,38.0,24.0,-54.0,21.490000000000002,-10.530000000000001,-17.78,26.07,-24.83,29.03,-7.57,-3.3100000000000023,31.2,52.17,13.72,-42.76
2025-08-13T16:24:20.459351,51.0,17.0,-70.0,-5.0,19.0,-58.0,68.0,85.0,-17.0,-3.0,-39.0,-73.0,57.49,-6.530000000000001,-40.78,-0.9299999999999997,-13.829999999999998,-29.97,58.43,40.69,-16.8,11.17,-49.28,-61.76
2025-08-13T16:24:20.463615,-44.0,83.0,-115.0,-16.0,8.0,-95.0,33.0,83.0,-102.0,-53.0,41.0,-27.0,-37.51,59.47,-85.78,-11.93,-24.83,-66.97,23.43,38.69,-101.8,-38.83,30.72,-15.76
2025-08-13T16:24:20.471620,46.0,-10.0,-94.0,18.0,58.0,-71.0,-19.0,81.0,-84.0,33.0,-32.0,-62.0,52.49,-33.53,-64.78,22.07,25.17,-42.97,-28.57,36.69,-83.8,47.17,-42.28,-50.76
2025-08-13T16:24:20.475888,-8.0,54.0,-53.0,-27.0,7.0,-37.0,14.0,73.0,-23.0,33.0,-56.0,-47.0,-1.5099999999999998,30.47,-23.78,-22.93,-25.83,-8.969999999999999,4.43,28.689999999999998,-22.8,47.17,-66.28,-35.76
2025-08-13T16:24:20.484066,-88.0,39.0,-2.0,30.0,-4.0,-65.0,-6.0,72.0,-23.0,-17.0,36.0,-116.0,-81.51,15.469999999999999,27.22,34.07,-36.83,-36.97,-15.57,27.689999999999998,-22.8,-2.83,25.72,-104.76
2025-08-13T16:24:20.488229,12.0,-3.0,-75.0,-54.0,16.0,-77.0,-17.0,65.0,-15.0,-67.0,22.0,-28.0,18.490000000000002,-26.53,-45.78,-49.93,-16.83,-48.97,-26.57,20.689999999999998,-14.8,-52.83,11.72,-16.759999999999998
2025-08-13T16:24:20.496289,-26.0,14.0,-49.0,77.0,56.0,-47.0,38.0,7.0,37.0,-27.0,19.0,-13.0,-19.509999999999998,-9.530000000000001,-19.78,81.07,23.17,-18.97,28.43,-37.31,37.2,-12.83,8.72,-1.7599999999999998
2025-08-13T16:24:20.500519,58.0,63.0,-36.0,-25.0,27.0,-73.0,30.0,73.0,55.0,-55.0,-30.0,32.0,64.49,39.47,-6.780000000000001,-20.93,-5.829999999999998,-44.97,20.43,28.689999999999998,55.2,-40.83,-40.28,43.24
2025-08-13T16:24:20.508422,-3.0,60.0,-6.0,39.0,-5.0,-79.0,-23.0,53.0,11.0,5.0,27.0,-51.0,3.49,36.47,23.22,43.07,-37.83,-50.97,-32.57,8.689999999999998,11.2,19.17,16.72,-39.76
2025-08-13T16:24:20.512894,-25.0,70.0,11.0,22.0,77.0,-76.0,-29.0,74.0,-52.0,-9.0,129.0,-10.0,-18.509999999999998,46.47,40.22,26.07,44.17,-47.97,-38.57,29.689999999999998,-51.8,5.17,118.72,1.2400000000000002
2025-08-13T16:24:20.520739,-42.0,93.0,-142.0,-19.0,20.0,-36.0,-5.0,-6.0,-54.0,-9.0,-12.0,-60.0,-35.51,69.47,-112.78,-14.93,-12.829999999999998,-7.969999999999999,-14.57,-50.31,-53.8,5.17,-22.28,-48.76
2025-08-13T16:24:20.525146,-83.0,55.0,-75.0,3.0,-14.0,-20.0,15.0,37.0,-54.0,-54.0,9.0,-42.0,-76.51,31.47,-45.78,7.07,-46.83,8.030000000000001,5.43,-7.310000000000002,-53.8,-39.83,-1.2799999999999994,-30.759999999999998
2025-08-13T16:24:20.532967,-47.0,84.0,-116.0,98.0,18.0,-80.0,-7.0,45.0,-22.0,-41.0,17.0,-84.0,-40.51,60.47,-86.78,102.07,-14.829999999999998,-51.97,-16.57,0.6899999999999977,-21.8,-26.83,6.720000000000001,-72.76
2025-08-13T16:24:20.537350,37.0,76.0,-36.0,-14.0,46.0,-77.0,2.0,28.0,-3.0,-16.0,-75.0,-76.0,43.49,52.47,-6.780000000000001,-9.93,13.170000000000002,-48.97,-7.57,-16.310000000000002,-2.8,-1.83,-85.28,-64.76
2025-08-13T16:24:20.545375,-37.0,125.0,-126.0,-16.0,-19.0,-48.0,46.0,47.0,-34.0,-6.0,3.0,-56.0,-30.509999999999998,101.47,-96.78,-11.93,-51.83,-19.97,36.43,2.6899999999999977,-33.8,8.17,-7.279999999999999,-44.76
2025-08-13T16:24:20.549740,101.0,34.0,-83.0,-23.0,15.0,-32.0,17.0,13.0,-45.0,-27.0,48.0,-76.0,107.49,10.469999999999999,-53.78,-18.93,-17.83,-3.969999999999999,7.43,-31.310000000000002,-44.8,-12.83,37.72,-64.76
2025-08-13T16:24:20.557663,48.0,-3.0,-20.0,-55.0,20.0,-60.0,-53.0,67.0,-71.0,-58.0,14.0,-39.0,54.49,-26.53,9.219999999999999,-50.93,-12.829999999999998,-31.97,-62.57,22.689999999999998,-70.8,-43.83,3.7200000000000006,-27.759999999999998
2025-08-13T16:24:20.561809,32.0,-70.0,-4.0,3.0,13.0,-71.0,51.0,65.0,-46.0,-69.0,85.0,-4.0,38.49,-93.53,25.22,7.07,-19.83,-42.97,41.43,20.689999999999998,-45.8,-54.83,74.72,7.24
2025-08-13T16:24:20.569842,28.0,67.0,-38.0,-31.0,-16.0,-56.0,-40.0,92.0,-24.0,-29.0,13.0,-48.0,34.49,43.47,-8.780000000000001,-26.93,-48.83,-27.97,-49.57,47.69,-23.8,-14.83,2.7200000000000006,-36.76
2025-08-13T16:24:20.574358,28.0,43.0,-51.0,75.0,15.0,-32.0,-17.0,110.0,-28.0,-31.0,80.0,-105.0,34.49,19.47,-21.78,79.07,-17.83,-3.969999999999999,-26.57,65.69,-27.8,-16.83,69.72,-93.76
2025-08-13T16:24:20.582365,8.0,52.0,-64.0,34.0,31.0,-64.0,-32.0,60.0,-108.0,-24.0,-4.0,-82.0,14.49,28.47,-34.78,38.07,-1.8299999999999983,-35.97,-41.57,15.689999999999998,-107.8,-9.83,-14.28,-70.76
2025-08-13T16:24:20.586516,21.0,36.0,-31.0,8.0,7.0,-29.0,0.0,82.0,-68.0,12.0,73.0,-72.0,27.490000000000002,12.469999999999999,-1.7800000000000011,12.07,-25.83,-0.9699999999999989,-9.57,37.69,-67.8,26.17,62.72,-60.76
2025-08-13T16:24:20.590947,7.0,20.0,32.0,9.0,51.0,-70.0,7.0,70.0,-67.0,-66.0,42.0,-100.0,13.49,-3.530000000000001,61.22,13.07,18.17,-41.97,-2.5700000000000003,25.689999999999998,-66.8,-51.83,31.72,-88.76
2025-08-13T16:24:20.598712,-26.0,34.0,7.0,-68.0,-39.0,0.0,-47.0,68.0,-42.0,-65.0,67.0,-72.0,-19.509999999999998,10.469999999999999,36.22,-63.93,-71.83,28.03,-56.57,23.689999999999998,-41.8,-50.83,56.72,-60.76
2025-08-13T16:24:20.603107,-23.0,69.0,-11.0,25.0,45.0,-105.0,-18.0,21.0,-36.0,14.0,47.0,-68.0,-16.509999999999998,45.47,18.22,29.07,12.170000000000002,-76.97,-27.57,-23.310000000000002,-35.8,28.17,36.72,-56.76
2025-08-13T16:24:20.611115,16.0,42.0,-76.0,18.0,36.0,-52.0,27.0,40.0,-48.0,18.0,45.0,-23.0,22.490000000000002,18.47,-46.78,22.07,3.1700000000000017,-23.97,17.43,-4.310000000000002,-47.8,32.17,34.72,-11.76
2025-08-13T16:24:20.615189,18.0,44.0,-83.0,27.0,57.0,-44.0,64.0,-33.0,-31.0,39.0,-1.0,-64.0,24.490000000000002,20.47,-53.78,31.07,24.17,-15.969999999999999,54.43,-77.31,-30.8,53.17,-11.28,-52.76
2025-08-13T16:24:20.623310,-11.0,11.0,-116.0,-42.0,-45.0,-92.0,39.0,29.0,-27.0,22.0,12.0,-80.0,-4.51,-12.530000000000001,-86.78,-37.93,-77.83,-63.97,29.43,-15.310000000000002,-26.8,36.17,1.7200000000000006,-68.76
2025-08-13T16:24:20.627389,-3.0,-12.0,-78.0,-26.0,25.0,-60.0,1.0,33.0,-17.0,5.0,15.0,-25.0,3.49,-35.53,-48.78,-21.93,-7.829999999999998,-31.97,-8.57,-11.310000000000002,-16.8,19.17,4.720000000000001,-13.76
2025-08-13T16:24:20.635809,50.0,64.0,-83.0,12.0,85.0,-19.0,-17.0,2.0,-50.0,-4.0,48.0,-67.0,56.49,40.47,-53.78,16.07,52.17,9.030000000000001,-26.57,-42.31,-49.8,10.17,37.72,-55.76
2025-08-13T16:24:20.639870,68.0,-28.0,-109.0,-12.0,-20.0,-85.0,33.0,122.0,-47.0,20.0,-36.0,-8.0,74.49,-51.53,-79.78,-7.93,-52.83,-56.97,23.43,77.69,-46.8,34.17,-46.28,3.24
2025-08-13T16:24:20.647980,14.0,44.0,-39.0,17.0,10.0,-75.0,-20.0,51.0,-28.0,37.0,78.0,-103.0,20.490000000000002,20.47,-9.780000000000001,21.07,-22.83,-46.97,-29.57,6.689999999999998,-27.8,51.17,67.72,-91.76
2025-08-13T16:24:20.652231,-35.0,-7.0,-52.0,-11.0,2.0,-66.0,-25.0,13.0,-83.0,-2.0,-50.0,-37.0,-28.509999999999998,-30.53,-22.78,-6.93,-30.83,-37.97,-34.57,-31.310000000000002,-82.8,12.17,-60.28,-25.759999999999998
2025-08-13T16:24:20.660419,-61.0,-33.0,-89.0,53.0,56.0,-44.0,46.0,3.0,-45.0,-17.0,61.0,-66.0,-54.51,-56.53,-59.78,57.07,23.17,-15.969999999999999,36.43,-41.31,-44.8,-2.83,50.72,-54.76
2025-08-13T16:24:20.664721,-52.0,35.0,-46.0,-84.0,-25.0,-13.0,9.0,44.0,-39.0,-64.0,39.0,-17.0,-45.51,11.469999999999999,-16.78,-79.93,-57.83,15.030000000000001,-0.5700000000000003,-0.3100000000000023,-38.8,-49.83,28.72,-5.76
2025-08-13T16:24:20.672644,26.0,35.0,-93.0,41.0,21.0,-82.0,9.0,5.0,-71.0,0.0,70.0,-135.0,32.49,11.469999999999999,-63.78,45.07,-11.829999999999998,-53.97,-0.5700000000000003,-39.31,-70.8,14.17,59.72,-123.76
2025-08-13T16:24:20.677169,-4.0,84.0,-67.0,-16.0,21.0,-89.0,-41.0,43.0,-48.0,46.0,-7.0,-19.0,2.49,60.47,-37.78,-11.93,-11.829999999999998,-60.97,-50.57,-1.3100000000000023,-47.8,60.17,-17.28,-7.76
2025-08-13T16:24:20.685037,37.0,-3.0,-42.0,-9.0,31.0,-43.0,-19.0,29.0,-14.0,-15.0,18.0,-92.0,43.49,-26.53,-12.780000000000001,-4.93,-1.8299999999999983,-14.969999999999999,-28.57,-15.310000000000002,-13.8,-0.8300000000000001,7.720000000000001,-80.76
2025-08-13T16:24:20.689040,-34.0,86.0,-50.0,35.0,-13.0,-79.0,-11.0,-36.0,-45.0,7.0,85.0,-32.0,-27.509999999999998,62.47,-20.78,39.07,-45.83,-50.97,-20.57,-80.31,-44.8,21.17,74.72,-20.759999999999998
2025-08-13T16:24:20.696900,-57.0,128.0,-93.0,16.0,30.0,-78.0,35.0,80.0,-36.0,-94.0,19.0,-86.0,-50.51,104.47,-63.78,20.07,-2.8299999999999983,-49.97,25.43,35.69,-35.8,-79.83,8.72,-74.76
2025-08-13T16:24:20.701772,23.0,21.0,-80.0,-63.0,40.0,-101.0,1.0,33.0,-19.0,2.0,-14.0,-28.0,29.490000000000002,-2.530000000000001,-50.78,-58.93,7.170000000000002,-72.97,-8.57,-11.310000000000002,-18.8,16.17,-24.28,-16.759999999999998
2025-08-13T16:24:20.709294,-41.0,99.0,-147.0,51.0,61.0,-89.0,-20.0,99.0,-98.0,-22.0,18.0,-35.0,-34.51,75.47,-117.78,55.07,28.17,-60.97,-29.57,54.69,-97.8,-7.83,7.720000000000001,-23.759999999999998
2025-08-13T16:24:20.713777,27.0,-1.0,-55.0,5.0,55.0,-47.0,-52.0,38.0,-69.0,-10.0,8.0,-58.0,33.49,-24.53,-25.78,9.07,22.17,-18.97,-61.57,-6.310000000000002,-68.8,4.17,-2.2799999999999994,-46.76
2025-08-13T16:24:20.721613,24.0,119.0,-112.0,48.0,10.0,-99.0,-3.0,69.0,-8.0,-85.0,73.0,-28.0,30.490000000000002,95.47,-82.78,52.07,-22.83,-70.97,-12.57,24.689999999999998,-7.8,-70.83,62.72,-16.759999999999998
2025-08-13T16:24:20.726073,19.0,50.0,-62.0,43.0,57.0,-111.0,-1.0,71.0,-80.0,2.0,26.0,-7.0,25.490000000000002,26.47,-32.78,47.07,24.17,-82.97,-10.57,26.689999999999998,-79.8,16.17,15.72,4.24
2025-08-13T16:24:20.733882,28.0,18.0,-137.0,79.0,-16.0,-102.0,-37.0,-33.0,-40.0,-66.0,40.0,-37.0,34.49,-5.530000000000001,-107.78,83.07,-48.83,-73.97,-46.57,-77.31,-39.8,-51.83,29.72,-25.759999999999998
2025-08-13T16:24:20.738288,57.0,94.0,-54.0,-47.0,-25.0,-51.0,0.0,115.0,-84.0,-54.0,-49.0,-93.0,63.49,70.47,-24.78,-42.93,-57.83,-22.97,-9.57,70.69,-83.8,-39.83,-59.28,-81.76
2025-08-13T16:24:20.746155,20.0,37.0,-78.0,-31.0,1.0,-166.0,-20.0,43.0,-40.0,-81.0,20.0,-73.0,26.490000000000002,13.469999999999999,-48.78,-26.93,-31.83,-137.97,-29.57,-1.3100000000000023,-39.8,-66.83,9.72,-61.76
2025-08-13T16:24:20.750882,-49.0,-31.0,-87.0,-61.0,22.0,-115.0,-8.0,80.0,-53.0,-6.0,-19.0,-67.0,-42.51,-54.53,-57.78,-56.93,-10.829999999999998,-86.97,-17.57,35.69,-52.8,8.17,-29.28,-55.76
2025-08-13T16:24:20.758463,-40.0,-5.0,-113.0,63.0,33.0,-122.0,-56.0,59.0,-85.0,-48.0,49.0,-77.0,-33.51,-28.53,-83.78,67.07,0.1700000000000017,-93.97,-65.57,14.689999999999998,-84.8,-33.83,38.72,-65.76
2025-08-13T16:24:20.762971,-11.0,21.0,-68.0,-22.0,43.0,-91.0,14.0,60.0,-47.0,-72.0,-14.0,-74.0,-4.51,-2.530000000000001,-38.78,-17.93,10.170000000000002,-62.97,4.43,15.689999999999998,-46.8,-57.83,-24.28,-62.76
2025-08-13T16:24:20.770734,-44.0,122.0,-97.0,59.0,23.0,-32.0,-12.0,49.0,-31.0,-29.0,28.0,-50.0,-37.51,98.47,-67.78,63.07,-9.829999999999998,-3.969999999999999,-21.57,4.689999999999998,-30.8,-14.83,17.72,-38.76
2025-08-13T16:24:20.775220,-15.0,49.0,-90.0,59.0,-30.0,-101.0,-27.0,89.0,-78.0,-89.0,33.0,-71.0,-8.51,25.47,-60.78,63.07,-62.83,-72.97,-36.57,44.69,-77.8,-74.83,22.72,-59.76
2025-08-13T16:24:20.783143,2.0,33.0,-172.0,36.0,36.0,-124.0,46.0,-4.0,-89.0,-41.0,89.0,-11.0,8.49,9.469999999999999,-142.78,40.07,3.1700000000000017,-95.97,36.43,-48.31,-88.8,-26.83,78.72,0.2400000000000002
2025-08-13T16:24:20.787767,-60.0,4.0,-94.0,82.0,-13.0,-87.0,-24.0,101.0,-104.0,-30.0,-12.0,-9.0,-53.51,-19.53,-64.78,86.07,-45.83,-58.97,-33.57,56.69,-103.8,-15.83,-22.28,2.24
2025-08-13T16:24:20.795531,-13.0,17.0,-67.0,13.0,-14.0,-130.0,-13.0,-5.0,-142.0,7.0,29.0,-66.0,-6.51,-6.530000000000001,-37.78,17.07,-46.83,-101.97,-22.57,-49.31,-141.8,21.17,18.72,-54.76
2025-08-13T16:24:20.799893,18.0,66.0,-141.0,-9.0,74.0,-113.0,1.0,40.0,-22.0,-23.0,-4.0,-104.0,24.490000000000002,42.47,-111.78,-4.93,41.17,-84.97,-8.57,-4.310000000000002,-21.8,-8.83,-14.28,-92.76
2025-08-13T16:24:20.807984,-56.0,80.0,-156.0,-17.0,-21.0,-102.0,-37.0,95.0,-79.0,-54.0,-26.0,-25.0,-49.51,56.47,-126.78,-12.93,-53.83,-73.97,-46.57,50.69,-78.8,-39.83,-36.28,-13.76
2025-08-13T16:24:20.812277,11.0,73.0,-178.0,66.0,24.0,-110.0,-36.0,33.0,-90.0,-71.0,58.0,-100.0,17.490000000000002,49.47,-148.78,70.07,-8.829999999999998,-81.97,-45.57,-11.310000000000002,-89.8,-56.83,47.72,-88.76
2025-08-13T16:24:20.820132,60.0,43.0,-96.0,28.0,43.0,-120.0,-56.0,23.0,-154.0,-20.0,92.0,-102.0,66.49,19.47,-66.78,32.07,10.170000000000002,-91.97,-65.57,-21.310000000000002,-153.8,-5.83,81.72,-90.76
2025-08-13T16:24:20.824873,29.0,45.0,-87.0,-22.0,-10.0,-101.0,22.0,8.0,-72.0,-45.0,-12.0,-82.0,35.49,21.47,-57.78,-17.93,-42.83,-72.97,12.43,-36.31,-71.8,-30.83,-22.28,-70.76
2025-08-13T16:24:20.833360,18.0,33.0,-74.0,-3.0,25.0,-57.0,-20.0,61.0,-50.0,-38.0,56.0,-69.0,24.490000000000002,9.469999999999999,-44.78,1.0700000000000003,-7.829999999999998,-28.97,-29.57,16.689999999999998,-49.8,-23.83,45.72,-57.76
2025-08-13T16:24:20.837093,43.0,7.0,-94.0,60.0,28.0,-35.0,8.0,66.0,-75.0,-9.0,35.0,-90.0,49.49,-16.53,-64.78,64.07,-4.829999999999998,-6.969999999999999,-1.5700000000000003,21.689999999999998,-74.8,5.17,24.72,-78.76
2025-08-13T16:24:20.845062,-79.0,79.0,-71.0,-8.0,-23.0,-116.0,-27.0,43.0,-85.0,1.0,33.0,-84.0,-72.51,55.47,-41.78,-3.9299999999999997,-55.83,-87.97,-36.57,-1.3100000000000023,-84.8,15.17,22.72,-72.76
2025-08-13T16:24:20.849565,2.0,38.0,-141.0,-7.0,2.0,-168.0,-52.0,-38.0,-120.0,-29.0,-24.0,-112.0,8.49,14.469999999999999,-111.78,-2.9299999999999997,-30.83,-139.97,-61.57,-82.31,-119.8,-14.83,-34.28,-100.76
2025-08-13T16:24:20.858017,-37.0,76.0,-121.0,33.0,38.0,-109.0,34.0,14.0,-82.0,-67.0,12.0,-52.0,-30.509999999999998,52.47,-91.78,37.07,5.170000000000002,-80.97,24.43,-30.310000000000002,-81.8,-52.83,1.7200000000000006,-40.76
2025-08-13T16:24:20.863052,8.0,137.0,-129.0,32.0,4.0,-91.0,-17.0,31.0,-130.0,-32.0,55.0,-115.0,14.49,113.47,-99.78,36.07,-28.83,-62.97,-26.57,-13.310000000000002,-129.8,-17.83,44.72,-103.76
2025-08-13T16:24:20.869395,19.0,52.0,-165.0,54.0,38.0,-121.0,-64.0,83.0,-69.0,-55.0,13.0,-162.0,25.490000000000002,28.47,-135.78,58.07,5.170000000000002,-92.97,-73.57,38.69,-68.8,-40.83,2.7200000000000006,-150.76
2025-08-13T16:24:20.875258,-32.0,45.0,-123.0,7.0,2.0,-83.0,-11.0,72.0,-56.0,-89.0,10.0,-167.0,-25.509999999999998,21.47,-93.78,11.07,-30.83,-54.97,-20.57,27.689999999999998,-55.8,-74.83,-0.27999999999999936,-155.76
2025-08-13T16:24:20.882123,42.0,12.0,-111.0,1.0,43.0,-106.0,-3.0,52.0,-79.0,-81.0,58.0,-58.0,48.49,-11.530000000000001,-81.78,5.07,10.170000000000002,-77.97,-12.57,7.689999999999998,-78.8,-66.83,47.72,-46.76
2025-08-13T16:24:20.886521,35.0,-40.0,-131.0,57.0,62.0,-103.0,-69.0,114.0,-113.0,12.0,37.0,-47.0,41.49,-63.53,-101.78,61.07,29.17,-74.97,-78.57,69.69,-112.8,26.17,26.72,-35.76
2025-08-13T16:24:20.894941,-33.0,60.0,-78.0,-11.0,3.0,-109.0,-65.0,46.0,-190.0,-70.0,-64.0,-71.0,-26.509999999999998,36.47,-48.78,-6.93,-29.83,-80.97,-74.57,1.6899999999999977,-189.8,-55.83,-74.28,-59.76
2025-08-13T16:24:20.900034,-10.0,68.0,-116.0,-1.0,56.0,-59.0,-52.0,42.0,-125.0,17.0,43.0,-67.0,-3.51,44.47,-86.78,3.0700000000000003,23.17,-30.97,-61.57,-2.3100000000000023,-124.8,31.17,32.72,-55.76
2025-08-13T16:24:20.906341,15.0,77.0,-131.0,44.0,39.0,-190.0,-40.0,25.0,-87.0,-74.0,12.0,-111.0,21.490000000000002,53.47,-101.78,48.07,6.170000000000002,-161.97,-49.57,-19.310000000000002,-86.8,-59.83,1.7200000000000006,-99.76
2025-08-13T16:24:20.914678,68.0,58.0,-136.0,-15.0,44.0,-86.0,-52.0,23.0,-101.0,-38.0,97.0,-103.0,74.49,34.47,-106.78,-10.93,11.170000000000002,-57.97,-61.57,-21.310000000000002,-100.8,-23.83,86.72,-91.76
2025-08-13T16:24:20.919302,79.0,22.0,-116.0,91.0,15.0,-169.0,-45.0,84.0,-121.0,0.0,12.0,-172.0,85.49,-1.5300000000000011,-86.78,95.07,-17.83,-140.97,-54.57,39.69,-120.8,14.17,1.7200000000000006,-160.76
2025-08-13T16:24:20.926410,-6.0,16.0,-103.0,-78.0,2.0,-94.0,-97.0,27.0,-114.0,-15.0,-55.0,-117.0,0.4900000000000002,-7.530000000000001,-73.78,-73.93,-30.83,-65.97,-106.57,-17.310000000000002,-113.8,-0.8300000000000001,-65.28,-105.76
2025-08-13T16:24:20.930740,13.0,92.0,-136.0,83.0,83.0,-120.0,-44.0,39.0,-73.0,-55.0,-23.0,-148.0,19.490000000000002,68.47,-106.78,87.07,50.17,-91.97,-53.57,-5.310000000000002,-72.8,-40.83,-33.28,-136.76
2025-08-13T16:24:20.938911,11.0,84.0,-131.0,-4.0,16.0,-134.0,-50.0,-10.0,-183.0,-33.0,106.0,-130.0,17.490000000000002,60.47,-101.78,0.07000000000000028,-16.83,-105.97,-59.57,-54.31,-182.8,-18.83,95.72,-118.76
2025-08-13T16:24:20.943042,-8.0,66.0,-201.0,80.0,0.0,-108.0,-28.0,68.0,-85.0,-105.0,21.0,-146.0,-1.5099999999999998,42.47,-171.78,84.07,-32.83,-79.97,-37.57,23.689999999999998,-84.8,-90.83,10.72,-134.76
2025-08-13T16:24:20.951134,64.0,91.0,-123.0,47.0,-63.0,-142.0,-41.0,4.0,-55.0,-76.0,-37.0,-110.0,70.49,67.47,-93.78,51.07,-95.83,-113.97,-50.57,-40.31,-54.8,-61.83,-47.28,-98.76
2025-08-13T16:24:20.955585,-6.0,77.0,-179.0,0.0,60.0,-130.0,26.0,25.0,-103.0,-65.0,28.0,-163.0,0.4900000000000002,53.47,-149.78,4.07,27.17,-101.97,16.43,-19.310000000000002,-102.8,-50.83,17.72,-151.76
2025-08-13T16:24:20.963385,-8.0,63.0,-149.0,20.0,7.0,-144.0,2.0,62.0,-103.0,-9.0,17.0,-127.0,-1.5099999999999998,39.47,-119.78,24.07,-25.83,-115.97,-7.57,17.689999999999998,-102.8,5.17,6.720000000000001,-115.76
2025-08-13T16:24:20.967652,7.0,24.0,-128.0,58.0,5.0,-112.0,5.0,0.0,-122.0,-83.0,-24.0,-110.0,13.49,0.46999999999999886,-98.78,62.07,-27.83,-83.97,-4.57,-44.31,-121.8,-68.83,-34.28,-98.76
2025-08-13T16:24:20.975522,-52.0,-35.0,-131.0,14.0,-35.0,-184.0,72.0,53.0,-57.0,-42.0,30.0,-128.0,-45.51,-58.53,-101.78,18.07,-67.83,-155.97,62.43,8.689999999999998,-56.8,-27.83,19.72,-116.76
2025-08-13T16:24:20.980718,10.0,50.0,-97.0,50.0,-5.0,-132.0,-24.0,-3.0,-38.0,-75.0,-11.0,-152.0,16.490000000000002,26.47,-67.78,54.07,-37.83,-103.97,-33.57,-47.31,-37.8,-60.83,-21.28,-140.76
2025-08-13T16:24:20.987946,15.0,107.0,-199.0,14.0,6.0,-169.0,-53.0,-1.0,-121.0,-51.0,26.0,-69.0,21.490000000000002,83.47,-169.78,18.07,-26.83,-140.97,-62.57,-45.31,-120.8,-36.83,15.72,-57.76
2025-08-13T16:24:20.993308,52.0,95.0,-195.0,-27.0,62.0,-154.0,-60.0,43.0,-154.0,-65.0,-32.0,-201.0,58.49,71.47,-165.78,-22.93,29.17,-125.97,-69.57,-1.3100000000000023,-153.8,-50.83,-42.28,-189.76
2025-08-13T16:24:21.000190,8.0,41.0,-173.0,22.0,-30.0,-120.0,-61.0,71.0,-114.0,-61.0,-35.0,-90.0,14.49,17.47,-143.78,26.07,-62.83,-91.97,-70.57,26.689999999999998,-113.8,-46.83,-45.28,-78.76
2025-08-13T16:24:21.005506,15.0,58.0,-192.0,52.0,-34.0,-180.0,-56.0,63.0,-192.0,-55.0,1.0,-79.0,21.490000000000002,34.47,-162.78,56.07,-66.83,-151.97,-65.57,18.689999999999998,-191.8,-40.83,-9.28,-67.76
2025-08-13T16:24:21.012569,31.0,-11.0,-112.0,70.0,-45.0,-143.0,-67.0,65.0,-77.0,-71.0,2.0,-136.0,37.49,-34.53,-82.78,74.07,-77.83,-114.97,-76.57,20.689999999999998,-76.8,-56.83,-8.28,-124.76
2025-08-13T16:24:21.017777,-25.0,92.0,-158.0,13.0,12.0,-148.0,-5.0,53.0,-15.0,-90.0,-12.0,-108.0,-18.509999999999998,68.47,-128.78,17.07,-20.83,-119.97,-14.57,8.689999999999998,-14.8,-75.83,-22.28,-96.76
2025-08-13T16:24:21.024813,7.0,69.0,-186.0,-31.0,17.0,-122.0,-52.0,-5.0,-78.0,-57.0,48.0,-116.0,13.49,45.47,-156.78,-26.93,-15.829999999999998,-93.97,-61.57,-49.31,-77.8,-42.83,37.72,-104.76
2025-08-13T16:24:21.030022,18.0,78.0,-126.0,-24.0,7.0,-220.0,-34.0,65.0,-75.0,-88.0,4.0,-176.0,24.490000000000002,54.47,-96.78,-19.93,-25.83,-191.97,-43.57,20.689999999999998,-74.8,-73.83,-6.279999999999999,-164.76
2025-08-13T16:24:21.037247,79.0,28.0,-124.0,26.0,-46.0,-123.0,-65.0,56.0,-129.0,-74.0,-35.0,-93.0,85.49,4.469999999999999,-94.78,30.07,-78.83,-94.97,-74.57,11.689999999999998,-128.8,-59.83,-45.28,-81.76
2025-08-13T16:24:21.045027,44.0,31.0,-135.0,37.0,-36.0,-166.0,-22.0,6.0,-181.0,-84.0,20.0,-173.0,50.49,7.469999999999999,-105.78,41.07,-68.83,-137.97,-31.57,-38.31,-180.8,-69.83,9.72,-161.76
2025-08-13T16:24:21.049389,9.0,2.0,-166.0,33.0,38.0,-193.0,9.0,73.0,-98.0,-40.0,24.0,-109.0,15.49,-21.53,-136.78,37.07,5.170000000000002,-164.97,-0.5700000000000003,28.689999999999998,-97.8,-25.83,13.72,-97.76
2025-08-13T16:24:21.057339,35.0,29.0,-170.0,-43.0,29.0,-141.0,-25.0,-12.0,-53.0,-71.0,79.0,-116.0,41.49,5.469999999999999,-140.78,-38.93,-3.8299999999999983,-112.97,-34.57,-56.31,-52.8,-56.83,68.72,-104.76
2025-08-13T16:24:21.061912,11.0,78.0,-151.0,35.0,-30.0,-131.0,-85.0,11.0,-19.0,-88.0,38.0,-136.0,17.490000000000002,54.47,-121.78,39.07,-62.83,-102.97,-94.57,-33.31,-18.8,-73.83,27.72,-124.76
2025-08-13T16:24:21.069791,53.0,93.0,-167.0,55.0,-3.0,-170.0,-80.0,84.0,-124.0,-87.0,30.0,-120.0,59.49,69.47,-137.78,59.07,-35.83,-141.97,-89.57,39.69,-123.8,-72.83,19.72,-108.76
2025-08-13T16:24:21.074678,-10.0,25.0,-46.0,-36.0,-4.0,-140.0,-44.0,28.0,-99.0,-25.0,20.0,-105.0,-3.51,1.4699999999999989,-16.78,-31.93,-36.83,-111.97,-53.57,-16.310000000000002,-98.8,-10.83,9.72,-93.76
2025-08-13T16:24:21.082009,88.0,83.0,-160.0,15.0,6.0,-130.0,20.0,23.0,-94.0,-44.0,25.0,-103.0,94.49,59.47,-130.78,19.07,-26.83,-101.97,10.43,-21.310000000000002,-93.8,-29.83,14.72,-91.76
2025-08-13T16:24:21.086479,79.0,26.0,-133.0,46.0,60.0,-147.0,-12.0,36.0,-87.0,-48.0,26.0,-163.0,85.49,2.469999999999999,-103.78,50.07,27.17,-118.97,-21.57,-8.310000000000002,-86.8,-33.83,15.72,-151.76
2025-08-13T16:24:21.094326,7.0,5.0,-118.0,54.0,-20.0,-111.0,-24.0,8.0,-126.0,-74.0,1.0,-138.0,13.49,-18.53,-88.78,58.07,-52.83,-82.97,-33.57,-36.31,-125.8,-59.83,-9.28,-126.76
2025-08-13T16:24:21.098749,-10.0,105.0,-194.0,61.0,0.0,-183.0,-34.0,49.0,-78.0,-52.0,44.0,-150.0,-3.51,81.47,-164.78,65.07,-32.83,-154.97,-43.57,4.689999999999998,-77.8,-37.83,33.72,-138.76
2025-08-13T16:24:21.106813,10.0,36.0,-160.0,23.0,41.0,-168.0,-32.0,15.0,-8.0,-46.0,10.0,-108.0,16.490000000000002,12.469999999999999,-130.78,27.07,8.170000000000002,-139.97,-41.57,-29.310000000000002,-7.8,-31.83,-0.27999999999999936,-96.76
2025-08-13T16:24:21.111560,100.0,44.0,-127.0,-25.0,16.0,-122.0,-44.0,-13.0,-153.0,-83.0,6.0,-79.0,106.49,20.47,-97.78,-20.93,-16.83,-93.97,-53.57,-57.31,-152.8,-68.83,-4.279999999999999,-67.76
2025-08-13T16:24:21.120157,48.0,63.0,-131.0,48.0,32.0,-156.0,-77.0,9.0,-179.0,-42.0,15.0,-92.0,54.49,39.47,-101.78,52.07,-0.8299999999999983,-127.97,-86.57,-35.31,-178.8,-27.83,4.720000000000001,-80.76
2025-08-13T16:24:21.125279,59.0,52.0,-155.0,6.0,59.0,-74.0,-23.0,12.0,-141.0,-53.0,40.0,-139.0,65.49,28.47,-125.78,10.07,26.17,-45.97,-32.57,-32.31,-140.8,-38.83,29.72,-127.76
2025-08-13T16:24:21.131684,62.0,29.0,-39.0,18.0,-52.0,-208.0,-3.0,-22.0,-133.0,-99.0,63.0,-133.0,68.49,5.469999999999999,-9.780000000000001,22.07,-84.83,-179.97,-12.57,-66.31,-132.8,-84.83,52.72,-121.76
2025-08-13T16:24:21.135682,-35.0,58.0,-136.0,42.0,2.0,-117.0,-24.0,-12.0,-75.0,-71.0,24.0,-118.0,-28.509999999999998,34.47,-106.78,46.07,-30.83,-88.97,-33.57,-56.31,-74.8,-56.83,13.72,-106.76
2025-08-13T16:24:21.144064,5.0,55.0,-219.0,30.0,-58.0,-153.0,-47.0,-34.0,-102.0,-74.0,10.0,-180.0,11.49,31.47,-189.78,34.07,-90.83,-124.97,-56.57,-78.31,-101.8,-59.83,-0.27999999999999936,-168.76
2025-08-13T16:24:21.148209,47.0,121.0,-166.0,-10.0,43.0,-170.0,-78.0,37.0,-128.0,-92.0,32.0,-110.0,53.49,97.47,-136.78,-5.93,10.170000000000002,-141.97,-87.57,-7.310000000000002,-127.8,-77.83,21.72,-98.76
2025-08-13T16:24:21.156121,93.0,19.0,-128.0,50.0,-29.0,-86.0,-40.0,52.0,-109.0,-60.0,20.0,-112.0,99.49,-4.530000000000001,-98.78,54.07,-61.83,-57.97,-49.57,7.689999999999998,-108.8,-45.83,9.72,-100.76
2025-08-13T16:24:21.163811,5.0,16.0,-103.0,49.0,-23.0,-111.0,-12.0,-11.0,-114.0,-59.0,60.0,-167.0,11.49,-7.530000000000001,-73.78,53.07,-55.83,-82.97,-21.57,-55.31,-113.8,-44.83,49.72,-155.76
2025-08-13T16:24:21.170251,-17.0,28.0,-128.0,-8.0,6.0,-141.0,5.0,41.0,-93.0,-65.0,51.0,-121.0,-10.51,4.469999999999999,-98.78,-3.9299999999999997,-26.83,-112.97,-4.57,-3.3100000000000023,-92.8,-50.83,40.72,-109.76
2025-08-13T16:24:21.178197,-14.0,123.0,-184.0,113.0,19.0,-161.0,-67.0,19.0,-122.0,-60.0,-14.0,-140.0,-7.51,99.47,-154.78,117.07,-13.829999999999998,-132.97,-76.57,-25.310000000000002,-121.8,-45.83,-24.28,-128.76
2025-08-13T16:24:21.181617,57.0,6.0,-101.0,25.0,35.0,-145.0,10.0,38.0,-133.0,-75.0,-4.0,-97.0,63.49,-17.53,-71.78,29.07,2.1700000000000017,-116.97,0.4299999999999997,-6.310000000000002,-132.8,-60.83,-14.28,-85.76
2025-08-13T16:24:21.188425,49.0,28.0,-106.0,-4.0,4.0,-120.0,-13.0,74.0,-95.0,-70.0,30.0,-53.0,55.49,4.469999999999999,-76.78,0.07000000000000028,-28.83,-91.97,-22.57,29.689999999999998,-94.8,-55.83,19.72,-41.76
2025-08-13T16:24:21.193110,1.0,-2.0,-121.0,46.0,-41.0,-159.0,-37.0,32.0,-128.0,-63.0,4.0,-152.0,7.49,-25.53,-91.78,50.07,-73.83,-130.97,-46.57,-12.310000000000002,-127.8,-48.83,-6.279999999999999,-140.76
2025-08-13T16:24:21.200866,61.0,95.0,-135.0,-10.0,-2.0,-147.0,-70.0,-20.0,-72.0,-110.0,101.0,-168.0,67.49,71.47,-105.78,-5.93,-34.83,-118.97,-79.57,-64.31,-71.8,-95.83,90.72,-156.76
2025-08-13T16:24:21.205181,-33.0,57.0,-98.0,26.0,20.0,-169.0,-45.0,30.0,-168.0,-9.0,16.0,-94.0,-26.509999999999998,33.47,-68.78,30.07,-12.829999999999998,-140.97,-54.57,-14.310000000000002,-167.8,5.17,5.720000000000001,-82.76
2025-08-13T16:24:21.213279,97.0,79.0,-156.0,36.0,-47.0,-196.0,42.0,32.0,-133.0,-12.0,-56.0,-155.0,103.49,55.47,-126.78,40.07,-79.83,-167.97,32.43,-12.310000000000002,-132.8,2.17,-66.28,-143.76
2025-08-13T16:24:21.218091,17.0,28.0,-172.0,39.0,-46.0,-161.0,19.0,24.0,-147.0,-100.0,-10.0,-150.0,23.490000000000002,4.469999999999999,-142.78,43.07,-78.83,-132.97,9.43,-20.310000000000002,-146.8,-85.83,-20.28,-138.76
2025-08-13T16:24:21.225490,36.0,9.0,-135.0,17.0,-54.0,-160.0,-40.0,-39.0,-126.0,-42.0,1.0,-128.0,42.49,-14.530000000000001,-105.78,21.07,-86.83,-131.97,-49.57,-83.31,-125.8,-27.83,-9.28,-116.76
2025-08-13T16:24:21.230344,44.0,41.0,-95.0,40.0,1.0,-70.0,-122.0,-40.0,-42.0,-87.0,82.0,-155.0,50.49,17.47,-65.78,44.07,-31.83,-41.97,-131.57,-84.31,-41.8,-72.83,71.72,-143.76
2025-08-13T16:24:21.237754,-41.0,56.0,-137.0,-15.0,35.0,-95.0,-7.0,67.0,-126.0,-54.0,-2.0,-139.0,-34.51,32.47,-107.78,-10.93,2.1700000000000017,-66.97,-16.57,22.689999999999998,-125.8,-39.83,-12.28,-127.76
2025-08-13T16:24:21.242028,-35.0,91.0,-159.0,93.0,28.0,-124.0,17.0,53.0,-128.0,-10.0,-17.0,-65.0,-28.509999999999998,67.47,-129.78,97.07,-4.829999999999998,-95.97,7.43,8.689999999999998,-127.8,4.17,-27.28,-53.76
2025-08-13T16:24:21.250025,42.0,101.0,-226.0,32.0,-8.0,-178.0,4.0,99.0,-132.0,-40.0,26.0,-107.0,48.49,77.47,-196.78,36.07,-40.83,-149.97,-5.57,54.69,-131.8,-25.83,15.72,-95.76
2025-08-13T16:24:21.255063,52.0,98.0,-140.0,26.0,-14.0,-74.0,-24.0,-6.0,-127.0,-95.0,-31.0,-117.0,58.49,74.47,-110.78,30.07,-46.83,-45.97,-33.57,-50.31,-126.8,-80.83,-41.28,-105.76
2025-08-13T16:24:21.262311,36.0,-17.0,-172.0,106.0,-14.0,-145.0,6.0,16.0,-67.0,-33.0,43.0,-99.0,42.49,-40.53,-142.78,110.07,-46.83,-116.97,-3.5700000000000003,-28.310000000000002,-66.8,-18.83,32.72,-87.76
2025-08-13T16:24:21.270256,32.0,57.0,-113.0,58.0,-14.0,-113.0,-52.0,89.0,-132.0,-119.0,5.0,-126.0,38.49,33.47,-83.78,62.07,-46.83,-84.97,-61.57,44.69,-131.8,-104.83,-5.279999999999999,-114.76
2025-08-13T16:24:21.274638,59.0,28.0,-150.0,36.0,-37.0,-103.0,-116.0,20.0,-95.0,-35.0,44.0,-173.0,65.49,4.469999999999999,-120.78,40.07,-69.83,-74.97,-125.57,-24.310000000000002,-94.8,-20.83,33.72,-161.76
2025-08-13T16:24:21.282656,19.0,79.0,-171.0,47.0,24.0,-78.0,-94.0,50.0,-18.0,16.0,51.0,-160.0,25.490000000000002,55.47,-141.78,51.07,-8.829999999999998,-49.97,-103.57,5.689999999999998,-17.8,30.17,40.72,-148.76
2025-08-13T16:24:21.287016,6.0,16.0,-232.0,22.0,31.0,-162.0,-21.0,38.0,-97.0,-92.0,11.0,-99.0,12.49,-7.530000000000001,-202.78,26.07,-1.8299999999999983,-133.97,-30.57,-6.310000000000002,-96.8,-77.83,0.7200000000000006,-87.76
2025-08-13T16:24:21.295115,63.0,-84.0,-183.0,55.0,-23.0,-189.0,8.0,-38.0,-87.0,-106.0,33.0,-94.0,69.49,-107.53,-153.78,59.07,-55.83,-160.97,-1.5700000000000003,-82.31,-86.8,-91.83,22.72,-82.76
2025-08-13T16:24:21.299656,-23.0,54.0,-110.0,32.0,-18.0,-101.0,3.0,82.0,-105.0,-52.0,-5.0,-150.0,-16.509999999999998,30.47,-80.78,36.07,-50.83,-72.97,-6.57,37.69,-104.8,-37.83,-15.28,-138.76
2025-08-13T16:24:21.307412,11.0,39.0,-110.0,-24.0,-30.0,-152.0,-14.0,21.0,13.0,-98.0,46.0,-194.0,17.490000000000002,15.469999999999999,-80.78,-19.93,-62.83,-123.97,-23.57,-23.310000000000002,13.2,-83.83,35.72,-182.76
2025-08-13T16:24:21.312275,-3.0,67.0,-176.0,15.0,20.0,-118.0,-69.0,4.0,-132.0,-20.0,-24.0,-80.0,3.49,43.47,-146.78,19.07,-12.829999999999998,-89.97,-78.57,-40.31,-131.8,-5.83,-34.28,-68.76
2025-08-13T16:24:21.320819,-6.0,45.0,-215.0,10.0,33.0,-153.0,-84.0,16.0,-74.0,-42.0,-58.0,-111.0,0.4900000000000002,21.47,-185.78,14.07,0.1700000000000017,-124.97,-93.57,-28.310000000000002,-73.8,-27.83,-68.28,-99.76
2025-08-13T16:24:21.327772,-1.0,44.0,-188.0,29.0,47.0,-134.0,-58.0,23.0,-128.0,-52.0,28.0,-118.0,5.49,20.47,-158.78,33.07,14.170000000000002,-105.97,-67.57,-21.310000000000002,-127.8,-37.83,17.72,-106.76
2025-08-13T16:24:21.334393,42.0,29.0,-132.0,66.0,-21.0,-127.0,-1.0,29.0,-146.0,-104.0,14.0,-146.0,48.49,5.469999999999999,-102.78,70.07,-53.83,-98.97,-10.57,-15.310000000000002,-145.8,-89.83,3.7200000000000006,-134.76
2025-08-13T16:24:21.340838,42.0,69.0,-128.0,-21.0,40.0,-137.0,-64.0,15.0,-120.0,-149.0,75.0,-201.0,48.49,45.47,-98.78,-16.93,7.170000000000002,-108.97,-73.57,-29.310000000000002,-119.8,-134.83,64.72,-189.76
2025-08-13T16:24:21.350512,-12.0,89.0,-135.0,48.0,65.0,-96.0,-68.0,140.0,-61.0,-48.0,96.0,-172.0,-5.51,65.47,-105.78,52.07,32.17,-67.97,-77.57,95.69,-60.8,-33.83,85.72,-160.76
2025-08-13T16:24:21.358411,-60.0,90.0,-182.0,1.0,-43.0,-127.0,-102.0,58.0,-116.0,-48.0,29.0,-170.0,-53.51,66.47,-152.78,5.07,-75.83,-98.97,-111.57,13.689999999999998,-115.8,-33.83,18.72,-158.76
2025-08-13T16:24:21.362111,36.0,166.0,-171.0,61.0,9.0,-122.0,-83.0,31.0,-101.0,-44.0,40.0,-171.0,42.49,142.47,-141.78,65.07,-23.83,-93.97,-92.57,-13.310000000000002,-100.8,-29.83,29.72,-159.76
2025-08-13T16:24:21.365094,107.0,52.0,-129.0,-28.0,6.0,-150.0,-5.0,15.0,-110.0,-69.0,17.0,-148.0,113.49,28.47,-99.78,-23.93,-26.83,-121.97,-14.57,-29.310000000000002,-109.8,-54.83,6.720000000000001,-136.76
2025-08-13T16:24:21.369129,39.0,28.0,-145.0,63.0,1.0,-115.0,-48.0,32.0,-51.0,-65.0,-7.0,-100.0,45.49,4.469999999999999,-115.78,67.07,-31.83,-86.97,-57.57,-12.310000000000002,-50.8,-50.83,-17.28,-88.76
2025-08-13T16:24:21.376876,-12.0,29.0,-167.0,117.0,24.0,-126.0,-67.0,44.0,-10.0,-61.0,46.0,-127.0,-5.51,5.469999999999999,-137.78,121.07,-8.829999999999998,-97.97,-76.57,-0.3100000000000023,-9.8,-46.83,35.72,-115.76
2025-08-13T16:24:21.381312,19.0,19.0,-126.0,-15.0,9.0,-193.0,-59.0,37.0,-155.0,-35.0,26.0,-104.0,25.490000000000002,-4.530000000000001,-96.78,-10.93,-23.83,-164.97,-68.57,-7.310000000000002,-154.8,-20.83,15.72,-92.76
2025-08-13T16:24:21.389312,21.0,54.0,-124.0,23.0,45.0,-143.0,-37.0,37.0,-151.0,-11.0,46.0,-151.0,27.490000000000002,30.47,-94.78,27.07,12.170000000000002,-114.97,-46.57,-7.310000000000002,-150.8,3.17,35.72,-139.76
2025-08-13T16:24:21.393823,90.0,97.0,-145.0,62.0,9.0,-105.0,-74.0,44.0,-101.0,-87.0,-25.0,-131.0,96.49,73.47,-115.78,66.07,-23.83,-76.97,-83.57,-0.3100000000000023,-100.8,-72.83,-35.28,-119.76
2025-08-13T16:24:21.401455,26.0,63.0,-181.0,26.0,29.0,-153.0,-53.0,6.0,-76.0,-98.0,-19.0,-98.0,32.49,39.47,-151.78,30.07,-3.8299999999999983,-124.97,-62.57,-38.31,-75.8,-83.83,-29.28,-86.76
2025-08-13T16:24:21.406059,48.0,25.0,-117.0,40.0,-20.0,-117.0,21.0,-29.0,-31.0,-39.0,12.0,-160.0,54.49,1.4699999999999989,-87.78,44.07,-52.83,-88.97,11.43,-73.31,-30.8,-24.83,1.7200000000000006,-148.76
2025-08-13T16:24:21.413812,-31.0,53.0,-154.0,6.0,6.0,-123.0,-31.0,-57.0,-136.0,-64.0,-6.0,-108.0,-24.509999999999998,29.47,-124.78,10.07,-26.83,-94.97,-40.57,-101.31,-135.8,-49.83,-16.28,-96.76
2025-08-13T16:24:21.418425,23.0,16.0,-92.0,-15.0,-39.0,-192.0,-113.0,127.0,-108.0,-26.0,59.0,-182.0,29.490000000000002,-7.530000000000001,-62.78,-10.93,-71.83,-163.97,-122.57,82.69,-107.8,-11.83,48.72,-170.76
2025-08-13T16:24:21.426164,-42.0,66.0,-94.0,72.0,37.0,-135.0,-1.0,22.0,-136.0,46.0,3.0,-135.0,-35.51,42.47,-64.78,76.07,4.170000000000002,-106.97,-10.57,-22.310000000000002,-135.8,60.17,-7.279999999999999,-123.76
2025-08-13T16:24:21.430426,37.0,68.0,-180.0,36.0,-23.0,-136.0,-83.0,69.0,-32.0,-47.0,52.0,-107.0,43.49,44.47,-150.78,40.07,-55.83,-107.97,-92.57,24.689999999999998,-31.8,-32.83,41.72,-95.76
2025-08-13T16:24:21.438527,68.0,51.0,-180.0,-15.0,20.0,-190.0,-21.0,36.0,-134.0,-55.0,19.0,-64.0,74.49,27.47,-150.78,-10.93,-12.829999999999998,-161.97,-30.57,-8.310000000000002,-133.8,-40.83,8.72,-52.76
2025-08-13T16:24:21.442713,54.0,-21.0,-105.0,29.0,13.0,-142.0,8.0,-44.0,14.0,-56.0,6.0,-142.0,60.49,-44.53,-75.78,33.07,-19.83,-113.97,-1.5700000000000003,-88.31,14.2,-41.83,-4.279999999999999,-130.76
2025-08-13T16:24:21.450795,-48.0,28.0,-176.0,45.0,-25.0,-112.0,1.0,56.0,-49.0,-37.0,40.0,-171.0,-41.51,4.469999999999999,-146.78,49.07,-57.83,-83.97,-8.57,11.689999999999998,-48.8,-22.83,29.72,-159.76
2025-08-13T16:24:21.455217,-3.0,44.0,-135.0,2.0,17.0,-175.0,-63.0,6.0,-75.0,-56.0,97.0,-109.0,3.49,20.47,-105.78,6.07,-15.829999999999998,-146.97,-72.57,-38.31,-74.8,-41.83,86.72,-97.76
2025-08-13T16:24:21.463347,-10.0,94.0,-185.0,14.0,11.0,-122.0,-27.0,27.0,-93.0,-103.0,58.0,-66.0,-3.51,70.47,-155.78,18.07,-21.83,-93.97,-36.57,-17.310000000000002,-92.8,-88.83,47.72,-54.76
2025-08-13T16:24:21.468798,-7.0,79.0,-179.0,41.0,25.0,-174.0,-32.0,101.0,-30.0,-77.0,11.0,-129.0,-0.5099999999999998,55.47,-149.78,45.07,-7.829999999999998,-145.97,-41.57,56.69,-29.8,-62.83,0.7200000000000006,-117.76
2025-08-13T16:24:21.475792,50.0,-51.0,-151.0,-7.0,-73.0,-99.0,-35.0,5.0,-111.0,-52.0,-11.0,-132.0,56.49,-74.53,-121.78,-2.9299999999999997,-105.83,-70.97,-44.57,-39.31,-110.8,-37.83,-21.28,-120.76
2025-08-13T16:24:21.483366,75.0,17.0,-156.0,67.0,-16.0,-54.0,-52.0,23.0,-122.0,-97.0,134.0,-146.0,81.49,-6.530000000000001,-126.78,71.07,-48.83,-25.97,-61.57,-21.310000000000002,-121.8,-82.83,123.72,-134.76
2025-08-13T16:24:21.487975,-15.0,20.0,-136.0,8.0,14.0,-117.0,-32.0,7.0,-94.0,-27.0,64.0,-106.0,-8.51,-3.530000000000001,-106.78,12.07,-18.83,-88.97,-41.57,-37.31,-93.8,-12.83,53.72,-94.76
2025-08-13T16:24:21.495704,76.0,33.0,-92.0,5.0,32.0,-176.0,-48.0,56.0,-73.0,-78.0,40.0,-169.0,82.49,9.469999999999999,-62.78,9.07,-0.8299999999999983,-147.97,-57.57,11.689999999999998,-72.8,-63.83,29.72,-157.76
2025-08-13T16:24:21.500286,26.0,48.0,-169.0,32.0,-7.0,-167.0,-115.0,67.0,-82.0,-5.0,8.0,-90.0,32.49,24.47,-139.78,36.07,-39.83,-138.97,-124.57,22.689999999999998,-81.8,9.17,-2.2799999999999994,-78.76
2025-08-13T16:24:21.508150,56.0,138.0,-161.0,30.0,-1.0,-134.0,-80.0,27.0,-68.0,-60.0,73.0,-142.0,62.49,114.47,-131.78,34.07,-33.83,-105.97,-89.57,-17.310000000000002,-67.8,-45.83,62.72,-130.76
2025-08-13T16:24:21.512659,64.0,36.0,-193.0,15.0,-11.0,-138.0,-40.0,67.0,-123.0,-48.0,31.0,-150.0,70.49,12.469999999999999,-163.78,19.07,-43.83,-109.97,-49.57,22.689999999999998,-122.8,-33.83,20.72,-138.76
2025-08-13T16:24:21.520458,17.0,13.0,-161.0,-35.0,33.0,-129.0,46.0,9.0,-33.0,-105.0,12.0,-132.0,23.490000000000002,-10.530000000000001,-131.78,-30.93,0.1700000000000017,-100.97,36.43,-35.31,-32.8,-90.83,1.7200000000000006,-120.76
2025-08-13T16:24:21.524970,13.0,88.0,-147.0,26.0,4.0,-84.0,-18.0,12.0,-59.0,-49.0,32.0,-159.0,19.490000000000002,64.47,-117.78,30.07,-28.83,-55.97,-27.57,-32.31,-58.8,-34.83,21.72,-147.76
2025-08-13T16:24:21.532732,-22.0,66.0,-171.0,40.0,14.0,-165.0,-63.0,-1.0,-106.0,-54.0,4.0,-213.0,-15.51,42.47,-141.78,44.07,-18.83,-136.97,-72.57,-45.31,-105.8,-39.83,-6.279999999999999,-201.76
2025-08-13T16:24:21.537205,-83.0,165.0,-160.0,20.0,-22.0,-132.0,-70.0,8.0,-103.0,31.0,6.0,-113.0,-76.51,141.47,-130.78,24.07,-54.83,-103.97,-79.57,-36.31,-102.8,45.17,-4.279999999999999,-101.76
2025-08-13T16:24:21.546395,30.0,49.0,-194.0,-9.0,-27.0,-120.0,-32.0,39.0,-90.0,13.0,-23.0,-135.0,36.49,25.47,-164.78,-4.93,-59.83,-91.97,-41.57,-5.310000000000002,-89.8,27.17,-33.28,-123.76
2025-08-13T16:24:21.554487,10.0,29.0,-196.0,-16.0,-62.0,-165.0,-21.0,-18.0,-80.0,-52.0,-22.0,-126.0,16.490000000000002,5.469999999999999,-166.78,-11.93,-94.83,-136.97,-30.57,-62.31,-79.8,-37.83,-32.28,-114.76
2025-08-13T16:24:21.560885,22.0,47.0,-161.0,79.0,-42.0,-84.0,-2.0,-23.0,-120.0,-25.0,38.0,-112.0,28.490000000000002,23.47,-131.78,83.07,-74.83,-55.97,-11.57,-67.31,-119.8,-10.83,27.72,-100.76
2025-08-13T16:24:21.563244,-35.0,51.0,-105.0,70.0,-8.0,-117.0,-58.0,28.0,-121.0,-19.0,54.0,-122.0,-28.509999999999998,27.47,-75.78,74.07,-40.83,-88.97,-67.57,-16.310000000000002,-120.8,-4.83,43.72,-110.76
2025-08-13T16:24:21.569784,49.0,95.0,-105.0,29.0,3.0,-153.0,-82.0,66.0,-147.0,66.0,42.0,-93.0,55.49,71.47,-75.78,33.07,-29.83,-124.97,-91.57,21.689999999999998,-146.8,80.17,31.72,-81.76
2025-08-13T16:24:21.574678,-38.0,76.0,-139.0,23.0,1.0,-215.0,-14.0,7.0,-104.0,-23.0,31.0,-171.0,-31.509999999999998,52.47,-109.78,27.07,-31.83,-186.97,-23.57,-37.31,-103.8,-8.83,20.72,-159.76
2025-08-13T16:24:21.582042,65.0,81.0,-185.0,48.0,15.0,-124.0,4.0,45.0,-89.0,-57.0,1.0,-122.0,71.49,57.47,-155.78,52.07,-17.83,-95.97,-5.57,0.6899999999999977,-88.8,-42.83,-9.28,-110.76
2025-08-13T16:24:21.586532,126.0,54.0,-156.0,-2.0,-25.0,-94.0,-65.0,68.0,-146.0,-64.0,22.0,-112.0,132.49,30.47,-126.78,2.0700000000000003,-57.83,-65.97,-74.57,23.689999999999998,-145.8,-49.83,11.72,-100.76
2025-08-13T16:24:21.594063,34.0,106.0,-138.0,29.0,59.0,-178.0,-13.0,7.0,-88.0,-17.0,82.0,-148.0,40.49,82.47,-108.78,33.07,26.17,-149.97,-22.57,-37.31,-87.8,-2.83,71.72,-136.76
2025-08-13T16:24:21.598528,3.0,72.0,-166.0,2.0,17.0,-128.0,-79.0,37.0,-122.0,-73.0,1.0,-110.0,9.49,48.47,-136.78,6.07,-15.829999999999998,-99.97,-88.57,-7.310000000000002,-121.8,-58.83,-9.28,-98.76
2025-08-13T16:24:21.606396,66.0,74.0,-136.0,99.0,3.0,-111.0,-46.0,-34.0,-138.0,-22.0,52.0,-119.0,72.49,50.47,-106.78,103.07,-29.83,-82.97,-55.57,-78.31,-137.8,-7.83,41.72,-107.76
2025-08-13T16:24:21.614552,-22.0,82.0,-162.0,125.0,-4.0,-184.0,-110.0,6.0,-111.0,-107.0,20.0,-128.0,-15.51,58.47,-132.78,129.07,-36.83,-155.97,-119.57,-38.31,-110.8,-92.83,9.72,-116.76
2025-08-13T16:24:21.618780,29.0,0.0,-175.0,-38.0,-1.0,-151.0,-33.0,52.0,-118.0,-52.0,19.0,-105.0,35.49,-23.53,-145.78,-33.93,-33.83,-122.97,-42.57,7.689999999999998,-117.8,-37.83,8.72,-93.76
2025-08-13T16:24:21.626718,57.0,33.0,-86.0,87.0,26.0,-155.0,-70.0,-52.0,-80.0,-87.0,32.0,-119.0,63.49,9.469999999999999,-56.78,91.07,-6.829999999999998,-126.97,-79.57,-96.31,-79.8,-72.83,21.72,-107.76
2025-08-13T16:24:21.631034,57.0,14.0,-133.0,16.0,7.0,-113.0,-60.0,44.0,-84.0,-54.0,54.0,-134.0,63.49,-9.530000000000001,-103.78,20.07,-25.83,-84.97,-69.57,-0.3100000000000023,-83.8,-39.83,43.72,-122.76
2025-08-13T16:24:21.639269,4.0,141.0,-148.0,-25.0,68.0,-121.0,-9.0,55.0,-102.0,-42.0,-1.0,-133.0,10.49,117.47,-118.78,-20.93,35.17,-92.97,-18.57,10.689999999999998,-101.8,-27.83,-11.28,-121.76
2025-08-13T16:24:21.643482,-45.0,62.0,-202.0,70.0,19.0,-199.0,4.0,12.0,-113.0,-33.0,-26.0,-232.0,-38.51,38.47,-172.78,74.07,-13.829999999999998,-170.97,-5.57,-32.31,-112.8,-18.83,-36.28,-220.76
2025-08-13T16:24:21.651318,66.0,89.0,-127.0,38.0,33.0,-221.0,-12.0,56.0,-120.0,-100.0,4.0,-151.0,72.49,65.47,-97.78,42.07,0.1700000000000017,-192.97,-21.57,11.689999999999998,-119.8,-85.83,-6.279999999999999,-139.76
2025-08-13T16:24:21.655688,74.0,52.0,-181.0,19.0,5.0,-136.0,-23.0,9.0,-112.0,-34.0,57.0,-177.0,80.49,28.47,-151.78,23.07,-27.83,-107.97,-32.57,-35.31,-111.8,-19.83,46.72,-165.76
2025-08-13T16:24:21.663695,114.0,58.0,-64.0,40.0,-20.0,-105.0,-30.0,49.0,-99.0,-97.0,7.0,-159.0,120.49,34.47,-34.78,44.07,-52.83,-76.97,-39.57,4.689999999999998,-98.8,-82.83,-3.2799999999999994,-147.76
2025-08-13T16:24:21.668080,108.0,-5.0,-127.0,41.0,3.0,-76.0,-55.0,-28.0,-75.0,-44.0,92.0,-173.0,114.49,-28.53,-97.78,45.07,-29.83,-47.97,-64.57,-72.31,-74.8,-29.83,81.72,-161.76
2025-08-13T16:24:21.676285,51.0,106.0,-166.0,63.0,-68.0,-135.0,-85.0,44.0,-76.0,-68.0,-32.0,-148.0,57.49,82.47,-136.78,67.07,-100.83,-106.97,-94.57,-0.3100000000000023,-75.8,-53.83,-42.28,-136.76
2025-08-13T16:24:21.680595,46.0,33.0,-203.0,67.0,28.0,-131.0,-52.0,45.0,-107.0,-55.0,-12.0,-204.0,52.49,9.469999999999999,-173.78,71.07,-4.829999999999998,-102.97,-61.57,0.6899999999999977,-106.8,-40.83,-22.28,-192.76
2025-08-13T16:24:21.688496,142.0,52.0,-216.0,116.0,-20.0,-94.0,35.0,-20.0,-171.0,-2.0,88.0,-180.0,148.49,28.47,-186.78,120.07,-52.83,-65.97,25.43,-64.31,-170.8,12.17,77.72,-168.76
2025-08-13T16:24:21.693188,96.0,8.0,-194.0,74.0,-61.0,-217.0,-16.0,-93.0,-154.0,14.0,64.0,-207.0,102.49,-15.530000000000001,-164.78,78.07,-93.83,-188.97,-25.57,-137.31,-153.8,28.17,53.72,-195.76
2025-08-13T16:24:21.700920,97.0,25.0,-184.0,162.0,-66.0,-220.0,-9.0,-71.0,-191.0,-99.0,61.0,-210.0,103.49,1.4699999999999989,-154.78,166.07,-98.83,-191.97,-18.57,-115.31,-190.8,-84.83,50.72,-198.76
2025-08-13T16:24:21.709657,62.0,100.0,-177.0,167.0,-78.0,-180.0,-60.0,-53.0,-176.0,-51.0,144.0,-229.0,68.49,76.47,-147.78,171.07,-110.83,-151.97,-69.57,-97.31,-175.8,-36.83,133.72,-217.76
2025-08-13T16:24:21.713386,132.0,128.0,-241.0,96.0,-18.0,-175.0,-36.0,-39.0,-212.0,-40.0,41.0,-304.0,138.49,104.47,-211.78,100.07,-50.83,-146.97,-45.57,-83.31,-211.8,-25.83,30.72,-292.76
2025-08-13T16:24:21.721782,145.0,70.0,-247.0,112.0,-76.0,-226.0,-26.0,-31.0,-276.0,-123.0,49.0,-274.0,151.49,46.47,-217.78,116.07,-108.83,-197.97,-35.57,-75.31,-275.8,-108.83,38.72,-262.76
2025-08-13T16:24:21.726195,171.0,87.0,-251.0,221.0,-79.0,-164.0,0.0,-166.0,-236.0,-110.0,165.0,-264.0,177.49,63.47,-221.78,225.07,-111.83,-135.97,-9.57,-210.31,-235.8,-95.83,154.72,-252.76
2025-08-13T16:24:21.734290,193.0,107.0,-236.0,185.0,-94.0,-216.0,-80.0,-20.0,-294.0,-112.0,144.0,-337.0,199.49,83.47,-206.78,189.07,-126.83,-187.97,-89.57,-64.31,-293.8,-97.83,133.72,-325.76
2025-08-13T16:24:21.741912,196.0,165.0,-328.0,141.0,-84.0,-246.0,-25.0,-130.0,-282.0,-60.0,160.0,-303.0,202.49,141.47,-298.78,145.07,-116.83,-217.97,-34.57,-174.31,-281.8,-45.83,149.72,-291.76
2025-08-13T16:24:21.746913,293.0,99.0,-357.0,239.0,-164.0,-210.0,-97.0,-139.0,-331.0,-105.0,200.0,-358.0,299.49,75.47,-327.78,243.07,-196.82999999999998,-181.97,-106.57,-183.31,-330.8,-90.83,189.72,-346.76
2025-08-13T16:24:21.755080,262.0,128.0,-376.0,244.0,-76.0,-307.0,-53.0,-73.0,-326.0,-11.0,195.0,-337.0,268.49,104.47,-346.78,248.07,-108.83,-278.97,-62.57,-117.31,-325.8,3.17,184.72,-325.76
2025-08-13T16:24:21.761975,277.0,109.0,-342.0,288.0,-133.0,-338.0,-54.0,-137.0,-343.0,-40.0,155.0,-382.0,283.49,85.47,-312.78,292.07,-165.82999999999998,-309.97,-63.57,-181.31,-342.8,-25.83,144.72,-370.76
2025-08-13T16:24:21.766646,365.0,146.0,-400.0,259.0,-127.0,-285.0,-49.0,-181.0,-373.0,-137.0,225.0,-413.0,371.49,122.47,-370.78,263.07,-159.82999999999998,-256.97,-58.57,-225.31,-372.8,-122.83,214.72,-401.76
2025-08-13T16:24:21.777174,307.0,172.0,-376.0,266.0,-144.0,-361.0,-86.0,-107.0,-420.0,-61.0,204.0,-429.0,313.49,148.47,-346.78,270.07,-176.82999999999998,-332.97,-95.57,-151.31,-419.8,-46.83,193.72,-417.76
2025-08-13T16:24:21.784492,284.0,131.0,-366.0,243.0,-122.0,-288.0,-70.0,-135.0,-377.0,-115.0,235.0,-452.0,290.49,107.47,-336.78,247.07,-154.82999999999998,-259.97,-79.57,-179.31,-376.8,-100.83,224.72,-440.76
2025-08-13T16:24:21.789894,345.0,231.0,-403.0,309.0,-232.0,-321.0,-44.0,-170.0,-403.0,-71.0,215.0,-528.0,351.49,207.47,-373.78,313.07,-264.83,-292.97,-53.57,-214.31,-402.8,-56.83,204.72,-516.76
2025-08-13T16:24:21.794669,334.0,140.0,-376.0,292.0,-193.0,-317.0,41.0,-246.0,-377.0,-129.0,201.0,-526.0,340.49,116.47,-346.78,296.07,-225.82999999999998,-288.97,31.43,-290.31,-376.8,-114.83,190.72,-514.76
2025-08-13T16:24:21.798939,386.0,95.0,-396.0,386.0,-188.0,-264.0,-32.0,-193.0,-440.0,-99.0,165.0,-493.0,392.49,71.47,-366.78,390.07,-220.82999999999998,-235.97,-41.57,-237.31,-439.8,-84.83,154.72,-481.76
2025-08-13T16:24:21.807018,367.0,125.0,-421.0,339.0,-134.0,-307.0,-93.0,-216.0,-389.0,-208.0,228.0,-552.0,373.49,101.47,-391.78,343.07,-166.82999999999998,-278.97,-102.57,-260.31,-388.8,-193.83,217.72,-540.76
2025-08-13T16:24:21.815267,354.0,115.0,-370.0,257.0,-227.0,-366.0,-33.0,-166.0,-409.0,-77.0,159.0,-501.0,360.49,91.47,-340.78,261.07,-259.83,-337.97,-42.57,-210.31,-408.8,-62.83,148.72,-489.76
2025-08-13T16:24:21.819603,371.0,119.0,-359.0,404.0,-151.0,-349.0,-33.0,-295.0,-382.0,-130.0,158.0,-540.0,377.49,95.47,-329.78,408.07,-183.82999999999998,-320.97,-42.57,-339.31,-381.8,-115.83,147.72,-528.76
2025-08-13T16:24:21.827619,381.0,96.0,-350.0,357.0,-141.0,-293.0,-10.0,-173.0,-464.0,-140.0,153.0,-445.0,387.49,72.47,-320.78,361.07,-173.82999999999998,-264.97,-19.57,-217.31,-463.8,-125.83,142.72,-433.76
2025-08-13T16:24:21.831940,372.0,197.0,-366.0,361.0,-142.0,-297.0,41.0,-153.0,-396.0,-144.0,214.0,-515.0,378.49,173.47,-336.78,365.07,-174.82999999999998,-268.97,31.43,-197.31,-395.8,-129.83,203.72,-503.76
2025-08-13T16:24:21.839870,369.0,35.0,-352.0,312.0,-167.0,-264.0,-37.0,-209.0,-410.0,-121.0,191.0,-471.0,375.49,11.469999999999999,-322.78,316.07,-199.82999999999998,-235.97,-46.57,-253.31,-409.8,-106.83,180.72,-459.76
2025-08-13T16:24:21.848023,378.0,102.0,-323.0,289.0,-192.0,-318.0,-30.0,-249.0,-420.0,-196.0,186.0,-505.0,384.49,78.47,-293.78,293.07,-224.82999999999998,-289.97,-39.57,-293.31,-419.8,-181.83,175.72,-493.76
2025-08-13T16:24:21.852850,303.0,60.0,-359.0,325.0,-192.0,-227.0,-39.0,-211.0,-380.0,-127.0,150.0,-518.0,309.49,36.47,-329.78,329.07,-224.82999999999998,-198.97,-48.57,-255.31,-379.8,-112.83,139.72,-506.76
2025-08-13T16:24:21.860807,440.0,53.0,-409.0,330.0,-163.0,-326.0,-66.0,-227.0,-392.0,-139.0,196.0,-538.0,446.49,29.47,-379.78,334.07,-195.82999999999998,-297.97,-75.57,-271.31,-391.8,-124.83,185.72,-526.76
2025-08-13T16:24:21.868395,472.0,136.0,-325.0,366.0,-231.0,-277.0,16.0,-209.0,-454.0,-176.0,202.0,-471.0,478.49,112.47,-295.78,370.07,-263.83,-248.97,6.43,-253.31,-453.8,-161.83,191.72,-459.76
2025-08-13T16:24:21.874421,344.0,162.0,-365.0,330.0,-215.0,-290.0,-48.0,-227.0,-399.0,-182.0,251.0,-517.0,350.49,138.47,-335.78,334.07,-247.82999999999998,-261.97,-57.57,-271.31,-398.8,-167.83,240.72,-505.76
2025-08-13T16:24:21.881792,380.0,45.0,-329.0,344.0,-135.0,-265.0,-27.0,-141.0,-399.0,-146.0,166.0,-524.0,386.49,21.47,-299.78,348.07,-167.82999999999998,-236.97,-36.57,-185.31,-398.8,-131.83,155.72,-512.76
2025-08-13T16:24:21.885682,334.0,109.0,-372.0,338.0,-212.0,-299.0,-34.0,-125.0,-403.0,-163.0,189.0,-521.0,340.49,85.47,-342.78,342.07,-244.82999999999998,-270.97,-43.57,-169.31,-402.8,-148.83,178.72,-509.76
2025-08-13T16:24:21.895251,426.0,150.0,-341.0,313.0,-137.0,-288.0,-17.0,-159.0,-415.0,-123.0,189.0,-494.0,432.49,126.47,-311.78,317.07,-169.82999999999998,-259.97,-26.57,-203.31,-414.8,-108.83,178.72,-482.76
2025-08-13T16:24:21.901330,348.0,126.0,-390.0,312.0,-126.0,-275.0,-61.0,-238.0,-405.0,-184.0,231.0,-553.0,354.49,102.47,-360.78,316.07,-158.82999999999998,-246.97,-70.57,-282.31,-404.8,-169.83,220.72,-541.76
2025-08-13T16:24:21.906186,385.0,47.0,-351.0,265.0,-147.0,-298.0,-44.0,-192.0,-388.0,-81.0,199.0,-540.0,391.49,23.47,-321.78,269.07,-179.82999999999998,-269.97,-53.57,-236.31,-387.8,-66.83,188.72,-528.76
2025-08-13T16:24:21.913985,401.0,128.0,-358.0,363.0,-154.0,-357.0,-108.0,-283.0,-320.0,-210.0,188.0,-535.0,407.49,104.47,-328.78,367.07,-186.82999999999998,-328.97,-117.57,-327.31,-319.8,-195.83,177.72,-523.76
2025-08-13T16:24:21.921812,372.0,58.0,-425.0,326.0,-67.0,-258.0,-115.0,-189.0,-398.0,-159.0,195.0,-570.0,378.49,34.47,-395.78,330.07,-99.83,-229.97,-124.57,-233.31,-397.8,-144.83,184.72,-558.76
2025-08-13T16:24:21.926422,345.0,90.0,-323.0,335.0,-120.0,-238.0,-42.0,-227.0,-422.0,-122.0,144.0,-472.0,351.49,66.47,-293.78,339.07,-152.82999999999998,-209.97,-51.57,-271.31,-421.8,-107.83,133.72,-460.76
2025-08-13T16:24:21.935278,341.0,164.0,-360.0,281.0,-169.0,-254.0,4.0,-207.0,-370.0,-158.0,178.0,-535.0,347.49,140.47,-330.78,285.07,-201.82999999999998,-225.97,-5.57,-251.31,-369.8,-143.83,167.72,-523.76
2025-08-13T16:24:21.941388,355.0,56.0,-333.0,387.0,-61.0,-320.0,-144.0,-260.0,-363.0,-139.0,146.0,-542.0,361.49,32.47,-303.78,391.07,-93.83,-291.97,-153.57,-304.31,-362.8,-124.83,135.72,-530.76
2025-08-13T16:24:21.951265,327.0,126.0,-358.0,345.0,-167.0,-297.0,-54.0,-147.0,-396.0,-212.0,178.0,-457.0,333.49,102.47,-328.78,349.07,-199.82999999999998,-268.97,-63.57,-191.31,-395.8,-197.83,167.72,-445.76
2025-08-13T16:24:21.955189,348.0,92.0,-377.0,293.0,-154.0,-362.0,-2.0,-209.0,-391.0,-162.0,134.0,-472.0,354.49,68.47,-347.78,297.07,-186.82999999999998,-333.97,-11.57,-253.31,-390.8,-147.83,123.72,-460.76
2025-08-13T16:24:21.958831,423.0,41.0,-315.0,355.0,-78.0,-254.0,-71.0,-248.0,-410.0,-179.0,216.0,-475.0,429.49,17.47,-285.78,359.07,-110.83,-225.97,-80.57,-292.31,-409.8,-164.83,205.72,-463.76
2025-08-13T16:24:21.966887,335.0,89.0,-391.0,368.0,-154.0,-241.0,29.0,-120.0,-432.0,-182.0,212.0,-550.0,341.49,65.47,-361.78,372.07,-186.82999999999998,-212.97,19.43,-164.31,-431.8,-167.83,201.72,-538.76
2025-08-13T16:24:21.975055,361.0,166.0,-414.0,267.0,-150.0,-272.0,-7.0,-221.0,-396.0,-80.0,163.0,-479.0,367.49,142.47,-384.78,271.07,-182.82999999999998,-243.97,-16.57,-265.31,-395.8,-65.83,152.72,-467.76
2025-08-13T16:24:21.979403,389.0,-8.0,-322.0,242.0,-148.0,-320.0,-19.0,-216.0,-407.0,-154.0,188.0,-517.0,395.49,-31.53,-292.78,246.07,-180.82999999999998,-291.97,-28.57,-260.31,-406.8,-139.83,177.72,-505.76
2025-08-13T16:24:21.987459,322.0,154.0,-370.0,361.0,-216.0,-301.0,32.0,-192.0,-436.0,-151.0,227.0,-484.0,328.49,130.47,-340.78,365.07,-248.82999999999998,-272.97,22.43,-236.31,-435.8,-136.83,216.72,-472.76
2025-08-13T16:24:21.992685,382.0,182.0,-355.0,302.0,-137.0,-269.0,-31.0,-244.0,-403.0,-149.0,207.0,-471.0,388.49,158.47,-325.78,306.07,-169.82999999999998,-240.97,-40.57,-288.31,-402.8,-134.83,196.72,-459.76
2025-08-13T16:24:21.999939,367.0,112.0,-336.0,271.0,-160.0,-279.0,-43.0,-202.0,-367.0,-241.0,177.0,-535.0,373.49,88.47,-306.78,275.07,-192.82999999999998,-250.97,-52.57,-246.31,-366.8,-226.83,166.72,-523.76
2025-08-13T16:24:22.007738,371.0,125.0,-342.0,343.0,-120.0,-290.0,-21.0,-178.0,-270.0,-112.0,150.0,-457.0,377.49,101.47,-312.78,347.07,-152.82999999999998,-261.97,-30.57,-222.31,-269.8,-97.83,139.72,-445.76
2025-08-13T16:24:22.012163,397.0,66.0,-289.0,322.0,-78.0,-283.0,-56.0,-179.0,-432.0,-136.0,184.0,-516.0,403.49,42.47,-259.78,326.07,-110.83,-254.97,-65.57,-223.31,-431.8,-121.83,173.72,-504.76
2025-08-13T16:24:22.020163,320.0,116.0,-349.0,342.0,-140.0,-307.0,-1.0,-219.0,-405.0,-162.0,201.0,-533.0,326.49,92.47,-319.78,346.07,-172.82999999999998,-278.97,-10.57,-263.31,-404.8,-147.83,190.72,-521.76
2025-08-13T16:24:22.028195,394.0,67.0,-440.0,282.0,-118.0,-253.0,-36.0,-161.0,-387.0,-99.0,181.0,-477.0,400.49,43.47,-410.78,286.07,-150.82999999999998,-224.97,-45.57,-205.31,-386.8,-84.83,170.72,-465.76
2025-08-13T16:24:22.032743,376.0,145.0,-319.0,325.0,-87.0,-299.0,0.0,-279.0,-372.0,-217.0,240.0,-545.0,382.49,121.47,-289.78,329.07,-119.83,-270.97,-9.57,-323.31,-371.8,-202.83,229.72,-533.76
2025-08-13T16:24:22.040955,391.0,73.0,-371.0,308.0,-166.0,-285.0,-25.0,-247.0,-359.0,-170.0,163.0,-460.0,397.49,49.47,-341.78,312.07,-198.82999999999998,-256.97,-34.57,-291.31,-358.8,-155.83,152.72,-448.76
2025-08-13T16:24:22.044905,389.0,145.0,-390.0,303.0,-177.0,-324.0,-8.0,-193.0,-439.0,-172.0,128.0,-470.0,395.49,121.47,-360.78,307.07,-209.82999999999998,-295.97,-17.57,-237.31,-438.8,-157.83,117.72,-458.76
2025-08-13T16:24:22.052981,410.0,159.0,-330.0,320.0,-113.0,-218.0,-23.0,-190.0,-435.0,-136.0,190.0,-532.0,416.49,135.47,-300.78,324.07,-145.82999999999998,-189.97,-32.57,-234.31,-434.8,-121.83,179.72,-520.76
2025-08-13T16:24:22.060947,315.0,128.0,-401.0,329.0,-136.0,-293.0,4.0,-177.0,-363.0,-115.0,163.0,-504.0,321.49,104.47,-371.78,333.07,-168.82999999999998,-264.97,-5.57,-221.31,-362.8,-100.83,152.72,-492.76
2025-08-13T16:24:22.065328,362.0,101.0,-388.0,304.0,-167.0,-292.0,-46.0,-195.0,-394.0,-64.0,219.0,-507.0,368.49,77.47,-358.78,308.07,-199.82999999999998,-263.97,-55.57,-239.31,-393.8,-49.83,208.72,-495.76
2025-08-13T16:24:22.073993,327.0,105.0,-392.0,275.0,-138.0,-259.0,14.0,-225.0,-466.0,-107.0,199.0,-465.0,333.49,81.47,-362.78,279.07,-170.82999999999998,-230.97,4.43,-269.31,-465.8,-92.83,188.72,-453.76
2025-08-13T16:24:22.081335,340.0,111.0,-346.0,343.0,-202.0,-332.0,-3.0,-218.0,-376.0,-220.0,173.0,-545.0,346.49,87.47,-316.78,347.07,-234.82999999999998,-303.97,-12.57,-262.31,-375.8,-205.83,162.72,-533.76
2025-08-13T16:24:22.085752,364.0,129.0,-337.0,304.0,-171.0,-303.0,-64.0,-244.0,-388.0,-91.0,88.0,-510.0,370.49,105.47,-307.78,308.07,-203.82999999999998,-274.97,-73.57,-288.31,-387.8,-76.83,77.72,-498.76
2025-08-13T16:24:22.093749,360.0,72.0,-318.0,308.0,-173.0,-269.0,-25.0,-188.0,-433.0,-196.0,204.0,-488.0,366.49,48.47,-288.78,312.07,-205.82999999999998,-240.97,-34.57,-232.31,-432.8,-181.83,193.72,-476.76
2025-08-13T16:24:22.098343,368.0,80.0,-355.0,383.0,-63.0,-277.0,-38.0,-207.0,-384.0,-109.0,193.0,-529.0,374.49,56.47,-325.78,387.07,-95.83,-248.97,-47.57,-251.31,-383.8,-94.83,182.72,-517.76
2025-08-13T16:24:22.106372,382.0,74.0,-241.0,315.0,-139.0,-357.0,-35.0,-198.0,-416.0,-137.0,112.0,-468.0,388.49,50.47,-211.78,319.07,-171.82999999999998,-328.97,-44.57,-242.31,-415.8,-122.83,101.72,-456.76
2025-08-13T16:24:22.114185,359.0,75.0,-343.0,321.0,-133.0,-308.0,-5.0,-218.0,-423.0,-79.0,209.0,-537.0,365.49,51.47,-313.78,325.07,-165.82999999999998,-279.97,-14.57,-262.31,-422.8,-64.83,198.72,-525.76
2025-08-13T16:24:22.118792,414.0,17.0,-374.0,315.0,-143.0,-189.0,-54.0,-229.0,-407.0,-138.0,177.0,-485.0,420.49,-6.530000000000001,-344.78,319.07,-175.82999999999998,-160.97,-63.57,-273.31,-406.8,-123.83,166.72,-473.76
2025-08-13T16:24:22.126712,339.0,49.0,-278.0,303.0,-147.0,-222.0,-20.0,-188.0,-426.0,-154.0,169.0,-473.0,345.49,25.47,-248.78,307.07,-179.82999999999998,-193.97,-29.57,-232.31,-425.8,-139.83,158.72,-461.76
2025-08-13T16:24:22.131228,356.0,117.0,-415.0,289.0,-125.0,-312.0,24.0,-208.0,-424.0,-113.0,247.0,-529.0,362.49,93.47,-385.78,293.07,-157.82999999999998,-283.97,14.43,-252.31,-423.8,-98.83,236.72,-517.76
2025-08-13T16:24:22.139170,365.0,106.0,-336.0,282.0,-128.0,-317.0,74.0,-147.0,-403.0,-72.0,163.0,-535.0,371.49,82.47,-306.78,286.07,-160.82999999999998,-288.97,64.43,-191.31,-402.8,-57.83,152.72,-523.76
2025-08-13T16:24:22.147241,338.0,56.0,-338.0,292.0,-138.0,-257.0,44.0,-205.0,-391.0,-125.0,194.0,-508.0,344.49,32.47,-308.78,296.07,-170.82999999999998,-228.97,34.43,-249.31,-390.8,-110.83,183.72,-496.76
2025-08-13T16:24:22.151719,416.0,69.0,-404.0,316.0,-99.0,-254.0,-38.0,-155.0,-440.0,-111.0,135.0,-464.0,422.49,45.47,-374.78,320.07,-131.82999999999998,-225.97,-47.57,-199.31,-439.8,-96.83,124.72,-452.76
2025-08-13T16:24:22.160003,369.0,57.0,-383.0,327.0,-81.0,-306.0,-42.0,-225.0,-402.0,-99.0,164.0,-482.0,375.49,33.47,-353.78,331.07,-113.83,-277.97,-51.57,-269.31,-401.8,-84.83,153.72,-470.76
2025-08-13T16:24:22.167462,372.0,140.0,-348.0,348.0,-142.0,-256.0,-50.0,-257.0,-379.0,-190.0,236.0,-548.0,378.49,116.47,-318.78,352.07,-174.82999999999998,-227.97,-59.57,-301.31,-378.8,-175.83,225.72,-536.76
2025-08-13T16:24:22.171988,384.0,89.0,-382.0,314.0,-176.0,-252.0,2.0,-249.0,-403.0,-156.0,129.0,-451.0,390.49,65.47,-352.78,318.07,-208.82999999999998,-223.97,-7.57,-293.31,-402.8,-141.83,118.72,-439.76
2025-08-13T16:24:22.180123,378.0,101.0,-366.0,318.0,-131.0,-240.0,4.0,-189.0,-388.0,-93.0,201.0,-474.0,384.49,77.47,-336.78,322.07,-163.82999999999998,-211.97,-5.57,-233.31,-387.8,-78.83,190.72,-462.76
2025-08-13T16:24:22.188144,379.0,78.0,-321.0,305.0,-133.0,-269.0,-35.0,-203.0,-386.0,-164.0,167.0,-536.0,385.49,54.47,-291.78,309.07,-165.82999999999998,-240.97,-44.57,-247.31,-385.8,-149.83,156.72,-524.76
2025-08-13T16:24:22.194048,327.0,117.0,-376.0,339.0,-71.0,-294.0,37.0,-156.0,-428.0,-155.0,88.0,-525.0,333.49,93.47,-346.78,343.07,-103.83,-265.97,27.43,-200.31,-427.8,-140.83,77.72,-513.76
2025-08-13T16:24:22.200119,345.0,43.0,-354.0,245.0,-181.0,-316.0,-42.0,-217.0,-345.0,-121.0,201.0,-429.0,351.49,19.47,-324.78,249.07,-213.82999999999998,-287.97,-51.57,-261.31,-344.8,-106.83,190.72,-417.76
2025-08-13T16:24:22.204788,359.0,133.0,-374.0,350.0,-190.0,-287.0,-30.0,-245.0,-451.0,-98.0,191.0,-511.0,365.49,109.47,-344.78,354.07,-222.82999999999998,-258.97,-39.57,-289.31,-450.8,-83.83,180.72,-499.76
2025-08-13T16:24:22.212606,345.0,51.0,-282.0,207.0,-200.0,-275.0,33.0,-206.0,-421.0,-129.0,142.0,-473.0,351.49,27.47,-252.78,211.07,-232.82999999999998,-246.97,23.43,-250.31,-420.8,-114.83,131.72,-461.76
2025-08-13T16:24:22.217088,381.0,103.0,-416.0,312.0,-137.0,-300.0,-33.0,-111.0,-398.0,-246.0,156.0,-491.0,387.49,79.47,-386.78,316.07,-169.82999999999998,-271.97,-42.57,-155.31,-397.8,-231.83,145.72,-479.76
2025-08-13T16:24:22.224877,407.0,77.0,-412.0,372.0,-132.0,-241.0,-6.0,-252.0,-369.0,-135.0,141.0,-575.0,413.49,53.47,-382.78,376.07,-164.82999999999998,-212.97,-15.57,-296.31,-368.8,-120.83,130.72,-563.76
2025-08-13T16:24:22.232905,355.0,118.0,-334.0,402.0,-146.0,-242.0,-53.0,-200.0,-432.0,-136.0,218.0,-470.0,361.49,94.47,-304.78,406.07,-178.82999999999998,-213.97,-62.57,-244.31,-431.8,-121.83,207.72,-458.76
2025-08-13T16:24:22.237606,364.0,150.0,-381.0,337.0,-156.0,-238.0,12.0,-267.0,-372.0,-168.0,153.0,-491.0,370.49,126.47,-351.78,341.07,-188.82999999999998,-209.97,2.4299999999999997,-311.31,-371.8,-153.83,142.72,-479.76
2025-08-13T16:24:22.245538,383.0,27.0,-317.0,374.0,-111.0,-259.0,-25.0,-150.0,-377.0,-165.0,187.0,-506.0,389.49,3.469999999999999,-287.78,378.07,-143.82999999999998,-230.97,-34.57,-194.31,-376.8,-150.83,176.72,-494.76
2025-08-13T16:24:22.253423,326.0,81.0,-423.0,373.0,-146.0,-304.0,-2.0,-288.0,-394.0,-107.0,168.0,-506.0,332.49,57.47,-393.78,377.07,-178.82999999999998,-275.97,-11.57,-332.31,-393.8,-92.83,157.72,-494.76
2025-08-13T16:24:22.257885,414.0,79.0,-400.0,302.0,-177.0,-364.0,-22.0,-117.0,-379.0,-127.0,220.0,-521.0,420.49,55.47,-370.78,306.07,-209.82999999999998,-335.97,-31.57,-161.31,-378.8,-112.83,209.72,-509.76
2025-08-13T16:24:22.265815,305.0,96.0,-295.0,275.0,-116.0,-255.0,43.0,-232.0,-393.0,-128.0,206.0,-490.0,311.49,72.47,-265.78,279.07,-148.82999999999998,-226.97,33.43,-276.31,-392.8,-113.83,195.72,-478.76
2025-08-13T16:24:22.270139,310.0,105.0,-384.0,303.0,-125.0,-285.0,-42.0,-188.0,-386.0,-224.0,186.0,-497.0,316.49,81.47,-354.78,307.07,-157.82999999999998,-256.97,-51.57,-232.31,-385.8,-209.83,175.72,-485.76
2025-08-13T16:24:22.278057,402.0,50.0,-355.0,342.0,-197.0,-229.0,28.0,-233.0,-449.0,-137.0,194.0,-465.0,408.49,26.47,-325.78,346.07,-229.82999999999998,-200.97,18.43,-277.31,-448.8,-122.83,183.72,-453.76
2025-08-13T16:24:22.286285,337.0,112.0,-413.0,287.0,-171.0,-321.0,-41.0,-216.0,-385.0,-130.0,214.0,-518.0,343.49,88.47,-383.78,291.07,-203.82999999999998,-292.97,-50.57,-260.31,-384.8,-115.83,203.72,-506.76
2025-08-13T16:24:22.290836,322.0,107.0,-333.0,291.0,-138.0,-235.0,-16.0,-193.0,-407.0,-104.0,191.0,-482.0,328.49,83.47,-303.78,295.07,-170.82999999999998,-206.97,-25.57,-237.31,-406.8,-89.83,180.72,-470.76
2025-08-13T16:24:22.298626,304.0,144.0,-397.0,341.0,-137.0,-260.0,-36.0,-231.0,-409.0,-140.0,136.0,-529.0,310.49,120.47,-367.78,345.07,-169.82999999999998,-231.97,-45.57,-275.31,-408.8,-125.83,125.72,-517.76
2025-08-13T16:24:22.306722,350.0,78.0,-326.0,273.0,-146.0,-272.0,-38.0,-200.0,-374.0,-153.0,184.0,-496.0,356.49,54.47,-296.78,277.07,-178.82999999999998,-243.97,-47.57,-244.31,-373.8,-138.83,173.72,-484.76
2025-08-13T16:24:22.311235,332.0,150.0,-448.0,291.0,-123.0,-237.0,-49.0,-219.0,-395.0,-176.0,200.0,-446.0,338.49,126.47,-418.78,295.07,-155.82999999999998,-208.97,-58.57,-263.31,-394.8,-161.83,189.72,-434.76
2025-08-13T16:24:22.319174,404.0,76.0,-335.0,394.0,-124.0,-260.0,-36.0,-194.0,-355.0,-99.0,225.0,-488.0,410.49,52.47,-305.78,398.07,-156.82999999999998,-231.97,-45.57,-238.31,-354.8,-84.83,214.72,-476.76
2025-08-13T16:24:22.323795,386.0,123.0,-358.0,320.0,-106.0,-240.0,-16.0,-148.0,-380.0,-118.0,156.0,-433.0,392.49,99.47,-328.78,324.07,-138.82999999999998,-211.97,-25.57,-192.31,-379.8,-103.83,145.72,-421.76
2025-08-13T16:24:22.332261,331.0,88.0,-333.0,322.0,-137.0,-252.0,-9.0,-216.0,-392.0,-162.0,217.0,-513.0,337.49,64.47,-303.78,326.07,-169.82999999999998,-223.97,-18.57,-260.31,-391.8,-147.83,206.72,-501.76
2025-08-13T16:24:22.339761,415.0,112.0,-387.0,349.0,-186.0,-304.0,-26.0,-159.0,-388.0,-206.0,187.0,-476.0,421.49,88.47,-357.78,353.07,-218.82999999999998,-275.97,-35.57,-203.31,-387.8,-191.83,176.72,-464.76
2025-08-13T16:24:22.344051,299.0,150.0,-399.0,360.0,-147.0,-273.0,20.0,-248.0,-359.0,-148.0,197.0,-481.0,305.49,126.47,-369.78,364.07,-179.82999999999998,-244.97,10.43,-292.31,-358.8,-133.83,186.72,-469.76
2025-08-13T16:24:22.352039,379.0,30.0,-324.0,295.0,-210.0,-283.0,-103.0,-225.0,-422.0,-179.0,173.0,-484.0,385.49,6.469999999999999,-294.78,299.07,-242.82999999999998,-254.97,-112.57,-269.31,-421.8,-164.83,162.72,-472.76
2025-08-13T16:24:22.359802,312.0,74.0,-289.0,351.0,-182.0,-283.0,8.0,-171.0,-394.0,-166.0,176.0,-520.0,318.49,50.47,-259.78,355.07,-214.82999999999998,-254.97,-1.5700000000000003,-215.31,-393.8,-151.83,165.72,-508.76
2025-08-13T16:24:22.364626,373.0,71.0,-348.0,356.0,-162.0,-315.0,-61.0,-229.0,-390.0,-144.0,156.0,-515.0,379.49,47.47,-318.78,360.07,-194.82999999999998,-286.97,-70.57,-273.31,-389.8,-129.83,145.72,-503.76
2025-08-13T16:24:22.372423,305.0,50.0,-320.0,344.0,-114.0,-248.0,-23.0,-220.0,-403.0,-167.0,127.0,-505.0,311.49,26.47,-290.78,348.07,-146.82999999999998,-219.97,-32.57,-264.31,-402.8,-152.83,116.72,-493.76
2025-08-13T16:24:22.376933,376.0,97.0,-401.0,303.0,-184.0,-291.0,-52.0,-215.0,-383.0,-130.0,178.0,-573.0,382.49,73.47,-371.78,307.07,-216.82999999999998,-262.97,-61.57,-259.31,-382.8,-115.83,167.72,-561.76
2025-08-13T16:24:22.384880,421.0,126.0,-309.0,311.0,-202.0,-273.0,-75.0,-227.0,-424.0,-173.0,98.0,-479.0,427.49,102.47,-279.78,315.07,-234.82999999999998,-244.97,-84.57,-271.31,-423.8,-158.83,87.72,-467.76
2025-08-13T16:24:22.392873,340.0,51.0,-365.0,279.0,-178.0,-314.0,-78.0,-197.0,-411.0,-89.0,216.0,-514.0,346.49,27.47,-335.78,283.07,-210.82999999999998,-285.97,-87.57,-241.31,-410.8,-74.83,205.72,-502.76
2025-08-13T16:24:22.397627,341.0,49.0,-348.0,265.0,-170.0,-293.0,-12.0,-127.0,-353.0,-50.0,161.0,-478.0,347.49,25.47,-318.78,269.07,-202.82999999999998,-264.97,-21.57,-171.31,-352.8,-35.83,150.72,-466.76
2025-08-13T16:24:22.405390,344.0,43.0,-281.0,391.0,-121.0,-206.0,44.0,-230.0,-386.0,-138.0,152.0,-459.0,350.49,19.47,-251.78,395.07,-153.82999999999998,-177.97,34.43,-274.31,-385.8,-123.83,141.72,-447.76
2025-08-13T16:24:22.413194,372.0,131.0,-318.0,320.0,-125.0,-275.0,-21.0,-251.0,-358.0,-199.0,174.0,-467.0,378.49,107.47,-288.78,324.07,-157.82999999999998,-246.97,-30.57,-295.31,-357.8,-184.83,163.72,-455.76
2025-08-13T16:24:22.417650,359.0,36.0,-347.0,289.0,-138.0,-283.0,-23.0,-183.0,-394.0,-105.0,181.0,-451.0,365.49,12.469999999999999,-317.78,293.07,-170.82999999999998,-254.97,-32.57,-227.31,-393.8,-90.83,170.72,-439.76
2025-08-13T16:24:22.425670,360.0,108.0,-334.0,339.0,-140.0,-274.0,25.0,-185.0,-331.0,-152.0,144.0,-558.0,366.49,84.47,-304.78,343.07,-172.82999999999998,-245.97,15.43,-229.31,-330.8,-137.83,133.72,-546.76
2025-08-13T16:24:22.430407,354.0,110.0,-257.0,312.0,-167.0,-309.0,-50.0,-201.0,-472.0,-96.0,166.0,-513.0,360.49,86.47,-227.78,316.07,-199.82999999999998,-280.97,-59.57,-245.31,-471.8,-81.83,155.72,-501.76
2025-08-13T16:24:22.441413,346.0,106.0,-439.0,314.0,-136.0,-310.0,18.0,-197.0,-348.0,-138.0,178.0,-468.0,352.49,82.47,-409.78,318.07,-168.82999999999998,-281.97,8.43,-241.31,-347.8,-123.83,167.72,-456.76
2025-08-13T16:24:22.447528,336.0,95.0,-337.0,310.0,-90.0,-302.0,-46.0,-234.0,-361.0,-102.0,177.0,-472.0,342.49,71.47,-307.78,314.07,-122.83,-273.97,-55.57,-278.31,-360.8,-87.83,166.72,-460.76
2025-08-13T16:24:22.450418,398.0,142.0,-299.0,294.0,-104.0,-238.0,-9.0,-264.0,-302.0,-170.0,178.0,-463.0,404.49,118.47,-269.78,298.07,-136.82999999999998,-209.97,-18.57,-308.31,-301.8,-155.83,167.72,-451.76
2025-08-13T16:24:22.458342,330.0,129.0,-364.0,335.0,-171.0,-282.0,-14.0,-204.0,-427.0,-176.0,238.0,-481.0,336.49,105.47,-334.78,339.07,-203.82999999999998,-253.97,-23.57,-248.31,-426.8,-161.83,227.72,-469.76
2025-08-13T16:24:22.466369,388.0,69.0,-310.0,315.0,-93.0,-264.0,-37.0,-176.0,-427.0,-158.0,184.0,-428.0,394.49,45.47,-280.78,319.07,-125.83,-235.97,-46.57,-220.31,-426.8,-143.83,173.72,-416.76
2025-08-13T16:24:22.470756,314.0,75.0,-324.0,255.0,-136.0,-230.0,-38.0,-163.0,-385.0,-157.0,168.0,-439.0,320.49,51.47,-294.78,259.07,-168.82999999999998,-201.97,-47.57,-207.31,-384.8,-142.83,157.72,-427.76
2025-08-13T16:24:22.478802,357.0,103.0,-325.0,273.0,-81.0,-172.0,-27.0,-231.0,-307.0,-124.0,213.0,-432.0,363.49,79.47,-295.78,277.07,-113.83,-143.97,-36.57,-275.31,-306.8,-109.83,202.72,-420.76
2025-08-13T16:24:22.483365,295.0,-41.0,-285.0,279.0,-120.0,-315.0,25.0,-163.0,-337.0,-115.0,149.0,-445.0,301.49,-64.53,-255.78,283.07,-152.82999999999998,-286.97,15.43,-207.31,-336.8,-100.83,138.72,-433.76
2025-08-13T16:24:22.491214,296.0,69.0,-308.0,329.0,-109.0,-168.0,-38.0,-245.0,-305.0,-181.0,149.0,-453.0,302.49,45.47,-278.78,333.07,-141.82999999999998,-139.97,-47.57,-289.31,-304.8,-166.83,138.72,-441.76
2025-08-13T16:24:22.499303,264.0,47.0,-305.0,297.0,-129.0,-263.0,-56.0,-140.0,-318.0,-170.0,102.0,-522.0,270.49,23.47,-275.78,301.07,-161.82999999999998,-234.97,-65.57,-184.31,-317.8,-155.83,91.72,-510.76
2025-08-13T16:24:22.503467,263.0,102.0,-301.0,292.0,-127.0,-173.0,-42.0,-194.0,-294.0,-154.0,129.0,-368.0,269.49,78.47,-271.78,296.07,-159.82999999999998,-144.97,-51.57,-238.31,-293.8,-139.83,118.72,-356.76
2025-08-13T16:24:22.511655,288.0,23.0,-266.0,224.0,-70.0,-190.0,-69.0,-98.0,-300.0,-117.0,118.0,-359.0,294.49,-0.5300000000000011,-236.78,228.07,-102.83,-161.97,-78.57,-142.31,-299.8,-102.83,107.72,-347.76
2025-08-13T16:24:22.515959,300.0,63.0,-297.0,231.0,-99.0,-152.0,-53.0,-140.0,-279.0,-89.0,56.0,-361.0,306.49,39.47,-267.78,235.07,-131.82999999999998,-123.97,-62.57,-184.31,-278.8,-74.83,45.72,-349.76
2025-08-13T16:24:22.524002,303.0,79.0,-305.0,192.0,-103.0,-172.0,-41.0,-89.0,-243.0,-112.0,147.0,-387.0,309.49,55.47,-275.78,196.07,-135.82999999999998,-143.97,-50.57,-133.31,-242.8,-97.83,136.72,-375.76
2025-08-13T16:24:22.532152,200.0,14.0,-250.0,177.0,-30.0,-185.0,-51.0,-92.0,-307.0,-47.0,91.0,-303.0,206.49,-9.530000000000001,-220.78,181.07,-62.83,-156.97,-60.57,-136.31,-306.8,-32.83,80.72,-291.76
2025-08-13T16:24:22.537496,252.0,2.0,-214.0,186.0,-5.0,-163.0,-37.0,-60.0,-223.0,-194.0,48.0,-325.0,258.49,-21.53,-184.78,190.07,-37.83,-134.97,-46.57,-104.31,-222.8,-179.83,37.72,-313.76
2025-08-13T16:24:22.544402,222.0,100.0,-249.0,125.0,-58.0,-137.0,-4.0,-81.0,-234.0,-45.0,75.0,-293.0,228.49,76.47,-219.78,129.07,-90.83,-108.97,-13.57,-125.31,-233.8,-30.83,64.72,-281.76
2025-08-13T16:24:22.549053,163.0,36.0,-188.0,189.0,-28.0,-192.0,-13.0,-57.0,-249.0,-40.0,44.0,-321.0,169.49,12.469999999999999,-158.78,193.07,-60.83,-163.97,-22.57,-101.31,-248.8,-25.83,33.72,-309.76
2025-08-13T16:24:22.557101,159.0,-15.0,-263.0,101.0,-61.0,-164.0,-65.0,-63.0,-208.0,-103.0,94.0,-239.0,165.49,-38.53,-233.78,105.07,-93.83,-135.97,-74.57,-107.31,-207.8,-88.83,83.72,-227.76
2025-08-13T16:24:22.561363,82.0,16.0,-213.0,116.0,-61.0,-164.0,-12.0,-70.0,-185.0,-104.0,54.0,-221.0,88.49,-7.530000000000001,-183.78,120.07,-93.83,-135.97,-21.57,-114.31,-184.8,-89.83,43.72,-209.76
2025-08-13T16:24:22.569118,194.0,22.0,-200.0,172.0,-35.0,-121.0,-71.0,6.0,-212.0,-81.0,6.0,-277.0,200.49,-1.5300000000000011,-170.78,176.07,-67.83,-92.97,-80.57,-38.31,-211.8,-66.83,-4.279999999999999,-265.76
2025-08-13T16:24:22.576813,151.0,1.0,-231.0,116.0,67.0,-30.0,-43.0,17.0,-224.0,-78.0,31.0,-197.0,157.49,-22.53,-201.78,120.07,34.17,-1.9699999999999989,-52.57,-27.310000000000002,-223.8,-63.83,20.72,-185.76
2025-08-13T16:24:22.581425,106.0,8.0,-201.0,48.0,-78.0,-135.0,-34.0,9.0,-206.0,-112.0,57.0,-196.0,112.49,-15.530000000000001,-171.78,52.07,-110.83,-106.97,-43.57,-35.31,-205.8,-97.83,46.72,-184.76
2025-08-13T16:24:22.589308,144.0,11.0,-222.0,78.0,-13.0,-127.0,4.0,4.0,-160.0,-51.0,33.0,-150.0,150.49,-12.530000000000001,-192.78,82.07,-45.83,-98.97,-5.57,-40.31,-159.8,-36.83,22.72,-138.76
2025-08-13T16:24:22.593827,54.0,46.0,-142.0,169.0,50.0,-144.0,-1.0,-19.0,-154.0,-70.0,-42.0,-190.0,60.49,22.47,-112.78,173.07,17.17,-115.97,-10.57,-63.31,-153.8,-55.83,-52.28,-178.76
2025-08-13T16:24:22.601757,31.0,22.0,-143.0,118.0,-77.0,-185.0,-25.0,42.0,-109.0,-150.0,22.0,-192.0,37.49,-1.5300000000000011,-113.78,122.07,-109.83,-156.97,-34.57,-2.3100000000000023,-108.8,-135.83,11.72,-180.76
2025-08-13T16:24:22.606097,30.0,11.0,-63.0,47.0,-30.0,-156.0,-53.0,-11.0,-154.0,-48.0,55.0,-199.0,36.49,-12.530000000000001,-33.78,51.07,-62.83,-127.97,-62.57,-55.31,-153.8,-33.83,44.72,-187.76
2025-08-13T16:24:22.614245,37.0,25.0,-159.0,28.0,-48.0,-170.0,-67.0,-25.0,-111.0,-56.0,-16.0,-115.0,43.49,1.4699999999999989,-129.78,32.07,-80.83,-141.97,-76.57,-69.31,-110.8,-41.83,-26.28,-103.76
2025-08-13T16:24:22.618592,4.0,101.0,-181.0,52.0,20.0,-110.0,3.0,58.0,-157.0,-12.0,13.0,-136.0,10.49,77.47,-151.78,56.07,-12.829999999999998,-81.97,-6.57,13.689999999999998,-156.8,2.17,2.7200000000000006,-124.76
2025-08-13T16:24:22.626617,94.0,-4.0,-119.0,17.0,-8.0,-209.0,-25.0,23.0,-86.0,-53.0,-15.0,-135.0,100.49,-27.53,-89.78,21.07,-40.83,-180.97,-34.57,-21.310000000000002,-85.8,-38.83,-25.28,-123.76
2025-08-13T16:24:22.630896,35.0,13.0,-97.0,33.0,-53.0,-175.0,-10.0,-35.0,-69.0,-68.0,-2.0,-232.0,41.49,-10.530000000000001,-67.78,37.07,-85.83,-146.97,-19.57,-79.31,-68.8,-53.83,-12.28,-220.76
2025-08-13T16:24:22.640269,-66.0,59.0,-141.0,88.0,-55.0,-180.0,3.0,76.0,-134.0,-56.0,33.0,-167.0,-59.51,35.47,-111.78,92.07,-87.83,-151.97,-6.57,31.689999999999998,-133.8,-41.83,22.72,-155.76
2025-08-13T16:24:22.644247,14.0,69.0,-163.0,34.0,-76.0,-189.0,-34.0,128.0,-142.0,-6.0,52.0,-171.0,20.490000000000002,45.47,-133.78,38.07,-108.83,-160.97,-43.57,83.69,-141.8,8.17,41.72,-159.76
2025-08-13T16:24:22.653019,93.0,78.0,-137.0,46.0,9.0,-118.0,46.0,96.0,-72.0,-15.0,6.0,-111.0,99.49,54.47,-107.78,50.07,-23.83,-89.97,36.43,51.69,-71.8,-0.8300000000000001,-4.279999999999999,-99.76
2025-08-13T16:24:22.658760,115.0,45.0,-179.0,15.0,-13.0,-133.0,12.0,-2.0,-191.0,-41.0,-1.0,-79.0,121.49,21.47,-149.78,19.07,-45.83,-104.97,2.4299999999999997,-46.31,-190.8,-26.83,-11.28,-67.76
2025-08-13T16:24:22.663194,112.0,14.0,-115.0,12.0,31.0,-144.0,0.0,33.0,-116.0,-75.0,57.0,-72.0,118.49,-9.530000000000001,-85.78,16.07,-1.8299999999999983,-115.97,-9.57,-11.310000000000002,-115.8,-60.83,46.72,-60.76
2025-08-13T16:24:22.671031,2.0,29.0,-166.0,33.0,42.0,-143.0,-97.0,29.0,-131.0,-75.0,58.0,-100.0,8.49,5.469999999999999,-136.78,37.07,9.170000000000002,-114.97,-106.57,-15.310000000000002,-130.8,-60.83,47.72,-88.76
2025-08-13T16:24:22.675540,43.0,94.0,-118.0,30.0,70.0,-124.0,-45.0,46.0,-158.0,-56.0,43.0,-145.0,49.49,70.47,-88.78,34.07,37.17,-95.97,-54.57,1.6899999999999977,-157.8,-41.83,32.72,-133.76
2025-08-13T16:24:22.683406,46.0,66.0,-158.0,39.0,43.0,-142.0,-2.0,7.0,-147.0,-49.0,-3.0,-176.0,52.49,42.47,-128.78,43.07,10.170000000000002,-113.97,-11.57,-37.31,-146.8,-34.83,-13.28,-164.76
2025-08-13T16:24:22.687653,15.0,108.0,-111.0,19.0,35.0,-105.0,-40.0,0.0,-171.0,-97.0,12.0,-113.0,21.490000000000002,84.47,-81.78,23.07,2.1700000000000017,-76.97,-49.57,-44.31,-170.8,-82.83,1.7200000000000006,-101.76
2025-08-13T16:24:22.695664,87.0,19.0,-145.0,77.0,-3.0,-151.0,-1.0,-8.0,-108.0,-42.0,21.0,-129.0,93.49,-4.530000000000001,-115.78,81.07,-35.83,-122.97,-10.57,-52.31,-107.8,-27.83,10.72,-117.76
2025-08-13T16:24:22.699979,75.0,36.0,-145.0,63.0,38.0,-113.0,-30.0,-30.0,-94.0,-88.0,23.0,-75.0,81.49,12.469999999999999,-115.78,67.07,5.170000000000002,-84.97,-39.57,-74.31,-93.8,-73.83,12.72,-63.76
2025-08-13T16:24:22.708218,21.0,36.0,-168.0,34.0,-6.0,-166.0,24.0,35.0,-36.0,-17.0,124.0,-200.0,27.490000000000002,12.469999999999999,-138.78,38.07,-38.83,-137.97,14.43,-9.310000000000002,-35.8,-2.83,113.72,-188.76
2025-08-13T16:24:22.712289,61.0,62.0,-114.0,32.0,-45.0,-108.0,-31.0,89.0,-94.0,-24.0,7.0,-145.0,67.49,38.47,-84.78,36.07,-77.83,-79.97,-40.57,44.69,-93.8,-9.83,-3.2799999999999994,-133.76
2025-08-13T16:24:22.720316,60.0,149.0,-181.0,69.0,9.0,-89.0,-5.0,72.0,-132.0,-35.0,15.0,-145.0,66.49,125.47,-151.78,73.07,-23.83,-60.97,-14.57,27.689999999999998,-131.8,-20.83,4.720000000000001,-133.76
2025-08-13T16:24:22.724717,31.0,63.0,-108.0,107.0,-67.0,-165.0,-64.0,-6.0,-126.0,8.0,51.0,-175.0,37.49,39.47,-78.78,111.07,-99.83,-136.97,-73.57,-50.31,-125.8,22.17,40.72,-163.76
2025-08-13T16:24:22.732624,61.0,14.0,-178.0,-5.0,-11.0,-140.0,39.0,-53.0,-59.0,-29.0,44.0,-135.0,67.49,-9.530000000000001,-148.78,-0.9299999999999997,-43.83,-111.97,29.43,-97.31,-58.8,-14.83,33.72,-123.76
2025-08-13T16:24:22.736980,19.0,110.0,-119.0,85.0,12.0,-135.0,-60.0,35.0,-75.0,-26.0,63.0,-180.0,25.490000000000002,86.47,-89.78,89.07,-20.83,-106.97,-69.57,-9.310000000000002,-74.8,-11.83,52.72,-168.76
2025-08-13T16:24:22.745100,-19.0,-56.0,-163.0,5.0,-39.0,-180.0,-62.0,35.0,-52.0,-8.0,51.0,-132.0,-12.51,-79.53,-133.78,9.07,-71.83,-151.97,-71.57,-9.310000000000002,-51.8,6.17,40.72,-120.76
2025-08-13T16:24:22.749304,13.0,72.0,-163.0,44.0,-6.0,-164.0,3.0,96.0,-160.0,-88.0,60.0,-131.0,19.490000000000002,48.47,-133.78,48.07,-38.83,-135.97,-6.57,51.69,-159.8,-73.83,49.72,-119.76
2025-08-13T16:24:22.757622,-2.0,152.0,-174.0,61.0,-46.0,-103.0,-42.0,34.0,-114.0,11.0,-1.0,-133.0,4.49,128.47,-144.78,65.07,-78.83,-74.97,-51.57,-10.310000000000002,-113.8,25.17,-11.28,-121.76
2025-08-13T16:24:22.764401,34.0,63.0,-159.0,39.0,68.0,-83.0,-5.0,21.0,-112.0,-112.0,-18.0,-134.0,40.49,39.47,-129.78,43.07,35.17,-54.97,-14.57,-23.310000000000002,-111.8,-97.83,-28.28,-122.76
2025-08-13T16:24:22.769681,65.0,53.0,-212.0,37.0,-17.0,-118.0,8.0,-1.0,-49.0,-109.0,17.0,-175.0,71.49,29.47,-182.78,41.07,-49.83,-89.97,-1.5700000000000003,-45.31,-48.8,-94.83,6.720000000000001,-163.76
2025-08-13T16:24:22.777633,20.0,9.0,-168.0,4.0,10.0,-121.0,-62.0,13.0,-161.0,-55.0,22.0,-175.0,26.490000000000002,-14.530000000000001,-138.78,8.07,-22.83,-92.97,-71.57,-31.310000000000002,-160.8,-40.83,11.72,-163.76
2025-08-13T16:24:22.782529,32.0,81.0,-116.0,77.0,-40.0,-117.0,-32.0,-27.0,-38.0,-70.0,22.0,-181.0,38.49,57.47,-86.78,81.07,-72.83,-88.97,-41.57,-71.31,-37.8,-55.83,11.72,-169.76
2025-08-13T16:24:22.790061,15.0,70.0,-118.0,21.0,-5.0,-172.0,6.0,55.0,-127.0,1.0,-12.0,-182.0,21.490000000000002,46.47,-88.78,25.07,-37.83,-143.97,-3.5700000000000003,10.689999999999998,-126.8,15.17,-22.28,-170.76
2025-08-13T16:24:22.794337,28.0,95.0,-117.0,-57.0,3.0,-157.0,46.0,62.0,-70.0,6.0,-47.0,-129.0,34.49,71.47,-87.78,-52.93,-29.83,-128.97,36.43,17.689999999999998,-69.8,20.17,-57.28,-117.76
2025-08-13T16:24:22.802136,35.0,90.0,-156.0,38.0,30.0,-173.0,-87.0,22.0,-116.0,-39.0,21.0,-102.0,41.49,66.47,-126.78,42.07,-2.8299999999999983,-144.97,-96.57,-22.310000000000002,-115.8,-24.83,10.72,-90.76
2025-08-13T16:24:22.806717,53.0,-23.0,-111.0,-20.0,21.0,-131.0,-14.0,7.0,-75.0,-65.0,70.0,-146.0,59.49,-46.53,-81.78,-15.93,-11.829999999999998,-102.97,-23.57,-37.31,-74.8,-50.83,59.72,-134.76
2025-08-13T16:24:22.814638,50.0,-46.0,-128.0,-12.0,18.0,-128.0,-59.0,12.0,-76.0,-60.0,28.0,-107.0,56.49,-69.53,-98.78,-7.93,-14.829999999999998,-99.97,-68.57,-32.31,-75.8,-45.83,17.72,-95.76
2025-08-13T16:24:22.819017,-22.0,81.0,-179.0,70.0,11.0,-153.0,-41.0,6.0,-113.0,-73.0,98.0,-124.0,-15.51,57.47,-149.78,74.07,-21.83,-124.97,-50.57,-38.31,-112.8,-58.83,87.72,-112.76
2025-08-13T16:24:22.826943,32.0,87.0,-179.0,76.0,-47.0,-115.0,-45.0,44.0,-129.0,-40.0,-19.0,-168.0,38.49,63.47,-149.78,80.07,-79.83,-86.97,-54.57,-0.3100000000000023,-128.8,-25.83,-29.28,-156.76
2025-08-13T16:24:22.831362,52.0,8.0,-130.0,20.0,56.0,-102.0,14.0,-23.0,-134.0,-49.0,57.0,-184.0,58.49,-15.530000000000001,-100.78,24.07,23.17,-73.97,4.43,-67.31,-133.8,-34.83,46.72,-172.76
2025-08-13T16:24:22.839713,19.0,70.0,-163.0,61.0,10.0,-111.0,55.0,37.0,-137.0,13.0,69.0,-128.0,25.490000000000002,46.47,-133.78,65.07,-22.83,-82.97,45.43,-7.310000000000002,-136.8,27.17,58.72,-116.76
2025-08-13T16:24:22.843612,25.0,70.0,-182.0,32.0,-2.0,-158.0,-37.0,93.0,-56.0,-71.0,57.0,-54.0,31.490000000000002,46.47,-152.78,36.07,-34.83,-129.97,-46.57,48.69,-55.8,-56.83,46.72,-42.76
2025-08-13T16:24:22.851415,39.0,16.0,-169.0,72.0,14.0,-157.0,-71.0,20.0,-85.0,-51.0,62.0,-155.0,45.49,-7.530000000000001,-139.78,76.07,-18.83,-128.97,-80.57,-24.310000000000002,-84.8,-36.83,51.72,-143.76
2025-08-13T16:24:22.856024,37.0,67.0,-169.0,71.0,-35.0,-134.0,-5.0,-33.0,-91.0,8.0,102.0,-119.0,43.49,43.47,-139.78,75.07,-67.83,-105.97,-14.57,-77.31,-90.8,22.17,91.72,-107.76
2025-08-13T16:24:22.863724,4.0,93.0,-81.0,32.0,-60.0,-168.0,-23.0,16.0,-92.0,-21.0,9.0,-181.0,10.49,69.47,-51.78,36.07,-92.83,-139.97,-32.57,-28.310000000000002,-91.8,-6.83,-1.2799999999999994,-169.76
2025-08-13T16:24:22.868189,23.0,22.0,-181.0,79.0,-6.0,-131.0,-19.0,-12.0,-163.0,-35.0,16.0,-223.0,29.490000000000002,-1.5300000000000011,-151.78,83.07,-38.83,-102.97,-28.57,-56.31,-162.8,-20.83,5.720000000000001,-211.76
2025-08-13T16:24:22.876043,37.0,40.0,-238.0,33.0,20.0,-70.0,-46.0,49.0,-107.0,-9.0,9.0,-181.0,43.49,16.47,-208.78,37.07,-12.829999999999998,-41.97,-55.57,4.689999999999998,-106.8,5.17,-1.2799999999999994,-169.76
2025-08-13T16:24:22.880801,76.0,54.0,-113.0,-6.0,-3.0,-137.0,-53.0,-5.0,-105.0,-54.0,9.0,-129.0,82.49,30.47,-83.78,-1.9299999999999997,-35.83,-108.97,-62.57,-49.31,-104.8,-39.83,-1.2799999999999994,-117.76
2025-08-13T16:24:22.888565,5.0,-13.0,-176.0,11.0,28.0,-188.0,-75.0,45.0,-87.0,-60.0,39.0,-177.0,11.49,-36.53,-146.78,15.07,-4.829999999999998,-159.97,-84.57,0.6899999999999977,-86.8,-45.83,28.72,-165.76
2025-08-13T16:24:22.892956,46.0,44.0,-154.0,23.0,-5.0,-97.0,-98.0,21.0,-113.0,-97.0,61.0,-165.0,52.49,20.47,-124.78,27.07,-37.83,-68.97,-107.57,-23.310000000000002,-112.8,-82.83,50.72,-153.76
2025-08-13T16:24:22.900695,2.0,-42.0,-136.0,41.0,-12.0,-98.0,-27.0,-3.0,-115.0,-71.0,8.0,-174.0,8.49,-65.53,-106.78,45.07,-44.83,-69.97,-36.57,-47.31,-114.8,-56.83,-2.2799999999999994,-162.76
2025-08-13T16:24:22.908637,34.0,45.0,-198.0,13.0,22.0,-139.0,-38.0,29.0,-130.0,-37.0,97.0,-171.0,40.49,21.47,-168.78,17.07,-10.829999999999998,-110.97,-47.57,-15.310000000000002,-129.8,-22.83,86.72,-159.76
2025-08-13T16:24:22.913020,86.0,38.0,-126.0,40.0,-47.0,-109.0,5.0,-2.0,-82.0,-25.0,90.0,-251.0,92.49,14.469999999999999,-96.78,44.07,-79.83,-80.97,-4.57,-46.31,-81.8,-10.83,79.72,-239.76
2025-08-13T16:24:22.921004,153.0,-14.0,-181.0,9.0,57.0,-154.0,-48.0,22.0,-58.0,-30.0,55.0,-93.0,159.49,-37.53,-151.78,13.07,24.17,-125.97,-57.57,-22.310000000000002,-57.8,-15.83,44.72,-81.76
2025-08-13T16:24:22.925395,86.0,65.0,-159.0,13.0,25.0,-132.0,15.0,65.0,-99.0,-43.0,-36.0,-119.0,92.49,41.47,-129.78,17.07,-7.829999999999998,-103.97,5.43,20.689999999999998,-98.8,-28.83,-46.28,-107.76
2025-08-13T16:24:22.933325,-47.0,39.0,-105.0,-3.0,-22.0,-146.0,-33.0,1.0,-142.0,-98.0,59.0,-156.0,-40.51,15.469999999999999,-75.78,1.0700000000000003,-54.83,-117.97,-42.57,-43.31,-141.8,-83.83,48.72,-144.76
2025-08-13T16:24:22.937807,53.0,36.0,-120.0,87.0,-15.0,-119.0,-61.0,57.0,-146.0,14.0,18.0,-169.0,59.49,12.469999999999999,-90.78,91.07,-47.83,-90.97,-70.57,12.689999999999998,-145.8,28.17,7.720000000000001,-157.76
2025-08-13T16:24:22.945671,2.0,104.0,-89.0,35.0,-18.0,-111.0,-42.0,47.0,-118.0,-74.0,37.0,-168.0,8.49,80.47,-59.78,39.07,-50.83,-82.97,-51.57,2.6899999999999977,-117.8,-59.83,26.72,-156.76
2025-08-13T16:24:22.950180,-23.0,57.0,-223.0,74.0,13.0,-132.0,-28.0,-7.0,-56.0,-69.0,100.0,-130.0,-16.509999999999998,33.47,-193.78,78.07,-19.83,-103.97,-37.57,-51.31,-55.8,-54.83,89.72,-118.76
2025-08-13T16:24:22.958091,66.0,39.0,-222.0,17.0,-45.0,-121.0,-74.0,-65.0,-96.0,-54.0,28.0,-103.0,72.49,15.469999999999999,-192.78,21.07,-77.83,-92.97,-83.57,-109.31,-95.8,-39.83,17.72,-91.76
2025-08-13T16:24:22.962565,55.0,-12.0,-169.0,51.0,-4.0,-146.0,-85.0,53.0,-99.0,-51.0,36.0,-132.0,61.49,-35.53,-139.78,55.07,-36.83,-117.97,-94.57,8.689999999999998,-98.8,-36.83,25.72,-120.76
2025-08-13T16:24:22.970590,-1.0,53.0,-102.0,15.0,-34.0,-112.0,-46.0,47.0,-74.0,-41.0,65.0,-141.0,5.49,29.47,-72.78,19.07,-66.83,-83.97,-55.57,2.6899999999999977,-73.8,-26.83,54.72,-129.76
2025-08-13T16:24:22.976047,-10.0,21.0,-116.0,65.0,17.0,-112.0,-47.0,84.0,-211.0,-75.0,51.0,-175.0,-3.51,-2.530000000000001,-86.78,69.07,-15.829999999999998,-83.97,-56.57,39.69,-210.8,-60.83,40.72,-163.76
2025-08-13T16:24:22.982924,58.0,106.0,-170.0,30.0,-33.0,-175.0,-29.0,9.0,-128.0,-35.0,32.0,-169.0,64.49,82.47,-140.78,34.07,-65.83,-146.97,-38.57,-35.31,-127.8,-20.83,21.72,-157.76
2025-08-13T16:24:22.988643,104.0,77.0,-130.0,20.0,-4.0,-169.0,3.0,-10.0,-136.0,-45.0,30.0,-72.0,110.49,53.47,-100.78,24.07,-36.83,-140.97,-6.57,-54.31,-135.8,-30.83,19.72,-60.76
2025-08-13T16:24:22.995011,-9.0,-23.0,-168.0,76.0,-28.0,-139.0,-49.0,-7.0,-131.0,-70.0,76.0,-105.0,-2.51,-46.53,-138.78,80.07,-60.83,-110.97,-58.57,-51.31,-130.8,-55.83,65.72,-93.76
2025-08-13T16:24:23.000584,68.0,99.0,-70.0,71.0,35.0,-104.0,-30.0,3.0,-100.0,-9.0,47.0,-144.0,74.49,75.47,-40.78,75.07,2.1700000000000017,-75.97,-39.57,-41.31,-99.8,5.17,36.72,-132.76
2025-08-13T16:24:23.007320,68.0,24.0,-120.0,87.0,36.0,-94.0,-32.0,30.0,-156.0,-78.0,72.0,-161.0,74.49,0.46999999999999886,-90.78,91.07,3.1700000000000017,-65.97,-41.57,-14.310000000000002,-155.8,-63.83,61.72,-149.76
2025-08-13T16:24:23.012685,4.0,20.0,-80.0,64.0,24.0,-76.0,32.0,75.0,-109.0,-41.0,40.0,-170.0,10.49,-3.530000000000001,-50.78,68.07,-8.829999999999998,-47.97,22.43,30.689999999999998,-108.8,-26.83,29.72,-158.76
2025-08-13T16:24:23.019697,14.0,96.0,-178.0,23.0,-32.0,-142.0,-9.0,42.0,-116.0,-54.0,2.0,-201.0,20.490000000000002,72.47,-148.78,27.07,-64.83,-113.97,-18.57,-2.3100000000000023,-115.8,-39.83,-8.28,-189.76
2025-08-13T16:24:23.027731,75.0,84.0,-202.0,70.0,19.0,-173.0,-66.0,-34.0,-128.0,-16.0,71.0,-140.0,81.49,60.47,-172.78,74.07,-13.829999999999998,-144.97,-75.57,-78.31,-127.8,-1.83,60.72,-128.76
2025-08-13T16:24:23.032063,43.0,18.0,-111.0,85.0,25.0,-109.0,-48.0,12.0,-71.0,-82.0,1.0,-97.0,49.49,-5.530000000000001,-81.78,89.07,-7.829999999999998,-80.97,-57.57,-32.31,-70.8,-67.83,-9.28,-85.76
2025-08-13T16:24:23.039896,80.0,67.0,-156.0,0.0,13.0,-183.0,-103.0,16.0,-120.0,-78.0,-22.0,-131.0,86.49,43.47,-126.78,4.07,-19.83,-154.97,-112.57,-28.310000000000002,-119.8,-63.83,-32.28,-119.76
2025-08-13T16:24:23.044559,4.0,25.0,-118.0,81.0,-74.0,-145.0,-16.0,-35.0,-98.0,-41.0,77.0,-109.0,10.49,1.4699999999999989,-88.78,85.07,-106.83,-116.97,-25.57,-79.31,-97.8,-26.83,66.72,-97.76
2025-08-13T16:24:23.052214,5.0,98.0,-152.0,29.0,7.0,-101.0,-10.0,73.0,-163.0,-19.0,12.0,-165.0,11.49,74.47,-122.78,33.07,-25.83,-72.97,-19.57,28.689999999999998,-162.8,-4.83,1.7200000000000006,-153.76
2025-08-13T16:24:23.056754,-6.0,117.0,-170.0,10.0,-30.0,-105.0,-19.0,-21.0,-102.0,28.0,2.0,-174.0,0.4900000000000002,93.47,-140.78,14.07,-62.83,-76.97,-28.57,-65.31,-101.8,42.17,-8.28,-162.76
2025-08-13T16:24:23.064524,35.0,13.0,-175.0,35.0,-6.0,-198.0,-65.0,-2.0,-134.0,21.0,22.0,-187.0,41.49,-10.530000000000001,-145.78,39.07,-38.83,-169.97,-74.57,-46.31,-133.8,35.17,11.72,-175.76
2025-08-13T16:24:23.069133,25.0,-1.0,-171.0,53.0,-49.0,-151.0,20.0,11.0,-76.0,-116.0,41.0,-80.0,31.490000000000002,-24.53,-141.78,57.07,-81.83,-122.97,10.43,-33.31,-75.8,-101.83,30.72,-68.76
2025-08-13T16:24:23.076841,24.0,30.0,-119.0,22.0,32.0,-172.0,-71.0,5.0,-119.0,53.0,9.0,-154.0,30.490000000000002,6.469999999999999,-89.78,26.07,-0.8299999999999983,-143.97,-80.57,-39.31,-118.8,67.17,-1.2799999999999994,-142.76
2025-08-13T16:24:23.081481,12.0,37.0,-130.0,28.0,-15.0,-122.0,-62.0,20.0,-175.0,-99.0,58.0,-137.0,18.490000000000002,13.469999999999999,-100.78,32.07,-47.83,-93.97,-71.57,-24.310000000000002,-174.8,-84.83,47.72,-125.76
2025-08-13T16:24:23.089173,28.0,47.0,-131.0,12.0,46.0,-149.0,-44.0,17.0,-36.0,-33.0,-24.0,-173.0,34.49,23.47,-101.78,16.07,13.170000000000002,-120.97,-53.57,-27.310000000000002,-35.8,-18.83,-34.28,-161.76
2025-08-13T16:24:23.093846,45.0,85.0,-143.0,68.0,-1.0,-174.0,-63.0,-27.0,-119.0,-43.0,7.0,-115.0,51.49,61.47,-113.78,72.07,-33.83,-145.97,-72.57,-71.31,-118.8,-28.83,-3.2799999999999994,-103.76
2025-08-13T16:24:23.101312,9.0,7.0,-87.0,87.0,-4.0,-147.0,-36.0,51.0,-84.0,-93.0,78.0,-110.0,15.49,-16.53,-57.78,91.07,-36.83,-118.97,-45.57,6.689999999999998,-83.8,-78.83,67.72,-98.76
2025-08-13T16:24:23.106047,64.0,115.0,-139.0,108.0,33.0,-129.0,-42.0,3.0,-55.0,-65.0,21.0,-154.0,70.49,91.47,-109.78,112.07,0.1700000000000017,-100.97,-51.57,-41.31,-54.8,-50.83,10.72,-142.76
2025-08-13T16:24:23.113786,104.0,-4.0,-176.0,-6.0,-71.0,-170.0,-32.0,50.0,-98.0,-81.0,-35.0,-116.0,110.49,-27.53,-146.78,-1.9299999999999997,-103.83,-141.97,-41.57,5.689999999999998,-97.8,-66.83,-45.28,-104.76
2025-08-13T16:24:23.118778,25.0,25.0,-127.0,-24.0,54.0,-93.0,-31.0,12.0,-92.0,-85.0,24.0,-92.0,31.490000000000002,1.4699999999999989,-97.78,-19.93,21.17,-64.97,-40.57,-32.31,-91.8,-70.83,13.72,-80.76
2025-08-13T16:24:23.126137,82.0,-41.0,-172.0,50.0,-9.0,-112.0,-47.0,49.0,-170.0,-34.0,52.0,-198.0,88.49,-64.53,-142.78,54.07,-41.83,-83.97,-56.57,4.689999999999998,-169.8,-19.83,41.72,-186.76
2025-08-13T16:24:23.133968,15.0,80.0,-128.0,28.0,15.0,-133.0,69.0,-33.0,-115.0,-52.0,-15.0,-203.0,21.490000000000002,56.47,-98.78,32.07,-17.83,-104.97,59.43,-77.31,-114.8,-37.83,-25.28,-191.76
2025-08-13T16:24:23.138512,-1.0,-5.0,-108.0,38.0,-39.0,-155.0,-69.0,-44.0,-68.0,-58.0,-9.0,-128.0,5.49,-28.53,-78.78,42.07,-71.83,-126.97,-78.57,-88.31,-67.8,-43.83,-19.28,-116.76
2025-08-13T16:24:23.143264,48.0,38.0,-124.0,2.0,-26.0,-150.0,5.0,32.0,-138.0,-6.0,12.0,-87.0,54.49,14.469999999999999,-94.78,6.07,-58.83,-121.97,-4.57,-12.310000000000002,-137.8,8.17,1.7200000000000006,-75.76
2025-08-13T16:24:23.150807,85.0,95.0,-157.0,60.0,-49.0,-175.0,-38.0,72.0,-135.0,-79.0,25.0,-138.0,91.49,71.47,-127.78,64.07,-81.83,-146.97,-47.57,27.689999999999998,-134.8,-64.83,14.72,-126.76
2025-08-13T16:24:23.158707,80.0,59.0,-138.0,14.0,-12.0,-115.0,-78.0,18.0,-185.0,-64.0,38.0,-111.0,86.49,35.47,-108.78,18.07,-44.83,-86.97,-87.57,-26.310000000000002,-184.8,-49.83,27.72,-99.76
2025-08-13T16:24:23.163114,-4.0,96.0,-205.0,-50.0,-21.0,-145.0,-25.0,55.0,-138.0,-5.0,38.0,-168.0,2.49,72.47,-175.78,-45.93,-53.83,-116.97,-34.57,10.689999999999998,-137.8,9.17,27.72,-156.76
2025-08-13T16:24:23.171058,10.0,96.0,-132.0,27.0,-3.0,-159.0,8.0,-53.0,-80.0,2.0,93.0,-72.0,16.490000000000002,72.47,-102.78,31.07,-35.83,-130.97,-1.5700000000000003,-97.31,-79.8,16.17,82.72,-60.76
2025-08-13T16:24:23.175818,-18.0,35.0,-82.0,-37.0,-51.0,-156.0,-27.0,48.0,-158.0,18.0,-17.0,-177.0,-11.51,11.469999999999999,-52.78,-32.93,-83.83,-127.97,-36.57,3.6899999999999977,-157.8,32.17,-27.28,-165.76
2025-08-13T16:24:23.184028,-19.0,110.0,-207.0,-3.0,-36.0,-167.0,-32.0,13.0,-95.0,-64.0,-26.0,-122.0,-12.51,86.47,-177.78,1.0700000000000003,-68.83,-138.97,-41.57,-31.310000000000002,-94.8,-49.83,-36.28,-110.76
2025-08-13T16:24:23.188773,48.0,65.0,-208.0,76.0,47.0,-197.0,-20.0,-10.0,-117.0,-78.0,39.0,-150.0,54.49,41.47,-178.78,80.07,14.170000000000002,-168.97,-29.57,-54.31,-116.8,-63.83,28.72,-138.76
2025-08-13T16:24:23.195767,67.0,82.0,-152.0,43.0,-14.0,-139.0,-10.0,28.0,-135.0,-63.0,28.0,-128.0,73.49,58.47,-122.78,47.07,-46.83,-110.97,-19.57,-16.310000000000002,-134.8,-48.83,17.72,-116.76
2025-08-13T16:24:23.200136,54.0,55.0,-141.0,-4.0,13.0,-192.0,-9.0,74.0,-178.0,-112.0,0.0,-92.0,60.49,31.47,-111.78,0.07000000000000028,-19.83,-163.97,-18.57,29.689999999999998,-177.8,-97.83,-10.28,-80.76
2025-08-13T16:24:23.207995,47.0,30.0,-157.0,71.0,-26.0,-108.0,-14.0,33.0,-129.0,-54.0,124.0,-200.0,53.49,6.469999999999999,-127.78,75.07,-58.83,-79.97,-23.57,-11.310000000000002,-128.8,-39.83,113.72,-188.76
2025-08-13T16:24:23.212957,25.0,77.0,-179.0,65.0,-1.0,-141.0,47.0,10.0,-94.0,-11.0,99.0,-147.0,31.490000000000002,53.47,-149.78,69.07,-33.83,-112.97,37.43,-34.31,-93.8,3.17,88.72,-135.76
2025-08-13T16:24:23.220261,-3.0,77.0,-140.0,43.0,-12.0,-162.0,-74.0,-23.0,-66.0,-18.0,82.0,-128.0,3.49,53.47,-110.78,47.07,-44.83,-133.97,-83.57,-67.31,-65.8,-3.83,71.72,-116.76
2025-08-13T16:24:23.228137,44.0,-7.0,-203.0,-28.0,-32.0,-152.0,-105.0,54.0,-91.0,-80.0,23.0,-142.0,50.49,-30.53,-173.78,-23.93,-64.83,-123.97,-114.57,9.689999999999998,-90.8,-65.83,12.72,-130.76
2025-08-13T16:24:23.235126,62.0,33.0,-121.0,93.0,72.0,-153.0,-59.0,4.0,-88.0,-18.0,10.0,-105.0,68.49,9.469999999999999,-91.78,97.07,39.17,-124.97,-68.57,-40.31,-87.8,-3.83,-0.27999999999999936,-93.76
2025-08-13T16:24:23.240023,-2.0,86.0,-71.0,81.0,26.0,-164.0,-40.0,65.0,-94.0,-137.0,67.0,-155.0,4.49,62.47,-41.78,85.07,-6.829999999999998,-135.97,-49.57,20.689999999999998,-93.8,-122.83,56.72,-143.76
2025-08-13T16:24:23.244767,21.0,133.0,-126.0,28.0,-27.0,-121.0,-41.0,16.0,-57.0,3.0,57.0,-167.0,27.490000000000002,109.47,-96.78,32.07,-59.83,-92.97,-50.57,-28.310000000000002,-56.8,17.17,46.72,-155.76
2025-08-13T16:24:23.252642,-18.0,40.0,-164.0,12.0,-27.0,-147.0,-13.0,54.0,-143.0,-82.0,53.0,-93.0,-11.51,16.47,-134.78,16.07,-59.83,-118.97,-22.57,9.689999999999998,-142.8,-67.83,42.72,-81.76
2025-08-13T16:24:23.257095,10.0,104.0,-185.0,36.0,11.0,-84.0,-21.0,-3.0,-102.0,-48.0,80.0,-159.0,16.490000000000002,80.47,-155.78,40.07,-21.83,-55.97,-30.57,-47.31,-101.8,-33.83,69.72,-147.76
2025-08-13T16:24:23.265148,20.0,108.0,-100.0,33.0,-41.0,-149.0,-69.0,32.0,-135.0,-88.0,16.0,-160.0,26.490000000000002,84.47,-70.78,37.07,-73.83,-120.97,-78.57,-12.310000000000002,-134.8,-73.83,5.720000000000001,-148.76
2025-08-13T16:24:23.269434,110.0,28.0,-89.0,59.0,51.0,-135.0,-44.0,18.0,-81.0,-125.0,77.0,-171.0,116.49,4.469999999999999,-59.78,63.07,18.17,-106.97,-53.57,-26.310000000000002,-80.8,-110.83,66.72,-159.76
2025-08-13T16:24:23.277459,-9.0,-22.0,-134.0,11.0,65.0,-96.0,5.0,0.0,-147.0,-55.0,41.0,-192.0,-2.51,-45.53,-104.78,15.07,32.17,-67.97,-4.57,-44.31,-146.8,-40.83,30.72,-180.76
2025-08-13T16:24:23.281788,8.0,80.0,-99.0,4.0,-36.0,-158.0,-90.0,65.0,-154.0,-81.0,-52.0,-123.0,14.49,56.47,-69.78,8.07,-68.83,-129.97,-99.57,20.689999999999998,-153.8,-66.83,-62.28,-111.76
2025-08-13T16:24:23.289707,4.0,103.0,-154.0,39.0,-69.0,-63.0,-29.0,-48.0,-111.0,-19.0,-6.0,-76.0,10.49,79.47,-124.78,43.07,-101.83,-34.97,-38.57,-92.31,-110.8,-4.83,-16.28,-64.76
2025-08-13T16:24:23.293894,112.0,14.0,-139.0,25.0,2.0,-127.0,-28.0,49.0,-103.0,-81.0,85.0,-104.0,118.49,-9.530000000000001,-109.78,29.07,-30.83,-98.97,-37.57,4.689999999999998,-102.8,-66.83,74.72,-92.76
2025-08-13T16:24:23.302136,69.0,51.0,-177.0,-54.0,17.0,-137.0,51.0,80.0,-140.0,5.0,17.0,-91.0,75.49,27.47,-147.78,-49.93,-15.829999999999998,-108.97,41.43,35.69,-139.8,19.17,6.720000000000001,-79.76
2025-08-13T16:24:23.306521,1.0,-16.0,-118.0,-35.0,-25.0,-176.0,-21.0,67.0,-90.0,11.0,31.0,-97.0,7.49,-39.53,-88.78,-30.93,-57.83,-147.97,-30.57,22.689999999999998,-89.8,25.17,20.72,-85.76
2025-08-13T16:24:23.314487,21.0,10.0,-163.0,-54.0,23.0,-129.0,-105.0,148.0,-97.0,-32.0,-6.0,-116.0,27.490000000000002,-13.530000000000001,-133.78,-49.93,-9.829999999999998,-100.97,-114.57,103.69,-96.8,-17.83,-16.28,-104.76
2025-08-13T16:24:23.318820,31.0,45.0,-70.0,72.0,-21.0,-151.0,-64.0,11.0,-105.0,-72.0,6.0,-87.0,37.49,21.47,-40.78,76.07,-53.83,-122.97,-73.57,-33.31,-104.8,-57.83,-4.279999999999999,-75.76
2025-08-13T16:24:23.326593,-20.0,81.0,-200.0,45.0,64.0,-122.0,1.0,53.0,-79.0,-37.0,59.0,-48.0,-13.51,57.47,-170.78,49.07,31.17,-93.97,-8.57,8.689999999999998,-78.8,-22.83,48.72,-36.76
2025-08-13T16:24:23.331095,35.0,94.0,-152.0,33.0,-15.0,-116.0,-22.0,-9.0,-82.0,-91.0,31.0,-94.0,41.49,70.47,-122.78,37.07,-47.83,-87.97,-31.57,-53.31,-81.8,-76.83,20.72,-82.76
2025-08-13T16:24:23.338920,5.0,24.0,-96.0,-35.0,17.0,-97.0,-69.0,64.0,-66.0,-79.0,60.0,-132.0,11.49,0.46999999999999886,-66.78,-30.93,-15.829999999999998,-68.97,-78.57,19.689999999999998,-65.8,-64.83,49.72,-120.76
2025-08-13T16:24:23.343338,3.0,24.0,-98.0,-26.0,99.0,-117.0,-45.0,25.0,-89.0,-6.0,44.0,-116.0,9.49,0.46999999999999886,-68.78,-21.93,66.17,-88.97,-54.57,-19.310000000000002,-88.8,8.17,33.72,-104.76
2025-08-13T16:24:23.351254,-1.0,8.0,-106.0,-7.0,29.0,-115.0,6.0,22.0,-96.0,-25.0,29.0,-155.0,5.49,-15.530000000000001,-76.78,-2.9299999999999997,-3.8299999999999983,-86.97,-3.5700000000000003,-22.310000000000002,-95.8,-10.83,18.72,-143.76
2025-08-13T16:24:23.355777,17.0,78.0,-132.0,3.0,42.0,-53.0,-22.0,41.0,-97.0,-62.0,37.0,-151.0,23.490000000000002,54.47,-102.78,7.07,9.170000000000002,-24.97,-31.57,-3.3100000000000023,-96.8,-47.83,26.72,-139.76
2025-08-13T16:24:23.363707,48.0,48.0,-106.0,-20.0,75.0,-139.0,55.0,52.0,-77.0,-98.0,21.0,-42.0,54.49,24.47,-76.78,-15.93,42.17,-110.97,45.43,7.689999999999998,-76.8,-83.83,10.72,-30.759999999999998
2025-08-13T16:24:23.367996,-33.0,90.0,-91.0,2.0,28.0,-151.0,-60.0,37.0,-26.0,-45.0,-25.0,-62.0,-26.509999999999998,66.47,-61.78,6.07,-4.829999999999998,-122.97,-69.57,-7.310000000000002,-25.8,-30.83,-35.28,-50.76
2025-08-13T16:24:23.375802,-43.0,50.0,-138.0,37.0,-6.0,-99.0,9.0,27.0,-101.0,-71.0,5.0,-79.0,-36.51,26.47,-108.78,41.07,-38.83,-70.97,-0.5700000000000003,-17.310000000000002,-100.8,-56.83,-5.279999999999999,-67.76
2025-08-13T16:24:23.380394,73.0,98.0,-99.0,36.0,29.0,-98.0,-49.0,74.0,-73.0,-93.0,82.0,-112.0,79.49,74.47,-69.78,40.07,-3.8299999999999983,-69.97,-58.57,29.689999999999998,-72.8,-78.83,71.72,-100.76
2025-08-13T16:24:23.388405,72.0,-63.0,-135.0,28.0,26.0,-87.0,43.0,130.0,-77.0,-23.0,35.0,-100.0,78.49,-86.53,-105.78,32.07,-6.829999999999998,-58.97,33.43,85.69,-76.8,-8.83,24.72,-88.76
2025-08-13T16:24:23.394013,6.0,39.0,-78.0,-5.0,59.0,-66.0,0.0,23.0,-104.0,-39.0,55.0,-72.0,12.49,15.469999999999999,-48.78,-0.9299999999999997,26.17,-37.97,-9.57,-21.310000000000002,-103.8,-24.83,44.72,-60.76
2025-08-13T16:24:23.400477,-26.0,38.0,-116.0,51.0,52.0,-109.0,-18.0,119.0,-42.0,-40.0,40.0,-166.0,-19.509999999999998,14.469999999999999,-86.78,55.07,19.17,-80.97,-27.57,74.69,-41.8,-25.83,29.72,-154.76
2025-08-13T16:24:23.405895,16.0,-24.0,-116.0,20.0,17.0,-73.0,4.0,57.0,-75.0,-39.0,54.0,-75.0,22.490000000000002,-47.53,-86.78,24.07,-15.829999999999998,-44.97,-5.57,12.689999999999998,-74.8,-24.83,43.72,-63.76
2025-08-13T16:24:23.412874,31.0,71.0,-66.0,-18.0,38.0,-87.0,40.0,12.0,-66.0,-42.0,-6.0,-111.0,37.49,47.47,-36.78,-13.93,5.170000000000002,-58.97,30.43,-32.31,-65.8,-27.83,-16.28,-99.76
2025-08-13T16:24:23.417010,-30.0,57.0,-154.0,63.0,51.0,-63.0,3.0,-27.0,-93.0,-68.0,39.0,-75.0,-23.509999999999998,33.47,-124.78,67.07,18.17,-34.97,-6.57,-71.31,-92.8,-53.83,28.72,-63.76
2025-08-13T16:24:23.425048,-48.0,68.0,-161.0,40.0,5.0,-64.0,-9.0,60.0,-81.0,-37.0,48.0,-105.0,-41.51,44.47,-131.78,44.07,-27.83,-35.97,-18.57,15.689999999999998,-80.8,-22.83,37.72,-93.76
2025-08-13T16:24:23.429312,64.0,34.0,-69.0,27.0,25.0,-84.0,-18.0,91.0,-98.0,-16.0,53.0,-92.0,70.49,10.469999999999999,-39.78,31.07,-7.829999999999998,-55.97,-27.57,46.69,-97.8,-1.83,42.72,-80.76
2025-08-13T16:24:23.437341,38.0,33.0,-94.0,82.0,-22.0,-98.0,35.0,49.0,-69.0,-66.0,40.0,-144.0,44.49,9.469999999999999,-64.78,86.07,-54.83,-69.97,25.43,4.689999999999998,-68.8,-51.83,29.72,-132.76
2025-08-13T16:24:23.441681,14.0,18.0,-90.0,6.0,-30.0,-161.0,-45.0,103.0,-50.0,-68.0,-1.0,-104.0,20.490000000000002,-5.530000000000001,-60.78,10.07,-62.83,-132.97,-54.57,58.69,-49.8,-53.83,-11.28,-92.76
2025-08-13T16:24:23.449611,-5.0,43.0,-48.0,48.0,48.0,-81.0,-35.0,87.0,-81.0,33.0,22.0,-126.0,1.4900000000000002,19.47,-18.78,52.07,15.170000000000002,-52.97,-44.57,42.69,-80.8,47.17,11.72,-114.76
2025-08-13T16:24:23.455288,20.0,8.0,-109.0,-19.0,1.0,-99.0,-22.0,28.0,-42.0,-52.0,-17.0,-99.0,26.490000000000002,-15.530000000000001,-79.78,-14.93,-31.83,-70.97,-31.57,-16.310000000000002,-41.8,-37.83,-27.28,-87.76
2025-08-13T16:24:23.461945,-30.0,60.0,-96.0,43.0,35.0,-41.0,-85.0,33.0,-15.0,37.0,68.0,-71.0,-23.509999999999998,36.47,-66.78,47.07,2.1700000000000017,-12.969999999999999,-94.57,-11.310000000000002,-14.8,51.17,57.72,-59.76
2025-08-13T16:24:23.466685,-11.0,4.0,-72.0,-38.0,3.0,-139.0,-26.0,40.0,-83.0,-27.0,10.0,-72.0,-4.51,-19.53,-42.78,-33.93,-29.83,-110.97,-35.57,-4.310000000000002,-82.8,-12.83,-0.27999999999999936,-60.76
2025-08-13T16:24:23.474616,22.0,52.0,-107.0,16.0,-9.0,-70.0,-47.0,9.0,-96.0,-21.0,88.0,-95.0,28.490000000000002,28.47,-77.78,20.07,-41.83,-41.97,-56.57,-35.31,-95.8,-6.83,77.72,-83.76
2025-08-13T16:24:23.478317,84.0,77.0,-49.0,28.0,1.0,-80.0,-15.0,40.0,-63.0,-63.0,-9.0,-75.0,90.49,53.47,-19.78,32.07,-31.83,-51.97,-24.57,-4.310000000000002,-62.8,-48.83,-19.28,-63.76
2025-08-13T16:24:23.486419,74.0,64.0,-104.0,62.0,-25.0,-119.0,-78.0,8.0,-74.0,-66.0,9.0,-46.0,80.49,40.47,-74.78,66.07,-57.83,-90.97,-87.57,-36.31,-73.8,-51.83,-1.2799999999999994,-34.76
2025-08-13T16:24:23.490792,-7.0,41.0,-143.0,8.0,-7.0,-85.0,63.0,-17.0,-60.0,46.0,32.0,-78.0,-0.5099999999999998,17.47,-113.78,12.07,-39.83,-56.97,53.43,-61.31,-59.8,60.17,21.72,-66.76
2025-08-13T16:24:23.498666,-40.0,76.0,-91.0,64.0,1.0,-113.0,44.0,2.0,-85.0,-24.0,16.0,-119.0,-33.51,52.47,-61.78,68.07,-31.83,-84.97,34.43,-42.31,-84.8,-9.83,5.720000000000001,-107.76
2025-08-13T16:24:23.503180,27.0,25.0,-40.0,31.0,29.0,-35.0,38.0,16.0,-36.0,20.0,-18.0,-81.0,33.49,1.4699999999999989,-10.780000000000001,35.07,-3.8299999999999983,-6.969999999999999,28.43,-28.310000000000002,-35.8,34.17,-28.28,-69.76
2025-08-13T16:24:23.511011,-28.0,44.0,-36.0,20.0,6.0,-115.0,7.0,-9.0,6.0,4.0,-1.0,-42.0,-21.509999999999998,20.47,-6.780000000000001,24.07,-26.83,-86.97,-2.5700000000000003,-53.31,6.2,18.17,-11.28,-30.759999999999998
2025-08-13T16:24:23.515301,31.0,35.0,-117.0,-12.0,11.0,-115.0,-18.0,56.0,-65.0,-21.0,44.0,-17.0,37.49,11.469999999999999,-87.78,-7.93,-21.83,-86.97,-27.57,11.689999999999998,-64.8,-6.83,33.72,-5.76
2025-08-13T16:24:23.523429,-24.0,59.0,-58.0,-33.0,34.0,-120.0,-30.0,36.0,-40.0,-75.0,-45.0,-54.0,-17.509999999999998,35.47,-28.78,-28.93,1.1700000000000017,-91.97,-39.57,-8.310000000000002,-39.8,-60.83,-55.28,-42.76
2025-08-13T16:24:23.527700,4.0,46.0,-48.0,35.0,11.0,-27.0,-4.0,27.0,-150.0,-59.0,15.0,-11.0,10.49,22.47,-18.78,39.07,-21.83,1.0300000000000011,-13.57,-17.310000000000002,-149.8,-44.83,4.720000000000001,0.2400000000000002
2025-08-13T16:24:23.535660,44.0,86.0,-71.0,99.0,23.0,-45.0,-61.0,71.0,-26.0,-54.0,57.0,-30.0,50.49,62.47,-41.78,103.07,-9.829999999999998,-16.97,-70.57,26.689999999999998,-25.8,-39.83,46.72,-18.759999999999998
2025-08-13T16:24:23.540068,-12.0,28.0,-64.0,49.0,25.0,-72.0,-14.0,-3.0,-28.0,2.0,28.0,-79.0,-5.51,4.469999999999999,-34.78,53.07,-7.829999999999998,-43.97,-23.57,-47.31,-27.8,16.17,17.72,-67.76
2025-08-13T16:24:23.548132,10.0,63.0,-66.0,-10.0,69.0,-27.0,58.0,59.0,-105.0,-24.0,2.0,-85.0,16.490000000000002,39.47,-36.78,-5.93,36.17,1.0300000000000011,48.43,14.689999999999998,-104.8,-9.83,-8.28,-73.76
2025-08-13T16:24:23.552221,41.0,75.0,-80.0,-10.0,12.0,-65.0,-1.0,-8.0,-3.0,-22.0,-10.0,-39.0,47.49,51.47,-50.78,-5.93,-20.83,-36.97,-10.57,-52.31,-2.8,-7.83,-20.28,-27.759999999999998
2025-08-13T16:24:23.560183,53.0,-6.0,-55.0,-1.0,8.0,-76.0,14.0,16.0,-22.0,16.0,55.0,-91.0,59.49,-29.53,-25.78,3.0700000000000003,-24.83,-47.97,4.43,-28.310000000000002,-21.8,30.17,44.72,-79.76
2025-08-13T16:24:23.564560,129.0,10.0,-101.0,7.0,39.0,-74.0,-62.0,14.0,-11.0,16.0,16.0,-46.0,135.49,-13.530000000000001,-71.78,11.07,6.170000000000002,-45.97,-71.57,-30.310000000000002,-10.8,30.17,5.720000000000001,-34.76
2025-08-13T16:24:23.572536,89.0,49.0,-33.0,-12.0,-3.0,-85.0,8.0,103.0,-61.0,65.0,68.0,-70.0,95.49,25.47,-3.780000000000001,-7.93,-35.83,-56.97,-1.5700000000000003,58.69,-60.8,79.17,57.72,-58.76
2025-08-13T16:24:23.579679,67.0,47.0,-89.0,-13.0,12.0,-101.0,-15.0,40.0,-20.0,-64.0,2.0,-108.0,73.49,23.47,-59.78,-8.93,-20.83,-72.97,-24.57,-4.310000000000002,-19.8,-49.83,-8.28,-96.76
2025-08-13T16:24:23.584750,-64.0,-7.0,-87.0,58.0,14.0,-50.0,55.0,7.0,-30.0,-12.0,13.0,-104.0,-57.51,-30.53,-57.78,62.07,-18.83,-21.97,45.43,-37.31,-29.8,2.17,2.7200000000000006,-92.76
2025-08-13T16:24:23.589018,-6.0,41.0,-38.0,27.0,53.0,-62.0,-13.0,19.0,-61.0,-38.0,-1.0,-77.0,0.4900000000000002,17.47,-8.780000000000001,31.07,20.17,-33.97,-22.57,-25.310000000000002,-60.8,-23.83,-11.28,-65.76
2025-08-13T16:24:23.596933,-50.0,-20.0,-19.0,-43.0,2.0,-52.0,-11.0,41.0,-26.0,-69.0,-26.0,-45.0,-43.51,-43.53,10.219999999999999,-38.93,-30.83,-23.97,-20.57,-3.3100000000000023,-25.8,-54.83,-36.28,-33.76
2025-08-13T16:24:23.601358,0.0,62.0,-51.0,-1.0,27.0,-96.0,-38.0,-24.0,-25.0,-50.0,92.0,-69.0,6.49,38.47,-21.78,3.0700000000000003,-5.829999999999998,-67.97,-47.57,-68.31,-24.8,-35.83,81.72,-57.76
2025-08-13T16:24:23.609208,9.0,60.0,-65.0,44.0,10.0,-23.0,-2.0,-6.0,-32.0,-64.0,-11.0,-75.0,15.49,36.47,-35.78,48.07,-22.83,5.030000000000001,-11.57,-50.31,-31.8,-49.83,-21.28,-63.76
2025-08-13T16:24:23.613590,-4.0,-35.0,-73.0,29.0,10.0,-36.0,12.0,25.0,-26.0,-4.0,57.0,-56.0,2.49,-58.53,-43.78,33.07,-22.83,-7.969999999999999,2.4299999999999997,-19.310000000000002,-25.8,10.17,46.72,-44.76
2025-08-13T16:24:23.621529,-27.0,86.0,-15.0,17.0,6.0,-18.0,26.0,56.0,11.0,-51.0,24.0,-58.0,-20.509999999999998,62.47,14.219999999999999,21.07,-26.83,10.030000000000001,16.43,11.689999999999998,11.2,-36.83,13.72,-46.76
2025-08-13T16:24:23.625934,71.0,32.0,-103.0,-34.0,45.0,-88.0,-39.0,58.0,19.0,2.0,54.0,-85.0,77.49,8.469999999999999,-73.78,-29.93,12.170000000000002,-59.97,-48.57,13.689999999999998,19.2,16.17,43.72,-73.76
2025-08-13T16:24:23.633633,-28.0,43.0,-54.0,11.0,-13.0,-58.0,32.0,97.0,-38.0,9.0,4.0,-54.0,-21.509999999999998,19.47,-24.78,15.07,-45.83,-29.97,22.43,52.69,-37.8,23.17,-6.279999999999999,-42.76
2025-08-13T16:24:23.638276,82.0,88.0,-28.0,13.0,68.0,-32.0,-38.0,21.0,-63.0,23.0,-6.0,-29.0,88.49,64.47,1.2199999999999989,17.07,35.17,-3.969999999999999,-47.57,-23.310000000000002,-62.8,37.17,-16.28,-17.759999999999998
2025-08-13T16:24:23.646194,28.0,103.0,-109.0,-25.0,-9.0,-61.0,19.0,115.0,-61.0,-32.0,-5.0,-57.0,34.49,79.47,-79.78,-20.93,-41.83,-32.97,9.43,70.69,-60.8,-17.83,-15.28,-45.76
2025-08-13T16:24:23.650705,12.0,28.0,-46.0,-2.0,-22.0,-72.0,-8.0,47.0,-90.0,-5.0,-25.0,-88.0,18.490000000000002,4.469999999999999,-16.78,2.0700000000000003,-54.83,-43.97,-17.57,2.6899999999999977,-89.8,9.17,-35.28,-76.76
2025-08-13T16:24:23.658367,-17.0,-18.0,-27.0,-39.0,-36.0,-55.0,-80.0,2.0,-38.0,54.0,17.0,-45.0,-10.51,-41.53,2.219999999999999,-34.93,-68.83,-26.97,-89.57,-42.31,-37.8,68.17,6.720000000000001,-33.76
2025-08-13T16:24:23.662717,51.0,59.0,-49.0,16.0,3.0,-140.0,-43.0,41.0,7.0,-43.0,24.0,-42.0,57.49,35.47,-19.78,20.07,-29.83,-111.97,-52.57,-3.3100000000000023,7.2,-28.83,13.72,-30.759999999999998
2025-08-13T16:24:23.670523,23.0,25.0,-21.0,2.0,82.0,-35.0,-26.0,46.0,-52.0,16.0,124.0,-87.0,29.490000000000002,1.4699999999999989,8.219999999999999,6.07,49.17,-6.969999999999999,-35.57,1.6899999999999977,-51.8,30.17,113.72,-75.76
2025-08-13T16:24:23.675766,-67.0,30.0,-81.0,42.0,17.0,-121.0,-61.0,12.0,14.0,-64.0,66.0,-71.0,-60.51,6.469999999999999,-51.78,46.07,-15.829999999999998,-92.97,-70.57,-32.31,14.2,-49.83,55.72,-59.76
2025-08-13T16:24:23.679166,-26.0,14.0,7.0,14.0,68.0,-73.0,-5.0,78.0,-74.0,64.0,33.0,-95.0,-19.509999999999998,-9.530000000000001,36.22,18.07,35.17,-44.97,-14.57,33.69,-73.8,78.17,22.72,-83.76
2025-08-13T16:24:23.687527,-101.0,81.0,-28.0,11.0,15.0,-51.0,-17.0,57.0,0.0,-12.0,28.0,-30.0,-94.51,57.47,1.2199999999999989,15.07,-17.83,-22.97,-26.57,12.689999999999998,0.2,2.17,17.72,-18.759999999999998
2025-08-13T16:24:23.695124,-53.0,52.0,-76.0,42.0,35.0,-127.0,-1.0,17.0,-41.0,33.0,11.0,-102.0,-46.51,28.47,-46.78,46.07,2.1700000000000017,-98.97,-10.57,-27.310000000000002,-40.8,47.17,0.7200000000000006,-90.76
2025-08-13T16:24:23.699821,-1.0,47.0,-139.0,22.0,-35.0,-138.0,-45.0,76.0,-77.0,17.0,35.0,-90.0,5.49,23.47,-109.78,26.07,-67.83,-109.97,-54.57,31.689999999999998,-76.8,31.17,24.72,-78.76
2025-08-13T16:24:23.707687,14.0,74.0,-38.0,-50.0,19.0,-69.0,-42.0,45.0,-31.0,-50.0,-12.0,-7.0,20.490000000000002,50.47,-8.780000000000001,-45.93,-13.829999999999998,-40.97,-51.57,0.6899999999999977,-30.8,-35.83,-22.28,4.24
2025-08-13T16:24:23.712010,-5.0,24.0,-115.0,60.0,32.0,-36.0,6.0,28.0,-19.0,-66.0,57.0,-64.0,1.4900000000000002,0.46999999999999886,-85.78,64.07,-0.8299999999999983,-7.969999999999999,-3.5700000000000003,-16.310000000000002,-18.8,-51.83,46.72,-52.76
2025-08-13T16:24:23.719589,-22.0,-28.0,-74.0,69.0,-12.0,-122.0,70.0,5.0,-42.0,-2.0,16.0,-71.0,-15.51,-51.53,-44.78,73.07,-44.83,-93.97,60.43,-39.31,-41.8,12.17,5.720000000000001,-59.76
2025-08-13T16:24:23.724062,38.0,-1.0,-100.0,20.0,-1.0,-83.0,7.0,73.0,-9.0,17.0,22.0,-6.0,44.49,-24.53,-70.78,24.07,-33.83,-54.97,-2.5700000000000003,28.689999999999998,-8.8,31.17,11.72,5.24
2025-08-13T16:24:23.729310,4.0,53.0,-70.0,38.0,32.0,-76.0,33.0,-11.0,-31.0,-8.0,3.0,-64.0,10.49,29.47,-40.78,42.07,-0.8299999999999983,-47.97,23.43,-55.31,-30.8,6.17,-7.279999999999999,-52.76
2025-08-13T16:24:23.737368,15.0,55.0,-28.0,-18.0,-5.0,-21.0,0.0,56.0,-64.0,-28.0,29.0,-42.0,21.490000000000002,31.47,1.2199999999999989,-13.93,-37.83,7.030000000000001,-9.57,11.689999999999998,-63.8,-13.83,18.72,-30.759999999999998
2025-08-13T16:24:23.741247,42.0,16.0,-101.0,-23.0,2.0,-56.0,-22.0,66.0,-22.0,-41.0,4.0,-32.0,48.49,-7.530000000000001,-71.78,-18.93,-30.83,-27.97,-31.57,21.689999999999998,-21.8,-26.83,-6.279999999999999,-20.759999999999998
2025-08-13T16:24:23.749105,20.0,38.0,-84.0,-77.0,73.0,-59.0,-29.0,68.0,50.0,-21.0,92.0,-58.0,26.490000000000002,14.469999999999999,-54.78,-72.93,40.17,-30.97,-38.57,23.689999999999998,50.2,-6.83,81.72,-46.76
2025-08-13T16:24:23.753348,47.0,-27.0,-71.0,31.0,50.0,-6.0,39.0,-14.0,9.0,-45.0,1.0,-18.0,53.49,-50.53,-41.78,35.07,17.17,22.03,29.43,-58.31,9.2,-30.83,-9.28,-6.76
2025-08-13T16:24:23.761392,63.0,21.0,-24.0,-41.0,33.0,-80.0,-81.0,75.0,-2.0,-90.0,44.0,-19.0,69.49,-2.530000000000001,5.219999999999999,-36.93,0.1700000000000017,-51.97,-90.57,30.689999999999998,-1.8,-75.83,33.72,-7.76
2025-08-13T16:24:23.765106,98.0,43.0,1.0,68.0,26.0,-103.0,9.0,-2.0,-28.0,-61.0,17.0,-71.0,104.49,19.47,30.22,72.07,-6.829999999999998,-74.97,-0.5700000000000003,-46.31,-27.8,-46.83,6.720000000000001,-59.76
2025-08-13T16:24:23.774808,-6.0,-58.0,2.0,30.0,57.0,-64.0,-6.0,53.0,38.0,-34.0,-62.0,-84.0,0.4900000000000002,-81.53,31.22,34.07,24.17,-35.97,-15.57,8.689999999999998,38.2,-19.83,-72.28,-72.76
2025-08-13T16:24:23.780927,-22.0,19.0,-32.0,72.0,21.0,-50.0,-38.0,46.0,29.0,-49.0,41.0,-53.0,-15.51,-4.530000000000001,-2.780000000000001,76.07,-11.829999999999998,-21.97,-47.57,1.6899999999999977,29.2,-34.83,30.72,-41.76
2025-08-13T16:24:23.786998,-49.0,18.0,-45.0,50.0,16.0,-26.0,5.0,108.0,-30.0,37.0,34.0,-79.0,-42.51,-5.530000000000001,-15.780000000000001,54.07,-16.83,2.030000000000001,-4.57,63.69,-29.8,51.17,23.72,-67.76
2025-08-13T16:24:23.792534,-82.0,43.0,-55.0,34.0,34.0,-56.0,26.0,94.0,-51.0,28.0,28.0,-41.0,-75.51,19.47,-25.78,38.07,1.1700000000000017,-27.97,16.43,49.69,-50.8,42.17,17.72,-29.759999999999998
2025-08-13T16:24:23.798038,6.0,76.0,-5.0,-28.0,32.0,-96.0,-28.0,51.0,-60.0,38.0,32.0,-26.0,12.49,52.47,24.22,-23.93,-0.8299999999999983,-67.97,-37.57,6.689999999999998,-59.8,52.17,21.72,-14.76
2025-08-13T16:24:23.801980,-18.0,102.0,1.0,-26.0,123.0,-21.0,24.0,71.0,8.0,-60.0,-40.0,-18.0,-11.51,78.47,30.22,-21.93,90.17,7.030000000000001,14.43,26.689999999999998,8.2,-45.83,-50.28,-6.76
2025-08-13T16:24:23.809976,-3.0,-31.0,-70.0,-13.0,19.0,-47.0,-7.0,118.0,-2.0,-97.0,93.0,-5.0,3.49,-54.53,-40.78,-8.93,-13.829999999999998,-18.97,-16.57,73.69,-1.8,-82.83,82.72,6.24
2025-08-13T16:24:23.814138,77.0,23.0,-82.0,33.0,27.0,-73.0,58.0,30.0,-30.0,-41.0,-27.0,0.0,83.49,-0.5300000000000011,-52.78,37.07,-5.829999999999998,-44.97,48.43,-14.310000000000002,-29.8,-26.83,-37.28,11.24
2025-08-13T16:24:23.822196,23.0,76.0,-57.0,58.0,54.0,-14.0,38.0,105.0,24.0,-27.0,10.0,-35.0,29.490000000000002,52.47,-27.78,62.07,21.17,14.030000000000001,28.43,60.69,24.2,-12.83,-0.27999999999999936,-23.759999999999998
2025-08-13T16:24:23.826387,26.0,-27.0,-72.0,30.0,47.0,-16.0,-70.0,5.0,-45.0,-47.0,-38.0,-12.0,32.49,-50.53,-42.78,34.07,14.170000000000002,12.030000000000001,-79.57,-39.31,-44.8,-32.83,-48.28,-0.7599999999999998
2025-08-13T16:24:23.834504,32.0,53.0,-25.0,37.0,84.0,-71.0,-13.0,30.0,-18.0,-45.0,113.0,-27.0,38.49,29.47,4.219999999999999,41.07,51.17,-42.97,-22.57,-14.310000000000002,-17.8,-30.83,102.72,-15.76
2025-08-13T16:24:23.838801,11.0,25.0,-50.0,16.0,44.0,37.0,-26.0,89.0,-8.0,-58.0,-7.0,-75.0,17.490000000000002,1.4699999999999989,-20.78,20.07,11.170000000000002,65.03,-35.57,44.69,-7.8,-43.83,-17.28,-63.76
2025-08-13T16:24:23.846673,13.0,28.0,-59.0,-15.0,76.0,-61.0,15.0,42.0,25.0,-59.0,14.0,-60.0,19.490000000000002,4.469999999999999,-29.78,-10.93,43.17,-32.97,5.43,-2.3100000000000023,25.2,-44.83,3.7200000000000006,-48.76
2025-08-13T16:24:23.851221,-44.0,1.0,-56.0,-6.0,-20.0,46.0,-24.0,17.0,-27.0,-44.0,-35.0,-12.0,-37.51,-22.53,-26.78,-1.9299999999999997,-52.83,74.03,-33.57,-27.310000000000002,-26.8,-29.83,-45.28,-0.7599999999999998
2025-08-13T16:24:23.859101,0.0,70.0,36.0,-36.0,55.0,-73.0,84.0,101.0,-24.0,-10.0,-4.0,5.0,6.49,46.47,65.22,-31.93,22.17,-44.97,74.43,56.69,-23.8,4.17,-14.28,16.240000000000002
2025-08-13T16:24:23.863635,-47.0,19.0,-49.0,-41.0,65.0,-4.0,-20.0,64.0,-95.0,-28.0,-45.0,-61.0,-40.51,-4.530000000000001,-19.78,-36.93,32.17,24.03,-29.57,19.689999999999998,-94.8,-13.83,-55.28,-49.76
2025-08-13T16:24:23.871402,-34.0,19.0,-18.0,20.0,68.0,-31.0,-26.0,64.0,0.0,-17.0,-36.0,-12.0,-27.509999999999998,-4.530000000000001,11.219999999999999,24.07,35.17,-2.969999999999999,-35.57,19.689999999999998,0.2,-2.83,-46.28,-0.7599999999999998
2025-08-13T16:24:23.875987,16.0,42.0,-55.0,-36.0,65.0,-21.0,-35.0,48.0,-7.0,45.0,-32.0,-30.0,22.490000000000002,18.47,-25.78,-31.93,32.17,7.030000000000001,-44.57,3.6899999999999977,-6.8,59.17,-42.28,-18.759999999999998
2025-08-13T16:24:23.883889,-3.0,71.0,-48.0,54.0,-1.0,-71.0,-53.0,38.0,-13.0,81.0,-40.0,-84.0,3.49,47.47,-18.78,58.07,-33.83,-42.97,-62.57,-6.310000000000002,-12.8,95.17,-50.28,-72.76
2025-08-13T16:24:23.888189,-2.0,11.0,-82.0,24.0,51.0,-54.0,-27.0,34.0,37.0,-27.0,52.0,-23.0,4.49,-12.530000000000001,-52.78,28.07,18.17,-25.97,-36.57,-10.310000000000002,37.2,-12.83,41.72,-11.76
2025-08-13T16:24:23.895930,-11.0,48.0,-116.0,-37.0,68.0,-9.0,-1.0,72.0,14.0,9.0,41.0,3.0,-4.51,24.47,-86.78,-32.93,35.17,19.03,-10.57,27.689999999999998,14.2,23.17,30.72,14.24
2025-08-13T16:24:23.900409,13.0,40.0,-62.0,-5.0,-9.0,-25.0,-52.0,49.0,-47.0,-13.0,32.0,4.0,19.490000000000002,16.47,-32.78,-0.9299999999999997,-41.83,3.030000000000001,-61.57,4.689999999999998,-46.8,1.17,21.72,15.24
2025-08-13T16:24:23.908193,40.0,72.0,-32.0,3.0,49.0,-20.0,-60.0,117.0,-11.0,-23.0,1.0,-36.0,46.49,48.47,-2.780000000000001,7.07,16.17,8.030000000000001,-69.57,72.69,-10.8,-8.83,-9.28,-24.759999999999998
2025-08-13T16:24:23.912700,-82.0,10.0,-54.0,-5.0,23.0,-24.0,-74.0,33.0,-5.0,-33.0,15.0,-45.0,-75.51,-13.530000000000001,-24.78,-0.9299999999999997,-9.829999999999998,4.030000000000001,-83.57,-11.310000000000002,-4.8,-18.83,4.720000000000001,-33.76
2025-08-13T16:24:23.920522,15.0,-23.0,-16.0,-26.0,62.0,-53.0,-2.0,126.0,-13.0,-30.0,-19.0,-55.0,21.490000000000002,-46.53,13.219999999999999,-21.93,29.17,-24.97,-11.57,81.69,-12.8,-15.83,-29.28,-43.76
2025-08-13T16:24:23.925187,-17.0,-25.0,-7.0,14.0,62.0,-31.0,15.0,65.0,-73.0,42.0,-23.0,-70.0,-10.51,-48.53,22.22,18.07,29.17,-2.969999999999999,5.43,20.689999999999998,-72.8,56.17,-33.28,-58.76
2025-08-13T16:24:23.932787,44.0,58.0,-36.0,21.0,29.0,-42.0,32.0,24.0,-22.0,-32.0,-12.0,-39.0,50.49,34.47,-6.780000000000001,25.07,-3.8299999999999983,-13.969999999999999,22.43,-20.310000000000002,-21.8,-17.83,-22.28,-27.759999999999998
2025-08-13T16:24:23.937230,-13.0,106.0,48.0,-57.0,-35.0,-41.0,4.0,58.0,-8.0,54.0,3.0,-30.0,-6.51,82.47,77.22,-52.93,-67.83,-12.969999999999999,-5.57,13.689999999999998,-7.8,68.17,-7.279999999999999,-18.759999999999998
2025-08-13T16:24:23.941761,4.0,80.0,-79.0,19.0,27.0,-66.0,9.0,-16.0,6.0,0.0,4.0,-5.0,10.49,56.47,-49.78,23.07,-5.829999999999998,-37.97,-0.5700000000000003,-60.31,6.2,14.17,-6.279999999999999,6.24
2025-08-13T16:24:23.950422,-83.0,1.0,-11.0,-21.0,41.0,-49.0,25.0,80.0,53.0,16.0,-54.0,-78.0,-76.51,-22.53,18.22,-16.93,8.170000000000002,-20.97,15.43,35.69,53.2,30.17,-64.28,-66.76
2025-08-13T16:24:23.957649,16.0,-20.0,-19.0,29.0,-4.0,-25.0,25.0,82.0,-34.0,68.0,-15.0,-28.0,22.490000000000002,-43.53,10.219999999999999,33.07,-36.83,3.030000000000001,15.43,37.69,-33.8,82.17,-25.28,-16.759999999999998
2025-08-13T16:24:23.962703,-40.0,145.0,-64.0,-3.0,23.0,0.0,-2.0,92.0,50.0,52.0,-12.0,-68.0,-33.51,121.47,-34.78,1.0700000000000003,-9.829999999999998,28.03,-11.57,47.69,50.2,66.17,-22.28,-56.76
2025-08-13T16:24:23.969605,-120.0,108.0,-51.0,59.0,92.0,-85.0,20.0,17.0,10.0,-28.0,-19.0,-43.0,-113.51,84.47,-21.78,63.07,59.17,-56.97,10.43,-27.310000000000002,10.2,-13.83,-29.28,-31.759999999999998
2025-08-13T16:24:23.973660,21.0,1.0,8.0,-8.0,13.0,-41.0,-16.0,74.0,26.0,-67.0,40.0,2.0,27.490000000000002,-22.53,37.22,-3.9299999999999997,-19.83,-12.969999999999999,-25.57,29.689999999999998,26.2,-52.83,29.72,13.24
2025-08-13T16:24:23.977898,-86.0,73.0,-97.0,62.0,-47.0,-4.0,-88.0,101.0,-25.0,-78.0,54.0,1.0,-79.51,49.47,-67.78,66.07,-79.83,24.03,-97.57,56.69,-24.8,-63.83,43.72,12.24
2025-08-13T16:24:23.986052,-49.0,47.0,-82.0,-25.0,60.0,-21.0,-22.0,74.0,-9.0,-29.0,8.0,17.0,-42.51,23.47,-52.78,-20.93,27.17,7.030000000000001,-31.57,29.689999999999998,-8.8,-14.83,-2.2799999999999994,28.240000000000002
2025-08-13T16:24:23.990280,-67.0,54.0,-17.0,26.0,10.0,-91.0,-73.0,13.0,-11.0,-68.0,25.0,-45.0,-60.51,30.47,12.219999999999999,30.07,-22.83,-62.97,-82.57,-31.310000000000002,-10.8,-53.83,14.72,-33.76
2025-08-13T16:24:23.998461,85.0,83.0,-39.0,-7.0,76.0,-78.0,1.0,47.0,12.0,-1.0,-3.0,-73.0,91.49,59.47,-9.780000000000001,-2.9299999999999997,43.17,-49.97,-8.57,2.6899999999999977,12.2,13.17,-13.28,-61.76
2025-08-13T16:24:24.002982,26.0,37.0,-80.0,3.0,-35.0,-23.0,2.0,62.0,-39.0,39.0,69.0,6.0,32.49,13.469999999999999,-50.78,7.07,-67.83,5.030000000000001,-7.57,17.689999999999998,-38.8,53.17,58.72,17.240000000000002
2025-08-13T16:24:24.011063,-4.0,26.0,-8.0,-12.0,54.0,-68.0,29.0,23.0,-11.0,-51.0,15.0,59.0,2.49,2.469999999999999,21.22,-7.93,21.17,-39.97,19.43,-21.310000000000002,-10.8,-36.83,4.720000000000001,70.24
2025-08-13T16:24:24.015012,19.0,32.0,-57.0,-35.0,53.0,4.0,11.0,35.0,-13.0,-36.0,25.0,-46.0,25.490000000000002,8.469999999999999,-27.78,-30.93,20.17,32.03,1.4299999999999997,-9.310000000000002,-12.8,-21.83,14.72,-34.76
2025-08-13T16:24:24.022837,46.0,51.0,-83.0,61.0,11.0,-31.0,-57.0,75.0,-48.0,102.0,32.0,-4.0,52.49,27.47,-53.78,65.07,-21.83,-2.969999999999999,-66.57,30.689999999999998,-47.8,116.17,21.72,7.24
2025-08-13T16:24:24.027317,43.0,9.0,-33.0,-2.0,28.0,-20.0,-3.0,-32.0,-10.0,47.0,29.0,-92.0,49.49,-14.530000000000001,-3.780000000000001,2.0700000000000003,-4.829999999999998,8.030000000000001,-12.57,-76.31,-9.8,61.17,18.72,-80.76
2025-08-13T16:24:24.035177,-127.0,38.0,-6.0,-6.0,37.0,-3.0,1.0,0.0,-12.0,-7.0,-25.0,-44.0,-120.51,14.469999999999999,23.22,-1.9299999999999997,4.170000000000002,25.03,-8.57,-44.31,-11.8,7.17,-35.28,-32.76
2025-08-13T16:24:24.039602,15.0,57.0,-38.0,-8.0,37.0,-54.0,23.0,22.0,2.0,-1.0,15.0,27.0,21.490000000000002,33.47,-8.780000000000001,-3.9299999999999997,4.170000000000002,-25.97,13.43,-22.310000000000002,2.2,13.17,4.720000000000001,38.24
2025-08-13T16:24:24.047357,48.0,-12.0,-74.0,43.0,59.0,-37.0,-29.0,98.0,7.0,56.0,11.0,-62.0,54.49,-35.53,-44.78,47.07,26.17,-8.969999999999999,-38.57,53.69,7.2,70.17,0.7200000000000006,-50.76
2025-08-13T16:24:24.051724,30.0,93.0,23.0,15.0,87.0,-42.0,-5.0,60.0,-49.0,-32.0,-4.0,-32.0,36.49,69.47,52.22,19.07,54.17,-13.969999999999999,-14.57,15.689999999999998,-48.8,-17.83,-14.28,-20.759999999999998
2025-08-13T16:24:24.059703,36.0,11.0,10.0,4.0,17.0,-84.0,60.0,44.0,-46.0,58.0,41.0,18.0,42.49,-12.530000000000001,39.22,8.07,-15.829999999999998,-55.97,50.43,-0.3100000000000023,-45.8,72.17,30.72,29.240000000000002
2025-08-13T16:24:24.064061,40.0,-38.0,35.0,-1.0,87.0,-9.0,3.0,13.0,-40.0,-36.0,-9.0,-8.0,46.49,-61.53,64.22,3.0700000000000003,54.17,19.03,-6.57,-31.310000000000002,-39.8,-21.83,-19.28,3.24
2025-08-13T16:24:24.071997,21.0,51.0,13.0,51.0,-31.0,-97.0,52.0,-4.0,-25.0,20.0,14.0,-80.0,27.490000000000002,27.47,42.22,55.07,-63.83,-68.97,42.43,-48.31,-24.8,34.17,3.7200000000000006,-68.76
2025-08-13T16:24:24.076355,42.0,-100.0,27.0,-27.0,-1.0,26.0,52.0,52.0,-21.0,-40.0,-15.0,-39.0,48.49,-123.53,56.22,-22.93,-33.83,54.03,42.43,7.689999999999998,-20.8,-25.83,-25.28,-27.759999999999998
2025-08-13T16:24:24.084240,-30.0,-26.0,15.0,30.0,45.0,51.0,-5.0,53.0,20.0,-22.0,61.0,10.0,-23.509999999999998,-49.53,44.22,34.07,12.170000000000002,79.03,-14.57,8.689999999999998,20.2,-7.83,50.72,21.240000000000002
2025-08-13T16:24:24.088597,-64.0,14.0,-81.0,-34.0,16.0,-10.0,-50.0,65.0,25.0,-68.0,7.0,-25.0,-57.51,-9.530000000000001,-51.78,-29.93,-16.83,18.03,-59.57,20.689999999999998,25.2,-53.83,-3.2799999999999994,-13.76
2025-08-13T16:24:24.096685,-38.0,22.0,-35.0,-63.0,32.0,-87.0,-7.0,80.0,-24.0,-46.0,-20.0,-7.0,-31.509999999999998,-1.5300000000000011,-5.780000000000001,-58.93,-0.8299999999999983,-58.97,-16.57,35.69,-23.8,-31.83,-30.28,4.24
2025-08-13T16:24:24.100935,-57.0,47.0,-85.0,-3.0,61.0,11.0,-47.0,116.0,-102.0,-22.0,-14.0,9.0,-50.51,23.47,-55.78,1.0700000000000003,28.17,39.03,-56.57,71.69,-101.8,-7.83,-24.28,20.240000000000002
2025-08-13T16:24:24.108843,-7.0,37.0,-24.0,-15.0,-5.0,-22.0,12.0,59.0,1.0,-53.0,24.0,-34.0,-0.5099999999999998,13.469999999999999,5.219999999999999,-10.93,-37.83,6.030000000000001,2.4299999999999997,14.689999999999998,1.2,-38.83,13.72,-22.759999999999998
2025-08-13T16:24:24.113092,-26.0,51.0,-34.0,12.0,46.0,69.0,47.0,82.0,-1.0,-40.0,25.0,-6.0,-19.509999999999998,27.47,-4.780000000000001,16.07,13.170000000000002,97.03,37.43,37.69,-0.8,-25.83,14.72,5.24
2025-08-13T16:24:24.120907,-93.0,44.0,-92.0,10.0,-29.0,-20.0,0.0,71.0,-13.0,-79.0,-8.0,-42.0,-86.51,20.47,-62.78,14.07,-61.83,8.030000000000001,-9.57,26.689999999999998,-12.8,-64.83,-18.28,-30.759999999999998
2025-08-13T16:24:24.125370,14.0,12.0,-21.0,-31.0,72.0,-47.0,28.0,86.0,19.0,-79.0,64.0,-56.0,20.490000000000002,-11.530000000000001,8.219999999999999,-26.93,39.17,-18.97,18.43,41.69,19.2,-64.83,53.72,-44.76
2025-08-13T16:24:24.130041,26.0,-53.0,-9.0,16.0,42.0,14.0,-17.0,90.0,25.0,-5.0,64.0,30.0,32.49,-76.53,20.22,20.07,9.170000000000002,42.03,-26.57,45.69,25.2,9.17,53.72,41.24
2025-08-13T16:24:24.137741,25.0,35.0,-24.0,-16.0,42.0,-7.0,51.0,58.0,-28.0,-30.0,64.0,-18.0,31.490000000000002,11.469999999999999,5.219999999999999,-11.93,9.170000000000002,21.03,41.43,13.689999999999998,-27.8,-15.83,53.72,-6.76
2025-08-13T16:24:24.145564,15.0,-22.0,-18.0,-56.0,40.0,-49.0,50.0,21.0,-46.0,33.0,-5.0,-65.0,21.490000000000002,-45.53,11.219999999999999,-51.93,7.170000000000002,-20.97,40.43,-23.310000000000002,-45.8,47.17,-15.28,-53.76
2025-08-13T16:24:24.149846,-27.0,-7.0,-29.0,-6.0,0.0,25.0,8.0,40.0,4.0,25.0,-5.0,-26.0,-20.509999999999998,-30.53,0.21999999999999886,-1.9299999999999997,-32.83,53.03,-1.5700000000000003,-4.310000000000002,4.2,39.17,-15.28,-14.76
2025-08-13T16:24:24.153993,11.0,-5.0,-26.0,-23.0,-4.0,-76.0,-6.0,88.0,4.0,-24.0,-12.0,-17.0,17.490000000000002,-28.53,3.219999999999999,-18.93,-36.83,-47.97,-15.57,43.69,4.2,-9.83,-22.28,-5.76
2025-08-13T16:24:24.162139,-25.0,14.0,-115.0,11.0,17.0,-99.0,-58.0,54.0,28.0,19.0,-14.0,-12.0,-18.509999999999998,-9.530000000000001,-85.78,15.07,-15.829999999999998,-70.97,-67.57,9.689999999999998,28.2,33.17,-24.28,-0.7599999999999998
2025-08-13T16:24:24.166334,29.0,45.0,-20.0,7.0,54.0,-60.0,-47.0,88.0,-36.0,2.0,-13.0,-10.0,35.49,21.47,9.219999999999999,11.07,21.17,-31.97,-56.57,43.69,-35.8,16.17,-23.28,1.2400000000000002
2025-08-13T16:24:24.174627,-51.0,27.0,33.0,-6.0,0.0,-65.0,45.0,86.0,5.0,-77.0,-28.0,-12.0,-44.51,3.469999999999999,62.22,-1.9299999999999997,-32.83,-36.97,35.43,41.69,5.2,-62.83,-38.28,-0.7599999999999998
2025-08-13T16:24:24.179368,-13.0,-4.0,-13.0,-51.0,-10.0,-64.0,21.0,109.0,-15.0,-6.0,-3.0,-71.0,-6.51,-27.53,16.22,-46.93,-42.83,-35.97,11.43,64.69,-14.8,8.17,-13.28,-59.76
2025-08-13T16:24:24.186649,30.0,29.0,5.0,-22.0,17.0,-25.0,-52.0,33.0,10.0,-19.0,38.0,24.0,36.49,5.469999999999999,34.22,-17.93,-15.829999999999998,3.030000000000001,-61.57,-11.310000000000002,10.2,-4.83,27.72,35.24
2025-08-13T16:24:24.191468,4.0,4.0,51.0,37.0,30.0,-52.0,28.0,85.0,15.0,15.0,-3.0,-4.0,10.49,-19.53,80.22,41.07,-2.8299999999999983,-23.97,18.43,40.69,15.2,29.17,-13.28,7.24
2025-08-13T16:24:24.199096,-34.0,131.0,-39.0,25.0,-5.0,-116.0,11.0,73.0,5.0,-38.0,-32.0,-24.0,-27.509999999999998,107.47,-9.780000000000001,29.07,-37.83,-87.97,1.4299999999999997,28.689999999999998,5.2,-23.83,-42.28,-12.76
2025-08-13T16:24:24.203239,3.0,-1.0,-5.0,-17.0,16.0,5.0,12.0,37.0,-14.0,25.0,33.0,-40.0,9.49,-24.53,24.22,-12.93,-16.83,33.03,2.4299999999999997,-7.310000000000002,-13.8,39.17,22.72,-28.759999999999998
2025-08-13T16:24:24.211312,-25.0,48.0,17.0,-11.0,71.0,21.0,3.0,11.0,26.0,-70.0,25.0,-18.0,-18.509999999999998,24.47,46.22,-6.93,38.17,49.03,-6.57,-33.31,26.2,-55.83,14.72,-6.76
2025-08-13T16:24:24.215496,-67.0,65.0,-78.0,-19.0,40.0,0.0,-5.0,25.0,24.0,-31.0,-76.0,3.0,-60.51,41.47,-48.78,-14.93,7.170000000000002,28.03,-14.57,-19.310000000000002,24.2,-16.83,-86.28,14.24
2025-08-13T16:24:24.223640,-26.0,14.0,-73.0,65.0,27.0,13.0,-78.0,21.0,5.0,3.0,39.0,-35.0,-19.509999999999998,-9.530000000000001,-43.78,69.07,-5.829999999999998,41.03,-87.57,-23.310000000000002,5.2,17.17,28.72,-23.759999999999998
2025-08-13T16:24:24.227767,-76.0,43.0,-46.0,-50.0,18.0,-66.0,56.0,57.0,10.0,38.0,-31.0,-58.0,-69.51,19.47,-16.78,-45.93,-14.829999999999998,-37.97,46.43,12.689999999999998,10.2,52.17,-41.28,-46.76
2025-08-13T16:24:24.235897,-52.0,-12.0,-21.0,-8.0,27.0,-13.0,-28.0,113.0,39.0,-42.0,9.0,11.0,-45.51,-35.53,8.219999999999999,-3.9299999999999997,-5.829999999999998,15.030000000000001,-37.57,68.69,39.2,-27.83,-1.2799999999999994,22.240000000000002
2025-08-13T16:24:24.240123,33.0,15.0,-58.0,-17.0,35.0,-54.0,-43.0,15.0,-2.0,-64.0,-3.0,84.0,39.49,-8.530000000000001,-28.78,-12.93,2.1700000000000017,-25.97,-52.57,-29.310000000000002,-1.8,-49.83,-13.28,95.24
2025-08-13T16:24:24.248122,-4.0,2.0,-39.0,15.0,40.0,3.0,-52.0,90.0,-51.0,-44.0,-17.0,8.0,2.49,-21.53,-9.780000000000001,19.07,7.170000000000002,31.03,-61.57,45.69,-50.8,-29.83,-27.28,19.240000000000002
2025-08-13T16:24:24.252544,17.0,8.0,-100.0,-28.0,66.0,-8.0,18.0,59.0,-20.0,-72.0,26.0,-9.0,23.490000000000002,-15.530000000000001,-70.78,-23.93,33.17,20.03,8.43,14.689999999999998,-19.8,-57.83,15.72,2.24
2025-08-13T16:24:24.260556,-22.0,-38.0,-33.0,25.0,43.0,-92.0,-42.0,61.0,-10.0,15.0,-63.0,10.0,-15.51,-61.53,-3.780000000000001,29.07,10.170000000000002,-63.97,-51.57,16.689999999999998,-9.8,29.17,-73.28,21.240000000000002
2025-08-13T16:24:24.264818,-12.0,-11.0,17.0,-33.0,35.0,3.0,-49.0,52.0,-59.0,-4.0,47.0,-36.0,-5.51,-34.53,46.22,-28.93,2.1700000000000017,31.03,-58.57,7.689999999999998,-58.8,10.17,36.72,-24.759999999999998
2025-08-13T16:24:24.272661,50.0,-63.0,-58.0,39.0,37.0,-63.0,52.0,65.0,5.0,-62.0,-29.0,-57.0,56.49,-86.53,-28.78,43.07,4.170000000000002,-34.97,42.43,20.689999999999998,5.2,-47.83,-39.28,-45.76
2025-08-13T16:24:24.277019,-12.0,-2.0,-4.0,46.0,44.0,-42.0,-40.0,0.0,6.0,-17.0,31.0,-79.0,-5.51,-25.53,25.22,50.07,11.170000000000002,-13.969999999999999,-49.57,-44.31,6.2,-2.83,20.72,-67.76
2025-08-13T16:24:24.284860,19.0,37.0,-17.0,-15.0,16.0,-19.0,-56.0,62.0,33.0,44.0,18.0,-3.0,25.490000000000002,13.469999999999999,12.219999999999999,-10.93,-16.83,9.030000000000001,-65.57,17.689999999999998,33.2,58.17,7.720000000000001,8.24
2025-08-13T16:24:24.289312,-64.0,24.0,19.0,12.0,-37.0,-45.0,-24.0,49.0,37.0,-40.0,82.0,-19.0,-57.51,0.46999999999999886,48.22,16.07,-69.83,-16.97,-33.57,4.689999999999998,37.2,-25.83,71.72,-7.76
2025-08-13T16:24:24.297112,-71.0,-65.0,-29.0,61.0,98.0,-84.0,3.0,-4.0,-13.0,-7.0,-45.0,44.0,-64.51,-88.53,0.21999999999999886,65.07,65.17,-55.97,-6.57,-48.31,-12.8,7.17,-55.28,55.24
2025-08-13T16:24:24.301413,4.0,39.0,-12.0,83.0,41.0,9.0,69.0,-5.0,-11.0,-26.0,1.0,-19.0,10.49,15.469999999999999,17.22,87.07,8.170000000000002,37.03,59.43,-49.31,-10.8,-11.83,-9.28,-7.76
2025-08-13T16:24:24.309615,28.0,28.0,-63.0,-43.0,75.0,-48.0,-11.0,86.0,-9.0,-32.0,-35.0,-85.0,34.49,4.469999999999999,-33.78,-38.93,42.17,-19.97,-20.57,41.69,-8.8,-17.83,-45.28,-73.76
2025-08-13T16:24:24.313864,-86.0,-27.0,31.0,-40.0,74.0,-33.0,57.0,44.0,-42.0,-3.0,-3.0,7.0,-79.51,-50.53,60.22,-35.93,41.17,-4.969999999999999,47.43,-0.3100000000000023,-41.8,11.17,-13.28,18.240000000000002
2025-08-13T16:24:24.318083,-61.0,-24.0,-66.0,-5.0,25.0,-20.0,-77.0,27.0,-14.0,29.0,-16.0,2.0,-54.51,-47.53,-36.78,-0.9299999999999997,-7.829999999999998,8.030000000000001,-86.57,-17.310000000000002,-13.8,43.17,-26.28,13.24
2025-08-13T16:24:24.326042,4.0,48.0,2.0,5.0,54.0,-11.0,-11.0,127.0,-19.0,75.0,-45.0,36.0,10.49,24.47,31.22,9.07,21.17,17.03,-20.57,82.69,-18.8,89.17,-55.28,47.24
2025-08-13T16:24:24.330272,3.0,40.0,68.0,-58.0,32.0,-70.0,-41.0,84.0,-41.0,77.0,10.0,-77.0,9.49,16.47,97.22,-53.93,-0.8299999999999983,-41.97,-50.57,39.69,-40.8,91.17,-0.27999999999999936,-65.76
2025-08-13T16:24:24.338409,-50.0,14.0,-26.0,67.0,53.0,-32.0,58.0,47.0,20.0,2.0,-44.0,45.0,-43.51,-9.530000000000001,3.219999999999999,71.07,20.17,-3.969999999999999,48.43,2.6899999999999977,20.2,16.17,-54.28,56.24
2025-08-13T16:24:24.342703,-16.0,26.0,-56.0,15.0,15.0,27.0,17.0,74.0,-16.0,-60.0,-26.0,-38.0,-9.51,2.469999999999999,-26.78,19.07,-17.83,55.03,7.43,29.689999999999998,-15.8,-45.83,-36.28,-26.759999999999998
2025-08-13T16:24:24.350698,39.0,-7.0,-83.0,-4.0,6.0,-18.0,-10.0,50.0,-56.0,-61.0,66.0,-55.0,45.49,-30.53,-53.78,0.07000000000000028,-26.83,10.030000000000001,-19.57,5.689999999999998,-55.8,-46.83,55.72,-43.76
2025-08-13T16:24:24.354846,39.0,52.0,-47.0,9.0,2.0,-32.0,3.0,41.0,-19.0,-66.0,32.0,-53.0,45.49,28.47,-17.78,13.07,-30.83,-3.969999999999999,-6.57,-3.3100000000000023,-18.8,-51.83,21.72,-41.76
2025-08-13T16:24:24.363073,83.0,36.0,-13.0,46.0,29.0,9.0,-7.0,106.0,46.0,19.0,11.0,-17.0,89.49,12.469999999999999,16.22,50.07,-3.8299999999999983,37.03,-16.57,61.69,46.2,33.17,0.7200000000000006,-5.76
2025-08-13T16:24:24.367184,-44.0,32.0,-68.0,14.0,26.0,-19.0,34.0,15.0,1.0,-70.0,10.0,-54.0,-37.51,8.469999999999999,-38.78,18.07,-6.829999999999998,9.030000000000001,24.43,-29.310000000000002,1.2,-55.83,-0.27999999999999936,-42.76
2025-08-13T16:24:24.375335,-21.0,88.0,-23.0,7.0,30.0,-39.0,87.0,18.0,-1.0,-61.0,-63.0,-53.0,-14.51,64.47,6.219999999999999,11.07,-2.8299999999999983,-10.969999999999999,77.43,-26.310000000000002,-0.8,-46.83,-73.28,-41.76
2025-08-13T16:24:24.379463,9.0,54.0,-26.0,37.0,94.0,-41.0,81.0,-28.0,-22.0,39.0,-10.0,-24.0,15.49,30.47,3.219999999999999,41.07,61.17,-12.969999999999999,71.43,-72.31,-21.8,53.17,-20.28,-12.76
2025-08-13T16:24:24.387550,9.0,31.0,-3.0,5.0,27.0,-50.0,3.0,0.0,3.0,-26.0,17.0,-21.0,15.49,7.469999999999999,26.22,9.07,-5.829999999999998,-21.97,-6.57,-44.31,3.2,-11.83,6.720000000000001,-9.76
2025-08-13T16:24:24.391768,-19.0,26.0,3.0,47.0,27.0,-25.0,51.0,82.0,-10.0,8.0,18.0,-56.0,-12.51,2.469999999999999,32.22,51.07,-5.829999999999998,3.030000000000001,41.43,37.69,-9.8,22.17,7.720000000000001,-44.76
2025-08-13T16:24:24.399707,-26.0,47.0,24.0,-23.0,84.0,49.0,23.0,-13.0,-16.0,28.0,-14.0,28.0,-19.509999999999998,23.47,53.22,-18.93,51.17,77.03,13.43,-57.31,-15.8,42.17,-24.28,39.24
2025-08-13T16:24:24.404151,-31.0,23.0,38.0,8.0,60.0,-33.0,26.0,104.0,-35.0,-6.0,-22.0,24.0,-24.509999999999998,-0.5300000000000011,67.22,12.07,27.17,-4.969999999999999,16.43,59.69,-34.8,8.17,-32.28,35.24
2025-08-13T16:24:24.412087,-52.0,44.0,-80.0,37.0,89.0,-27.0,1.0,88.0,-40.0,-45.0,-4.0,40.0,-45.51,20.47,-50.78,41.07,56.17,1.0300000000000011,-8.57,43.69,-39.8,-30.83,-14.28,51.24
2025-08-13T16:24:24.416349,-8.0,0.0,-19.0,-33.0,42.0,19.0,-36.0,20.0,-57.0,-13.0,-3.0,-4.0,-1.5099999999999998,-23.53,10.219999999999999,-28.93,9.170000000000002,47.03,-45.57,-24.310000000000002,-56.8,1.17,-13.28,7.24
2025-08-13T16:24:24.424270,-70.0,-42.0,-34.0,32.0,59.0,-67.0,14.0,44.0,-29.0,4.0,-6.0,-9.0,-63.51,-65.53,-4.780000000000001,36.07,26.17,-38.97,4.43,-0.3100000000000023,-28.8,18.17,-16.28,2.24
2025-08-13T16:24:24.428799,-106.0,58.0,-54.0,41.0,-1.0,-56.0,7.0,41.0,27.0,-1.0,-35.0,-16.0,-99.51,34.47,-24.78,45.07,-33.83,-27.97,-2.5700000000000003,-3.3100000000000023,27.2,13.17,-45.28,-4.76
2025-08-13T16:24:24.436631,-87.0,-14.0,-17.0,14.0,7.0,-58.0,3.0,20.0,-13.0,-30.0,57.0,-5.0,-80.51,-37.53,12.219999999999999,18.07,-25.83,-29.97,-6.57,-24.310000000000002,-12.8,-15.83,46.72,6.24
2025-08-13T16:24:24.441120,-83.0,27.0,1.0,-21.0,-19.0,-37.0,52.0,98.0,23.0,-43.0,33.0,-41.0,-76.51,3.469999999999999,30.22,-16.93,-51.83,-8.969999999999999,42.43,53.69,23.2,-28.83,22.72,-29.759999999999998
2025-08-13T16:24:24.448820,-10.0,44.0,-12.0,-3.0,69.0,-24.0,-18.0,14.0,9.0,-11.0,10.0,8.0,-3.51,20.47,17.22,1.0700000000000003,36.17,4.030000000000001,-27.57,-30.310000000000002,9.2,3.17,-0.27999999999999936,19.240000000000002
2025-08-13T16:24:24.453363,31.0,21.0,19.0,-44.0,87.0,39.0,14.0,129.0,-4.0,-31.0,0.0,-34.0,37.49,-2.530000000000001,48.22,-39.93,54.17,67.03,4.43,84.69,-3.8,-16.83,-10.28,-22.759999999999998
2025-08-13T16:24:24.461108,70.0,42.0,-110.0,18.0,70.0,8.0,-4.0,141.0,40.0,-23.0,8.0,-12.0,76.49,18.47,-80.78,22.07,37.17,36.03,-13.57,96.69,40.2,-8.83,-2.2799999999999994,-0.7599999999999998
2025-08-13T16:24:24.465671,33.0,7.0,-10.0,-51.0,5.0,-51.0,-13.0,54.0,-79.0,29.0,24.0,-49.0,39.49,-16.53,19.22,-46.93,-27.83,-22.97,-22.57,9.689999999999998,-78.8,43.17,13.72,-37.76
2025-08-13T16:24:24.474038,38.0,7.0,-45.0,-29.0,46.0,-24.0,-37.0,65.0,-2.0,33.0,-42.0,-57.0,44.49,-16.53,-15.780000000000001,-24.93,13.170000000000002,4.030000000000001,-46.57,20.689999999999998,-1.8,47.17,-52.28,-45.76
2025-08-13T16:24:24.477974,-11.0,13.0,-56.0,20.0,58.0,-35.0,56.0,45.0,0.0,-25.0,16.0,10.0,-4.51,-10.530000000000001,-26.78,24.07,25.17,-6.969999999999999,46.43,0.6899999999999977,0.2,-10.83,5.720000000000001,21.240000000000002
2025-08-13T16:24:24.486059,-61.0,24.0,-48.0,-52.0,82.0,-28.0,38.0,88.0,9.0,-16.0,-20.0,-80.0,-54.51,0.46999999999999886,-18.78,-47.93,49.17,0.030000000000001137,28.43,43.69,9.2,-1.83,-30.28,-68.76
2025-08-13T16:24:24.490255,-17.0,-39.0,-111.0,-38.0,-39.0,-57.0,-38.0,61.0,-72.0,20.0,16.0,14.0,-10.51,-62.53,-81.78,-33.93,-71.83,-28.97,-47.57,16.689999999999998,-71.8,34.17,5.720000000000001,25.240000000000002
2025-08-13T16:24:24.497971,-6.0,-3.0,-16.0,-7.0,15.0,-25.0,38.0,45.0,-10.0,-28.0,-4.0,13.0,0.4900000000000002,-26.53,13.219999999999999,-2.9299999999999997,-17.83,3.030000000000001,28.43,0.6899999999999977,-9.8,-13.83,-14.28,24.240000000000002
2025-08-13T16:24:24.502703,32.0,71.0,1.0,-41.0,50.0,-22.0,68.0,12.0,-11.0,-44.0,-33.0,66.0,38.49,47.47,30.22,-36.93,17.17,6.030000000000001,58.43,-32.31,-10.8,-29.83,-43.28,77.24
2025-08-13T16:24:24.510256,-26.0,22.0,-39.0,-13.0,88.0,-9.0,-1.0,76.0,22.0,-22.0,-25.0,11.0,-19.509999999999998,-1.5300000000000011,-9.780000000000001,-8.93,55.17,19.03,-10.57,31.689999999999998,22.2,-7.83,-35.28,22.240000000000002
2025-08-13T16:24:24.514750,-7.0,63.0,23.0,-22.0,55.0,-63.0,-41.0,66.0,18.0,20.0,66.0,23.0,-0.5099999999999998,39.47,52.22,-17.93,22.17,-34.97,-50.57,21.689999999999998,18.2,34.17,55.72,34.24
2025-08-13T16:24:24.522799,20.0,55.0,-2.0,-55.0,49.0,-27.0,14.0,68.0,-38.0,-17.0,81.0,2.0,26.490000000000002,31.47,27.22,-50.93,16.17,1.0300000000000011,4.43,23.689999999999998,-37.8,-2.83,70.72,13.24
2025-08-13T16:24:24.529124,-61.0,3.0,-23.0,-38.0,84.0,0.0,-16.0,155.0,-1.0,-60.0,48.0,-43.0,-54.51,-20.53,6.219999999999999,-33.93,51.17,28.03,-25.57,110.69,-0.8,-45.83,37.72,-31.759999999999998
2025-08-13T16:24:24.533532,8.0,3.0,50.0,47.0,-25.0,-10.0,-25.0,122.0,58.0,-4.0,8.0,-99.0,14.49,-20.53,79.22,51.07,-57.83,18.03,-34.57,77.69,58.2,10.17,-2.2799999999999994,-87.76
2025-08-13T16:24:24.539093,-13.0,34.0,-24.0,29.0,89.0,29.0,0.0,39.0,-92.0,80.0,87.0,32.0,-6.51,10.469999999999999,5.219999999999999,33.07,56.17,57.03,-9.57,-5.310000000000002,-91.8,94.17,76.72,43.24
2025-08-13T16:24:24.543663,-39.0,82.0,6.0,37.0,75.0,-25.0,47.0,41.0,-13.0,18.0,50.0,-27.0,-32.51,58.47,35.22,41.07,42.17,3.030000000000001,37.43,-3.3100000000000023,-12.8,32.17,39.72,-15.76
2025-08-13T16:24:24.551639,-49.0,38.0,-13.0,8.0,32.0,-38.0,65.0,51.0,72.0,3.0,29.0,-33.0,-42.51,14.469999999999999,16.22,12.07,-0.8299999999999983,-9.969999999999999,55.43,6.689999999999998,72.2,17.17,18.72,-21.759999999999998
2025-08-13T16:24:24.555320,44.0,58.0,-40.0,-8.0,24.0,-68.0,29.0,50.0,7.0,-9.0,-57.0,-8.0,50.49,34.47,-10.780000000000001,-3.9299999999999997,-8.829999999999998,-39.97,19.43,5.689999999999998,7.2,5.17,-67.28,3.24
2025-08-13T16:24:24.563944,-66.0,28.0,-23.0,-3.0,36.0,-40.0,-29.0,-13.0,30.0,23.0,-45.0,-15.0,-59.51,4.469999999999999,6.219999999999999,1.0700000000000003,3.1700000000000017,-11.969999999999999,-38.57,-57.31,30.2,37.17,-55.28,-3.76
2025-08-13T16:24:24.567590,15.0,49.0,-54.0,-15.0,47.0,-17.0,5.0,43.0,24.0,4.0,-13.0,-5.0,21.490000000000002,25.47,-24.78,-10.93,14.170000000000002,11.030000000000001,-4.57,-1.3100000000000023,24.2,18.17,-23.28,6.24
2025-08-13T16:24:24.576149,29.0,-13.0,-69.0,-38.0,-14.0,-68.0,34.0,37.0,-40.0,-17.0,-37.0,9.0,35.49,-36.53,-39.78,-33.93,-46.83,-39.97,24.43,-7.310000000000002,-39.8,-2.83,-47.28,20.240000000000002
2025-08-13T16:24:24.579992,33.0,-57.0,-59.0,17.0,105.0,-29.0,-28.0,29.0,44.0,-22.0,-12.0,10.0,39.49,-80.53,-29.78,21.07,72.17,-0.9699999999999989,-37.57,-15.310000000000002,44.2,-7.83,-22.28,21.240000000000002
2025-08-13T16:24:24.588395,39.0,18.0,-26.0,-43.0,50.0,13.0,55.0,30.0,-19.0,27.0,42.0,-60.0,45.49,-5.530000000000001,3.219999999999999,-38.93,17.17,41.03,45.43,-14.310000000000002,-18.8,41.17,31.72,-48.76
2025-08-13T16:24:24.592217,-2.0,31.0,25.0,-57.0,-29.0,10.0,-1.0,82.0,7.0,-81.0,-9.0,21.0,4.49,7.469999999999999,54.22,-52.93,-61.83,38.03,-10.57,37.69,7.2,-66.83,-19.28,32.24
2025-08-13T16:24:24.600420,2.0,5.0,-10.0,-58.0,108.0,54.0,1.0,80.0,-49.0,1.0,60.0,21.0,8.49,-18.53,19.22,-53.93,75.17,82.03,-8.57,35.69,-48.8,15.17,49.72,32.24
2025-08-13T16:24:24.604632,-27.0,-14.0,-69.0,10.0,-20.0,12.0,-17.0,77.0,-65.0,-37.0,15.0,-38.0,-20.509999999999998,-37.53,-39.78,14.07,-52.83,40.03,-26.57,32.69,-64.8,-22.83,4.720000000000001,-26.759999999999998
2025-08-13T16:24:24.612718,-51.0,25.0,-25.0,5.0,38.0,-48.0,9.0,134.0,-40.0,-19.0,55.0,-59.0,-44.51,1.4699999999999989,4.219999999999999,9.07,5.170000000000002,-19.97,-0.5700000000000003,89.69,-39.8,-4.83,44.72,-47.76
2025-08-13T16:24:24.616992,-43.0,50.0,15.0,-17.0,-2.0,-44.0,17.0,26.0,20.0,9.0,-30.0,-29.0,-36.51,26.47,44.22,-12.93,-34.83,-15.969999999999999,7.43,-18.310000000000002,20.2,23.17,-40.28,-17.759999999999998
2025-08-13T16:24:24.624936,-31.0,-11.0,-16.0,-34.0,48.0,-44.0,30.0,56.0,18.0,-15.0,49.0,-48.0,-24.509999999999998,-34.53,13.219999999999999,-29.93,15.170000000000002,-15.969999999999999,20.43,11.689999999999998,18.2,-0.8300000000000001,38.72,-36.76
2025-08-13T16:24:24.629259,-43.0,59.0,-63.0,-59.0,19.0,-10.0,7.0,69.0,56.0,-17.0,-24.0,86.0,-36.51,35.47,-33.78,-54.93,-13.829999999999998,18.03,-2.5700000000000003,24.689999999999998,56.2,-2.83,-34.28,97.24
2025-08-13T16:24:24.637366,-22.0,119.0,-51.0,-28.0,-6.0,3.0,-1.0,-25.0,-17.0,61.0,-19.0,-62.0,-15.51,95.47,-21.78,-23.93,-38.83,31.03,-10.57,-69.31,-16.8,75.17,-29.28,-50.76
2025-08-13T16:24:24.641566,-44.0,39.0,-26.0,-22.0,2.0,30.0,44.0,3.0,20.0,-28.0,-80.0,-30.0,-37.51,15.469999999999999,3.219999999999999,-17.93,-30.83,58.03,34.43,-41.31,20.2,-13.83,-90.28,-18.759999999999998
2025-08-13T16:24:24.649672,-4.0,33.0,-97.0,-65.0,55.0,-62.0,30.0,116.0,25.0,-13.0,-5.0,-2.0,2.49,9.469999999999999,-67.78,-60.93,22.17,-33.97,20.43,71.69,25.2,1.17,-15.28,9.24
2025-08-13T16:24:24.653933,-6.0,4.0,-29.0,43.0,80.0,-6.0,-70.0,52.0,14.0,-77.0,-27.0,43.0,0.4900000000000002,-19.53,0.21999999999999886,47.07,47.17,22.03,-79.57,7.689999999999998,14.2,-62.83,-37.28,54.24
2025-08-13T16:24:24.661752,-69.0,19.0,-4.0,-9.0,55.0,-30.0,-39.0,71.0,46.0,-61.0,-82.0,24.0,-62.51,-4.530000000000001,25.22,-4.93,22.17,-1.9699999999999989,-48.57,26.689999999999998,46.2,-46.83,-92.28,35.24
2025-08-13T16:24:24.666614,20.0,54.0,-17.0,-32.0,24.0,-58.0,-26.0,112.0,-23.0,5.0,23.0,-25.0,26.490000000000002,30.47,12.219999999999999,-27.93,-8.829999999999998,-29.97,-35.57,67.69,-22.8,19.17,12.72,-13.76
2025-08-13T16:24:24.674215,71.0,73.0,-42.0,-7.0,13.0,6.0,-40.0,21.0,27.0,13.0,-31.0,-48.0,77.49,49.47,-12.780000000000001,-2.9299999999999997,-19.83,34.03,-49.57,-23.310000000000002,27.2,27.17,-41.28,-36.76
2025-08-13T16:24:24.678703,22.0,85.0,-26.0,34.0,75.0,-33.0,10.0,-19.0,9.0,21.0,33.0,-11.0,28.490000000000002,61.47,3.219999999999999,38.07,42.17,-4.969999999999999,0.4299999999999997,-63.31,9.2,35.17,22.72,0.2400000000000002
2025-08-13T16:24:24.687028,37.0,3.0,-59.0,-12.0,38.0,-5.0,41.0,-17.0,17.0,32.0,93.0,-57.0,43.49,-20.53,-29.78,-7.93,5.170000000000002,23.03,31.43,-61.31,17.2,46.17,82.72,-45.76
2025-08-13T16:24:24.691235,43.0,40.0,-38.0,-12.0,70.0,-56.0,37.0,17.0,29.0,15.0,24.0,3.0,49.49,16.47,-8.780000000000001,-7.93,37.17,-27.97,27.43,-27.310000000000002,29.2,29.17,13.72,14.24
2025-08-13T16:24:24.699334,28.0,79.0,-11.0,-47.0,19.0,-49.0,-19.0,73.0,-1.0,65.0,8.0,42.0,34.49,55.47,18.22,-42.93,-13.829999999999998,-20.97,-28.57,28.689999999999998,-0.8,79.17,-2.2799999999999994,53.24
2025-08-13T16:24:24.705472,86.0,28.0,1.0,17.0,96.0,-34.0,-41.0,47.0,-10.0,14.0,13.0,-54.0,92.49,4.469999999999999,30.22,21.07,63.17,-5.969999999999999,-50.57,2.6899999999999977,-9.8,28.17,2.7200000000000006,-42.76
2025-08-13T16:24:24.711063,-42.0,43.0,-29.0,6.0,3.0,-98.0,-43.0,96.0,21.0,-3.0,33.0,16.0,-35.51,19.47,0.21999999999999886,10.07,-29.83,-69.97,-52.57,51.69,21.2,11.17,22.72,27.240000000000002
2025-08-13T16:24:24.719919,-3.0,-20.0,-26.0,-32.0,53.0,-71.0,-27.0,114.0,-24.0,42.0,23.0,8.0,3.49,-43.53,3.219999999999999,-27.93,20.17,-42.97,-36.57,69.69,-23.8,56.17,12.72,19.240000000000002
2025-08-13T16:24:24.728951,-117.0,-3.0,58.0,38.0,78.0,-20.0,79.0,21.0,76.0,-45.0,63.0,51.0,-110.51,-26.53,87.22,42.07,45.17,8.030000000000001,69.43,-23.310000000000002,76.2,-30.83,52.72,62.24
2025-08-13T16:24:24.735086,-57.0,-13.0,-6.0,-39.0,21.0,-6.0,7.0,15.0,22.0,-40.0,-7.0,-43.0,-50.51,-36.53,23.22,-34.93,-11.829999999999998,22.03,-2.5700000000000003,-29.310000000000002,22.2,-25.83,-17.28,-31.759999999999998
2025-08-13T16:24:24.739478,16.0,-35.0,-47.0,-16.0,52.0,18.0,21.0,33.0,20.0,31.0,20.0,-27.0,22.490000000000002,-58.53,-17.78,-11.93,19.17,46.03,11.43,-11.310000000000002,20.2,45.17,9.72,-15.76
2025-08-13T16:24:24.742935,-68.0,79.0,-77.0,10.0,5.0,-46.0,-36.0,31.0,93.0,-55.0,-4.0,-39.0,-61.51,55.47,-47.78,14.07,-27.83,-17.97,-45.57,-13.310000000000002,93.2,-40.83,-14.28,-27.759999999999998
2025-08-13T16:24:24.747670,-2.0,65.0,-14.0,47.0,90.0,15.0,-37.0,31.0,12.0,-13.0,-7.0,-13.0,4.49,41.47,15.219999999999999,51.07,57.17,43.03,-46.57,-13.310000000000002,12.2,1.17,-17.28,-1.7599999999999998
2025-08-13T16:24:24.751979,-9.0,-31.0,-114.0,1.0,16.0,14.0,-25.0,63.0,30.0,-51.0,-30.0,-66.0,-2.51,-54.53,-84.78,5.07,-16.83,42.03,-34.57,18.689999999999998,30.2,-36.83,-40.28,-54.76
2025-08-13T16:24:24.760013,9.0,90.0,-30.0,-26.0,37.0,-38.0,-39.0,91.0,-6.0,-35.0,32.0,32.0,15.49,66.47,-0.7800000000000011,-21.93,4.170000000000002,-9.969999999999999,-48.57,46.69,-5.8,-20.83,21.72,43.24
2025-08-13T16:24:24.764416,101.0,51.0,-62.0,-43.0,47.0,-39.0,43.0,94.0,-16.0,-17.0,2.0,69.0,107.49,27.47,-32.78,-38.93,14.170000000000002,-10.969999999999999,33.43,49.69,-15.8,-2.83,-8.28,80.24
2025-08-13T16:24:24.772410,-4.0,38.0,17.0,8.0,57.0,-33.0,17.0,4.0,21.0,-62.0,-23.0,-11.0,2.49,14.469999999999999,46.22,12.07,24.17,-4.969999999999999,7.43,-40.31,21.2,-47.83,-33.28,0.2400000000000002
2025-08-13T16:24:24.776641,33.0,41.0,-111.0,-29.0,36.0,-2.0,2.0,-21.0,-47.0,-57.0,41.0,10.0,39.49,17.47,-81.78,-24.93,3.1700000000000017,26.03,-7.57,-65.31,-46.8,-42.83,30.72,21.240000000000002
2025-08-13T16:24:24.784566,-14.0,54.0,55.0,-28.0,34.0,-69.0,16.0,74.0,29.0,12.0,-35.0,-42.0,-7.51,30.47,84.22,-23.93,1.1700000000000017,-40.97,6.43,29.689999999999998,29.2,26.17,-45.28,-30.759999999999998
2025-08-13T16:24:24.788799,113.0,86.0,-41.0,35.0,59.0,-5.0,-17.0,106.0,84.0,-38.0,12.0,4.0,119.49,62.47,-11.780000000000001,39.07,26.17,23.03,-26.57,61.69,84.2,-23.83,1.7200000000000006,15.24
2025-08-13T16:24:24.793142,40.0,65.0,4.0,48.0,47.0,-79.0,5.0,-10.0,51.0,4.0,-2.0,-74.0,46.49,41.47,33.22,52.07,14.170000000000002,-50.97,-4.57,-54.31,51.2,18.17,-12.28,-62.76
2025-08-13T16:24:24.801001,20.0,19.0,-41.0,0.0,31.0,-74.0,-21.0,34.0,24.0,4.0,-52.0,-18.0,26.490000000000002,-4.530000000000001,-11.780000000000001,4.07,-1.8299999999999983,-45.97,-30.57,-10.310000000000002,24.2,18.17,-62.28,-6.76
2025-08-13T16:24:24.805683,6.0,-32.0,-68.0,-67.0,96.0,-57.0,16.0,69.0,28.0,27.0,-1.0,-41.0,12.49,-55.53,-38.78,-62.93,63.17,-28.97,6.43,24.689999999999998,28.2,41.17,-11.28,-29.759999999999998
2025-08-13T16:24:24.813592,-26.0,93.0,-24.0,-11.0,37.0,-78.0,23.0,48.0,20.0,-55.0,42.0,-10.0,-19.509999999999998,69.47,5.219999999999999,-6.93,4.170000000000002,-49.97,13.43,3.6899999999999977,20.2,-40.83,31.72,1.2400000000000002
2025-08-13T16:24:24.817413,12.0,-7.0,-50.0,-3.0,87.0,-41.0,18.0,30.0,13.0,-3.0,-18.0,34.0,18.490000000000002,-30.53,-20.78,1.0700000000000003,54.17,-12.969999999999999,8.43,-14.310000000000002,13.2,11.17,-28.28,45.24
2025-08-13T16:24:24.825752,-15.0,0.0,24.0,-28.0,13.0,-100.0,-65.0,-20.0,-5.0,-12.0,8.0,61.0,-8.51,-23.53,53.22,-23.93,-19.83,-71.97,-74.57,-64.31,-4.8,2.17,-2.2799999999999994,72.24
2025-08-13T16:24:24.829758,-11.0,-20.0,-53.0,4.0,52.0,41.0,-45.0,86.0,-30.0,-37.0,93.0,-44.0,-4.51,-43.53,-23.78,8.07,19.17,69.03,-54.57,41.69,-29.8,-22.83,82.72,-32.76
