timestamp,x1,y1,z1,x2,y2,z2,x3,y3,z3,x4,y4,z4,x1_calib,y1_calib,z1_calib,x2_calib,y2_calib,z2_calib,x3_calib,y3_calib,z3_calib,x4_calib,y4_calib,z4_calib
2025-08-08T16:27:09.622129,66.0,9.0,6.0,-34.0,28.0,9.0,-31.0,18.0,-32.0,-1.0,75.0,-31.0,64.59,9.69,8.77,-13.809999999999999,17.36,33.45,-39.79,39.15,-22.35,-18.98,23.520000000000003,-22.78
2025-08-08T16:27:09.626663,57.0,-69.0,-13.0,62.0,92.0,-7.0,-28.0,-65.0,-1.0,21.0,22.0,-7.0,55.59,-68.31,-10.23,82.19,81.36,17.45,-36.79,-43.85,8.65,3.0199999999999996,-29.479999999999997,1.2200000000000006
2025-08-08T16:27:09.634459,39.0,-51.0,6.0,-16.0,6.0,-30.0,3.0,-29.0,-71.0,-9.0,93.0,-15.0,37.59,-50.31,8.77,4.190000000000001,-4.640000000000001,-5.550000000000001,-5.789999999999999,-7.850000000000001,-61.35,-26.98,41.52,-6.779999999999999
2025-08-08T16:27:09.639856,31.0,-38.0,-32.0,-10.0,-41.0,-75.0,32.0,-35.0,-40.0,87.0,51.0,-26.0,29.59,-37.31,-29.23,10.190000000000001,-51.64,-50.55,23.21,-13.850000000000001,-30.35,69.02,-0.4799999999999969,-17.78
2025-08-08T16:27:09.646961,40.0,-42.0,-9.0,-77.0,40.0,31.0,11.0,25.0,-54.0,13.0,48.0,-17.0,38.59,-41.31,-6.23,-56.81,29.36,55.45,2.210000000000001,46.15,-44.35,-4.98,-3.479999999999997,-8.78
2025-08-08T16:27:09.652295,26.0,-58.0,22.0,0.0,67.0,-44.0,33.0,-43.0,-52.0,26.0,42.0,-7.0,24.59,-57.31,24.77,20.19,56.36,-19.55,24.21,-21.85,-42.35,8.02,-9.479999999999997,1.2200000000000006
2025-08-08T16:27:09.658896,-37.0,23.0,9.0,-58.0,59.0,-66.0,-49.0,-14.0,-10.0,9.0,49.0,27.0,-38.41,23.69,11.77,-37.81,48.36,-41.55,-57.79,7.149999999999999,-0.34999999999999964,-8.98,-2.479999999999997,35.22
2025-08-08T16:27:09.663908,-5.0,1.0,68.0,30.0,111.0,-44.0,-17.0,-43.0,-43.0,11.0,70.0,3.0,-6.41,1.69,70.77,50.19,100.36,-19.55,-25.79,-21.85,-33.35,-6.98,18.520000000000003,11.22
2025-08-08T16:27:09.671426,6.0,-55.0,41.0,-58.0,103.0,-54.0,-23.0,-23.0,-41.0,9.0,42.0,-24.0,4.59,-54.31,43.77,-37.81,92.36,-29.55,-31.79,-1.8500000000000014,-31.35,-8.98,-9.479999999999997,-15.78
2025-08-08T16:27:09.675628,48.0,76.0,-3.0,-66.0,-22.0,-50.0,-67.0,-40.0,-12.0,25.0,117.0,-9.0,46.59,76.69,-0.22999999999999998,-45.81,-32.64,-25.55,-75.78999999999999,-18.85,-2.3499999999999996,7.02,65.52000000000001,-0.7799999999999994
2025-08-08T16:27:09.683710,84.0,15.0,-24.0,-60.0,65.0,-37.0,16.0,-50.0,-35.0,21.0,87.0,-48.0,82.59,15.69,-21.23,-39.81,54.36,-12.55,7.210000000000001,-28.85,-25.35,3.0199999999999996,35.52,-39.78
2025-08-08T16:27:09.687921,71.0,-69.0,-44.0,-38.0,-51.0,4.0,66.0,-23.0,-45.0,66.0,66.0,-73.0,69.59,-68.31,-41.23,-17.81,-61.64,28.45,57.21,-1.8500000000000014,-35.35,48.019999999999996,14.520000000000003,-64.78
2025-08-08T16:27:09.695830,2.0,-37.0,24.0,-57.0,-20.0,-8.0,-50.0,-17.0,13.0,-48.0,19.0,-8.0,0.5900000000000001,-36.31,26.77,-36.81,-30.64,16.45,-58.79,4.149999999999999,22.65,-65.98,-32.48,0.22000000000000064
2025-08-08T16:27:09.700203,-40.0,-31.0,38.0,15.0,55.0,-68.0,-5.0,-71.0,-18.0,-2.0,33.0,-6.0,-41.41,-30.31,40.77,35.19,44.36,-43.55,-13.79,-49.85,-8.35,-19.98,-18.479999999999997,2.2200000000000006
2025-08-08T16:27:09.705885,-11.0,-28.0,15.0,15.0,22.0,-60.0,31.0,12.0,-63.0,-25.0,58.0,-24.0,-12.41,-27.31,17.77,35.19,11.36,-35.55,22.21,33.15,-53.35,-42.980000000000004,6.520000000000003,-15.78
2025-08-08T16:27:09.713566,-2.0,30.0,35.0,-48.0,-12.0,-34.0,60.0,1.0,-46.0,41.0,25.0,-78.0,-3.41,30.69,37.77,-27.81,-22.64,-9.55,51.21,22.15,-36.35,23.02,-26.479999999999997,-69.78
2025-08-08T16:27:09.721572,-113.0,-37.0,40.0,-29.0,1.0,-9.0,-39.0,-66.0,13.0,-30.0,58.0,-41.0,-114.41,-36.31,42.77,-8.809999999999999,-9.64,15.45,-47.79,-44.85,22.65,-47.980000000000004,6.520000000000003,-32.78
2025-08-08T16:27:09.725191,-36.0,2.0,-32.0,8.0,50.0,27.0,100.0,-41.0,32.0,77.0,85.0,10.0,-37.41,2.69,-29.23,28.19,39.36,51.45,91.21000000000001,-19.85,41.65,59.019999999999996,33.52,18.22
2025-08-08T16:27:09.729453,27.0,80.0,-24.0,-50.0,34.0,-78.0,3.0,-10.0,-15.0,11.0,37.0,-22.0,25.59,80.69,-21.23,-29.81,23.36,-53.55,-5.789999999999999,11.149999999999999,-5.35,-6.98,-14.479999999999997,-13.78
2025-08-08T16:27:09.736775,28.0,50.0,4.0,-33.0,-4.0,14.0,9.0,-50.0,39.0,-7.0,38.0,-52.0,26.59,50.69,6.77,-12.809999999999999,-14.64,38.45,0.21000000000000085,-28.85,48.65,-24.98,-13.479999999999997,-43.78
2025-08-08T16:27:09.741096,-20.0,56.0,-2.0,-8.0,22.0,57.0,28.0,-47.0,20.0,30.0,46.0,45.0,-21.41,56.69,0.77,12.190000000000001,11.36,81.45,19.21,-25.85,29.65,12.02,-5.479999999999997,53.22
2025-08-08T16:27:09.749103,30.0,9.0,-55.0,-69.0,65.0,-45.0,-2.0,-8.0,-62.0,38.0,48.0,-34.0,28.59,9.69,-52.23,-48.81,54.36,-20.55,-10.79,13.149999999999999,-52.35,20.02,-3.479999999999997,-25.78
2025-08-08T16:27:09.753422,0.0,-76.0,8.0,68.0,35.0,-62.0,-16.0,-22.0,37.0,32.0,128.0,-38.0,-1.41,-75.31,10.77,88.19,24.36,-37.55,-24.79,-0.8500000000000014,46.65,14.02,76.52000000000001,-29.78
2025-08-08T16:27:09.761450,9.0,-110.0,74.0,3.0,75.0,-69.0,27.0,-46.0,-2.0,-8.0,59.0,15.0,7.59,-109.31,76.77,23.19,64.36,-44.55,18.21,-24.85,7.65,-25.98,7.520000000000003,23.22
2025-08-08T16:27:09.765719,42.0,-44.0,77.0,33.0,27.0,-33.0,93.0,-36.0,-64.0,7.0,91.0,-7.0,40.59,-43.31,79.77,53.19,16.36,-8.55,84.21000000000001,-14.850000000000001,-54.35,-10.98,39.52,1.2200000000000006
2025-08-08T16:27:09.773479,47.0,-18.0,5.0,-19.0,47.0,3.0,57.0,29.0,9.0,29.0,111.0,-31.0,45.59,-17.31,7.77,1.1900000000000013,36.36,27.45,48.21,50.15,18.65,11.02,59.52,-22.78
2025-08-08T16:27:09.777824,-36.0,-14.0,24.0,16.0,1.0,-6.0,6.0,-48.0,47.0,24.0,41.0,7.0,-37.41,-13.31,26.77,36.19,-9.64,18.45,-2.789999999999999,-26.85,56.65,6.02,-10.479999999999997,15.22
2025-08-08T16:27:09.785983,19.0,-38.0,-11.0,23.0,-25.0,36.0,-18.0,-25.0,-2.0,1.0,90.0,26.0,17.59,-37.31,-8.23,43.19,-35.64,60.45,-26.79,-3.8500000000000014,7.65,-16.98,38.52,34.22
2025-08-08T16:27:09.790243,-44.0,21.0,28.0,24.0,9.0,-69.0,14.0,-80.0,61.0,15.0,45.0,-45.0,-45.41,21.69,30.77,44.19,-1.6400000000000006,-44.55,5.210000000000001,-58.85,70.65,-2.9800000000000004,-6.479999999999997,-36.78
2025-08-08T16:27:09.798055,-23.0,85.0,47.0,-80.0,-25.0,8.0,74.0,-36.0,32.0,14.0,2.0,-35.0,-24.41,85.69,49.77,-59.81,-35.64,32.45,65.21000000000001,-14.850000000000001,41.65,-3.9800000000000004,-49.48,-26.78
2025-08-08T16:27:09.802540,-30.0,35.0,-16.0,4.0,26.0,13.0,44.0,-87.0,40.0,21.0,74.0,-16.0,-31.41,35.69,-13.23,24.19,15.36,37.45,35.21,-65.85,49.65,3.0199999999999996,22.520000000000003,-7.779999999999999
2025-08-08T16:27:09.810456,3.0,29.0,17.0,-32.0,39.0,-32.0,32.0,-42.0,-27.0,-11.0,49.0,11.0,1.59,29.69,19.77,-11.809999999999999,28.36,-7.550000000000001,23.21,-20.85,-17.35,-28.98,-2.479999999999997,19.22
2025-08-08T16:27:09.815163,6.0,-6.0,-107.0,9.0,37.0,-30.0,20.0,6.0,35.0,-27.0,40.0,11.0,4.59,-5.3100000000000005,-104.23,29.19,26.36,-5.550000000000001,11.21,27.15,44.65,-44.980000000000004,-11.479999999999997,19.22
2025-08-08T16:27:09.822640,95.0,-24.0,-36.0,36.0,61.0,9.0,47.0,26.0,11.0,-64.0,64.0,9.0,93.59,-23.31,-33.23,56.19,50.36,33.45,38.21,47.15,20.65,-81.98,12.520000000000003,17.22
2025-08-08T16:27:09.827098,13.0,-23.0,-12.0,19.0,-8.0,-6.0,86.0,-24.0,-26.0,35.0,82.0,3.0,11.59,-22.31,-9.23,39.19,-18.64,18.45,77.21000000000001,-2.8500000000000014,-16.35,17.02,30.520000000000003,11.22
2025-08-08T16:27:09.835003,43.0,-14.0,30.0,6.0,-33.0,-35.0,79.0,5.0,-23.0,-37.0,29.0,37.0,41.59,-13.31,32.77,26.19,-43.64,-10.55,70.21000000000001,26.15,-13.35,-54.980000000000004,-22.479999999999997,45.22
2025-08-08T16:27:09.839381,-16.0,10.0,30.0,-87.0,30.0,30.0,77.0,-75.0,1.0,17.0,47.0,-16.0,-17.41,10.69,32.77,-66.81,19.36,54.45,68.21000000000001,-53.85,10.65,-0.9800000000000004,-4.479999999999997,-7.779999999999999
2025-08-08T16:27:09.847351,-26.0,23.0,53.0,-35.0,74.0,-48.0,58.0,-77.0,-30.0,-12.0,61.0,-36.0,-27.41,23.69,55.77,-14.809999999999999,63.36,-23.55,49.21,-55.85,-20.35,-29.98,9.520000000000003,-27.78
2025-08-08T16:27:09.852280,-38.0,40.0,-19.0,-59.0,-8.0,-32.0,-28.0,18.0,-35.0,-21.0,30.0,26.0,-39.41,40.69,-16.23,-38.81,-18.64,-7.550000000000001,-36.79,39.15,-25.35,-38.980000000000004,-21.479999999999997,34.22
2025-08-08T16:27:09.859635,-13.0,-4.0,-53.0,-70.0,-22.0,-2.0,44.0,-47.0,-12.0,-13.0,14.0,-30.0,-14.41,-3.31,-50.23,-49.81,-32.64,22.45,35.21,-25.85,-2.3499999999999996,-30.98,-37.48,-21.78
2025-08-08T16:27:09.864144,46.0,-98.0,-58.0,-10.0,-18.0,-32.0,25.0,-11.0,-77.0,32.0,81.0,-41.0,44.59,-97.31,-55.23,10.190000000000001,-28.64,-7.550000000000001,16.21,10.149999999999999,-67.35,14.02,29.520000000000003,-32.78
2025-08-08T16:27:09.868636,-3.0,-54.0,69.0,9.0,22.0,31.0,59.0,5.0,-58.0,33.0,77.0,-17.0,-4.41,-53.31,71.77,29.19,11.36,55.45,50.21,26.15,-48.35,15.02,25.520000000000003,-8.78
2025-08-08T16:27:09.876213,22.0,7.0,30.0,-39.0,56.0,21.0,-46.0,-3.0,-55.0,27.0,81.0,-62.0,20.59,7.6899999999999995,32.77,-18.81,45.36,45.45,-54.79,18.15,-45.35,9.02,29.520000000000003,-53.78
2025-08-08T16:27:09.884126,22.0,10.0,-32.0,11.0,-50.0,18.0,40.0,-7.0,-33.0,-69.0,97.0,-34.0,20.59,10.69,-29.23,31.19,-60.64,42.45,31.21,14.149999999999999,-23.35,-86.98,45.52,-25.78
2025-08-08T16:27:09.888524,6.0,4.0,55.0,-58.0,7.0,14.0,85.0,-66.0,35.0,-13.0,69.0,-34.0,4.59,4.6899999999999995,57.77,-37.81,-3.6400000000000006,38.45,76.21000000000001,-44.85,44.65,-30.98,17.520000000000003,-25.78
2025-08-08T16:27:09.895048,-15.0,3.0,9.0,-79.0,42.0,4.0,42.0,-30.0,-23.0,17.0,69.0,-27.0,-16.41,3.69,11.77,-58.81,31.36,28.45,33.21,-8.850000000000001,-13.35,-0.9800000000000004,17.520000000000003,-18.78
2025-08-08T16:27:09.900754,-44.0,-52.0,29.0,11.0,34.0,-40.0,45.0,-16.0,-70.0,-59.0,113.0,-2.0,-45.41,-51.31,31.77,31.19,23.36,-15.55,36.21,5.149999999999999,-60.35,-76.98,61.52,6.220000000000001
2025-08-08T16:27:09.906054,-39.0,3.0,67.0,-7.0,62.0,-48.0,42.0,-89.0,-15.0,-9.0,19.0,-25.0,-40.41,3.69,69.77,13.190000000000001,51.36,-23.55,33.21,-67.85,-5.35,-26.98,-32.48,-16.78
2025-08-08T16:27:09.913076,-19.0,94.0,-40.0,0.0,-1.0,-9.0,49.0,-87.0,-59.0,43.0,96.0,-70.0,-20.41,94.69,-37.23,20.19,-11.64,15.45,40.21,-65.85,-49.35,25.02,44.52,-61.78
2025-08-08T16:27:09.918216,-39.0,-19.0,27.0,-4.0,29.0,-15.0,37.0,-48.0,6.0,5.0,104.0,-29.0,-40.41,-18.31,29.77,16.19,18.36,9.45,28.21,-26.85,15.65,-12.98,52.52,-20.78
2025-08-08T16:27:09.925987,16.0,62.0,-32.0,-125.0,-33.0,2.0,-3.0,-22.0,-70.0,7.0,59.0,12.0,14.59,62.69,-29.23,-104.81,-43.64,26.45,-11.79,-0.8500000000000014,-60.35,-10.98,7.520000000000003,20.22
2025-08-08T16:27:09.929708,-74.0,-9.0,-1.0,-14.0,-28.0,9.0,-16.0,-15.0,-44.0,12.0,31.0,-51.0,-75.41,-8.31,1.77,6.190000000000001,-38.64,33.45,-24.79,6.149999999999999,-34.35,-5.98,-20.479999999999997,-42.78
2025-08-08T16:27:09.937637,-4.0,6.0,-63.0,-32.0,28.0,16.0,39.0,-38.0,-21.0,29.0,94.0,-23.0,-5.41,6.6899999999999995,-60.23,-11.809999999999999,17.36,40.45,30.21,-16.85,-11.35,11.02,42.52,-14.78
2025-08-08T16:27:09.942831,67.0,47.0,4.0,-10.0,50.0,-84.0,38.0,-135.0,0.0,19.0,114.0,28.0,65.59,47.69,6.77,10.190000000000001,39.36,-59.55,29.21,-113.85,9.65,1.0199999999999996,62.52,36.22
2025-08-08T16:27:09.950353,17.0,-103.0,18.0,22.0,75.0,-76.0,10.0,-33.0,48.0,21.0,74.0,-19.0,15.59,-102.31,20.77,42.19,64.36,-51.55,1.2100000000000009,-11.850000000000001,57.65,3.0199999999999996,22.520000000000003,-10.78
2025-08-08T16:27:09.954211,13.0,-27.0,56.0,-90.0,15.0,-90.0,43.0,-70.0,-27.0,31.0,46.0,-52.0,11.59,-26.31,58.77,-69.81,4.359999999999999,-65.55,34.21,-48.85,-17.35,13.02,-5.479999999999997,-43.78
2025-08-08T16:27:09.962203,-83.0,-44.0,53.0,-12.0,-2.0,24.0,113.0,-64.0,-18.0,4.0,26.0,15.0,-84.41,-43.31,55.77,8.190000000000001,-12.64,48.45,104.21000000000001,-42.85,-8.35,-13.98,-25.479999999999997,23.22
2025-08-08T16:27:09.966931,-29.0,61.0,36.0,-41.0,17.0,13.0,61.0,-30.0,-8.0,63.0,96.0,-43.0,-30.41,61.69,38.77,-20.81,6.359999999999999,37.45,52.21,-8.850000000000001,1.6500000000000004,45.019999999999996,44.52,-34.78
2025-08-08T16:27:09.974356,-32.0,93.0,-46.0,44.0,2.0,-4.0,7.0,-15.0,9.0,69.0,67.0,-62.0,-33.41,93.69,-43.23,64.19,-8.64,20.45,-1.7899999999999991,6.149999999999999,18.65,51.019999999999996,15.520000000000003,-53.78
2025-08-08T16:27:09.978951,-21.0,59.0,-12.0,-61.0,112.0,1.0,-11.0,-65.0,35.0,25.0,78.0,31.0,-22.41,59.69,-9.23,-40.81,101.36,25.45,-19.79,-43.85,44.65,7.02,26.520000000000003,39.22
2025-08-08T16:27:09.986543,13.0,47.0,-16.0,5.0,4.0,56.0,39.0,-81.0,58.0,42.0,69.0,48.0,11.59,47.69,-13.23,25.19,-6.640000000000001,80.45,30.21,-59.85,67.65,24.02,17.520000000000003,56.22
2025-08-08T16:27:09.991538,-11.0,-49.0,-35.0,31.0,55.0,-53.0,28.0,56.0,41.0,-33.0,63.0,31.0,-12.41,-48.31,-32.23,51.19,44.36,-28.55,19.21,77.15,50.65,-50.980000000000004,11.520000000000003,39.22
2025-08-08T16:27:09.999013,37.0,-112.0,17.0,25.0,26.0,-80.0,9.0,10.0,-101.0,13.0,90.0,59.0,35.59,-111.31,19.77,45.19,15.36,-55.55,0.21000000000000085,31.15,-91.35,-4.98,38.52,67.22
2025-08-08T16:27:10.003932,-51.0,-4.0,21.0,-15.0,17.0,46.0,16.0,-95.0,-54.0,9.0,78.0,27.0,-52.41,-3.31,23.77,5.190000000000001,6.359999999999999,70.45,7.210000000000001,-73.85,-44.35,-8.98,26.520000000000003,35.22
2025-08-08T16:27:10.011537,-80.0,47.0,47.0,-71.0,38.0,-8.0,39.0,9.0,13.0,-26.0,72.0,86.0,-81.41,47.69,49.77,-50.81,27.36,16.45,30.21,30.15,22.65,-43.980000000000004,20.520000000000003,94.22
2025-08-08T16:27:10.016312,-22.0,17.0,-24.0,59.0,65.0,12.0,68.0,-21.0,7.0,-23.0,41.0,77.0,-23.41,17.69,-21.23,79.19,54.36,36.45,59.21,0.14999999999999858,16.65,-40.980000000000004,-10.479999999999997,85.22
2025-08-08T16:27:10.023675,-50.0,12.0,-55.0,-37.0,52.0,8.0,49.0,-5.0,-35.0,3.0,1.0,10.0,-51.41,12.69,-52.23,-16.81,41.36,32.45,40.21,16.15,-25.35,-14.98,-50.48,18.22
2025-08-08T16:27:10.029466,-20.0,29.0,-4.0,-105.0,14.0,-34.0,-37.0,57.0,25.0,77.0,71.0,88.0,-21.41,29.69,-1.23,-84.81,3.3599999999999994,-9.55,-45.79,78.15,34.65,59.019999999999996,19.520000000000003,96.22
2025-08-08T16:27:10.036034,22.0,-47.0,-53.0,-82.0,86.0,-88.0,56.0,-31.0,-30.0,53.0,31.0,62.0,20.59,-46.31,-50.23,-61.81,75.36,-63.55,47.21,-9.850000000000001,-20.35,35.019999999999996,-20.479999999999997,70.22
2025-08-08T16:27:10.041000,-3.0,-32.0,-36.0,61.0,51.0,-64.0,-17.0,8.0,-88.0,53.0,46.0,36.0,-4.41,-31.31,-33.23,81.19,40.36,-39.55,-25.79,29.15,-78.35,35.019999999999996,-5.479999999999997,44.22
2025-08-08T16:27:10.048158,-40.0,-53.0,-48.0,39.0,10.0,-58.0,17.0,-29.0,-54.0,47.0,15.0,25.0,-41.41,-52.31,-45.23,59.19,-0.6400000000000006,-33.55,8.21,-7.850000000000001,-44.35,29.02,-36.48,33.22
2025-08-08T16:27:10.053051,29.0,-16.0,8.0,-49.0,-19.0,-16.0,-44.0,-44.0,-46.0,31.0,57.0,20.0,27.59,-15.31,10.77,-28.81,-29.64,8.45,-52.79,-22.85,-36.35,13.02,5.520000000000003,28.22
2025-08-08T16:27:10.060717,-50.0,-20.0,46.0,-2.0,39.0,-52.0,18.0,-15.0,-6.0,60.0,98.0,47.0,-51.41,-19.31,48.77,18.19,28.36,-27.55,9.21,6.149999999999999,3.6500000000000004,42.019999999999996,46.52,55.22
2025-08-08T16:27:10.067102,-65.0,22.0,-16.0,47.0,37.0,79.0,7.0,-62.0,-34.0,48.0,12.0,39.0,-66.41,22.69,-13.23,67.19,26.36,103.45,-1.7899999999999991,-40.85,-24.35,30.02,-39.48,47.22
2025-08-08T16:27:10.073559,-59.0,28.0,-6.0,-30.0,26.0,-64.0,28.0,-11.0,17.0,76.0,28.0,57.0,-60.41,28.69,-3.23,-9.809999999999999,15.36,-39.55,19.21,10.149999999999999,26.65,58.019999999999996,-23.479999999999997,65.22
2025-08-08T16:27:10.079221,-12.0,-24.0,-53.0,-16.0,0.0,-18.0,63.0,-20.0,3.0,8.0,22.0,-1.0,-13.41,-23.31,-50.23,4.190000000000001,-10.64,6.449999999999999,54.21,1.1499999999999986,12.65,-9.98,-29.479999999999997,7.220000000000001
2025-08-08T16:27:10.083487,-45.0,7.0,-88.0,18.0,19.0,-73.0,3.0,-63.0,37.0,114.0,22.0,-2.0,-46.41,7.6899999999999995,-85.23,38.19,8.36,-48.55,-5.789999999999999,-41.85,46.65,96.02,-29.479999999999997,6.220000000000001
2025-08-08T16:27:10.089380,-60.0,65.0,-1.0,-16.0,-25.0,-39.0,-25.0,1.0,30.0,34.0,28.0,75.0,-61.41,65.69,1.77,4.190000000000001,-35.64,-14.55,-33.79,22.15,39.65,16.02,-23.479999999999997,83.22
2025-08-08T16:27:10.093880,2.0,56.0,14.0,-48.0,7.0,6.0,38.0,-12.0,-41.0,65.0,-36.0,17.0,0.5900000000000001,56.69,16.77,-27.81,-3.6400000000000006,30.45,29.21,9.149999999999999,-31.35,47.019999999999996,-87.47999999999999,25.22
2025-08-08T16:27:10.101345,7.0,95.0,-7.0,-66.0,34.0,40.0,-26.0,-70.0,40.0,55.0,-55.0,36.0,5.59,95.69,-4.23,-45.81,23.36,64.45,-34.79,-48.85,49.65,37.019999999999996,-106.47999999999999,44.22
2025-08-08T16:27:10.106036,24.0,23.0,-32.0,-26.0,-3.0,30.0,71.0,-6.0,4.0,70.0,-18.0,29.0,22.59,23.69,-29.23,-5.809999999999999,-13.64,54.45,62.21,15.149999999999999,13.65,52.019999999999996,-69.47999999999999,37.22
2025-08-08T16:27:10.113616,17.0,-17.0,-36.0,13.0,41.0,14.0,7.0,-31.0,-43.0,93.0,15.0,35.0,15.59,-16.31,-33.23,33.19,30.36,38.45,-1.7899999999999991,-9.850000000000001,-33.35,75.02,-36.48,43.22
2025-08-08T16:27:10.117914,9.0,-54.0,-38.0,-52.0,18.0,-45.0,35.0,-42.0,-43.0,82.0,33.0,17.0,7.59,-53.31,-35.23,-31.81,7.359999999999999,-20.55,26.21,-20.85,-33.35,64.02,-18.479999999999997,25.22
2025-08-08T16:27:10.126068,12.0,-50.0,43.0,2.0,1.0,-66.0,-21.0,-69.0,-59.0,178.0,-9.0,17.0,10.59,-49.31,45.77,22.19,-9.64,-41.55,-29.79,-47.85,-49.35,160.02,-60.48,25.22
2025-08-08T16:27:10.130325,35.0,-5.0,42.0,22.0,-11.0,5.0,-9.0,-23.0,13.0,63.0,4.0,56.0,33.59,-4.3100000000000005,44.77,42.19,-21.64,29.45,-17.79,-1.8500000000000014,22.65,45.019999999999996,-47.48,64.22
2025-08-08T16:27:10.140021,70.0,7.0,-19.0,-25.0,70.0,21.0,27.0,-33.0,50.0,79.0,11.0,55.0,68.59,7.6899999999999995,-16.23,-4.809999999999999,59.36,45.45,18.21,-11.850000000000001,59.65,61.019999999999996,-40.48,63.22
2025-08-08T16:27:10.147818,-45.0,-43.0,-1.0,36.0,-37.0,39.0,7.0,-58.0,98.0,54.0,31.0,41.0,-46.41,-42.31,1.77,56.19,-47.64,63.45,-1.7899999999999991,-36.85,107.65,36.019999999999996,-20.479999999999997,49.22
2025-08-08T16:27:10.157314,-40.0,5.0,62.0,-21.0,8.0,21.0,42.0,-47.0,-16.0,109.0,15.0,45.0,-41.41,5.6899999999999995,64.77,-0.8099999999999987,-2.6400000000000006,45.45,33.21,-25.85,-6.35,91.02,-36.48,53.22
2025-08-08T16:27:10.162418,-103.0,12.0,40.0,6.0,15.0,-30.0,-47.0,-10.0,26.0,46.0,-21.0,54.0,-104.41,12.69,42.77,26.19,4.359999999999999,-5.550000000000001,-55.79,11.149999999999999,35.65,28.02,-72.47999999999999,62.22
2025-08-08T16:27:10.164906,6.0,-13.0,-31.0,46.0,37.0,-49.0,29.0,11.0,-37.0,78.0,29.0,13.0,4.59,-12.31,-28.23,66.19,26.36,-24.55,20.21,32.15,-27.35,60.019999999999996,-22.479999999999997,21.22
2025-08-08T16:27:10.167105,113.0,55.0,-32.0,19.0,9.0,-58.0,8.0,-22.0,2.0,33.0,26.0,56.0,111.59,55.69,-29.23,39.19,-1.6400000000000006,-33.55,-0.7899999999999991,-0.8500000000000014,11.65,15.02,-25.479999999999997,64.22
2025-08-08T16:27:10.175112,22.0,-132.0,-33.0,17.0,-7.0,18.0,-10.0,61.0,28.0,24.0,14.0,48.0,20.59,-131.31,-30.23,37.19,-17.64,42.45,-18.79,82.15,37.65,6.02,-37.48,56.22
2025-08-08T16:27:10.179562,34.0,-10.0,28.0,-56.0,-23.0,-14.0,29.0,-1.0,-8.0,11.0,-6.0,-6.0,32.59,-9.31,30.77,-35.81,-33.64,10.45,20.21,20.15,1.6500000000000004,-6.98,-57.48,2.2200000000000006
2025-08-08T16:27:10.187377,43.0,29.0,24.0,4.0,42.0,9.0,-36.0,-5.0,-6.0,49.0,-46.0,67.0,41.59,29.69,26.77,24.19,31.36,33.45,-44.79,16.15,3.6500000000000004,31.02,-97.47999999999999,75.22
2025-08-08T16:27:10.191710,70.0,-23.0,-10.0,-18.0,5.0,-49.0,17.0,-1.0,-27.0,52.0,-11.0,-29.0,68.59,-22.31,-7.23,2.1900000000000013,-5.640000000000001,-24.55,8.21,20.15,-17.35,34.019999999999996,-62.48,-20.78
2025-08-08T16:27:10.199589,-54.0,-67.0,24.0,4.0,-3.0,-23.0,4.0,-21.0,-38.0,88.0,41.0,-33.0,-55.41,-66.31,26.77,24.19,-13.64,1.4499999999999993,-4.789999999999999,0.14999999999999858,-28.35,70.02,-10.479999999999997,-24.78
2025-08-08T16:27:10.204629,-70.0,-4.0,17.0,-28.0,74.0,-62.0,-67.0,6.0,-21.0,33.0,-46.0,-24.0,-71.41,-3.31,19.77,-7.809999999999999,63.36,-37.55,-75.78999999999999,27.15,-11.35,15.02,-97.47999999999999,-15.78
2025-08-08T16:27:10.211749,-25.0,-46.0,4.0,-13.0,65.0,-14.0,13.0,7.0,29.0,41.0,61.0,-63.0,-26.41,-45.31,6.77,7.190000000000001,54.36,10.45,4.210000000000001,28.15,38.65,23.02,9.520000000000003,-54.78
2025-08-08T16:27:10.216212,-44.0,-60.0,15.0,26.0,61.0,-75.0,12.0,-62.0,-13.0,73.0,64.0,-5.0,-45.41,-59.31,17.77,46.19,50.36,-50.55,3.210000000000001,-40.85,-3.3499999999999996,55.019999999999996,12.520000000000003,3.2200000000000006
2025-08-08T16:27:10.224007,-21.0,55.0,24.0,3.0,52.0,15.0,22.0,-7.0,-40.0,66.0,59.0,-52.0,-22.41,55.69,26.77,23.19,41.36,39.45,13.21,14.149999999999999,-30.35,48.019999999999996,7.520000000000003,-43.78
2025-08-08T16:27:10.228522,24.0,-27.0,-58.0,-104.0,32.0,3.0,20.0,8.0,-22.0,150.0,88.0,-51.0,22.59,-26.31,-55.23,-83.81,21.36,27.45,11.21,29.15,-12.35,132.02,36.52,-42.78
2025-08-08T16:27:10.236340,64.0,10.0,-17.0,-99.0,5.0,-7.0,-43.0,3.0,5.0,112.0,61.0,-29.0,62.59,10.69,-14.23,-78.81,-5.640000000000001,17.45,-51.79,24.15,14.65,94.02,9.520000000000003,-20.78
2025-08-08T16:27:10.240847,33.0,51.0,-38.0,-52.0,14.0,-33.0,12.0,-56.0,-23.0,27.0,66.0,-23.0,31.59,51.69,-35.23,-31.81,3.3599999999999994,-8.55,3.210000000000001,-34.85,-13.35,9.02,14.520000000000003,-14.78
2025-08-08T16:27:10.248931,73.0,-113.0,-38.0,-11.0,56.0,-79.0,-31.0,13.0,-37.0,46.0,109.0,34.0,71.59,-112.31,-35.23,9.190000000000001,45.36,-54.55,-39.79,34.15,-27.35,28.02,57.52,42.22
2025-08-08T16:27:10.253051,48.0,-35.0,37.0,-39.0,-16.0,-25.0,70.0,-45.0,12.0,122.0,101.0,34.0,46.59,-34.31,39.77,-18.81,-26.64,-0.5500000000000007,61.21,-23.85,21.65,104.02,49.52,42.22
2025-08-08T16:27:10.260970,-40.0,-7.0,15.0,28.0,-46.0,-83.0,-36.0,-37.0,32.0,87.0,20.0,-16.0,-41.41,-6.3100000000000005,17.77,48.19,-56.64,-58.55,-44.79,-15.850000000000001,41.65,69.02,-31.479999999999997,-7.779999999999999
2025-08-08T16:27:10.265309,-32.0,-43.0,56.0,-3.0,2.0,-49.0,2.0,-36.0,-14.0,151.0,82.0,-62.0,-33.41,-42.31,58.77,17.19,-8.64,-24.55,-6.789999999999999,-14.850000000000001,-4.35,133.02,30.520000000000003,-53.78
2025-08-08T16:27:10.273604,-13.0,23.0,3.0,-56.0,114.0,19.0,-26.0,-57.0,-42.0,72.0,-13.0,-64.0,-14.41,23.69,5.77,-35.81,103.36,43.45,-34.79,-35.85,-32.35,54.019999999999996,-64.47999999999999,-55.78
2025-08-08T16:27:10.277792,-43.0,10.0,-23.0,-52.0,26.0,-6.0,21.0,-110.0,6.0,69.0,72.0,-62.0,-44.41,10.69,-20.23,-31.81,15.36,18.45,12.21,-88.85,15.65,51.019999999999996,20.520000000000003,-53.78
2025-08-08T16:27:10.285777,-15.0,70.0,-7.0,-33.0,32.0,-57.0,-11.0,-1.0,54.0,-12.0,-27.0,0.0,-16.41,70.69,-4.23,-12.809999999999999,21.36,-32.55,-19.79,20.15,63.65,-29.98,-78.47999999999999,8.22
2025-08-08T16:27:10.290701,36.0,15.0,-72.0,-47.0,13.0,-19.0,-13.0,-10.0,4.0,102.0,124.0,-37.0,34.59,15.69,-69.23,-26.81,2.3599999999999994,5.449999999999999,-21.79,11.149999999999999,13.65,84.02,72.52000000000001,-28.78
2025-08-08T16:27:10.297898,91.0,-79.0,-42.0,-12.0,28.0,-26.0,-14.0,26.0,65.0,54.0,56.0,-58.0,89.59,-78.31,-39.23,8.190000000000001,17.36,-1.5500000000000007,-22.79,47.15,74.65,36.019999999999996,4.520000000000003,-49.78
2025-08-08T16:27:10.302676,-36.0,11.0,80.0,-8.0,-91.0,-11.0,52.0,-58.0,41.0,69.0,76.0,-55.0,-37.41,11.69,82.77,12.190000000000001,-101.64,13.45,43.21,-36.85,50.65,51.019999999999996,24.520000000000003,-46.78
2025-08-08T16:27:10.310293,16.0,-34.0,-7.0,-22.0,95.0,-5.0,-6.0,-41.0,32.0,109.0,46.0,-11.0,14.59,-33.31,-4.23,-1.8099999999999987,84.36,19.45,-14.79,-19.85,41.65,91.02,-5.479999999999997,-2.7799999999999994
2025-08-08T16:27:10.314317,-53.0,-17.0,66.0,9.0,8.0,-13.0,10.0,19.0,5.0,80.0,42.0,-17.0,-54.41,-16.31,68.77,29.19,-2.6400000000000006,11.45,1.2100000000000009,40.15,14.65,62.019999999999996,-9.479999999999997,-8.78
2025-08-08T16:27:10.322331,-20.0,-46.0,29.0,-38.0,53.0,-6.0,55.0,-26.0,-32.0,65.0,124.0,-31.0,-21.41,-45.31,31.77,-17.81,42.36,18.45,46.21,-4.850000000000001,-22.35,47.019999999999996,72.52000000000001,-22.78
2025-08-08T16:27:10.326678,37.0,40.0,10.0,-22.0,-15.0,-10.0,-57.0,20.0,-12.0,7.0,70.0,-30.0,35.59,40.69,12.77,-1.8099999999999987,-25.64,14.45,-65.78999999999999,41.15,-2.3499999999999996,-10.98,18.520000000000003,-21.78
2025-08-08T16:27:10.334664,-75.0,-90.0,-81.0,-28.0,-41.0,-47.0,30.0,51.0,-59.0,-48.0,0.0,-51.0,-76.41,-89.31,-78.23,-7.809999999999999,-51.64,-22.55,21.21,72.15,-49.35,-65.98,-51.48,-42.78
2025-08-08T16:27:10.339013,24.0,80.0,-43.0,-17.0,26.0,-7.0,46.0,4.0,-22.0,7.0,68.0,-20.0,22.59,80.69,-40.23,3.1900000000000013,15.36,17.45,37.21,25.15,-12.35,-10.98,16.520000000000003,-11.78
2025-08-08T16:27:10.344764,-17.0,64.0,-25.0,-18.0,-11.0,-8.0,-4.0,-99.0,-61.0,-20.0,70.0,23.0,-18.41,64.69,-22.23,2.1900000000000013,-21.64,16.45,-12.79,-77.85,-51.35,-37.980000000000004,18.520000000000003,31.22
2025-08-08T16:27:10.351329,43.0,25.0,11.0,-7.0,-2.0,15.0,7.0,-40.0,25.0,19.0,91.0,-25.0,41.59,25.69,13.77,13.190000000000001,-12.64,39.45,-1.7899999999999991,-18.85,34.65,1.0199999999999996,39.52,-16.78
2025-08-08T16:27:10.355800,55.0,20.0,-77.0,35.0,26.0,-22.0,43.0,24.0,27.0,30.0,49.0,-29.0,53.59,20.69,-74.23,55.19,15.36,2.4499999999999993,34.21,45.15,36.65,12.02,-2.479999999999997,-20.78
2025-08-08T16:27:10.363515,65.0,-57.0,-37.0,0.0,73.0,-24.0,-37.0,-18.0,23.0,21.0,82.0,-47.0,63.59,-56.31,-34.23,20.19,62.36,0.4499999999999993,-45.79,3.1499999999999986,32.65,3.0199999999999996,30.520000000000003,-38.78
2025-08-08T16:27:10.369292,23.0,-23.0,1.0,31.0,9.0,-56.0,4.0,-4.0,-22.0,-54.0,80.0,-34.0,21.59,-22.31,3.77,51.19,-1.6400000000000006,-31.55,-4.789999999999999,17.15,-12.35,-71.98,28.520000000000003,-25.78
2025-08-08T16:27:10.376016,45.0,-18.0,40.0,69.0,-32.0,-30.0,31.0,-20.0,-52.0,-6.0,63.0,-74.0,43.59,-17.31,42.77,89.19,-42.64,-5.550000000000001,22.21,1.1499999999999986,-42.35,-23.98,11.520000000000003,-65.78
2025-08-08T16:27:10.380150,-18.0,30.0,70.0,32.0,-49.0,-1.0,85.0,-15.0,-39.0,26.0,19.0,-21.0,-19.41,30.69,72.77,52.19,-59.64,23.45,76.21000000000001,6.149999999999999,-29.35,8.02,-32.48,-12.78
2025-08-08T16:27:10.388699,-28.0,-23.0,23.0,-33.0,6.0,44.0,2.0,27.0,17.0,-20.0,88.0,12.0,-29.41,-22.31,25.77,-12.809999999999999,-4.640000000000001,68.45,-6.789999999999999,48.15,26.65,-37.980000000000004,36.52,20.22
2025-08-08T16:27:10.392632,24.0,-5.0,51.0,10.0,44.0,12.0,-10.0,-6.0,-22.0,-34.0,31.0,-30.0,22.59,-4.3100000000000005,53.77,30.19,33.36,36.45,-18.79,15.149999999999999,-12.35,-51.980000000000004,-20.479999999999997,-21.78
2025-08-08T16:27:10.400249,-14.0,10.0,-43.0,-82.0,41.0,1.0,28.0,-43.0,-66.0,0.0,12.0,-7.0,-15.41,10.69,-40.23,-61.81,30.36,25.45,19.21,-21.85,-56.35,-17.98,-39.48,1.2200000000000006
2025-08-08T16:27:10.404687,-38.0,29.0,-26.0,26.0,19.0,-57.0,21.0,-28.0,-19.0,9.0,51.0,-26.0,-39.41,29.69,-23.23,46.19,8.36,-32.55,12.21,-6.850000000000001,-9.35,-8.98,-0.4799999999999969,-17.78
2025-08-08T16:27:10.412530,40.0,-37.0,-48.0,26.0,14.0,-47.0,36.0,9.0,-54.0,-41.0,87.0,-24.0,38.59,-36.31,-45.23,46.19,3.3599999999999994,-22.55,27.21,30.15,-44.35,-58.980000000000004,35.52,-15.78
2025-08-08T16:27:10.416983,47.0,-40.0,-52.0,-4.0,-31.0,-32.0,-9.0,38.0,-35.0,-6.0,84.0,-25.0,45.59,-39.31,-49.23,16.19,-41.64,-7.550000000000001,-17.79,59.15,-25.35,-23.98,32.52,-16.78
2025-08-08T16:27:10.424988,71.0,-27.0,33.0,79.0,-60.0,-45.0,37.0,-11.0,-28.0,-8.0,54.0,-30.0,69.59,-26.31,35.77,99.19,-70.64,-20.55,28.21,10.149999999999999,-18.35,-25.98,2.520000000000003,-21.78
2025-08-08T16:27:10.429252,-26.0,-17.0,22.0,-99.0,15.0,23.0,48.0,30.0,20.0,-17.0,70.0,-28.0,-27.41,-16.31,24.77,-78.81,4.359999999999999,47.45,39.21,51.15,29.65,-34.980000000000004,18.520000000000003,-19.78
2025-08-08T16:27:10.437123,-4.0,36.0,50.0,-102.0,66.0,-25.0,23.0,-38.0,-67.0,36.0,73.0,2.0,-5.41,36.69,52.77,-81.81,55.36,-0.5500000000000007,14.21,-16.85,-57.35,18.02,21.520000000000003,10.22
2025-08-08T16:27:10.441702,-26.0,27.0,-56.0,20.0,30.0,63.0,20.0,-95.0,-11.0,-1.0,78.0,-52.0,-27.41,27.69,-53.23,40.19,19.36,87.45,11.21,-73.85,-1.3499999999999996,-18.98,26.520000000000003,-43.78
2025-08-08T16:27:10.449364,-35.0,-15.0,-59.0,-37.0,44.0,-45.0,79.0,-39.0,-30.0,1.0,103.0,0.0,-36.41,-14.31,-56.23,-16.81,33.36,-20.55,70.21000000000001,-17.85,-20.35,-16.98,51.52,8.22
2025-08-08T16:27:10.453801,64.0,64.0,-32.0,50.0,-26.0,11.0,-47.0,-17.0,33.0,34.0,1.0,-46.0,62.59,64.69,-29.23,70.19,-36.64,35.45,-55.79,4.149999999999999,42.65,16.02,-50.48,-37.78
2025-08-08T16:27:10.461781,31.0,-77.0,-38.0,16.0,-68.0,-52.0,-23.0,1.0,-48.0,88.0,32.0,17.0,29.59,-76.31,-35.23,36.19,-78.64,-27.55,-31.79,22.15,-38.35,70.02,-19.479999999999997,25.22
2025-08-08T16:27:10.466190,-46.0,-20.0,0.0,-42.0,36.0,-42.0,-17.0,-34.0,-29.0,15.0,94.0,14.0,-47.41,-19.31,2.77,-21.81,25.36,-17.55,-25.79,-12.850000000000001,-19.35,-2.9800000000000004,42.52,22.22
2025-08-08T16:27:10.474490,-10.0,-88.0,32.0,-44.0,48.0,17.0,4.0,29.0,-25.0,-14.0,-15.0,35.0,-11.41,-87.31,34.77,-23.81,37.36,41.45,-4.789999999999999,50.15,-15.35,-31.98,-66.47999999999999,43.22
2025-08-08T16:27:10.480491,-23.0,44.0,55.0,23.0,1.0,35.0,37.0,-8.0,11.0,0.0,66.0,-61.0,-24.41,44.69,57.77,43.19,-9.64,59.45,28.21,13.149999999999999,20.65,-17.98,14.520000000000003,-52.78
2025-08-08T16:27:10.486471,-2.0,67.0,-18.0,10.0,46.0,-77.0,-28.0,86.0,32.0,5.0,115.0,-5.0,-3.41,67.69,-15.23,30.19,35.36,-52.55,-36.79,107.15,41.65,-12.98,63.52,3.2200000000000006
2025-08-08T16:27:10.494121,-52.0,55.0,3.0,-1.0,-10.0,-8.0,-13.0,-42.0,62.0,-43.0,1.0,-24.0,-53.41,55.69,5.77,19.19,-20.64,16.45,-21.79,-20.85,71.65,-60.980000000000004,-50.48,-15.78
2025-08-08T16:27:10.501112,-31.0,11.0,56.0,42.0,75.0,-46.0,5.0,-44.0,26.0,-16.0,141.0,-47.0,-32.41,11.69,58.77,62.19,64.36,-21.55,-3.789999999999999,-22.85,35.65,-33.980000000000004,89.52000000000001,-38.78
2025-08-08T16:27:10.506335,21.0,48.0,45.0,20.0,-55.0,-79.0,39.0,-35.0,-48.0,47.0,81.0,-7.0,19.59,48.69,47.77,40.19,-65.64,-54.55,30.21,-13.850000000000001,-38.35,29.02,29.520000000000003,1.2200000000000006
2025-08-08T16:27:10.510980,-43.0,15.0,-65.0,-24.0,12.0,-17.0,17.0,-25.0,-6.0,20.0,62.0,16.0,-44.41,15.69,-62.23,-3.8099999999999987,1.3599999999999994,7.449999999999999,8.21,-3.8500000000000014,3.6500000000000004,2.0199999999999996,10.520000000000003,24.22
2025-08-08T16:27:10.516032,56.0,48.0,49.0,-1.0,-18.0,-26.0,30.0,23.0,-26.0,-24.0,128.0,53.0,54.59,48.69,51.77,19.19,-28.64,-1.5500000000000007,21.21,44.15,-16.35,-41.980000000000004,76.52000000000001,61.22
2025-08-08T16:27:10.523181,-14.0,-55.0,-55.0,4.0,-30.0,37.0,69.0,-5.0,-27.0,7.0,75.0,-43.0,-15.41,-54.31,-52.23,24.19,-40.64,61.45,60.21,16.15,-17.35,-10.98,23.520000000000003,-34.78
2025-08-08T16:27:10.527642,84.0,-49.0,-10.0,79.0,59.0,-48.0,53.0,-22.0,-28.0,-19.0,122.0,-33.0,82.59,-48.31,-7.23,99.19,48.36,-23.55,44.21,-0.8500000000000014,-18.35,-36.980000000000004,70.52000000000001,-24.78
2025-08-08T16:27:10.535486,-26.0,-80.0,4.0,-17.0,40.0,-73.0,36.0,-6.0,-32.0,44.0,-4.0,21.0,-27.41,-79.31,6.77,3.1900000000000013,29.36,-48.55,27.21,15.149999999999999,-22.35,26.02,-55.48,29.22
2025-08-08T16:27:10.540150,-19.0,1.0,15.0,39.0,61.0,-62.0,92.0,-31.0,-28.0,-7.0,83.0,-29.0,-20.41,1.69,17.77,59.19,50.36,-37.55,83.21000000000001,-9.850000000000001,-18.35,-24.98,31.520000000000003,-20.78
2025-08-08T16:27:10.547654,6.0,-31.0,32.0,-63.0,72.0,-50.0,47.0,-42.0,-22.0,8.0,67.0,-49.0,4.59,-30.31,34.77,-42.81,61.36,-25.55,38.21,-20.85,-12.35,-9.98,15.520000000000003,-40.78
2025-08-08T16:27:10.552238,-92.0,-49.0,86.0,43.0,14.0,-28.0,55.0,-14.0,12.0,6.0,90.0,-41.0,-93.41,-48.31,88.77,63.19,3.3599999999999994,-3.5500000000000007,46.21,7.149999999999999,21.65,-11.98,38.52,-32.78
2025-08-08T16:27:10.557512,-61.0,26.0,32.0,7.0,-21.0,40.0,44.0,-44.0,-43.0,43.0,50.0,-29.0,-62.41,26.69,34.77,27.19,-31.64,64.45,35.21,-22.85,-33.35,25.02,-1.4799999999999969,-20.78
2025-08-08T16:27:10.564387,-46.0,26.0,-72.0,-75.0,-16.0,-10.0,57.0,41.0,-7.0,-27.0,78.0,-5.0,-47.41,26.69,-69.23,-54.81,-26.64,14.45,48.21,62.15,2.6500000000000004,-44.980000000000004,26.520000000000003,3.2200000000000006
2025-08-08T16:27:10.570035,23.0,2.0,-32.0,-10.0,30.0,-7.0,94.0,-74.0,-29.0,-55.0,84.0,-17.0,21.59,2.69,-29.23,10.190000000000001,19.36,17.45,85.21000000000001,-52.85,-19.35,-72.98,32.52,-8.78
2025-08-08T16:27:10.576444,31.0,63.0,-40.0,-66.0,-14.0,-41.0,26.0,15.0,29.0,-26.0,50.0,14.0,29.59,63.69,-37.23,-45.81,-24.64,-16.55,17.21,36.15,38.65,-43.980000000000004,-1.4799999999999969,22.22
2025-08-08T16:27:10.580854,41.0,-2.0,-3.0,0.0,-27.0,-40.0,-2.0,-78.0,63.0,-12.0,9.0,-59.0,39.59,-1.31,-0.22999999999999998,20.19,-37.64,-15.55,-10.79,-56.85,72.65,-29.98,-42.48,-50.78
2025-08-08T16:27:10.588660,22.0,4.0,-76.0,-3.0,38.0,-39.0,38.0,-64.0,15.0,-1.0,95.0,57.0,20.59,4.6899999999999995,-73.23,17.19,27.36,-14.55,29.21,-42.85,24.65,-18.98,43.52,65.22
2025-08-08T16:27:10.593063,-49.0,45.0,-35.0,5.0,41.0,-40.0,24.0,-42.0,-6.0,-17.0,18.0,21.0,-50.41,45.69,-32.23,25.19,30.36,-15.55,15.21,-20.85,3.6500000000000004,-34.980000000000004,-33.48,29.22
2025-08-08T16:27:10.600963,30.0,-61.0,10.0,57.0,32.0,17.0,47.0,-71.0,-19.0,-49.0,-23.0,21.0,28.59,-60.31,12.77,77.19,21.36,41.45,38.21,-49.85,-9.35,-66.98,-74.47999999999999,29.22
2025-08-08T16:27:10.605359,-35.0,-75.0,42.0,-27.0,12.0,-10.0,58.0,38.0,-23.0,-31.0,49.0,56.0,-36.41,-74.31,44.77,-6.809999999999999,1.3599999999999994,14.45,49.21,59.15,-13.35,-48.980000000000004,-2.479999999999997,64.22
2025-08-08T16:27:10.613211,10.0,96.0,65.0,-11.0,6.0,-2.0,5.0,35.0,-5.0,3.0,6.0,21.0,8.59,96.69,67.77,9.190000000000001,-4.640000000000001,22.45,-3.789999999999999,56.15,4.65,-14.98,-45.48,29.22
2025-08-08T16:27:10.617566,-55.0,44.0,59.0,-19.0,17.0,-63.0,91.0,-31.0,-10.0,64.0,20.0,-6.0,-56.41,44.69,61.77,1.1900000000000013,6.359999999999999,-38.55,82.21000000000001,-9.850000000000001,-0.34999999999999964,46.019999999999996,-31.479999999999997,2.2200000000000006
2025-08-08T16:27:10.625539,20.0,14.0,-67.0,-99.0,37.0,-26.0,56.0,-14.0,-18.0,113.0,68.0,44.0,18.59,14.69,-64.23,-78.81,26.36,-1.5500000000000007,47.21,7.149999999999999,-8.35,95.02,16.520000000000003,52.22
2025-08-08T16:27:10.629830,31.0,49.0,-51.0,-32.0,44.0,-17.0,-21.0,28.0,-23.0,9.0,42.0,84.0,29.59,49.69,-48.23,-11.809999999999999,33.36,7.449999999999999,-29.79,49.15,-13.35,-8.98,-9.479999999999997,92.22
2025-08-08T16:27:10.638288,13.0,2.0,-37.0,24.0,-34.0,-57.0,59.0,61.0,-9.0,46.0,26.0,13.0,11.59,2.69,-34.23,44.19,-44.64,-32.55,50.21,82.15,0.6500000000000004,28.02,-25.479999999999997,21.22
2025-08-08T16:27:10.642103,1.0,-23.0,-20.0,-33.0,13.0,20.0,-37.0,9.0,26.0,70.0,-21.0,57.0,-0.4099999999999999,-22.31,-17.23,-12.809999999999999,2.3599999999999994,44.45,-45.79,30.15,35.65,52.019999999999996,-72.47999999999999,65.22
2025-08-08T16:27:10.650546,-40.0,-30.0,24.0,-15.0,2.0,-63.0,0.0,25.0,-21.0,110.0,-20.0,34.0,-41.41,-29.31,26.77,5.190000000000001,-8.64,-38.55,-8.79,46.15,-11.35,92.02,-71.47999999999999,42.22
2025-08-08T16:27:10.654341,-47.0,44.0,6.0,-53.0,-2.0,29.0,-35.0,-4.0,-27.0,29.0,9.0,39.0,-48.41,44.69,8.77,-32.81,-12.64,53.45,-43.79,17.15,-17.35,11.02,-42.48,47.22
2025-08-08T16:27:10.662384,-82.0,13.0,57.0,-69.0,1.0,16.0,22.0,2.0,-46.0,77.0,-14.0,-2.0,-83.41,13.69,59.77,-48.81,-9.64,40.45,13.21,23.15,-36.35,59.019999999999996,-65.47999999999999,6.220000000000001
2025-08-08T16:27:10.666848,-67.0,26.0,-16.0,-42.0,3.0,-14.0,85.0,-27.0,-79.0,14.0,-34.0,48.0,-68.41,26.69,-13.23,-21.81,-7.640000000000001,10.45,76.21000000000001,-5.850000000000001,-69.35,-3.9800000000000004,-85.47999999999999,56.22
2025-08-08T16:27:10.674918,-55.0,42.0,-15.0,10.0,103.0,-21.0,15.0,9.0,26.0,16.0,-34.0,29.0,-56.41,42.69,-12.23,30.19,92.36,3.4499999999999993,6.210000000000001,30.15,35.65,-1.9800000000000004,-85.47999999999999,37.22
2025-08-08T16:27:10.680675,-28.0,11.0,-34.0,65.0,26.0,-93.0,93.0,61.0,-21.0,139.0,2.0,26.0,-29.41,11.69,-31.23,85.19,15.36,-68.55,84.21000000000001,82.15,-11.35,121.02,-49.48,34.22
2025-08-08T16:27:10.687925,-44.0,19.0,-61.0,-10.0,69.0,-39.0,58.0,-45.0,-17.0,103.0,41.0,75.0,-45.41,19.69,-58.23,10.190000000000001,58.36,-14.55,49.21,-23.85,-7.35,85.02,-10.479999999999997,83.22
2025-08-08T16:27:10.694206,-15.0,-6.0,115.0,-33.0,-40.0,41.0,-36.0,30.0,18.0,77.0,-32.0,51.0,-16.41,-5.3100000000000005,117.77,-12.809999999999999,-50.64,65.45,-44.79,51.15,27.65,59.019999999999996,-83.47999999999999,59.22
2025-08-08T16:27:10.699715,26.0,31.0,-14.0,-35.0,4.0,-16.0,31.0,-39.0,-4.0,22.0,-19.0,27.0,24.59,31.69,-11.23,-14.809999999999999,-6.640000000000001,8.45,22.21,-17.85,5.65,4.02,-70.47999999999999,35.22
2025-08-08T16:27:10.704248,-55.0,22.0,9.0,-29.0,2.0,29.0,-4.0,-15.0,-36.0,32.0,11.0,55.0,-56.41,22.69,11.77,-8.809999999999999,-8.64,53.45,-12.79,6.149999999999999,-26.35,14.02,-40.48,63.22
2025-08-08T16:27:10.712470,-78.0,76.0,-22.0,-4.0,-16.0,-7.0,26.0,-64.0,-18.0,127.0,58.0,45.0,-79.41,76.69,-19.23,16.19,-26.64,17.45,17.21,-42.85,-8.35,109.02,6.520000000000003,53.22
2025-08-08T16:27:10.719465,12.0,59.0,-54.0,44.0,-41.0,-33.0,35.0,16.0,38.0,46.0,40.0,64.0,10.59,59.69,-51.23,64.19,-51.64,-8.55,26.21,37.15,47.65,28.02,-11.479999999999997,72.22
2025-08-08T16:27:10.724527,68.0,42.0,-130.0,15.0,-12.0,36.0,77.0,10.0,-3.0,73.0,36.0,3.0,66.59,42.69,-127.23,35.19,-22.64,60.45,68.21000000000001,31.15,6.65,55.019999999999996,-15.479999999999997,11.22
2025-08-08T16:27:10.728184,35.0,64.0,-31.0,-8.0,-19.0,6.0,48.0,-31.0,40.0,41.0,-15.0,40.0,33.59,64.69,-28.23,12.190000000000001,-29.64,30.45,39.21,-9.850000000000001,49.65,23.02,-66.47999999999999,48.22
2025-08-08T16:27:10.736340,72.0,-67.0,-31.0,-39.0,32.0,10.0,63.0,-16.0,-6.0,76.0,20.0,38.0,70.59,-66.31,-28.23,-18.81,21.36,34.45,54.21,5.149999999999999,3.6500000000000004,58.019999999999996,-31.479999999999997,46.22
2025-08-08T16:27:10.740467,7.0,-69.0,54.0,-72.0,23.0,27.0,51.0,-44.0,9.0,-2.0,-51.0,62.0,5.59,-68.31,56.77,-51.81,12.36,51.45,42.21,-22.85,18.65,-19.98,-102.47999999999999,70.22
2025-08-08T16:27:10.748278,18.0,-30.0,18.0,9.0,12.0,-10.0,14.0,-28.0,42.0,-9.0,15.0,23.0,16.59,-29.31,20.77,29.19,1.3599999999999994,14.45,5.210000000000001,-6.850000000000001,51.65,-26.98,-36.48,31.22
2025-08-08T16:27:10.752765,-44.0,-15.0,-46.0,-4.0,-17.0,-14.0,35.0,3.0,-38.0,61.0,-33.0,14.0,-45.41,-14.31,-43.23,16.19,-27.64,10.45,26.21,24.15,-28.35,43.019999999999996,-84.47999999999999,22.22
2025-08-08T16:27:10.760672,-32.0,24.0,36.0,-20.0,-26.0,-38.0,2.0,-10.0,-74.0,55.0,-5.0,22.0,-33.41,24.69,38.77,0.19000000000000128,-36.64,-13.55,-6.789999999999999,11.149999999999999,-64.35,37.019999999999996,-56.48,30.22
2025-08-08T16:27:10.764925,-127.0,16.0,-30.0,-10.0,37.0,9.0,-8.0,32.0,-22.0,63.0,25.0,28.0,-128.41,16.69,-27.23,10.190000000000001,26.36,33.45,-16.79,53.15,-12.35,45.019999999999996,-26.479999999999997,36.22
2025-08-08T16:27:10.773000,-18.0,-88.0,-18.0,-69.0,46.0,-78.0,46.0,-12.0,42.0,26.0,67.0,24.0,-19.41,-87.31,-15.23,-48.81,35.36,-53.55,37.21,9.149999999999999,51.65,8.02,15.520000000000003,32.22
2025-08-08T16:27:10.777280,101.0,57.0,-53.0,37.0,97.0,-18.0,-19.0,-94.0,-19.0,71.0,0.0,44.0,99.59,57.69,-50.23,57.19,86.36,6.449999999999999,-27.79,-72.85,-9.35,53.019999999999996,-51.48,52.22
2025-08-08T16:27:10.785380,-19.0,-13.0,-35.0,-75.0,10.0,-39.0,-19.0,-19.0,-65.0,78.0,60.0,46.0,-20.41,-12.31,-32.23,-54.81,-0.6400000000000006,-14.55,-27.79,2.1499999999999986,-55.35,60.019999999999996,8.520000000000003,54.22
2025-08-08T16:27:10.790237,48.0,-5.0,-23.0,9.0,65.0,-23.0,21.0,-53.0,-3.0,91.0,39.0,-1.0,46.59,-4.3100000000000005,-20.23,29.19,54.36,1.4499999999999993,12.21,-31.85,6.65,73.02,-12.479999999999997,7.220000000000001
2025-08-08T16:27:10.795511,27.0,0.0,20.0,-10.0,-12.0,-91.0,21.0,-18.0,-13.0,67.0,62.0,31.0,25.59,0.69,22.77,10.190000000000001,-22.64,-66.55,12.21,3.1499999999999986,-3.3499999999999996,49.019999999999996,10.520000000000003,39.22
2025-08-08T16:27:10.801898,-21.0,10.0,-24.0,29.0,-45.0,48.0,22.0,26.0,18.0,57.0,-47.0,-4.0,-22.41,10.69,-21.23,49.19,-55.64,72.45,13.21,47.15,27.65,39.019999999999996,-98.47999999999999,4.220000000000001
2025-08-08T16:27:10.807817,-90.0,17.0,26.0,-53.0,70.0,-59.0,64.0,71.0,-37.0,42.0,51.0,78.0,-91.41,17.69,28.77,-32.81,59.36,-34.55,55.21,92.15,-27.35,24.02,-0.4799999999999969,86.22
2025-08-08T16:27:10.814078,-47.0,67.0,-66.0,-81.0,55.0,-52.0,56.0,-76.0,-65.0,65.0,-27.0,79.0,-48.41,67.69,-63.23,-60.81,44.36,-27.55,47.21,-54.85,-55.35,47.019999999999996,-78.47999999999999,87.22
2025-08-08T16:27:10.818523,-14.0,-27.0,-55.0,-21.0,-5.0,-36.0,36.0,1.0,-29.0,47.0,-9.0,42.0,-15.41,-26.31,-52.23,-0.8099999999999987,-15.64,-11.55,27.21,22.15,-19.35,29.02,-60.48,50.22
2025-08-08T16:27:10.826287,30.0,33.0,-69.0,-16.0,53.0,-45.0,57.0,-38.0,6.0,-8.0,-57.0,69.0,28.59,33.69,-66.23,4.190000000000001,42.36,-20.55,48.21,-16.85,15.65,-25.98,-108.47999999999999,77.22
2025-08-08T16:27:10.830792,47.0,31.0,-18.0,17.0,-23.0,-31.0,29.0,-8.0,-88.0,-11.0,-47.0,34.0,45.59,31.69,-15.23,37.19,-33.64,-6.550000000000001,20.21,13.149999999999999,-78.35,-28.98,-98.47999999999999,42.22
2025-08-08T16:27:10.838614,24.0,-11.0,-26.0,49.0,7.0,49.0,25.0,-32.0,-47.0,46.0,-57.0,23.0,22.59,-10.31,-23.23,69.19,-3.6400000000000006,73.45,16.21,-10.850000000000001,-37.35,28.02,-108.47999999999999,31.22
2025-08-08T16:27:10.843107,-8.0,-3.0,68.0,-2.0,-24.0,11.0,58.0,-22.0,-17.0,40.0,14.0,39.0,-9.41,-2.31,70.77,18.19,-34.64,35.45,49.21,-0.8500000000000014,-7.35,22.02,-37.48,47.22
2025-08-08T16:27:10.850789,37.0,6.0,-3.0,-51.0,3.0,-26.0,43.0,25.0,-17.0,87.0,58.0,12.0,35.59,6.6899999999999995,-0.22999999999999998,-30.81,-7.640000000000001,-1.5500000000000007,34.21,46.15,-7.35,69.02,6.520000000000003,20.22
2025-08-08T16:27:10.855198,34.0,-49.0,59.0,-25.0,26.0,32.0,100.0,46.0,-49.0,106.0,-21.0,35.0,32.59,-48.31,61.77,-4.809999999999999,15.36,56.45,91.21000000000001,67.15,-39.35,88.02,-72.47999999999999,43.22
2025-08-08T16:27:10.863188,-86.0,-73.0,53.0,-39.0,-1.0,-46.0,64.0,-14.0,-94.0,44.0,9.0,27.0,-87.41,-72.31,55.77,-18.81,-11.64,-21.55,55.21,7.149999999999999,-84.35,26.02,-42.48,35.22
2025-08-08T16:27:10.867499,-21.0,-1.0,-77.0,-38.0,16.0,-63.0,61.0,-20.0,-58.0,65.0,-24.0,-21.0,-22.41,-0.31000000000000005,-74.23,-17.81,5.359999999999999,-38.55,52.21,1.1499999999999986,-48.35,47.019999999999996,-75.47999999999999,-12.78
2025-08-08T16:27:10.875824,6.0,-38.0,82.0,4.0,9.0,-15.0,93.0,-34.0,-34.0,80.0,-31.0,16.0,4.59,-37.31,84.77,24.19,-1.6400000000000006,9.45,84.21000000000001,-12.850000000000001,-24.35,62.019999999999996,-82.47999999999999,24.22
2025-08-08T16:27:10.879957,17.0,74.0,-33.0,22.0,-40.0,-52.0,92.0,-66.0,-44.0,66.0,34.0,-25.0,15.59,74.69,-30.23,42.19,-50.64,-27.55,83.21000000000001,-44.85,-34.35,48.019999999999996,-17.479999999999997,-16.78
2025-08-08T16:27:10.887684,-26.0,9.0,-58.0,-31.0,25.0,11.0,36.0,-13.0,3.0,97.0,51.0,10.0,-27.41,9.69,-55.23,-10.809999999999999,14.36,35.45,27.21,8.149999999999999,12.65,79.02,-0.4799999999999969,18.22
2025-08-08T16:27:10.892083,58.0,-14.0,-28.0,-32.0,44.0,18.0,103.0,-21.0,-5.0,57.0,-13.0,18.0,56.59,-13.31,-25.23,-11.809999999999999,33.36,42.45,94.21000000000001,0.14999999999999858,4.65,39.019999999999996,-64.47999999999999,26.22
2025-08-08T16:27:10.899986,-6.0,-45.0,-43.0,-17.0,21.0,-27.0,-2.0,-8.0,26.0,85.0,72.0,78.0,-7.41,-44.31,-40.23,3.1900000000000013,10.36,-2.5500000000000007,-10.79,13.149999999999999,35.65,67.02,20.520000000000003,86.22
2025-08-08T16:27:10.904502,13.0,-32.0,-1.0,-43.0,49.0,-17.0,52.0,19.0,-38.0,46.0,41.0,11.0,11.59,-31.31,1.77,-22.81,38.36,7.449999999999999,43.21,40.15,-28.35,28.02,-10.479999999999997,19.22
2025-08-08T16:27:10.912284,81.0,-52.0,5.0,17.0,-54.0,-47.0,-69.0,-18.0,-6.0,-9.0,51.0,-49.0,79.59,-51.31,7.77,37.19,-64.64,-22.55,-77.78999999999999,3.1499999999999986,3.6500000000000004,-26.98,-0.4799999999999969,-40.78
2025-08-08T16:27:10.916685,-26.0,8.0,-1.0,0.0,32.0,-33.0,0.0,-22.0,56.0,43.0,21.0,-30.0,-27.41,8.69,1.77,20.19,21.36,-8.55,-8.79,-0.8500000000000014,65.65,25.02,-30.479999999999997,-21.78
2025-08-08T16:27:10.924683,22.0,8.0,26.0,69.0,6.0,-56.0,7.0,-37.0,-44.0,69.0,-9.0,48.0,20.59,8.69,28.77,89.19,-4.640000000000001,-31.55,-1.7899999999999991,-15.850000000000001,-34.35,51.019999999999996,-60.48,56.22
2025-08-08T16:27:10.928929,-1.0,-68.0,0.0,75.0,7.0,-23.0,14.0,14.0,-31.0,53.0,-32.0,29.0,-2.41,-67.31,2.77,95.19,-3.6400000000000006,1.4499999999999993,5.210000000000001,35.15,-21.35,35.019999999999996,-83.47999999999999,37.22
2025-08-08T16:27:10.937174,-56.0,-7.0,11.0,49.0,-36.0,-92.0,-9.0,-62.0,18.0,76.0,-68.0,-21.0,-57.41,-6.3100000000000005,13.77,69.19,-46.64,-67.55,-17.79,-40.85,27.65,58.019999999999996,-119.47999999999999,-12.78
2025-08-08T16:27:10.941432,14.0,-53.0,6.0,78.0,-35.0,-36.0,23.0,25.0,4.0,67.0,-18.0,80.0,12.59,-52.31,8.77,98.19,-45.64,-11.55,14.21,46.15,13.65,49.019999999999996,-69.47999999999999,88.22
2025-08-08T16:27:10.949074,53.0,-15.0,64.0,12.0,15.0,-14.0,2.0,-17.0,-33.0,65.0,43.0,35.0,51.59,-14.31,66.77,32.19,4.359999999999999,10.45,-6.789999999999999,4.149999999999999,-23.35,47.019999999999996,-8.479999999999997,43.22
2025-08-08T16:27:10.953433,2.0,7.0,-36.0,-26.0,-12.0,-2.0,38.0,-69.0,-9.0,98.0,-13.0,84.0,0.5900000000000001,7.6899999999999995,-33.23,-5.809999999999999,-22.64,22.45,29.21,-47.85,0.6500000000000004,80.02,-64.47999999999999,92.22
2025-08-08T16:27:10.958794,12.0,1.0,-21.0,-44.0,-49.0,21.0,20.0,6.0,-34.0,83.0,30.0,20.0,10.59,1.69,-18.23,-23.81,-59.64,45.45,11.21,27.15,-24.35,65.02,-21.479999999999997,28.22
2025-08-08T16:27:10.966144,-33.0,35.0,-46.0,-67.0,-23.0,26.0,76.0,-20.0,47.0,101.0,83.0,21.0,-34.41,35.69,-43.23,-46.81,-33.64,50.45,67.21000000000001,1.1499999999999986,56.65,83.02,31.520000000000003,29.22
2025-08-08T16:27:10.973570,23.0,97.0,-12.0,-27.0,-1.0,-16.0,-40.0,56.0,-2.0,128.0,44.0,-1.0,21.59,97.69,-9.23,-6.809999999999999,-11.64,8.45,-48.79,77.15,7.65,110.02,-7.479999999999997,7.220000000000001
2025-08-08T16:27:10.977911,28.0,0.0,-53.0,-67.0,-42.0,-13.0,23.0,23.0,9.0,97.0,8.0,-20.0,26.59,0.69,-50.23,-46.81,-52.64,11.45,14.21,44.15,18.65,79.02,-43.48,-11.78
2025-08-08T16:27:10.982365,-1.0,-24.0,-126.0,17.0,66.0,11.0,-10.0,-36.0,-20.0,32.0,26.0,13.0,-2.41,-23.31,-123.23,37.19,55.36,35.45,-18.79,-14.850000000000001,-10.35,14.02,-25.479999999999997,21.22
2025-08-08T16:27:10.990196,28.0,-14.0,51.0,19.0,-14.0,-12.0,39.0,-20.0,4.0,18.0,-35.0,17.0,26.59,-13.31,53.77,39.19,-24.64,12.45,30.21,1.1499999999999986,13.65,0.019999999999999574,-86.47999999999999,25.22
2025-08-08T16:27:10.998292,13.0,-9.0,3.0,-15.0,-21.0,-20.0,54.0,-47.0,-31.0,105.0,-26.0,25.0,11.59,-8.31,5.77,5.190000000000001,-31.64,4.449999999999999,45.21,-25.85,-21.35,87.02,-77.47999999999999,33.22
2025-08-08T16:27:11.002617,-49.0,46.0,0.0,-53.0,43.0,-88.0,-32.0,-50.0,-83.0,57.0,-23.0,57.0,-50.41,46.69,2.77,-32.81,32.36,-63.55,-40.79,-28.85,-73.35,39.019999999999996,-74.47999999999999,65.22
2025-08-08T16:27:11.007433,-50.0,48.0,-88.0,13.0,46.0,-49.0,6.0,-66.0,-13.0,58.0,37.0,49.0,-51.41,48.69,-85.23,33.19,35.36,-24.55,-2.789999999999999,-44.85,-3.3499999999999996,40.019999999999996,-14.479999999999997,57.22
2025-08-08T16:27:11.014762,84.0,12.0,-48.0,-43.0,73.0,-122.0,21.0,-3.0,-31.0,106.0,18.0,-17.0,82.59,12.69,-45.23,-22.81,62.36,-97.55,12.21,18.15,-21.35,88.02,-33.48,-8.78
2025-08-08T16:27:11.022787,48.0,-43.0,-54.0,70.0,-65.0,-77.0,-13.0,-10.0,-25.0,100.0,65.0,11.0,46.59,-42.31,-51.23,90.19,-75.64,-52.55,-21.79,11.149999999999999,-15.35,82.02,13.520000000000003,19.22
2025-08-08T16:27:11.027117,65.0,0.0,33.0,99.0,62.0,-5.0,47.0,7.0,-30.0,41.0,58.0,38.0,63.59,0.69,35.77,119.19,51.36,19.45,38.21,28.15,-20.35,23.02,6.520000000000003,46.22
2025-08-08T16:27:11.032202,-13.0,-18.0,-9.0,21.0,22.0,21.0,-47.0,-52.0,-14.0,52.0,-8.0,58.0,-14.41,-17.31,-6.23,41.19,11.36,45.45,-55.79,-30.85,-4.35,34.019999999999996,-59.48,66.22
2025-08-08T16:27:11.039207,18.0,20.0,-1.0,-47.0,56.0,-17.0,22.0,-4.0,-15.0,76.0,92.0,85.0,16.59,20.69,1.77,-26.81,45.36,7.449999999999999,13.21,17.15,-5.35,58.019999999999996,40.52,93.22
2025-08-08T16:27:11.044248,-81.0,-53.0,52.0,-49.0,32.0,-16.0,1.0,5.0,-60.0,52.0,41.0,40.0,-82.41,-52.31,54.77,-28.81,21.36,8.45,-7.789999999999999,26.15,-50.35,34.019999999999996,-10.479999999999997,48.22
2025-08-08T16:27:11.051596,-13.0,38.0,7.0,-1.0,45.0,-56.0,12.0,-36.0,-33.0,91.0,10.0,-9.0,-14.41,38.69,9.77,19.19,34.36,-31.55,3.210000000000001,-14.850000000000001,-23.35,73.02,-41.48,-0.7799999999999994
2025-08-08T16:27:11.056526,30.0,-28.0,10.0,-5.0,30.0,-100.0,18.0,16.0,-15.0,101.0,-34.0,12.0,28.59,-27.31,12.77,15.190000000000001,19.36,-75.55,9.21,37.15,-5.35,83.02,-85.47999999999999,20.22
2025-08-08T16:27:11.063790,41.0,11.0,2.0,1.0,-31.0,0.0,18.0,-69.0,-29.0,44.0,-41.0,23.0,39.59,11.69,4.77,21.19,-41.64,24.45,9.21,-47.85,-19.35,26.02,-92.47999999999999,31.22
2025-08-08T16:27:11.068403,59.0,8.0,-76.0,8.0,-37.0,-7.0,70.0,-47.0,-68.0,28.0,55.0,6.0,57.59,8.69,-73.23,28.19,-47.64,17.45,61.21,-25.85,-58.35,10.02,3.520000000000003,14.22
2025-08-08T16:27:11.076135,-58.0,29.0,-95.0,-36.0,-3.0,-35.0,18.0,-4.0,-30.0,117.0,-44.0,-17.0,-59.41,29.69,-92.23,-15.809999999999999,-13.64,-10.55,9.21,17.15,-20.35,99.02,-95.47999999999999,-8.78
2025-08-08T16:27:11.080299,75.0,16.0,-127.0,-30.0,17.0,-36.0,8.0,-129.0,-29.0,7.0,11.0,-70.0,73.59,16.69,-124.23,-9.809999999999999,6.359999999999999,-11.55,-0.7899999999999991,-107.85,-19.35,-10.98,-40.48,-61.78
2025-08-08T16:27:11.088433,4.0,-48.0,-31.0,-101.0,30.0,-36.0,81.0,3.0,-20.0,11.0,32.0,-19.0,2.59,-47.31,-28.23,-80.81,19.36,-11.55,72.21000000000001,24.15,-10.35,-6.98,-19.479999999999997,-10.78
2025-08-08T16:27:11.092581,78.0,-28.0,-19.0,20.0,-2.0,-40.0,-6.0,-35.0,-28.0,14.0,50.0,-81.0,76.59,-27.31,-16.23,40.19,-12.64,-15.55,-14.79,-13.850000000000001,-18.35,-3.9800000000000004,-1.4799999999999969,-72.78
2025-08-08T16:27:11.100712,-14.0,-34.0,19.0,-50.0,-6.0,-68.0,67.0,-8.0,4.0,20.0,12.0,-79.0,-15.41,-33.31,21.77,-29.81,-16.64,-43.55,58.21,13.149999999999999,13.65,2.0199999999999996,-39.48,-70.78
2025-08-08T16:27:11.104928,51.0,-73.0,-27.0,-27.0,36.0,-71.0,23.0,-100.0,-19.0,24.0,119.0,-23.0,49.59,-72.31,-24.23,-6.809999999999999,25.36,-46.55,14.21,-78.85,-9.35,6.02,67.52000000000001,-14.78
2025-08-08T16:27:11.113160,-7.0,23.0,-9.0,-12.0,62.0,-46.0,20.0,-16.0,-5.0,93.0,60.0,-62.0,-8.41,23.69,-6.23,8.190000000000001,51.36,-21.55,11.21,5.149999999999999,4.65,75.02,8.520000000000003,-53.78
2025-08-08T16:27:11.117276,-88.0,-64.0,15.0,10.0,-50.0,25.0,-40.0,-34.0,-67.0,14.0,127.0,-57.0,-89.41,-63.31,17.77,30.19,-60.64,49.45,-48.79,-12.850000000000001,-57.35,-3.9800000000000004,75.52000000000001,-48.78
2025-08-08T16:27:11.125507,-41.0,37.0,23.0,-59.0,40.0,-11.0,3.0,-30.0,-22.0,-27.0,65.0,-57.0,-42.41,37.69,25.77,-38.81,29.36,13.45,-5.789999999999999,-8.850000000000001,-12.35,-44.980000000000004,13.520000000000003,-48.78
2025-08-08T16:27:11.129666,8.0,65.0,-60.0,-46.0,-3.0,-33.0,59.0,-45.0,-8.0,-7.0,108.0,-26.0,6.59,65.69,-57.23,-25.81,-13.64,-8.55,50.21,-23.85,1.6500000000000004,-24.98,56.52,-17.78
2025-08-08T16:27:11.137784,13.0,56.0,-28.0,-69.0,7.0,-25.0,22.0,67.0,-73.0,24.0,68.0,-39.0,11.59,56.69,-25.23,-48.81,-3.6400000000000006,-0.5500000000000007,13.21,88.15,-63.35,6.02,16.520000000000003,-30.78
2025-08-08T16:27:11.142680,19.0,-7.0,-57.0,-4.0,70.0,-85.0,89.0,7.0,-105.0,22.0,71.0,30.0,17.59,-6.3100000000000005,-54.23,16.19,59.36,-60.55,80.21000000000001,28.15,-95.35,4.02,19.520000000000003,38.22
2025-08-08T16:27:11.150512,71.0,-42.0,-95.0,63.0,20.0,-49.0,48.0,12.0,-133.0,31.0,109.0,-41.0,69.59,-41.31,-92.23,83.19,9.36,-24.55,39.21,33.15,-123.35,13.02,57.52,-32.78
2025-08-08T16:27:11.155524,1.0,-45.0,-33.0,-35.0,42.0,37.0,88.0,-54.0,-36.0,23.0,72.0,-25.0,-0.4099999999999999,-44.31,-30.23,-14.809999999999999,31.36,61.45,79.21000000000001,-32.85,-26.35,5.02,20.520000000000003,-16.78
2025-08-08T16:27:11.162995,-21.0,-43.0,-60.0,-3.0,-32.0,7.0,24.0,-90.0,-130.0,37.0,73.0,-59.0,-22.41,-42.31,-57.23,17.19,-42.64,31.45,15.21,-68.85,-120.35,19.02,21.520000000000003,-50.78
2025-08-08T16:27:11.167893,-30.0,26.0,-16.0,-22.0,134.0,-57.0,16.0,13.0,2.0,8.0,85.0,26.0,-31.41,26.69,-13.23,-1.8099999999999987,123.36,-32.55,7.210000000000001,34.15,11.65,-9.98,33.52,34.22
2025-08-08T16:27:11.174737,-2.0,69.0,-4.0,1.0,13.0,-55.0,26.0,-78.0,12.0,-10.0,30.0,-22.0,-3.41,69.69,-1.23,21.19,2.3599999999999994,-30.55,17.21,-56.85,21.65,-27.98,-21.479999999999997,-13.78
2025-08-08T16:27:11.183193,14.0,-18.0,-86.0,-11.0,82.0,-44.0,19.0,-75.0,-44.0,-30.0,29.0,-124.0,12.59,-17.31,-83.23,9.190000000000001,71.36,-19.55,10.21,-53.85,-34.35,-47.980000000000004,-22.479999999999997,-115.78
2025-08-08T16:27:11.192478,106.0,62.0,-73.0,20.0,89.0,-40.0,26.0,49.0,-53.0,64.0,122.0,12.0,104.59,62.69,-70.23,40.19,78.36,-15.55,17.21,70.15,-43.35,46.019999999999996,70.52000000000001,20.22
2025-08-08T16:27:11.197124,34.0,4.0,-58.0,38.0,11.0,-60.0,2.0,-3.0,57.0,-23.0,50.0,-83.0,32.59,4.6899999999999995,-55.23,58.19,0.35999999999999943,-35.55,-6.789999999999999,18.15,66.65,-40.980000000000004,-1.4799999999999969,-74.78
2025-08-08T16:27:11.201119,15.0,-67.0,-13.0,-35.0,24.0,-18.0,51.0,10.0,2.0,38.0,78.0,-26.0,13.59,-66.31,-10.23,-14.809999999999999,13.36,6.449999999999999,42.21,31.15,11.65,20.02,26.520000000000003,-17.78
2025-08-08T16:27:11.204671,9.0,49.0,-23.0,-77.0,-26.0,-54.0,-17.0,-71.0,-5.0,-59.0,106.0,-42.0,7.59,49.69,-20.23,-56.81,-36.64,-29.55,-25.79,-49.85,4.65,-76.98,54.52,-33.78
2025-08-08T16:27:11.211455,-62.0,-64.0,-4.0,-17.0,-15.0,-33.0,-14.0,7.0,-29.0,75.0,60.0,-13.0,-63.41,-63.31,-1.23,3.1900000000000013,-25.64,-8.55,-22.79,28.15,-19.35,57.019999999999996,8.520000000000003,-4.779999999999999
2025-08-08T16:27:11.215511,-7.0,9.0,36.0,-43.0,20.0,-27.0,-18.0,-32.0,-95.0,-10.0,130.0,-31.0,-8.41,9.69,38.77,-22.81,9.36,-2.5500000000000007,-26.79,-10.850000000000001,-85.35,-27.98,78.52000000000001,-22.78
2025-08-08T16:27:11.223614,28.0,59.0,-37.0,-58.0,35.0,-111.0,66.0,-10.0,-46.0,-82.0,35.0,-68.0,26.59,59.69,-34.23,-37.81,24.36,-86.55,57.21,11.149999999999999,-36.35,-99.98,-16.479999999999997,-59.78
2025-08-08T16:27:11.227818,56.0,56.0,-54.0,14.0,-52.0,-113.0,-10.0,36.0,-52.0,6.0,39.0,-61.0,54.59,56.69,-51.23,34.19,-62.64,-88.55,-18.79,57.15,-42.35,-11.98,-12.479999999999997,-52.78
2025-08-08T16:27:11.235725,39.0,-20.0,6.0,35.0,-23.0,-17.0,71.0,74.0,-86.0,35.0,77.0,-42.0,37.59,-19.31,8.77,55.19,-33.64,7.449999999999999,62.21,95.15,-76.35,17.02,25.520000000000003,-33.78
2025-08-08T16:27:11.240102,21.0,18.0,30.0,-43.0,19.0,-49.0,87.0,-29.0,35.0,-8.0,10.0,-16.0,19.59,18.69,32.77,-22.81,8.36,-24.55,78.21000000000001,-7.850000000000001,44.65,-25.98,-41.48,-7.779999999999999
2025-08-08T16:27:11.248129,-8.0,22.0,-12.0,-29.0,36.0,-47.0,23.0,-18.0,-101.0,11.0,82.0,-78.0,-9.41,22.69,-9.23,-8.809999999999999,25.36,-22.55,14.21,3.1499999999999986,-91.35,-6.98,30.520000000000003,-69.78
2025-08-08T16:27:11.252350,-25.0,50.0,-5.0,-22.0,-49.0,-30.0,42.0,-2.0,-79.0,37.0,43.0,-29.0,-26.41,50.69,-2.23,-1.8099999999999987,-59.64,-5.550000000000001,33.21,19.15,-69.35,19.02,-8.479999999999997,-20.78
2025-08-08T16:27:11.260385,-69.0,15.0,58.0,24.0,6.0,-49.0,6.0,3.0,-60.0,-23.0,112.0,-23.0,-70.41,15.69,60.77,44.19,-4.640000000000001,-24.55,-2.789999999999999,24.15,-50.35,-40.980000000000004,60.52,-14.78
2025-08-08T16:27:11.264690,-26.0,116.0,-9.0,6.0,-18.0,-37.0,12.0,-4.0,-23.0,-8.0,10.0,-53.0,-27.41,116.69,-6.23,26.19,-28.64,-12.55,3.210000000000001,17.15,-13.35,-25.98,-41.48,-44.78
2025-08-08T16:27:11.270229,16.0,19.0,-73.0,34.0,22.0,-47.0,9.0,-22.0,-21.0,26.0,97.0,-21.0,14.59,19.69,-70.23,54.19,11.36,-22.55,0.21000000000000085,-0.8500000000000014,-11.35,8.02,45.52,-12.78
2025-08-08T16:27:11.277023,-12.0,32.0,-61.0,-77.0,-22.0,-23.0,56.0,19.0,-50.0,-63.0,75.0,-41.0,-13.41,32.69,-58.23,-56.81,-32.64,1.4499999999999993,47.21,40.15,-40.35,-80.98,23.520000000000003,-32.78
2025-08-08T16:27:11.281170,43.0,-42.0,-22.0,-8.0,-58.0,9.0,29.0,18.0,-20.0,27.0,57.0,-43.0,41.59,-41.31,-19.23,12.190000000000001,-68.64,33.45,20.21,39.15,-10.35,9.02,5.520000000000003,-34.78
2025-08-08T16:27:11.289302,-21.0,-42.0,38.0,-34.0,25.0,-49.0,27.0,27.0,-41.0,9.0,12.0,-7.0,-22.41,-41.31,40.77,-13.809999999999999,14.36,-24.55,18.21,48.15,-31.35,-8.98,-39.48,1.2200000000000006
2025-08-08T16:27:11.297131,-55.0,52.0,-10.0,11.0,29.0,-99.0,16.0,-12.0,-17.0,-65.0,111.0,-43.0,-56.41,52.69,-7.23,31.19,18.36,-74.55,7.210000000000001,9.149999999999999,-7.35,-82.98,59.52,-34.78
2025-08-08T16:27:11.301687,-106.0,64.0,-8.0,-30.0,54.0,-71.0,24.0,-55.0,-17.0,-20.0,94.0,24.0,-107.41,64.69,-5.23,-9.809999999999999,43.36,-46.55,15.21,-33.85,-7.35,-37.980000000000004,42.52,32.22
2025-08-08T16:27:11.309478,17.0,13.0,-65.0,-31.0,-25.0,-32.0,9.0,-43.0,-60.0,-33.0,81.0,-23.0,15.59,13.69,-62.23,-10.809999999999999,-35.64,-7.550000000000001,0.21000000000000085,-21.85,-50.35,-50.980000000000004,29.520000000000003,-14.78
2025-08-08T16:27:11.313767,49.0,-19.0,-43.0,20.0,-5.0,5.0,-5.0,2.0,-63.0,-15.0,132.0,-76.0,47.59,-18.31,-40.23,40.19,-15.64,29.45,-13.79,23.15,-53.35,-32.980000000000004,80.52000000000001,-67.78
2025-08-08T16:27:11.318254,34.0,12.0,-69.0,-12.0,1.0,-13.0,53.0,-52.0,-75.0,47.0,144.0,-23.0,32.59,12.69,-66.23,8.190000000000001,-9.64,11.45,44.21,-30.85,-65.35,29.02,92.52000000000001,-14.78
2025-08-08T16:27:11.326228,65.0,-41.0,-24.0,43.0,36.0,-53.0,77.0,-37.0,-23.0,20.0,96.0,-38.0,63.59,-40.31,-21.23,63.19,25.36,-28.55,68.21000000000001,-15.850000000000001,-13.35,2.0199999999999996,44.52,-29.78
2025-08-08T16:27:11.330533,-17.0,-24.0,15.0,-15.0,25.0,-35.0,-19.0,-20.0,-19.0,-2.0,35.0,24.0,-18.41,-23.31,17.77,5.190000000000001,14.36,-10.55,-27.79,1.1499999999999986,-9.35,-19.98,-16.479999999999997,32.22
2025-08-08T16:27:11.338387,-11.0,20.0,23.0,35.0,146.0,-100.0,-17.0,-57.0,-40.0,22.0,29.0,-52.0,-12.41,20.69,25.77,55.19,135.36,-75.55,-25.79,-35.85,-30.35,4.02,-22.479999999999997,-43.78
2025-08-08T16:27:11.342790,-58.0,61.0,-71.0,-13.0,22.0,-72.0,10.0,12.0,-69.0,-36.0,159.0,-74.0,-59.41,61.69,-68.23,7.190000000000001,11.36,-47.55,1.2100000000000009,33.15,-59.35,-53.980000000000004,107.52000000000001,-65.78
2025-08-08T16:27:11.350831,0.0,58.0,-82.0,-5.0,19.0,-55.0,6.0,53.0,-18.0,5.0,109.0,-16.0,-1.41,58.69,-79.23,15.190000000000001,8.36,-30.55,-2.789999999999999,74.15,-8.35,-12.98,57.52,-7.779999999999999
2025-08-08T16:27:11.355987,68.0,30.0,-42.0,-45.0,1.0,-80.0,18.0,-4.0,-59.0,-17.0,35.0,-4.0,66.59,30.69,-39.23,-24.81,-9.64,-55.55,9.21,17.15,-49.35,-34.980000000000004,-16.479999999999997,4.220000000000001
2025-08-08T16:27:11.362901,16.0,-3.0,-69.0,13.0,14.0,-41.0,-15.0,-66.0,-34.0,27.0,114.0,-21.0,14.59,-2.31,-66.23,33.19,3.3599999999999994,-16.55,-23.79,-44.85,-24.35,9.02,62.52,-12.78
2025-08-08T16:27:11.368717,20.0,-36.0,-101.0,-88.0,-2.0,15.0,-23.0,37.0,-82.0,-20.0,49.0,-68.0,18.59,-35.31,-98.23,-67.81,-12.64,39.45,-31.79,58.15,-72.35,-37.980000000000004,-2.479999999999997,-59.78
2025-08-08T16:27:11.375071,9.0,-58.0,-23.0,-19.0,10.0,-87.0,5.0,21.0,-70.0,23.0,84.0,-52.0,7.59,-57.31,-20.23,1.1900000000000013,-0.6400000000000006,-62.55,-3.789999999999999,42.15,-60.35,5.02,32.52,-43.78
2025-08-08T16:27:11.380835,99.0,-81.0,-31.0,-50.0,89.0,4.0,-28.0,7.0,-81.0,46.0,95.0,-56.0,97.59,-80.31,-28.23,-29.81,78.36,28.45,-36.79,28.15,-71.35,28.02,43.52,-47.78
2025-08-08T16:27:11.387394,31.0,-27.0,-13.0,24.0,20.0,-64.0,25.0,29.0,-53.0,-67.0,22.0,-62.0,29.59,-26.31,-10.23,44.19,9.36,-39.55,16.21,50.15,-43.35,-84.98,-29.479999999999997,-53.78
2025-08-08T16:27:11.391716,11.0,-40.0,59.0,-5.0,-42.0,-134.0,-14.0,-63.0,-67.0,27.0,112.0,-35.0,9.59,-39.31,61.77,15.190000000000001,-52.64,-109.55,-22.79,-41.85,-57.35,9.02,60.52,-26.78
2025-08-08T16:27:11.399721,-27.0,1.0,8.0,-6.0,-14.0,-34.0,44.0,-11.0,-19.0,-57.0,114.0,-44.0,-28.41,1.69,10.77,14.190000000000001,-24.64,-9.55,35.21,10.149999999999999,-9.35,-74.98,62.52,-35.78
2025-08-08T16:27:11.404015,-9.0,4.0,-57.0,-25.0,-6.0,-46.0,-9.0,-67.0,-102.0,27.0,75.0,-54.0,-10.41,4.6899999999999995,-54.23,-4.809999999999999,-16.64,-21.55,-17.79,-45.85,-92.35,9.02,23.520000000000003,-45.78
2025-08-08T16:27:11.412053,14.0,47.0,-52.0,17.0,-22.0,-33.0,6.0,-41.0,-75.0,59.0,29.0,-12.0,12.59,47.69,-49.23,37.19,-32.64,-8.55,-2.789999999999999,-19.85,-65.35,41.019999999999996,-22.479999999999997,-3.7799999999999994
2025-08-08T16:27:11.416287,81.0,91.0,-61.0,-10.0,48.0,-19.0,14.0,-94.0,-12.0,-66.0,60.0,-97.0,79.59,91.69,-58.23,10.190000000000001,37.36,5.449999999999999,5.210000000000001,-72.85,-2.3499999999999996,-83.98,8.520000000000003,-88.78
2025-08-08T16:27:11.424620,80.0,-27.0,-13.0,-49.0,115.0,-122.0,30.0,-15.0,-38.0,32.0,86.0,-59.0,78.59,-26.31,-10.23,-28.81,104.36,-97.55,21.21,6.149999999999999,-28.35,14.02,34.52,-50.78
2025-08-08T16:27:11.428872,59.0,-31.0,12.0,57.0,49.0,-85.0,-36.0,-53.0,-65.0,-58.0,90.0,-39.0,57.59,-30.31,14.77,77.19,38.36,-60.55,-44.79,-31.85,-55.35,-75.98,38.52,-30.78
2025-08-08T16:27:11.437172,-18.0,-37.0,-21.0,48.0,21.0,-58.0,6.0,-80.0,-37.0,11.0,16.0,-47.0,-19.41,-36.31,-18.23,68.19,10.36,-33.55,-2.789999999999999,-58.85,-27.35,-6.98,-35.48,-38.78
2025-08-08T16:27:11.441673,19.0,29.0,22.0,-34.0,-24.0,-42.0,22.0,-48.0,15.0,-23.0,84.0,-82.0,17.59,29.69,24.77,-13.809999999999999,-34.64,-17.55,13.21,-26.85,24.65,-40.980000000000004,32.52,-73.78
2025-08-08T16:27:11.449749,19.0,58.0,-44.0,25.0,12.0,13.0,30.0,16.0,-46.0,-27.0,34.0,-37.0,17.59,58.69,-41.23,45.19,1.3599999999999994,37.45,21.21,37.15,-36.35,-44.980000000000004,-17.479999999999997,-28.78
2025-08-08T16:27:11.455037,12.0,80.0,-50.0,-31.0,81.0,-67.0,22.0,-65.0,-1.0,25.0,131.0,-24.0,10.59,80.69,-47.23,-10.809999999999999,70.36,-42.55,13.21,-43.85,8.65,7.02,79.52000000000001,-15.78
2025-08-08T16:27:11.461850,45.0,13.0,-28.0,63.0,53.0,-54.0,2.0,-33.0,-57.0,6.0,82.0,35.0,43.59,13.69,-25.23,83.19,42.36,-29.55,-6.789999999999999,-11.850000000000001,-47.35,-11.98,30.520000000000003,43.22
2025-08-08T16:27:11.466725,59.0,-52.0,-11.0,26.0,87.0,-50.0,8.0,17.0,-28.0,13.0,76.0,-81.0,57.59,-51.31,-8.23,46.19,76.36,-25.55,-0.7899999999999991,38.15,-18.35,-4.98,24.520000000000003,-72.78
2025-08-08T16:27:11.474118,-44.0,-40.0,9.0,-8.0,-19.0,-96.0,57.0,-32.0,8.0,-6.0,14.0,-43.0,-45.41,-39.31,11.77,12.190000000000001,-29.64,-71.55,48.21,-10.850000000000001,17.65,-23.98,-37.48,-34.78
2025-08-08T16:27:11.480361,-36.0,15.0,-1.0,-18.0,21.0,-54.0,68.0,-19.0,16.0,13.0,80.0,-72.0,-37.41,15.69,1.77,2.1900000000000013,10.36,-29.55,59.21,2.1499999999999986,25.65,-4.98,28.520000000000003,-63.78
2025-08-08T16:27:11.489654,-46.0,-32.0,-18.0,68.0,-44.0,-53.0,1.0,-64.0,-91.0,48.0,67.0,-10.0,-47.41,-31.31,-15.23,88.19,-54.64,-28.55,-7.789999999999999,-42.85,-81.35,30.02,15.520000000000003,-1.7799999999999994
2025-08-08T16:27:11.498172,27.0,-23.0,-83.0,-6.0,53.0,14.0,11.0,12.0,-66.0,-27.0,113.0,-79.0,25.59,-22.31,-80.23,14.190000000000001,42.36,38.45,2.210000000000001,33.15,-56.35,-44.980000000000004,61.52,-70.78
2025-08-08T16:27:11.503046,34.0,76.0,-32.0,-35.0,39.0,4.0,-13.0,-40.0,12.0,-41.0,41.0,-56.0,32.59,76.69,-29.23,-14.809999999999999,28.36,28.45,-21.79,-18.85,21.65,-58.980000000000004,-10.479999999999997,-47.78
2025-08-08T16:27:11.507498,2.0,-57.0,-42.0,-46.0,-6.0,-48.0,32.0,-19.0,-39.0,-37.0,76.0,-8.0,0.5900000000000001,-56.31,-39.23,-25.81,-16.64,-23.55,23.21,2.1499999999999986,-29.35,-54.980000000000004,24.520000000000003,0.22000000000000064
2025-08-08T16:27:11.512047,1.0,-78.0,58.0,-43.0,13.0,-54.0,-11.0,-43.0,-64.0,28.0,70.0,-44.0,-0.4099999999999999,-77.31,60.77,-22.81,2.3599999999999994,-29.55,-19.79,-21.85,-54.35,10.02,18.520000000000003,-35.78
2025-08-08T16:27:11.516651,39.0,-33.0,-15.0,19.0,-23.0,-71.0,-66.0,20.0,54.0,-32.0,80.0,-64.0,37.59,-32.31,-12.23,39.19,-33.64,-46.55,-74.78999999999999,41.15,63.65,-49.980000000000004,28.520000000000003,-55.78
2025-08-08T16:27:11.522483,-58.0,14.0,54.0,19.0,1.0,0.0,24.0,-30.0,-16.0,-4.0,72.0,-76.0,-59.41,14.69,56.77,39.19,-9.64,24.45,15.21,-8.850000000000001,-6.35,-21.98,20.520000000000003,-67.78
2025-08-08T16:27:11.526881,-54.0,60.0,9.0,25.0,-4.0,-63.0,27.0,-12.0,-39.0,-45.0,11.0,-62.0,-55.41,60.69,11.77,45.19,-14.64,-38.55,18.21,9.149999999999999,-29.35,-62.980000000000004,-40.48,-53.78
2025-08-08T16:27:11.534900,-36.0,75.0,-62.0,8.0,-37.0,-40.0,69.0,-24.0,-19.0,-1.0,102.0,-14.0,-37.41,75.69,-59.23,28.19,-47.64,-15.55,60.21,-2.8500000000000014,-9.35,-18.98,50.52,-5.779999999999999
2025-08-08T16:27:11.539786,-44.0,61.0,-33.0,-75.0,93.0,16.0,1.0,13.0,54.0,-9.0,71.0,-105.0,-45.41,61.69,-30.23,-54.81,82.36,40.45,-7.789999999999999,34.15,63.65,-26.98,19.520000000000003,-96.78
2025-08-08T16:27:11.543978,23.0,23.0,-53.0,27.0,45.0,-91.0,25.0,3.0,-29.0,9.0,49.0,-70.0,21.59,23.69,-50.23,47.19,34.36,-66.55,16.21,24.15,-19.35,-8.98,-2.479999999999997,-61.78
2025-08-08T16:27:11.551822,36.0,20.0,-55.0,19.0,54.0,-57.0,-44.0,-15.0,-11.0,-23.0,81.0,-29.0,34.59,20.69,-52.23,39.19,43.36,-32.55,-52.79,6.149999999999999,-1.3499999999999996,-40.980000000000004,29.520000000000003,-20.78
2025-08-08T16:27:11.559324,-14.0,9.0,-60.0,-9.0,13.0,-30.0,-40.0,15.0,-111.0,26.0,103.0,-64.0,-15.41,9.69,-57.23,11.190000000000001,2.3599999999999994,-5.550000000000001,-48.79,36.15,-101.35,8.02,51.52,-55.78
2025-08-08T16:27:11.564275,12.0,-15.0,33.0,12.0,15.0,-29.0,11.0,11.0,-20.0,-6.0,107.0,-30.0,10.59,-14.31,35.77,32.19,4.359999999999999,-4.550000000000001,2.210000000000001,32.15,-10.35,-23.98,55.52,-21.78
2025-08-08T16:27:11.571573,-25.0,-8.0,11.0,31.0,34.0,-40.0,-19.0,37.0,-36.0,-33.0,29.0,-31.0,-26.41,-7.3100000000000005,13.77,51.19,23.36,-15.55,-27.79,58.15,-26.35,-50.980000000000004,-22.479999999999997,-22.78
2025-08-08T16:27:11.575951,8.0,143.0,22.0,-27.0,13.0,4.0,-29.0,-8.0,-109.0,-19.0,116.0,-30.0,6.59,143.69,24.77,-6.809999999999999,2.3599999999999994,28.45,-37.79,13.149999999999999,-99.35,-36.980000000000004,64.52000000000001,-21.78
2025-08-08T16:27:11.583972,-19.0,-12.0,-82.0,-19.0,62.0,-57.0,18.0,2.0,-88.0,-28.0,151.0,-52.0,-20.41,-11.31,-79.23,1.1900000000000013,51.36,-32.55,9.21,23.15,-78.35,-45.980000000000004,99.52000000000001,-43.78
2025-08-08T16:27:11.588604,39.0,37.0,-73.0,-4.0,54.0,-20.0,-5.0,-25.0,-16.0,-22.0,19.0,-21.0,37.59,37.69,-70.23,16.19,43.36,4.449999999999999,-13.79,-3.8500000000000014,-6.35,-39.980000000000004,-32.48,-12.78
2025-08-08T16:27:11.596236,-39.0,16.0,-128.0,26.0,46.0,-62.0,-11.0,-59.0,-54.0,-18.0,88.0,-73.0,-40.41,16.69,-125.23,46.19,35.36,-37.55,-19.79,-37.85,-44.35,-35.980000000000004,36.52,-64.78
2025-08-08T16:27:11.600486,81.0,16.0,-39.0,-21.0,35.0,-59.0,92.0,60.0,-53.0,33.0,51.0,-67.0,79.59,16.69,-36.23,-0.8099999999999987,24.36,-34.55,83.21000000000001,81.15,-43.35,15.02,-0.4799999999999969,-58.78
2025-08-08T16:27:11.605152,18.0,-43.0,49.0,78.0,-61.0,1.0,54.0,-33.0,-66.0,-40.0,121.0,-24.0,16.59,-42.31,51.77,98.19,-71.64,25.45,45.21,-11.850000000000001,-56.35,-57.980000000000004,69.52000000000001,-15.78
2025-08-08T16:27:11.612737,-11.0,-40.0,-1.0,10.0,41.0,-23.0,22.0,-115.0,26.0,21.0,145.0,-59.0,-12.41,-39.31,1.77,30.19,30.36,1.4499999999999993,13.21,-93.85,35.65,3.0199999999999996,93.52000000000001,-50.78
2025-08-08T16:27:11.620766,9.0,86.0,12.0,-62.0,38.0,-11.0,-41.0,-21.0,-22.0,-17.0,60.0,-85.0,7.59,86.69,14.77,-41.81,27.36,13.45,-49.79,0.14999999999999858,-12.35,-34.980000000000004,8.520000000000003,-76.78
2025-08-08T16:27:11.625305,-27.0,49.0,-21.0,36.0,121.0,-41.0,-31.0,7.0,33.0,10.0,131.0,-43.0,-28.41,49.69,-18.23,56.19,110.36,-16.55,-39.79,28.15,42.65,-7.98,79.52000000000001,-34.78
2025-08-08T16:27:11.633073,60.0,18.0,-55.0,16.0,53.0,-22.0,-39.0,-12.0,-8.0,-38.0,81.0,-78.0,58.59,18.69,-52.23,36.19,42.36,2.4499999999999993,-47.79,9.149999999999999,1.6500000000000004,-55.980000000000004,29.520000000000003,-69.78
2025-08-08T16:27:11.637559,31.0,-9.0,-72.0,-39.0,-11.0,-105.0,-3.0,11.0,0.0,-32.0,14.0,-115.0,29.59,-8.31,-69.23,-18.81,-21.64,-80.55,-11.79,32.15,9.65,-49.980000000000004,-37.48,-106.78
2025-08-08T16:27:11.642113,27.0,-26.0,31.0,2.0,46.0,-7.0,21.0,-36.0,-77.0,23.0,106.0,-25.0,25.59,-25.31,33.77,22.19,35.36,17.45,12.21,-14.850000000000001,-67.35,5.02,54.52,-16.78
2025-08-08T16:27:11.650010,25.0,-48.0,-16.0,-16.0,30.0,-45.0,-67.0,20.0,0.0,-11.0,111.0,-76.0,23.59,-47.31,-13.23,4.190000000000001,19.36,-20.55,-75.78999999999999,41.15,9.65,-28.98,59.52,-67.78
2025-08-08T16:27:11.654309,-80.0,22.0,18.0,-21.0,37.0,-22.0,-1.0,-23.0,-4.0,21.0,119.0,-11.0,-81.41,22.69,20.77,-0.8099999999999987,26.36,2.4499999999999993,-9.79,-1.8500000000000014,5.65,3.0199999999999996,67.52000000000001,-2.7799999999999994
2025-08-08T16:27:11.661910,-33.0,83.0,-76.0,41.0,60.0,-70.0,40.0,-27.0,-60.0,-50.0,80.0,-67.0,-34.41,83.69,-73.23,61.19,49.36,-45.55,31.21,-5.850000000000001,-50.35,-67.98,28.520000000000003,-58.78
2025-08-08T16:27:11.666615,-1.0,14.0,-64.0,-4.0,11.0,-101.0,-22.0,-62.0,-38.0,0.0,121.0,-50.0,-2.41,14.69,-61.23,16.19,0.35999999999999943,-76.55,-30.79,-40.85,-28.35,-17.98,69.52000000000001,-41.78
2025-08-08T16:27:11.674511,36.0,-39.0,-97.0,69.0,-16.0,-75.0,-31.0,-29.0,-15.0,46.0,95.0,-101.0,34.59,-38.31,-94.23,89.19,-26.64,-50.55,-39.79,-7.850000000000001,-5.35,28.02,43.52,-92.78
2025-08-08T16:27:11.678746,72.0,-5.0,52.0,36.0,-5.0,-89.0,48.0,-53.0,-61.0,37.0,143.0,-52.0,70.59,-4.3100000000000005,54.77,56.19,-15.64,-64.55,39.21,-31.85,-51.35,19.02,91.52000000000001,-43.78
2025-08-08T16:27:11.687042,4.0,-54.0,-23.0,4.0,36.0,-57.0,-18.0,-45.0,-32.0,48.0,85.0,-80.0,2.59,-53.31,-20.23,24.19,25.36,-32.55,-26.79,-23.85,-22.35,30.02,33.52,-71.78
2025-08-08T16:27:11.691202,-3.0,-7.0,-50.0,-5.0,27.0,-47.0,10.0,12.0,-35.0,38.0,46.0,-65.0,-4.41,-6.3100000000000005,-47.23,15.190000000000001,16.36,-22.55,1.2100000000000009,33.15,-25.35,20.02,-5.479999999999997,-56.78
2025-08-08T16:27:11.698773,-66.0,16.0,20.0,-81.0,-1.0,13.0,15.0,-61.0,-53.0,-74.0,74.0,-6.0,-67.41,16.69,22.77,-60.81,-11.64,37.45,6.210000000000001,-39.85,-43.35,-91.98,22.520000000000003,2.2200000000000006
2025-08-08T16:27:11.703211,-17.0,61.0,21.0,-52.0,1.0,-81.0,25.0,-17.0,-71.0,-10.0,90.0,-92.0,-18.41,61.69,23.77,-31.81,-9.64,-56.55,16.21,4.149999999999999,-61.35,-27.98,38.52,-83.78
2025-08-08T16:27:11.710982,-25.0,38.0,-42.0,23.0,23.0,-24.0,-28.0,20.0,-35.0,-28.0,88.0,-54.0,-26.41,38.69,-39.23,43.19,12.36,0.4499999999999993,-36.79,41.15,-25.35,-45.980000000000004,36.52,-45.78
2025-08-08T16:27:11.715321,75.0,-5.0,-38.0,46.0,19.0,-91.0,11.0,-35.0,-35.0,-54.0,71.0,-43.0,73.59,-4.3100000000000005,-35.23,66.19,8.36,-66.55,2.210000000000001,-13.850000000000001,-25.35,-71.98,19.520000000000003,-34.78
2025-08-08T16:27:11.723604,1.0,-19.0,-71.0,52.0,25.0,-71.0,24.0,-53.0,-30.0,-31.0,66.0,-42.0,-0.4099999999999999,-18.31,-68.23,72.19,14.36,-46.55,15.21,-31.85,-20.35,-48.980000000000004,14.520000000000003,-33.78
2025-08-08T16:27:11.727622,32.0,-33.0,23.0,20.0,53.0,-44.0,49.0,-58.0,-28.0,48.0,118.0,-36.0,30.59,-32.31,25.77,40.19,42.36,-19.55,40.21,-36.85,-18.35,30.02,66.52000000000001,-27.78
2025-08-08T16:27:11.735636,15.0,1.0,15.0,-45.0,12.0,-57.0,18.0,-108.0,-1.0,11.0,93.0,-11.0,13.59,1.69,17.77,-24.81,1.3599999999999994,-32.55,9.21,-86.85,8.65,-6.98,41.52,-2.7799999999999994
2025-08-08T16:27:11.741669,37.0,-8.0,55.0,-49.0,21.0,-91.0,24.0,54.0,-49.0,-20.0,54.0,5.0,35.59,-7.3100000000000005,57.77,-28.81,10.36,-66.55,15.21,75.15,-39.35,-37.980000000000004,2.520000000000003,13.22
2025-08-08T16:27:11.747846,-69.0,7.0,13.0,46.0,25.0,-38.0,16.0,-84.0,13.0,42.0,25.0,-51.0,-70.41,7.6899999999999995,15.77,66.19,14.36,-13.55,7.210000000000001,-62.85,22.65,24.02,-26.479999999999997,-42.78
2025-08-08T16:27:11.752600,12.0,1.0,-55.0,-5.0,-31.0,-110.0,64.0,-38.0,-106.0,13.0,74.0,-43.0,10.59,1.69,-52.23,15.190000000000001,-41.64,-85.55,55.21,-16.85,-96.35,-4.98,22.520000000000003,-34.78
2025-08-08T16:27:11.760563,78.0,85.0,-110.0,56.0,18.0,-7.0,48.0,20.0,-34.0,43.0,113.0,-103.0,76.59,85.69,-107.23,76.19,7.359999999999999,17.45,39.21,41.15,-24.35,25.02,61.52,-94.78
2025-08-08T16:27:11.764589,15.0,-51.0,-33.0,40.0,-22.0,-98.0,-114.0,42.0,-58.0,-23.0,108.0,-77.0,13.59,-50.31,-30.23,60.19,-32.64,-73.55,-122.78999999999999,63.15,-48.35,-40.980000000000004,56.52,-68.78
2025-08-08T16:27:11.773156,63.0,-21.0,-9.0,24.0,60.0,-19.0,-58.0,69.0,-23.0,-61.0,98.0,-47.0,61.59,-20.31,-6.23,44.19,49.36,5.449999999999999,-66.78999999999999,90.15,-13.35,-78.98,46.52,-38.78
2025-08-08T16:27:11.776881,44.0,-18.0,14.0,-80.0,29.0,-41.0,37.0,46.0,-21.0,47.0,166.0,-84.0,42.59,-17.31,16.77,-59.81,18.36,-16.55,28.21,67.15,-11.35,29.02,114.52000000000001,-75.78
2025-08-08T16:27:11.785269,-6.0,16.0,-10.0,-13.0,38.0,-56.0,12.0,-45.0,-70.0,-45.0,71.0,-24.0,-7.41,16.69,-7.23,7.190000000000001,27.36,-31.55,3.210000000000001,-23.85,-60.35,-62.980000000000004,19.520000000000003,-15.78
2025-08-08T16:27:11.789868,-37.0,96.0,-97.0,41.0,9.0,-67.0,-9.0,-60.0,-14.0,-10.0,62.0,1.0,-38.41,96.69,-94.23,61.19,-1.6400000000000006,-42.55,-17.79,-38.85,-4.35,-27.98,10.520000000000003,9.22
2025-08-08T16:27:11.797058,13.0,10.0,-131.0,-7.0,36.0,-101.0,23.0,-8.0,-47.0,-47.0,35.0,-43.0,11.59,10.69,-128.23,13.190000000000001,25.36,-76.55,14.21,13.149999999999999,-37.35,-64.98,-16.479999999999997,-34.78
2025-08-08T16:27:11.802363,66.0,64.0,-73.0,-21.0,-4.0,-101.0,15.0,17.0,-33.0,-29.0,137.0,-62.0,64.59,64.69,-70.23,-0.8099999999999987,-14.64,-76.55,6.210000000000001,38.15,-23.35,-46.980000000000004,85.52000000000001,-53.78
2025-08-08T16:27:11.809885,106.0,-34.0,-44.0,-38.0,64.0,-56.0,71.0,-51.0,-82.0,-40.0,61.0,-51.0,104.59,-33.31,-41.23,-17.81,53.36,-31.55,62.21,-29.85,-72.35,-57.980000000000004,9.520000000000003,-42.78
2025-08-08T16:27:11.813973,79.0,11.0,15.0,43.0,-22.0,-24.0,12.0,-47.0,-24.0,-44.0,113.0,-32.0,77.59,11.69,17.77,63.19,-32.64,0.4499999999999993,3.210000000000001,-25.85,-14.35,-61.980000000000004,61.52,-23.78
2025-08-08T16:27:11.821957,0.0,64.0,-21.0,-66.0,-19.0,-146.0,-32.0,-11.0,-78.0,-45.0,101.0,2.0,-1.41,64.69,-18.23,-45.81,-29.64,-121.55,-40.79,10.149999999999999,-68.35,-62.980000000000004,49.52,10.22
2025-08-08T16:27:11.825919,-21.0,40.0,9.0,21.0,38.0,-66.0,21.0,-7.0,50.0,21.0,92.0,-87.0,-22.41,40.69,11.77,41.19,27.36,-41.55,12.21,14.149999999999999,59.65,3.0199999999999996,40.52,-78.78
2025-08-08T16:27:11.833993,6.0,104.0,39.0,42.0,82.0,-110.0,31.0,-4.0,9.0,7.0,149.0,-14.0,4.59,104.69,41.77,62.19,71.36,-85.55,22.21,17.15,18.65,-10.98,97.52000000000001,-5.779999999999999
2025-08-08T16:27:11.838351,-30.0,111.0,84.0,-33.0,6.0,-36.0,-1.0,-74.0,25.0,105.0,135.0,26.0,-31.41,111.69,86.77,-12.809999999999999,-4.640000000000001,-11.55,-9.79,-52.85,34.65,87.02,83.52000000000001,34.22
2025-08-08T16:27:11.846801,-50.0,57.0,-45.0,7.0,-7.0,-64.0,42.0,-57.0,-39.0,36.0,136.0,-19.0,-51.41,57.69,-42.23,27.19,-17.64,-39.55,33.21,-35.85,-29.35,18.02,84.52000000000001,-10.78
2025-08-08T16:27:11.851350,64.0,92.0,-20.0,14.0,14.0,11.0,61.0,-12.0,-93.0,-1.0,138.0,-36.0,62.59,92.69,-17.23,34.19,3.3599999999999994,35.45,52.21,9.149999999999999,-83.35,-18.98,86.52000000000001,-27.78
2025-08-08T16:27:11.859109,58.0,56.0,13.0,10.0,-6.0,-79.0,0.0,-29.0,-23.0,86.0,71.0,-59.0,56.59,56.69,15.77,30.19,-16.64,-54.55,-8.79,-7.850000000000001,-13.35,68.02,19.520000000000003,-50.78
2025-08-08T16:27:11.863990,50.0,-76.0,-8.0,-19.0,71.0,-54.0,78.0,-60.0,-45.0,83.0,153.0,-15.0,48.59,-75.31,-5.23,1.1900000000000013,60.36,-29.55,69.21000000000001,-38.85,-35.35,65.02,101.52000000000001,-6.779999999999999
2025-08-08T16:27:11.871141,50.0,50.0,30.0,26.0,17.0,-141.0,20.0,-35.0,-59.0,10.0,136.0,6.0,48.59,50.69,32.77,46.19,6.359999999999999,-116.55,11.21,-13.850000000000001,-49.35,-7.98,84.52000000000001,14.22
2025-08-08T16:27:11.875485,-6.0,30.0,0.0,82.0,39.0,-28.0,32.0,-36.0,-159.0,110.0,123.0,11.0,-7.41,30.69,2.77,102.19,28.36,-3.5500000000000007,23.21,-14.850000000000001,-149.35,92.02,71.52000000000001,19.22
2025-08-08T16:27:11.883638,25.0,124.0,84.0,65.0,-14.0,-61.0,74.0,-12.0,-112.0,89.0,147.0,12.0,23.59,124.69,86.77,85.19,-24.64,-36.55,65.21000000000001,9.149999999999999,-102.35,71.02,95.52000000000001,20.22
2025-08-08T16:27:11.887916,-35.0,71.0,-40.0,-47.0,37.0,-16.0,86.0,-39.0,-58.0,33.0,121.0,34.0,-36.41,71.69,-37.23,-26.81,26.36,8.45,77.21000000000001,-17.85,-48.35,15.02,69.52000000000001,42.22
2025-08-08T16:27:11.896330,32.0,127.0,54.0,1.0,95.0,-154.0,48.0,33.0,-25.0,44.0,113.0,-1.0,30.59,127.69,56.77,21.19,84.36,-129.55,39.21,54.15,-15.35,26.02,61.52,7.220000000000001
2025-08-08T16:27:11.900300,18.0,-27.0,-22.0,112.0,21.0,-98.0,43.0,-72.0,-56.0,92.0,139.0,-2.0,16.59,-26.31,-19.23,132.19,10.36,-73.55,34.21,-50.85,-46.35,74.02,87.52000000000001,6.220000000000001
2025-08-08T16:27:11.908685,-10.0,64.0,0.0,38.0,65.0,-128.0,92.0,28.0,-35.0,86.0,184.0,-5.0,-11.41,64.69,2.77,58.19,54.36,-103.55,83.21000000000001,49.15,-25.35,68.02,132.52,3.2200000000000006
2025-08-08T16:27:11.914647,-22.0,102.0,69.0,111.0,29.0,-37.0,44.0,-13.0,-70.0,131.0,198.0,-25.0,-23.41,102.69,71.77,131.19,18.36,-12.55,35.21,8.149999999999999,-60.35,113.02,146.52,-16.78
2025-08-08T16:27:11.921408,11.0,163.0,-1.0,73.0,14.0,-67.0,154.0,-47.0,-111.0,40.0,183.0,-39.0,9.59,163.69,1.77,93.19,3.3599999999999994,-42.55,145.21,-25.85,-101.35,22.02,131.52,-30.78
2025-08-08T16:27:11.926766,36.0,67.0,39.0,19.0,35.0,-123.0,112.0,24.0,-54.0,73.0,200.0,-24.0,34.59,67.69,41.77,39.19,24.36,-98.55,103.21000000000001,45.15,-44.35,55.019999999999996,148.52,-15.78
2025-08-08T16:27:11.932680,171.0,166.0,-47.0,138.0,75.0,-44.0,67.0,-55.0,-125.0,112.0,203.0,16.0,169.59,166.69,-44.23,158.19,64.36,-19.55,58.21,-33.85,-115.35,94.02,151.52,24.22
2025-08-08T16:27:11.940199,113.0,141.0,41.0,111.0,64.0,-95.0,24.0,-26.0,-72.0,176.0,182.0,-9.0,111.59,141.69,43.77,131.19,53.36,-70.55,15.21,-4.850000000000001,-62.35,158.02,130.52,-0.7799999999999994
2025-08-08T16:27:11.944532,13.0,109.0,13.0,86.0,81.0,-41.0,35.0,-46.0,-114.0,173.0,109.0,-67.0,11.59,109.69,15.77,106.19,70.36,-16.55,26.21,-24.85,-104.35,155.02,57.52,-58.78
2025-08-08T16:27:11.952611,-23.0,105.0,21.0,44.0,108.0,-146.0,69.0,7.0,-108.0,179.0,183.0,33.0,-24.41,105.69,23.77,64.19,97.36,-121.55,60.21,28.15,-98.35,161.02,131.52,41.22
2025-08-08T16:27:11.956860,35.0,183.0,-53.0,121.0,41.0,-83.0,90.0,-34.0,-144.0,171.0,131.0,11.0,33.59,183.69,-50.23,141.19,30.36,-58.55,81.21000000000001,-12.850000000000001,-134.35,153.02,79.52000000000001,19.22
2025-08-08T16:27:11.964854,109.0,77.0,0.0,111.0,10.0,-70.0,64.0,14.0,-121.0,106.0,163.0,31.0,107.59,77.69,2.77,131.19,-0.6400000000000006,-45.55,55.21,35.15,-111.35,88.02,111.52000000000001,39.22
2025-08-08T16:27:11.969213,75.0,111.0,11.0,98.0,28.0,-100.0,137.0,-41.0,-149.0,105.0,186.0,-28.0,73.59,111.69,13.77,118.19,17.36,-75.55,128.21,-19.85,-139.35,87.02,134.52,-19.78
2025-08-08T16:27:11.977272,12.0,207.0,62.0,74.0,45.0,-125.0,33.0,-65.0,-81.0,71.0,203.0,18.0,10.59,207.69,64.77,94.19,34.36,-100.55,24.21,-43.85,-71.35,53.019999999999996,151.52,26.22
2025-08-08T16:27:11.981541,50.0,141.0,-42.0,82.0,68.0,-152.0,41.0,6.0,-97.0,134.0,178.0,-52.0,48.59,141.69,-39.23,102.19,57.36,-127.55,32.21,27.15,-87.35,116.02,126.52000000000001,-43.78
2025-08-08T16:27:11.990089,100.0,122.0,18.0,129.0,14.0,-145.0,10.0,-44.0,-127.0,142.0,177.0,-26.0,98.59,122.69,20.77,149.19,3.3599999999999994,-120.55,1.2100000000000009,-22.85,-117.35,124.02,125.52000000000001,-17.78
2025-08-08T16:27:11.994046,63.0,104.0,37.0,68.0,36.0,-72.0,31.0,-8.0,-124.0,169.0,127.0,-66.0,61.59,104.69,39.77,88.19,25.36,-47.55,22.21,13.149999999999999,-114.35,151.02,75.52000000000001,-57.78
2025-08-08T16:27:12.002196,41.0,108.0,81.0,20.0,52.0,-97.0,62.0,12.0,-89.0,179.0,208.0,-16.0,39.59,108.69,83.77,40.19,41.36,-72.55,53.21,33.15,-79.35,161.02,156.52,-7.779999999999999
2025-08-08T16:27:12.007111,-17.0,132.0,14.0,26.0,30.0,-72.0,65.0,-61.0,-113.0,143.0,221.0,-28.0,-18.41,132.69,16.77,46.19,19.36,-47.55,56.21,-39.85,-103.35,125.02,169.52,-19.78
2025-08-08T16:27:12.016198,31.0,113.0,-31.0,98.0,50.0,-80.0,63.0,-10.0,-123.0,172.0,98.0,-20.0,29.59,113.69,-28.23,118.19,39.36,-55.55,54.21,11.149999999999999,-113.35,154.02,46.52,-11.78
2025-08-08T16:27:12.022354,82.0,193.0,2.0,68.0,39.0,-33.0,-24.0,-85.0,-100.0,172.0,117.0,-61.0,80.59,193.69,4.77,88.19,28.36,-8.55,-32.79,-63.85,-90.35,154.02,65.52000000000001,-52.78
2025-08-08T16:27:12.028447,93.0,61.0,89.0,-2.0,84.0,-110.0,44.0,-19.0,-30.0,175.0,103.0,-23.0,91.59,61.69,91.77,18.19,73.36,-85.55,35.21,2.1499999999999986,-20.35,157.02,51.52,-14.78
2025-08-08T16:27:12.034551,47.0,91.0,87.0,68.0,58.0,-146.0,40.0,37.0,-139.0,206.0,150.0,36.0,45.59,91.69,89.77,88.19,47.36,-121.55,31.21,58.15,-129.35,188.02,98.52000000000001,44.22
2025-08-08T16:27:12.040333,-9.0,44.0,59.0,135.0,100.0,-142.0,98.0,27.0,-78.0,177.0,157.0,-17.0,-10.41,44.69,61.77,155.19,89.36,-117.55,89.21000000000001,48.15,-68.35,159.02,105.52000000000001,-8.78
2025-08-08T16:27:12.047326,64.0,189.0,-11.0,88.0,56.0,-87.0,167.0,44.0,-129.0,62.0,151.0,47.0,62.59,189.69,-8.23,108.19,45.36,-62.55,158.21,65.15,-119.35,44.019999999999996,99.52000000000001,55.22
2025-08-08T16:27:12.052753,114.0,211.0,16.0,52.0,79.0,-100.0,136.0,-49.0,-100.0,126.0,153.0,-34.0,112.59,211.69,18.77,72.19,68.36,-75.55,127.21000000000001,-27.85,-90.35,108.02,101.52000000000001,-25.78
2025-08-08T16:27:12.059917,89.0,81.0,8.0,151.0,132.0,-122.0,17.0,-3.0,-131.0,114.0,196.0,54.0,87.59,81.69,10.77,171.19,121.36,-97.55,8.21,18.15,-121.35,96.02,144.52,62.22
2025-08-08T16:27:12.065137,36.0,144.0,81.0,123.0,63.0,-67.0,96.0,10.0,-110.0,135.0,248.0,12.0,34.59,144.69,83.77,143.19,52.36,-42.55,87.21000000000001,31.15,-100.35,117.02,196.52,20.22
2025-08-08T16:27:12.072791,33.0,164.0,1.0,36.0,60.0,-92.0,54.0,-72.0,-169.0,123.0,243.0,-34.0,31.59,164.69,3.77,56.19,49.36,-67.55,45.21,-50.85,-159.35,105.02,191.52,-25.78
2025-08-08T16:27:12.077304,105.0,164.0,92.0,58.0,60.0,-82.0,74.0,-59.0,-131.0,141.0,181.0,-48.0,103.59,164.69,94.77,78.19,49.36,-57.55,65.21000000000001,-37.85,-121.35,123.02,129.52,-39.78
2025-08-08T16:27:12.085097,54.0,63.0,53.0,57.0,11.0,-174.0,105.0,4.0,-130.0,134.0,169.0,52.0,52.59,63.69,55.77,77.19,0.35999999999999943,-149.55,96.21000000000001,25.15,-120.35,116.02,117.52000000000001,60.22
2025-08-08T16:27:12.096750,10.0,72.0,21.0,114.0,101.0,-105.0,51.0,22.0,-134.0,176.0,187.0,44.0,8.59,72.69,23.77,134.19,90.36,-80.55,42.21,43.15,-124.35,158.02,135.52,52.22
2025-08-08T16:27:12.101580,69.0,189.0,-21.0,67.0,89.0,-60.0,35.0,3.0,-141.0,167.0,139.0,-62.0,67.59,189.69,-18.23,87.19,78.36,-35.55,26.21,24.15,-131.35,149.02,87.52000000000001,-53.78
2025-08-08T16:27:12.105113,54.0,178.0,14.0,62.0,48.0,-158.0,17.0,43.0,-169.0,198.0,113.0,-59.0,52.59,178.69,16.77,82.19,37.36,-133.55,8.21,64.15,-159.35,180.02,61.52,-50.78
2025-08-08T16:27:12.108458,26.0,86.0,76.0,126.0,91.0,-86.0,85.0,20.0,-136.0,169.0,138.0,-26.0,24.59,86.69,78.77,146.19,80.36,-61.55,76.21000000000001,41.15,-126.35,151.02,86.52000000000001,-17.78
2025-08-08T16:27:12.116411,42.0,56.0,86.0,146.0,21.0,-70.0,85.0,-26.0,-62.0,119.0,127.0,51.0,40.59,56.69,88.77,166.19,10.36,-45.55,76.21000000000001,-4.850000000000001,-52.35,101.02,75.52000000000001,59.22
2025-08-08T16:27:12.120729,58.0,130.0,8.0,81.0,45.0,-54.0,90.0,43.0,-110.0,108.0,136.0,-34.0,56.59,130.69,10.77,101.19,34.36,-29.55,81.21000000000001,64.15,-100.35,90.02,84.52000000000001,-25.78
2025-08-08T16:27:12.128724,27.0,143.0,22.0,87.0,95.0,-59.0,100.0,-10.0,-161.0,107.0,169.0,-14.0,25.59,143.69,24.77,107.19,84.36,-34.55,91.21000000000001,11.149999999999999,-151.35,89.02,117.52000000000001,-5.779999999999999
2025-08-08T16:27:12.133155,117.0,21.0,-36.0,121.0,76.0,-109.0,72.0,25.0,-108.0,105.0,254.0,12.0,115.59,21.69,-33.23,141.19,65.36,-84.55,63.21,46.15,-98.35,87.02,202.52,20.22
2025-08-08T16:27:12.141618,107.0,126.0,90.0,32.0,93.0,-49.0,-41.0,-44.0,-86.0,145.0,235.0,-87.0,105.59,126.69,92.77,52.19,82.36,-24.55,-49.79,-22.85,-76.35,127.02,183.52,-78.78
2025-08-08T16:27:12.147181,68.0,126.0,74.0,46.0,60.0,-62.0,100.0,-37.0,-116.0,185.0,199.0,-32.0,66.59,126.69,76.77,66.19,49.36,-37.55,91.21000000000001,-15.850000000000001,-106.35,167.02,147.52,-23.78
2025-08-08T16:27:12.154165,8.0,143.0,12.0,9.0,46.0,-142.0,114.0,39.0,-65.0,209.0,168.0,-51.0,6.59,143.69,14.77,29.19,35.36,-117.55,105.21000000000001,60.15,-55.35,191.02,116.52000000000001,-42.78
2025-08-08T16:27:12.158571,100.0,247.0,53.0,167.0,61.0,-121.0,64.0,-73.0,-95.0,136.0,198.0,32.0,98.59,247.69,55.77,187.19,50.36,-96.55,55.21,-51.85,-85.35,118.02,146.52,40.22
2025-08-08T16:27:12.166407,6.0,104.0,58.0,130.0,11.0,-94.0,61.0,-57.0,-84.0,221.0,155.0,52.0,4.59,104.69,60.77,150.19,0.35999999999999943,-69.55,52.21,-35.85,-74.35,203.02,103.52000000000001,60.22
2025-08-08T16:27:12.171610,70.0,136.0,38.0,32.0,50.0,-69.0,126.0,41.0,-86.0,156.0,117.0,3.0,68.59,136.69,40.77,52.19,39.36,-44.55,117.21000000000001,62.15,-76.35,138.02,65.52000000000001,11.22
2025-08-08T16:27:12.178608,53.0,161.0,80.0,41.0,14.0,-138.0,51.0,21.0,-110.0,153.0,176.0,-54.0,51.59,161.69,82.77,61.19,3.3599999999999994,-113.55,42.21,42.15,-100.35,135.02,124.52000000000001,-45.78
2025-08-08T16:27:12.186142,49.0,143.0,46.0,94.0,67.0,-150.0,91.0,-32.0,-179.0,137.0,167.0,-31.0,47.59,143.69,48.77,114.19,56.36,-125.55,82.21000000000001,-10.850000000000001,-169.35,119.02,115.52000000000001,-22.78
2025-08-08T16:27:12.191106,113.0,53.0,-24.0,51.0,10.0,-129.0,58.0,-51.0,-92.0,100.0,147.0,38.0,111.59,53.69,-21.23,71.19,-0.6400000000000006,-104.55,49.21,-29.85,-82.35,82.02,95.52000000000001,46.22
2025-08-08T16:27:12.198565,83.0,73.0,20.0,91.0,15.0,-58.0,98.0,-96.0,-83.0,128.0,205.0,-17.0,81.59,73.69,22.77,111.19,4.359999999999999,-33.55,89.21000000000001,-74.85,-73.35,110.02,153.52,-8.78
2025-08-08T16:27:12.203394,36.0,68.0,17.0,44.0,13.0,-135.0,84.0,-57.0,-165.0,200.0,246.0,-73.0,34.59,68.69,19.77,64.19,2.3599999999999994,-110.55,75.21000000000001,-35.85,-155.35,182.02,194.52,-64.78
2025-08-08T16:27:12.211046,40.0,178.0,45.0,117.0,14.0,-170.0,59.0,-28.0,-69.0,100.0,219.0,-22.0,38.59,178.69,47.77,137.19,3.3599999999999994,-145.55,50.21,-6.850000000000001,-59.35,82.02,167.52,-13.78
2025-08-08T16:27:12.215651,-4.0,219.0,-39.0,144.0,58.0,-154.0,76.0,65.0,-128.0,213.0,200.0,-50.0,-5.41,219.69,-36.23,164.19,47.36,-129.55,67.21000000000001,86.15,-118.35,195.02,148.52,-41.78
2025-08-08T16:27:12.223463,65.0,76.0,-55.0,78.0,36.0,-98.0,93.0,46.0,-104.0,144.0,152.0,-48.0,63.59,76.69,-52.23,98.19,25.36,-73.55,84.21000000000001,67.15,-94.35,126.02,100.52000000000001,-39.78
2025-08-08T16:27:12.227391,63.0,85.0,37.0,88.0,32.0,-147.0,118.0,-83.0,-155.0,172.0,134.0,9.0,61.59,85.69,39.77,108.19,21.36,-122.55,109.21000000000001,-61.85,-145.35,154.02,82.52000000000001,17.22
2025-08-08T16:27:12.235982,36.0,113.0,27.0,23.0,7.0,-83.0,107.0,-4.0,-80.0,182.0,108.0,-60.0,34.59,113.69,29.77,43.19,-3.6400000000000006,-58.55,98.21000000000001,17.15,-70.35,164.02,56.52,-51.78
2025-08-08T16:27:12.239900,21.0,165.0,39.0,95.0,85.0,-152.0,55.0,-52.0,-91.0,185.0,123.0,5.0,19.59,165.69,41.77,115.19,74.36,-127.55,46.21,-30.85,-81.35,167.02,71.52000000000001,13.22
2025-08-08T16:27:12.248354,32.0,168.0,28.0,85.0,-12.0,-102.0,32.0,-26.0,-137.0,223.0,132.0,-27.0,30.59,168.69,30.77,105.19,-22.64,-77.55,23.21,-4.850000000000001,-127.35,205.02,80.52000000000001,-18.78
2025-08-08T16:27:12.253498,96.0,58.0,33.0,97.0,26.0,-84.0,91.0,-26.0,-108.0,226.0,162.0,44.0,94.59,58.69,35.77,117.19,15.36,-59.55,82.21000000000001,-4.850000000000001,-98.35,208.02,110.52000000000001,52.22
2025-08-08T16:27:12.260763,91.0,76.0,61.0,49.0,67.0,-44.0,84.0,-62.0,-133.0,210.0,91.0,42.0,89.59,76.69,63.77,69.19,56.36,-19.55,75.21000000000001,-40.85,-123.35,192.02,39.52,50.22
2025-08-08T16:27:12.265929,-22.0,93.0,-2.0,33.0,60.0,-148.0,98.0,3.0,-96.0,187.0,111.0,18.0,-23.41,93.69,0.77,53.19,49.36,-123.55,89.21000000000001,24.15,-86.35,169.02,59.52,26.22
2025-08-08T16:27:12.273124,62.0,149.0,97.0,88.0,95.0,-69.0,76.0,-40.0,-88.0,209.0,145.0,58.0,60.59,149.69,99.77,108.19,84.36,-44.55,67.21000000000001,-18.85,-78.35,191.02,93.52000000000001,66.22
2025-08-08T16:27:12.280319,42.0,157.0,-9.0,42.0,-20.0,-82.0,121.0,-27.0,-71.0,187.0,146.0,-15.0,40.59,157.69,-6.23,62.19,-30.64,-57.55,112.21000000000001,-5.850000000000001,-61.35,169.02,94.52000000000001,-6.779999999999999
2025-08-08T16:27:12.285227,89.0,100.0,-5.0,17.0,26.0,-69.0,30.0,10.0,-106.0,177.0,103.0,-5.0,87.59,100.69,-2.23,37.19,15.36,-44.55,21.21,31.15,-96.35,159.02,51.52,3.2200000000000006
2025-08-08T16:27:12.292687,130.0,57.0,25.0,105.0,17.0,-100.0,97.0,18.0,-122.0,143.0,193.0,34.0,128.59,57.69,27.77,125.19,6.359999999999999,-75.55,88.21000000000001,39.15,-112.35,125.02,141.52,42.22
2025-08-08T16:27:12.296918,85.0,59.0,-13.0,36.0,131.0,-151.0,65.0,-48.0,-106.0,142.0,145.0,3.0,83.59,59.69,-10.23,56.19,120.36,-126.55,56.21,-26.85,-96.35,124.02,93.52000000000001,11.22
2025-08-08T16:27:12.304947,-45.0,126.0,43.0,121.0,-36.0,-89.0,101.0,-62.0,-122.0,142.0,202.0,14.0,-46.41,126.69,45.77,141.19,-46.64,-64.55,92.21000000000001,-40.85,-112.35,124.02,150.52,22.22
2025-08-08T16:27:12.309837,32.0,132.0,28.0,107.0,85.0,-70.0,104.0,-14.0,-177.0,171.0,189.0,-42.0,30.59,132.69,30.77,127.19,74.36,-45.55,95.21000000000001,7.149999999999999,-167.35,153.02,137.52,-33.78
2025-08-08T16:27:12.317477,45.0,67.0,6.0,37.0,76.0,-98.0,55.0,-9.0,-148.0,149.0,176.0,-28.0,43.59,67.69,8.77,57.19,65.36,-73.55,46.21,12.149999999999999,-138.35,131.02,124.52000000000001,-19.78
2025-08-08T16:27:12.321582,49.0,93.0,28.0,126.0,67.0,-132.0,119.0,-19.0,-101.0,159.0,203.0,2.0,47.59,93.69,30.77,146.19,56.36,-107.55,110.21000000000001,2.1499999999999986,-91.35,141.02,151.52,10.22
2025-08-08T16:27:12.329857,15.0,124.0,45.0,88.0,74.0,-117.0,67.0,-30.0,-101.0,168.0,195.0,5.0,13.59,124.69,47.77,108.19,63.36,-92.55,58.21,-8.850000000000001,-91.35,150.02,143.52,13.22
2025-08-08T16:27:12.333773,2.0,147.0,-46.0,62.0,46.0,-39.0,58.0,2.0,-115.0,206.0,119.0,-36.0,0.5900000000000001,147.69,-43.23,82.19,35.36,-14.55,49.21,23.15,-105.35,188.02,67.52000000000001,-27.78
2025-08-08T16:27:12.341821,75.0,167.0,-41.0,59.0,106.0,-104.0,59.0,11.0,-170.0,171.0,119.0,-119.0,73.59,167.69,-38.23,79.19,95.36,-79.55,50.21,32.15,-160.35,153.02,67.52000000000001,-110.78
2025-08-08T16:27:12.346843,62.0,43.0,15.0,125.0,96.0,-91.0,96.0,-15.0,-75.0,153.0,103.0,9.0,60.59,43.69,17.77,145.19,85.36,-66.55,87.21000000000001,6.149999999999999,-65.35,135.02,51.52,17.22
2025-08-08T16:27:12.354164,19.0,106.0,84.0,69.0,16.0,-74.0,43.0,-52.0,-121.0,171.0,178.0,27.0,17.59,106.69,86.77,89.19,5.359999999999999,-49.55,34.21,-30.85,-111.35,153.02,126.52000000000001,35.22
2025-08-08T16:27:12.362126,-3.0,136.0,35.0,29.0,71.0,-93.0,69.0,-14.0,-166.0,200.0,152.0,-13.0,-4.41,136.69,37.77,49.19,60.36,-68.55,60.21,7.149999999999999,-156.35,182.02,100.52000000000001,-4.779999999999999
2025-08-08T16:27:12.367315,75.0,180.0,1.0,36.0,78.0,-102.0,40.0,-1.0,-157.0,203.0,181.0,-22.0,73.59,180.69,3.77,56.19,67.36,-77.55,31.21,20.15,-147.35,185.02,129.52,-13.78
2025-08-08T16:27:12.374581,67.0,184.0,-67.0,116.0,48.0,-135.0,100.0,-30.0,-157.0,184.0,181.0,20.0,65.59,184.69,-64.23,136.19,37.36,-110.55,91.21000000000001,-8.850000000000001,-147.35,166.02,129.52,28.22
2025-08-08T16:27:12.379308,-10.0,26.0,39.0,89.0,68.0,-84.0,53.0,-17.0,-93.0,91.0,177.0,23.0,-11.41,26.69,41.77,109.19,57.36,-59.55,44.21,4.149999999999999,-83.35,73.02,125.52000000000001,31.22
2025-08-08T16:27:12.386988,27.0,51.0,25.0,104.0,74.0,-123.0,89.0,0.0,-108.0,66.0,178.0,27.0,25.59,51.69,27.77,124.19,63.36,-98.55,80.21000000000001,21.15,-98.35,48.019999999999996,126.52000000000001,35.22
2025-08-08T16:27:12.391205,35.0,186.0,38.0,31.0,80.0,-76.0,85.0,-36.0,-113.0,150.0,93.0,-20.0,33.59,186.69,40.77,51.19,69.36,-51.55,76.21000000000001,-14.850000000000001,-103.35,132.02,41.52,-11.78
2025-08-08T16:27:12.399335,34.0,190.0,-10.0,33.0,52.0,-120.0,20.0,27.0,-122.0,129.0,87.0,16.0,32.59,190.69,-7.23,53.19,41.36,-95.55,11.21,48.15,-112.35,111.02,35.52,24.22
2025-08-08T16:27:12.403527,99.0,209.0,-11.0,72.0,19.0,-147.0,110.0,-40.0,-132.0,88.0,170.0,-6.0,97.59,209.69,-8.23,92.19,8.36,-122.55,101.21000000000001,-18.85,-122.35,70.02,118.52000000000001,2.2200000000000006
2025-08-08T16:27:12.412233,108.0,80.0,-43.0,139.0,-8.0,-128.0,62.0,3.0,-74.0,116.0,182.0,-5.0,106.59,80.69,-40.23,159.19,-18.64,-103.55,53.21,24.15,-64.35,98.02,130.52,3.2200000000000006
2025-08-08T16:27:12.416763,154.0,140.0,4.0,40.0,-39.0,-95.0,145.0,-10.0,-87.0,104.0,230.0,54.0,152.59,140.69,6.77,60.19,-49.64,-70.55,136.21,11.149999999999999,-77.35,86.02,178.52,62.22
2025-08-08T16:27:12.424570,35.0,105.0,72.0,71.0,78.0,-122.0,31.0,-2.0,-108.0,119.0,140.0,-43.0,33.59,105.69,74.77,91.19,67.36,-97.55,22.21,19.15,-98.35,101.02,88.52000000000001,-34.78
2025-08-08T16:27:12.429297,17.0,181.0,22.0,118.0,22.0,-94.0,-7.0,8.0,-134.0,125.0,183.0,-15.0,15.59,181.69,24.77,138.19,11.36,-69.55,-15.79,29.15,-124.35,107.02,131.52,-6.779999999999999
2025-08-08T16:27:12.437078,100.0,116.0,38.0,80.0,-4.0,-71.0,52.0,27.0,-134.0,151.0,175.0,-12.0,98.59,116.69,40.77,100.19,-14.64,-46.55,43.21,48.15,-124.35,133.02,123.52000000000001,-3.7799999999999994
2025-08-08T16:27:12.442456,80.0,114.0,35.0,57.0,58.0,-126.0,109.0,-22.0,-123.0,88.0,159.0,32.0,78.59,114.69,37.77,77.19,47.36,-101.55,100.21000000000001,-0.8500000000000014,-113.35,70.02,107.52000000000001,40.22
2025-08-08T16:27:12.449397,63.0,192.0,-3.0,79.0,34.0,-117.0,90.0,1.0,-65.0,161.0,152.0,-9.0,61.59,192.69,-0.22999999999999998,99.19,23.36,-92.55,81.21000000000001,22.15,-55.35,143.02,100.52000000000001,-0.7799999999999994
2025-08-08T16:27:12.456479,65.0,148.0,-52.0,33.0,41.0,-128.0,53.0,-23.0,-101.0,141.0,160.0,-62.0,63.59,148.69,-49.23,53.19,30.36,-103.55,44.21,-1.8500000000000014,-91.35,123.02,108.52000000000001,-53.78
2025-08-08T16:27:12.460638,62.0,101.0,-10.0,117.0,87.0,-88.0,74.0,13.0,-110.0,86.0,102.0,15.0,60.59,101.69,-7.23,137.19,76.36,-63.55,65.21000000000001,34.15,-100.35,68.02,50.52,23.22
2025-08-08T16:27:12.468670,121.0,144.0,31.0,11.0,47.0,-114.0,103.0,-2.0,-77.0,80.0,203.0,45.0,119.59,144.69,33.77,31.19,36.36,-89.55,94.21000000000001,19.15,-67.35,62.019999999999996,151.52,53.22
2025-08-08T16:27:12.472958,29.0,148.0,79.0,59.0,70.0,-118.0,105.0,31.0,-80.0,114.0,146.0,-48.0,27.59,148.69,81.77,79.19,59.36,-93.55,96.21000000000001,52.15,-70.35,96.02,94.52000000000001,-39.78
2025-08-08T16:27:12.481002,51.0,132.0,52.0,122.0,30.0,-196.0,74.0,42.0,-140.0,142.0,99.0,-38.0,49.59,132.69,54.77,142.19,19.36,-171.55,65.21000000000001,63.15,-130.35,124.02,47.52,-29.78
2025-08-08T16:27:12.485717,77.0,83.0,-9.0,55.0,-3.0,-115.0,73.0,-50.0,-102.0,164.0,183.0,-65.0,75.59,83.69,-6.23,75.19,-13.64,-90.55,64.21000000000001,-28.85,-92.35,146.02,131.52,-56.78
2025-08-08T16:27:12.493673,37.0,59.0,47.0,-6.0,88.0,-117.0,40.0,1.0,-115.0,190.0,210.0,-17.0,35.59,59.69,49.77,14.190000000000001,77.36,-92.55,31.21,22.15,-105.35,172.02,158.52,-8.78
2025-08-08T16:27:12.498256,-14.0,40.0,32.0,63.0,12.0,-69.0,114.0,-12.0,-118.0,145.0,161.0,35.0,-15.41,40.69,34.77,83.19,1.3599999999999994,-44.55,105.21000000000001,9.149999999999999,-108.35,127.02,109.52000000000001,43.22
2025-08-08T16:27:12.506146,25.0,216.0,31.0,63.0,36.0,-91.0,47.0,-15.0,-83.0,157.0,213.0,17.0,23.59,216.69,33.77,83.19,25.36,-66.55,38.21,6.149999999999999,-73.35,139.02,161.52,25.22
2025-08-08T16:27:12.510536,-20.0,158.0,59.0,132.0,-18.0,-86.0,9.0,-19.0,-97.0,149.0,224.0,-93.0,-21.41,158.69,61.77,152.19,-28.64,-61.55,0.21000000000000085,2.1499999999999986,-87.35,131.02,172.52,-84.78
2025-08-08T16:27:12.518738,69.0,200.0,20.0,58.0,40.0,-111.0,128.0,15.0,-130.0,137.0,239.0,-21.0,67.59,200.69,22.77,78.19,29.36,-86.55,119.21000000000001,36.15,-120.35,119.02,187.52,-12.78
2025-08-08T16:27:12.523746,83.0,83.0,77.0,67.0,-10.0,-121.0,74.0,-10.0,-121.0,139.0,111.0,2.0,81.59,83.69,79.77,87.19,-20.64,-96.55,65.21000000000001,11.149999999999999,-111.35,121.02,59.52,10.22
2025-08-08T16:27:12.530678,-10.0,69.0,21.0,165.0,100.0,-75.0,65.0,-21.0,-77.0,165.0,135.0,-20.0,-11.41,69.69,23.77,185.19,89.36,-50.55,56.21,0.14999999999999858,-67.35,147.02,83.52000000000001,-11.78
2025-08-08T16:27:12.535944,9.0,138.0,19.0,3.0,77.0,-59.0,1.0,65.0,-66.0,150.0,165.0,-6.0,7.59,138.69,21.77,23.19,66.36,-34.55,-7.789999999999999,86.15,-56.35,132.02,113.52000000000001,2.2200000000000006
2025-08-08T16:27:12.542516,50.0,170.0,39.0,17.0,94.0,-122.0,50.0,-65.0,-116.0,221.0,118.0,-56.0,48.59,170.69,41.77,37.19,83.36,-97.55,41.21,-43.85,-106.35,203.02,66.52000000000001,-47.78
2025-08-08T16:27:12.550497,41.0,153.0,-2.0,98.0,-22.0,-51.0,20.0,-5.0,-117.0,210.0,169.0,-32.0,39.59,153.69,0.77,118.19,-32.64,-26.55,11.21,16.15,-107.35,192.02,117.52000000000001,-23.78
2025-08-08T16:27:12.554990,49.0,125.0,-31.0,130.0,4.0,-133.0,17.0,50.0,-133.0,146.0,120.0,63.0,47.59,125.69,-28.23,150.19,-6.640000000000001,-108.55,8.21,71.15,-123.35,128.02,68.52000000000001,71.22
2025-08-08T16:27:12.562798,94.0,96.0,49.0,29.0,58.0,-62.0,80.0,59.0,-103.0,150.0,226.0,16.0,92.59,96.69,51.77,49.19,47.36,-37.55,71.21000000000001,80.15,-93.35,132.02,174.52,24.22
2025-08-08T16:27:12.567282,26.0,92.0,5.0,9.0,93.0,-88.0,61.0,-77.0,-195.0,88.0,150.0,-56.0,24.59,92.69,7.77,29.19,82.36,-63.55,52.21,-55.85,-185.35,70.02,98.52000000000001,-47.78
2025-08-08T16:27:12.575322,62.0,170.0,-6.0,69.0,56.0,-88.0,121.0,5.0,-143.0,100.0,139.0,51.0,60.59,170.69,-3.23,89.19,45.36,-63.55,112.21000000000001,26.15,-133.35,82.02,87.52000000000001,59.22
2025-08-08T16:27:12.579976,110.0,127.0,-7.0,43.0,27.0,-95.0,38.0,-5.0,-119.0,79.0,81.0,17.0,108.59,127.69,-4.23,63.19,16.36,-70.55,29.21,16.15,-109.35,61.019999999999996,29.520000000000003,25.22
2025-08-08T16:27:12.587541,58.0,170.0,-1.0,121.0,-26.0,-96.0,35.0,-3.0,-138.0,134.0,86.0,25.0,56.59,170.69,1.77,141.19,-36.64,-71.55,26.21,18.15,-128.35,116.02,34.52,33.22
2025-08-08T16:27:12.592315,103.0,103.0,16.0,20.0,-3.0,-85.0,79.0,32.0,-120.0,112.0,126.0,0.0,101.59,103.69,18.77,40.19,-13.64,-60.55,70.21000000000001,53.15,-110.35,94.02,74.52000000000001,8.22
2025-08-08T16:27:12.599716,77.0,81.0,74.0,18.0,97.0,-76.0,45.0,15.0,-145.0,124.0,141.0,-68.0,75.59,81.69,76.77,38.19,86.36,-51.55,36.21,36.15,-135.35,106.02,89.52000000000001,-59.78
2025-08-08T16:27:12.604519,41.0,99.0,38.0,77.0,95.0,-132.0,166.0,-6.0,-79.0,151.0,45.0,27.0,39.59,99.69,40.77,97.19,84.36,-107.55,157.21,15.149999999999999,-69.35,133.02,-6.479999999999997,35.22
2025-08-08T16:27:12.612128,12.0,167.0,20.0,14.0,41.0,-99.0,52.0,-40.0,-183.0,97.0,72.0,-31.0,10.59,167.69,22.77,34.19,30.36,-74.55,43.21,-18.85,-173.35,79.02,20.520000000000003,-22.78
2025-08-08T16:27:12.617743,20.0,201.0,-2.0,104.0,-3.0,-111.0,116.0,7.0,-99.0,60.0,73.0,-32.0,18.59,201.69,0.77,124.19,-13.64,-86.55,107.21000000000001,28.15,-89.35,42.019999999999996,21.520000000000003,-23.78
2025-08-08T16:27:12.624915,69.0,115.0,-74.0,89.0,77.0,-119.0,28.0,-46.0,-144.0,164.0,134.0,24.0,67.59,115.69,-71.23,109.19,66.36,-94.55,19.21,-24.85,-134.35,146.02,82.52000000000001,32.22
2025-08-08T16:27:12.629334,44.0,57.0,56.0,65.0,80.0,-61.0,53.0,35.0,-59.0,48.0,174.0,-36.0,42.59,57.69,58.77,85.19,69.36,-36.55,44.21,56.15,-49.35,30.02,122.52000000000001,-27.78
2025-08-08T16:27:12.637095,22.0,71.0,67.0,63.0,42.0,-70.0,53.0,-34.0,-127.0,81.0,153.0,-4.0,20.59,71.69,69.77,83.19,31.36,-45.55,44.21,-12.850000000000001,-117.35,63.019999999999996,101.52000000000001,4.220000000000001
2025-08-08T16:27:12.641540,19.0,118.0,47.0,0.0,-5.0,-86.0,-39.0,-21.0,-132.0,17.0,145.0,4.0,17.59,118.69,49.77,20.19,-15.64,-61.55,-47.79,0.14999999999999858,-122.35,-0.9800000000000004,93.52000000000001,12.22
2025-08-08T16:27:12.649423,7.0,111.0,-35.0,21.0,-5.0,-38.0,33.0,13.0,-61.0,44.0,144.0,-11.0,5.59,111.69,-32.23,41.19,-15.64,-13.55,24.21,34.15,-51.35,26.02,92.52000000000001,-2.7799999999999994
2025-08-08T16:27:12.653651,47.0,75.0,11.0,18.0,28.0,-36.0,12.0,21.0,-86.0,-2.0,135.0,4.0,45.59,75.69,13.77,38.19,17.36,-11.55,3.210000000000001,42.15,-76.35,-19.98,83.52000000000001,12.22
2025-08-08T16:27:12.661778,57.0,-58.0,-42.0,-42.0,42.0,-65.0,21.0,-27.0,-27.0,36.0,75.0,-46.0,55.59,-57.31,-39.23,-21.81,31.36,-40.55,12.21,-5.850000000000001,-17.35,18.02,23.520000000000003,-37.78
2025-08-08T16:27:12.665981,61.0,14.0,8.0,1.0,25.0,-5.0,-36.0,9.0,-54.0,-30.0,135.0,23.0,59.59,14.69,10.77,21.19,14.36,19.45,-44.79,30.15,-44.35,-47.980000000000004,83.52000000000001,31.22
2025-08-08T16:27:12.674041,97.0,21.0,-5.0,-49.0,47.0,-30.0,-36.0,26.0,-118.0,-41.0,147.0,35.0,95.59,21.69,-2.23,-28.81,36.36,-5.550000000000001,-44.79,47.15,-108.35,-58.980000000000004,95.52000000000001,43.22
2025-08-08T16:27:12.678356,18.0,64.0,-8.0,12.0,18.0,-86.0,35.0,23.0,-99.0,34.0,135.0,10.0,16.59,64.69,-5.23,32.19,7.359999999999999,-61.55,26.21,44.15,-89.35,16.02,83.52000000000001,18.22
2025-08-08T16:27:12.686127,22.0,35.0,16.0,11.0,35.0,-63.0,-4.0,-15.0,-58.0,20.0,119.0,-3.0,20.59,35.69,18.77,31.19,24.36,-38.55,-12.79,6.149999999999999,-48.35,2.0199999999999996,67.52000000000001,5.220000000000001
2025-08-08T16:27:12.691114,-16.0,18.0,-100.0,9.0,52.0,-84.0,14.0,-31.0,-87.0,33.0,108.0,68.0,-17.41,18.69,-97.23,29.19,41.36,-59.55,5.210000000000001,-9.850000000000001,-77.35,15.02,56.52,76.22
2025-08-08T16:27:12.698445,108.0,94.0,-69.0,21.0,-28.0,-12.0,107.0,-92.0,-27.0,4.0,124.0,-32.0,106.59,94.69,-66.23,41.19,-38.64,12.45,98.21000000000001,-70.85,-17.35,-13.98,72.52000000000001,-23.78
2025-08-08T16:27:12.703599,42.0,18.0,-80.0,-5.0,76.0,-36.0,24.0,-11.0,-57.0,11.0,46.0,21.0,40.59,18.69,-77.23,15.190000000000001,65.36,-11.55,15.21,10.149999999999999,-47.35,-6.98,-5.479999999999997,29.22
2025-08-08T16:27:12.710805,60.0,44.0,-83.0,-83.0,50.0,-114.0,61.0,36.0,-16.0,10.0,55.0,49.0,58.59,44.69,-80.23,-62.81,39.36,-89.55,52.21,57.15,-6.35,-7.98,3.520000000000003,57.22
2025-08-08T16:27:12.715255,-11.0,-9.0,11.0,61.0,42.0,-141.0,25.0,27.0,-16.0,3.0,65.0,9.0,-12.41,-8.31,13.77,81.19,31.36,-116.55,16.21,48.15,-6.35,-14.98,13.520000000000003,17.22
2025-08-08T16:27:12.723299,68.0,-46.0,-41.0,57.0,-35.0,-47.0,6.0,-55.0,-76.0,6.0,-25.0,-13.0,66.59,-45.31,-38.23,77.19,-45.64,-22.55,-2.789999999999999,-33.85,-66.35,-11.98,-76.47999999999999,-4.779999999999999
2025-08-08T16:27:12.728908,111.0,-20.0,-35.0,-47.0,67.0,-76.0,22.0,-56.0,4.0,-11.0,-17.0,-38.0,109.59,-19.31,-32.23,-26.81,56.36,-51.55,13.21,-34.85,13.65,-28.98,-68.47999999999999,-29.78
2025-08-08T16:27:12.735033,-47.0,-73.0,-52.0,35.0,58.0,0.0,12.0,-29.0,-4.0,-45.0,53.0,19.0,-48.41,-72.31,-49.23,55.19,47.36,24.45,3.210000000000001,-7.850000000000001,5.65,-62.980000000000004,1.5200000000000031,27.22
2025-08-08T16:27:12.740219,-34.0,73.0,8.0,-17.0,-34.0,2.0,7.0,-12.0,-26.0,59.0,35.0,54.0,-35.41,73.69,10.77,3.1900000000000013,-44.64,26.45,-1.7899999999999991,9.149999999999999,-16.35,41.019999999999996,-16.479999999999997,62.22
2025-08-08T16:27:12.747273,-57.0,74.0,16.0,-60.0,53.0,-61.0,17.0,-67.0,-34.0,-12.0,106.0,2.0,-58.41,74.69,18.77,-39.81,42.36,-36.55,8.21,-45.85,-24.35,-29.98,54.52,10.22
2025-08-08T16:27:12.752182,21.0,-3.0,-87.0,-23.0,73.0,-44.0,23.0,8.0,-47.0,1.0,17.0,-16.0,19.59,-2.31,-84.23,-2.8099999999999987,62.36,-19.55,14.21,29.15,-37.35,-16.98,-34.48,-7.779999999999999
2025-08-08T16:27:12.759575,-36.0,23.0,-104.0,-10.0,15.0,-107.0,18.0,-60.0,-8.0,48.0,16.0,-18.0,-37.41,23.69,-101.23,10.190000000000001,4.359999999999999,-82.55,9.21,-38.85,1.6500000000000004,30.02,-35.48,-9.78
2025-08-08T16:27:12.764279,62.0,9.0,-45.0,21.0,30.0,-72.0,34.0,5.0,14.0,-20.0,-36.0,37.0,60.59,9.69,-42.23,41.19,19.36,-47.55,25.21,26.15,23.65,-37.980000000000004,-87.47999999999999,45.22
2025-08-08T16:27:12.769408,-30.0,38.0,-60.0,-3.0,15.0,-51.0,21.0,-57.0,-7.0,87.0,-52.0,35.0,-31.41,38.69,-57.23,17.19,4.359999999999999,-26.55,12.21,-35.85,2.6500000000000004,69.02,-103.47999999999999,43.22
2025-08-08T16:27:12.776531,-32.0,-19.0,-31.0,-22.0,-14.0,-33.0,-19.0,-39.0,-39.0,64.0,1.0,47.0,-33.41,-18.31,-28.23,-1.8099999999999987,-24.64,-8.55,-27.79,-17.85,-29.35,46.019999999999996,-50.48,55.22
2025-08-08T16:27:12.783982,24.0,-12.0,18.0,-28.0,35.0,-100.0,22.0,-13.0,-62.0,25.0,35.0,70.0,22.59,-11.31,20.77,-7.809999999999999,24.36,-75.55,13.21,8.149999999999999,-52.35,7.02,-16.479999999999997,78.22
2025-08-08T16:27:12.790035,-1.0,4.0,15.0,35.0,-8.0,-89.0,56.0,59.0,-22.0,17.0,44.0,42.0,-2.41,4.6899999999999995,17.77,55.19,-18.64,-64.55,47.21,80.15,-12.35,-0.9800000000000004,-7.479999999999997,50.22
2025-08-08T16:27:12.793988,1.0,-56.0,29.0,-15.0,15.0,-43.0,-10.0,-4.0,-31.0,75.0,38.0,7.0,-0.4099999999999999,-55.31,31.77,5.190000000000001,4.359999999999999,-18.55,-18.79,17.15,-21.35,57.019999999999996,-13.479999999999997,15.22
2025-08-08T16:27:12.801898,5.0,42.0,-1.0,-10.0,50.0,-6.0,-37.0,-122.0,-41.0,137.0,41.0,7.0,3.59,42.69,1.77,10.190000000000001,39.36,18.45,-45.79,-100.85,-31.35,119.02,-10.479999999999997,15.22
2025-08-08T16:27:12.808226,-41.0,41.0,-35.0,-20.0,34.0,3.0,55.0,11.0,7.0,35.0,-21.0,-12.0,-42.41,41.69,-32.23,0.19000000000000128,23.36,27.45,46.21,32.15,16.65,17.02,-72.47999999999999,-3.7799999999999994
2025-08-08T16:27:12.814321,50.0,14.0,-36.0,13.0,98.0,-55.0,27.0,22.0,-66.0,51.0,-6.0,15.0,48.59,14.69,-33.23,33.19,87.36,-30.55,18.21,43.15,-56.35,33.019999999999996,-57.48,23.22
2025-08-08T16:27:12.819633,11.0,49.0,-77.0,26.0,8.0,-27.0,33.0,5.0,-76.0,20.0,21.0,-9.0,9.59,49.69,-74.23,46.19,-2.6400000000000006,-2.5500000000000007,24.21,26.15,-66.35,2.0199999999999996,-30.479999999999997,-0.7799999999999994
2025-08-08T16:27:12.825086,14.0,65.0,-1.0,20.0,23.0,-102.0,-11.0,3.0,-91.0,54.0,-29.0,25.0,12.59,65.69,1.77,40.19,12.36,-77.55,-19.79,24.15,-81.35,36.019999999999996,-80.47999999999999,33.22
2025-08-08T16:27:12.831068,68.0,74.0,-50.0,-30.0,3.0,33.0,2.0,-26.0,-114.0,94.0,3.0,-3.0,66.59,74.69,-47.23,-9.809999999999999,-7.640000000000001,57.45,-6.789999999999999,-4.850000000000001,-104.35,76.02,-48.48,5.220000000000001
2025-08-08T16:27:12.837348,-10.0,21.0,-11.0,-36.0,7.0,-5.0,41.0,6.0,-106.0,104.0,-23.0,29.0,-11.41,21.69,-8.23,-15.809999999999999,-3.6400000000000006,19.45,32.21,27.15,-96.35,86.02,-74.47999999999999,37.22
2025-08-08T16:27:12.841708,30.0,-55.0,-79.0,-14.0,-21.0,-28.0,-47.0,-11.0,-92.0,28.0,89.0,26.0,28.59,-54.31,-76.23,6.190000000000001,-31.64,-3.5500000000000007,-55.79,10.149999999999999,-82.35,10.02,37.52,34.22
2025-08-08T16:27:12.849563,43.0,-47.0,-2.0,-12.0,-20.0,7.0,66.0,4.0,-74.0,28.0,46.0,5.0,41.59,-46.31,0.77,8.190000000000001,-30.64,31.45,57.21,25.15,-64.35,10.02,-5.479999999999997,13.22
2025-08-08T16:27:12.854014,31.0,-110.0,71.0,-45.0,25.0,-45.0,9.0,56.0,-41.0,28.0,-6.0,8.0,29.59,-109.31,73.77,-24.81,14.36,-20.55,0.21000000000000085,77.15,-31.35,10.02,-57.48,16.22
2025-08-08T16:27:12.862559,22.0,-21.0,27.0,-28.0,2.0,-53.0,-58.0,-13.0,-32.0,47.0,-26.0,-12.0,20.59,-20.31,29.77,-7.809999999999999,-8.64,-28.55,-66.78999999999999,8.149999999999999,-22.35,29.02,-77.47999999999999,-3.7799999999999994
2025-08-08T16:27:12.866206,17.0,-31.0,30.0,6.0,30.0,-125.0,37.0,-46.0,-47.0,63.0,-19.0,-38.0,15.59,-30.31,32.77,26.19,19.36,-100.55,28.21,-24.85,-37.35,45.019999999999996,-70.47999999999999,-29.78
2025-08-08T16:27:12.874246,-22.0,-1.0,-61.0,-13.0,-7.0,-173.0,42.0,22.0,3.0,41.0,-35.0,20.0,-23.41,-0.31000000000000005,-58.23,7.190000000000001,-17.64,-148.55,33.21,43.15,12.65,23.02,-86.47999999999999,28.22
2025-08-08T16:27:12.878558,9.0,31.0,-3.0,25.0,-2.0,-2.0,70.0,-19.0,-34.0,57.0,48.0,26.0,7.59,31.69,-0.22999999999999998,45.19,-12.64,22.45,61.21,2.1499999999999986,-24.35,39.019999999999996,-3.479999999999997,34.22
2025-08-08T16:27:12.886469,52.0,28.0,25.0,23.0,49.0,-18.0,16.0,-23.0,-57.0,50.0,37.0,24.0,50.59,28.69,27.77,43.19,38.36,6.449999999999999,7.210000000000001,-1.8500000000000014,-47.35,32.019999999999996,-14.479999999999997,32.22
2025-08-08T16:27:12.890761,-22.0,35.0,7.0,-59.0,-37.0,-16.0,80.0,-16.0,1.0,55.0,-2.0,2.0,-23.41,35.69,9.77,-38.81,-47.64,8.45,71.21000000000001,5.149999999999999,10.65,37.019999999999996,-53.48,10.22
2025-08-08T16:27:12.898619,5.0,90.0,-19.0,32.0,-19.0,-68.0,42.0,45.0,-31.0,33.0,97.0,10.0,3.59,90.69,-16.23,52.19,-29.64,-43.55,33.21,66.15,-21.35,15.02,45.52,18.22
2025-08-08T16:27:12.903064,-11.0,65.0,-58.0,-15.0,35.0,-61.0,72.0,-106.0,-22.0,4.0,11.0,-22.0,-12.41,65.69,-55.23,5.190000000000001,24.36,-36.55,63.21,-84.85,-12.35,-13.98,-40.48,-13.78
2025-08-08T16:27:12.908914,-1.0,92.0,-43.0,25.0,83.0,-40.0,-6.0,-5.0,-12.0,77.0,7.0,31.0,-2.41,92.69,-40.23,45.19,72.36,-15.55,-14.79,16.15,-2.3499999999999996,59.019999999999996,-44.48,39.22
2025-08-08T16:27:12.915366,54.0,-51.0,-40.0,-28.0,14.0,-54.0,48.0,20.0,-71.0,106.0,45.0,12.0,52.59,-50.31,-37.23,-7.809999999999999,3.3599999999999994,-29.55,39.21,41.15,-61.35,88.02,-6.479999999999997,20.22
2025-08-08T16:27:12.920056,-10.0,34.0,-55.0,-19.0,15.0,-123.0,11.0,0.0,3.0,66.0,-10.0,48.0,-11.41,34.69,-52.23,1.1900000000000013,4.359999999999999,-98.55,2.210000000000001,21.15,12.65,48.019999999999996,-61.48,56.22
2025-08-08T16:27:12.927576,26.0,-15.0,-32.0,50.0,-3.0,11.0,28.0,-33.0,-42.0,47.0,16.0,0.0,24.59,-14.31,-29.23,70.19,-13.64,35.45,19.21,-11.850000000000001,-32.35,29.02,-35.48,8.22
2025-08-08T16:27:12.933049,-2.0,-40.0,3.0,-26.0,1.0,-1.0,65.0,-40.0,-5.0,104.0,5.0,-8.0,-3.41,-39.31,5.77,-5.809999999999999,-9.64,23.45,56.21,-18.85,4.65,86.02,-46.48,0.22000000000000064
2025-08-08T16:27:12.940502,31.0,26.0,46.0,17.0,-5.0,-28.0,15.0,-25.0,4.0,81.0,14.0,-31.0,29.59,26.69,48.77,37.19,-15.64,-3.5500000000000007,6.210000000000001,-3.8500000000000014,13.65,63.019999999999996,-37.48,-22.78
2025-08-08T16:27:12.945319,80.0,-39.0,-19.0,-30.0,-6.0,-44.0,-18.0,-64.0,3.0,60.0,-16.0,7.0,78.59,-38.31,-16.23,-9.809999999999999,-16.64,-19.55,-26.79,-42.85,12.65,42.019999999999996,-67.47999999999999,15.22
2025-08-08T16:27:12.952281,1.0,-27.0,35.0,-5.0,32.0,-24.0,6.0,-56.0,-24.0,45.0,-9.0,1.0,-0.4099999999999999,-26.31,37.77,15.190000000000001,21.36,0.4499999999999993,-2.789999999999999,-34.85,-14.35,27.02,-60.48,9.22
2025-08-08T16:27:12.956766,-48.0,56.0,-4.0,-46.0,9.0,8.0,13.0,-63.0,-64.0,108.0,86.0,-85.0,-49.41,56.69,-1.23,-25.81,-1.6400000000000006,32.45,4.210000000000001,-41.85,-54.35,90.02,34.52,-76.78
2025-08-08T16:27:12.964573,-54.0,-4.0,0.0,-23.0,60.0,-20.0,9.0,-56.0,-17.0,7.0,97.0,-64.0,-55.41,-3.31,2.77,-2.8099999999999987,49.36,4.449999999999999,0.21000000000000085,-34.85,-7.35,-10.98,45.52,-55.78
2025-08-08T16:27:12.968668,50.0,25.0,9.0,19.0,-9.0,-62.0,-37.0,-118.0,16.0,-7.0,85.0,-68.0,48.59,25.69,11.77,39.19,-19.64,-37.55,-45.79,-96.85,25.65,-24.98,33.52,-59.78
2025-08-08T16:27:12.977426,6.0,22.0,-35.0,39.0,35.0,-90.0,16.0,-50.0,-62.0,84.0,90.0,11.0,4.59,22.69,-32.23,59.19,24.36,-65.55,7.210000000000001,-28.85,-52.35,66.02,38.52,19.22
2025-08-08T16:27:12.983001,27.0,89.0,-58.0,-19.0,-43.0,-78.0,33.0,-13.0,50.0,-45.0,39.0,-94.0,25.59,89.69,-55.23,1.1900000000000013,-53.64,-53.55,24.21,8.149999999999999,59.65,-62.980000000000004,-12.479999999999997,-85.78
2025-08-08T16:27:12.990352,1.0,8.0,-77.0,4.0,0.0,-40.0,7.0,-44.0,-9.0,16.0,117.0,-7.0,-0.4099999999999999,8.69,-74.23,24.19,-10.64,-15.55,-1.7899999999999991,-22.85,0.6500000000000004,-1.9800000000000004,65.52000000000001,1.2200000000000006
2025-08-08T16:27:12.995379,21.0,-20.0,-96.0,92.0,-16.0,-3.0,61.0,-68.0,-57.0,29.0,68.0,10.0,19.59,-19.31,-93.23,112.19,-26.64,21.45,52.21,-46.85,-47.35,11.02,16.520000000000003,18.22
2025-08-08T16:27:13.001547,27.0,8.0,-53.0,-66.0,23.0,-43.0,34.0,-19.0,-78.0,-34.0,82.0,19.0,25.59,8.69,-50.23,-45.81,12.36,-18.55,25.21,2.1499999999999986,-68.35,-51.980000000000004,30.520000000000003,27.22
2025-08-08T16:27:13.007268,38.0,-18.0,-12.0,-6.0,53.0,12.0,50.0,-33.0,-70.0,11.0,65.0,31.0,36.59,-17.31,-9.23,14.190000000000001,42.36,36.45,41.21,-11.850000000000001,-60.35,-6.98,13.520000000000003,39.22
2025-08-08T16:27:13.013662,-26.0,19.0,6.0,-21.0,-7.0,-6.0,37.0,-82.0,-95.0,5.0,110.0,-12.0,-27.41,19.69,8.77,-0.8099999999999987,-17.64,18.45,28.21,-60.85,-85.35,-12.98,58.52,-3.7799999999999994
2025-08-08T16:27:13.019238,-9.0,-41.0,7.0,-5.0,83.0,-70.0,79.0,-30.0,-11.0,59.0,18.0,90.0,-10.41,-40.31,9.77,15.190000000000001,72.36,-45.55,70.21000000000001,-8.850000000000001,-1.3499999999999996,41.019999999999996,-33.48,98.22
2025-08-08T16:27:13.025843,33.0,21.0,-54.0,-25.0,62.0,-14.0,31.0,-52.0,4.0,101.0,56.0,-46.0,31.59,21.69,-51.23,-4.809999999999999,51.36,10.45,22.21,-30.85,13.65,83.02,4.520000000000003,-37.78
2025-08-08T16:27:13.030924,-95.0,39.0,8.0,97.0,71.0,-1.0,-22.0,-61.0,-50.0,58.0,-25.0,53.0,-96.41,39.69,10.77,117.19,60.36,23.45,-30.79,-39.85,-40.35,40.019999999999996,-76.47999999999999,61.22
2025-08-08T16:27:13.035188,-6.0,56.0,-93.0,52.0,-32.0,-110.0,18.0,-63.0,-5.0,33.0,6.0,-1.0,-7.41,56.69,-90.23,72.19,-42.64,-85.55,9.21,-41.85,4.65,15.02,-45.48,7.220000000000001
2025-08-08T16:27:13.042179,-58.0,22.0,-44.0,-39.0,11.0,-108.0,-48.0,-19.0,-57.0,64.0,75.0,-51.0,-59.41,22.69,-41.23,-18.81,0.35999999999999943,-83.55,-56.79,2.1499999999999986,-47.35,46.019999999999996,23.520000000000003,-42.78
2025-08-08T16:27:13.050234,63.0,28.0,-36.0,82.0,-32.0,-67.0,-18.0,-4.0,-27.0,91.0,21.0,17.0,61.59,28.69,-33.23,102.19,-42.64,-42.55,-26.79,17.15,-17.35,73.02,-30.479999999999997,25.22
2025-08-08T16:27:13.054632,105.0,-93.0,-70.0,-22.0,-21.0,12.0,-4.0,-14.0,-58.0,36.0,14.0,67.0,103.59,-92.31,-67.23,-1.8099999999999987,-31.64,36.45,-12.79,7.149999999999999,-48.35,18.02,-37.48,75.22
2025-08-08T16:27:13.058880,-26.0,10.0,9.0,-45.0,22.0,-40.0,30.0,9.0,-14.0,65.0,14.0,4.0,-27.41,10.69,11.77,-24.81,11.36,-15.55,21.21,30.15,-4.35,47.019999999999996,-37.48,12.22
2025-08-08T16:27:13.066896,-31.0,19.0,-2.0,-61.0,77.0,-23.0,0.0,31.0,-49.0,70.0,99.0,43.0,-32.41,19.69,0.77,-40.81,66.36,1.4499999999999993,-8.79,52.15,-39.35,52.019999999999996,47.52,51.22
2025-08-08T16:27:13.071385,3.0,20.0,28.0,3.0,81.0,15.0,-17.0,5.0,32.0,65.0,24.0,14.0,1.59,20.69,30.77,23.19,70.36,39.45,-25.79,26.15,41.65,47.019999999999996,-27.479999999999997,22.22
2025-08-08T16:27:13.079548,33.0,-70.0,29.0,8.0,80.0,-66.0,-1.0,-19.0,-54.0,108.0,46.0,64.0,31.59,-69.31,31.77,28.19,69.36,-41.55,-9.79,2.1499999999999986,-44.35,90.02,-5.479999999999997,72.22
2025-08-08T16:27:13.083868,-22.0,-14.0,50.0,13.0,-30.0,-93.0,26.0,-56.0,-57.0,110.0,78.0,-9.0,-23.41,-13.31,52.77,33.19,-40.64,-68.55,17.21,-34.85,-47.35,92.02,26.520000000000003,-0.7799999999999994
2025-08-08T16:27:13.091349,-17.0,91.0,18.0,11.0,-21.0,10.0,32.0,23.0,-39.0,92.0,-30.0,-7.0,-18.41,91.69,20.77,31.19,-31.64,34.45,23.21,44.15,-29.35,74.02,-81.47999999999999,1.2200000000000006
2025-08-08T16:27:13.096094,29.0,58.0,-73.0,-14.0,1.0,18.0,7.0,12.0,-41.0,78.0,44.0,-50.0,27.59,58.69,-70.23,6.190000000000001,-9.64,42.45,-1.7899999999999991,33.15,-31.35,60.019999999999996,-7.479999999999997,-41.78
2025-08-08T16:27:13.103542,-24.0,88.0,-61.0,14.0,-28.0,4.0,42.0,-2.0,-59.0,16.0,19.0,17.0,-25.41,88.69,-58.23,34.19,-38.64,28.45,33.21,19.15,-49.35,-1.9800000000000004,-32.48,25.22
2025-08-08T16:27:13.108151,-31.0,-38.0,-65.0,-23.0,34.0,22.0,6.0,-46.0,-21.0,-12.0,56.0,2.0,-32.41,-37.31,-62.23,-2.8099999999999987,23.36,46.45,-2.789999999999999,-24.85,-11.35,-29.98,4.520000000000003,10.22
2025-08-08T16:27:13.116217,7.0,8.0,-49.0,-57.0,15.0,-46.0,20.0,-53.0,-51.0,82.0,44.0,41.0,5.59,8.69,-46.23,-36.81,4.359999999999999,-21.55,11.21,-31.85,-41.35,64.02,-7.479999999999997,49.22
2025-08-08T16:27:13.120270,47.0,55.0,-16.0,-1.0,18.0,-117.0,-18.0,10.0,-68.0,85.0,-21.0,27.0,45.59,55.69,-13.23,19.19,7.359999999999999,-92.55,-26.79,31.15,-58.35,67.02,-72.47999999999999,35.22
2025-08-08T16:27:13.128054,4.0,-65.0,-38.0,29.0,36.0,-58.0,28.0,14.0,-78.0,97.0,11.0,-5.0,2.59,-64.31,-35.23,49.19,25.36,-33.55,19.21,35.15,-68.35,79.02,-40.48,3.2200000000000006
2025-08-08T16:27:13.133233,2.0,-13.0,2.0,-6.0,24.0,-4.0,-42.0,35.0,-48.0,13.0,35.0,7.0,0.5900000000000001,-12.31,4.77,14.190000000000001,13.36,20.45,-50.79,56.15,-38.35,-4.98,-16.479999999999997,15.22
2025-08-08T16:27:13.140603,43.0,-86.0,-38.0,-31.0,-42.0,-44.0,-1.0,34.0,-97.0,73.0,8.0,77.0,41.59,-85.31,-35.23,-10.809999999999999,-52.64,-19.55,-9.79,55.15,-87.35,55.019999999999996,-43.48,85.22
2025-08-08T16:27:13.145428,72.0,-28.0,-46.0,-22.0,-7.0,13.0,-4.0,-45.0,-72.0,63.0,50.0,-14.0,70.59,-27.31,-43.23,-1.8099999999999987,-17.64,37.45,-12.79,-23.85,-62.35,45.019999999999996,-1.4799999999999969,-5.779999999999999
2025-08-08T16:27:13.152887,95.0,13.0,33.0,1.0,9.0,65.0,-34.0,68.0,-23.0,99.0,-15.0,17.0,93.59,13.69,35.77,21.19,-1.6400000000000006,89.45,-42.79,89.15,-13.35,81.02,-66.47999999999999,25.22
2025-08-08T16:27:13.157361,29.0,-57.0,-30.0,-74.0,29.0,-47.0,31.0,20.0,-64.0,67.0,24.0,-34.0,27.59,-56.31,-27.23,-53.81,18.36,-22.55,22.21,41.15,-54.35,49.019999999999996,-27.479999999999997,-25.78
2025-08-08T16:27:13.165169,31.0,-82.0,-4.0,-4.0,65.0,-38.0,13.0,78.0,-84.0,101.0,-2.0,73.0,29.59,-81.31,-1.23,16.19,54.36,-13.55,4.210000000000001,99.15,-74.35,83.02,-53.48,81.22
2025-08-08T16:27:13.170099,76.0,-14.0,-30.0,-5.0,10.0,-30.0,19.0,-33.0,-53.0,106.0,28.0,-16.0,74.59,-13.31,-27.23,15.190000000000001,-0.6400000000000006,-5.550000000000001,10.21,-11.850000000000001,-43.35,88.02,-23.479999999999997,-7.779999999999999
2025-08-08T16:27:13.177594,-53.0,-11.0,17.0,39.0,-64.0,-53.0,43.0,-41.0,-45.0,90.0,14.0,-32.0,-54.41,-10.31,19.77,59.19,-74.64,-28.55,34.21,-19.85,-35.35,72.02,-37.48,-23.78
2025-08-08T16:27:13.182161,31.0,45.0,14.0,-19.0,48.0,2.0,70.0,-25.0,-48.0,74.0,5.0,11.0,29.59,45.69,16.77,1.1900000000000013,37.36,26.45,61.21,-3.8500000000000014,-38.35,56.019999999999996,-46.48,19.22
2025-08-08T16:27:13.190694,25.0,94.0,-12.0,3.0,-45.0,-33.0,59.0,-31.0,-23.0,42.0,-3.0,4.0,23.59,94.69,-9.23,23.19,-55.64,-8.55,50.21,-9.850000000000001,-13.35,24.02,-54.48,12.22
2025-08-08T16:27:13.194513,-16.0,76.0,-11.0,7.0,60.0,10.0,64.0,-49.0,-50.0,59.0,64.0,-13.0,-17.41,76.69,-8.23,27.19,49.36,34.45,55.21,-27.85,-40.35,41.019999999999996,12.520000000000003,-4.779999999999999
2025-08-08T16:27:13.202168,17.0,18.0,-105.0,40.0,0.0,-50.0,2.0,-4.0,-37.0,82.0,-13.0,22.0,15.59,18.69,-102.23,60.19,-10.64,-25.55,-6.789999999999999,17.15,-27.35,64.02,-64.47999999999999,30.22
2025-08-08T16:27:13.207254,-2.0,25.0,-79.0,-33.0,-24.0,-17.0,-13.0,-12.0,-57.0,50.0,29.0,23.0,-3.41,25.69,-76.23,-12.809999999999999,-34.64,7.449999999999999,-21.79,9.149999999999999,-47.35,32.019999999999996,-22.479999999999997,31.22
2025-08-08T16:27:13.214121,14.0,25.0,-79.0,35.0,-3.0,-86.0,57.0,-14.0,-22.0,84.0,50.0,-38.0,12.59,25.69,-76.23,55.19,-13.64,-61.55,48.21,7.149999999999999,-12.35,66.02,-1.4799999999999969,-29.78
2025-08-08T16:27:13.219176,35.0,-22.0,34.0,37.0,-31.0,-82.0,53.0,-67.0,-4.0,112.0,-20.0,-38.0,33.59,-21.31,36.77,57.19,-41.64,-57.55,44.21,-45.85,5.65,94.02,-71.47999999999999,-29.78
2025-08-08T16:27:13.226471,14.0,-35.0,-26.0,2.0,-22.0,-62.0,36.0,-20.0,-27.0,29.0,59.0,-27.0,12.59,-34.31,-23.23,22.19,-32.64,-37.55,27.21,1.1499999999999986,-17.35,11.02,7.520000000000003,-18.78
2025-08-08T16:27:13.231429,-83.0,7.0,-27.0,-22.0,8.0,-7.0,64.0,24.0,-75.0,16.0,-54.0,39.0,-84.41,7.6899999999999995,-24.23,-1.8099999999999987,-2.6400000000000006,17.45,55.21,45.15,-65.35,-1.9800000000000004,-105.47999999999999,47.22
2025-08-08T16:27:13.236333,-59.0,-1.0,2.0,13.0,44.0,-87.0,32.0,-70.0,-23.0,38.0,0.0,1.0,-60.41,-0.31000000000000005,4.77,33.19,33.36,-62.55,23.21,-48.85,-13.35,20.02,-51.48,9.22
2025-08-08T16:27:13.243624,-89.0,85.0,69.0,-21.0,52.0,-10.0,87.0,-45.0,-49.0,55.0,-45.0,-61.0,-90.41,85.69,71.77,-0.8099999999999987,41.36,14.45,78.21000000000001,-23.85,-39.35,37.019999999999996,-96.47999999999999,-52.78
2025-08-08T16:27:13.248624,17.0,48.0,-133.0,-39.0,67.0,-57.0,50.0,34.0,-59.0,77.0,67.0,-43.0,15.59,48.69,-130.23,-18.81,56.36,-32.55,41.21,55.15,-49.35,59.019999999999996,15.520000000000003,-34.78
2025-08-08T16:27:13.255805,2.0,55.0,-78.0,-6.0,53.0,-30.0,3.0,-10.0,-6.0,78.0,-17.0,-67.0,0.5900000000000001,55.69,-75.23,14.190000000000001,42.36,-5.550000000000001,-5.789999999999999,11.149999999999999,3.6500000000000004,60.019999999999996,-68.47999999999999,-58.78
2025-08-08T16:27:13.260853,68.0,36.0,-35.0,6.0,6.0,-165.0,41.0,-63.0,-55.0,58.0,-20.0,-70.0,66.59,36.69,-32.23,26.19,-4.640000000000001,-140.55,32.21,-41.85,-45.35,40.019999999999996,-71.47999999999999,-61.78
2025-08-08T16:27:13.268055,69.0,18.0,-52.0,104.0,-54.0,-20.0,29.0,-16.0,-73.0,49.0,67.0,-9.0,67.59,18.69,-49.23,124.19,-64.64,4.449999999999999,20.21,5.149999999999999,-63.35,31.02,15.520000000000003,-0.7799999999999994
2025-08-08T16:27:13.273265,-5.0,-55.0,54.0,-20.0,23.0,-34.0,62.0,-32.0,-10.0,77.0,55.0,-84.0,-6.41,-54.31,56.77,0.19000000000000128,12.36,-9.55,53.21,-10.850000000000001,-0.34999999999999964,59.019999999999996,3.520000000000003,-75.78
2025-08-08T16:27:13.280926,-44.0,-65.0,7.0,-1.0,-7.0,-28.0,52.0,-38.0,-14.0,110.0,30.0,-1.0,-45.41,-64.31,9.77,19.19,-17.64,-3.5500000000000007,43.21,-16.85,-4.35,92.02,-21.479999999999997,7.220000000000001
2025-08-08T16:27:13.285374,-94.0,31.0,10.0,-24.0,12.0,-42.0,66.0,-89.0,-43.0,14.0,-2.0,-58.0,-95.41,31.69,12.77,-3.8099999999999987,1.3599999999999994,-17.55,57.21,-67.85,-33.35,-3.9800000000000004,-53.48,-49.78
2025-08-08T16:27:13.292478,9.0,33.0,-31.0,-56.0,106.0,-102.0,94.0,-58.0,-47.0,58.0,42.0,-101.0,7.59,33.69,-28.23,-35.81,95.36,-77.55,85.21000000000001,-36.85,-37.35,40.019999999999996,-9.479999999999997,-92.78
2025-08-08T16:27:13.296861,17.0,62.0,-104.0,-16.0,68.0,-60.0,2.0,-8.0,-14.0,63.0,105.0,-31.0,15.59,62.69,-101.23,4.190000000000001,57.36,-35.55,-6.789999999999999,13.149999999999999,-4.35,45.019999999999996,53.52,-22.78
2025-08-08T16:27:13.304264,45.0,27.0,-32.0,7.0,-39.0,-20.0,2.0,-6.0,9.0,62.0,128.0,-45.0,43.59,27.69,-29.23,27.19,-49.64,4.449999999999999,-6.789999999999999,15.149999999999999,18.65,44.019999999999996,76.52000000000001,-36.78
2025-08-08T16:27:13.308697,2.0,-11.0,-75.0,-11.0,-36.0,-27.0,-16.0,-54.0,-51.0,65.0,57.0,-76.0,0.5900000000000001,-10.31,-72.23,9.190000000000001,-46.64,-2.5500000000000007,-24.79,-32.85,-41.35,47.019999999999996,5.520000000000003,-67.78
2025-08-08T16:27:13.316888,53.0,-37.0,16.0,-22.0,-39.0,-28.0,-3.0,-67.0,0.0,-9.0,76.0,-46.0,51.59,-36.31,18.77,-1.8099999999999987,-49.64,-3.5500000000000007,-11.79,-45.85,9.65,-26.98,24.520000000000003,-37.78
2025-08-08T16:27:13.321576,25.0,3.0,-24.0,-56.0,17.0,-24.0,0.0,-29.0,-31.0,62.0,79.0,10.0,23.59,3.69,-21.23,-35.81,6.359999999999999,0.4499999999999993,-8.79,-7.850000000000001,-21.35,44.019999999999996,27.520000000000003,18.22
2025-08-08T16:27:13.328876,-20.0,-4.0,30.0,-94.0,80.0,-77.0,-22.0,-67.0,-5.0,111.0,107.0,-63.0,-21.41,-3.31,32.77,-73.81,69.36,-52.55,-30.79,-45.85,4.65,93.02,55.52,-54.78
2025-08-08T16:27:13.333249,-18.0,34.0,22.0,-19.0,20.0,-56.0,33.0,-20.0,-43.0,61.0,4.0,-58.0,-19.41,34.69,24.77,1.1900000000000013,9.36,-31.55,24.21,1.1499999999999986,-33.35,43.019999999999996,-47.48,-49.78
2025-08-08T16:27:13.341596,-24.0,110.0,-27.0,-30.0,12.0,-23.0,75.0,-54.0,-2.0,152.0,142.0,-83.0,-25.41,110.69,-24.23,-9.809999999999999,1.3599999999999994,1.4499999999999993,66.21000000000001,-32.85,7.65,134.02,90.52000000000001,-74.78
2025-08-08T16:27:13.346310,12.0,53.0,-38.0,-30.0,-26.0,-23.0,33.0,-7.0,-94.0,45.0,29.0,-31.0,10.59,53.69,-35.23,-9.809999999999999,-36.64,1.4499999999999993,24.21,14.149999999999999,-84.35,27.02,-22.479999999999997,-22.78
2025-08-08T16:27:13.354167,78.0,14.0,-106.0,-35.0,-28.0,-9.0,13.0,39.0,-28.0,41.0,82.0,-27.0,76.59,14.69,-103.23,-14.809999999999999,-38.64,15.45,4.210000000000001,60.15,-18.35,23.02,30.520000000000003,-18.78
2025-08-08T16:27:13.357757,21.0,-32.0,82.0,-14.0,60.0,31.0,64.0,7.0,-70.0,112.0,37.0,-18.0,19.59,-31.31,84.77,6.190000000000001,49.36,55.45,55.21,28.15,-60.35,94.02,-14.479999999999997,-9.78
2025-08-08T16:27:13.365888,-34.0,-14.0,13.0,68.0,29.0,-43.0,-31.0,-41.0,-32.0,68.0,63.0,-12.0,-35.41,-13.31,15.77,88.19,18.36,-18.55,-39.79,-19.85,-22.35,50.019999999999996,11.520000000000003,-3.7799999999999994
2025-08-08T16:27:13.370444,-28.0,49.0,4.0,11.0,-15.0,-135.0,21.0,-10.0,-24.0,83.0,135.0,-31.0,-29.41,49.69,6.77,31.19,-25.64,-110.55,12.21,11.149999999999999,-14.35,65.02,83.52000000000001,-22.78
2025-08-08T16:27:13.378231,-4.0,23.0,-94.0,-7.0,2.0,-53.0,69.0,-17.0,-90.0,58.0,36.0,-81.0,-5.41,23.69,-91.23,13.190000000000001,-8.64,-28.55,60.21,4.149999999999999,-80.35,40.019999999999996,-15.479999999999997,-72.78
2025-08-08T16:27:13.383527,42.0,74.0,-28.0,-32.0,15.0,-86.0,33.0,-42.0,-1.0,70.0,65.0,-53.0,40.59,74.69,-25.23,-11.809999999999999,4.359999999999999,-61.55,24.21,-20.85,8.65,52.019999999999996,13.520000000000003,-44.78
2025-08-08T16:27:13.391133,59.0,44.0,-61.0,50.0,13.0,-17.0,72.0,-8.0,-84.0,-15.0,114.0,-52.0,57.59,44.69,-58.23,70.19,2.3599999999999994,7.449999999999999,63.21,13.149999999999999,-74.35,-32.980000000000004,62.52,-43.78
2025-08-08T16:27:13.396721,16.0,-20.0,-66.0,-48.0,16.0,-61.0,-5.0,-100.0,46.0,16.0,48.0,10.0,14.59,-19.31,-63.23,-27.81,5.359999999999999,-36.55,-13.79,-78.85,55.65,-1.9800000000000004,-3.479999999999997,18.22
2025-08-08T16:27:13.403879,-13.0,13.0,-39.0,-86.0,33.0,-53.0,81.0,-31.0,-47.0,21.0,139.0,-27.0,-14.41,13.69,-36.23,-65.81,22.36,-28.55,72.21000000000001,-9.850000000000001,-37.35,3.0199999999999996,87.52000000000001,-18.78
2025-08-08T16:27:13.408015,-37.0,-10.0,-28.0,-98.0,63.0,-38.0,9.0,-30.0,-35.0,2.0,116.0,-52.0,-38.41,-9.31,-25.23,-77.81,52.36,-13.55,0.21000000000000085,-8.850000000000001,-25.35,-15.98,64.52000000000001,-43.78
2025-08-08T16:27:13.415315,-3.0,37.0,-17.0,-3.0,7.0,-30.0,20.0,-12.0,-16.0,2.0,81.0,-18.0,-4.41,37.69,-14.23,17.19,-3.6400000000000006,-5.550000000000001,11.21,9.149999999999999,-6.35,-15.98,29.520000000000003,-9.78
2025-08-08T16:27:13.420254,-11.0,62.0,38.0,18.0,24.0,-8.0,-35.0,9.0,-14.0,-18.0,119.0,-28.0,-12.41,62.69,40.77,38.19,13.36,16.45,-43.79,30.15,-4.35,-35.980000000000004,67.52000000000001,-19.78
2025-08-08T16:27:13.427715,-30.0,31.0,-113.0,-53.0,7.0,10.0,49.0,-41.0,-36.0,-28.0,50.0,-6.0,-31.41,31.69,-110.23,-32.81,-3.6400000000000006,34.45,40.21,-19.85,-26.35,-45.980000000000004,-1.4799999999999969,2.2200000000000006
2025-08-08T16:27:13.431508,26.0,23.0,-65.0,-14.0,44.0,-18.0,20.0,-51.0,12.0,-24.0,86.0,-93.0,24.59,23.69,-62.23,6.190000000000001,33.36,6.449999999999999,11.21,-29.85,21.65,-41.980000000000004,34.52,-84.78
2025-08-08T16:27:13.439621,28.0,-73.0,-68.0,38.0,116.0,-83.0,-42.0,-62.0,-2.0,7.0,80.0,-41.0,26.59,-72.31,-65.23,58.19,105.36,-58.55,-50.79,-40.85,7.65,-10.98,28.520000000000003,-32.78
2025-08-08T16:27:13.443755,69.0,-55.0,-17.0,-12.0,-10.0,-130.0,14.0,-3.0,-8.0,60.0,40.0,-44.0,67.59,-54.31,-14.23,8.190000000000001,-20.64,-105.55,5.210000000000001,18.15,1.6500000000000004,42.019999999999996,-11.479999999999997,-35.78
2025-08-08T16:27:13.451769,-53.0,-27.0,25.0,-23.0,8.0,-83.0,-99.0,-65.0,-51.0,33.0,56.0,14.0,-54.41,-26.31,27.77,-2.8099999999999987,-2.6400000000000006,-58.55,-107.78999999999999,-43.85,-41.35,15.02,4.520000000000003,22.22
2025-08-08T16:27:13.456396,-53.0,-81.0,34.0,-52.0,38.0,-34.0,-10.0,-64.0,42.0,23.0,66.0,-87.0,-54.41,-80.31,36.77,-31.81,27.36,-9.55,-18.79,-42.85,51.65,5.02,14.520000000000003,-78.78
2025-08-08T16:27:13.464155,20.0,75.0,2.0,-28.0,-21.0,-48.0,7.0,-17.0,-49.0,56.0,63.0,-15.0,18.59,75.69,4.77,-7.809999999999999,-31.64,-23.55,-1.7899999999999991,4.149999999999999,-39.35,38.019999999999996,11.520000000000003,-6.779999999999999
2025-08-08T16:27:13.468451,-8.0,59.0,-31.0,-18.0,30.0,-13.0,-36.0,-33.0,43.0,-38.0,57.0,-10.0,-9.41,59.69,-28.23,2.1900000000000013,19.36,11.45,-44.79,-11.850000000000001,52.65,-55.980000000000004,5.520000000000003,-1.7799999999999994
2025-08-08T16:27:13.476705,55.0,62.0,-48.0,-11.0,15.0,-34.0,36.0,5.0,-50.0,-10.0,99.0,-32.0,53.59,62.69,-45.23,9.190000000000001,4.359999999999999,-9.55,27.21,26.15,-40.35,-27.98,47.52,-23.78
2025-08-08T16:27:13.481292,41.0,-4.0,-39.0,-82.0,101.0,25.0,4.0,4.0,-26.0,-29.0,110.0,-77.0,39.59,-3.31,-36.23,-61.81,90.36,49.45,-4.789999999999999,25.15,-16.35,-46.980000000000004,58.52,-68.78
2025-08-08T16:27:13.489602,35.0,-73.0,37.0,-34.0,47.0,-84.0,-20.0,44.0,-41.0,-28.0,95.0,-50.0,33.59,-72.31,39.77,-13.809999999999999,36.36,-59.55,-28.79,65.15,-31.35,-45.980000000000004,43.52,-41.78
2025-08-08T16:27:13.493760,-11.0,-33.0,20.0,13.0,37.0,-45.0,-41.0,-24.0,-6.0,-37.0,85.0,-76.0,-12.41,-32.31,22.77,33.19,26.36,-20.55,-49.79,-2.8500000000000014,3.6500000000000004,-54.980000000000004,33.52,-67.78
2025-08-08T16:27:13.501060,-31.0,89.0,12.0,-30.0,-49.0,-25.0,6.0,34.0,-16.0,35.0,71.0,-19.0,-32.41,89.69,14.77,-9.809999999999999,-59.64,-0.5500000000000007,-2.789999999999999,55.15,-6.35,17.02,19.520000000000003,-10.78
2025-08-08T16:27:13.506023,8.0,4.0,-74.0,-60.0,-19.0,18.0,-22.0,17.0,-29.0,-3.0,15.0,-8.0,6.59,4.6899999999999995,-71.23,-39.81,-29.64,42.45,-30.79,38.15,-19.35,-20.98,-36.48,0.22000000000000064
2025-08-08T16:27:13.510382,-6.0,73.0,-69.0,-43.0,26.0,-21.0,1.0,21.0,-11.0,21.0,63.0,-20.0,-7.41,73.69,-66.23,-22.81,15.36,3.4499999999999993,-7.789999999999999,42.15,-1.3499999999999996,3.0199999999999996,11.520000000000003,-11.78
2025-08-08T16:27:13.517398,-12.0,68.0,-103.0,-30.0,-63.0,-11.0,77.0,19.0,-12.0,3.0,56.0,-21.0,-13.41,68.69,-100.23,-9.809999999999999,-73.64,13.45,68.21000000000001,40.15,-2.3499999999999996,-14.98,4.520000000000003,-12.78
2025-08-08T16:27:13.522402,5.0,-19.0,-50.0,-66.0,80.0,-63.0,69.0,52.0,-8.0,18.0,107.0,-90.0,3.59,-18.31,-47.23,-45.81,69.36,-38.55,60.21,73.15,1.6500000000000004,0.019999999999999574,55.52,-81.78
2025-08-08T16:27:13.529664,61.0,43.0,-33.0,-47.0,28.0,-67.0,29.0,29.0,15.0,-16.0,75.0,-33.0,59.59,43.69,-30.23,-26.81,17.36,-42.55,20.21,50.15,24.65,-33.980000000000004,23.520000000000003,-24.78
2025-08-08T16:27:13.537609,58.0,-81.0,-38.0,-91.0,-22.0,-58.0,23.0,16.0,-80.0,-52.0,66.0,-5.0,56.59,-80.31,-35.23,-70.81,-32.64,-33.55,14.21,37.15,-70.35,-69.98,14.520000000000003,3.2200000000000006
2025-08-08T16:27:13.542008,79.0,13.0,23.0,38.0,5.0,-19.0,-6.0,-26.0,-70.0,-11.0,89.0,-57.0,77.59,13.69,25.77,58.19,-5.640000000000001,5.449999999999999,-14.79,-4.850000000000001,-60.35,-28.98,37.52,-48.78
2025-08-08T16:27:13.546962,40.0,-55.0,-12.0,-46.0,27.0,19.0,51.0,71.0,-86.0,-29.0,59.0,-19.0,38.59,-54.31,-9.23,-25.81,16.36,43.45,42.21,92.15,-76.35,-46.980000000000004,7.520000000000003,-10.78
2025-08-08T16:27:13.554606,26.0,-79.0,2.0,-12.0,79.0,-46.0,73.0,61.0,-11.0,7.0,73.0,-36.0,24.59,-78.31,4.77,8.190000000000001,68.36,-21.55,64.21000000000001,82.15,-1.3499999999999996,-10.98,21.520000000000003,-27.78
2025-08-08T16:27:13.559371,-8.0,26.0,59.0,-19.0,2.0,-7.0,32.0,-20.0,-23.0,-6.0,118.0,-85.0,-9.41,26.69,61.77,1.1900000000000013,-8.64,17.45,23.21,1.1499999999999986,-13.35,-23.98,66.52000000000001,-76.78
2025-08-08T16:27:13.566714,-23.0,66.0,42.0,-29.0,64.0,-34.0,45.0,-28.0,-36.0,115.0,74.0,-34.0,-24.41,66.69,44.77,-8.809999999999999,53.36,-9.55,36.21,-6.850000000000001,-26.35,97.02,22.520000000000003,-25.78
2025-08-08T16:27:13.571588,6.0,46.0,-29.0,-16.0,67.0,-45.0,25.0,29.0,-59.0,31.0,89.0,19.0,4.59,46.69,-26.23,4.190000000000001,56.36,-20.55,16.21,50.15,-49.35,13.02,37.52,27.22
2025-08-08T16:27:13.579104,69.0,3.0,1.0,11.0,13.0,59.0,86.0,-10.0,-7.0,6.0,68.0,0.0,67.59,3.69,3.77,31.19,2.3599999999999994,83.45,77.21000000000001,11.149999999999999,2.6500000000000004,-11.98,16.520000000000003,8.22
2025-08-08T16:27:13.583725,-44.0,40.0,-65.0,53.0,12.0,-21.0,64.0,-3.0,-76.0,-10.0,138.0,8.0,-45.41,40.69,-62.23,73.19,1.3599999999999994,3.4499999999999993,55.21,18.15,-66.35,-27.98,86.52000000000001,16.22
2025-08-08T16:27:13.591651,27.0,-66.0,-38.0,-54.0,-19.0,-27.0,27.0,-4.0,-61.0,11.0,99.0,46.0,25.59,-65.31,-35.23,-33.81,-29.64,-2.5500000000000007,18.21,17.15,-51.35,-6.98,47.52,54.22
2025-08-08T16:27:13.595355,6.0,8.0,70.0,-39.0,1.0,-67.0,42.0,-33.0,-1.0,-43.0,88.0,18.0,4.59,8.69,72.77,-18.81,-9.64,-42.55,33.21,-11.850000000000001,8.65,-60.980000000000004,36.52,26.22
2025-08-08T16:27:13.603295,44.0,-23.0,20.0,-27.0,20.0,-36.0,110.0,-86.0,-58.0,-41.0,0.0,73.0,42.59,-22.31,22.77,-6.809999999999999,9.36,-11.55,101.21000000000001,-64.85,-48.35,-58.980000000000004,-51.48,81.22
2025-08-08T16:27:13.608272,-9.0,21.0,-14.0,-22.0,38.0,-40.0,13.0,-90.0,-22.0,-36.0,18.0,77.0,-10.41,21.69,-11.23,-1.8099999999999987,27.36,-15.55,4.210000000000001,-68.85,-12.35,-53.980000000000004,-33.48,85.22
2025-08-08T16:27:13.616089,-49.0,-49.0,51.0,-40.0,-36.0,-21.0,10.0,-4.0,12.0,-22.0,-17.0,51.0,-50.41,-48.31,53.77,-19.81,-46.64,3.4499999999999993,1.2100000000000009,17.15,21.65,-39.980000000000004,-68.47999999999999,59.22
2025-08-08T16:27:13.620590,-11.0,98.0,-47.0,39.0,56.0,-40.0,80.0,-51.0,4.0,-14.0,59.0,51.0,-12.41,98.69,-44.23,59.19,45.36,-15.55,71.21000000000001,-29.85,13.65,-31.98,7.520000000000003,59.22
2025-08-08T16:27:13.628227,53.0,112.0,-47.0,4.0,44.0,13.0,12.0,-63.0,19.0,-3.0,64.0,68.0,51.59,112.69,-44.23,24.19,33.36,37.45,3.210000000000001,-41.85,28.65,-20.98,12.520000000000003,76.22
2025-08-08T16:27:13.633060,19.0,19.0,-30.0,37.0,-19.0,7.0,101.0,-65.0,-24.0,3.0,-36.0,44.0,17.59,19.69,-27.23,57.19,-29.64,31.45,92.21000000000001,-43.85,-14.35,-14.98,-87.47999999999999,52.22
2025-08-08T16:27:13.640474,14.0,33.0,-40.0,-37.0,-21.0,-5.0,-7.0,-14.0,1.0,33.0,-26.0,-3.0,12.59,33.69,-37.23,-16.81,-31.64,19.45,-15.79,7.149999999999999,10.65,15.02,-77.47999999999999,5.220000000000001
2025-08-08T16:27:13.645381,40.0,-111.0,-40.0,-18.0,58.0,-64.0,91.0,-55.0,-24.0,166.0,-6.0,17.0,38.59,-110.31,-37.23,2.1900000000000013,47.36,-39.55,82.21000000000001,-33.85,-14.35,148.02,-57.48,25.22
2025-08-08T16:27:13.652596,59.0,4.0,69.0,77.0,-19.0,-48.0,-2.0,-82.0,6.0,7.0,25.0,40.0,57.59,4.6899999999999995,71.77,97.19,-29.64,-23.55,-10.79,-60.85,15.65,-10.98,-26.479999999999997,48.22
2025-08-08T16:27:13.658768,81.0,-84.0,-9.0,15.0,8.0,-95.0,61.0,-53.0,-22.0,27.0,-36.0,-81.0,79.59,-83.31,-6.23,35.19,-2.6400000000000006,-70.55,52.21,-31.85,-12.35,9.02,-87.47999999999999,-72.78
2025-08-08T16:27:13.664882,-4.0,-19.0,78.0,108.0,-57.0,-36.0,-35.0,31.0,-16.0,58.0,8.0,-35.0,-5.41,-18.31,80.77,128.19,-67.64,-11.55,-43.79,52.15,-6.35,40.019999999999996,-43.48,-26.78
2025-08-08T16:27:13.669733,-78.0,-54.0,22.0,59.0,43.0,-27.0,13.0,-51.0,-74.0,159.0,3.0,-18.0,-79.41,-53.31,24.77,79.19,32.36,-2.5500000000000007,4.210000000000001,-29.85,-64.35,141.02,-48.48,-9.78
2025-08-08T16:27:13.677209,-65.0,16.0,26.0,-29.0,11.0,17.0,39.0,-64.0,-3.0,74.0,50.0,-63.0,-66.41,16.69,28.77,-8.809999999999999,0.35999999999999943,41.45,30.21,-42.85,6.65,56.019999999999996,-1.4799999999999969,-54.78
2025-08-08T16:27:13.681834,-31.0,57.0,-62.0,-66.0,50.0,-22.0,18.0,-99.0,-16.0,123.0,14.0,-75.0,-32.41,57.69,-59.23,-45.81,39.36,2.4499999999999993,9.21,-77.85,-6.35,105.02,-37.48,-66.78
2025-08-08T16:27:13.689972,9.0,39.0,-3.0,-7.0,94.0,-123.0,-44.0,-13.0,-47.0,82.0,-21.0,0.0,7.59,39.69,-0.22999999999999998,13.190000000000001,83.36,-98.55,-52.79,8.149999999999999,-37.35,64.02,-72.47999999999999,8.22
2025-08-08T16:27:13.695979,41.0,26.0,-58.0,-52.0,40.0,-48.0,17.0,-27.0,-17.0,89.0,28.0,16.0,39.59,26.69,-55.23,-31.81,29.36,-23.55,8.21,-5.850000000000001,-7.35,71.02,-23.479999999999997,24.22
2025-08-08T16:27:13.701556,-17.0,-64.0,-56.0,18.0,-27.0,9.0,9.0,19.0,5.0,84.0,99.0,-56.0,-18.41,-63.31,-53.23,38.19,-37.64,33.45,0.21000000000000085,40.15,14.65,66.02,47.52,-47.78
2025-08-08T16:27:13.707546,7.0,-95.0,15.0,-34.0,35.0,-53.0,2.0,26.0,-26.0,61.0,62.0,-18.0,5.59,-94.31,17.77,-13.809999999999999,24.36,-28.55,-6.789999999999999,47.15,-16.35,43.019999999999996,10.520000000000003,-9.78
2025-08-08T16:27:13.714163,43.0,-57.0,-24.0,79.0,-14.0,31.0,-74.0,25.0,-20.0,39.0,79.0,-61.0,41.59,-56.31,-21.23,99.19,-24.64,55.45,-82.78999999999999,46.15,-10.35,21.02,27.520000000000003,-52.78
2025-08-08T16:27:13.719454,-58.0,-23.0,-32.0,-61.0,-29.0,-30.0,4.0,56.0,13.0,51.0,115.0,-35.0,-59.41,-22.31,-29.23,-40.81,-39.64,-5.550000000000001,-4.789999999999999,77.15,22.65,33.019999999999996,63.52,-26.78
2025-08-08T16:27:13.726284,-10.0,34.0,11.0,-34.0,38.0,-64.0,33.0,-19.0,-82.0,-8.0,119.0,-72.0,-11.41,34.69,13.77,-13.809999999999999,27.36,-39.55,24.21,2.1499999999999986,-72.35,-25.98,67.52000000000001,-63.78
2025-08-08T16:27:13.731099,-6.0,35.0,-41.0,-12.0,-19.0,6.0,6.0,-56.0,-4.0,55.0,49.0,-6.0,-7.41,35.69,-38.23,8.190000000000001,-29.64,30.45,-2.789999999999999,-34.85,5.65,37.019999999999996,-2.479999999999997,2.2200000000000006
2025-08-08T16:27:13.735311,-13.0,-36.0,-78.0,-3.0,33.0,-9.0,37.0,42.0,-61.0,19.0,43.0,-57.0,-14.41,-35.31,-75.23,17.19,22.36,15.45,28.21,63.15,-51.35,1.0199999999999996,-8.479999999999997,-48.78
2025-08-08T16:27:13.742696,-25.0,-37.0,-6.0,36.0,25.0,-55.0,49.0,54.0,1.0,-22.0,74.0,-13.0,-26.41,-36.31,-3.23,56.19,14.36,-30.55,40.21,75.15,10.65,-39.980000000000004,22.520000000000003,-4.779999999999999
2025-08-08T16:27:13.747206,41.0,17.0,8.0,32.0,-57.0,-73.0,16.0,-20.0,-13.0,-92.0,62.0,-3.0,39.59,17.69,10.77,52.19,-67.64,-48.55,7.210000000000001,1.1499999999999986,-3.3499999999999996,-109.98,10.520000000000003,5.220000000000001
2025-08-08T16:27:13.755070,58.0,47.0,-57.0,-22.0,-3.0,3.0,85.0,-10.0,-32.0,-47.0,79.0,13.0,56.59,47.69,-54.23,-1.8099999999999987,-13.64,27.45,76.21000000000001,11.149999999999999,-22.35,-64.98,27.520000000000003,21.22
2025-08-08T16:27:13.760598,-2.0,11.0,-31.0,-53.0,-8.0,-62.0,37.0,17.0,-2.0,-16.0,18.0,-77.0,-3.41,11.69,-28.23,-32.81,-18.64,-37.55,28.21,38.15,7.65,-33.980000000000004,-33.48,-68.78
2025-08-08T16:27:13.767331,16.0,-22.0,-3.0,-56.0,-65.0,-8.0,98.0,-5.0,-3.0,-15.0,37.0,-43.0,14.59,-21.31,-0.22999999999999998,-35.81,-75.64,16.45,89.21000000000001,16.15,6.65,-32.980000000000004,-14.479999999999997,-34.78
2025-08-08T16:27:13.772857,-21.0,-48.0,-2.0,-55.0,-26.0,8.0,51.0,65.0,17.0,-41.0,117.0,-48.0,-22.41,-47.31,0.77,-34.81,-36.64,32.45,42.21,86.15,26.65,-58.980000000000004,65.52000000000001,-39.78
2025-08-08T16:27:13.779967,32.0,-70.0,-14.0,-70.0,5.0,-73.0,60.0,-37.0,10.0,-10.0,102.0,-10.0,30.59,-69.31,-11.23,-49.81,-5.640000000000001,-48.55,51.21,-15.850000000000001,19.65,-27.98,50.52,-1.7799999999999994
2025-08-08T16:27:13.784970,-33.0,21.0,26.0,14.0,23.0,8.0,8.0,-7.0,2.0,14.0,36.0,-94.0,-34.41,21.69,28.77,34.19,12.36,32.45,-0.7899999999999991,14.149999999999999,11.65,-3.9800000000000004,-15.479999999999997,-85.78
2025-08-08T16:27:13.791778,-27.0,30.0,46.0,-1.0,-15.0,-59.0,34.0,-55.0,-25.0,6.0,91.0,29.0,-28.41,30.69,48.77,19.19,-25.64,-34.55,25.21,-33.85,-15.35,-11.98,39.52,37.22
2025-08-08T16:27:13.796122,-27.0,5.0,8.0,1.0,58.0,-24.0,67.0,34.0,-21.0,-6.0,69.0,41.0,-28.41,5.6899999999999995,10.77,21.19,47.36,0.4499999999999993,58.21,55.15,-11.35,-23.98,17.520000000000003,49.22
2025-08-08T16:27:13.804407,-28.0,64.0,44.0,-7.0,7.0,-102.0,82.0,-116.0,10.0,4.0,13.0,74.0,-29.41,64.69,46.77,13.190000000000001,-3.6400000000000006,-77.55,73.21000000000001,-94.85,19.65,-13.98,-38.48,82.22
2025-08-08T16:27:13.808797,11.0,25.0,-13.0,11.0,43.0,9.0,19.0,-27.0,-87.0,22.0,13.0,41.0,9.59,25.69,-10.23,31.19,32.36,33.45,10.21,-5.850000000000001,-77.35,4.02,-38.48,49.22
2025-08-08T16:27:13.816293,-34.0,59.0,-30.0,-12.0,-27.0,-62.0,66.0,16.0,-15.0,48.0,-38.0,52.0,-35.41,59.69,-27.23,8.190000000000001,-37.64,-37.55,57.21,37.15,-5.35,30.02,-89.47999999999999,60.22
2025-08-08T16:27:13.821353,43.0,4.0,-15.0,-48.0,-6.0,21.0,51.0,-2.0,-16.0,-22.0,7.0,6.0,41.59,4.6899999999999995,-12.23,-27.81,-16.64,45.45,42.21,19.15,-6.35,-39.980000000000004,-44.48,14.22
2025-08-08T16:27:13.828735,39.0,9.0,0.0,-28.0,47.0,-35.0,-18.0,-30.0,-1.0,92.0,-81.0,22.0,37.59,9.69,2.77,-7.809999999999999,36.36,-10.55,-26.79,-8.850000000000001,8.65,74.02,-132.48,30.22
2025-08-08T16:27:13.833324,35.0,42.0,-78.0,-72.0,-17.0,35.0,72.0,-2.0,-16.0,47.0,-21.0,46.0,33.59,42.69,-75.23,-51.81,-27.64,59.45,63.21,19.15,-6.35,29.02,-72.47999999999999,54.22
2025-08-08T16:27:13.840867,32.0,-45.0,-33.0,-77.0,33.0,-56.0,-13.0,25.0,-26.0,149.0,34.0,47.0,30.59,-44.31,-30.23,-56.81,22.36,-31.55,-21.79,46.15,-16.35,131.02,-17.479999999999997,55.22
2025-08-08T16:27:13.845200,26.0,27.0,18.0,-4.0,63.0,-38.0,62.0,-37.0,-41.0,46.0,65.0,64.0,24.59,27.69,20.77,16.19,52.36,-13.55,53.21,-15.850000000000001,-31.35,28.02,13.520000000000003,72.22
2025-08-08T16:27:13.853373,-85.0,-14.0,19.0,11.0,-43.0,-42.0,50.0,-10.0,-21.0,112.0,-25.0,82.0,-86.41,-13.31,21.77,31.19,-53.64,-17.55,41.21,11.149999999999999,-11.35,94.02,-76.47999999999999,90.22
2025-08-08T16:27:13.857754,-72.0,73.0,32.0,14.0,-30.0,36.0,47.0,9.0,14.0,70.0,0.0,29.0,-73.41,73.69,34.77,34.19,-40.64,60.45,38.21,30.15,23.65,52.019999999999996,-51.48,37.22
2025-08-08T16:27:13.865329,-16.0,52.0,-33.0,-2.0,-2.0,-7.0,-7.0,-40.0,46.0,5.0,56.0,38.0,-17.41,52.69,-30.23,18.19,-12.64,17.45,-15.79,-18.85,55.65,-12.98,4.520000000000003,46.22
2025-08-08T16:27:13.869662,-31.0,-18.0,-81.0,51.0,4.0,-69.0,-1.0,-38.0,-15.0,114.0,-34.0,5.0,-32.41,-17.31,-78.23,71.19,-6.640000000000001,-44.55,-9.79,-16.85,-5.35,96.02,-85.47999999999999,13.22
2025-08-08T16:27:13.873928,-48.0,16.0,-77.0,-42.0,31.0,22.0,44.0,2.0,-3.0,56.0,2.0,39.0,-49.41,16.69,-74.23,-21.81,20.36,46.45,35.21,23.15,6.65,38.019999999999996,-49.48,47.22
2025-08-08T16:27:13.882743,-23.0,-34.0,-77.0,-22.0,43.0,-61.0,31.0,-24.0,0.0,20.0,-19.0,10.0,-24.41,-33.31,-74.23,-1.8099999999999987,32.36,-36.55,22.21,-2.8500000000000014,9.65,2.0199999999999996,-70.47999999999999,18.22
2025-08-08T16:27:13.888494,7.0,-10.0,6.0,-41.0,98.0,-29.0,46.0,41.0,-23.0,90.0,24.0,54.0,5.59,-9.31,8.77,-20.81,87.36,-4.550000000000001,37.21,62.15,-13.35,72.02,-27.479999999999997,62.22
2025-08-08T16:27:13.895831,4.0,-1.0,-31.0,-40.0,-15.0,-56.0,-32.0,-50.0,-16.0,67.0,-61.0,79.0,2.59,-0.31000000000000005,-28.23,-19.81,-25.64,-31.55,-40.79,-28.85,-6.35,49.019999999999996,-112.47999999999999,87.22
2025-08-08T16:27:13.900273,30.0,-16.0,-3.0,-37.0,-22.0,31.0,34.0,-37.0,24.0,32.0,-47.0,20.0,28.59,-15.31,-0.22999999999999998,-16.81,-32.64,55.45,25.21,-15.850000000000001,33.65,14.02,-98.47999999999999,28.22
2025-08-08T16:27:13.906877,20.0,43.0,-16.0,-18.0,-1.0,25.0,-31.0,20.0,3.0,8.0,27.0,22.0,18.59,43.69,-13.23,2.1900000000000013,-11.64,49.45,-39.79,41.15,12.65,-9.98,-24.479999999999997,30.22
2025-08-08T16:27:13.911832,13.0,-30.0,89.0,-26.0,-22.0,-54.0,-36.0,-23.0,27.0,100.0,41.0,4.0,11.59,-29.31,91.77,-5.809999999999999,-32.64,-29.55,-44.79,-1.8500000000000014,36.65,82.02,-10.479999999999997,12.22
2025-08-08T16:27:13.919407,0.0,-5.0,80.0,-3.0,-39.0,-45.0,24.0,-1.0,-52.0,46.0,51.0,62.0,-1.41,-4.3100000000000005,82.77,17.19,-49.64,-20.55,15.21,20.15,-42.35,28.02,-0.4799999999999969,70.22
2025-08-08T16:27:13.923236,-47.0,-40.0,74.0,1.0,70.0,-4.0,-44.0,-17.0,26.0,55.0,51.0,26.0,-48.41,-39.31,76.77,21.19,59.36,20.45,-52.79,4.149999999999999,35.65,37.019999999999996,-0.4799999999999969,34.22
2025-08-08T16:27:13.931835,-10.0,9.0,57.0,-42.0,-24.0,14.0,75.0,-61.0,23.0,59.0,-23.0,-37.0,-11.41,9.69,59.77,-21.81,-34.64,38.45,66.21000000000001,-39.85,32.65,41.019999999999996,-74.47999999999999,-28.78
2025-08-08T16:27:13.935568,11.0,68.0,47.0,-35.0,25.0,-17.0,-11.0,-95.0,73.0,112.0,9.0,-75.0,9.59,68.69,49.77,-14.809999999999999,14.36,7.449999999999999,-19.79,-73.85,82.65,94.02,-42.48,-66.78
2025-08-08T16:27:13.944106,-69.0,-4.0,6.0,-17.0,-52.0,-89.0,7.0,-70.0,10.0,59.0,10.0,-58.0,-70.41,-3.31,8.77,3.1900000000000013,-62.64,-64.55,-1.7899999999999991,-48.85,19.65,41.019999999999996,-41.48,-49.78
2025-08-08T16:27:13.947878,-68.0,28.0,-65.0,45.0,-2.0,-57.0,-2.0,38.0,1.0,82.0,52.0,-7.0,-69.41,28.69,-62.23,65.19,-12.64,-32.55,-10.79,59.15,10.65,64.02,0.5200000000000031,1.2200000000000006
2025-08-08T16:27:13.955702,56.0,11.0,-33.0,-9.0,7.0,-8.0,111.0,21.0,-1.0,22.0,68.0,-42.0,54.59,11.69,-30.23,11.190000000000001,-3.6400000000000006,16.45,102.21000000000001,42.15,8.65,4.02,16.520000000000003,-33.78
2025-08-08T16:27:13.960200,25.0,83.0,-14.0,-62.0,-27.0,-34.0,26.0,52.0,-20.0,42.0,7.0,-6.0,23.59,83.69,-11.23,-41.81,-37.64,-9.55,17.21,73.15,-10.35,24.02,-44.48,2.2200000000000006
2025-08-08T16:27:13.967766,55.0,21.0,15.0,6.0,-40.0,34.0,72.0,-22.0,11.0,7.0,61.0,81.0,53.59,21.69,17.77,26.19,-50.64,58.45,63.21,-0.8500000000000014,20.65,-10.98,9.520000000000003,89.22
2025-08-08T16:27:13.972487,38.0,75.0,-32.0,-31.0,45.0,17.0,-34.0,-23.0,33.0,3.0,81.0,-5.0,36.59,75.69,-29.23,-10.809999999999999,34.36,41.45,-42.79,-1.8500000000000014,42.65,-14.98,29.520000000000003,3.2200000000000006
2025-08-08T16:27:13.980295,63.0,-20.0,-6.0,-63.0,63.0,2.0,-5.0,2.0,70.0,-23.0,94.0,-36.0,61.59,-19.31,-3.23,-42.81,52.36,26.45,-13.79,23.15,79.65,-40.980000000000004,42.52,-27.78
2025-08-08T16:27:13.985434,-51.0,-17.0,1.0,-70.0,1.0,5.0,-18.0,55.0,-35.0,2.0,11.0,-73.0,-52.41,-16.31,3.77,-49.81,-9.64,29.45,-26.79,76.15,-25.35,-15.98,-40.48,-64.78
2025-08-08T16:27:13.992527,65.0,-15.0,-60.0,-34.0,-8.0,26.0,20.0,-49.0,13.0,-38.0,71.0,-1.0,63.59,-14.31,-57.23,-13.809999999999999,-18.64,50.45,11.21,-27.85,22.65,-55.980000000000004,19.520000000000003,7.220000000000001
2025-08-08T16:27:13.998343,46.0,-59.0,36.0,-1.0,77.0,12.0,-7.0,-53.0,-42.0,18.0,72.0,3.0,44.59,-58.31,38.77,19.19,66.36,36.45,-15.79,-31.85,-32.35,0.019999999999999574,20.520000000000003,11.22
2025-08-08T16:27:14.004138,23.0,35.0,-9.0,-1.0,39.0,23.0,-16.0,47.0,-19.0,-32.0,66.0,10.0,21.59,35.69,-6.23,19.19,28.36,47.45,-24.79,68.15,-9.35,-49.980000000000004,14.520000000000003,18.22
2025-08-08T16:27:14.010965,-26.0,-62.0,11.0,2.0,-44.0,18.0,19.0,-9.0,-30.0,24.0,121.0,0.0,-27.41,-61.31,13.77,22.19,-54.64,42.45,10.21,12.149999999999999,-20.35,6.02,69.52000000000001,8.22
2025-08-08T16:27:14.015479,-64.0,7.0,84.0,9.0,8.0,-4.0,65.0,49.0,-32.0,17.0,53.0,-25.0,-65.41,7.6899999999999995,86.77,29.19,-2.6400000000000006,20.45,56.21,70.15,-22.35,-0.9800000000000004,1.5200000000000031,-16.78
2025-08-08T16:27:14.021814,-33.0,58.0,71.0,-12.0,-14.0,8.0,17.0,-26.0,10.0,34.0,9.0,70.0,-34.41,58.69,73.77,8.190000000000001,-24.64,32.45,8.21,-4.850000000000001,19.65,16.02,-42.48,78.22
2025-08-08T16:27:14.026424,48.0,54.0,11.0,1.0,6.0,-56.0,48.0,29.0,-8.0,-18.0,-9.0,70.0,46.59,54.69,13.77,21.19,-4.640000000000001,-31.55,39.21,50.15,1.6500000000000004,-35.980000000000004,-60.48,78.22
2025-08-08T16:27:14.033876,-47.0,18.0,-45.0,2.0,-7.0,-16.0,24.0,-80.0,-52.0,102.0,29.0,24.0,-48.41,18.69,-42.23,22.19,-17.64,8.45,15.21,-58.85,-42.35,84.02,-22.479999999999997,32.22
2025-08-08T16:27:14.037580,-79.0,91.0,14.0,-28.0,45.0,0.0,-52.0,2.0,-32.0,170.0,45.0,86.0,-80.41,91.69,16.77,-7.809999999999999,34.36,24.45,-60.79,23.15,-22.35,152.02,-6.479999999999997,94.22
2025-08-08T16:27:14.046187,-2.0,1.0,50.0,-30.0,20.0,16.0,-30.0,-4.0,47.0,75.0,39.0,46.0,-3.41,1.69,52.77,-9.809999999999999,9.36,40.45,-38.79,17.15,56.65,57.019999999999996,-12.479999999999997,54.22
2025-08-08T16:27:14.050091,67.0,77.0,-55.0,103.0,77.0,-59.0,-35.0,-56.0,5.0,123.0,23.0,29.0,65.59,77.69,-52.23,123.19,66.36,-34.55,-43.79,-34.85,14.65,105.02,-28.479999999999997,37.22
2025-08-08T16:27:14.058384,-20.0,-47.0,22.0,15.0,-2.0,12.0,19.0,50.0,40.0,39.0,64.0,49.0,-21.41,-46.31,24.77,35.19,-12.64,36.45,10.21,71.15,49.65,21.02,12.520000000000003,57.22
2025-08-08T16:27:14.063522,45.0,-39.0,-17.0,-17.0,-65.0,-92.0,-10.0,-10.0,-69.0,80.0,-48.0,63.0,43.59,-38.31,-14.23,3.1900000000000013,-75.64,-67.55,-18.79,11.149999999999999,-59.35,62.019999999999996,-99.47999999999999,71.22
2025-08-08T16:27:14.070674,-16.0,-51.0,-8.0,31.0,-62.0,-25.0,12.0,-22.0,-14.0,61.0,21.0,25.0,-17.41,-50.31,-5.23,51.19,-72.64,-0.5500000000000007,3.210000000000001,-0.8500000000000014,-4.35,43.019999999999996,-30.479999999999997,33.22
2025-08-08T16:27:14.074647,-66.0,-1.0,12.0,-18.0,86.0,-52.0,60.0,-67.0,-21.0,38.0,79.0,74.0,-67.41,-0.31000000000000005,14.77,2.1900000000000013,75.36,-27.55,51.21,-45.85,-11.35,20.02,27.520000000000003,82.22
2025-08-08T16:27:14.082512,-14.0,27.0,-40.0,9.0,77.0,-18.0,17.0,-33.0,-66.0,122.0,13.0,4.0,-15.41,27.69,-37.23,29.19,66.36,6.449999999999999,8.21,-11.850000000000001,-56.35,104.02,-38.48,12.22
2025-08-08T16:27:14.086897,23.0,19.0,-45.0,16.0,71.0,-83.0,65.0,-40.0,-25.0,131.0,20.0,42.0,21.59,19.69,-42.23,36.19,60.36,-58.55,56.21,-18.85,-15.35,113.02,-31.479999999999997,50.22
2025-08-08T16:27:14.094812,35.0,-66.0,-4.0,-8.0,12.0,14.0,40.0,21.0,37.0,48.0,71.0,16.0,33.59,-65.31,-1.23,12.190000000000001,1.3599999999999994,38.45,31.21,42.15,46.65,30.02,19.520000000000003,24.22
2025-08-08T16:27:14.099456,9.0,43.0,107.0,-8.0,20.0,17.0,6.0,-13.0,-55.0,129.0,21.0,-3.0,7.59,43.69,109.77,12.190000000000001,9.36,41.45,-2.789999999999999,8.149999999999999,-45.35,111.02,-30.479999999999997,5.220000000000001
2025-08-08T16:27:14.106976,83.0,17.0,51.0,-24.0,-57.0,-8.0,23.0,27.0,-5.0,25.0,8.0,3.0,81.59,17.69,53.77,-3.8099999999999987,-67.64,16.45,14.21,48.15,4.65,7.02,-43.48,11.22
2025-08-08T16:27:14.111310,0.0,-78.0,8.0,-41.0,40.0,0.0,30.0,-40.0,-41.0,86.0,-13.0,112.0,-1.41,-77.31,10.77,-20.81,29.36,24.45,21.21,-18.85,-31.35,68.02,-64.47999999999999,120.22
2025-08-08T16:27:14.119437,67.0,-40.0,12.0,-38.0,-34.0,57.0,78.0,-42.0,-42.0,95.0,-17.0,45.0,65.59,-39.31,14.77,-17.81,-44.64,81.45,69.21000000000001,-20.85,-32.35,77.02,-68.47999999999999,53.22
2025-08-08T16:27:14.123820,-28.0,-52.0,62.0,24.0,61.0,-1.0,43.0,-60.0,13.0,80.0,-32.0,51.0,-29.41,-51.31,64.77,44.19,50.36,23.45,34.21,-38.85,22.65,62.019999999999996,-83.47999999999999,59.22
2025-08-08T16:27:14.131660,-66.0,-7.0,42.0,-47.0,25.0,-44.0,32.0,2.0,8.0,75.0,-2.0,54.0,-67.41,-6.3100000000000005,44.77,-26.81,14.36,-19.55,23.21,23.15,17.65,57.019999999999996,-53.48,62.22
2025-08-08T16:27:14.136390,-76.0,-105.0,-1.0,-5.0,62.0,-27.0,46.0,-21.0,51.0,96.0,8.0,47.0,-77.41,-104.31,1.77,15.190000000000001,51.36,-2.5500000000000007,37.21,0.14999999999999858,60.65,78.02,-43.48,55.22
2025-08-08T16:27:14.143897,-34.0,-3.0,11.0,19.0,-15.0,-36.0,23.0,-76.0,-16.0,62.0,61.0,23.0,-35.41,-2.31,13.77,39.19,-25.64,-11.55,14.21,-54.85,-6.35,44.019999999999996,9.520000000000003,31.22
2025-08-08T16:27:14.148910,-8.0,45.0,-94.0,-4.0,-26.0,-51.0,63.0,-34.0,11.0,30.0,30.0,123.0,-9.41,45.69,-91.23,16.19,-36.64,-26.55,54.21,-12.850000000000001,20.65,12.02,-21.479999999999997,131.22
2025-08-08T16:27:14.156134,30.0,-16.0,-4.0,-33.0,-10.0,2.0,29.0,34.0,-35.0,143.0,-52.0,55.0,28.59,-15.31,-1.23,-12.809999999999999,-20.64,26.45,20.21,55.15,-25.35,125.02,-103.47999999999999,63.22
2025-08-08T16:27:14.161404,19.0,-33.0,24.0,8.0,36.0,4.0,-21.0,-21.0,-10.0,47.0,-18.0,13.0,17.59,-32.31,26.77,28.19,25.36,28.45,-29.79,0.14999999999999858,-0.34999999999999964,29.02,-69.47999999999999,21.22
2025-08-08T16:27:14.168507,35.0,-52.0,16.0,-44.0,58.0,-32.0,106.0,-13.0,-32.0,103.0,-23.0,29.0,33.59,-51.31,18.77,-23.81,47.36,-7.550000000000001,97.21000000000001,8.149999999999999,-22.35,85.02,-74.47999999999999,37.22
2025-08-08T16:27:14.173638,-118.0,-53.0,43.0,-29.0,13.0,-40.0,23.0,-48.0,-1.0,24.0,45.0,81.0,-119.41,-52.31,45.77,-8.809999999999999,2.3599999999999994,-15.55,14.21,-26.85,8.65,6.02,-6.479999999999997,89.22
2025-08-08T16:27:14.180912,-52.0,10.0,36.0,28.0,54.0,-38.0,29.0,-132.0,-28.0,79.0,11.0,62.0,-53.41,10.69,38.77,48.19,43.36,-13.55,20.21,-110.85,-18.35,61.019999999999996,-40.48,70.22
2025-08-08T16:27:14.185740,-22.0,1.0,-49.0,-10.0,-1.0,-20.0,-14.0,-19.0,-33.0,83.0,3.0,-26.0,-23.41,1.69,-46.23,10.190000000000001,-11.64,4.449999999999999,-22.79,2.1499999999999986,-23.35,65.02,-48.48,-17.78
2025-08-08T16:27:14.193086,-9.0,-2.0,-2.0,-11.0,-10.0,-63.0,-13.0,-19.0,20.0,79.0,-12.0,1.0,-10.41,-1.31,0.77,9.190000000000001,-20.64,-38.55,-21.79,2.1499999999999986,29.65,61.019999999999996,-63.48,9.22
2025-08-08T16:27:14.197497,52.0,57.0,-43.0,62.0,-17.0,13.0,51.0,-12.0,-43.0,64.0,13.0,74.0,50.59,57.69,-40.23,82.19,-27.64,37.45,42.21,9.149999999999999,-33.35,46.019999999999996,-38.48,82.22
2025-08-08T16:27:14.205339,-16.0,-54.0,-50.0,-11.0,8.0,-19.0,20.0,-49.0,32.0,70.0,44.0,26.0,-17.41,-53.31,-47.23,9.190000000000001,-2.6400000000000006,5.449999999999999,11.21,-27.85,41.65,52.019999999999996,-7.479999999999997,34.22
2025-08-08T16:27:14.210412,14.0,-22.0,16.0,-17.0,76.0,-11.0,35.0,-39.0,-12.0,47.0,76.0,-22.0,12.59,-21.31,18.77,3.1900000000000013,65.36,13.45,26.21,-17.85,-2.3499999999999996,29.02,24.520000000000003,-13.78
2025-08-08T16:27:14.217582,-43.0,-27.0,41.0,-27.0,45.0,-47.0,7.0,24.0,25.0,128.0,49.0,-5.0,-44.41,-26.31,43.77,-6.809999999999999,34.36,-22.55,-1.7899999999999991,45.15,34.65,110.02,-2.479999999999997,3.2200000000000006
2025-08-08T16:27:14.223322,-42.0,55.0,8.0,-23.0,70.0,-34.0,55.0,51.0,-21.0,88.0,-13.0,18.0,-43.41,55.69,10.77,-2.8099999999999987,59.36,-9.55,46.21,72.15,-11.35,70.02,-64.47999999999999,26.22
2025-08-08T16:27:14.229993,-45.0,26.0,-31.0,-20.0,-16.0,-22.0,-49.0,16.0,2.0,33.0,98.0,85.0,-46.41,26.69,-28.23,0.19000000000000128,-26.64,2.4499999999999993,-57.79,37.15,11.65,15.02,46.52,93.22
2025-08-08T16:27:14.235441,11.0,4.0,-8.0,29.0,-37.0,37.0,1.0,48.0,17.0,30.0,-25.0,-20.0,9.59,4.6899999999999995,-5.23,49.19,-47.64,61.45,-7.789999999999999,69.15,26.65,12.02,-76.47999999999999,-11.78
2025-08-08T16:27:14.240240,86.0,19.0,-42.0,6.0,-21.0,-8.0,-48.0,24.0,64.0,-9.0,2.0,76.0,84.59,19.69,-39.23,26.19,-31.64,16.45,-56.79,45.15,73.65,-26.98,-49.48,84.22
2025-08-08T16:27:14.247664,16.0,-62.0,23.0,-26.0,31.0,-17.0,-15.0,13.0,-60.0,94.0,-13.0,-44.0,14.59,-61.31,25.77,-5.809999999999999,20.36,7.449999999999999,-23.79,34.15,-50.35,76.02,-64.47999999999999,-35.78
2025-08-08T16:27:14.252455,59.0,-73.0,-33.0,29.0,-11.0,13.0,83.0,11.0,23.0,123.0,22.0,-38.0,57.59,-72.31,-30.23,49.19,-21.64,37.45,74.21000000000001,32.15,32.65,105.02,-29.479999999999997,-29.78
2025-08-08T16:27:14.260462,20.0,-64.0,73.0,-37.0,29.0,-51.0,30.0,-58.0,-15.0,117.0,-58.0,-25.0,18.59,-63.31,75.77,-16.81,18.36,-26.55,21.21,-36.85,-5.35,99.02,-109.47999999999999,-16.78
2025-08-08T16:27:14.266726,-37.0,-50.0,-20.0,-26.0,37.0,16.0,-21.0,-23.0,56.0,80.0,36.0,-23.0,-38.41,-49.31,-17.23,-5.809999999999999,26.36,40.45,-29.79,-1.8500000000000014,65.65,62.019999999999996,-15.479999999999997,-14.78
2025-08-08T16:27:14.272693,-38.0,63.0,66.0,15.0,14.0,-77.0,17.0,-34.0,53.0,90.0,30.0,38.0,-39.41,63.69,68.77,35.19,3.3599999999999994,-52.55,8.21,-12.850000000000001,62.65,72.02,-21.479999999999997,46.22
2025-08-08T16:27:14.278178,-45.0,3.0,-27.0,2.0,7.0,63.0,19.0,-31.0,30.0,101.0,21.0,-32.0,-46.41,3.69,-24.23,22.19,-3.6400000000000006,87.45,10.21,-9.850000000000001,39.65,83.02,-30.479999999999997,-23.78
2025-08-08T16:27:14.285186,-1.0,71.0,-36.0,-12.0,27.0,-41.0,-58.0,-49.0,18.0,123.0,92.0,-37.0,-2.41,71.69,-33.23,8.190000000000001,16.36,-16.55,-66.78999999999999,-27.85,27.65,105.02,40.52,-28.78
2025-08-08T16:27:14.288814,7.0,59.0,20.0,-35.0,65.0,-32.0,14.0,-47.0,12.0,72.0,0.0,-12.0,5.59,59.69,22.77,-14.809999999999999,54.36,-7.550000000000001,5.210000000000001,-25.85,21.65,54.019999999999996,-51.48,-3.7799999999999994
2025-08-08T16:27:14.295567,60.0,34.0,-57.0,-65.0,68.0,-22.0,32.0,-6.0,-57.0,63.0,77.0,12.0,58.59,34.69,-54.23,-44.81,57.36,2.4499999999999993,23.21,15.149999999999999,-47.35,45.019999999999996,25.520000000000003,20.22
2025-08-08T16:27:14.300730,6.0,20.0,-20.0,-56.0,80.0,-78.0,47.0,-24.0,58.0,69.0,18.0,-65.0,4.59,20.69,-17.23,-35.81,69.36,-53.55,38.21,-2.8500000000000014,67.65,51.019999999999996,-33.48,-56.78
2025-08-08T16:27:14.307831,22.0,-30.0,-16.0,21.0,91.0,-10.0,43.0,-16.0,17.0,175.0,30.0,52.0,20.59,-29.31,-13.23,41.19,80.36,14.45,34.21,5.149999999999999,26.65,157.02,-21.479999999999997,60.22
2025-08-08T16:27:14.312249,-55.0,-90.0,45.0,-68.0,8.0,-5.0,-14.0,4.0,-66.0,81.0,84.0,-25.0,-56.41,-89.31,47.77,-47.81,-2.6400000000000006,19.45,-22.79,25.15,-56.35,63.019999999999996,32.52,-16.78
2025-08-08T16:27:14.320092,-36.0,9.0,2.0,-45.0,-86.0,-90.0,18.0,-16.0,-18.0,15.0,-3.0,-29.0,-37.41,9.69,4.77,-24.81,-96.64,-65.55,9.21,5.149999999999999,-8.35,-2.9800000000000004,-54.48,-20.78
2025-08-08T16:27:14.324896,40.0,-52.0,46.0,-74.0,2.0,6.0,-20.0,8.0,-39.0,14.0,107.0,3.0,38.59,-51.31,48.77,-53.81,-8.64,30.45,-28.79,29.15,-29.35,-3.9800000000000004,55.52,11.22
2025-08-08T16:27:14.332739,-19.0,4.0,39.0,13.0,20.0,-15.0,-25.0,-21.0,-48.0,50.0,110.0,-29.0,-20.41,4.6899999999999995,41.77,33.19,9.36,9.45,-33.79,0.14999999999999858,-38.35,32.019999999999996,58.52,-20.78
2025-08-08T16:27:14.336743,19.0,7.0,28.0,-16.0,-9.0,47.0,35.0,-15.0,-79.0,7.0,84.0,-11.0,17.59,7.6899999999999995,30.77,4.190000000000001,-19.64,71.45,26.21,6.149999999999999,-69.35,-10.98,32.52,-2.7799999999999994
2025-08-08T16:27:14.344811,-83.0,13.0,-1.0,-11.0,22.0,33.0,12.0,-37.0,-50.0,50.0,48.0,-41.0,-84.41,13.69,1.77,9.190000000000001,11.36,57.45,3.210000000000001,-15.850000000000001,-40.35,32.019999999999996,-3.479999999999997,-32.78
2025-08-08T16:27:14.348901,-23.0,49.0,11.0,-59.0,36.0,3.0,10.0,-6.0,-12.0,-7.0,77.0,-18.0,-24.41,49.69,13.77,-38.81,25.36,27.45,1.2100000000000009,15.149999999999999,-2.3499999999999996,-24.98,25.520000000000003,-9.78
2025-08-08T16:27:14.357110,4.0,32.0,-33.0,-23.0,95.0,-41.0,31.0,15.0,-51.0,3.0,32.0,28.0,2.59,32.69,-30.23,-2.8099999999999987,84.36,-16.55,22.21,36.15,-41.35,-14.98,-19.479999999999997,36.22
2025-08-08T16:27:14.361128,21.0,-14.0,-42.0,14.0,107.0,7.0,-9.0,33.0,22.0,11.0,84.0,-2.0,19.59,-13.31,-39.23,34.19,96.36,31.45,-17.79,54.15,31.65,-6.98,32.52,6.220000000000001
2025-08-08T16:27:14.369487,25.0,-45.0,-63.0,-51.0,-23.0,-70.0,77.0,-11.0,-8.0,39.0,77.0,-42.0,23.59,-44.31,-60.23,-30.81,-33.64,-45.55,68.21000000000001,10.149999999999999,1.6500000000000004,21.02,25.520000000000003,-33.78
2025-08-08T16:27:14.373485,-33.0,-47.0,19.0,-17.0,-46.0,-25.0,31.0,-43.0,-10.0,-1.0,35.0,-4.0,-34.41,-46.31,21.77,3.1900000000000013,-56.64,-0.5500000000000007,22.21,-21.85,-0.34999999999999964,-18.98,-16.479999999999997,4.220000000000001
2025-08-08T16:27:14.381637,-94.0,-33.0,18.0,-71.0,42.0,37.0,62.0,-21.0,29.0,10.0,60.0,-81.0,-95.41,-32.31,20.77,-50.81,31.36,61.45,53.21,0.14999999999999858,38.65,-7.98,8.520000000000003,-72.78
2025-08-08T16:27:14.385779,-63.0,22.0,76.0,19.0,90.0,59.0,25.0,-38.0,-20.0,-21.0,93.0,-17.0,-64.41,22.69,78.77,39.19,79.36,83.45,16.21,-16.85,-10.35,-38.980000000000004,41.52,-8.78
2025-08-08T16:27:14.393720,27.0,12.0,18.0,-41.0,17.0,-39.0,72.0,21.0,-7.0,14.0,61.0,-35.0,25.59,12.69,20.77,-20.81,6.359999999999999,-14.55,63.21,42.15,2.6500000000000004,-3.9800000000000004,9.520000000000003,-26.78
2025-08-08T16:27:14.398059,50.0,19.0,-44.0,36.0,16.0,2.0,36.0,-41.0,27.0,57.0,117.0,-14.0,48.59,19.69,-41.23,56.19,5.359999999999999,26.45,27.21,-19.85,36.65,39.019999999999996,65.52000000000001,-5.779999999999999
2025-08-08T16:27:14.406060,45.0,-36.0,-30.0,-1.0,30.0,-86.0,60.0,-28.0,26.0,24.0,92.0,-37.0,43.59,-35.31,-27.23,19.19,19.36,-61.55,51.21,-6.850000000000001,35.65,6.02,40.52,-28.78
2025-08-08T16:27:14.410368,-28.0,-66.0,-15.0,19.0,-8.0,-7.0,32.0,-45.0,-25.0,53.0,103.0,-33.0,-29.41,-65.31,-12.23,39.19,-18.64,17.45,23.21,-23.85,-15.35,35.019999999999996,51.52,-24.78
2025-08-08T16:27:14.418921,-13.0,-24.0,26.0,-26.0,-43.0,-15.0,27.0,-24.0,34.0,58.0,97.0,5.0,-14.41,-23.31,28.77,-5.809999999999999,-53.64,9.45,18.21,-2.8500000000000014,43.65,40.019999999999996,45.52,13.22
2025-08-08T16:27:14.422769,37.0,20.0,40.0,-37.0,28.0,22.0,-10.0,-5.0,50.0,19.0,41.0,-46.0,35.59,20.69,42.77,-16.81,17.36,46.45,-18.79,16.15,59.65,1.0199999999999996,-10.479999999999997,-37.78
2025-08-08T16:27:14.430687,-43.0,50.0,6.0,-50.0,0.0,-49.0,54.0,-18.0,-15.0,-23.0,45.0,-21.0,-44.41,50.69,8.77,-29.81,-10.64,-24.55,45.21,3.1499999999999986,-5.35,-40.980000000000004,-6.479999999999997,-12.78
2025-08-08T16:27:14.435903,59.0,39.0,-89.0,14.0,89.0,-89.0,-57.0,45.0,23.0,92.0,62.0,-12.0,57.59,39.69,-86.23,34.19,78.36,-64.55,-65.78999999999999,66.15,32.65,74.02,10.520000000000003,-3.7799999999999994
2025-08-08T16:27:14.443276,38.0,-66.0,-20.0,-99.0,7.0,-48.0,-2.0,-38.0,41.0,98.0,54.0,-11.0,36.59,-65.31,-17.23,-78.81,-3.6400000000000006,-23.55,-10.79,-16.85,50.65,80.02,2.520000000000003,-2.7799999999999994
2025-08-08T16:27:14.447359,-29.0,-116.0,44.0,71.0,-55.0,-20.0,78.0,20.0,60.0,40.0,48.0,-26.0,-30.41,-115.31,46.77,91.19,-65.64,4.449999999999999,69.21000000000001,41.15,69.65,22.02,-3.479999999999997,-17.78
2025-08-08T16:27:14.455454,-23.0,0.0,-17.0,-94.0,-34.0,6.0,-2.0,53.0,-49.0,-7.0,54.0,5.0,-24.41,0.69,-14.23,-73.81,-44.64,30.45,-10.79,74.15,-39.35,-24.98,2.520000000000003,13.22
2025-08-08T16:27:14.459940,-48.0,-12.0,33.0,-10.0,-14.0,-35.0,15.0,-3.0,-4.0,-2.0,34.0,12.0,-49.41,-11.31,35.77,10.190000000000001,-24.64,-10.55,6.210000000000001,18.15,5.65,-19.98,-17.479999999999997,20.22
2025-08-08T16:27:14.467507,-39.0,-64.0,43.0,-20.0,34.0,8.0,-24.0,-53.0,19.0,6.0,45.0,-24.0,-40.41,-63.31,45.77,0.19000000000000128,23.36,32.45,-32.79,-31.85,28.65,-11.98,-6.479999999999997,-15.78
2025-08-08T16:27:14.472608,-30.0,49.0,9.0,-16.0,2.0,-86.0,30.0,-44.0,-9.0,-30.0,87.0,-38.0,-31.41,49.69,11.77,4.190000000000001,-8.64,-61.55,21.21,-22.85,0.6500000000000004,-47.980000000000004,35.52,-29.78
2025-08-08T16:27:14.479741,-19.0,78.0,78.0,-49.0,3.0,-6.0,-24.0,-24.0,-39.0,5.0,61.0,-30.0,-20.41,78.69,80.77,-28.81,-7.640000000000001,18.45,-32.79,-2.8500000000000014,-29.35,-12.98,9.520000000000003,-21.78
2025-08-08T16:27:14.484607,5.0,8.0,10.0,12.0,3.0,4.0,-1.0,-9.0,-4.0,31.0,14.0,-23.0,3.59,8.69,12.77,32.19,-7.640000000000001,28.45,-9.79,12.149999999999999,5.65,13.02,-37.48,-14.78
2025-08-08T16:27:14.489671,5.0,-31.0,45.0,-82.0,-20.0,-84.0,17.0,36.0,17.0,38.0,33.0,115.0,3.59,-30.31,47.77,-61.81,-30.64,-59.55,8.21,57.15,26.65,20.02,-18.479999999999997,123.22
2025-08-08T16:27:14.496588,-52.0,30.0,-53.0,5.0,-1.0,-33.0,-2.0,31.0,-28.0,62.0,52.0,29.0,-53.41,30.69,-50.23,25.19,-11.64,-8.55,-10.79,52.15,-18.35,44.019999999999996,0.5200000000000031,37.22
2025-08-08T16:27:14.502050,-35.0,20.0,-92.0,-56.0,-76.0,7.0,40.0,-23.0,-22.0,44.0,71.0,33.0,-36.41,20.69,-89.23,-35.81,-86.64,31.45,31.21,-1.8500000000000014,-12.35,26.02,19.520000000000003,41.22
2025-08-08T16:27:14.508908,-14.0,6.0,-38.0,35.0,-48.0,21.0,33.0,-77.0,-44.0,25.0,5.0,35.0,-15.41,6.6899999999999995,-35.23,55.19,-58.64,45.45,24.21,-55.85,-34.35,7.02,-46.48,43.22
2025-08-08T16:27:14.513319,45.0,-44.0,9.0,-79.0,-11.0,-33.0,30.0,-61.0,43.0,27.0,93.0,58.0,43.59,-43.31,11.77,-58.81,-21.64,-8.55,21.21,-39.85,52.65,9.02,41.52,66.22
2025-08-08T16:27:14.521119,25.0,17.0,64.0,4.0,29.0,14.0,11.0,-38.0,-22.0,21.0,-28.0,53.0,23.59,17.69,66.77,24.19,18.36,38.45,2.210000000000001,-16.85,-12.35,3.0199999999999996,-79.47999999999999,61.22
2025-08-08T16:27:14.525679,15.0,-42.0,13.0,-16.0,131.0,-13.0,46.0,5.0,-67.0,-3.0,82.0,47.0,13.59,-41.31,15.77,4.190000000000001,120.36,11.45,37.21,26.15,-57.35,-20.98,30.520000000000003,55.22
2025-08-08T16:27:14.533506,-7.0,42.0,-37.0,-5.0,117.0,-32.0,61.0,-36.0,-57.0,-26.0,67.0,26.0,-8.41,42.69,-34.23,15.190000000000001,106.36,-7.550000000000001,52.21,-14.850000000000001,-47.35,-43.980000000000004,15.520000000000003,34.22
2025-08-08T16:27:14.537981,-49.0,20.0,13.0,21.0,11.0,-113.0,29.0,13.0,-6.0,1.0,100.0,29.0,-50.41,20.69,15.77,41.19,0.35999999999999943,-88.55,20.21,34.15,3.6500000000000004,-16.98,48.52,37.22
2025-08-08T16:27:14.545655,93.0,49.0,-18.0,3.0,33.0,10.0,109.0,-40.0,-5.0,31.0,88.0,9.0,91.59,49.69,-15.23,23.19,22.36,34.45,100.21000000000001,-18.85,4.65,13.02,36.52,17.22
2025-08-08T16:27:14.550392,21.0,-47.0,-83.0,-13.0,-27.0,8.0,10.0,-52.0,23.0,42.0,105.0,27.0,19.59,-46.31,-80.23,7.190000000000001,-37.64,32.45,1.2100000000000009,-30.85,32.65,24.02,53.52,35.22
2025-08-08T16:27:14.558063,-3.0,-33.0,-12.0,20.0,0.0,1.0,6.0,-22.0,-16.0,32.0,-50.0,0.0,-4.41,-32.31,-9.23,40.19,-10.64,25.45,-2.789999999999999,-0.8500000000000014,-6.35,14.02,-101.47999999999999,8.22
2025-08-08T16:27:14.562580,66.0,3.0,33.0,3.0,-26.0,-9.0,-7.0,-42.0,9.0,-5.0,14.0,32.0,64.59,3.69,35.77,23.19,-36.64,15.45,-15.79,-20.85,18.65,-22.98,-37.48,40.22
2025-08-08T16:27:14.570326,-27.0,-47.0,5.0,7.0,47.0,-4.0,70.0,50.0,-32.0,50.0,-56.0,28.0,-28.41,-46.31,7.77,27.19,36.36,20.45,61.21,71.15,-22.35,32.019999999999996,-107.47999999999999,36.22
2025-08-08T16:27:14.574273,10.0,1.0,24.0,-29.0,32.0,-15.0,78.0,-44.0,-29.0,79.0,-13.0,81.0,8.59,1.69,26.77,-8.809999999999999,21.36,9.45,69.21000000000001,-22.85,-19.35,61.019999999999996,-64.47999999999999,89.22
2025-08-08T16:27:14.582172,-43.0,-28.0,17.0,-27.0,53.0,-28.0,57.0,-28.0,-16.0,100.0,3.0,-25.0,-44.41,-27.31,19.77,-6.809999999999999,42.36,-3.5500000000000007,48.21,-6.850000000000001,-6.35,82.02,-48.48,-16.78
2025-08-08T16:27:14.587352,-32.0,18.0,10.0,-1.0,34.0,-34.0,54.0,-39.0,-38.0,107.0,-38.0,31.0,-33.41,18.69,12.77,19.19,23.36,-9.55,45.21,-17.85,-28.35,89.02,-89.47999999999999,39.22
2025-08-08T16:27:14.594805,-73.0,14.0,-39.0,-7.0,36.0,-2.0,26.0,4.0,16.0,120.0,58.0,37.0,-74.41,14.69,-36.23,13.190000000000001,25.36,22.45,17.21,25.15,25.65,102.02,6.520000000000003,45.22
2025-08-08T16:27:14.598867,-20.0,42.0,-31.0,-116.0,-3.0,-55.0,-39.0,-46.0,-27.0,111.0,-4.0,53.0,-21.41,42.69,-28.23,-95.81,-13.64,-30.55,-47.79,-24.85,-17.35,93.02,-55.48,61.22
2025-08-08T16:27:14.611171,50.0,-34.0,-24.0,-73.0,26.0,-32.0,17.0,26.0,14.0,91.0,-72.0,27.0,48.59,-33.31,-21.23,-52.81,15.36,-7.550000000000001,8.21,47.15,23.65,73.02,-123.47999999999999,35.22
2025-08-08T16:27:14.617622,21.0,-86.0,-44.0,-73.0,52.0,8.0,-8.0,4.0,23.0,101.0,-25.0,37.0,19.59,-85.31,-41.23,-52.81,41.36,32.45,-16.79,25.15,32.65,83.02,-76.47999999999999,45.22
2025-08-08T16:27:14.622428,-65.0,-23.0,53.0,-28.0,5.0,-80.0,-60.0,-41.0,3.0,58.0,35.0,12.0,-66.41,-22.31,55.77,-7.809999999999999,-5.640000000000001,-55.55,-68.78999999999999,-19.85,12.65,40.019999999999996,-16.479999999999997,20.22
2025-08-08T16:27:14.627672,-1.0,-55.0,34.0,18.0,42.0,-53.0,-76.0,17.0,-39.0,45.0,19.0,45.0,-2.41,-54.31,36.77,38.19,31.36,-28.55,-84.78999999999999,38.15,-29.35,27.02,-32.48,53.22
2025-08-08T16:27:14.631679,-42.0,-18.0,0.0,10.0,45.0,-38.0,62.0,-13.0,-43.0,22.0,-28.0,41.0,-43.41,-17.31,2.77,30.19,34.36,-13.55,53.21,8.149999999999999,-33.35,4.02,-79.47999999999999,49.22
2025-08-08T16:27:14.636503,-57.0,-9.0,-51.0,104.0,-20.0,-30.0,67.0,-54.0,-22.0,80.0,-52.0,8.0,-58.41,-8.31,-48.23,124.19,-30.64,-5.550000000000001,58.21,-32.85,-12.35,62.019999999999996,-103.47999999999999,16.22
2025-08-08T16:27:14.643721,39.0,-62.0,45.0,-22.0,-23.0,33.0,-2.0,25.0,72.0,88.0,3.0,50.0,37.59,-61.31,47.77,-1.8099999999999987,-33.64,57.45,-10.79,46.15,81.65,70.02,-48.48,58.22
2025-08-08T16:27:14.648722,73.0,59.0,16.0,1.0,20.0,-41.0,39.0,2.0,29.0,82.0,-27.0,-3.0,71.59,59.69,18.77,21.19,9.36,-16.55,30.21,23.15,38.65,64.02,-78.47999999999999,5.220000000000001
2025-08-08T16:27:14.656027,68.0,8.0,1.0,24.0,28.0,2.0,112.0,11.0,-27.0,61.0,25.0,43.0,66.59,8.69,3.77,44.19,17.36,26.45,103.21000000000001,32.15,-17.35,43.019999999999996,-26.479999999999997,51.22
2025-08-08T16:27:14.661874,26.0,21.0,-21.0,-90.0,40.0,-24.0,49.0,-28.0,-22.0,82.0,-30.0,19.0,24.59,21.69,-18.23,-69.81,29.36,0.4499999999999993,40.21,-6.850000000000001,-12.35,64.02,-81.47999999999999,27.22
2025-08-08T16:27:14.668265,1.0,-45.0,3.0,-25.0,49.0,-58.0,63.0,-63.0,2.0,68.0,-39.0,69.0,-0.4099999999999999,-44.31,5.77,-4.809999999999999,38.36,-33.55,54.21,-41.85,11.65,50.019999999999996,-90.47999999999999,77.22
2025-08-08T16:27:14.673559,9.0,-27.0,-49.0,-4.0,51.0,-22.0,-55.0,-44.0,-32.0,29.0,4.0,36.0,7.59,-26.31,-46.23,16.19,40.36,2.4499999999999993,-63.79,-22.85,-22.35,11.02,-47.48,44.22
2025-08-08T16:27:14.680492,57.0,-63.0,46.0,4.0,-9.0,-47.0,-33.0,-18.0,13.0,127.0,57.0,83.0,55.59,-62.31,48.77,24.19,-19.64,-22.55,-41.79,3.1499999999999986,22.65,109.02,5.520000000000003,91.22
2025-08-08T16:27:14.686210,3.0,-19.0,27.0,46.0,-90.0,-7.0,46.0,-18.0,-35.0,108.0,5.0,34.0,1.59,-18.31,29.77,66.19,-100.64,17.45,37.21,3.1499999999999986,-25.35,90.02,-46.48,42.22
2025-08-08T16:27:14.690888,-28.0,13.0,32.0,5.0,5.0,6.0,50.0,-7.0,20.0,65.0,20.0,57.0,-29.41,13.69,34.77,25.19,-5.640000000000001,30.45,41.21,14.149999999999999,29.65,47.019999999999996,-31.479999999999997,65.22
2025-08-08T16:27:14.698655,-14.0,3.0,28.0,-17.0,26.0,14.0,39.0,-84.0,-50.0,96.0,-2.0,29.0,-15.41,3.69,30.77,3.1900000000000013,15.36,38.45,30.21,-62.85,-40.35,78.02,-53.48,37.22
2025-08-08T16:27:14.704932,-41.0,39.0,-16.0,-76.0,84.0,-4.0,-34.0,24.0,16.0,39.0,-15.0,98.0,-42.41,39.69,-13.23,-55.81,73.36,20.45,-42.79,45.15,25.65,21.02,-66.47999999999999,106.22
2025-08-08T16:27:14.709674,16.0,98.0,15.0,-9.0,65.0,-43.0,87.0,-23.0,21.0,128.0,66.0,-2.0,14.59,98.69,17.77,11.190000000000001,54.36,-18.55,78.21000000000001,-1.8500000000000014,30.65,110.02,14.520000000000003,6.220000000000001
2025-08-08T16:27:14.717228,85.0,-42.0,-27.0,-6.0,44.0,-22.0,52.0,-44.0,-3.0,65.0,0.0,40.0,83.59,-41.31,-24.23,14.190000000000001,33.36,2.4499999999999993,43.21,-22.85,6.65,47.019999999999996,-51.48,48.22
2025-08-08T16:27:14.721578,7.0,5.0,-44.0,32.0,-54.0,-39.0,-47.0,-8.0,63.0,125.0,-19.0,24.0,5.59,5.6899999999999995,-41.23,52.19,-64.64,-14.55,-55.79,13.149999999999999,72.65,107.02,-70.47999999999999,32.22
2025-08-08T16:27:14.729524,76.0,-23.0,33.0,-39.0,-52.0,-94.0,-15.0,34.0,17.0,121.0,37.0,-13.0,74.59,-22.31,35.77,-18.81,-62.64,-69.55,-23.79,55.15,26.65,103.02,-14.479999999999997,-4.779999999999999
2025-08-08T16:27:14.733721,-18.0,-34.0,71.0,-40.0,-26.0,-18.0,-20.0,-25.0,25.0,9.0,-73.0,7.0,-19.41,-33.31,73.77,-19.81,-36.64,6.449999999999999,-28.79,-3.8500000000000014,34.65,-8.98,-124.47999999999999,15.22
2025-08-08T16:27:14.738117,92.0,-66.0,39.0,13.0,54.0,-19.0,-32.0,-4.0,19.0,57.0,-27.0,-15.0,90.59,-65.31,41.77,33.19,43.36,5.449999999999999,-40.79,17.15,28.65,39.019999999999996,-78.47999999999999,-6.779999999999999
2025-08-08T16:27:14.746074,-36.0,-68.0,-28.0,2.0,10.0,-52.0,93.0,-75.0,-63.0,40.0,-4.0,-18.0,-37.41,-67.31,-25.23,22.19,-0.6400000000000006,-27.55,84.21000000000001,-53.85,-53.35,22.02,-55.48,-9.78
2025-08-08T16:27:14.750324,-4.0,-23.0,-21.0,-35.0,28.0,3.0,16.0,3.0,-65.0,124.0,58.0,47.0,-5.41,-22.31,-18.23,-14.809999999999999,17.36,27.45,7.210000000000001,24.15,-55.35,106.02,6.520000000000003,55.22
2025-08-08T16:27:14.758259,0.0,-65.0,61.0,24.0,-35.0,-44.0,12.0,10.0,-15.0,88.0,-7.0,12.0,-1.41,-64.31,63.77,44.19,-45.64,-19.55,3.210000000000001,31.15,-5.35,70.02,-58.48,20.22
2025-08-08T16:27:14.763519,-19.0,7.0,44.0,34.0,-24.0,-6.0,42.0,-22.0,-30.0,48.0,-24.0,49.0,-20.41,7.6899999999999995,46.77,54.19,-34.64,18.45,33.21,-0.8500000000000014,-20.35,30.02,-75.47999999999999,57.22
2025-08-08T16:27:14.770819,-27.0,-30.0,57.0,-18.0,13.0,-11.0,31.0,52.0,-68.0,107.0,49.0,104.0,-28.41,-29.31,59.77,2.1900000000000013,2.3599999999999994,13.45,22.21,73.15,-58.35,89.02,-2.479999999999997,112.22
2025-08-08T16:27:14.775734,-78.0,76.0,-101.0,-25.0,63.0,-52.0,52.0,-3.0,21.0,92.0,42.0,28.0,-79.41,76.69,-98.23,-4.809999999999999,52.36,-27.55,43.21,18.15,30.65,74.02,-9.479999999999997,36.22
2025-08-08T16:27:14.782992,72.0,25.0,-6.0,-18.0,26.0,-64.0,65.0,26.0,-27.0,53.0,56.0,-30.0,70.59,25.69,-3.23,2.1900000000000013,15.36,-39.55,56.21,47.15,-17.35,35.019999999999996,4.520000000000003,-21.78
2025-08-08T16:27:14.787645,-19.0,-52.0,-26.0,-21.0,62.0,-76.0,37.0,-24.0,-24.0,58.0,27.0,64.0,-20.41,-51.31,-23.23,-0.8099999999999987,51.36,-51.55,28.21,-2.8500000000000014,-14.35,40.019999999999996,-24.479999999999997,72.22
2025-08-08T16:27:14.795146,-17.0,-26.0,83.0,13.0,-30.0,-50.0,29.0,-16.0,-8.0,98.0,0.0,76.0,-18.41,-25.31,85.77,33.19,-40.64,-25.55,20.21,5.149999999999999,1.6500000000000004,80.02,-51.48,84.22
2025-08-08T16:27:14.800322,24.0,-76.0,-7.0,-32.0,-48.0,-19.0,47.0,53.0,-15.0,0.0,-23.0,15.0,22.59,-75.31,-4.23,-11.809999999999999,-58.64,5.449999999999999,38.21,74.15,-5.35,-17.98,-74.47999999999999,23.22
2025-08-08T16:27:14.807506,-58.0,-13.0,33.0,-84.0,33.0,37.0,16.0,0.0,-10.0,31.0,-48.0,-2.0,-59.41,-12.31,35.77,-63.81,22.36,61.45,7.210000000000001,21.15,-0.34999999999999964,13.02,-99.47999999999999,6.220000000000001
2025-08-08T16:27:14.812844,-94.0,59.0,34.0,-22.0,67.0,-20.0,19.0,29.0,27.0,29.0,-25.0,47.0,-95.41,59.69,36.77,-1.8099999999999987,56.36,4.449999999999999,10.21,50.15,36.65,11.02,-76.47999999999999,55.22
2025-08-08T16:27:14.819766,-69.0,-25.0,-46.0,-81.0,14.0,-26.0,89.0,-62.0,-41.0,56.0,-33.0,71.0,-70.41,-24.31,-43.23,-60.81,3.3599999999999994,-1.5500000000000007,80.21000000000001,-40.85,-31.35,38.019999999999996,-84.47999999999999,79.22
2025-08-08T16:27:14.824404,10.0,16.0,4.0,-72.0,27.0,-29.0,96.0,-43.0,-33.0,20.0,3.0,7.0,8.59,16.69,6.77,-51.81,16.36,-4.550000000000001,87.21000000000001,-21.85,-23.35,2.0199999999999996,-48.48,15.22
2025-08-08T16:27:14.831985,62.0,-4.0,-17.0,34.0,7.0,1.0,106.0,-43.0,-7.0,62.0,-24.0,86.0,60.59,-3.31,-14.23,54.19,-3.6400000000000006,25.45,97.21000000000001,-21.85,2.6500000000000004,44.019999999999996,-75.47999999999999,94.22
2025-08-08T16:27:14.836341,26.0,28.0,13.0,-1.0,-25.0,-30.0,-13.0,-36.0,-45.0,-27.0,26.0,41.0,24.59,28.69,15.77,19.19,-35.64,-5.550000000000001,-21.79,-14.850000000000001,-35.35,-44.980000000000004,-25.479999999999997,49.22
2025-08-08T16:27:14.844281,50.0,-57.0,-20.0,-36.0,-30.0,23.0,45.0,-86.0,15.0,60.0,-5.0,30.0,48.59,-56.31,-17.23,-15.809999999999999,-40.64,47.45,36.21,-64.85,24.65,42.019999999999996,-56.48,38.22
2025-08-08T16:27:14.848640,-1.0,-16.0,75.0,-71.0,-57.0,-17.0,70.0,-59.0,-23.0,79.0,-23.0,23.0,-2.41,-15.31,77.77,-50.81,-67.64,7.449999999999999,61.21,-37.85,-13.35,61.019999999999996,-74.47999999999999,31.22
2025-08-08T16:27:14.856651,-50.0,-49.0,75.0,-3.0,87.0,-14.0,24.0,-10.0,-17.0,134.0,15.0,0.0,-51.41,-48.31,77.77,17.19,76.36,10.45,15.21,11.149999999999999,-7.35,116.02,-36.48,8.22
2025-08-08T16:27:14.860849,-100.0,18.0,34.0,-8.0,10.0,-27.0,-3.0,-10.0,-81.0,98.0,60.0,-1.0,-101.41,18.69,36.77,12.190000000000001,-0.6400000000000006,-2.5500000000000007,-11.79,11.149999999999999,-71.35,80.02,8.520000000000003,7.220000000000001
2025-08-08T16:27:14.868894,-98.0,33.0,-13.0,-93.0,3.0,-6.0,22.0,-62.0,-12.0,54.0,-30.0,24.0,-99.41,33.69,-10.23,-72.81,-7.640000000000001,18.45,13.21,-40.85,-2.3499999999999996,36.019999999999996,-81.47999999999999,32.22
2025-08-08T16:27:14.873544,-26.0,-5.0,-80.0,-75.0,9.0,-54.0,27.0,13.0,-30.0,74.0,-12.0,100.0,-27.41,-4.3100000000000005,-77.23,-54.81,-1.6400000000000006,-29.55,18.21,34.15,-20.35,56.019999999999996,-63.48,108.22
2025-08-08T16:27:14.881120,61.0,-17.0,26.0,-47.0,-46.0,-12.0,-20.0,-39.0,-7.0,117.0,-64.0,18.0,59.59,-16.31,28.77,-26.81,-56.64,12.45,-28.79,-17.85,2.6500000000000004,99.02,-115.47999999999999,26.22
2025-08-08T16:27:14.886538,16.0,-15.0,-39.0,-57.0,17.0,7.0,62.0,-48.0,-26.0,101.0,-49.0,8.0,14.59,-14.31,-36.23,-36.81,6.359999999999999,31.45,53.21,-26.85,-16.35,83.02,-100.47999999999999,16.22
2025-08-08T16:27:14.893455,-35.0,11.0,27.0,-34.0,5.0,30.0,-42.0,9.0,72.0,110.0,0.0,48.0,-36.41,11.69,29.77,-13.809999999999999,-5.640000000000001,54.45,-50.79,30.15,81.65,92.02,-51.48,56.22
2025-08-08T16:27:14.898870,25.0,-52.0,-26.0,7.0,71.0,-82.0,57.0,-52.0,32.0,100.0,-15.0,39.0,23.59,-51.31,-23.23,27.19,60.36,-57.55,48.21,-30.85,41.65,82.02,-66.47999999999999,47.22
2025-08-08T16:27:14.905853,-41.0,-87.0,7.0,-54.0,17.0,-25.0,89.0,7.0,-2.0,80.0,-36.0,5.0,-42.41,-86.31,9.77,-33.81,6.359999999999999,-0.5500000000000007,80.21000000000001,28.15,7.65,62.019999999999996,-87.47999999999999,13.22
2025-08-08T16:27:14.909981,-53.0,-20.0,86.0,6.0,28.0,-21.0,-24.0,-23.0,43.0,127.0,-25.0,-6.0,-54.41,-19.31,88.77,26.19,17.36,3.4499999999999993,-32.79,-1.8500000000000014,52.65,109.02,-76.47999999999999,2.2200000000000006
2025-08-08T16:27:14.917954,4.0,-96.0,60.0,41.0,33.0,-2.0,21.0,-76.0,11.0,89.0,-16.0,-10.0,2.59,-95.31,62.77,61.19,22.36,22.45,12.21,-54.85,20.65,71.02,-67.47999999999999,-1.7799999999999994
2025-08-08T16:27:14.923129,-60.0,30.0,56.0,-97.0,12.0,25.0,9.0,-63.0,-3.0,23.0,-49.0,16.0,-61.41,30.69,58.77,-76.81,1.3599999999999994,49.45,0.21000000000000085,-41.85,6.65,5.02,-100.47999999999999,24.22
2025-08-08T16:27:14.930237,-11.0,-12.0,-72.0,-65.0,34.0,-1.0,2.0,-37.0,85.0,65.0,-35.0,45.0,-12.41,-11.31,-69.23,-44.81,23.36,23.45,-6.789999999999999,-15.850000000000001,94.65,47.019999999999996,-86.47999999999999,53.22
2025-08-08T16:27:14.934894,-67.0,-31.0,-55.0,-52.0,46.0,-79.0,-20.0,-50.0,-43.0,47.0,-34.0,9.0,-68.41,-30.31,-52.23,-31.81,35.36,-54.55,-28.79,-28.85,-33.35,29.02,-85.47999999999999,17.22
2025-08-08T16:27:14.938766,41.0,3.0,-73.0,43.0,71.0,-124.0,25.0,-8.0,-10.0,71.0,19.0,26.0,39.59,3.69,-70.23,63.19,60.36,-99.55,16.21,13.149999999999999,-0.34999999999999964,53.019999999999996,-32.48,34.22
2025-08-08T16:27:14.946700,61.0,34.0,-3.0,58.0,18.0,4.0,27.0,-16.0,75.0,74.0,65.0,88.0,59.59,34.69,-0.22999999999999998,78.19,7.359999999999999,28.45,18.21,5.149999999999999,84.65,56.019999999999996,13.520000000000003,96.22
2025-08-08T16:27:14.952211,-56.0,0.0,5.0,3.0,-27.0,-15.0,45.0,-64.0,16.0,77.0,13.0,26.0,-57.41,0.69,7.77,23.19,-37.64,9.45,36.21,-42.85,25.65,59.019999999999996,-38.48,34.22
2025-08-08T16:27:14.959102,73.0,-40.0,-33.0,-17.0,12.0,35.0,-3.0,-99.0,-20.0,122.0,7.0,104.0,71.59,-39.31,-30.23,3.1900000000000013,1.3599999999999994,59.45,-11.79,-77.85,-10.35,104.02,-44.48,112.22
2025-08-08T16:27:14.964510,-4.0,-3.0,-51.0,24.0,-25.0,19.0,-15.0,-90.0,-1.0,45.0,46.0,57.0,-5.41,-2.31,-48.23,44.19,-35.64,43.45,-23.79,-68.85,8.65,27.02,-5.479999999999997,65.22
2025-08-08T16:27:14.971981,26.0,-18.0,58.0,-25.0,48.0,8.0,-35.0,-75.0,41.0,59.0,-31.0,-3.0,24.59,-17.31,60.77,-4.809999999999999,37.36,32.45,-43.79,-53.85,50.65,41.019999999999996,-82.47999999999999,5.220000000000001
2025-08-08T16:27:14.976138,44.0,-57.0,44.0,17.0,16.0,-54.0,64.0,-3.0,-21.0,81.0,18.0,66.0,42.59,-56.31,46.77,37.19,5.359999999999999,-29.55,55.21,18.15,-11.35,63.019999999999996,-33.48,74.22
