timestamp,x1,y1,z1,x2,y2,z2,x3,y3,z3,x4,y4,z4,x1_calib,y1_calib,z1_calib,x2_calib,y2_calib,z2_calib,x3_calib,y3_calib,z3_calib,x4_calib,y4_calib,z4_calib
2025-08-11T15:16:48.473816,22.0,18.0,-26.0,-12.0,38.0,7.0,40.0,0.0,-23.0,-70.0,59.0,30.0,28.5,-7.260000000000002,-39.76,-5.57,-0.1700000000000017,17.18,53.769999999999996,-13.49,-17.32,-36.08,42.25,33.43
2025-08-11T15:16:48.478153,42.0,29.0,58.0,-23.0,20.0,-10.0,-4.0,23.0,-1.0,-58.0,28.0,-3.0,48.5,3.7399999999999984,44.24,-16.57,-18.17,0.17999999999999972,9.77,9.51,4.68,-24.08,11.25,0.43000000000000016
2025-08-11T15:16:48.486168,-26.0,3.0,7.0,-18.0,66.0,-4.0,-8.0,35.0,-18.0,-15.0,17.0,-68.0,-19.5,-22.26,-6.76,-11.57,27.83,6.18,5.77,21.509999999999998,-12.32,18.92,0.25,-64.57
2025-08-11T15:16:48.490923,-36.0,-7.0,-7.0,7.0,58.0,-69.0,56.0,79.0,16.0,-87.0,77.0,-73.0,-29.5,-32.260000000000005,-20.759999999999998,13.43,19.83,-58.82,69.77,65.51,21.68,-53.08,60.25,-69.57
2025-08-11T15:16:48.498474,-55.0,-14.0,7.0,-55.0,77.0,68.0,2.0,-31.0,-12.0,-68.0,26.0,-58.0,-48.5,-39.260000000000005,-6.76,-48.57,38.83,78.18,15.77,-44.49,-6.32,-34.08,9.25,-54.57
2025-08-11T15:16:48.503109,-3.0,-13.0,49.0,27.0,47.0,25.0,24.0,9.0,-71.0,-53.0,5.0,-10.0,3.5,-38.260000000000005,35.24,33.43,8.829999999999998,35.18,37.769999999999996,-4.49,-65.32,-19.08,-11.75,-6.57
2025-08-11T15:16:48.510610,-90.0,41.0,51.0,-57.0,32.0,-80.0,-13.0,52.0,39.0,-65.0,50.0,4.0,-83.5,15.739999999999998,37.24,-50.57,-6.170000000000002,-69.82,0.7699999999999996,38.51,44.68,-31.08,33.25,7.43
2025-08-11T15:16:48.514969,-42.0,41.0,33.0,-1.0,80.0,-42.0,-3.0,28.0,-20.0,-87.0,7.0,-34.0,-35.5,15.739999999999998,19.240000000000002,5.43,41.83,-31.82,10.77,14.51,-14.32,-53.08,-9.75,-30.57
2025-08-11T15:16:48.522929,-23.0,46.0,51.0,-6.0,42.0,27.0,-6.0,-40.0,-48.0,-139.0,20.0,-71.0,-16.5,20.74,37.24,0.4299999999999997,3.8299999999999983,37.18,7.77,-53.49,-42.32,-105.08,3.25,-67.57
2025-08-11T15:16:48.527318,-93.0,-39.0,-30.0,-16.0,41.0,35.0,12.0,0.0,5.0,-55.0,14.0,-37.0,-86.5,-64.26,-43.76,-9.57,2.8299999999999983,45.18,25.77,-13.49,10.68,-21.08,-2.75,-33.57
2025-08-11T15:16:48.531640,0.0,59.0,-43.0,-30.0,-22.0,-2.0,-16.0,6.0,16.0,-19.0,85.0,-82.0,6.5,33.739999999999995,-56.76,-23.57,-60.17,8.18,-2.2300000000000004,-7.49,21.68,14.920000000000002,68.25,-78.57
2025-08-11T15:16:48.539457,21.0,5.0,-53.0,-5.0,19.0,66.0,27.0,37.0,-2.0,-82.0,7.0,-55.0,27.5,-20.26,-66.76,1.4299999999999997,-19.17,76.18,40.769999999999996,23.509999999999998,3.6799999999999997,-48.08,-9.75,-51.57
2025-08-11T15:16:48.543949,29.0,80.0,-42.0,-2.0,40.0,14.0,73.0,14.0,-22.0,0.0,13.0,-19.0,35.5,54.739999999999995,-55.76,4.43,1.8299999999999983,24.18,86.77,0.5099999999999998,-16.32,33.92,-3.75,-15.57
2025-08-11T15:16:48.551725,41.0,37.0,28.0,-43.0,20.0,39.0,10.0,16.0,-77.0,-38.0,-9.0,34.0,47.5,11.739999999999998,14.24,-36.57,-18.17,49.18,23.77,2.51,-71.32,-4.079999999999998,-25.75,37.43
2025-08-11T15:16:48.556119,35.0,50.0,-10.0,-15.0,30.0,-3.0,37.0,3.0,54.0,-74.0,-15.0,19.0,41.5,24.74,-23.759999999999998,-8.57,-8.170000000000002,7.18,50.769999999999996,-10.49,59.68,-40.08,-31.75,22.43
2025-08-11T15:16:48.563938,-65.0,10.0,-1.0,-37.0,63.0,-40.0,13.0,0.0,-1.0,-84.0,56.0,66.0,-58.5,-15.260000000000002,-14.76,-30.57,24.83,-29.82,26.77,-13.49,4.68,-50.08,39.25,69.43
2025-08-11T15:16:48.568333,-39.0,-55.0,38.0,-38.0,22.0,-42.0,-76.0,79.0,-24.0,-124.0,4.0,45.0,-32.5,-80.26,24.240000000000002,-31.57,-16.17,-31.82,-62.230000000000004,65.51,-18.32,-90.08,-12.75,48.43
2025-08-11T15:16:48.576256,-15.0,144.0,-44.0,50.0,6.0,-40.0,0.0,6.0,-55.0,-19.0,-42.0,25.0,-8.5,118.74,-57.76,56.43,-32.17,-29.82,13.77,-7.49,-49.32,14.920000000000002,-58.75,28.43
2025-08-11T15:16:48.580827,-33.0,96.0,-11.0,-17.0,13.0,-25.0,10.0,6.0,-34.0,-71.0,-31.0,0.0,-26.5,70.74,-24.759999999999998,-10.57,-25.17,-14.82,23.77,-7.49,-28.32,-37.08,-47.75,3.43
2025-08-11T15:16:48.588606,55.0,58.0,-13.0,-23.0,-32.0,16.0,9.0,12.0,-80.0,-102.0,-19.0,32.0,61.5,32.739999999999995,-26.759999999999998,-16.57,-70.17,26.18,22.77,-1.4900000000000002,-74.32,-68.08,-35.75,35.43
2025-08-11T15:16:48.593401,61.0,-9.0,-54.0,-32.0,126.0,55.0,-19.0,29.0,-41.0,-50.0,28.0,-9.0,67.5,-34.260000000000005,-67.76,-25.57,87.83,65.18,-5.23,15.51,-35.32,-16.08,11.25,-5.57
2025-08-11T15:16:48.601058,77.0,-42.0,34.0,7.0,0.0,-97.0,-20.0,6.0,-27.0,-71.0,-74.0,11.0,83.5,-67.26,20.240000000000002,13.43,-38.17,-86.82,-6.23,-7.49,-21.32,-37.08,-90.75,14.43
2025-08-11T15:16:48.605691,66.0,17.0,33.0,-63.0,73.0,-54.0,51.0,-23.0,1.0,-4.0,-58.0,67.0,72.5,-8.260000000000002,19.240000000000002,-56.57,34.83,-43.82,64.77,-36.49,6.68,29.92,-74.75,70.43
2025-08-11T15:16:48.613122,51.0,-30.0,75.0,-59.0,82.0,-17.0,37.0,12.0,36.0,10.0,6.0,30.0,57.5,-55.260000000000005,61.24,-52.57,43.83,-6.82,50.769999999999996,-1.4900000000000002,41.68,43.92,-10.75,33.43
2025-08-11T15:16:48.617952,75.0,28.0,94.0,-78.0,4.0,-1.0,27.0,48.0,17.0,-32.0,-75.0,21.0,81.5,2.7399999999999984,80.24,-71.57,-34.17,9.18,40.769999999999996,34.51,22.68,1.9200000000000017,-91.75,24.43
2025-08-11T15:16:48.625351,15.0,-27.0,26.0,64.0,-8.0,20.0,-52.0,56.0,34.0,-7.0,-5.0,35.0,21.5,-52.260000000000005,12.24,70.43,-46.17,30.18,-38.230000000000004,42.51,39.68,26.92,-21.75,38.43
2025-08-11T15:16:48.629926,-13.0,-57.0,57.0,-57.0,-8.0,7.0,4.0,-1.0,32.0,0.0,36.0,55.0,-6.5,-82.26,43.24,-50.57,-46.17,17.18,17.77,-14.49,37.68,33.92,19.25,58.43
2025-08-11T15:16:48.637712,24.0,-84.0,1.0,-89.0,49.0,-25.0,62.0,17.0,-14.0,-4.0,-27.0,34.0,30.5,-109.26,-12.76,-82.57,10.829999999999998,-14.82,75.77,3.51,-8.32,29.92,-43.75,37.43
2025-08-11T15:16:48.641961,-62.0,-21.0,11.0,-19.0,55.0,0.0,-11.0,0.0,12.0,22.0,43.0,77.0,-55.5,-46.260000000000005,-2.76,-12.57,16.83,10.18,2.7699999999999996,-13.49,17.68,55.92,26.25,80.43
2025-08-11T15:16:48.646170,-60.0,47.0,5.0,2.0,117.0,36.0,31.0,-12.0,31.0,18.0,13.0,8.0,-53.5,21.74,-8.76,8.43,78.83,46.18,44.769999999999996,-25.490000000000002,36.68,51.92,-3.75,11.43
2025-08-11T15:16:48.654203,17.0,70.0,24.0,-11.0,93.0,-11.0,-4.0,6.0,12.0,53.0,-2.0,59.0,23.5,44.739999999999995,10.24,-4.57,54.83,-0.8200000000000003,9.77,-7.49,17.68,86.92,-18.75,62.43
2025-08-11T15:16:48.658467,-30.0,29.0,21.0,-8.0,2.0,19.0,-34.0,-42.0,10.0,-8.0,29.0,32.0,-23.5,3.7399999999999984,7.24,-1.5700000000000003,-36.17,29.18,-20.23,-55.49,15.68,25.92,12.25,35.43
2025-08-11T15:16:48.666328,1.0,4.0,21.0,-36.0,-31.0,-7.0,11.0,1.0,-41.0,-4.0,38.0,21.0,7.5,-21.26,7.24,-29.57,-69.17,3.1799999999999997,24.77,-12.49,-35.32,29.92,21.25,24.43
2025-08-11T15:16:48.670833,-23.0,71.0,56.0,-40.0,-1.0,8.0,-17.0,-73.0,-40.0,-6.0,62.0,-1.0,-16.5,45.739999999999995,42.24,-33.57,-39.17,18.18,-3.2300000000000004,-86.49,-34.32,27.92,45.25,2.43
2025-08-11T15:16:48.678733,-29.0,38.0,11.0,34.0,21.0,-18.0,27.0,49.0,44.0,22.0,5.0,51.0,-22.5,12.739999999999998,-2.76,40.43,-17.17,-7.82,40.769999999999996,35.51,49.68,55.92,-11.75,54.43
2025-08-11T15:16:48.683082,18.0,36.0,-13.0,-61.0,60.0,-15.0,-24.0,0.0,36.0,-20.0,-23.0,34.0,24.5,10.739999999999998,-26.759999999999998,-54.57,21.83,-4.82,-10.23,-13.49,41.68,13.920000000000002,-39.75,37.43
2025-08-11T15:16:48.691140,83.0,37.0,-16.0,-10.0,44.0,11.0,41.0,68.0,5.0,-56.0,-22.0,63.0,89.5,11.739999999999998,-29.759999999999998,-3.5700000000000003,5.829999999999998,21.18,54.769999999999996,54.51,10.68,-22.08,-38.75,66.43
2025-08-11T15:16:48.695332,55.0,-19.0,-3.0,-47.0,60.0,6.0,-30.0,-1.0,-25.0,18.0,-32.0,-4.0,61.5,-44.260000000000005,-16.759999999999998,-40.57,21.83,16.18,-16.23,-14.49,-19.32,51.92,-48.75,-0.5699999999999998
2025-08-11T15:16:48.703269,-13.0,-21.0,-26.0,21.0,68.0,-15.0,29.0,-33.0,-5.0,-23.0,68.0,24.0,-6.5,-46.260000000000005,-39.76,27.43,29.83,-4.82,42.769999999999996,-46.49,0.6799999999999997,10.920000000000002,51.25,27.43
2025-08-11T15:16:48.707509,3.0,9.0,17.0,-37.0,-33.0,-58.0,20.0,60.0,-18.0,-29.0,-24.0,98.0,9.5,-16.26,3.24,-30.57,-71.17,-47.82,33.769999999999996,46.51,-12.32,4.920000000000002,-40.75,101.43
2025-08-11T15:16:48.715567,80.0,-23.0,108.0,-27.0,70.0,-31.0,-39.0,11.0,73.0,98.0,-75.0,70.0,86.5,-48.260000000000005,94.24,-20.57,31.83,-20.82,-25.23,-2.49,78.68,131.92000000000002,-91.75,73.43
2025-08-11T15:16:48.720108,-24.0,-44.0,-9.0,-47.0,9.0,34.0,-44.0,60.0,3.0,-16.0,-27.0,79.0,-17.5,-69.26,-22.759999999999998,-40.57,-29.17,44.18,-30.23,46.51,8.68,17.92,-43.75,82.43
2025-08-11T15:16:48.727710,-38.0,-53.0,37.0,25.0,49.0,-6.0,-40.0,-21.0,-4.0,0.0,-3.0,50.0,-31.5,-78.26,23.240000000000002,31.43,10.829999999999998,4.18,-26.23,-34.49,1.6799999999999997,33.92,-19.75,53.43
2025-08-11T15:16:48.732078,16.0,-35.0,5.0,-25.0,11.0,-35.0,-10.0,-10.0,-50.0,-9.0,-27.0,58.0,22.5,-60.260000000000005,-8.76,-18.57,-27.17,-24.82,3.7699999999999996,-23.490000000000002,-44.32,24.92,-43.75,61.43
2025-08-11T15:16:48.740049,-34.0,61.0,23.0,-62.0,-6.0,11.0,-3.0,21.0,66.0,15.0,-46.0,35.0,-27.5,35.739999999999995,9.24,-55.57,-44.17,21.18,10.77,7.51,71.68,48.92,-62.75,38.43
2025-08-11T15:16:48.744566,-76.0,34.0,11.0,-21.0,83.0,-44.0,-66.0,24.0,-25.0,-26.0,-49.0,38.0,-69.5,8.739999999999998,-2.76,-14.57,44.83,-33.82,-52.230000000000004,10.51,-19.32,7.920000000000002,-65.75,41.43
2025-08-11T15:16:48.752175,-12.0,28.0,-8.0,52.0,76.0,-72.0,28.0,5.0,-3.0,-39.0,-3.0,57.0,-5.5,2.7399999999999984,-21.759999999999998,58.43,37.83,-61.82,41.769999999999996,-8.49,2.6799999999999997,-5.079999999999998,-19.75,60.43
2025-08-11T15:16:48.756797,-54.0,66.0,3.0,-7.0,27.0,3.0,-65.0,-46.0,-32.0,15.0,-19.0,14.0,-47.5,40.739999999999995,-10.76,-0.5700000000000003,-11.170000000000002,13.18,-51.230000000000004,-59.49,-26.32,48.92,-35.75,17.43
2025-08-11T15:16:48.764521,25.0,33.0,-10.0,9.0,15.0,29.0,-35.0,19.0,-45.0,-8.0,-39.0,47.0,31.5,7.739999999999998,-23.759999999999998,15.43,-23.17,39.18,-21.23,5.51,-39.32,25.92,-55.75,50.43
2025-08-11T15:16:48.769013,28.0,9.0,-42.0,83.0,15.0,68.0,-8.0,53.0,66.0,-55.0,-11.0,81.0,34.5,-16.26,-55.76,89.43,-23.17,78.18,5.77,39.51,71.68,-21.08,-27.75,84.43
2025-08-11T15:16:48.776808,86.0,-52.0,-35.0,9.0,44.0,32.0,21.0,-8.0,-45.0,-40.0,-42.0,40.0,92.5,-77.26,-48.76,15.43,5.829999999999998,42.18,34.769999999999996,-21.490000000000002,-39.32,-6.079999999999998,-58.75,43.43
2025-08-11T15:16:48.781073,5.0,-30.0,-50.0,34.0,103.0,39.0,4.0,-22.0,-5.0,37.0,-3.0,32.0,11.5,-55.260000000000005,-63.76,40.43,64.83,49.18,17.77,-35.49,0.6799999999999997,70.92,-19.75,35.43
2025-08-11T15:16:48.789208,36.0,-10.0,32.0,-47.0,86.0,-28.0,-71.0,59.0,24.0,-17.0,-33.0,3.0,42.5,-35.260000000000005,18.240000000000002,-40.57,47.83,-17.82,-57.230000000000004,45.51,29.68,16.92,-49.75,6.43
2025-08-11T15:16:48.793616,-54.0,21.0,24.0,-10.0,37.0,-10.0,-17.0,73.0,0.0,-19.0,44.0,32.0,-47.5,-4.260000000000002,10.24,-3.5700000000000003,-1.1700000000000017,0.17999999999999972,-3.2300000000000004,59.51,5.68,14.920000000000002,27.25,35.43
2025-08-11T15:16:48.801263,-56.0,57.0,45.0,46.0,54.0,-25.0,24.0,26.0,58.0,-18.0,87.0,32.0,-49.5,31.74,31.240000000000002,52.43,15.829999999999998,-14.82,37.769999999999996,12.51,63.68,15.920000000000002,70.25,35.43
2025-08-11T15:16:48.805750,29.0,28.0,-9.0,-29.0,38.0,-11.0,-27.0,-1.0,-31.0,-22.0,-19.0,84.0,35.5,2.7399999999999984,-22.759999999999998,-22.57,-0.1700000000000017,-0.8200000000000003,-13.23,-14.49,-25.32,11.920000000000002,-35.75,87.43
2025-08-11T15:16:48.813634,15.0,82.0,-31.0,-38.0,-15.0,35.0,-52.0,6.0,-9.0,-27.0,11.0,79.0,21.5,56.739999999999995,-44.76,-31.57,-53.17,45.18,-38.230000000000004,-7.49,-3.3200000000000003,6.920000000000002,-5.75,82.43
2025-08-11T15:16:48.818072,-126.0,85.0,-13.0,-8.0,81.0,7.0,-68.0,-26.0,-29.0,18.0,11.0,8.0,-119.5,59.739999999999995,-26.759999999999998,-1.5700000000000003,42.83,17.18,-54.230000000000004,-39.49,-23.32,51.92,-5.75,11.43
2025-08-11T15:16:48.822161,12.0,50.0,-25.0,-17.0,7.0,-61.0,28.0,0.0,17.0,35.0,6.0,58.0,18.5,24.74,-38.76,-10.57,-31.17,-50.82,41.769999999999996,-13.49,22.68,68.92,-10.75,61.43
2025-08-11T15:16:48.830239,10.0,27.0,-26.0,-11.0,92.0,25.0,10.0,7.0,6.0,12.0,-68.0,29.0,16.5,1.7399999999999984,-39.76,-4.57,53.83,35.18,23.77,-6.49,11.68,45.92,-84.75,32.43
2025-08-11T15:16:48.834734,-15.0,47.0,12.0,4.0,55.0,-63.0,9.0,-68.0,-20.0,8.0,-17.0,38.0,-8.5,21.74,-1.7599999999999998,10.43,16.83,-52.82,22.77,-81.49,-14.32,41.92,-33.75,41.43
2025-08-11T15:16:48.842629,-2.0,-9.0,-63.0,15.0,63.0,38.0,-24.0,42.0,-25.0,43.0,-17.0,12.0,4.5,-34.260000000000005,-76.76,21.43,24.83,48.18,-10.23,28.509999999999998,-19.32,76.92,-33.75,15.43
2025-08-11T15:16:48.847337,8.0,-44.0,-54.0,40.0,12.0,18.0,-105.0,34.0,-26.0,7.0,-37.0,9.0,14.5,-69.26,-67.76,46.43,-26.17,28.18,-91.23,20.509999999999998,-20.32,40.92,-53.75,12.43
2025-08-11T15:16:48.854867,17.0,-65.0,-7.0,15.0,88.0,11.0,14.0,18.0,-74.0,27.0,-3.0,23.0,23.5,-90.26,-20.759999999999998,21.43,49.83,21.18,27.77,4.51,-68.32,60.92,-19.75,26.43
2025-08-11T15:16:48.859719,12.0,-79.0,15.0,77.0,-5.0,26.0,-55.0,18.0,-27.0,15.0,-5.0,-1.0,18.5,-104.26,1.2400000000000002,83.43,-43.17,36.18,-41.230000000000004,4.51,-21.32,48.92,-21.75,2.43
2025-08-11T15:16:48.867181,31.0,-20.0,48.0,-56.0,39.0,-46.0,-10.0,28.0,-5.0,-45.0,-50.0,14.0,37.5,-45.260000000000005,34.24,-49.57,0.8299999999999983,-35.82,3.7699999999999996,14.51,0.6799999999999997,-11.079999999999998,-66.75,17.43
2025-08-11T15:16:48.871491,-32.0,29.0,50.0,-22.0,42.0,-75.0,-18.0,17.0,-60.0,19.0,-59.0,-52.0,-25.5,3.7399999999999984,36.24,-15.57,3.8299999999999983,-64.82,-4.23,3.51,-54.32,52.92,-75.75,-48.57
2025-08-11T15:16:48.879326,56.0,75.0,46.0,5.0,54.0,-31.0,-37.0,-31.0,-2.0,23.0,5.0,11.0,62.5,49.739999999999995,32.24,11.43,15.829999999999998,-20.82,-23.23,-44.49,3.6799999999999997,56.92,-11.75,14.43
2025-08-11T15:16:48.883831,-34.0,43.0,56.0,51.0,6.0,17.0,-51.0,17.0,31.0,6.0,-56.0,-6.0,-27.5,17.74,42.24,57.43,-32.17,27.18,-37.230000000000004,3.51,36.68,39.92,-72.75,-2.57
2025-08-11T15:16:48.891406,-43.0,49.0,52.0,2.0,15.0,19.0,65.0,25.0,6.0,50.0,-65.0,62.0,-36.5,23.74,38.24,8.43,-23.17,29.18,78.77,11.51,11.68,83.92,-81.75,65.43
2025-08-11T15:16:48.895805,8.0,131.0,39.0,-55.0,35.0,7.0,30.0,51.0,9.0,-6.0,-14.0,42.0,14.5,105.74,25.240000000000002,-48.57,-3.1700000000000017,17.18,43.769999999999996,37.51,14.68,27.92,-30.75,45.43
2025-08-11T15:16:48.903655,-40.0,24.0,85.0,3.0,36.0,38.0,-58.0,58.0,-53.0,53.0,-8.0,-33.0,-33.5,-1.2600000000000016,71.24,9.43,-2.1700000000000017,48.18,-44.230000000000004,44.51,-47.32,86.92,-24.75,-29.57
2025-08-11T15:16:48.908563,-72.0,43.0,6.0,-85.0,83.0,10.0,1.0,28.0,-90.0,55.0,-61.0,10.0,-65.5,17.74,-7.76,-78.57,44.83,20.18,14.77,14.51,-84.32,88.92,-77.75,13.43
2025-08-11T15:16:48.915963,-58.0,91.0,20.0,-38.0,36.0,-63.0,-47.0,-24.0,1.0,-8.0,-54.0,33.0,-51.5,65.74,6.24,-31.57,-2.1700000000000017,-52.82,-33.230000000000004,-37.49,6.68,25.92,-70.75,36.43
2025-08-11T15:16:48.920797,-27.0,76.0,63.0,-28.0,18.0,-21.0,21.0,-3.0,39.0,-12.0,-40.0,21.0,-20.5,50.739999999999995,49.24,-21.57,-20.17,-10.82,34.769999999999996,-16.490000000000002,44.68,21.92,-56.75,24.43
2025-08-11T15:16:48.928262,-40.0,107.0,-18.0,-42.0,28.0,-16.0,-35.0,48.0,-1.0,67.0,-7.0,39.0,-33.5,81.74,-31.759999999999998,-35.57,-10.170000000000002,-5.82,-21.23,34.51,4.68,100.92,-23.75,42.43
2025-08-11T15:16:48.933275,-19.0,95.0,-12.0,-14.0,50.0,22.0,-91.0,46.0,46.0,-71.0,70.0,7.0,-12.5,69.74,-25.759999999999998,-7.57,11.829999999999998,32.18,-77.23,32.51,51.68,-37.08,53.25,10.43
2025-08-11T15:16:48.940480,35.0,-61.0,-43.0,72.0,26.0,33.0,-32.0,-9.0,-3.0,-17.0,59.0,65.0,41.5,-86.26,-56.76,78.43,-12.170000000000002,43.18,-18.23,-22.490000000000002,2.6799999999999997,16.92,42.25,68.43
2025-08-11T15:16:48.945410,6.0,13.0,3.0,-32.0,-26.0,55.0,26.0,12.0,-35.0,47.0,-80.0,32.0,12.5,-12.260000000000002,-10.76,-25.57,-64.17,65.18,39.769999999999996,-1.4900000000000002,-29.32,80.92,-96.75,35.43
2025-08-11T15:16:48.952683,18.0,-24.0,29.0,-26.0,73.0,-40.0,42.0,26.0,-27.0,42.0,-24.0,62.0,24.5,-49.260000000000005,15.24,-19.57,34.83,-29.82,55.769999999999996,12.51,-21.32,75.92,-40.75,65.43
2025-08-11T15:16:48.957898,-27.0,39.0,22.0,-99.0,47.0,-26.0,-11.0,-49.0,-5.0,-65.0,-1.0,91.0,-20.5,13.739999999999998,8.24,-92.57,8.829999999999998,-15.82,2.7699999999999996,-62.49,0.6799999999999997,-31.08,-17.75,94.43
2025-08-11T15:16:48.962245,-61.0,-26.0,36.0,4.0,14.0,-47.0,-7.0,-47.0,37.0,9.0,24.0,-18.0,-54.5,-51.260000000000005,22.240000000000002,10.43,-24.17,-36.82,6.77,-60.49,42.68,42.92,7.25,-14.57
2025-08-11T15:16:48.969567,-21.0,7.0,78.0,20.0,0.0,-33.0,8.0,36.0,-10.0,30.0,-22.0,36.0,-14.5,-18.26,64.24,26.43,-38.17,-22.82,21.77,22.509999999999998,-4.32,63.92,-38.75,39.43
2025-08-11T15:16:48.974183,-23.0,2.0,35.0,51.0,31.0,-27.0,17.0,39.0,-84.0,65.0,-47.0,-7.0,-16.5,-23.26,21.240000000000002,57.43,-7.170000000000002,-16.82,30.77,25.509999999999998,-78.32,98.92,-63.75,-3.57
2025-08-11T15:16:48.981938,-2.0,-13.0,71.0,-12.0,68.0,-45.0,-21.0,50.0,15.0,-52.0,-38.0,31.0,4.5,-38.260000000000005,57.24,-5.57,29.83,-34.82,-7.23,36.51,20.68,-18.08,-54.75,34.43
2025-08-11T15:16:48.985995,-59.0,21.0,15.0,67.0,49.0,18.0,44.0,54.0,-32.0,62.0,18.0,51.0,-52.5,-4.260000000000002,1.2400000000000002,73.43,10.829999999999998,28.18,57.769999999999996,40.51,-26.32,95.92,1.25,54.43
2025-08-11T15:16:48.993971,-12.0,18.0,11.0,-104.0,27.0,41.0,-6.0,17.0,-24.0,17.0,-70.0,14.0,-5.5,-7.260000000000002,-2.76,-97.57,-11.170000000000002,51.18,7.77,3.51,-18.32,50.92,-86.75,17.43
2025-08-11T15:16:48.998579,38.0,11.0,-18.0,21.0,51.0,36.0,-16.0,23.0,42.0,-47.0,-11.0,-21.0,44.5,-14.260000000000002,-31.759999999999998,27.43,12.829999999999998,46.18,-2.2300000000000004,9.51,47.68,-13.079999999999998,-27.75,-17.57
2025-08-11T15:16:49.006486,59.0,50.0,6.0,-39.0,45.0,-60.0,52.0,-46.0,-76.0,50.0,-19.0,44.0,65.5,24.74,-7.76,-32.57,6.829999999999998,-49.82,65.77,-59.49,-70.32,83.92,-35.75,47.43
2025-08-11T15:16:49.011238,63.0,18.0,35.0,-4.0,90.0,-25.0,10.0,-26.0,21.0,-46.0,-7.0,-15.0,69.5,-7.260000000000002,21.240000000000002,2.4299999999999997,51.83,-14.82,23.77,-39.49,26.68,-12.079999999999998,-23.75,-11.57
2025-08-11T15:16:49.018793,-43.0,-18.0,35.0,104.0,51.0,-59.0,-28.0,-16.0,16.0,-1.0,26.0,19.0,-36.5,-43.260000000000005,21.240000000000002,110.43,12.829999999999998,-48.82,-14.23,-29.490000000000002,21.68,32.92,9.25,22.43
2025-08-11T15:16:49.023429,-71.0,70.0,66.0,54.0,80.0,19.0,-28.0,31.0,31.0,-18.0,-79.0,59.0,-64.5,44.739999999999995,52.24,60.43,41.83,29.18,-14.23,17.509999999999998,36.68,15.920000000000002,-95.75,62.43
2025-08-11T15:16:49.030995,-4.0,82.0,30.0,-18.0,-21.0,28.0,-24.0,54.0,-31.0,59.0,-10.0,52.0,2.5,56.739999999999995,16.240000000000002,-11.57,-59.17,38.18,-10.23,40.51,-25.32,92.92,-26.75,55.43
2025-08-11T15:16:49.035058,57.0,60.0,-49.0,-9.0,-7.0,-24.0,28.0,-80.0,-79.0,8.0,-58.0,46.0,63.5,34.739999999999995,-62.76,-2.5700000000000003,-45.17,-13.82,41.769999999999996,-93.49,-73.32,41.92,-74.75,49.43
2025-08-11T15:16:49.043145,49.0,59.0,-100.0,-54.0,60.0,14.0,3.0,61.0,10.0,-19.0,-45.0,46.0,55.5,33.739999999999995,-113.76,-47.57,21.83,24.18,16.77,47.51,15.68,14.920000000000002,-61.75,49.43
2025-08-11T15:16:49.047598,-4.0,6.0,17.0,65.0,79.0,-38.0,10.0,-13.0,-55.0,-20.0,-47.0,34.0,2.5,-19.26,3.24,71.43,40.83,-27.82,23.77,-26.490000000000002,-49.32,13.920000000000002,-63.75,37.43
2025-08-11T15:16:49.055391,-10.0,-1.0,4.0,27.0,23.0,-36.0,13.0,36.0,25.0,-17.0,-5.0,9.0,-3.5,-26.26,-9.76,33.43,-15.170000000000002,-25.82,26.77,22.509999999999998,30.68,16.92,-21.75,12.43
2025-08-11T15:16:49.059967,58.0,10.0,67.0,-7.0,56.0,11.0,-34.0,-27.0,12.0,13.0,-11.0,53.0,64.5,-15.260000000000002,53.24,-0.5700000000000003,17.83,21.18,-20.23,-40.49,17.68,46.92,-27.75,56.43
2025-08-11T15:16:49.067562,-40.0,25.0,32.0,44.0,6.0,6.0,-60.0,64.0,-27.0,-7.0,-42.0,45.0,-33.5,-0.26000000000000156,18.240000000000002,50.43,-32.17,16.18,-46.230000000000004,50.51,-21.32,26.92,-58.75,48.43
2025-08-11T15:16:49.071912,24.0,11.0,-2.0,43.0,-11.0,-26.0,39.0,8.0,-9.0,33.0,-31.0,18.0,30.5,-14.260000000000002,-15.76,49.43,-49.17,-15.82,52.769999999999996,-5.49,-3.3200000000000003,66.92,-47.75,21.43
2025-08-11T15:16:49.079854,-27.0,31.0,-30.0,-49.0,113.0,0.0,-58.0,47.0,-11.0,-45.0,-62.0,38.0,-20.5,5.739999999999998,-43.76,-42.57,74.83,10.18,-44.230000000000004,33.51,-5.32,-11.079999999999998,-78.75,41.43
2025-08-11T15:16:49.084322,-68.0,36.0,61.0,17.0,56.0,-22.0,3.0,16.0,53.0,26.0,-48.0,11.0,-61.5,10.739999999999998,47.24,23.43,17.83,-11.82,16.77,2.51,58.68,59.92,-64.75,14.43
2025-08-11T15:16:49.091963,-10.0,127.0,18.0,-19.0,86.0,-18.0,34.0,44.0,-23.0,38.0,-16.0,40.0,-3.5,101.74,4.24,-12.57,47.83,-7.82,47.769999999999996,30.509999999999998,-17.32,71.92,-32.75,43.43
2025-08-11T15:16:49.096438,-84.0,83.0,-35.0,12.0,62.0,-35.0,-24.0,0.0,31.0,-17.0,-43.0,45.0,-77.5,57.739999999999995,-48.76,18.43,23.83,-24.82,-10.23,-13.49,36.68,16.92,-59.75,48.43
2025-08-11T15:16:49.105001,43.0,-23.0,-57.0,-32.0,40.0,-57.0,-7.0,-48.0,9.0,7.0,-79.0,-34.0,49.5,-48.260000000000005,-70.76,-25.57,1.8299999999999983,-46.82,6.77,-61.49,14.68,40.92,-95.75,-30.57
2025-08-11T15:16:49.109218,86.0,-67.0,25.0,7.0,24.0,38.0,-63.0,-21.0,-39.0,15.0,-78.0,45.0,92.5,-92.26,11.24,13.43,-14.170000000000002,48.18,-49.230000000000004,-34.49,-33.32,48.92,-94.75,48.43
2025-08-11T15:16:49.116711,11.0,-40.0,55.0,-21.0,29.0,-2.0,21.0,-20.0,22.0,30.0,16.0,8.0,17.5,-65.26,41.24,-14.57,-9.170000000000002,8.18,34.769999999999996,-33.49,27.68,63.92,-0.75,11.43
2025-08-11T15:16:49.120899,-32.0,10.0,33.0,-10.0,61.0,13.0,-6.0,24.0,48.0,37.0,0.0,72.0,-25.5,-15.260000000000002,19.240000000000002,-3.5700000000000003,22.83,23.18,7.77,10.51,53.68,70.92,-16.75,75.43
2025-08-11T15:16:49.128817,46.0,31.0,51.0,10.0,86.0,11.0,86.0,17.0,5.0,22.0,-7.0,72.0,52.5,5.739999999999998,37.24,16.43,47.83,21.18,99.77,3.51,10.68,55.92,-23.75,75.43
2025-08-11T15:16:49.133466,-79.0,58.0,70.0,-34.0,9.0,10.0,25.0,-4.0,20.0,75.0,-28.0,59.0,-72.5,32.739999999999995,56.24,-27.57,-29.17,20.18,38.769999999999996,-17.490000000000002,25.68,108.92,-44.75,62.43
2025-08-11T15:16:49.141006,-75.0,-29.0,53.0,-46.0,71.0,-51.0,-13.0,-41.0,-1.0,-49.0,2.0,45.0,-68.5,-54.260000000000005,39.24,-39.57,32.83,-40.82,0.7699999999999996,-54.49,4.68,-15.079999999999998,-14.75,48.43
2025-08-11T15:16:49.145731,-7.0,86.0,62.0,34.0,37.0,-94.0,23.0,30.0,33.0,-10.0,-26.0,70.0,-0.5,60.739999999999995,48.24,40.43,-1.1700000000000017,-83.82,36.769999999999996,16.509999999999998,38.68,23.92,-42.75,73.43
2025-08-11T15:16:49.153347,-67.0,100.0,-62.0,-2.0,63.0,-50.0,-21.0,-9.0,-26.0,29.0,-38.0,29.0,-60.5,74.74,-75.76,4.43,24.83,-39.82,-7.23,-22.490000000000002,-20.32,62.92,-54.75,32.43
2025-08-11T15:16:49.158464,70.0,70.0,-15.0,6.0,30.0,-13.0,-52.0,-9.0,59.0,2.0,-31.0,36.0,76.5,44.739999999999995,-28.759999999999998,12.43,-8.170000000000002,-2.8200000000000003,-38.230000000000004,-22.490000000000002,64.68,35.92,-47.75,39.43
2025-08-11T15:16:49.162375,13.0,-23.0,26.0,15.0,-11.0,-7.0,31.0,1.0,15.0,26.0,-4.0,-3.0,19.5,-48.260000000000005,12.24,21.43,-49.17,3.1799999999999997,44.769999999999996,-12.49,20.68,59.92,-20.75,0.43000000000000016
2025-08-11T15:16:49.170561,-5.0,-8.0,20.0,35.0,80.0,12.0,-10.0,50.0,81.0,-38.0,15.0,-5.0,1.5,-33.260000000000005,6.24,41.43,41.83,22.18,3.7699999999999996,36.51,86.68,-4.079999999999998,-1.75,-1.5699999999999998
2025-08-11T15:16:49.174936,28.0,-12.0,-24.0,17.0,88.0,-65.0,41.0,38.0,-20.0,29.0,6.0,36.0,34.5,-37.260000000000005,-37.76,23.43,49.83,-54.82,54.769999999999996,24.509999999999998,-14.32,62.92,-10.75,39.43
2025-08-11T15:16:49.182626,15.0,50.0,10.0,-34.0,46.0,-33.0,-46.0,-47.0,21.0,36.0,22.0,-1.0,21.5,24.74,-3.76,-27.57,7.829999999999998,-22.82,-32.230000000000004,-60.49,26.68,69.92,5.25,2.43
2025-08-11T15:16:49.187281,65.0,13.0,47.0,26.0,65.0,-25.0,-42.0,-8.0,11.0,-29.0,-59.0,26.0,71.5,-12.260000000000002,33.24,32.43,26.83,-14.82,-28.23,-21.490000000000002,16.68,4.920000000000002,-75.75,29.43
2025-08-11T15:16:49.194754,-2.0,3.0,38.0,-61.0,122.0,6.0,32.0,26.0,20.0,-11.0,-17.0,82.0,4.5,-22.26,24.240000000000002,-54.57,83.83,16.18,45.769999999999996,12.51,25.68,22.92,-33.75,85.43
2025-08-11T15:16:49.199049,-45.0,50.0,-9.0,47.0,118.0,-20.0,0.0,-12.0,-43.0,37.0,-69.0,57.0,-38.5,24.74,-22.759999999999998,53.43,79.83,-9.82,13.77,-25.490000000000002,-37.32,70.92,-85.75,60.43
2025-08-11T15:16:49.206773,-55.0,78.0,76.0,-27.0,55.0,-49.0,31.0,92.0,-50.0,-28.0,-54.0,4.0,-48.5,52.739999999999995,62.24,-20.57,16.83,-38.82,44.769999999999996,78.51,-44.32,5.920000000000002,-70.75,7.43
2025-08-11T15:16:49.211895,-39.0,51.0,-64.0,47.0,-35.0,-45.0,-19.0,26.0,-49.0,60.0,-12.0,67.0,-32.5,25.74,-77.76,53.43,-73.17,-34.82,-5.23,12.51,-43.32,93.92,-28.75,70.43
2025-08-11T15:16:49.218999,10.0,93.0,-16.0,-33.0,3.0,-7.0,46.0,49.0,4.0,2.0,-44.0,73.0,16.5,67.74,-29.759999999999998,-26.57,-35.17,3.1799999999999997,59.769999999999996,35.51,9.68,35.92,-60.75,76.43
2025-08-11T15:16:49.223590,99.0,133.0,-49.0,-25.0,44.0,-74.0,27.0,3.0,-21.0,13.0,15.0,-41.0,105.5,107.74,-62.76,-18.57,5.829999999999998,-63.82,40.769999999999996,-10.49,-15.32,46.92,-1.75,-37.57
2025-08-11T15:16:49.231652,91.0,-4.0,-91.0,-37.0,48.0,-47.0,-33.0,-2.0,-16.0,5.0,-39.0,-32.0,97.5,-29.26,-104.76,-30.57,9.829999999999998,-36.82,-19.23,-15.49,-10.32,38.92,-55.75,-28.57
2025-08-11T15:16:49.236506,34.0,-29.0,30.0,-68.0,25.0,22.0,-49.0,-38.0,8.0,2.0,33.0,-32.0,40.5,-54.260000000000005,16.240000000000002,-61.57,-13.170000000000002,32.18,-35.230000000000004,-51.49,13.68,35.92,16.25,-28.57
2025-08-11T15:16:49.243607,59.0,17.0,16.0,-26.0,47.0,-33.0,-12.0,70.0,11.0,4.0,5.0,28.0,65.5,-8.260000000000002,2.24,-19.57,8.829999999999998,-22.82,1.7699999999999996,56.51,16.68,37.92,-11.75,31.43
2025-08-11T15:16:49.248591,-47.0,-39.0,14.0,74.0,66.0,-33.0,3.0,12.0,-36.0,-21.0,63.0,-1.0,-40.5,-64.26,0.2400000000000002,80.43,27.83,-22.82,16.77,-1.4900000000000002,-30.32,12.920000000000002,46.25,2.43
2025-08-11T15:16:49.256035,10.0,25.0,3.0,22.0,-20.0,33.0,-14.0,-13.0,-32.0,-13.0,62.0,-79.0,16.5,-0.26000000000000156,-10.76,28.43,-58.17,43.18,-0.23000000000000043,-26.490000000000002,-26.32,20.92,45.25,-75.57
2025-08-11T15:16:49.260478,-38.0,8.0,63.0,12.0,62.0,11.0,18.0,-4.0,-10.0,66.0,36.0,-34.0,-31.5,-17.26,49.24,18.43,23.83,21.18,31.77,-17.490000000000002,-4.32,99.92,19.25,-30.57
2025-08-11T15:16:49.268305,-6.0,53.0,-10.0,-125.0,22.0,16.0,-20.0,58.0,-41.0,-63.0,51.0,-11.0,0.5,27.74,-23.759999999999998,-118.57,-16.17,26.18,-6.23,44.51,-35.32,-29.08,34.25,-7.57
2025-08-11T15:16:49.273420,78.0,62.0,-9.0,56.0,81.0,-10.0,-50.0,-48.0,-40.0,-20.0,50.0,-60.0,84.5,36.739999999999995,-22.759999999999998,62.43,42.83,0.17999999999999972,-36.230000000000004,-61.49,-34.32,13.920000000000002,33.25,-56.57
2025-08-11T15:16:49.280602,25.0,41.0,-43.0,-42.0,90.0,-8.0,-33.0,26.0,-44.0,-56.0,12.0,-33.0,31.5,15.739999999999998,-56.76,-35.57,51.83,2.1799999999999997,-19.23,12.51,-38.32,-22.08,-4.75,-29.57
2025-08-11T15:16:49.285280,94.0,-17.0,31.0,13.0,19.0,-32.0,-23.0,54.0,-47.0,-94.0,114.0,-26.0,100.5,-42.260000000000005,17.240000000000002,19.43,-19.17,-21.82,-9.23,40.51,-41.32,-60.08,97.25,-22.57
2025-08-11T15:16:49.292760,-9.0,-7.0,26.0,-22.0,51.0,-43.0,-41.0,20.0,63.0,-12.0,68.0,-52.0,-2.5,-32.260000000000005,12.24,-15.57,12.829999999999998,-32.82,-27.23,6.51,68.68,21.92,51.25,-48.57
2025-08-11T15:16:49.297586,-89.0,-7.0,57.0,56.0,17.0,-10.0,10.0,-14.0,37.0,-33.0,81.0,-23.0,-82.5,-32.260000000000005,43.24,62.43,-21.17,0.17999999999999972,23.77,-27.490000000000002,42.68,0.9200000000000017,64.25,-19.57
2025-08-11T15:16:49.305176,-43.0,60.0,122.0,-27.0,-15.0,-2.0,-56.0,-2.0,-39.0,-37.0,59.0,-38.0,-36.5,34.739999999999995,108.24,-20.57,-53.17,8.18,-42.230000000000004,-15.49,-33.32,-3.0799999999999983,42.25,-34.57
2025-08-11T15:16:49.309711,-20.0,107.0,-6.0,-3.0,-9.0,-17.0,54.0,78.0,-33.0,-58.0,35.0,-15.0,-13.5,81.74,-19.759999999999998,3.4299999999999997,-47.17,-6.82,67.77,64.51,-27.32,-24.08,18.25,-11.57
2025-08-11T15:16:49.317329,25.0,51.0,-9.0,20.0,33.0,-29.0,5.0,74.0,-15.0,-120.0,52.0,-36.0,31.5,25.74,-22.759999999999998,26.43,-5.170000000000002,-18.82,18.77,60.51,-9.32,-86.08,35.25,-32.57
2025-08-11T15:16:49.321938,8.0,-28.0,-3.0,33.0,73.0,-47.0,-17.0,-1.0,-3.0,-52.0,66.0,23.0,14.5,-53.260000000000005,-16.759999999999998,39.43,34.83,-36.82,-3.2300000000000004,-14.49,2.6799999999999997,-18.08,49.25,26.43
2025-08-11T15:16:49.329482,36.0,11.0,-5.0,-75.0,79.0,-46.0,0.0,14.0,18.0,-79.0,21.0,-62.0,42.5,-14.260000000000002,-18.759999999999998,-68.57,40.83,-35.82,13.77,0.5099999999999998,23.68,-45.08,4.25,-58.57
2025-08-11T15:16:49.334311,-7.0,-74.0,-13.0,-44.0,45.0,18.0,-30.0,7.0,-49.0,-39.0,43.0,7.0,-0.5,-99.26,-26.759999999999998,-37.57,6.829999999999998,28.18,-16.23,-6.49,-43.32,-5.079999999999998,26.25,10.43
2025-08-11T15:16:49.341794,52.0,70.0,66.0,56.0,102.0,-2.0,-71.0,25.0,-50.0,-34.0,128.0,-51.0,58.5,44.739999999999995,52.24,62.43,63.83,8.18,-57.230000000000004,11.51,-44.32,-0.0799999999999983,111.25,-47.57
2025-08-11T15:16:49.346517,-2.0,28.0,52.0,-11.0,99.0,-50.0,14.0,29.0,-58.0,-61.0,43.0,-52.0,4.5,2.7399999999999984,38.24,-4.57,60.83,-39.82,27.77,15.51,-52.32,-27.08,26.25,-48.57
2025-08-11T15:16:49.354048,48.0,51.0,18.0,-38.0,83.0,-50.0,-14.0,1.0,48.0,-17.0,1.0,-26.0,54.5,25.74,4.24,-31.57,44.83,-39.82,-0.23000000000000043,-12.49,53.68,16.92,-15.75,-22.57
2025-08-11T15:16:49.358625,-112.0,50.0,-37.0,-35.0,87.0,-15.0,-26.0,25.0,-38.0,-27.0,47.0,-74.0,-105.5,24.74,-50.76,-28.57,48.83,-4.82,-12.23,11.51,-32.32,6.920000000000002,30.25,-70.57
2025-08-11T15:16:49.366324,-5.0,55.0,19.0,-5.0,96.0,-44.0,-60.0,-23.0,-44.0,-73.0,57.0,-38.0,1.5,29.74,5.24,1.4299999999999997,57.83,-33.82,-46.230000000000004,-36.49,-38.32,-39.08,40.25,-34.57
2025-08-11T15:16:49.371244,28.0,34.0,-49.0,48.0,60.0,-11.0,15.0,11.0,51.0,-31.0,104.0,-22.0,34.5,8.739999999999998,-62.76,54.43,21.83,-0.8200000000000003,28.77,-2.49,56.68,2.9200000000000017,87.25,-18.57
2025-08-11T15:16:49.378596,-51.0,78.0,24.0,3.0,-6.0,68.0,25.0,-38.0,-34.0,-9.0,68.0,-99.0,-44.5,52.739999999999995,10.24,9.43,-44.17,78.18,38.769999999999996,-51.49,-28.32,24.92,51.25,-95.57
2025-08-11T15:16:49.383412,22.0,15.0,-2.0,42.0,45.0,-34.0,-6.0,-8.0,-19.0,-46.0,13.0,-38.0,28.5,-10.260000000000002,-15.76,48.43,6.829999999999998,-23.82,7.77,-21.490000000000002,-13.32,-12.079999999999998,-3.75,-34.57
2025-08-11T15:16:49.390850,-67.0,-49.0,-11.0,42.0,14.0,11.0,25.0,19.0,-32.0,-92.0,87.0,2.0,-60.5,-74.26,-24.759999999999998,48.43,-24.17,21.18,38.769999999999996,5.51,-26.32,-58.08,70.25,5.43
2025-08-11T15:16:49.395683,-60.0,43.0,42.0,-7.0,39.0,-16.0,31.0,-19.0,-42.0,-19.0,1.0,-47.0,-53.5,17.74,28.240000000000002,-0.5700000000000003,0.8299999999999983,-5.82,44.769999999999996,-32.49,-36.32,14.920000000000002,-15.75,-43.57
2025-08-11T15:16:49.403264,-65.0,42.0,-26.0,-63.0,48.0,-37.0,-23.0,-14.0,-51.0,-26.0,114.0,-25.0,-58.5,16.74,-39.76,-56.57,9.829999999999998,-26.82,-9.23,-27.490000000000002,-45.32,7.920000000000002,97.25,-21.57
2025-08-11T15:16:49.407995,44.0,73.0,4.0,60.0,86.0,-44.0,88.0,61.0,10.0,-24.0,-20.0,-25.0,50.5,47.739999999999995,-9.76,66.43,47.83,-33.82,101.77,47.51,15.68,9.920000000000002,-36.75,-21.57
2025-08-11T15:16:49.415376,13.0,9.0,-75.0,19.0,-12.0,35.0,-90.0,78.0,60.0,-63.0,75.0,-13.0,19.5,-16.26,-88.76,25.43,-50.17,45.18,-76.23,64.51,65.68,-29.08,58.25,-9.57
2025-08-11T15:16:49.420172,51.0,-28.0,8.0,-32.0,80.0,24.0,-4.0,43.0,-4.0,-19.0,31.0,-74.0,57.5,-53.260000000000005,-5.76,-25.57,41.83,34.18,9.77,29.509999999999998,1.6799999999999997,14.920000000000002,14.25,-70.57
2025-08-11T15:16:49.427604,-3.0,-44.0,33.0,56.0,11.0,-28.0,-56.0,50.0,37.0,-101.0,65.0,-81.0,3.5,-69.26,19.240000000000002,62.43,-27.17,-17.82,-42.230000000000004,36.51,42.68,-67.08,48.25,-77.57
2025-08-11T15:16:49.432485,71.0,38.0,28.0,-14.0,20.0,-1.0,-23.0,39.0,26.0,-74.0,62.0,-64.0,77.5,12.739999999999998,14.24,-7.57,-18.17,9.18,-9.23,25.509999999999998,31.68,-40.08,45.25,-60.57
2025-08-11T15:16:49.439784,-45.0,94.0,25.0,21.0,124.0,28.0,-27.0,54.0,30.0,4.0,33.0,-23.0,-38.5,68.74,11.24,27.43,85.83,38.18,-13.23,40.51,35.68,37.92,16.25,-19.57
2025-08-11T15:16:49.444690,-71.0,45.0,-15.0,-87.0,54.0,-23.0,-9.0,32.0,-77.0,-24.0,4.0,-18.0,-64.5,19.74,-28.759999999999998,-80.57,15.829999999999998,-12.82,4.77,18.509999999999998,-71.32,9.920000000000002,-12.75,-14.57
2025-08-11T15:16:49.449377,34.0,76.0,-1.0,-16.0,67.0,-6.0,7.0,33.0,-45.0,-77.0,47.0,12.0,40.5,50.739999999999995,-14.76,-9.57,28.83,4.18,20.77,19.509999999999998,-39.32,-43.08,30.25,15.43
2025-08-11T15:16:49.456823,-73.0,154.0,17.0,23.0,73.0,-70.0,-80.0,37.0,-35.0,-72.0,71.0,-65.0,-66.5,128.74,3.24,29.43,34.83,-59.82,-66.23,23.509999999999998,-29.32,-38.08,54.25,-61.57
2025-08-11T15:16:49.464483,-9.0,68.0,-10.0,-34.0,10.0,-48.0,-81.0,95.0,-25.0,-47.0,122.0,-25.0,-2.5,42.739999999999995,-23.759999999999998,-27.57,-28.17,-37.82,-67.23,81.51,-19.32,-13.079999999999998,105.25,-21.57
2025-08-11T15:16:49.469083,48.0,-17.0,-5.0,-65.0,42.0,3.0,-3.0,3.0,-6.0,16.0,75.0,-33.0,54.5,-42.260000000000005,-18.759999999999998,-58.57,3.8299999999999983,13.18,10.77,-10.49,-0.3200000000000003,49.92,58.25,-29.57
2025-08-11T15:16:49.473862,-39.0,-35.0,15.0,-10.0,72.0,25.0,-16.0,42.0,-25.0,10.0,55.0,-85.0,-32.5,-60.260000000000005,1.2400000000000002,-3.5700000000000003,33.83,35.18,-2.2300000000000004,28.509999999999998,-19.32,43.92,38.25,-81.57
2025-08-11T15:16:49.481474,42.0,-62.0,44.0,-30.0,81.0,17.0,6.0,11.0,-43.0,-28.0,60.0,-43.0,48.5,-87.26,30.240000000000002,-23.57,42.83,27.18,19.77,-2.49,-37.32,5.920000000000002,43.25,-39.57
2025-08-11T15:16:49.489031,-50.0,-44.0,11.0,-31.0,45.0,-27.0,-18.0,-52.0,-10.0,-62.0,124.0,-45.0,-43.5,-69.26,-2.76,-24.57,6.829999999999998,-16.82,-4.23,-65.49,-4.32,-28.08,107.25,-41.57
2025-08-11T15:16:49.493645,-9.0,72.0,69.0,-3.0,36.0,7.0,31.0,89.0,43.0,-43.0,17.0,-11.0,-2.5,46.739999999999995,55.24,3.4299999999999997,-2.1700000000000017,17.18,44.769999999999996,75.51,48.68,-9.079999999999998,0.25,-7.57
2025-08-11T15:16:49.501264,-25.0,99.0,-10.0,-37.0,129.0,-31.0,-5.0,16.0,-33.0,-106.0,21.0,-6.0,-18.5,73.74,-23.759999999999998,-30.57,90.83,-20.82,8.77,2.51,-27.32,-72.08,4.25,-2.57
2025-08-11T15:16:49.506009,-45.0,41.0,22.0,-10.0,11.0,-47.0,-2.0,-12.0,3.0,-83.0,17.0,-5.0,-38.5,15.739999999999998,8.24,-3.5700000000000003,-27.17,-36.82,11.77,-25.490000000000002,8.68,-49.08,0.25,-1.5699999999999998
2025-08-11T15:16:49.510687,-82.0,62.0,7.0,-21.0,-6.0,-15.0,-36.0,44.0,-60.0,-78.0,50.0,-15.0,-75.5,36.739999999999995,-6.76,-14.57,-44.17,-4.82,-22.23,30.509999999999998,-54.32,-44.08,33.25,-11.57
2025-08-11T15:16:49.518293,20.0,52.0,-16.0,-8.0,-49.0,-41.0,-73.0,17.0,-4.0,-33.0,45.0,-65.0,26.5,26.74,-29.759999999999998,-1.5700000000000003,-87.17,-30.82,-59.230000000000004,3.51,1.6799999999999997,0.9200000000000017,28.25,-61.57
2025-08-11T15:16:49.522953,56.0,108.0,-58.0,-51.0,70.0,16.0,73.0,99.0,25.0,-101.0,45.0,-32.0,62.5,82.74,-71.76,-44.57,31.83,26.18,86.77,85.51,30.68,-67.08,28.25,-28.57
2025-08-11T15:16:49.530683,21.0,-5.0,-34.0,-17.0,118.0,-23.0,-43.0,-24.0,-23.0,-12.0,111.0,-82.0,27.5,-30.26,-47.76,-10.57,79.83,-12.82,-29.23,-37.49,-17.32,21.92,94.25,-78.57
2025-08-11T15:16:49.535014,-11.0,4.0,27.0,61.0,73.0,3.0,-10.0,55.0,-31.0,-62.0,62.0,-30.0,-4.5,-21.26,13.24,67.43,34.83,13.18,3.7699999999999996,41.51,-25.32,-28.08,45.25,-26.57
2025-08-11T15:16:49.542702,-11.0,-8.0,70.0,38.0,-35.0,-68.0,-3.0,38.0,2.0,-22.0,86.0,-21.0,-4.5,-33.260000000000005,56.24,44.43,-73.17,-57.82,10.77,24.509999999999998,7.68,11.920000000000002,69.25,-17.57
2025-08-11T15:16:49.547578,-24.0,24.0,13.0,-69.0,-6.0,-47.0,30.0,40.0,-68.0,-63.0,14.0,-71.0,-17.5,-1.2600000000000016,-0.7599999999999998,-62.57,-44.17,-36.82,43.769999999999996,26.509999999999998,-62.32,-29.08,-2.75,-67.57
2025-08-11T15:16:49.554968,-21.0,40.0,48.0,3.0,41.0,-24.0,3.0,-26.0,-18.0,-75.0,45.0,-82.0,-14.5,14.739999999999998,34.24,9.43,2.8299999999999983,-13.82,16.77,-39.49,-12.32,-41.08,28.25,-78.57
2025-08-11T15:16:49.559794,-53.0,45.0,60.0,-15.0,-24.0,47.0,-48.0,28.0,-64.0,-25.0,34.0,19.0,-46.5,19.74,46.24,-8.57,-62.17,57.18,-34.230000000000004,14.51,-58.32,8.920000000000002,17.25,22.43
2025-08-11T15:16:49.567225,7.0,109.0,36.0,26.0,92.0,10.0,30.0,36.0,-33.0,-13.0,-6.0,-22.0,13.5,83.74,22.240000000000002,32.43,53.83,20.18,43.769999999999996,22.509999999999998,-27.32,20.92,-22.75,-18.57
2025-08-11T15:16:49.572089,-59.0,66.0,-33.0,18.0,86.0,12.0,0.0,-73.0,-91.0,-28.0,68.0,-45.0,-52.5,40.739999999999995,-46.76,24.43,47.83,22.18,13.77,-86.49,-85.32,5.920000000000002,51.25,-41.57
2025-08-11T15:16:49.579425,23.0,16.0,7.0,-52.0,25.0,-21.0,19.0,3.0,-65.0,0.0,84.0,-45.0,29.5,-9.260000000000002,-6.76,-45.57,-13.170000000000002,-10.82,32.769999999999996,-10.49,-59.32,33.92,67.25,-41.57
2025-08-11T15:16:49.584331,35.0,86.0,8.0,16.0,71.0,-31.0,36.0,34.0,-22.0,-7.0,73.0,-10.0,41.5,60.739999999999995,-5.76,22.43,32.83,-20.82,49.769999999999996,20.509999999999998,-16.32,26.92,56.25,-6.57
2025-08-11T15:16:49.591739,-1.0,-67.0,57.0,-8.0,25.0,-12.0,-50.0,2.0,-47.0,-101.0,70.0,-79.0,5.5,-92.26,43.24,-1.5700000000000003,-13.170000000000002,-1.8200000000000003,-36.230000000000004,-11.49,-41.32,-67.08,53.25,-75.57
2025-08-11T15:16:49.596575,58.0,28.0,58.0,83.0,65.0,17.0,21.0,-53.0,-49.0,-79.0,24.0,-50.0,64.5,2.7399999999999984,44.24,89.43,26.83,27.18,34.769999999999996,-66.49,-43.32,-45.08,7.25,-46.57
2025-08-11T15:16:49.604129,-46.0,-32.0,28.0,17.0,-34.0,-7.0,-32.0,62.0,-59.0,-71.0,61.0,-71.0,-39.5,-57.260000000000005,14.24,23.43,-72.17,3.1799999999999997,-18.23,48.51,-53.32,-37.08,44.25,-67.57
2025-08-11T15:16:49.608739,67.0,114.0,114.0,-97.0,98.0,-22.0,-6.0,80.0,16.0,-70.0,54.0,-89.0,73.5,88.74,100.24,-90.57,59.83,-11.82,7.77,66.51,21.68,-36.08,37.25,-85.57
2025-08-11T15:16:49.616367,-106.0,53.0,-3.0,-70.0,72.0,19.0,-2.0,-5.0,7.0,-104.0,75.0,-55.0,-99.5,27.74,-16.759999999999998,-63.57,33.83,29.18,11.77,-18.490000000000002,12.68,-70.08,58.25,-51.57
2025-08-11T15:16:49.620619,-23.0,51.0,-46.0,30.0,126.0,-76.0,29.0,4.0,7.0,34.0,41.0,-92.0,-16.5,25.74,-59.76,36.43,87.83,-65.82,42.769999999999996,-9.49,12.68,67.92,24.25,-88.57
2025-08-11T15:16:49.628669,23.0,118.0,9.0,37.0,17.0,-34.0,-54.0,27.0,-16.0,-61.0,85.0,-3.0,29.5,92.74,-4.76,43.43,-21.17,-23.82,-40.230000000000004,13.51,-10.32,-27.08,68.25,0.43000000000000016
2025-08-11T15:16:49.633389,-72.0,8.0,-26.0,68.0,-59.0,9.0,-55.0,-7.0,12.0,-31.0,33.0,-30.0,-65.5,-17.26,-39.76,74.43,-97.17,19.18,-41.230000000000004,-20.490000000000002,17.68,2.9200000000000017,16.25,-26.57
2025-08-11T15:16:49.640748,45.0,48.0,5.0,9.0,30.0,-10.0,-10.0,82.0,-57.0,-23.0,50.0,-24.0,51.5,22.74,-8.76,15.43,-8.170000000000002,0.17999999999999972,3.7699999999999996,68.51,-51.32,10.920000000000002,33.25,-20.57
2025-08-11T15:16:49.644930,22.0,45.0,9.0,-37.0,71.0,12.0,-69.0,6.0,24.0,-67.0,31.0,-22.0,28.5,19.74,-4.76,-30.57,32.83,22.18,-55.230000000000004,-7.49,29.68,-33.08,14.25,-18.57
2025-08-11T15:16:49.652946,-126.0,-50.0,33.0,-62.0,108.0,-83.0,-54.0,36.0,-43.0,-58.0,30.0,-37.0,-119.5,-75.26,19.240000000000002,-55.57,69.83,-72.82,-40.230000000000004,22.509999999999998,-37.32,-24.08,13.25,-33.57
2025-08-11T15:16:49.657819,-21.0,107.0,19.0,31.0,19.0,-55.0,-10.0,13.0,65.0,-103.0,92.0,-16.0,-14.5,81.74,5.24,37.43,-19.17,-44.82,3.7699999999999996,-0.4900000000000002,70.68,-69.08,75.25,-12.57
2025-08-11T15:16:49.665149,-15.0,76.0,-37.0,29.0,73.0,-22.0,18.0,70.0,-30.0,-84.0,70.0,-9.0,-8.5,50.739999999999995,-50.76,35.43,34.83,-11.82,31.77,56.51,-24.32,-50.08,53.25,-5.57
2025-08-11T15:16:49.669708,95.0,71.0,-30.0,-8.0,79.0,-32.0,18.0,55.0,-37.0,-91.0,105.0,-42.0,101.5,45.739999999999995,-43.76,-1.5700000000000003,40.83,-21.82,31.77,41.51,-31.32,-57.08,88.25,-38.57
2025-08-11T15:16:49.677629,35.0,51.0,23.0,-60.0,42.0,1.0,6.0,-17.0,22.0,15.0,64.0,-67.0,41.5,25.74,9.24,-53.57,3.8299999999999983,11.18,19.77,-30.490000000000002,27.68,48.92,47.25,-63.57
2025-08-11T15:16:49.681859,31.0,59.0,-13.0,-44.0,25.0,-16.0,40.0,20.0,-62.0,-56.0,100.0,-56.0,37.5,33.739999999999995,-26.759999999999998,-37.57,-13.170000000000002,-5.82,53.769999999999996,6.51,-56.32,-22.08,83.25,-52.57
2025-08-11T15:16:49.689666,41.0,25.0,6.0,-74.0,62.0,-16.0,-24.0,-16.0,18.0,-73.0,61.0,1.0,47.5,-0.26000000000000156,-7.76,-67.57,23.83,-5.82,-10.23,-29.490000000000002,23.68,-39.08,44.25,4.43
2025-08-11T15:16:49.694196,-74.0,-5.0,28.0,-37.0,158.0,0.0,-14.0,-7.0,56.0,-60.0,35.0,-57.0,-67.5,-30.26,14.24,-30.57,119.83,10.18,-0.23000000000000043,-20.490000000000002,61.68,-26.08,18.25,-53.57
2025-08-11T15:16:49.702053,12.0,5.0,62.0,16.0,46.0,-91.0,-49.0,-46.0,-54.0,-45.0,73.0,-62.0,18.5,-20.26,48.24,22.43,7.829999999999998,-80.82,-35.230000000000004,-59.49,-48.32,-11.079999999999998,56.25,-58.57
2025-08-11T15:16:49.706578,-50.0,-26.0,-52.0,22.0,33.0,-66.0,11.0,-54.0,11.0,-36.0,68.0,-13.0,-43.5,-51.260000000000005,-65.76,28.43,-5.170000000000002,-55.82,24.77,-67.49,16.68,-2.0799999999999983,51.25,-9.57
2025-08-11T15:16:49.714268,21.0,63.0,-10.0,72.0,34.0,-49.0,-5.0,-43.0,21.0,-69.0,31.0,-111.0,27.5,37.739999999999995,-23.759999999999998,78.43,-4.170000000000002,-38.82,8.77,-56.49,26.68,-35.08,14.25,-107.57
2025-08-11T15:16:49.718972,39.0,76.0,17.0,-67.0,13.0,-12.0,-30.0,31.0,-6.0,-51.0,81.0,-28.0,45.5,50.739999999999995,3.24,-60.57,-25.17,-1.8200000000000003,-16.23,17.509999999999998,-0.3200000000000003,-17.08,64.25,-24.57
2025-08-11T15:16:49.726691,111.0,22.0,42.0,18.0,100.0,-70.0,-40.0,-33.0,53.0,-107.0,57.0,-42.0,117.5,-3.2600000000000016,28.240000000000002,24.43,61.83,-59.82,-26.23,-46.49,58.68,-73.08,40.25,-38.57
2025-08-11T15:16:49.730999,-47.0,-2.0,39.0,9.0,75.0,-90.0,-48.0,53.0,7.0,-36.0,42.0,-71.0,-40.5,-27.26,25.240000000000002,15.43,36.83,-79.82,-34.230000000000004,39.51,12.68,-2.0799999999999983,25.25,-67.57
2025-08-11T15:16:49.738860,8.0,-27.0,39.0,-46.0,60.0,-32.0,45.0,51.0,22.0,-78.0,19.0,-66.0,14.5,-52.260000000000005,25.240000000000002,-39.57,21.83,-21.82,58.769999999999996,37.51,27.68,-44.08,2.25,-62.57
2025-08-11T15:16:49.743777,15.0,63.0,-44.0,-46.0,117.0,-34.0,-37.0,-22.0,24.0,-30.0,114.0,2.0,21.5,37.739999999999995,-57.76,-39.57,78.83,-23.82,-23.23,-35.49,29.68,3.9200000000000017,97.25,5.43
2025-08-11T15:16:49.751053,-51.0,34.0,-93.0,-10.0,51.0,-60.0,-15.0,40.0,9.0,-38.0,65.0,-145.0,-44.5,8.739999999999998,-106.76,-3.5700000000000003,12.829999999999998,-49.82,-1.2300000000000004,26.509999999999998,14.68,-4.079999999999998,48.25,-141.57
2025-08-11T15:16:49.755660,66.0,58.0,-35.0,-72.0,18.0,27.0,-39.0,2.0,-21.0,-24.0,116.0,-91.0,72.5,32.739999999999995,-48.76,-65.57,-20.17,37.18,-25.23,-11.49,-15.32,9.920000000000002,99.25,-87.57
2025-08-11T15:16:49.763590,11.0,7.0,-40.0,-11.0,31.0,-49.0,19.0,75.0,-5.0,-71.0,42.0,-46.0,17.5,-18.26,-53.76,-4.57,-7.170000000000002,-38.82,32.769999999999996,61.51,0.6799999999999997,-37.08,25.25,-42.57
2025-08-11T15:16:49.768123,10.0,26.0,48.0,-60.0,126.0,-37.0,-82.0,56.0,-45.0,-41.0,97.0,-3.0,16.5,0.7399999999999984,34.24,-53.57,87.83,-26.82,-68.23,42.51,-39.32,-7.079999999999998,80.25,0.43000000000000016
2025-08-11T15:16:49.775671,1.0,-26.0,21.0,-15.0,21.0,-23.0,-20.0,-11.0,-42.0,-87.0,28.0,-42.0,7.5,-51.260000000000005,7.24,-8.57,-17.17,-12.82,-6.23,-24.490000000000002,-36.32,-53.08,11.25,-38.57
2025-08-11T15:16:49.780484,10.0,46.0,68.0,-24.0,140.0,-120.0,0.0,-28.0,-49.0,-76.0,74.0,-51.0,16.5,20.74,54.24,-17.57,101.83,-109.82,13.77,-41.49,-43.32,-42.08,57.25,-47.57
2025-08-11T15:16:49.788077,8.0,122.0,-39.0,-17.0,-1.0,-89.0,73.0,-36.0,14.0,-33.0,41.0,-94.0,14.5,96.74,-52.76,-10.57,-39.17,-78.82,86.77,-49.49,19.68,0.9200000000000017,24.25,-90.57
2025-08-11T15:16:49.792744,21.0,33.0,-37.0,-24.0,63.0,-83.0,-29.0,20.0,-7.0,-115.0,18.0,-34.0,27.5,7.739999999999998,-50.76,-17.57,24.83,-72.82,-15.23,6.51,-1.3200000000000003,-81.08,1.25,-30.57
2025-08-11T15:16:49.800196,35.0,-43.0,-39.0,25.0,22.0,-32.0,60.0,20.0,-51.0,-70.0,52.0,-35.0,41.5,-68.26,-52.76,31.43,-16.17,-21.82,73.77,6.51,-45.32,-36.08,35.25,-31.57
2025-08-11T15:16:49.804870,81.0,53.0,6.0,22.0,88.0,-2.0,-34.0,9.0,-25.0,-15.0,69.0,-19.0,87.5,27.74,-7.76,28.43,49.83,8.18,-20.23,-4.49,-19.32,18.92,52.25,-15.57
2025-08-11T15:16:49.812898,76.0,50.0,5.0,10.0,107.0,-17.0,21.0,-20.0,-40.0,-71.0,44.0,-59.0,82.5,24.74,-8.76,16.43,68.83,-6.82,34.769999999999996,-33.49,-34.32,-37.08,27.25,-55.57
2025-08-11T15:16:49.817630,-94.0,12.0,29.0,29.0,87.0,4.0,-41.0,35.0,-24.0,-101.0,91.0,-50.0,-87.5,-13.260000000000002,15.24,35.43,48.83,14.18,-27.23,21.509999999999998,-18.32,-67.08,74.25,-46.57
2025-08-11T15:16:49.824949,-27.0,51.0,19.0,-42.0,2.0,-30.0,-25.0,40.0,-20.0,-83.0,77.0,-32.0,-20.5,25.74,5.24,-35.57,-36.17,-19.82,-11.23,26.509999999999998,-14.32,-49.08,60.25,-28.57
2025-08-11T15:16:49.829309,-26.0,104.0,-86.0,1.0,26.0,-17.0,-53.0,-19.0,-47.0,-50.0,34.0,-30.0,-19.5,78.74,-99.76,7.43,-12.170000000000002,-6.82,-39.230000000000004,-32.49,-41.32,-16.08,17.25,-26.57
2025-08-11T15:16:49.837236,10.0,89.0,-5.0,44.0,10.0,-62.0,-68.0,113.0,-45.0,-49.0,81.0,-89.0,16.5,63.739999999999995,-18.759999999999998,50.43,-28.17,-51.82,-54.230000000000004,99.51,-39.32,-15.079999999999998,64.25,-85.57
2025-08-11T15:16:49.841570,17.0,31.0,-96.0,-15.0,85.0,-62.0,50.0,50.0,-43.0,-35.0,54.0,-97.0,23.5,5.739999999999998,-109.76,-8.57,46.83,-51.82,63.769999999999996,36.51,-37.32,-1.0799999999999983,37.25,-93.57
2025-08-11T15:16:49.849681,62.0,33.0,73.0,-18.0,34.0,-87.0,24.0,30.0,-29.0,-112.0,83.0,-63.0,68.5,7.739999999999998,59.24,-11.57,-4.170000000000002,-76.82,37.769999999999996,16.509999999999998,-23.32,-78.08,66.25,-59.57
2025-08-11T15:16:49.854194,14.0,35.0,-7.0,10.0,26.0,12.0,28.0,12.0,-53.0,-57.0,51.0,-25.0,20.5,9.739999999999998,-20.759999999999998,16.43,-12.170000000000002,22.18,41.769999999999996,-1.4900000000000002,-47.32,-23.08,34.25,-21.57
2025-08-11T15:16:49.861539,-60.0,39.0,-34.0,24.0,22.0,-100.0,31.0,-2.0,-54.0,-43.0,-6.0,-50.0,-53.5,13.739999999999998,-47.76,30.43,-16.17,-89.82,44.769999999999996,-15.49,-48.32,-9.079999999999998,-22.75,-46.57
2025-08-11T15:16:49.866199,18.0,99.0,-58.0,-12.0,15.0,-22.0,-1.0,-44.0,-52.0,-33.0,60.0,-55.0,24.5,73.74,-71.76,-5.57,-23.17,-11.82,12.77,-57.49,-46.32,0.9200000000000017,43.25,-51.57
2025-08-11T15:16:49.874158,20.0,123.0,-47.0,-6.0,41.0,-65.0,20.0,20.0,-89.0,-26.0,49.0,-72.0,26.5,97.74,-60.76,0.4299999999999997,2.8299999999999983,-54.82,33.769999999999996,6.51,-83.32,7.920000000000002,32.25,-68.57
2025-08-11T15:16:49.878258,38.0,-33.0,-34.0,50.0,73.0,42.0,-33.0,-36.0,-3.0,-28.0,-30.0,-53.0,44.5,-58.260000000000005,-47.76,56.43,34.83,52.18,-19.23,-49.49,2.6799999999999997,5.920000000000002,-46.75,-49.57
2025-08-11T15:16:49.886142,72.0,0.0,50.0,-79.0,59.0,-64.0,-3.0,32.0,43.0,-37.0,57.0,-52.0,78.5,-25.26,36.24,-72.57,20.83,-53.82,10.77,18.509999999999998,48.68,-3.0799999999999983,40.25,-48.57
2025-08-11T15:16:49.890830,70.0,-44.0,9.0,-1.0,46.0,-11.0,-19.0,-5.0,-41.0,-72.0,99.0,-84.0,76.5,-69.26,-4.76,5.43,7.829999999999998,-0.8200000000000003,-5.23,-18.490000000000002,-35.32,-38.08,82.25,-80.57
2025-08-11T15:16:49.898511,10.0,34.0,69.0,-47.0,52.0,-28.0,-69.0,81.0,-4.0,-88.0,36.0,-5.0,16.5,8.739999999999998,55.24,-40.57,13.829999999999998,-17.82,-55.230000000000004,67.51,1.6799999999999997,-54.08,19.25,-1.5699999999999998
2025-08-11T15:16:49.903155,112.0,38.0,77.0,-30.0,66.0,-82.0,-11.0,35.0,-23.0,-97.0,11.0,-38.0,118.5,12.739999999999998,63.24,-23.57,27.83,-71.82,2.7699999999999996,21.509999999999998,-17.32,-63.08,-5.75,-34.57
2025-08-11T15:16:49.910702,-7.0,22.0,44.0,0.0,76.0,-103.0,2.0,-76.0,30.0,-30.0,57.0,-57.0,-0.5,-3.2600000000000016,30.240000000000002,6.43,37.83,-92.82,15.77,-89.49,35.68,3.9200000000000017,40.25,-53.57
2025-08-11T15:16:49.915360,-50.0,3.0,62.0,-28.0,33.0,-70.0,4.0,73.0,-54.0,-82.0,43.0,-121.0,-43.5,-22.26,48.24,-21.57,-5.170000000000002,-59.82,17.77,59.51,-48.32,-48.08,26.25,-117.57
2025-08-11T15:16:49.923022,-6.0,103.0,67.0,-21.0,-25.0,-18.0,-54.0,36.0,-20.0,-84.0,138.0,-66.0,0.5,77.74,53.24,-14.57,-63.17,-7.82,-40.230000000000004,22.509999999999998,-14.32,-50.08,121.25,-62.57
2025-08-11T15:16:49.927993,-32.0,84.0,-19.0,24.0,97.0,-7.0,-58.0,32.0,-75.0,-102.0,66.0,-121.0,-25.5,58.739999999999995,-32.76,30.43,58.83,3.1799999999999997,-44.230000000000004,18.509999999999998,-69.32,-68.08,49.25,-117.57
2025-08-11T15:16:49.932249,17.0,78.0,-17.0,31.0,54.0,-67.0,7.0,46.0,4.0,-71.0,25.0,-47.0,23.5,52.739999999999995,-30.759999999999998,37.43,15.829999999999998,-56.82,20.77,32.51,9.68,-37.08,8.25,-43.57
2025-08-11T15:16:49.940188,20.0,51.0,-23.0,-77.0,34.0,-80.0,-53.0,68.0,-29.0,-106.0,100.0,-116.0,26.5,25.74,-36.76,-70.57,-4.170000000000002,-69.82,-39.230000000000004,54.51,-23.32,-72.08,83.25,-112.57
2025-08-11T15:16:49.947476,25.0,26.0,-37.0,-56.0,45.0,-34.0,57.0,25.0,-61.0,-106.0,51.0,-100.0,31.5,0.7399999999999984,-50.76,-49.57,6.829999999999998,-23.82,70.77,11.51,-55.32,-72.08,34.25,-96.57
2025-08-11T15:16:49.952087,7.0,42.0,-22.0,-41.0,35.0,2.0,12.0,12.0,-48.0,-36.0,86.0,-86.0,13.5,16.74,-35.76,-34.57,-3.1700000000000017,12.18,25.77,-1.4900000000000002,-42.32,-2.0799999999999983,69.25,-82.57
2025-08-11T15:16:49.956439,125.0,-3.0,28.0,-78.0,8.0,1.0,32.0,-1.0,4.0,-24.0,60.0,-29.0,131.5,-28.26,14.24,-71.57,-30.17,11.18,45.769999999999996,-14.49,9.68,9.920000000000002,43.25,-25.57
2025-08-11T15:16:49.964156,24.0,-6.0,-46.0,-81.0,105.0,-52.0,34.0,-18.0,8.0,-39.0,101.0,-20.0,30.5,-31.26,-59.76,-74.57,66.83,-41.82,47.769999999999996,-31.490000000000002,13.68,-5.079999999999998,84.25,-16.57
2025-08-11T15:16:49.968613,7.0,28.0,-47.0,-4.0,26.0,20.0,-63.0,-10.0,10.0,-37.0,22.0,-76.0,13.5,2.7399999999999984,-60.76,2.4299999999999997,-12.170000000000002,30.18,-49.230000000000004,-23.490000000000002,15.68,-3.0799999999999983,5.25,-72.57
2025-08-11T15:16:49.976703,47.0,16.0,54.0,-13.0,74.0,-34.0,-40.0,-36.0,-30.0,-61.0,92.0,-73.0,53.5,-9.260000000000002,40.24,-6.57,35.83,-23.82,-26.23,-49.49,-24.32,-27.08,75.25,-69.57
2025-08-11T15:16:49.981038,-83.0,34.0,-56.0,95.0,62.0,-73.0,46.0,-39.0,19.0,-75.0,45.0,-98.0,-76.5,8.739999999999998,-69.76,101.43,23.83,-62.82,59.769999999999996,-52.49,24.68,-41.08,28.25,-94.57
2025-08-11T15:16:49.988729,-83.0,37.0,-83.0,-7.0,78.0,-30.0,38.0,-43.0,-17.0,-71.0,127.0,-71.0,-76.5,11.739999999999998,-96.76,-0.5700000000000003,39.83,-19.82,51.769999999999996,-56.49,-11.32,-37.08,110.25,-67.57
2025-08-11T15:16:49.993037,1.0,19.0,-6.0,22.0,9.0,-40.0,-72.0,-43.0,-3.0,-47.0,98.0,-71.0,7.5,-6.260000000000002,-19.759999999999998,28.43,-29.17,-29.82,-58.230000000000004,-56.49,2.6799999999999997,-13.079999999999998,81.25,-67.57
2025-08-11T15:16:50.000999,-20.0,79.0,-106.0,3.0,42.0,-35.0,-17.0,27.0,-4.0,-33.0,69.0,-53.0,-13.5,53.739999999999995,-119.76,9.43,3.8299999999999983,-24.82,-3.2300000000000004,13.51,1.6799999999999997,0.9200000000000017,52.25,-49.57
2025-08-11T15:16:50.005348,55.0,-1.0,-32.0,-53.0,7.0,-16.0,-4.0,26.0,-6.0,-63.0,77.0,3.0,61.5,-26.26,-45.76,-46.57,-31.17,-5.82,9.77,12.51,-0.3200000000000003,-29.08,60.25,6.43
2025-08-11T15:16:50.013163,7.0,0.0,-50.0,-31.0,46.0,-16.0,-68.0,37.0,-49.0,-23.0,-31.0,43.0,13.5,-25.26,-63.76,-24.57,7.829999999999998,-5.82,-54.230000000000004,23.509999999999998,-43.32,10.920000000000002,-47.75,46.43
2025-08-11T15:16:50.017764,37.0,12.0,-12.0,41.0,72.0,-60.0,-94.0,60.0,-19.0,-39.0,-23.0,-34.0,43.5,-13.260000000000002,-25.759999999999998,47.43,33.83,-49.82,-80.23,46.51,-13.32,-5.079999999999998,-39.75,-30.57
2025-08-11T15:16:50.025560,-15.0,71.0,39.0,-33.0,66.0,-103.0,-24.0,-19.0,8.0,-73.0,-18.0,16.0,-8.5,45.739999999999995,25.240000000000002,-26.57,27.83,-92.82,-10.23,-32.49,13.68,-39.08,-34.75,19.43
2025-08-11T15:16:50.029928,20.0,82.0,-42.0,5.0,48.0,-101.0,-2.0,57.0,-5.0,-83.0,22.0,3.0,26.5,56.739999999999995,-55.76,11.43,9.829999999999998,-90.82,11.77,43.51,0.6799999999999997,-49.08,5.25,6.43
2025-08-11T15:16:50.037811,-36.0,76.0,59.0,24.0,141.0,-48.0,16.0,19.0,-17.0,29.0,45.0,-11.0,-29.5,50.739999999999995,45.24,30.43,102.83,-37.82,29.77,5.51,-11.32,62.92,28.25,-7.57
2025-08-11T15:16:50.042173,16.0,74.0,-4.0,-3.0,7.0,-56.0,-130.0,39.0,-24.0,-26.0,71.0,-60.0,22.5,48.739999999999995,-17.759999999999998,3.4299999999999997,-31.17,-45.82,-116.23,25.509999999999998,-18.32,7.920000000000002,54.25,-56.57
2025-08-11T15:16:50.050005,19.0,95.0,-21.0,22.0,-7.0,-10.0,-26.0,23.0,-46.0,-2.0,13.0,24.0,25.5,69.74,-34.76,28.43,-45.17,0.17999999999999972,-12.23,9.51,-40.32,31.92,-3.75,27.43
2025-08-11T15:16:50.054491,55.0,13.0,-25.0,-53.0,33.0,-30.0,8.0,38.0,-23.0,25.0,58.0,10.0,61.5,-12.260000000000002,-38.76,-46.57,-5.170000000000002,-19.82,21.77,24.509999999999998,-17.32,58.92,41.25,13.43
2025-08-11T15:16:50.062283,58.0,40.0,88.0,58.0,26.0,-49.0,29.0,-41.0,-41.0,13.0,-73.0,7.0,64.5,14.739999999999998,74.24,64.43,-12.170000000000002,-38.82,42.769999999999996,-54.49,-35.32,46.92,-89.75,10.43
2025-08-11T15:16:50.067119,87.0,11.0,16.0,-11.0,22.0,-12.0,-14.0,18.0,-28.0,-49.0,-85.0,-19.0,93.5,-14.260000000000002,2.24,-4.57,-16.17,-1.8200000000000003,-0.23000000000000043,4.51,-22.32,-15.079999999999998,-101.75,-15.57
2025-08-11T15:16:50.074503,14.0,7.0,50.0,3.0,40.0,-34.0,10.0,54.0,-50.0,38.0,46.0,42.0,20.5,-18.26,36.24,9.43,1.8299999999999983,-23.82,23.77,40.51,-44.32,71.92,29.25,45.43
2025-08-11T15:16:50.079188,-15.0,78.0,-6.0,-1.0,-5.0,-88.0,23.0,22.0,-46.0,64.0,3.0,-5.0,-8.5,52.739999999999995,-19.759999999999998,5.43,-43.17,-77.82,36.769999999999996,8.51,-40.32,97.92,-13.75,-1.5699999999999998
2025-08-11T15:16:50.086882,1.0,104.0,-6.0,-33.0,31.0,-60.0,4.0,-26.0,-93.0,61.0,19.0,-76.0,7.5,78.74,-19.759999999999998,-26.57,-7.170000000000002,-49.82,17.77,-39.49,-87.32,94.92,2.25,-72.57
2025-08-11T15:16:50.091683,26.0,96.0,12.0,-2.0,-12.0,16.0,-15.0,66.0,-39.0,-15.0,14.0,-55.0,32.5,70.74,-1.7599999999999998,4.43,-50.17,26.18,-1.2300000000000004,52.51,-33.32,18.92,-2.75,-51.57
2025-08-11T15:16:50.099209,31.0,16.0,3.0,-78.0,19.0,-12.0,13.0,49.0,-32.0,-33.0,37.0,-61.0,37.5,-9.260000000000002,-10.76,-71.57,-19.17,-1.8200000000000003,26.77,35.51,-26.32,0.9200000000000017,20.25,-57.57
2025-08-11T15:16:50.103804,-59.0,83.0,-68.0,43.0,32.0,-81.0,-74.0,-8.0,20.0,-49.0,30.0,-52.0,-52.5,57.739999999999995,-81.76,49.43,-6.170000000000002,-70.82,-60.230000000000004,-21.490000000000002,25.68,-15.079999999999998,13.25,-48.57
2025-08-11T15:16:50.111586,46.0,26.0,-65.0,-52.0,2.0,-91.0,-56.0,-59.0,-15.0,44.0,-7.0,-47.0,52.5,0.7399999999999984,-78.76,-45.57,-36.17,-80.82,-42.230000000000004,-72.49,-9.32,77.92,-23.75,-43.57
2025-08-11T15:16:50.115805,31.0,54.0,-33.0,25.0,-27.0,-73.0,-48.0,-2.0,-17.0,-50.0,38.0,-39.0,37.5,28.74,-46.76,31.43,-65.17,-62.82,-34.230000000000004,-15.49,-11.32,-16.08,21.25,-35.57
2025-08-11T15:16:50.123522,16.0,4.0,-38.0,-21.0,46.0,-80.0,39.0,-22.0,30.0,-13.0,55.0,-85.0,22.5,-21.26,-51.76,-14.57,7.829999999999998,-69.82,52.769999999999996,-35.49,35.68,20.92,38.25,-81.57
2025-08-11T15:16:50.128366,44.0,25.0,-24.0,-48.0,-6.0,-18.0,40.0,-80.0,3.0,-31.0,64.0,-101.0,50.5,-0.26000000000000156,-37.76,-41.57,-44.17,-7.82,53.769999999999996,-93.49,8.68,2.9200000000000017,47.25,-97.57
2025-08-11T15:16:50.135922,12.0,54.0,-1.0,-28.0,88.0,6.0,-37.0,-4.0,-19.0,13.0,27.0,-63.0,18.5,28.74,-14.76,-21.57,49.83,16.18,-23.23,-17.490000000000002,-13.32,46.92,10.25,-59.57
2025-08-11T15:16:50.140319,-50.0,49.0,-9.0,-23.0,27.0,2.0,53.0,4.0,-28.0,-85.0,90.0,-44.0,-43.5,23.74,-22.759999999999998,-16.57,-11.170000000000002,12.18,66.77,-9.49,-22.32,-51.08,73.25,-40.57
2025-08-11T15:16:50.148174,27.0,44.0,35.0,37.0,91.0,-37.0,-23.0,1.0,-16.0,-44.0,41.0,-51.0,33.5,18.74,21.240000000000002,43.43,52.83,-26.82,-9.23,-12.49,-10.32,-10.079999999999998,24.25,-47.57
2025-08-11T15:16:50.152927,-61.0,51.0,48.0,-38.0,101.0,-44.0,6.0,26.0,-9.0,-133.0,35.0,-78.0,-54.5,25.74,34.24,-31.57,62.83,-33.82,19.77,12.51,-3.3200000000000003,-99.08,18.25,-74.57
2025-08-11T15:16:50.160415,-6.0,47.0,-15.0,43.0,116.0,-52.0,1.0,-10.0,-40.0,-63.0,5.0,-47.0,0.5,21.74,-28.759999999999998,49.43,77.83,-41.82,14.77,-23.490000000000002,-34.32,-29.08,-11.75,-43.57
2025-08-11T15:16:50.164790,38.0,13.0,-60.0,59.0,30.0,-78.0,-45.0,46.0,10.0,-40.0,57.0,-49.0,44.5,-12.260000000000002,-73.76,65.43,-8.170000000000002,-67.82,-31.23,32.51,15.68,-6.079999999999998,40.25,-45.57
2025-08-11T15:16:50.172703,-44.0,37.0,-51.0,60.0,25.0,3.0,-35.0,-45.0,-15.0,-54.0,35.0,-42.0,-37.5,11.739999999999998,-64.76,66.43,-13.170000000000002,13.18,-21.23,-58.49,-9.32,-20.08,18.25,-38.57
2025-08-11T15:16:50.177263,52.0,-45.0,1.0,-25.0,9.0,-38.0,0.0,-38.0,-31.0,-46.0,40.0,32.0,58.5,-70.26,-12.76,-18.57,-29.17,-27.82,13.77,-51.49,-25.32,-12.079999999999998,23.25,35.43
2025-08-11T15:16:50.184901,77.0,-16.0,34.0,-33.0,18.0,35.0,-54.0,19.0,4.0,-35.0,46.0,-46.0,83.5,-41.260000000000005,20.240000000000002,-26.57,-20.17,45.18,-40.230000000000004,5.51,9.68,-1.0799999999999983,29.25,-42.57
2025-08-11T15:16:50.189567,12.0,51.0,58.0,53.0,40.0,-48.0,-42.0,67.0,26.0,-90.0,92.0,-66.0,18.5,25.74,44.24,59.43,1.8299999999999983,-37.82,-28.23,53.51,31.68,-56.08,75.25,-62.57
2025-08-11T15:16:50.193698,-49.0,82.0,18.0,48.0,79.0,-42.0,-9.0,77.0,7.0,-28.0,42.0,-48.0,-42.5,56.739999999999995,4.24,54.43,40.83,-31.82,4.77,63.51,12.68,5.920000000000002,25.25,-44.57
2025-08-11T15:16:50.201683,-29.0,-4.0,-9.0,72.0,22.0,-31.0,-96.0,28.0,28.0,-18.0,68.0,-11.0,-22.5,-29.26,-22.759999999999998,78.43,-16.17,-20.82,-82.23,14.51,33.68,15.920000000000002,51.25,-7.57
2025-08-11T15:16:50.205924,69.0,66.0,-24.0,78.0,-20.0,9.0,9.0,2.0,-13.0,-79.0,58.0,-18.0,75.5,40.739999999999995,-37.76,84.43,-58.17,19.18,22.77,-11.49,-7.32,-45.08,41.25,-14.57
2025-08-11T15:16:50.213877,25.0,1.0,-51.0,23.0,37.0,-40.0,-28.0,-20.0,25.0,-57.0,39.0,-74.0,31.5,-24.26,-64.76,29.43,-1.1700000000000017,-29.82,-14.23,-33.49,30.68,-23.08,22.25,-70.57
2025-08-11T15:16:50.218269,42.0,-43.0,-57.0,-52.0,75.0,-40.0,7.0,36.0,20.0,-42.0,-10.0,-113.0,48.5,-68.26,-70.76,-45.57,36.83,-29.82,20.77,22.509999999999998,25.68,-8.079999999999998,-26.75,-109.57
2025-08-11T15:16:50.226043,43.0,3.0,11.0,-19.0,-3.0,-50.0,0.0,75.0,26.0,-58.0,68.0,-6.0,49.5,-22.26,-2.76,-12.57,-41.17,-39.82,13.77,61.51,31.68,-24.08,51.25,-2.57
2025-08-11T15:16:50.230642,20.0,-12.0,-39.0,-66.0,125.0,-30.0,-41.0,27.0,-16.0,-82.0,52.0,-78.0,26.5,-37.260000000000005,-52.76,-59.57,86.83,-19.82,-27.23,13.51,-10.32,-48.08,35.25,-74.57
2025-08-11T15:16:50.238583,21.0,10.0,11.0,24.0,45.0,-125.0,10.0,43.0,-20.0,-62.0,66.0,-74.0,27.5,-15.260000000000002,-2.76,30.43,6.829999999999998,-114.82,23.77,29.509999999999998,-14.32,-28.08,49.25,-70.57
2025-08-11T15:16:50.242882,-30.0,73.0,46.0,32.0,-23.0,-37.0,83.0,60.0,-62.0,-21.0,75.0,-62.0,-23.5,47.739999999999995,32.24,38.43,-61.17,-26.82,96.77,46.51,-56.32,12.920000000000002,58.25,-58.57
2025-08-11T15:16:50.250626,28.0,99.0,-83.0,44.0,29.0,-5.0,25.0,16.0,-51.0,-75.0,69.0,-19.0,34.5,73.74,-96.76,50.43,-9.170000000000002,5.18,38.769999999999996,2.51,-45.32,-41.08,52.25,-15.57
2025-08-11T15:16:50.255322,36.0,64.0,-59.0,-22.0,39.0,-39.0,19.0,88.0,-28.0,20.0,78.0,-54.0,42.5,38.739999999999995,-72.76,-15.57,0.8299999999999983,-28.82,32.769999999999996,74.51,-22.32,53.92,61.25,-50.57
2025-08-11T15:16:50.263044,51.0,40.0,-104.0,-66.0,32.0,-10.0,66.0,6.0,-63.0,-121.0,-45.0,-10.0,57.5,14.739999999999998,-117.76,-59.57,-6.170000000000002,0.17999999999999972,79.77,-7.49,-57.32,-87.08,-61.75,-6.57
2025-08-11T15:16:50.267412,-26.0,-32.0,19.0,10.0,83.0,-16.0,21.0,-50.0,-17.0,-40.0,62.0,-12.0,-19.5,-57.260000000000005,5.24,16.43,44.83,-5.82,34.769999999999996,-63.49,-11.32,-6.079999999999998,45.25,-8.57
2025-08-11T15:16:50.275620,-18.0,56.0,7.0,34.0,83.0,-60.0,-95.0,-57.0,-38.0,-16.0,103.0,-39.0,-11.5,30.74,-6.76,40.43,44.83,-49.82,-81.23,-70.49,-32.32,17.92,86.25,-35.57
2025-08-11T15:16:50.279651,-9.0,108.0,18.0,56.0,3.0,-78.0,-48.0,19.0,-9.0,-83.0,95.0,-16.0,-2.5,82.74,4.24,62.43,-35.17,-67.82,-34.230000000000004,5.51,-3.3200000000000003,-49.08,78.25,-12.57
2025-08-11T15:16:50.287724,-42.0,50.0,-1.0,60.0,48.0,-28.0,-20.0,71.0,-13.0,-6.0,46.0,-115.0,-35.5,24.74,-14.76,66.43,9.829999999999998,-17.82,-6.23,57.51,-7.32,27.92,29.25,-111.57
2025-08-11T15:16:50.291995,-11.0,103.0,-43.0,-3.0,-7.0,-78.0,-92.0,10.0,13.0,-97.0,40.0,-52.0,-4.5,77.74,-56.76,3.4299999999999997,-45.17,-67.82,-78.23,-3.49,18.68,-63.08,23.25,-48.57
2025-08-11T15:16:50.299804,52.0,80.0,-104.0,-46.0,48.0,-56.0,-35.0,60.0,-35.0,-67.0,101.0,-41.0,58.5,54.739999999999995,-117.76,-39.57,9.829999999999998,-45.82,-21.23,46.51,-29.32,-33.08,84.25,-37.57
2025-08-11T15:16:50.304220,18.0,-4.0,-66.0,-3.0,-16.0,-11.0,-24.0,-1.0,-63.0,-97.0,57.0,-40.0,24.5,-29.26,-79.76,3.4299999999999997,-54.17,-0.8200000000000003,-10.23,-14.49,-57.32,-63.08,40.25,-36.57
2025-08-11T15:16:50.312140,62.0,-13.0,-8.0,-31.0,85.0,-99.0,-76.0,58.0,-9.0,2.0,64.0,-58.0,68.5,-38.260000000000005,-21.759999999999998,-24.57,46.83,-88.82,-62.230000000000004,44.51,-3.3200000000000003,35.92,47.25,-54.57
2025-08-11T15:16:50.316924,46.0,11.0,-50.0,-58.0,67.0,-72.0,-45.0,64.0,-45.0,-72.0,88.0,-80.0,52.5,-14.260000000000002,-63.76,-51.57,28.83,-61.82,-31.23,50.51,-39.32,-38.08,71.25,-76.57
2025-08-11T15:16:50.324444,-5.0,15.0,82.0,60.0,78.0,-87.0,2.0,-11.0,-40.0,-23.0,57.0,-82.0,1.5,-10.260000000000002,68.24,66.43,39.83,-76.82,15.77,-24.490000000000002,-34.32,10.920000000000002,40.25,-78.57
2025-08-11T15:16:50.329416,54.0,7.0,30.0,-18.0,46.0,-57.0,-18.0,57.0,-71.0,-66.0,48.0,-28.0,60.5,-18.26,16.240000000000002,-11.57,7.829999999999998,-46.82,-4.23,43.51,-65.32,-32.08,31.25,-24.57
2025-08-11T15:16:50.336729,1.0,-22.0,2.0,-29.0,-42.0,1.0,9.0,-13.0,-65.0,-59.0,100.0,-52.0,7.5,-47.260000000000005,-11.76,-22.57,-80.17,11.18,22.77,-26.490000000000002,-59.32,-25.08,83.25,-48.57
2025-08-11T15:16:50.341496,-62.0,-23.0,80.0,33.0,8.0,8.0,42.0,33.0,-106.0,-70.0,48.0,-25.0,-55.5,-48.260000000000005,66.24,39.43,-30.17,18.18,55.769999999999996,19.509999999999998,-100.32,-36.08,31.25,-21.57
2025-08-11T15:16:50.348932,14.0,78.0,26.0,-2.0,35.0,-38.0,14.0,47.0,-34.0,-47.0,32.0,-68.0,20.5,52.739999999999995,12.24,4.43,-3.1700000000000017,-27.82,27.77,33.51,-28.32,-13.079999999999998,15.25,-64.57
2025-08-11T15:16:50.353802,-22.0,149.0,-72.0,28.0,22.0,-93.0,-29.0,19.0,-18.0,-69.0,51.0,-47.0,-15.5,123.74,-85.76,34.43,-16.17,-82.82,-15.23,5.51,-12.32,-35.08,34.25,-43.57
2025-08-11T15:16:50.361395,81.0,116.0,-36.0,-39.0,83.0,-55.0,50.0,100.0,-67.0,-108.0,21.0,-91.0,87.5,90.74,-49.76,-32.57,44.83,-44.82,63.769999999999996,86.51,-61.32,-74.08,4.25,-87.57
2025-08-11T15:16:50.366135,33.0,31.0,-74.0,11.0,-13.0,-71.0,30.0,-57.0,-2.0,-77.0,76.0,-50.0,39.5,5.739999999999998,-87.76,17.43,-51.17,-60.82,43.769999999999996,-70.49,3.6799999999999997,-43.08,59.25,-46.57
2025-08-11T15:16:50.373459,88.0,-6.0,20.0,1.0,1.0,-21.0,-39.0,72.0,-63.0,-38.0,10.0,-124.0,94.5,-31.26,6.24,7.43,-37.17,-10.82,-25.23,58.51,-57.32,-4.079999999999998,-6.75,-120.57
2025-08-11T15:16:50.378356,31.0,47.0,51.0,15.0,47.0,26.0,-13.0,-81.0,-70.0,-86.0,56.0,-29.0,37.5,21.74,37.24,21.43,8.829999999999998,36.18,0.7699999999999996,-94.49,-64.32,-52.08,39.25,-25.57
2025-08-11T15:16:50.385840,-86.0,6.0,23.0,28.0,59.0,-31.0,-11.0,-29.0,-39.0,-101.0,59.0,-80.0,-79.5,-19.26,9.24,34.43,20.83,-20.82,2.7699999999999996,-42.49,-33.32,-67.08,42.25,-76.57
2025-08-11T15:16:50.390648,-43.0,102.0,21.0,3.0,129.0,-90.0,35.0,-13.0,-83.0,-66.0,25.0,-31.0,-36.5,76.74,7.24,9.43,90.83,-79.82,48.769999999999996,-26.490000000000002,-77.32,-32.08,8.25,-27.57
2025-08-11T15:16:50.398099,-37.0,76.0,-57.0,-6.0,22.0,-38.0,33.0,-72.0,-5.0,-35.0,111.0,-50.0,-30.5,50.739999999999995,-70.76,0.4299999999999997,-16.17,-27.82,46.769999999999996,-85.49,0.6799999999999997,-1.0799999999999983,94.25,-46.57
2025-08-11T15:16:50.402756,93.0,54.0,-93.0,47.0,34.0,-52.0,-47.0,-8.0,-10.0,-76.0,43.0,-28.0,99.5,28.74,-106.76,53.43,-4.170000000000002,-41.82,-33.230000000000004,-21.490000000000002,-4.32,-42.08,26.25,-24.57
2025-08-11T15:16:50.410594,39.0,-29.0,-77.0,1.0,50.0,-22.0,-15.0,-40.0,-39.0,-33.0,12.0,-74.0,45.5,-54.260000000000005,-90.76,7.43,11.829999999999998,-11.82,-1.2300000000000004,-53.49,-33.32,0.9200000000000017,-4.75,-70.57
2025-08-11T15:16:50.415184,58.0,-8.0,69.0,2.0,55.0,-36.0,-4.0,-55.0,-74.0,-79.0,43.0,-29.0,64.5,-33.260000000000005,55.24,8.43,16.83,-25.82,9.77,-68.49,-68.32,-45.08,26.25,-25.57
2025-08-11T15:16:50.422365,17.0,49.0,58.0,-2.0,65.0,26.0,11.0,29.0,5.0,-60.0,50.0,0.0,23.5,23.74,44.24,4.43,26.83,36.18,24.77,15.51,10.68,-26.08,33.25,3.43
2025-08-11T15:16:50.427121,12.0,-34.0,1.0,2.0,42.0,-45.0,7.0,10.0,-38.0,-42.0,-6.0,-40.0,18.5,-59.260000000000005,-12.76,8.43,3.8299999999999983,-34.82,20.77,-3.49,-32.32,-8.079999999999998,-22.75,-36.57
2025-08-11T15:16:50.434680,73.0,53.0,91.0,-15.0,15.0,-11.0,9.0,5.0,-52.0,-80.0,119.0,-30.0,79.5,27.74,77.24,-8.57,-23.17,-0.8200000000000003,22.77,-8.49,-46.32,-46.08,102.25,-26.57
2025-08-11T15:16:50.439676,-33.0,56.0,-52.0,-85.0,25.0,-30.0,-34.0,-40.0,-40.0,-61.0,100.0,-13.0,-26.5,30.74,-65.76,-78.57,-13.170000000000002,-19.82,-20.23,-53.49,-34.32,-27.08,83.25,-9.57
2025-08-11T15:16:50.447125,17.0,37.0,-59.0,47.0,76.0,-112.0,-39.0,1.0,16.0,-50.0,33.0,-81.0,23.5,11.739999999999998,-72.76,53.43,37.83,-101.82,-25.23,-12.49,21.68,-16.08,16.25,-77.57
2025-08-11T15:16:50.451908,13.0,58.0,-92.0,13.0,-14.0,-14.0,-44.0,27.0,-36.0,-77.0,16.0,-41.0,19.5,32.739999999999995,-105.76,19.43,-52.17,-3.8200000000000003,-30.23,13.51,-30.32,-43.08,-0.75,-37.57
2025-08-11T15:16:50.459609,47.0,41.0,-97.0,-69.0,39.0,-30.0,-43.0,10.0,-75.0,-57.0,63.0,-98.0,53.5,15.739999999999998,-110.76,-62.57,0.8299999999999983,-19.82,-29.23,-3.49,-69.32,-23.08,46.25,-94.57
2025-08-11T15:16:50.464249,17.0,32.0,-112.0,-113.0,72.0,14.0,-11.0,-11.0,14.0,-100.0,132.0,-89.0,23.5,6.739999999999998,-125.76,-106.57,33.83,24.18,2.7699999999999996,-24.490000000000002,19.68,-66.08,115.25,-85.57
2025-08-11T15:16:50.471570,29.0,-56.0,19.0,27.0,44.0,-8.0,39.0,-17.0,11.0,-14.0,67.0,-20.0,35.5,-81.26,5.24,33.43,5.829999999999998,2.1799999999999997,52.769999999999996,-30.490000000000002,16.68,19.92,50.25,-16.57
2025-08-11T15:16:50.476409,2.0,-23.0,-8.0,58.0,98.0,-31.0,-3.0,29.0,-71.0,50.0,141.0,-75.0,8.5,-48.260000000000005,-21.759999999999998,64.43,59.83,-20.82,10.77,15.51,-65.32,83.92,124.25,-71.57
2025-08-11T15:16:50.483778,-52.0,-9.0,7.0,27.0,80.0,-30.0,51.0,41.0,-11.0,-2.0,75.0,-53.0,-45.5,-34.260000000000005,-6.76,33.43,41.83,-19.82,64.77,27.509999999999998,-5.32,31.92,58.25,-49.57
2025-08-11T15:16:50.488677,39.0,-26.0,15.0,-30.0,19.0,-10.0,-68.0,17.0,-45.0,59.0,85.0,-85.0,45.5,-51.260000000000005,1.2400000000000002,-23.57,-19.17,0.17999999999999972,-54.230000000000004,3.51,-39.32,92.92,68.25,-81.57
2025-08-11T15:16:50.496190,25.0,101.0,-38.0,-18.0,10.0,62.0,22.0,-20.0,-81.0,-17.0,79.0,-34.0,31.5,75.74,-51.76,-11.57,-28.17,72.18,35.769999999999996,-33.49,-75.32,16.92,62.25,-30.57
2025-08-11T15:16:50.501050,-43.0,47.0,-65.0,-39.0,57.0,-10.0,-29.0,70.0,-14.0,25.0,57.0,-87.0,-36.5,21.74,-78.76,-32.57,18.83,0.17999999999999972,-15.23,56.51,-8.32,58.92,40.25,-83.57
2025-08-11T15:16:50.508368,62.0,18.0,-24.0,-48.0,81.0,-9.0,17.0,-58.0,-29.0,-2.0,7.0,-32.0,68.5,-7.260000000000002,-37.76,-41.57,42.83,1.1799999999999997,30.77,-71.49,-23.32,31.92,-9.75,-28.57
2025-08-11T15:16:50.513083,6.0,53.0,-91.0,8.0,87.0,-31.0,-23.0,45.0,-70.0,12.0,46.0,-66.0,12.5,27.74,-104.76,14.43,48.83,-20.82,-9.23,31.509999999999998,-64.32,45.92,29.25,-62.57
2025-08-11T15:16:50.520679,-19.0,52.0,-114.0,-19.0,10.0,-53.0,-20.0,-22.0,0.0,-92.0,-20.0,-62.0,-12.5,26.74,-127.76,-12.57,-28.17,-42.82,-6.23,-35.49,5.68,-58.08,-36.75,-58.57
2025-08-11T15:16:50.525502,8.0,46.0,-90.0,40.0,105.0,-39.0,-30.0,-19.0,22.0,-53.0,33.0,-30.0,14.5,20.74,-103.76,46.43,66.83,-28.82,-16.23,-32.49,27.68,-19.08,16.25,-26.57
2025-08-11T15:16:50.530016,6.0,-35.0,-13.0,71.0,77.0,-8.0,-37.0,-1.0,-47.0,-78.0,99.0,-71.0,12.5,-60.260000000000005,-26.759999999999998,77.43,38.83,2.1799999999999997,-23.23,-14.49,-41.32,-44.08,82.25,-67.57
2025-08-11T15:16:50.537623,88.0,-27.0,6.0,8.0,6.0,7.0,49.0,2.0,-3.0,-23.0,60.0,-109.0,94.5,-52.260000000000005,-7.76,14.43,-32.17,17.18,62.769999999999996,-11.49,2.6799999999999997,10.920000000000002,43.25,-105.57
2025-08-11T15:16:50.542359,-31.0,45.0,45.0,5.0,-38.0,-59.0,-14.0,12.0,-18.0,-61.0,52.0,33.0,-24.5,19.74,31.240000000000002,11.43,-76.17,-48.82,-0.23000000000000043,-1.4900000000000002,-12.32,-27.08,35.25,36.43
2025-08-11T15:16:50.549844,26.0,-5.0,-17.0,28.0,85.0,-16.0,0.0,-18.0,-84.0,-36.0,81.0,42.0,32.5,-30.26,-30.759999999999998,34.43,46.83,-5.82,13.77,-31.490000000000002,-78.32,-2.0799999999999983,64.25,45.43
2025-08-11T15:16:50.554646,-29.0,-5.0,27.0,-8.0,102.0,-22.0,-30.0,3.0,-92.0,-60.0,43.0,-33.0,-22.5,-30.26,13.24,-1.5700000000000003,63.83,-11.82,-16.23,-10.49,-86.32,-26.08,26.25,-29.57
2025-08-11T15:16:50.562041,-63.0,10.0,20.0,-33.0,78.0,-55.0,-47.0,-18.0,-20.0,-82.0,-4.0,-32.0,-56.5,-15.260000000000002,6.24,-26.57,39.83,-44.82,-33.230000000000004,-31.490000000000002,-14.32,-48.08,-20.75,-28.57
2025-08-11T15:16:50.566707,-55.0,62.0,-12.0,-10.0,5.0,-100.0,-3.0,-20.0,30.0,-33.0,8.0,-8.0,-48.5,36.739999999999995,-25.759999999999998,-3.5700000000000003,-33.17,-89.82,10.77,-33.49,35.68,0.9200000000000017,-8.75,-4.57
2025-08-11T15:16:50.574234,-11.0,73.0,-8.0,-69.0,34.0,-82.0,-2.0,50.0,4.0,-16.0,-17.0,-32.0,-4.5,47.739999999999995,-21.759999999999998,-62.57,-4.170000000000002,-71.82,11.77,36.51,9.68,17.92,-33.75,-28.57
2025-08-11T15:16:50.578643,-32.0,50.0,79.0,20.0,85.0,-80.0,61.0,-46.0,-21.0,-8.0,-16.0,73.0,-25.5,24.74,65.24,26.43,46.83,-69.82,74.77,-59.49,-15.32,25.92,-32.75,76.43
2025-08-11T15:16:50.586667,-8.0,-24.0,-37.0,-13.0,2.0,-20.0,-19.0,3.0,-43.0,12.0,-9.0,-17.0,-1.5,-49.260000000000005,-50.76,-6.57,-36.17,-9.82,-5.23,-10.49,-37.32,45.92,-25.75,-13.57
2025-08-11T15:16:50.591154,14.0,71.0,-58.0,-32.0,37.0,0.0,5.0,56.0,-9.0,-5.0,22.0,40.0,20.5,45.739999999999995,-71.76,-25.57,-1.1700000000000017,10.18,18.77,42.51,-3.3200000000000003,28.92,5.25,43.43
2025-08-11T15:16:50.598719,-45.0,104.0,-10.0,-2.0,68.0,-18.0,-8.0,39.0,-30.0,-43.0,28.0,36.0,-38.5,78.74,-23.759999999999998,4.43,29.83,-7.82,5.77,25.509999999999998,-24.32,-9.079999999999998,11.25,39.43
2025-08-11T15:16:50.603467,79.0,112.0,-4.0,-6.0,4.0,9.0,-43.0,31.0,-19.0,-36.0,-4.0,33.0,85.5,86.74,-17.759999999999998,0.4299999999999997,-34.17,19.18,-29.23,17.509999999999998,-13.32,-2.0799999999999983,-20.75,36.43
2025-08-11T15:16:50.610922,32.0,117.0,-44.0,-37.0,6.0,-17.0,-16.0,-89.0,-29.0,7.0,-22.0,-5.0,38.5,91.74,-57.76,-30.57,-32.17,-6.82,-2.2300000000000004,-102.49,-23.32,40.92,-38.75,-1.5699999999999998
2025-08-11T15:16:50.615760,47.0,-23.0,-80.0,13.0,67.0,-1.0,-28.0,40.0,48.0,-15.0,-49.0,31.0,53.5,-48.260000000000005,-93.76,19.43,28.83,9.18,-14.23,26.509999999999998,53.68,18.92,-65.75,34.43
2025-08-11T15:16:50.623107,101.0,-4.0,-81.0,-11.0,100.0,-64.0,-37.0,0.0,43.0,15.0,-67.0,53.0,107.5,-29.26,-94.76,-4.57,61.83,-53.82,-23.23,-13.49,48.68,48.92,-83.75,56.43
2025-08-11T15:16:50.627695,93.0,-12.0,-8.0,18.0,30.0,-54.0,58.0,32.0,-22.0,-16.0,39.0,64.0,99.5,-37.260000000000005,-21.759999999999998,24.43,-8.170000000000002,-43.82,71.77,18.509999999999998,-16.32,17.92,22.25,67.43
2025-08-11T15:16:50.632418,0.0,6.0,55.0,-4.0,23.0,-29.0,38.0,-42.0,6.0,15.0,32.0,61.0,6.5,-19.26,41.24,2.4299999999999997,-15.170000000000002,-18.82,51.769999999999996,-55.49,11.68,48.92,15.25,64.43
2025-08-11T15:16:50.639964,-66.0,-19.0,-20.0,35.0,-28.0,-53.0,25.0,-8.0,37.0,95.0,45.0,67.0,-59.5,-44.260000000000005,-33.76,41.43,-66.17,-42.82,38.769999999999996,-21.490000000000002,42.68,128.92000000000002,28.25,70.43
2025-08-11T15:16:50.644394,-15.0,9.0,42.0,46.0,-17.0,-54.0,-65.0,-34.0,86.0,49.0,9.0,53.0,-8.5,-16.26,28.240000000000002,52.43,-55.17,-43.82,-51.230000000000004,-47.49,91.68,82.92,-7.75,56.43
2025-08-11T15:16:50.652093,-1.0,33.0,22.0,-34.0,-1.0,-21.0,-3.0,26.0,32.0,36.0,6.0,5.0,5.5,7.739999999999998,8.24,-27.57,-39.17,-10.82,10.77,12.51,37.68,69.92,-10.75,8.43
2025-08-11T15:16:50.656458,-88.0,19.0,43.0,-68.0,9.0,-32.0,-44.0,73.0,-40.0,67.0,42.0,47.0,-81.5,-6.260000000000002,29.240000000000002,-61.57,-29.17,-21.82,-30.23,59.51,-34.32,100.92,25.25,50.43
2025-08-11T15:16:50.664112,39.0,72.0,-65.0,39.0,142.0,-1.0,-28.0,31.0,38.0,50.0,101.0,52.0,45.5,46.739999999999995,-78.76,45.43,103.83,9.18,-14.23,17.509999999999998,43.68,83.92,84.25,55.43
2025-08-11T15:16:50.669123,17.0,86.0,38.0,65.0,33.0,-95.0,-7.0,51.0,16.0,89.0,24.0,57.0,23.5,60.739999999999995,24.240000000000002,71.43,-5.170000000000002,-84.82,6.77,37.51,21.68,122.92,7.25,60.43
2025-08-11T15:16:50.676707,103.0,66.0,45.0,2.0,55.0,-47.0,20.0,35.0,78.0,168.0,152.0,61.0,109.5,40.739999999999995,31.240000000000002,8.43,16.83,-36.82,33.769999999999996,21.509999999999998,83.68,201.92000000000002,135.25,64.43
2025-08-11T15:16:50.681366,60.0,15.0,9.0,56.0,4.0,-21.0,14.0,133.0,-32.0,113.0,130.0,51.0,66.5,-10.260000000000002,-4.76,62.43,-34.17,-10.82,27.77,119.51,-26.32,146.92000000000002,113.25,54.43
2025-08-11T15:16:50.689061,35.0,75.0,73.0,40.0,61.0,17.0,37.0,99.0,-21.0,162.0,141.0,16.0,41.5,49.739999999999995,59.24,46.43,22.83,27.18,50.769999999999996,85.51,-15.32,195.92000000000002,124.25,19.43
2025-08-11T15:16:50.696641,119.0,17.0,126.0,113.0,116.0,-14.0,55.0,41.0,-120.0,142.0,162.0,-1.0,125.5,-8.260000000000002,112.24,119.43,77.83,-3.8200000000000003,68.77,27.509999999999998,-114.32,175.92000000000002,145.25,2.43
2025-08-11T15:16:50.701700,104.0,183.0,96.0,90.0,129.0,-117.0,49.0,114.0,-87.0,148.0,247.0,-4.0,110.5,157.74,82.24,96.43,90.83,-106.82,62.769999999999996,100.51,-81.32,181.92000000000002,230.25,-0.5699999999999998
2025-08-11T15:16:50.709005,99.0,106.0,52.0,204.0,129.0,-38.0,61.0,80.0,-148.0,99.0,270.0,8.0,105.5,80.74,38.24,210.43,90.83,-27.82,74.77,66.51,-142.32,132.92000000000002,253.25,11.43
2025-08-11T15:16:50.713468,110.0,264.0,112.0,157.0,165.0,-47.0,13.0,154.0,-192.0,133.0,324.0,31.0,116.5,238.74,98.24,163.43,126.83,-36.82,26.77,140.51,-186.32,166.92000000000002,307.25,34.43
2025-08-11T15:16:50.721692,102.0,323.0,134.0,147.0,177.0,-36.0,158.0,134.0,-193.0,160.0,332.0,8.0,108.5,297.74,120.24,153.43,138.82999999999998,-25.82,171.77,120.51,-187.32,193.92000000000002,315.25,11.43
2025-08-11T15:16:50.726527,140.0,294.0,92.0,212.0,204.0,-91.0,25.0,128.0,-243.0,74.0,417.0,11.0,146.5,268.74,78.24,218.43,165.82999999999998,-80.82,38.769999999999996,114.51,-237.32,107.92,400.25,14.43
2025-08-11T15:16:50.734210,133.0,385.0,123.0,176.0,196.0,-78.0,25.0,131.0,-262.0,104.0,448.0,-36.0,139.5,359.74,109.24,182.43,157.82999999999998,-67.82,38.769999999999996,117.51,-256.32,137.92000000000002,431.25,-32.57
2025-08-11T15:16:50.741797,83.0,394.0,165.0,299.0,248.0,-129.0,127.0,198.0,-290.0,226.0,489.0,-64.0,89.5,368.74,151.24,305.43,209.82999999999998,-118.82,140.77,184.51,-284.32,259.92,472.25,-60.57
2025-08-11T15:16:50.746749,261.0,414.0,63.0,323.0,174.0,-198.0,67.0,93.0,-321.0,108.0,406.0,23.0,267.5,388.74,49.24,329.43,135.82999999999998,-187.82,80.77,79.51,-315.32,141.92000000000002,389.25,26.43
2025-08-11T15:16:50.754289,213.0,387.0,84.0,320.0,250.0,-194.0,81.0,202.0,-335.0,148.0,421.0,43.0,219.5,361.74,70.24,326.43,211.82999999999998,-183.82,94.77,188.51,-329.32,181.92000000000002,404.25,46.43
2025-08-11T15:16:50.758945,173.0,475.0,130.0,301.0,253.0,-182.0,49.0,148.0,-318.0,150.0,510.0,5.0,179.5,449.74,116.24,307.43,214.82999999999998,-171.82,62.769999999999996,134.51,-312.32,183.92000000000002,493.25,8.43
2025-08-11T15:16:50.766765,280.0,433.0,63.0,394.0,177.0,-246.0,21.0,165.0,-350.0,123.0,520.0,-78.0,286.5,407.74,49.24,400.43,138.82999999999998,-235.82,34.769999999999996,151.51,-344.32,156.92000000000002,503.25,-74.57
2025-08-11T15:16:50.774537,246.0,425.0,85.0,324.0,271.0,-201.0,106.0,161.0,-313.0,128.0,507.0,-66.0,252.5,399.74,71.24,330.43,232.82999999999998,-190.82,119.77,147.51,-307.32,161.92000000000002,490.25,-62.57
2025-08-11T15:16:50.779715,195.0,436.0,96.0,437.0,228.0,-224.0,72.0,54.0,-310.0,157.0,535.0,-75.0,201.5,410.74,82.24,443.43,189.82999999999998,-213.82,85.77,40.51,-304.32,190.92000000000002,518.25,-71.57
2025-08-11T15:16:50.787028,312.0,465.0,60.0,348.0,203.0,-223.0,82.0,144.0,-375.0,145.0,466.0,-30.0,318.5,439.74,46.24,354.43,164.82999999999998,-212.82,95.77,130.51,-369.32,178.92000000000002,449.25,-26.57
2025-08-11T15:16:50.791990,226.0,425.0,152.0,343.0,231.0,-164.0,110.0,129.0,-373.0,140.0,578.0,-21.0,232.5,399.74,138.24,349.43,192.82999999999998,-153.82,123.77,115.51,-367.32,173.92000000000002,561.25,-17.57
2025-08-11T15:16:50.799903,161.0,525.0,25.0,387.0,236.0,-183.0,48.0,179.0,-353.0,134.0,554.0,-150.0,167.5,499.74,11.24,393.43,197.82999999999998,-172.82,61.769999999999996,165.51,-347.32,167.92000000000002,537.25,-146.57
2025-08-11T15:16:50.807338,275.0,403.0,186.0,339.0,253.0,-216.0,92.0,136.0,-376.0,136.0,539.0,-45.0,281.5,377.74,172.24,345.43,214.82999999999998,-205.82,105.77,122.51,-370.32,169.92000000000002,522.25,-41.57
2025-08-11T15:16:50.812264,200.0,439.0,-16.0,420.0,203.0,-263.0,65.0,218.0,-369.0,184.0,506.0,-23.0,206.5,413.74,-29.759999999999998,426.43,164.82999999999998,-252.82,78.77,204.51,-363.32,217.92000000000002,489.25,-19.57
2025-08-11T15:16:50.819847,290.0,409.0,-2.0,341.0,238.0,-223.0,68.0,219.0,-355.0,115.0,483.0,-26.0,296.5,383.74,-15.76,347.43,199.82999999999998,-212.82,81.77,205.51,-349.32,148.92000000000002,466.25,-22.57
2025-08-11T15:16:50.824253,233.0,466.0,90.0,401.0,251.0,-225.0,55.0,167.0,-419.0,155.0,521.0,-65.0,239.5,440.74,76.24,407.43,212.82999999999998,-214.82,68.77,153.51,-413.32,188.92000000000002,504.25,-61.57
2025-08-11T15:16:50.832455,197.0,461.0,37.0,391.0,205.0,-201.0,44.0,171.0,-360.0,163.0,593.0,-72.0,203.5,435.74,23.240000000000002,397.43,166.82999999999998,-190.82,57.769999999999996,157.51,-354.32,196.92000000000002,576.25,-68.57
2025-08-11T15:16:50.840035,323.0,459.0,31.0,383.0,215.0,-210.0,102.0,169.0,-325.0,198.0,488.0,-93.0,329.5,433.74,17.240000000000002,389.43,176.82999999999998,-199.82,115.77,155.51,-319.32,231.92000000000002,471.25,-89.57
2025-08-11T15:16:50.844951,178.0,479.0,83.0,400.0,186.0,-256.0,97.0,123.0,-264.0,169.0,449.0,3.0,184.5,453.74,69.24,406.43,147.82999999999998,-245.82,110.77,109.51,-258.32,202.92000000000002,432.25,6.43
2025-08-11T15:16:50.852591,212.0,472.0,-52.0,357.0,172.0,-172.0,50.0,161.0,-314.0,95.0,447.0,-13.0,218.5,446.74,-65.76,363.43,133.82999999999998,-161.82,63.769999999999996,147.51,-308.32,128.92000000000002,430.25,-9.57
2025-08-11T15:16:50.857976,262.0,438.0,37.0,377.0,218.0,-189.0,58.0,128.0,-416.0,84.0,555.0,-94.0,268.5,412.74,23.240000000000002,383.43,179.82999999999998,-178.82,71.77,114.51,-410.32,117.92,538.25,-90.57
2025-08-11T15:16:50.865149,247.0,445.0,60.0,352.0,245.0,-205.0,102.0,133.0,-342.0,135.0,558.0,-130.0,253.5,419.74,46.24,358.43,206.82999999999998,-194.82,115.77,119.51,-336.32,168.92000000000002,541.25,-126.57
2025-08-11T15:16:50.872711,173.0,502.0,28.0,337.0,231.0,-212.0,81.0,142.0,-383.0,144.0,422.0,-125.0,179.5,476.74,14.24,343.43,192.82999999999998,-201.82,94.77,128.51,-377.32,177.92000000000002,405.25,-121.57
2025-08-11T15:16:50.877716,264.0,420.0,46.0,314.0,145.0,-175.0,101.0,205.0,-400.0,221.0,500.0,-28.0,270.5,394.74,32.24,320.43,106.83,-164.82,114.77,191.51,-394.32,254.92000000000002,483.25,-24.57
2025-08-11T15:16:50.885250,227.0,515.0,41.0,349.0,268.0,-212.0,67.0,101.0,-376.0,95.0,503.0,7.0,233.5,489.74,27.240000000000002,355.43,229.82999999999998,-201.82,80.77,87.51,-370.32,128.92000000000002,486.25,10.43
2025-08-11T15:16:50.890269,282.0,367.0,71.0,402.0,211.0,-221.0,-21.0,149.0,-366.0,123.0,542.0,-87.0,288.5,341.74,57.24,408.43,172.82999999999998,-210.82,-7.23,135.51,-360.32,156.92000000000002,525.25,-83.57
2025-08-11T15:16:50.897928,210.0,471.0,119.0,350.0,164.0,-147.0,67.0,233.0,-369.0,139.0,463.0,-145.0,216.5,445.74,105.24,356.43,125.83,-136.82,80.77,219.51,-363.32,172.92000000000002,446.25,-141.57
2025-08-11T15:16:50.905545,187.0,539.0,113.0,438.0,164.0,-221.0,113.0,137.0,-346.0,205.0,469.0,-29.0,193.5,513.74,99.24,444.43,125.83,-210.82,126.77,123.51,-340.32,238.92000000000002,452.25,-25.57
2025-08-11T15:16:50.910503,231.0,420.0,90.0,343.0,255.0,-181.0,52.0,118.0,-369.0,50.0,444.0,-27.0,237.5,394.74,76.24,349.43,216.82999999999998,-170.82,65.77,104.51,-363.32,83.92,427.25,-23.57
2025-08-11T15:16:50.918068,258.0,469.0,99.0,358.0,258.0,-240.0,13.0,186.0,-393.0,101.0,482.0,-37.0,264.5,443.74,85.24,364.43,219.82999999999998,-229.82,26.77,172.51,-387.32,134.92000000000002,465.25,-33.57
2025-08-11T15:16:50.922997,221.0,455.0,24.0,381.0,154.0,-246.0,71.0,73.0,-398.0,215.0,530.0,-94.0,227.5,429.74,10.24,387.43,115.83,-235.82,84.77,59.51,-392.32,248.92000000000002,513.25,-90.57
2025-08-11T15:16:50.930654,314.0,411.0,87.0,364.0,163.0,-244.0,10.0,158.0,-375.0,125.0,503.0,-104.0,320.5,385.74,73.24,370.43,124.83,-233.82,23.77,144.51,-369.32,158.92000000000002,486.25,-100.57
2025-08-11T15:16:50.938491,224.0,478.0,22.0,383.0,210.0,-234.0,89.0,120.0,-395.0,166.0,528.0,-64.0,230.5,452.74,8.24,389.43,171.82999999999998,-223.82,102.77,106.51,-389.32,199.92000000000002,511.25,-60.57
2025-08-11T15:16:50.943124,258.0,372.0,35.0,416.0,188.0,-202.0,43.0,144.0,-357.0,182.0,459.0,-88.0,264.5,346.74,21.240000000000002,422.43,149.82999999999998,-191.82,56.769999999999996,130.51,-351.32,215.92000000000002,442.25,-84.57
2025-08-11T15:16:50.950758,204.0,471.0,91.0,367.0,199.0,-237.0,71.0,164.0,-304.0,107.0,478.0,-33.0,210.5,445.74,77.24,373.43,160.82999999999998,-226.82,84.77,150.51,-298.32,140.92000000000002,461.25,-29.57
2025-08-11T15:16:50.955706,244.0,483.0,8.0,438.0,200.0,-226.0,116.0,127.0,-406.0,84.0,554.0,-80.0,250.5,457.74,-5.76,444.43,161.82999999999998,-215.82,129.77,113.51,-400.32,117.92,537.25,-76.57
2025-08-11T15:16:50.963379,288.0,416.0,38.0,393.0,274.0,-226.0,-21.0,48.0,-314.0,185.0,554.0,-153.0,294.5,390.74,24.240000000000002,399.43,235.82999999999998,-215.82,-7.23,34.51,-308.32,218.92000000000002,537.25,-149.57
2025-08-11T15:16:50.970969,190.0,380.0,100.0,435.0,202.0,-196.0,17.0,162.0,-345.0,197.0,467.0,-138.0,196.5,354.74,86.24,441.43,163.82999999999998,-185.82,30.77,148.51,-339.32,230.92000000000002,450.25,-134.57
2025-08-11T15:16:50.975944,163.0,444.0,82.0,308.0,218.0,-172.0,119.0,162.0,-403.0,112.0,571.0,-43.0,169.5,418.74,68.24,314.43,179.82999999999998,-161.82,132.77,148.51,-397.32,145.92000000000002,554.25,-39.57
2025-08-11T15:16:50.983492,279.0,421.0,78.0,380.0,168.0,-304.0,52.0,178.0,-360.0,136.0,524.0,-11.0,285.5,395.74,64.24,386.43,129.82999999999998,-293.82,65.77,164.51,-354.32,169.92000000000002,507.25,-7.57
2025-08-11T15:16:50.988537,245.0,537.0,71.0,412.0,170.0,-211.0,90.0,212.0,-340.0,145.0,508.0,-140.0,251.5,511.74,57.24,418.43,131.82999999999998,-200.82,103.77,198.51,-334.32,178.92000000000002,491.25,-136.57
2025-08-11T15:16:50.996125,261.0,456.0,6.0,335.0,127.0,-217.0,70.0,145.0,-328.0,204.0,490.0,-121.0,267.5,430.74,-7.76,341.43,88.83,-206.82,83.77,131.51,-322.32,237.92000000000002,473.25,-117.57
2025-08-11T15:16:51.003626,280.0,428.0,20.0,406.0,235.0,-207.0,7.0,62.0,-352.0,167.0,488.0,-61.0,286.5,402.74,6.24,412.43,196.82999999999998,-196.82,20.77,48.51,-346.32,200.92000000000002,471.25,-57.57
2025-08-11T15:16:51.008725,221.0,476.0,32.0,312.0,234.0,-172.0,45.0,226.0,-352.0,120.0,479.0,-16.0,227.5,450.74,18.240000000000002,318.43,195.82999999999998,-161.82,58.769999999999996,212.51,-346.32,153.92000000000002,462.25,-12.57
2025-08-11T15:16:51.016230,329.0,447.0,25.0,403.0,241.0,-264.0,90.0,123.0,-391.0,140.0,540.0,-36.0,335.5,421.74,11.24,409.43,202.82999999999998,-253.82,103.77,109.51,-385.32,173.92000000000002,523.25,-32.57
2025-08-11T15:16:51.021042,260.0,406.0,105.0,406.0,194.0,-173.0,69.0,101.0,-369.0,136.0,540.0,-72.0,266.5,380.74,91.24,412.43,155.82999999999998,-162.82,82.77,87.51,-363.32,169.92000000000002,523.25,-68.57
2025-08-11T15:16:51.028851,140.0,460.0,3.0,369.0,239.0,-276.0,25.0,82.0,-463.0,152.0,560.0,-111.0,146.5,434.74,-10.76,375.43,200.82999999999998,-265.82,38.769999999999996,68.51,-457.32,185.92000000000002,543.25,-107.57
2025-08-11T15:16:51.036388,261.0,456.0,5.0,391.0,209.0,-262.0,107.0,115.0,-379.0,202.0,502.0,-45.0,267.5,430.74,-8.76,397.43,170.82999999999998,-251.82,120.77,101.51,-373.32,235.92000000000002,485.25,-41.57
2025-08-11T15:16:51.041418,220.0,374.0,96.0,316.0,177.0,-183.0,76.0,137.0,-343.0,131.0,483.0,-32.0,226.5,348.74,82.24,322.43,138.82999999999998,-172.82,89.77,123.51,-337.32,164.92000000000002,466.25,-28.57
2025-08-11T15:16:51.048945,207.0,491.0,50.0,343.0,232.0,-256.0,101.0,197.0,-344.0,79.0,547.0,-56.0,213.5,465.74,36.24,349.43,193.82999999999998,-245.82,114.77,183.51,-338.32,112.92,530.25,-52.57
2025-08-11T15:16:51.053933,320.0,391.0,-2.0,359.0,164.0,-162.0,34.0,167.0,-423.0,115.0,532.0,-119.0,326.5,365.74,-15.76,365.43,125.83,-151.82,47.769999999999996,153.51,-417.32,148.92000000000002,515.25,-115.57
2025-08-11T15:16:51.061497,184.0,370.0,108.0,350.0,271.0,-233.0,49.0,191.0,-407.0,167.0,501.0,-67.0,190.5,344.74,94.24,356.43,232.82999999999998,-222.82,62.769999999999996,177.51,-401.32,200.92000000000002,484.25,-63.57
2025-08-11T15:16:51.069147,229.0,527.0,32.0,442.0,193.0,-228.0,134.0,194.0,-347.0,180.0,473.0,-34.0,235.5,501.74,18.240000000000002,448.43,154.82999999999998,-217.82,147.77,180.51,-341.32,213.92000000000002,456.25,-30.57
2025-08-11T15:16:51.074141,275.0,412.0,60.0,377.0,162.0,-266.0,77.0,175.0,-402.0,69.0,530.0,-80.0,281.5,386.74,46.24,383.43,123.83,-255.82,90.77,161.51,-396.32,102.92,513.25,-76.57
2025-08-11T15:16:51.081583,222.0,454.0,121.0,426.0,216.0,-240.0,110.0,103.0,-335.0,101.0,548.0,-220.0,228.5,428.74,107.24,432.43,177.82999999999998,-229.82,123.77,89.51,-329.32,134.92000000000002,531.25,-216.57
2025-08-11T15:16:51.086474,250.0,391.0,92.0,349.0,236.0,-309.0,65.0,186.0,-437.0,231.0,442.0,-119.0,256.5,365.74,78.24,355.43,197.82999999999998,-298.82,78.77,172.51,-431.32,264.92,425.25,-115.57
2025-08-11T15:16:51.094308,186.0,460.0,78.0,364.0,219.0,-269.0,106.0,82.0,-471.0,231.0,559.0,-51.0,192.5,434.74,64.24,370.43,180.82999999999998,-258.82,119.77,68.51,-465.32,264.92,542.25,-47.57
2025-08-11T15:16:51.101881,249.0,472.0,61.0,345.0,216.0,-164.0,27.0,92.0,-341.0,-1.0,526.0,-35.0,255.5,446.74,47.24,351.43,177.82999999999998,-153.82,40.769999999999996,78.51,-335.32,32.92,509.25,-31.57
2025-08-11T15:16:51.106775,272.0,413.0,59.0,417.0,265.0,-219.0,6.0,194.0,-393.0,108.0,489.0,-52.0,278.5,387.74,45.24,423.43,226.82999999999998,-208.82,19.77,180.51,-387.32,141.92000000000002,472.25,-48.57
2025-08-11T15:16:51.114734,267.0,374.0,95.0,401.0,202.0,-259.0,88.0,208.0,-447.0,117.0,523.0,-114.0,273.5,348.74,81.24,407.43,163.82999999999998,-248.82,101.77,194.51,-441.32,150.92000000000002,506.25,-110.57
2025-08-11T15:16:51.119129,192.0,405.0,98.0,328.0,134.0,-160.0,85.0,118.0,-362.0,200.0,508.0,-129.0,198.5,379.74,84.24,334.43,95.83,-149.82,98.77,104.51,-356.32,233.92000000000002,491.25,-125.57
2025-08-11T15:16:51.127114,274.0,394.0,144.0,382.0,219.0,-272.0,95.0,94.0,-343.0,117.0,460.0,-114.0,280.5,368.74,130.24,388.43,180.82999999999998,-261.82,108.77,80.51,-337.32,150.92000000000002,443.25,-110.57
2025-08-11T15:16:51.134667,209.0,489.0,70.0,329.0,160.0,-190.0,56.0,132.0,-429.0,53.0,525.0,-28.0,215.5,463.74,56.24,335.43,121.83,-179.82,69.77,118.51,-423.32,86.92,508.25,-24.57
2025-08-11T15:16:51.139225,306.0,394.0,40.0,314.0,164.0,-227.0,83.0,156.0,-395.0,113.0,524.0,-104.0,312.5,368.74,26.240000000000002,320.43,125.83,-216.82,96.77,142.51,-389.32,146.92000000000002,507.25,-100.57
2025-08-11T15:16:51.147377,237.0,397.0,71.0,367.0,140.0,-214.0,45.0,152.0,-392.0,195.0,460.0,-97.0,243.5,371.74,57.24,373.43,101.83,-203.82,58.769999999999996,138.51,-386.32,228.92000000000002,443.25,-93.57
2025-08-11T15:16:51.151818,242.0,430.0,4.0,461.0,135.0,-209.0,48.0,133.0,-398.0,134.0,463.0,-52.0,248.5,404.74,-9.76,467.43,96.83,-198.82,61.769999999999996,119.51,-392.32,167.92000000000002,446.25,-48.57
2025-08-11T15:16:51.159567,320.0,403.0,70.0,357.0,248.0,-244.0,78.0,95.0,-356.0,197.0,522.0,-23.0,326.5,377.74,56.24,363.43,209.82999999999998,-233.82,91.77,81.51,-350.32,230.92000000000002,505.25,-19.57
2025-08-11T15:16:51.167416,241.0,430.0,163.0,452.0,274.0,-195.0,20.0,138.0,-363.0,143.0,532.0,-40.0,247.5,404.74,149.24,458.43,235.82999999999998,-184.82,33.769999999999996,124.51,-357.32,176.92000000000002,515.25,-36.57
2025-08-11T15:16:51.172384,239.0,441.0,39.0,323.0,219.0,-202.0,12.0,241.0,-442.0,104.0,575.0,-58.0,245.5,415.74,25.240000000000002,329.43,180.82999999999998,-191.82,25.77,227.51,-436.32,137.92000000000002,558.25,-54.57
2025-08-11T15:16:51.179840,344.0,365.0,-13.0,376.0,138.0,-300.0,67.0,153.0,-393.0,189.0,483.0,-110.0,350.5,339.74,-26.759999999999998,382.43,99.83,-289.82,80.77,139.51,-387.32,222.92000000000002,466.25,-106.57
2025-08-11T15:16:51.184443,266.0,427.0,45.0,393.0,222.0,-203.0,151.0,179.0,-383.0,143.0,416.0,-56.0,272.5,401.74,31.240000000000002,399.43,183.82999999999998,-192.82,164.77,165.51,-377.32,176.92000000000002,399.25,-52.57
2025-08-11T15:16:51.192233,218.0,487.0,12.0,383.0,184.0,-263.0,115.0,132.0,-361.0,127.0,559.0,-32.0,224.5,461.74,-1.7599999999999998,389.43,145.82999999999998,-252.82,128.77,118.51,-355.32,160.92000000000002,542.25,-28.57
2025-08-11T15:16:51.200277,289.0,383.0,118.0,402.0,202.0,-216.0,11.0,199.0,-374.0,136.0,513.0,-98.0,295.5,357.74,104.24,408.43,163.82999999999998,-205.82,24.77,185.51,-368.32,169.92000000000002,496.25,-94.57
2025-08-11T15:16:51.204867,208.0,532.0,73.0,306.0,252.0,-217.0,48.0,127.0,-368.0,194.0,451.0,-101.0,214.5,506.74,59.24,312.43,213.82999999999998,-206.82,61.769999999999996,113.51,-362.32,227.92000000000002,434.25,-97.57
2025-08-11T15:16:51.212767,291.0,360.0,32.0,388.0,217.0,-160.0,59.0,112.0,-358.0,199.0,431.0,-15.0,297.5,334.74,18.240000000000002,394.43,178.82999999999998,-149.82,72.77,98.51,-352.32,232.92000000000002,414.25,-11.57
2025-08-11T15:16:51.217120,286.0,419.0,56.0,349.0,259.0,-207.0,116.0,162.0,-369.0,59.0,459.0,-33.0,292.5,393.74,42.24,355.43,220.82999999999998,-196.82,129.77,148.51,-363.32,92.92,442.25,-29.57
2025-08-11T15:16:51.225157,237.0,503.0,17.0,419.0,130.0,-183.0,140.0,141.0,-330.0,136.0,487.0,-45.0,243.5,477.74,3.24,425.43,91.83,-172.82,153.77,127.51,-324.32,169.92000000000002,470.25,-41.57
2025-08-11T15:16:51.233151,327.0,382.0,52.0,309.0,225.0,-175.0,31.0,165.0,-338.0,91.0,503.0,-33.0,333.5,356.74,38.24,315.43,186.82999999999998,-164.82,44.769999999999996,151.51,-332.32,124.92,486.25,-29.57
2025-08-11T15:16:51.237753,253.0,459.0,92.0,306.0,230.0,-234.0,-6.0,163.0,-437.0,133.0,543.0,-133.0,259.5,433.74,78.24,312.43,191.82999999999998,-223.82,7.77,149.51,-431.32,166.92000000000002,526.25,-129.57
2025-08-11T15:16:51.245454,264.0,442.0,-12.0,344.0,209.0,-240.0,102.0,108.0,-425.0,178.0,433.0,-86.0,270.5,416.74,-25.759999999999998,350.43,170.82999999999998,-229.82,115.77,94.51,-419.32,211.92000000000002,416.25,-82.57
2025-08-11T15:16:51.250121,320.0,436.0,97.0,334.0,189.0,-212.0,59.0,201.0,-379.0,98.0,457.0,-42.0,326.5,410.74,83.24,340.43,150.82999999999998,-201.82,72.77,187.51,-373.32,131.92000000000002,440.25,-38.57
2025-08-11T15:16:51.258185,224.0,414.0,119.0,430.0,221.0,-235.0,68.0,169.0,-338.0,145.0,536.0,-71.0,230.5,388.74,105.24,436.43,182.82999999999998,-224.82,81.77,155.51,-332.32,178.92000000000002,519.25,-67.57
2025-08-11T15:16:51.265589,303.0,413.0,24.0,367.0,183.0,-183.0,53.0,153.0,-400.0,55.0,542.0,-130.0,309.5,387.74,10.24,373.43,144.82999999999998,-172.82,66.77,139.51,-394.32,88.92,525.25,-126.57
2025-08-11T15:16:51.270557,319.0,356.0,73.0,387.0,256.0,-231.0,68.0,210.0,-397.0,133.0,578.0,-146.0,325.5,330.74,59.24,393.43,217.82999999999998,-220.82,81.77,196.51,-391.32,166.92000000000002,561.25,-142.57
2025-08-11T15:16:51.278329,211.0,444.0,32.0,411.0,185.0,-263.0,81.0,155.0,-409.0,177.0,507.0,-32.0,217.5,418.74,18.240000000000002,417.43,146.82999999999998,-252.82,94.77,141.51,-403.32,210.92000000000002,490.25,-28.57
2025-08-11T15:16:51.282939,298.0,387.0,32.0,391.0,254.0,-256.0,101.0,185.0,-427.0,120.0,469.0,-80.0,304.5,361.74,18.240000000000002,397.43,215.82999999999998,-245.82,114.77,171.51,-421.32,153.92000000000002,452.25,-76.57
2025-08-11T15:16:51.290725,213.0,366.0,58.0,397.0,155.0,-224.0,24.0,196.0,-388.0,107.0,515.0,-104.0,219.5,340.74,44.24,403.43,116.83,-213.82,37.769999999999996,182.51,-382.32,140.92000000000002,498.25,-100.57
2025-08-11T15:16:51.298324,283.0,475.0,2.0,331.0,253.0,-259.0,64.0,116.0,-428.0,187.0,451.0,-60.0,289.5,449.74,-11.76,337.43,214.82999999999998,-248.82,77.77,102.51,-422.32,220.92000000000002,434.25,-56.57
2025-08-11T15:16:51.303162,290.0,468.0,37.0,376.0,202.0,-272.0,59.0,143.0,-374.0,111.0,457.0,-56.0,296.5,442.74,23.240000000000002,382.43,163.82999999999998,-261.82,72.77,129.51,-368.32,144.92000000000002,440.25,-52.57
2025-08-11T15:16:51.310943,218.0,420.0,78.0,365.0,219.0,-158.0,23.0,175.0,-340.0,111.0,429.0,-17.0,224.5,394.74,64.24,371.43,180.82999999999998,-147.82,36.769999999999996,161.51,-334.32,144.92000000000002,412.25,-13.57
2025-08-11T15:16:51.315637,179.0,461.0,89.0,375.0,230.0,-265.0,122.0,172.0,-305.0,195.0,519.0,-65.0,185.5,435.74,75.24,381.43,191.82999999999998,-254.82,135.77,158.51,-299.32,228.92000000000002,502.25,-61.57
2025-08-11T15:16:51.323438,325.0,373.0,61.0,330.0,177.0,-171.0,91.0,155.0,-333.0,145.0,553.0,-90.0,331.5,347.74,47.24,336.43,138.82999999999998,-160.82,104.77,141.51,-327.32,178.92000000000002,536.25,-86.57
2025-08-11T15:16:51.327801,175.0,451.0,61.0,343.0,249.0,-229.0,48.0,117.0,-401.0,247.0,554.0,-84.0,181.5,425.74,47.24,349.43,210.82999999999998,-218.82,61.769999999999996,103.51,-395.32,280.92,537.25,-80.57
2025-08-11T15:16:51.335811,334.0,417.0,44.0,433.0,188.0,-216.0,23.0,163.0,-396.0,211.0,508.0,-101.0,340.5,391.74,30.240000000000002,439.43,149.82999999999998,-205.82,36.769999999999996,149.51,-390.32,244.92000000000002,491.25,-97.57
2025-08-11T15:16:51.343714,290.0,440.0,102.0,381.0,212.0,-236.0,-34.0,93.0,-371.0,175.0,468.0,-81.0,296.5,414.74,88.24,387.43,173.82999999999998,-225.82,-20.23,79.51,-365.32,208.92000000000002,451.25,-77.57
2025-08-11T15:16:51.348167,230.0,444.0,37.0,366.0,238.0,-240.0,143.0,156.0,-330.0,145.0,554.0,-78.0,236.5,418.74,23.240000000000002,372.43,199.82999999999998,-229.82,156.77,142.51,-324.32,178.92000000000002,537.25,-74.57
2025-08-11T15:16:51.356024,280.0,480.0,30.0,352.0,216.0,-168.0,122.0,111.0,-383.0,137.0,456.0,-105.0,286.5,454.74,16.240000000000002,358.43,177.82999999999998,-157.82,135.77,97.51,-377.32,170.92000000000002,439.25,-101.57
2025-08-11T15:16:51.364021,324.0,367.0,128.0,383.0,195.0,-227.0,138.0,121.0,-439.0,147.0,444.0,-123.0,330.5,341.74,114.24,389.43,156.82999999999998,-216.82,151.77,107.51,-433.32,180.92000000000002,427.25,-119.57
2025-08-11T15:16:51.368503,265.0,452.0,115.0,362.0,222.0,-225.0,62.0,149.0,-459.0,122.0,431.0,-10.0,271.5,426.74,101.24,368.43,183.82999999999998,-214.82,75.77,135.51,-453.32,155.92000000000002,414.25,-6.57
2025-08-11T15:16:51.376269,285.0,452.0,97.0,391.0,187.0,-244.0,14.0,155.0,-382.0,90.0,531.0,-121.0,291.5,426.74,83.24,397.43,148.82999999999998,-233.82,27.77,141.51,-376.32,123.92,514.25,-117.57
2025-08-11T15:16:51.380983,200.0,457.0,105.0,396.0,214.0,-263.0,-1.0,129.0,-347.0,182.0,514.0,-116.0,206.5,431.74,91.24,402.43,175.82999999999998,-252.82,12.77,115.51,-341.32,215.92000000000002,497.25,-112.57
2025-08-11T15:16:51.388730,282.0,421.0,90.0,369.0,195.0,-214.0,56.0,243.0,-380.0,183.0,473.0,-87.0,288.5,395.74,76.24,375.43,156.82999999999998,-203.82,69.77,229.51,-374.32,216.92000000000002,456.25,-83.57
2025-08-11T15:16:51.396759,320.0,442.0,109.0,387.0,166.0,-202.0,90.0,94.0,-434.0,121.0,481.0,-66.0,326.5,416.74,95.24,393.43,127.83,-191.82,103.77,80.51,-428.32,154.92000000000002,464.25,-62.57
2025-08-11T15:16:51.401213,264.0,469.0,89.0,407.0,262.0,-211.0,15.0,142.0,-406.0,89.0,493.0,-14.0,270.5,443.74,75.24,413.43,223.82999999999998,-200.82,28.77,128.51,-400.32,122.92,476.25,-10.57
2025-08-11T15:16:51.409021,242.0,473.0,15.0,439.0,142.0,-190.0,25.0,200.0,-378.0,155.0,521.0,-72.0,248.5,447.74,1.2400000000000002,445.43,103.83,-179.82,38.769999999999996,186.51,-372.32,188.92000000000002,504.25,-68.57
2025-08-11T15:16:51.413799,298.0,454.0,102.0,339.0,183.0,-270.0,99.0,98.0,-399.0,112.0,570.0,-101.0,304.5,428.74,88.24,345.43,144.82999999999998,-259.82,112.77,84.51,-393.32,145.92000000000002,553.25,-97.57
2025-08-11T15:16:51.421666,265.0,470.0,21.0,419.0,161.0,-233.0,-56.0,155.0,-439.0,120.0,509.0,-32.0,271.5,444.74,7.24,425.43,122.83,-222.82,-42.230000000000004,141.51,-433.32,153.92000000000002,492.25,-28.57
2025-08-11T15:16:51.429566,265.0,375.0,69.0,427.0,192.0,-197.0,53.0,118.0,-352.0,76.0,458.0,-36.0,271.5,349.74,55.24,433.43,153.82999999999998,-186.82,66.77,104.51,-346.32,109.92,441.25,-32.57
2025-08-11T15:16:51.434084,205.0,442.0,112.0,410.0,170.0,-200.0,82.0,99.0,-382.0,143.0,537.0,-90.0,211.5,416.74,98.24,416.43,131.82999999999998,-189.82,95.77,85.51,-376.32,176.92000000000002,520.25,-86.57
2025-08-11T15:16:51.442098,256.0,414.0,66.0,375.0,173.0,-224.0,103.0,135.0,-352.0,139.0,510.0,-148.0,262.5,388.74,52.24,381.43,134.82999999999998,-213.82,116.77,121.51,-346.32,172.92000000000002,493.25,-144.57
2025-08-11T15:16:51.446392,326.0,379.0,143.0,362.0,197.0,-205.0,39.0,128.0,-364.0,146.0,466.0,-150.0,332.5,353.74,129.24,368.43,158.82999999999998,-194.82,52.769999999999996,114.51,-358.32,179.92000000000002,449.25,-146.57
2025-08-11T15:16:51.454582,255.0,516.0,45.0,319.0,144.0,-194.0,149.0,124.0,-383.0,138.0,414.0,-53.0,261.5,490.74,31.240000000000002,325.43,105.83,-183.82,162.77,110.51,-377.32,171.92000000000002,397.25,-49.57
2025-08-11T15:16:51.462196,169.0,325.0,36.0,357.0,224.0,-253.0,71.0,178.0,-393.0,143.0,527.0,-26.0,175.5,299.74,22.240000000000002,363.43,185.82999999999998,-242.82,84.77,164.51,-387.32,176.92000000000002,510.25,-22.57
2025-08-11T15:16:51.467101,246.0,411.0,134.0,453.0,193.0,-178.0,61.0,133.0,-455.0,134.0,461.0,-120.0,252.5,385.74,120.24,459.43,154.82999999999998,-167.82,74.77,119.51,-449.32,167.92000000000002,444.25,-116.57
2025-08-11T15:16:51.474912,315.0,390.0,-8.0,315.0,295.0,-262.0,25.0,20.0,-374.0,107.0,439.0,-115.0,321.5,364.74,-21.759999999999998,321.43,256.83,-251.82,38.769999999999996,6.51,-368.32,140.92000000000002,422.25,-111.57
2025-08-11T15:16:51.479988,276.0,364.0,54.0,364.0,151.0,-231.0,87.0,181.0,-373.0,123.0,379.0,-111.0,282.5,338.74,40.24,370.43,112.83,-220.82,100.77,167.51,-367.32,156.92000000000002,362.25,-107.57
2025-08-11T15:16:51.487273,141.0,416.0,1.0,322.0,185.0,-99.0,19.0,162.0,-339.0,103.0,420.0,-123.0,147.5,390.74,-12.76,328.43,146.82999999999998,-88.82,32.769999999999996,148.51,-333.32,136.92000000000002,403.25,-119.57
2025-08-11T15:16:51.495019,258.0,313.0,37.0,275.0,136.0,-127.0,68.0,213.0,-331.0,107.0,453.0,-68.0,264.5,287.74,23.240000000000002,281.43,97.83,-116.82,81.77,199.51,-325.32,140.92000000000002,436.25,-64.57
2025-08-11T15:16:51.500009,183.0,309.0,88.0,284.0,100.0,-136.0,135.0,85.0,-373.0,192.0,428.0,-86.0,189.5,283.74,74.24,290.43,61.83,-125.82,148.77,71.51,-367.32,225.92000000000002,411.25,-82.57
2025-08-11T15:16:51.507479,150.0,290.0,18.0,197.0,174.0,-146.0,42.0,89.0,-219.0,161.0,273.0,-102.0,156.5,264.74,4.24,203.43,135.82999999999998,-135.82,55.769999999999996,75.51,-213.32,194.92000000000002,256.25,-98.57
2025-08-11T15:16:51.512377,204.0,190.0,25.0,247.0,170.0,-79.0,110.0,129.0,-264.0,120.0,349.0,7.0,210.5,164.74,11.24,253.43,131.82999999999998,-68.82,123.77,115.51,-258.32,153.92000000000002,332.25,10.43
2025-08-11T15:16:51.519865,195.0,215.0,92.0,176.0,221.0,-82.0,4.0,56.0,-260.0,73.0,283.0,20.0,201.5,189.74,78.24,182.43,182.82999999999998,-71.82,17.77,42.51,-254.32,106.92,266.25,23.43
2025-08-11T15:16:51.524696,115.0,312.0,18.0,194.0,146.0,-138.0,100.0,50.0,-247.0,101.0,375.0,36.0,121.5,286.74,4.24,200.43,107.83,-127.82,113.77,36.51,-241.32,134.92000000000002,358.25,39.43
2025-08-11T15:16:51.532358,155.0,170.0,59.0,200.0,94.0,-88.0,75.0,72.0,-170.0,-2.0,352.0,-47.0,161.5,144.74,45.24,206.43,55.83,-77.82,88.77,58.51,-164.32,31.92,335.25,-43.57
2025-08-11T15:16:51.539904,102.0,160.0,46.0,99.0,179.0,-94.0,66.0,121.0,-204.0,144.0,240.0,-22.0,108.5,134.74,32.24,105.43,140.82999999999998,-83.82,79.77,107.51,-198.32,177.92000000000002,223.25,-18.57
2025-08-11T15:16:51.544833,67.0,156.0,101.0,183.0,163.0,-118.0,21.0,82.0,-163.0,99.0,60.0,-26.0,73.5,130.74,87.24,189.43,124.83,-107.82,34.769999999999996,68.51,-157.32,132.92000000000002,43.25,-22.57
2025-08-11T15:16:51.552269,55.0,186.0,52.0,137.0,59.0,-81.0,78.0,62.0,-123.0,135.0,206.0,13.0,61.5,160.74,38.24,143.43,20.83,-70.82,91.77,48.51,-117.32,168.92000000000002,189.25,16.43
2025-08-11T15:16:51.557237,115.0,107.0,-17.0,48.0,105.0,-89.0,37.0,18.0,-134.0,72.0,148.0,34.0,121.5,81.74,-30.759999999999998,54.43,66.83,-78.82,50.769999999999996,4.51,-128.32,105.92,131.25,37.43
2025-08-11T15:16:51.564622,89.0,157.0,47.0,43.0,62.0,-74.0,3.0,64.0,-68.0,-6.0,181.0,52.0,95.5,131.74,33.24,49.43,23.83,-63.82,16.77,50.51,-62.32,27.92,164.25,55.43
2025-08-11T15:16:51.569526,41.0,93.0,22.0,73.0,145.0,-74.0,29.0,101.0,-97.0,40.0,182.0,-42.0,47.5,67.74,8.24,79.43,106.83,-63.82,42.769999999999996,87.51,-91.32,73.92,165.25,-38.57
2025-08-11T15:16:51.576959,-16.0,108.0,30.0,93.0,77.0,-25.0,29.0,30.0,-125.0,10.0,175.0,2.0,-9.5,82.74,16.240000000000002,99.43,38.83,-14.82,42.769999999999996,16.509999999999998,-119.32,43.92,158.25,5.43
2025-08-11T15:16:51.581890,-46.0,93.0,-21.0,59.0,87.0,-7.0,35.0,53.0,-77.0,-14.0,121.0,67.0,-39.5,67.74,-34.76,65.43,48.83,3.1799999999999997,48.769999999999996,39.51,-71.32,19.92,104.25,70.43
2025-08-11T15:16:51.589107,89.0,177.0,-43.0,78.0,74.0,18.0,22.0,51.0,-117.0,-4.0,136.0,-21.0,95.5,151.74,-56.76,84.43,35.83,28.18,35.769999999999996,37.51,-111.32,29.92,119.25,-17.57
2025-08-11T15:16:51.593810,96.0,31.0,-83.0,-17.0,89.0,-50.0,3.0,8.0,-57.0,-67.0,107.0,26.0,102.5,5.739999999999998,-96.76,-10.57,50.83,-39.82,16.77,-5.49,-51.32,-33.08,90.25,29.43
2025-08-11T15:16:51.601471,-5.0,19.0,-23.0,36.0,107.0,-39.0,33.0,52.0,-87.0,-31.0,114.0,42.0,1.5,-6.260000000000002,-36.76,42.43,68.83,-28.82,46.769999999999996,38.51,-81.32,2.9200000000000017,97.25,45.43
2025-08-11T15:16:51.606394,47.0,186.0,69.0,-12.0,46.0,5.0,4.0,-32.0,-54.0,5.0,125.0,-28.0,53.5,160.74,55.24,-5.57,7.829999999999998,15.18,17.77,-45.49,-48.32,38.92,108.25,-24.57
2025-08-11T15:16:51.613727,55.0,81.0,-9.0,52.0,66.0,23.0,39.0,34.0,-66.0,91.0,108.0,20.0,61.5,55.739999999999995,-22.759999999999998,58.43,27.83,33.18,52.769999999999996,20.509999999999998,-60.32,124.92,91.25,23.43
2025-08-11T15:16:51.618566,-19.0,118.0,14.0,101.0,24.0,-13.0,52.0,21.0,-89.0,-43.0,91.0,37.0,-12.5,92.74,0.2400000000000002,107.43,-14.170000000000002,-2.8200000000000003,65.77,7.51,-83.32,-9.079999999999998,74.25,40.43
2025-08-11T15:16:51.626118,-36.0,75.0,0.0,11.0,40.0,-45.0,-60.0,68.0,-9.0,-16.0,96.0,-1.0,-29.5,49.739999999999995,-13.76,17.43,1.8299999999999983,-34.82,-46.230000000000004,54.51,-3.3200000000000003,17.92,79.25,2.43
2025-08-11T15:16:51.630638,16.0,52.0,9.0,11.0,58.0,-16.0,-38.0,-3.0,-10.0,-10.0,93.0,-57.0,22.5,26.74,-4.76,17.43,19.83,-5.82,-24.23,-16.490000000000002,-4.32,23.92,76.25,-53.57
2025-08-11T15:16:51.638414,10.0,119.0,-12.0,-58.0,49.0,-85.0,-28.0,66.0,-28.0,-60.0,92.0,-25.0,16.5,93.74,-25.759999999999998,-51.57,10.829999999999998,-74.82,-14.23,52.51,-22.32,-26.08,75.25,-21.57
2025-08-11T15:16:51.642870,56.0,54.0,-36.0,-54.0,40.0,-88.0,-10.0,-7.0,-36.0,3.0,122.0,48.0,62.5,28.74,-49.76,-47.57,1.8299999999999983,-77.82,3.7699999999999996,-20.490000000000002,-30.32,36.92,105.25,51.43
2025-08-11T15:16:51.650688,38.0,-19.0,44.0,38.0,-14.0,-21.0,33.0,11.0,-43.0,-9.0,40.0,-9.0,44.5,-44.260000000000005,30.240000000000002,44.43,-52.17,-10.82,46.769999999999996,-2.49,-37.32,24.92,23.25,-5.57
2025-08-11T15:16:51.655058,-15.0,39.0,41.0,93.0,67.0,0.0,-86.0,50.0,-42.0,-91.0,42.0,-15.0,-8.5,13.739999999999998,27.240000000000002,99.43,28.83,10.18,-72.23,36.51,-36.32,-57.08,25.25,-11.57
2025-08-11T15:16:51.662938,-10.0,101.0,59.0,83.0,24.0,-47.0,-38.0,94.0,-43.0,-38.0,86.0,4.0,-3.5,75.74,45.24,89.43,-14.170000000000002,-36.82,-24.23,80.51,-37.32,-4.079999999999998,69.25,7.43
2025-08-11T15:16:51.667227,-37.0,87.0,-54.0,28.0,137.0,6.0,48.0,62.0,-95.0,-39.0,1.0,-14.0,-30.5,61.739999999999995,-67.76,34.43,98.83,16.18,61.769999999999996,48.51,-89.32,-5.079999999999998,-15.75,-10.57
2025-08-11T15:16:51.675070,34.0,128.0,-55.0,27.0,52.0,-19.0,-15.0,40.0,-65.0,-55.0,82.0,30.0,40.5,102.74,-68.76,33.43,13.829999999999998,-8.82,-1.2300000000000004,26.509999999999998,-59.32,-21.08,65.25,33.43
2025-08-11T15:16:51.679854,7.0,94.0,-48.0,34.0,57.0,-29.0,11.0,-50.0,-72.0,-51.0,87.0,27.0,13.5,68.74,-61.76,40.43,18.83,-18.82,24.77,-63.49,-66.32,-17.08,70.25,30.43
2025-08-11T15:16:51.687369,5.0,46.0,-15.0,3.0,29.0,-98.0,-56.0,45.0,9.0,-52.0,114.0,35.0,11.5,20.74,-28.759999999999998,9.43,-9.170000000000002,-87.82,-42.230000000000004,31.509999999999998,14.68,-18.08,97.25,38.43
2025-08-11T15:16:51.691759,62.0,21.0,19.0,70.0,-3.0,-42.0,-18.0,30.0,18.0,-37.0,7.0,36.0,68.5,-4.260000000000002,5.24,76.43,-41.17,-31.82,-4.23,16.509999999999998,23.68,-3.0799999999999983,-9.75,39.43
2025-08-11T15:16:51.699685,10.0,26.0,-7.0,28.0,103.0,34.0,-23.0,-11.0,-76.0,-97.0,-14.0,-45.0,16.5,0.7399999999999984,-20.759999999999998,34.43,64.83,44.18,-9.23,-24.490000000000002,-70.32,-63.08,-30.75,-41.57
2025-08-11T15:16:51.704230,-18.0,37.0,-3.0,-123.0,-11.0,-18.0,68.0,-26.0,-42.0,-19.0,56.0,26.0,-11.5,11.739999999999998,-16.759999999999998,-116.57,-49.17,-7.82,81.77,-39.49,-36.32,14.920000000000002,39.25,29.43
2025-08-11T15:16:51.711924,-14.0,50.0,-46.0,22.0,84.0,-28.0,-5.0,-12.0,-34.0,-61.0,24.0,30.0,-7.5,24.74,-59.76,28.43,45.83,-17.82,8.77,-25.490000000000002,-28.32,-27.08,7.25,33.43
2025-08-11T15:16:51.716516,16.0,158.0,-22.0,-62.0,3.0,-62.0,-32.0,9.0,-34.0,1.0,-21.0,28.0,22.5,132.74,-35.76,-55.57,-35.17,-51.82,-18.23,-4.49,-28.32,34.92,-37.75,31.43
2025-08-11T15:16:51.724372,25.0,119.0,-43.0,-1.0,65.0,-55.0,32.0,7.0,-45.0,-107.0,-18.0,-52.0,31.5,93.74,-56.76,5.43,26.83,-44.82,45.769999999999996,-6.49,-39.32,-73.08,-34.75,-48.57
2025-08-11T15:16:51.728835,76.0,-8.0,-51.0,71.0,0.0,-80.0,16.0,21.0,-73.0,-101.0,-14.0,44.0,82.5,-33.260000000000005,-64.76,77.43,-38.17,-69.82,29.77,7.51,-67.32,-67.08,-30.75,47.43
2025-08-11T15:16:51.736586,55.0,71.0,-16.0,74.0,75.0,-39.0,-13.0,45.0,52.0,-94.0,0.0,22.0,61.5,45.739999999999995,-29.759999999999998,80.43,36.83,-28.82,0.7699999999999996,31.509999999999998,57.68,-60.08,-16.75,25.43
2025-08-11T15:16:51.741041,73.0,34.0,-30.0,11.0,-12.0,-44.0,-36.0,29.0,-5.0,-60.0,11.0,14.0,79.5,8.739999999999998,-43.76,17.43,-50.17,-33.82,-22.23,15.51,0.6799999999999997,-26.08,-5.75,17.43
2025-08-11T15:16:51.745435,16.0,73.0,36.0,-1.0,-7.0,-24.0,4.0,48.0,-64.0,-45.0,27.0,36.0,22.5,47.739999999999995,22.240000000000002,5.43,-45.17,-13.82,17.77,34.51,-58.32,-11.079999999999998,10.25,39.43
2025-08-11T15:16:51.753387,2.0,39.0,26.0,-35.0,111.0,-55.0,-26.0,-18.0,39.0,-22.0,-19.0,34.0,8.5,13.739999999999998,12.24,-28.57,72.83,-44.82,-12.23,-31.490000000000002,44.68,11.920000000000002,-35.75,37.43
2025-08-11T15:16:51.761124,-13.0,57.0,38.0,70.0,69.0,-113.0,-50.0,1.0,-69.0,18.0,64.0,-24.0,-6.5,31.74,24.240000000000002,76.43,30.83,-102.82,-36.230000000000004,-12.49,-63.32,51.92,47.25,-20.57
2025-08-11T15:16:51.766108,-39.0,95.0,-93.0,89.0,11.0,-105.0,-41.0,26.0,-33.0,24.0,73.0,-28.0,-32.5,69.74,-106.76,95.43,-27.17,-94.82,-27.23,12.51,-27.32,57.92,56.25,-24.57
2025-08-11T15:16:51.773237,86.0,80.0,-51.0,21.0,19.0,-35.0,-33.0,-15.0,-68.0,27.0,27.0,25.0,92.5,54.739999999999995,-64.76,27.43,-19.17,-24.82,-19.23,-28.490000000000002,-62.32,60.92,10.25,28.43
2025-08-11T15:16:51.778074,-35.0,14.0,-87.0,30.0,25.0,-38.0,2.0,19.0,-61.0,-10.0,-7.0,-26.0,-28.5,-11.260000000000002,-100.76,36.43,-13.170000000000002,-27.82,15.77,5.51,-55.32,23.92,-23.75,-22.57
2025-08-11T15:16:51.782135,42.0,59.0,7.0,-15.0,-2.0,-48.0,-23.0,38.0,-16.0,18.0,43.0,-20.0,48.5,33.739999999999995,-6.76,-8.57,-40.17,-37.82,-9.23,24.509999999999998,-10.32,51.92,26.25,-16.57
2025-08-11T15:16:51.789791,3.0,43.0,55.0,-5.0,51.0,5.0,23.0,-9.0,-64.0,-49.0,-61.0,17.0,9.5,17.74,41.24,1.4299999999999997,12.829999999999998,15.18,36.769999999999996,-22.490000000000002,-58.32,-15.079999999999998,-77.75,20.43
2025-08-11T15:16:51.794308,-21.0,28.0,-6.0,5.0,156.0,-4.0,26.0,72.0,-47.0,33.0,22.0,-47.0,-14.5,2.7399999999999984,-19.759999999999998,11.43,117.83,6.18,39.769999999999996,58.51,-41.32,66.92,5.25,-43.57
2025-08-11T15:16:51.802480,-22.0,78.0,-13.0,-41.0,44.0,-80.0,11.0,-21.0,-89.0,69.0,7.0,-78.0,-15.5,52.739999999999995,-26.759999999999998,-34.57,5.829999999999998,-69.82,24.77,-34.49,-83.32,102.92,-9.75,-74.57
2025-08-11T15:16:51.806587,19.0,75.0,9.0,30.0,39.0,-75.0,-7.0,35.0,-58.0,-13.0,2.0,-72.0,25.5,49.739999999999995,-4.76,36.43,0.8299999999999983,-64.82,6.77,21.509999999999998,-52.32,20.92,-14.75,-68.57
2025-08-11T15:16:51.814613,-11.0,94.0,-14.0,-12.0,80.0,-62.0,12.0,77.0,-45.0,-24.0,34.0,-92.0,-4.5,68.74,-27.759999999999998,-5.57,41.83,-51.82,25.77,63.51,-39.32,9.920000000000002,17.25,-88.57
2025-08-11T15:16:51.819244,-7.0,129.0,-31.0,92.0,16.0,-35.0,-36.0,6.0,-43.0,54.0,82.0,-80.0,-0.5,103.74,-44.76,98.43,-22.17,-24.82,-22.23,-7.49,-37.32,87.92,65.25,-76.57
2025-08-11T15:16:51.826685,101.0,62.0,-82.0,18.0,-54.0,-9.0,-4.0,13.0,-25.0,35.0,97.0,-92.0,107.5,36.739999999999995,-95.76,24.43,-92.17,1.1799999999999997,9.77,-0.4900000000000002,-19.32,68.92,80.25,-88.57
2025-08-11T15:16:51.831184,4.0,16.0,-93.0,-45.0,71.0,-33.0,70.0,37.0,-70.0,16.0,26.0,-106.0,10.5,-9.260000000000002,-106.76,-38.57,32.83,-22.82,83.77,23.509999999999998,-64.32,49.92,9.25,-102.57
2025-08-11T15:16:51.839129,22.0,83.0,11.0,29.0,67.0,-20.0,-46.0,-41.0,-49.0,6.0,86.0,-25.0,28.5,57.739999999999995,-2.76,35.43,28.83,-9.82,-32.230000000000004,-54.49,-43.32,39.92,69.25,-21.57
2025-08-11T15:16:51.843734,-81.0,81.0,50.0,-66.0,123.0,-91.0,-10.0,49.0,-12.0,-60.0,126.0,-17.0,-74.5,55.739999999999995,36.24,-59.57,84.83,-80.82,3.7699999999999996,35.51,-6.32,-26.08,109.25,-13.57
2025-08-11T15:16:51.851678,-48.0,35.0,34.0,60.0,111.0,-68.0,-6.0,-37.0,-23.0,67.0,45.0,-58.0,-41.5,9.739999999999998,20.240000000000002,66.43,72.83,-57.82,7.77,-50.49,-17.32,100.92,28.25,-54.57
2025-08-11T15:16:51.855747,-63.0,64.0,-61.0,85.0,22.0,-26.0,21.0,28.0,-63.0,28.0,62.0,-32.0,-56.5,38.739999999999995,-74.76,91.43,-16.17,-15.82,34.769999999999996,14.51,-57.32,61.92,45.25,-28.57
2025-08-11T15:16:51.863559,3.0,58.0,13.0,69.0,16.0,-32.0,-31.0,-4.0,-81.0,17.0,45.0,-32.0,9.5,32.739999999999995,-0.7599999999999998,75.43,-22.17,-21.82,-17.23,-17.490000000000002,-75.32,50.92,28.25,-28.57
2025-08-11T15:16:51.867931,24.0,114.0,-17.0,31.0,79.0,-54.0,27.0,-2.0,-78.0,-23.0,82.0,-17.0,30.5,88.74,-30.759999999999998,37.43,40.83,-43.82,40.769999999999996,-15.49,-72.32,10.920000000000002,65.25,-13.57
2025-08-11T15:16:51.875759,4.0,-6.0,-13.0,25.0,14.0,-2.0,12.0,30.0,-69.0,-37.0,89.0,-58.0,10.5,-31.26,-26.759999999999998,31.43,-24.17,8.18,25.77,16.509999999999998,-63.32,-3.0799999999999983,72.25,-54.57
2025-08-11T15:16:51.880427,76.0,57.0,-12.0,24.0,-1.0,5.0,16.0,-53.0,-20.0,-67.0,81.0,-27.0,82.5,31.74,-25.759999999999998,30.43,-39.17,15.18,29.77,-66.49,-14.32,-33.08,64.25,-23.57
2025-08-11T15:16:51.888183,61.0,20.0,27.0,30.0,84.0,-29.0,-3.0,33.0,-4.0,-62.0,35.0,-60.0,67.5,-5.260000000000002,13.24,36.43,45.83,-18.82,10.77,19.509999999999998,1.6799999999999997,-28.08,18.25,-56.57
2025-08-11T15:16:51.892699,-40.0,63.0,-17.0,-19.0,85.0,-36.0,-7.0,-53.0,-55.0,-89.0,54.0,-76.0,-33.5,37.739999999999995,-30.759999999999998,-12.57,46.83,-25.82,6.77,-66.49,-49.32,-55.08,37.25,-72.57
2025-08-11T15:16:51.900434,-43.0,91.0,30.0,-16.0,108.0,-94.0,16.0,-6.0,-42.0,-88.0,107.0,-50.0,-36.5,65.74,16.240000000000002,-9.57,69.83,-83.82,29.77,-19.490000000000002,-36.32,-54.08,90.25,-46.57
2025-08-11T15:16:51.904802,-32.0,93.0,27.0,60.0,49.0,-66.0,5.0,-45.0,-4.0,-68.0,107.0,-82.0,-25.5,67.74,13.24,66.43,10.829999999999998,-55.82,18.77,-58.49,1.6799999999999997,-34.08,90.25,-78.57
2025-08-11T15:16:51.912723,48.0,87.0,18.0,36.0,97.0,-45.0,-53.0,53.0,-49.0,-70.0,79.0,-30.0,54.5,61.739999999999995,4.24,42.43,58.83,-34.82,-39.230000000000004,39.51,-43.32,-36.08,62.25,-26.57
2025-08-11T15:16:51.916919,27.0,30.0,-11.0,-21.0,15.0,-31.0,33.0,-22.0,-81.0,-65.0,19.0,-60.0,33.5,4.739999999999998,-24.759999999999998,-14.57,-23.17,-20.82,46.769999999999996,-35.49,-75.32,-31.08,2.25,-56.57
2025-08-11T15:16:51.924984,52.0,88.0,-16.0,65.0,135.0,2.0,-23.0,68.0,-39.0,-3.0,38.0,-32.0,58.5,62.739999999999995,-29.759999999999998,71.43,96.83,12.18,-9.23,54.51,-33.32,30.92,21.25,-28.57
2025-08-11T15:16:51.929695,-2.0,73.0,33.0,37.0,127.0,-56.0,14.0,-30.0,-43.0,-48.0,127.0,-21.0,4.5,47.739999999999995,19.240000000000002,43.43,88.83,-45.82,27.77,-43.49,-37.32,-14.079999999999998,110.25,-17.57
2025-08-11T15:16:51.937435,-18.0,85.0,12.0,18.0,44.0,-33.0,28.0,25.0,39.0,-38.0,124.0,-26.0,-11.5,59.739999999999995,-1.7599999999999998,24.43,5.829999999999998,-22.82,41.769999999999996,11.51,44.68,-4.079999999999998,107.25,-22.57
2025-08-11T15:16:51.941962,-9.0,99.0,-45.0,16.0,24.0,-14.0,-32.0,69.0,-35.0,-82.0,112.0,-13.0,-2.5,73.74,-58.76,22.43,-14.170000000000002,-3.8200000000000003,-18.23,55.51,-29.32,-48.08,95.25,-9.57
2025-08-11T15:16:51.949440,75.0,82.0,-29.0,20.0,66.0,43.0,52.0,61.0,-35.0,-72.0,66.0,-62.0,81.5,56.739999999999995,-42.76,26.43,27.83,53.18,65.77,47.51,-29.32,-38.08,49.25,-58.57
2025-08-11T15:16:51.954165,98.0,-24.0,-90.0,-63.0,-8.0,-40.0,-45.0,24.0,-31.0,-48.0,31.0,-48.0,104.5,-49.260000000000005,-103.76,-56.57,-46.17,-29.82,-31.23,10.51,-25.32,-14.079999999999998,14.25,-44.57
2025-08-11T15:16:51.961865,61.0,15.0,-6.0,-23.0,96.0,-84.0,-22.0,-6.0,-26.0,-38.0,123.0,-6.0,67.5,-10.260000000000002,-19.759999999999998,-16.57,57.83,-73.82,-8.23,-19.490000000000002,-20.32,-4.079999999999998,106.25,-2.57
2025-08-11T15:16:51.966731,32.0,-10.0,-19.0,-12.0,58.0,-97.0,-18.0,11.0,-42.0,-47.0,87.0,-22.0,38.5,-35.260000000000005,-32.76,-5.57,19.83,-86.82,-4.23,-2.49,-36.32,-13.079999999999998,70.25,-18.57
2025-08-11T15:16:51.974130,23.0,46.0,5.0,-43.0,46.0,-84.0,62.0,-7.0,-44.0,-19.0,74.0,-62.0,29.5,20.74,-8.76,-36.57,7.829999999999998,-73.82,75.77,-20.490000000000002,-38.32,14.920000000000002,57.25,-58.57
2025-08-11T15:16:51.978689,-35.0,9.0,-56.0,5.0,93.0,-34.0,-61.0,-34.0,-69.0,-95.0,82.0,-69.0,-28.5,-16.26,-69.76,11.43,54.83,-23.82,-47.230000000000004,-47.49,-63.32,-61.08,65.25,-65.57
2025-08-11T15:16:51.986569,4.0,42.0,-41.0,47.0,-40.0,-68.0,-30.0,34.0,-23.0,-24.0,62.0,-32.0,10.5,16.74,-54.76,53.43,-78.17,-57.82,-16.23,20.509999999999998,-17.32,9.920000000000002,45.25,-28.57
2025-08-11T15:16:51.991157,-30.0,128.0,-23.0,-26.0,58.0,0.0,65.0,52.0,-64.0,-19.0,51.0,-72.0,-23.5,102.74,-36.76,-19.57,19.83,10.18,78.77,38.51,-58.32,14.920000000000002,34.25,-68.57
2025-08-11T15:16:51.998581,-30.0,84.0,-47.0,-45.0,19.0,-82.0,44.0,95.0,-22.0,-10.0,84.0,-72.0,-23.5,58.739999999999995,-60.76,-38.57,-19.17,-71.82,57.769999999999996,81.51,-16.32,23.92,67.25,-68.57
2025-08-11T15:16:52.003055,1.0,119.0,5.0,52.0,82.0,-45.0,-56.0,37.0,-68.0,-67.0,46.0,-60.0,7.5,93.74,-8.76,58.43,43.83,-34.82,-42.230000000000004,23.509999999999998,-62.32,-33.08,29.25,-56.57
2025-08-11T15:16:52.010732,40.0,117.0,-37.0,-34.0,110.0,-38.0,-4.0,96.0,-33.0,4.0,47.0,1.0,46.5,91.74,-50.76,-27.57,71.83,-27.82,9.77,82.51,-27.32,37.92,30.25,4.43
2025-08-11T15:16:52.015929,53.0,-4.0,109.0,16.0,93.0,-44.0,5.0,51.0,-20.0,-43.0,114.0,-44.0,59.5,-29.26,95.24,22.43,54.83,-33.82,18.77,37.51,-14.32,-9.079999999999998,97.25,-40.57
2025-08-11T15:16:52.023049,0.0,-37.0,23.0,45.0,29.0,-79.0,68.0,31.0,-56.0,-58.0,85.0,-71.0,6.5,-62.260000000000005,9.24,51.43,-9.170000000000002,-68.82,81.77,17.509999999999998,-50.32,-24.08,68.25,-67.57
2025-08-11T15:16:52.027962,-48.0,57.0,-17.0,-10.0,44.0,-48.0,-3.0,-8.0,-66.0,-27.0,30.0,-64.0,-41.5,31.74,-30.759999999999998,-3.5700000000000003,5.829999999999998,-37.82,10.77,-21.490000000000002,-60.32,6.920000000000002,13.25,-60.57
2025-08-11T15:16:52.035478,-53.0,34.0,45.0,10.0,-6.0,-87.0,-53.0,-77.0,-104.0,-67.0,3.0,-12.0,-46.5,8.739999999999998,31.240000000000002,16.43,-44.17,-76.82,-39.230000000000004,-90.49,-98.32,-33.08,-13.75,-8.57
2025-08-11T15:16:52.040104,-55.0,56.0,-67.0,51.0,99.0,27.0,3.0,-33.0,-80.0,-76.0,76.0,4.0,-48.5,30.74,-80.76,57.43,60.83,37.18,16.77,-46.49,-74.32,-42.08,59.25,7.43
2025-08-11T15:16:52.047620,8.0,130.0,-24.0,-96.0,56.0,-5.0,-46.0,26.0,-16.0,-26.0,101.0,-100.0,14.5,104.74,-37.76,-89.57,17.83,5.18,-32.230000000000004,12.51,-10.32,7.920000000000002,84.25,-96.57
2025-08-11T15:16:52.052393,21.0,88.0,-73.0,-23.0,-7.0,-89.0,91.0,11.0,14.0,-58.0,53.0,-38.0,27.5,62.739999999999995,-86.76,-16.57,-45.17,-78.82,104.77,-2.49,19.68,-24.08,36.25,-34.57
2025-08-11T15:16:52.059880,18.0,67.0,-75.0,-12.0,55.0,-118.0,17.0,-10.0,-35.0,-29.0,65.0,-100.0,24.5,41.739999999999995,-88.76,-5.57,16.83,-107.82,30.77,-23.490000000000002,-29.32,4.920000000000002,48.25,-96.57
2025-08-11T15:16:52.064610,53.0,60.0,30.0,23.0,34.0,-36.0,5.0,54.0,-20.0,-79.0,88.0,-36.0,59.5,34.739999999999995,16.240000000000002,29.43,-4.170000000000002,-25.82,18.77,40.51,-14.32,-45.08,71.25,-32.57
2025-08-11T15:16:52.072033,-5.0,26.0,39.0,35.0,-4.0,42.0,-33.0,-19.0,-44.0,-87.0,116.0,-79.0,1.5,0.7399999999999984,25.240000000000002,41.43,-42.17,52.18,-19.23,-32.49,-38.32,-53.08,99.25,-75.57
2025-08-11T15:16:52.076832,-14.0,106.0,-10.0,83.0,14.0,26.0,2.0,33.0,2.0,-56.0,38.0,-21.0,-7.5,80.74,-23.759999999999998,89.43,-24.17,36.18,15.77,19.509999999999998,7.68,-22.08,21.25,-17.57
2025-08-11T15:16:52.084489,-37.0,98.0,-12.0,-17.0,21.0,-34.0,38.0,-17.0,-48.0,-95.0,73.0,-60.0,-30.5,72.74,-25.759999999999998,-10.57,-17.17,-23.82,51.769999999999996,-30.490000000000002,-42.32,-61.08,56.25,-56.57
2025-08-11T15:16:52.089231,29.0,106.0,-34.0,16.0,33.0,-73.0,-13.0,55.0,-60.0,3.0,-19.0,-58.0,35.5,80.74,-47.76,22.43,-5.170000000000002,-62.82,0.7699999999999996,41.51,-54.32,36.92,-35.75,-54.57
2025-08-11T15:16:52.096734,-18.0,-40.0,-30.0,-12.0,41.0,-61.0,-4.0,54.0,-40.0,-53.0,52.0,-84.0,-11.5,-65.26,-43.76,-5.57,2.8299999999999983,-50.82,9.77,40.51,-34.32,-19.08,35.25,-80.57
2025-08-11T15:16:52.101582,94.0,9.0,14.0,17.0,17.0,-97.0,-75.0,52.0,-109.0,-62.0,100.0,-44.0,100.5,-16.26,0.2400000000000002,23.43,-21.17,-86.82,-61.230000000000004,38.51,-103.32,-28.08,83.25,-40.57
2025-08-11T15:16:52.109036,22.0,-15.0,44.0,27.0,33.0,-64.0,-3.0,49.0,-104.0,-34.0,71.0,-97.0,28.5,-40.260000000000005,30.240000000000002,33.43,-5.170000000000002,-53.82,10.77,35.51,-98.32,-0.0799999999999983,54.25,-93.57
2025-08-11T15:16:52.113438,-44.0,79.0,-28.0,47.0,2.0,-61.0,-26.0,48.0,-12.0,-53.0,67.0,-59.0,-37.5,53.739999999999995,-41.76,53.43,-36.17,-50.82,-12.23,34.51,-6.32,-19.08,50.25,-55.57
2025-08-11T15:16:52.121397,-3.0,133.0,-8.0,-17.0,53.0,-32.0,-25.0,26.0,-91.0,-69.0,43.0,-61.0,3.5,107.74,-21.759999999999998,-10.57,14.829999999999998,-21.82,-11.23,12.51,-85.32,-35.08,26.25,-57.57
2025-08-11T15:16:52.125793,14.0,61.0,-50.0,-16.0,95.0,-68.0,43.0,63.0,-12.0,1.0,96.0,-47.0,20.5,35.739999999999995,-63.76,-9.57,56.83,-57.82,56.769999999999996,49.51,-6.32,34.92,79.25,-43.57
2025-08-11T15:16:52.129947,43.0,60.0,-59.0,-18.0,19.0,-129.0,4.0,31.0,-53.0,-63.0,62.0,4.0,49.5,34.739999999999995,-72.76,-11.57,-19.17,-118.82,17.77,17.509999999999998,-47.32,-29.08,45.25,7.43
2025-08-11T15:16:52.137934,105.0,119.0,-53.0,82.0,36.0,-76.0,-76.0,-1.0,-74.0,17.0,116.0,-30.0,111.5,93.74,-66.76,88.43,-2.1700000000000017,-65.82,-62.230000000000004,-14.49,-68.32,50.92,99.25,-26.57
2025-08-11T15:16:52.145962,23.0,85.0,-87.0,14.0,38.0,-40.0,18.0,102.0,-30.0,-81.0,78.0,-69.0,29.5,59.739999999999995,-100.76,20.43,-0.1700000000000017,-29.82,31.77,88.51,-24.32,-47.08,61.25,-65.57
2025-08-11T15:16:52.150417,49.0,61.0,27.0,13.0,38.0,62.0,-28.0,19.0,-94.0,-60.0,84.0,-88.0,55.5,35.739999999999995,13.24,19.43,-0.1700000000000017,72.18,-14.23,5.51,-88.32,-26.08,67.25,-84.57
2025-08-11T15:16:52.154502,9.0,80.0,48.0,61.0,68.0,-21.0,-8.0,68.0,-54.0,-30.0,52.0,-25.0,15.5,54.739999999999995,34.24,67.43,29.83,-10.82,5.77,54.51,-48.32,3.9200000000000017,35.25,-21.57
2025-08-11T15:16:52.162588,-25.0,134.0,-48.0,-19.0,29.0,-31.0,1.0,-19.0,-69.0,8.0,40.0,-17.0,-18.5,108.74,-61.76,-12.57,-9.170000000000002,-20.82,14.77,-32.49,-63.32,41.92,23.25,-13.57
2025-08-11T15:16:52.166900,-31.0,91.0,-3.0,58.0,47.0,-63.0,-40.0,26.0,-38.0,8.0,-1.0,-45.0,-24.5,65.74,-16.759999999999998,64.43,8.829999999999998,-52.82,-26.23,12.51,-32.32,41.92,-17.75,-41.57
2025-08-11T15:16:52.174807,13.0,25.0,-59.0,67.0,80.0,-16.0,47.0,16.0,-65.0,36.0,82.0,-73.0,19.5,-0.26000000000000156,-72.76,73.43,41.83,-5.82,60.769999999999996,2.51,-59.32,69.92,65.25,-69.57
2025-08-11T15:16:52.179183,53.0,62.0,-54.0,-14.0,24.0,-13.0,-44.0,99.0,-84.0,-27.0,120.0,-55.0,59.5,36.739999999999995,-67.76,-7.57,-14.170000000000002,-2.8200000000000003,-30.23,85.51,-78.32,6.920000000000002,103.25,-51.57
2025-08-11T15:16:52.186984,-19.0,63.0,42.0,63.0,60.0,6.0,-38.0,-17.0,-87.0,-71.0,116.0,-12.0,-12.5,37.739999999999995,28.240000000000002,69.43,21.83,16.18,-24.23,-30.490000000000002,-81.32,-37.08,99.25,-8.57
2025-08-11T15:16:52.191315,23.0,35.0,49.0,-16.0,99.0,-59.0,9.0,29.0,-54.0,-84.0,69.0,-53.0,29.5,9.739999999999998,35.24,-9.57,60.83,-48.82,22.77,15.51,-48.32,-50.08,52.25,-49.57
2025-08-11T15:16:52.199681,-17.0,22.0,-42.0,-41.0,68.0,-61.0,-2.0,41.0,-10.0,-83.0,93.0,-34.0,-10.5,-3.2600000000000016,-55.76,-34.57,29.83,-50.82,11.77,27.509999999999998,-4.32,-49.08,76.25,-30.57
2025-08-11T15:16:52.204093,-34.0,78.0,50.0,40.0,79.0,-85.0,22.0,-23.0,-49.0,-32.0,42.0,-72.0,-27.5,52.739999999999995,36.24,46.43,40.83,-74.82,35.769999999999996,-36.49,-43.32,1.9200000000000017,25.25,-68.57
2025-08-11T15:16:52.211829,-123.0,89.0,-64.0,61.0,47.0,-41.0,-26.0,8.0,-82.0,-8.0,31.0,-72.0,-116.5,63.739999999999995,-77.76,67.43,8.829999999999998,-30.82,-12.23,-5.49,-76.32,25.92,14.25,-68.57
2025-08-11T15:16:52.215963,52.0,71.0,-27.0,7.0,5.0,-32.0,-9.0,34.0,-93.0,-50.0,109.0,-86.0,58.5,45.739999999999995,-40.76,13.43,-33.17,-21.82,4.77,20.509999999999998,-87.32,-16.08,92.25,-82.57
2025-08-11T15:16:52.223812,21.0,91.0,-50.0,-14.0,29.0,-49.0,-48.0,35.0,-10.0,-22.0,52.0,-61.0,27.5,65.74,-63.76,-7.57,-9.170000000000002,-38.82,-34.230000000000004,21.509999999999998,-4.32,11.920000000000002,35.25,-57.57
2025-08-11T15:16:52.228283,120.0,37.0,-98.0,12.0,39.0,-62.0,-38.0,27.0,-79.0,-49.0,69.0,-52.0,126.5,11.739999999999998,-111.76,18.43,0.8299999999999983,-51.82,-24.23,13.51,-73.32,-15.079999999999998,52.25,-48.57
2025-08-11T15:16:52.236139,71.0,25.0,-30.0,-92.0,78.0,21.0,-40.0,46.0,29.0,-83.0,50.0,-35.0,77.5,-0.26000000000000156,-43.76,-85.57,39.83,31.18,-26.23,32.51,34.68,-49.08,33.25,-31.57
2025-08-11T15:16:52.240727,23.0,26.0,34.0,-41.0,81.0,-28.0,-20.0,53.0,-52.0,-113.0,111.0,-48.0,29.5,0.7399999999999984,20.240000000000002,-34.57,42.83,-17.82,-6.23,39.51,-46.32,-79.08,94.25,-44.57
2025-08-11T15:16:52.248565,17.0,50.0,25.0,71.0,73.0,-63.0,57.0,-10.0,0.0,-85.0,71.0,-102.0,23.5,24.74,11.24,77.43,34.83,-52.82,70.77,-23.490000000000002,5.68,-51.08,54.25,-98.57
2025-08-11T15:16:52.252903,73.0,139.0,-79.0,45.0,19.0,-75.0,-34.0,93.0,-25.0,60.0,57.0,-27.0,79.5,113.74,-92.76,51.43,-19.17,-64.82,-20.23,79.51,-19.32,93.92,40.25,-23.57
2025-08-11T15:16:52.261167,60.0,121.0,-22.0,-36.0,-7.0,-14.0,-10.0,83.0,-91.0,-37.0,56.0,-94.0,66.5,95.74,-35.76,-29.57,-45.17,-3.8200000000000003,3.7699999999999996,69.51,-85.32,-3.0799999999999983,39.25,-90.57
2025-08-11T15:16:52.265246,2.0,78.0,-91.0,2.0,26.0,-2.0,-49.0,14.0,-58.0,47.0,30.0,-26.0,8.5,52.739999999999995,-104.76,8.43,-12.170000000000002,8.18,-35.230000000000004,0.5099999999999998,-52.32,80.92,13.25,-22.57
2025-08-11T15:16:52.273135,51.0,63.0,-3.0,-30.0,65.0,-76.0,14.0,41.0,1.0,-56.0,123.0,-31.0,57.5,37.739999999999995,-16.759999999999998,-23.57,26.83,-65.82,27.77,27.509999999999998,6.68,-22.08,106.25,-27.57
2025-08-11T15:16:52.277590,33.0,81.0,129.0,25.0,57.0,-20.0,-29.0,-33.0,-8.0,-68.0,74.0,-114.0,39.5,55.739999999999995,115.24,31.43,18.83,-9.82,-15.23,-46.49,-2.3200000000000003,-34.08,57.25,-110.57
2025-08-11T15:16:52.285287,-27.0,-14.0,-6.0,-12.0,51.0,-64.0,-32.0,6.0,-49.0,-65.0,96.0,-34.0,-20.5,-39.260000000000005,-19.759999999999998,-5.57,12.829999999999998,-53.82,-18.23,-7.49,-43.32,-31.08,79.25,-30.57
2025-08-11T15:16:52.289505,-58.0,28.0,7.0,1.0,30.0,-49.0,24.0,6.0,16.0,-93.0,78.0,2.0,-51.5,2.7399999999999984,-6.76,7.43,-8.170000000000002,-38.82,37.769999999999996,-7.49,21.68,-59.08,61.25,5.43
2025-08-11T15:16:52.297569,19.0,-19.0,16.0,0.0,49.0,-56.0,-11.0,21.0,-49.0,-80.0,47.0,-82.0,25.5,-44.260000000000005,2.24,6.43,10.829999999999998,-45.82,2.7699999999999996,7.51,-43.32,-46.08,30.25,-78.57
2025-08-11T15:16:52.301832,13.0,83.0,-8.0,16.0,6.0,4.0,-9.0,-21.0,16.0,-112.0,92.0,-87.0,19.5,57.739999999999995,-21.759999999999998,22.43,-32.17,14.18,4.77,-34.49,21.68,-78.08,75.25,-83.57
2025-08-11T15:16:52.309686,-27.0,26.0,6.0,-23.0,13.0,-77.0,-48.0,14.0,-56.0,-105.0,98.0,-22.0,-20.5,0.7399999999999984,-7.76,-16.57,-25.17,-66.82,-34.230000000000004,0.5099999999999998,-50.32,-71.08,81.25,-18.57
2025-08-11T15:16:52.314259,-41.0,79.0,-23.0,-23.0,-8.0,-13.0,-16.0,16.0,7.0,-77.0,89.0,-51.0,-34.5,53.739999999999995,-36.76,-16.57,-46.17,-2.8200000000000003,-2.2300000000000004,2.51,12.68,-43.08,72.25,-47.57
2025-08-11T15:16:52.322101,25.0,94.0,-71.0,37.0,19.0,-58.0,25.0,64.0,-11.0,-83.0,70.0,-51.0,31.5,68.74,-84.76,43.43,-19.17,-47.82,38.769999999999996,50.51,-5.32,-49.08,53.25,-47.57
2025-08-11T15:16:52.326425,27.0,66.0,-73.0,-44.0,99.0,-14.0,-23.0,-20.0,6.0,-91.0,44.0,-68.0,33.5,40.739999999999995,-86.76,-37.57,60.83,-3.8200000000000003,-9.23,-33.49,11.68,-57.08,27.25,-64.57
2025-08-11T15:16:52.334278,-3.0,-42.0,11.0,51.0,109.0,-104.0,-36.0,60.0,-1.0,22.0,48.0,-83.0,3.5,-67.26,-2.76,57.43,70.83,-93.82,-22.23,46.51,4.68,55.92,31.25,-79.57
2025-08-11T15:16:52.338768,20.0,71.0,12.0,47.0,72.0,-96.0,-32.0,25.0,15.0,-55.0,24.0,-85.0,26.5,45.739999999999995,-1.7599999999999998,53.43,33.83,-85.82,-18.23,11.51,20.68,-21.08,7.25,-81.57
2025-08-11T15:16:52.346528,-46.0,30.0,28.0,46.0,54.0,-54.0,10.0,32.0,0.0,-42.0,63.0,-46.0,-39.5,4.739999999999998,14.24,52.43,15.829999999999998,-43.82,23.77,18.509999999999998,5.68,-8.079999999999998,46.25,-42.57
2025-08-11T15:16:52.351128,-42.0,-1.0,-68.0,-35.0,19.0,42.0,-33.0,7.0,-52.0,-37.0,79.0,-101.0,-35.5,-26.26,-81.76,-28.57,-19.17,52.18,-19.23,-6.49,-46.32,-3.0799999999999983,62.25,-97.57
2025-08-11T15:16:52.358958,37.0,80.0,-56.0,-65.0,12.0,-20.0,5.0,-65.0,-26.0,-96.0,52.0,-15.0,43.5,54.739999999999995,-69.76,-58.57,-26.17,-9.82,18.77,-78.49,-20.32,-62.08,35.25,-11.57
2025-08-11T15:16:52.363188,33.0,4.0,-61.0,-56.0,89.0,4.0,-41.0,19.0,-91.0,-45.0,33.0,-93.0,39.5,-21.26,-74.76,-49.57,50.83,14.18,-27.23,5.51,-85.32,-11.079999999999998,16.25,-89.57
2025-08-11T15:16:52.371027,35.0,41.0,-63.0,-51.0,89.0,-39.0,-55.0,40.0,4.0,-9.0,27.0,-89.0,41.5,15.739999999999998,-76.76,-44.57,50.83,-28.82,-41.230000000000004,26.509999999999998,9.68,24.92,10.25,-85.57
2025-08-11T15:16:52.375574,32.0,32.0,-14.0,-16.0,52.0,4.0,-39.0,-7.0,-25.0,-51.0,95.0,-68.0,38.5,6.739999999999998,-27.759999999999998,-9.57,13.829999999999998,14.18,-25.23,-20.490000000000002,-19.32,-17.08,78.25,-64.57
2025-08-11T15:16:52.383428,49.0,-87.0,13.0,39.0,-24.0,-54.0,-3.0,-7.0,8.0,-32.0,32.0,-50.0,55.5,-112.26,-0.7599999999999998,45.43,-62.17,-43.82,10.77,-20.490000000000002,13.68,1.9200000000000017,15.25,-46.57
2025-08-11T15:16:52.387827,13.0,46.0,-3.0,-50.0,84.0,-33.0,-5.0,37.0,-33.0,-43.0,22.0,-55.0,19.5,20.74,-16.759999999999998,-43.57,45.83,-22.82,8.77,23.509999999999998,-27.32,-9.079999999999998,5.25,-51.57
2025-08-11T15:16:52.395596,25.0,-37.0,24.0,13.0,58.0,-58.0,-68.0,76.0,0.0,-41.0,62.0,-40.0,31.5,-62.260000000000005,10.24,19.43,19.83,-47.82,-54.230000000000004,62.51,5.68,-7.079999999999998,45.25,-36.57
2025-08-11T15:16:52.400370,-21.0,7.0,43.0,21.0,68.0,17.0,-21.0,45.0,-17.0,-117.0,47.0,-66.0,-14.5,-18.26,29.240000000000002,27.43,29.83,27.18,-7.23,31.509999999999998,-11.32,-83.08,30.25,-62.57
2025-08-11T15:16:52.407876,12.0,16.0,-9.0,-25.0,53.0,-65.0,-63.0,-4.0,-106.0,-52.0,48.0,-88.0,18.5,-9.260000000000002,-22.759999999999998,-18.57,14.829999999999998,-54.82,-49.230000000000004,-17.490000000000002,-100.32,-18.08,31.25,-84.57
2025-08-11T15:16:52.412491,-71.0,-12.0,-68.0,19.0,88.0,-39.0,-15.0,10.0,34.0,1.0,115.0,-58.0,-64.5,-37.260000000000005,-81.76,25.43,49.83,-28.82,-1.2300000000000004,-3.49,39.68,34.92,98.25,-54.57
2025-08-11T15:16:52.416518,-29.0,131.0,4.0,-31.0,25.0,-86.0,-17.0,-6.0,-1.0,19.0,12.0,-52.0,-22.5,105.74,-9.76,-24.57,-13.170000000000002,-75.82,-3.2300000000000004,-19.490000000000002,4.68,52.92,-4.75,-48.57
2025-08-11T15:16:52.424450,0.0,128.0,-19.0,-5.0,57.0,17.0,-56.0,-24.0,-11.0,-32.0,9.0,-105.0,6.5,102.74,-32.76,1.4299999999999997,18.83,27.18,-42.230000000000004,-37.49,-5.32,1.9200000000000017,-7.75,-101.57
2025-08-11T15:16:52.432472,38.0,33.0,-36.0,26.0,19.0,-60.0,-25.0,30.0,-39.0,-81.0,59.0,-43.0,44.5,7.739999999999998,-49.76,32.43,-19.17,-49.82,-11.23,16.509999999999998,-33.32,-47.08,42.25,-39.57
2025-08-11T15:16:52.437037,74.0,71.0,35.0,14.0,89.0,-30.0,0.0,63.0,-22.0,-77.0,113.0,-72.0,80.5,45.739999999999995,21.240000000000002,20.43,50.83,-19.82,13.77,49.51,-16.32,-43.08,96.25,-68.57
2025-08-11T15:16:52.441177,-13.0,45.0,60.0,-73.0,75.0,-19.0,28.0,28.0,-78.0,6.0,2.0,-17.0,-6.5,19.74,46.24,-66.57,36.83,-8.82,41.769999999999996,14.51,-72.32,39.92,-14.75,-13.57
2025-08-11T15:16:52.449358,-34.0,-1.0,-7.0,76.0,57.0,-62.0,-9.0,-26.0,-32.0,-88.0,38.0,-84.0,-27.5,-26.26,-20.759999999999998,82.43,18.83,-51.82,4.77,-39.49,-26.32,-54.08,21.25,-80.57
2025-08-11T15:16:52.453454,-8.0,-22.0,-16.0,19.0,82.0,-38.0,-32.0,23.0,-54.0,-49.0,76.0,-24.0,-1.5,-47.260000000000005,-29.759999999999998,25.43,43.83,-27.82,-18.23,9.51,-48.32,-15.079999999999998,59.25,-20.57
2025-08-11T15:16:52.461385,-7.0,79.0,44.0,12.0,-54.0,-13.0,-4.0,35.0,0.0,-23.0,76.0,-38.0,-0.5,53.739999999999995,30.240000000000002,18.43,-92.17,-2.8200000000000003,9.77,21.509999999999998,5.68,10.920000000000002,59.25,-34.57
2025-08-11T15:16:52.465989,2.0,72.0,9.0,110.0,26.0,34.0,40.0,36.0,-40.0,6.0,69.0,-91.0,8.5,46.739999999999995,-4.76,116.43,-12.170000000000002,44.18,53.769999999999996,22.509999999999998,-34.32,39.92,52.25,-87.57
2025-08-11T15:16:52.473583,-70.0,52.0,-55.0,50.0,61.0,38.0,54.0,41.0,-14.0,-83.0,82.0,-37.0,-63.5,26.74,-68.76,56.43,22.83,48.18,67.77,27.509999999999998,-8.32,-49.08,65.25,-33.57
2025-08-11T15:16:52.477980,-20.0,63.0,15.0,15.0,40.0,35.0,67.0,61.0,-85.0,-81.0,-8.0,-49.0,-13.5,37.739999999999995,1.2400000000000002,21.43,1.8299999999999983,45.18,80.77,47.51,-79.32,-47.08,-24.75,-45.57
2025-08-11T15:16:52.485737,48.0,55.0,-20.0,24.0,46.0,-23.0,6.0,32.0,-69.0,2.0,36.0,-13.0,54.5,29.74,-33.76,30.43,7.829999999999998,-12.82,19.77,18.509999999999998,-63.32,35.92,19.25,-9.57
2025-08-11T15:16:52.490256,50.0,17.0,-36.0,30.0,0.0,-24.0,12.0,81.0,-26.0,-7.0,75.0,-62.0,56.5,-8.260000000000002,-49.76,36.43,-38.17,-13.82,25.77,67.51,-20.32,26.92,58.25,-58.57
2025-08-11T15:16:52.498143,28.0,8.0,33.0,4.0,18.0,-20.0,-17.0,7.0,-61.0,-86.0,108.0,-25.0,34.5,-17.26,19.240000000000002,10.43,-20.17,-9.82,-3.2300000000000004,-6.49,-55.32,-52.08,91.25,-21.57
2025-08-11T15:16:52.502482,54.0,-14.0,-83.0,39.0,11.0,-88.0,-5.0,63.0,-12.0,-73.0,61.0,-4.0,60.5,-39.260000000000005,-96.76,45.43,-27.17,-77.82,8.77,49.51,-6.32,-39.08,44.25,-0.5699999999999998
2025-08-11T15:16:52.510790,79.0,59.0,-44.0,54.0,24.0,-106.0,-48.0,66.0,10.0,-75.0,123.0,-9.0,85.5,33.739999999999995,-57.76,60.43,-14.170000000000002,-95.82,-34.230000000000004,52.51,15.68,-41.08,106.25,-5.57
2025-08-11T15:16:52.515168,-1.0,-16.0,56.0,5.0,71.0,-17.0,4.0,-14.0,24.0,-71.0,56.0,8.0,5.5,-41.260000000000005,42.24,11.43,32.83,-6.82,17.77,-27.490000000000002,29.68,-37.08,39.25,11.43
2025-08-11T15:16:52.522667,-3.0,59.0,-33.0,-11.0,61.0,-31.0,88.0,18.0,19.0,-34.0,98.0,-55.0,3.5,33.739999999999995,-46.76,-4.57,22.83,-20.82,101.77,4.51,24.68,-0.0799999999999983,81.25,-51.57
2025-08-11T15:16:52.527618,-11.0,-18.0,53.0,16.0,35.0,11.0,-13.0,52.0,-12.0,-17.0,46.0,-26.0,-4.5,-43.260000000000005,39.24,22.43,-3.1700000000000017,21.18,0.7699999999999996,38.51,-6.32,16.92,29.25,-22.57
2025-08-11T15:16:52.535025,-26.0,47.0,3.0,-74.0,84.0,-11.0,-65.0,53.0,-28.0,-14.0,79.0,-41.0,-19.5,21.74,-10.76,-67.57,45.83,-0.8200000000000003,-51.230000000000004,39.51,-22.32,19.92,62.25,-37.57
2025-08-11T15:16:52.539805,35.0,111.0,-51.0,21.0,68.0,-6.0,-73.0,2.0,-16.0,-73.0,72.0,-52.0,41.5,85.74,-64.76,27.43,29.83,4.18,-59.230000000000004,-11.49,-10.32,-39.08,55.25,-48.57
2025-08-11T15:16:52.547280,99.0,74.0,-28.0,-16.0,15.0,-32.0,-51.0,21.0,-35.0,38.0,36.0,-9.0,105.5,48.739999999999995,-41.76,-9.57,-23.17,-21.82,-37.230000000000004,7.51,-29.32,71.92,19.25,-5.57
2025-08-11T15:16:52.552027,55.0,-26.0,-9.0,46.0,3.0,-49.0,-45.0,91.0,-72.0,0.0,65.0,-22.0,61.5,-51.260000000000005,-22.759999999999998,52.43,-35.17,-38.82,-31.23,77.51,-66.32,33.92,48.25,-18.57
2025-08-11T15:16:52.559666,65.0,-4.0,-57.0,14.0,87.0,-31.0,-23.0,14.0,-5.0,-53.0,15.0,-12.0,71.5,-29.26,-70.76,20.43,48.83,-20.82,-9.23,0.5099999999999998,0.6799999999999997,-19.08,-1.75,-8.57
2025-08-11T15:16:52.563915,1.0,16.0,48.0,4.0,43.0,15.0,13.0,94.0,45.0,-34.0,73.0,-45.0,7.5,-9.260000000000002,34.24,10.43,4.829999999999998,25.18,26.77,80.51,50.68,-0.0799999999999983,56.25,-41.57
2025-08-11T15:16:52.571712,51.0,19.0,22.0,20.0,71.0,-2.0,-77.0,28.0,-47.0,-58.0,41.0,-32.0,57.5,-6.260000000000002,8.24,26.43,32.83,8.18,-63.230000000000004,14.51,-41.32,-24.08,24.25,-28.57
2025-08-11T15:16:52.576358,-43.0,-26.0,47.0,-59.0,103.0,-37.0,13.0,30.0,-26.0,-77.0,6.0,-109.0,-36.5,-51.260000000000005,33.24,-52.57,64.83,-26.82,26.77,16.509999999999998,-20.32,-43.08,-10.75,-105.57
2025-08-11T15:16:52.584216,-61.0,59.0,37.0,-5.0,62.0,-39.0,-4.0,14.0,-24.0,-54.0,94.0,-56.0,-54.5,33.739999999999995,23.240000000000002,1.4299999999999997,23.83,-28.82,9.77,0.5099999999999998,-18.32,-20.08,77.25,-52.57
2025-08-11T15:16:52.588645,-57.0,24.0,0.0,-27.0,75.0,-18.0,5.0,25.0,11.0,-25.0,72.0,0.0,-50.5,-1.2600000000000016,-13.76,-20.57,36.83,-7.82,18.77,11.51,16.68,8.920000000000002,55.25,3.43
2025-08-11T15:16:52.596385,-50.0,71.0,-30.0,31.0,61.0,34.0,36.0,67.0,-40.0,-21.0,76.0,10.0,-43.5,45.739999999999995,-43.76,37.43,22.83,44.18,49.769999999999996,53.51,-34.32,12.920000000000002,59.25,13.43
2025-08-11T15:16:52.600848,20.0,84.0,13.0,-53.0,49.0,-34.0,17.0,3.0,-78.0,-37.0,24.0,4.0,26.5,58.739999999999995,-0.7599999999999998,-46.57,10.829999999999998,-23.82,30.77,-10.49,-72.32,-3.0799999999999983,7.25,7.43
2025-08-11T15:16:52.608555,27.0,113.0,5.0,-18.0,-14.0,-13.0,-48.0,7.0,25.0,-18.0,-25.0,-62.0,33.5,87.74,-8.76,-11.57,-52.17,-2.8200000000000003,-34.230000000000004,-6.49,30.68,15.920000000000002,-41.75,-58.57
2025-08-11T15:16:52.613327,28.0,49.0,-52.0,-55.0,95.0,2.0,36.0,5.0,-66.0,-11.0,48.0,-49.0,34.5,23.74,-65.76,-48.57,56.83,12.18,49.769999999999996,-8.49,-60.32,22.92,31.25,-45.57
2025-08-11T15:16:52.620723,73.0,53.0,-56.0,-24.0,80.0,6.0,11.0,31.0,-3.0,-37.0,21.0,-33.0,79.5,27.74,-69.76,-17.57,41.83,16.18,24.77,17.509999999999998,2.6799999999999997,-3.0799999999999983,4.25,-29.57
2025-08-11T15:16:52.625226,40.0,50.0,-9.0,46.0,72.0,-77.0,19.0,-19.0,-30.0,-67.0,74.0,8.0,46.5,24.74,-22.759999999999998,52.43,33.83,-66.82,32.769999999999996,-32.49,-24.32,-33.08,57.25,11.43
2025-08-11T15:16:52.633096,-29.0,-42.0,87.0,20.0,102.0,-18.0,50.0,48.0,-63.0,-55.0,75.0,-23.0,-22.5,-67.26,73.24,26.43,63.83,-7.82,63.769999999999996,34.51,-57.32,-21.08,58.25,-19.57
2025-08-11T15:16:52.637419,-38.0,-80.0,74.0,26.0,-2.0,-85.0,-15.0,-24.0,2.0,-19.0,106.0,-14.0,-31.5,-105.26,60.24,32.43,-40.17,-74.82,-1.2300000000000004,-37.49,7.68,14.920000000000002,89.25,-10.57
2025-08-11T15:16:52.645569,-133.0,80.0,-39.0,-51.0,4.0,4.0,13.0,-51.0,-14.0,-17.0,110.0,-30.0,-126.5,54.739999999999995,-52.76,-44.57,-34.17,14.18,26.77,-64.49,-8.32,16.92,93.25,-26.57
2025-08-11T15:16:52.650174,-62.0,41.0,-40.0,-74.0,-35.0,-18.0,-42.0,26.0,-61.0,-44.0,55.0,-40.0,-55.5,15.739999999999998,-53.76,-67.57,-73.17,-7.82,-28.23,12.51,-55.32,-10.079999999999998,38.25,-36.57
2025-08-11T15:16:52.657741,39.0,129.0,-56.0,29.0,35.0,-10.0,-68.0,-26.0,29.0,-93.0,16.0,-4.0,45.5,103.74,-69.76,35.43,-3.1700000000000017,0.17999999999999972,-54.230000000000004,-39.49,34.68,-59.08,-0.75,-0.5699999999999998
2025-08-11T15:16:52.662337,31.0,4.0,-40.0,-87.0,38.0,-26.0,-51.0,79.0,-17.0,-20.0,35.0,-87.0,37.5,-21.26,-53.76,-80.57,-0.1700000000000017,-15.82,-37.230000000000004,65.51,-11.32,13.920000000000002,18.25,-83.57
2025-08-11T15:16:52.669673,34.0,6.0,12.0,-6.0,116.0,-23.0,-53.0,-51.0,6.0,-32.0,74.0,-40.0,40.5,-19.26,-1.7599999999999998,0.4299999999999997,77.83,-12.82,-39.230000000000004,-64.49,11.68,1.9200000000000017,57.25,-36.57
2025-08-11T15:16:52.674219,40.0,14.0,1.0,31.0,-7.0,-34.0,-92.0,-9.0,-12.0,-57.0,64.0,-76.0,46.5,-11.260000000000002,-12.76,37.43,-45.17,-23.82,-78.23,-22.490000000000002,-6.32,-23.08,47.25,-72.57
2025-08-11T15:16:52.682067,14.0,9.0,10.0,-9.0,-15.0,-49.0,-31.0,42.0,14.0,-13.0,98.0,-26.0,20.5,-16.26,-3.76,-2.5700000000000003,-53.17,-38.82,-17.23,28.509999999999998,19.68,20.92,81.25,-22.57
2025-08-11T15:16:52.686288,2.0,55.0,54.0,-41.0,7.0,-7.0,-3.0,34.0,38.0,-15.0,71.0,-71.0,8.5,29.74,40.24,-34.57,-31.17,3.1799999999999997,10.77,20.509999999999998,43.68,18.92,54.25,-67.57
2025-08-11T15:16:52.690850,-41.0,98.0,51.0,8.0,19.0,53.0,-8.0,93.0,-5.0,-84.0,130.0,-58.0,-34.5,72.74,37.24,14.43,-19.17,63.18,5.77,79.51,0.6799999999999997,-50.08,113.25,-54.57
2025-08-11T15:16:52.698758,-48.0,52.0,-93.0,-32.0,37.0,-70.0,-47.0,-48.0,6.0,-102.0,103.0,74.0,-41.5,26.74,-106.76,-25.57,-1.1700000000000017,-59.82,-33.230000000000004,-61.49,11.68,-68.08,86.25,77.43
2025-08-11T15:16:52.706582,58.0,139.0,-42.0,13.0,48.0,-32.0,-17.0,33.0,-24.0,-35.0,100.0,37.0,64.5,113.74,-55.76,19.43,9.829999999999998,-21.82,-3.2300000000000004,19.509999999999998,-18.32,-1.0799999999999983,83.25,40.43
2025-08-11T15:16:52.711129,6.0,29.0,-24.0,-1.0,51.0,-66.0,-26.0,-57.0,-92.0,-41.0,81.0,-33.0,12.5,3.7399999999999984,-37.76,5.43,12.829999999999998,-55.82,-12.23,-70.49,-86.32,-7.079999999999998,64.25,-29.57
2025-08-11T15:16:52.715385,3.0,4.0,-50.0,81.0,81.0,-8.0,-23.0,20.0,19.0,-2.0,-11.0,-10.0,9.5,-21.26,-63.76,87.43,42.83,2.1799999999999997,-9.23,6.51,24.68,31.92,-27.75,-6.57
2025-08-11T15:16:52.723302,31.0,-31.0,-60.0,-28.0,140.0,-74.0,-1.0,35.0,-29.0,-15.0,63.0,-48.0,37.5,-56.260000000000005,-73.76,-21.57,101.83,-63.82,12.77,21.509999999999998,-23.32,18.92,46.25,-44.57
2025-08-11T15:16:52.727702,57.0,45.0,49.0,23.0,37.0,-54.0,-37.0,-32.0,-64.0,-19.0,37.0,-13.0,63.5,19.74,35.24,29.43,-1.1700000000000017,-43.82,-23.23,-45.49,-58.32,14.920000000000002,20.25,-9.57
2025-08-11T15:16:52.735791,-12.0,-19.0,10.0,17.0,50.0,14.0,-15.0,-54.0,-20.0,-47.0,58.0,-57.0,-5.5,-44.260000000000005,-3.76,23.43,11.829999999999998,24.18,-1.2300000000000004,-67.49,-14.32,-13.079999999999998,41.25,-53.57
2025-08-11T15:16:52.739958,-68.0,34.0,27.0,-33.0,47.0,-42.0,17.0,-27.0,36.0,-58.0,131.0,-60.0,-61.5,8.739999999999998,13.24,-26.57,8.829999999999998,-31.82,30.77,-40.49,41.68,-24.08,114.25,-56.57
2025-08-11T15:16:52.747987,-59.0,85.0,-66.0,-64.0,-2.0,-44.0,-83.0,-18.0,-36.0,-57.0,104.0,-39.0,-52.5,59.739999999999995,-79.76,-57.57,-40.17,-33.82,-69.23,-31.490000000000002,-30.32,-23.08,87.25,-35.57
2025-08-11T15:16:52.752483,-23.0,49.0,-64.0,30.0,11.0,-28.0,-25.0,-5.0,6.0,-82.0,125.0,-64.0,-16.5,23.74,-77.76,36.43,-27.17,-17.82,-11.23,-18.490000000000002,11.68,-48.08,108.25,-60.57
2025-08-11T15:16:52.760033,15.0,6.0,-53.0,26.0,71.0,-25.0,-39.0,11.0,2.0,-51.0,64.0,-26.0,21.5,-19.26,-66.76,32.43,32.83,-14.82,-25.23,-2.49,7.68,-17.08,47.25,-22.57
2025-08-11T15:16:52.764529,63.0,66.0,71.0,36.0,61.0,40.0,-21.0,-15.0,-52.0,-37.0,-28.0,-20.0,69.5,40.739999999999995,57.24,42.43,22.83,50.18,-7.23,-28.490000000000002,-46.32,-3.0799999999999983,-44.75,-16.57
2025-08-11T15:16:52.772399,-63.0,-12.0,40.0,37.0,34.0,12.0,9.0,37.0,8.0,7.0,72.0,-60.0,-56.5,-37.260000000000005,26.240000000000002,43.43,-4.170000000000002,22.18,22.77,23.509999999999998,13.68,40.92,55.25,-56.57
2025-08-11T15:16:52.776829,20.0,22.0,79.0,5.0,28.0,-17.0,-2.0,-18.0,6.0,-79.0,76.0,-60.0,26.5,-3.2600000000000016,65.24,11.43,-10.170000000000002,-6.82,11.77,-31.490000000000002,11.68,-45.08,59.25,-56.57
2025-08-11T15:16:52.784883,-16.0,17.0,24.0,-97.0,36.0,-35.0,-10.0,36.0,-111.0,-99.0,31.0,-30.0,-9.5,-8.260000000000002,10.24,-90.57,-2.1700000000000017,-24.82,3.7699999999999996,22.509999999999998,-105.32,-65.08,14.25,-26.57
2025-08-11T15:16:52.788980,-26.0,90.0,9.0,14.0,53.0,14.0,17.0,56.0,44.0,-70.0,93.0,-74.0,-19.5,64.74,-4.76,20.43,14.829999999999998,24.18,30.77,42.51,49.68,-36.08,76.25,-70.57
2025-08-11T15:16:52.797102,65.0,101.0,85.0,10.0,108.0,-43.0,-73.0,-40.0,49.0,-101.0,66.0,-27.0,71.5,75.74,71.24,16.43,69.83,-32.82,-59.230000000000004,-53.49,54.68,-67.08,49.25,-23.57
2025-08-11T15:16:52.801271,-27.0,76.0,-95.0,45.0,97.0,4.0,-18.0,92.0,13.0,-43.0,56.0,-26.0,-20.5,50.739999999999995,-108.76,51.43,58.83,14.18,-4.23,78.51,18.68,-9.079999999999998,39.25,-22.57
2025-08-11T15:16:52.809362,24.0,37.0,-68.0,48.0,59.0,-2.0,23.0,24.0,1.0,-84.0,78.0,-32.0,30.5,11.739999999999998,-81.76,54.43,20.83,8.18,36.769999999999996,10.51,6.68,-50.08,61.25,-28.57
2025-08-11T15:16:52.813984,64.0,39.0,-39.0,113.0,68.0,-78.0,-24.0,28.0,-83.0,-32.0,62.0,-54.0,70.5,13.739999999999998,-52.76,119.43,29.83,-67.82,-10.23,14.51,-77.32,1.9200000000000017,45.25,-50.57
2025-08-11T15:16:52.821790,18.0,-23.0,19.0,-38.0,65.0,-25.0,-28.0,28.0,-1.0,-48.0,-32.0,-69.0,24.5,-48.260000000000005,5.24,-31.57,26.83,-14.82,-14.23,14.51,4.68,-14.079999999999998,-48.75,-65.57
2025-08-11T15:16:52.826260,109.0,-2.0,16.0,-90.0,91.0,-2.0,-37.0,-40.0,-109.0,-20.0,78.0,-37.0,115.5,-27.26,2.24,-83.57,52.83,8.18,-23.23,-53.49,-103.32,13.920000000000002,61.25,-33.57
2025-08-11T15:16:52.833831,-25.0,20.0,-16.0,8.0,26.0,-92.0,81.0,112.0,-75.0,-62.0,88.0,-53.0,-18.5,-5.260000000000002,-29.759999999999998,14.43,-12.170000000000002,-81.82,94.77,98.51,-69.32,-28.08,71.25,-49.57
2025-08-11T15:16:52.838466,-7.0,102.0,17.0,20.0,48.0,-8.0,28.0,20.0,-32.0,-23.0,-50.0,-68.0,-0.5,76.74,3.24,26.43,9.829999999999998,2.1799999999999997,41.769999999999996,6.51,-26.32,10.920000000000002,-66.75,-64.57
2025-08-11T15:16:52.846430,-25.0,103.0,-43.0,29.0,52.0,-71.0,165.0,17.0,-37.0,-32.0,15.0,-37.0,-18.5,77.74,-56.76,35.43,13.829999999999998,-60.82,178.77,3.51,-31.32,1.9200000000000017,-1.75,-33.57
2025-08-11T15:16:52.851018,-40.0,86.0,15.0,36.0,48.0,16.0,24.0,40.0,68.0,-55.0,26.0,-83.0,-33.5,60.739999999999995,1.2400000000000002,42.43,9.829999999999998,26.18,37.769999999999996,26.509999999999998,73.68,-21.08,9.25,-79.57
2025-08-11T15:16:52.858393,59.0,15.0,-13.0,23.0,38.0,-78.0,8.0,1.0,-33.0,-6.0,54.0,-1.0,65.5,-10.260000000000002,-26.759999999999998,29.43,-0.1700000000000017,-67.82,21.77,-12.49,-27.32,27.92,37.25,2.43
2025-08-11T15:16:52.863321,-27.0,15.0,-31.0,13.0,34.0,3.0,-20.0,13.0,-46.0,-52.0,100.0,-26.0,-20.5,-10.260000000000002,-44.76,19.43,-4.170000000000002,13.18,-6.23,-0.4900000000000002,-40.32,-18.08,83.25,-22.57
2025-08-11T15:16:52.870407,104.0,9.0,53.0,19.0,18.0,-68.0,-11.0,-33.0,46.0,-69.0,49.0,38.0,110.5,-16.26,39.24,25.43,-20.17,-57.82,2.7699999999999996,-46.49,51.68,-35.08,32.25,41.43
2025-08-11T15:16:52.875220,9.0,77.0,-2.0,-65.0,-24.0,4.0,-28.0,-19.0,-54.0,0.0,-6.0,44.0,15.5,51.739999999999995,-15.76,-58.57,-62.17,14.18,-14.23,-32.49,-48.32,33.92,-22.75,47.43
2025-08-11T15:16:52.882974,-51.0,-57.0,-24.0,-27.0,131.0,-52.0,-8.0,89.0,0.0,-110.0,6.0,-38.0,-44.5,-82.26,-37.76,-20.57,92.83,-41.82,5.77,75.51,5.68,-76.08,-10.75,-34.57
2025-08-11T15:16:52.887539,-73.0,69.0,50.0,58.0,88.0,-7.0,18.0,-5.0,-7.0,-11.0,-57.0,-61.0,-66.5,43.739999999999995,36.24,64.43,49.83,3.1799999999999997,31.77,-18.490000000000002,-1.3200000000000003,22.92,-73.75,-57.57
2025-08-11T15:16:52.895274,-29.0,53.0,60.0,12.0,56.0,-40.0,40.0,-7.0,38.0,24.0,-10.0,20.0,-22.5,27.74,46.24,18.43,17.83,-29.82,53.769999999999996,-20.490000000000002,43.68,57.92,-26.75,23.43
2025-08-11T15:16:52.899750,-6.0,16.0,7.0,65.0,-7.0,-19.0,54.0,-21.0,53.0,87.0,-15.0,32.0,0.5,-9.260000000000002,-6.76,71.43,-45.17,-8.82,67.77,-34.49,58.68,120.92,-31.75,35.43
2025-08-11T15:16:52.907206,9.0,35.0,-6.0,-34.0,105.0,-34.0,49.0,0.0,-64.0,97.0,39.0,78.0,15.5,9.739999999999998,-19.759999999999998,-27.57,66.83,-23.82,62.769999999999996,-13.49,-58.32,130.92000000000002,22.25,81.43
2025-08-11T15:16:52.911976,54.0,45.0,-7.0,31.0,27.0,-17.0,6.0,20.0,54.0,-34.0,38.0,50.0,60.5,19.74,-20.759999999999998,37.43,-11.170000000000002,-6.82,19.77,6.51,59.68,-0.0799999999999983,21.25,53.43
2025-08-11T15:16:52.919517,22.0,102.0,-66.0,13.0,35.0,21.0,-55.0,25.0,-4.0,-13.0,-32.0,63.0,28.5,76.74,-79.76,19.43,-3.1700000000000017,31.18,-41.230000000000004,11.51,1.6799999999999997,20.92,-48.75,66.43
2025-08-11T15:16:52.923946,21.0,-40.0,-3.0,19.0,39.0,32.0,-25.0,-42.0,-8.0,-44.0,27.0,0.0,27.5,-65.26,-16.759999999999998,25.43,0.8299999999999983,42.18,-11.23,-55.49,-2.3200000000000003,-10.079999999999998,10.25,3.43
2025-08-11T15:16:52.931708,26.0,-19.0,-63.0,-2.0,102.0,-35.0,-13.0,4.0,-7.0,-5.0,6.0,-6.0,32.5,-44.260000000000005,-76.76,4.43,63.83,-24.82,0.7699999999999996,-9.49,-1.3200000000000003,28.92,-10.75,-2.57
2025-08-11T15:16:52.936235,53.0,-31.0,-44.0,-10.0,74.0,-71.0,-45.0,-50.0,-27.0,51.0,11.0,2.0,59.5,-56.260000000000005,-57.76,-3.5700000000000003,35.83,-60.82,-31.23,-63.49,-21.32,84.92,-5.75,5.43
2025-08-11T15:16:52.940574,21.0,-14.0,19.0,12.0,67.0,-47.0,-6.0,-61.0,-53.0,54.0,-21.0,-1.0,27.5,-39.260000000000005,5.24,18.43,28.83,-36.82,7.77,-74.49,-47.32,87.92,-37.75,2.43
2025-08-11T15:16:52.948545,-109.0,-2.0,49.0,15.0,1.0,-13.0,32.0,4.0,24.0,45.0,6.0,-37.0,-102.5,-27.26,35.24,21.43,-37.17,-2.8200000000000003,45.769999999999996,-9.49,29.68,78.92,-10.75,-33.57
2025-08-11T15:16:52.952840,-16.0,-3.0,38.0,-28.0,45.0,-15.0,-54.0,-47.0,-20.0,-2.0,-33.0,-50.0,-9.5,-28.26,24.240000000000002,-21.57,6.829999999999998,-4.82,-40.230000000000004,-60.49,-14.32,31.92,-49.75,-46.57
2025-08-11T15:16:52.960780,-61.0,49.0,-3.0,1.0,15.0,0.0,-49.0,5.0,-30.0,16.0,-36.0,-28.0,-54.5,23.74,-16.759999999999998,7.43,-23.17,10.18,-35.230000000000004,-8.49,-24.32,49.92,-52.75,-24.57
2025-08-11T15:16:52.965095,-45.0,74.0,19.0,2.0,36.0,-31.0,-25.0,1.0,-7.0,-3.0,64.0,-50.0,-38.5,48.739999999999995,5.24,8.43,-2.1700000000000017,-20.82,-11.23,-12.49,-1.3200000000000003,30.92,47.25,-46.57
2025-08-11T15:16:52.973055,32.0,60.0,17.0,-30.0,95.0,39.0,-2.0,-22.0,21.0,-83.0,4.0,-67.0,38.5,34.739999999999995,3.24,-23.57,56.83,49.18,11.77,-35.49,26.68,-49.08,-12.75,-63.57
2025-08-11T15:16:52.977390,-25.0,-3.0,47.0,-60.0,73.0,-55.0,45.0,5.0,35.0,-43.0,51.0,-57.0,-18.5,-28.26,33.24,-53.57,34.83,-44.82,58.769999999999996,-8.49,40.68,-9.079999999999998,34.25,-53.57
2025-08-11T15:16:52.985485,-12.0,16.0,-31.0,-52.0,93.0,-41.0,-11.0,-67.0,-13.0,-37.0,13.0,-22.0,-5.5,-9.260000000000002,-44.76,-45.57,54.83,-30.82,2.7699999999999996,-80.49,-7.32,-3.0799999999999983,-3.75,-18.57
2025-08-11T15:16:52.989671,41.0,72.0,-42.0,13.0,27.0,-29.0,7.0,46.0,-45.0,-6.0,55.0,-38.0,47.5,46.739999999999995,-55.76,19.43,-11.170000000000002,-18.82,20.77,32.51,-39.32,27.92,38.25,-34.57
2025-08-11T15:16:52.997667,-33.0,42.0,-42.0,54.0,51.0,2.0,4.0,-8.0,-13.0,-56.0,71.0,-23.0,-26.5,16.74,-55.76,60.43,12.829999999999998,12.18,17.77,-21.490000000000002,-7.32,-22.08,54.25,-19.57
2025-08-11T15:16:53.002381,-21.0,-36.0,8.0,20.0,56.0,-14.0,5.0,8.0,43.0,-22.0,41.0,15.0,-14.5,-61.260000000000005,-5.76,26.43,17.83,-3.8200000000000003,18.77,-5.49,48.68,11.920000000000002,24.25,18.43
2025-08-11T15:16:53.009624,-35.0,70.0,38.0,11.0,4.0,46.0,-27.0,-39.0,-14.0,-67.0,56.0,18.0,-28.5,44.739999999999995,24.240000000000002,17.43,-34.17,56.18,-13.23,-52.49,-8.32,-33.08,39.25,21.43
2025-08-11T15:16:53.014398,37.0,-4.0,-6.0,-47.0,68.0,23.0,13.0,-57.0,-2.0,-56.0,85.0,21.0,43.5,-29.26,-19.759999999999998,-40.57,29.83,33.18,26.77,-70.49,3.6799999999999997,-22.08,68.25,24.43
2025-08-11T15:16:53.022208,-28.0,8.0,4.0,-36.0,96.0,2.0,-23.0,80.0,20.0,-31.0,19.0,-72.0,-21.5,-17.26,-9.76,-29.57,57.83,12.18,-9.23,66.51,25.68,2.9200000000000017,2.25,-68.57
2025-08-11T15:16:53.026701,33.0,33.0,7.0,-75.0,74.0,-42.0,3.0,11.0,8.0,-53.0,42.0,-32.0,39.5,7.739999999999998,-6.76,-68.57,35.83,-31.82,16.77,-2.49,13.68,-19.08,25.25,-28.57
2025-08-11T15:16:53.034319,-4.0,19.0,7.0,49.0,81.0,-2.0,4.0,10.0,66.0,-48.0,60.0,-72.0,2.5,-6.260000000000002,-6.76,55.43,42.83,8.18,17.77,-3.49,71.68,-14.079999999999998,43.25,-68.57
2025-08-11T15:16:53.038852,-32.0,-6.0,-3.0,13.0,70.0,-23.0,1.0,18.0,28.0,-81.0,18.0,56.0,-25.5,-31.26,-16.759999999999998,19.43,31.83,-12.82,14.77,4.51,33.68,-47.08,1.25,59.43
2025-08-11T15:16:53.046479,-70.0,37.0,27.0,12.0,-1.0,-53.0,-19.0,-29.0,13.0,-9.0,22.0,-13.0,-63.5,11.739999999999998,13.24,18.43,-39.17,-42.82,-5.23,-42.49,18.68,24.92,5.25,-9.57
2025-08-11T15:16:53.051006,-20.0,91.0,56.0,-61.0,103.0,18.0,-2.0,-11.0,35.0,-19.0,40.0,35.0,-13.5,65.74,42.24,-54.57,64.83,28.18,11.77,-24.490000000000002,40.68,14.920000000000002,23.25,38.43
2025-08-11T15:16:53.058648,-18.0,53.0,-6.0,-12.0,-20.0,9.0,7.0,1.0,-41.0,-59.0,9.0,30.0,-11.5,27.74,-19.759999999999998,-5.57,-58.17,19.18,20.77,-12.49,-35.32,-25.08,-7.75,33.43
2025-08-11T15:16:53.063365,43.0,46.0,-33.0,-40.0,1.0,17.0,-19.0,54.0,-7.0,-34.0,9.0,31.0,49.5,20.74,-46.76,-33.57,-37.17,27.18,-5.23,40.51,-1.3200000000000003,-0.0799999999999983,-7.75,34.43
2025-08-11T15:16:53.067443,-33.0,49.0,10.0,4.0,23.0,30.0,-80.0,68.0,56.0,-77.0,7.0,26.0,-26.5,23.74,-3.76,10.43,-15.170000000000002,40.18,-66.23,54.51,61.68,-43.08,-9.75,29.43
2025-08-11T15:16:53.075441,-23.0,42.0,-39.0,-5.0,30.0,-41.0,12.0,-2.0,12.0,-47.0,40.0,29.0,-16.5,16.74,-52.76,1.4299999999999997,-8.170000000000002,-30.82,25.77,-15.49,17.68,-13.079999999999998,23.25,32.43
2025-08-11T15:16:53.083375,46.0,58.0,-44.0,-44.0,53.0,-31.0,-16.0,20.0,-30.0,-57.0,19.0,5.0,52.5,32.739999999999995,-57.76,-37.57,14.829999999999998,-20.82,-2.2300000000000004,6.51,-24.32,-23.08,2.25,8.43
2025-08-11T15:16:53.087977,-39.0,4.0,51.0,-21.0,38.0,-29.0,-59.0,102.0,-5.0,-39.0,-42.0,6.0,-32.5,-21.26,37.24,-14.57,-0.1700000000000017,-18.82,-45.230000000000004,88.51,0.6799999999999997,-5.079999999999998,-58.75,9.43
2025-08-11T15:16:53.091936,10.0,16.0,-24.0,55.0,60.0,10.0,15.0,65.0,77.0,0.0,4.0,84.0,16.5,-9.260000000000002,-37.76,61.43,21.83,20.18,28.77,51.51,82.68,33.92,-12.75,87.43
2025-08-11T15:16:53.100031,10.0,-45.0,54.0,4.0,18.0,-7.0,-42.0,17.0,-40.0,-49.0,-39.0,12.0,16.5,-70.26,40.24,10.43,-20.17,3.1799999999999997,-28.23,3.51,-34.32,-15.079999999999998,-55.75,15.43
2025-08-11T15:16:53.104248,-58.0,56.0,45.0,-19.0,52.0,42.0,-37.0,36.0,2.0,0.0,11.0,17.0,-51.5,30.74,31.240000000000002,-12.57,13.829999999999998,52.18,-23.23,22.509999999999998,7.68,33.92,-5.75,20.43
2025-08-11T15:16:53.112140,-14.0,62.0,-10.0,6.0,21.0,22.0,-51.0,31.0,-6.0,-1.0,-1.0,23.0,-7.5,36.739999999999995,-23.759999999999998,12.43,-17.17,32.18,-37.230000000000004,17.509999999999998,-0.3200000000000003,32.92,-17.75,26.43
2025-08-11T15:16:53.116617,-49.0,17.0,-57.0,-31.0,95.0,-28.0,-11.0,-34.0,-52.0,7.0,-45.0,71.0,-42.5,-8.260000000000002,-70.76,-24.57,56.83,-17.82,2.7699999999999996,-47.49,-46.32,40.92,-61.75,74.43
2025-08-11T15:16:53.124416,-35.0,28.0,-4.0,-13.0,45.0,-43.0,-18.0,23.0,-16.0,40.0,0.0,59.0,-28.5,2.7399999999999984,-17.759999999999998,-6.57,6.829999999999998,-32.82,-4.23,9.51,-10.32,73.92,-16.75,62.43
2025-08-11T15:16:53.128865,9.0,27.0,-30.0,9.0,129.0,-63.0,-20.0,50.0,-32.0,71.0,-4.0,31.0,15.5,1.7399999999999984,-43.76,15.43,90.83,-52.82,-6.23,36.51,-26.32,104.92,-20.75,34.43
2025-08-11T15:16:53.137118,54.0,-15.0,-47.0,-46.0,22.0,-39.0,33.0,-31.0,-8.0,-19.0,33.0,14.0,60.5,-40.260000000000005,-60.76,-39.57,-16.17,-28.82,46.769999999999996,-44.49,-2.3200000000000003,14.920000000000002,16.25,17.43
2025-08-11T15:16:53.141244,-16.0,1.0,30.0,77.0,-41.0,25.0,-10.0,11.0,10.0,66.0,7.0,16.0,-9.5,-24.26,16.240000000000002,83.43,-79.17,35.18,3.7699999999999996,-2.49,15.68,99.92,-9.75,19.43
2025-08-11T15:16:53.148872,6.0,-19.0,51.0,-32.0,-36.0,22.0,-76.0,56.0,-39.0,46.0,-71.0,29.0,12.5,-44.260000000000005,37.24,-25.57,-74.17,32.18,-62.230000000000004,42.51,-33.32,79.92,-87.75,32.43
2025-08-11T15:16:53.153649,9.0,45.0,34.0,-9.0,25.0,23.0,3.0,7.0,24.0,-11.0,-46.0,106.0,15.5,19.74,20.240000000000002,-2.5700000000000003,-13.170000000000002,33.18,16.77,-6.49,29.68,22.92,-62.75,109.43
2025-08-11T15:16:53.161172,-59.0,12.0,-12.0,100.0,63.0,-5.0,-25.0,-9.0,14.0,55.0,-6.0,4.0,-52.5,-13.260000000000002,-25.759999999999998,106.43,24.83,5.18,-11.23,-22.490000000000002,19.68,88.92,-22.75,7.43
2025-08-11T15:16:53.165731,-100.0,95.0,25.0,-38.0,64.0,-34.0,9.0,53.0,23.0,27.0,4.0,31.0,-93.5,69.74,11.24,-31.57,25.83,-23.82,22.77,39.51,28.68,60.92,-12.75,34.43
2025-08-11T15:16:53.173770,19.0,64.0,-34.0,-8.0,58.0,-1.0,29.0,84.0,12.0,5.0,15.0,44.0,25.5,38.739999999999995,-47.76,-1.5700000000000003,19.83,9.18,42.769999999999996,70.51,17.68,38.92,-1.75,47.43
2025-08-11T15:16:53.178135,52.0,71.0,55.0,18.0,63.0,-87.0,-16.0,46.0,-53.0,-9.0,-18.0,23.0,58.5,45.739999999999995,41.24,24.43,24.83,-76.82,-2.2300000000000004,32.51,-47.32,24.92,-34.75,26.43
2025-08-11T15:16:53.185903,-11.0,109.0,-56.0,18.0,51.0,29.0,40.0,5.0,-28.0,52.0,26.0,48.0,-4.5,83.74,-69.76,24.43,12.829999999999998,39.18,53.769999999999996,-8.49,-22.32,85.92,9.25,51.43
2025-08-11T15:16:53.190177,42.0,1.0,-59.0,-44.0,0.0,26.0,59.0,-38.0,22.0,49.0,-87.0,54.0,48.5,-24.26,-72.76,-37.57,-38.17,36.18,72.77,-51.49,27.68,82.92,-103.75,57.43
2025-08-11T15:16:53.198176,49.0,16.0,65.0,-12.0,67.0,-46.0,25.0,41.0,-12.0,57.0,36.0,54.0,55.5,-9.260000000000002,51.24,-5.57,28.83,-35.82,38.769999999999996,27.509999999999998,-6.32,90.92,19.25,57.43
2025-08-11T15:16:53.202550,-79.0,-62.0,13.0,14.0,54.0,-76.0,36.0,-3.0,-33.0,-37.0,-40.0,14.0,-72.5,-87.26,-0.7599999999999998,20.43,15.829999999999998,-65.82,49.769999999999996,-16.490000000000002,-27.32,-3.0799999999999983,-56.75,17.43
2025-08-11T15:16:53.210368,-39.0,38.0,18.0,-9.0,50.0,-12.0,-48.0,44.0,-45.0,14.0,20.0,43.0,-32.5,12.739999999999998,4.24,-2.5700000000000003,11.829999999999998,-1.8200000000000003,-34.230000000000004,30.509999999999998,-39.32,47.92,3.25,46.43
2025-08-11T15:16:53.215166,-36.0,145.0,-15.0,4.0,66.0,-19.0,53.0,-66.0,-22.0,-24.0,3.0,22.0,-29.5,119.74,-28.759999999999998,10.43,27.83,-8.82,66.77,-79.49,-16.32,9.920000000000002,-13.75,25.43
2025-08-11T15:16:53.222422,8.0,11.0,-22.0,25.0,10.0,-5.0,33.0,59.0,9.0,-5.0,-11.0,-1.0,14.5,-14.260000000000002,-35.76,31.43,-28.17,5.18,46.769999999999996,45.51,14.68,28.92,-27.75,2.43
2025-08-11T15:16:53.227339,64.0,38.0,8.0,25.0,56.0,15.0,-56.0,-29.0,48.0,31.0,11.0,-21.0,70.5,12.739999999999998,-5.76,31.43,17.83,25.18,-42.230000000000004,-42.49,53.68,64.92,-5.75,-17.57
2025-08-11T15:16:53.234826,49.0,6.0,-12.0,4.0,8.0,-9.0,-60.0,-38.0,17.0,22.0,-6.0,-14.0,55.5,-19.26,-25.759999999999998,10.43,-30.17,1.1799999999999997,-46.230000000000004,-51.49,22.68,55.92,-22.75,-10.57
2025-08-11T15:16:53.239127,91.0,-9.0,-65.0,-20.0,40.0,-10.0,5.0,-3.0,-60.0,-5.0,9.0,-51.0,97.5,-34.260000000000005,-78.76,-13.57,1.8299999999999983,0.17999999999999972,18.77,-16.490000000000002,-54.32,28.92,-7.75,-47.57
2025-08-11T15:16:53.246987,58.0,45.0,-99.0,-22.0,-71.0,20.0,49.0,-7.0,-28.0,-61.0,-44.0,-12.0,64.5,19.74,-112.76,-15.57,-109.17,30.18,62.769999999999996,-20.490000000000002,-22.32,-27.08,-60.75,-8.57
2025-08-11T15:16:53.251691,62.0,-25.0,96.0,-70.0,31.0,4.0,-27.0,26.0,-58.0,-5.0,36.0,-29.0,68.5,-50.260000000000005,82.24,-63.57,-7.170000000000002,14.18,-13.23,12.51,-52.32,28.92,19.25,-25.57
2025-08-11T15:16:53.256284,22.0,-64.0,27.0,19.0,49.0,13.0,27.0,29.0,-21.0,86.0,57.0,-134.0,28.5,-89.26,13.24,25.43,10.829999999999998,23.18,40.769999999999996,15.51,-15.32,119.92,40.25,-130.57
2025-08-11T15:16:53.263986,-20.0,-41.0,37.0,-85.0,18.0,-68.0,10.0,64.0,18.0,18.0,23.0,-14.0,-13.5,-66.26,23.240000000000002,-78.57,-20.17,-57.82,23.77,50.51,23.68,51.92,6.25,-10.57
2025-08-11T15:16:53.267933,-7.0,20.0,58.0,12.0,30.0,-24.0,-11.0,-14.0,8.0,9.0,73.0,22.0,-0.5,-5.260000000000002,44.24,18.43,-8.170000000000002,-13.82,2.7699999999999996,-27.490000000000002,13.68,42.92,56.25,25.43
2025-08-11T15:16:53.275808,-32.0,28.0,66.0,65.0,29.0,-56.0,-8.0,79.0,-30.0,39.0,54.0,-32.0,-25.5,2.7399999999999984,52.24,71.43,-9.170000000000002,-45.82,5.77,65.51,-24.32,72.92,37.25,-28.57
2025-08-11T15:16:53.280410,-82.0,28.0,38.0,37.0,126.0,-25.0,-55.0,64.0,-12.0,-59.0,71.0,-108.0,-75.5,2.7399999999999984,24.240000000000002,43.43,87.83,-14.82,-41.230000000000004,50.51,-6.32,-25.08,54.25,-104.57
2025-08-11T15:16:53.288484,-43.0,39.0,-29.0,-53.0,8.0,-22.0,-47.0,22.0,40.0,10.0,41.0,-51.0,-36.5,13.739999999999998,-42.76,-46.57,-30.17,-11.82,-33.230000000000004,8.51,45.68,43.92,24.25,-47.57
2025-08-11T15:16:53.292639,91.0,101.0,-12.0,-41.0,44.0,-27.0,-41.0,9.0,33.0,59.0,22.0,-61.0,97.5,75.74,-25.759999999999998,-34.57,5.829999999999998,-16.82,-27.23,-4.49,38.68,92.92,5.25,-57.57
2025-08-11T15:16:53.300535,-9.0,-9.0,6.0,-69.0,55.0,-76.0,-16.0,-8.0,35.0,23.0,37.0,-33.0,-2.5,-34.260000000000005,-7.76,-62.57,16.83,-65.82,-2.2300000000000004,-21.490000000000002,40.68,56.92,20.25,-29.57
2025-08-11T15:16:53.304880,-3.0,23.0,15.0,8.0,12.0,-34.0,-21.0,11.0,39.0,-44.0,57.0,-21.0,3.5,-2.2600000000000016,1.2400000000000002,14.43,-26.17,-23.82,-7.23,-2.49,44.68,-10.079999999999998,40.25,-17.57
2025-08-11T15:16:53.312763,50.0,12.0,-16.0,-30.0,83.0,-20.0,-50.0,30.0,-21.0,-8.0,4.0,-61.0,56.5,-13.260000000000002,-29.759999999999998,-23.57,44.83,-9.82,-36.230000000000004,16.509999999999998,-15.32,25.92,-12.75,-57.57
2025-08-11T15:16:53.317078,-41.0,11.0,48.0,-50.0,-24.0,-8.0,-52.0,59.0,-38.0,-103.0,107.0,9.0,-34.5,-14.260000000000002,34.24,-43.57,-62.17,2.1799999999999997,-38.230000000000004,45.51,-32.32,-69.08,90.25,12.43
2025-08-11T15:16:53.325129,-53.0,1.0,24.0,-55.0,24.0,10.0,-61.0,-17.0,7.0,-76.0,68.0,-6.0,-46.5,-24.26,10.24,-48.57,-14.170000000000002,20.18,-47.230000000000004,-30.490000000000002,12.68,-42.08,51.25,-2.57
2025-08-11T15:16:53.329603,-25.0,41.0,2.0,-7.0,2.0,10.0,-48.0,90.0,-31.0,-118.0,14.0,-7.0,-18.5,15.739999999999998,-11.76,-0.5700000000000003,-36.17,20.18,-34.230000000000004,76.51,-25.32,-84.08,-2.75,-3.57
2025-08-11T15:16:53.337587,-57.0,-2.0,-5.0,-44.0,103.0,43.0,-56.0,-11.0,-22.0,-65.0,48.0,-72.0,-50.5,-27.26,-18.759999999999998,-37.57,64.83,53.18,-42.230000000000004,-24.490000000000002,-16.32,-31.08,31.25,-68.57
2025-08-11T15:16:53.341976,16.0,82.0,34.0,-22.0,61.0,-36.0,-27.0,49.0,1.0,-108.0,93.0,-75.0,22.5,56.739999999999995,20.240000000000002,-15.57,22.83,-25.82,-13.23,35.51,6.68,-74.08,76.25,-71.57
2025-08-11T15:16:53.349571,-11.0,54.0,-27.0,11.0,93.0,-59.0,25.0,23.0,-47.0,-114.0,-41.0,-43.0,-4.5,28.74,-40.76,17.43,54.83,-48.82,38.769999999999996,9.51,-41.32,-80.08,-57.75,-39.57
2025-08-11T15:16:53.354060,87.0,58.0,-8.0,7.0,17.0,-14.0,34.0,-9.0,-10.0,62.0,32.0,-17.0,93.5,32.739999999999995,-21.759999999999998,13.43,-21.17,-3.8200000000000003,47.769999999999996,-22.490000000000002,-4.32,95.92,15.25,-13.57
2025-08-11T15:16:53.361880,-11.0,95.0,-52.0,47.0,43.0,-23.0,-27.0,37.0,-9.0,-60.0,74.0,-37.0,-4.5,69.74,-65.76,53.43,4.829999999999998,-12.82,-13.23,23.509999999999998,-3.3200000000000003,-26.08,57.25,-33.57
2025-08-11T15:16:53.366579,55.0,-35.0,-3.0,10.0,32.0,20.0,12.0,-88.0,-13.0,-73.0,32.0,-50.0,61.5,-60.260000000000005,-16.759999999999998,16.43,-6.170000000000002,30.18,25.77,-101.49,-7.32,-39.08,15.25,-46.57
2025-08-11T15:16:53.374411,14.0,14.0,29.0,13.0,38.0,-37.0,12.0,-75.0,-75.0,-133.0,52.0,-18.0,20.5,-11.260000000000002,15.24,19.43,-0.1700000000000017,-26.82,25.77,-88.49,-69.32,-99.08,35.25,-14.57
2025-08-11T15:16:53.378688,1.0,71.0,75.0,6.0,58.0,-7.0,8.0,-26.0,35.0,-72.0,41.0,-67.0,7.5,45.739999999999995,61.24,12.43,19.83,3.1799999999999997,21.77,-39.49,40.68,-38.08,24.25,-63.57
2025-08-11T15:16:53.386350,-40.0,22.0,70.0,-31.0,51.0,-8.0,39.0,77.0,74.0,-56.0,75.0,22.0,-33.5,-3.2600000000000016,56.24,-24.57,12.829999999999998,2.1799999999999997,52.769999999999996,63.51,79.68,-22.08,58.25,25.43
2025-08-11T15:16:53.390752,-17.0,-21.0,102.0,7.0,62.0,-98.0,-26.0,27.0,-23.0,-88.0,-14.0,7.0,-10.5,-46.260000000000005,88.24,13.43,23.83,-87.82,-12.23,13.51,-17.32,-54.08,-30.75,10.43
2025-08-11T15:16:53.398914,-23.0,42.0,-27.0,-15.0,52.0,-20.0,-50.0,31.0,-27.0,-141.0,-5.0,32.0,-16.5,16.74,-40.76,-8.57,13.829999999999998,-9.82,-36.230000000000004,17.509999999999998,-21.32,-107.08,-21.75,35.43
2025-08-11T15:16:53.403097,-25.0,61.0,12.0,25.0,79.0,-12.0,-48.0,-29.0,-16.0,-56.0,44.0,0.0,-18.5,35.739999999999995,-1.7599999999999998,31.43,40.83,-1.8200000000000003,-34.230000000000004,-42.49,-10.32,-22.08,27.25,3.43
2025-08-11T15:16:53.411133,1.0,70.0,-20.0,-50.0,46.0,-63.0,-48.0,10.0,17.0,-66.0,26.0,43.0,7.5,44.739999999999995,-33.76,-43.57,7.829999999999998,-52.82,-34.230000000000004,-3.49,22.68,-32.08,9.25,46.43
2025-08-11T15:16:53.415329,22.0,-12.0,-49.0,-22.0,76.0,-33.0,39.0,13.0,-27.0,-19.0,36.0,26.0,28.5,-37.260000000000005,-62.76,-15.57,37.83,-22.82,52.769999999999996,-0.4900000000000002,-21.32,14.920000000000002,19.25,29.43
2025-08-11T15:16:53.423420,-3.0,-23.0,42.0,3.0,54.0,-67.0,44.0,-43.0,-53.0,-68.0,68.0,-14.0,3.5,-48.260000000000005,28.240000000000002,9.43,15.829999999999998,-56.82,57.769999999999996,-56.49,-47.32,-34.08,51.25,-10.57
2025-08-11T15:16:53.427915,38.0,-15.0,28.0,44.0,24.0,-23.0,13.0,35.0,-19.0,-44.0,-7.0,57.0,44.5,-40.260000000000005,14.24,50.43,-14.170000000000002,-12.82,26.77,21.509999999999998,-13.32,-10.079999999999998,-23.75,60.43
2025-08-11T15:16:53.435649,-84.0,12.0,19.0,43.0,52.0,-44.0,-24.0,-20.0,4.0,-29.0,17.0,30.0,-77.5,-13.260000000000002,5.24,49.43,13.829999999999998,-33.82,-10.23,-33.49,9.68,4.920000000000002,0.25,33.43
2025-08-11T15:16:53.440094,-13.0,23.0,73.0,31.0,9.0,0.0,-61.0,-4.0,30.0,-10.0,76.0,11.0,-6.5,-2.2600000000000016,59.24,37.43,-29.17,10.18,-47.230000000000004,-17.490000000000002,35.68,23.92,59.25,14.43
2025-08-11T15:16:53.447722,-29.0,21.0,44.0,18.0,7.0,-8.0,3.0,110.0,-11.0,-36.0,-18.0,-1.0,-22.5,-4.260000000000002,30.240000000000002,24.43,-31.17,2.1799999999999997,16.77,96.51,-5.32,-2.0799999999999983,-34.75,2.43
2025-08-11T15:16:53.451993,-48.0,103.0,30.0,0.0,17.0,7.0,-75.0,111.0,3.0,-40.0,-24.0,40.0,-41.5,77.74,16.240000000000002,6.43,-21.17,17.18,-61.230000000000004,97.51,8.68,-6.079999999999998,-40.75,43.43
2025-08-11T15:16:53.460169,-36.0,43.0,-52.0,-4.0,-12.0,-29.0,-26.0,2.0,16.0,-77.0,-10.0,53.0,-29.5,17.74,-65.76,2.4299999999999997,-50.17,-18.82,-12.23,-11.49,21.68,-43.08,-26.75,56.43
2025-08-11T15:16:53.464742,-18.0,52.0,45.0,-95.0,46.0,-39.0,47.0,34.0,44.0,-44.0,16.0,25.0,-11.5,26.74,31.240000000000002,-88.57,7.829999999999998,-28.82,60.769999999999996,20.509999999999998,49.68,-10.079999999999998,-0.75,28.43
2025-08-11T15:16:53.472193,23.0,-10.0,-41.0,-20.0,48.0,-27.0,35.0,20.0,40.0,-73.0,-8.0,20.0,29.5,-35.260000000000005,-54.76,-13.57,9.829999999999998,-16.82,48.769999999999996,6.51,45.68,-39.08,-24.75,23.43
2025-08-11T15:16:53.477037,8.0,-5.0,67.0,5.0,34.0,-12.0,65.0,21.0,0.0,-48.0,7.0,-45.0,14.5,-30.26,53.24,11.43,-4.170000000000002,-1.8200000000000003,78.77,7.51,5.68,-14.079999999999998,-9.75,-41.57
2025-08-11T15:16:53.484404,97.0,2.0,81.0,35.0,23.0,-47.0,-69.0,33.0,9.0,71.0,-24.0,-10.0,103.5,-23.26,67.24,41.43,-15.170000000000002,-36.82,-55.230000000000004,19.509999999999998,14.68,104.92,-40.75,-6.57
2025-08-11T15:16:53.489532,22.0,-22.0,79.0,-57.0,-16.0,-29.0,-70.0,32.0,-67.0,-54.0,30.0,17.0,28.5,-47.260000000000005,65.24,-50.57,-54.17,-18.82,-56.230000000000004,18.509999999999998,-61.32,-20.08,13.25,20.43
2025-08-11T15:16:53.496675,-47.0,-1.0,54.0,-63.0,37.0,35.0,-39.0,49.0,-53.0,90.0,-49.0,20.0,-40.5,-26.26,40.24,-56.57,-1.1700000000000017,45.18,-25.23,35.51,-47.32,123.92,-65.75,23.43
2025-08-11T15:16:53.501231,-67.0,45.0,61.0,-1.0,52.0,-16.0,-18.0,-2.0,-3.0,-4.0,35.0,27.0,-60.5,19.74,47.24,5.43,13.829999999999998,-5.82,-4.23,-15.49,2.6799999999999997,29.92,18.25,30.43
2025-08-11T15:16:53.505463,-66.0,18.0,17.0,5.0,88.0,-9.0,-21.0,9.0,-36.0,-22.0,-17.0,-85.0,-59.5,-7.260000000000002,3.24,11.43,49.83,1.1799999999999997,-7.23,-4.49,-30.32,11.920000000000002,-33.75,-81.57
2025-08-11T15:16:53.513626,-64.0,50.0,54.0,28.0,125.0,29.0,-24.0,22.0,18.0,-8.0,56.0,-93.0,-57.5,24.74,40.24,34.43,86.83,39.18,-10.23,8.51,23.68,25.92,39.25,-89.57
2025-08-11T15:16:53.517715,12.0,3.0,20.0,-43.0,18.0,-67.0,-8.0,40.0,-38.0,2.0,51.0,-56.0,18.5,-22.26,6.24,-36.57,-20.17,-56.82,5.77,26.509999999999998,-32.32,35.92,34.25,-52.57
2025-08-11T15:16:53.525645,-66.0,65.0,49.0,-46.0,111.0,-47.0,-58.0,54.0,10.0,-116.0,17.0,-17.0,-59.5,39.739999999999995,35.24,-39.57,72.83,-36.82,-44.230000000000004,40.51,15.68,-82.08,0.25,-13.57
2025-08-11T15:16:53.529935,74.0,94.0,-2.0,-50.0,62.0,-35.0,40.0,23.0,28.0,-52.0,7.0,4.0,80.5,68.74,-15.76,-43.57,23.83,-24.82,53.769999999999996,9.51,33.68,-18.08,-9.75,7.43
2025-08-11T15:16:53.538221,16.0,20.0,55.0,-4.0,18.0,-2.0,-4.0,35.0,31.0,-39.0,69.0,-13.0,22.5,-5.260000000000002,41.24,2.4299999999999997,-20.17,8.18,9.77,21.509999999999998,36.68,-5.079999999999998,52.25,-9.57
2025-08-11T15:16:53.542292,8.0,68.0,50.0,-114.0,32.0,53.0,1.0,39.0,-5.0,-36.0,7.0,-12.0,14.5,42.739999999999995,36.24,-107.57,-6.170000000000002,63.18,14.77,25.509999999999998,0.6799999999999997,-2.0799999999999983,-9.75,-8.57
2025-08-11T15:16:53.550242,13.0,119.0,-57.0,-64.0,30.0,-4.0,33.0,80.0,9.0,-57.0,68.0,-9.0,19.5,93.74,-70.76,-57.57,-8.170000000000002,6.18,46.769999999999996,66.51,14.68,-23.08,51.25,-5.57
2025-08-11T15:16:53.554980,-16.0,28.0,-47.0,-16.0,82.0,-57.0,35.0,-84.0,-48.0,-74.0,39.0,-15.0,-9.5,2.7399999999999984,-60.76,-9.57,43.83,-46.82,48.769999999999996,-97.49,-42.32,-40.08,22.25,-11.57
2025-08-11T15:16:53.562633,7.0,76.0,31.0,-36.0,135.0,-3.0,21.0,-15.0,9.0,-59.0,42.0,11.0,13.5,50.739999999999995,17.240000000000002,-29.57,96.83,7.18,34.769999999999996,-28.490000000000002,14.68,-25.08,25.25,14.43
2025-08-11T15:16:53.567307,-28.0,-58.0,31.0,80.0,3.0,-43.0,-27.0,35.0,-23.0,-31.0,-27.0,-55.0,-21.5,-83.26,17.240000000000002,86.43,-35.17,-32.82,-13.23,21.509999999999998,-17.32,2.9200000000000017,-43.75,-51.57
2025-08-11T15:16:53.574836,-73.0,70.0,18.0,46.0,53.0,-8.0,1.0,-1.0,69.0,-73.0,0.0,-44.0,-66.5,44.739999999999995,4.24,52.43,14.829999999999998,2.1799999999999997,14.77,-14.49,74.68,-39.08,-16.75,-40.57
2025-08-11T15:16:53.579249,5.0,95.0,19.0,65.0,49.0,7.0,-15.0,-24.0,-18.0,9.0,69.0,-49.0,11.5,69.74,5.24,71.43,10.829999999999998,17.18,-1.2300000000000004,-37.49,-12.32,42.92,52.25,-45.57
2025-08-11T15:16:53.586895,-74.0,20.0,-1.0,-26.0,14.0,22.0,-49.0,-45.0,59.0,-71.0,63.0,-31.0,-67.5,-5.260000000000002,-14.76,-19.57,-24.17,32.18,-35.230000000000004,-58.49,64.68,-37.08,46.25,-27.57
2025-08-11T15:16:53.592029,-33.0,29.0,-62.0,-65.0,48.0,103.0,-16.0,27.0,-20.0,-64.0,46.0,7.0,-26.5,3.7399999999999984,-75.76,-58.57,9.829999999999998,113.18,-2.2300000000000004,13.51,-14.32,-30.08,29.25,10.43
2025-08-11T15:16:53.599516,56.0,56.0,16.0,-7.0,98.0,-50.0,-23.0,-21.0,-36.0,-72.0,47.0,-6.0,62.5,30.74,2.24,-0.5700000000000003,59.83,-39.82,-9.23,-34.49,-30.32,-38.08,30.25,-2.57
2025-08-11T15:16:53.604020,60.0,-15.0,-50.0,7.0,77.0,-27.0,-64.0,-21.0,-33.0,-40.0,69.0,-48.0,66.5,-40.260000000000005,-63.76,13.43,38.83,-16.82,-50.230000000000004,-34.49,-27.32,-6.079999999999998,52.25,-44.57
2025-08-11T15:16:53.611544,-66.0,60.0,55.0,68.0,101.0,-12.0,-63.0,-41.0,-44.0,-87.0,33.0,-37.0,-59.5,34.739999999999995,41.24,74.43,62.83,-1.8200000000000003,-49.230000000000004,-54.49,-38.32,-53.08,16.25,-33.57
2025-08-11T15:16:53.615975,-39.0,-6.0,65.0,-41.0,-15.0,-22.0,-18.0,-32.0,-1.0,-58.0,79.0,-46.0,-32.5,-31.26,51.24,-34.57,-53.17,-11.82,-4.23,-45.49,4.68,-24.08,62.25,-42.57
2025-08-11T15:16:53.623663,10.0,46.0,-2.0,27.0,8.0,24.0,-50.0,6.0,10.0,-89.0,-11.0,-13.0,16.5,20.74,-15.76,33.43,-30.17,34.18,-36.230000000000004,-7.49,15.68,-55.08,-27.75,-9.57
2025-08-11T15:16:53.628404,-81.0,17.0,-16.0,18.0,124.0,-52.0,-69.0,45.0,-1.0,12.0,72.0,-28.0,-74.5,-8.260000000000002,-29.759999999999998,24.43,85.83,-41.82,-55.230000000000004,31.509999999999998,4.68,45.92,55.25,-24.57
2025-08-11T15:16:53.636123,42.0,98.0,12.0,-13.0,83.0,-44.0,61.0,8.0,15.0,-96.0,60.0,-25.0,48.5,72.74,-1.7599999999999998,-6.57,44.83,-33.82,74.77,-5.49,20.68,-62.08,43.25,-21.57
2025-08-11T15:16:53.640757,-13.0,-5.0,-18.0,-75.0,32.0,20.0,47.0,17.0,-57.0,-81.0,8.0,-13.0,-6.5,-30.26,-31.759999999999998,-68.57,-6.170000000000002,30.18,60.769999999999996,3.51,-51.32,-47.08,-8.75,-9.57
2025-08-11T15:16:53.648458,56.0,42.0,-22.0,-1.0,-32.0,-94.0,-48.0,-8.0,-49.0,-57.0,11.0,-47.0,62.5,16.74,-35.76,5.43,-70.17,-83.82,-34.230000000000004,-21.490000000000002,-43.32,-23.08,-5.75,-43.57
2025-08-11T15:16:53.652785,20.0,95.0,-48.0,-75.0,27.0,-17.0,21.0,68.0,-38.0,-107.0,14.0,-76.0,26.5,69.74,-61.76,-68.57,-11.170000000000002,-6.82,34.769999999999996,54.51,-32.32,-73.08,-2.75,-72.57
2025-08-11T15:16:53.660603,33.0,-3.0,-1.0,-47.0,37.0,14.0,21.0,36.0,-17.0,-70.0,11.0,-50.0,39.5,-28.26,-14.76,-40.57,-1.1700000000000017,24.18,34.769999999999996,22.509999999999998,-11.32,-36.08,-5.75,-46.57
2025-08-11T15:16:53.665059,-25.0,19.0,56.0,-23.0,55.0,-16.0,-22.0,18.0,-20.0,-57.0,79.0,-68.0,-18.5,-6.260000000000002,42.24,-16.57,16.83,-5.82,-8.23,4.51,-14.32,-23.08,62.25,-64.57
2025-08-11T15:16:53.672895,-11.0,37.0,58.0,-25.0,84.0,-42.0,-30.0,13.0,-84.0,-10.0,24.0,-26.0,-4.5,11.739999999999998,44.24,-18.57,45.83,-31.82,-16.23,-0.4900000000000002,-78.32,23.92,7.25,-22.57
2025-08-11T15:16:53.677410,11.0,-12.0,81.0,58.0,10.0,-25.0,-23.0,9.0,-10.0,-56.0,15.0,-30.0,17.5,-37.260000000000005,67.24,64.43,-28.17,-14.82,-9.23,-4.49,-4.32,-22.08,-1.75,-26.57
2025-08-11T15:16:53.685186,-39.0,27.0,-30.0,11.0,16.0,-62.0,-18.0,23.0,-51.0,-76.0,119.0,-33.0,-32.5,1.7399999999999984,-43.76,17.43,-22.17,-51.82,-4.23,9.51,-45.32,-42.08,102.25,-29.57
2025-08-11T15:16:53.689882,45.0,53.0,-47.0,-4.0,-6.0,11.0,40.0,-66.0,-32.0,-75.0,60.0,-51.0,51.5,27.74,-60.76,2.4299999999999997,-44.17,21.18,53.769999999999996,-79.49,-26.32,-41.08,43.25,-47.57
2025-08-11T15:16:53.697558,-4.0,-47.0,5.0,11.0,8.0,-27.0,-2.0,1.0,-23.0,-15.0,88.0,16.0,2.5,-72.26,-8.76,17.43,-30.17,-16.82,11.77,-12.49,-17.32,18.92,71.25,19.43
2025-08-11T15:16:53.701816,8.0,29.0,6.0,-72.0,18.0,6.0,17.0,16.0,22.0,-38.0,-5.0,33.0,14.5,3.7399999999999984,-7.76,-65.57,-20.17,16.18,30.77,2.51,27.68,-4.079999999999998,-21.75,36.43
2025-08-11T15:16:53.709651,64.0,-42.0,-10.0,24.0,17.0,4.0,-24.0,53.0,-7.0,-102.0,30.0,-40.0,70.5,-67.26,-23.759999999999998,30.43,-21.17,14.18,-10.23,39.51,-1.3200000000000003,-68.08,13.25,-36.57
2025-08-11T15:16:53.714242,3.0,-24.0,35.0,-90.0,15.0,-36.0,16.0,-35.0,43.0,-25.0,49.0,-41.0,9.5,-49.260000000000005,21.240000000000002,-83.57,-23.17,-25.82,29.77,-48.49,48.68,8.920000000000002,32.25,-37.57
2025-08-11T15:16:53.722021,10.0,-47.0,34.0,-41.0,18.0,-13.0,4.0,-30.0,-39.0,-76.0,27.0,-53.0,16.5,-72.26,20.240000000000002,-34.57,-20.17,-2.8200000000000003,17.77,-43.49,-33.32,-42.08,10.25,-49.57
2025-08-11T15:16:53.726403,1.0,38.0,-2.0,38.0,122.0,-31.0,25.0,1.0,20.0,-32.0,81.0,20.0,7.5,12.739999999999998,-15.76,44.43,83.83,-20.82,38.769999999999996,-12.49,25.68,1.9200000000000017,64.25,23.43
2025-08-11T15:16:53.734142,-25.0,69.0,-18.0,36.0,85.0,-54.0,11.0,-37.0,19.0,-91.0,34.0,-19.0,-18.5,43.739999999999995,-31.759999999999998,42.43,46.83,-43.82,24.77,-50.49,24.68,-57.08,17.25,-15.57
2025-08-11T15:16:53.738871,83.0,56.0,-53.0,20.0,76.0,-47.0,18.0,39.0,45.0,-56.0,44.0,-71.0,89.5,30.74,-66.76,26.43,37.83,-36.82,31.77,25.509999999999998,50.68,-22.08,27.25,-67.57
2025-08-11T15:16:53.746638,16.0,4.0,8.0,-55.0,51.0,0.0,-31.0,24.0,14.0,-31.0,14.0,-51.0,22.5,-21.26,-5.76,-48.57,12.829999999999998,10.18,-17.23,10.51,19.68,2.9200000000000017,-2.75,-47.57
2025-08-11T15:16:53.751053,14.0,-32.0,-68.0,-42.0,58.0,-32.0,16.0,37.0,35.0,-61.0,21.0,-60.0,20.5,-57.260000000000005,-81.76,-35.57,19.83,-21.82,29.77,23.509999999999998,40.68,-27.08,4.25,-56.57
2025-08-11T15:16:53.758676,58.0,-15.0,80.0,-49.0,27.0,4.0,-26.0,-44.0,40.0,-36.0,79.0,-68.0,64.5,-40.260000000000005,66.24,-42.57,-11.170000000000002,14.18,-12.23,-57.49,45.68,-2.0799999999999983,62.25,-64.57
2025-08-11T15:16:53.763316,-28.0,-11.0,-10.0,32.0,35.0,-39.0,-43.0,-21.0,-7.0,-95.0,79.0,-18.0,-21.5,-36.260000000000005,-23.759999999999998,38.43,-3.1700000000000017,-28.82,-29.23,-34.49,-1.3200000000000003,-61.08,62.25,-14.57
2025-08-11T15:16:53.771044,-24.0,59.0,18.0,-55.0,35.0,-74.0,-20.0,44.0,53.0,-33.0,-10.0,-34.0,-17.5,33.739999999999995,4.24,-48.57,-3.1700000000000017,-63.82,-6.23,30.509999999999998,58.68,0.9200000000000017,-26.75,-30.57
2025-08-11T15:16:53.775619,13.0,32.0,-66.0,9.0,60.0,8.0,-3.0,-4.0,-10.0,-71.0,41.0,-52.0,19.5,6.739999999999998,-79.76,15.43,21.83,18.18,10.77,-17.490000000000002,-4.32,-37.08,24.25,-48.57
2025-08-11T15:16:53.779769,-24.0,70.0,-139.0,9.0,101.0,29.0,22.0,75.0,4.0,-101.0,25.0,-54.0,-17.5,44.739999999999995,-152.76,15.43,62.83,39.18,35.769999999999996,61.51,9.68,-67.08,8.25,-50.57
2025-08-11T15:16:53.787777,19.0,62.0,-3.0,-16.0,-21.0,11.0,-17.0,31.0,60.0,-56.0,3.0,-97.0,25.5,36.739999999999995,-16.759999999999998,-9.57,-59.17,21.18,-3.2300000000000004,17.509999999999998,65.68,-22.08,-13.75,-93.57
2025-08-11T15:16:53.792068,5.0,43.0,-37.0,-33.0,65.0,-18.0,14.0,-9.0,-6.0,-81.0,40.0,-2.0,11.5,17.74,-50.76,-26.57,26.83,-7.82,27.77,-22.490000000000002,-0.3200000000000003,-47.08,23.25,1.4300000000000002
2025-08-11T15:16:53.800120,31.0,-26.0,-24.0,-48.0,62.0,-21.0,-36.0,32.0,-49.0,-99.0,112.0,-23.0,37.5,-51.260000000000005,-37.76,-41.57,23.83,-10.82,-22.23,18.509999999999998,-43.32,-65.08,95.25,-19.57
2025-08-11T15:16:53.808048,11.0,-32.0,-26.0,-26.0,75.0,-44.0,-75.0,77.0,-84.0,-107.0,89.0,-32.0,17.5,-57.260000000000005,-39.76,-19.57,36.83,-33.82,-61.230000000000004,63.51,-78.32,-73.08,72.25,-28.57
2025-08-11T15:16:53.812541,55.0,-30.0,76.0,-32.0,99.0,-52.0,-26.0,21.0,-82.0,-24.0,69.0,-74.0,61.5,-55.260000000000005,62.24,-25.57,60.83,-41.82,-12.23,7.51,-76.32,9.920000000000002,52.25,-70.57
2025-08-11T15:16:53.816624,-28.0,13.0,38.0,51.0,-4.0,-2.0,-23.0,-16.0,-14.0,-75.0,76.0,-80.0,-21.5,-12.260000000000002,24.240000000000002,57.43,-42.17,8.18,-9.23,-29.490000000000002,-8.32,-41.08,59.25,-76.57
2025-08-11T15:16:53.824765,13.0,39.0,33.0,-27.0,30.0,42.0,39.0,30.0,22.0,-36.0,33.0,-80.0,19.5,13.739999999999998,19.240000000000002,-20.57,-8.170000000000002,52.18,52.769999999999996,16.509999999999998,27.68,-2.0799999999999983,16.25,-76.57
2025-08-11T15:16:53.828928,-7.0,102.0,25.0,-61.0,0.0,-17.0,12.0,65.0,-27.0,-76.0,24.0,-18.0,-0.5,76.74,11.24,-54.57,-38.17,-6.82,25.77,51.51,-21.32,-42.08,7.25,-14.57
2025-08-11T15:16:53.836956,35.0,26.0,-21.0,-42.0,70.0,-14.0,-24.0,7.0,18.0,-87.0,67.0,-18.0,41.5,0.7399999999999984,-34.76,-35.57,31.83,-3.8200000000000003,-10.23,-6.49,23.68,-53.08,50.25,-14.57
2025-08-11T15:16:53.841146,-1.0,67.0,46.0,-6.0,44.0,-40.0,-60.0,12.0,-28.0,-13.0,42.0,-82.0,5.5,41.739999999999995,32.24,0.4299999999999997,5.829999999999998,-29.82,-46.230000000000004,-1.4900000000000002,-22.32,20.92,25.25,-78.57
2025-08-11T15:16:53.849169,-20.0,-19.0,20.0,62.0,65.0,48.0,16.0,-53.0,-16.0,-57.0,32.0,-4.0,-13.5,-44.260000000000005,6.24,68.43,26.83,58.18,29.77,-66.49,-10.32,-23.08,15.25,-0.5699999999999998
2025-08-11T15:16:53.853410,56.0,-49.0,27.0,0.0,63.0,-47.0,14.0,-2.0,-32.0,-11.0,17.0,-27.0,62.5,-74.26,13.24,6.43,24.83,-36.82,27.77,-15.49,-26.32,22.92,0.25,-23.57
2025-08-11T15:16:53.861469,-51.0,31.0,83.0,11.0,48.0,-26.0,18.0,-3.0,-32.0,-64.0,63.0,-19.0,-44.5,5.739999999999998,69.24,17.43,9.829999999999998,-15.82,31.77,-16.490000000000002,-26.32,-30.08,46.25,-15.57
2025-08-11T15:16:53.865696,-43.0,63.0,60.0,-9.0,63.0,6.0,-73.0,-31.0,-37.0,-105.0,81.0,-30.0,-36.5,37.739999999999995,46.24,-2.5700000000000003,24.83,16.18,-59.230000000000004,-44.49,-31.32,-71.08,64.25,-26.57
2025-08-11T15:16:53.873620,-26.0,97.0,50.0,-6.0,104.0,41.0,-9.0,40.0,-9.0,-36.0,55.0,-33.0,-19.5,71.74,36.24,0.4299999999999997,65.83,51.18,4.77,26.509999999999998,-3.3200000000000003,-2.0799999999999983,38.25,-29.57
2025-08-11T15:16:53.877950,-67.0,85.0,-15.0,-35.0,59.0,34.0,11.0,75.0,-7.0,-47.0,-3.0,5.0,-60.5,59.739999999999995,-28.759999999999998,-28.57,20.83,44.18,24.77,61.51,-1.3200000000000003,-13.079999999999998,-19.75,8.43
2025-08-11T15:16:53.885837,72.0,40.0,24.0,-34.0,115.0,-7.0,-17.0,23.0,47.0,-9.0,26.0,-21.0,78.5,14.739999999999998,10.24,-27.57,76.83,3.1799999999999997,-3.2300000000000004,9.51,52.68,24.92,9.25,-17.57
2025-08-11T15:16:53.890316,-25.0,-41.0,-33.0,-34.0,48.0,-32.0,-32.0,50.0,21.0,-85.0,93.0,-69.0,-18.5,-66.26,-46.76,-27.57,9.829999999999998,-21.82,-18.23,36.51,26.68,-51.08,76.25,-65.57
