timestamp,x1,y1,z1,x2,y2,z2,x3,y3,z3,x4,y4,z4,x1_calib,y1_calib,z1_calib,x2_calib,y2_calib,z2_calib,x3_calib,y3_calib,z3_calib,x4_calib,y4_calib,z4_calib
2025-08-13T14:07:39.696742,-116.0,53.0,-11.0,-28.0,41.0,7.0,66.0,40.0,97.0,19.0,95.0,16.0,-77.52000000000001,-10.420000000000002,20.08,-33.269999999999996,23.34,-21.6,19.35,-8.82,81.32,13.620000000000001,51.82,20.15
2025-08-13T14:07:39.700781,-119.0,89.0,31.0,68.0,30.0,-47.0,-34.0,59.0,21.0,49.0,56.0,-9.0,-80.52000000000001,25.58,62.08,62.730000000000004,12.34,-75.6,-80.65,10.18,5.32,43.62,12.82,-4.85
2025-08-13T14:07:39.708984,-54.0,159.0,-73.0,42.0,18.0,25.0,20.0,126.0,1.0,-6.0,31.0,-11.0,-15.520000000000003,95.58,-41.92,36.730000000000004,0.33999999999999986,-3.6000000000000014,-26.65,77.18,-14.68,-11.379999999999999,-12.18,-6.85
2025-08-13T14:07:39.712962,8.0,57.0,-46.0,-24.0,-11.0,9.0,-5.0,98.0,30.0,37.0,88.0,26.0,46.48,-6.420000000000002,-14.920000000000002,-29.27,-28.66,-19.6,-51.65,49.18,14.32,31.62,44.82,30.15
2025-08-13T14:07:39.721003,-30.0,86.0,-24.0,-7.0,67.0,-9.0,42.0,31.0,-36.0,17.0,64.0,-75.0,8.479999999999997,22.58,7.079999999999998,-12.27,49.34,-37.6,-4.649999999999999,-17.82,-51.68,11.620000000000001,20.82,-70.85
2025-08-13T14:07:39.725397,0.0,82.0,-76.0,-41.0,27.0,77.0,41.0,73.0,16.0,6.0,110.0,-12.0,38.48,18.58,-44.92,-46.269999999999996,9.34,48.4,-5.649999999999999,24.18,0.3200000000000003,0.6200000000000001,66.82,-7.85
2025-08-13T14:07:39.733357,-5.0,140.0,-23.0,5.0,-8.0,47.0,17.0,22.0,-24.0,5.0,49.0,-36.0,33.48,76.58,8.079999999999998,-0.2699999999999996,-25.66,18.4,-29.65,-26.82,-39.68,-0.3799999999999999,5.82,-31.85
2025-08-13T14:07:39.739465,-67.0,105.0,-77.0,50.0,23.0,-23.0,94.0,10.0,14.0,40.0,70.0,-37.0,-28.520000000000003,41.58,-45.92,44.730000000000004,5.34,-51.6,47.35,-38.82,-1.6799999999999997,34.62,26.82,-32.85
2025-08-13T14:07:39.745730,-35.0,-22.0,-63.0,69.0,-43.0,24.0,29.0,85.0,3.0,25.0,75.0,-12.0,3.479999999999997,-85.42,-31.92,63.730000000000004,-60.66,-4.600000000000001,-17.65,36.18,-12.68,19.62,31.82,-7.85
2025-08-13T14:07:39.750086,4.0,88.0,-44.0,31.0,0.0,48.0,81.0,91.0,-3.0,31.0,105.0,46.0,42.48,24.58,-12.920000000000002,25.73,-17.66,19.4,34.35,42.18,-18.68,25.62,61.82,50.15
2025-08-13T14:07:39.757793,-5.0,-9.0,-13.0,-2.0,32.0,-3.0,52.0,28.0,10.0,48.0,73.0,-13.0,33.48,-72.42,18.08,-7.27,14.34,-31.6,5.350000000000001,-20.82,-5.68,42.62,29.82,-8.85
2025-08-13T14:07:39.762342,-8.0,59.0,29.0,-18.0,41.0,67.0,26.0,100.0,-33.0,-50.0,58.0,-48.0,30.479999999999997,-4.420000000000002,60.08,-23.27,23.34,38.4,-20.65,51.18,-48.68,-55.38,14.82,-43.85
2025-08-13T14:07:39.770202,-36.0,57.0,-6.0,8.0,31.0,-1.0,63.0,86.0,36.0,-85.0,116.0,-26.0,2.479999999999997,-6.420000000000002,25.08,2.7300000000000004,13.34,-29.6,16.35,37.18,20.32,-90.38,72.82,-21.85
2025-08-13T14:07:39.776529,-172.0,115.0,-27.0,54.0,-31.0,3.0,102.0,103.0,6.0,-48.0,66.0,-40.0,-133.52,51.58,4.079999999999998,48.730000000000004,-48.66,-25.6,55.35,54.18,-9.68,-53.38,22.82,-35.85
2025-08-13T14:07:39.782500,-31.0,111.0,-109.0,50.0,33.0,55.0,33.0,10.0,-17.0,-125.0,81.0,-54.0,7.479999999999997,47.58,-77.92,44.730000000000004,15.34,26.4,-13.649999999999999,-38.82,-32.68,-130.38,37.82,-49.85
2025-08-13T14:07:39.788008,2.0,115.0,-24.0,-24.0,11.0,27.0,22.0,15.0,16.0,-54.0,96.0,10.0,40.48,51.58,7.079999999999998,-29.27,-6.66,-1.6000000000000014,-24.65,-33.82,0.3200000000000003,-59.38,52.82,14.15
2025-08-13T14:07:39.795093,-56.0,27.0,-58.0,2.0,107.0,51.0,55.0,52.0,56.0,-32.0,66.0,-89.0,-17.520000000000003,-36.42,-26.92,-3.2699999999999996,89.34,22.4,8.350000000000001,3.1799999999999997,40.32,-37.38,22.82,-84.85
2025-08-13T14:07:39.800309,10.0,61.0,-2.0,-23.0,37.0,-26.0,81.0,67.0,-22.0,35.0,34.0,9.0,48.48,-2.4200000000000017,29.08,-28.27,19.34,-54.6,34.35,18.18,-37.68,29.62,-9.18,13.15
2025-08-13T14:07:39.807236,-20.0,13.0,3.0,2.0,76.0,23.0,-16.0,54.0,44.0,14.0,99.0,-7.0,18.479999999999997,-50.42,34.08,-3.2699999999999996,58.34,-5.600000000000001,-62.65,5.18,28.32,8.620000000000001,55.82,-2.8499999999999996
2025-08-13T14:07:39.811674,-93.0,63.0,-57.0,52.0,17.0,-83.0,88.0,19.0,68.0,31.0,68.0,-40.0,-54.52,-0.4200000000000017,-25.92,46.730000000000004,-0.6600000000000001,-111.6,41.35,-29.82,52.32,25.62,24.82,-35.85
2025-08-13T14:07:39.820334,-55.0,131.0,18.0,-1.0,13.0,56.0,21.0,18.0,37.0,-63.0,120.0,12.0,-16.520000000000003,67.58,49.08,-6.27,-4.66,27.4,-25.65,-30.82,21.32,-68.38,76.82,16.15
2025-08-13T14:07:39.829233,-88.0,119.0,-73.0,79.0,31.0,72.0,17.0,89.0,3.0,23.0,107.0,-42.0,-49.52,55.58,-41.92,73.73,13.34,43.4,-29.65,40.18,-12.68,17.62,63.82,-37.85
2025-08-13T14:07:39.835272,-60.0,170.0,-11.0,26.0,-43.0,-10.0,0.0,74.0,-25.0,52.0,66.0,-5.0,-21.520000000000003,106.58,20.08,20.73,-60.66,-38.6,-46.65,25.18,-40.68,46.62,22.82,-0.8499999999999996
2025-08-13T14:07:39.840217,-29.0,66.0,-21.0,34.0,29.0,29.0,124.0,13.0,-81.0,29.0,95.0,-63.0,9.479999999999997,2.5799999999999983,10.079999999999998,28.73,11.34,0.3999999999999986,77.35,-35.82,-96.68,23.62,51.82,-58.85
2025-08-13T14:07:39.843735,-65.0,27.0,54.0,21.0,46.0,25.0,19.0,66.0,-36.0,33.0,34.0,-68.0,-26.520000000000003,-36.42,85.08,15.73,28.34,-3.6000000000000014,-27.65,17.18,-51.68,27.62,-9.18,-63.85
2025-08-13T14:07:39.848153,-56.0,24.0,-5.0,-5.0,17.0,21.0,75.0,33.0,-12.0,-5.0,64.0,-61.0,-17.520000000000003,-39.42,26.08,-10.27,-0.6600000000000001,-7.600000000000001,28.35,-15.82,-27.68,-10.379999999999999,20.82,-56.85
2025-08-13T14:07:39.855955,-63.0,69.0,-27.0,23.0,12.0,-11.0,49.0,93.0,52.0,-18.0,57.0,6.0,-24.520000000000003,5.579999999999998,4.079999999999998,17.73,-5.66,-39.6,2.3500000000000014,44.18,36.32,-23.38,13.82,10.15
2025-08-13T14:07:39.860422,-75.0,105.0,42.0,4.0,15.0,74.0,99.0,89.0,74.0,-17.0,75.0,-3.0,-36.52,41.58,73.08,-1.2699999999999996,-2.66,45.4,52.35,40.18,58.32,-22.38,31.82,1.1500000000000004
2025-08-13T14:07:39.868559,-56.0,64.0,-38.0,26.0,-10.0,32.0,18.0,33.0,24.0,-50.0,140.0,-46.0,-17.520000000000003,0.5799999999999983,-6.920000000000002,20.73,-27.66,3.3999999999999986,-28.65,-15.82,8.32,-55.38,96.82,-41.85
2025-08-13T14:07:39.872694,-61.0,55.0,9.0,51.0,4.0,41.0,56.0,97.0,-33.0,-49.0,7.0,-60.0,-22.520000000000003,-8.420000000000002,40.08,45.730000000000004,-13.66,12.399999999999999,9.350000000000001,48.18,-48.68,-54.38,-36.18,-55.85
2025-08-13T14:07:39.880708,-118.0,95.0,-108.0,5.0,20.0,-38.0,103.0,17.0,-33.0,14.0,14.0,-39.0,-79.52000000000001,31.58,-76.92,-0.2699999999999996,2.34,-66.6,56.35,-31.82,-48.68,8.620000000000001,-29.18,-34.85
2025-08-13T14:07:39.884884,-9.0,76.0,-54.0,30.0,-11.0,-4.0,61.0,33.0,15.0,-43.0,79.0,-16.0,29.479999999999997,12.579999999999998,-22.92,24.73,-28.66,-32.6,14.350000000000001,-15.82,-0.6799999999999997,-48.38,35.82,-11.85
2025-08-13T14:07:39.892956,-7.0,17.0,-70.0,39.0,3.0,35.0,67.0,-32.0,4.0,-47.0,77.0,-56.0,31.479999999999997,-46.42,-38.92,33.730000000000004,-14.66,6.399999999999999,20.35,-80.82,-11.68,-52.38,33.82,-51.85
2025-08-13T14:07:39.897071,5.0,-1.0,-82.0,49.0,-13.0,-30.0,48.0,4.0,27.0,0.0,56.0,-50.0,43.48,-64.42,-50.92,43.730000000000004,-30.66,-58.6,1.3500000000000014,-44.82,11.32,-5.38,12.82,-45.85
2025-08-13T14:07:39.901163,-17.0,46.0,-78.0,14.0,7.0,46.0,75.0,15.0,19.0,-20.0,39.0,7.0,21.479999999999997,-17.42,-46.92,8.73,-10.66,17.4,28.35,-33.82,3.3200000000000003,-25.38,-4.18,11.15
2025-08-13T14:07:39.909581,19.0,6.0,3.0,-19.0,31.0,-15.0,89.0,121.0,-21.0,-32.0,40.0,44.0,57.48,-57.42,34.08,-24.27,13.34,-43.6,42.35,72.18,-36.68,-37.38,-3.1799999999999997,48.15
2025-08-13T14:07:39.917522,-51.0,43.0,-26.0,26.0,42.0,-57.0,114.0,42.0,62.0,-83.0,43.0,-21.0,-12.520000000000003,-20.42,5.079999999999998,20.73,24.34,-85.6,67.35,-6.82,46.32,-88.38,-0.17999999999999972,-16.85
2025-08-13T14:07:39.921769,-64.0,-8.0,-39.0,-18.0,58.0,114.0,38.0,5.0,-54.0,-22.0,77.0,-2.0,-25.520000000000003,-71.42,-7.920000000000002,-23.27,40.34,85.4,-8.649999999999999,-43.82,-69.68,-27.38,33.82,2.1500000000000004
2025-08-13T14:07:39.925784,-45.0,46.0,37.0,-64.0,39.0,15.0,60.0,62.0,69.0,21.0,44.0,-35.0,-6.520000000000003,-17.42,68.08,-69.27,21.34,-13.600000000000001,13.350000000000001,13.18,53.32,15.620000000000001,0.8200000000000003,-30.85
2025-08-13T14:07:39.934056,-40.0,98.0,-30.0,-7.0,44.0,-26.0,-4.0,57.0,-24.0,-7.0,44.0,15.0,-1.5200000000000031,34.58,1.0799999999999983,-12.27,26.34,-54.6,-50.65,8.18,-39.68,-12.379999999999999,0.8200000000000003,19.15
2025-08-13T14:07:39.938089,-62.0,109.0,-42.0,-33.0,1.0,36.0,89.0,38.0,55.0,-56.0,-27.0,47.0,-23.520000000000003,45.58,-10.920000000000002,-38.269999999999996,-16.66,7.399999999999999,42.35,-10.82,39.32,-61.38,-70.18,51.15
2025-08-13T14:07:39.946304,-8.0,173.0,-70.0,18.0,12.0,34.0,14.0,65.0,-44.0,-33.0,32.0,90.0,30.479999999999997,109.58,-38.92,12.73,-5.66,5.399999999999999,-32.65,16.18,-59.68,-38.38,-11.18,94.15
2025-08-13T14:07:39.950323,-74.0,-44.0,-24.0,2.0,34.0,15.0,94.0,110.0,53.0,29.0,-15.0,34.0,-35.52,-107.42,7.079999999999998,-3.2699999999999996,16.34,-13.600000000000001,47.35,61.18,37.32,23.62,-58.18,38.15
2025-08-13T14:07:39.958610,-35.0,51.0,-31.0,-17.0,-13.0,66.0,13.0,26.0,-112.0,-4.0,-11.0,17.0,3.479999999999997,-12.420000000000002,0.0799999999999983,-22.27,-30.66,37.4,-33.65,-22.82,-127.68,-9.379999999999999,-54.18,21.15
2025-08-13T14:07:39.966716,-104.0,74.0,-5.0,-32.0,28.0,30.0,-2.0,117.0,-19.0,-27.0,-11.0,-9.0,-65.52000000000001,10.579999999999998,26.08,-37.269999999999996,10.34,1.3999999999999986,-48.65,68.18,-34.68,-32.38,-54.18,-4.85
2025-08-13T14:07:39.970828,-40.0,72.0,17.0,-38.0,16.0,-17.0,129.0,48.0,6.0,-28.0,0.0,-6.0,-1.5200000000000031,8.579999999999998,48.08,-43.269999999999996,-1.6600000000000001,-45.6,82.35,-0.8200000000000003,-9.68,-33.38,-43.18,-1.8499999999999996
2025-08-13T14:07:39.974893,-32.0,116.0,-91.0,17.0,-2.0,41.0,12.0,73.0,-9.0,10.0,9.0,5.0,6.479999999999997,52.58,-59.92,11.73,-19.66,12.399999999999999,-34.65,24.18,-24.68,4.62,-34.18,9.15
2025-08-13T14:07:39.983176,-120.0,74.0,-65.0,3.0,103.0,-32.0,47.0,76.0,61.0,20.0,-36.0,83.0,-81.52000000000001,10.579999999999998,-33.92,-2.2699999999999996,85.34,-60.6,0.3500000000000014,27.18,45.32,14.620000000000001,-79.18,87.15
2025-08-13T14:07:39.987192,-2.0,121.0,-46.0,67.0,23.0,30.0,0.0,74.0,44.0,80.0,-9.0,36.0,36.48,57.58,-14.920000000000002,61.730000000000004,5.34,1.3999999999999986,-46.65,25.18,28.32,74.62,-52.18,40.15
2025-08-13T14:07:39.995538,-12.0,45.0,-39.0,47.0,7.0,33.0,76.0,-1.0,-18.0,51.0,-22.0,29.0,26.479999999999997,-18.42,-7.920000000000002,41.730000000000004,-10.66,4.399999999999999,29.35,-49.82,-33.68,45.62,-65.18,33.15
2025-08-13T14:07:39.999473,-23.0,62.0,-15.0,-67.0,-81.0,38.0,65.0,55.0,0.0,31.0,-40.0,-30.0,15.479999999999997,-1.4200000000000017,16.08,-72.27,-98.66,9.399999999999999,18.35,6.18,-15.68,25.62,-83.18,-25.85
2025-08-13T14:07:40.007759,-50.0,32.0,-9.0,-11.0,-17.0,22.0,58.0,44.0,-6.0,50.0,-37.0,45.0,-11.520000000000003,-31.42,22.08,-16.27,-34.66,-6.600000000000001,11.350000000000001,-4.82,-21.68,44.62,-80.18,49.15
2025-08-13T14:07:40.011806,-102.0,129.0,2.0,-28.0,38.0,-21.0,43.0,45.0,53.0,33.0,21.0,12.0,-63.52,65.58,33.08,-33.269999999999996,20.34,-49.6,-3.6499999999999986,-3.8200000000000003,37.32,27.62,-22.18,16.15
2025-08-13T14:07:40.019979,-109.0,76.0,-10.0,-53.0,9.0,44.0,72.0,57.0,18.0,12.0,-69.0,90.0,-70.52000000000001,12.579999999999998,21.08,-58.269999999999996,-8.66,15.399999999999999,25.35,8.18,2.3200000000000003,6.62,-112.18,94.15
2025-08-13T14:07:40.024062,-28.0,118.0,-67.0,14.0,-54.0,2.0,84.0,35.0,29.0,72.0,17.0,25.0,10.479999999999997,54.58,-35.92,8.73,-71.66,-26.6,37.35,-13.82,13.32,66.62,-26.18,29.15
2025-08-13T14:07:40.032168,27.0,41.0,-92.0,-3.0,31.0,51.0,60.0,49.0,37.0,24.0,-19.0,95.0,65.47999999999999,-22.42,-60.92,-8.27,13.34,22.4,13.350000000000001,0.17999999999999972,21.32,18.62,-62.18,99.15
2025-08-13T14:07:40.036347,-115.0,54.0,0.0,-31.0,-26.0,63.0,5.0,-20.0,-10.0,-65.0,42.0,-7.0,-76.52000000000001,-9.420000000000002,31.08,-36.269999999999996,-43.66,34.4,-41.65,-68.82,-25.68,-70.38,-1.1799999999999997,-2.8499999999999996
2025-08-13T14:07:40.044452,-86.0,-3.0,-92.0,-4.0,76.0,25.0,54.0,12.0,-5.0,-5.0,-10.0,58.0,-47.52,-66.42,-60.92,-9.27,58.34,-3.6000000000000014,7.350000000000001,-36.82,-20.68,-10.379999999999999,-53.18,62.15
2025-08-13T14:07:40.048871,-24.0,-15.0,-55.0,-89.0,-41.0,51.0,76.0,24.0,79.0,46.0,51.0,24.0,14.479999999999997,-78.42,-23.92,-94.27,-58.66,22.4,29.35,-24.82,63.32,40.62,7.82,28.15
2025-08-13T14:07:40.056738,-3.0,19.0,-42.0,-18.0,-20.0,-16.0,24.0,61.0,3.0,40.0,69.0,42.0,35.48,-44.42,-10.920000000000002,-23.27,-37.66,-44.6,-22.65,12.18,-12.68,34.62,25.82,46.15
2025-08-13T14:07:40.060946,-81.0,62.0,-31.0,12.0,118.0,16.0,94.0,88.0,11.0,16.0,-21.0,49.0,-42.52,-1.4200000000000017,0.0799999999999983,6.73,100.34,-12.600000000000001,47.35,39.18,-4.68,10.620000000000001,-64.18,53.15
2025-08-13T14:07:40.069124,-119.0,19.0,21.0,27.0,25.0,21.0,55.0,84.0,6.0,32.0,36.0,89.0,-80.52000000000001,-44.42,52.08,21.73,7.34,-7.600000000000001,8.350000000000001,35.18,-9.68,26.62,-7.18,93.15
2025-08-13T14:07:40.073301,-63.0,75.0,-102.0,17.0,-36.0,78.0,73.0,43.0,-21.0,20.0,-7.0,11.0,-24.520000000000003,11.579999999999998,-70.92,11.73,-53.66,49.4,26.35,-5.82,-36.68,14.620000000000001,-50.18,15.15
2025-08-13T14:07:40.081397,-60.0,36.0,-79.0,36.0,-40.0,58.0,41.0,-1.0,10.0,67.0,60.0,51.0,-21.520000000000003,-27.42,-47.92,30.73,-57.66,29.4,-5.649999999999999,-49.82,-5.68,61.62,16.82,55.15
2025-08-13T14:07:40.085731,-15.0,68.0,-89.0,27.0,21.0,36.0,49.0,115.0,16.0,-4.0,30.0,48.0,23.479999999999997,4.579999999999998,-57.92,21.73,3.34,7.399999999999999,2.3500000000000014,66.18,0.3200000000000003,-9.379999999999999,-13.18,52.15
2025-08-13T14:07:40.093735,-19.0,-12.0,-7.0,-53.0,-9.0,45.0,28.0,36.0,76.0,21.0,99.0,35.0,19.479999999999997,-75.42,24.08,-58.269999999999996,-26.66,16.4,-18.65,-12.82,60.32,15.620000000000001,55.82,39.15
2025-08-13T14:07:40.097989,-37.0,88.0,24.0,75.0,25.0,-15.0,86.0,29.0,43.0,44.0,65.0,-22.0,1.4799999999999969,24.58,55.08,69.73,7.34,-43.6,39.35,-19.82,27.32,38.62,21.82,-17.85
2025-08-13T14:07:40.106118,-171.0,31.0,-1.0,17.0,25.0,-68.0,21.0,13.0,54.0,52.0,-28.0,21.0,-132.52,-32.42,30.08,11.73,7.34,-96.6,-25.65,-35.82,38.32,46.62,-71.18,25.15
2025-08-13T14:07:40.110720,-32.0,77.0,12.0,37.0,-44.0,25.0,20.0,91.0,30.0,-6.0,50.0,15.0,6.479999999999997,13.579999999999998,43.08,31.73,-61.66,-3.6000000000000014,-26.65,42.18,14.32,-11.379999999999999,6.82,19.15
2025-08-13T14:07:40.118435,12.0,94.0,-26.0,-9.0,-101.0,-16.0,-28.0,87.0,34.0,18.0,-18.0,78.0,50.48,30.58,5.079999999999998,-14.27,-118.66,-44.6,-74.65,38.18,18.32,12.620000000000001,-61.18,82.15
2025-08-13T14:07:40.123204,-32.0,76.0,-36.0,-57.0,7.0,-19.0,32.0,95.0,1.0,25.0,21.0,99.0,6.479999999999997,12.579999999999998,-4.920000000000002,-62.269999999999996,-10.66,-47.6,-14.649999999999999,46.18,-14.68,19.62,-22.18,103.15
2025-08-13T14:07:40.130663,-21.0,131.0,-46.0,-19.0,71.0,35.0,108.0,37.0,45.0,70.0,-12.0,-35.0,17.479999999999997,67.58,-14.920000000000002,-24.27,53.34,6.399999999999999,61.35,-11.82,29.32,64.62,-55.18,-30.85
2025-08-13T14:07:40.135560,20.0,67.0,0.0,-27.0,17.0,38.0,24.0,34.0,-48.0,43.0,19.0,6.0,58.48,3.5799999999999983,31.08,-32.269999999999996,-0.6600000000000001,9.399999999999999,-22.65,-14.82,-63.68,37.62,-24.18,10.15
2025-08-13T14:07:40.143058,-94.0,94.0,-2.0,-6.0,24.0,-37.0,55.0,58.0,25.0,39.0,-10.0,13.0,-55.52,30.58,29.08,-11.27,6.34,-65.6,8.350000000000001,9.18,9.32,33.62,-53.18,17.15
2025-08-13T14:07:40.147219,-86.0,-5.0,15.0,2.0,16.0,34.0,92.0,76.0,40.0,89.0,-17.0,38.0,-47.52,-68.42,46.08,-3.2699999999999996,-1.6600000000000001,5.399999999999999,45.35,27.18,24.32,83.62,-60.18,42.15
2025-08-13T14:07:40.155027,-50.0,63.0,-11.0,8.0,-14.0,0.0,7.0,52.0,27.0,29.0,-6.0,-3.0,-11.520000000000003,-0.4200000000000017,20.08,2.7300000000000004,-31.66,-28.6,-39.65,3.1799999999999997,11.32,23.62,-49.18,1.1500000000000004
2025-08-13T14:07:40.159751,-113.0,143.0,16.0,84.0,-15.0,30.0,-13.0,76.0,1.0,20.0,-27.0,54.0,-74.52000000000001,79.58,47.08,78.73,-32.66,1.3999999999999986,-59.65,27.18,-14.68,14.620000000000001,-70.18,58.15
2025-08-13T14:07:40.167507,-70.0,138.0,-60.0,29.0,-26.0,35.0,114.0,75.0,-12.0,81.0,85.0,39.0,-31.520000000000003,74.58,-28.92,23.73,-43.66,6.399999999999999,67.35,26.18,-27.68,75.62,41.82,43.15
2025-08-13T14:07:40.171897,-78.0,83.0,-47.0,30.0,-19.0,-43.0,119.0,15.0,37.0,50.0,-29.0,65.0,-39.52,19.58,-15.920000000000002,24.73,-36.66,-71.6,72.35,-33.82,21.32,44.62,-72.18,69.15
2025-08-13T14:07:40.179787,-25.0,4.0,-77.0,30.0,11.0,3.0,109.0,107.0,66.0,8.0,0.0,32.0,13.479999999999997,-59.42,-45.92,24.73,-6.66,-25.6,62.35,58.18,50.32,2.62,-43.18,36.15
2025-08-13T14:07:40.184168,-36.0,69.0,-21.0,9.0,36.0,65.0,67.0,84.0,39.0,12.0,-22.0,95.0,2.479999999999997,5.579999999999998,10.079999999999998,3.7300000000000004,18.34,36.4,20.35,35.18,23.32,6.62,-65.18,99.15
2025-08-13T14:07:40.192054,13.0,28.0,-75.0,2.0,17.0,-30.0,24.0,65.0,76.0,14.0,37.0,19.0,51.48,-35.42,-43.92,-3.2699999999999996,-0.6600000000000001,-58.6,-22.65,16.18,60.32,8.620000000000001,-6.18,23.15
2025-08-13T14:07:40.196345,16.0,54.0,-94.0,41.0,-13.0,33.0,71.0,61.0,29.0,46.0,29.0,18.0,54.48,-9.420000000000002,-62.92,35.730000000000004,-30.66,4.399999999999999,24.35,12.18,13.32,40.62,-14.18,22.15
2025-08-13T14:07:40.204303,27.0,58.0,-11.0,-15.0,1.0,32.0,9.0,29.0,44.0,24.0,-1.0,-13.0,65.47999999999999,-5.420000000000002,20.08,-20.27,-16.66,3.3999999999999986,-37.65,-19.82,28.32,18.62,-44.18,-8.85
2025-08-13T14:07:40.208547,-22.0,27.0,78.0,8.0,-70.0,64.0,17.0,13.0,32.0,56.0,24.0,0.0,16.479999999999997,-36.42,109.08,2.7300000000000004,-87.66,35.4,-29.65,-35.82,16.32,50.62,-19.18,4.15
2025-08-13T14:07:40.216686,-10.0,130.0,-10.0,-74.0,-24.0,-2.0,60.0,-27.0,15.0,108.0,9.0,58.0,28.479999999999997,66.58,21.08,-79.27,-41.66,-30.6,13.350000000000001,-75.82,-0.6799999999999997,102.62,-34.18,62.15
2025-08-13T14:07:40.222873,-94.0,-19.0,-48.0,-89.0,71.0,38.0,9.0,59.0,72.0,20.0,-12.0,-12.0,-55.52,-82.42,-16.92,-94.27,53.34,9.399999999999999,-37.65,10.18,56.32,14.620000000000001,-55.18,-7.85
2025-08-13T14:07:40.225142,-100.0,91.0,27.0,60.0,47.0,81.0,42.0,66.0,44.0,15.0,10.0,13.0,-61.52,27.58,58.08,54.730000000000004,29.34,52.4,-4.649999999999999,17.18,28.32,9.620000000000001,-33.18,17.15
2025-08-13T14:07:40.234825,-73.0,92.0,-78.0,34.0,-66.0,27.0,28.0,38.0,84.0,57.0,-33.0,22.0,-34.52,28.58,-46.92,28.73,-83.66,-1.6000000000000014,-18.65,-10.82,68.32,51.62,-76.18,26.15
2025-08-13T14:07:40.239758,-22.0,110.0,-44.0,-43.0,-32.0,63.0,16.0,67.0,6.0,78.0,52.0,22.0,16.479999999999997,46.58,-12.920000000000002,-48.269999999999996,-49.66,34.4,-30.65,18.18,-9.68,72.62,8.82,26.15
2025-08-13T14:07:40.245137,22.0,68.0,-73.0,6.0,30.0,10.0,28.0,3.0,25.0,69.0,-6.0,43.0,60.48,4.579999999999998,-41.92,0.7300000000000004,12.34,-18.6,-18.65,-45.82,9.32,63.62,-49.18,47.15
2025-08-13T14:07:40.249328,-69.0,70.0,-19.0,2.0,52.0,48.0,-3.0,38.0,42.0,20.0,26.0,-85.0,-30.520000000000003,6.579999999999998,12.079999999999998,-3.2699999999999996,34.34,19.4,-49.65,-10.82,26.32,14.620000000000001,-17.18,-80.85
2025-08-13T14:07:40.257506,-11.0,71.0,-61.0,-54.0,12.0,57.0,53.0,-9.0,55.0,55.0,72.0,-107.0,27.479999999999997,7.579999999999998,-29.92,-59.269999999999996,-5.66,28.4,6.350000000000001,-57.82,39.32,49.62,28.82,-102.85
2025-08-13T14:07:40.261571,11.0,25.0,5.0,-13.0,34.0,40.0,16.0,53.0,42.0,64.0,53.0,-36.0,49.48,-38.42,36.08,-18.27,16.34,11.399999999999999,-30.65,4.18,26.32,58.62,9.82,-31.85
2025-08-13T14:07:40.269760,-96.0,33.0,-6.0,-19.0,-34.0,-13.0,40.0,116.0,55.0,20.0,80.0,-24.0,-57.52,-30.42,25.08,-24.27,-51.66,-41.6,-6.649999999999999,67.18,39.32,14.620000000000001,36.82,-19.85
2025-08-13T14:07:40.273931,-88.0,173.0,-28.0,1.0,8.0,53.0,8.0,78.0,0.0,65.0,53.0,11.0,-49.52,109.58,3.0799999999999983,-4.27,-9.66,24.4,-38.65,29.18,-15.68,59.62,9.82,15.15
2025-08-13T14:07:40.282193,-82.0,37.0,-21.0,-1.0,-19.0,20.0,35.0,4.0,30.0,1.0,71.0,-39.0,-43.52,-26.42,10.079999999999998,-6.27,-36.66,-8.600000000000001,-11.649999999999999,-44.82,14.32,-4.38,27.82,-34.85
2025-08-13T14:07:40.286177,-16.0,91.0,34.0,25.0,12.0,24.0,68.0,126.0,40.0,25.0,97.0,-55.0,22.479999999999997,27.58,65.08,19.73,-5.66,-4.600000000000001,21.35,77.18,24.32,19.62,53.82,-50.85
2025-08-13T14:07:40.294268,-106.0,159.0,-23.0,30.0,22.0,64.0,36.0,-5.0,9.0,71.0,86.0,-53.0,-67.52000000000001,95.58,8.079999999999998,24.73,4.34,35.4,-10.649999999999999,-53.82,-6.68,65.62,42.82,-48.85
2025-08-13T14:07:40.298516,22.0,32.0,-55.0,25.0,-26.0,76.0,43.0,101.0,15.0,58.0,88.0,-19.0,60.48,-31.42,-23.92,19.73,-43.66,47.4,-3.6499999999999986,52.18,-0.6799999999999997,52.62,44.82,-14.85
2025-08-13T14:07:40.306694,19.0,24.0,-66.0,-1.0,67.0,51.0,62.0,-49.0,-28.0,12.0,56.0,-34.0,57.48,-39.42,-34.92,-6.27,49.34,22.4,15.350000000000001,-97.82,-43.68,6.62,12.82,-29.85
2025-08-13T14:07:40.311034,-4.0,39.0,-73.0,-41.0,64.0,15.0,30.0,69.0,105.0,114.0,62.0,-102.0,34.48,-24.42,-41.92,-46.269999999999996,46.34,-13.600000000000001,-16.65,20.18,89.32,108.62,18.82,-97.85
2025-08-13T14:07:40.318934,-13.0,-23.0,1.0,2.0,75.0,-12.0,93.0,66.0,60.0,79.0,41.0,-26.0,25.479999999999997,-86.42,32.08,-3.2699999999999996,57.34,-40.6,46.35,17.18,44.32,73.62,-2.1799999999999997,-21.85
2025-08-13T14:07:40.323275,-88.0,40.0,3.0,-32.0,-9.0,33.0,46.0,95.0,21.0,40.0,61.0,55.0,-49.52,-23.42,34.08,-37.269999999999996,-26.66,4.399999999999999,-0.6499999999999986,46.18,5.32,34.62,17.82,59.15
2025-08-13T14:07:40.331387,-118.0,26.0,-34.0,-6.0,57.0,68.0,118.0,67.0,4.0,70.0,73.0,-64.0,-79.52000000000001,-37.42,-2.9200000000000017,-11.27,39.34,39.4,71.35,18.18,-11.68,64.62,29.82,-59.85
2025-08-13T14:07:40.335598,-48.0,99.0,-55.0,7.0,-22.0,71.0,25.0,81.0,31.0,76.0,-26.0,-17.0,-9.520000000000003,35.58,-23.92,1.7300000000000004,-39.66,42.4,-21.65,32.18,15.32,70.62,-69.18,-12.85
2025-08-13T14:07:40.343562,-27.0,15.0,-25.0,1.0,65.0,34.0,68.0,40.0,2.0,66.0,83.0,21.0,11.479999999999997,-48.42,6.079999999999998,-4.27,47.34,5.399999999999999,21.35,-8.82,-13.68,60.62,39.82,25.15
2025-08-13T14:07:40.348772,11.0,55.0,-77.0,-33.0,34.0,-81.0,25.0,33.0,-46.0,52.0,36.0,-12.0,49.48,-8.420000000000002,-45.92,-38.269999999999996,16.34,-109.6,-21.65,-15.82,-61.68,46.62,-7.18,-7.85
2025-08-13T14:07:40.356135,-73.0,16.0,-62.0,3.0,44.0,32.0,35.0,65.0,-57.0,59.0,71.0,-47.0,-34.52,-47.42,-30.92,-2.2699999999999996,26.34,3.3999999999999986,-11.649999999999999,16.18,-72.68,53.62,27.82,-42.85
2025-08-13T14:07:40.362883,-9.0,64.0,-82.0,-52.0,-21.0,45.0,76.0,24.0,-18.0,40.0,30.0,-55.0,29.479999999999997,0.5799999999999983,-50.92,-57.269999999999996,-38.66,16.4,29.35,-24.82,-33.68,34.62,-13.18,-50.85
2025-08-13T14:07:40.368082,-82.0,-13.0,30.0,70.0,11.0,7.0,45.0,94.0,-35.0,36.0,43.0,-22.0,-43.52,-76.42,61.08,64.73,-6.66,-21.6,-1.6499999999999986,45.18,-50.68,30.62,-0.17999999999999972,-17.85
2025-08-13T14:07:40.374734,-102.0,36.0,30.0,14.0,10.0,-6.0,43.0,56.0,26.0,83.0,55.0,45.0,-63.52,-27.42,61.08,8.73,-7.66,-34.6,-3.6499999999999986,7.18,10.32,77.62,11.82,49.15
2025-08-13T14:07:40.381279,-52.0,176.0,-7.0,-50.0,50.0,42.0,48.0,-7.0,26.0,30.0,91.0,-29.0,-13.520000000000003,112.58,24.08,-55.269999999999996,32.34,13.399999999999999,1.3500000000000014,-55.82,10.32,24.62,47.82,-24.85
2025-08-13T14:07:40.389649,-85.0,83.0,-18.0,20.0,22.0,80.0,-16.0,-1.0,35.0,91.0,31.0,-45.0,-46.52,19.58,13.079999999999998,14.73,4.34,51.4,-62.65,-49.82,19.32,85.62,-12.18,-40.85
2025-08-13T14:07:40.396492,-21.0,60.0,-62.0,-25.0,-18.0,0.0,32.0,7.0,-8.0,-49.0,44.0,-44.0,17.479999999999997,-3.4200000000000017,-30.92,-30.27,-35.66,-28.6,-14.649999999999999,-41.82,-23.68,-54.38,0.8200000000000003,-39.85
2025-08-13T14:07:40.401159,-13.0,77.0,-50.0,5.0,29.0,7.0,50.0,43.0,-11.0,-3.0,84.0,-44.0,25.479999999999997,13.579999999999998,-18.92,-0.2699999999999996,11.34,-21.6,3.3500000000000014,-5.82,-26.68,-8.379999999999999,40.82,-39.85
2025-08-13T14:07:40.404967,-42.0,83.0,-44.0,29.0,-51.0,33.0,55.0,92.0,-36.0,-58.0,96.0,5.0,-3.520000000000003,19.58,-12.920000000000002,23.73,-68.66,4.399999999999999,8.350000000000001,43.18,-51.68,-63.38,52.82,9.15
2025-08-13T14:07:40.409028,-38.0,1.0,-36.0,44.0,-22.0,69.0,82.0,32.0,14.0,-11.0,65.0,14.0,0.4799999999999969,-62.42,-4.920000000000002,38.730000000000004,-39.66,40.4,35.35,-16.82,-1.6799999999999997,-16.38,21.82,18.15
2025-08-13T14:07:40.417049,-43.0,40.0,-30.0,15.0,16.0,23.0,9.0,28.0,56.0,29.0,68.0,-59.0,-4.520000000000003,-23.42,1.0799999999999983,9.73,-1.6600000000000001,-5.600000000000001,-37.65,-20.82,40.32,23.62,24.82,-54.85
2025-08-13T14:07:40.421550,-50.0,71.0,50.0,24.0,97.0,68.0,58.0,23.0,86.0,-36.0,79.0,-56.0,-11.520000000000003,7.579999999999998,81.08,18.73,79.34,39.4,11.350000000000001,-25.82,70.32,-41.38,35.82,-51.85
2025-08-13T14:07:40.429424,-36.0,130.0,14.0,-9.0,79.0,-65.0,39.0,31.0,3.0,-11.0,50.0,-13.0,2.479999999999997,66.58,45.08,-14.27,61.34,-93.6,-7.649999999999999,-17.82,-12.68,-16.38,6.82,-8.85
2025-08-13T14:07:40.433864,-31.0,117.0,-92.0,-27.0,54.0,21.0,-9.0,27.0,39.0,-6.0,35.0,-48.0,7.479999999999997,53.58,-60.92,-32.269999999999996,36.34,-7.600000000000001,-55.65,-21.82,23.32,-11.379999999999999,-8.18,-43.85
2025-08-13T14:07:40.441659,-2.0,120.0,-54.0,68.0,-15.0,-49.0,28.0,84.0,17.0,-21.0,88.0,-38.0,36.48,56.58,-22.92,62.730000000000004,-32.66,-77.6,-18.65,35.18,1.3200000000000003,-26.38,44.82,-33.85
2025-08-13T14:07:40.445872,22.0,-15.0,-61.0,51.0,-6.0,15.0,67.0,43.0,-7.0,-14.0,78.0,-33.0,60.48,-78.42,-29.92,45.730000000000004,-23.66,-13.600000000000001,20.35,-5.82,-22.68,-19.38,34.82,-28.85
2025-08-13T14:07:40.454173,-44.0,-16.0,-49.0,10.0,20.0,60.0,68.0,-57.0,-56.0,-39.0,88.0,-12.0,-5.520000000000003,-79.42,-17.92,4.73,2.34,31.4,21.35,-105.82,-71.68,-44.38,44.82,-7.85
2025-08-13T14:07:40.458209,-18.0,68.0,61.0,66.0,43.0,36.0,-4.0,106.0,33.0,-20.0,77.0,-67.0,20.479999999999997,4.579999999999998,92.08,60.730000000000004,25.34,7.399999999999999,-50.65,57.18,17.32,-25.38,33.82,-62.85
2025-08-13T14:07:40.466419,-82.0,20.0,-18.0,-6.0,51.0,38.0,-11.0,43.0,30.0,-19.0,22.0,-16.0,-43.52,-43.42,13.079999999999998,-11.27,33.34,9.399999999999999,-57.65,-5.82,14.32,-24.38,-21.18,-11.85
2025-08-13T14:07:40.470657,-112.0,160.0,22.0,44.0,36.0,50.0,-3.0,84.0,12.0,10.0,49.0,13.0,-73.52000000000001,96.58,53.08,38.730000000000004,18.34,21.4,-49.65,35.18,-3.6799999999999997,4.62,5.82,17.15
2025-08-13T14:07:40.478751,-99.0,102.0,-53.0,6.0,-14.0,2.0,114.0,100.0,39.0,1.0,93.0,-43.0,-60.52,38.58,-21.92,0.7300000000000004,-31.66,-26.6,67.35,51.18,23.32,-4.38,49.82,-38.85
2025-08-13T14:07:40.482901,-52.0,100.0,-20.0,23.0,-46.0,59.0,40.0,-19.0,-42.0,-34.0,68.0,-89.0,-13.520000000000003,36.58,11.079999999999998,17.73,-63.66,30.4,-6.649999999999999,-67.82,-57.68,-39.38,24.82,-84.85
2025-08-13T14:07:40.490984,-4.0,-4.0,-38.0,-9.0,29.0,44.0,60.0,32.0,55.0,5.0,125.0,-15.0,34.48,-67.42,-6.920000000000002,-14.27,11.34,15.399999999999999,13.350000000000001,-16.82,39.32,-0.3799999999999999,81.82,-10.85
2025-08-13T14:07:40.495229,-48.0,112.0,16.0,-4.0,61.0,17.0,99.0,-8.0,42.0,-27.0,52.0,-90.0,-9.520000000000003,48.58,47.08,-9.27,43.34,-11.600000000000001,52.35,-56.82,26.32,-32.38,8.82,-85.85
2025-08-13T14:07:40.503202,-83.0,-42.0,49.0,-69.0,66.0,8.0,110.0,105.0,11.0,-13.0,65.0,-61.0,-44.52,-105.42,80.08,-74.27,48.34,-20.6,63.35,56.18,-4.68,-18.38,21.82,-56.85
2025-08-13T14:07:40.507580,-107.0,59.0,-49.0,-14.0,58.0,-57.0,23.0,72.0,21.0,50.0,42.0,-56.0,-68.52000000000001,-4.420000000000002,-17.92,-19.27,40.34,-85.6,-23.65,23.18,5.32,44.62,-1.1799999999999997,-51.85
2025-08-13T14:07:40.515634,-109.0,94.0,-3.0,34.0,-22.0,18.0,95.0,76.0,95.0,-4.0,34.0,-52.0,-70.52000000000001,30.58,28.08,28.73,-39.66,-10.600000000000001,48.35,27.18,79.32,-9.379999999999999,-9.18,-47.85
2025-08-13T14:07:40.520003,-90.0,66.0,-9.0,21.0,33.0,70.0,77.0,19.0,57.0,-8.0,47.0,-18.0,-51.52,2.5799999999999983,22.08,15.73,15.34,41.4,30.35,-29.82,41.32,-13.379999999999999,3.8200000000000003,-13.85
2025-08-13T14:07:40.527854,-88.0,116.0,13.0,42.0,-12.0,39.0,20.0,50.0,56.0,-3.0,88.0,-92.0,-49.52,52.58,44.08,36.730000000000004,-29.66,10.399999999999999,-26.65,1.1799999999999997,40.32,-8.379999999999999,44.82,-87.85
2025-08-13T14:07:40.532245,-64.0,107.0,-13.0,-13.0,-46.0,25.0,25.0,89.0,26.0,-37.0,84.0,-5.0,-25.520000000000003,43.58,18.08,-18.27,-63.66,-3.6000000000000014,-21.65,40.18,10.32,-42.38,40.82,-0.8499999999999996
2025-08-13T14:07:40.540190,-58.0,117.0,-49.0,-8.0,69.0,43.0,70.0,37.0,5.0,-24.0,95.0,-43.0,-19.520000000000003,53.58,-17.92,-13.27,51.34,14.399999999999999,23.35,-11.82,-10.68,-29.38,51.82,-38.85
2025-08-13T14:07:40.544663,-96.0,35.0,-61.0,-29.0,8.0,16.0,117.0,96.0,24.0,-64.0,120.0,-34.0,-57.52,-28.42,-29.92,-34.269999999999996,-9.66,-12.600000000000001,70.35,47.18,8.32,-69.38,76.82,-29.85
2025-08-13T14:07:40.552258,-30.0,17.0,34.0,-57.0,63.0,35.0,-19.0,-16.0,-18.0,-74.0,43.0,-18.0,8.479999999999997,-46.42,65.08,-62.269999999999996,45.34,6.399999999999999,-65.65,-64.82,-33.68,-79.38,-0.17999999999999972,-13.85
2025-08-13T14:07:40.556622,-83.0,-5.0,6.0,18.0,-27.0,28.0,61.0,-25.0,-24.0,24.0,91.0,-6.0,-44.52,-68.42,37.08,12.73,-44.66,-0.6000000000000014,14.350000000000001,-73.82,-39.68,18.62,47.82,-1.8499999999999996
2025-08-13T14:07:40.560966,-49.0,-34.0,-10.0,17.0,12.0,10.0,79.0,19.0,2.0,13.0,102.0,0.0,-10.520000000000003,-97.42,21.08,11.73,-5.66,-18.6,32.35,-29.82,-13.68,7.62,58.82,4.15
2025-08-13T14:07:40.568979,-39.0,115.0,-17.0,-50.0,-24.0,46.0,37.0,29.0,41.0,-9.0,29.0,-29.0,-0.5200000000000031,51.58,14.079999999999998,-55.269999999999996,-41.66,17.4,-9.649999999999999,-19.82,25.32,-14.379999999999999,-14.18,-24.85
2025-08-13T14:07:40.576810,-107.0,171.0,-71.0,-4.0,-4.0,81.0,67.0,26.0,60.0,-1.0,59.0,-83.0,-68.52000000000001,107.58,-39.92,-9.27,-21.66,52.4,20.35,-22.82,44.32,-6.38,15.82,-78.85
2025-08-13T14:07:40.582223,28.0,132.0,-68.0,9.0,21.0,-11.0,23.0,26.0,16.0,-53.0,151.0,-5.0,66.47999999999999,68.58,-36.92,3.7300000000000004,3.34,-39.6,-23.65,-22.82,0.3200000000000003,-58.38,107.82,-0.8499999999999996
2025-08-13T14:07:40.589093,-46.0,87.0,-46.0,-12.0,63.0,-30.0,24.0,57.0,94.0,22.0,92.0,-90.0,-7.520000000000003,23.58,-14.920000000000002,-17.27,45.34,-58.6,-22.65,8.18,78.32,16.62,48.82,-85.85
2025-08-13T14:07:40.594279,-27.0,11.0,-44.0,62.0,-57.0,-39.0,-67.0,-4.0,52.0,6.0,83.0,-47.0,11.479999999999997,-52.42,-12.920000000000002,56.730000000000004,-74.66,-67.6,-113.65,-52.82,36.32,0.6200000000000001,39.82,-42.85
2025-08-13T14:07:40.597433,-73.0,25.0,69.0,67.0,-47.0,66.0,-14.0,43.0,65.0,28.0,97.0,-28.0,-34.52,-38.42,100.08,61.730000000000004,-64.66,37.4,-60.65,-5.82,49.32,22.62,53.82,-23.85
2025-08-13T14:07:40.606264,-53.0,50.0,36.0,14.0,26.0,40.0,130.0,43.0,93.0,-32.0,60.0,-67.0,-14.520000000000003,-13.420000000000002,67.08,8.73,8.34,11.399999999999999,83.35,-5.82,77.32,-37.38,16.82,-62.85
2025-08-13T14:07:40.613688,-81.0,116.0,-56.0,4.0,13.0,-2.0,-14.0,98.0,26.0,-59.0,45.0,-33.0,-42.52,52.58,-24.92,-1.2699999999999996,-4.66,-30.6,-60.65,49.18,10.32,-64.38,1.8200000000000003,-28.85
2025-08-13T14:07:40.618346,-82.0,115.0,-72.0,22.0,49.0,0.0,11.0,57.0,15.0,10.0,76.0,8.0,-43.52,51.58,-40.92,16.73,31.34,-28.6,-35.65,8.18,-0.6799999999999997,4.62,32.82,12.15
2025-08-13T14:07:40.626206,-11.0,125.0,-26.0,72.0,24.0,-30.0,21.0,59.0,30.0,-49.0,81.0,-24.0,27.479999999999997,61.58,5.079999999999998,66.73,6.34,-58.6,-25.65,10.18,14.32,-54.38,37.82,-19.85
2025-08-13T14:07:40.630617,-21.0,0.0,-44.0,35.0,-30.0,67.0,70.0,48.0,-2.0,-21.0,99.0,-31.0,17.479999999999997,-63.42,-12.920000000000002,29.73,-47.66,38.4,23.35,-0.8200000000000003,-17.68,-26.38,55.82,-26.85
2025-08-13T14:07:40.634311,-5.0,68.0,-67.0,58.0,-10.0,24.0,-17.0,99.0,1.0,7.0,79.0,-56.0,33.48,4.579999999999998,-35.92,52.730000000000004,-27.66,-4.600000000000001,-63.65,50.18,-14.68,1.62,35.82,-51.85
2025-08-13T14:07:40.642564,5.0,90.0,-85.0,-3.0,-77.0,1.0,41.0,27.0,-43.0,-17.0,90.0,-13.0,43.48,26.58,-53.92,-8.27,-94.66,-27.6,-5.649999999999999,-21.82,-58.68,-22.38,46.82,-8.85
2025-08-13T14:07:40.646576,11.0,85.0,-72.0,1.0,21.0,73.0,51.0,12.0,-18.0,-26.0,108.0,-84.0,49.48,21.58,-40.92,-4.27,3.34,44.4,4.350000000000001,-36.82,-33.68,-31.38,64.82,-79.85
2025-08-13T14:07:40.654732,-60.0,74.0,22.0,-2.0,34.0,49.0,67.0,75.0,48.0,25.0,76.0,24.0,-21.520000000000003,10.579999999999998,53.08,-7.27,16.34,20.4,20.35,26.18,32.32,19.62,32.82,28.15
2025-08-13T14:07:40.658981,-105.0,-19.0,44.0,-59.0,15.0,60.0,58.0,52.0,-37.0,-50.0,92.0,-40.0,-66.52000000000001,-82.42,75.08,-64.27,-2.66,31.4,11.350000000000001,3.1799999999999997,-52.68,-55.38,48.82,-35.85
2025-08-13T14:07:40.667054,-68.0,139.0,24.0,-2.0,43.0,48.0,83.0,116.0,-25.0,-14.0,77.0,34.0,-29.520000000000003,75.58,55.08,-7.27,25.34,19.4,36.35,67.18,-40.68,-19.38,33.82,38.15
2025-08-13T14:07:40.671198,-102.0,136.0,-59.0,34.0,50.0,48.0,100.0,18.0,15.0,-14.0,119.0,21.0,-63.52,72.58,-27.92,28.73,32.34,19.4,53.35,-30.82,-0.6799999999999997,-19.38,75.82,25.15
2025-08-13T14:07:40.679425,29.0,2.0,-36.0,1.0,-31.0,34.0,119.0,43.0,67.0,34.0,-3.0,-11.0,67.47999999999999,-61.42,-4.920000000000002,-4.27,-48.66,5.399999999999999,72.35,-5.82,51.32,28.62,-46.18,-6.85
2025-08-13T14:07:40.683500,-31.0,58.0,1.0,58.0,-37.0,74.0,65.0,17.0,23.0,-2.0,65.0,-54.0,7.479999999999997,-5.420000000000002,32.08,52.730000000000004,-54.66,45.4,18.35,-31.82,7.32,-7.38,21.82,-49.85
2025-08-13T14:07:40.691818,-50.0,34.0,-27.0,22.0,-3.0,47.0,41.0,12.0,-22.0,3.0,123.0,-23.0,-11.520000000000003,-29.42,4.079999999999998,16.73,-20.66,18.4,-5.649999999999999,-36.82,-37.68,-2.38,79.82,-18.85
2025-08-13T14:07:40.695788,-23.0,68.0,17.0,-42.0,70.0,-15.0,58.0,37.0,35.0,-64.0,50.0,-14.0,15.479999999999997,4.579999999999998,48.08,-47.269999999999996,52.34,-43.6,11.350000000000001,-11.82,19.32,-69.38,6.82,-9.85
2025-08-13T14:07:40.703984,-27.0,24.0,-15.0,19.0,10.0,44.0,-6.0,77.0,42.0,-46.0,94.0,-12.0,11.479999999999997,-39.42,16.08,13.73,-7.66,15.399999999999999,-52.65,28.18,26.32,-51.38,50.82,-7.85
2025-08-13T14:07:40.708076,-12.0,117.0,-59.0,-92.0,-19.0,17.0,10.0,-18.0,33.0,-39.0,113.0,27.0,26.479999999999997,53.58,-27.92,-97.27,-36.66,-11.600000000000001,-36.65,-66.82,17.32,-44.38,69.82,31.15
2025-08-13T14:07:40.716491,-16.0,79.0,-126.0,-4.0,34.0,-3.0,11.0,26.0,23.0,48.0,83.0,-24.0,22.479999999999997,15.579999999999998,-94.92,-9.27,16.34,-31.6,-35.65,-22.82,7.32,42.62,39.82,-19.85
2025-08-13T14:07:40.720333,-118.0,133.0,-46.0,48.0,22.0,35.0,42.0,47.0,5.0,21.0,93.0,-4.0,-79.52000000000001,69.58,-14.920000000000002,42.730000000000004,4.34,6.399999999999999,-4.649999999999999,-1.8200000000000003,-10.68,15.620000000000001,49.82,0.15000000000000036
2025-08-13T14:07:40.728674,-22.0,213.0,-117.0,-6.0,22.0,-24.0,43.0,36.0,-63.0,-25.0,37.0,-25.0,16.479999999999997,149.57999999999998,-85.92,-11.27,4.34,-52.6,-3.6499999999999986,-12.82,-78.68,-30.38,-6.18,-20.85
2025-08-13T14:07:40.736658,-34.0,53.0,-52.0,61.0,108.0,32.0,74.0,31.0,-44.0,-55.0,120.0,-52.0,4.479999999999997,-10.420000000000002,-20.92,55.730000000000004,90.34,3.3999999999999986,27.35,-17.82,-59.68,-60.38,76.82,-47.85
2025-08-13T14:07:40.740773,56.0,36.0,56.0,49.0,25.0,12.0,46.0,44.0,22.0,37.0,56.0,-125.0,94.47999999999999,-27.42,87.08,43.730000000000004,7.34,-16.6,-0.6499999999999986,-4.82,6.32,31.62,12.82,-120.85
2025-08-13T14:07:40.748960,-155.0,49.0,-42.0,61.0,41.0,-16.0,57.0,28.0,13.0,66.0,26.0,-39.0,-116.52000000000001,-14.420000000000002,-10.920000000000002,55.730000000000004,23.34,-44.6,10.350000000000001,-20.82,-2.6799999999999997,60.62,-17.18,-34.85
2025-08-13T14:07:40.753171,-37.0,116.0,-61.0,26.0,41.0,22.0,2.0,36.0,8.0,16.0,43.0,-62.0,1.4799999999999969,52.58,-29.92,20.73,23.34,-6.600000000000001,-44.65,-12.82,-7.68,10.620000000000001,-0.17999999999999972,-57.85
2025-08-13T14:07:40.757184,-29.0,85.0,-35.0,-9.0,-1.0,42.0,9.0,48.0,6.0,-31.0,115.0,-64.0,9.479999999999997,21.58,-3.9200000000000017,-14.27,-18.66,13.399999999999999,-37.65,-0.8200000000000003,-9.68,-36.38,71.82,-59.85
2025-08-13T14:07:40.765499,-81.0,150.0,-7.0,36.0,18.0,81.0,30.0,93.0,23.0,11.0,47.0,-34.0,-42.52,86.58,24.08,30.73,0.33999999999999986,52.4,-16.65,44.18,7.32,5.62,3.8200000000000003,-29.85
2025-08-13T14:07:40.769474,-70.0,67.0,-94.0,-2.0,-47.0,-3.0,-51.0,55.0,18.0,-12.0,77.0,20.0,-31.520000000000003,3.5799999999999983,-62.92,-7.27,-64.66,-31.6,-97.65,6.18,2.3200000000000003,-17.38,33.82,24.15
2025-08-13T14:07:40.777832,-31.0,149.0,-128.0,-7.0,15.0,-52.0,16.0,48.0,-2.0,35.0,53.0,-37.0,7.479999999999997,85.58,-96.92,-12.27,-2.66,-80.6,-30.65,-0.8200000000000003,-17.68,29.62,9.82,-32.85
2025-08-13T14:07:40.781775,31.0,74.0,-96.0,-13.0,65.0,-17.0,41.0,92.0,19.0,-67.0,-9.0,9.0,69.47999999999999,10.579999999999998,-64.92,-18.27,47.34,-45.6,-5.649999999999999,43.18,3.3200000000000003,-72.38,-52.18,13.15
2025-08-13T14:07:40.789971,-70.0,106.0,-23.0,19.0,73.0,-28.0,9.0,75.0,53.0,-43.0,63.0,-64.0,-31.520000000000003,42.58,8.079999999999998,13.73,55.34,-56.6,-37.65,26.18,37.32,-48.38,19.82,-59.85
2025-08-13T14:07:40.794107,-34.0,104.0,-102.0,35.0,-54.0,16.0,32.0,23.0,-20.0,4.0,-21.0,19.0,4.479999999999997,40.58,-70.92,29.73,-71.66,-12.600000000000001,-14.649999999999999,-25.82,-35.68,-1.38,-64.18,23.15
2025-08-13T14:07:40.802302,-24.0,39.0,44.0,65.0,75.0,88.0,-3.0,123.0,24.0,11.0,57.0,-44.0,14.479999999999997,-24.42,75.08,59.730000000000004,57.34,59.4,-49.65,74.18,8.32,5.62,13.82,-39.85
2025-08-13T14:07:40.807506,-56.0,50.0,27.0,-14.0,57.0,39.0,-65.0,92.0,-23.0,-33.0,89.0,-82.0,-17.520000000000003,-13.420000000000002,58.08,-19.27,39.34,10.399999999999999,-111.65,43.18,-38.68,-38.38,45.82,-77.85
2025-08-13T14:07:40.814619,-65.0,86.0,45.0,-21.0,53.0,48.0,51.0,125.0,24.0,33.0,90.0,-20.0,-26.520000000000003,22.58,76.08,-26.27,35.34,19.4,4.350000000000001,76.18,8.32,27.62,46.82,-15.85
2025-08-13T14:07:40.819843,-87.0,182.0,-74.0,25.0,96.0,-95.0,27.0,101.0,-50.0,8.0,51.0,-39.0,-48.52,118.58,-42.92,19.73,78.34,-123.6,-19.65,52.18,-65.68,2.62,7.82,-34.85
2025-08-13T14:07:40.826799,-44.0,77.0,-93.0,43.0,-5.0,-29.0,73.0,6.0,44.0,-99.0,98.0,-35.0,-5.520000000000003,13.579999999999998,-61.92,37.730000000000004,-22.66,-57.6,26.35,-42.82,28.32,-104.38,54.82,-30.85
2025-08-13T14:07:40.832153,-103.0,173.0,31.0,6.0,5.0,-15.0,53.0,1.0,-11.0,24.0,103.0,-72.0,-64.52000000000001,109.58,62.08,0.7300000000000004,-12.66,-43.6,6.350000000000001,-47.82,-26.68,18.62,59.82,-67.85
2025-08-13T14:07:40.839185,-66.0,-45.0,-65.0,44.0,-25.0,68.0,15.0,97.0,-16.0,-35.0,94.0,-69.0,-27.520000000000003,-108.42,-33.92,38.730000000000004,-42.66,39.4,-31.65,48.18,-31.68,-40.38,50.82,-64.85
2025-08-13T14:07:40.844177,-29.0,87.0,-5.0,-19.0,19.0,-29.0,43.0,50.0,43.0,19.0,85.0,-40.0,9.479999999999997,23.58,26.08,-24.27,1.3399999999999999,-57.6,-3.6499999999999986,1.1799999999999997,27.32,13.620000000000001,41.82,-35.85
2025-08-13T14:07:40.851573,-84.0,43.0,-18.0,-21.0,44.0,4.0,94.0,20.0,-42.0,4.0,115.0,-53.0,-45.52,-20.42,13.079999999999998,-26.27,26.34,-24.6,47.35,-28.82,-57.68,-1.38,71.82,-48.85
2025-08-13T14:07:40.855831,-77.0,132.0,-39.0,7.0,62.0,-17.0,-9.0,51.0,12.0,-57.0,106.0,-21.0,-38.52,68.58,-7.920000000000002,1.7300000000000004,44.34,-45.6,-55.65,2.1799999999999997,-3.6799999999999997,-62.38,62.82,-16.85
2025-08-13T14:07:40.863755,-35.0,33.0,-83.0,10.0,23.0,-8.0,39.0,-24.0,27.0,-4.0,63.0,-95.0,3.479999999999997,-30.42,-51.92,4.73,5.34,-36.6,-7.649999999999999,-72.82,11.32,-9.379999999999999,19.82,-90.85
2025-08-13T14:07:40.867925,-29.0,117.0,-54.0,62.0,28.0,-1.0,58.0,71.0,-25.0,-11.0,53.0,-77.0,9.479999999999997,53.58,-22.92,56.730000000000004,10.34,-29.6,11.350000000000001,22.18,-40.68,-16.38,9.82,-72.85
2025-08-13T14:07:40.876078,6.0,68.0,-67.0,-7.0,-27.0,-18.0,56.0,-29.0,-6.0,-44.0,66.0,-48.0,44.48,4.579999999999998,-35.92,-12.27,-44.66,-46.6,9.350000000000001,-77.82,-21.68,-49.38,22.82,-43.85
2025-08-13T14:07:40.880395,10.0,113.0,-125.0,82.0,-12.0,79.0,74.0,67.0,-58.0,-19.0,28.0,-51.0,48.48,49.58,-93.92,76.73,-29.66,50.4,27.35,18.18,-73.68,-24.38,-15.18,-46.85
2025-08-13T14:07:40.888267,22.0,11.0,-70.0,0.0,0.0,11.0,43.0,37.0,58.0,-7.0,126.0,-30.0,60.48,-52.42,-38.92,-5.27,-17.66,-17.6,-3.6499999999999986,-11.82,42.32,-12.379999999999999,82.82,-25.85
2025-08-13T14:07:40.892636,-4.0,48.0,-24.0,-32.0,-46.0,-20.0,1.0,75.0,12.0,-13.0,131.0,-34.0,34.48,-15.420000000000002,7.079999999999998,-37.269999999999996,-63.66,-48.6,-45.65,26.18,-3.6799999999999997,-18.38,87.82,-29.85
2025-08-13T14:07:40.900700,-54.0,91.0,-37.0,7.0,-10.0,34.0,-6.0,-1.0,16.0,-11.0,67.0,-70.0,-15.520000000000003,27.58,-5.920000000000002,1.7300000000000004,-27.66,5.399999999999999,-52.65,-49.82,0.3200000000000003,-16.38,23.82,-65.85
2025-08-13T14:07:40.905217,-9.0,-13.0,-68.0,-32.0,72.0,41.0,101.0,111.0,0.0,32.0,47.0,-22.0,29.479999999999997,-76.42,-36.92,-37.269999999999996,54.34,12.399999999999999,54.35,62.18,-15.68,26.62,3.8200000000000003,-17.85
2025-08-13T14:07:40.913117,-99.0,45.0,26.0,-35.0,44.0,-29.0,45.0,11.0,48.0,-14.0,70.0,-58.0,-60.52,-18.42,57.08,-40.269999999999996,26.34,-57.6,-1.6499999999999986,-37.82,32.32,-19.38,26.82,-53.85
2025-08-13T14:07:40.917567,-53.0,161.0,12.0,-16.0,21.0,26.0,24.0,12.0,83.0,-35.0,48.0,-39.0,-14.520000000000003,97.58,43.08,-21.27,3.34,-2.6000000000000014,-22.65,-36.82,67.32,-40.38,4.82,-34.85
2025-08-13T14:07:40.925421,-41.0,157.0,-69.0,15.0,-5.0,46.0,27.0,4.0,32.0,-43.0,28.0,-51.0,-2.520000000000003,93.58,-37.92,9.73,-22.66,17.4,-19.65,-44.82,16.32,-48.38,-15.18,-46.85
2025-08-13T14:07:40.929878,9.0,95.0,-76.0,38.0,-56.0,63.0,23.0,16.0,-5.0,-74.0,55.0,-54.0,47.48,31.58,-44.92,32.730000000000004,-73.66,34.4,-23.65,-32.82,-20.68,-79.38,11.82,-49.85
2025-08-13T14:07:40.938972,-63.0,171.0,-39.0,18.0,-10.0,-42.0,28.0,32.0,-14.0,-80.0,61.0,-65.0,-24.520000000000003,107.58,-7.920000000000002,12.73,-27.66,-70.6,-18.65,-16.82,-29.68,-85.38,17.82,-60.85
2025-08-13T14:07:40.948137,-69.0,20.0,-3.0,48.0,80.0,21.0,41.0,51.0,16.0,-4.0,70.0,15.0,-30.520000000000003,-43.42,28.08,42.730000000000004,62.34,-7.600000000000001,-5.649999999999999,2.1799999999999997,0.3200000000000003,-9.379999999999999,26.82,19.15
2025-08-13T14:07:40.955021,18.0,61.0,-61.0,24.0,-33.0,-13.0,56.0,41.0,-29.0,-37.0,59.0,-86.0,56.48,-2.4200000000000017,-29.92,18.73,-50.66,-41.6,9.350000000000001,-7.82,-44.68,-42.38,15.82,-81.85
2025-08-13T14:07:40.960378,-63.0,47.0,-16.0,61.0,101.0,32.0,84.0,56.0,-1.0,-57.0,63.0,-14.0,-24.520000000000003,-16.42,15.079999999999998,55.730000000000004,83.34,3.3999999999999986,37.35,7.18,-16.68,-62.38,19.82,-9.85
2025-08-13T14:07:40.964463,-49.0,191.0,-27.0,31.0,-17.0,-18.0,125.0,135.0,-21.0,16.0,62.0,-74.0,-10.520000000000003,127.58,4.079999999999998,25.73,-34.66,-46.6,78.35,86.18,-36.68,10.620000000000001,18.82,-69.85
2025-08-13T14:07:40.966947,-42.0,87.0,-77.0,33.0,1.0,-13.0,70.0,4.0,24.0,6.0,102.0,6.0,-3.520000000000003,23.58,-45.92,27.73,-16.66,-41.6,23.35,-44.82,8.32,0.6200000000000001,58.82,10.15
2025-08-13T14:07:40.974290,-59.0,105.0,-80.0,62.0,14.0,-24.0,34.0,23.0,9.0,-15.0,67.0,-59.0,-20.520000000000003,41.58,-48.92,56.730000000000004,-3.66,-52.6,-12.649999999999999,-25.82,-6.68,-20.38,23.82,-54.85
2025-08-13T14:07:40.978774,-59.0,147.0,-59.0,36.0,-12.0,102.0,15.0,63.0,48.0,-13.0,29.0,-109.0,-20.520000000000003,83.58,-27.92,30.73,-29.66,73.4,-31.65,14.18,32.32,-18.38,-14.18,-104.85
2025-08-13T14:07:40.986637,-60.0,66.0,-64.0,14.0,33.0,30.0,68.0,7.0,10.0,-20.0,78.0,-74.0,-21.520000000000003,2.5799999999999983,-32.92,8.73,15.34,1.3999999999999986,21.35,-41.82,-5.68,-25.38,34.82,-69.85
2025-08-13T14:07:40.990978,18.0,9.0,-41.0,32.0,-14.0,-26.0,20.0,36.0,25.0,43.0,65.0,-44.0,56.48,-54.42,-9.920000000000002,26.73,-31.66,-54.6,-26.65,-12.82,9.32,37.62,21.82,-39.85
2025-08-13T14:07:40.998775,-24.0,31.0,-18.0,10.0,12.0,-54.0,21.0,-15.0,76.0,5.0,125.0,14.0,14.479999999999997,-32.42,13.079999999999998,4.73,-5.66,-82.6,-25.65,-63.82,60.32,-0.3799999999999999,81.82,18.15
2025-08-13T14:07:41.003244,-48.0,160.0,-13.0,10.0,9.0,46.0,39.0,16.0,-9.0,15.0,100.0,-71.0,-9.520000000000003,96.58,18.08,4.73,-8.66,17.4,-7.649999999999999,-32.82,-24.68,9.620000000000001,56.82,-66.85
2025-08-13T14:07:41.011373,-48.0,218.0,-68.0,-2.0,-91.0,38.0,93.0,66.0,20.0,-24.0,120.0,-75.0,-9.520000000000003,154.57999999999998,-36.92,-7.27,-108.66,9.399999999999999,46.35,17.18,4.32,-29.38,76.82,-70.85
2025-08-13T14:07:41.015674,8.0,112.0,-107.0,0.0,34.0,31.0,88.0,68.0,30.0,0.0,72.0,-45.0,46.48,48.58,-75.92,-5.27,16.34,2.3999999999999986,41.35,19.18,14.32,-5.38,28.82,-40.85
2025-08-13T14:07:41.023672,-65.0,18.0,-71.0,-39.0,54.0,-33.0,95.0,79.0,7.0,-22.0,99.0,-80.0,-26.520000000000003,-45.42,-39.92,-44.269999999999996,36.34,-61.6,48.35,30.18,-8.68,-27.38,55.82,-75.85
2025-08-13T14:07:41.027938,-17.0,42.0,-86.0,-12.0,21.0,47.0,62.0,96.0,25.0,-32.0,40.0,-46.0,21.479999999999997,-21.42,-54.92,-17.27,3.34,18.4,15.350000000000001,47.18,9.32,-37.38,-3.1799999999999997,-41.85
2025-08-13T14:07:41.035570,-16.0,-19.0,4.0,58.0,-33.0,-5.0,33.0,69.0,14.0,1.0,88.0,-37.0,22.479999999999997,-82.42,35.08,52.730000000000004,-50.66,-33.6,-13.649999999999999,20.18,-1.6799999999999997,-4.38,44.82,-32.85
2025-08-13T14:07:41.040133,-33.0,56.0,-53.0,-19.0,30.0,-23.0,-60.0,107.0,10.0,-7.0,87.0,-80.0,5.479999999999997,-7.420000000000002,-21.92,-24.27,12.34,-51.6,-106.65,58.18,-5.68,-12.379999999999999,43.82,-75.85
2025-08-13T14:07:41.047891,-28.0,11.0,-20.0,-6.0,13.0,47.0,19.0,50.0,15.0,-12.0,76.0,-99.0,10.479999999999997,-52.42,11.079999999999998,-11.27,-4.66,18.4,-27.65,1.1799999999999997,-0.6799999999999997,-17.38,32.82,-94.85
2025-08-13T14:07:41.052636,-41.0,113.0,-19.0,6.0,20.0,9.0,27.0,30.0,5.0,-34.0,67.0,-52.0,-2.520000000000003,49.58,12.079999999999998,0.7300000000000004,2.34,-19.6,-19.65,-18.82,-10.68,-39.38,23.82,-47.85
2025-08-13T14:07:41.060267,-8.0,150.0,-97.0,-60.0,5.0,-33.0,-22.0,74.0,49.0,-18.0,101.0,-24.0,30.479999999999997,86.58,-65.92,-65.27,-12.66,-61.6,-68.65,25.18,33.32,-23.38,57.82,-19.85
2025-08-13T14:07:41.065012,-61.0,146.0,-86.0,-26.0,84.0,-13.0,-27.0,65.0,-51.0,-22.0,35.0,-75.0,-22.520000000000003,82.58,-54.92,-31.27,66.34,-41.6,-73.65,16.18,-66.68,-27.38,-8.18,-70.85
2025-08-13T14:07:41.072571,-33.0,67.0,-102.0,-37.0,28.0,-27.0,79.0,44.0,-20.0,-33.0,136.0,-46.0,5.479999999999997,3.5799999999999983,-70.92,-42.269999999999996,10.34,-55.6,32.35,-4.82,-35.68,-38.38,92.82,-41.85
2025-08-13T14:07:41.077137,-33.0,54.0,-16.0,25.0,46.0,-30.0,55.0,111.0,-40.0,1.0,72.0,-83.0,5.479999999999997,-9.420000000000002,15.079999999999998,19.73,28.34,-58.6,8.350000000000001,62.18,-55.68,-4.38,28.82,-78.85
2025-08-13T14:07:41.084953,-28.0,55.0,3.0,-72.0,47.0,35.0,13.0,-23.0,-42.0,-29.0,85.0,-17.0,10.479999999999997,-8.420000000000002,34.08,-77.27,29.34,6.399999999999999,-33.65,-71.82,-57.68,-34.38,41.82,-12.85
2025-08-13T14:07:41.089285,-104.0,101.0,-24.0,-76.0,43.0,9.0,44.0,81.0,-7.0,-8.0,56.0,-20.0,-65.52000000000001,37.58,7.079999999999998,-81.27,25.34,-19.6,-2.6499999999999986,32.18,-22.68,-13.379999999999999,12.82,-15.85
2025-08-13T14:07:41.097179,-103.0,33.0,-90.0,82.0,-19.0,-3.0,84.0,56.0,34.0,-17.0,108.0,-38.0,-64.52000000000001,-30.42,-58.92,76.73,-36.66,-31.6,37.35,7.18,18.32,-22.38,64.82,-33.85
2025-08-13T14:07:41.101667,-24.0,105.0,-43.0,-34.0,3.0,-30.0,-14.0,-9.0,-22.0,-14.0,102.0,-74.0,14.479999999999997,41.58,-11.920000000000002,-39.269999999999996,-14.66,-58.6,-60.65,-57.82,-37.68,-19.38,58.82,-69.85
2025-08-13T14:07:41.109505,-73.0,-5.0,-36.0,52.0,60.0,-13.0,-32.0,-11.0,20.0,-50.0,141.0,-61.0,-34.52,-68.42,-4.920000000000002,46.730000000000004,42.34,-41.6,-78.65,-59.82,4.32,-55.38,97.82,-56.85
2025-08-13T14:07:41.114103,-45.0,72.0,10.0,18.0,27.0,9.0,51.0,-22.0,4.0,-24.0,82.0,-59.0,-6.520000000000003,8.579999999999998,41.08,12.73,9.34,-19.6,4.350000000000001,-70.82,-11.68,-29.38,38.82,-54.85
2025-08-13T14:07:41.121509,-92.0,49.0,23.0,-36.0,-18.0,65.0,-28.0,8.0,91.0,5.0,69.0,-72.0,-53.52,-14.420000000000002,54.08,-41.269999999999996,-35.66,36.4,-74.65,-40.82,75.32,-0.3799999999999999,25.82,-67.85
2025-08-13T14:07:41.126016,-69.0,81.0,-63.0,-36.0,2.0,10.0,33.0,94.0,-31.0,44.0,63.0,-23.0,-30.520000000000003,17.58,-31.92,-41.269999999999996,-15.66,-18.6,-13.649999999999999,45.18,-46.68,38.62,19.82,-18.85
2025-08-13T14:07:41.134043,-96.0,123.0,-17.0,8.0,22.0,34.0,1.0,-54.0,1.0,-26.0,93.0,-33.0,-57.52,59.58,14.079999999999998,2.7300000000000004,4.34,5.399999999999999,-45.65,-102.82,-14.68,-31.38,49.82,-28.85
2025-08-13T14:07:41.138538,-114.0,74.0,-108.0,-10.0,57.0,11.0,-9.0,113.0,49.0,8.0,66.0,-47.0,-75.52000000000001,10.579999999999998,-76.92,-15.27,39.34,-17.6,-55.65,64.18,33.32,2.62,22.82,-42.85
2025-08-13T14:07:41.146243,-18.0,116.0,-18.0,5.0,46.0,-100.0,28.0,-27.0,45.0,-17.0,94.0,-42.0,20.479999999999997,52.58,13.079999999999998,-0.2699999999999996,28.34,-128.6,-18.65,-75.82,29.32,-22.38,50.82,-37.85
2025-08-13T14:07:41.150681,-12.0,67.0,-105.0,-58.0,-40.0,-28.0,9.0,56.0,-34.0,-62.0,81.0,-61.0,26.479999999999997,3.5799999999999983,-73.92,-63.269999999999996,-57.66,-56.6,-37.65,7.18,-49.68,-67.38,37.82,-56.85
2025-08-13T14:07:41.158689,-107.0,63.0,31.0,-7.0,-36.0,71.0,70.0,51.0,-63.0,-42.0,82.0,-86.0,-68.52000000000001,-0.4200000000000017,62.08,-12.27,-53.66,42.4,23.35,2.1799999999999997,-78.68,-47.38,38.82,-81.85
2025-08-13T14:07:41.163850,-84.0,53.0,-23.0,-4.0,50.0,7.0,26.0,171.0,-32.0,19.0,88.0,-45.0,-45.52,-10.420000000000002,8.079999999999998,-9.27,32.34,-21.6,-20.65,122.18,-47.68,13.620000000000001,44.82,-40.85
2025-08-13T14:07:41.170620,-11.0,165.0,-56.0,23.0,42.0,15.0,11.0,77.0,-50.0,7.0,72.0,-17.0,27.479999999999997,101.58,-24.92,17.73,24.34,-13.600000000000001,-35.65,28.18,-65.68,1.62,28.82,-12.85
2025-08-13T14:07:41.175101,-74.0,116.0,-135.0,1.0,24.0,-26.0,64.0,79.0,-55.0,15.0,81.0,-7.0,-35.52,52.58,-103.92,-4.27,6.34,-54.6,17.35,30.18,-70.68,9.620000000000001,37.82,-2.8499999999999996
2025-08-13T14:07:41.183216,-62.0,70.0,-99.0,45.0,66.0,-25.0,71.0,71.0,-46.0,-21.0,118.0,-62.0,-23.520000000000003,6.579999999999998,-67.92,39.730000000000004,48.34,-53.6,24.35,22.18,-61.68,-26.38,74.82,-57.85
2025-08-13T14:07:41.187619,-15.0,76.0,-110.0,25.0,46.0,-13.0,75.0,74.0,8.0,-89.0,90.0,-69.0,23.479999999999997,12.579999999999998,-78.92,19.73,28.34,-41.6,28.35,25.18,-7.68,-94.38,46.82,-64.85
2025-08-13T14:07:41.195632,8.0,62.0,-10.0,15.0,-7.0,31.0,16.0,-29.0,-19.0,-9.0,113.0,-40.0,46.48,-1.4200000000000017,21.08,9.73,-24.66,2.3999999999999986,-30.65,-77.82,-34.68,-14.379999999999999,69.82,-35.85
2025-08-13T14:07:41.199874,-75.0,46.0,-30.0,12.0,33.0,52.0,21.0,-50.0,-13.0,-12.0,65.0,-94.0,-36.52,-17.42,1.0799999999999983,6.73,15.34,23.4,-25.65,-98.82,-28.68,-17.38,21.82,-89.85
2025-08-13T14:07:41.207579,-67.0,116.0,5.0,12.0,36.0,37.0,54.0,-12.0,-13.0,-59.0,85.0,-82.0,-28.520000000000003,52.58,36.08,6.73,18.34,8.399999999999999,7.350000000000001,-60.82,-28.68,-64.38,41.82,-77.85
2025-08-13T14:07:41.212335,-36.0,144.0,-119.0,-18.0,6.0,26.0,58.0,66.0,-2.0,-45.0,68.0,-62.0,2.479999999999997,80.58,-87.92,-23.27,-11.66,-2.6000000000000014,11.350000000000001,17.18,-17.68,-50.38,24.82,-57.85
2025-08-13T14:07:41.219853,16.0,136.0,-60.0,31.0,-23.0,28.0,18.0,52.0,54.0,-10.0,43.0,-13.0,54.48,72.58,-28.92,25.73,-40.66,-0.6000000000000014,-28.65,3.1799999999999997,38.32,-15.379999999999999,-0.17999999999999972,-8.85
2025-08-13T14:07:41.224359,46.0,45.0,-74.0,76.0,-44.0,-20.0,31.0,72.0,0.0,-8.0,65.0,-34.0,84.47999999999999,-18.42,-42.92,70.73,-61.66,-48.6,-15.649999999999999,23.18,-15.68,-13.379999999999999,21.82,-29.85
2025-08-13T14:07:41.228708,7.0,56.0,-111.0,-35.0,38.0,-5.0,4.0,-14.0,-7.0,-50.0,110.0,-6.0,45.48,-7.420000000000002,-79.92,-40.269999999999996,20.34,-33.6,-42.65,-62.82,-22.68,-55.38,66.82,-1.8499999999999996
2025-08-13T14:07:41.236696,-18.0,48.0,-45.0,11.0,-32.0,12.0,30.0,-42.0,53.0,-24.0,121.0,-56.0,20.479999999999997,-15.420000000000002,-13.920000000000002,5.73,-49.66,-16.6,-16.65,-90.82,37.32,-29.38,77.82,-51.85
2025-08-13T14:07:41.241055,6.0,18.0,29.0,40.0,9.0,17.0,46.0,12.0,56.0,29.0,116.0,-56.0,44.48,-45.42,60.08,34.730000000000004,-8.66,-11.600000000000001,-0.6499999999999986,-36.82,40.32,23.62,72.82,-51.85
2025-08-13T14:07:41.249029,-45.0,58.0,40.0,-66.0,58.0,14.0,71.0,-18.0,30.0,-11.0,108.0,-82.0,-6.520000000000003,-5.420000000000002,71.08,-71.27,40.34,-14.600000000000001,24.35,-66.82,14.32,-16.38,64.82,-77.85
2025-08-13T14:07:41.256702,-63.0,134.0,-93.0,-7.0,-36.0,-75.0,51.0,25.0,-27.0,20.0,65.0,-32.0,-24.520000000000003,70.58,-61.92,-12.27,-53.66,-103.6,4.350000000000001,-23.82,-42.68,14.620000000000001,21.82,-27.85
2025-08-13T14:07:41.261246,-90.0,151.0,-91.0,24.0,-51.0,-21.0,-18.0,110.0,53.0,-77.0,13.0,-19.0,-51.52,87.58,-59.92,18.73,-68.66,-49.6,-64.65,61.18,37.32,-82.38,-30.18,-14.85
2025-08-13T14:07:41.269357,-28.0,170.0,-127.0,27.0,-36.0,-84.0,58.0,75.0,33.0,-69.0,83.0,-48.0,10.479999999999997,106.58,-95.92,21.73,-53.66,-112.6,11.350000000000001,26.18,17.32,-74.38,39.82,-43.85
2025-08-13T14:07:41.273557,22.0,65.0,-95.0,25.0,-18.0,-6.0,3.0,58.0,-79.0,-66.0,135.0,-68.0,60.48,1.5799999999999983,-63.92,19.73,-35.66,-34.6,-43.65,9.18,-94.68,-71.38,91.82,-63.85
2025-08-13T14:07:41.278386,-8.0,67.0,-101.0,22.0,-36.0,15.0,61.0,69.0,4.0,-87.0,77.0,-36.0,30.479999999999997,3.5799999999999983,-69.92,16.73,-53.66,-13.600000000000001,14.350000000000001,20.18,-11.68,-92.38,33.82,-31.85
2025-08-13T14:07:41.286129,-44.0,29.0,-52.0,-39.0,62.0,24.0,45.0,94.0,30.0,-57.0,54.0,-93.0,-5.520000000000003,-34.42,-20.92,-44.269999999999996,44.34,-4.600000000000001,-1.6499999999999986,45.18,14.32,-62.38,10.82,-88.85
2025-08-13T14:07:41.293570,-67.0,27.0,-10.0,-16.0,53.0,-20.0,46.0,63.0,-7.0,-75.0,71.0,-25.0,-28.520000000000003,-36.42,21.08,-21.27,35.34,-48.6,-0.6499999999999986,14.18,-22.68,-80.38,27.82,-20.85
2025-08-13T14:07:41.298370,-97.0,100.0,-26.0,-61.0,40.0,38.0,78.0,22.0,-38.0,-8.0,71.0,-17.0,-58.52,36.58,5.079999999999998,-66.27,22.34,9.399999999999999,31.35,-26.82,-53.68,-13.379999999999999,27.82,-12.85
2025-08-13T14:07:41.306133,-2.0,141.0,-123.0,1.0,-19.0,-69.0,76.0,43.0,-14.0,-36.0,87.0,-8.0,36.48,77.58,-91.92,-4.27,-36.66,-97.6,29.35,-5.82,-29.68,-41.38,43.82,-3.8499999999999996
2025-08-13T14:07:41.310303,20.0,98.0,-108.0,26.0,-36.0,31.0,84.0,-6.0,7.0,-32.0,127.0,-31.0,58.48,34.58,-76.92,20.73,-53.66,2.3999999999999986,37.35,-54.82,-8.68,-37.38,83.82,-26.85
2025-08-13T14:07:41.318208,-28.0,100.0,-43.0,-58.0,1.0,-25.0,64.0,100.0,-18.0,-20.0,110.0,-19.0,10.479999999999997,36.58,-11.920000000000002,-63.269999999999996,-16.66,-53.6,17.35,51.18,-33.68,-25.38,66.82,-14.85
2025-08-13T14:07:41.322907,-43.0,38.0,-6.0,2.0,71.0,2.0,-29.0,71.0,-37.0,47.0,63.0,-36.0,-4.520000000000003,-25.42,25.08,-3.2699999999999996,53.34,-26.6,-75.65,22.18,-52.68,41.62,19.82,-31.85
2025-08-13T14:07:41.327015,3.0,71.0,-69.0,38.0,103.0,61.0,62.0,8.0,4.0,7.0,99.0,-72.0,41.48,7.579999999999998,-37.92,32.730000000000004,85.34,32.4,15.350000000000001,-40.82,-11.68,1.62,55.82,-67.85
2025-08-13T14:07:41.334947,-2.0,95.0,-115.0,23.0,42.0,17.0,16.0,40.0,5.0,-83.0,17.0,-58.0,36.48,31.58,-83.92,17.73,24.34,-11.600000000000001,-30.65,-8.82,-10.68,-88.38,-26.18,-53.85
2025-08-13T14:07:41.340432,-31.0,88.0,-21.0,-58.0,17.0,-7.0,19.0,32.0,66.0,-89.0,60.0,-88.0,7.479999999999997,24.58,10.079999999999998,-63.269999999999996,-0.6600000000000001,-35.6,-27.65,-16.82,50.32,-94.38,16.82,-83.85
2025-08-13T14:07:41.347246,-137.0,68.0,-72.0,35.0,-35.0,33.0,80.0,59.0,7.0,-53.0,61.0,-13.0,-98.52000000000001,4.579999999999998,-40.92,29.73,-52.66,4.399999999999999,33.35,10.18,-8.68,-58.38,17.82,-8.85
2025-08-13T14:07:41.353202,-12.0,53.0,-31.0,-9.0,39.0,38.0,-16.0,75.0,-22.0,-32.0,58.0,-48.0,26.479999999999997,-10.420000000000002,0.0799999999999983,-14.27,21.34,9.399999999999999,-62.65,26.18,-37.68,-37.38,14.82,-43.85
2025-08-13T14:07:41.359424,-46.0,105.0,-101.0,-13.0,-50.0,-11.0,1.0,48.0,26.0,1.0,85.0,-30.0,-7.520000000000003,41.58,-69.92,-18.27,-67.66,-39.6,-45.65,-0.8200000000000003,10.32,-4.38,41.82,-25.85
2025-08-13T14:07:41.365701,-9.0,87.0,-117.0,-11.0,10.0,-78.0,-12.0,116.0,4.0,2.0,67.0,-34.0,29.479999999999997,23.58,-85.92,-16.27,-7.66,-106.6,-58.65,67.18,-11.68,-3.38,23.82,-29.85
2025-08-13T14:07:41.371708,8.0,48.0,-93.0,51.0,75.0,-55.0,4.0,82.0,-17.0,-23.0,51.0,-31.0,46.48,-15.420000000000002,-61.92,45.730000000000004,57.34,-83.6,-42.65,33.18,-32.68,-28.38,7.82,-26.85
2025-08-13T14:07:41.376315,-4.0,80.0,-87.0,98.0,25.0,6.0,10.0,13.0,44.0,-46.0,92.0,-44.0,34.48,16.58,-55.92,92.73,7.34,-22.6,-36.65,-35.82,28.32,-51.38,48.82,-39.85
2025-08-13T14:07:41.383923,-6.0,30.0,-85.0,-13.0,62.0,-31.0,17.0,82.0,-8.0,-33.0,86.0,-39.0,32.48,-33.42,-53.92,-18.27,44.34,-59.6,-29.65,33.18,-23.68,-38.38,42.82,-34.85
2025-08-13T14:07:41.388573,4.0,8.0,-75.0,70.0,59.0,48.0,7.0,47.0,-10.0,-47.0,85.0,-48.0,42.48,-55.42,-43.92,64.73,41.34,19.4,-39.65,-1.8200000000000003,-25.68,-52.38,41.82,-43.85
2025-08-13T14:07:41.396539,-9.0,114.0,-123.0,36.0,-52.0,-49.0,25.0,-4.0,53.0,-58.0,38.0,-86.0,29.479999999999997,50.58,-91.92,30.73,-69.66,-77.6,-21.65,-52.82,37.32,-63.38,-5.18,-81.85
2025-08-13T14:07:41.400694,-24.0,98.0,-24.0,40.0,-48.0,25.0,-16.0,65.0,21.0,-67.0,66.0,-44.0,14.479999999999997,34.58,7.079999999999998,34.730000000000004,-65.66,-3.6000000000000014,-62.65,16.18,5.32,-72.38,22.82,-39.85
2025-08-13T14:07:41.408572,-46.0,67.0,-47.0,14.0,49.0,15.0,1.0,10.0,-27.0,-39.0,68.0,-41.0,-7.520000000000003,3.5799999999999983,-15.920000000000002,8.73,31.34,-13.600000000000001,-45.65,-38.82,-42.68,-44.38,24.82,-36.85
2025-08-13T14:07:41.413253,-41.0,143.0,-17.0,6.0,-3.0,15.0,27.0,53.0,-21.0,-31.0,117.0,-2.0,-2.520000000000003,79.58,14.079999999999998,0.7300000000000004,-20.66,-13.600000000000001,-19.65,4.18,-36.68,-36.38,73.82,2.1500000000000004
2025-08-13T14:07:41.420894,-48.0,84.0,-89.0,-56.0,39.0,-8.0,28.0,79.0,30.0,-24.0,36.0,-47.0,-9.520000000000003,20.58,-57.92,-61.269999999999996,21.34,-36.6,-18.65,30.18,14.32,-29.38,-7.18,-42.85
2025-08-13T14:07:41.425373,6.0,118.0,-121.0,-30.0,13.0,-19.0,43.0,48.0,3.0,-35.0,116.0,-5.0,44.48,54.58,-89.92,-35.269999999999996,-4.66,-47.6,-3.6499999999999986,-0.8200000000000003,-12.68,-40.38,72.82,-0.8499999999999996
2025-08-13T14:07:41.433317,-35.0,41.0,-75.0,95.0,17.0,0.0,-5.0,22.0,16.0,-42.0,111.0,-97.0,3.479999999999997,-22.42,-43.92,89.73,-0.6600000000000001,-28.6,-51.65,-26.82,0.3200000000000003,-47.38,67.82,-92.85
2025-08-13T14:07:41.439654,-68.0,93.0,-44.0,58.0,-3.0,-8.0,-15.0,35.0,-76.0,-65.0,105.0,5.0,-29.520000000000003,29.58,-12.920000000000002,52.730000000000004,-20.66,-36.6,-61.65,-13.82,-91.68,-70.38,61.82,9.15
2025-08-13T14:07:41.445387,-4.0,63.0,-85.0,21.0,-11.0,-4.0,108.0,66.0,3.0,14.0,48.0,-68.0,34.48,-0.4200000000000017,-53.92,15.73,-28.66,-32.6,61.35,17.18,-12.68,8.620000000000001,4.82,-63.85
2025-08-13T14:07:41.450097,-53.0,58.0,-45.0,-40.0,6.0,6.0,-11.0,78.0,-17.0,-48.0,2.0,-27.0,-14.520000000000003,-5.420000000000002,-13.920000000000002,-45.269999999999996,-11.66,-22.6,-57.65,29.18,-32.68,-53.38,-41.18,-22.85
2025-08-13T14:07:41.457810,34.0,21.0,-25.0,40.0,-1.0,-36.0,17.0,0.0,-45.0,-45.0,135.0,-13.0,72.47999999999999,-42.42,6.079999999999998,34.730000000000004,-18.66,-64.6,-29.65,-48.82,-60.68,-50.38,91.82,-8.85
2025-08-13T14:07:41.462017,-91.0,78.0,-27.0,22.0,26.0,-26.0,34.0,84.0,-56.0,-30.0,42.0,-32.0,-52.52,14.579999999999998,4.079999999999998,16.73,8.34,-54.6,-12.649999999999999,35.18,-71.68,-35.38,-1.1799999999999997,-27.85
2025-08-13T14:07:41.469948,-32.0,79.0,-29.0,-43.0,35.0,1.0,41.0,17.0,-59.0,-9.0,64.0,-62.0,6.479999999999997,15.579999999999998,2.0799999999999983,-48.269999999999996,17.34,-27.6,-5.649999999999999,-31.82,-74.68,-14.379999999999999,20.82,-57.85
2025-08-13T14:07:41.475117,-84.0,109.0,-41.0,10.0,3.0,-54.0,4.0,54.0,-7.0,-33.0,45.0,4.0,-45.52,45.58,-9.920000000000002,4.73,-14.66,-82.6,-42.65,5.18,-22.68,-38.38,1.8200000000000003,8.15
2025-08-13T14:07:41.482390,-47.0,58.0,-51.0,-9.0,-38.0,-31.0,38.0,61.0,-48.0,-68.0,50.0,-108.0,-8.520000000000003,-5.420000000000002,-19.92,-14.27,-55.66,-59.6,-8.649999999999999,12.18,-63.68,-73.38,6.82,-103.85
2025-08-13T14:07:41.489385,-102.0,45.0,-98.0,-71.0,16.0,-33.0,107.0,23.0,-29.0,-81.0,87.0,-30.0,-63.52,-18.42,-66.92,-76.27,-1.6600000000000001,-61.6,60.35,-25.82,-44.68,-86.38,43.82,-25.85
2025-08-13T14:07:41.494536,-24.0,104.0,-81.0,-35.0,90.0,-30.0,69.0,58.0,-7.0,-72.0,22.0,-49.0,14.479999999999997,40.58,-49.92,-40.269999999999996,72.34,-58.6,22.35,9.18,-22.68,-77.38,-21.18,-44.85
2025-08-13T14:07:41.498571,-63.0,82.0,-58.0,-8.0,5.0,45.0,15.0,23.0,-50.0,-1.0,41.0,18.0,-24.520000000000003,18.58,-26.92,-13.27,-12.66,16.4,-31.65,-25.82,-65.68,-6.38,-2.1799999999999997,22.15
2025-08-13T14:07:41.506827,-30.0,21.0,-47.0,-30.0,45.0,-84.0,48.0,36.0,54.0,-36.0,41.0,-43.0,8.479999999999997,-42.42,-15.920000000000002,-35.269999999999996,27.34,-112.6,1.3500000000000014,-12.82,38.32,-41.38,-2.1799999999999997,-38.85
2025-08-13T14:07:41.510956,23.0,-23.0,-26.0,0.0,66.0,-15.0,14.0,41.0,-21.0,-1.0,32.0,-72.0,61.48,-86.42,5.079999999999998,-5.27,48.34,-43.6,-32.65,-7.82,-36.68,-6.38,-11.18,-67.85
2025-08-13T14:07:41.519013,26.0,27.0,-50.0,108.0,26.0,-2.0,60.0,50.0,-49.0,-68.0,157.0,-48.0,64.47999999999999,-36.42,-18.92,102.73,8.34,-30.6,13.350000000000001,1.1799999999999997,-64.68,-73.38,113.82,-43.85
2025-08-13T14:07:41.523589,-59.0,52.0,-43.0,-53.0,41.0,12.0,90.0,-14.0,-24.0,-35.0,75.0,-28.0,-20.520000000000003,-11.420000000000002,-11.920000000000002,-58.269999999999996,23.34,-16.6,43.35,-62.82,-39.68,-40.38,31.82,-23.85
2025-08-13T14:07:41.531378,-25.0,101.0,-35.0,-1.0,44.0,6.0,-17.0,87.0,-7.0,-23.0,79.0,-56.0,13.479999999999997,37.58,-3.9200000000000017,-6.27,26.34,-22.6,-63.65,38.18,-22.68,-28.38,35.82,-51.85
2025-08-13T14:07:41.535799,15.0,55.0,-165.0,50.0,33.0,-11.0,-29.0,52.0,-28.0,-28.0,71.0,-56.0,53.48,-8.420000000000002,-133.92000000000002,44.730000000000004,15.34,-39.6,-75.65,3.1799999999999997,-43.68,-33.38,27.82,-51.85
2025-08-13T14:07:41.543586,7.0,58.0,-78.0,-12.0,14.0,-23.0,71.0,90.0,-2.0,-52.0,73.0,-3.0,45.48,-5.420000000000002,-46.92,-17.27,-3.66,-51.6,24.35,41.18,-17.68,-57.38,29.82,1.1500000000000004
2025-08-13T14:07:41.548058,-20.0,54.0,-86.0,-2.0,12.0,-28.0,-64.0,45.0,-20.0,17.0,94.0,-92.0,18.479999999999997,-9.420000000000002,-54.92,-7.27,-5.66,-56.6,-110.65,-3.8200000000000003,-35.68,11.620000000000001,50.82,-87.85
2025-08-13T14:07:41.555889,-38.0,73.0,-125.0,74.0,42.0,55.0,73.0,69.0,-1.0,-92.0,69.0,-85.0,0.4799999999999969,9.579999999999998,-93.92,68.73,24.34,26.4,26.35,20.18,-16.68,-97.38,25.82,-80.85
2025-08-13T14:07:41.560147,-8.0,41.0,8.0,53.0,14.0,2.0,-15.0,47.0,-73.0,-75.0,74.0,-28.0,30.479999999999997,-22.42,39.08,47.730000000000004,-3.66,-26.6,-61.65,-1.8200000000000003,-88.68,-80.38,30.82,-23.85
2025-08-13T14:07:41.567959,-14.0,18.0,-50.0,55.0,-24.0,64.0,42.0,52.0,-111.0,-16.0,62.0,-37.0,24.479999999999997,-45.42,-18.92,49.730000000000004,-41.66,35.4,-4.649999999999999,3.1799999999999997,-126.68,-21.38,18.82,-32.85
2025-08-13T14:07:41.572576,4.0,79.0,-123.0,-33.0,-18.0,47.0,28.0,40.0,-44.0,-42.0,79.0,-29.0,42.48,15.579999999999998,-91.92,-38.269999999999996,-35.66,18.4,-18.65,-8.82,-59.68,-47.38,35.82,-24.85
2025-08-13T14:07:41.580454,-36.0,164.0,-38.0,-19.0,18.0,68.0,82.0,51.0,-13.0,-62.0,115.0,-38.0,2.479999999999997,100.58,-6.920000000000002,-24.27,0.33999999999999986,39.4,35.35,2.1799999999999997,-28.68,-67.38,71.82,-33.85
2025-08-13T14:07:41.584732,-80.0,122.0,-81.0,19.0,28.0,-8.0,35.0,50.0,11.0,-30.0,65.0,-51.0,-41.52,58.58,-49.92,13.73,10.34,-36.6,-11.649999999999999,1.1799999999999997,-4.68,-35.38,21.82,-46.85
2025-08-13T14:07:41.592583,-9.0,119.0,-90.0,-29.0,-11.0,-12.0,27.0,79.0,-44.0,27.0,39.0,-4.0,29.479999999999997,55.58,-58.92,-34.269999999999996,-28.66,-40.6,-19.65,30.18,-59.68,21.62,-4.18,0.15000000000000036
2025-08-13T14:07:41.596988,60.0,49.0,-108.0,44.0,10.0,14.0,43.0,60.0,-34.0,-75.0,86.0,-39.0,98.47999999999999,-14.420000000000002,-76.92,38.730000000000004,-7.66,-14.600000000000001,-3.6499999999999986,11.18,-49.68,-80.38,42.82,-34.85
2025-08-13T14:07:41.601129,25.0,81.0,-61.0,36.0,11.0,-8.0,152.0,90.0,-53.0,-59.0,96.0,-47.0,63.48,17.58,-29.92,30.73,-6.66,-36.6,105.35,41.18,-68.68,-64.38,52.82,-42.85
2025-08-13T14:07:41.609293,-54.0,82.0,-38.0,-1.0,-65.0,-35.0,23.0,35.0,-39.0,4.0,45.0,-5.0,-15.520000000000003,18.58,-6.920000000000002,-6.27,-82.66,-63.6,-23.65,-13.82,-54.68,-1.38,1.8200000000000003,-0.8499999999999996
2025-08-13T14:07:41.613384,-74.0,66.0,-77.0,-9.0,-35.0,57.0,8.0,-27.0,-46.0,-39.0,112.0,-11.0,-35.52,2.5799999999999983,-45.92,-14.27,-52.66,28.4,-38.65,-75.82,-61.68,-44.38,68.82,-6.85
2025-08-13T14:07:41.621746,-89.0,35.0,-133.0,-5.0,40.0,-22.0,8.0,50.0,-83.0,-11.0,34.0,-101.0,-50.52,-28.42,-101.92,-10.27,22.34,-50.6,-38.65,1.1799999999999997,-98.68,-16.38,-9.18,-96.85
2025-08-13T14:07:41.625734,-8.0,100.0,-93.0,65.0,-17.0,3.0,47.0,62.0,5.0,-49.0,64.0,-77.0,30.479999999999997,36.58,-61.92,59.730000000000004,-34.66,-25.6,0.3500000000000014,13.18,-10.68,-54.38,20.82,-72.85
2025-08-13T14:07:41.633896,-40.0,97.0,-100.0,7.0,75.0,-101.0,103.0,25.0,10.0,-4.0,49.0,-26.0,-1.5200000000000031,33.58,-68.92,1.7300000000000004,57.34,-129.6,56.35,-23.82,-5.68,-9.379999999999999,5.82,-21.85
2025-08-13T14:07:41.638315,84.0,94.0,-136.0,3.0,17.0,-21.0,74.0,46.0,-1.0,-83.0,32.0,-80.0,122.47999999999999,30.58,-104.92,-2.2699999999999996,-0.6600000000000001,-49.6,27.35,-2.8200000000000003,-16.68,-88.38,-11.18,-75.85
2025-08-13T14:07:41.646081,-20.0,22.0,33.0,87.0,-6.0,9.0,6.0,-16.0,-26.0,-51.0,99.0,-76.0,18.479999999999997,-41.42,64.08,81.73,-23.66,-19.6,-40.65,-64.82,-41.68,-56.38,55.82,-71.85
2025-08-13T14:07:41.650588,-24.0,76.0,-20.0,14.0,-33.0,-28.0,12.0,20.0,42.0,-20.0,79.0,-53.0,14.479999999999997,12.579999999999998,11.079999999999998,8.73,-50.66,-56.6,-34.65,-28.82,26.32,-25.38,35.82,-48.85
2025-08-13T14:07:41.658515,-53.0,81.0,-5.0,-22.0,5.0,26.0,-18.0,-3.0,70.0,-28.0,65.0,-89.0,-14.520000000000003,17.58,26.08,-27.27,-12.66,-2.6000000000000014,-64.65,-51.82,54.32,-33.38,21.82,-84.85
2025-08-13T14:07:41.662771,-66.0,80.0,-21.0,33.0,41.0,17.0,26.0,93.0,61.0,8.0,54.0,-24.0,-27.520000000000003,16.58,10.079999999999998,27.73,23.34,-11.600000000000001,-20.65,44.18,45.32,2.62,10.82,-19.85
2025-08-13T14:07:41.670576,-80.0,69.0,38.0,10.0,50.0,-5.0,48.0,23.0,1.0,-74.0,51.0,-5.0,-41.52,5.579999999999998,69.08,4.73,32.34,-33.6,1.3500000000000014,-25.82,-14.68,-79.38,7.82,-0.8499999999999996
2025-08-13T14:07:41.675101,-56.0,1.0,-75.0,-14.0,-3.0,-3.0,71.0,64.0,12.0,-51.0,66.0,-9.0,-17.520000000000003,-62.42,-43.92,-19.27,-20.66,-31.6,24.35,15.18,-3.6799999999999997,-56.38,22.82,-4.85
2025-08-13T14:07:41.683112,-91.0,103.0,-5.0,8.0,33.0,-89.0,9.0,64.0,-54.0,42.0,75.0,-9.0,-52.52,39.58,26.08,2.7300000000000004,15.34,-117.6,-37.65,15.18,-69.68,36.62,31.82,-4.85
2025-08-13T14:07:41.687065,-86.0,82.0,-27.0,-26.0,-32.0,-41.0,5.0,48.0,-11.0,-57.0,31.0,-52.0,-47.52,18.58,4.079999999999998,-31.27,-49.66,-69.6,-41.65,-0.8200000000000003,-26.68,-62.38,-12.18,-47.85
2025-08-13T14:07:41.696913,-68.0,41.0,-44.0,68.0,51.0,23.0,-11.0,78.0,-24.0,-27.0,111.0,-58.0,-29.520000000000003,-22.42,-12.920000000000002,62.730000000000004,33.34,-5.600000000000001,-57.65,29.18,-39.68,-32.38,67.82,-53.85
2025-08-13T14:07:41.704426,-54.0,164.0,-121.0,43.0,9.0,-14.0,32.0,18.0,-63.0,1.0,76.0,-59.0,-15.520000000000003,100.58,-89.92,37.730000000000004,-8.66,-42.6,-14.649999999999999,-30.82,-78.68,-4.38,32.82,-54.85
2025-08-13T14:07:41.708809,40.0,136.0,-63.0,-37.0,-56.0,25.0,-4.0,90.0,-61.0,-81.0,2.0,-22.0,78.47999999999999,72.58,-31.92,-42.269999999999996,-73.66,-3.6000000000000014,-50.65,41.18,-76.68,-86.38,-41.18,-17.85
2025-08-13T14:07:41.711680,-44.0,-7.0,-77.0,-27.0,-5.0,65.0,23.0,-25.0,-82.0,-5.0,41.0,-57.0,-5.520000000000003,-70.42,-45.92,-32.269999999999996,-22.66,36.4,-23.65,-73.82,-97.68,-10.379999999999999,-2.1799999999999997,-52.85
2025-08-13T14:07:41.719613,-4.0,17.0,-58.0,-25.0,8.0,-12.0,-6.0,100.0,-14.0,-82.0,60.0,-11.0,34.48,-46.42,-26.92,-30.27,-9.66,-40.6,-52.65,51.18,-29.68,-87.38,16.82,-6.85
2025-08-13T14:07:41.723918,10.0,77.0,-33.0,-4.0,-20.0,-12.0,9.0,55.0,-46.0,-2.0,37.0,-69.0,48.48,13.579999999999998,-1.9200000000000017,-9.27,-37.66,-40.6,-37.65,6.18,-61.68,-7.38,-6.18,-64.85
2025-08-13T14:07:41.732059,20.0,79.0,-45.0,8.0,115.0,-6.0,31.0,92.0,19.0,-76.0,48.0,-56.0,58.48,15.579999999999998,-13.920000000000002,2.7300000000000004,97.34,-34.6,-15.649999999999999,43.18,3.3200000000000003,-81.38,4.82,-51.85
2025-08-13T14:07:41.736248,-63.0,61.0,12.0,12.0,-44.0,-37.0,10.0,54.0,36.0,-46.0,80.0,-13.0,-24.520000000000003,-2.4200000000000017,43.08,6.73,-61.66,-65.6,-36.65,5.18,20.32,-51.38,36.82,-8.85
2025-08-13T14:07:41.744391,-20.0,78.0,32.0,90.0,18.0,-27.0,42.0,140.0,-8.0,-31.0,72.0,-20.0,18.479999999999997,14.579999999999998,63.08,84.73,0.33999999999999986,-55.6,-4.649999999999999,91.18,-23.68,-36.38,28.82,-15.85
2025-08-13T14:07:41.748698,-80.0,106.0,-88.0,53.0,-48.0,-66.0,14.0,-36.0,3.0,-26.0,43.0,-30.0,-41.52,42.58,-56.92,47.730000000000004,-65.66,-94.6,-32.65,-84.82,-12.68,-31.38,-0.17999999999999972,-25.85
2025-08-13T14:07:41.756653,19.0,142.0,-107.0,40.0,10.0,32.0,96.0,13.0,-23.0,-91.0,60.0,-52.0,57.48,78.58,-75.92,34.730000000000004,-7.66,3.3999999999999986,49.35,-35.82,-38.68,-96.38,16.82,-47.85
2025-08-13T14:07:41.761068,-24.0,97.0,-132.0,11.0,16.0,3.0,104.0,-1.0,26.0,-43.0,77.0,-20.0,14.479999999999997,33.58,-100.92,5.73,-1.6600000000000001,-25.6,57.35,-49.82,10.32,-48.38,33.82,-15.85
2025-08-13T14:07:41.768779,-30.0,47.0,-45.0,62.0,44.0,-29.0,10.0,65.0,32.0,24.0,101.0,-57.0,8.479999999999997,-16.42,-13.920000000000002,56.730000000000004,26.34,-57.6,-36.65,16.18,16.32,18.62,57.82,-52.85
2025-08-13T14:07:41.773524,-120.0,103.0,-62.0,69.0,26.0,-28.0,26.0,-15.0,3.0,-45.0,42.0,-67.0,-81.52000000000001,39.58,-30.92,63.730000000000004,8.34,-56.6,-20.65,-63.82,-12.68,-50.38,-1.1799999999999997,-62.85
2025-08-13T14:07:41.781179,-105.0,117.0,20.0,21.0,32.0,-19.0,86.0,44.0,52.0,-30.0,94.0,-28.0,-66.52000000000001,53.58,51.08,15.73,14.34,-47.6,39.35,-4.82,36.32,-35.38,50.82,-23.85
2025-08-13T14:07:41.785754,-155.0,131.0,-98.0,101.0,-55.0,13.0,84.0,52.0,6.0,29.0,131.0,-54.0,-116.52000000000001,67.58,-66.92,95.73,-72.66,-15.600000000000001,37.35,3.1799999999999997,-9.68,23.62,87.82,-49.85
2025-08-13T14:07:41.793527,-24.0,130.0,-73.0,-52.0,-2.0,-18.0,82.0,53.0,-41.0,2.0,105.0,-42.0,14.479999999999997,66.58,-41.92,-57.269999999999996,-19.66,-46.6,35.35,4.18,-56.68,-3.38,61.82,-37.85
2025-08-13T14:07:41.798025,17.0,14.0,-91.0,-31.0,13.0,76.0,-31.0,79.0,-17.0,45.0,115.0,-37.0,55.48,-49.42,-59.92,-36.269999999999996,-4.66,47.4,-77.65,30.18,-32.68,39.62,71.82,-32.85
2025-08-13T14:07:41.805725,45.0,65.0,-3.0,-50.0,49.0,-39.0,111.0,108.0,-17.0,4.0,41.0,-66.0,83.47999999999999,1.5799999999999983,28.08,-55.269999999999996,31.34,-67.6,64.35,59.18,-32.68,-1.38,-2.1799999999999997,-61.85
2025-08-13T14:07:41.810248,-46.0,75.0,-15.0,14.0,20.0,-3.0,64.0,18.0,-39.0,23.0,105.0,-71.0,-7.520000000000003,11.579999999999998,16.08,8.73,2.34,-31.6,17.35,-30.82,-54.68,17.62,61.82,-66.85
2025-08-13T14:07:41.818122,-90.0,144.0,-30.0,31.0,-49.0,43.0,100.0,1.0,-77.0,12.0,60.0,-29.0,-51.52,80.58,1.0799999999999983,25.73,-66.66,14.399999999999999,53.35,-47.82,-92.68,6.62,16.82,-24.85
2025-08-13T14:07:41.822563,-46.0,126.0,-52.0,-16.0,6.0,-4.0,10.0,86.0,-78.0,14.0,90.0,5.0,-7.520000000000003,62.58,-20.92,-21.27,-11.66,-32.6,-36.65,37.18,-93.68,8.620000000000001,46.82,9.15
2025-08-13T14:07:41.830305,-37.0,149.0,-36.0,-7.0,15.0,48.0,-34.0,17.0,28.0,-37.0,63.0,-112.0,1.4799999999999969,85.58,-4.920000000000002,-12.27,-2.66,19.4,-80.65,-31.82,12.32,-42.38,19.82,-107.85
2025-08-13T14:07:41.834940,-47.0,108.0,-78.0,39.0,45.0,-15.0,51.0,83.0,32.0,-33.0,79.0,-8.0,-8.520000000000003,44.58,-46.92,33.730000000000004,27.34,-43.6,4.350000000000001,34.18,16.32,-38.38,35.82,-3.8499999999999996
2025-08-13T14:07:41.842652,50.0,21.0,-86.0,-8.0,25.0,-72.0,26.0,31.0,27.0,-19.0,70.0,-11.0,88.47999999999999,-42.42,-54.92,-13.27,7.34,-100.6,-20.65,-17.82,11.32,-24.38,26.82,-6.85
2025-08-13T14:07:41.846977,43.0,53.0,-42.0,24.0,16.0,25.0,69.0,30.0,116.0,22.0,121.0,25.0,81.47999999999999,-10.420000000000002,-10.920000000000002,18.73,-1.6600000000000001,-3.6000000000000014,22.35,-18.82,100.32,16.62,77.82,29.15
2025-08-13T14:07:41.854828,57.0,70.0,0.0,19.0,19.0,0.0,-42.0,31.0,77.0,49.0,21.0,-7.0,95.47999999999999,6.579999999999998,31.08,13.73,1.3399999999999999,-28.6,-88.65,-17.82,61.32,43.62,-22.18,-2.8499999999999996
2025-08-13T14:07:41.859824,-62.0,34.0,-22.0,73.0,24.0,15.0,41.0,70.0,64.0,-15.0,97.0,26.0,-23.520000000000003,-29.42,9.079999999999998,67.73,6.34,-13.600000000000001,-5.649999999999999,21.18,48.32,-20.38,53.82,30.15
2025-08-13T14:07:41.867226,-5.0,52.0,25.0,-4.0,54.0,4.0,43.0,-36.0,44.0,11.0,107.0,-10.0,33.48,-11.420000000000002,56.08,-9.27,36.34,-24.6,-3.6499999999999986,-84.82,28.32,5.62,63.82,-5.85
2025-08-13T14:07:41.871598,-17.0,99.0,-74.0,73.0,-29.0,-57.0,-49.0,13.0,41.0,-10.0,28.0,71.0,21.479999999999997,35.58,-42.92,67.73,-46.66,-85.6,-95.65,-35.82,25.32,-15.379999999999999,-15.18,75.15
2025-08-13T14:07:41.879480,31.0,76.0,-28.0,28.0,18.0,-28.0,41.0,-26.0,52.0,0.0,87.0,7.0,69.47999999999999,12.579999999999998,3.0799999999999983,22.73,0.33999999999999986,-56.6,-5.649999999999999,-74.82,36.32,-5.38,43.82,11.15
2025-08-13T14:07:41.883873,52.0,98.0,-5.0,42.0,81.0,-57.0,-28.0,60.0,63.0,0.0,52.0,9.0,90.47999999999999,34.58,26.08,36.730000000000004,63.34,-85.6,-74.65,11.18,47.32,-5.38,8.82,13.15
2025-08-13T14:07:41.891524,10.0,95.0,-27.0,17.0,22.0,-6.0,-40.0,2.0,112.0,-13.0,82.0,-19.0,48.48,31.58,4.079999999999998,11.73,4.34,-34.6,-86.65,-46.82,96.32,-18.38,38.82,-14.85
2025-08-13T14:07:41.895929,46.0,74.0,-23.0,53.0,-10.0,12.0,-50.0,62.0,63.0,-38.0,40.0,-31.0,84.47999999999999,10.579999999999998,8.079999999999998,47.730000000000004,-27.66,-16.6,-96.65,13.18,47.32,-43.38,-3.1799999999999997,-26.85
2025-08-13T14:07:41.904140,59.0,49.0,-36.0,-48.0,-23.0,-34.0,-8.0,16.0,57.0,-48.0,72.0,-14.0,97.47999999999999,-14.420000000000002,-4.920000000000002,-53.269999999999996,-40.66,-62.6,-54.65,-32.82,41.32,-53.38,28.82,-9.85
2025-08-13T14:07:41.908238,-83.0,31.0,37.0,152.0,20.0,4.0,-31.0,121.0,66.0,-6.0,50.0,-4.0,-44.52,-32.42,68.08,146.73,2.34,-24.6,-77.65,72.18,50.32,-11.379999999999999,6.82,0.15000000000000036
2025-08-13T14:07:41.913638,-54.0,132.0,2.0,-15.0,0.0,18.0,-57.0,69.0,22.0,22.0,109.0,-6.0,-15.520000000000003,68.58,33.08,-20.27,-17.66,-10.600000000000001,-103.65,20.18,6.32,16.62,65.82,-1.8499999999999996
2025-08-13T14:07:41.920747,29.0,122.0,-89.0,158.0,-36.0,44.0,6.0,115.0,58.0,-23.0,171.0,-31.0,67.47999999999999,58.58,-57.92,152.73,-53.66,15.399999999999999,-40.65,66.18,42.32,-28.38,127.82,-26.85
2025-08-13T14:07:41.928718,110.0,176.0,-103.0,63.0,12.0,-39.0,40.0,81.0,30.0,-36.0,74.0,-22.0,148.48,112.58,-71.92,57.730000000000004,-5.66,-67.6,-6.649999999999999,32.18,14.32,-41.38,30.82,-17.85
2025-08-13T14:07:41.933043,92.0,109.0,-58.0,168.0,19.0,-36.0,1.0,60.0,13.0,-17.0,161.0,-27.0,130.48,45.58,-26.92,162.73,1.3399999999999999,-64.6,-45.65,11.18,-2.6799999999999997,-22.38,117.82,-22.85
2025-08-13T14:07:41.940788,173.0,132.0,-10.0,181.0,-81.0,-15.0,21.0,8.0,4.0,38.0,153.0,-5.0,211.48,68.58,21.08,175.73,-98.66,-43.6,-25.65,-40.82,-11.68,32.62,109.82,-0.8499999999999996
2025-08-13T14:07:41.945494,109.0,181.0,-30.0,165.0,-60.0,-14.0,-67.0,-2.0,24.0,28.0,163.0,12.0,147.48,117.58,1.0799999999999983,159.73,-77.66,-42.6,-113.65,-50.82,8.32,22.62,119.82,16.15
2025-08-13T14:07:41.953209,50.0,187.0,-41.0,119.0,-47.0,-28.0,-42.0,45.0,52.0,46.0,181.0,61.0,88.47999999999999,123.58,-9.920000000000002,113.73,-64.66,-56.6,-88.65,-3.8200000000000003,36.32,40.62,137.82,65.15
2025-08-13T14:07:41.957714,155.0,142.0,-43.0,152.0,-37.0,-13.0,-5.0,62.0,28.0,11.0,136.0,-6.0,193.48,78.58,-11.920000000000002,146.73,-54.66,-41.6,-51.65,13.18,12.32,5.62,92.82,-1.8499999999999996
2025-08-13T14:07:41.965501,157.0,78.0,-91.0,110.0,-43.0,-18.0,40.0,12.0,8.0,65.0,81.0,23.0,195.48,14.579999999999998,-59.92,104.73,-60.66,-46.6,-6.649999999999999,-36.82,-7.68,59.62,37.82,27.15
2025-08-13T14:07:41.969982,155.0,113.0,30.0,169.0,11.0,7.0,2.0,50.0,-70.0,78.0,160.0,10.0,193.48,49.58,61.08,163.73,-6.66,-21.6,-44.65,1.1799999999999997,-85.68,72.62,116.82,14.15
2025-08-13T14:07:41.977884,43.0,141.0,-35.0,132.0,11.0,21.0,3.0,3.0,-41.0,46.0,101.0,-1.0,81.47999999999999,77.58,-3.9200000000000017,126.73,-6.66,-7.600000000000001,-43.65,-45.82,-56.68,40.62,57.82,3.1500000000000004
2025-08-13T14:07:41.982215,153.0,102.0,56.0,152.0,-8.0,-80.0,51.0,21.0,-5.0,54.0,101.0,85.0,191.48,38.58,87.08,146.73,-25.66,-108.6,4.350000000000001,-27.82,-20.68,48.62,57.82,89.15
2025-08-13T14:07:41.990261,109.0,228.0,-86.0,135.0,30.0,-10.0,70.0,71.0,39.0,93.0,181.0,72.0,147.48,164.57999999999998,-54.92,129.73,12.34,-38.6,23.35,22.18,23.32,87.62,137.82,76.15
2025-08-13T14:07:41.995123,188.0,165.0,-124.0,152.0,-54.0,-38.0,67.0,19.0,48.0,25.0,153.0,63.0,226.48,101.58,-92.92,146.73,-71.66,-66.6,20.35,-29.82,32.32,19.62,109.82,67.15
2025-08-13T14:07:42.002646,117.0,196.0,99.0,172.0,3.0,18.0,30.0,64.0,58.0,101.0,183.0,139.0,155.48,132.57999999999998,130.07999999999998,166.73,-14.66,-10.600000000000001,-16.65,15.18,42.32,95.62,139.82,143.15
2025-08-13T14:07:42.009476,80.0,223.0,-21.0,233.0,69.0,-55.0,-50.0,80.0,-40.0,-27.0,162.0,120.0,118.47999999999999,159.57999999999998,10.079999999999998,227.73,51.34,-83.6,-96.65,31.18,-55.68,-32.38,118.82,124.15
2025-08-13T14:07:42.014728,117.0,207.0,-64.0,183.0,-38.0,-56.0,23.0,33.0,59.0,20.0,243.0,66.0,155.48,143.57999999999998,-32.92,177.73,-55.66,-84.6,-23.65,-15.82,43.32,14.620000000000001,199.82,70.15
2025-08-13T14:07:42.022690,152.0,232.0,-40.0,182.0,-28.0,-41.0,64.0,22.0,-12.0,47.0,244.0,44.0,190.48,168.57999999999998,-8.920000000000002,176.73,-45.66,-69.6,17.35,-26.82,-27.68,41.62,200.82,48.15
2025-08-13T14:07:42.026977,142.0,149.0,-15.0,167.0,44.0,35.0,51.0,52.0,27.0,72.0,232.0,74.0,180.48,85.58,16.08,161.73,26.34,6.399999999999999,4.350000000000001,3.1799999999999997,11.32,66.62,188.82,78.15
2025-08-13T14:07:42.034924,23.0,159.0,66.0,140.0,7.0,-50.0,-19.0,97.0,20.0,61.0,236.0,84.0,61.48,95.58,97.08,134.73,-10.66,-78.6,-65.65,48.18,4.32,55.62,192.82,88.15
2025-08-13T14:07:42.039378,134.0,211.0,49.0,193.0,39.0,-56.0,-18.0,27.0,-35.0,94.0,194.0,29.0,172.48,147.57999999999998,80.08,187.73,21.34,-84.6,-64.65,-21.82,-50.68,88.62,150.82,33.15
2025-08-13T14:07:42.047424,64.0,212.0,-21.0,222.0,35.0,-2.0,65.0,52.0,-65.0,150.0,234.0,33.0,102.47999999999999,148.57999999999998,10.079999999999998,216.73,17.34,-30.6,18.35,3.1799999999999997,-80.68,144.62,190.82,37.15
2025-08-13T14:07:42.051872,138.0,151.0,-30.0,117.0,3.0,-23.0,37.0,-10.0,-43.0,99.0,179.0,38.0,176.48,87.58,1.0799999999999983,111.73,-14.66,-51.6,-9.649999999999999,-58.82,-58.68,93.62,135.82,42.15
2025-08-13T14:07:42.059756,105.0,119.0,9.0,122.0,26.0,-43.0,9.0,-14.0,-32.0,102.0,201.0,84.0,143.48,55.58,40.08,116.73,8.34,-71.6,-37.65,-62.82,-47.68,96.62,157.82,88.15
2025-08-13T14:07:42.064109,17.0,149.0,23.0,215.0,4.0,-33.0,59.0,40.0,29.0,155.0,193.0,29.0,55.48,85.58,54.08,209.73,-13.66,-61.6,12.350000000000001,-8.82,13.32,149.62,149.82,33.15
2025-08-13T14:07:42.072140,53.0,219.0,-56.0,162.0,1.0,2.0,1.0,96.0,-101.0,4.0,162.0,118.0,91.47999999999999,155.57999999999998,-24.92,156.73,-16.66,-26.6,-45.65,47.18,-116.68,-1.38,118.82,122.15
2025-08-13T14:07:42.076728,148.0,182.0,-63.0,103.0,43.0,-27.0,-20.0,22.0,34.0,-54.0,150.0,67.0,186.48,118.58,-31.92,97.73,25.34,-55.6,-66.65,-26.82,18.32,-59.38,106.82,71.15
2025-08-13T14:07:42.084620,153.0,150.0,-42.0,161.0,53.0,-74.0,-51.0,108.0,-18.0,2.0,150.0,63.0,191.48,86.58,-10.920000000000002,155.73,35.34,-102.6,-97.65,59.18,-33.68,-3.38,106.82,67.15
2025-08-13T14:07:42.092084,146.0,158.0,46.0,172.0,59.0,-13.0,46.0,44.0,-75.0,-10.0,283.0,74.0,184.48,94.58,77.08,166.73,41.34,-41.6,-0.6499999999999986,-4.82,-90.68,-15.379999999999999,239.82,78.15
2025-08-13T14:07:42.097759,43.0,208.0,-2.0,168.0,-16.0,0.0,34.0,43.0,-77.0,9.0,191.0,26.0,81.47999999999999,144.57999999999998,29.08,162.73,-33.66,-28.6,-12.649999999999999,-5.82,-92.68,3.62,147.82,30.15
2025-08-13T14:07:42.104250,75.0,171.0,-36.0,179.0,35.0,27.0,38.0,119.0,-47.0,52.0,225.0,10.0,113.47999999999999,107.58,-4.920000000000002,173.73,17.34,-1.6000000000000014,-8.649999999999999,70.18,-62.68,46.62,181.82,14.15
2025-08-13T14:07:42.109013,175.0,133.0,-6.0,181.0,64.0,-27.0,47.0,32.0,-31.0,86.0,226.0,41.0,213.48,69.58,25.08,175.73,46.34,-55.6,0.3500000000000014,-16.82,-46.68,80.62,182.82,45.15
2025-08-13T14:07:42.116761,134.0,134.0,27.0,285.0,69.0,-60.0,42.0,-7.0,20.0,45.0,146.0,38.0,172.48,70.58,58.08,279.73,51.34,-88.6,-4.649999999999999,-55.82,4.32,39.62,102.82,42.15
2025-08-13T14:07:42.121337,68.0,112.0,-10.0,195.0,71.0,-44.0,-5.0,41.0,-17.0,97.0,128.0,43.0,106.47999999999999,48.58,21.08,189.73,53.34,-72.6,-51.65,-7.82,-32.68,91.62,84.82,47.15
2025-08-13T14:07:42.129297,140.0,219.0,2.0,138.0,57.0,-51.0,11.0,51.0,-55.0,124.0,162.0,92.0,178.48,155.57999999999998,33.08,132.73,39.34,-79.6,-35.65,2.1799999999999997,-70.68,118.62,118.82,96.15
2025-08-13T14:07:42.133692,118.0,198.0,-44.0,152.0,1.0,-47.0,85.0,115.0,-83.0,80.0,179.0,45.0,156.48,134.57999999999998,-12.920000000000002,146.73,-16.66,-75.6,38.35,66.18,-98.68,74.62,135.82,49.15
2025-08-13T14:07:42.141610,121.0,87.0,10.0,185.0,41.0,-85.0,20.0,69.0,-44.0,29.0,160.0,67.0,159.48,23.58,41.08,179.73,23.34,-113.6,-26.65,20.18,-59.68,23.62,116.82,71.15
2025-08-13T14:07:42.145888,64.0,146.0,39.0,148.0,19.0,-20.0,78.0,27.0,-22.0,79.0,144.0,82.0,102.47999999999999,82.58,70.08,142.73,1.3399999999999999,-48.6,31.35,-21.82,-37.68,73.62,100.82,86.15
2025-08-13T14:07:42.153902,95.0,91.0,-25.0,201.0,6.0,-48.0,20.0,35.0,-34.0,-13.0,94.0,96.0,133.48,27.58,6.079999999999998,195.73,-11.66,-76.6,-26.65,-13.82,-49.68,-18.38,50.82,100.15
2025-08-13T14:07:42.158216,167.0,145.0,0.0,95.0,88.0,11.0,19.0,33.0,43.0,-14.0,139.0,130.0,205.48,81.58,31.08,89.73,70.34,-17.6,-27.65,-15.82,27.32,-19.38,95.82,134.15
2025-08-13T14:07:42.166156,11.0,245.0,-80.0,154.0,44.0,-63.0,9.0,72.0,-2.0,48.0,204.0,47.0,49.48,181.57999999999998,-48.92,148.73,26.34,-91.6,-37.65,23.18,-17.68,42.62,160.82,51.15
2025-08-13T14:07:42.170548,146.0,177.0,-74.0,285.0,50.0,-24.0,34.0,125.0,-77.0,39.0,142.0,93.0,184.48,113.58,-42.92,279.73,32.34,-52.6,-12.649999999999999,76.18,-92.68,33.62,98.82,97.15
2025-08-13T14:07:42.178502,122.0,64.0,17.0,167.0,44.0,-20.0,-16.0,127.0,6.0,19.0,224.0,37.0,160.48,0.5799999999999983,48.08,161.73,26.34,-48.6,-62.65,78.18,-9.68,13.620000000000001,180.82,41.15
2025-08-13T14:07:42.183246,74.0,82.0,24.0,179.0,58.0,19.0,81.0,104.0,-34.0,9.0,241.0,42.0,112.47999999999999,18.58,55.08,173.73,40.34,-9.600000000000001,34.35,55.18,-49.68,3.62,197.82,46.15
2025-08-13T14:07:42.190961,90.0,172.0,22.0,186.0,31.0,-79.0,65.0,18.0,16.0,-20.0,234.0,14.0,128.48,108.58,53.08,180.73,13.34,-107.6,18.35,-30.82,0.3200000000000003,-25.38,190.82,18.15
2025-08-13T14:07:42.194993,38.0,156.0,-87.0,229.0,120.0,-21.0,-28.0,50.0,2.0,59.0,176.0,15.0,76.47999999999999,92.58,-55.92,223.73,102.34,-49.6,-74.65,1.1799999999999997,-13.68,53.62,132.82,19.15
2025-08-13T14:07:42.203259,126.0,166.0,-34.0,180.0,7.0,-11.0,19.0,75.0,22.0,8.0,238.0,-3.0,164.48,102.58,-2.9200000000000017,174.73,-10.66,-39.6,-27.65,26.18,6.32,2.62,194.82,1.1500000000000004
2025-08-13T14:07:42.207304,140.0,101.0,-26.0,218.0,23.0,7.0,16.0,94.0,-30.0,10.0,218.0,5.0,178.48,37.58,5.079999999999998,212.73,5.34,-21.6,-30.65,45.18,-45.68,4.62,174.82,9.15
2025-08-13T14:07:42.215540,140.0,113.0,3.0,146.0,-12.0,-26.0,-5.0,45.0,-11.0,28.0,251.0,25.0,178.48,49.58,34.08,140.73,-29.66,-54.6,-51.65,-3.8200000000000003,-26.68,22.62,207.82,29.15
2025-08-13T14:07:42.219534,113.0,43.0,47.0,162.0,46.0,-41.0,41.0,-5.0,-27.0,0.0,217.0,63.0,151.48,-20.42,78.08,156.73,28.34,-69.6,-5.649999999999999,-53.82,-42.68,-5.38,173.82,67.15
2025-08-13T14:07:42.227702,48.0,125.0,21.0,149.0,-13.0,-71.0,-8.0,89.0,-18.0,52.0,192.0,75.0,86.47999999999999,61.58,52.08,143.73,-30.66,-99.6,-54.65,40.18,-33.68,46.62,148.82,79.15
2025-08-13T14:07:42.232028,70.0,160.0,-24.0,145.0,45.0,-25.0,64.0,5.0,40.0,33.0,223.0,-30.0,108.47999999999999,96.58,7.079999999999998,139.73,27.34,-53.6,17.35,-43.82,24.32,27.62,179.82,-25.85
2025-08-13T14:07:42.240056,117.0,100.0,-1.0,203.0,86.0,22.0,7.0,46.0,13.0,35.0,158.0,-20.0,155.48,36.58,30.08,197.73,68.34,-6.600000000000001,-39.65,-2.8200000000000003,-2.6799999999999997,29.62,114.82,-15.85
2025-08-13T14:07:42.247979,218.0,170.0,-50.0,217.0,69.0,5.0,42.0,36.0,-86.0,63.0,205.0,25.0,256.48,106.58,-18.92,211.73,51.34,-23.6,-4.649999999999999,-12.82,-101.68,57.62,161.82,29.15
2025-08-13T14:07:42.252356,126.0,174.0,43.0,171.0,88.0,-48.0,65.0,74.0,-39.0,49.0,232.0,41.0,164.48,110.58,74.08,165.73,70.34,-76.6,18.35,25.18,-54.68,43.62,188.82,45.15
2025-08-13T14:07:42.260340,88.0,196.0,19.0,185.0,73.0,-92.0,-4.0,30.0,-52.0,23.0,132.0,-17.0,126.47999999999999,132.57999999999998,50.08,179.73,55.34,-120.6,-50.65,-18.82,-67.68,17.62,88.82,-12.85
2025-08-13T14:07:42.264738,30.0,144.0,50.0,260.0,64.0,-84.0,30.0,-37.0,-67.0,75.0,233.0,43.0,68.47999999999999,80.58,81.08,254.73,46.34,-112.6,-16.65,-85.82,-82.68,69.62,189.82,47.15
2025-08-13T14:07:42.272678,144.0,168.0,-15.0,161.0,78.0,-48.0,69.0,-38.0,-39.0,22.0,238.0,-1.0,182.48,104.58,16.08,155.73,60.34,-76.6,22.35,-86.82,-54.68,16.62,194.82,3.1500000000000004
2025-08-13T14:07:42.277139,120.0,98.0,9.0,91.0,122.0,-55.0,42.0,22.0,-10.0,-20.0,133.0,-22.0,158.48,34.58,40.08,85.73,104.34,-83.6,-4.649999999999999,-26.82,-25.68,-25.38,89.82,-17.85
2025-08-13T14:07:42.284988,114.0,160.0,51.0,141.0,56.0,-112.0,70.0,163.0,-119.0,78.0,212.0,0.0,152.48,96.58,82.08,135.73,38.34,-140.6,23.35,114.18,-134.68,72.62,168.82,4.15
2025-08-13T14:07:42.289515,36.0,152.0,2.0,165.0,20.0,-26.0,-34.0,-13.0,-22.0,129.0,181.0,56.0,74.47999999999999,88.58,33.08,159.73,2.34,-54.6,-80.65,-61.82,-37.68,123.62,137.82,60.15
2025-08-13T14:07:42.297382,84.0,134.0,35.0,181.0,84.0,12.0,66.0,-3.0,-4.0,36.0,164.0,42.0,122.47999999999999,70.58,66.08,175.73,66.34,-16.6,19.35,-51.82,-19.68,30.62,120.82,46.15
2025-08-13T14:07:42.301538,126.0,168.0,7.0,189.0,26.0,-53.0,87.0,10.0,-25.0,51.0,232.0,106.0,164.48,104.58,38.08,183.73,8.34,-81.6,40.35,-38.82,-40.68,45.62,188.82,110.15
2025-08-13T14:07:42.309640,35.0,126.0,44.0,192.0,38.0,-43.0,25.0,-8.0,-35.0,36.0,125.0,63.0,73.47999999999999,62.58,75.08,186.73,20.34,-71.6,-21.65,-56.82,-50.68,30.62,81.82,67.15
2025-08-13T14:07:42.313810,53.0,163.0,34.0,205.0,112.0,-16.0,-3.0,3.0,0.0,59.0,192.0,119.0,91.47999999999999,99.58,65.08,199.73,94.34,-44.6,-49.65,-45.82,-15.68,53.62,148.82,123.15
2025-08-13T14:07:42.321832,89.0,160.0,-92.0,200.0,49.0,-55.0,23.0,21.0,19.0,-3.0,93.0,80.0,127.47999999999999,96.58,-60.92,194.73,31.34,-83.6,-23.65,-27.82,3.3200000000000003,-8.379999999999999,49.82,84.15
2025-08-13T14:07:42.326101,119.0,158.0,-11.0,104.0,70.0,-28.0,74.0,46.0,-25.0,51.0,105.0,104.0,157.48,94.58,20.08,98.73,52.34,-56.6,27.35,-2.8200000000000003,-40.68,45.62,61.82,108.15
2025-08-13T14:07:42.334231,92.0,31.0,7.0,95.0,29.0,-79.0,33.0,-10.0,-18.0,45.0,207.0,93.0,130.48,-32.42,38.08,89.73,11.34,-107.6,-13.649999999999999,-58.82,-33.68,39.62,163.82,97.15
2025-08-13T14:07:42.342176,53.0,148.0,29.0,209.0,-8.0,-108.0,55.0,85.0,-35.0,-15.0,221.0,96.0,91.47999999999999,84.58,60.08,203.73,-25.66,-136.6,8.350000000000001,36.18,-50.68,-20.38,177.82,100.15
2025-08-13T14:07:42.346609,63.0,133.0,-32.0,178.0,9.0,-47.0,81.0,60.0,-39.0,47.0,251.0,7.0,101.47999999999999,69.58,-0.9200000000000017,172.73,-8.66,-75.6,34.35,11.18,-54.68,41.62,207.82,11.15
2025-08-13T14:07:42.354610,29.0,146.0,-17.0,189.0,-9.0,11.0,61.0,70.0,-59.0,73.0,155.0,48.0,67.47999999999999,82.58,14.079999999999998,183.73,-26.66,-17.6,14.350000000000001,21.18,-74.68,67.62,111.82,52.15
2025-08-13T14:07:42.358903,101.0,125.0,-10.0,197.0,36.0,-58.0,15.0,44.0,7.0,45.0,150.0,89.0,139.48,61.58,21.08,191.73,18.34,-86.6,-31.65,-4.82,-8.68,39.62,106.82,93.15
2025-08-13T14:07:42.366815,146.0,130.0,-30.0,181.0,-14.0,-78.0,44.0,65.0,-19.0,42.0,223.0,77.0,184.48,66.58,1.0799999999999983,175.73,-31.66,-106.6,-2.6499999999999986,16.18,-34.68,36.62,179.82,81.15
2025-08-13T14:07:42.371265,131.0,84.0,-22.0,151.0,56.0,-70.0,-57.0,74.0,-56.0,30.0,224.0,59.0,169.48,20.58,9.079999999999998,145.73,38.34,-98.6,-103.65,25.18,-71.68,24.62,180.82,63.15
2025-08-13T14:07:42.379267,19.0,112.0,-23.0,116.0,40.0,3.0,97.0,-45.0,-31.0,0.0,270.0,-29.0,57.48,48.58,8.079999999999998,110.73,22.34,-25.6,50.35,-93.82,-46.68,-5.38,226.82,-24.85
2025-08-13T14:07:42.383536,87.0,166.0,-56.0,197.0,27.0,3.0,50.0,11.0,-9.0,17.0,230.0,18.0,125.47999999999999,102.58,-24.92,191.73,9.34,-25.6,3.3500000000000014,-37.82,-24.68,11.620000000000001,186.82,22.15
2025-08-13T14:07:42.391528,48.0,116.0,-52.0,159.0,131.0,-16.0,-39.0,72.0,-22.0,24.0,229.0,-26.0,86.47999999999999,52.58,-20.92,153.73,113.34,-44.6,-85.65,23.18,-37.68,18.62,185.82,-21.85
2025-08-13T14:07:42.395863,156.0,98.0,-17.0,178.0,64.0,-47.0,42.0,79.0,-19.0,41.0,246.0,17.0,194.48,34.58,14.079999999999998,172.73,46.34,-75.6,-4.649999999999999,30.18,-34.68,35.62,202.82,21.15
2025-08-13T14:07:42.403845,102.0,118.0,29.0,146.0,20.0,-25.0,8.0,-8.0,-65.0,134.0,181.0,-41.0,140.48,54.58,60.08,140.73,2.34,-53.6,-38.65,-56.82,-80.68,128.62,137.82,-36.85
2025-08-13T14:07:42.408138,76.0,126.0,62.0,90.0,16.0,-87.0,104.0,78.0,-48.0,113.0,177.0,57.0,114.47999999999999,62.58,93.08,84.73,-1.6600000000000001,-115.6,57.35,29.18,-63.68,107.62,133.82,61.15
2025-08-13T14:07:42.416038,81.0,149.0,-5.0,94.0,121.0,-53.0,27.0,41.0,-106.0,59.0,205.0,34.0,119.47999999999999,85.58,26.08,88.73,103.34,-81.6,-19.65,-7.82,-121.68,53.62,161.82,38.15
2025-08-13T14:07:42.420307,81.0,196.0,-96.0,250.0,34.0,-29.0,11.0,2.0,-14.0,113.0,117.0,73.0,119.47999999999999,132.57999999999998,-64.92,244.73,16.34,-57.6,-35.65,-46.82,-29.68,107.62,73.82,77.15
2025-08-13T14:07:42.428504,106.0,150.0,-76.0,202.0,49.0,-39.0,29.0,3.0,-45.0,86.0,169.0,62.0,144.48,86.58,-44.92,196.73,31.34,-67.6,-17.65,-45.82,-60.68,80.62,125.82,66.15
2025-08-13T14:07:42.432613,176.0,106.0,-9.0,256.0,32.0,-43.0,16.0,124.0,-58.0,76.0,140.0,81.0,214.48,42.58,22.08,250.73,14.34,-71.6,-30.65,75.18,-73.68,70.62,96.82,85.15
2025-08-13T14:07:42.440619,83.0,97.0,1.0,149.0,128.0,4.0,21.0,59.0,8.0,61.0,170.0,65.0,121.47999999999999,33.58,32.08,143.73,110.34,-24.6,-25.65,10.18,-7.68,55.62,126.82,69.15
2025-08-13T14:07:42.444866,45.0,104.0,32.0,170.0,76.0,-63.0,-6.0,69.0,33.0,29.0,214.0,86.0,83.47999999999999,40.58,63.08,164.73,58.34,-91.6,-52.65,20.18,17.32,23.62,170.82,90.15
2025-08-13T14:07:42.452898,142.0,166.0,-18.0,253.0,72.0,-31.0,32.0,16.0,-72.0,-18.0,134.0,62.0,180.48,102.58,13.079999999999998,247.73,54.34,-59.6,-14.649999999999999,-32.82,-87.68,-23.38,90.82,66.15
2025-08-13T14:07:42.457116,2.0,255.0,2.0,101.0,78.0,-31.0,77.0,48.0,-82.0,-63.0,253.0,158.0,40.48,191.57999999999998,33.08,95.73,60.34,-59.6,30.35,-0.8200000000000003,-97.68,-68.38,209.82,162.15
2025-08-13T14:07:42.465371,67.0,196.0,-34.0,55.0,57.0,-75.0,38.0,48.0,48.0,68.0,203.0,68.0,105.47999999999999,132.57999999999998,-2.9200000000000017,49.730000000000004,39.34,-103.6,-8.649999999999999,-0.8200000000000003,32.32,62.62,159.82,72.15
2025-08-13T14:07:42.469361,107.0,103.0,-17.0,179.0,81.0,31.0,7.0,9.0,21.0,5.0,175.0,74.0,145.48,39.58,14.079999999999998,173.73,63.34,2.3999999999999986,-39.65,-39.82,5.32,-0.3799999999999999,131.82,78.15
2025-08-13T14:07:42.477730,129.0,78.0,36.0,202.0,18.0,-105.0,22.0,44.0,-1.0,28.0,259.0,26.0,167.48,14.579999999999998,67.08,196.73,0.33999999999999986,-133.6,-24.65,-4.82,-16.68,22.62,215.82,30.15
2025-08-13T14:07:42.485471,36.0,60.0,-16.0,121.0,101.0,-97.0,-13.0,52.0,35.0,-40.0,155.0,66.0,74.47999999999999,-3.4200000000000017,15.079999999999998,115.73,83.34,-125.6,-59.65,3.1799999999999997,19.32,-45.38,111.82,70.15
2025-08-13T14:07:42.489961,90.0,223.0,-17.0,218.0,55.0,-29.0,10.0,48.0,-44.0,56.0,207.0,105.0,128.48,159.57999999999998,14.079999999999998,212.73,37.34,-57.6,-36.65,-0.8200000000000003,-59.68,50.62,163.82,109.15
2025-08-13T14:07:42.497849,110.0,173.0,-15.0,193.0,-17.0,-14.0,38.0,78.0,-12.0,25.0,196.0,-8.0,148.48,109.58,16.08,187.73,-34.66,-42.6,-8.649999999999999,29.18,-27.68,19.62,152.82,-3.8499999999999996
2025-08-13T14:07:42.502285,158.0,125.0,-71.0,155.0,53.0,-8.0,84.0,-1.0,-35.0,33.0,241.0,15.0,196.48,61.58,-39.92,149.73,35.34,-36.6,37.35,-49.82,-50.68,27.62,197.82,19.15
2025-08-13T14:07:42.510239,151.0,116.0,36.0,165.0,37.0,-54.0,1.0,36.0,7.0,56.0,224.0,41.0,189.48,52.58,67.08,159.73,19.34,-82.6,-45.65,-12.82,-8.68,50.62,180.82,45.15
2025-08-13T14:07:42.514839,75.0,137.0,33.0,127.0,28.0,-74.0,-1.0,19.0,-36.0,112.0,205.0,68.0,113.47999999999999,73.58,64.08,121.73,10.34,-102.6,-47.65,-29.82,-51.68,106.62,161.82,72.15
2025-08-13T14:07:42.522687,64.0,173.0,1.0,175.0,-10.0,-87.0,17.0,71.0,-30.0,76.0,243.0,-36.0,102.47999999999999,109.58,32.08,169.73,-27.66,-115.6,-29.65,22.18,-45.68,70.62,199.82,-31.85
2025-08-13T14:07:42.527165,142.0,180.0,-70.0,157.0,33.0,-29.0,9.0,63.0,-55.0,109.0,155.0,16.0,180.48,116.58,-38.92,151.73,15.34,-57.6,-37.65,14.18,-70.68,103.62,111.82,20.15
2025-08-13T14:07:42.535150,122.0,168.0,0.0,177.0,15.0,-27.0,129.0,59.0,-58.0,72.0,234.0,14.0,160.48,104.58,31.08,171.73,-2.66,-55.6,82.35,10.18,-73.68,66.62,190.82,18.15
2025-08-13T14:07:42.542002,117.0,116.0,35.0,172.0,65.0,-103.0,31.0,53.0,-30.0,105.0,190.0,-16.0,155.48,52.58,66.08,166.73,47.34,-131.6,-15.649999999999999,4.18,-45.68,99.62,146.82,-11.85
2025-08-13T14:07:42.547182,97.0,97.0,-10.0,212.0,42.0,6.0,19.0,52.0,-66.0,115.0,192.0,-2.0,135.48,33.58,21.08,206.73,24.34,-22.6,-27.65,3.1799999999999997,-81.68,109.62,148.82,2.1500000000000004
2025-08-13T14:07:42.551890,59.0,166.0,-70.0,90.0,15.0,-5.0,38.0,97.0,-64.0,80.0,183.0,93.0,97.47999999999999,102.58,-38.92,84.73,-2.66,-33.6,-8.649999999999999,48.18,-79.68,74.62,139.82,97.15
2025-08-13T14:07:42.559714,156.0,188.0,-69.0,128.0,89.0,-41.0,9.0,15.0,-64.0,52.0,180.0,91.0,194.48,124.58,-37.92,122.73,71.34,-69.6,-37.65,-33.82,-79.68,46.62,136.82,95.15
2025-08-13T14:07:42.564086,149.0,131.0,-10.0,137.0,-2.0,-50.0,-7.0,63.0,-14.0,136.0,126.0,42.0,187.48,67.58,21.08,131.73,-19.66,-78.6,-53.65,14.18,-29.68,130.62,82.82,46.15
2025-08-13T14:07:42.571907,157.0,132.0,-26.0,202.0,14.0,-15.0,42.0,57.0,-84.0,2.0,168.0,68.0,195.48,68.58,5.079999999999998,196.73,-3.66,-43.6,-4.649999999999999,8.18,-99.68,-3.38,124.82,72.15
2025-08-13T14:07:42.576304,63.0,168.0,17.0,136.0,52.0,29.0,65.0,-12.0,-89.0,-5.0,179.0,64.0,101.47999999999999,104.58,48.08,130.73,34.34,0.3999999999999986,18.35,-60.82,-104.68,-10.379999999999999,135.82,68.15
2025-08-13T14:07:42.584579,54.0,182.0,-6.0,155.0,53.0,-61.0,44.0,65.0,23.0,46.0,161.0,72.0,92.47999999999999,118.58,25.08,149.73,35.34,-89.6,-2.6499999999999986,16.18,7.32,40.62,117.82,76.15
2025-08-13T14:07:42.592925,70.0,200.0,-44.0,169.0,113.0,44.0,-19.0,29.0,22.0,28.0,143.0,49.0,108.47999999999999,136.57999999999998,-12.920000000000002,163.73,95.34,15.399999999999999,-65.65,-19.82,6.32,22.62,99.82,53.15
2025-08-13T14:07:42.598875,99.0,109.0,-48.0,195.0,100.0,-53.0,43.0,38.0,-13.0,69.0,200.0,83.0,137.48,45.58,-16.92,189.73,82.34,-81.6,-3.6499999999999986,-10.82,-28.68,63.62,156.82,87.15
2025-08-13T14:07:42.604205,111.0,139.0,-27.0,205.0,73.0,9.0,9.0,79.0,-44.0,38.0,172.0,19.0,149.48,75.58,4.079999999999998,199.73,55.34,-19.6,-37.65,30.18,-59.68,32.62,128.82,23.15
2025-08-13T14:07:42.608704,62.0,138.0,-43.0,183.0,37.0,-21.0,61.0,17.0,-45.0,42.0,228.0,11.0,100.47999999999999,74.58,-11.920000000000002,177.73,19.34,-49.6,14.350000000000001,-31.82,-60.68,36.62,184.82,15.15
2025-08-13T14:07:42.616793,114.0,225.0,-48.0,109.0,88.0,-13.0,130.0,80.0,-32.0,113.0,209.0,26.0,152.48,161.57999999999998,-16.92,103.73,70.34,-41.6,83.35,31.18,-47.68,107.62,165.82,30.15
2025-08-13T14:07:42.620981,193.0,43.0,14.0,112.0,66.0,-70.0,-4.0,20.0,17.0,139.0,113.0,3.0,231.48,-20.42,45.08,106.73,48.34,-98.6,-50.65,-28.82,1.3200000000000003,133.62,69.82,7.15
2025-08-13T14:07:42.629016,152.0,116.0,82.0,232.0,-21.0,-13.0,17.0,-58.0,-50.0,53.0,176.0,19.0,190.48,52.58,113.08,226.73,-38.66,-41.6,-29.65,-106.82,-65.68,47.62,132.82,23.15
2025-08-13T14:07:42.633218,97.0,83.0,-39.0,71.0,-2.0,-4.0,-22.0,116.0,-125.0,129.0,185.0,25.0,135.48,19.58,-7.920000000000002,65.73,-19.66,-32.6,-68.65,67.18,-140.68,123.62,141.82,29.15
2025-08-13T14:07:42.641126,113.0,200.0,-6.0,107.0,33.0,-54.0,43.0,43.0,-53.0,167.0,146.0,57.0,151.48,136.57999999999998,25.08,101.73,15.34,-82.6,-3.6499999999999986,-5.82,-68.68,161.62,102.82,61.15
2025-08-13T14:07:42.645414,90.0,195.0,-61.0,186.0,-4.0,-22.0,56.0,37.0,-26.0,58.0,202.0,81.0,128.48,131.57999999999998,-29.92,180.73,-21.66,-50.6,9.350000000000001,-11.82,-41.68,52.62,158.82,85.15
2025-08-13T14:07:42.653657,143.0,146.0,19.0,121.0,-27.0,-27.0,52.0,-50.0,-55.0,40.0,99.0,38.0,181.48,82.58,50.08,115.73,-44.66,-55.6,5.350000000000001,-98.82,-70.68,34.62,55.82,42.15
2025-08-13T14:07:42.657718,106.0,117.0,1.0,142.0,80.0,14.0,21.0,30.0,-81.0,8.0,249.0,70.0,144.48,53.58,32.08,136.73,62.34,-14.600000000000001,-25.65,-18.82,-96.68,2.62,205.82,74.15
2025-08-13T14:07:42.665850,120.0,80.0,-2.0,161.0,36.0,-24.0,13.0,104.0,-54.0,21.0,204.0,46.0,158.48,16.58,29.08,155.73,18.34,-52.6,-33.65,55.18,-69.68,15.620000000000001,160.82,50.15
2025-08-13T14:07:42.673809,64.0,168.0,-11.0,172.0,33.0,-63.0,61.0,47.0,-10.0,-10.0,221.0,-47.0,102.47999999999999,104.58,20.08,166.73,15.34,-91.6,14.350000000000001,-1.8200000000000003,-25.68,-15.379999999999999,177.82,-42.85
2025-08-13T14:07:42.678264,76.0,201.0,-55.0,211.0,1.0,-37.0,4.0,-7.0,-85.0,69.0,208.0,19.0,114.47999999999999,137.57999999999998,-23.92,205.73,-16.66,-65.6,-42.65,-55.82,-100.68,63.62,164.82,23.15
2025-08-13T14:07:42.686241,101.0,138.0,-107.0,155.0,48.0,-57.0,101.0,32.0,-23.0,23.0,212.0,-16.0,139.48,74.58,-75.92,149.73,30.34,-85.6,54.35,-16.82,-38.68,17.62,168.82,-11.85
2025-08-13T14:07:42.690648,131.0,66.0,-10.0,115.0,78.0,-94.0,58.0,78.0,-113.0,60.0,126.0,-2.0,169.48,2.5799999999999983,21.08,109.73,60.34,-122.6,11.350000000000001,29.18,-128.68,54.62,82.82,2.1500000000000004
2025-08-13T14:07:42.698543,30.0,67.0,-18.0,156.0,-20.0,-84.0,24.0,10.0,-93.0,41.0,184.0,-23.0,68.47999999999999,3.5799999999999983,13.079999999999998,150.73,-37.66,-112.6,-22.65,-38.82,-108.68,35.62,140.82,-18.85
2025-08-13T14:07:42.702879,35.0,181.0,51.0,186.0,-4.0,-34.0,65.0,19.0,-60.0,66.0,158.0,1.0,73.47999999999999,117.58,82.08,180.73,-21.66,-62.6,18.35,-29.82,-75.68,60.62,114.82,5.15
2025-08-13T14:07:42.710801,37.0,125.0,-64.0,116.0,24.0,-35.0,19.0,-34.0,-58.0,30.0,175.0,-70.0,75.47999999999999,61.58,-32.92,110.73,6.34,-63.6,-27.65,-82.82,-73.68,24.62,131.82,-65.85
2025-08-13T14:07:42.715325,132.0,108.0,-79.0,98.0,-9.0,-63.0,-11.0,61.0,-125.0,45.0,187.0,-2.0,170.48,44.58,-47.92,92.73,-26.66,-91.6,-57.65,12.18,-140.68,39.62,143.82,2.1500000000000004
2025-08-13T14:07:42.723250,105.0,78.0,-76.0,137.0,70.0,-43.0,7.0,72.0,-83.0,56.0,165.0,-41.0,143.48,14.579999999999998,-44.92,131.73,52.34,-71.6,-39.65,23.18,-98.68,50.62,121.82,-36.85
2025-08-13T14:07:42.727755,51.0,51.0,-12.0,148.0,41.0,-115.0,34.0,54.0,-86.0,45.0,137.0,-4.0,89.47999999999999,-12.420000000000002,19.08,142.73,23.34,-143.6,-12.649999999999999,5.18,-101.68,39.62,93.82,0.15000000000000036
2025-08-13T14:07:42.735803,51.0,102.0,-29.0,130.0,13.0,-30.0,56.0,-22.0,-76.0,40.0,128.0,1.0,89.47999999999999,38.58,2.0799999999999983,124.73,-4.66,-58.6,9.350000000000001,-70.82,-91.68,34.62,84.82,5.15
2025-08-13T14:07:42.742862,69.0,181.0,-68.0,51.0,35.0,-78.0,38.0,66.0,-18.0,45.0,168.0,28.0,107.47999999999999,117.58,-36.92,45.730000000000004,17.34,-106.6,-8.649999999999999,17.18,-33.68,39.62,124.82,32.15
2025-08-13T14:07:42.751364,86.0,160.0,-68.0,81.0,66.0,40.0,56.0,84.0,-75.0,60.0,215.0,-53.0,124.47999999999999,96.58,-36.92,75.73,48.34,11.399999999999999,9.350000000000001,35.18,-90.68,54.62,171.82,-48.85
2025-08-13T14:07:42.760697,38.0,192.0,-137.0,30.0,-6.0,-14.0,14.0,94.0,-106.0,-21.0,214.0,-25.0,76.47999999999999,128.57999999999998,-105.92,24.73,-23.66,-42.6,-32.65,45.18,-121.68,-26.38,170.82,-20.85
2025-08-13T14:07:42.766221,48.0,108.0,-92.0,100.0,63.0,-3.0,-43.0,71.0,-44.0,53.0,147.0,-2.0,86.47999999999999,44.58,-60.92,94.73,45.34,-31.6,-89.65,22.18,-59.68,47.62,103.82,2.1500000000000004
2025-08-13T14:07:42.770594,10.0,89.0,-45.0,99.0,34.0,-32.0,-15.0,49.0,-125.0,13.0,125.0,-63.0,48.48,25.58,-13.920000000000002,93.73,16.34,-60.6,-61.65,0.17999999999999972,-140.68,7.62,81.82,-58.85
2025-08-13T14:07:42.774002,-22.0,58.0,-33.0,110.0,62.0,31.0,61.0,40.0,-15.0,38.0,118.0,0.0,16.479999999999997,-5.420000000000002,-1.9200000000000017,104.73,44.34,2.3999999999999986,14.350000000000001,-8.82,-30.68,32.62,74.82,4.15
2025-08-13T14:07:42.776733,5.0,100.0,-26.0,96.0,-13.0,53.0,-16.0,32.0,-21.0,20.0,136.0,4.0,43.48,36.58,5.079999999999998,90.73,-30.66,24.4,-62.65,-16.82,-36.68,14.620000000000001,92.82,8.15
2025-08-13T14:07:42.784689,-78.0,46.0,-98.0,76.0,26.0,28.0,3.0,35.0,-60.0,-60.0,123.0,-45.0,-39.52,-17.42,-66.92,70.73,8.34,-0.6000000000000014,-43.65,-13.82,-75.68,-65.38,79.82,-40.85
2025-08-13T14:07:42.788899,24.0,118.0,-40.0,8.0,37.0,22.0,45.0,37.0,-19.0,82.0,56.0,-3.0,62.48,54.58,-8.920000000000002,2.7300000000000004,19.34,-6.600000000000001,-1.6499999999999986,-11.82,-34.68,76.62,12.82,1.1500000000000004
2025-08-13T14:07:42.797227,-4.0,130.0,-93.0,33.0,61.0,-12.0,-46.0,-27.0,19.0,43.0,162.0,-44.0,34.48,66.58,-61.92,27.73,43.34,-40.6,-92.65,-75.82,3.3200000000000003,37.62,118.82,-39.85
2025-08-13T14:07:42.800972,48.0,55.0,-4.0,44.0,74.0,-12.0,-3.0,47.0,-33.0,43.0,55.0,-26.0,86.47999999999999,-8.420000000000002,27.08,38.730000000000004,56.34,-40.6,-49.65,-1.8200000000000003,-48.68,37.62,11.82,-21.85
2025-08-13T14:07:42.809280,-46.0,31.0,-34.0,84.0,10.0,-6.0,33.0,106.0,26.0,64.0,100.0,-63.0,-7.520000000000003,-32.42,-2.9200000000000017,78.73,-7.66,-34.6,-13.649999999999999,57.18,10.32,58.62,56.82,-58.85
2025-08-13T14:07:42.813349,-46.0,59.0,-50.0,-12.0,34.0,-16.0,-11.0,83.0,-33.0,41.0,104.0,-94.0,-7.520000000000003,-4.420000000000002,-18.92,-17.27,16.34,-44.6,-57.65,34.18,-48.68,35.62,60.82,-89.85
2025-08-13T14:07:42.821564,-52.0,127.0,-87.0,-70.0,21.0,-12.0,33.0,2.0,-41.0,18.0,94.0,-24.0,-13.520000000000003,63.58,-55.92,-75.27,3.34,-40.6,-13.649999999999999,-46.82,-56.68,12.620000000000001,50.82,-19.85
2025-08-13T14:07:42.825763,15.0,25.0,-110.0,-16.0,-18.0,4.0,26.0,-3.0,11.0,61.0,11.0,-83.0,53.48,-38.42,-78.92,-21.27,-35.66,-24.6,-20.65,-51.82,-4.68,55.62,-32.18,-78.85
2025-08-13T14:07:42.833788,-41.0,81.0,-28.0,88.0,14.0,28.0,110.0,4.0,-47.0,58.0,37.0,-48.0,-2.520000000000003,17.58,3.0799999999999983,82.73,-3.66,-0.6000000000000014,63.35,-44.82,-62.68,52.62,-6.18,-43.85
2025-08-13T14:07:42.837945,-2.0,65.0,-117.0,84.0,15.0,65.0,60.0,-5.0,-68.0,19.0,132.0,-42.0,36.48,1.5799999999999983,-85.92,78.73,-2.66,36.4,13.350000000000001,-53.82,-83.68,13.620000000000001,88.82,-37.85
2025-08-13T14:07:42.846090,-30.0,33.0,-64.0,51.0,-10.0,16.0,-17.0,32.0,-41.0,42.0,80.0,-53.0,8.479999999999997,-30.42,-32.92,45.730000000000004,-27.66,-12.600000000000001,-63.65,-16.82,-56.68,36.62,36.82,-48.85
2025-08-13T14:07:42.850316,-49.0,70.0,-10.0,-10.0,5.0,-47.0,46.0,42.0,-6.0,24.0,72.0,-71.0,-10.520000000000003,6.579999999999998,21.08,-15.27,-12.66,-75.6,-0.6499999999999986,-6.82,-21.68,18.62,28.82,-66.85
2025-08-13T14:07:42.858438,-111.0,63.0,-13.0,3.0,72.0,7.0,28.0,39.0,-10.0,34.0,75.0,-36.0,-72.52000000000001,-0.4200000000000017,18.08,-2.2699999999999996,54.34,-21.6,-18.65,-9.82,-25.68,28.62,31.82,-31.85
2025-08-13T14:07:42.862860,-57.0,171.0,-22.0,-1.0,13.0,-10.0,13.0,70.0,24.0,44.0,104.0,19.0,-18.520000000000003,107.58,9.079999999999998,-6.27,-4.66,-38.6,-33.65,21.18,8.32,38.62,60.82,23.15
2025-08-13T14:07:42.870694,-81.0,103.0,-102.0,-8.0,24.0,7.0,21.0,25.0,75.0,-14.0,74.0,-95.0,-42.52,39.58,-70.92,-13.27,6.34,-21.6,-25.65,-23.82,59.32,-19.38,30.82,-90.85
2025-08-13T14:07:42.875278,17.0,132.0,-142.0,-39.0,-32.0,-54.0,16.0,70.0,-29.0,54.0,80.0,-33.0,55.48,68.58,-110.92,-44.269999999999996,-49.66,-82.6,-30.65,21.18,-44.68,48.62,36.82,-28.85
2025-08-13T14:07:42.883001,-6.0,61.0,-67.0,47.0,-21.0,9.0,20.0,41.0,3.0,65.0,136.0,-56.0,32.48,-2.4200000000000017,-35.92,41.730000000000004,-38.66,-19.6,-26.65,-7.82,-12.68,59.62,92.82,-51.85
2025-08-13T14:07:42.887738,-55.0,114.0,-117.0,-3.0,54.0,23.0,-14.0,15.0,40.0,-109.0,50.0,-35.0,-16.520000000000003,50.58,-85.92,-8.27,36.34,-5.600000000000001,-60.65,-33.82,24.32,-114.38,6.82,-30.85
2025-08-13T14:07:42.895490,-7.0,81.0,-39.0,5.0,-62.0,43.0,23.0,101.0,-83.0,-29.0,77.0,-29.0,31.479999999999997,17.58,-7.920000000000002,-0.2699999999999996,-79.66,14.399999999999999,-23.65,52.18,-98.68,-34.38,33.82,-24.85
2025-08-13T14:07:42.900286,-44.0,80.0,-35.0,15.0,-16.0,0.0,7.0,82.0,-19.0,-9.0,26.0,-34.0,-5.520000000000003,16.58,-3.9200000000000017,9.73,-33.66,-28.6,-39.65,33.18,-34.68,-14.379999999999999,-17.18,-29.85
2025-08-13T14:07:42.907802,-119.0,40.0,-3.0,63.0,44.0,-24.0,-37.0,51.0,-5.0,1.0,108.0,5.0,-80.52000000000001,-23.42,28.08,57.730000000000004,26.34,-52.6,-83.65,2.1799999999999997,-20.68,-4.38,64.82,9.15
2025-08-13T14:07:42.912608,-46.0,126.0,-23.0,62.0,-16.0,-16.0,56.0,74.0,-57.0,-19.0,-5.0,-49.0,-7.520000000000003,62.58,8.079999999999998,56.730000000000004,-33.66,-44.6,9.350000000000001,25.18,-72.68,-24.38,-48.18,-44.85
2025-08-13T14:07:42.920054,-100.0,105.0,-112.0,-76.0,16.0,50.0,10.0,105.0,7.0,-10.0,54.0,-54.0,-61.52,41.58,-80.92,-81.27,-1.6600000000000001,21.4,-36.65,56.18,-8.68,-15.379999999999999,10.82,-49.85
2025-08-13T14:07:42.926705,9.0,77.0,-35.0,62.0,44.0,-1.0,43.0,25.0,-49.0,-52.0,96.0,-3.0,47.48,13.579999999999998,-3.9200000000000017,56.730000000000004,26.34,-29.6,-3.6499999999999986,-23.82,-64.68,-57.38,52.82,1.1500000000000004
2025-08-13T14:07:42.935230,-53.0,65.0,-41.0,2.0,48.0,-25.0,65.0,37.0,1.0,17.0,73.0,38.0,-14.520000000000003,1.5799999999999983,-9.920000000000002,-3.2699999999999996,30.34,-53.6,18.35,-11.82,-14.68,11.620000000000001,29.82,42.15
2025-08-13T14:07:42.943490,-77.0,21.0,-134.0,-9.0,19.0,-7.0,45.0,-21.0,41.0,-62.0,110.0,-9.0,-38.52,-42.42,-102.92,-14.27,1.3399999999999999,-35.6,-1.6499999999999986,-69.82,25.32,-67.38,66.82,-4.85
2025-08-13T14:07:42.950009,-9.0,72.0,19.0,10.0,24.0,13.0,70.0,59.0,-15.0,-45.0,72.0,-84.0,29.479999999999997,8.579999999999998,50.08,4.73,6.34,-15.600000000000001,23.35,10.18,-30.68,-50.38,28.82,-79.85
2025-08-13T14:07:42.954528,-47.0,38.0,-26.0,74.0,-17.0,47.0,25.0,92.0,8.0,-35.0,66.0,-22.0,-8.520000000000003,-25.42,5.079999999999998,68.73,-34.66,18.4,-21.65,43.18,-7.68,-40.38,22.82,-17.85
2025-08-13T14:07:42.957459,-44.0,98.0,-10.0,21.0,-16.0,-18.0,79.0,136.0,4.0,-55.0,71.0,-74.0,-5.520000000000003,34.58,21.08,15.73,-33.66,-46.6,32.35,87.18,-11.68,-60.38,27.82,-69.85
2025-08-13T14:07:42.960877,-20.0,115.0,-101.0,-29.0,-33.0,18.0,-37.0,10.0,37.0,-76.0,65.0,4.0,18.479999999999997,51.58,-69.92,-34.269999999999996,-50.66,-10.600000000000001,-83.65,-38.82,21.32,-81.38,21.82,8.15
2025-08-13T14:07:42.968992,-25.0,119.0,-63.0,23.0,20.0,6.0,73.0,46.0,-10.0,-33.0,87.0,-25.0,13.479999999999997,55.58,-31.92,17.73,2.34,-22.6,26.35,-2.8200000000000003,-25.68,-38.38,43.82,-20.85
2025-08-13T14:07:42.973227,-39.0,48.0,-109.0,41.0,-3.0,-12.0,79.0,26.0,-56.0,45.0,24.0,-36.0,-0.5200000000000031,-15.420000000000002,-77.92,35.730000000000004,-20.66,-40.6,32.35,-22.82,-71.68,39.62,-19.18,-31.85
2025-08-13T14:07:42.981140,-58.0,32.0,-4.0,35.0,-7.0,-33.0,73.0,58.0,6.0,-50.0,30.0,-53.0,-19.520000000000003,-31.42,27.08,29.73,-24.66,-61.6,26.35,9.18,-9.68,-55.38,-13.18,-48.85
2025-08-13T14:07:42.985606,-40.0,49.0,18.0,79.0,26.0,-13.0,20.0,29.0,44.0,-37.0,97.0,5.0,-1.5200000000000031,-14.420000000000002,49.08,73.73,8.34,-41.6,-26.65,-19.82,28.32,-42.38,53.82,9.15
2025-08-13T14:07:42.993506,-75.0,55.0,-27.0,56.0,-38.0,-9.0,64.0,34.0,-20.0,4.0,60.0,-9.0,-36.52,-8.420000000000002,4.079999999999998,50.730000000000004,-55.66,-37.6,17.35,-14.82,-35.68,-1.38,16.82,-4.85
2025-08-13T14:07:42.997731,-61.0,66.0,9.0,-49.0,37.0,48.0,24.0,130.0,41.0,-52.0,37.0,2.0,-22.520000000000003,2.5799999999999983,40.08,-54.269999999999996,19.34,19.4,-22.65,81.18,25.32,-57.38,-6.18,6.15
2025-08-13T14:07:43.005788,-97.0,119.0,-8.0,39.0,108.0,-20.0,66.0,30.0,-47.0,-82.0,31.0,-14.0,-58.52,55.58,23.08,33.730000000000004,90.34,-48.6,19.35,-18.82,-62.68,-87.38,-12.18,-9.85
2025-08-13T14:07:43.010188,-79.0,144.0,-45.0,29.0,117.0,3.0,-5.0,-22.0,15.0,14.0,74.0,-13.0,-40.52,80.58,-13.920000000000002,23.73,99.34,-25.6,-51.65,-70.82,-0.6799999999999997,8.620000000000001,30.82,-8.85
2025-08-13T14:07:43.018096,29.0,86.0,-68.0,35.0,40.0,-13.0,-65.0,38.0,23.0,-79.0,69.0,40.0,67.47999999999999,22.58,-36.92,29.73,22.34,-41.6,-111.65,-10.82,7.32,-84.38,25.82,44.15
2025-08-13T14:07:43.022639,-80.0,125.0,-82.0,29.0,40.0,-9.0,-57.0,49.0,-45.0,-10.0,129.0,-5.0,-41.52,61.58,-50.92,23.73,22.34,-37.6,-103.65,0.17999999999999972,-60.68,-15.379999999999999,85.82,-0.8499999999999996
2025-08-13T14:07:43.030472,17.0,53.0,-17.0,15.0,-67.0,9.0,-3.0,30.0,10.0,33.0,28.0,-49.0,55.48,-10.420000000000002,14.079999999999998,9.73,-84.66,-19.6,-49.65,-18.82,-5.68,27.62,-15.18,-44.85
2025-08-13T14:07:43.036014,-144.0,77.0,13.0,17.0,-23.0,-6.0,-70.0,66.0,9.0,-74.0,74.0,-16.0,-105.52000000000001,13.579999999999998,44.08,11.73,-40.66,-34.6,-116.65,17.18,-6.68,-79.38,30.82,-11.85
2025-08-13T14:07:43.043720,-77.0,127.0,43.0,4.0,83.0,-43.0,-11.0,13.0,-38.0,-5.0,22.0,-29.0,-38.52,63.58,74.08,-1.2699999999999996,65.34,-71.6,-57.65,-35.82,-53.68,-10.379999999999999,-21.18,-24.85
2025-08-13T14:07:43.052054,-47.0,72.0,-50.0,-9.0,71.0,-18.0,40.0,82.0,-18.0,-65.0,42.0,-32.0,-8.520000000000003,8.579999999999998,-18.92,-14.27,53.34,-46.6,-6.649999999999999,33.18,-33.68,-70.38,-1.1799999999999997,-27.85
2025-08-13T14:07:43.060492,80.0,71.0,-72.0,30.0,76.0,-72.0,84.0,68.0,-45.0,-54.0,104.0,-16.0,118.47999999999999,7.579999999999998,-40.92,24.73,58.34,-100.6,37.35,19.18,-60.68,-59.38,60.82,-11.85
2025-08-13T14:07:43.064046,-71.0,29.0,-109.0,87.0,7.0,-73.0,50.0,111.0,-6.0,-38.0,106.0,-25.0,-32.52,-34.42,-77.92,81.73,-10.66,-101.6,3.3500000000000014,62.18,-21.68,-43.38,62.82,-20.85
2025-08-13T14:07:43.067173,-29.0,39.0,52.0,26.0,20.0,19.0,67.0,57.0,-42.0,-36.0,60.0,-15.0,9.479999999999997,-24.42,83.08,20.73,2.34,-9.600000000000001,20.35,8.18,-57.68,-41.38,16.82,-10.85
2025-08-13T14:07:43.071577,-3.0,53.0,-77.0,-46.0,15.0,27.0,33.0,60.0,-37.0,-3.0,77.0,-11.0,35.48,-10.420000000000002,-45.92,-51.269999999999996,-2.66,-1.6000000000000014,-13.649999999999999,11.18,-52.68,-8.379999999999999,33.82,-6.85
2025-08-13T14:07:43.079585,-100.0,90.0,-18.0,19.0,51.0,-33.0,45.0,27.0,41.0,-10.0,65.0,46.0,-61.52,26.58,13.079999999999998,13.73,33.34,-61.6,-1.6499999999999986,-21.82,25.32,-15.379999999999999,21.82,50.15
2025-08-13T14:07:43.083881,-5.0,121.0,-110.0,-18.0,72.0,19.0,36.0,23.0,34.0,10.0,99.0,-72.0,33.48,57.58,-78.92,-23.27,54.34,-9.600000000000001,-10.649999999999999,-25.82,18.32,4.62,55.82,-67.85
2025-08-13T14:07:43.091773,-142.0,120.0,-31.0,33.0,2.0,-28.0,98.0,49.0,23.0,5.0,62.0,-24.0,-103.52000000000001,56.58,0.0799999999999983,27.73,-15.66,-56.6,51.35,0.17999999999999972,7.32,-0.3799999999999999,18.82,-19.85
2025-08-13T14:07:43.096083,-18.0,134.0,-74.0,52.0,51.0,-30.0,5.0,60.0,-68.0,-35.0,71.0,34.0,20.479999999999997,70.58,-42.92,46.730000000000004,33.34,-58.6,-41.65,11.18,-83.68,-40.38,27.82,38.15
2025-08-13T14:07:43.104153,62.0,82.0,-64.0,5.0,-14.0,22.0,-27.0,101.0,-59.0,-61.0,122.0,-36.0,100.47999999999999,18.58,-32.92,-0.2699999999999996,-31.66,-6.600000000000001,-73.65,52.18,-74.68,-66.38,78.82,-31.85
2025-08-13T14:07:43.108691,-32.0,58.0,-57.0,22.0,60.0,-4.0,70.0,99.0,-33.0,-68.0,123.0,-19.0,6.479999999999997,-5.420000000000002,-25.92,16.73,42.34,-32.6,23.35,50.18,-48.68,-73.38,79.82,-14.85
2025-08-13T14:07:43.116601,-52.0,77.0,-30.0,21.0,-4.0,-9.0,90.0,27.0,14.0,-29.0,96.0,3.0,-13.520000000000003,13.579999999999998,1.0799999999999983,15.73,-21.66,-37.6,43.35,-21.82,-1.6799999999999997,-34.38,52.82,7.15
2025-08-13T14:07:43.121050,-35.0,4.0,-62.0,-62.0,55.0,32.0,51.0,-3.0,46.0,-26.0,46.0,-8.0,3.479999999999997,-59.42,-30.92,-67.27,37.34,3.3999999999999986,4.350000000000001,-51.82,30.32,-31.38,2.8200000000000003,-3.8499999999999996
2025-08-13T14:07:43.128541,-16.0,17.0,5.0,66.0,82.0,8.0,39.0,4.0,-3.0,-22.0,94.0,-32.0,22.479999999999997,-46.42,36.08,60.730000000000004,64.34,-20.6,-7.649999999999999,-44.82,-18.68,-27.38,50.82,-27.85
2025-08-13T14:07:43.133506,-76.0,110.0,13.0,8.0,-2.0,21.0,11.0,41.0,-16.0,-26.0,-24.0,-20.0,-37.52,46.58,44.08,2.7300000000000004,-19.66,-7.600000000000001,-35.65,-7.82,-31.68,-31.38,-67.18,-15.85
2025-08-13T14:07:43.141571,-71.0,68.0,-48.0,9.0,85.0,-90.0,8.0,42.0,-26.0,-8.0,50.0,-33.0,-32.52,4.579999999999998,-16.92,3.7300000000000004,67.34,-118.6,-38.65,-6.82,-41.68,-13.379999999999999,6.82,-28.85
2025-08-13T14:07:43.149915,-33.0,131.0,37.0,70.0,42.0,14.0,59.0,23.0,-94.0,-42.0,71.0,-37.0,5.479999999999997,67.58,68.08,64.73,24.34,-14.600000000000001,12.350000000000001,-25.82,-109.68,-47.38,27.82,-32.85
2025-08-13T14:07:43.156500,-94.0,121.0,-91.0,-61.0,11.0,-47.0,146.0,79.0,13.0,-17.0,80.0,-85.0,-55.52,57.58,-59.92,-66.27,-6.66,-75.6,99.35,30.18,-2.6799999999999997,-22.38,36.82,-80.85
2025-08-13T14:07:43.160523,9.0,144.0,-38.0,51.0,-52.0,-46.0,17.0,8.0,-28.0,-55.0,105.0,-28.0,47.48,80.58,-6.920000000000002,45.730000000000004,-69.66,-74.6,-29.65,-40.82,-43.68,-60.38,61.82,-23.85
2025-08-13T14:07:43.165349,4.0,59.0,-55.0,29.0,-19.0,-26.0,52.0,-18.0,-44.0,15.0,93.0,-47.0,42.48,-4.420000000000002,-23.92,23.73,-36.66,-54.6,5.350000000000001,-66.82,-59.68,9.620000000000001,49.82,-42.85
2025-08-13T14:07:43.169785,13.0,31.0,42.0,-7.0,-36.0,0.0,18.0,15.0,18.0,7.0,129.0,-36.0,51.48,-32.42,73.08,-12.27,-53.66,-28.6,-28.65,-33.82,2.3200000000000003,1.62,85.82,-31.85
2025-08-13T14:07:43.177721,-8.0,-4.0,-11.0,-9.0,37.0,-29.0,-9.0,30.0,14.0,-57.0,55.0,32.0,30.479999999999997,-67.42,20.08,-14.27,19.34,-57.6,-55.65,-18.82,-1.6799999999999997,-62.38,11.82,36.15
2025-08-13T14:07:43.182414,-102.0,34.0,19.0,-77.0,23.0,-12.0,33.0,107.0,-52.0,-33.0,44.0,-97.0,-63.52,-29.42,50.08,-82.27,5.34,-40.6,-13.649999999999999,58.18,-67.68,-38.38,0.8200000000000003,-92.85
2025-08-13T14:07:43.190024,-71.0,83.0,-49.0,48.0,93.0,-14.0,-15.0,69.0,26.0,-54.0,125.0,-43.0,-32.52,19.58,-17.92,42.730000000000004,75.34,-42.6,-61.65,20.18,10.32,-59.38,81.82,-38.85
2025-08-13T14:07:43.194578,-68.0,102.0,-67.0,36.0,4.0,0.0,-35.0,81.0,-31.0,15.0,103.0,-39.0,-29.520000000000003,38.58,-35.92,30.73,-13.66,-28.6,-81.65,32.18,-46.68,9.620000000000001,59.82,-34.85
2025-08-13T14:07:43.202225,13.0,134.0,-96.0,1.0,-54.0,11.0,-3.0,17.0,33.0,14.0,121.0,-27.0,51.48,70.58,-64.92,-4.27,-71.66,-17.6,-49.65,-31.82,17.32,8.620000000000001,77.82,-22.85
2025-08-13T14:07:43.206804,18.0,60.0,-85.0,6.0,-10.0,-59.0,-24.0,101.0,-16.0,-45.0,124.0,-78.0,56.48,-3.4200000000000017,-53.92,0.7300000000000004,-27.66,-87.6,-70.65,52.18,-31.68,-50.38,80.82,-73.85
2025-08-13T14:07:43.214772,-35.0,43.0,-12.0,15.0,-23.0,-15.0,-5.0,94.0,-58.0,-63.0,21.0,-46.0,3.479999999999997,-20.42,19.08,9.73,-40.66,-43.6,-51.65,45.18,-73.68,-68.38,-22.18,-41.85
2025-08-13T14:07:43.219038,-159.0,87.0,-74.0,-33.0,64.0,-26.0,93.0,17.0,-44.0,-31.0,50.0,9.0,-120.52000000000001,23.58,-42.92,-38.269999999999996,46.34,-54.6,46.35,-31.82,-59.68,-36.38,6.82,13.15
2025-08-13T14:07:43.223143,-8.0,89.0,-6.0,37.0,46.0,1.0,108.0,64.0,-55.0,-9.0,64.0,5.0,30.479999999999997,25.58,25.08,31.73,28.34,-27.6,61.35,15.18,-70.68,-14.379999999999999,20.82,9.15
2025-08-13T14:07:43.231519,-156.0,91.0,-16.0,6.0,55.0,-63.0,77.0,63.0,-21.0,-62.0,101.0,-7.0,-117.52000000000001,27.58,15.079999999999998,0.7300000000000004,37.34,-91.6,30.35,14.18,-36.68,-67.38,57.82,-2.8499999999999996
2025-08-13T14:07:43.239126,-7.0,165.0,-77.0,56.0,-5.0,-75.0,28.0,121.0,0.0,-14.0,41.0,-29.0,31.479999999999997,101.58,-45.92,50.730000000000004,-22.66,-103.6,-18.65,72.18,-15.68,-19.38,-2.1799999999999997,-24.85
2025-08-13T14:07:43.245383,-62.0,109.0,-79.0,3.0,-72.0,-23.0,97.0,47.0,-49.0,-39.0,70.0,-21.0,-23.520000000000003,45.58,-47.92,-2.2699999999999996,-89.66,-51.6,50.35,-1.8200000000000003,-64.68,-44.38,26.82,-16.85
2025-08-13T14:07:43.251343,-22.0,31.0,-93.0,59.0,-22.0,-1.0,44.0,99.0,60.0,-43.0,170.0,-52.0,16.479999999999997,-32.42,-61.92,53.730000000000004,-39.66,-29.6,-2.6499999999999986,50.18,44.32,-48.38,126.82,-47.85
2025-08-13T14:07:43.256268,29.0,30.0,-48.0,-87.0,60.0,-18.0,49.0,28.0,-24.0,-23.0,55.0,-109.0,67.47999999999999,-33.42,-16.92,-92.27,42.34,-46.6,2.3500000000000014,-20.82,-39.68,-28.38,11.82,-104.85
2025-08-13T14:07:43.261666,-29.0,77.0,-26.0,48.0,31.0,-46.0,84.0,68.0,32.0,-38.0,48.0,-66.0,9.479999999999997,13.579999999999998,5.079999999999998,42.730000000000004,13.34,-74.6,37.35,19.18,16.32,-43.38,4.82,-61.85
2025-08-13T14:07:43.268423,-122.0,60.0,-39.0,13.0,55.0,-29.0,56.0,68.0,24.0,-66.0,107.0,-27.0,-83.52000000000001,-3.4200000000000017,-7.920000000000002,7.73,37.34,-57.6,9.350000000000001,19.18,8.32,-71.38,63.82,-22.85
2025-08-13T14:07:43.276040,-48.0,71.0,-68.0,19.0,-15.0,17.0,40.0,19.0,9.0,-63.0,97.0,-21.0,-9.520000000000003,7.579999999999998,-36.92,13.73,-32.66,-11.600000000000001,-6.649999999999999,-29.82,-6.68,-68.38,53.82,-16.85
2025-08-13T14:07:43.280888,15.0,145.0,-71.0,78.0,11.0,5.0,45.0,64.0,31.0,39.0,29.0,-79.0,53.48,81.58,-39.92,72.73,-6.66,-23.6,-1.6499999999999986,15.18,15.32,33.62,-14.18,-74.85
2025-08-13T14:07:43.289724,-42.0,25.0,-57.0,-16.0,7.0,18.0,70.0,76.0,51.0,-58.0,73.0,18.0,-3.520000000000003,-38.42,-25.92,-21.27,-10.66,-10.600000000000001,23.35,27.18,35.32,-63.38,29.82,22.15
2025-08-13T14:07:43.297112,9.0,87.0,-45.0,-14.0,79.0,12.0,34.0,72.0,11.0,-74.0,84.0,-99.0,47.48,23.58,-13.920000000000002,-19.27,61.34,-16.6,-12.649999999999999,23.18,-4.68,-79.38,40.82,-94.85
2025-08-13T14:07:43.302422,-136.0,105.0,-33.0,-29.0,54.0,-25.0,12.0,47.0,-44.0,-56.0,95.0,-42.0,-97.52000000000001,41.58,-1.9200000000000017,-34.269999999999996,36.34,-53.6,-34.65,-1.8200000000000003,-59.68,-61.38,51.82,-37.85
2025-08-13T14:07:43.306390,-85.0,104.0,-84.0,64.0,9.0,-72.0,95.0,53.0,41.0,-6.0,118.0,-55.0,-46.52,40.58,-52.92,58.730000000000004,-8.66,-100.6,48.35,4.18,25.32,-11.379999999999999,74.82,-50.85
2025-08-13T14:07:43.312880,-128.0,92.0,-77.0,90.0,24.0,14.0,16.0,76.0,-37.0,71.0,142.0,-38.0,-89.52000000000001,28.58,-45.92,84.73,6.34,-14.600000000000001,-30.65,27.18,-52.68,65.62,98.82,-33.85
2025-08-13T14:07:43.317048,24.0,39.0,-76.0,1.0,14.0,27.0,-27.0,46.0,12.0,16.0,67.0,-48.0,62.48,-24.42,-44.92,-4.27,-3.66,-1.6000000000000014,-73.65,-2.8200000000000003,-3.6799999999999997,10.620000000000001,23.82,-43.85
2025-08-13T14:07:43.321124,-9.0,112.0,-74.0,24.0,88.0,-2.0,-36.0,55.0,50.0,-4.0,50.0,-79.0,29.479999999999997,48.58,-42.92,18.73,70.34,-30.6,-82.65,6.18,34.32,-9.379999999999999,6.82,-74.85
2025-08-13T14:07:43.329163,56.0,138.0,14.0,-29.0,32.0,-74.0,59.0,53.0,-85.0,51.0,134.0,7.0,94.47999999999999,74.58,45.08,-34.269999999999996,14.34,-102.6,12.350000000000001,4.18,-100.68,45.62,90.82,11.15
2025-08-13T14:07:43.333408,-66.0,74.0,-66.0,-26.0,62.0,-19.0,21.0,57.0,14.0,13.0,89.0,-75.0,-27.520000000000003,10.579999999999998,-34.92,-31.27,44.34,-47.6,-25.65,8.18,-1.6799999999999997,7.62,45.82,-70.85
2025-08-13T14:07:43.341809,24.0,20.0,-59.0,-38.0,32.0,-63.0,64.0,67.0,-17.0,0.0,83.0,-9.0,62.48,-43.42,-27.92,-43.269999999999996,14.34,-91.6,17.35,18.18,-32.68,-5.38,39.82,-4.85
2025-08-13T14:07:43.345666,28.0,85.0,-33.0,41.0,15.0,21.0,35.0,62.0,-50.0,40.0,153.0,14.0,66.47999999999999,21.58,-1.9200000000000017,35.730000000000004,-2.66,-7.600000000000001,-11.649999999999999,13.18,-65.68,34.62,109.82,18.15
2025-08-13T14:07:43.353954,-8.0,-24.0,-54.0,-41.0,-39.0,24.0,91.0,42.0,13.0,-11.0,59.0,-39.0,30.479999999999997,-87.42,-22.92,-46.269999999999996,-56.66,-4.600000000000001,44.35,-6.82,-2.6799999999999997,-16.38,15.82,-34.85
2025-08-13T14:07:43.358100,-2.0,136.0,7.0,18.0,7.0,48.0,-7.0,-2.0,-1.0,41.0,84.0,-16.0,36.48,72.58,38.08,12.73,-10.66,19.4,-53.65,-50.82,-16.68,35.62,40.82,-11.85
2025-08-13T14:07:43.366298,-13.0,75.0,-27.0,56.0,17.0,42.0,37.0,106.0,11.0,-40.0,127.0,-26.0,25.479999999999997,11.579999999999998,4.079999999999998,50.730000000000004,-0.6600000000000001,13.399999999999999,-9.649999999999999,57.18,-4.68,-45.38,83.82,-21.85
2025-08-13T14:07:43.374144,-112.0,98.0,-102.0,1.0,58.0,-30.0,86.0,29.0,17.0,-14.0,109.0,-66.0,-73.52000000000001,34.58,-70.92,-4.27,40.34,-58.6,39.35,-19.82,1.3200000000000003,-19.38,65.82,-61.85
2025-08-13T14:07:43.378619,22.0,48.0,-105.0,70.0,7.0,24.0,19.0,-39.0,46.0,3.0,118.0,-21.0,60.48,-15.420000000000002,-73.92,64.73,-10.66,-4.600000000000001,-27.65,-87.82,30.32,-2.38,74.82,-16.85
2025-08-13T14:07:43.382500,4.0,-13.0,-87.0,23.0,-2.0,-34.0,46.0,26.0,26.0,-25.0,66.0,40.0,42.48,-76.42,-55.92,17.73,-19.66,-62.6,-0.6499999999999986,-22.82,10.32,-30.38,22.82,44.15
2025-08-13T14:07:43.390829,-8.0,0.0,-126.0,52.0,-27.0,1.0,26.0,57.0,-3.0,-4.0,107.0,-21.0,30.479999999999997,-63.42,-94.92,46.730000000000004,-44.66,-27.6,-20.65,8.18,-18.68,-9.379999999999999,63.82,-16.85
2025-08-13T14:07:43.394839,38.0,35.0,-18.0,44.0,52.0,9.0,-5.0,38.0,-4.0,-41.0,94.0,-51.0,76.47999999999999,-28.42,13.079999999999998,38.730000000000004,34.34,-19.6,-51.65,-10.82,-19.68,-46.38,50.82,-46.85
2025-08-13T14:07:43.403182,1.0,12.0,-95.0,60.0,68.0,-36.0,79.0,45.0,-19.0,-41.0,28.0,-43.0,39.48,-51.42,-63.92,54.730000000000004,50.34,-64.6,32.35,-3.8200000000000003,-34.68,-46.38,-15.18,-38.85
2025-08-13T14:07:43.408706,-2.0,73.0,-77.0,2.0,13.0,14.0,48.0,13.0,-36.0,-63.0,49.0,0.0,36.48,9.579999999999998,-45.92,-3.2699999999999996,-4.66,-14.600000000000001,1.3500000000000014,-35.82,-51.68,-68.38,5.82,4.15
2025-08-13T14:07:43.415395,-8.0,48.0,-84.0,5.0,75.0,-13.0,35.0,161.0,45.0,7.0,61.0,-5.0,30.479999999999997,-15.420000000000002,-52.92,-0.2699999999999996,57.34,-41.6,-11.649999999999999,112.18,29.32,1.62,17.82,-0.8499999999999996
2025-08-13T14:07:43.420972,-29.0,77.0,-54.0,-56.0,69.0,-54.0,13.0,39.0,-50.0,28.0,86.0,-55.0,9.479999999999997,13.579999999999998,-22.92,-61.269999999999996,51.34,-82.6,-33.65,-9.82,-65.68,22.62,42.82,-50.85
2025-08-13T14:07:43.427726,-100.0,132.0,-26.0,-3.0,5.0,-18.0,-2.0,55.0,-11.0,3.0,40.0,4.0,-61.52,68.58,5.079999999999998,-8.27,-12.66,-46.6,-48.65,6.18,-26.68,-2.38,-3.1799999999999997,8.15
2025-08-13T14:07:43.431947,-4.0,16.0,-47.0,80.0,11.0,46.0,-4.0,1.0,79.0,-49.0,27.0,-42.0,34.48,-47.42,-15.920000000000002,74.73,-6.66,17.4,-50.65,-47.82,63.32,-54.38,-16.18,-37.85
2025-08-13T14:07:43.440051,-17.0,-38.0,-5.0,49.0,66.0,-20.0,19.0,104.0,-111.0,7.0,62.0,-20.0,21.479999999999997,-101.42,26.08,43.730000000000004,48.34,-48.6,-27.65,55.18,-126.68,1.62,18.82,-15.85
2025-08-13T14:07:43.444259,-45.0,46.0,-14.0,-11.0,26.0,-21.0,54.0,63.0,-41.0,-40.0,84.0,-26.0,-6.520000000000003,-17.42,17.08,-16.27,8.34,-49.6,7.350000000000001,14.18,-56.68,-45.38,40.82,-21.85
2025-08-13T14:07:43.452264,-55.0,85.0,-33.0,38.0,0.0,30.0,11.0,87.0,-13.0,-47.0,106.0,-45.0,-16.520000000000003,21.58,-1.9200000000000017,32.730000000000004,-17.66,1.3999999999999986,-35.65,38.18,-28.68,-52.38,62.82,-40.85
2025-08-13T14:07:43.456556,-120.0,65.0,-95.0,3.0,61.0,29.0,77.0,10.0,-22.0,-30.0,35.0,-12.0,-81.52000000000001,1.5799999999999983,-63.92,-2.2699999999999996,43.34,0.3999999999999986,30.35,-38.82,-37.68,-35.38,-8.18,-7.85
2025-08-13T14:07:43.464431,5.0,129.0,-84.0,80.0,0.0,-58.0,67.0,43.0,-104.0,-65.0,144.0,-27.0,43.48,65.58,-52.92,74.73,-17.66,-86.6,20.35,-5.82,-119.68,-70.38,100.82,-22.85
2025-08-13T14:07:43.468971,7.0,48.0,-71.0,7.0,46.0,0.0,51.0,44.0,21.0,-22.0,92.0,-36.0,45.48,-15.420000000000002,-39.92,1.7300000000000004,28.34,-28.6,4.350000000000001,-4.82,5.32,-27.38,48.82,-31.85
2025-08-13T14:07:43.476875,-25.0,68.0,-136.0,18.0,58.0,-24.0,90.0,43.0,-28.0,-9.0,53.0,-52.0,13.479999999999997,4.579999999999998,-104.92,12.73,40.34,-52.6,43.35,-5.82,-43.68,-14.379999999999999,9.82,-47.85
2025-08-13T14:07:43.481148,-12.0,34.0,15.0,59.0,81.0,-30.0,21.0,74.0,63.0,-35.0,100.0,14.0,26.479999999999997,-29.42,46.08,53.730000000000004,63.34,-58.6,-25.65,25.18,47.32,-40.38,56.82,18.15
2025-08-13T14:07:43.489258,-26.0,42.0,-46.0,52.0,-3.0,30.0,44.0,12.0,8.0,-10.0,73.0,-25.0,12.479999999999997,-21.42,-14.920000000000002,46.730000000000004,-20.66,1.3999999999999986,-2.6499999999999986,-36.82,-7.68,-15.379999999999999,29.82,-20.85
2025-08-13T14:07:43.495151,-89.0,143.0,-43.0,64.0,-52.0,-11.0,67.0,96.0,-12.0,-37.0,109.0,-46.0,-50.52,79.58,-11.920000000000002,58.730000000000004,-69.66,-39.6,20.35,47.18,-27.68,-42.38,65.82,-41.85
2025-08-13T14:07:43.504981,-19.0,108.0,-76.0,-46.0,-37.0,-39.0,-27.0,-6.0,15.0,-23.0,33.0,-38.0,19.479999999999997,44.58,-44.92,-51.269999999999996,-54.66,-67.6,-73.65,-54.82,-0.6799999999999997,-28.38,-10.18,-33.85
2025-08-13T14:07:43.513035,-111.0,108.0,-71.0,24.0,42.0,-8.0,68.0,12.0,-34.0,63.0,34.0,-85.0,-72.52000000000001,44.58,-39.92,18.73,24.34,-36.6,21.35,-36.82,-49.68,57.62,-9.18,-80.85
2025-08-13T14:07:43.521629,-5.0,20.0,-48.0,35.0,12.0,10.0,38.0,55.0,-57.0,-9.0,67.0,-67.0,33.48,-43.42,-16.92,29.73,-5.66,-18.6,-8.649999999999999,6.18,-72.68,-14.379999999999999,23.82,-62.85
2025-08-13T14:07:43.530647,21.0,72.0,-85.0,19.0,41.0,41.0,-41.0,51.0,53.0,-19.0,108.0,-67.0,59.48,8.579999999999998,-53.92,13.73,23.34,12.399999999999999,-87.65,2.1799999999999997,37.32,-24.38,64.82,-62.85
2025-08-13T14:07:43.537026,-13.0,-58.0,-37.0,-12.0,-17.0,44.0,26.0,29.0,-47.0,-82.0,139.0,-34.0,25.479999999999997,-121.42,-5.920000000000002,-17.27,-34.66,15.399999999999999,-20.65,-19.82,-62.68,-87.38,95.82,-29.85
2025-08-13T14:07:43.545121,-90.0,125.0,-40.0,74.0,79.0,32.0,44.0,121.0,-43.0,48.0,93.0,-32.0,-51.52,61.58,-8.920000000000002,68.73,61.34,3.3999999999999986,-2.6499999999999986,72.18,-58.68,42.62,49.82,-27.85
2025-08-13T14:07:43.549457,-110.0,110.0,-7.0,-7.0,27.0,-2.0,87.0,7.0,-2.0,-38.0,120.0,-75.0,-71.52000000000001,46.58,24.08,-12.27,9.34,-30.6,40.35,-41.82,-17.68,-43.38,76.82,-70.85
2025-08-13T14:07:43.552958,-86.0,132.0,45.0,32.0,12.0,43.0,28.0,24.0,6.0,-50.0,66.0,-50.0,-47.52,68.58,76.08,26.73,-5.66,14.399999999999999,-18.65,-24.82,-9.68,-55.38,22.82,-45.85
2025-08-13T14:07:43.556115,-30.0,105.0,-59.0,22.0,29.0,-40.0,49.0,62.0,54.0,2.0,47.0,-23.0,8.479999999999997,41.58,-27.92,16.73,11.34,-68.6,2.3500000000000014,13.18,38.32,-3.38,3.8200000000000003,-18.85
2025-08-13T14:07:43.558883,-38.0,98.0,-50.0,45.0,51.0,89.0,44.0,31.0,3.0,-50.0,72.0,-23.0,0.4799999999999969,34.58,-18.92,39.730000000000004,33.34,60.4,-2.6499999999999986,-17.82,-12.68,-55.38,28.82,-18.85
2025-08-13T14:07:43.562556,-37.0,82.0,-76.0,14.0,1.0,2.0,56.0,57.0,12.0,-69.0,56.0,-7.0,1.4799999999999969,18.58,-44.92,8.73,-16.66,-26.6,9.350000000000001,8.18,-3.6799999999999997,-74.38,12.82,-2.8499999999999996
2025-08-13T14:07:43.566855,18.0,64.0,-97.0,-46.0,45.0,15.0,-4.0,-13.0,44.0,25.0,61.0,7.0,56.48,0.5799999999999983,-65.92,-51.269999999999996,27.34,-13.600000000000001,-50.65,-61.82,28.32,19.62,17.82,11.15
2025-08-13T14:07:43.575053,9.0,46.0,-101.0,12.0,32.0,11.0,38.0,40.0,-11.0,21.0,101.0,-77.0,47.48,-17.42,-69.92,6.73,14.34,-17.6,-8.649999999999999,-8.82,-26.68,15.620000000000001,57.82,-72.85
2025-08-13T14:07:43.579378,24.0,63.0,3.0,38.0,54.0,4.0,29.0,52.0,-18.0,-10.0,49.0,-66.0,62.48,-0.4200000000000017,34.08,32.730000000000004,36.34,-24.6,-17.65,3.1799999999999997,-33.68,-15.379999999999999,5.82,-61.85
2025-08-13T14:07:43.587476,-75.0,47.0,42.0,-16.0,21.0,28.0,23.0,101.0,-41.0,-14.0,114.0,-41.0,-36.52,-16.42,73.08,-21.27,3.34,-0.6000000000000014,-23.65,52.18,-56.68,-19.38,70.82,-36.85
2025-08-13T14:07:43.591673,-86.0,59.0,-37.0,38.0,70.0,-25.0,38.0,103.0,-30.0,-63.0,87.0,-62.0,-47.52,-4.420000000000002,-5.920000000000002,32.730000000000004,52.34,-53.6,-8.649999999999999,54.18,-45.68,-68.38,43.82,-57.85
2025-08-13T14:07:43.599782,-43.0,128.0,-40.0,25.0,5.0,-1.0,127.0,21.0,-4.0,-25.0,88.0,-33.0,-4.520000000000003,64.58,-8.920000000000002,19.73,-12.66,-29.6,80.35,-27.82,-19.68,-30.38,44.82,-28.85
2025-08-13T14:07:43.603874,-117.0,91.0,-74.0,-57.0,-39.0,-3.0,24.0,37.0,-26.0,-28.0,109.0,-24.0,-78.52000000000001,27.58,-42.92,-62.269999999999996,-56.66,-31.6,-22.65,-11.82,-41.68,-33.38,65.82,-19.85
2025-08-13T14:07:43.612017,27.0,81.0,-108.0,28.0,39.0,79.0,70.0,102.0,-18.0,-102.0,55.0,4.0,65.47999999999999,17.58,-76.92,22.73,21.34,50.4,23.35,53.18,-33.68,-107.38,11.82,8.15
2025-08-13T14:07:43.616206,-7.0,58.0,-80.0,5.0,79.0,2.0,87.0,11.0,22.0,1.0,108.0,-47.0,31.479999999999997,-5.420000000000002,-48.92,-0.2699999999999996,61.34,-26.6,40.35,-37.82,6.32,-4.38,64.82,-42.85
2025-08-13T14:07:43.624126,-45.0,15.0,-59.0,-24.0,47.0,34.0,76.0,39.0,5.0,-21.0,96.0,-97.0,-6.520000000000003,-48.42,-27.92,-29.27,29.34,5.399999999999999,29.35,-9.82,-10.68,-26.38,52.82,-92.85
2025-08-13T14:07:43.628549,-12.0,3.0,-96.0,5.0,34.0,78.0,69.0,45.0,2.0,18.0,76.0,-11.0,26.479999999999997,-60.42,-64.92,-0.2699999999999996,16.34,49.4,22.35,-3.8200000000000003,-13.68,12.620000000000001,32.82,-6.85
2025-08-13T14:07:43.636313,-62.0,120.0,-83.0,-14.0,54.0,51.0,56.0,74.0,30.0,-28.0,71.0,-62.0,-23.520000000000003,56.58,-51.92,-19.27,36.34,22.4,9.350000000000001,25.18,14.32,-33.38,27.82,-57.85
2025-08-13T14:07:43.640881,-4.0,17.0,-46.0,47.0,82.0,-22.0,11.0,61.0,5.0,-19.0,98.0,-80.0,34.48,-46.42,-14.920000000000002,41.730000000000004,64.34,-50.6,-35.65,12.18,-10.68,-24.38,54.82,-75.85
2025-08-13T14:07:43.644802,-5.0,60.0,-59.0,25.0,27.0,-9.0,48.0,77.0,11.0,-13.0,85.0,-13.0,33.48,-3.4200000000000017,-27.92,19.73,9.34,-37.6,1.3500000000000014,28.18,-4.68,-18.38,41.82,-8.85
2025-08-13T14:07:43.652800,-65.0,12.0,36.0,7.0,46.0,-30.0,76.0,48.0,12.0,-27.0,137.0,-18.0,-26.520000000000003,-51.42,67.08,1.7300000000000004,28.34,-58.6,29.35,-0.8200000000000003,-3.6799999999999997,-32.38,93.82,-13.85
2025-08-13T14:07:43.661011,-52.0,153.0,-39.0,81.0,-14.0,5.0,48.0,47.0,29.0,2.0,31.0,-37.0,-13.520000000000003,89.58,-7.920000000000002,75.73,-31.66,-23.6,1.3500000000000014,-1.8200000000000003,13.32,-3.38,-12.18,-32.85
2025-08-13T14:07:43.665367,-120.0,68.0,19.0,-23.0,23.0,-27.0,18.0,35.0,6.0,29.0,90.0,4.0,-81.52000000000001,4.579999999999998,50.08,-28.27,5.34,-55.6,-28.65,-13.82,-9.68,23.62,46.82,8.15
2025-08-13T14:07:43.673185,13.0,90.0,-67.0,-68.0,24.0,21.0,64.0,57.0,-25.0,-29.0,71.0,-37.0,51.48,26.58,-35.92,-73.27,6.34,-7.600000000000001,17.35,8.18,-40.68,-34.38,27.82,-32.85
2025-08-13T14:07:43.677728,18.0,39.0,-52.0,12.0,48.0,-39.0,-15.0,158.0,-96.0,-1.0,105.0,-20.0,56.48,-24.42,-20.92,6.73,30.34,-67.6,-61.65,109.18,-111.68,-6.38,61.82,-15.85
2025-08-13T14:07:43.685639,42.0,34.0,-6.0,31.0,-12.0,-38.0,73.0,76.0,6.0,-25.0,36.0,-45.0,80.47999999999999,-29.42,25.08,25.73,-29.66,-66.6,26.35,27.18,-9.68,-30.38,-7.18,-40.85
2025-08-13T14:07:43.689965,-31.0,20.0,91.0,-30.0,-58.0,31.0,95.0,77.0,40.0,-42.0,48.0,-19.0,7.479999999999997,-43.42,122.08,-35.269999999999996,-75.66,2.3999999999999986,48.35,28.18,24.32,-47.38,4.82,-14.85
2025-08-13T14:07:43.694148,-87.0,91.0,23.0,39.0,49.0,-57.0,61.0,94.0,-49.0,-50.0,20.0,0.0,-48.52,27.58,54.08,33.730000000000004,31.34,-85.6,14.350000000000001,45.18,-64.68,-55.38,-23.18,4.15
2025-08-13T14:07:43.702156,-47.0,113.0,-42.0,-17.0,-41.0,8.0,32.0,21.0,-38.0,-21.0,80.0,-77.0,-8.520000000000003,49.58,-10.920000000000002,-22.27,-58.66,-20.6,-14.649999999999999,-27.82,-53.68,-26.38,36.82,-72.85
2025-08-13T14:07:43.710167,-51.0,100.0,-58.0,6.0,32.0,-12.0,39.0,88.0,-70.0,-56.0,47.0,-31.0,-12.520000000000003,36.58,-26.92,0.7300000000000004,14.34,-40.6,-7.649999999999999,39.18,-85.68,-61.38,3.8200000000000003,-26.85
2025-08-13T14:07:43.714641,-48.0,84.0,-30.0,-41.0,17.0,-9.0,36.0,45.0,23.0,-70.0,83.0,-33.0,-9.520000000000003,20.58,1.0799999999999983,-46.269999999999996,-0.6600000000000001,-37.6,-10.649999999999999,-3.8200000000000003,7.32,-75.38,39.82,-28.85
2025-08-13T14:07:43.719824,2.0,80.0,-62.0,45.0,51.0,8.0,-10.0,5.0,37.0,-58.0,90.0,-73.0,40.48,16.58,-30.92,39.730000000000004,33.34,-20.6,-56.65,-43.82,21.32,-63.38,46.82,-68.85
2025-08-13T14:07:43.726950,-13.0,-21.0,-59.0,11.0,76.0,28.0,64.0,91.0,-20.0,-43.0,48.0,-18.0,25.479999999999997,-84.42,-27.92,5.73,58.34,-0.6000000000000014,17.35,42.18,-35.68,-48.38,4.82,-13.85
2025-08-13T14:07:43.731011,-104.0,67.0,32.0,32.0,-43.0,-17.0,44.0,44.0,60.0,-48.0,73.0,-69.0,-65.52000000000001,3.5799999999999983,63.08,26.73,-60.66,-45.6,-2.6499999999999986,-4.82,44.32,-53.38,29.82,-64.85
2025-08-13T14:07:43.739021,-99.0,117.0,-37.0,-30.0,9.0,56.0,74.0,24.0,13.0,34.0,74.0,-54.0,-60.52,53.58,-5.920000000000002,-35.269999999999996,-8.66,27.4,27.35,-24.82,-2.6799999999999997,28.62,30.82,-49.85
2025-08-13T14:07:43.747081,-106.0,143.0,-62.0,23.0,30.0,-42.0,48.0,86.0,30.0,10.0,95.0,-89.0,-67.52000000000001,79.58,-30.92,17.73,12.34,-70.6,1.3500000000000014,37.18,14.32,4.62,51.82,-84.85
2025-08-13T14:07:43.751647,-60.0,149.0,-80.0,-37.0,61.0,-13.0,51.0,81.0,-83.0,-36.0,45.0,-15.0,-21.520000000000003,85.58,-48.92,-42.269999999999996,43.34,-41.6,4.350000000000001,32.18,-98.68,-41.38,1.8200000000000003,-10.85
2025-08-13T14:07:43.755977,-22.0,43.0,-35.0,-17.0,-7.0,-1.0,59.0,19.0,1.0,-29.0,105.0,-4.0,16.479999999999997,-20.42,-3.9200000000000017,-22.27,-24.66,-29.6,12.350000000000001,-29.82,-14.68,-34.38,61.82,0.15000000000000036
2025-08-13T14:07:43.763487,-88.0,96.0,-63.0,10.0,31.0,-32.0,59.0,65.0,76.0,47.0,82.0,2.0,-49.52,32.58,-31.92,4.73,13.34,-60.6,12.350000000000001,16.18,60.32,41.62,38.82,6.15
2025-08-13T14:07:43.768593,21.0,23.0,-79.0,0.0,-26.0,-33.0,77.0,56.0,-42.0,-74.0,65.0,-65.0,59.48,-40.42,-47.92,-5.27,-43.66,-61.6,30.35,7.18,-57.68,-79.38,21.82,-60.85
2025-08-13T14:07:43.775868,-69.0,58.0,-80.0,-31.0,37.0,-27.0,59.0,42.0,-49.0,29.0,87.0,-37.0,-30.520000000000003,-5.420000000000002,-48.92,-36.269999999999996,19.34,-55.6,12.350000000000001,-6.82,-64.68,23.62,43.82,-32.85
2025-08-13T14:07:43.780680,4.0,39.0,-3.0,26.0,51.0,-16.0,40.0,64.0,27.0,-91.0,125.0,19.0,42.48,-24.42,28.08,20.73,33.34,-44.6,-6.649999999999999,15.18,11.32,-96.38,81.82,23.15
2025-08-13T14:07:43.788264,-90.0,112.0,-29.0,56.0,97.0,29.0,55.0,68.0,17.0,-13.0,51.0,-88.0,-51.52,48.58,2.0799999999999983,50.730000000000004,79.34,0.3999999999999986,8.350000000000001,19.18,1.3200000000000003,-18.38,7.82,-83.85
2025-08-13T14:07:43.794154,-75.0,76.0,-7.0,-38.0,7.0,35.0,124.0,99.0,-41.0,-32.0,28.0,-52.0,-36.52,12.579999999999998,24.08,-43.269999999999996,-10.66,6.399999999999999,77.35,50.18,-56.68,-37.38,-15.18,-47.85
2025-08-13T14:07:43.800715,-84.0,99.0,-75.0,22.0,20.0,37.0,65.0,69.0,10.0,-17.0,115.0,-28.0,-45.52,35.58,-43.92,16.73,2.34,8.399999999999999,18.35,20.18,-5.68,-22.38,71.82,-23.85
2025-08-13T14:07:43.806956,-24.0,115.0,-81.0,48.0,31.0,-18.0,70.0,77.0,-11.0,-38.0,102.0,-24.0,14.479999999999997,51.58,-49.92,42.730000000000004,13.34,-46.6,23.35,28.18,-26.68,-43.38,58.82,-19.85
2025-08-13T14:07:43.812813,-11.0,54.0,-70.0,9.0,25.0,62.0,27.0,32.0,53.0,-15.0,54.0,-42.0,27.479999999999997,-9.420000000000002,-38.92,3.7300000000000004,7.34,33.4,-19.65,-16.82,37.32,-20.38,10.82,-37.85
2025-08-13T14:07:43.818167,82.0,54.0,-42.0,-22.0,90.0,82.0,13.0,7.0,16.0,-120.0,101.0,-25.0,120.47999999999999,-9.420000000000002,-10.920000000000002,-27.27,72.34,53.4,-33.65,-41.82,0.3200000000000003,-125.38,57.82,-20.85
2025-08-13T14:07:43.825101,-52.0,83.0,-19.0,-77.0,28.0,16.0,-72.0,50.0,15.0,-30.0,155.0,-9.0,-13.520000000000003,19.58,12.079999999999998,-82.27,10.34,-12.600000000000001,-118.65,1.1799999999999997,-0.6799999999999997,-35.38,111.82,-4.85
2025-08-13T14:07:43.829881,-59.0,74.0,-6.0,-40.0,46.0,16.0,-3.0,9.0,1.0,-53.0,110.0,-7.0,-20.520000000000003,10.579999999999998,25.08,-45.269999999999996,28.34,-12.600000000000001,-49.65,-39.82,-14.68,-58.38,66.82,-2.8499999999999996
2025-08-13T14:07:43.839095,-61.0,54.0,-7.0,-39.0,-51.0,39.0,65.0,125.0,-8.0,-54.0,26.0,-52.0,-22.520000000000003,-9.420000000000002,24.08,-44.269999999999996,-68.66,10.399999999999999,18.35,76.18,-23.68,-59.38,-17.18,-47.85
2025-08-13T14:07:43.841540,-61.0,92.0,-1.0,16.0,-33.0,-66.0,52.0,3.0,17.0,28.0,49.0,-32.0,-22.520000000000003,28.58,30.08,10.73,-50.66,-94.6,5.350000000000001,-45.82,1.3200000000000003,22.62,5.82,-27.85
2025-08-13T14:07:43.849612,-70.0,93.0,-25.0,-30.0,48.0,28.0,22.0,18.0,11.0,-42.0,17.0,-70.0,-31.520000000000003,29.58,6.079999999999998,-35.269999999999996,30.34,-0.6000000000000014,-24.65,-30.82,-4.68,-47.38,-26.18,-65.85
2025-08-13T14:07:43.855346,-65.0,103.0,-64.0,-13.0,47.0,-3.0,86.0,31.0,-7.0,-83.0,82.0,-52.0,-26.520000000000003,39.58,-32.92,-18.27,29.34,-31.6,39.35,-17.82,-22.68,-88.38,38.82,-47.85
2025-08-13T14:07:43.862261,6.0,119.0,-41.0,-12.0,-12.0,-4.0,-16.0,93.0,37.0,-12.0,84.0,-24.0,44.48,55.58,-9.920000000000002,-17.27,-29.66,-32.6,-62.65,44.18,21.32,-17.38,40.82,-19.85
2025-08-13T14:07:43.866816,-26.0,-27.0,-54.0,-61.0,2.0,-10.0,29.0,31.0,-46.0,-29.0,83.0,-52.0,12.479999999999997,-90.42,-22.92,-66.27,-15.66,-38.6,-17.65,-17.82,-61.68,-34.38,39.82,-47.85
2025-08-13T14:07:43.874122,-15.0,4.0,5.0,-8.0,50.0,2.0,85.0,36.0,2.0,23.0,74.0,-74.0,23.479999999999997,-59.42,36.08,-13.27,32.34,-26.6,38.35,-12.82,-13.68,17.62,30.82,-69.85
2025-08-13T14:07:43.878530,47.0,18.0,-6.0,-61.0,55.0,-42.0,15.0,57.0,32.0,-29.0,99.0,-25.0,85.47999999999999,-45.42,25.08,-66.27,37.34,-70.6,-31.65,8.18,16.32,-34.38,55.82,-20.85
2025-08-13T14:07:43.886219,-89.0,30.0,-32.0,11.0,90.0,74.0,66.0,24.0,39.0,-50.0,69.0,-12.0,-50.52,-33.42,-0.9200000000000017,5.73,72.34,45.4,19.35,-24.82,23.32,-55.38,25.82,-7.85
2025-08-13T14:07:43.890847,-66.0,86.0,3.0,-25.0,0.0,-65.0,52.0,25.0,-14.0,-53.0,83.0,12.0,-27.520000000000003,22.58,34.08,-30.27,-17.66,-93.6,5.350000000000001,-23.82,-29.68,-58.38,39.82,16.15
2025-08-13T14:07:43.898537,-150.0,124.0,63.0,9.0,-6.0,24.0,64.0,-16.0,-45.0,-51.0,29.0,63.0,-111.52000000000001,60.58,94.08,3.7300000000000004,-23.66,-4.600000000000001,17.35,-64.82,-60.68,-56.38,-14.18,67.15
2025-08-13T14:07:43.902955,-15.0,95.0,1.0,-12.0,-13.0,-19.0,18.0,-19.0,-14.0,-68.0,10.0,6.0,23.479999999999997,31.58,32.08,-17.27,-30.66,-47.6,-28.65,-67.82,-29.68,-73.38,-33.18,10.15
2025-08-13T14:07:43.911038,-3.0,16.0,-33.0,0.0,-15.0,-19.0,64.0,34.0,28.0,53.0,-33.0,4.0,35.48,-47.42,-1.9200000000000017,-5.27,-32.66,-47.6,17.35,-14.82,12.32,47.62,-76.18,8.15
2025-08-13T14:07:43.915249,-3.0,67.0,-59.0,-17.0,-19.0,2.0,62.0,43.0,-27.0,-82.0,26.0,34.0,35.48,3.5799999999999983,-27.92,-22.27,-36.66,-26.6,15.350000000000001,-5.82,-42.68,-87.38,-17.18,38.15
2025-08-13T14:07:43.923367,24.0,38.0,-99.0,11.0,26.0,-33.0,35.0,32.0,-40.0,-18.0,63.0,-24.0,62.48,-25.42,-67.92,5.73,8.34,-61.6,-11.649999999999999,-16.82,-55.68,-23.38,19.82,-19.85
2025-08-13T14:07:43.927691,2.0,46.0,13.0,79.0,60.0,17.0,10.0,-3.0,-55.0,0.0,11.0,29.0,40.48,-17.42,44.08,73.73,42.34,-11.600000000000001,-36.65,-51.82,-70.68,-5.38,-32.18,33.15
2025-08-13T14:07:43.935590,-50.0,3.0,36.0,-12.0,5.0,-38.0,12.0,-1.0,5.0,90.0,5.0,42.0,-11.520000000000003,-60.42,67.08,-17.27,-12.66,-66.6,-34.65,-49.82,-10.68,84.62,-38.18,46.15
2025-08-13T14:07:43.940009,-7.0,99.0,-12.0,41.0,33.0,-33.0,72.0,77.0,-21.0,0.0,-64.0,-54.0,31.479999999999997,35.58,19.08,35.730000000000004,15.34,-61.6,25.35,28.18,-36.68,-5.38,-107.18,-49.85
2025-08-13T14:07:43.947834,-21.0,7.0,2.0,27.0,73.0,19.0,125.0,7.0,-53.0,14.0,61.0,-92.0,17.479999999999997,-56.42,33.08,21.73,55.34,-9.600000000000001,78.35,-41.82,-68.68,8.620000000000001,17.82,-87.85
2025-08-13T14:07:43.952351,-45.0,122.0,-2.0,65.0,58.0,22.0,58.0,11.0,38.0,69.0,64.0,-83.0,-6.520000000000003,58.58,29.08,59.730000000000004,40.34,-6.600000000000001,11.350000000000001,-37.82,22.32,63.62,20.82,-78.85
2025-08-13T14:07:43.960045,-93.0,87.0,-22.0,-5.0,0.0,11.0,39.0,76.0,36.0,10.0,36.0,-61.0,-54.52,23.58,9.079999999999998,-10.27,-17.66,-17.6,-7.649999999999999,27.18,20.32,4.62,-7.18,-56.85
2025-08-13T14:07:43.964680,-100.0,134.0,-10.0,34.0,32.0,6.0,48.0,39.0,-12.0,-33.0,98.0,-55.0,-61.52,70.58,21.08,28.73,14.34,-22.6,1.3500000000000014,-9.82,-27.68,-38.38,54.82,-50.85
2025-08-13T14:07:43.972369,-114.0,100.0,-36.0,-18.0,44.0,68.0,65.0,38.0,43.0,10.0,46.0,-17.0,-75.52000000000001,36.58,-4.920000000000002,-23.27,26.34,39.4,18.35,-10.82,27.32,4.62,2.8200000000000003,-12.85
2025-08-13T14:07:43.977024,21.0,67.0,-96.0,-109.0,48.0,-11.0,82.0,82.0,-15.0,-28.0,126.0,-38.0,59.48,3.5799999999999983,-64.92,-114.27,30.34,-39.6,35.35,33.18,-30.68,-33.38,82.82,-33.85
2025-08-13T14:07:43.984866,14.0,60.0,-119.0,8.0,-34.0,-35.0,41.0,98.0,-14.0,16.0,103.0,-51.0,52.48,-3.4200000000000017,-87.92,2.7300000000000004,-51.66,-63.6,-5.649999999999999,49.18,-29.68,10.620000000000001,59.82,-46.85
2025-08-13T14:07:43.989035,-45.0,55.0,10.0,69.0,-2.0,19.0,-19.0,80.0,22.0,5.0,45.0,-53.0,-6.520000000000003,-8.420000000000002,41.08,63.730000000000004,-19.66,-9.600000000000001,-65.65,31.18,6.32,-0.3799999999999999,1.8200000000000003,-48.85
2025-08-13T14:07:43.997067,-101.0,99.0,-17.0,76.0,-8.0,10.0,-30.0,53.0,12.0,-35.0,50.0,-56.0,-62.52,35.58,14.079999999999998,70.73,-25.66,-18.6,-76.65,4.18,-3.6799999999999997,-40.38,6.82,-51.85
2025-08-13T14:07:44.001563,-96.0,103.0,-26.0,15.0,-7.0,76.0,75.0,134.0,-9.0,-65.0,71.0,-32.0,-57.52,39.58,5.079999999999998,9.73,-24.66,47.4,28.35,85.18,-24.68,-70.38,27.82,-27.85
2025-08-13T14:07:44.009416,-12.0,110.0,-3.0,4.0,66.0,34.0,62.0,94.0,-12.0,-16.0,119.0,-118.0,26.479999999999997,46.58,28.08,-1.2699999999999996,48.34,5.399999999999999,15.350000000000001,45.18,-27.68,-21.38,75.82,-113.85
2025-08-13T14:07:44.013658,-37.0,100.0,-10.0,17.0,71.0,-5.0,85.0,14.0,-25.0,-33.0,65.0,24.0,1.4799999999999969,36.58,21.08,11.73,53.34,-33.6,38.35,-34.82,-40.68,-38.38,21.82,28.15
2025-08-13T14:07:44.021566,-32.0,5.0,-63.0,75.0,75.0,43.0,44.0,72.0,48.0,-29.0,60.0,-41.0,6.479999999999997,-58.42,-31.92,69.73,57.34,14.399999999999999,-2.6499999999999986,23.18,32.32,-34.38,16.82,-36.85
2025-08-13T14:07:44.026084,-10.0,61.0,-35.0,0.0,-15.0,1.0,62.0,56.0,-37.0,-1.0,27.0,-52.0,28.479999999999997,-2.4200000000000017,-3.9200000000000017,-5.27,-32.66,-27.6,15.350000000000001,7.18,-52.68,-6.38,-16.18,-47.85
2025-08-13T14:07:44.033891,21.0,-16.0,-22.0,31.0,-6.0,29.0,108.0,86.0,29.0,-3.0,49.0,-108.0,59.48,-79.42,9.079999999999998,25.73,-23.66,0.3999999999999986,61.35,37.18,13.32,-8.379999999999999,5.82,-103.85
2025-08-13T14:07:44.038309,-58.0,35.0,-30.0,-48.0,-24.0,55.0,43.0,104.0,-19.0,4.0,74.0,-47.0,-19.520000000000003,-28.42,1.0799999999999983,-53.269999999999996,-41.66,26.4,-3.6499999999999986,55.18,-34.68,-1.38,30.82,-42.85
2025-08-13T14:07:44.046160,-44.0,132.0,14.0,43.0,-16.0,70.0,72.0,74.0,62.0,-103.0,23.0,-78.0,-5.520000000000003,68.58,45.08,37.730000000000004,-33.66,41.4,25.35,25.18,46.32,-108.38,-20.18,-73.85
2025-08-13T14:07:44.050605,-77.0,101.0,-13.0,-18.0,-1.0,-14.0,61.0,29.0,67.0,-38.0,135.0,0.0,-38.52,37.58,18.08,-23.27,-18.66,-42.6,14.350000000000001,-19.82,51.32,-43.38,91.82,4.15
2025-08-13T14:07:44.058360,-67.0,107.0,-47.0,86.0,22.0,-56.0,35.0,85.0,26.0,-24.0,59.0,3.0,-28.520000000000003,43.58,-15.920000000000002,80.73,4.34,-84.6,-11.649999999999999,36.18,10.32,-29.38,15.82,7.15
2025-08-13T14:07:44.062955,34.0,57.0,-22.0,-37.0,9.0,4.0,37.0,69.0,-3.0,20.0,87.0,-75.0,72.47999999999999,-6.420000000000002,9.079999999999998,-42.269999999999996,-8.66,-24.6,-9.649999999999999,20.18,-18.68,14.620000000000001,43.82,-70.85
2025-08-13T14:07:44.070571,29.0,75.0,-75.0,-31.0,-63.0,85.0,52.0,26.0,10.0,33.0,99.0,8.0,67.47999999999999,11.579999999999998,-43.92,-36.269999999999996,-80.66,56.4,5.350000000000001,-22.82,-5.68,27.62,55.82,12.15
2025-08-13T14:07:44.074906,31.0,106.0,-75.0,49.0,53.0,86.0,37.0,88.0,53.0,-6.0,45.0,-60.0,69.47999999999999,42.58,-43.92,43.730000000000004,35.34,57.4,-9.649999999999999,39.18,37.32,-11.379999999999999,1.8200000000000003,-55.85
2025-08-13T14:07:44.079179,-79.0,83.0,-16.0,37.0,54.0,21.0,2.0,83.0,46.0,56.0,58.0,-24.0,-40.52,19.58,15.079999999999998,31.73,36.34,-7.600000000000001,-44.65,34.18,30.32,50.62,14.82,-19.85
2025-08-13T14:07:44.087296,-60.0,119.0,26.0,33.0,-1.0,31.0,-9.0,77.0,63.0,-65.0,65.0,-32.0,-21.520000000000003,55.58,57.08,27.73,-18.66,2.3999999999999986,-55.65,28.18,47.32,-70.38,21.82,-27.85
2025-08-13T14:07:44.095155,-78.0,7.0,24.0,-76.0,42.0,-31.0,35.0,57.0,-10.0,-14.0,59.0,-34.0,-39.52,-56.42,55.08,-81.27,24.34,-59.6,-11.649999999999999,8.18,-25.68,-19.38,15.82,-29.85
2025-08-13T14:07:44.099857,-71.0,97.0,-57.0,-12.0,110.0,-57.0,113.0,19.0,8.0,-22.0,58.0,-12.0,-32.52,33.58,-25.92,-17.27,92.34,-85.6,66.35,-29.82,-7.68,-27.38,14.82,-7.85
2025-08-13T14:07:44.107770,-115.0,79.0,-94.0,47.0,-36.0,22.0,75.0,52.0,-30.0,-59.0,34.0,-43.0,-76.52000000000001,15.579999999999998,-62.92,41.730000000000004,-53.66,-6.600000000000001,28.35,3.1799999999999997,-45.68,-64.38,-9.18,-38.85
2025-08-13T14:07:44.111997,-4.0,121.0,-53.0,-29.0,-3.0,81.0,109.0,-2.0,13.0,-55.0,114.0,-17.0,34.48,57.58,-21.92,-34.269999999999996,-20.66,52.4,62.35,-50.82,-2.6799999999999997,-60.38,70.82,-12.85
2025-08-13T14:07:44.119721,-80.0,12.0,-101.0,-29.0,-25.0,-15.0,94.0,-21.0,-36.0,-57.0,39.0,-47.0,-41.52,-51.42,-69.92,-34.269999999999996,-42.66,-43.6,47.35,-69.82,-51.68,-62.38,-4.18,-42.85
2025-08-13T14:07:44.123877,-26.0,100.0,-61.0,13.0,60.0,14.0,63.0,62.0,28.0,-3.0,26.0,28.0,12.479999999999997,36.58,-29.92,7.73,42.34,-14.600000000000001,16.35,13.18,12.32,-8.379999999999999,-17.18,32.15
2025-08-13T14:07:44.127974,12.0,41.0,1.0,9.0,-2.0,2.0,21.0,15.0,24.0,13.0,85.0,-56.0,50.48,-22.42,32.08,3.7300000000000004,-19.66,-26.6,-25.65,-33.82,8.32,7.62,41.82,-51.85
2025-08-13T14:07:44.136228,-96.0,82.0,27.0,4.0,66.0,13.0,19.0,68.0,35.0,25.0,132.0,7.0,-57.52,18.58,58.08,-1.2699999999999996,48.34,-15.600000000000001,-27.65,19.18,19.32,19.62,88.82,11.15
2025-08-13T14:07:44.140373,-64.0,75.0,2.0,-19.0,54.0,54.0,59.0,50.0,-5.0,-28.0,48.0,-66.0,-25.520000000000003,11.579999999999998,33.08,-24.27,36.34,25.4,12.350000000000001,1.1799999999999997,-20.68,-33.38,4.82,-61.85
2025-08-13T14:07:44.148579,-22.0,118.0,-22.0,-90.0,-21.0,-25.0,54.0,-51.0,63.0,-70.0,93.0,3.0,16.479999999999997,54.58,9.079999999999998,-95.27,-38.66,-53.6,7.350000000000001,-99.82,47.32,-75.38,49.82,7.15
2025-08-13T14:07:44.152654,-73.0,118.0,-77.0,2.0,-17.0,17.0,36.0,77.0,0.0,-34.0,24.0,-22.0,-34.52,54.58,-45.92,-3.2699999999999996,-34.66,-11.600000000000001,-10.649999999999999,28.18,-15.68,-39.38,-19.18,-17.85
2025-08-13T14:07:44.160743,-10.0,103.0,-74.0,-34.0,-1.0,12.0,12.0,57.0,33.0,-70.0,113.0,-47.0,28.479999999999997,39.58,-42.92,-39.269999999999996,-18.66,-16.6,-34.65,8.18,17.32,-75.38,69.82,-42.85
2025-08-13T14:07:44.164924,-58.0,124.0,-44.0,44.0,53.0,45.0,-5.0,61.0,41.0,8.0,54.0,-37.0,-19.520000000000003,60.58,-12.920000000000002,38.730000000000004,35.34,16.4,-51.65,12.18,25.32,2.62,10.82,-32.85
2025-08-13T14:07:44.173126,-8.0,37.0,-143.0,11.0,68.0,8.0,27.0,19.0,69.0,-3.0,91.0,17.0,30.479999999999997,-26.42,-111.92,5.73,50.34,-20.6,-19.65,-29.82,53.32,-8.379999999999999,47.82,21.15
2025-08-13T14:07:44.177250,-25.0,62.0,-33.0,-18.0,0.0,77.0,77.0,48.0,-84.0,-7.0,70.0,-49.0,13.479999999999997,-1.4200000000000017,-1.9200000000000017,-23.27,-17.66,48.4,30.35,-0.8200000000000003,-99.68,-12.379999999999999,26.82,-44.85
2025-08-13T14:07:44.185400,-3.0,-3.0,-50.0,55.0,1.0,-6.0,-35.0,84.0,-9.0,17.0,65.0,-2.0,35.48,-66.42,-18.92,49.730000000000004,-16.66,-34.6,-81.65,35.18,-24.68,11.620000000000001,21.82,2.1500000000000004
2025-08-13T14:07:44.189669,-67.0,52.0,-74.0,25.0,73.0,35.0,15.0,22.0,69.0,-34.0,6.0,-17.0,-28.520000000000003,-11.420000000000002,-42.92,19.73,55.34,6.399999999999999,-31.65,-26.82,53.32,-39.38,-37.18,-12.85
2025-08-13T14:07:44.197649,21.0,57.0,-28.0,-1.0,4.0,22.0,28.0,-22.0,-4.0,7.0,87.0,-3.0,59.48,-6.420000000000002,3.0799999999999983,-6.27,-13.66,-6.600000000000001,-18.65,-70.82,-19.68,1.62,43.82,1.1500000000000004
2025-08-13T14:07:44.201979,-6.0,5.0,26.0,21.0,46.0,19.0,44.0,40.0,46.0,38.0,-11.0,0.0,32.48,-58.42,57.08,15.73,28.34,-9.600000000000001,-2.6499999999999986,-8.82,30.32,32.62,-54.18,4.15
2025-08-13T14:07:44.209837,-8.0,41.0,-1.0,62.0,-15.0,44.0,-5.0,0.0,23.0,65.0,58.0,15.0,30.479999999999997,-22.42,30.08,56.730000000000004,-32.66,15.399999999999999,-51.65,-48.82,7.32,59.62,14.82,19.15
2025-08-13T14:07:44.214423,-41.0,20.0,-58.0,24.0,-42.0,46.0,69.0,27.0,-7.0,77.0,22.0,79.0,-2.520000000000003,-43.42,-26.92,18.73,-59.66,17.4,22.35,-21.82,-22.68,71.62,-21.18,83.15
2025-08-13T14:07:44.222232,-117.0,25.0,16.0,60.0,4.0,73.0,33.0,15.0,-6.0,59.0,36.0,56.0,-78.52000000000001,-38.42,47.08,54.730000000000004,-13.66,44.4,-13.649999999999999,-33.82,-21.68,53.62,-7.18,60.15
2025-08-13T14:07:44.227106,-172.0,80.0,-71.0,-16.0,-33.0,75.0,76.0,47.0,10.0,36.0,20.0,25.0,-133.52,16.58,-39.92,-21.27,-50.66,46.4,29.35,-1.8200000000000003,-5.68,30.62,-23.18,29.15
2025-08-13T14:07:44.234648,-80.0,107.0,-1.0,84.0,-8.0,34.0,-21.0,-23.0,7.0,-14.0,48.0,-14.0,-41.52,43.58,30.08,78.73,-25.66,5.399999999999999,-67.65,-71.82,-8.68,-19.38,4.82,-9.85
2025-08-13T14:07:44.239311,-22.0,133.0,-41.0,-9.0,14.0,-11.0,21.0,77.0,39.0,45.0,-16.0,32.0,16.479999999999997,69.58,-9.920000000000002,-14.27,-3.66,-39.6,-25.65,28.18,23.32,39.62,-59.18,36.15
2025-08-13T14:07:44.248835,20.0,120.0,-71.0,3.0,29.0,19.0,96.0,-14.0,66.0,29.0,1.0,28.0,58.48,56.58,-39.92,-2.2699999999999996,11.34,-9.600000000000001,49.35,-62.82,50.32,23.62,-42.18,32.15
2025-08-13T14:07:44.257239,-16.0,121.0,-11.0,54.0,3.0,-14.0,24.0,50.0,56.0,31.0,6.0,33.0,22.479999999999997,57.58,20.08,48.730000000000004,-14.66,-42.6,-22.65,1.1799999999999997,40.32,25.62,-37.18,37.15
2025-08-13T14:07:44.262748,-10.0,25.0,-34.0,-17.0,20.0,7.0,30.0,-2.0,25.0,83.0,52.0,50.0,28.479999999999997,-38.42,-2.9200000000000017,-22.27,2.34,-21.6,-16.65,-50.82,9.32,77.62,8.82,54.15
2025-08-13T14:07:44.266864,22.0,75.0,13.0,-75.0,-7.0,-9.0,14.0,21.0,-13.0,9.0,80.0,96.0,60.48,11.579999999999998,44.08,-80.27,-24.66,-37.6,-32.65,-27.82,-28.68,3.62,36.82,100.15
2025-08-13T14:07:44.270226,-71.0,22.0,34.0,-27.0,23.0,6.0,-28.0,40.0,4.0,74.0,-56.0,5.0,-32.52,-41.42,65.08,-32.269999999999996,5.34,-22.6,-74.65,-8.82,-11.68,68.62,-99.18,9.15
2025-08-13T14:07:44.275519,-28.0,71.0,40.0,79.0,25.0,-48.0,16.0,11.0,48.0,8.0,-28.0,13.0,10.479999999999997,7.579999999999998,71.08,73.73,7.34,-76.6,-30.65,-37.82,32.32,2.62,-71.18,17.15
2025-08-13T14:07:44.283362,-102.0,58.0,26.0,-36.0,122.0,-3.0,33.0,65.0,71.0,40.0,-7.0,88.0,-63.52,-5.420000000000002,57.08,-41.269999999999996,104.34,-31.6,-13.649999999999999,16.18,55.32,34.62,-50.18,92.15
2025-08-13T14:07:44.287688,-71.0,120.0,-8.0,53.0,50.0,-14.0,50.0,89.0,1.0,38.0,6.0,35.0,-32.52,56.58,23.08,47.730000000000004,32.34,-42.6,3.3500000000000014,40.18,-14.68,32.62,-37.18,39.15
2025-08-13T14:07:44.291791,-59.0,119.0,-13.0,62.0,2.0,12.0,21.0,56.0,27.0,19.0,17.0,61.0,-20.520000000000003,55.58,18.08,56.730000000000004,-15.66,-16.6,-25.65,7.18,11.32,13.620000000000001,-26.18,65.15
2025-08-13T14:07:44.299981,-39.0,61.0,-32.0,45.0,-50.0,75.0,79.0,-13.0,-5.0,48.0,-1.0,0.0,-0.5200000000000031,-2.4200000000000017,-0.9200000000000017,39.730000000000004,-67.66,46.4,32.35,-61.82,-20.68,42.62,-44.18,4.15
2025-08-13T14:07:44.304027,2.0,95.0,-106.0,13.0,-7.0,55.0,-2.0,20.0,30.0,4.0,-21.0,55.0,40.48,31.58,-74.92,7.73,-24.66,26.4,-48.65,-28.82,14.32,-1.38,-64.18,59.15
2025-08-13T14:07:44.312190,-31.0,96.0,-83.0,23.0,2.0,16.0,46.0,36.0,50.0,36.0,-53.0,49.0,7.479999999999997,32.58,-51.92,17.73,-15.66,-12.600000000000001,-0.6499999999999986,-12.82,34.32,30.62,-96.18,53.15
2025-08-13T14:07:44.316388,12.0,93.0,-54.0,-3.0,72.0,37.0,81.0,96.0,47.0,-18.0,25.0,22.0,50.48,29.58,-22.92,-8.27,54.34,8.399999999999999,34.35,47.18,31.32,-23.38,-18.18,26.15
2025-08-13T14:07:44.324459,18.0,32.0,-24.0,6.0,30.0,20.0,53.0,49.0,-55.0,65.0,-80.0,6.0,56.48,-31.42,7.079999999999998,0.7300000000000004,12.34,-8.600000000000001,6.350000000000001,0.17999999999999972,-70.68,59.62,-123.18,10.15
2025-08-13T14:07:44.328659,11.0,73.0,-18.0,2.0,-2.0,3.0,43.0,49.0,-11.0,103.0,34.0,-38.0,49.48,9.579999999999998,13.079999999999998,-3.2699999999999996,-19.66,-25.6,-3.6499999999999986,0.17999999999999972,-26.68,97.62,-9.18,-33.85
2025-08-13T14:07:44.336704,-34.0,90.0,-1.0,8.0,104.0,-18.0,48.0,45.0,-32.0,28.0,14.0,88.0,4.479999999999997,26.58,30.08,2.7300000000000004,86.34,-46.6,1.3500000000000014,-3.8200000000000003,-47.68,22.62,-29.18,92.15
2025-08-13T14:07:44.341137,-95.0,85.0,34.0,-15.0,-70.0,7.0,64.0,22.0,50.0,2.0,39.0,33.0,-56.52,21.58,65.08,-20.27,-87.66,-21.6,17.35,-26.82,34.32,-3.38,-4.18,37.15
2025-08-13T14:07:44.349154,-81.0,70.0,-86.0,53.0,-51.0,-2.0,24.0,46.0,3.0,-6.0,-40.0,51.0,-42.52,6.579999999999998,-54.92,47.730000000000004,-68.66,-30.6,-22.65,-2.8200000000000003,-12.68,-11.379999999999999,-83.18,55.15
2025-08-13T14:07:44.353503,-121.0,105.0,-44.0,-1.0,-44.0,27.0,0.0,74.0,10.0,57.0,-6.0,43.0,-82.52000000000001,41.58,-12.920000000000002,-6.27,-61.66,-1.6000000000000014,-46.65,25.18,-5.68,51.62,-49.18,47.15
2025-08-13T14:07:44.361479,6.0,125.0,-27.0,34.0,-1.0,66.0,29.0,69.0,33.0,116.0,-5.0,-33.0,44.48,61.58,4.079999999999998,28.73,-18.66,37.4,-17.65,20.18,17.32,110.62,-48.18,-28.85
2025-08-13T14:07:44.365760,33.0,16.0,-35.0,62.0,63.0,57.0,-8.0,36.0,-20.0,7.0,-44.0,13.0,71.47999999999999,-47.42,-3.9200000000000017,56.730000000000004,45.34,28.4,-54.65,-12.82,-35.68,1.62,-87.18,17.15
2025-08-13T14:07:44.373704,-34.0,24.0,41.0,9.0,40.0,19.0,59.0,56.0,36.0,51.0,45.0,52.0,4.479999999999997,-39.42,72.08,3.7300000000000004,22.34,-9.600000000000001,12.350000000000001,7.18,20.32,45.62,1.8200000000000003,56.15
2025-08-13T14:07:44.377916,-35.0,-3.0,-13.0,4.0,-7.0,-30.0,12.0,22.0,34.0,10.0,-49.0,14.0,3.479999999999997,-66.42,18.08,-1.2699999999999996,-24.66,-58.6,-34.65,-26.82,18.32,4.62,-92.18,18.15
2025-08-13T14:07:44.386025,-81.0,73.0,-25.0,71.0,-1.0,30.0,34.0,26.0,42.0,7.0,25.0,-4.0,-42.52,9.579999999999998,6.079999999999998,65.73,-18.66,1.3999999999999986,-12.649999999999999,-22.82,26.32,1.62,-18.18,0.15000000000000036
2025-08-13T14:07:44.390217,-38.0,27.0,-19.0,38.0,-33.0,-18.0,69.0,193.0,8.0,81.0,17.0,38.0,0.4799999999999969,-36.42,12.079999999999998,32.730000000000004,-50.66,-46.6,22.35,144.18,-7.68,75.62,-26.18,42.15
2025-08-13T14:07:44.398363,-29.0,39.0,4.0,-12.0,-22.0,31.0,23.0,110.0,-43.0,36.0,-35.0,35.0,9.479999999999997,-24.42,35.08,-17.27,-39.66,2.3999999999999986,-23.65,61.18,-58.68,30.62,-78.18,39.15
2025-08-13T14:07:44.402679,-79.0,189.0,-81.0,-40.0,60.0,-43.0,9.0,4.0,8.0,12.0,12.0,21.0,-40.52,125.58,-49.92,-45.269999999999996,42.34,-71.6,-37.65,-44.82,-7.68,6.62,-31.18,25.15
2025-08-13T14:07:44.410561,-26.0,47.0,-88.0,-54.0,56.0,66.0,3.0,120.0,9.0,34.0,43.0,18.0,12.479999999999997,-16.42,-56.92,-59.269999999999996,38.34,37.4,-43.65,71.18,-6.68,28.62,-0.17999999999999972,22.15
2025-08-13T14:07:44.414970,-64.0,100.0,-91.0,34.0,30.0,-65.0,71.0,84.0,47.0,-12.0,24.0,18.0,-25.520000000000003,36.58,-59.92,28.73,12.34,-93.6,24.35,35.18,31.32,-17.38,-19.18,22.15
2025-08-13T14:07:44.422963,-4.0,87.0,-42.0,35.0,37.0,-44.0,31.0,17.0,-35.0,46.0,13.0,40.0,34.48,23.58,-10.920000000000002,29.73,19.34,-72.6,-15.649999999999999,-31.82,-50.68,40.62,-30.18,44.15
2025-08-13T14:07:44.427424,37.0,92.0,-101.0,50.0,18.0,19.0,-43.0,30.0,-27.0,-9.0,6.0,46.0,75.47999999999999,28.58,-69.92,44.730000000000004,0.33999999999999986,-9.600000000000001,-89.65,-18.82,-42.68,-14.379999999999999,-37.18,50.15
2025-08-13T14:07:44.435164,-8.0,70.0,-89.0,2.0,-7.0,66.0,98.0,47.0,-44.0,29.0,89.0,-27.0,30.479999999999997,6.579999999999998,-57.92,-3.2699999999999996,-24.66,37.4,51.35,-1.8200000000000003,-59.68,23.62,45.82,-22.85
2025-08-13T14:07:44.439601,-33.0,62.0,-107.0,33.0,-45.0,37.0,49.0,94.0,55.0,-32.0,2.0,52.0,5.479999999999997,-1.4200000000000017,-75.92,27.73,-62.66,8.399999999999999,2.3500000000000014,45.18,39.32,-37.38,-41.18,56.15
2025-08-13T14:07:44.447473,-39.0,51.0,-40.0,-14.0,40.0,2.0,56.0,-12.0,21.0,67.0,-24.0,70.0,-0.5200000000000031,-12.420000000000002,-8.920000000000002,-19.27,22.34,-26.6,9.350000000000001,-60.82,5.32,61.62,-67.18,74.15
2025-08-13T14:07:44.451771,-57.0,17.0,-15.0,3.0,1.0,89.0,58.0,80.0,-4.0,112.0,40.0,-24.0,-18.520000000000003,-46.42,16.08,-2.2699999999999996,-16.66,60.4,11.350000000000001,31.18,-19.68,106.62,-3.1799999999999997,-19.85
2025-08-13T14:07:44.459664,-142.0,120.0,-10.0,-32.0,33.0,33.0,84.0,47.0,82.0,43.0,38.0,47.0,-103.52000000000001,56.58,21.08,-37.269999999999996,15.34,4.399999999999999,37.35,-1.8200000000000003,66.32,37.62,-5.18,51.15
2025-08-13T14:07:44.466133,-46.0,212.0,0.0,-41.0,55.0,-31.0,27.0,57.0,4.0,84.0,37.0,-2.0,-7.520000000000003,148.57999999999998,31.08,-46.269999999999996,37.34,-59.6,-19.65,8.18,-11.68,78.62,-6.18,2.1500000000000004
2025-08-13T14:07:44.471181,-61.0,42.0,-26.0,25.0,44.0,9.0,94.0,-19.0,44.0,42.0,-17.0,40.0,-22.520000000000003,-21.42,5.079999999999998,19.73,26.34,-19.6,47.35,-67.82,28.32,36.62,-60.18,44.15
2025-08-13T14:07:44.476317,-72.0,50.0,-33.0,-29.0,70.0,18.0,28.0,71.0,16.0,76.0,-31.0,25.0,-33.52,-13.420000000000002,-1.9200000000000017,-34.269999999999996,52.34,-10.600000000000001,-18.65,22.18,0.3200000000000003,70.62,-74.18,29.15
2025-08-13T14:07:44.484085,-18.0,17.0,-99.0,12.0,-26.0,42.0,12.0,-33.0,11.0,47.0,22.0,104.0,20.479999999999997,-46.42,-67.92,6.73,-43.66,13.399999999999999,-34.65,-81.82,-4.68,41.62,-21.18,108.15
2025-08-13T14:07:44.488409,-50.0,70.0,27.0,55.0,-36.0,20.0,27.0,156.0,22.0,68.0,6.0,4.0,-11.520000000000003,6.579999999999998,58.08,49.730000000000004,-53.66,-8.600000000000001,-19.65,107.18,6.32,62.62,-37.18,8.15
2025-08-13T14:07:44.492458,-117.0,132.0,9.0,-26.0,36.0,62.0,28.0,113.0,12.0,87.0,9.0,2.0,-78.52000000000001,68.58,40.08,-31.27,18.34,33.4,-18.65,64.18,-3.6799999999999997,81.62,-34.18,6.15
2025-08-13T14:07:44.500781,0.0,62.0,14.0,-1.0,61.0,-51.0,77.0,100.0,49.0,11.0,42.0,45.0,38.48,-1.4200000000000017,45.08,-6.27,43.34,-79.6,30.35,51.18,33.32,5.62,-1.1799999999999997,49.15
2025-08-13T14:07:44.504742,-8.0,127.0,-41.0,3.0,16.0,15.0,76.0,24.0,-2.0,62.0,37.0,88.0,30.479999999999997,63.58,-9.920000000000002,-2.2699999999999996,-1.6600000000000001,-13.600000000000001,29.35,-24.82,-17.68,56.62,-6.18,92.15
2025-08-13T14:07:44.513029,-52.0,64.0,-27.0,44.0,-1.0,49.0,23.0,23.0,70.0,55.0,-36.0,6.0,-13.520000000000003,0.5799999999999983,4.079999999999998,38.730000000000004,-18.66,20.4,-23.65,-25.82,54.32,49.62,-79.18,10.15
2025-08-13T14:07:44.517064,-64.0,51.0,-67.0,1.0,48.0,-12.0,24.0,43.0,38.0,79.0,-50.0,-25.0,-25.520000000000003,-12.420000000000002,-35.92,-4.27,30.34,-40.6,-22.65,-5.82,22.32,73.62,-93.18,-20.85
2025-08-13T14:07:44.525323,-18.0,113.0,-112.0,13.0,1.0,26.0,11.0,66.0,-6.0,38.0,-1.0,-4.0,20.479999999999997,49.58,-80.92,7.73,-16.66,-2.6000000000000014,-35.65,17.18,-21.68,32.62,-44.18,0.15000000000000036
2025-08-13T14:07:44.529370,31.0,96.0,-57.0,3.0,15.0,99.0,41.0,94.0,38.0,27.0,24.0,19.0,69.47999999999999,32.58,-25.92,-2.2699999999999996,-2.66,70.4,-5.649999999999999,45.18,22.32,21.62,-19.18,23.15
2025-08-13T14:07:44.537909,50.0,130.0,-105.0,-21.0,62.0,-25.0,21.0,-17.0,39.0,10.0,50.0,-49.0,88.47999999999999,66.58,-73.92,-26.27,44.34,-53.6,-25.65,-65.82,23.32,4.62,6.82,-44.85
2025-08-13T14:07:44.541608,7.0,58.0,-39.0,27.0,34.0,7.0,59.0,87.0,44.0,22.0,-3.0,-23.0,45.48,-5.420000000000002,-7.920000000000002,21.73,16.34,-21.6,12.350000000000001,38.18,28.32,16.62,-46.18,-18.85
2025-08-13T14:07:44.549817,15.0,99.0,-18.0,20.0,-64.0,43.0,76.0,150.0,53.0,40.0,37.0,66.0,53.48,35.58,13.079999999999998,14.73,-81.66,14.399999999999999,29.35,101.18,37.32,34.62,-6.18,70.15
2025-08-13T14:07:44.554077,-54.0,109.0,4.0,-6.0,-4.0,4.0,73.0,130.0,-69.0,70.0,24.0,47.0,-15.520000000000003,45.58,35.08,-11.27,-21.66,-24.6,26.35,81.18,-84.68,64.62,-19.18,51.15
2025-08-13T14:07:44.562168,7.0,-15.0,10.0,37.0,10.0,87.0,130.0,9.0,17.0,37.0,7.0,15.0,45.48,-78.42,41.08,31.73,-7.66,58.4,83.35,-39.82,1.3200000000000003,31.62,-36.18,19.15
2025-08-13T14:07:44.566422,49.0,-35.0,1.0,42.0,73.0,96.0,33.0,34.0,29.0,8.0,22.0,63.0,87.47999999999999,-98.42,32.08,36.730000000000004,55.34,67.4,-13.649999999999999,-14.82,13.32,2.62,-21.18,67.15
2025-08-13T14:07:44.574503,16.0,38.0,-30.0,12.0,-6.0,58.0,79.0,29.0,11.0,-3.0,29.0,47.0,54.48,-25.42,1.0799999999999983,6.73,-23.66,29.4,32.35,-19.82,-4.68,-8.379999999999999,-14.18,51.15
2025-08-13T14:07:44.578777,-143.0,55.0,-8.0,23.0,-40.0,12.0,14.0,1.0,13.0,13.0,-33.0,68.0,-104.52000000000001,-8.420000000000002,23.08,17.73,-57.66,-16.6,-32.65,-47.82,-2.6799999999999997,7.62,-76.18,72.15
2025-08-13T14:07:44.586734,-67.0,-24.0,57.0,-9.0,24.0,38.0,69.0,47.0,-21.0,99.0,-21.0,65.0,-28.520000000000003,-87.42,88.08,-14.27,6.34,9.399999999999999,22.35,-1.8200000000000003,-36.68,93.62,-64.18,69.15
2025-08-13T14:07:44.590991,-68.0,105.0,-22.0,31.0,74.0,-15.0,81.0,45.0,-11.0,29.0,-18.0,42.0,-29.520000000000003,41.58,9.079999999999998,25.73,56.34,-43.6,34.35,-3.8200000000000003,-26.68,23.62,-61.18,46.15
2025-08-13T14:07:44.599136,-88.0,154.0,-38.0,41.0,49.0,53.0,110.0,7.0,10.0,-42.0,-3.0,-4.0,-49.52,90.58,-6.920000000000002,35.730000000000004,31.34,24.4,63.35,-41.82,-5.68,-47.38,-46.18,0.15000000000000036
2025-08-13T14:07:44.603507,31.0,108.0,-15.0,-27.0,45.0,25.0,10.0,7.0,29.0,-20.0,24.0,11.0,69.47999999999999,44.58,16.08,-32.269999999999996,27.34,-3.6000000000000014,-36.65,-41.82,13.32,-25.38,-19.18,15.15
2025-08-13T14:07:44.611491,24.0,31.0,-38.0,21.0,-22.0,92.0,-1.0,57.0,49.0,60.0,15.0,-31.0,62.48,-32.42,-6.920000000000002,15.73,-39.66,63.4,-47.65,8.18,33.32,54.62,-28.18,-26.85
2025-08-13T14:07:44.615861,11.0,61.0,-45.0,-6.0,10.0,65.0,45.0,31.0,-8.0,16.0,10.0,34.0,49.48,-2.4200000000000017,-13.920000000000002,-11.27,-7.66,36.4,-1.6499999999999986,-17.82,-23.68,10.620000000000001,-33.18,38.15
2025-08-13T14:07:44.623737,-23.0,76.0,-41.0,-8.0,1.0,59.0,105.0,50.0,-5.0,54.0,89.0,59.0,15.479999999999997,12.579999999999998,-9.920000000000002,-13.27,-16.66,30.4,58.35,1.1799999999999997,-20.68,48.62,45.82,63.15
2025-08-13T14:07:44.628098,-43.0,71.0,-71.0,20.0,29.0,36.0,85.0,1.0,-4.0,68.0,-34.0,49.0,-4.520000000000003,7.579999999999998,-39.92,14.73,11.34,7.399999999999999,38.35,-47.82,-19.68,62.62,-77.18,53.15
2025-08-13T14:07:44.635830,-26.0,9.0,33.0,-40.0,60.0,39.0,77.0,71.0,90.0,-13.0,46.0,63.0,12.479999999999997,-54.42,64.08,-45.269999999999996,42.34,10.399999999999999,30.35,22.18,74.32,-18.38,2.8200000000000003,67.15
2025-08-13T14:07:44.640342,-2.0,30.0,67.0,-4.0,75.0,-7.0,104.0,-17.0,11.0,57.0,-25.0,-2.0,36.48,-33.42,98.08,-9.27,57.34,-35.6,57.35,-65.82,-4.68,51.62,-68.18,2.1500000000000004
2025-08-13T14:07:44.644567,-39.0,35.0,-16.0,-6.0,12.0,4.0,44.0,39.0,7.0,18.0,-3.0,33.0,-0.5200000000000031,-28.42,15.079999999999998,-11.27,-5.66,-24.6,-2.6499999999999986,-9.82,-8.68,12.620000000000001,-46.18,37.15
2025-08-13T14:07:44.652470,7.0,68.0,15.0,-16.0,50.0,22.0,76.0,2.0,2.0,79.0,17.0,57.0,45.48,4.579999999999998,46.08,-21.27,32.34,-6.600000000000001,29.35,-46.82,-13.68,73.62,-26.18,61.15
2025-08-13T14:07:44.657345,-51.0,-10.0,-3.0,-25.0,70.0,37.0,110.0,121.0,75.0,15.0,-11.0,7.0,-12.520000000000003,-73.42,28.08,-30.27,52.34,8.399999999999999,63.35,72.18,59.32,9.620000000000001,-54.18,11.15
2025-08-13T14:07:44.664736,-120.0,55.0,-5.0,0.0,94.0,31.0,33.0,0.0,44.0,26.0,17.0,19.0,-81.52000000000001,-8.420000000000002,26.08,-5.27,76.34,2.3999999999999986,-13.649999999999999,-48.82,28.32,20.62,-26.18,23.15
2025-08-13T14:07:44.668997,-49.0,107.0,-60.0,82.0,19.0,55.0,48.0,5.0,81.0,107.0,48.0,72.0,-10.520000000000003,43.58,-28.92,76.73,1.3399999999999999,26.4,1.3500000000000014,-43.82,65.32,101.62,4.82,76.15
2025-08-13T14:07:44.676892,-54.0,87.0,-44.0,47.0,-10.0,67.0,-12.0,71.0,50.0,86.0,34.0,82.0,-15.520000000000003,23.58,-12.920000000000002,41.730000000000004,-27.66,38.4,-58.65,22.18,34.32,80.62,-9.18,86.15
2025-08-13T14:07:44.680969,-11.0,111.0,-149.0,-27.0,-61.0,-22.0,0.0,39.0,-5.0,72.0,10.0,60.0,27.479999999999997,47.58,-117.92,-32.269999999999996,-78.66,-50.6,-46.65,-9.82,-20.68,66.62,-33.18,64.15
2025-08-13T14:07:44.689005,-5.0,46.0,-50.0,49.0,57.0,96.0,24.0,-5.0,39.0,67.0,12.0,65.0,33.48,-17.42,-18.92,43.730000000000004,39.34,67.4,-22.65,-53.82,23.32,61.62,-31.18,69.15
2025-08-13T14:07:44.693206,-50.0,31.0,-80.0,80.0,69.0,43.0,66.0,38.0,67.0,105.0,20.0,26.0,-11.520000000000003,-32.42,-48.92,74.73,51.34,14.399999999999999,19.35,-10.82,51.32,99.62,-23.18,30.15
2025-08-13T14:07:44.701494,-46.0,9.0,-12.0,54.0,20.0,36.0,-8.0,78.0,44.0,85.0,10.0,6.0,-7.520000000000003,-54.42,19.08,48.730000000000004,2.34,7.399999999999999,-54.65,29.18,28.32,79.62,-33.18,10.15
2025-08-13T14:07:44.705576,-44.0,105.0,-13.0,-35.0,-68.0,16.0,108.0,10.0,21.0,-11.0,-21.0,27.0,-5.520000000000003,41.58,18.08,-40.269999999999996,-85.66,-12.600000000000001,61.35,-38.82,5.32,-16.38,-64.18,31.15
2025-08-13T14:07:44.713701,-58.0,62.0,-4.0,21.0,17.0,16.0,87.0,72.0,43.0,35.0,20.0,2.0,-19.520000000000003,-1.4200000000000017,27.08,15.73,-0.6600000000000001,-12.600000000000001,40.35,23.18,27.32,29.62,-23.18,6.15
2025-08-13T14:07:44.717831,-82.0,79.0,-45.0,18.0,-27.0,84.0,-12.0,16.0,-16.0,11.0,20.0,35.0,-43.52,15.579999999999998,-13.920000000000002,12.73,-44.66,55.4,-58.65,-32.82,-31.68,5.62,-23.18,39.15
2025-08-13T14:07:44.726080,-143.0,42.0,-16.0,-8.0,-66.0,20.0,-7.0,36.0,-18.0,29.0,-28.0,-19.0,-104.52000000000001,-21.42,15.079999999999998,-13.27,-83.66,-8.600000000000001,-53.65,-12.82,-33.68,23.62,-71.18,-14.85
2025-08-13T14:07:44.730061,-71.0,73.0,-94.0,3.0,18.0,10.0,-28.0,62.0,-1.0,-15.0,-31.0,46.0,-32.52,9.579999999999998,-62.92,-2.2699999999999996,0.33999999999999986,-18.6,-74.65,13.18,-16.68,-20.38,-74.18,50.15
2025-08-13T14:07:44.738396,-104.0,136.0,-108.0,42.0,-47.0,99.0,58.0,33.0,13.0,22.0,20.0,-1.0,-65.52000000000001,72.58,-76.92,36.730000000000004,-64.66,70.4,11.350000000000001,-15.82,-2.6799999999999997,16.62,-23.18,3.1500000000000004
2025-08-13T14:07:44.742367,-25.0,109.0,-15.0,25.0,-22.0,-10.0,55.0,46.0,-9.0,51.0,-8.0,31.0,13.479999999999997,45.58,16.08,19.73,-39.66,-38.6,8.350000000000001,-2.8200000000000003,-24.68,45.62,-51.18,35.15
2025-08-13T14:07:44.750583,-8.0,91.0,-38.0,34.0,-29.0,33.0,22.0,-10.0,-1.0,24.0,22.0,37.0,30.479999999999997,27.58,-6.920000000000002,28.73,-46.66,4.399999999999999,-24.65,-58.82,-16.68,18.62,-21.18,41.15
2025-08-13T14:07:44.754702,-9.0,115.0,36.0,44.0,-16.0,-35.0,5.0,93.0,27.0,19.0,5.0,46.0,29.479999999999997,51.58,67.08,38.730000000000004,-33.66,-63.6,-41.65,44.18,11.32,13.620000000000001,-38.18,50.15
2025-08-13T14:07:44.762725,-96.0,-3.0,30.0,-14.0,58.0,53.0,76.0,60.0,27.0,91.0,-38.0,23.0,-57.52,-66.42,61.08,-19.27,40.34,24.4,29.35,11.18,11.32,85.62,-81.18,27.15
2025-08-13T14:07:44.766969,-93.0,76.0,31.0,-33.0,57.0,55.0,46.0,26.0,25.0,29.0,-44.0,59.0,-54.52,12.579999999999998,62.08,-38.269999999999996,39.34,26.4,-0.6499999999999986,-22.82,9.32,23.62,-87.18,63.15
2025-08-13T14:07:44.775166,-55.0,128.0,-113.0,-15.0,30.0,-33.0,95.0,54.0,32.0,46.0,47.0,56.0,-16.520000000000003,64.58,-81.92,-20.27,12.34,-61.6,48.35,5.18,16.32,40.62,3.8200000000000003,60.15
2025-08-13T14:07:44.779302,-5.0,92.0,-111.0,26.0,10.0,-4.0,38.0,35.0,-6.0,43.0,-14.0,52.0,33.48,28.58,-79.92,20.73,-7.66,-32.6,-8.649999999999999,-13.82,-21.68,37.62,-57.18,56.15
2025-08-13T14:07:44.787424,-26.0,102.0,-41.0,44.0,69.0,78.0,38.0,23.0,47.0,22.0,-22.0,23.0,12.479999999999997,38.58,-9.920000000000002,38.730000000000004,51.34,49.4,-8.649999999999999,-25.82,31.32,16.62,-65.18,27.15
2025-08-13T14:07:44.791544,-9.0,65.0,-71.0,23.0,2.0,58.0,21.0,19.0,39.0,65.0,82.0,-9.0,29.479999999999997,1.5799999999999983,-39.92,17.73,-15.66,29.4,-25.65,-29.82,23.32,59.62,38.82,-4.85
2025-08-13T14:07:44.799634,-73.0,-37.0,-105.0,-58.0,-44.0,98.0,41.0,75.0,61.0,21.0,2.0,37.0,-34.52,-100.42,-73.92,-63.269999999999996,-61.66,69.4,-5.649999999999999,26.18,45.32,15.620000000000001,-41.18,41.15
2025-08-13T14:07:44.804028,-46.0,59.0,7.0,61.0,103.0,110.0,4.0,35.0,45.0,-17.0,17.0,65.0,-7.520000000000003,-4.420000000000002,38.08,55.730000000000004,85.34,81.4,-42.65,-13.82,29.32,-22.38,-26.18,69.15
2025-08-13T14:07:44.812017,-72.0,-50.0,6.0,-56.0,45.0,-54.0,39.0,149.0,118.0,43.0,-78.0,39.0,-33.52,-113.42,37.08,-61.269999999999996,27.34,-82.6,-7.649999999999999,100.18,102.32,37.62,-121.18,43.15
2025-08-13T14:07:44.816280,-15.0,63.0,22.0,-22.0,43.0,50.0,85.0,108.0,-35.0,6.0,30.0,88.0,23.479999999999997,-0.4200000000000017,53.08,-27.27,25.34,21.4,38.35,59.18,-50.68,0.6200000000000001,-13.18,92.15
2025-08-13T14:07:44.824826,-47.0,38.0,-142.0,63.0,57.0,29.0,48.0,32.0,-24.0,43.0,-99.0,67.0,-8.520000000000003,-25.42,-110.92,57.730000000000004,39.34,0.3999999999999986,1.3500000000000014,-16.82,-39.68,37.62,-142.18,71.15
2025-08-13T14:07:44.829776,-39.0,70.0,-37.0,-25.0,-41.0,22.0,1.0,51.0,32.0,73.0,-12.0,2.0,-0.5200000000000031,6.579999999999998,-5.920000000000002,-30.27,-58.66,-6.600000000000001,-45.65,2.1799999999999997,16.32,67.62,-55.18,6.15
2025-08-13T14:07:44.836595,26.0,-16.0,-70.0,-22.0,16.0,17.0,92.0,86.0,40.0,44.0,-65.0,52.0,64.47999999999999,-79.42,-38.92,-27.27,-1.6600000000000001,-11.600000000000001,45.35,37.18,24.32,38.62,-108.18,56.15
2025-08-13T14:07:44.840918,-79.0,59.0,7.0,8.0,-11.0,35.0,78.0,60.0,-66.0,31.0,-16.0,21.0,-40.52,-4.420000000000002,38.08,2.7300000000000004,-28.66,6.399999999999999,31.35,11.18,-81.68,25.62,-59.18,25.15
2025-08-13T14:07:44.848782,-46.0,-2.0,21.0,-7.0,77.0,36.0,12.0,93.0,3.0,19.0,74.0,15.0,-7.520000000000003,-65.42,52.08,-12.27,59.34,7.399999999999999,-34.65,44.18,-12.68,13.620000000000001,30.82,19.15
2025-08-13T14:07:44.853126,-15.0,53.0,-31.0,-42.0,67.0,52.0,83.0,76.0,-10.0,24.0,22.0,-11.0,23.479999999999997,-10.420000000000002,0.0799999999999983,-47.269999999999996,49.34,23.4,36.35,27.18,-25.68,18.62,-21.18,-6.85
2025-08-13T14:07:44.861011,-24.0,22.0,19.0,17.0,64.0,-26.0,19.0,60.0,-3.0,36.0,29.0,24.0,14.479999999999997,-41.42,50.08,11.73,46.34,-54.6,-27.65,11.18,-18.68,30.62,-14.18,28.15
2025-08-13T14:07:44.865536,-59.0,122.0,-1.0,23.0,-3.0,39.0,66.0,25.0,-6.0,15.0,-36.0,16.0,-20.520000000000003,58.58,30.08,17.73,-20.66,10.399999999999999,19.35,-23.82,-21.68,9.620000000000001,-79.18,20.15
2025-08-13T14:07:44.873321,-11.0,83.0,-62.0,66.0,9.0,-23.0,53.0,-25.0,19.0,-5.0,10.0,56.0,27.479999999999997,19.58,-30.92,60.730000000000004,-8.66,-51.6,6.350000000000001,-73.82,3.3200000000000003,-10.379999999999999,-33.18,60.15
2025-08-13T14:07:44.877570,-50.0,94.0,-48.0,47.0,10.0,42.0,12.0,89.0,35.0,31.0,61.0,-9.0,-11.520000000000003,30.58,-16.92,41.730000000000004,-7.66,13.399999999999999,-34.65,40.18,19.32,25.62,17.82,-4.85
2025-08-13T14:07:44.885655,-23.0,48.0,-33.0,15.0,-37.0,68.0,42.0,16.0,-12.0,22.0,13.0,38.0,15.479999999999997,-15.420000000000002,-1.9200000000000017,9.73,-54.66,39.4,-4.649999999999999,-32.82,-27.68,16.62,-30.18,42.15
2025-08-13T14:07:44.889976,-8.0,53.0,-42.0,-19.0,42.0,-4.0,36.0,24.0,11.0,95.0,-28.0,0.0,30.479999999999997,-10.420000000000002,-10.920000000000002,-24.27,24.34,-32.6,-10.649999999999999,-24.82,-4.68,89.62,-71.18,4.15
2025-08-13T14:07:44.897810,-39.0,3.0,-28.0,26.0,39.0,54.0,20.0,80.0,36.0,40.0,54.0,94.0,-0.5200000000000031,-60.42,3.0799999999999983,20.73,21.34,25.4,-26.65,31.18,20.32,34.62,10.82,98.15
2025-08-13T14:07:44.902113,-8.0,35.0,-7.0,6.0,24.0,30.0,55.0,29.0,-41.0,43.0,-5.0,50.0,30.479999999999997,-28.42,24.08,0.7300000000000004,6.34,1.3999999999999986,8.350000000000001,-19.82,-56.68,37.62,-48.18,54.15
2025-08-13T14:07:44.910119,-41.0,51.0,-85.0,-9.0,60.0,22.0,69.0,33.0,15.0,79.0,58.0,46.0,-2.520000000000003,-12.420000000000002,-53.92,-14.27,42.34,-6.600000000000001,22.35,-15.82,-0.6799999999999997,73.62,14.82,50.15
2025-08-13T14:07:44.914585,-45.0,41.0,-82.0,-48.0,4.0,16.0,53.0,7.0,-41.0,16.0,37.0,44.0,-6.520000000000003,-22.42,-50.92,-53.269999999999996,-13.66,-12.600000000000001,6.350000000000001,-41.82,-56.68,10.620000000000001,-6.18,48.15
2025-08-13T14:07:44.918520,-72.0,22.0,-26.0,25.0,-14.0,72.0,54.0,16.0,33.0,12.0,43.0,10.0,-33.52,-41.42,5.079999999999998,19.73,-31.66,43.4,7.350000000000001,-32.82,17.32,6.62,-0.17999999999999972,14.15
2025-08-13T14:07:44.926614,-41.0,74.0,42.0,51.0,-7.0,24.0,75.0,30.0,-10.0,49.0,31.0,6.0,-2.520000000000003,10.579999999999998,73.08,45.730000000000004,-24.66,-4.600000000000001,28.35,-18.82,-25.68,43.62,-12.18,10.15
2025-08-13T14:07:44.930842,-38.0,78.0,11.0,-56.0,8.0,11.0,47.0,84.0,-30.0,32.0,16.0,108.0,0.4799999999999969,14.579999999999998,42.08,-61.269999999999996,-9.66,-17.6,0.3500000000000014,35.18,-45.68,26.62,-27.18,112.15
2025-08-13T14:07:44.939106,-34.0,87.0,40.0,-36.0,16.0,-11.0,93.0,-29.0,-25.0,-47.0,-7.0,76.0,4.479999999999997,23.58,71.08,-41.269999999999996,-1.6600000000000001,-39.6,46.35,-77.82,-40.68,-52.38,-50.18,80.15
2025-08-13T14:07:44.943098,-50.0,41.0,-25.0,-18.0,23.0,5.0,42.0,105.0,-10.0,-2.0,53.0,19.0,-11.520000000000003,-22.42,6.079999999999998,-23.27,5.34,-23.6,-4.649999999999999,56.18,-25.68,-7.38,9.82,23.15
2025-08-13T14:07:44.951380,2.0,47.0,-113.0,65.0,38.0,0.0,57.0,62.0,19.0,17.0,49.0,43.0,40.48,-16.42,-81.92,59.730000000000004,20.34,-28.6,10.350000000000001,13.18,3.3200000000000003,11.620000000000001,5.82,47.15
2025-08-13T14:07:44.955365,-46.0,84.0,-58.0,28.0,51.0,29.0,49.0,-31.0,4.0,56.0,-6.0,-3.0,-7.520000000000003,20.58,-26.92,22.73,33.34,0.3999999999999986,2.3500000000000014,-79.82,-11.68,50.62,-49.18,1.1500000000000004
2025-08-13T14:07:44.963519,-7.0,73.0,-41.0,4.0,-7.0,15.0,52.0,22.0,71.0,11.0,65.0,135.0,31.479999999999997,9.579999999999998,-9.920000000000002,-1.2699999999999996,-24.66,-13.600000000000001,5.350000000000001,-26.82,55.32,5.62,21.82,139.15
2025-08-13T14:07:44.967970,-18.0,159.0,-92.0,16.0,30.0,67.0,42.0,-1.0,-28.0,-3.0,-46.0,73.0,20.479999999999997,95.58,-60.92,10.73,12.34,38.4,-4.649999999999999,-49.82,-43.68,-8.379999999999999,-89.18,77.15
2025-08-13T14:07:44.975738,9.0,73.0,-51.0,-43.0,-12.0,44.0,59.0,78.0,-32.0,1.0,-20.0,54.0,47.48,9.579999999999998,-19.92,-48.269999999999996,-29.66,15.399999999999999,12.350000000000001,29.18,-47.68,-4.38,-63.18,58.15
2025-08-13T14:07:44.980050,-11.0,51.0,-64.0,16.0,27.0,-8.0,136.0,5.0,-15.0,-10.0,20.0,92.0,27.479999999999997,-12.420000000000002,-32.92,10.73,9.34,-36.6,89.35,-43.82,-30.68,-15.379999999999999,-23.18,96.15
2025-08-13T14:07:44.988165,-58.0,58.0,-50.0,-15.0,108.0,-2.0,57.0,-12.0,-1.0,7.0,-62.0,-27.0,-19.520000000000003,-5.420000000000002,-18.92,-20.27,90.34,-30.6,10.350000000000001,-60.82,-16.68,1.62,-105.18,-22.85
2025-08-13T14:07:44.992463,-5.0,115.0,-8.0,28.0,65.0,14.0,45.0,60.0,16.0,38.0,67.0,45.0,33.48,51.58,23.08,22.73,47.34,-14.600000000000001,-1.6499999999999986,11.18,0.3200000000000003,32.62,23.82,49.15
2025-08-13T14:07:45.000868,-110.0,-14.0,8.0,9.0,-67.0,37.0,66.0,40.0,22.0,5.0,-15.0,43.0,-71.52000000000001,-77.42,39.08,3.7300000000000004,-84.66,8.399999999999999,19.35,-8.82,6.32,-0.3799999999999999,-58.18,47.15
2025-08-13T14:07:45.004823,-131.0,106.0,-2.0,-4.0,37.0,18.0,32.0,-33.0,46.0,113.0,-36.0,91.0,-92.52000000000001,42.58,29.08,-9.27,19.34,-10.600000000000001,-14.649999999999999,-81.82,30.32,107.62,-79.18,95.15
2025-08-13T14:07:45.013032,-82.0,104.0,-47.0,33.0,32.0,-19.0,49.0,15.0,76.0,42.0,24.0,6.0,-43.52,40.58,-15.920000000000002,27.73,14.34,-47.6,2.3500000000000014,-33.82,60.32,36.62,-19.18,10.15
2025-08-13T14:07:45.017146,-16.0,68.0,-31.0,-23.0,-43.0,9.0,62.0,-22.0,-23.0,0.0,15.0,-23.0,22.479999999999997,4.579999999999998,0.0799999999999983,-28.27,-60.66,-19.6,15.350000000000001,-70.82,-38.68,-5.38,-28.18,-18.85
2025-08-13T14:07:45.024953,-39.0,41.0,-44.0,0.0,53.0,45.0,81.0,40.0,-3.0,47.0,-71.0,31.0,-0.5200000000000031,-22.42,-12.920000000000002,-5.27,35.34,16.4,34.35,-8.82,-18.68,41.62,-114.18,35.15
2025-08-13T14:07:45.029096,-45.0,42.0,30.0,36.0,-24.0,3.0,34.0,37.0,4.0,-2.0,-7.0,37.0,-6.520000000000003,-21.42,61.08,30.73,-41.66,-25.6,-12.649999999999999,-11.82,-11.68,-7.38,-50.18,41.15
2025-08-13T14:07:45.037552,-72.0,-7.0,-68.0,17.0,56.0,-1.0,89.0,2.0,-21.0,29.0,2.0,6.0,-33.52,-70.42,-36.92,11.73,38.34,-29.6,42.35,-46.82,-36.68,23.62,-41.18,10.15
2025-08-13T14:07:45.041552,-48.0,19.0,45.0,22.0,-52.0,5.0,69.0,12.0,-6.0,-12.0,33.0,-41.0,-9.520000000000003,-44.42,76.08,16.73,-69.66,-23.6,22.35,-36.82,-21.68,-17.38,-10.18,-36.85
2025-08-13T14:07:45.049583,-69.0,69.0,4.0,31.0,17.0,46.0,133.0,-9.0,7.0,88.0,80.0,-24.0,-30.520000000000003,5.579999999999998,35.08,25.73,-0.6600000000000001,17.4,86.35,-57.82,-8.68,82.62,36.82,-19.85
