timestamp,x1,y1,z1,x2,y2,z2,x3,y3,z3,x4,y4,z4,x1_calib,y1_calib,z1_calib,x2_calib,y2_calib,z2_calib,x3_calib,y3_calib,z3_calib,x4_calib,y4_calib,z4_calib
2025-08-13T13:45:06.104047,-57.0,44.0,14.0,67.0,50.0,-25.0,-24.0,46.0,-41.0,-30.0,69.0,-8.0,-44.07,27.68,0.13000000000000078,61.6,23.22,-26.86,-5.949999999999999,22.48,-21.81,-11.870000000000001,50.84,27.259999999999998
2025-08-13T13:45:06.107187,33.0,38.0,-3.0,35.0,50.0,-42.0,12.0,28.0,-54.0,15.0,55.0,-43.0,45.93,21.68,-16.869999999999997,29.6,23.22,-43.86,30.05,4.48,-34.81,33.129999999999995,36.84,-7.740000000000002
2025-08-13T13:45:06.115437,-12.0,6.0,-75.0,-45.0,16.0,-21.0,-10.0,28.0,-52.0,-4.0,-11.0,-110.0,0.9299999999999997,-10.32,-88.87,-50.4,-10.780000000000001,-22.86,8.05,4.48,-32.81,14.129999999999999,-29.16,-74.74000000000001
2025-08-13T13:45:06.119530,-24.0,18.0,-56.0,8.0,49.0,-44.0,-9.0,75.0,-3.0,-1.0,6.0,-34.0,-11.07,1.6799999999999997,-69.87,2.5999999999999996,22.22,-45.86,9.05,51.480000000000004,16.19,17.13,-12.16,1.259999999999998
2025-08-13T13:45:06.127629,82.0,-34.0,-29.0,-69.0,51.0,-19.0,-67.0,-27.0,-9.0,-82.0,9.0,-54.0,94.93,-50.32,-42.87,-74.4,24.22,-20.86,-48.95,-50.519999999999996,10.190000000000001,-63.870000000000005,-9.16,-18.740000000000002
2025-08-13T13:45:06.132411,44.0,-17.0,23.0,-1.0,22.0,-33.0,-50.0,47.0,4.0,33.0,-52.0,-41.0,56.93,-33.32,9.13,-6.4,-4.780000000000001,-34.86,-31.95,23.48,23.19,51.129999999999995,-70.16,-5.740000000000002
2025-08-13T13:45:06.139846,16.0,-58.0,52.0,68.0,103.0,31.0,-103.0,5.0,-56.0,-37.0,17.0,-88.0,28.93,-74.32,38.13,62.6,76.22,29.14,-84.95,-18.52,-36.81,-18.87,-1.1600000000000001,-52.74
2025-08-13T13:45:06.144183,-9.0,16.0,2.0,93.0,5.0,-52.0,11.0,41.0,-79.0,-60.0,-26.0,-52.0,3.9299999999999997,-0.3200000000000003,-11.87,87.6,-21.78,-53.86,29.05,17.48,-59.81,-41.870000000000005,-44.16,-16.740000000000002
2025-08-13T13:45:06.152122,-23.0,16.0,34.0,-37.0,2.0,-52.0,-44.0,17.0,13.0,-19.0,37.0,-31.0,-10.07,-0.3200000000000003,20.130000000000003,-42.4,-24.78,-53.86,-25.95,-6.52,32.19,-0.870000000000001,18.84,4.259999999999998
2025-08-13T13:45:06.156363,-13.0,37.0,49.0,8.0,11.0,20.0,32.0,30.0,-24.0,-27.0,34.0,-8.0,-0.07000000000000028,20.68,35.13,2.5999999999999996,-15.780000000000001,18.14,50.05,6.48,-4.809999999999999,-8.870000000000001,15.84,27.259999999999998
2025-08-13T13:45:06.164395,-13.0,44.0,63.0,-48.0,26.0,57.0,7.0,46.0,-49.0,-18.0,124.0,-20.0,-0.07000000000000028,27.68,49.13,-53.4,-0.7800000000000011,55.14,25.05,22.48,-29.81,0.129999999999999,105.84,15.259999999999998
2025-08-13T13:45:06.168868,14.0,1.0,58.0,17.0,3.0,31.0,-36.0,14.0,17.0,19.0,36.0,-47.0,26.93,-15.32,44.13,11.6,-23.78,29.14,-17.95,-9.52,36.19,37.129999999999995,17.84,-11.740000000000002
2025-08-13T13:45:06.176773,5.0,55.0,16.0,19.0,19.0,-62.0,-51.0,77.0,5.0,41.0,37.0,-47.0,17.93,38.68,2.130000000000001,13.6,-7.780000000000001,-63.86,-32.95,53.480000000000004,24.19,59.129999999999995,18.84,-11.740000000000002
2025-08-13T13:45:06.181179,-48.0,71.0,71.0,42.0,120.0,-20.0,-40.0,14.0,13.0,60.0,12.0,-31.0,-35.07,54.68,57.13,36.6,93.22,-21.86,-21.95,-9.52,32.19,78.13,-6.16,4.259999999999998
2025-08-13T13:45:06.189777,-55.0,40.0,-7.0,-1.0,58.0,-53.0,-41.0,15.0,-1.0,-27.0,-62.0,-19.0,-42.07,23.68,-20.869999999999997,-6.4,31.22,-54.86,-22.95,-8.52,18.19,-8.870000000000001,-80.16,16.259999999999998
2025-08-13T13:45:06.194574,3.0,-35.0,-46.0,75.0,-20.0,21.0,-47.0,2.0,-5.0,19.0,17.0,15.0,15.93,-51.32,-59.87,69.6,-46.78,19.14,-28.95,-21.52,14.190000000000001,37.129999999999995,-1.1600000000000001,50.26
2025-08-13T13:45:06.201376,-11.0,49.0,-21.0,-24.0,94.0,3.0,-62.0,48.0,1.0,48.0,14.0,-34.0,1.9299999999999997,32.68,-34.87,-29.4,67.22,1.14,-43.95,24.48,20.19,66.13,-4.16,1.259999999999998
2025-08-13T13:45:06.208723,-3.0,38.0,-69.0,27.0,-25.0,-21.0,-1.0,17.0,-45.0,-13.0,43.0,-5.0,9.93,21.68,-82.87,21.6,-51.78,-22.86,17.05,-6.52,-25.81,5.129999999999999,24.84,30.259999999999998
2025-08-13T13:45:06.218278,-108.0,-34.0,-3.0,9.0,11.0,14.0,31.0,34.0,-27.0,-34.0,19.0,-29.0,-95.07,-50.32,-16.869999999999997,3.5999999999999996,-15.780000000000001,12.14,49.05,10.48,-7.809999999999999,-15.870000000000001,0.8399999999999999,6.259999999999998
2025-08-13T13:45:06.226941,-22.0,-30.0,-35.0,-6.0,-3.0,-9.0,4.0,23.0,-85.0,3.0,57.0,-58.0,-9.07,-46.32,-48.87,-11.4,-29.78,-10.86,22.05,-0.5199999999999996,-65.81,21.13,38.84,-22.740000000000002
2025-08-13T13:45:06.232392,-31.0,22.0,-30.0,43.0,-25.0,22.0,-46.0,8.0,32.0,-41.0,12.0,-9.0,-18.07,5.68,-43.87,37.6,-51.78,20.14,-27.95,-15.52,51.19,-22.87,-6.16,26.259999999999998
2025-08-13T13:45:06.236801,-56.0,-12.0,-18.0,-29.0,-29.0,27.0,-7.0,-42.0,1.0,-53.0,40.0,-15.0,-43.07,-28.32,-31.869999999999997,-34.4,-55.78,25.14,11.05,-65.52,20.19,-34.870000000000005,21.84,20.259999999999998
2025-08-13T13:45:06.240777,5.0,-33.0,47.0,-56.0,-32.0,31.0,-14.0,-33.0,-59.0,-40.0,-4.0,-21.0,17.93,-49.32,33.13,-61.4,-58.78,29.14,4.050000000000001,-56.519999999999996,-39.81,-21.87,-22.16,14.259999999999998
2025-08-13T13:45:06.242979,1.0,62.0,15.0,-20.0,24.0,-77.0,-28.0,3.0,-63.0,7.0,58.0,-42.0,13.93,45.68,1.1300000000000008,-25.4,-2.780000000000001,-78.86,-9.95,-20.52,-43.81,25.13,39.84,-6.740000000000002
2025-08-13T13:45:06.247067,12.0,-73.0,50.0,9.0,-14.0,40.0,-70.0,26.0,-77.0,35.0,20.0,-27.0,24.93,-89.32,36.13,3.5999999999999996,-40.78,38.14,-51.95,2.4800000000000004,-57.81,53.129999999999995,1.8399999999999999,8.259999999999998
2025-08-13T13:45:06.254614,-25.0,-10.0,47.0,-32.0,23.0,20.0,-92.0,7.0,-19.0,-34.0,21.0,-72.0,-12.07,-26.32,33.13,-37.4,-3.780000000000001,18.14,-73.95,-16.52,0.19000000000000128,-15.870000000000001,2.84,-36.74
2025-08-13T13:45:06.258973,123.0,60.0,46.0,46.0,5.0,-23.0,36.0,16.0,-9.0,-12.0,30.0,-48.0,135.93,43.68,32.13,40.6,-21.78,-24.86,54.05,-7.52,10.190000000000001,6.129999999999999,11.84,-12.740000000000002
2025-08-13T13:45:06.267002,32.0,13.0,83.0,55.0,49.0,22.0,-24.0,69.0,-55.0,-44.0,17.0,-36.0,44.93,-3.3200000000000003,69.13,49.6,22.22,20.14,-5.949999999999999,45.480000000000004,-35.81,-25.87,-1.1600000000000001,-0.740000000000002
2025-08-13T13:45:06.271094,-52.0,67.0,67.0,19.0,-38.0,12.0,-17.0,96.0,-52.0,-38.0,-42.0,-69.0,-39.07,50.68,53.13,13.6,-64.78,10.14,1.0500000000000007,72.48,-32.81,-19.87,-60.16,-33.74
2025-08-13T13:45:06.279567,-4.0,16.0,16.0,7.0,-43.0,-34.0,-62.0,40.0,-28.0,-70.0,-14.0,9.0,8.93,-0.3200000000000003,2.130000000000001,1.5999999999999996,-69.78,-35.86,-43.95,16.48,-8.809999999999999,-51.870000000000005,-32.16,44.26
2025-08-13T13:45:06.283510,-64.0,75.0,0.0,49.0,-7.0,-17.0,-30.0,12.0,8.0,12.0,33.0,-29.0,-51.07,58.68,-13.87,43.6,-33.78,-18.86,-11.95,-11.52,27.19,30.13,14.84,6.259999999999998
2025-08-13T13:45:06.291792,-63.0,83.0,30.0,42.0,79.0,28.0,-58.0,80.0,0.0,-11.0,-10.0,23.0,-50.07,66.68,16.130000000000003,36.6,52.22,26.14,-39.95,56.480000000000004,19.19,7.129999999999999,-28.16,58.26
2025-08-13T13:45:06.295920,62.0,9.0,4.0,28.0,20.0,22.0,-43.0,47.0,-45.0,-44.0,-42.0,-31.0,74.93,-7.32,-9.87,22.6,-6.780000000000001,20.14,-24.95,23.48,-25.81,-25.87,-60.16,4.259999999999998
2025-08-13T13:45:06.304180,48.0,17.0,-23.0,76.0,-49.0,-31.0,-63.0,96.0,-25.0,15.0,-13.0,-10.0,60.93,0.6799999999999997,-36.87,70.6,-75.78,-32.86,-44.95,72.48,-5.809999999999999,33.129999999999995,-31.16,25.259999999999998
2025-08-13T13:45:06.307870,37.0,15.0,-30.0,10.0,45.0,-6.0,11.0,22.0,-30.0,-3.0,24.0,-20.0,49.93,-1.3200000000000003,-43.87,4.6,18.22,-7.86,29.05,-1.5199999999999996,-10.809999999999999,15.129999999999999,5.84,15.259999999999998
2025-08-13T13:45:06.316198,36.0,-33.0,-24.0,34.0,57.0,-16.0,-50.0,47.0,-60.0,17.0,-19.0,22.0,48.93,-49.32,-37.87,28.6,30.22,-17.86,-31.95,23.48,-40.81,35.129999999999995,-37.16,57.26
2025-08-13T13:45:06.320608,54.0,67.0,33.0,-18.0,17.0,-33.0,-23.0,7.0,31.0,33.0,-34.0,-27.0,66.93,50.68,19.130000000000003,-23.4,-9.780000000000001,-34.86,-4.949999999999999,-16.52,50.19,51.129999999999995,-52.16,8.259999999999998
2025-08-13T13:45:06.328733,-5.0,-26.0,33.0,25.0,33.0,-18.0,-53.0,-31.0,-68.0,25.0,-50.0,-9.0,7.93,-42.32,19.130000000000003,19.6,6.219999999999999,-19.86,-34.95,-54.519999999999996,-48.81,43.129999999999995,-68.16,26.259999999999998
2025-08-13T13:45:06.332603,-29.0,-10.0,27.0,57.0,32.0,37.0,-48.0,57.0,-16.0,-35.0,18.0,30.0,-16.07,-26.32,13.13,51.6,5.219999999999999,35.14,-29.95,33.480000000000004,3.1900000000000013,-16.87,-0.16000000000000014,65.25999999999999
2025-08-13T13:45:06.342107,90.0,0.0,44.0,-36.0,-46.0,-27.0,-57.0,56.0,-53.0,-26.0,29.0,11.0,102.93,-16.32,30.130000000000003,-41.4,-72.78,-28.86,-38.95,32.480000000000004,-33.81,-7.870000000000001,10.84,46.26
2025-08-13T13:45:06.344783,-4.0,18.0,-17.0,-14.0,-17.0,3.0,-8.0,1.0,8.0,-61.0,71.0,-39.0,8.93,1.6799999999999997,-30.869999999999997,-19.4,-43.78,1.14,10.05,-22.52,27.19,-42.870000000000005,52.84,-3.740000000000002
2025-08-13T13:45:06.352877,-12.0,-42.0,44.0,-5.0,56.0,32.0,-27.0,22.0,-63.0,8.0,46.0,-21.0,0.9299999999999997,-58.32,30.130000000000003,-10.4,29.22,30.14,-8.95,-1.5199999999999996,-43.81,26.13,27.84,14.259999999999998
2025-08-13T13:45:06.357107,-18.0,43.0,28.0,32.0,13.0,-33.0,-55.0,8.0,-29.0,2.0,83.0,11.0,-5.07,26.68,14.13,26.6,-13.780000000000001,-34.86,-36.95,-15.52,-9.809999999999999,20.13,64.84,46.26
2025-08-13T13:45:06.365327,-59.0,-16.0,23.0,-17.0,63.0,2.0,-10.0,56.0,-42.0,-53.0,48.0,-39.0,-46.07,-32.32,9.13,-22.4,36.22,0.1399999999999999,8.05,32.480000000000004,-22.81,-34.870000000000005,29.84,-3.740000000000002
2025-08-13T13:45:06.369379,-65.0,10.0,-23.0,33.0,27.0,4.0,19.0,48.0,-23.0,-43.0,-46.0,-80.0,-52.07,-6.32,-36.87,27.6,0.21999999999999886,2.1399999999999997,37.05,24.48,-3.8099999999999987,-24.87,-64.16,-44.74
2025-08-13T13:45:06.377421,59.0,64.0,1.0,-5.0,29.0,10.0,16.0,27.0,-103.0,-17.0,26.0,-13.0,71.93,47.68,-12.87,-10.4,2.219999999999999,8.14,34.05,3.4800000000000004,-83.81,1.129999999999999,7.84,22.259999999999998
2025-08-13T13:45:06.381908,20.0,65.0,-36.0,-36.0,39.0,-36.0,-13.0,52.0,-25.0,-33.0,-51.0,-78.0,32.93,48.68,-49.87,-41.4,12.219999999999999,-37.86,5.050000000000001,28.48,-5.809999999999999,-14.870000000000001,-69.16,-42.74
2025-08-13T13:45:06.389716,1.0,-22.0,-7.0,21.0,-4.0,18.0,36.0,22.0,-3.0,-43.0,-20.0,-32.0,13.93,-38.32,-20.869999999999997,15.6,-30.78,16.14,54.05,-1.5199999999999996,16.19,-24.87,-38.16,3.259999999999998
2025-08-13T13:45:06.394091,65.0,-50.0,35.0,50.0,24.0,-62.0,-35.0,-19.0,-8.0,-47.0,76.0,-43.0,77.93,-66.32,21.130000000000003,44.6,-2.780000000000001,-63.86,-16.95,-42.519999999999996,11.190000000000001,-28.87,57.84,-7.740000000000002
2025-08-13T13:45:06.402270,39.0,-14.0,40.0,-72.0,84.0,-77.0,36.0,1.0,-21.0,-44.0,-54.0,33.0,51.93,-30.32,26.130000000000003,-77.4,57.22,-78.86,54.05,-22.52,-1.8099999999999987,-25.87,-72.16,68.25999999999999
2025-08-13T13:45:06.406823,18.0,-7.0,15.0,39.0,9.0,-57.0,-17.0,-20.0,-30.0,-58.0,23.0,-11.0,30.93,-23.32,1.1300000000000008,33.6,-17.78,-58.86,1.0500000000000007,-43.519999999999996,-10.809999999999999,-39.870000000000005,4.84,24.259999999999998
2025-08-13T13:45:06.415139,-2.0,35.0,-34.0,32.0,-2.0,-23.0,-15.0,0.0,-6.0,-52.0,-2.0,-55.0,10.93,18.68,-47.87,26.6,-28.78,-24.86,3.0500000000000007,-23.52,13.190000000000001,-33.870000000000005,-20.16,-19.740000000000002
2025-08-13T13:45:06.419655,20.0,-41.0,33.0,40.0,44.0,8.0,-33.0,43.0,-23.0,-71.0,16.0,-21.0,32.93,-57.32,19.130000000000003,34.6,17.22,6.14,-14.95,19.48,-3.8099999999999987,-52.870000000000005,-2.16,14.259999999999998
2025-08-13T13:45:06.427246,31.0,14.0,-4.0,71.0,53.0,-8.0,-23.0,7.0,-51.0,-44.0,-10.0,-44.0,43.93,-2.3200000000000003,-17.869999999999997,65.6,26.22,-9.86,-4.949999999999999,-16.52,-31.81,-25.87,-28.16,-8.740000000000002
2025-08-13T13:45:06.432282,-111.0,-26.0,20.0,-48.0,2.0,-31.0,-70.0,37.0,-36.0,13.0,-23.0,17.0,-98.07,-42.32,6.130000000000001,-53.4,-24.78,-32.86,-51.95,13.48,-16.81,31.13,-41.16,52.26
2025-08-13T13:45:06.439009,-45.0,22.0,38.0,27.0,46.0,7.0,5.0,16.0,-37.0,-87.0,66.0,-22.0,-32.07,5.68,24.130000000000003,21.6,19.22,5.14,23.05,-7.52,-17.81,-68.87,47.84,13.259999999999998
2025-08-13T13:45:06.444402,-32.0,-4.0,50.0,45.0,10.0,43.0,16.0,-55.0,-52.0,-10.0,48.0,-22.0,-19.07,-20.32,36.13,39.6,-16.78,41.14,34.05,-78.52,-32.81,8.129999999999999,29.84,13.259999999999998
2025-08-13T13:45:06.451217,-75.0,43.0,41.0,15.0,17.0,73.0,-31.0,89.0,17.0,-2.0,6.0,-1.0,-62.07,26.68,27.130000000000003,9.6,-9.780000000000001,71.14,-12.95,65.48,36.19,16.13,-12.16,34.26
2025-08-13T13:45:06.456407,-22.0,51.0,-29.0,25.0,10.0,-51.0,-31.0,20.0,1.0,-2.0,-9.0,38.0,-9.07,34.68,-42.87,19.6,-16.78,-52.86,-12.95,-3.5199999999999996,20.19,16.13,-27.16,73.25999999999999
2025-08-13T13:45:06.460396,-13.0,3.0,9.0,3.0,-4.0,27.0,55.0,54.0,7.0,-8.0,81.0,-32.0,-0.07000000000000028,-13.32,-4.869999999999999,-2.4000000000000004,-30.78,25.14,73.05,30.48,26.19,10.129999999999999,62.84,3.259999999999998
2025-08-13T13:45:06.468515,-51.0,22.0,-7.0,18.0,82.0,-3.0,29.0,68.0,20.0,-45.0,50.0,-67.0,-38.07,5.68,-20.869999999999997,12.6,55.22,-4.86,47.05,44.480000000000004,39.19,-26.87,31.84,-31.740000000000002
2025-08-13T13:45:06.474084,-45.0,48.0,26.0,27.0,37.0,18.0,-61.0,2.0,-3.0,-49.0,-38.0,-19.0,-32.07,31.68,12.13,21.6,10.219999999999999,16.14,-42.95,-21.52,16.19,-30.87,-56.16,16.259999999999998
2025-08-13T13:45:06.481549,-8.0,55.0,-3.0,1.0,23.0,-65.0,-65.0,36.0,-4.0,-11.0,14.0,-22.0,4.93,38.68,-16.869999999999997,-4.4,-3.780000000000001,-66.86,-46.95,12.48,15.190000000000001,7.129999999999999,-4.16,13.259999999999998
2025-08-13T13:45:06.486222,-82.0,-2.0,23.0,48.0,7.0,-10.0,29.0,-6.0,31.0,-1.0,-37.0,2.0,-69.07,-18.32,9.13,42.6,-19.78,-11.86,47.05,-29.52,50.19,17.13,-55.16,37.26
2025-08-13T13:45:06.493769,-56.0,38.0,18.0,8.0,18.0,-50.0,-46.0,23.0,-44.0,18.0,15.0,-61.0,-43.07,21.68,4.130000000000001,2.5999999999999996,-8.780000000000001,-51.86,-27.95,-0.5199999999999996,-24.81,36.129999999999995,-3.16,-25.740000000000002
2025-08-13T13:45:06.498838,15.0,7.0,22.0,27.0,-12.0,-49.0,-52.0,6.0,-5.0,-33.0,7.0,-59.0,27.93,-9.32,8.13,21.6,-38.78,-50.86,-33.95,-17.52,14.190000000000001,-14.870000000000001,-11.16,-23.740000000000002
2025-08-13T13:45:06.505481,-47.0,20.0,-15.0,54.0,99.0,-7.0,-62.0,32.0,0.0,-9.0,7.0,-74.0,-34.07,3.6799999999999997,-28.869999999999997,48.6,72.22,-8.86,-43.95,8.48,19.19,9.129999999999999,-11.16,-38.74
2025-08-13T13:45:06.510980,8.0,48.0,-25.0,16.0,-45.0,-22.0,-4.0,-5.0,-36.0,50.0,19.0,-51.0,20.93,31.68,-38.87,10.6,-71.78,-23.86,14.05,-28.52,-16.81,68.13,0.8399999999999999,-15.740000000000002
2025-08-13T13:45:06.517116,-37.0,-5.0,42.0,53.0,10.0,12.0,-17.0,-47.0,20.0,26.0,34.0,-40.0,-24.07,-21.32,28.130000000000003,47.6,-16.78,10.14,1.0500000000000007,-70.52,39.19,44.129999999999995,15.84,-4.740000000000002
2025-08-13T13:45:06.521260,53.0,27.0,-16.0,-18.0,69.0,-15.0,-52.0,149.0,-11.0,9.0,-15.0,-74.0,65.93,10.68,-29.869999999999997,-23.4,42.22,-16.86,-33.95,125.48,8.190000000000001,27.13,-33.16,-38.74
2025-08-13T13:45:06.529326,8.0,-50.0,52.0,3.0,24.0,-27.0,-75.0,97.0,-10.0,-6.0,43.0,1.0,20.93,-66.32,38.13,-2.4000000000000004,-2.780000000000001,-28.86,-56.95,73.48,9.190000000000001,12.129999999999999,24.84,36.26
2025-08-13T13:45:06.533543,12.0,-11.0,-36.0,-37.0,45.0,56.0,2.0,49.0,-18.0,-24.0,44.0,-30.0,24.93,-27.32,-49.87,-42.4,18.22,54.14,20.05,25.48,1.1900000000000013,-5.870000000000001,25.84,5.259999999999998
2025-08-13T13:45:06.541755,40.0,-9.0,-24.0,14.0,20.0,16.0,-5.0,-19.0,-83.0,-68.0,22.0,-42.0,52.93,-25.32,-37.87,8.6,-6.780000000000001,14.14,13.05,-42.519999999999996,-63.81,-49.870000000000005,3.84,-6.740000000000002
2025-08-13T13:45:06.545769,-5.0,4.0,21.0,-5.0,58.0,-5.0,-25.0,46.0,-42.0,21.0,19.0,12.0,7.93,-12.32,7.130000000000001,-10.4,31.22,-6.86,-6.949999999999999,22.48,-22.81,39.129999999999995,0.8399999999999999,47.26
2025-08-13T13:45:06.553887,38.0,-19.0,-41.0,8.0,6.0,21.0,42.0,19.0,-37.0,-73.0,23.0,-37.0,50.93,-35.32,-54.87,2.5999999999999996,-20.78,19.14,60.05,-4.52,-17.81,-54.870000000000005,4.84,-1.740000000000002
2025-08-13T13:45:06.557960,-5.0,12.0,56.0,-46.0,36.0,17.0,-10.0,-17.0,-42.0,-35.0,38.0,38.0,7.93,-4.32,42.13,-51.4,9.219999999999999,15.14,8.05,-40.519999999999996,-22.81,-16.87,19.84,73.25999999999999
2025-08-13T13:45:06.566166,22.0,-6.0,84.0,-6.0,21.0,-31.0,-52.0,-24.0,-68.0,-80.0,-51.0,-11.0,34.93,-22.32,70.13,-11.4,-5.780000000000001,-32.86,-33.95,-47.519999999999996,-48.81,-61.870000000000005,-69.16,24.259999999999998
2025-08-13T13:45:06.570338,-38.0,-21.0,20.0,41.0,-58.0,41.0,-97.0,10.0,-32.0,-43.0,2.0,-38.0,-25.07,-37.32,6.130000000000001,35.6,-84.78,39.14,-78.95,-13.52,-12.809999999999999,-24.87,-16.16,-2.740000000000002
2025-08-13T13:45:06.578434,-14.0,3.0,-26.0,30.0,20.0,36.0,-54.0,67.0,-44.0,-27.0,14.0,-6.0,-1.0700000000000003,-13.32,-39.87,24.6,-6.780000000000001,34.14,-35.95,43.480000000000004,-24.81,-8.870000000000001,-4.16,29.259999999999998
2025-08-13T13:45:06.582402,-31.0,6.0,58.0,28.0,44.0,5.0,12.0,8.0,-51.0,9.0,26.0,-76.0,-18.07,-10.32,44.13,22.6,17.22,3.1399999999999997,30.05,-15.52,-31.81,27.13,7.84,-40.74
2025-08-13T13:45:06.590509,-50.0,19.0,38.0,-17.0,15.0,30.0,-49.0,58.0,-54.0,-55.0,-49.0,19.0,-37.07,2.6799999999999997,24.130000000000003,-22.4,-11.780000000000001,28.14,-30.95,34.480000000000004,-34.81,-36.870000000000005,-67.16,54.26
2025-08-13T13:45:06.594869,16.0,59.0,13.0,6.0,-34.0,11.0,-35.0,11.0,-16.0,-20.0,-50.0,12.0,28.93,42.68,-0.8699999999999992,0.5999999999999996,-60.78,9.14,-16.95,-12.52,3.1900000000000013,-1.870000000000001,-68.16,47.26
2025-08-13T13:45:06.602618,56.0,48.0,3.0,-27.0,76.0,5.0,-80.0,40.0,-7.0,2.0,-43.0,-52.0,68.93,31.68,-10.87,-32.4,49.22,3.1399999999999997,-61.95,16.48,12.190000000000001,20.13,-61.16,-16.740000000000002
2025-08-13T13:45:06.607198,-16.0,7.0,-6.0,50.0,46.0,-5.0,-28.0,-21.0,-47.0,-43.0,19.0,-16.0,-3.0700000000000003,-9.32,-19.869999999999997,44.6,19.22,-6.86,-9.95,-44.519999999999996,-27.81,-24.87,0.8399999999999999,19.259999999999998
2025-08-13T13:45:06.615207,37.0,75.0,23.0,-62.0,27.0,-12.0,-36.0,-30.0,-55.0,-1.0,-38.0,-71.0,49.93,58.68,9.13,-67.4,0.21999999999999886,-13.86,-17.95,-53.519999999999996,-35.81,17.13,-56.16,-35.74
2025-08-13T13:45:06.619383,-9.0,3.0,-1.0,-35.0,60.0,6.0,23.0,12.0,5.0,-88.0,-76.0,-42.0,3.9299999999999997,-13.32,-14.87,-40.4,33.22,4.14,41.05,-11.52,24.19,-69.87,-94.16,-6.740000000000002
2025-08-13T13:45:06.627156,32.0,41.0,8.0,-19.0,4.0,-49.0,-10.0,-6.0,-26.0,-12.0,17.0,-25.0,44.93,24.68,-5.869999999999999,-24.4,-22.78,-50.86,8.05,-29.52,-6.809999999999999,6.129999999999999,-1.1600000000000001,10.259999999999998
2025-08-13T13:45:06.632098,-70.0,56.0,23.0,55.0,33.0,13.0,-16.0,56.0,-25.0,-22.0,27.0,-32.0,-57.07,39.68,9.13,49.6,6.219999999999999,11.14,2.0500000000000007,32.480000000000004,-5.809999999999999,-3.870000000000001,8.84,3.259999999999998
2025-08-13T13:45:06.639573,150.0,-37.0,-11.0,-32.0,24.0,-57.0,-52.0,-20.0,22.0,-44.0,67.0,-67.0,162.93,-53.32,-24.869999999999997,-37.4,-2.780000000000001,-58.86,-33.95,-43.519999999999996,41.19,-25.87,48.84,-31.740000000000002
2025-08-13T13:45:06.644915,15.0,4.0,6.0,-7.0,40.0,-3.0,-5.0,26.0,55.0,9.0,119.0,-42.0,27.93,-12.32,-7.869999999999999,-12.4,13.219999999999999,-4.86,13.05,2.4800000000000004,74.19,27.13,100.84,-6.740000000000002
2025-08-13T13:45:06.649765,-40.0,-4.0,-28.0,3.0,9.0,1.0,-49.0,63.0,2.0,-28.0,28.0,-45.0,-27.07,-20.32,-41.87,-2.4000000000000004,-17.78,-0.8600000000000001,-30.95,39.480000000000004,21.19,-9.870000000000001,9.84,-9.740000000000002
2025-08-13T13:45:06.656161,27.0,-69.0,63.0,10.0,56.0,-44.0,-22.0,18.0,17.0,38.0,18.0,-36.0,39.93,-85.32,49.13,4.6,29.22,-45.86,-3.9499999999999993,-5.52,36.19,56.129999999999995,-0.16000000000000014,-0.740000000000002
2025-08-13T13:45:06.661453,19.0,-16.0,52.0,-24.0,22.0,21.0,1.0,91.0,-17.0,-48.0,-26.0,-46.0,31.93,-32.32,38.13,-29.4,-4.780000000000001,19.14,19.05,67.48,2.1900000000000013,-29.87,-44.16,-10.740000000000002
2025-08-13T13:45:06.668282,-51.0,8.0,19.0,32.0,-4.0,50.0,31.0,61.0,-8.0,0.0,34.0,-50.0,-38.07,-8.32,5.130000000000001,26.6,-30.78,48.14,49.05,37.480000000000004,11.190000000000001,18.13,15.84,-14.740000000000002
2025-08-13T13:45:06.673098,-21.0,16.0,-1.0,19.0,-5.0,-12.0,-27.0,14.0,-42.0,-57.0,-56.0,-27.0,-8.07,-0.3200000000000003,-14.87,13.6,-31.78,-13.86,-8.95,-9.52,-22.81,-38.870000000000005,-74.16,8.259999999999998
2025-08-13T13:45:06.680643,-76.0,-21.0,19.0,63.0,102.0,-58.0,68.0,32.0,-65.0,-87.0,-1.0,1.0,-63.07,-37.32,5.130000000000001,57.6,75.22,-59.86,86.05,8.48,-45.81,-68.87,-19.16,36.26
2025-08-13T13:45:06.685344,-53.0,-14.0,20.0,-43.0,16.0,-18.0,-72.0,31.0,-29.0,-20.0,-7.0,-2.0,-40.07,-30.32,6.130000000000001,-48.4,-10.780000000000001,-19.86,-53.95,7.48,-9.809999999999999,-1.870000000000001,-25.16,33.26
2025-08-13T13:45:06.692985,-70.0,46.0,76.0,-6.0,46.0,24.0,-69.0,8.0,-32.0,10.0,-21.0,-13.0,-57.07,29.68,62.13,-11.4,19.22,22.14,-50.95,-15.52,-12.809999999999999,28.13,-39.16,22.259999999999998
2025-08-13T13:45:06.697261,-46.0,39.0,-21.0,-21.0,30.0,33.0,-57.0,61.0,16.0,-61.0,-10.0,-40.0,-33.07,22.68,-34.87,-26.4,3.219999999999999,31.14,-38.95,37.480000000000004,35.19,-42.870000000000005,-28.16,-4.740000000000002
2025-08-13T13:45:06.705187,55.0,21.0,21.0,28.0,36.0,20.0,-47.0,97.0,5.0,8.0,51.0,-93.0,67.93,4.68,7.130000000000001,22.6,9.219999999999999,18.14,-28.95,73.48,24.19,26.13,32.84,-57.74
2025-08-13T13:45:06.709591,-30.0,66.0,-28.0,41.0,73.0,-56.0,-75.0,69.0,5.0,-72.0,32.0,-44.0,-17.07,49.68,-41.87,35.6,46.22,-57.86,-56.95,45.480000000000004,24.19,-53.870000000000005,13.84,-8.740000000000002
2025-08-13T13:45:06.717514,25.0,65.0,-15.0,29.0,-75.0,4.0,-44.0,53.0,-12.0,-2.0,-2.0,-34.0,37.93,48.68,-28.869999999999997,23.6,-101.78,2.1399999999999997,-25.95,29.48,7.190000000000001,16.13,-20.16,1.259999999999998
2025-08-13T13:45:06.721771,-44.0,19.0,-33.0,47.0,35.0,-72.0,37.0,55.0,44.0,39.0,20.0,-105.0,-31.07,2.6799999999999997,-46.87,41.6,8.219999999999999,-73.86,55.05,31.48,63.19,57.129999999999995,1.8399999999999999,-69.74000000000001
2025-08-13T13:45:06.729775,-17.0,-35.0,6.0,11.0,17.0,-13.0,-18.0,66.0,-77.0,-59.0,-27.0,-26.0,-4.07,-51.32,-7.869999999999999,5.6,-9.780000000000001,-14.86,0.05000000000000071,42.480000000000004,-57.81,-40.870000000000005,-45.16,9.259999999999998
2025-08-13T13:45:06.734008,5.0,112.0,-26.0,20.0,-12.0,-51.0,6.0,111.0,-16.0,-13.0,-45.0,4.0,17.93,95.68,-39.87,14.6,-38.78,-52.86,24.05,87.48,3.1900000000000013,5.129999999999999,-63.16,39.26
2025-08-13T13:45:06.742113,25.0,-7.0,-25.0,9.0,73.0,24.0,-27.0,-67.0,2.0,-59.0,16.0,-61.0,37.93,-23.32,-38.87,3.5999999999999996,46.22,22.14,-8.95,-90.52,21.19,-40.870000000000005,-2.16,-25.740000000000002
2025-08-13T13:45:06.746602,34.0,68.0,46.0,-22.0,26.0,-55.0,-2.0,-43.0,-34.0,-6.0,1.0,-29.0,46.93,51.68,32.13,-27.4,-0.7800000000000011,-56.86,16.05,-66.52,-14.809999999999999,12.129999999999999,-17.16,6.259999999999998
2025-08-13T13:45:06.754569,91.0,10.0,12.0,13.0,32.0,-26.0,15.0,51.0,-31.0,-43.0,55.0,-18.0,103.93,-6.32,-1.8699999999999992,7.6,5.219999999999999,-27.86,33.05,27.48,-11.809999999999999,-24.87,36.84,17.259999999999998
2025-08-13T13:45:06.758939,-38.0,-13.0,36.0,38.0,1.0,-24.0,19.0,27.0,-70.0,-43.0,-12.0,-47.0,-25.07,-29.32,22.130000000000003,32.6,-25.78,-25.86,37.05,3.4800000000000004,-50.81,-24.87,-30.16,-11.740000000000002
2025-08-13T13:45:06.767605,-39.0,0.0,40.0,21.0,-31.0,11.0,-87.0,-22.0,40.0,-126.0,20.0,-37.0,-26.07,-16.32,26.130000000000003,15.6,-57.78,9.14,-68.95,-45.519999999999996,59.19,-107.87,1.8399999999999999,-1.740000000000002
2025-08-13T13:45:06.771376,-94.0,-6.0,20.0,-26.0,30.0,21.0,-95.0,49.0,-5.0,-32.0,-3.0,-99.0,-81.07,-22.32,6.130000000000001,-31.4,3.219999999999999,19.14,-76.95,25.48,14.190000000000001,-13.870000000000001,-21.16,-63.74
2025-08-13T13:45:06.779929,-51.0,2.0,57.0,-29.0,11.0,-27.0,-16.0,-16.0,-27.0,-18.0,30.0,-85.0,-38.07,-14.32,43.13,-34.4,-15.780000000000001,-28.86,2.0500000000000007,-39.519999999999996,-7.809999999999999,0.129999999999999,11.84,-49.74
2025-08-13T13:45:06.783831,-127.0,4.0,69.0,20.0,27.0,32.0,-41.0,42.0,-36.0,57.0,58.0,-115.0,-114.07,-12.32,55.13,14.6,0.21999999999999886,30.14,-22.95,18.48,-16.81,75.13,39.84,-79.74000000000001
2025-08-13T13:45:06.792040,-29.0,61.0,12.0,2.0,102.0,-31.0,-21.0,59.0,-58.0,-16.0,-9.0,-42.0,-16.07,44.68,-1.8699999999999992,-3.4000000000000004,75.22,-32.86,-2.9499999999999993,35.480000000000004,-38.81,2.129999999999999,-27.16,-6.740000000000002
2025-08-13T13:45:06.795969,32.0,-2.0,-87.0,-8.0,70.0,-13.0,-3.0,74.0,-55.0,-11.0,15.0,-46.0,44.93,-18.32,-100.87,-13.4,43.22,-14.86,15.05,50.480000000000004,-35.81,7.129999999999999,-3.16,-10.740000000000002
2025-08-13T13:45:06.804257,-15.0,77.0,-17.0,58.0,38.0,5.0,-38.0,97.0,-28.0,-61.0,32.0,-33.0,-2.0700000000000003,60.68,-30.869999999999997,52.6,11.219999999999999,3.1399999999999997,-19.95,73.48,-8.809999999999999,-42.870000000000005,13.84,2.259999999999998
2025-08-13T13:45:06.813478,4.0,-3.0,-25.0,48.0,19.0,-35.0,-17.0,79.0,-62.0,-44.0,1.0,-24.0,16.93,-19.32,-38.87,42.6,-7.780000000000001,-36.86,1.0500000000000007,55.480000000000004,-42.81,-25.87,-17.16,11.259999999999998
2025-08-13T13:45:06.822082,50.0,-22.0,60.0,30.0,15.0,-61.0,9.0,92.0,-87.0,-31.0,-14.0,-46.0,62.93,-38.32,46.13,24.6,-11.780000000000001,-62.86,27.05,68.48,-67.81,-12.870000000000001,-32.16,-10.740000000000002
2025-08-13T13:45:06.826558,46.0,12.0,-39.0,-7.0,6.0,18.0,-25.0,-17.0,-6.0,-39.0,-5.0,-68.0,58.93,-4.32,-52.87,-12.4,-20.78,16.14,-6.949999999999999,-40.519999999999996,13.190000000000001,-20.87,-23.16,-32.74
2025-08-13T13:45:06.829344,-57.0,28.0,-91.0,-6.0,5.0,-79.0,3.0,31.0,-67.0,-48.0,10.0,-30.0,-44.07,11.68,-104.87,-11.4,-21.78,-80.86,21.05,7.48,-47.81,-29.87,-8.16,5.259999999999998
2025-08-13T13:45:06.832222,-32.0,27.0,25.0,-16.0,46.0,-35.0,0.0,-5.0,-35.0,20.0,4.0,-61.0,-19.07,10.68,11.13,-21.4,19.22,-36.86,18.05,-28.52,-15.809999999999999,38.129999999999995,-14.16,-25.740000000000002
2025-08-13T13:45:06.840174,-50.0,28.0,-9.0,39.0,10.0,-27.0,5.0,-30.0,13.0,-25.0,-38.0,-32.0,-37.07,11.68,-22.869999999999997,33.6,-16.78,-28.86,23.05,-53.519999999999996,32.19,-6.870000000000001,-56.16,3.259999999999998
2025-08-13T13:45:06.844538,-49.0,59.0,-17.0,-22.0,-1.0,32.0,-11.0,31.0,9.0,-30.0,-35.0,-24.0,-36.07,42.68,-30.869999999999997,-27.4,-27.78,30.14,7.050000000000001,7.48,28.19,-11.870000000000001,-53.16,11.259999999999998
2025-08-13T13:45:06.848861,-47.0,-11.0,-95.0,42.0,15.0,5.0,-59.0,63.0,-1.0,-30.0,27.0,-90.0,-34.07,-27.32,-108.87,36.6,-11.780000000000001,3.1399999999999997,-40.95,39.480000000000004,18.19,-11.870000000000001,8.84,-54.74
2025-08-13T13:45:06.856727,42.0,-28.0,-67.0,-23.0,11.0,6.0,-23.0,52.0,-68.0,-86.0,25.0,-72.0,54.93,-44.32,-80.87,-28.4,-15.780000000000001,4.14,-4.949999999999999,28.48,-48.81,-67.87,6.84,-36.74
2025-08-13T13:45:06.860942,1.0,-7.0,55.0,12.0,24.0,30.0,-62.0,26.0,-23.0,-24.0,19.0,-42.0,13.93,-23.32,41.13,6.6,-2.780000000000001,28.14,-43.95,2.4800000000000004,-3.8099999999999987,-5.870000000000001,0.8399999999999999,-6.740000000000002
2025-08-13T13:45:06.869061,15.0,-20.0,75.0,-10.0,66.0,-25.0,-57.0,37.0,-68.0,16.0,49.0,0.0,27.93,-36.32,61.13,-15.4,39.22,-26.86,-38.95,13.48,-48.81,34.129999999999995,30.84,35.26
2025-08-13T13:45:06.873549,-13.0,-2.0,6.0,69.0,-119.0,15.0,-21.0,27.0,-37.0,-47.0,22.0,-37.0,-0.07000000000000028,-18.32,-7.869999999999999,63.6,-145.78,13.14,-2.9499999999999993,3.4800000000000004,-17.81,-28.87,3.84,-1.740000000000002
2025-08-13T13:45:06.881331,-11.0,53.0,45.0,3.0,68.0,27.0,23.0,4.0,-50.0,13.0,44.0,-60.0,1.9299999999999997,36.68,31.130000000000003,-2.4000000000000004,41.22,25.14,41.05,-19.52,-30.81,31.13,25.84,-24.740000000000002
2025-08-13T13:45:06.886217,19.0,4.0,55.0,16.0,15.0,-16.0,19.0,-45.0,24.0,-18.0,0.0,-30.0,31.93,-12.32,41.13,10.6,-11.780000000000001,-17.86,37.05,-68.52,43.19,0.129999999999999,-18.16,5.259999999999998
2025-08-13T13:45:06.893532,33.0,-16.0,9.0,10.0,33.0,-56.0,-4.0,36.0,-1.0,53.0,-15.0,-47.0,45.93,-32.32,-4.869999999999999,4.6,6.219999999999999,-57.86,14.05,12.48,18.19,71.13,-33.16,-11.740000000000002
2025-08-13T13:45:06.897680,1.0,23.0,32.0,12.0,80.0,23.0,-13.0,64.0,24.0,-25.0,-40.0,-43.0,13.93,6.68,18.130000000000003,6.6,53.22,21.14,5.050000000000001,40.480000000000004,43.19,-6.870000000000001,-58.16,-7.740000000000002
2025-08-13T13:45:06.905835,4.0,81.0,78.0,-55.0,52.0,-24.0,-3.0,-27.0,-16.0,-69.0,-2.0,-34.0,16.93,64.68,64.13,-60.4,25.22,-25.86,15.05,-50.519999999999996,3.1900000000000013,-50.870000000000005,-20.16,1.259999999999998
2025-08-13T13:45:06.909981,-51.0,-46.0,7.0,4.0,59.0,0.0,-96.0,14.0,13.0,59.0,29.0,-24.0,-38.07,-62.32,-6.869999999999999,-1.4000000000000004,32.22,-1.86,-77.95,-9.52,32.19,77.13,10.84,11.259999999999998
2025-08-13T13:45:06.918128,-40.0,-34.0,48.0,-75.0,66.0,-17.0,-4.0,10.0,-23.0,-74.0,-32.0,-26.0,-27.07,-50.32,34.13,-80.4,39.22,-18.86,14.05,-13.52,-3.8099999999999987,-55.870000000000005,-50.16,9.259999999999998
2025-08-13T13:45:06.922572,-40.0,50.0,-15.0,27.0,5.0,9.0,-37.0,-3.0,-77.0,-48.0,-9.0,-61.0,-27.07,33.68,-28.869999999999997,21.6,-21.78,7.14,-18.95,-26.52,-57.81,-29.87,-27.16,-25.740000000000002
2025-08-13T13:45:06.930290,49.0,8.0,61.0,1.0,-8.0,-21.0,35.0,45.0,-11.0,-53.0,34.0,10.0,61.93,-8.32,47.13,-4.4,-34.78,-22.86,53.05,21.48,8.190000000000001,-34.870000000000005,15.84,45.26
2025-08-13T13:45:06.934666,73.0,14.0,26.0,-5.0,-8.0,-21.0,-63.0,88.0,3.0,-30.0,12.0,-31.0,85.93,-2.3200000000000003,12.13,-10.4,-34.78,-22.86,-44.95,64.48,22.19,-11.870000000000001,-6.16,4.259999999999998
2025-08-13T13:45:06.942614,-87.0,-1.0,11.0,59.0,67.0,-18.0,-71.0,44.0,-28.0,-5.0,71.0,-15.0,-74.07,-17.32,-2.869999999999999,53.6,40.22,-19.86,-52.95,20.48,-8.809999999999999,13.129999999999999,52.84,20.259999999999998
2025-08-13T13:45:06.946956,-14.0,70.0,20.0,-15.0,41.0,3.0,-41.0,71.0,-39.0,-22.0,-10.0,-64.0,-1.0700000000000003,53.68,6.130000000000001,-20.4,14.219999999999999,1.14,-22.95,47.480000000000004,-19.81,-3.870000000000001,-28.16,-28.740000000000002
2025-08-13T13:45:06.955051,-53.0,89.0,58.0,29.0,62.0,-5.0,-5.0,65.0,-38.0,-45.0,29.0,-31.0,-40.07,72.68,44.13,23.6,35.22,-6.86,13.05,41.480000000000004,-18.81,-26.87,10.84,4.259999999999998
2025-08-13T13:45:06.959154,-73.0,13.0,57.0,-1.0,35.0,17.0,-31.0,-4.0,-52.0,-37.0,24.0,-58.0,-60.07,-3.3200000000000003,43.13,-6.4,8.219999999999999,15.14,-12.95,-27.52,-32.81,-18.87,5.84,-22.740000000000002
2025-08-13T13:45:06.967264,-56.0,77.0,109.0,31.0,9.0,-28.0,39.0,74.0,-16.0,-32.0,47.0,-68.0,-43.07,60.68,95.13,25.6,-17.78,-29.86,57.05,50.480000000000004,3.1900000000000013,-13.870000000000001,28.84,-32.74
2025-08-13T13:45:06.971771,-8.0,-34.0,-60.0,22.0,4.0,-7.0,-59.0,36.0,59.0,-3.0,-12.0,-100.0,4.93,-50.32,-73.87,16.6,-22.78,-8.86,-40.95,12.48,78.19,15.129999999999999,-30.16,-64.74000000000001
2025-08-13T13:45:06.979522,2.0,50.0,-15.0,27.0,1.0,5.0,-18.0,10.0,-22.0,25.0,3.0,-85.0,14.93,33.68,-28.869999999999997,21.6,-25.78,3.1399999999999997,0.05000000000000071,-13.52,-2.8099999999999987,43.129999999999995,-15.16,-49.74
2025-08-13T13:45:06.984021,-70.0,40.0,-41.0,-6.0,-7.0,-75.0,-58.0,4.0,-24.0,3.0,47.0,-79.0,-57.07,23.68,-54.87,-11.4,-33.78,-76.86,-39.95,-19.52,-4.809999999999999,21.13,28.84,-43.74
2025-08-13T13:45:06.992025,18.0,52.0,-86.0,5.0,29.0,-37.0,-45.0,2.0,-35.0,-6.0,-13.0,-40.0,30.93,35.68,-99.87,-0.40000000000000036,2.219999999999999,-38.86,-26.95,-21.52,-15.809999999999999,12.129999999999999,-31.16,-4.740000000000002
2025-08-13T13:45:06.996350,-19.0,62.0,16.0,24.0,38.0,-44.0,3.0,56.0,-50.0,2.0,-17.0,-65.0,-6.07,45.68,2.130000000000001,18.6,11.219999999999999,-45.86,21.05,32.480000000000004,-30.81,20.13,-35.16,-29.740000000000002
2025-08-13T13:45:07.004139,-9.0,51.0,-18.0,28.0,-36.0,-54.0,-96.0,-86.0,-20.0,17.0,49.0,-94.0,3.9299999999999997,34.68,-31.869999999999997,22.6,-62.78,-55.86,-77.95,-109.52,-0.8099999999999987,35.129999999999995,30.84,-58.74
2025-08-13T13:45:07.008772,7.0,-11.0,-23.0,15.0,36.0,59.0,-80.0,73.0,-48.0,-28.0,-1.0,-49.0,19.93,-27.32,-36.87,9.6,9.219999999999999,57.14,-61.95,49.480000000000004,-28.81,-9.870000000000001,-19.16,-13.740000000000002
2025-08-13T13:45:07.016392,-16.0,63.0,-53.0,-25.0,25.0,26.0,-27.0,75.0,-65.0,-34.0,-2.0,-52.0,-3.0700000000000003,46.68,-66.87,-30.4,-1.7800000000000011,24.14,-8.95,51.480000000000004,-45.81,-15.870000000000001,-20.16,-16.740000000000002
2025-08-13T13:45:07.022630,-48.0,25.0,-23.0,53.0,42.0,-22.0,-91.0,94.0,-65.0,-27.0,27.0,10.0,-35.07,8.68,-36.87,47.6,15.219999999999999,-23.86,-72.95,70.48,-45.81,-8.870000000000001,8.84,45.26
2025-08-13T13:45:07.027391,39.0,48.0,-69.0,9.0,33.0,-19.0,30.0,14.0,-95.0,-66.0,16.0,-23.0,51.93,31.68,-82.87,3.5999999999999996,6.219999999999999,-20.86,48.05,-9.52,-75.81,-47.870000000000005,-2.16,12.259999999999998
2025-08-13T13:45:07.033018,1.0,46.0,-19.0,22.0,98.0,5.0,-42.0,66.0,-4.0,-50.0,30.0,-87.0,13.93,29.68,-32.87,16.6,71.22,3.1399999999999997,-23.95,42.480000000000004,15.190000000000001,-31.87,11.84,-51.74
2025-08-13T13:45:07.041728,-11.0,72.0,-47.0,41.0,36.0,-13.0,-21.0,64.0,-58.0,-41.0,21.0,-53.0,1.9299999999999997,55.68,-60.87,35.6,9.219999999999999,-14.86,-2.9499999999999993,40.480000000000004,-38.81,-22.87,2.84,-17.740000000000002
2025-08-13T13:45:07.046864,88.0,-47.0,-13.0,-2.0,59.0,-26.0,47.0,3.0,-22.0,11.0,19.0,-108.0,100.93,-63.32,-26.869999999999997,-7.4,32.22,-27.86,65.05,-20.52,-2.8099999999999987,29.13,0.8399999999999999,-72.74000000000001
2025-08-13T13:45:07.050161,102.0,12.0,-1.0,24.0,-13.0,-25.0,-2.0,25.0,-9.0,-8.0,0.0,7.0,114.93,-4.32,-14.87,18.6,-39.78,-26.86,16.05,1.4800000000000004,10.190000000000001,10.129999999999999,-18.16,42.26
2025-08-13T13:45:07.057563,-15.0,33.0,-77.0,41.0,-9.0,-7.0,-86.0,3.0,-20.0,-35.0,3.0,-29.0,-2.0700000000000003,16.68,-90.87,35.6,-35.78,-8.86,-67.95,-20.52,-0.8099999999999987,-16.87,-15.16,6.259999999999998
2025-08-13T13:45:07.061959,26.0,-20.0,-19.0,78.0,113.0,-49.0,20.0,8.0,-73.0,-57.0,-19.0,-115.0,38.93,-36.32,-32.87,72.6,86.22,-50.86,38.05,-15.52,-53.81,-38.870000000000005,-37.16,-79.74000000000001
2025-08-13T13:45:07.069726,4.0,-48.0,-50.0,29.0,45.0,18.0,-55.0,69.0,-34.0,37.0,0.0,-26.0,16.93,-64.32,-63.87,23.6,18.22,16.14,-36.95,45.480000000000004,-14.809999999999999,55.129999999999995,-18.16,9.259999999999998
2025-08-13T13:45:07.074212,11.0,-35.0,17.0,-9.0,-35.0,68.0,9.0,55.0,-84.0,-77.0,38.0,-33.0,23.93,-51.32,3.130000000000001,-14.4,-61.78,66.14,27.05,31.48,-64.81,-58.870000000000005,19.84,2.259999999999998
2025-08-13T13:45:07.082267,132.0,-13.0,-17.0,5.0,61.0,-12.0,-91.0,43.0,-58.0,-27.0,0.0,-79.0,144.93,-29.32,-30.869999999999997,-0.40000000000000036,34.22,-13.86,-72.95,19.48,-38.81,-8.870000000000001,-18.16,-43.74
2025-08-13T13:45:07.086364,28.0,52.0,33.0,15.0,80.0,-51.0,-66.0,38.0,-84.0,-112.0,46.0,-62.0,40.93,35.68,19.130000000000003,9.6,53.22,-52.86,-47.95,14.48,-64.81,-93.87,27.84,-26.740000000000002
2025-08-13T13:45:07.094210,-46.0,33.0,9.0,5.0,101.0,-29.0,-89.0,34.0,-71.0,-37.0,39.0,-51.0,-33.07,16.68,-4.869999999999999,-0.40000000000000036,74.22,-30.86,-70.95,10.48,-51.81,-18.87,20.84,-15.740000000000002
2025-08-13T13:45:07.098941,22.0,60.0,23.0,-30.0,20.0,51.0,-33.0,4.0,-22.0,-109.0,51.0,-55.0,34.93,43.68,9.13,-35.4,-6.780000000000001,49.14,-14.95,-19.52,-2.8099999999999987,-90.87,32.84,-19.740000000000002
2025-08-13T13:45:07.106600,-20.0,146.0,48.0,27.0,65.0,-65.0,-54.0,-37.0,-131.0,46.0,45.0,-66.0,-7.07,129.68,34.13,21.6,38.22,-66.86,-35.95,-60.519999999999996,-111.81,64.13,26.84,-30.740000000000002
2025-08-13T13:45:07.111053,-16.0,40.0,-77.0,18.0,73.0,-54.0,-20.0,0.0,17.0,-32.0,86.0,-93.0,-3.0700000000000003,23.68,-90.87,12.6,46.22,-55.86,-1.9499999999999993,-23.52,36.19,-13.870000000000001,67.84,-57.74
2025-08-13T13:45:07.118866,14.0,-25.0,-90.0,4.0,34.0,15.0,-45.0,31.0,3.0,-73.0,37.0,-90.0,26.93,-41.32,-103.87,-1.4000000000000004,7.219999999999999,13.14,-26.95,7.48,22.19,-54.870000000000005,18.84,-54.74
2025-08-13T13:45:07.123474,-9.0,-7.0,-52.0,19.0,41.0,68.0,-119.0,54.0,-41.0,31.0,58.0,-97.0,3.9299999999999997,-23.32,-65.87,13.6,14.219999999999999,66.14,-100.95,30.48,-21.81,49.129999999999995,39.84,-61.74
2025-08-13T13:45:07.131090,-10.0,52.0,-10.0,32.0,61.0,-34.0,-33.0,-1.0,-68.0,1.0,39.0,-93.0,2.9299999999999997,35.68,-23.869999999999997,26.6,34.22,-35.86,-14.95,-24.52,-48.81,19.13,20.84,-57.74
2025-08-13T13:45:07.135752,-10.0,32.0,-35.0,23.0,84.0,-38.0,-44.0,13.0,-10.0,16.0,64.0,-55.0,2.9299999999999997,15.68,-48.87,17.6,57.22,-39.86,-25.95,-10.52,9.190000000000001,34.129999999999995,45.84,-19.740000000000002
2025-08-13T13:45:07.143461,-18.0,-37.0,-38.0,-1.0,30.0,-41.0,-46.0,24.0,-103.0,-23.0,48.0,-126.0,-5.07,-53.32,-51.87,-6.4,3.219999999999999,-42.86,-27.95,0.4800000000000004,-83.81,-4.870000000000001,29.84,-90.74000000000001
2025-08-13T13:45:07.147877,59.0,28.0,-111.0,31.0,1.0,-105.0,-3.0,100.0,-51.0,10.0,64.0,-134.0,71.93,11.68,-124.87,25.6,-25.78,-106.86,15.05,76.48,-31.81,28.13,45.84,-98.74000000000001
2025-08-13T13:45:07.155868,36.0,-49.0,3.0,25.0,100.0,4.0,-25.0,30.0,-63.0,-27.0,24.0,-65.0,48.93,-65.32,-10.87,19.6,73.22,2.1399999999999997,-6.949999999999999,6.48,-43.81,-8.870000000000001,5.84,-29.740000000000002
2025-08-13T13:45:07.160193,36.0,31.0,-29.0,4.0,52.0,-74.0,-1.0,-20.0,-86.0,-55.0,45.0,-13.0,48.93,14.68,-42.87,-1.4000000000000004,25.22,-75.86,17.05,-43.519999999999996,-66.81,-36.870000000000005,26.84,22.259999999999998
2025-08-13T13:45:07.168150,-10.0,24.0,-27.0,35.0,51.0,-54.0,-39.0,-51.0,-133.0,32.0,-8.0,-87.0,2.9299999999999997,7.68,-40.87,29.6,24.22,-55.86,-20.95,-74.52,-113.81,50.129999999999995,-26.16,-51.74
2025-08-13T13:45:07.172603,20.0,32.0,21.0,53.0,77.0,22.0,-76.0,18.0,-82.0,-41.0,33.0,-27.0,32.93,15.68,7.130000000000001,47.6,50.22,20.14,-57.95,-5.52,-62.81,-22.87,14.84,8.259999999999998
2025-08-13T13:45:07.181131,-10.0,-24.0,18.0,67.0,50.0,17.0,-25.0,33.0,-46.0,-12.0,43.0,-129.0,2.9299999999999997,-40.32,4.130000000000001,61.6,23.22,15.14,-6.949999999999999,9.48,-26.81,6.129999999999999,24.84,-93.74000000000001
2025-08-13T13:45:07.184781,-27.0,40.0,-75.0,38.0,-37.0,-73.0,-38.0,-9.0,-81.0,18.0,93.0,-48.0,-14.07,23.68,-88.87,32.6,-63.78,-74.86,-19.95,-32.519999999999996,-61.81,36.129999999999995,74.84,-12.740000000000002
2025-08-13T13:45:07.193560,-18.0,49.0,-117.0,8.0,55.0,6.0,-69.0,16.0,-17.0,-1.0,11.0,14.0,-5.07,32.68,-130.87,2.5999999999999996,28.22,4.14,-50.95,-7.52,2.1900000000000013,17.13,-7.16,49.26
2025-08-13T13:45:07.197243,-9.0,0.0,-31.0,6.0,-5.0,-28.0,6.0,14.0,-1.0,-11.0,35.0,-43.0,3.9299999999999997,-16.32,-44.87,0.5999999999999996,-31.78,-29.86,24.05,-9.52,18.19,7.129999999999999,16.84,-7.740000000000002
2025-08-13T13:45:07.205970,-44.0,38.0,-35.0,59.0,36.0,5.0,-7.0,84.0,-133.0,-55.0,-13.0,-68.0,-31.07,21.68,-48.87,53.6,9.219999999999999,3.1399999999999997,11.05,60.480000000000004,-113.81,-36.870000000000005,-31.16,-32.74
2025-08-13T13:45:07.214526,-16.0,5.0,-20.0,47.0,30.0,-46.0,-26.0,87.0,-82.0,6.0,-3.0,-53.0,-3.0700000000000003,-11.32,-33.87,41.6,3.219999999999999,-47.86,-7.949999999999999,63.480000000000004,-62.81,24.13,-21.16,-17.740000000000002
2025-08-13T13:45:07.222680,44.0,106.0,-42.0,4.0,8.0,-18.0,-39.0,14.0,-50.0,12.0,75.0,-80.0,56.93,89.68,-55.87,-1.4000000000000004,-18.78,-19.86,-20.95,-9.52,-30.81,30.13,56.84,-44.74
2025-08-13T13:45:07.230047,-82.0,-1.0,-98.0,19.0,25.0,3.0,-94.0,83.0,-125.0,-50.0,1.0,-73.0,-69.07,-17.32,-111.87,13.6,-1.7800000000000011,1.14,-75.95,59.480000000000004,-105.81,-31.87,-17.16,-37.74
2025-08-13T13:45:07.233706,-30.0,67.0,-94.0,-2.0,11.0,-4.0,-75.0,45.0,-4.0,-40.0,31.0,-56.0,-17.07,50.68,-107.87,-7.4,-15.780000000000001,-5.86,-56.95,21.48,15.190000000000001,-21.87,12.84,-20.740000000000002
2025-08-13T13:45:07.235778,-23.0,75.0,-37.0,61.0,16.0,-49.0,-16.0,43.0,-101.0,-56.0,26.0,-59.0,-10.07,58.68,-50.87,55.6,-10.780000000000001,-50.86,2.0500000000000007,19.48,-81.81,-37.870000000000005,7.84,-23.740000000000002
2025-08-13T13:45:07.241632,68.0,48.0,-85.0,-12.0,38.0,-106.0,-50.0,104.0,-28.0,-58.0,-1.0,-32.0,80.93,31.68,-98.87,-17.4,11.219999999999999,-107.86,-31.95,80.48,-8.809999999999999,-39.870000000000005,-19.16,3.259999999999998
2025-08-13T13:45:07.246038,50.0,44.0,-61.0,43.0,44.0,-55.0,7.0,-7.0,-109.0,-13.0,7.0,-25.0,62.93,27.68,-74.87,37.6,17.22,-56.86,25.05,-30.52,-89.81,5.129999999999999,-11.16,10.259999999999998
2025-08-13T13:45:07.253918,11.0,79.0,-8.0,14.0,-30.0,-13.0,-28.0,1.0,-82.0,-114.0,91.0,-79.0,23.93,62.68,-21.869999999999997,8.6,-56.78,-14.86,-9.95,-22.52,-62.81,-95.87,72.84,-43.74
2025-08-13T13:45:07.258242,38.0,31.0,-16.0,3.0,-56.0,-8.0,-29.0,-32.0,-99.0,11.0,-3.0,-75.0,50.93,14.68,-29.869999999999997,-2.4000000000000004,-82.78,-9.86,-10.95,-55.519999999999996,-79.81,29.13,-21.16,-39.74
2025-08-13T13:45:07.266288,-10.0,3.0,-92.0,-7.0,-54.0,-42.0,-15.0,-3.0,-93.0,-15.0,31.0,-139.0,2.9299999999999997,-13.32,-105.87,-12.4,-80.78,-43.86,3.0500000000000007,-26.52,-73.81,3.129999999999999,12.84,-103.74000000000001
2025-08-13T13:45:07.270652,80.0,-14.0,-38.0,56.0,-7.0,-85.0,-30.0,30.0,-69.0,-52.0,57.0,-132.0,92.93,-30.32,-51.87,50.6,-33.78,-86.86,-11.95,6.48,-49.81,-33.870000000000005,38.84,-96.74000000000001
2025-08-13T13:45:07.274749,20.0,9.0,-15.0,33.0,-2.0,-71.0,-26.0,0.0,-62.0,-16.0,15.0,-88.0,32.93,-7.32,-28.869999999999997,27.6,-28.78,-72.86,-7.949999999999999,-23.52,-42.81,2.129999999999999,-3.16,-52.74
2025-08-13T13:45:07.282943,78.0,-29.0,-16.0,77.0,-11.0,-72.0,-68.0,7.0,-54.0,-52.0,45.0,-140.0,90.93,-45.32,-29.869999999999997,71.6,-37.78,-73.86,-49.95,-16.52,-34.81,-33.870000000000005,26.84,-104.74000000000001
2025-08-13T13:45:07.286890,21.0,12.0,-49.0,-50.0,85.0,-69.0,-50.0,60.0,-16.0,40.0,4.0,-128.0,33.93,-4.32,-62.87,-55.4,58.22,-70.86,-31.95,36.480000000000004,3.1900000000000013,58.129999999999995,-14.16,-92.74000000000001
2025-08-13T13:45:07.294934,27.0,11.0,49.0,43.0,16.0,-28.0,-49.0,18.0,-103.0,10.0,-50.0,-20.0,39.93,-5.32,35.13,37.6,-10.780000000000001,-29.86,-30.95,-5.52,-83.81,28.13,-68.16,15.259999999999998
2025-08-13T13:45:07.299172,6.0,76.0,-43.0,-4.0,71.0,-67.0,-17.0,57.0,-46.0,0.0,19.0,-57.0,18.93,59.68,-56.87,-9.4,44.22,-68.86,1.0500000000000007,33.480000000000004,-26.81,18.13,0.8399999999999999,-21.740000000000002
2025-08-13T13:45:07.307286,-34.0,96.0,-11.0,2.0,18.0,-70.0,-24.0,41.0,-77.0,-20.0,44.0,-72.0,-21.07,79.68,-24.869999999999997,-3.4000000000000004,-8.780000000000001,-71.86,-5.949999999999999,17.48,-57.81,-1.870000000000001,25.84,-36.74
2025-08-13T13:45:07.311457,-16.0,16.0,-37.0,35.0,86.0,-74.0,-31.0,78.0,-59.0,-42.0,-5.0,-149.0,-3.0700000000000003,-0.3200000000000003,-50.87,29.6,59.22,-75.86,-12.95,54.480000000000004,-39.81,-23.87,-23.16,-113.74000000000001
2025-08-13T13:45:07.319540,23.0,51.0,-80.0,19.0,34.0,-48.0,18.0,-5.0,-118.0,-98.0,-31.0,-64.0,35.93,34.68,-93.87,13.6,7.219999999999999,-49.86,36.05,-28.52,-98.81,-79.87,-49.16,-28.740000000000002
2025-08-13T13:45:07.323778,-59.0,16.0,-94.0,-40.0,96.0,-59.0,-38.0,-1.0,-46.0,-61.0,66.0,-38.0,-46.07,-0.3200000000000003,-107.87,-45.4,69.22,-60.86,-19.95,-24.52,-26.81,-42.870000000000005,47.84,-2.740000000000002
2025-08-13T13:45:07.332141,53.0,43.0,-61.0,-43.0,49.0,-57.0,-61.0,68.0,-36.0,-32.0,56.0,-116.0,65.93,26.68,-74.87,-48.4,22.22,-58.86,-42.95,44.480000000000004,-16.81,-13.870000000000001,37.84,-80.74000000000001
2025-08-13T13:45:07.336034,-24.0,14.0,-75.0,-3.0,64.0,-67.0,-27.0,20.0,-105.0,16.0,14.0,-100.0,-11.07,-2.3200000000000003,-88.87,-8.4,37.22,-68.86,-8.95,-3.5199999999999996,-85.81,34.129999999999995,-4.16,-64.74000000000001
2025-08-13T13:45:07.344081,14.0,14.0,-53.0,-2.0,72.0,-42.0,-66.0,24.0,-48.0,-27.0,41.0,-107.0,26.93,-2.3200000000000003,-66.87,-7.4,45.22,-43.86,-47.95,0.4800000000000004,-28.81,-8.870000000000001,22.84,-71.74000000000001
2025-08-13T13:45:07.348312,4.0,0.0,-3.0,-42.0,-17.0,-9.0,-33.0,49.0,-97.0,-48.0,-41.0,-104.0,16.93,-16.32,-16.869999999999997,-47.4,-43.78,-10.86,-14.95,25.48,-77.81,-29.87,-59.16,-68.74000000000001
2025-08-13T13:45:07.356527,-8.0,-22.0,-48.0,68.0,74.0,-88.0,-42.0,-20.0,-94.0,-73.0,15.0,-119.0,4.93,-38.32,-61.87,62.6,47.22,-89.86,-23.95,-43.519999999999996,-74.81,-54.870000000000005,-3.16,-83.74000000000001
2025-08-13T13:45:07.360692,-50.0,55.0,-73.0,61.0,-8.0,-63.0,-32.0,17.0,-93.0,-40.0,-23.0,-36.0,-37.07,38.68,-86.87,55.6,-34.78,-64.86,-13.95,-6.52,-73.81,-21.87,-41.16,-0.740000000000002
2025-08-13T13:45:07.368620,-36.0,55.0,-62.0,54.0,54.0,-56.0,-54.0,11.0,-74.0,-29.0,32.0,-24.0,-23.07,38.68,-75.87,48.6,27.22,-57.86,-35.95,-12.52,-54.81,-10.870000000000001,13.84,11.259999999999998
2025-08-13T13:45:07.372991,-65.0,58.0,3.0,28.0,46.0,-27.0,-14.0,-7.0,-60.0,21.0,76.0,-147.0,-52.07,41.68,-10.87,22.6,19.22,-28.86,4.050000000000001,-30.52,-40.81,39.129999999999995,57.84,-111.74000000000001
2025-08-13T13:45:07.380956,29.0,92.0,-16.0,76.0,27.0,4.0,-31.0,21.0,-115.0,-31.0,-8.0,-75.0,41.93,75.68,-29.869999999999997,70.6,0.21999999999999886,2.1399999999999997,-12.95,-2.5199999999999996,-95.81,-12.870000000000001,-26.16,-39.74
2025-08-13T13:45:07.385424,-42.0,90.0,-71.0,61.0,56.0,-52.0,-66.0,-9.0,-106.0,-45.0,-15.0,-66.0,-29.07,73.68,-84.87,55.6,29.22,-53.86,-47.95,-32.519999999999996,-86.81,-26.87,-33.16,-30.740000000000002
2025-08-13T13:45:07.393255,63.0,34.0,-84.0,-33.0,11.0,-22.0,-31.0,66.0,-75.0,-19.0,86.0,-83.0,75.93,17.68,-97.87,-38.4,-15.780000000000001,-23.86,-12.95,42.480000000000004,-55.81,-0.870000000000001,67.84,-47.74
2025-08-13T13:45:07.397756,10.0,31.0,-40.0,-23.0,83.0,-59.0,-49.0,29.0,-113.0,8.0,86.0,-123.0,22.93,14.68,-53.87,-28.4,56.22,-60.86,-30.95,5.48,-93.81,26.13,67.84,-87.74000000000001
2025-08-13T13:45:07.405645,-9.0,46.0,-20.0,10.0,11.0,-65.0,5.0,23.0,-54.0,-72.0,53.0,-130.0,3.9299999999999997,29.68,-33.87,4.6,-15.780000000000001,-66.86,23.05,-0.5199999999999996,-34.81,-53.870000000000005,34.84,-94.74000000000001
2025-08-13T13:45:07.409829,-7.0,-20.0,-31.0,0.0,41.0,-78.0,5.0,9.0,-88.0,-15.0,46.0,-147.0,5.93,-36.32,-44.87,-5.4,14.219999999999999,-79.86,23.05,-14.52,-68.81,3.129999999999999,27.84,-111.74000000000001
2025-08-13T13:45:07.418005,8.0,-18.0,-41.0,5.0,-46.0,-94.0,7.0,-21.0,-120.0,-57.0,74.0,-78.0,20.93,-34.32,-54.87,-0.40000000000000036,-72.78,-95.86,25.05,-44.519999999999996,-100.81,-38.870000000000005,55.84,-42.74
2025-08-13T13:45:07.422434,65.0,-19.0,-36.0,24.0,22.0,-65.0,-29.0,-16.0,-64.0,-62.0,-13.0,-143.0,77.93,-35.32,-49.87,18.6,-4.780000000000001,-66.86,-10.95,-39.519999999999996,-44.81,-43.870000000000005,-31.16,-107.74000000000001
2025-08-13T13:45:07.430396,15.0,7.0,-22.0,3.0,62.0,-46.0,26.0,-27.0,-122.0,-106.0,-15.0,-68.0,27.93,-9.32,-35.87,-2.4000000000000004,35.22,-47.86,44.05,-50.519999999999996,-102.81,-87.87,-33.16,-32.74
2025-08-13T13:45:07.434831,-27.0,119.0,-27.0,57.0,44.0,-90.0,-20.0,-26.0,-75.0,-53.0,-11.0,-112.0,-14.07,102.68,-40.87,51.6,17.22,-91.86,-1.9499999999999993,-49.519999999999996,-55.81,-34.870000000000005,-29.16,-76.74000000000001
2025-08-13T13:45:07.443565,8.0,56.0,-113.0,18.0,33.0,-64.0,-114.0,13.0,-98.0,-117.0,56.0,-88.0,20.93,39.68,-126.87,12.6,6.219999999999999,-65.86,-95.95,-10.52,-78.81,-98.87,37.84,-52.74
2025-08-13T13:45:07.447379,-6.0,73.0,-92.0,111.0,32.0,-31.0,-17.0,41.0,-126.0,-63.0,-11.0,-114.0,6.93,56.68,-105.87,105.6,5.219999999999999,-32.86,1.0500000000000007,17.48,-106.81,-44.870000000000005,-29.16,-78.74000000000001
2025-08-13T13:45:07.455430,66.0,67.0,-86.0,3.0,36.0,-15.0,-43.0,3.0,-80.0,-14.0,-6.0,-115.0,78.93,50.68,-99.87,-2.4000000000000004,9.219999999999999,-16.86,-24.95,-20.52,-60.81,4.129999999999999,-24.16,-79.74000000000001
2025-08-13T13:45:07.459670,53.0,-30.0,-99.0,13.0,76.0,-22.0,-30.0,-42.0,-107.0,-10.0,25.0,-147.0,65.93,-46.32,-112.87,7.6,49.22,-23.86,-11.95,-65.52,-87.81,8.129999999999999,6.84,-111.74000000000001
2025-08-13T13:45:07.468148,48.0,-36.0,-61.0,4.0,22.0,-148.0,14.0,61.0,-108.0,-15.0,26.0,-180.0,60.93,-52.32,-74.87,-1.4000000000000004,-4.780000000000001,-149.86,32.05,37.480000000000004,-88.81,3.129999999999999,7.84,-144.74
2025-08-13T13:45:07.473373,36.0,-31.0,-67.0,-32.0,61.0,-52.0,-65.0,-53.0,-49.0,-73.0,27.0,-154.0,48.93,-47.32,-80.87,-37.4,34.22,-53.86,-46.95,-76.52,-29.81,-54.870000000000005,8.84,-118.74000000000001
2025-08-13T13:45:07.480672,-53.0,59.0,-44.0,98.0,-15.0,-153.0,-1.0,15.0,-99.0,-58.0,60.0,-114.0,-40.07,42.68,-57.87,92.6,-41.78,-154.86,17.05,-8.52,-79.81,-39.870000000000005,41.84,-78.74000000000001
2025-08-13T13:45:07.485256,-21.0,67.0,-3.0,29.0,18.0,-136.0,-11.0,27.0,-143.0,-37.0,14.0,-170.0,-8.07,50.68,-16.869999999999997,23.6,-8.780000000000001,-137.86,7.050000000000001,3.4800000000000004,-123.81,-18.87,-4.16,-134.74
2025-08-13T13:45:07.492942,97.0,71.0,-101.0,80.0,40.0,-99.0,-42.0,44.0,-102.0,18.0,72.0,-199.0,109.93,54.68,-114.87,74.6,13.219999999999999,-100.86,-23.95,20.48,-82.81,36.129999999999995,53.84,-163.74
2025-08-13T13:45:07.497683,52.0,77.0,-70.0,52.0,-62.0,-79.0,-95.0,-3.0,-142.0,-2.0,3.0,-117.0,64.93,60.68,-83.87,46.6,-88.78,-80.86,-76.95,-26.52,-122.81,16.13,-15.16,-81.74000000000001
2025-08-13T13:45:07.504120,30.0,-2.0,-137.0,12.0,64.0,-81.0,-59.0,17.0,-82.0,-9.0,44.0,-137.0,42.93,-18.32,-150.87,6.6,37.22,-82.86,-40.95,-6.52,-62.81,9.129999999999999,25.84,-101.74000000000001
2025-08-13T13:45:07.511894,96.0,26.0,-74.0,40.0,-14.0,-140.0,-44.0,-42.0,-89.0,-88.0,18.0,-150.0,108.93,9.68,-87.87,34.6,-40.78,-141.86,-25.95,-65.52,-69.81,-69.87,-0.16000000000000014,-114.74000000000001
2025-08-13T13:45:07.517401,8.0,-42.0,1.0,14.0,25.0,-125.0,-78.0,31.0,-63.0,-58.0,28.0,-182.0,20.93,-58.32,-12.87,8.6,-1.7800000000000011,-126.86,-59.95,7.48,-43.81,-39.870000000000005,9.84,-146.74
2025-08-13T13:45:07.524225,-36.0,92.0,-107.0,15.0,-8.0,-102.0,-24.0,56.0,-148.0,-40.0,70.0,-73.0,-23.07,75.68,-120.87,9.6,-34.78,-103.86,-5.949999999999999,32.480000000000004,-128.81,-21.87,51.84,-37.74
2025-08-13T13:45:07.530626,11.0,115.0,-75.0,16.0,6.0,-123.0,-110.0,-3.0,-105.0,-122.0,39.0,-144.0,23.93,98.68,-88.87,10.6,-20.78,-124.86,-91.95,-26.52,-85.81,-103.87,20.84,-108.74000000000001
2025-08-13T13:45:07.536574,-2.0,38.0,-64.0,32.0,5.0,-77.0,-66.0,-13.0,-194.0,-18.0,1.0,-156.0,10.93,21.68,-77.87,26.6,-21.78,-78.86,-47.95,-36.519999999999996,-174.81,0.129999999999999,-17.16,-120.74000000000001
2025-08-13T13:45:07.542809,19.0,59.0,-148.0,-12.0,49.0,-92.0,-8.0,-26.0,-116.0,-84.0,34.0,-128.0,31.93,42.68,-161.87,-17.4,22.22,-93.86,10.05,-49.519999999999996,-96.81,-65.87,15.84,-92.74000000000001
2025-08-13T13:45:07.548919,46.0,73.0,-127.0,-4.0,2.0,-50.0,-58.0,5.0,-108.0,0.0,35.0,-114.0,58.93,56.68,-140.87,-9.4,-24.78,-51.86,-39.95,-18.52,-88.81,18.13,16.84,-78.74000000000001
2025-08-13T13:45:07.554615,46.0,36.0,-102.0,41.0,21.0,-98.0,0.0,3.0,-33.0,-61.0,52.0,-91.0,58.93,19.68,-115.87,35.6,-5.780000000000001,-99.86,18.05,-20.52,-13.809999999999999,-42.870000000000005,33.84,-55.74
2025-08-13T13:45:07.561109,34.0,-34.0,-166.0,38.0,26.0,-57.0,-43.0,-17.0,-80.0,-98.0,8.0,-116.0,46.93,-50.32,-179.87,32.6,-0.7800000000000011,-58.86,-24.95,-40.519999999999996,-60.81,-79.87,-10.16,-80.74000000000001
2025-08-13T13:45:07.565875,2.0,-19.0,-101.0,17.0,30.0,-78.0,-124.0,1.0,-92.0,-81.0,-6.0,-174.0,14.93,-35.32,-114.87,11.6,3.219999999999999,-79.86,-105.95,-22.52,-72.81,-62.870000000000005,-24.16,-138.74
2025-08-13T13:45:07.573610,15.0,64.0,-120.0,33.0,4.0,-69.0,-91.0,-31.0,-132.0,-71.0,40.0,-118.0,27.93,47.68,-133.87,27.6,-22.78,-70.86,-72.95,-54.519999999999996,-112.81,-52.870000000000005,21.84,-82.74000000000001
2025-08-13T13:45:07.579590,24.0,89.0,-139.0,-26.0,-15.0,-102.0,-67.0,26.0,-132.0,-56.0,76.0,-135.0,36.93,72.68,-152.87,-31.4,-41.78,-103.86,-48.95,2.4800000000000004,-112.81,-37.870000000000005,57.84,-99.74000000000001
2025-08-13T13:45:07.585838,49.0,28.0,-82.0,113.0,-36.0,-111.0,-57.0,44.0,-123.0,-93.0,19.0,-130.0,61.93,11.68,-95.87,107.6,-62.78,-112.86,-38.95,20.48,-103.81,-74.87,0.8399999999999999,-94.74000000000001
2025-08-13T13:45:07.591800,41.0,110.0,-56.0,14.0,-74.0,-127.0,-86.0,-54.0,-97.0,-41.0,3.0,-114.0,53.93,93.68,-69.87,8.6,-100.78,-128.86,-67.95,-77.52,-77.81,-22.87,-15.16,-78.74000000000001
2025-08-13T13:45:07.598582,12.0,37.0,-128.0,42.0,-89.0,-129.0,-61.0,-15.0,-116.0,-71.0,25.0,-157.0,24.93,20.68,-141.87,36.6,-115.78,-130.86,-42.95,-38.519999999999996,-96.81,-52.870000000000005,6.84,-121.74000000000001
2025-08-13T13:45:07.602942,-5.0,-40.0,-141.0,-21.0,62.0,-158.0,-52.0,34.0,-64.0,-79.0,43.0,-152.0,7.93,-56.32,-154.87,-26.4,35.22,-159.86,-33.95,10.48,-44.81,-60.870000000000005,24.84,-116.74000000000001
2025-08-13T13:45:07.610780,51.0,1.0,-58.0,85.0,21.0,-122.0,-57.0,40.0,-176.0,-91.0,11.0,-151.0,63.93,-15.32,-71.87,79.6,-5.780000000000001,-123.86,-38.95,16.48,-156.81,-72.87,-7.16,-115.74000000000001
2025-08-13T13:45:07.615744,-6.0,24.0,-178.0,35.0,12.0,-158.0,-72.0,18.0,-172.0,-64.0,45.0,-183.0,6.93,7.68,-191.87,29.6,-14.780000000000001,-159.86,-53.95,-5.52,-152.81,-45.870000000000005,26.84,-147.74
2025-08-13T13:45:07.622876,10.0,97.0,-153.0,35.0,9.0,-124.0,-18.0,27.0,-173.0,-18.0,28.0,-232.0,22.93,80.68,-166.87,29.6,-17.78,-125.86,0.05000000000000071,3.4800000000000004,-153.81,0.129999999999999,9.84,-196.74
2025-08-13T13:45:07.627567,-8.0,93.0,-157.0,26.0,-32.0,-135.0,-77.0,-46.0,-90.0,2.0,-43.0,-192.0,4.93,76.68,-170.87,20.6,-58.78,-136.86,-58.95,-69.52,-70.81,20.13,-61.16,-156.74
2025-08-13T13:45:07.635165,0.0,135.0,-136.0,81.0,55.0,-137.0,-83.0,-14.0,-76.0,-117.0,26.0,-117.0,12.93,118.68,-149.87,75.6,28.22,-138.86,-64.95,-37.519999999999996,-56.81,-98.87,7.84,-81.74000000000001
2025-08-13T13:45:07.641543,33.0,-25.0,-95.0,43.0,30.0,-168.0,-109.0,-7.0,-64.0,-10.0,61.0,-132.0,45.93,-41.32,-108.87,37.6,3.219999999999999,-169.86,-90.95,-30.52,-44.81,8.129999999999999,42.84,-96.74000000000001
2025-08-13T13:45:07.647527,-3.0,-5.0,-94.0,29.0,40.0,-102.0,-58.0,-25.0,-133.0,-70.0,99.0,-145.0,9.93,-21.32,-107.87,23.6,13.219999999999999,-103.86,-39.95,-48.519999999999996,-113.81,-51.870000000000005,80.84,-109.74000000000001
2025-08-13T13:45:07.655320,29.0,54.0,-110.0,47.0,-58.0,-165.0,-11.0,-9.0,-125.0,-22.0,60.0,-214.0,41.93,37.68,-123.87,41.6,-84.78,-166.86,7.050000000000001,-32.519999999999996,-105.81,-3.870000000000001,41.84,-178.74
2025-08-13T13:45:07.659985,35.0,60.0,-134.0,71.0,-64.0,-41.0,-82.0,-33.0,-79.0,-50.0,3.0,-184.0,47.93,43.68,-147.87,65.6,-90.78,-42.86,-63.95,-56.519999999999996,-59.81,-31.87,-15.16,-148.74
2025-08-13T13:45:07.667966,92.0,94.0,-194.0,33.0,13.0,-104.0,-78.0,-42.0,-34.0,-44.0,3.0,-145.0,104.93,77.68,-207.87,27.6,-13.780000000000001,-105.86,-59.95,-65.52,-14.809999999999999,-25.87,-15.16,-109.74000000000001
2025-08-13T13:45:07.672208,89.0,29.0,-88.0,-16.0,36.0,-84.0,-107.0,-25.0,-112.0,-48.0,39.0,-167.0,101.93,12.68,-101.87,-21.4,9.219999999999999,-85.86,-88.95,-48.519999999999996,-92.81,-29.87,20.84,-131.74
2025-08-13T13:45:07.680478,55.0,-19.0,-102.0,57.0,23.0,-103.0,-84.0,-1.0,-117.0,-53.0,4.0,-133.0,67.93,-35.32,-115.87,51.6,-3.780000000000001,-104.86,-65.95,-24.52,-97.81,-34.870000000000005,-14.16,-97.74000000000001
2025-08-13T13:45:07.684532,-12.0,50.0,-96.0,70.0,8.0,-127.0,-162.0,0.0,-167.0,-27.0,0.0,-71.0,0.9299999999999997,33.68,-109.87,64.6,-18.78,-128.86,-143.95,-23.52,-147.81,-8.870000000000001,-18.16,-35.74
2025-08-13T13:45:07.692750,-6.0,166.0,-44.0,57.0,23.0,-112.0,-101.0,-24.0,-99.0,-67.0,115.0,-178.0,6.93,149.68,-57.87,51.6,-3.780000000000001,-113.86,-82.95,-47.519999999999996,-79.81,-48.870000000000005,96.84,-142.74
2025-08-13T13:45:07.696973,9.0,35.0,-107.0,95.0,40.0,-120.0,-107.0,30.0,-83.0,-56.0,-54.0,-123.0,21.93,18.68,-120.87,89.6,13.219999999999999,-121.86,-88.95,6.48,-63.81,-37.870000000000005,-72.16,-87.74000000000001
2025-08-13T13:45:07.704918,62.0,9.0,-104.0,-14.0,10.0,-131.0,-96.0,-5.0,-49.0,-22.0,-2.0,-206.0,74.93,-7.32,-117.87,-19.4,-16.78,-132.86,-77.95,-28.52,-29.81,-3.870000000000001,-20.16,-170.74
2025-08-13T13:45:07.709130,36.0,39.0,-120.0,3.0,12.0,-91.0,-72.0,40.0,-93.0,-71.0,69.0,-173.0,48.93,22.68,-133.87,-2.4000000000000004,-14.780000000000001,-92.86,-53.95,16.48,-73.81,-52.870000000000005,50.84,-137.74
2025-08-13T13:45:07.717576,36.0,39.0,-101.0,24.0,9.0,-58.0,-99.0,26.0,-140.0,-56.0,-37.0,-74.0,48.93,22.68,-114.87,18.6,-17.78,-59.86,-80.95,2.4800000000000004,-120.81,-37.870000000000005,-55.16,-38.74
2025-08-13T13:45:07.721670,-6.0,30.0,-106.0,-8.0,-34.0,-116.0,-53.0,-16.0,-83.0,-69.0,70.0,-108.0,6.93,13.68,-119.87,-13.4,-60.78,-117.86,-34.95,-39.519999999999996,-63.81,-50.870000000000005,51.84,-72.74000000000001
2025-08-13T13:45:07.729321,6.0,58.0,-120.0,66.0,4.0,-105.0,-23.0,-49.0,-155.0,-52.0,30.0,-227.0,18.93,41.68,-133.87,60.6,-22.78,-106.86,-4.949999999999999,-72.52,-135.81,-33.870000000000005,11.84,-191.74
2025-08-13T13:45:07.733972,-16.0,-14.0,-198.0,29.0,-8.0,-200.0,-9.0,4.0,-102.0,-34.0,112.0,-171.0,-3.0700000000000003,-30.32,-211.87,23.6,-34.78,-201.86,9.05,-19.52,-82.81,-15.870000000000001,93.84,-135.74
2025-08-13T13:45:07.742971,50.0,40.0,-147.0,40.0,-9.0,-104.0,-101.0,-50.0,-99.0,-32.0,3.0,-118.0,62.93,23.68,-160.87,34.6,-35.78,-105.86,-82.95,-73.52,-79.81,-13.870000000000001,-15.16,-82.74000000000001
2025-08-13T13:45:07.746213,43.0,19.0,-155.0,26.0,-30.0,-148.0,-21.0,29.0,-144.0,-22.0,50.0,-152.0,55.93,2.6799999999999997,-168.87,20.6,-56.78,-149.86,-2.9499999999999993,5.48,-124.81,-3.870000000000001,31.84,-116.74000000000001
2025-08-13T13:45:07.753943,30.0,35.0,-106.0,28.0,21.0,-98.0,-136.0,20.0,-117.0,-24.0,31.0,-131.0,42.93,18.68,-119.87,22.6,-5.780000000000001,-99.86,-117.95,-3.5199999999999996,-97.81,-5.870000000000001,12.84,-95.74000000000001
2025-08-13T13:45:07.759133,-81.0,71.0,-80.0,16.0,-21.0,-105.0,-68.0,46.0,-93.0,-53.0,72.0,-156.0,-68.07,54.68,-93.87,10.6,-47.78,-106.86,-49.95,22.48,-73.81,-34.870000000000005,53.84,-120.74000000000001
2025-08-13T13:45:07.767760,-29.0,104.0,-87.0,48.0,77.0,-126.0,-79.0,-39.0,-156.0,-63.0,40.0,-147.0,-16.07,87.68,-100.87,42.6,50.22,-127.86,-60.95,-62.519999999999996,-136.81,-44.870000000000005,21.84,-111.74000000000001
2025-08-13T13:45:07.771761,-11.0,39.0,-88.0,13.0,24.0,-26.0,-20.0,7.0,-110.0,-45.0,40.0,-193.0,1.9299999999999997,22.68,-101.87,7.6,-2.780000000000001,-27.86,-1.9499999999999993,-16.52,-90.81,-26.87,21.84,-157.74
2025-08-13T13:45:07.779893,108.0,-31.0,-149.0,26.0,-62.0,-100.0,-82.0,-26.0,-73.0,-52.0,1.0,-159.0,120.93,-47.32,-162.87,20.6,-88.78,-101.86,-63.95,-49.519999999999996,-53.81,-33.870000000000005,-17.16,-123.74000000000001
2025-08-13T13:45:07.786520,28.0,17.0,-101.0,-11.0,-37.0,-74.0,-44.0,-31.0,-54.0,53.0,33.0,-159.0,40.93,0.6799999999999997,-114.87,-16.4,-63.78,-75.86,-25.95,-54.519999999999996,-34.81,71.13,14.84,-123.74000000000001
2025-08-13T13:45:07.792466,7.0,31.0,-53.0,1.0,-5.0,-91.0,-38.0,-20.0,-110.0,-72.0,24.0,-139.0,19.93,14.68,-66.87,-4.4,-31.78,-92.86,-19.95,-43.519999999999996,-90.81,-53.870000000000005,5.84,-103.74000000000001
2025-08-13T13:45:07.798737,42.0,27.0,-126.0,37.0,59.0,-61.0,-94.0,-15.0,-145.0,-74.0,36.0,-100.0,54.93,10.68,-139.87,31.6,32.22,-62.86,-75.95,-38.519999999999996,-125.81,-55.870000000000005,17.84,-64.74000000000001
2025-08-13T13:45:07.803563,-1.0,16.0,-122.0,-13.0,33.0,-124.0,-70.0,5.0,-130.0,-101.0,60.0,-162.0,11.93,-0.3200000000000003,-135.87,-18.4,6.219999999999999,-125.86,-51.95,-18.52,-110.81,-82.87,41.84,-126.74000000000001
2025-08-13T13:45:07.811054,1.0,70.0,-123.0,11.0,-20.0,-128.0,-98.0,-60.0,-83.0,14.0,34.0,-131.0,13.93,53.68,-136.87,5.6,-46.78,-129.86,-79.95,-83.52,-63.81,32.129999999999995,15.84,-95.74000000000001
2025-08-13T13:45:07.817286,12.0,88.0,-83.0,-14.0,-32.0,-83.0,-124.0,9.0,-67.0,-24.0,12.0,-180.0,24.93,71.68,-96.87,-19.4,-58.78,-84.86,-105.95,-14.52,-47.81,-5.870000000000001,-6.16,-144.74
2025-08-13T13:45:07.823501,60.0,68.0,-134.0,66.0,-41.0,-92.0,-124.0,44.0,-98.0,-46.0,-54.0,-198.0,72.93,51.68,-147.87,60.6,-67.78,-93.86,-105.95,20.48,-78.81,-27.87,-72.16,-162.74
2025-08-13T13:45:07.829406,94.0,-8.0,-121.0,-33.0,-33.0,-111.0,-139.0,-39.0,-119.0,-48.0,56.0,-146.0,106.93,-24.32,-134.87,-38.4,-59.78,-112.86,-120.95,-62.519999999999996,-99.81,-29.87,37.84,-110.74000000000001
2025-08-13T13:45:07.836380,63.0,-9.0,-68.0,55.0,18.0,-126.0,-86.0,-18.0,-112.0,-26.0,11.0,-186.0,75.93,-25.32,-81.87,49.6,-8.780000000000001,-127.86,-67.95,-41.519999999999996,-92.81,-7.870000000000001,-7.16,-150.74
2025-08-13T13:45:07.841956,20.0,87.0,-134.0,-13.0,68.0,-123.0,-101.0,-13.0,-81.0,10.0,8.0,-189.0,32.93,70.68,-147.87,-18.4,41.22,-124.86,-82.95,-36.519999999999996,-61.81,28.13,-10.16,-153.74
2025-08-13T13:45:07.848057,-25.0,42.0,-76.0,5.0,-60.0,-97.0,-91.0,-4.0,-89.0,-9.0,52.0,-159.0,-12.07,25.68,-89.87,-0.40000000000000036,-86.78,-98.86,-72.95,-27.52,-69.81,9.129999999999999,33.84,-123.74000000000001
2025-08-13T13:45:07.854858,-36.0,70.0,-115.0,83.0,23.0,-83.0,-111.0,-27.0,-94.0,-70.0,27.0,-190.0,-23.07,53.68,-128.87,77.6,-3.780000000000001,-84.86,-92.95,-50.519999999999996,-74.81,-51.870000000000005,8.84,-154.74
2025-08-13T13:45:07.861636,80.0,102.0,-155.0,13.0,61.0,-28.0,-51.0,30.0,-100.0,-59.0,-12.0,-125.0,92.93,85.68,-168.87,7.6,34.22,-29.86,-32.95,6.48,-80.81,-40.870000000000005,-30.16,-89.74000000000001
2025-08-13T13:45:07.867301,82.0,102.0,-152.0,59.0,-85.0,-129.0,-83.0,26.0,-140.0,30.0,50.0,-192.0,94.93,85.68,-165.87,53.6,-111.78,-130.86,-64.95,2.4800000000000004,-120.81,48.129999999999995,31.84,-156.74
2025-08-13T13:45:07.872731,5.0,77.0,-80.0,62.0,-76.0,-72.0,-72.0,-29.0,-130.0,-46.0,22.0,-172.0,17.93,60.68,-93.87,56.6,-102.78,-73.86,-53.95,-52.519999999999996,-110.81,-27.87,3.84,-136.74
2025-08-13T13:45:07.878044,2.0,14.0,-123.0,0.0,43.0,-150.0,-44.0,-27.0,-97.0,-53.0,-17.0,-201.0,14.93,-2.3200000000000003,-136.87,-5.4,16.22,-151.86,-25.95,-50.519999999999996,-77.81,-34.870000000000005,-35.16,-165.74
2025-08-13T13:45:07.885381,-65.0,102.0,-36.0,42.0,34.0,-180.0,-100.0,-25.0,-98.0,-8.0,6.0,-168.0,-52.07,85.68,-49.87,36.6,7.219999999999999,-181.86,-81.95,-48.519999999999996,-78.81,10.129999999999999,-12.16,-132.74
2025-08-13T13:45:07.890212,8.0,35.0,-143.0,35.0,-50.0,-114.0,-22.0,73.0,-78.0,-49.0,26.0,-167.0,20.93,18.68,-156.87,29.6,-76.78,-115.86,-3.9499999999999993,49.480000000000004,-58.81,-30.87,7.84,-131.74
2025-08-13T13:45:07.897028,27.0,10.0,-98.0,83.0,-8.0,-71.0,-24.0,1.0,-144.0,-33.0,7.0,-141.0,39.93,-6.32,-111.87,77.6,-34.78,-72.86,-5.949999999999999,-22.52,-124.81,-14.870000000000001,-11.16,-105.74000000000001
2025-08-13T13:45:07.905197,16.0,-16.0,-163.0,53.0,31.0,-73.0,-104.0,63.0,-186.0,-139.0,-58.0,-115.0,28.93,-32.32,-176.87,47.6,4.219999999999999,-74.86,-85.95,39.480000000000004,-166.81,-120.87,-76.16,-79.74000000000001
2025-08-13T13:45:07.909613,28.0,49.0,-133.0,1.0,5.0,-156.0,-62.0,27.0,-128.0,-89.0,89.0,-115.0,40.93,32.68,-146.87,-4.4,-21.78,-157.86,-43.95,3.4800000000000004,-108.81,-70.87,70.84,-79.74000000000001
2025-08-13T13:45:07.917434,22.0,13.0,-33.0,87.0,-18.0,-126.0,-58.0,-51.0,-110.0,-46.0,98.0,-146.0,34.93,-3.3200000000000003,-46.87,81.6,-44.78,-127.86,-39.95,-74.52,-90.81,-27.87,79.84,-110.74000000000001
2025-08-13T13:45:07.921786,-102.0,82.0,-59.0,57.0,-29.0,-119.0,-102.0,-10.0,-96.0,18.0,53.0,-126.0,-89.07,65.68,-72.87,51.6,-55.78,-120.86,-83.95,-33.519999999999996,-76.81,36.129999999999995,34.84,-90.74000000000001
2025-08-13T13:45:07.929781,-39.0,114.0,-169.0,30.0,-25.0,-146.0,-135.0,-16.0,-93.0,26.0,40.0,-93.0,-26.07,97.68,-182.87,24.6,-51.78,-147.86,-116.95,-39.519999999999996,-73.81,44.129999999999995,21.84,-57.74
2025-08-13T13:45:07.934153,28.0,79.0,-93.0,27.0,19.0,-139.0,14.0,-21.0,-101.0,-79.0,84.0,-87.0,40.93,62.68,-106.87,21.6,-7.780000000000001,-140.86,32.05,-44.519999999999996,-81.81,-60.870000000000005,65.84,-51.74
2025-08-13T13:45:07.942038,87.0,17.0,-144.0,85.0,37.0,-158.0,-24.0,-31.0,-125.0,-78.0,90.0,-154.0,99.93,0.6799999999999997,-157.87,79.6,10.219999999999999,-159.86,-5.949999999999999,-54.519999999999996,-105.81,-59.870000000000005,71.84,-118.74000000000001
2025-08-13T13:45:07.946332,7.0,31.0,-86.0,20.0,-23.0,-149.0,-54.0,9.0,-97.0,-30.0,37.0,-225.0,19.93,14.68,-99.87,14.6,-49.78,-150.86,-35.95,-14.52,-77.81,-11.870000000000001,18.84,-189.74
2025-08-13T13:45:07.954475,-73.0,29.0,-164.0,31.0,28.0,-165.0,-98.0,32.0,-123.0,-76.0,57.0,-43.0,-60.07,12.68,-177.87,25.6,1.2199999999999989,-166.86,-79.95,8.48,-103.81,-57.870000000000005,38.84,-7.740000000000002
2025-08-13T13:45:07.958737,-17.0,92.0,-125.0,-57.0,-52.0,-155.0,-56.0,42.0,-149.0,-60.0,-19.0,-212.0,-4.07,75.68,-138.87,-62.4,-78.78,-156.86,-37.95,18.48,-129.81,-41.870000000000005,-37.16,-176.74
2025-08-13T13:45:07.966701,48.0,105.0,-165.0,8.0,5.0,-129.0,-43.0,4.0,-105.0,-78.0,28.0,-208.0,60.93,88.68,-178.87,2.5999999999999996,-21.78,-130.86,-24.95,-19.52,-85.81,-59.870000000000005,9.84,-172.74
2025-08-13T13:45:07.971049,100.0,3.0,-132.0,-5.0,33.0,-169.0,-109.0,-32.0,-109.0,-40.0,79.0,-170.0,112.93,-13.32,-145.87,-10.4,6.219999999999999,-170.86,-90.95,-55.519999999999996,-89.81,-21.87,60.84,-134.74
2025-08-13T13:45:07.979203,22.0,21.0,-104.0,38.0,-5.0,-126.0,-94.0,-8.0,-78.0,-71.0,57.0,-161.0,34.93,4.68,-117.87,32.6,-31.78,-127.86,-75.95,-31.52,-58.81,-52.870000000000005,38.84,-125.74000000000001
2025-08-13T13:45:07.983583,32.0,-11.0,-58.0,72.0,-20.0,-126.0,-36.0,19.0,-54.0,-88.0,10.0,-158.0,44.93,-27.32,-71.87,66.6,-46.78,-127.86,-17.95,-4.52,-34.81,-69.87,-8.16,-122.74000000000001
2025-08-13T13:45:07.991983,-26.0,20.0,-83.0,68.0,29.0,-101.0,-57.0,-12.0,-130.0,-22.0,43.0,-135.0,-13.07,3.6799999999999997,-96.87,62.6,2.219999999999999,-102.86,-38.95,-35.519999999999996,-110.81,-3.870000000000001,24.84,-99.74000000000001
2025-08-13T13:45:07.999376,37.0,23.0,-107.0,89.0,-21.0,-146.0,-49.0,-16.0,-118.0,-127.0,31.0,-60.0,49.93,6.68,-120.87,83.6,-47.78,-147.86,-30.95,-39.519999999999996,-98.81,-108.87,12.84,-24.740000000000002
2025-08-13T13:45:08.004521,-12.0,96.0,-132.0,44.0,37.0,-104.0,-47.0,-26.0,-97.0,-114.0,-27.0,-147.0,0.9299999999999997,79.68,-145.87,38.6,10.219999999999999,-105.86,-28.95,-49.519999999999996,-77.81,-95.87,-45.16,-111.74000000000001
2025-08-13T13:45:08.011772,7.0,59.0,-97.0,57.0,-8.0,-102.0,-40.0,-51.0,-81.0,-98.0,120.0,-109.0,19.93,42.68,-110.87,51.6,-34.78,-103.86,-21.95,-74.52,-61.81,-79.87,101.84,-73.74000000000001
2025-08-13T13:45:08.016648,83.0,-19.0,-117.0,23.0,-56.0,-113.0,-65.0,-7.0,-95.0,-41.0,65.0,-197.0,95.93,-35.32,-130.87,17.6,-82.78,-114.86,-46.95,-30.52,-75.81,-22.87,46.84,-161.74
2025-08-13T13:45:08.024671,92.0,77.0,-109.0,65.0,-22.0,-88.0,-188.0,7.0,-128.0,-35.0,-23.0,-171.0,104.93,60.68,-122.87,59.6,-48.78,-89.86,-169.95,-16.52,-108.81,-16.87,-41.16,-135.74
2025-08-13T13:45:08.029194,55.0,62.0,-67.0,108.0,0.0,-174.0,-35.0,0.0,-124.0,-32.0,32.0,-98.0,67.93,45.68,-80.87,102.6,-26.78,-175.86,-16.95,-23.52,-104.81,-13.870000000000001,13.84,-62.74
2025-08-13T13:45:08.036843,25.0,33.0,-125.0,36.0,48.0,-137.0,27.0,14.0,-150.0,-88.0,3.0,-146.0,37.93,16.68,-138.87,30.6,21.22,-138.86,45.05,-9.52,-130.81,-69.87,-15.16,-110.74000000000001
2025-08-13T13:45:08.041029,39.0,38.0,-111.0,71.0,-53.0,-116.0,-93.0,-64.0,-131.0,-109.0,35.0,-151.0,51.93,21.68,-124.87,65.6,-79.78,-117.86,-74.95,-87.52,-111.81,-90.87,16.84,-115.74000000000001
2025-08-13T13:45:08.049053,85.0,33.0,-159.0,102.0,-3.0,-118.0,-43.0,1.0,-110.0,-92.0,-20.0,-147.0,97.93,16.68,-172.87,96.6,-29.78,-119.86,-24.95,-22.52,-90.81,-73.87,-38.16,-111.74000000000001
2025-08-13T13:45:08.053825,79.0,36.0,-136.0,76.0,41.0,-135.0,-27.0,35.0,-122.0,-60.0,61.0,-189.0,91.93,19.68,-149.87,70.6,14.219999999999999,-136.86,-8.95,11.48,-102.81,-41.870000000000005,42.84,-153.74
2025-08-13T13:45:08.061974,-21.0,49.0,-73.0,-2.0,-15.0,-133.0,-1.0,72.0,-153.0,-91.0,-14.0,-105.0,-8.07,32.68,-86.87,-7.4,-41.78,-134.86,17.05,48.480000000000004,-133.81,-72.87,-32.16,-69.74000000000001
2025-08-13T13:45:08.065491,41.0,31.0,-96.0,17.0,-29.0,-85.0,-31.0,-3.0,-98.0,-43.0,58.0,-83.0,53.93,14.68,-109.87,11.6,-55.78,-86.86,-12.95,-26.52,-78.81,-24.87,39.84,-47.74
2025-08-13T13:45:08.073818,38.0,24.0,-127.0,50.0,-16.0,-107.0,-59.0,11.0,-86.0,-54.0,-1.0,-127.0,50.93,7.68,-140.87,44.6,-42.78,-108.86,-40.95,-12.52,-66.81,-35.870000000000005,-19.16,-91.74000000000001
2025-08-13T13:45:08.078753,21.0,49.0,-142.0,-2.0,-37.0,-65.0,-40.0,14.0,-132.0,-38.0,81.0,-186.0,33.93,32.68,-155.87,-7.4,-63.78,-66.86,-21.95,-9.52,-112.81,-19.87,62.84,-150.74
2025-08-13T13:45:08.085768,36.0,85.0,-93.0,2.0,16.0,-70.0,-28.0,-7.0,-134.0,-65.0,41.0,-209.0,48.93,68.68,-106.87,-3.4000000000000004,-10.780000000000001,-71.86,-9.95,-30.52,-114.81,-46.870000000000005,22.84,-173.74
2025-08-13T13:45:08.090935,-5.0,97.0,-120.0,77.0,8.0,-176.0,-86.0,10.0,-60.0,-40.0,47.0,-193.0,7.93,80.68,-133.87,71.6,-18.78,-177.86,-67.95,-13.52,-40.81,-21.87,28.84,-157.74
2025-08-13T13:45:08.098029,90.0,21.0,-71.0,17.0,37.0,-138.0,-121.0,8.0,-149.0,-25.0,8.0,-113.0,102.93,4.68,-84.87,11.6,10.219999999999999,-139.86,-102.95,-15.52,-129.81,-6.870000000000001,-10.16,-77.74000000000001
2025-08-13T13:45:08.103368,20.0,-40.0,-114.0,31.0,-28.0,-103.0,-30.0,31.0,-97.0,-63.0,49.0,-135.0,32.93,-56.32,-127.87,25.6,-54.78,-104.86,-11.95,7.48,-77.81,-44.870000000000005,30.84,-99.74000000000001
2025-08-13T13:45:08.110630,-13.0,22.0,-51.0,40.0,0.0,-128.0,-110.0,18.0,-128.0,-5.0,49.0,-136.0,-0.07000000000000028,5.68,-64.87,34.6,-26.78,-129.86,-91.95,-5.52,-108.81,13.129999999999999,30.84,-100.74000000000001
2025-08-13T13:45:08.119218,9.0,2.0,-94.0,31.0,-4.0,-134.0,-51.0,-10.0,-80.0,-46.0,97.0,-147.0,21.93,-14.32,-107.87,25.6,-30.78,-135.86,-32.95,-33.519999999999996,-60.81,-27.87,78.84,-111.74000000000001
2025-08-13T13:45:08.123914,-60.0,52.0,-159.0,69.0,15.0,-161.0,-17.0,-9.0,-136.0,-52.0,-2.0,-172.0,-47.07,35.68,-172.87,63.6,-11.780000000000001,-162.86,1.0500000000000007,-32.519999999999996,-116.81,-33.870000000000005,-20.16,-136.74
2025-08-13T13:45:08.130388,-22.0,96.0,-141.0,22.0,-2.0,-100.0,-62.0,27.0,-70.0,-34.0,32.0,-183.0,-9.07,79.68,-154.87,16.6,-28.78,-101.86,-43.95,3.4800000000000004,-50.81,-15.870000000000001,13.84,-147.74
2025-08-13T13:45:08.135750,11.0,-21.0,-132.0,35.0,25.0,-155.0,-89.0,4.0,-166.0,-85.0,91.0,-169.0,23.93,-37.32,-145.87,29.6,-1.7800000000000011,-156.86,-70.95,-19.52,-146.81,-66.87,72.84,-133.74
2025-08-13T13:45:08.142802,-8.0,-26.0,-75.0,39.0,-1.0,-97.0,-29.0,-2.0,-94.0,-64.0,-12.0,-185.0,4.93,-42.32,-88.87,33.6,-27.78,-98.86,-10.95,-25.52,-74.81,-45.870000000000005,-30.16,-149.74
2025-08-13T13:45:08.147337,-10.0,92.0,-112.0,64.0,9.0,-167.0,-13.0,17.0,-124.0,-26.0,31.0,-185.0,2.9299999999999997,75.68,-125.87,58.6,-17.78,-168.86,5.050000000000001,-6.52,-104.81,-7.870000000000001,12.84,-149.74
2025-08-13T13:45:08.155075,12.0,35.0,-106.0,-6.0,-19.0,-113.0,-18.0,26.0,-141.0,-42.0,41.0,-161.0,24.93,18.68,-119.87,-11.4,-45.78,-114.86,0.05000000000000071,2.4800000000000004,-121.81,-23.87,22.84,-125.74000000000001
2025-08-13T13:45:08.159736,-24.0,89.0,-12.0,3.0,-60.0,-50.0,-24.0,-64.0,-87.0,-50.0,63.0,-107.0,-11.07,72.68,-25.869999999999997,-2.4000000000000004,-86.78,-51.86,-5.949999999999999,-87.52,-67.81,-31.87,44.84,-71.74000000000001
2025-08-13T13:45:08.168167,22.0,17.0,-149.0,69.0,19.0,-156.0,-89.0,-96.0,-162.0,-63.0,88.0,-171.0,34.93,0.6799999999999997,-162.87,63.6,-7.780000000000001,-157.86,-70.95,-119.52,-142.81,-44.870000000000005,69.84,-135.74
2025-08-13T13:45:08.172028,55.0,24.0,-149.0,24.0,15.0,-143.0,-41.0,-41.0,-127.0,-46.0,9.0,-126.0,67.93,7.68,-162.87,18.6,-11.780000000000001,-144.86,-22.95,-64.52,-107.81,-27.87,-9.16,-90.74000000000001
2025-08-13T13:45:08.180407,43.0,19.0,-126.0,22.0,-62.0,-112.0,-51.0,-26.0,-161.0,-50.0,12.0,-204.0,55.93,2.6799999999999997,-139.87,16.6,-88.78,-113.86,-32.95,-49.519999999999996,-141.81,-31.87,-6.16,-168.74
2025-08-13T13:45:08.184333,40.0,5.0,-171.0,46.0,42.0,-96.0,-32.0,-6.0,-137.0,-61.0,32.0,-165.0,52.93,-11.32,-184.87,40.6,15.219999999999999,-97.86,-13.95,-29.52,-117.81,-42.870000000000005,13.84,-129.74
2025-08-13T13:45:08.192165,35.0,-6.0,-149.0,14.0,4.0,-120.0,-47.0,-25.0,-170.0,-57.0,-4.0,-117.0,47.93,-22.32,-162.87,8.6,-22.78,-121.86,-28.95,-48.519999999999996,-150.81,-38.870000000000005,-22.16,-81.74000000000001
2025-08-13T13:45:08.197367,18.0,68.0,-91.0,3.0,-5.0,-140.0,-101.0,3.0,-102.0,-45.0,92.0,-130.0,30.93,51.68,-104.87,-2.4000000000000004,-31.78,-141.86,-82.95,-20.52,-82.81,-26.87,73.84,-94.74000000000001
2025-08-13T13:45:08.204575,5.0,51.0,-160.0,19.0,-20.0,-172.0,-72.0,19.0,-94.0,2.0,41.0,-138.0,17.93,34.68,-173.87,13.6,-46.78,-173.86,-53.95,-4.52,-74.81,20.13,22.84,-102.74000000000001
2025-08-13T13:45:08.210528,49.0,25.0,-93.0,16.0,23.0,-137.0,-23.0,62.0,-161.0,-124.0,55.0,-169.0,61.93,8.68,-106.87,10.6,-3.780000000000001,-138.86,-4.949999999999999,38.480000000000004,-141.81,-105.87,36.84,-133.74
2025-08-13T13:45:08.217071,40.0,11.0,-95.0,23.0,-14.0,-126.0,-138.0,-21.0,-79.0,-89.0,-10.0,-127.0,52.93,-5.32,-108.87,17.6,-40.78,-127.86,-119.95,-44.519999999999996,-59.81,-70.87,-28.16,-91.74000000000001
2025-08-13T13:45:08.221608,20.0,-30.0,-69.0,59.0,82.0,-107.0,-26.0,0.0,-43.0,-67.0,-46.0,-139.0,32.93,-46.32,-82.87,53.6,55.22,-108.86,-7.949999999999999,-23.52,-23.81,-48.870000000000005,-64.16,-103.74000000000001
2025-08-13T13:45:08.230707,7.0,-4.0,-123.0,28.0,-13.0,-139.0,-51.0,-6.0,-144.0,6.0,-31.0,-181.0,19.93,-20.32,-136.87,22.6,-39.78,-140.86,-32.95,-29.52,-124.81,24.13,-49.16,-145.74
2025-08-13T13:45:08.236859,4.0,28.0,-90.0,63.0,14.0,-144.0,23.0,2.0,-193.0,-89.0,-4.0,-149.0,16.93,11.68,-103.87,57.6,-12.780000000000001,-145.86,41.05,-21.52,-173.81,-70.87,-22.16,-113.74000000000001
2025-08-13T13:45:08.241871,-94.0,163.0,-179.0,50.0,4.0,-99.0,-69.0,-15.0,-109.0,-19.0,113.0,-145.0,-81.07,146.68,-192.87,44.6,-22.78,-100.86,-50.95,-38.519999999999996,-89.81,-0.870000000000001,94.84,-109.74000000000001
2025-08-13T13:45:08.245581,41.0,74.0,-199.0,9.0,26.0,-115.0,10.0,17.0,-97.0,-72.0,37.0,-120.0,53.93,57.68,-212.87,3.5999999999999996,-0.7800000000000011,-116.86,28.05,-6.52,-77.81,-53.870000000000005,18.84,-84.74000000000001
2025-08-13T13:45:08.253393,-6.0,3.0,-140.0,-6.0,6.0,-118.0,-65.0,40.0,-129.0,-22.0,21.0,-162.0,6.93,-13.32,-153.87,-11.4,-20.78,-119.86,-46.95,16.48,-109.81,-3.870000000000001,2.84,-126.74000000000001
2025-08-13T13:45:08.257697,51.0,-2.0,-61.0,88.0,-31.0,-168.0,-74.0,-42.0,-146.0,7.0,-31.0,-184.0,63.93,-18.32,-74.87,82.6,-57.78,-169.86,-55.95,-65.52,-126.81,25.13,-49.16,-148.74
2025-08-13T13:45:08.265786,-24.0,9.0,-139.0,12.0,31.0,-152.0,-31.0,-107.0,-141.0,-83.0,-9.0,-83.0,-11.07,-7.32,-152.87,6.6,4.219999999999999,-153.86,-12.95,-130.52,-121.81,-64.87,-27.16,-47.74
2025-08-13T13:45:08.273797,-18.0,61.0,-111.0,100.0,-54.0,-113.0,-60.0,-20.0,-141.0,-50.0,75.0,-147.0,-5.07,44.68,-124.87,94.6,-80.78,-114.86,-41.95,-43.519999999999996,-121.81,-31.87,56.84,-111.74000000000001
2025-08-13T13:45:08.278131,84.0,81.0,-130.0,89.0,-7.0,-156.0,-102.0,38.0,-78.0,-35.0,26.0,-153.0,96.93,64.68,-143.87,83.6,-33.78,-157.86,-83.95,14.48,-58.81,-16.87,7.84,-117.74000000000001
2025-08-13T13:45:08.286122,107.0,128.0,-87.0,9.0,44.0,-135.0,-56.0,27.0,-167.0,-41.0,49.0,-206.0,119.93,111.68,-100.87,3.5999999999999996,17.22,-136.86,-37.95,3.4800000000000004,-147.81,-22.87,30.84,-170.74
2025-08-13T13:45:08.290457,50.0,-27.0,-159.0,149.0,18.0,-176.0,-11.0,-5.0,-108.0,-20.0,2.0,-167.0,62.93,-43.32,-172.87,143.6,-8.780000000000001,-177.86,7.050000000000001,-28.52,-88.81,-1.870000000000001,-16.16,-131.74
2025-08-13T13:45:08.298571,64.0,77.0,-60.0,37.0,-43.0,-80.0,-33.0,-27.0,-190.0,-8.0,72.0,-242.0,76.93,60.68,-73.87,31.6,-69.78,-81.86,-14.95,-50.519999999999996,-170.81,10.129999999999999,53.84,-206.74
2025-08-13T13:45:08.302637,44.0,29.0,-134.0,114.0,7.0,-93.0,-12.0,-32.0,-169.0,-24.0,67.0,-182.0,56.93,12.68,-147.87,108.6,-19.78,-94.86,6.050000000000001,-55.519999999999996,-149.81,-5.870000000000001,48.84,-146.74
2025-08-13T13:45:08.310951,11.0,123.0,-136.0,29.0,34.0,-148.0,-117.0,-21.0,-193.0,-94.0,58.0,-141.0,23.93,106.68,-149.87,23.6,7.219999999999999,-149.86,-98.95,-44.519999999999996,-173.81,-75.87,39.84,-105.74000000000001
2025-08-13T13:45:08.315055,108.0,82.0,-208.0,118.0,-1.0,-118.0,-63.0,-81.0,-231.0,-98.0,71.0,-240.0,120.93,65.68,-221.87,112.6,-27.78,-119.86,-44.95,-104.52,-211.81,-79.87,52.84,-204.74
2025-08-13T13:45:08.323404,27.0,103.0,-206.0,122.0,-33.0,-152.0,-90.0,-55.0,-200.0,-87.0,69.0,-253.0,39.93,86.68,-219.87,116.6,-59.78,-153.86,-71.95,-78.52,-180.81,-68.87,50.84,-217.74
2025-08-13T13:45:08.331346,135.0,107.0,-136.0,23.0,47.0,-102.0,-43.0,-106.0,-230.0,-35.0,71.0,-230.0,147.93,90.68,-149.87,17.6,20.22,-103.86,-24.95,-129.52,-210.81,-16.87,52.84,-194.74
2025-08-13T13:45:08.335779,56.0,61.0,-166.0,153.0,-56.0,-174.0,-77.0,-58.0,-194.0,-157.0,140.0,-236.0,68.93,44.68,-179.87,147.6,-82.78,-175.86,-58.95,-81.52,-174.81,-138.87,121.84,-200.74
2025-08-13T13:45:08.343562,133.0,84.0,-195.0,302.0,-46.0,-205.0,-98.0,-97.0,-210.0,-102.0,87.0,-247.0,145.93,67.68,-208.87,296.6,-72.78,-206.86,-79.95,-120.52,-190.81,-83.87,68.84,-211.74
2025-08-13T13:45:08.348173,192.0,100.0,-179.0,108.0,28.0,-203.0,-11.0,-76.0,-226.0,-64.0,106.0,-273.0,204.93,83.68,-192.87,102.6,1.2199999999999989,-204.86,7.050000000000001,-99.52,-206.81,-45.870000000000005,87.84,-237.74
2025-08-13T13:45:08.355851,174.0,154.0,-114.0,164.0,-44.0,-216.0,-89.0,-80.0,-235.0,-98.0,110.0,-360.0,186.93,137.68,-127.87,158.6,-70.78,-217.86,-70.95,-103.52,-215.81,-79.87,91.84,-324.74
2025-08-13T13:45:08.360602,176.0,45.0,-173.0,248.0,8.0,-210.0,-73.0,-106.0,-244.0,-26.0,105.0,-342.0,188.93,28.68,-186.87,242.6,-18.78,-211.86,-54.95,-129.52,-224.81,-7.870000000000001,86.84,-306.74
2025-08-13T13:45:08.368196,247.0,99.0,-192.0,236.0,-60.0,-209.0,-55.0,-127.0,-248.0,-68.0,169.0,-305.0,259.93,82.68,-205.87,230.6,-86.78,-210.86,-36.95,-150.52,-228.81,-49.870000000000005,150.84,-269.74
2025-08-13T13:45:08.376281,209.0,96.0,-156.0,175.0,-47.0,-199.0,-65.0,-103.0,-276.0,12.0,116.0,-397.0,221.93,79.68,-169.87,169.6,-73.78,-200.86,-46.95,-126.52,-256.81,30.13,97.84,-361.74
2025-08-13T13:45:08.380600,232.0,155.0,-202.0,281.0,-5.0,-219.0,-72.0,-125.0,-370.0,-98.0,148.0,-402.0,244.93,138.68,-215.87,275.6,-31.78,-220.86,-53.95,-148.52,-350.81,-79.87,129.84,-366.74
2025-08-13T13:45:08.388577,239.0,35.0,-219.0,217.0,-38.0,-283.0,-81.0,-209.0,-291.0,-122.0,98.0,-403.0,251.93,18.68,-232.87,211.6,-64.78,-284.86,-62.95,-232.52,-271.81,-103.87,79.84,-367.74
2025-08-13T13:45:08.396744,213.0,61.0,-166.0,281.0,-48.0,-268.0,-123.0,-125.0,-359.0,-119.0,104.0,-401.0,225.93,44.68,-179.87,275.6,-74.78,-269.86,-104.95,-148.52,-339.81,-100.87,85.84,-365.74
2025-08-13T13:45:08.401191,261.0,88.0,-205.0,340.0,-51.0,-244.0,-89.0,-115.0,-339.0,-120.0,212.0,-398.0,273.93,71.68,-218.87,334.6,-77.78,-245.86,-70.95,-138.52,-319.81,-101.87,193.84,-362.74
2025-08-13T13:45:08.409215,309.0,39.0,-195.0,232.0,-38.0,-197.0,-57.0,-132.0,-370.0,-96.0,162.0,-443.0,321.93,22.68,-208.87,226.6,-64.78,-198.86,-38.95,-155.52,-350.81,-77.87,143.84,-407.74
2025-08-13T13:45:08.413530,303.0,86.0,-218.0,300.0,-73.0,-249.0,-120.0,-162.0,-383.0,-54.0,146.0,-429.0,315.93,69.68,-231.87,294.6,-99.78,-250.86,-101.95,-185.52,-363.81,-35.870000000000005,127.84,-393.74
2025-08-13T13:45:08.421418,402.0,98.0,-310.0,288.0,-58.0,-177.0,-98.0,-169.0,-454.0,-77.0,220.0,-444.0,414.93,81.68,-323.87,282.6,-84.78,-178.86,-79.95,-192.52,-434.81,-58.870000000000005,201.84,-408.74
2025-08-13T13:45:08.429502,370.0,66.0,-273.0,325.0,-95.0,-222.0,-28.0,-142.0,-431.0,-117.0,207.0,-478.0,382.93,49.68,-286.87,319.6,-121.78,-223.86,-9.95,-165.52,-411.81,-98.87,188.84,-442.74
2025-08-13T13:45:08.433995,303.0,137.0,-189.0,317.0,-16.0,-187.0,-109.0,-140.0,-347.0,-73.0,184.0,-440.0,315.93,120.68,-202.87,311.6,-42.78,-188.86,-90.95,-163.52,-327.81,-54.870000000000005,165.84,-404.74
2025-08-13T13:45:08.442071,404.0,144.0,-222.0,348.0,-43.0,-197.0,-6.0,-245.0,-388.0,-73.0,135.0,-376.0,416.93,127.68,-235.87,342.6,-69.78,-198.86,12.05,-268.52,-368.81,-54.870000000000005,116.84,-340.74
2025-08-13T13:45:08.446520,321.0,58.0,-184.0,337.0,-65.0,-200.0,-18.0,-143.0,-424.0,-77.0,205.0,-418.0,333.93,41.68,-197.87,331.6,-91.78,-201.86,0.05000000000000071,-166.52,-404.81,-58.870000000000005,186.84,-382.74
2025-08-13T13:45:08.454409,310.0,73.0,-258.0,291.0,-63.0,-254.0,-97.0,-108.0,-363.0,-40.0,235.0,-437.0,322.93,56.68,-271.87,285.6,-89.78,-255.86,-78.95,-131.52,-343.81,-21.87,216.84,-401.74
2025-08-13T13:45:08.462234,402.0,109.0,-267.0,327.0,-90.0,-142.0,-83.0,-276.0,-409.0,-76.0,201.0,-367.0,414.93,92.68,-280.87,321.6,-116.78,-143.86,-64.95,-299.52,-389.81,-57.870000000000005,182.84,-331.74
2025-08-13T13:45:08.468744,434.0,60.0,-201.0,278.0,-114.0,-256.0,-89.0,-172.0,-420.0,-70.0,258.0,-468.0,446.93,43.68,-214.87,272.6,-140.78,-257.86,-70.95,-195.52,-400.81,-51.870000000000005,239.84,-432.74
2025-08-13T13:45:08.475258,258.0,95.0,-229.0,290.0,-79.0,-231.0,-85.0,-197.0,-343.0,-13.0,165.0,-467.0,270.93,78.68,-242.87,284.6,-105.78,-232.86,-66.95,-220.52,-323.81,5.129999999999999,146.84,-431.74
2025-08-13T13:45:08.480938,317.0,159.0,-226.0,350.0,-49.0,-215.0,-86.0,-188.0,-433.0,-97.0,167.0,-421.0,329.93,142.68,-239.87,344.6,-75.78,-216.86,-67.95,-211.52,-413.81,-78.87,148.84,-385.74
2025-08-13T13:45:08.487367,260.0,53.0,-230.0,245.0,-52.0,-203.0,-10.0,-165.0,-415.0,-160.0,284.0,-467.0,272.93,36.68,-243.87,239.6,-78.78,-204.86,8.05,-188.52,-395.81,-141.87,265.84,-431.74
2025-08-13T13:45:08.495155,254.0,107.0,-229.0,284.0,-22.0,-251.0,-45.0,-272.0,-362.0,-92.0,216.0,-448.0,266.93,90.68,-242.87,278.6,-48.78,-252.86,-26.95,-295.52,-342.81,-73.87,197.84,-412.74
2025-08-13T13:45:08.500002,342.0,111.0,-260.0,280.0,-58.0,-180.0,-17.0,-233.0,-418.0,-82.0,224.0,-440.0,354.93,94.68,-273.87,274.6,-84.78,-181.86,1.0500000000000007,-256.52,-398.81,-63.870000000000005,205.84,-404.74
2025-08-13T13:45:08.508507,273.0,33.0,-193.0,304.0,24.0,-213.0,-34.0,-174.0,-436.0,-43.0,227.0,-439.0,285.93,16.68,-206.87,298.6,-2.780000000000001,-214.86,-15.95,-197.52,-416.81,-24.87,208.84,-403.74
2025-08-13T13:45:08.514192,322.0,69.0,-207.0,313.0,-44.0,-230.0,-65.0,-193.0,-363.0,-34.0,196.0,-451.0,334.93,52.68,-220.87,307.6,-70.78,-231.86,-46.95,-216.52,-343.81,-15.870000000000001,177.84,-415.74
2025-08-13T13:45:08.519932,356.0,44.0,-264.0,347.0,-39.0,-251.0,-105.0,-246.0,-372.0,-99.0,122.0,-426.0,368.93,27.68,-277.87,341.6,-65.78,-252.86,-86.95,-269.52,-352.81,-80.87,103.84,-390.74
2025-08-13T13:45:08.527824,356.0,58.0,-261.0,349.0,-40.0,-230.0,-124.0,-137.0,-440.0,-66.0,198.0,-385.0,368.93,41.68,-274.87,343.6,-66.78,-231.86,-105.95,-160.52,-420.81,-47.870000000000005,179.84,-349.74
2025-08-13T13:45:08.533234,319.0,63.0,-132.0,363.0,-55.0,-213.0,-106.0,-148.0,-362.0,-74.0,228.0,-417.0,331.93,46.68,-145.87,357.6,-81.78,-214.86,-87.95,-171.52,-342.81,-55.870000000000005,209.84,-381.74
2025-08-13T13:45:08.540746,323.0,126.0,-246.0,321.0,16.0,-176.0,-66.0,-144.0,-380.0,-37.0,200.0,-409.0,335.93,109.68,-259.87,315.6,-10.780000000000001,-177.86,-47.95,-167.52,-360.81,-18.87,181.84,-373.74
2025-08-13T13:45:08.544992,299.0,63.0,-262.0,312.0,-36.0,-170.0,-122.0,-126.0,-358.0,-89.0,192.0,-472.0,311.93,46.68,-275.87,306.6,-62.78,-171.86,-103.95,-149.52,-338.81,-70.87,173.84,-436.74
2025-08-13T13:45:08.552770,307.0,128.0,-154.0,352.0,-37.0,-201.0,-81.0,-215.0,-382.0,-97.0,224.0,-472.0,319.93,111.68,-167.87,346.6,-63.78,-202.86,-62.95,-238.52,-362.81,-78.87,205.84,-436.74
2025-08-13T13:45:08.560776,348.0,104.0,-249.0,363.0,13.0,-230.0,-34.0,-168.0,-369.0,-57.0,184.0,-444.0,360.93,87.68,-262.87,357.6,-13.780000000000001,-231.86,-15.95,-191.52,-349.81,-38.870000000000005,165.84,-408.74
2025-08-13T13:45:08.565079,332.0,-6.0,-211.0,287.0,-54.0,-191.0,-87.0,-266.0,-463.0,-85.0,241.0,-422.0,344.93,-22.32,-224.87,281.6,-80.78,-192.86,-68.95,-289.52,-443.81,-66.87,222.84,-386.74
2025-08-13T13:45:08.573036,272.0,53.0,-176.0,331.0,-77.0,-221.0,-1.0,-200.0,-322.0,-67.0,175.0,-469.0,284.93,36.68,-189.87,325.6,-103.78,-222.86,17.05,-223.52,-302.81,-48.870000000000005,156.84,-433.74
2025-08-13T13:45:08.577700,255.0,58.0,-208.0,332.0,-11.0,-210.0,-76.0,-142.0,-420.0,-55.0,233.0,-474.0,267.93,41.68,-221.87,326.6,-37.78,-211.86,-57.95,-165.52,-400.81,-36.870000000000005,214.84,-438.74
2025-08-13T13:45:08.585544,295.0,42.0,-180.0,354.0,-58.0,-183.0,-93.0,-223.0,-424.0,-113.0,147.0,-380.0,307.93,25.68,-193.87,348.6,-84.78,-184.86,-74.95,-246.52,-404.81,-94.87,128.84,-344.74
2025-08-13T13:45:08.593534,325.0,126.0,-167.0,294.0,-79.0,-233.0,-113.0,-274.0,-363.0,-109.0,297.0,-463.0,337.93,109.68,-180.87,288.6,-105.78,-234.86,-94.95,-297.52,-343.81,-90.87,278.84,-427.74
2025-08-13T13:45:08.597936,345.0,128.0,-263.0,339.0,-2.0,-157.0,-30.0,-168.0,-411.0,-22.0,169.0,-497.0,357.93,111.68,-276.87,333.6,-28.78,-158.86,-11.95,-191.52,-391.81,-3.870000000000001,150.84,-461.74
2025-08-13T13:45:08.605924,237.0,59.0,-194.0,340.0,-77.0,-238.0,-69.0,-177.0,-371.0,-109.0,119.0,-495.0,249.93,42.68,-207.87,334.6,-103.78,-239.86,-50.95,-200.52,-351.81,-90.87,100.84,-459.74
2025-08-13T13:45:08.610364,371.0,66.0,-176.0,350.0,-14.0,-196.0,-84.0,-175.0,-397.0,-108.0,218.0,-455.0,383.93,49.68,-189.87,344.6,-40.78,-197.86,-65.95,-198.52,-377.81,-89.87,199.84,-419.74
2025-08-13T13:45:08.618301,289.0,72.0,-228.0,279.0,-22.0,-161.0,-34.0,-202.0,-389.0,-14.0,184.0,-424.0,301.93,55.68,-241.87,273.6,-48.78,-162.86,-15.95,-225.52,-369.81,4.129999999999999,165.84,-388.74
2025-08-13T13:45:08.626061,382.0,72.0,-223.0,335.0,-27.0,-173.0,-64.0,-194.0,-297.0,-83.0,174.0,-420.0,394.93,55.68,-236.87,329.6,-53.78,-174.86,-45.95,-217.52,-277.81,-64.87,155.84,-384.74
2025-08-13T13:45:08.630679,361.0,108.0,-220.0,335.0,48.0,-267.0,-30.0,-189.0,-357.0,-64.0,204.0,-486.0,373.93,91.68,-233.87,329.6,21.22,-268.86,-11.95,-212.52,-337.81,-45.870000000000005,185.84,-450.74
2025-08-13T13:45:08.639558,365.0,96.0,-233.0,326.0,-56.0,-171.0,-67.0,-145.0,-397.0,-127.0,135.0,-475.0,377.93,79.68,-246.87,320.6,-82.78,-172.86,-48.95,-168.52,-377.81,-108.87,116.84,-439.74
2025-08-13T13:45:08.643026,351.0,81.0,-158.0,326.0,-26.0,-234.0,-41.0,-135.0,-360.0,-84.0,268.0,-422.0,363.93,64.68,-171.87,320.6,-52.78,-235.86,-22.95,-158.52,-340.81,-65.87,249.84,-386.74
2025-08-13T13:45:08.651087,313.0,185.0,-166.0,312.0,30.0,-209.0,-83.0,-172.0,-419.0,-76.0,176.0,-491.0,325.93,168.68,-179.87,306.6,3.219999999999999,-210.86,-64.95,-195.52,-399.81,-57.870000000000005,157.84,-455.74
2025-08-13T13:45:08.658886,287.0,61.0,-252.0,267.0,-59.0,-169.0,-130.0,-199.0,-380.0,-80.0,184.0,-424.0,299.93,44.68,-265.87,261.6,-85.78,-170.86,-111.95,-222.52,-360.81,-61.870000000000005,165.84,-388.74
2025-08-13T13:45:08.663542,314.0,-4.0,-235.0,362.0,-32.0,-205.0,-148.0,-166.0,-355.0,-83.0,227.0,-397.0,326.93,-20.32,-248.87,356.6,-58.78,-206.86,-129.95,-189.52,-335.81,-64.87,208.84,-361.74
2025-08-13T13:45:08.671262,367.0,70.0,-226.0,314.0,-62.0,-188.0,-80.0,-183.0,-470.0,-18.0,169.0,-486.0,379.93,53.68,-239.87,308.6,-88.78,-189.86,-61.95,-206.52,-450.81,0.129999999999999,150.84,-450.74
2025-08-13T13:45:08.675890,291.0,137.0,-218.0,260.0,7.0,-275.0,-19.0,-161.0,-426.0,-64.0,169.0,-491.0,303.93,120.68,-231.87,254.6,-19.78,-276.86,-0.9499999999999993,-184.52,-406.81,-45.870000000000005,150.84,-455.74
2025-08-13T13:45:08.683860,381.0,34.0,-198.0,258.0,-77.0,-236.0,-81.0,-220.0,-402.0,-101.0,160.0,-438.0,393.93,17.68,-211.87,252.6,-103.78,-237.86,-62.95,-243.52,-382.81,-82.87,141.84,-402.74
2025-08-13T13:45:08.692107,364.0,27.0,-114.0,350.0,-29.0,-194.0,-105.0,-250.0,-436.0,-58.0,115.0,-475.0,376.93,10.68,-127.87,344.6,-55.78,-195.86,-86.95,-273.52,-416.81,-39.870000000000005,96.84,-439.74
2025-08-13T13:45:08.696189,354.0,5.0,-175.0,257.0,-68.0,-182.0,-22.0,-215.0,-353.0,-90.0,135.0,-425.0,366.93,-11.32,-188.87,251.6,-94.78,-183.86,-3.9499999999999993,-238.52,-333.81,-71.87,116.84,-389.74
2025-08-13T13:45:08.704154,297.0,31.0,-141.0,345.0,-30.0,-184.0,-66.0,-151.0,-407.0,-76.0,259.0,-509.0,309.93,14.68,-154.87,339.6,-56.78,-185.86,-47.95,-174.52,-387.81,-57.870000000000005,240.84,-473.74
2025-08-13T13:45:08.708735,320.0,133.0,-145.0,348.0,3.0,-191.0,-12.0,-223.0,-438.0,-51.0,234.0,-456.0,332.93,116.68,-158.87,342.6,-23.78,-192.86,6.050000000000001,-246.52,-418.81,-32.870000000000005,215.84,-420.74
2025-08-13T13:45:08.716434,417.0,57.0,-171.0,336.0,3.0,-233.0,-122.0,-190.0,-332.0,-60.0,123.0,-460.0,429.93,40.68,-184.87,330.6,-23.78,-234.86,-103.95,-213.52,-312.81,-41.870000000000005,104.84,-424.74
2025-08-13T13:45:08.724359,359.0,7.0,-166.0,314.0,6.0,-199.0,-53.0,-237.0,-399.0,-108.0,203.0,-468.0,371.93,-9.32,-179.87,308.6,-20.78,-200.86,-34.95,-260.52,-379.81,-89.87,184.84,-432.74
2025-08-13T13:45:08.729007,294.0,58.0,-175.0,260.0,-85.0,-130.0,-16.0,-175.0,-373.0,-80.0,163.0,-447.0,306.93,41.68,-188.87,254.6,-111.78,-131.86,2.0500000000000007,-198.52,-353.81,-61.870000000000005,144.84,-411.74
2025-08-13T13:45:08.737041,358.0,67.0,-224.0,362.0,-16.0,-232.0,-41.0,-233.0,-317.0,-69.0,233.0,-478.0,370.93,50.68,-237.87,356.6,-42.78,-233.86,-22.95,-256.52,-297.81,-50.870000000000005,214.84,-442.74
2025-08-13T13:45:08.741376,346.0,53.0,-213.0,289.0,-18.0,-210.0,-94.0,-207.0,-346.0,-64.0,209.0,-399.0,358.93,36.68,-226.87,283.6,-44.78,-211.86,-75.95,-230.52,-326.81,-45.870000000000005,190.84,-363.74
2025-08-13T13:45:08.749324,278.0,140.0,-111.0,326.0,-41.0,-182.0,-48.0,-243.0,-450.0,-33.0,184.0,-473.0,290.93,123.68,-124.87,320.6,-67.78,-183.86,-29.95,-266.52,-430.81,-14.870000000000001,165.84,-437.74
2025-08-13T13:45:08.757231,336.0,77.0,-237.0,336.0,23.0,-200.0,-59.0,-248.0,-417.0,-46.0,204.0,-400.0,348.93,60.68,-250.87,330.6,-3.780000000000001,-201.86,-40.95,-271.52,-397.81,-27.87,185.84,-364.74
2025-08-13T13:45:08.761795,367.0,41.0,-216.0,391.0,-76.0,-171.0,-141.0,-216.0,-372.0,-83.0,188.0,-412.0,379.93,24.68,-229.87,385.6,-102.78,-172.86,-122.95,-239.52,-352.81,-64.87,169.84,-376.74
2025-08-13T13:45:08.769746,342.0,99.0,-217.0,324.0,-70.0,-137.0,-78.0,-163.0,-367.0,-84.0,221.0,-521.0,354.93,82.68,-230.87,318.6,-96.78,-138.86,-59.95,-186.52,-347.81,-65.87,202.84,-485.74
2025-08-13T13:45:08.775331,339.0,108.0,-191.0,350.0,-2.0,-225.0,-89.0,-277.0,-374.0,-140.0,237.0,-440.0,351.93,91.68,-204.87,344.6,-28.78,-226.86,-70.95,-300.52,-354.81,-121.87,218.84,-404.74
2025-08-13T13:45:08.782076,345.0,34.0,-131.0,260.0,40.0,-171.0,-85.0,-161.0,-371.0,-52.0,199.0,-462.0,357.93,17.68,-144.87,254.6,13.219999999999999,-172.86,-66.95,-184.52,-351.81,-33.870000000000005,180.84,-426.74
2025-08-13T13:45:08.790181,415.0,66.0,-215.0,295.0,-16.0,-147.0,-35.0,-193.0,-369.0,-116.0,200.0,-480.0,427.93,49.68,-228.87,289.6,-42.78,-148.86,-16.95,-216.52,-349.81,-97.87,181.84,-444.74
2025-08-13T13:45:08.794560,335.0,91.0,-187.0,269.0,-51.0,-191.0,-55.0,-168.0,-396.0,-67.0,154.0,-480.0,347.93,74.68,-200.87,263.6,-77.78,-192.86,-36.95,-191.52,-376.81,-48.870000000000005,135.84,-444.74
2025-08-13T13:45:08.802378,305.0,20.0,-208.0,279.0,-37.0,-216.0,-103.0,-200.0,-454.0,-166.0,209.0,-442.0,317.93,3.6799999999999997,-221.87,273.6,-63.78,-217.86,-84.95,-223.52,-434.81,-147.87,190.84,-406.74
2025-08-13T13:45:08.807087,316.0,96.0,-214.0,266.0,-58.0,-256.0,-100.0,-152.0,-349.0,-97.0,225.0,-526.0,328.93,79.68,-227.87,260.6,-84.78,-257.86,-81.95,-175.52,-329.81,-78.87,206.84,-490.74
2025-08-13T13:45:08.814794,341.0,138.0,-203.0,328.0,-52.0,-139.0,-64.0,-260.0,-365.0,-105.0,108.0,-471.0,353.93,121.68,-216.87,322.6,-78.78,-140.86,-45.95,-283.52,-345.81,-86.87,89.84,-435.74
2025-08-13T13:45:08.822806,279.0,83.0,-161.0,307.0,-43.0,-252.0,-91.0,-183.0,-404.0,-82.0,207.0,-450.0,291.93,66.68,-174.87,301.6,-69.78,-253.86,-72.95,-206.52,-384.81,-63.870000000000005,188.84,-414.74
2025-08-13T13:45:08.827504,324.0,33.0,-194.0,362.0,-3.0,-234.0,-47.0,-216.0,-355.0,-73.0,147.0,-479.0,336.93,16.68,-207.87,356.6,-29.78,-235.86,-28.95,-239.52,-335.81,-54.870000000000005,128.84,-443.74
2025-08-13T13:45:08.835316,337.0,69.0,-207.0,350.0,-9.0,-183.0,16.0,-246.0,-344.0,-40.0,194.0,-408.0,349.93,52.68,-220.87,344.6,-35.78,-184.86,34.05,-269.52,-324.81,-21.87,175.84,-372.74
2025-08-13T13:45:08.839905,306.0,68.0,-229.0,311.0,-42.0,-189.0,-15.0,-187.0,-423.0,-79.0,221.0,-499.0,318.93,51.68,-242.87,305.6,-68.78,-190.86,3.0500000000000007,-210.52,-403.81,-60.870000000000005,202.84,-463.74
2025-08-13T13:45:08.847660,312.0,42.0,-229.0,304.0,-89.0,-240.0,-85.0,-162.0,-325.0,-81.0,111.0,-460.0,324.93,25.68,-242.87,298.6,-115.78,-241.86,-66.95,-185.52,-305.81,-62.870000000000005,92.84,-424.74
2025-08-13T13:45:08.855540,245.0,64.0,-173.0,381.0,-30.0,-214.0,-60.0,-214.0,-416.0,-70.0,175.0,-490.0,257.93,47.68,-186.87,375.6,-56.78,-215.86,-41.95,-237.52,-396.81,-51.870000000000005,156.84,-454.74
2025-08-13T13:45:08.860290,308.0,69.0,-219.0,373.0,-84.0,-184.0,-78.0,-233.0,-383.0,-89.0,228.0,-458.0,320.93,52.68,-232.87,367.6,-110.78,-185.86,-59.95,-256.52,-363.81,-70.87,209.84,-422.74
2025-08-13T13:45:08.867880,342.0,81.0,-168.0,309.0,-35.0,-182.0,-86.0,-185.0,-420.0,-64.0,94.0,-394.0,354.93,64.68,-181.87,303.6,-61.78,-183.86,-67.95,-208.52,-400.81,-45.870000000000005,75.84,-358.74
2025-08-13T13:45:08.872516,308.0,84.0,-181.0,291.0,-53.0,-194.0,-107.0,-208.0,-381.0,-82.0,186.0,-471.0,320.93,67.68,-194.87,285.6,-79.78,-195.86,-88.95,-231.52,-361.81,-63.870000000000005,167.84,-435.74
2025-08-13T13:45:08.881829,284.0,107.0,-206.0,371.0,-102.0,-240.0,-140.0,-244.0,-439.0,-79.0,208.0,-380.0,296.93,90.68,-219.87,365.6,-128.78,-241.86,-121.95,-267.52,-419.81,-60.870000000000005,189.84,-344.74
2025-08-13T13:45:08.889279,344.0,26.0,-195.0,344.0,-38.0,-198.0,-93.0,-235.0,-396.0,-20.0,153.0,-373.0,356.93,9.68,-208.87,338.6,-64.78,-199.86,-74.95,-258.52,-376.81,-1.870000000000001,134.84,-337.74
2025-08-13T13:45:08.896189,320.0,134.0,-247.0,331.0,-26.0,-161.0,-57.0,-181.0,-389.0,-103.0,147.0,-520.0,332.93,117.68,-260.87,325.6,-52.78,-162.86,-38.95,-204.52,-369.81,-84.87,128.84,-484.74
2025-08-13T13:45:08.903638,341.0,28.0,-269.0,309.0,-60.0,-191.0,-72.0,-185.0,-364.0,-48.0,200.0,-420.0,353.93,11.68,-282.87,303.6,-86.78,-192.86,-53.95,-208.52,-344.81,-29.87,181.84,-384.74
2025-08-13T13:45:08.908181,288.0,43.0,-122.0,320.0,-50.0,-141.0,-8.0,-173.0,-394.0,-62.0,151.0,-376.0,300.93,26.68,-135.87,314.6,-76.78,-142.86,10.05,-196.52,-374.81,-43.870000000000005,132.84,-340.74
2025-08-13T13:45:08.913239,290.0,41.0,-221.0,327.0,-87.0,-189.0,-39.0,-168.0,-381.0,-102.0,198.0,-433.0,302.93,24.68,-234.87,321.6,-113.78,-190.86,-20.95,-191.52,-361.81,-83.87,179.84,-397.74
2025-08-13T13:45:08.921017,334.0,34.0,-217.0,348.0,-42.0,-179.0,-84.0,-139.0,-355.0,-13.0,219.0,-547.0,346.93,17.68,-230.87,342.6,-68.78,-180.86,-65.95,-162.52,-335.81,5.129999999999999,200.84,-511.74
2025-08-13T13:45:08.925498,248.0,81.0,-169.0,335.0,-37.0,-267.0,-86.0,-212.0,-410.0,-76.0,170.0,-445.0,260.93,64.68,-182.87,329.6,-63.78,-268.86,-67.95,-235.52,-390.81,-57.870000000000005,151.84,-409.74
2025-08-13T13:45:08.933638,308.0,88.0,-214.0,365.0,-75.0,-228.0,-116.0,-176.0,-361.0,-107.0,186.0,-423.0,320.93,71.68,-227.87,359.6,-101.78,-229.86,-97.95,-199.52,-341.81,-88.87,167.84,-387.74
2025-08-13T13:45:08.938190,325.0,50.0,-265.0,249.0,-31.0,-140.0,-71.0,-207.0,-391.0,-102.0,226.0,-488.0,337.93,33.68,-278.87,243.6,-57.78,-141.86,-52.95,-230.52,-371.81,-83.87,207.84,-452.74
2025-08-13T13:45:08.945955,386.0,43.0,-208.0,326.0,-34.0,-193.0,-123.0,-137.0,-424.0,-91.0,145.0,-468.0,398.93,26.68,-221.87,320.6,-60.78,-194.86,-104.95,-160.52,-404.81,-72.87,126.84,-432.74
2025-08-13T13:45:08.953857,318.0,37.0,-230.0,336.0,-2.0,-221.0,-95.0,-169.0,-366.0,-28.0,185.0,-438.0,330.93,20.68,-243.87,330.6,-28.78,-222.86,-76.95,-192.52,-346.81,-9.870000000000001,166.84,-402.74
2025-08-13T13:45:08.958341,304.0,42.0,-178.0,325.0,-64.0,-186.0,-69.0,-93.0,-455.0,-123.0,226.0,-415.0,316.93,25.68,-191.87,319.6,-90.78,-187.86,-50.95,-116.52,-435.81,-104.87,207.84,-379.74
2025-08-13T13:45:08.966210,305.0,84.0,-169.0,346.0,-102.0,-215.0,8.0,-195.0,-420.0,-61.0,169.0,-464.0,317.93,67.68,-182.87,340.6,-128.78,-216.86,26.05,-218.52,-400.81,-42.870000000000005,150.84,-428.74
2025-08-13T13:45:08.970738,281.0,85.0,-190.0,290.0,-28.0,-170.0,-86.0,-208.0,-373.0,-102.0,167.0,-470.0,293.93,68.68,-203.87,284.6,-54.78,-171.86,-67.95,-231.52,-353.81,-83.87,148.84,-434.74
2025-08-13T13:45:08.978654,336.0,-29.0,-174.0,287.0,-19.0,-263.0,-7.0,-193.0,-404.0,-25.0,145.0,-389.0,348.93,-45.32,-187.87,281.6,-45.78,-264.86,11.05,-216.52,-384.81,-6.870000000000001,126.84,-353.74
2025-08-13T13:45:08.986535,322.0,49.0,-155.0,302.0,3.0,-179.0,-55.0,-203.0,-379.0,-81.0,158.0,-476.0,334.93,32.68,-168.87,296.6,-23.78,-180.86,-36.95,-226.52,-359.81,-62.870000000000005,139.84,-440.74
2025-08-13T13:45:08.990987,319.0,59.0,-166.0,303.0,-62.0,-206.0,-87.0,-267.0,-381.0,-105.0,140.0,-407.0,331.93,42.68,-179.87,297.6,-88.78,-207.86,-68.95,-290.52,-361.81,-86.87,121.84,-371.74
2025-08-13T13:45:09.000063,323.0,56.0,-226.0,336.0,6.0,-245.0,-73.0,-183.0,-423.0,-119.0,242.0,-477.0,335.93,39.68,-239.87,330.6,-20.78,-246.86,-54.95,-206.52,-403.81,-100.87,223.84,-441.74
2025-08-13T13:45:09.006891,347.0,65.0,-243.0,375.0,5.0,-230.0,-7.0,-226.0,-349.0,2.0,103.0,-421.0,359.93,48.68,-256.87,369.6,-21.78,-231.86,11.05,-249.52,-329.81,20.13,84.84,-385.74
2025-08-13T13:45:09.012271,342.0,68.0,-189.0,284.0,-62.0,-225.0,-81.0,-167.0,-389.0,-68.0,160.0,-386.0,354.93,51.68,-202.87,278.6,-88.78,-226.86,-62.95,-190.52,-369.81,-49.870000000000005,141.84,-350.74
2025-08-13T13:45:09.019315,329.0,49.0,-229.0,315.0,-5.0,-133.0,-66.0,-164.0,-412.0,-73.0,173.0,-441.0,341.93,32.68,-242.87,309.6,-31.78,-134.86,-47.95,-187.52,-392.81,-54.870000000000005,154.84,-405.74
2025-08-13T13:45:09.024102,403.0,61.0,-126.0,275.0,-48.0,-227.0,-64.0,-219.0,-383.0,-56.0,144.0,-422.0,415.93,44.68,-139.87,269.6,-74.78,-228.86,-45.95,-242.52,-363.81,-37.870000000000005,125.84,-386.74
2025-08-13T13:45:09.031817,326.0,132.0,-198.0,322.0,-89.0,-188.0,-40.0,-209.0,-352.0,-84.0,182.0,-437.0,338.93,115.68,-211.87,316.6,-115.78,-189.86,-21.95,-232.52,-332.81,-65.87,163.84,-401.74
2025-08-13T13:45:09.036422,385.0,49.0,-283.0,331.0,45.0,-218.0,-41.0,-193.0,-403.0,-51.0,211.0,-438.0,397.93,32.68,-296.87,325.6,18.22,-219.86,-22.95,-216.52,-383.81,-32.870000000000005,192.84,-402.74
2025-08-13T13:45:09.044369,342.0,125.0,-162.0,323.0,-1.0,-229.0,-64.0,-202.0,-383.0,-77.0,157.0,-441.0,354.93,108.68,-175.87,317.6,-27.78,-230.86,-45.95,-225.52,-363.81,-58.870000000000005,138.84,-405.74
2025-08-13T13:45:09.052158,314.0,54.0,-163.0,306.0,-120.0,-252.0,-79.0,-121.0,-362.0,-118.0,148.0,-428.0,326.93,37.68,-176.87,300.6,-146.78,-253.86,-60.95,-144.52,-342.81,-99.87,129.84,-392.74
2025-08-13T13:45:09.056684,291.0,30.0,-211.0,410.0,22.0,-247.0,-114.0,-219.0,-446.0,-99.0,246.0,-448.0,303.93,13.68,-224.87,404.6,-4.780000000000001,-248.86,-95.95,-242.52,-426.81,-80.87,227.84,-412.74
2025-08-13T13:45:09.064543,326.0,35.0,-157.0,265.0,36.0,-210.0,-113.0,-136.0,-373.0,-59.0,115.0,-432.0,338.93,18.68,-170.87,259.6,9.219999999999999,-211.86,-94.95,-159.52,-353.81,-40.870000000000005,96.84,-396.74
2025-08-13T13:45:09.069329,261.0,60.0,-203.0,356.0,-118.0,-222.0,-74.0,-147.0,-307.0,-58.0,164.0,-425.0,273.93,43.68,-216.87,350.6,-144.78,-223.86,-55.95,-170.52,-287.81,-39.870000000000005,145.84,-389.74
2025-08-13T13:45:09.076955,271.0,76.0,-222.0,317.0,-8.0,-208.0,-81.0,-197.0,-389.0,-58.0,197.0,-485.0,283.93,59.68,-235.87,311.6,-34.78,-209.86,-62.95,-220.52,-369.81,-39.870000000000005,178.84,-449.74
2025-08-13T13:45:09.084898,323.0,25.0,-163.0,275.0,-63.0,-216.0,-60.0,-200.0,-351.0,-34.0,134.0,-408.0,335.93,8.68,-176.87,269.6,-89.78,-217.86,-41.95,-223.52,-331.81,-15.870000000000001,115.84,-372.74
2025-08-13T13:45:09.089526,199.0,65.0,-176.0,304.0,-8.0,-198.0,-128.0,-157.0,-378.0,-126.0,250.0,-429.0,211.93,48.68,-189.87,298.6,-34.78,-199.86,-109.95,-180.52,-358.81,-107.87,231.84,-393.74
2025-08-13T13:45:09.097309,338.0,111.0,-190.0,263.0,-87.0,-174.0,-121.0,-167.0,-414.0,-65.0,167.0,-411.0,350.93,94.68,-203.87,257.6,-113.78,-175.86,-102.95,-190.52,-394.81,-46.870000000000005,148.84,-375.74
2025-08-13T13:45:09.101938,279.0,117.0,-171.0,249.0,-75.0,-238.0,-42.0,-162.0,-309.0,-50.0,147.0,-357.0,291.93,100.68,-184.87,243.6,-101.78,-239.86,-23.95,-185.52,-289.81,-31.87,128.84,-321.74
2025-08-13T13:45:09.109719,235.0,89.0,-159.0,295.0,-5.0,-192.0,-116.0,-85.0,-274.0,-70.0,139.0,-351.0,247.93,72.68,-172.87,289.6,-31.78,-193.86,-97.95,-108.52,-254.81,-51.870000000000005,120.84,-315.74
2025-08-13T13:45:09.117686,254.0,92.0,-191.0,248.0,-3.0,-182.0,-71.0,-62.0,-306.0,-98.0,156.0,-355.0,266.93,75.68,-204.87,242.6,-29.78,-183.86,-52.95,-85.52,-286.81,-79.87,137.84,-319.74
2025-08-13T13:45:09.122148,265.0,65.0,-140.0,230.0,-33.0,-175.0,-85.0,-156.0,-330.0,-60.0,120.0,-332.0,277.93,48.68,-153.87,224.6,-59.78,-176.86,-66.95,-179.52,-310.81,-41.870000000000005,101.84,-296.74
2025-08-13T13:45:09.130592,280.0,59.0,-155.0,249.0,-10.0,-184.0,-144.0,-127.0,-356.0,-97.0,224.0,-403.0,292.93,42.68,-168.87,243.6,-36.78,-185.86,-125.95,-150.52,-336.81,-78.87,205.84,-367.74
2025-08-13T13:45:09.134688,251.0,80.0,-215.0,233.0,-12.0,-215.0,-79.0,-113.0,-357.0,-26.0,177.0,-359.0,263.93,63.68,-228.87,227.6,-38.78,-216.86,-60.95,-136.52,-337.81,-7.870000000000001,158.84,-323.74
2025-08-13T13:45:09.142345,271.0,12.0,-158.0,174.0,-34.0,-236.0,7.0,-84.0,-362.0,-63.0,92.0,-338.0,283.93,-4.32,-171.87,168.6,-60.78,-237.86,25.05,-107.52,-342.81,-44.870000000000005,73.84,-302.74
2025-08-13T13:45:09.147007,188.0,84.0,-172.0,260.0,-7.0,-186.0,-89.0,-19.0,-309.0,-85.0,99.0,-352.0,200.93,67.68,-185.87,254.6,-33.78,-187.86,-70.95,-42.519999999999996,-289.81,-66.87,80.84,-316.74
2025-08-13T13:45:09.155569,200.0,30.0,-135.0,162.0,-8.0,-122.0,-9.0,-92.0,-275.0,-128.0,141.0,-307.0,212.93,13.68,-148.87,156.6,-34.78,-123.86,9.05,-115.52,-255.81,-109.87,122.84,-271.74
2025-08-13T13:45:09.162626,145.0,76.0,-178.0,235.0,-81.0,-147.0,-58.0,-91.0,-259.0,-61.0,129.0,-294.0,157.93,59.68,-191.87,229.6,-107.78,-148.86,-39.95,-114.52,-239.81,-42.870000000000005,110.84,-258.74
2025-08-13T13:45:09.167254,135.0,48.0,-103.0,153.0,-79.0,-194.0,-154.0,-102.0,-275.0,-57.0,54.0,-219.0,147.93,31.68,-116.87,147.6,-105.78,-195.86,-135.95,-125.52,-255.81,-38.870000000000005,35.84,-183.74
2025-08-13T13:45:09.176477,111.0,-4.0,-85.0,167.0,25.0,-213.0,-105.0,-79.0,-146.0,-123.0,128.0,-279.0,123.93,-20.32,-98.87,161.6,-1.7800000000000011,-214.86,-86.95,-102.52,-126.81,-104.87,109.84,-243.74
2025-08-13T13:45:09.182758,92.0,81.0,-139.0,91.0,-34.0,-113.0,-76.0,-76.0,-235.0,-35.0,87.0,-297.0,104.93,64.68,-152.87,85.6,-60.78,-114.86,-57.95,-99.52,-215.81,-16.87,68.84,-261.74
2025-08-13T13:45:09.190631,129.0,61.0,-115.0,138.0,35.0,-149.0,-85.0,-95.0,-144.0,-34.0,-21.0,-192.0,141.93,44.68,-128.87,132.6,8.219999999999999,-150.86,-66.95,-118.52,-124.81,-15.870000000000001,-39.16,-156.74
2025-08-13T13:45:09.194893,166.0,60.0,-140.0,23.0,50.0,-129.0,-74.0,20.0,-169.0,-58.0,20.0,-216.0,178.93,43.68,-153.87,17.6,23.22,-130.86,-55.95,-3.5199999999999996,-149.81,-39.870000000000005,1.8399999999999999,-180.74
2025-08-13T13:45:09.199615,71.0,25.0,-108.0,77.0,47.0,-71.0,-55.0,29.0,-215.0,-92.0,19.0,-248.0,83.93,8.68,-121.87,71.6,20.22,-72.86,-36.95,5.48,-195.81,-73.87,0.8399999999999999,-212.74
2025-08-13T13:45:09.207647,104.0,66.0,-131.0,66.0,-108.0,-160.0,-67.0,29.0,-155.0,16.0,37.0,-190.0,116.93,49.68,-144.87,60.6,-134.78,-161.86,-48.95,5.48,-135.81,34.129999999999995,18.84,-154.74
2025-08-13T13:45:09.212066,137.0,-26.0,-97.0,108.0,-1.0,-77.0,-29.0,-1.0,-159.0,-91.0,37.0,-245.0,149.93,-42.32,-110.87,102.6,-27.78,-78.86,-10.95,-24.52,-139.81,-72.87,18.84,-209.74
2025-08-13T13:45:09.220065,124.0,-43.0,-115.0,111.0,39.0,-122.0,-12.0,5.0,-149.0,-116.0,74.0,-224.0,136.93,-59.32,-128.87,105.6,12.219999999999999,-123.86,6.050000000000001,-18.52,-129.81,-97.87,55.84,-188.74
2025-08-13T13:45:09.224389,17.0,43.0,-101.0,103.0,24.0,-81.0,-87.0,17.0,-142.0,-80.0,51.0,-208.0,29.93,26.68,-114.87,97.6,-2.780000000000001,-82.86,-68.95,-6.52,-122.81,-61.870000000000005,32.84,-172.74
2025-08-13T13:45:09.232373,24.0,26.0,-158.0,41.0,35.0,-88.0,-101.0,-31.0,-133.0,-100.0,1.0,-187.0,36.93,9.68,-171.87,35.6,8.219999999999999,-89.86,-82.95,-54.519999999999996,-113.81,-81.87,-17.16,-151.74
2025-08-13T13:45:09.236749,43.0,58.0,-105.0,-15.0,-22.0,-90.0,-29.0,-42.0,-180.0,-13.0,92.0,-179.0,55.93,41.68,-118.87,-20.4,-48.78,-91.86,-10.95,-65.52,-160.81,5.129999999999999,73.84,-143.74
2025-08-13T13:45:09.244809,54.0,-19.0,-182.0,-47.0,79.0,-112.0,-98.0,-40.0,-111.0,-53.0,38.0,-127.0,66.93,-35.32,-195.87,-52.4,52.22,-113.86,-79.95,-63.519999999999996,-91.81,-34.870000000000005,19.84,-91.74000000000001
2025-08-13T13:45:09.249019,85.0,34.0,9.0,33.0,-22.0,-71.0,-108.0,-48.0,-117.0,-88.0,-32.0,-131.0,97.93,17.68,-4.869999999999999,27.6,-48.78,-72.86,-89.95,-71.52,-97.81,-69.87,-50.16,-95.74000000000001
2025-08-13T13:45:09.257063,68.0,63.0,-83.0,38.0,16.0,-146.0,-71.0,-28.0,-80.0,-54.0,93.0,-156.0,80.93,46.68,-96.87,32.6,-10.780000000000001,-147.86,-52.95,-51.519999999999996,-60.81,-35.870000000000005,74.84,-120.74000000000001
2025-08-13T13:45:09.261633,66.0,18.0,-90.0,104.0,-26.0,-76.0,-31.0,-14.0,-169.0,-43.0,5.0,-186.0,78.93,1.6799999999999997,-103.87,98.6,-52.78,-77.86,-12.95,-37.519999999999996,-149.81,-24.87,-13.16,-150.74
2025-08-13T13:45:09.269394,17.0,79.0,-142.0,55.0,19.0,-94.0,-5.0,11.0,-166.0,-23.0,-15.0,-211.0,29.93,62.68,-155.87,49.6,-7.780000000000001,-95.86,13.05,-12.52,-146.81,-4.870000000000001,-33.16,-175.74
2025-08-13T13:45:09.273672,75.0,62.0,-135.0,12.0,-17.0,-150.0,-39.0,-66.0,-82.0,-74.0,66.0,-127.0,87.93,45.68,-148.87,6.6,-43.78,-151.86,-20.95,-89.52,-62.81,-55.870000000000005,47.84,-91.74000000000001
2025-08-13T13:45:09.281656,42.0,-15.0,-106.0,120.0,26.0,-84.0,-95.0,-9.0,-141.0,-99.0,50.0,-156.0,54.93,-31.32,-119.87,114.6,-0.7800000000000011,-85.86,-76.95,-32.519999999999996,-121.81,-80.87,31.84,-120.74000000000001
2025-08-13T13:45:09.285915,52.0,64.0,-91.0,15.0,-15.0,-102.0,-52.0,-24.0,-132.0,-78.0,43.0,-119.0,64.93,47.68,-104.87,9.6,-41.78,-103.86,-33.95,-47.519999999999996,-112.81,-59.870000000000005,24.84,-83.74000000000001
2025-08-13T13:45:09.293855,-44.0,-2.0,-75.0,64.0,-23.0,-86.0,-147.0,-18.0,-171.0,-73.0,18.0,-173.0,-31.07,-18.32,-88.87,58.6,-49.78,-87.86,-128.95,-41.519999999999996,-151.81,-54.870000000000005,-0.16000000000000014,-137.74
2025-08-13T13:45:09.301954,2.0,2.0,-108.0,-22.0,-17.0,-106.0,-56.0,12.0,-130.0,-48.0,-33.0,-145.0,14.93,-14.32,-121.87,-27.4,-43.78,-107.86,-37.95,-11.52,-110.81,-29.87,-51.16,-109.74000000000001
2025-08-13T13:45:09.306314,-50.0,82.0,-147.0,108.0,26.0,-140.0,29.0,-75.0,-122.0,-37.0,6.0,-193.0,-37.07,65.68,-160.87,102.6,-0.7800000000000011,-141.86,47.05,-98.52,-102.81,-18.87,-12.16,-157.74
2025-08-13T13:45:09.314480,85.0,20.0,-165.0,44.0,72.0,-101.0,-89.0,-99.0,-108.0,-33.0,52.0,-188.0,97.93,3.6799999999999997,-178.87,38.6,45.22,-102.86,-70.95,-122.52,-88.81,-14.870000000000001,33.84,-152.74
2025-08-13T13:45:09.318694,50.0,47.0,-132.0,12.0,83.0,-134.0,-66.0,3.0,-150.0,-49.0,-10.0,-106.0,62.93,30.68,-145.87,6.6,56.22,-135.86,-47.95,-20.52,-130.81,-30.87,-28.16,-70.74000000000001
2025-08-13T13:45:09.326576,81.0,88.0,-85.0,48.0,-26.0,-129.0,2.0,8.0,-79.0,-67.0,61.0,-97.0,93.93,71.68,-98.87,42.6,-52.78,-130.86,20.05,-15.52,-59.81,-48.870000000000005,42.84,-61.74
2025-08-13T13:45:09.331072,47.0,-22.0,-51.0,48.0,-28.0,-134.0,-6.0,-19.0,-142.0,-50.0,51.0,-181.0,59.93,-38.32,-64.87,42.6,-54.78,-135.86,12.05,-42.519999999999996,-122.81,-31.87,32.84,-145.74
2025-08-13T13:45:09.339045,22.0,24.0,-102.0,34.0,33.0,-114.0,-2.0,22.0,-72.0,-42.0,27.0,-191.0,34.93,7.68,-115.87,28.6,6.219999999999999,-115.86,16.05,-1.5199999999999996,-52.81,-23.87,8.84,-155.74
2025-08-13T13:45:09.343327,22.0,68.0,-139.0,77.0,9.0,-112.0,-14.0,-103.0,-116.0,-37.0,22.0,-158.0,34.93,51.68,-152.87,71.6,-17.78,-113.86,4.050000000000001,-126.52,-96.81,-18.87,3.84,-122.74000000000001
2025-08-13T13:45:09.351596,10.0,3.0,-117.0,48.0,-23.0,-137.0,-78.0,10.0,-99.0,-85.0,30.0,-207.0,22.93,-13.32,-130.87,42.6,-49.78,-138.86,-59.95,-13.52,-79.81,-66.87,11.84,-171.74
2025-08-13T13:45:09.355615,101.0,75.0,-170.0,42.0,21.0,-19.0,-46.0,-8.0,-99.0,-23.0,40.0,-227.0,113.93,58.68,-183.87,36.6,-5.780000000000001,-20.86,-27.95,-31.52,-79.81,-4.870000000000001,21.84,-191.74
2025-08-13T13:45:09.363835,-37.0,7.0,-165.0,9.0,3.0,-187.0,-82.0,-2.0,-141.0,-33.0,16.0,-173.0,-24.07,-9.32,-178.87,3.5999999999999996,-23.78,-188.86,-63.95,-25.52,-121.81,-14.870000000000001,-2.16,-137.74
2025-08-13T13:45:09.367926,-14.0,64.0,-73.0,65.0,16.0,-154.0,-98.0,24.0,-115.0,-85.0,17.0,-144.0,-1.0700000000000003,47.68,-86.87,59.6,-10.780000000000001,-155.86,-79.95,0.4800000000000004,-95.81,-66.87,-1.1600000000000001,-108.74000000000001
2025-08-13T13:45:09.375803,35.0,-12.0,-103.0,24.0,21.0,-132.0,-81.0,-4.0,-239.0,-38.0,37.0,-270.0,47.93,-28.32,-116.87,18.6,-5.780000000000001,-133.86,-62.95,-27.52,-219.81,-19.87,18.84,-234.74
2025-08-13T13:45:09.380314,51.0,72.0,-60.0,25.0,-21.0,-66.0,-43.0,11.0,-160.0,-34.0,108.0,-242.0,63.93,55.68,-73.87,19.6,-47.78,-67.86,-24.95,-12.52,-140.81,-15.870000000000001,89.84,-206.74
2025-08-13T13:45:09.388165,-66.0,72.0,-149.0,15.0,-23.0,-91.0,-35.0,26.0,-129.0,30.0,12.0,-149.0,-53.07,55.68,-162.87,9.6,-49.78,-92.86,-16.95,2.4800000000000004,-109.81,48.129999999999995,-6.16,-113.74000000000001
2025-08-13T13:45:09.392544,67.0,78.0,-82.0,21.0,-3.0,-120.0,-46.0,-70.0,-61.0,-88.0,35.0,-120.0,79.93,61.68,-95.87,15.6,-29.78,-121.86,-27.95,-93.52,-41.81,-69.87,16.84,-84.74000000000001
2025-08-13T13:45:09.400522,59.0,31.0,-132.0,33.0,7.0,-108.0,-85.0,16.0,-92.0,-89.0,85.0,-190.0,71.93,14.68,-145.87,27.6,-19.78,-109.86,-66.95,-7.52,-72.81,-70.87,66.84,-154.74
2025-08-13T13:45:09.405861,95.0,64.0,-88.0,61.0,-48.0,-125.0,-90.0,5.0,-115.0,-66.0,10.0,-135.0,107.93,47.68,-101.87,55.6,-74.78,-126.86,-71.95,-18.52,-95.81,-47.870000000000005,-8.16,-99.74000000000001
2025-08-13T13:45:09.412728,15.0,50.0,-110.0,-13.0,66.0,-126.0,-66.0,-25.0,-175.0,-70.0,16.0,-219.0,27.93,33.68,-123.87,-18.4,39.22,-127.86,-47.95,-48.519999999999996,-155.81,-51.870000000000005,-2.16,-183.74
2025-08-13T13:45:09.420748,20.0,61.0,-109.0,55.0,51.0,-119.0,-22.0,32.0,-102.0,-4.0,120.0,-167.0,32.93,44.68,-122.87,49.6,24.22,-120.86,-3.9499999999999993,8.48,-82.81,14.129999999999999,101.84,-131.74
2025-08-13T13:45:09.425181,-18.0,41.0,-84.0,78.0,-39.0,-72.0,-39.0,-11.0,-124.0,-46.0,-12.0,-176.0,-5.07,24.68,-97.87,72.6,-65.78,-73.86,-20.95,-34.519999999999996,-104.81,-27.87,-30.16,-140.74
2025-08-13T13:45:09.433124,8.0,79.0,-98.0,50.0,-41.0,-57.0,-94.0,19.0,-112.0,-22.0,-76.0,-177.0,20.93,62.68,-111.87,44.6,-67.78,-58.86,-75.95,-4.52,-92.81,-3.870000000000001,-94.16,-141.74
2025-08-13T13:45:09.438074,48.0,2.0,-127.0,37.0,-58.0,-135.0,-63.0,-19.0,-138.0,-86.0,-4.0,-156.0,60.93,-14.32,-140.87,31.6,-84.78,-136.86,-44.95,-42.519999999999996,-118.81,-67.87,-22.16,-120.74000000000001
2025-08-13T13:45:09.445350,41.0,29.0,-32.0,13.0,28.0,-102.0,-66.0,1.0,-143.0,-62.0,-20.0,-164.0,53.93,12.68,-45.87,7.6,1.2199999999999989,-103.86,-47.95,-22.52,-123.81,-43.870000000000005,-38.16,-128.74
2025-08-13T13:45:09.449823,17.0,69.0,-72.0,-6.0,49.0,-96.0,-20.0,18.0,-143.0,-102.0,14.0,-175.0,29.93,52.68,-85.87,-11.4,22.22,-97.86,-1.9499999999999993,-5.52,-123.81,-83.87,-4.16,-139.74
2025-08-13T13:45:09.457658,30.0,29.0,-88.0,26.0,29.0,-143.0,-62.0,-15.0,-119.0,-18.0,68.0,-158.0,42.93,12.68,-101.87,20.6,2.219999999999999,-144.86,-43.95,-38.519999999999996,-99.81,0.129999999999999,49.84,-122.74000000000001
2025-08-13T13:45:09.461973,25.0,88.0,-129.0,80.0,70.0,-118.0,46.0,43.0,-78.0,-58.0,40.0,-157.0,37.93,71.68,-142.87,74.6,43.22,-119.86,64.05,19.48,-58.81,-39.870000000000005,21.84,-121.74000000000001
2025-08-13T13:45:09.470144,24.0,116.0,-143.0,115.0,3.0,-106.0,-68.0,-42.0,-123.0,-52.0,53.0,-122.0,36.93,99.68,-156.87,109.6,-23.78,-107.86,-49.95,-65.52,-103.81,-33.870000000000005,34.84,-86.74000000000001
2025-08-13T13:45:09.474499,15.0,65.0,-88.0,77.0,-6.0,-165.0,-110.0,9.0,-112.0,-48.0,25.0,-165.0,27.93,48.68,-101.87,71.6,-32.78,-166.86,-91.95,-14.52,-92.81,-29.87,6.84,-129.74
2025-08-13T13:45:09.482308,27.0,-29.0,-103.0,11.0,33.0,-146.0,-62.0,4.0,-177.0,9.0,123.0,-229.0,39.93,-45.32,-116.87,5.6,6.219999999999999,-147.86,-43.95,-19.52,-157.81,27.13,104.84,-193.74
2025-08-13T13:45:09.486656,-34.0,94.0,-9.0,31.0,-25.0,-124.0,-71.0,18.0,-139.0,-55.0,44.0,-218.0,-21.07,77.68,-22.869999999999997,25.6,-51.78,-125.86,-52.95,-5.52,-119.81,-36.870000000000005,25.84,-182.74
2025-08-13T13:45:09.494627,-63.0,55.0,-151.0,9.0,-11.0,-118.0,-56.0,-3.0,-133.0,-59.0,-14.0,-182.0,-50.07,38.68,-164.87,3.5999999999999996,-37.78,-119.86,-37.95,-26.52,-113.81,-40.870000000000005,-32.16,-146.74
2025-08-13T13:45:09.499023,41.0,-41.0,-102.0,48.0,-47.0,-79.0,-61.0,30.0,-132.0,-80.0,-22.0,-150.0,53.93,-57.32,-115.87,42.6,-73.78,-80.86,-42.95,6.48,-112.81,-61.870000000000005,-40.16,-114.74000000000001
2025-08-13T13:45:09.506946,81.0,-50.0,-144.0,-7.0,-16.0,-102.0,-47.0,13.0,-133.0,-12.0,27.0,-72.0,93.93,-66.32,-157.87,-12.4,-42.78,-103.86,-28.95,-10.52,-113.81,6.129999999999999,8.84,-36.74
2025-08-13T13:45:09.511074,52.0,29.0,-48.0,5.0,93.0,-79.0,-110.0,35.0,-169.0,-58.0,50.0,-190.0,64.93,12.68,-61.87,-0.40000000000000036,66.22,-80.86,-91.95,11.48,-149.81,-39.870000000000005,31.84,-154.74
2025-08-13T13:45:09.519324,19.0,47.0,-128.0,26.0,-42.0,-109.0,24.0,-33.0,-121.0,-63.0,75.0,-101.0,31.93,30.68,-141.87,20.6,-68.78,-110.86,42.05,-56.519999999999996,-101.81,-44.870000000000005,56.84,-65.74000000000001
2025-08-13T13:45:09.523604,-5.0,73.0,-75.0,96.0,-24.0,-89.0,-49.0,-23.0,-156.0,9.0,20.0,-171.0,7.93,56.68,-88.87,90.6,-50.78,-90.86,-30.95,-46.519999999999996,-136.81,27.13,1.8399999999999999,-135.74
2025-08-13T13:45:09.531404,7.0,111.0,-157.0,61.0,-88.0,-86.0,-44.0,24.0,-87.0,-28.0,12.0,-119.0,19.93,94.68,-170.87,55.6,-114.78,-87.86,-25.95,0.4800000000000004,-67.81,-9.870000000000001,-6.16,-83.74000000000001
2025-08-13T13:45:09.539622,22.0,39.0,-119.0,20.0,53.0,-80.0,-100.0,25.0,-152.0,-35.0,-10.0,-145.0,34.93,22.68,-132.87,14.6,26.22,-81.86,-81.95,1.4800000000000004,-132.81,-16.87,-28.16,-109.74000000000001
2025-08-13T13:45:09.543883,47.0,123.0,-110.0,58.0,-6.0,-106.0,-145.0,-2.0,-124.0,-68.0,91.0,-201.0,59.93,106.68,-123.87,52.6,-32.78,-107.86,-126.95,-25.52,-104.81,-49.870000000000005,72.84,-165.74
2025-08-13T13:45:09.551843,65.0,41.0,-87.0,43.0,1.0,-125.0,-15.0,-39.0,-143.0,-55.0,80.0,-169.0,77.93,24.68,-100.87,37.6,-25.78,-126.86,3.0500000000000007,-62.519999999999996,-123.81,-36.870000000000005,61.84,-133.74
2025-08-13T13:45:09.556467,19.0,56.0,-165.0,-19.0,12.0,-123.0,-84.0,51.0,-86.0,13.0,62.0,-136.0,31.93,39.68,-178.87,-24.4,-14.780000000000001,-124.86,-65.95,27.48,-66.81,31.13,43.84,-100.74000000000001
2025-08-13T13:45:09.564744,-4.0,67.0,-135.0,-18.0,-54.0,-46.0,-7.0,7.0,-159.0,-52.0,83.0,-177.0,8.93,50.68,-148.87,-23.4,-80.78,-47.86,11.05,-16.52,-139.81,-33.870000000000005,64.84,-141.74
2025-08-13T13:45:09.570954,-8.0,85.0,-110.0,44.0,56.0,-90.0,-40.0,-30.0,-163.0,-36.0,-28.0,-95.0,4.93,68.68,-123.87,38.6,29.22,-91.86,-21.95,-53.519999999999996,-143.81,-17.87,-46.16,-59.74
2025-08-13T13:45:09.577173,11.0,36.0,-175.0,71.0,-34.0,-174.0,-77.0,-12.0,-116.0,-36.0,41.0,-170.0,23.93,19.68,-188.87,65.6,-60.78,-175.86,-58.95,-35.519999999999996,-96.81,-17.87,22.84,-134.74
2025-08-13T13:45:09.581806,93.0,114.0,-95.0,6.0,53.0,-122.0,-51.0,-20.0,-127.0,-40.0,58.0,-150.0,105.93,97.68,-108.87,0.5999999999999996,26.22,-123.86,-32.95,-43.519999999999996,-107.81,-21.87,39.84,-114.74000000000001
2025-08-13T13:45:09.590208,59.0,-37.0,-80.0,82.0,-59.0,-113.0,-12.0,-60.0,-67.0,-116.0,70.0,-142.0,71.93,-53.32,-93.87,76.6,-85.78,-114.86,6.050000000000001,-83.52,-47.81,-97.87,51.84,-106.74000000000001
2025-08-13T13:45:09.595088,-5.0,-15.0,-142.0,25.0,-8.0,-59.0,-57.0,-19.0,-175.0,-10.0,35.0,-174.0,7.93,-31.32,-155.87,19.6,-34.78,-60.86,-38.95,-42.519999999999996,-155.81,8.129999999999999,16.84,-138.74
2025-08-13T13:45:09.602738,43.0,61.0,-56.0,81.0,-1.0,-88.0,-45.0,-62.0,-106.0,-12.0,22.0,-204.0,55.93,44.68,-69.87,75.6,-27.78,-89.86,-26.95,-85.52,-86.81,6.129999999999999,3.84,-168.74
2025-08-13T13:45:09.608743,-23.0,80.0,-163.0,9.0,24.0,-105.0,-73.0,-27.0,-85.0,-59.0,0.0,-222.0,-10.07,63.68,-176.87,3.5999999999999996,-2.780000000000001,-106.86,-54.95,-50.519999999999996,-65.81,-40.870000000000005,-18.16,-186.74
2025-08-13T13:45:09.614612,65.0,51.0,-115.0,48.0,-14.0,-44.0,-45.0,13.0,-106.0,-78.0,-18.0,-167.0,77.93,34.68,-128.87,42.6,-40.78,-45.86,-26.95,-10.52,-86.81,-59.870000000000005,-36.16,-131.74
2025-08-13T13:45:09.621728,72.0,19.0,-150.0,-9.0,15.0,-211.0,-67.0,91.0,-109.0,-102.0,47.0,-134.0,84.93,2.6799999999999997,-163.87,-14.4,-11.780000000000001,-212.86,-48.95,67.48,-89.81,-83.87,28.84,-98.74000000000001
2025-08-13T13:45:09.626179,74.0,83.0,-96.0,104.0,49.0,-127.0,-63.0,-49.0,-116.0,-55.0,-12.0,-157.0,86.93,66.68,-109.87,98.6,22.22,-128.86,-44.95,-72.52,-96.81,-36.870000000000005,-30.16,-121.74000000000001
2025-08-13T13:45:09.633530,8.0,120.0,-72.0,94.0,-56.0,-91.0,-26.0,31.0,-167.0,-120.0,135.0,-231.0,20.93,103.68,-85.87,88.6,-82.78,-92.86,-7.949999999999999,7.48,-147.81,-101.87,116.84,-195.74
2025-08-13T13:45:09.638240,15.0,25.0,-106.0,-39.0,25.0,-83.0,-75.0,-73.0,-130.0,8.0,72.0,-165.0,27.93,8.68,-119.87,-44.4,-1.7800000000000011,-84.86,-56.95,-96.52,-110.81,26.13,53.84,-129.74
2025-08-13T13:45:09.645991,8.0,33.0,-142.0,94.0,-1.0,-138.0,-74.0,37.0,-96.0,-14.0,52.0,-103.0,20.93,16.68,-155.87,88.6,-27.78,-139.86,-55.95,13.48,-76.81,4.129999999999999,33.84,-67.74000000000001
2025-08-13T13:45:09.650510,94.0,-12.0,-163.0,44.0,3.0,-196.0,-11.0,-27.0,-126.0,-54.0,1.0,-170.0,106.93,-28.32,-176.87,38.6,-23.78,-197.86,7.050000000000001,-50.519999999999996,-106.81,-35.870000000000005,-17.16,-134.74
2025-08-13T13:45:09.658475,2.0,31.0,-154.0,22.0,1.0,-122.0,-132.0,-27.0,-97.0,-87.0,14.0,-107.0,14.93,14.68,-167.87,16.6,-25.78,-123.86,-113.95,-50.519999999999996,-77.81,-68.87,-4.16,-71.74000000000001
2025-08-13T13:45:09.663340,99.0,33.0,-41.0,25.0,-29.0,-99.0,-78.0,56.0,-137.0,-77.0,84.0,-158.0,111.93,16.68,-54.87,19.6,-55.78,-100.86,-59.95,32.480000000000004,-117.81,-58.870000000000005,65.84,-122.74000000000001
2025-08-13T13:45:09.670603,-16.0,76.0,-154.0,-17.0,24.0,-66.0,-33.0,-72.0,-67.0,46.0,29.0,-192.0,-3.0700000000000003,59.68,-167.87,-22.4,-2.780000000000001,-67.86,-14.95,-95.52,-47.81,64.13,10.84,-156.74
2025-08-13T13:45:09.675637,1.0,100.0,-51.0,-12.0,8.0,-90.0,-53.0,-34.0,-196.0,-64.0,-8.0,-207.0,13.93,83.68,-64.87,-17.4,-18.78,-91.86,-34.95,-57.519999999999996,-176.81,-45.870000000000005,-26.16,-171.74
2025-08-13T13:45:09.682830,35.0,84.0,-89.0,61.0,23.0,-130.0,-55.0,-43.0,-118.0,-26.0,83.0,-112.0,47.93,67.68,-102.87,55.6,-3.780000000000001,-131.86,-36.95,-66.52,-98.81,-7.870000000000001,64.84,-76.74000000000001
2025-08-13T13:45:09.687318,71.0,89.0,-178.0,69.0,-26.0,-135.0,-106.0,-73.0,-118.0,-82.0,-7.0,-172.0,83.93,72.68,-191.87,63.6,-52.78,-136.86,-87.95,-96.52,-98.81,-63.870000000000005,-25.16,-136.74
2025-08-13T13:45:09.695300,67.0,-30.0,-154.0,20.0,-26.0,-140.0,-79.0,29.0,-176.0,-102.0,93.0,-112.0,79.93,-46.32,-167.87,14.6,-52.78,-141.86,-60.95,5.48,-156.81,-83.87,74.84,-76.74000000000001
2025-08-13T13:45:09.699564,132.0,28.0,-196.0,1.0,59.0,-109.0,-132.0,18.0,-91.0,-65.0,23.0,-169.0,144.93,11.68,-209.87,-4.4,32.22,-110.86,-113.95,-5.52,-71.81,-46.870000000000005,4.84,-133.74
2025-08-13T13:45:09.707627,-13.0,8.0,-51.0,29.0,-15.0,-148.0,-44.0,-68.0,-78.0,-33.0,-18.0,-144.0,-0.07000000000000028,-8.32,-64.87,23.6,-41.78,-149.86,-25.95,-91.52,-58.81,-14.870000000000001,-36.16,-108.74000000000001
2025-08-13T13:45:09.711809,39.0,38.0,-99.0,111.0,-19.0,-158.0,-106.0,21.0,-109.0,-70.0,-42.0,-195.0,51.93,21.68,-112.87,105.6,-45.78,-159.86,-87.95,-2.5199999999999996,-89.81,-51.870000000000005,-60.16,-159.74
2025-08-13T13:45:09.719811,-12.0,58.0,-165.0,17.0,10.0,-124.0,-62.0,16.0,-149.0,-56.0,30.0,-148.0,0.9299999999999997,41.68,-178.87,11.6,-16.78,-125.86,-43.95,-7.52,-129.81,-37.870000000000005,11.84,-112.74000000000001
2025-08-13T13:45:09.728068,13.0,4.0,-145.0,92.0,8.0,-105.0,-75.0,-11.0,-113.0,-13.0,33.0,-214.0,25.93,-12.32,-158.87,86.6,-18.78,-106.86,-56.95,-34.519999999999996,-93.81,5.129999999999999,14.84,-178.74
2025-08-13T13:45:09.732319,18.0,-22.0,-129.0,33.0,37.0,-119.0,-30.0,-31.0,-132.0,-40.0,101.0,-194.0,30.93,-38.32,-142.87,27.6,10.219999999999999,-120.86,-11.95,-54.519999999999996,-112.81,-21.87,82.84,-158.74
2025-08-13T13:45:09.740310,75.0,-1.0,-67.0,0.0,-24.0,-63.0,-116.0,19.0,-126.0,-140.0,15.0,-125.0,87.93,-17.32,-80.87,-5.4,-50.78,-64.86,-97.95,-4.52,-106.81,-121.87,-3.16,-89.74000000000001
2025-08-13T13:45:09.744639,105.0,40.0,-103.0,26.0,-10.0,-104.0,31.0,-14.0,-153.0,-27.0,42.0,-150.0,117.93,23.68,-116.87,20.6,-36.78,-105.86,49.05,-37.519999999999996,-133.81,-8.870000000000001,23.84,-114.74000000000001
2025-08-13T13:45:09.752650,5.0,28.0,-141.0,51.0,-14.0,-120.0,-44.0,31.0,-70.0,-62.0,-1.0,-179.0,17.93,11.68,-154.87,45.6,-40.78,-121.86,-25.95,7.48,-50.81,-43.870000000000005,-19.16,-143.74
2025-08-13T13:45:09.756927,79.0,79.0,-116.0,93.0,-24.0,-152.0,-85.0,7.0,-126.0,-42.0,55.0,-151.0,91.93,62.68,-129.87,87.6,-50.78,-153.86,-66.95,-16.52,-106.81,-23.87,36.84,-115.74000000000001
2025-08-13T13:45:09.764901,59.0,43.0,-155.0,-32.0,58.0,-1.0,-89.0,31.0,-138.0,-27.0,-8.0,-173.0,71.93,26.68,-168.87,-37.4,31.22,-2.8600000000000003,-70.95,7.48,-118.81,-8.870000000000001,-26.16,-137.74
2025-08-13T13:45:09.769286,7.0,31.0,-100.0,69.0,-11.0,-106.0,-14.0,8.0,-64.0,-29.0,-25.0,-191.0,19.93,14.68,-113.87,63.6,-37.78,-107.86,4.050000000000001,-15.52,-44.81,-10.870000000000001,-43.16,-155.74
2025-08-13T13:45:09.777326,-2.0,-7.0,-66.0,78.0,-7.0,-72.0,-78.0,27.0,-117.0,49.0,56.0,-139.0,10.93,-23.32,-79.87,72.6,-33.78,-73.86,-59.95,3.4800000000000004,-97.81,67.13,37.84,-103.74000000000001
2025-08-13T13:45:09.781710,34.0,40.0,-78.0,23.0,-16.0,-102.0,-74.0,-35.0,-96.0,-28.0,-21.0,-123.0,46.93,23.68,-91.87,17.6,-42.78,-103.86,-55.95,-58.519999999999996,-76.81,-9.870000000000001,-39.16,-87.74000000000001
2025-08-13T13:45:09.789581,-58.0,48.0,-72.0,0.0,-6.0,-160.0,-30.0,-25.0,-127.0,-67.0,7.0,-148.0,-45.07,31.68,-85.87,-5.4,-32.78,-161.86,-11.95,-48.519999999999996,-107.81,-48.870000000000005,-11.16,-112.74000000000001
2025-08-13T13:45:09.793962,43.0,29.0,-118.0,59.0,-17.0,-160.0,-48.0,-77.0,-168.0,-80.0,7.0,-220.0,55.93,12.68,-131.87,53.6,-43.78,-161.86,-29.95,-100.52,-148.81,-61.870000000000005,-11.16,-184.74
2025-08-13T13:45:09.801790,45.0,85.0,-96.0,112.0,61.0,-161.0,-134.0,12.0,-87.0,-46.0,104.0,-111.0,57.93,68.68,-109.87,106.6,34.22,-162.86,-115.95,-11.52,-67.81,-27.87,85.84,-75.74000000000001
2025-08-13T13:45:09.806294,44.0,41.0,-69.0,74.0,-36.0,-72.0,-2.0,108.0,-130.0,-63.0,32.0,-163.0,56.93,24.68,-82.87,68.6,-62.78,-73.86,16.05,84.48,-110.81,-44.870000000000005,13.84,-127.74000000000001
2025-08-13T13:45:09.814119,31.0,12.0,-124.0,55.0,28.0,-63.0,-45.0,18.0,-179.0,5.0,37.0,-135.0,43.93,-4.32,-137.87,49.6,1.2199999999999989,-64.86,-26.95,-5.52,-159.81,23.13,18.84,-99.74000000000001
2025-08-13T13:45:09.818853,18.0,23.0,-79.0,83.0,20.0,-106.0,-41.0,-52.0,-150.0,-15.0,81.0,-94.0,30.93,6.68,-92.87,77.6,-6.780000000000001,-107.86,-22.95,-75.52,-130.81,3.129999999999999,62.84,-58.74
2025-08-13T13:45:09.826553,17.0,46.0,-167.0,19.0,-12.0,-83.0,-23.0,-30.0,-64.0,-74.0,77.0,-134.0,29.93,29.68,-180.87,13.6,-38.78,-84.86,-4.949999999999999,-53.519999999999996,-44.81,-55.870000000000005,58.84,-98.74000000000001
2025-08-13T13:45:09.832766,77.0,17.0,-113.0,77.0,24.0,-90.0,-84.0,-58.0,-90.0,0.0,91.0,-166.0,89.93,0.6799999999999997,-126.87,71.6,-2.780000000000001,-91.86,-65.95,-81.52,-70.81,18.13,72.84,-130.74
2025-08-13T13:45:09.839364,40.0,13.0,-166.0,36.0,13.0,-91.0,-96.0,-50.0,-86.0,-33.0,27.0,-200.0,52.93,-3.3200000000000003,-179.87,30.6,-13.780000000000001,-92.86,-77.95,-73.52,-66.81,-14.870000000000001,8.84,-164.74
2025-08-13T13:45:09.845082,32.0,80.0,-86.0,46.0,-8.0,-132.0,-36.0,-25.0,-154.0,-47.0,94.0,-135.0,44.93,63.68,-99.87,40.6,-34.78,-133.86,-17.95,-48.519999999999996,-134.81,-28.87,75.84,-99.74000000000001
2025-08-13T13:45:09.851137,-2.0,-12.0,-54.0,56.0,-12.0,-108.0,-20.0,-36.0,-141.0,-95.0,-8.0,-163.0,10.93,-28.32,-67.87,50.6,-38.78,-109.86,-1.9499999999999993,-59.519999999999996,-121.81,-76.87,-26.16,-127.74000000000001
2025-08-13T13:45:09.859474,56.0,121.0,-123.0,82.0,36.0,-154.0,-49.0,-23.0,-130.0,-87.0,-20.0,-155.0,68.93,104.68,-136.87,76.6,9.219999999999999,-155.86,-30.95,-46.519999999999996,-110.81,-68.87,-38.16,-119.74000000000001
2025-08-13T13:45:09.863420,14.0,61.0,-152.0,55.0,-13.0,-55.0,-48.0,7.0,-111.0,-103.0,35.0,-185.0,26.93,44.68,-165.87,49.6,-39.78,-56.86,-29.95,-16.52,-91.81,-84.87,16.84,-149.74
2025-08-13T13:45:09.871283,106.0,55.0,-104.0,8.0,9.0,-87.0,-114.0,15.0,-126.0,-30.0,22.0,-115.0,118.93,38.68,-117.87,2.5999999999999996,-17.78,-88.86,-95.95,-8.52,-106.81,-11.870000000000001,3.84,-79.74000000000001
2025-08-13T13:45:09.875697,40.0,-35.0,-138.0,19.0,22.0,-151.0,-72.0,54.0,-156.0,-23.0,46.0,-187.0,52.93,-51.32,-151.87,13.6,-4.780000000000001,-152.86,-53.95,30.48,-136.81,-4.870000000000001,27.84,-151.74
2025-08-13T13:45:09.883620,20.0,-4.0,-113.0,86.0,-42.0,-124.0,-76.0,-12.0,-144.0,-8.0,45.0,-137.0,32.93,-20.32,-126.87,80.6,-68.78,-125.86,-57.95,-35.519999999999996,-124.81,10.129999999999999,26.84,-101.74000000000001
2025-08-13T13:45:09.889203,4.0,30.0,-81.0,58.0,55.0,-119.0,-90.0,27.0,-132.0,-99.0,-13.0,-141.0,16.93,13.68,-94.87,52.6,28.22,-120.86,-71.95,3.4800000000000004,-112.81,-80.87,-31.16,-105.74000000000001
2025-08-13T13:45:09.896187,-40.0,70.0,-113.0,78.0,-14.0,-137.0,-71.0,-14.0,-112.0,-75.0,42.0,-141.0,-27.07,53.68,-126.87,72.6,-40.78,-138.86,-52.95,-37.519999999999996,-92.81,-56.870000000000005,23.84,-105.74000000000001
2025-08-13T13:45:09.900608,-49.0,42.0,-124.0,74.0,-2.0,-151.0,-54.0,-39.0,-127.0,-55.0,-4.0,-197.0,-36.07,25.68,-137.87,68.6,-28.78,-152.86,-35.95,-62.519999999999996,-107.81,-36.870000000000005,-22.16,-161.74
2025-08-13T13:45:09.911794,42.0,29.0,-174.0,1.0,-22.0,-167.0,-24.0,-56.0,-90.0,29.0,34.0,-162.0,54.93,12.68,-187.87,-4.4,-48.78,-168.86,-5.949999999999999,-79.52,-70.81,47.129999999999995,15.84,-126.74000000000001
2025-08-13T13:45:09.917986,52.0,30.0,-99.0,67.0,2.0,-121.0,-67.0,4.0,-170.0,-115.0,9.0,-190.0,64.93,13.68,-112.87,61.6,-24.78,-122.86,-48.95,-19.52,-150.81,-96.87,-9.16,-154.74
2025-08-13T13:45:09.922584,33.0,25.0,-17.0,80.0,49.0,-88.0,-53.0,25.0,-149.0,17.0,55.0,-158.0,45.93,8.68,-30.869999999999997,74.6,22.22,-89.86,-34.95,1.4800000000000004,-129.81,35.129999999999995,36.84,-122.74000000000001
2025-08-13T13:45:09.924875,8.0,-2.0,-50.0,73.0,-6.0,-48.0,-1.0,-45.0,-116.0,-66.0,21.0,-82.0,20.93,-18.32,-63.87,67.6,-32.78,-49.86,17.05,-68.52,-96.81,-47.870000000000005,2.84,-46.74
2025-08-13T13:45:09.932753,-1.0,-11.0,-57.0,94.0,-52.0,-100.0,-41.0,0.0,-132.0,-6.0,-48.0,-135.0,11.93,-27.32,-70.87,88.6,-78.78,-101.86,-22.95,-23.52,-112.81,12.129999999999999,-66.16,-99.74000000000001
2025-08-13T13:45:09.937716,17.0,65.0,-107.0,-3.0,-57.0,-115.0,-8.0,-52.0,-145.0,-82.0,50.0,-150.0,29.93,48.68,-120.87,-8.4,-83.78,-116.86,10.05,-75.52,-125.81,-63.870000000000005,31.84,-114.74000000000001
2025-08-13T13:45:09.945121,-56.0,22.0,-70.0,66.0,31.0,-101.0,-74.0,30.0,-87.0,-15.0,-32.0,-156.0,-43.07,5.68,-83.87,60.6,4.219999999999999,-102.86,-55.95,6.48,-67.81,3.129999999999999,-50.16,-120.74000000000001
2025-08-13T13:45:09.949389,96.0,34.0,-148.0,2.0,61.0,-16.0,-67.0,-21.0,-81.0,43.0,60.0,-159.0,108.93,17.68,-161.87,-3.4000000000000004,34.22,-17.86,-48.95,-44.519999999999996,-61.81,61.129999999999995,41.84,-123.74000000000001
2025-08-13T13:45:09.957627,42.0,15.0,-118.0,-9.0,-12.0,-117.0,-111.0,35.0,-131.0,-69.0,65.0,-149.0,54.93,-1.3200000000000003,-131.87,-14.4,-38.78,-118.86,-92.95,11.48,-111.81,-50.870000000000005,46.84,-113.74000000000001
2025-08-13T13:45:09.962346,16.0,-26.0,-27.0,-13.0,-51.0,-78.0,-79.0,10.0,-128.0,-38.0,22.0,-161.0,28.93,-42.32,-40.87,-18.4,-77.78,-79.86,-60.95,-13.52,-108.81,-19.87,3.84,-125.74000000000001
2025-08-13T13:45:09.969833,-40.0,-34.0,-102.0,80.0,19.0,-55.0,-25.0,8.0,-98.0,-91.0,38.0,-35.0,-27.07,-50.32,-115.87,74.6,-7.780000000000001,-56.86,-6.949999999999999,-15.52,-78.81,-72.87,19.84,0.259999999999998
2025-08-13T13:45:09.974015,8.0,82.0,-50.0,114.0,-32.0,-101.0,-13.0,64.0,-139.0,-31.0,27.0,-79.0,20.93,65.68,-63.87,108.6,-58.78,-102.86,5.050000000000001,40.480000000000004,-119.81,-12.870000000000001,8.84,-43.74
2025-08-13T13:45:09.981999,-17.0,61.0,-96.0,43.0,50.0,-49.0,-19.0,29.0,-34.0,-128.0,27.0,-182.0,-4.07,44.68,-109.87,37.6,23.22,-50.86,-0.9499999999999993,5.48,-14.809999999999999,-109.87,8.84,-146.74
2025-08-13T13:45:09.986853,48.0,20.0,-74.0,32.0,-57.0,-60.0,-74.0,-6.0,-99.0,-2.0,16.0,-165.0,60.93,3.6799999999999997,-87.87,26.6,-83.78,-61.86,-55.95,-29.52,-79.81,16.13,-2.16,-129.74
2025-08-13T13:45:09.994419,21.0,29.0,-110.0,51.0,44.0,-99.0,-82.0,80.0,-123.0,9.0,49.0,-118.0,33.93,12.68,-123.87,45.6,17.22,-100.86,-63.95,56.480000000000004,-103.81,27.13,30.84,-82.74000000000001
2025-08-13T13:45:10.000216,9.0,9.0,-66.0,-3.0,17.0,-121.0,-77.0,8.0,-143.0,17.0,-22.0,-195.0,21.93,-7.32,-79.87,-8.4,-9.780000000000001,-122.86,-58.95,-15.52,-123.81,35.129999999999995,-40.16,-159.74
2025-08-13T13:45:10.006745,60.0,15.0,-117.0,54.0,20.0,-78.0,-79.0,80.0,-124.0,-22.0,-6.0,-106.0,72.93,-1.3200000000000003,-130.87,48.6,-6.780000000000001,-79.86,-60.95,56.480000000000004,-104.81,-3.870000000000001,-24.16,-70.74000000000001
2025-08-13T13:45:10.012772,26.0,21.0,-69.0,64.0,6.0,-79.0,-65.0,-67.0,-91.0,-27.0,-12.0,-123.0,38.93,4.68,-82.87,58.6,-20.78,-80.86,-46.95,-90.52,-71.81,-8.870000000000001,-30.16,-87.74000000000001
2025-08-13T13:45:10.018924,38.0,-3.0,-72.0,-15.0,-9.0,-43.0,-1.0,-11.0,-108.0,-38.0,26.0,-79.0,50.93,-19.32,-85.87,-20.4,-35.78,-44.86,17.05,-34.519999999999996,-88.81,-19.87,7.84,-43.74
2025-08-13T13:45:10.024728,58.0,11.0,-9.0,-51.0,-20.0,-74.0,7.0,-5.0,-132.0,2.0,35.0,-73.0,70.93,-5.32,-22.869999999999997,-56.4,-46.78,-75.86,25.05,-28.52,-112.81,20.13,16.84,-37.74
2025-08-13T13:45:10.031067,17.0,-42.0,-37.0,43.0,9.0,-58.0,61.0,-47.0,-50.0,-13.0,21.0,-72.0,29.93,-58.32,-50.87,37.6,-17.78,-59.86,79.05,-70.52,-30.81,5.129999999999999,2.84,-36.74
2025-08-13T13:45:10.036971,-46.0,29.0,-58.0,52.0,-1.0,-49.0,-56.0,-53.0,-91.0,26.0,37.0,-120.0,-33.07,12.68,-71.87,46.6,-27.78,-50.86,-37.95,-76.52,-71.81,44.129999999999995,18.84,-84.74000000000001
2025-08-13T13:45:10.043302,-34.0,22.0,17.0,26.0,46.0,-108.0,-37.0,-35.0,-87.0,-25.0,72.0,-120.0,-21.07,5.68,3.130000000000001,20.6,19.22,-109.86,-18.95,-58.519999999999996,-67.81,-6.870000000000001,53.84,-84.74000000000001
2025-08-13T13:45:10.048209,50.0,16.0,-55.0,37.0,44.0,9.0,-98.0,-7.0,-129.0,-63.0,38.0,-174.0,62.93,-0.3200000000000003,-68.87,31.6,17.22,7.14,-79.95,-30.52,-109.81,-44.870000000000005,19.84,-138.74
2025-08-13T13:45:10.055689,93.0,86.0,-94.0,70.0,53.0,-60.0,-116.0,38.0,-95.0,-10.0,-23.0,-110.0,105.93,69.68,-107.87,64.6,26.22,-61.86,-97.95,14.48,-75.81,8.129999999999999,-41.16,-74.74000000000001
2025-08-13T13:45:10.060506,-9.0,56.0,-128.0,17.0,24.0,-22.0,-79.0,32.0,-69.0,39.0,7.0,-128.0,3.9299999999999997,39.68,-141.87,11.6,-2.780000000000001,-23.86,-60.95,8.48,-49.81,57.129999999999995,-11.16,-92.74000000000001
2025-08-13T13:45:10.067998,-7.0,48.0,-42.0,-63.0,54.0,-57.0,-53.0,0.0,-167.0,-27.0,105.0,-86.0,5.93,31.68,-55.87,-68.4,27.22,-58.86,-34.95,-23.52,-147.81,-8.870000000000001,86.84,-50.74
2025-08-13T13:45:10.073002,-32.0,-60.0,-24.0,41.0,95.0,-67.0,4.0,0.0,-30.0,2.0,-63.0,-76.0,-19.07,-76.32,-37.87,35.6,68.22,-68.86,22.05,-23.52,-10.809999999999999,20.13,-81.16,-40.74
2025-08-13T13:45:10.080399,15.0,23.0,-48.0,12.0,-25.0,-108.0,-13.0,-45.0,-65.0,31.0,11.0,-113.0,27.93,6.68,-61.87,6.6,-51.78,-109.86,5.050000000000001,-68.52,-45.81,49.129999999999995,-7.16,-77.74000000000001
2025-08-13T13:45:10.085214,-12.0,61.0,-67.0,20.0,-5.0,-118.0,-104.0,69.0,-18.0,-44.0,22.0,-86.0,0.9299999999999997,44.68,-80.87,14.6,-31.78,-119.86,-85.95,45.480000000000004,1.1900000000000013,-25.87,3.84,-50.74
2025-08-13T13:45:10.092637,-32.0,101.0,-60.0,-3.0,6.0,-16.0,-15.0,46.0,-103.0,-108.0,-11.0,-84.0,-19.07,84.68,-73.87,-8.4,-20.78,-17.86,3.0500000000000007,22.48,-83.81,-89.87,-29.16,-48.74
2025-08-13T13:45:10.096733,-29.0,87.0,-13.0,49.0,-11.0,-64.0,-78.0,69.0,-68.0,26.0,62.0,-133.0,-16.07,70.68,-26.869999999999997,43.6,-37.78,-65.86,-59.95,45.480000000000004,-48.81,44.129999999999995,43.84,-97.74000000000001
2025-08-13T13:45:10.104875,-42.0,13.0,-86.0,28.0,42.0,-78.0,-16.0,16.0,-85.0,-24.0,55.0,-81.0,-29.07,-3.3200000000000003,-99.87,22.6,15.219999999999999,-79.86,2.0500000000000007,-7.52,-65.81,-5.870000000000001,36.84,-45.74
2025-08-13T13:45:10.109006,51.0,30.0,-34.0,20.0,53.0,-114.0,-73.0,-3.0,-59.0,1.0,28.0,-101.0,63.93,13.68,-47.87,14.6,26.22,-115.86,-54.95,-26.52,-39.81,19.13,9.84,-65.74000000000001
2025-08-13T13:45:10.117172,-66.0,57.0,-18.0,-13.0,103.0,-18.0,-77.0,-17.0,-26.0,-54.0,19.0,-86.0,-53.07,40.68,-31.869999999999997,-18.4,76.22,-19.86,-58.95,-40.519999999999996,-6.809999999999999,-35.870000000000005,0.8399999999999999,-50.74
2025-08-13T13:45:10.121276,17.0,39.0,-13.0,-9.0,30.0,-64.0,11.0,51.0,-70.0,-82.0,7.0,-66.0,29.93,22.68,-26.869999999999997,-14.4,3.219999999999999,-65.86,29.05,27.48,-50.81,-63.870000000000005,-11.16,-30.740000000000002
2025-08-13T13:45:10.129631,-24.0,32.0,42.0,-23.0,81.0,10.0,-22.0,0.0,-92.0,-40.0,36.0,-61.0,-11.07,15.68,28.130000000000003,-28.4,54.22,8.14,-3.9499999999999993,-23.52,-72.81,-21.87,17.84,-25.740000000000002
2025-08-13T13:45:10.133741,-26.0,120.0,-41.0,83.0,49.0,-45.0,0.0,38.0,-88.0,-34.0,-15.0,-39.0,-13.07,103.68,-54.87,77.6,22.22,-46.86,18.05,14.48,-68.81,-15.870000000000001,-33.16,-3.740000000000002
2025-08-13T13:45:10.141893,-19.0,114.0,-131.0,33.0,9.0,-36.0,-74.0,-13.0,-53.0,-1.0,-6.0,-120.0,-6.07,97.68,-144.87,27.6,-17.78,-37.86,-55.95,-36.519999999999996,-33.81,17.13,-24.16,-84.74000000000001
2025-08-13T13:45:10.145919,4.0,89.0,-110.0,38.0,19.0,-41.0,-176.0,10.0,-31.0,-25.0,-13.0,-132.0,16.93,72.68,-123.87,32.6,-7.780000000000001,-42.86,-157.95,-13.52,-11.809999999999999,-6.870000000000001,-31.16,-96.74000000000001
2025-08-13T13:45:10.154257,-20.0,10.0,-111.0,-34.0,-40.0,-58.0,-11.0,53.0,-150.0,-23.0,-13.0,-147.0,-7.07,-6.32,-124.87,-39.4,-66.78,-59.86,7.050000000000001,29.48,-130.81,-4.870000000000001,-31.16,-111.74000000000001
2025-08-13T13:45:10.158371,43.0,-22.0,-2.0,38.0,33.0,-64.0,-10.0,-32.0,-46.0,15.0,-3.0,-128.0,55.93,-38.32,-15.87,32.6,6.219999999999999,-65.86,8.05,-55.519999999999996,-26.81,33.129999999999995,-21.16,-92.74000000000001
2025-08-13T13:45:10.166594,58.0,15.0,-23.0,-16.0,43.0,-76.0,-38.0,70.0,-76.0,-63.0,30.0,-125.0,70.93,-1.3200000000000003,-36.87,-21.4,16.22,-77.86,-19.95,46.480000000000004,-56.81,-44.870000000000005,11.84,-89.74000000000001
2025-08-13T13:45:10.174320,-5.0,-10.0,7.0,-12.0,-64.0,-30.0,-18.0,-30.0,-39.0,-87.0,103.0,-18.0,7.93,-26.32,-6.869999999999999,-17.4,-90.78,-31.86,0.05000000000000071,-53.519999999999996,-19.81,-68.87,84.84,17.259999999999998
2025-08-13T13:45:10.178595,-58.0,59.0,-21.0,11.0,12.0,-77.0,-89.0,53.0,-29.0,-70.0,-13.0,-69.0,-45.07,42.68,-34.87,5.6,-14.780000000000001,-78.86,-70.95,29.48,-9.809999999999999,-51.870000000000005,-31.16,-33.74
2025-08-13T13:45:10.182737,-32.0,92.0,-72.0,10.0,30.0,-23.0,-99.0,72.0,-52.0,55.0,-4.0,-69.0,-19.07,75.68,-85.87,4.6,3.219999999999999,-24.86,-80.95,48.480000000000004,-32.81,73.13,-22.16,-33.74
2025-08-13T13:45:10.190836,12.0,64.0,-25.0,14.0,32.0,-10.0,-51.0,-45.0,-78.0,12.0,-20.0,-106.0,24.93,47.68,-38.87,8.6,5.219999999999999,-11.86,-32.95,-68.52,-58.81,30.13,-38.16,-70.74000000000001
2025-08-13T13:45:10.198876,-15.0,-49.0,-35.0,-55.0,36.0,-19.0,-26.0,-1.0,-69.0,3.0,101.0,-144.0,-2.0700000000000003,-65.32,-48.87,-60.4,9.219999999999999,-20.86,-7.949999999999999,-24.52,-49.81,21.13,82.84,-108.74000000000001
2025-08-13T13:45:10.203254,3.0,-22.0,8.0,-23.0,14.0,-19.0,-4.0,-10.0,-72.0,-11.0,-34.0,-33.0,15.93,-38.32,-5.869999999999999,-28.4,-12.780000000000001,-20.86,14.05,-33.519999999999996,-52.81,7.129999999999999,-52.16,2.259999999999998
2025-08-13T13:45:10.207286,7.0,7.0,-45.0,-2.0,-3.0,-50.0,-49.0,-22.0,-29.0,32.0,-7.0,-44.0,19.93,-9.32,-58.87,-7.4,-29.78,-51.86,-30.95,-45.519999999999996,-9.809999999999999,50.129999999999995,-25.16,-8.740000000000002
2025-08-13T13:45:10.215402,61.0,15.0,-91.0,16.0,39.0,-95.0,31.0,27.0,-108.0,25.0,42.0,-87.0,73.93,-1.3200000000000003,-104.87,10.6,12.219999999999999,-96.86,49.05,3.4800000000000004,-88.81,43.129999999999995,23.84,-51.74
2025-08-13T13:45:10.219715,29.0,-17.0,-41.0,35.0,66.0,-28.0,-87.0,-39.0,-28.0,-18.0,2.0,-54.0,41.93,-33.32,-54.87,29.6,39.22,-29.86,-68.95,-62.519999999999996,-8.809999999999999,0.129999999999999,-16.16,-18.740000000000002
2025-08-13T13:45:10.227727,29.0,-7.0,31.0,21.0,51.0,-31.0,-29.0,34.0,35.0,-64.0,13.0,-56.0,41.93,-23.32,17.130000000000003,15.6,24.22,-32.86,-10.95,10.48,54.19,-45.870000000000005,-5.16,-20.740000000000002
2025-08-13T13:45:10.231916,-89.0,90.0,51.0,56.0,16.0,-68.0,-41.0,75.0,-54.0,-104.0,-2.0,-100.0,-76.07,73.68,37.13,50.6,-10.780000000000001,-69.86,-22.95,51.480000000000004,-34.81,-85.87,-20.16,-64.74000000000001
2025-08-13T13:45:10.240098,-70.0,37.0,-96.0,12.0,31.0,-37.0,21.0,61.0,-13.0,10.0,-5.0,-78.0,-57.07,20.68,-109.87,6.6,4.219999999999999,-38.86,39.05,37.480000000000004,6.190000000000001,28.13,-23.16,-42.74
2025-08-13T13:45:10.244220,-22.0,144.0,-15.0,18.0,-23.0,-74.0,-67.0,32.0,-65.0,81.0,-14.0,-75.0,-9.07,127.68,-28.869999999999997,12.6,-49.78,-75.86,-48.95,8.48,-45.81,99.13,-32.16,-39.74
2025-08-13T13:45:10.252319,11.0,60.0,7.0,55.0,59.0,-46.0,-40.0,-43.0,-18.0,-4.0,40.0,-126.0,23.93,43.68,-6.869999999999999,49.6,32.22,-47.86,-21.95,-66.52,1.1900000000000013,14.129999999999999,21.84,-90.74000000000001
2025-08-13T13:45:10.256480,34.0,99.0,-66.0,37.0,39.0,9.0,-34.0,-3.0,-49.0,-46.0,-33.0,-95.0,46.93,82.68,-79.87,31.6,12.219999999999999,7.14,-15.95,-26.52,-29.81,-27.87,-51.16,-59.74
2025-08-13T13:45:10.264590,18.0,-5.0,-48.0,65.0,-56.0,1.0,-59.0,93.0,-2.0,-31.0,38.0,-55.0,30.93,-21.32,-61.87,59.6,-82.78,-0.8600000000000001,-40.95,69.48,17.19,-12.870000000000001,19.84,-19.740000000000002
2025-08-13T13:45:10.268773,80.0,-11.0,-92.0,40.0,37.0,17.0,78.0,47.0,-51.0,9.0,-72.0,-99.0,92.93,-27.32,-105.87,34.6,10.219999999999999,15.14,96.05,23.48,-31.81,27.13,-90.16,-63.74
2025-08-13T13:45:10.276808,-1.0,10.0,-21.0,-13.0,5.0,-2.0,-20.0,28.0,-75.0,23.0,62.0,-87.0,11.93,-6.32,-34.87,-18.4,-21.78,-3.8600000000000003,-1.9499999999999993,4.48,-55.81,41.129999999999995,43.84,-51.74
2025-08-13T13:45:10.281285,54.0,60.0,-4.0,10.0,37.0,-20.0,11.0,53.0,-81.0,-45.0,-13.0,-42.0,66.93,43.68,-17.869999999999997,4.6,10.219999999999999,-21.86,29.05,29.48,-61.81,-26.87,-31.16,-6.740000000000002
2025-08-13T13:45:10.289272,7.0,58.0,-86.0,23.0,35.0,-43.0,30.0,12.0,31.0,-25.0,10.0,-83.0,19.93,41.68,-99.87,17.6,8.219999999999999,-44.86,48.05,-11.52,50.19,-6.870000000000001,-8.16,-47.74
2025-08-13T13:45:10.293659,49.0,42.0,-112.0,12.0,-15.0,-42.0,-13.0,-35.0,6.0,-45.0,18.0,-67.0,61.93,25.68,-125.87,6.6,-41.78,-43.86,5.050000000000001,-58.519999999999996,25.19,-26.87,-0.16000000000000014,-31.740000000000002
2025-08-13T13:45:10.301453,43.0,14.0,-30.0,-52.0,26.0,7.0,-49.0,29.0,-74.0,-16.0,-20.0,10.0,55.93,-2.3200000000000003,-43.87,-57.4,-0.7800000000000011,5.14,-30.95,5.48,-54.81,2.129999999999999,-38.16,45.26
2025-08-13T13:45:10.305712,40.0,3.0,-34.0,67.0,42.0,7.0,-23.0,15.0,5.0,-36.0,28.0,-51.0,52.93,-13.32,-47.87,61.6,15.219999999999999,5.14,-4.949999999999999,-8.52,24.19,-17.87,9.84,-15.740000000000002
2025-08-13T13:45:10.313712,58.0,-13.0,-5.0,15.0,-3.0,-46.0,-36.0,30.0,-63.0,-27.0,34.0,20.0,70.93,-29.32,-18.869999999999997,9.6,-29.78,-47.86,-17.95,6.48,-43.81,-8.870000000000001,15.84,55.26
2025-08-13T13:45:10.318149,-2.0,49.0,-64.0,-51.0,85.0,-91.0,-10.0,-26.0,-11.0,-27.0,4.0,-100.0,10.93,32.68,-77.87,-56.4,58.22,-92.86,8.05,-49.519999999999996,8.190000000000001,-8.870000000000001,-14.16,-64.74000000000001
2025-08-13T13:45:10.326156,26.0,52.0,-18.0,60.0,67.0,19.0,-50.0,62.0,-20.0,-37.0,59.0,-17.0,38.93,35.68,-31.869999999999997,54.6,40.22,17.14,-31.95,38.480000000000004,-0.8099999999999987,-18.87,40.84,18.259999999999998
2025-08-13T13:45:10.330496,19.0,45.0,15.0,-36.0,43.0,-38.0,20.0,78.0,-72.0,-75.0,36.0,-92.0,31.93,28.68,1.1300000000000008,-41.4,16.22,-39.86,38.05,54.480000000000004,-52.81,-56.870000000000005,17.84,-56.74
2025-08-13T13:45:10.338636,-62.0,75.0,-4.0,28.0,31.0,-13.0,2.0,36.0,-92.0,27.0,-17.0,-82.0,-49.07,58.68,-17.869999999999997,22.6,4.219999999999999,-14.86,20.05,12.48,-72.81,45.129999999999995,-35.16,-46.74
2025-08-13T13:45:10.342799,1.0,-27.0,-17.0,58.0,56.0,-83.0,-70.0,10.0,-83.0,58.0,54.0,-60.0,13.93,-43.32,-30.869999999999997,52.6,29.22,-84.86,-51.95,-13.52,-63.81,76.13,35.84,-24.740000000000002
2025-08-13T13:45:10.350720,-14.0,46.0,12.0,62.0,34.0,-21.0,7.0,-1.0,-1.0,20.0,25.0,-49.0,-1.0700000000000003,29.68,-1.8699999999999992,56.6,7.219999999999999,-22.86,25.05,-24.52,18.19,38.129999999999995,6.84,-13.740000000000002
2025-08-13T13:45:10.355212,-30.0,-5.0,-6.0,18.0,62.0,-18.0,-26.0,40.0,-62.0,29.0,80.0,-11.0,-17.07,-21.32,-19.869999999999997,12.6,35.22,-19.86,-7.949999999999999,16.48,-42.81,47.129999999999995,61.84,24.259999999999998
2025-08-13T13:45:10.363407,-62.0,-41.0,4.0,2.0,40.0,-30.0,12.0,-20.0,-86.0,13.0,-34.0,-103.0,-49.07,-57.32,-9.87,-3.4000000000000004,13.219999999999999,-31.86,30.05,-43.519999999999996,-66.81,31.13,-52.16,-67.74000000000001
2025-08-13T13:45:10.367085,-38.0,14.0,26.0,10.0,40.0,5.0,1.0,-23.0,16.0,-14.0,-13.0,-76.0,-25.07,-2.3200000000000003,12.13,4.6,13.219999999999999,3.1399999999999997,19.05,-46.519999999999996,35.19,4.129999999999999,-31.16,-40.74
2025-08-13T13:45:10.375052,25.0,-10.0,-11.0,43.0,17.0,-45.0,-6.0,69.0,3.0,-39.0,78.0,-48.0,37.93,-26.32,-24.869999999999997,37.6,-9.780000000000001,-46.86,12.05,45.480000000000004,22.19,-20.87,59.84,-12.740000000000002
2025-08-13T13:45:10.379923,-29.0,19.0,-8.0,13.0,20.0,-16.0,-65.0,16.0,-32.0,26.0,99.0,-54.0,-16.07,2.6799999999999997,-21.869999999999997,7.6,-6.780000000000001,-17.86,-46.95,-7.52,-12.809999999999999,44.129999999999995,80.84,-18.740000000000002
2025-08-13T13:45:10.387552,-73.0,33.0,23.0,-86.0,79.0,-31.0,-81.0,17.0,-66.0,-77.0,73.0,-21.0,-60.07,16.68,9.13,-91.4,52.22,-32.86,-62.95,-6.52,-46.81,-58.870000000000005,54.84,14.259999999999998
2025-08-13T13:45:10.391680,-1.0,45.0,-94.0,5.0,31.0,-82.0,-87.0,16.0,-93.0,-4.0,54.0,-109.0,11.93,28.68,-107.87,-0.40000000000000036,4.219999999999999,-83.86,-68.95,-7.52,-73.81,14.129999999999999,35.84,-73.74000000000001
2025-08-13T13:45:10.399585,16.0,71.0,-61.0,2.0,-4.0,-49.0,-41.0,3.0,-83.0,-81.0,31.0,-2.0,28.93,54.68,-74.87,-3.4000000000000004,-30.78,-50.86,-22.95,-20.52,-63.81,-62.870000000000005,12.84,33.26
2025-08-13T13:45:10.403859,-22.0,102.0,-90.0,34.0,9.0,-15.0,23.0,38.0,-4.0,-22.0,9.0,-73.0,-9.07,85.68,-103.87,28.6,-17.78,-16.86,41.05,14.48,15.190000000000001,-3.870000000000001,-9.16,-37.74
2025-08-13T13:45:10.408347,-12.0,88.0,-34.0,68.0,99.0,3.0,-60.0,2.0,-23.0,-59.0,44.0,-20.0,0.9299999999999997,71.68,-47.87,62.6,72.22,1.14,-41.95,-21.52,-3.8099999999999987,-40.870000000000005,25.84,15.259999999999998
2025-08-13T13:45:10.416141,8.0,48.0,-86.0,20.0,32.0,-49.0,38.0,79.0,-134.0,2.0,57.0,2.0,20.93,31.68,-99.87,14.6,5.219999999999999,-50.86,56.05,55.480000000000004,-114.81,20.13,38.84,37.26
2025-08-13T13:45:10.420552,-14.0,-3.0,19.0,-51.0,61.0,-45.0,23.0,107.0,-78.0,-59.0,41.0,-24.0,-1.0700000000000003,-19.32,5.130000000000001,-56.4,34.22,-46.86,41.05,83.48,-58.81,-40.870000000000005,22.84,11.259999999999998
2025-08-13T13:45:10.428510,43.0,47.0,-29.0,16.0,29.0,32.0,-12.0,-56.0,-18.0,-62.0,42.0,-83.0,55.93,30.68,-42.87,10.6,2.219999999999999,30.14,6.050000000000001,-79.52,1.1900000000000013,-43.870000000000005,23.84,-47.74
2025-08-13T13:45:10.433118,-33.0,-53.0,13.0,-83.0,91.0,-9.0,-24.0,-8.0,-35.0,-53.0,-30.0,-68.0,-20.07,-69.32,-0.8699999999999992,-88.4,64.22,-10.86,-5.949999999999999,-31.52,-15.809999999999999,-34.870000000000005,-48.16,-32.74
2025-08-13T13:45:10.440652,10.0,-13.0,7.0,64.0,38.0,-33.0,-36.0,2.0,-24.0,-6.0,50.0,-92.0,22.93,-29.32,-6.869999999999999,58.6,11.219999999999999,-34.86,-17.95,-21.52,-4.809999999999999,12.129999999999999,31.84,-56.74
2025-08-13T13:45:10.445218,-31.0,-2.0,34.0,24.0,39.0,-30.0,-42.0,-13.0,-9.0,-21.0,85.0,-83.0,-18.07,-18.32,20.130000000000003,18.6,12.219999999999999,-31.86,-23.95,-36.519999999999996,10.190000000000001,-2.870000000000001,66.84,-47.74
2025-08-13T13:45:10.452941,-70.0,-1.0,7.0,3.0,-6.0,-11.0,33.0,-50.0,3.0,-8.0,24.0,-102.0,-57.07,-17.32,-6.869999999999999,-2.4000000000000004,-32.78,-12.86,51.05,-73.52,22.19,10.129999999999999,5.84,-66.74000000000001
2025-08-13T13:45:10.457614,-47.0,-106.0,-3.0,23.0,45.0,20.0,12.0,8.0,-52.0,-82.0,34.0,-89.0,-34.07,-122.32,-16.869999999999997,17.6,18.22,18.14,30.05,-15.52,-32.81,-63.870000000000005,15.84,-53.74
2025-08-13T13:45:10.465174,-21.0,42.0,12.0,9.0,34.0,13.0,52.0,-6.0,-13.0,-34.0,51.0,-83.0,-8.07,25.68,-1.8699999999999992,3.5999999999999996,7.219999999999999,11.14,70.05,-29.52,6.190000000000001,-15.870000000000001,32.84,-47.74
2025-08-13T13:45:10.469865,-37.0,-9.0,-12.0,-8.0,-20.0,21.0,12.0,-64.0,16.0,-8.0,49.0,-83.0,-24.07,-25.32,-25.869999999999997,-13.4,-46.78,19.14,30.05,-87.52,35.19,10.129999999999999,30.84,-47.74
2025-08-13T13:45:10.477423,13.0,-53.0,23.0,22.0,36.0,12.0,-56.0,37.0,-21.0,-43.0,9.0,-71.0,25.93,-69.32,9.13,16.6,9.219999999999999,10.14,-37.95,13.48,-1.8099999999999987,-24.87,-9.16,-35.74
2025-08-13T13:45:10.481911,-95.0,54.0,18.0,-26.0,8.0,-56.0,-29.0,33.0,-57.0,-25.0,58.0,-77.0,-82.07,37.68,4.130000000000001,-31.4,-18.78,-57.86,-10.95,9.48,-37.81,-6.870000000000001,39.84,-41.74
2025-08-13T13:45:10.489873,-16.0,48.0,15.0,36.0,114.0,-10.0,-76.0,71.0,19.0,19.0,11.0,-87.0,-3.0700000000000003,31.68,1.1300000000000008,30.6,87.22,-11.86,-57.95,47.480000000000004,38.19,37.129999999999995,-7.16,-51.74
2025-08-13T13:45:10.494167,-22.0,15.0,36.0,52.0,55.0,-12.0,-29.0,14.0,-36.0,37.0,-30.0,-61.0,-9.07,-1.3200000000000003,22.130000000000003,46.6,28.22,-13.86,-10.95,-9.52,-16.81,55.129999999999995,-48.16,-25.740000000000002
2025-08-13T13:45:10.502232,-17.0,-18.0,-34.0,12.0,5.0,50.0,-21.0,65.0,-50.0,-47.0,-37.0,-66.0,-4.07,-34.32,-47.87,6.6,-21.78,48.14,-2.9499999999999993,41.480000000000004,-30.81,-28.87,-55.16,-30.740000000000002
2025-08-13T13:45:10.506592,-106.0,65.0,10.0,25.0,15.0,-16.0,-56.0,-18.0,-95.0,-39.0,-41.0,-30.0,-93.07,48.68,-3.869999999999999,19.6,-11.780000000000001,-17.86,-37.95,-41.519999999999996,-75.81,-20.87,-59.16,5.259999999999998
2025-08-13T13:45:10.514588,24.0,98.0,-35.0,-24.0,25.0,-25.0,24.0,40.0,-53.0,-10.0,63.0,-50.0,36.93,81.68,-48.87,-29.4,-1.7800000000000011,-26.86,42.05,16.48,-33.81,8.129999999999999,44.84,-14.740000000000002
2025-08-13T13:45:10.518807,45.0,36.0,8.0,-61.0,27.0,14.0,44.0,50.0,-56.0,-24.0,-7.0,-26.0,57.93,19.68,-5.869999999999999,-66.4,0.21999999999999886,12.14,62.05,26.48,-36.81,-5.870000000000001,-25.16,9.259999999999998
2025-08-13T13:45:10.526724,34.0,-22.0,-39.0,10.0,76.0,7.0,-22.0,-23.0,-7.0,-29.0,70.0,-28.0,46.93,-38.32,-52.87,4.6,49.22,5.14,-3.9499999999999993,-46.519999999999996,12.190000000000001,-10.870000000000001,51.84,7.259999999999998
2025-08-13T13:45:10.531212,28.0,17.0,86.0,-17.0,4.0,-29.0,-47.0,-12.0,-25.0,-25.0,30.0,-23.0,40.93,0.6799999999999997,72.13,-22.4,-22.78,-30.86,-28.95,-35.519999999999996,-5.809999999999999,-6.870000000000001,11.84,12.259999999999998
2025-08-13T13:45:10.538999,27.0,-28.0,-37.0,44.0,0.0,-22.0,-43.0,-60.0,-29.0,9.0,60.0,-43.0,39.93,-44.32,-50.87,38.6,-26.78,-23.86,-24.95,-83.52,-9.809999999999999,27.13,41.84,-7.740000000000002
2025-08-13T13:45:10.543333,-83.0,-5.0,34.0,58.0,46.0,-34.0,-67.0,17.0,-17.0,2.0,27.0,-45.0,-70.07,-21.32,20.130000000000003,52.6,19.22,-35.86,-48.95,-6.52,2.1900000000000013,20.13,8.84,-9.740000000000002
2025-08-13T13:45:10.551301,-26.0,23.0,8.0,-79.0,16.0,12.0,-48.0,98.0,-29.0,26.0,23.0,-36.0,-13.07,6.68,-5.869999999999999,-84.4,-10.780000000000001,10.14,-29.95,74.48,-9.809999999999999,44.129999999999995,4.84,-0.740000000000002
2025-08-13T13:45:10.555845,-31.0,-70.0,18.0,-19.0,34.0,-4.0,16.0,64.0,-77.0,-37.0,-2.0,-31.0,-18.07,-86.32,4.130000000000001,-24.4,7.219999999999999,-5.86,34.05,40.480000000000004,-57.81,-18.87,-20.16,4.259999999999998
2025-08-13T13:45:10.563668,28.0,49.0,-17.0,15.0,16.0,-63.0,26.0,-13.0,7.0,-68.0,47.0,-31.0,40.93,32.68,-30.869999999999997,9.6,-10.780000000000001,-64.86,44.05,-36.519999999999996,26.19,-49.870000000000005,28.84,4.259999999999998
2025-08-13T13:45:10.568006,-13.0,47.0,57.0,26.0,23.0,-7.0,-26.0,26.0,-100.0,7.0,-14.0,-76.0,-0.07000000000000028,30.68,43.13,20.6,-3.780000000000001,-8.86,-7.949999999999999,2.4800000000000004,-80.81,25.13,-32.16,-40.74
2025-08-13T13:45:10.575905,-51.0,62.0,35.0,26.0,-26.0,-3.0,-53.0,38.0,-65.0,8.0,21.0,-96.0,-38.07,45.68,21.130000000000003,20.6,-52.78,-4.86,-34.95,14.48,-45.81,26.13,2.84,-60.74
2025-08-13T13:45:10.580207,-13.0,28.0,31.0,30.0,-22.0,-26.0,-7.0,93.0,-50.0,-12.0,33.0,-17.0,-0.07000000000000028,11.68,17.130000000000003,24.6,-48.78,-27.86,11.05,69.48,-30.81,6.129999999999999,14.84,18.259999999999998
2025-08-13T13:45:10.588350,-10.0,46.0,-4.0,39.0,50.0,-33.0,15.0,-15.0,-77.0,-27.0,3.0,-26.0,2.9299999999999997,29.68,-17.869999999999997,33.6,23.22,-34.86,33.05,-38.519999999999996,-57.81,-8.870000000000001,-15.16,9.259999999999998
2025-08-13T13:45:10.592370,38.0,-30.0,-48.0,41.0,2.0,-36.0,-31.0,76.0,5.0,-64.0,41.0,-30.0,50.93,-46.32,-61.87,35.6,-24.78,-37.86,-12.95,52.480000000000004,24.19,-45.870000000000005,22.84,5.259999999999998
2025-08-13T13:45:10.600506,-11.0,49.0,-1.0,52.0,20.0,12.0,-28.0,65.0,-74.0,-33.0,-4.0,-70.0,1.9299999999999997,32.68,-14.87,46.6,-6.780000000000001,10.14,-9.95,41.480000000000004,-54.81,-14.870000000000001,-22.16,-34.74
2025-08-13T13:45:10.605361,-14.0,46.0,7.0,68.0,36.0,-48.0,0.0,30.0,-22.0,-62.0,-27.0,-33.0,-1.0700000000000003,29.68,-6.869999999999999,62.6,9.219999999999999,-49.86,18.05,6.48,-2.8099999999999987,-43.870000000000005,-45.16,2.259999999999998
2025-08-13T13:45:10.612534,13.0,65.0,-50.0,10.0,51.0,31.0,-20.0,4.0,-9.0,-50.0,78.0,-42.0,25.93,48.68,-63.87,4.6,24.22,29.14,-1.9499999999999993,-19.52,10.190000000000001,-31.87,59.84,-6.740000000000002
2025-08-13T13:45:10.616804,51.0,39.0,27.0,8.0,83.0,-36.0,-43.0,1.0,-65.0,2.0,22.0,-57.0,63.93,22.68,13.13,2.5999999999999996,56.22,-37.86,-24.95,-22.52,-45.81,20.13,3.84,-21.740000000000002
2025-08-13T13:45:10.621301,-30.0,34.0,-25.0,-18.0,53.0,-8.0,-9.0,44.0,-48.0,32.0,53.0,-74.0,-17.07,17.68,-38.87,-23.4,26.22,-9.86,9.05,20.48,-28.81,50.129999999999995,34.84,-38.74
2025-08-13T13:45:10.629145,33.0,42.0,-31.0,-20.0,-11.0,-66.0,-39.0,54.0,-38.0,-50.0,-32.0,-11.0,45.93,25.68,-44.87,-25.4,-37.78,-67.86,-20.95,30.48,-18.81,-31.87,-50.16,24.259999999999998
2025-08-13T13:45:10.633588,32.0,11.0,13.0,22.0,92.0,-21.0,-20.0,12.0,5.0,-11.0,48.0,-62.0,44.93,-5.32,-0.8699999999999992,16.6,65.22,-22.86,-1.9499999999999993,-11.52,24.19,7.129999999999999,29.84,-26.740000000000002
2025-08-13T13:45:10.641515,25.0,4.0,-66.0,5.0,124.0,-4.0,-76.0,82.0,-44.0,48.0,-63.0,-44.0,37.93,-12.32,-79.87,-0.40000000000000036,97.22,-5.86,-57.95,58.480000000000004,-24.81,66.13,-81.16,-8.740000000000002
2025-08-13T13:45:10.645851,-12.0,-15.0,-43.0,99.0,89.0,6.0,-21.0,78.0,-24.0,27.0,4.0,-82.0,0.9299999999999997,-31.32,-56.87,93.6,62.22,4.14,-2.9499999999999993,54.480000000000004,-4.809999999999999,45.129999999999995,-14.16,-46.74
2025-08-13T13:45:10.653710,-10.0,17.0,-9.0,-12.0,29.0,-7.0,-42.0,67.0,-41.0,17.0,-4.0,-96.0,2.9299999999999997,0.6799999999999997,-22.869999999999997,-17.4,2.219999999999999,-8.86,-23.95,43.480000000000004,-21.81,35.129999999999995,-22.16,-60.74
2025-08-13T13:45:10.658216,40.0,-18.0,-14.0,7.0,21.0,-24.0,-76.0,-18.0,-38.0,29.0,-6.0,-68.0,52.93,-34.32,-27.869999999999997,1.5999999999999996,-5.780000000000001,-25.86,-57.95,-41.519999999999996,-18.81,47.129999999999995,-24.16,-32.74
2025-08-13T13:45:10.666017,-49.0,10.0,6.0,52.0,23.0,18.0,-65.0,2.0,-14.0,41.0,40.0,-7.0,-36.07,-6.32,-7.869999999999999,46.6,-3.780000000000001,16.14,-46.95,-21.52,5.190000000000001,59.129999999999995,21.84,28.259999999999998
2025-08-13T13:45:10.670410,6.0,-57.0,36.0,-18.0,-4.0,-6.0,-32.0,-13.0,8.0,22.0,-42.0,-86.0,18.93,-73.32,22.130000000000003,-23.4,-30.78,-7.86,-13.95,-36.519999999999996,27.19,40.129999999999995,-60.16,-50.74
2025-08-13T13:45:10.678295,-11.0,-23.0,-81.0,-1.0,52.0,-1.0,-7.0,-3.0,-40.0,0.0,-28.0,-54.0,1.9299999999999997,-39.32,-94.87,-6.4,25.22,-2.8600000000000003,11.05,-26.52,-20.81,18.13,-46.16,-18.740000000000002
2025-08-13T13:45:10.682688,-6.0,13.0,-16.0,18.0,19.0,11.0,-71.0,34.0,-65.0,12.0,35.0,-49.0,6.93,-3.3200000000000003,-29.869999999999997,12.6,-7.780000000000001,9.14,-52.95,10.48,-45.81,30.13,16.84,-13.740000000000002
2025-08-13T13:45:10.690622,24.0,24.0,-91.0,19.0,53.0,35.0,53.0,49.0,-22.0,-34.0,14.0,-5.0,36.93,7.68,-104.87,13.6,26.22,33.14,71.05,25.48,-2.8099999999999987,-15.870000000000001,-4.16,30.259999999999998
2025-08-13T13:45:10.695003,1.0,-4.0,2.0,-38.0,2.0,-91.0,2.0,76.0,-78.0,67.0,8.0,-66.0,13.93,-20.32,-11.87,-43.4,-24.78,-92.86,20.05,52.480000000000004,-58.81,85.13,-10.16,-30.740000000000002
2025-08-13T13:45:10.703003,36.0,32.0,-22.0,-73.0,59.0,-36.0,0.0,-37.0,-65.0,-88.0,5.0,-37.0,48.93,15.68,-35.87,-78.4,32.22,-37.86,18.05,-60.519999999999996,-45.81,-69.87,-13.16,-1.740000000000002
2025-08-13T13:45:10.707644,72.0,16.0,12.0,-10.0,-4.0,29.0,-54.0,62.0,-34.0,-49.0,38.0,-1.0,84.93,-0.3200000000000003,-1.8699999999999992,-15.4,-30.78,27.14,-35.95,38.480000000000004,-14.809999999999999,-30.87,19.84,34.26
2025-08-13T13:45:10.715952,-16.0,26.0,-47.0,-12.0,28.0,-1.0,19.0,12.0,-38.0,-26.0,48.0,-80.0,-3.0700000000000003,9.68,-60.87,-17.4,1.2199999999999989,-2.8600000000000003,37.05,-11.52,-18.81,-7.870000000000001,29.84,-44.74
2025-08-13T13:45:10.719654,-87.0,25.0,-36.0,28.0,42.0,-81.0,-41.0,7.0,-1.0,-32.0,58.0,-42.0,-74.07,8.68,-49.87,22.6,15.219999999999999,-82.86,-22.95,-16.52,18.19,-13.870000000000001,39.84,-6.740000000000002
2025-08-13T13:45:10.724652,-19.0,2.0,-22.0,41.0,28.0,-18.0,-49.0,10.0,4.0,-3.0,4.0,29.0,-6.07,-14.32,-35.87,35.6,1.2199999999999989,-19.86,-30.95,-13.52,23.19,15.129999999999999,-14.16,64.25999999999999
2025-08-13T13:45:10.731808,16.0,15.0,23.0,45.0,23.0,14.0,4.0,39.0,-4.0,-43.0,66.0,-14.0,28.93,-1.3200000000000003,9.13,39.6,-3.780000000000001,12.14,22.05,15.48,15.190000000000001,-24.87,47.84,21.259999999999998
2025-08-13T13:45:10.741965,-21.0,-8.0,-12.0,59.0,42.0,51.0,-69.0,5.0,-29.0,-17.0,-15.0,-38.0,-8.07,-24.32,-25.869999999999997,53.6,15.219999999999999,49.14,-50.95,-18.52,-9.809999999999999,1.129999999999999,-33.16,-2.740000000000002
2025-08-13T13:45:10.747658,-26.0,9.0,-24.0,-31.0,-21.0,22.0,-16.0,61.0,-45.0,-74.0,-38.0,-65.0,-13.07,-7.32,-37.87,-36.4,-47.78,20.14,2.0500000000000007,37.480000000000004,-25.81,-55.870000000000005,-56.16,-29.740000000000002
2025-08-13T13:45:10.753083,0.0,64.0,-63.0,53.0,-4.0,-35.0,26.0,-13.0,-60.0,-79.0,5.0,-45.0,12.93,47.68,-76.87,47.6,-30.78,-36.86,44.05,-36.519999999999996,-40.81,-60.870000000000005,-13.16,-9.740000000000002
2025-08-13T13:45:10.758597,30.0,4.0,-11.0,-1.0,28.0,-17.0,-111.0,4.0,-47.0,-20.0,-40.0,-38.0,42.93,-12.32,-24.869999999999997,-6.4,1.2199999999999989,-18.86,-92.95,-19.52,-27.81,-1.870000000000001,-58.16,-2.740000000000002
2025-08-13T13:45:10.761487,64.0,-15.0,-2.0,31.0,45.0,-94.0,-17.0,10.0,6.0,-46.0,23.0,-88.0,76.93,-31.32,-15.87,25.6,18.22,-95.86,1.0500000000000007,-13.52,25.19,-27.87,4.84,-52.74
2025-08-13T13:45:10.768673,-5.0,3.0,-24.0,31.0,13.0,-23.0,-45.0,60.0,-69.0,-7.0,27.0,-33.0,7.93,-13.32,-37.87,25.6,-13.780000000000001,-24.86,-26.95,36.480000000000004,-49.81,11.129999999999999,8.84,2.259999999999998
2025-08-13T13:45:10.772942,-22.0,-30.0,-62.0,95.0,-48.0,26.0,6.0,94.0,-81.0,48.0,30.0,-66.0,-9.07,-46.32,-75.87,89.6,-74.78,24.14,24.05,70.48,-61.81,66.13,11.84,-30.740000000000002
2025-08-13T13:45:10.780888,53.0,68.0,-39.0,25.0,19.0,8.0,-109.0,22.0,24.0,-73.0,37.0,-76.0,65.93,51.68,-52.87,19.6,-7.780000000000001,6.14,-90.95,-1.5199999999999996,43.19,-54.870000000000005,18.84,-40.74
2025-08-13T13:45:10.785302,-16.0,29.0,22.0,-47.0,34.0,33.0,60.0,-1.0,-87.0,-54.0,-29.0,-97.0,-3.0700000000000003,12.68,8.13,-52.4,7.219999999999999,31.14,78.05,-24.52,-67.81,-35.870000000000005,-47.16,-61.74
2025-08-13T13:45:10.793182,-18.0,41.0,6.0,-21.0,-34.0,-9.0,-18.0,-3.0,-11.0,-54.0,-72.0,-80.0,-5.07,24.68,-7.869999999999999,-26.4,-60.78,-10.86,0.05000000000000071,-26.52,8.190000000000001,-35.870000000000005,-90.16,-44.74
2025-08-13T13:45:10.797334,-23.0,4.0,16.0,35.0,6.0,-59.0,-24.0,52.0,24.0,23.0,-10.0,-51.0,-10.07,-12.32,2.130000000000001,29.6,-20.78,-60.86,-5.949999999999999,28.48,43.19,41.129999999999995,-28.16,-15.740000000000002
2025-08-13T13:45:10.805248,-75.0,-15.0,-12.0,10.0,24.0,8.0,-55.0,33.0,29.0,14.0,-11.0,-49.0,-62.07,-31.32,-25.869999999999997,4.6,-2.780000000000001,6.14,-36.95,9.48,48.19,32.129999999999995,-29.16,-13.740000000000002
2025-08-13T13:45:10.809630,-16.0,44.0,30.0,-19.0,37.0,-75.0,-36.0,44.0,-73.0,-3.0,-53.0,-9.0,-3.0700000000000003,27.68,16.130000000000003,-24.4,10.219999999999999,-76.86,-17.95,20.48,-53.81,15.129999999999999,-71.16,26.259999999999998
2025-08-13T13:45:10.817547,-32.0,42.0,18.0,-13.0,73.0,20.0,-29.0,37.0,-27.0,-66.0,4.0,12.0,-19.07,25.68,4.130000000000001,-18.4,46.22,18.14,-10.95,13.48,-7.809999999999999,-47.870000000000005,-14.16,47.26
2025-08-13T13:45:10.821925,-30.0,31.0,-28.0,-106.0,48.0,-22.0,-1.0,57.0,-25.0,9.0,25.0,8.0,-17.07,14.68,-41.87,-111.4,21.22,-23.86,17.05,33.480000000000004,-5.809999999999999,27.13,6.84,43.26
2025-08-13T13:45:10.829671,-12.0,-6.0,-77.0,6.0,34.0,9.0,-51.0,34.0,-8.0,-17.0,41.0,-43.0,0.9299999999999997,-22.32,-90.87,0.5999999999999996,7.219999999999999,7.14,-32.95,10.48,11.190000000000001,1.129999999999999,22.84,-7.740000000000002
2025-08-13T13:45:10.834323,28.0,39.0,3.0,-13.0,22.0,23.0,-50.0,44.0,-7.0,40.0,-16.0,-52.0,40.93,22.68,-10.87,-18.4,-4.780000000000001,21.14,-31.95,20.48,12.190000000000001,58.129999999999995,-34.16,-16.740000000000002
2025-08-13T13:45:10.842042,-55.0,20.0,-21.0,37.0,50.0,59.0,35.0,-29.0,-44.0,12.0,49.0,-31.0,-42.07,3.6799999999999997,-34.87,31.6,23.22,57.14,53.05,-52.519999999999996,-24.81,30.13,30.84,4.259999999999998
2025-08-13T13:45:10.846674,-3.0,17.0,12.0,-80.0,-29.0,35.0,23.0,59.0,-51.0,-18.0,-18.0,-66.0,9.93,0.6799999999999997,-1.8699999999999992,-85.4,-55.78,33.14,41.05,35.480000000000004,-31.81,0.129999999999999,-36.16,-30.740000000000002
2025-08-13T13:45:10.854298,5.0,21.0,-14.0,-20.0,70.0,45.0,-27.0,52.0,34.0,23.0,-11.0,-92.0,17.93,4.68,-27.869999999999997,-25.4,43.22,43.14,-8.95,28.48,53.19,41.129999999999995,-29.16,-56.74
2025-08-13T13:45:10.858775,28.0,-54.0,-31.0,67.0,67.0,8.0,-47.0,56.0,-20.0,7.0,-33.0,-51.0,40.93,-70.32,-44.87,61.6,40.22,6.14,-28.95,32.480000000000004,-0.8099999999999987,25.13,-51.16,-15.740000000000002
2025-08-13T13:45:10.866567,-6.0,65.0,33.0,16.0,16.0,40.0,-67.0,73.0,-12.0,-43.0,-20.0,64.0,6.93,48.68,19.130000000000003,10.6,-10.780000000000001,38.14,-48.95,49.480000000000004,7.190000000000001,-24.87,-38.16,99.25999999999999
2025-08-13T13:45:10.871033,-8.0,39.0,-7.0,12.0,-20.0,-34.0,-33.0,70.0,-82.0,-24.0,69.0,-76.0,4.93,22.68,-20.869999999999997,6.6,-46.78,-35.86,-14.95,46.480000000000004,-62.81,-5.870000000000001,50.84,-40.74
2025-08-13T13:45:10.878922,-33.0,12.0,-41.0,-42.0,36.0,-33.0,-17.0,55.0,-11.0,-26.0,0.0,16.0,-20.07,-4.32,-54.87,-47.4,9.219999999999999,-34.86,1.0500000000000007,31.48,8.190000000000001,-7.870000000000001,-18.16,51.26
2025-08-13T13:45:10.883372,22.0,-11.0,11.0,23.0,-2.0,8.0,2.0,-46.0,-35.0,-44.0,13.0,-13.0,34.93,-27.32,-2.869999999999999,17.6,-28.78,6.14,20.05,-69.52,-15.809999999999999,-25.87,-5.16,22.259999999999998
2025-08-13T13:45:10.891217,56.0,-42.0,24.0,-13.0,63.0,-19.0,-36.0,-24.0,-25.0,-8.0,21.0,-16.0,68.93,-58.32,10.13,-18.4,36.22,-20.86,-17.95,-47.519999999999996,-5.809999999999999,10.129999999999999,2.84,19.259999999999998
2025-08-13T13:45:10.895679,-27.0,-25.0,26.0,10.0,23.0,-87.0,-62.0,-13.0,-54.0,-35.0,91.0,-60.0,-14.07,-41.32,12.13,4.6,-3.780000000000001,-88.86,-43.95,-36.519999999999996,-34.81,-16.87,72.84,-24.740000000000002
2025-08-13T13:45:10.903494,-100.0,55.0,6.0,47.0,60.0,-20.0,2.0,19.0,33.0,-39.0,53.0,-27.0,-87.07,38.68,-7.869999999999999,41.6,33.22,-21.86,20.05,-4.52,52.19,-20.87,34.84,8.259999999999998
2025-08-13T13:45:10.907873,-39.0,-75.0,-44.0,60.0,-30.0,-22.0,15.0,13.0,43.0,30.0,9.0,-61.0,-26.07,-91.32,-57.87,54.6,-56.78,-23.86,33.05,-10.52,62.19,48.129999999999995,-9.16,-25.740000000000002
2025-08-13T13:45:10.915701,-23.0,9.0,-15.0,3.0,37.0,6.0,-26.0,10.0,-49.0,12.0,6.0,-83.0,-10.07,-7.32,-28.869999999999997,-2.4000000000000004,10.219999999999999,4.14,-7.949999999999999,-13.52,-29.81,30.13,-12.16,-47.74
2025-08-13T13:45:10.920297,-20.0,40.0,-42.0,46.0,-38.0,33.0,-47.0,105.0,7.0,-2.0,-28.0,-2.0,-7.07,23.68,-55.87,40.6,-64.78,31.14,-28.95,81.48,26.19,16.13,-46.16,33.26
2025-08-13T13:45:10.928225,-106.0,66.0,-41.0,18.0,-4.0,-3.0,17.0,-9.0,-41.0,41.0,-19.0,-62.0,-93.07,49.68,-54.87,12.6,-30.78,-4.86,35.05,-32.519999999999996,-21.81,59.129999999999995,-37.16,-26.740000000000002
2025-08-13T13:45:10.932596,-15.0,12.0,-33.0,31.0,-15.0,-64.0,13.0,-1.0,-49.0,33.0,-32.0,-50.0,-2.0700000000000003,-4.32,-46.87,25.6,-41.78,-65.86,31.05,-24.52,-29.81,51.129999999999995,-50.16,-14.740000000000002
2025-08-13T13:45:10.940368,-24.0,-18.0,6.0,-27.0,106.0,29.0,-7.0,-16.0,-79.0,-67.0,-17.0,-17.0,-11.07,-34.32,-7.869999999999999,-32.4,79.22,27.14,11.05,-39.519999999999996,-59.81,-48.870000000000005,-35.16,18.259999999999998
2025-08-13T13:45:10.944793,-31.0,34.0,-42.0,77.0,-50.0,-12.0,-16.0,51.0,22.0,-18.0,31.0,-79.0,-18.07,17.68,-55.87,71.6,-76.78,-13.86,2.0500000000000007,27.48,41.19,0.129999999999999,12.84,-43.74
2025-08-13T13:45:10.952810,-50.0,-9.0,-34.0,56.0,-31.0,10.0,-42.0,13.0,-56.0,-5.0,32.0,-89.0,-37.07,-25.32,-47.87,50.6,-57.78,8.14,-23.95,-10.52,-36.81,13.129999999999999,13.84,-53.74
2025-08-13T13:45:10.957129,-1.0,50.0,41.0,47.0,102.0,83.0,-26.0,3.0,65.0,10.0,24.0,-78.0,11.93,33.68,27.130000000000003,41.6,75.22,81.14,-7.949999999999999,-20.52,84.19,28.13,5.84,-42.74
2025-08-13T13:45:10.963918,-51.0,37.0,-13.0,36.0,55.0,32.0,-32.0,7.0,7.0,-14.0,-14.0,-96.0,-38.07,20.68,-26.869999999999997,30.6,28.22,30.14,-13.95,-16.52,26.19,4.129999999999999,-32.16,-60.74
2025-08-13T13:45:10.970331,27.0,60.0,-23.0,5.0,2.0,25.0,-35.0,-20.0,5.0,-1.0,5.0,10.0,39.93,43.68,-36.87,-0.40000000000000036,-24.78,23.14,-16.95,-43.519999999999996,24.19,17.13,-13.16,45.26
2025-08-13T13:45:10.975299,5.0,46.0,12.0,-9.0,46.0,-4.0,-46.0,-1.0,7.0,-35.0,64.0,-46.0,17.93,29.68,-1.8699999999999992,-14.4,19.22,-5.86,-27.95,-24.52,26.19,-16.87,45.84,-10.740000000000002
2025-08-13T13:45:10.982270,33.0,15.0,20.0,72.0,100.0,-36.0,-48.0,1.0,-36.0,-61.0,50.0,-28.0,45.93,-1.3200000000000003,6.130000000000001,66.6,73.22,-37.86,-29.95,-22.52,-16.81,-42.870000000000005,31.84,7.259999999999998
2025-08-13T13:45:10.987731,1.0,13.0,-18.0,4.0,-40.0,0.0,-28.0,0.0,-28.0,47.0,-15.0,-18.0,13.93,-3.3200000000000003,-31.869999999999997,-1.4000000000000004,-66.78,-1.86,-9.95,-23.52,-8.809999999999999,65.13,-33.16,17.259999999999998
2025-08-13T13:45:10.994037,18.0,-12.0,-39.0,45.0,53.0,8.0,-26.0,86.0,-28.0,-9.0,22.0,-12.0,30.93,-28.32,-52.87,39.6,26.22,6.14,-7.949999999999999,62.480000000000004,-8.809999999999999,9.129999999999999,3.84,23.259999999999998
2025-08-13T13:45:11.003424,-3.0,35.0,-55.0,38.0,-5.0,-13.0,34.0,14.0,-10.0,-35.0,-34.0,-16.0,9.93,18.68,-68.87,32.6,-31.78,-14.86,52.05,-9.52,9.190000000000001,-16.87,-52.16,19.259999999999998
2025-08-13T13:45:11.011720,-58.0,-9.0,27.0,-2.0,-13.0,-21.0,22.0,10.0,-80.0,-6.0,-49.0,-28.0,-45.07,-25.32,13.13,-7.4,-39.78,-22.86,40.05,-13.52,-60.81,12.129999999999999,-67.16,7.259999999999998
2025-08-13T13:45:11.016979,25.0,-24.0,7.0,-34.0,63.0,-14.0,40.0,12.0,-13.0,-45.0,41.0,-67.0,37.93,-40.32,-6.869999999999999,-39.4,36.22,-15.86,58.05,-11.52,6.190000000000001,-26.87,22.84,-31.740000000000002
2025-08-13T13:45:11.020840,-25.0,11.0,49.0,5.0,42.0,-5.0,38.0,4.0,-42.0,-32.0,8.0,-42.0,-12.07,-5.32,35.13,-0.40000000000000036,15.219999999999999,-6.86,56.05,-19.52,-22.81,-13.870000000000001,-10.16,-6.740000000000002
2025-08-13T13:45:11.023388,0.0,-56.0,16.0,1.0,-11.0,40.0,2.0,35.0,-71.0,-73.0,15.0,-13.0,12.93,-72.32,2.130000000000001,-4.4,-37.78,38.14,20.05,11.48,-51.81,-54.870000000000005,-3.16,22.259999999999998
2025-08-13T13:45:11.030459,0.0,20.0,-15.0,56.0,-5.0,-55.0,24.0,54.0,-18.0,-11.0,15.0,27.0,12.93,3.6799999999999997,-28.869999999999997,50.6,-31.78,-56.86,42.05,30.48,1.1900000000000013,7.129999999999999,-3.16,62.26
2025-08-13T13:45:11.034851,18.0,-37.0,32.0,25.0,-13.0,-34.0,-19.0,76.0,-60.0,-68.0,-78.0,-23.0,30.93,-53.32,18.130000000000003,19.6,-39.78,-35.86,-0.9499999999999993,52.480000000000004,-40.81,-49.870000000000005,-96.16,12.259999999999998
2025-08-13T13:45:11.042755,-9.0,-14.0,30.0,3.0,30.0,-36.0,-63.0,0.0,-50.0,29.0,40.0,34.0,3.9299999999999997,-30.32,16.130000000000003,-2.4000000000000004,3.219999999999999,-37.86,-44.95,-23.52,-30.81,47.129999999999995,21.84,69.25999999999999
2025-08-13T13:45:11.047091,43.0,-35.0,32.0,28.0,58.0,52.0,15.0,0.0,80.0,-37.0,9.0,-3.0,55.93,-51.32,18.130000000000003,22.6,31.22,50.14,33.05,-23.52,99.19,-18.87,-9.16,32.26
2025-08-13T13:45:11.054937,-14.0,-25.0,7.0,-21.0,36.0,36.0,-52.0,-33.0,-10.0,6.0,40.0,7.0,-1.0700000000000003,-41.32,-6.869999999999999,-26.4,9.219999999999999,34.14,-33.95,-56.519999999999996,9.190000000000001,24.13,21.84,42.26
2025-08-13T13:45:11.059277,-3.0,-3.0,38.0,26.0,34.0,1.0,10.0,-75.0,7.0,-8.0,49.0,-24.0,9.93,-19.32,24.130000000000003,20.6,7.219999999999999,-0.8600000000000001,28.05,-98.52,26.19,10.129999999999999,30.84,11.259999999999998
2025-08-13T13:45:11.067287,-26.0,-53.0,31.0,-13.0,-42.0,-30.0,-92.0,5.0,5.0,-27.0,24.0,7.0,-13.07,-69.32,17.130000000000003,-18.4,-68.78,-31.86,-73.95,-18.52,24.19,-8.870000000000001,5.84,42.26
2025-08-13T13:45:11.071668,9.0,-22.0,25.0,8.0,37.0,6.0,-72.0,36.0,-35.0,-67.0,15.0,31.0,21.93,-38.32,11.13,2.5999999999999996,10.219999999999999,4.14,-53.95,12.48,-15.809999999999999,-48.870000000000005,-3.16,66.25999999999999
2025-08-13T13:45:11.079467,-98.0,25.0,-8.0,51.0,76.0,0.0,-44.0,15.0,11.0,-33.0,-2.0,-14.0,-85.07,8.68,-21.869999999999997,45.6,49.22,-1.86,-25.95,-8.52,30.19,-14.870000000000001,-20.16,21.259999999999998
2025-08-13T13:45:11.083846,12.0,-22.0,16.0,57.0,53.0,44.0,-34.0,-16.0,-42.0,-41.0,27.0,36.0,24.93,-38.32,2.130000000000001,51.6,26.22,42.14,-15.95,-39.519999999999996,-22.81,-22.87,8.84,71.25999999999999
2025-08-13T13:45:11.091736,-33.0,11.0,-32.0,27.0,20.0,40.0,-38.0,-3.0,-26.0,-6.0,58.0,-11.0,-20.07,-5.32,-45.87,21.6,-6.780000000000001,38.14,-19.95,-26.52,-6.809999999999999,12.129999999999999,39.84,24.259999999999998
2025-08-13T13:45:11.096260,31.0,53.0,58.0,18.0,-18.0,-70.0,-39.0,46.0,-51.0,-31.0,-9.0,-69.0,43.93,36.68,44.13,12.6,-44.78,-71.86,-20.95,22.48,-31.81,-12.870000000000001,-27.16,-33.74
2025-08-13T13:45:11.104298,16.0,-12.0,7.0,-6.0,60.0,7.0,-57.0,20.0,-40.0,-29.0,6.0,-47.0,28.93,-28.32,-6.869999999999999,-11.4,33.22,5.14,-38.95,-3.5199999999999996,-20.81,-10.870000000000001,-12.16,-11.740000000000002
2025-08-13T13:45:11.108512,-82.0,16.0,-82.0,-41.0,-33.0,58.0,36.0,5.0,-38.0,-12.0,-95.0,0.0,-69.07,-0.3200000000000003,-95.87,-46.4,-59.78,56.14,54.05,-18.52,-18.81,6.129999999999999,-113.16,35.26
2025-08-13T13:45:11.112937,-32.0,-4.0,-4.0,31.0,78.0,-41.0,-51.0,41.0,4.0,-29.0,-37.0,-66.0,-19.07,-20.32,-17.869999999999997,25.6,51.22,-42.86,-32.95,17.48,23.19,-10.870000000000001,-55.16,-30.740000000000002
2025-08-13T13:45:11.120754,-5.0,-45.0,-37.0,-34.0,38.0,3.0,32.0,61.0,-56.0,11.0,-48.0,-2.0,7.93,-61.32,-50.87,-39.4,11.219999999999999,1.14,50.05,37.480000000000004,-36.81,29.13,-66.16,33.26
2025-08-13T13:45:11.125172,-55.0,73.0,-3.0,24.0,20.0,21.0,-52.0,102.0,-41.0,-21.0,-58.0,-45.0,-42.07,56.68,-16.869999999999997,18.6,-6.780000000000001,19.14,-33.95,78.48,-21.81,-2.870000000000001,-76.16,-9.740000000000002
2025-08-13T13:45:11.133069,4.0,18.0,-4.0,-5.0,61.0,-9.0,-56.0,-26.0,-54.0,-18.0,29.0,-33.0,16.93,1.6799999999999997,-17.869999999999997,-10.4,34.22,-10.86,-37.95,-49.519999999999996,-34.81,0.129999999999999,10.84,2.259999999999998
2025-08-13T13:45:11.138168,62.0,11.0,-62.0,28.0,8.0,20.0,53.0,-48.0,-38.0,77.0,-26.0,-38.0,74.93,-5.32,-75.87,22.6,-18.78,18.14,71.05,-71.52,-18.81,95.13,-44.16,-2.740000000000002
2025-08-13T13:45:11.145318,4.0,-20.0,-14.0,7.0,42.0,-7.0,-5.0,-3.0,6.0,31.0,-25.0,-42.0,16.93,-36.32,-27.869999999999997,1.5999999999999996,15.219999999999999,-8.86,13.05,-26.52,25.19,49.129999999999995,-43.16,-6.740000000000002
2025-08-13T13:45:11.149764,-27.0,41.0,-7.0,4.0,83.0,-35.0,-73.0,0.0,-57.0,-9.0,-14.0,-33.0,-14.07,24.68,-20.869999999999997,-1.4000000000000004,56.22,-36.86,-54.95,-23.52,-37.81,9.129999999999999,-32.16,2.259999999999998
2025-08-13T13:45:11.157458,7.0,52.0,8.0,15.0,19.0,6.0,60.0,-37.0,13.0,-25.0,-89.0,12.0,19.93,35.68,-5.869999999999999,9.6,-7.780000000000001,4.14,78.05,-60.519999999999996,32.19,-6.870000000000001,-107.16,47.26
2025-08-13T13:45:11.161710,30.0,-20.0,3.0,-2.0,6.0,-19.0,-69.0,-13.0,20.0,30.0,34.0,-93.0,42.93,-36.32,-10.87,-7.4,-20.78,-20.86,-50.95,-36.519999999999996,39.19,48.129999999999995,15.84,-57.74
2025-08-13T13:45:11.169792,-5.0,68.0,-46.0,-7.0,65.0,-12.0,-12.0,34.0,-56.0,-15.0,40.0,39.0,7.93,51.68,-59.87,-12.4,38.22,-13.86,6.050000000000001,10.48,-36.81,3.129999999999999,21.84,74.25999999999999
2025-08-13T13:45:11.173966,53.0,10.0,-27.0,11.0,66.0,2.0,4.0,10.0,7.0,-76.0,0.0,-11.0,65.93,-6.32,-40.87,5.6,39.22,0.1399999999999999,22.05,-13.52,26.19,-57.870000000000005,-18.16,24.259999999999998
2025-08-13T13:45:11.182038,-6.0,-3.0,61.0,29.0,11.0,60.0,-61.0,37.0,-16.0,-81.0,-20.0,-13.0,6.93,-19.32,47.13,23.6,-15.780000000000001,58.14,-42.95,13.48,3.1900000000000013,-62.870000000000005,-38.16,22.259999999999998
2025-08-13T13:45:11.186381,7.0,22.0,-10.0,52.0,11.0,-29.0,-45.0,31.0,-5.0,-18.0,-18.0,-45.0,19.93,5.68,-23.869999999999997,46.6,-15.780000000000001,-30.86,-26.95,7.48,14.190000000000001,0.129999999999999,-36.16,-9.740000000000002
2025-08-13T13:45:11.194571,81.0,18.0,-26.0,-24.0,20.0,11.0,-60.0,44.0,-30.0,-81.0,47.0,-4.0,93.93,1.6799999999999997,-39.87,-29.4,-6.780000000000001,9.14,-41.95,20.48,-10.809999999999999,-62.870000000000005,28.84,31.259999999999998
2025-08-13T13:45:11.198997,-6.0,-12.0,12.0,-31.0,54.0,2.0,-55.0,-7.0,-34.0,27.0,84.0,-70.0,6.93,-28.32,-1.8699999999999992,-36.4,27.22,0.1399999999999999,-36.95,-30.52,-14.809999999999999,45.129999999999995,65.84,-34.74
2025-08-13T13:45:11.206703,23.0,16.0,40.0,-22.0,61.0,15.0,-23.0,-4.0,-34.0,15.0,-52.0,-74.0,35.93,-0.3200000000000003,26.130000000000003,-27.4,34.22,13.14,-4.949999999999999,-27.52,-14.809999999999999,33.129999999999995,-70.16,-38.74
2025-08-13T13:45:11.212912,14.0,-56.0,37.0,-43.0,40.0,-14.0,-134.0,31.0,1.0,-22.0,-12.0,-44.0,26.93,-72.32,23.130000000000003,-48.4,13.219999999999999,-15.86,-115.95,7.48,20.19,-3.870000000000001,-30.16,-8.740000000000002
2025-08-13T13:45:11.218924,-44.0,42.0,3.0,39.0,108.0,44.0,-19.0,7.0,-71.0,31.0,-52.0,-69.0,-31.07,25.68,-10.87,33.6,81.22,42.14,-0.9499999999999993,-16.52,-51.81,49.129999999999995,-70.16,-33.74
2025-08-13T13:45:11.224722,-43.0,-3.0,-21.0,21.0,41.0,-7.0,-12.0,54.0,-13.0,69.0,-28.0,-128.0,-30.07,-19.32,-34.87,15.6,14.219999999999999,-8.86,6.050000000000001,30.48,6.190000000000001,87.13,-46.16,-92.74000000000001
2025-08-13T13:45:11.231865,-39.0,-1.0,60.0,-26.0,-11.0,-32.0,-31.0,34.0,-48.0,2.0,45.0,-19.0,-26.07,-17.32,46.13,-31.4,-37.78,-33.86,-12.95,10.48,-28.81,20.13,26.84,16.259999999999998
2025-08-13T13:45:11.235850,32.0,58.0,54.0,7.0,3.0,51.0,6.0,-33.0,-9.0,-36.0,2.0,-23.0,44.93,41.68,40.13,1.5999999999999996,-23.78,49.14,24.05,-56.519999999999996,10.190000000000001,-17.87,-16.16,12.259999999999998
2025-08-13T13:45:11.243994,1.0,18.0,17.0,22.0,-1.0,29.0,-64.0,-34.0,-28.0,-63.0,77.0,-27.0,13.93,1.6799999999999997,3.130000000000001,16.6,-27.78,27.14,-45.95,-57.519999999999996,-8.809999999999999,-44.870000000000005,58.84,8.259999999999998
2025-08-13T13:45:11.251190,-49.0,11.0,61.0,-5.0,48.0,-9.0,-47.0,7.0,30.0,-97.0,8.0,-28.0,-36.07,-5.32,47.13,-10.4,21.22,-10.86,-28.95,-16.52,49.19,-78.87,-10.16,7.259999999999998
2025-08-13T13:45:11.258708,-61.0,12.0,3.0,0.0,25.0,30.0,-39.0,-30.0,-4.0,-66.0,-13.0,-36.0,-48.07,-4.32,-10.87,-5.4,-1.7800000000000011,28.14,-20.95,-53.519999999999996,15.190000000000001,-47.870000000000005,-31.16,-0.740000000000002
2025-08-13T13:45:11.263403,30.0,60.0,41.0,40.0,27.0,-28.0,-24.0,102.0,33.0,-30.0,4.0,-36.0,42.93,43.68,27.130000000000003,34.6,0.21999999999999886,-29.86,-5.949999999999999,78.48,52.19,-11.870000000000001,-14.16,-0.740000000000002
2025-08-13T13:45:11.267909,-32.0,-49.0,-71.0,38.0,86.0,75.0,-24.0,25.0,-37.0,-12.0,-6.0,-28.0,-19.07,-65.32,-84.87,32.6,59.22,73.14,-5.949999999999999,1.4800000000000004,-17.81,6.129999999999999,-24.16,7.259999999999998
2025-08-13T13:45:11.272371,6.0,31.0,89.0,-37.0,17.0,1.0,-38.0,32.0,-77.0,-10.0,21.0,-72.0,18.93,14.68,75.13,-42.4,-9.780000000000001,-0.8600000000000001,-19.95,8.48,-57.81,8.129999999999999,2.84,-36.74
2025-08-13T13:45:11.277182,-1.0,-6.0,-29.0,-29.0,28.0,-7.0,-14.0,5.0,-84.0,-23.0,34.0,-33.0,11.93,-22.32,-42.87,-34.4,1.2199999999999989,-8.86,4.050000000000001,-18.52,-64.81,-4.870000000000001,15.84,2.259999999999998
2025-08-13T13:45:11.284630,-105.0,-16.0,-56.0,-48.0,24.0,16.0,-55.0,59.0,-39.0,76.0,-52.0,-7.0,-92.07,-32.32,-69.87,-53.4,-2.780000000000001,14.14,-36.95,35.480000000000004,-19.81,94.13,-70.16,28.259999999999998
2025-08-13T13:45:11.289159,-27.0,25.0,15.0,-29.0,70.0,-17.0,-4.0,-23.0,-81.0,-43.0,19.0,-65.0,-14.07,8.68,1.1300000000000008,-34.4,43.22,-18.86,14.05,-46.519999999999996,-61.81,-24.87,0.8399999999999999,-29.740000000000002
2025-08-13T13:45:11.296821,-21.0,-61.0,41.0,6.0,53.0,-24.0,13.0,-27.0,-5.0,-34.0,-14.0,11.0,-8.07,-77.32,27.130000000000003,0.5999999999999996,26.22,-25.86,31.05,-50.519999999999996,14.190000000000001,-15.870000000000001,-32.16,46.26
2025-08-13T13:45:11.301301,-61.0,29.0,54.0,-9.0,32.0,12.0,-122.0,-5.0,-28.0,-37.0,-26.0,-49.0,-48.07,12.68,40.13,-14.4,5.219999999999999,10.14,-103.95,-28.52,-8.809999999999999,-18.87,-44.16,-13.740000000000002
2025-08-13T13:45:11.308944,-46.0,-5.0,43.0,-53.0,0.0,4.0,-56.0,3.0,64.0,-34.0,2.0,-13.0,-33.07,-21.32,29.130000000000003,-58.4,-26.78,2.1399999999999997,-37.95,-20.52,83.19,-15.870000000000001,-16.16,22.259999999999998
2025-08-13T13:45:11.313552,26.0,-56.0,33.0,24.0,52.0,34.0,-43.0,93.0,-50.0,-9.0,7.0,-47.0,38.93,-72.32,19.130000000000003,18.6,25.22,32.14,-24.95,69.48,-30.81,9.129999999999999,-11.16,-11.740000000000002
2025-08-13T13:45:11.321246,42.0,25.0,36.0,33.0,51.0,35.0,-2.0,23.0,-24.0,-48.0,23.0,-48.0,54.93,8.68,22.130000000000003,27.6,24.22,33.14,16.05,-0.5199999999999996,-4.809999999999999,-29.87,4.84,-12.740000000000002
2025-08-13T13:45:11.326512,-17.0,-33.0,32.0,-14.0,38.0,-16.0,63.0,-3.0,-63.0,-12.0,-68.0,-73.0,-4.07,-49.32,18.130000000000003,-19.4,11.219999999999999,-17.86,81.05,-26.52,-43.81,6.129999999999999,-86.16,-37.74
2025-08-13T13:45:11.333634,-9.0,-2.0,40.0,29.0,58.0,-10.0,-33.0,21.0,21.0,69.0,-37.0,-26.0,3.9299999999999997,-18.32,26.130000000000003,23.6,31.22,-11.86,-14.95,-2.5199999999999996,40.19,87.13,-55.16,9.259999999999998
2025-08-13T13:45:11.338904,64.0,-3.0,-67.0,24.0,39.0,6.0,-8.0,18.0,-43.0,-66.0,-21.0,-57.0,76.93,-19.32,-80.87,18.6,12.219999999999999,4.14,10.05,-5.52,-23.81,-47.870000000000005,-39.16,-21.740000000000002
2025-08-13T13:45:11.345749,-34.0,71.0,51.0,22.0,60.0,-23.0,8.0,39.0,-4.0,-28.0,-44.0,-36.0,-21.07,54.68,37.13,16.6,33.22,-24.86,26.05,15.48,15.190000000000001,-9.870000000000001,-62.16,-0.740000000000002
2025-08-13T13:45:11.350094,-26.0,106.0,20.0,36.0,71.0,4.0,-21.0,62.0,2.0,-27.0,73.0,31.0,-13.07,89.68,6.130000000000001,30.6,44.22,2.1399999999999997,-2.9499999999999993,38.480000000000004,21.19,-8.870000000000001,54.84,66.25999999999999
2025-08-13T13:45:11.358160,24.0,-9.0,-3.0,-12.0,-5.0,97.0,-53.0,37.0,-39.0,-6.0,19.0,-58.0,36.93,-25.32,-16.869999999999997,-17.4,-31.78,95.14,-34.95,13.48,-19.81,12.129999999999999,0.8399999999999999,-22.740000000000002
2025-08-13T13:45:11.362635,-14.0,50.0,-24.0,83.0,56.0,-15.0,-112.0,50.0,30.0,-6.0,58.0,-50.0,-1.0700000000000003,33.68,-37.87,77.6,29.22,-16.86,-93.95,26.48,49.19,12.129999999999999,39.84,-14.740000000000002
2025-08-13T13:45:11.370388,5.0,-68.0,-15.0,18.0,9.0,14.0,-57.0,58.0,-60.0,-40.0,34.0,-11.0,17.93,-84.32,-28.869999999999997,12.6,-17.78,12.14,-38.95,34.480000000000004,-40.81,-21.87,15.84,24.259999999999998
2025-08-13T13:45:11.375011,79.0,39.0,3.0,-45.0,11.0,-45.0,-33.0,26.0,-86.0,-68.0,-42.0,-113.0,91.93,22.68,-10.87,-50.4,-15.780000000000001,-46.86,-14.95,2.4800000000000004,-66.81,-49.870000000000005,-60.16,-77.74000000000001
2025-08-13T13:45:11.382652,31.0,32.0,88.0,34.0,25.0,-21.0,-73.0,21.0,-82.0,-19.0,14.0,-46.0,43.93,15.68,74.13,28.6,-1.7800000000000011,-22.86,-54.95,-2.5199999999999996,-62.81,-0.870000000000001,-4.16,-10.740000000000002
2025-08-13T13:45:11.386845,37.0,0.0,54.0,11.0,-16.0,6.0,15.0,22.0,-2.0,-5.0,-30.0,-12.0,49.93,-16.32,40.13,5.6,-42.78,4.14,33.05,-1.5199999999999996,17.19,13.129999999999999,-48.16,23.259999999999998
2025-08-13T13:45:11.395084,-67.0,-27.0,93.0,25.0,73.0,-42.0,25.0,53.0,16.0,11.0,-10.0,-64.0,-54.07,-43.32,79.13,19.6,46.22,-43.86,43.05,29.48,35.19,29.13,-28.16,-28.740000000000002
2025-08-13T13:45:11.399451,20.0,36.0,64.0,-10.0,54.0,-62.0,-63.0,-37.0,-44.0,-7.0,-8.0,-24.0,32.93,19.68,50.13,-15.4,27.22,-63.86,-44.95,-60.519999999999996,-24.81,11.129999999999999,-26.16,11.259999999999998
2025-08-13T13:45:11.407345,97.0,39.0,33.0,22.0,42.0,-19.0,25.0,-25.0,-22.0,-41.0,-1.0,-51.0,109.93,22.68,19.130000000000003,16.6,15.219999999999999,-20.86,43.05,-48.519999999999996,-2.8099999999999987,-22.87,-19.16,-15.740000000000002
2025-08-13T13:45:11.411677,-17.0,32.0,70.0,2.0,-10.0,59.0,40.0,6.0,-4.0,-56.0,81.0,4.0,-4.07,15.68,56.13,-3.4000000000000004,-36.78,57.14,58.05,-17.52,15.190000000000001,-37.870000000000005,62.84,39.26
2025-08-13T13:45:11.419521,-53.0,-61.0,12.0,36.0,51.0,7.0,2.0,31.0,-15.0,-36.0,31.0,-38.0,-40.07,-77.32,-1.8699999999999992,30.6,24.22,5.14,20.05,7.48,4.190000000000001,-17.87,12.84,-2.740000000000002
2025-08-13T13:45:11.424043,-41.0,-54.0,37.0,4.0,-11.0,48.0,-53.0,45.0,-49.0,-43.0,24.0,-131.0,-28.07,-70.32,23.130000000000003,-1.4000000000000004,-37.78,46.14,-34.95,21.48,-29.81,-24.87,5.84,-95.74000000000001
2025-08-13T13:45:11.432052,-22.0,6.0,-46.0,-26.0,-10.0,38.0,-26.0,80.0,-3.0,31.0,-10.0,-116.0,-9.07,-10.32,-59.87,-31.4,-36.78,36.14,-7.949999999999999,56.480000000000004,16.19,49.129999999999995,-28.16,-80.74000000000001
2025-08-13T13:45:11.436785,-42.0,13.0,40.0,-22.0,52.0,0.0,-45.0,-1.0,11.0,-50.0,19.0,-62.0,-29.07,-3.3200000000000003,26.130000000000003,-27.4,25.22,-1.86,-26.95,-24.52,30.19,-31.87,0.8399999999999999,-26.740000000000002
2025-08-13T13:45:11.444369,-11.0,-13.0,31.0,5.0,47.0,-39.0,-17.0,-15.0,-44.0,-18.0,-22.0,-2.0,1.9299999999999997,-29.32,17.130000000000003,-0.40000000000000036,20.22,-40.86,1.0500000000000007,-38.519999999999996,-24.81,0.129999999999999,-40.16,33.26
2025-08-13T13:45:11.449720,-29.0,64.0,-26.0,21.0,64.0,-29.0,-56.0,37.0,16.0,-1.0,-26.0,-20.0,-16.07,47.68,-39.87,15.6,37.22,-30.86,-37.95,13.48,35.19,17.13,-44.16,15.259999999999998
2025-08-13T13:45:11.456352,19.0,53.0,44.0,26.0,26.0,32.0,-74.0,-46.0,0.0,17.0,30.0,-59.0,31.93,36.68,30.130000000000003,20.6,-0.7800000000000011,30.14,-55.95,-69.52,19.19,35.129999999999995,11.84,-23.740000000000002
2025-08-13T13:45:11.461917,39.0,-53.0,1.0,36.0,67.0,4.0,7.0,98.0,5.0,-86.0,30.0,-32.0,51.93,-69.32,-12.87,30.6,40.22,2.1399999999999997,25.05,74.48,24.19,-67.87,11.84,3.259999999999998
2025-08-13T13:45:11.472506,-9.0,-54.0,-44.0,46.0,50.0,22.0,-24.0,27.0,-22.0,29.0,-43.0,-56.0,3.9299999999999997,-70.32,-57.87,40.6,23.22,20.14,-5.949999999999999,3.4800000000000004,-2.8099999999999987,47.129999999999995,-61.16,-20.740000000000002
