timestamp,x1,y1,z1,x2,y2,z2,x3,y3,z3,x4,y4,z4,x1_calib,y1_calib,z1_calib,x2_calib,y2_calib,z2_calib,x3_calib,y3_calib,z3_calib,x4_calib,y4_calib,z4_calib
2025-08-11T16:33:26.130202,-56.0,61.0,41.0,12.0,22.0,-29.0,20.0,-26.0,12.0,-37.0,3.0,-37.0,-42.76,7.93,67.38,1.1899999999999995,10.38,-42.43,18.9,-28.34,9.15,-15.579999999999998,-2.41,-19.78
2025-08-11T16:33:26.138457,-24.0,79.0,-94.0,44.0,12.0,61.0,-17.0,-52.0,23.0,-12.0,45.0,-45.0,-10.76,25.93,-67.62,33.19,0.3800000000000008,47.57,-18.1,-54.34,20.15,9.420000000000002,39.59,-27.78
2025-08-11T16:33:26.142556,0.0,102.0,-42.0,-42.0,6.0,61.0,-10.0,54.0,19.0,-18.0,25.0,-87.0,13.24,48.93,-15.620000000000001,-52.81,-5.619999999999999,47.57,-11.1,51.66,16.15,3.4200000000000017,19.59,-69.78
2025-08-11T16:33:26.150551,33.0,-8.0,-63.0,-44.0,48.0,-8.0,-19.0,-29.0,9.0,3.0,19.0,-19.0,46.24,-61.07,-36.620000000000005,-54.81,36.38,-21.43,-20.1,-31.34,6.15,24.42,13.59,-1.7800000000000011
2025-08-11T16:33:26.154868,3.0,-6.0,-62.0,-47.0,25.0,30.0,-38.0,-5.0,76.0,-12.0,38.0,33.0,16.240000000000002,-59.07,-35.620000000000005,-57.81,13.38,16.57,-39.1,-7.34,73.15,9.420000000000002,32.59,50.22
2025-08-11T16:33:26.163106,1.0,-23.0,-115.0,40.0,32.0,52.0,11.0,-10.0,3.0,-17.0,45.0,-22.0,14.24,-76.07,-88.62,29.189999999999998,20.380000000000003,38.57,9.9,-12.34,0.1499999999999999,4.420000000000002,39.59,-4.780000000000001
2025-08-11T16:33:26.167008,34.0,35.0,-26.0,-14.0,-6.0,1.0,-44.0,14.0,52.0,-10.0,20.0,27.0,47.24,-18.07,0.379999999999999,-24.810000000000002,-17.619999999999997,-12.43,-45.1,11.66,49.15,11.420000000000002,14.59,44.22
2025-08-11T16:33:26.175204,-62.0,37.0,-34.0,11.0,24.0,-27.0,-49.0,56.0,3.0,-91.0,83.0,0.0,-48.76,-16.07,-7.620000000000001,0.1899999999999995,12.38,-40.43,-50.1,53.66,0.1499999999999999,-69.58,77.59,17.22
2025-08-11T16:33:26.179337,-47.0,157.0,-10.0,5.0,-34.0,-31.0,2.0,4.0,-30.0,-114.0,2.0,-6.0,-33.76,103.93,16.38,-5.8100000000000005,-45.62,-44.43,0.8999999999999999,1.6600000000000001,-32.85,-92.58,-3.41,11.219999999999999
2025-08-11T16:33:26.187358,-29.0,144.0,-120.0,7.0,-23.0,42.0,-42.0,-10.0,-29.0,24.0,-19.0,-22.0,-15.76,90.93,-93.62,-3.8100000000000005,-34.62,28.57,-43.1,-12.34,-31.85,45.42,-24.41,-4.780000000000001
2025-08-11T16:33:26.191700,-16.0,102.0,-42.0,-10.0,7.0,-18.0,21.0,-28.0,1.0,-10.0,30.0,-24.0,-2.76,48.93,-15.620000000000001,-20.810000000000002,-4.619999999999999,-31.43,19.9,-30.34,-1.85,11.420000000000002,24.59,-6.780000000000001
2025-08-11T16:33:26.199700,-44.0,-3.0,-76.0,24.0,23.0,-15.0,34.0,39.0,-6.0,16.0,0.0,-61.0,-30.759999999999998,-56.07,-49.620000000000005,13.19,11.38,-28.43,32.9,36.66,-8.85,37.42,-5.41,-43.78
2025-08-11T16:33:26.203856,37.0,50.0,1.0,-39.0,51.0,-9.0,37.0,33.0,-18.0,-19.0,25.0,5.0,50.24,-3.0700000000000003,27.38,-49.81,39.38,-22.43,35.9,30.66,-20.85,2.4200000000000017,19.59,22.22
2025-08-11T16:33:26.207921,50.0,40.0,-97.0,40.0,110.0,0.0,-11.0,18.0,-93.0,0.0,2.0,-16.0,63.24,-13.07,-70.62,29.189999999999998,98.38,-13.43,-12.1,15.66,-95.85,21.42,-3.41,1.2199999999999989
2025-08-11T16:33:26.216231,-17.0,17.0,-45.0,5.0,19.0,12.0,3.0,8.0,19.0,-30.0,-37.0,-44.0,-3.76,-36.07,-18.62,-5.8100000000000005,7.380000000000001,-1.4299999999999997,1.9,5.66,16.15,-8.579999999999998,-42.41,-26.78
2025-08-11T16:33:26.220318,46.0,38.0,-75.0,52.0,24.0,-20.0,30.0,-17.0,-48.0,-15.0,-38.0,-36.0,59.24,-15.07,-48.620000000000005,41.19,12.38,-33.43,28.9,-19.34,-50.85,6.420000000000002,-43.41,-18.78
2025-08-11T16:33:26.228474,34.0,22.0,-51.0,55.0,31.0,-19.0,57.0,48.0,-52.0,-7.0,34.0,-79.0,47.24,-31.07,-24.62,44.19,19.380000000000003,-32.43,55.9,45.66,-54.85,14.420000000000002,28.59,-61.78
2025-08-11T16:33:26.234382,56.0,11.0,-9.0,18.0,-33.0,30.0,16.0,-21.0,21.0,-74.0,-68.0,-73.0,69.24,-42.07,17.38,7.1899999999999995,-44.62,16.57,14.9,-23.34,18.15,-52.58,-73.41,-55.78
2025-08-11T16:33:26.240717,-74.0,58.0,-7.0,-56.0,7.0,-17.0,14.0,36.0,0.0,-69.0,-8.0,-47.0,-60.76,4.93,19.38,-66.81,-4.619999999999999,-30.43,12.9,33.66,-2.85,-47.58,-13.41,-29.78
2025-08-11T16:33:26.244848,-64.0,23.0,-28.0,-18.0,23.0,41.0,50.0,-10.0,-55.0,40.0,73.0,-103.0,-50.76,-30.07,-1.620000000000001,-28.810000000000002,11.38,27.57,48.9,-12.34,-57.85,61.42,67.59,-85.78
2025-08-11T16:33:26.253054,-63.0,114.0,-1.0,-53.0,-10.0,63.0,89.0,-92.0,-36.0,-80.0,10.0,-33.0,-49.76,60.93,25.38,-63.81,-21.619999999999997,49.57,87.9,-94.34,-38.85,-58.58,4.59,-15.780000000000001
2025-08-11T16:33:26.257166,-41.0,115.0,-54.0,33.0,67.0,-48.0,-1.0,-24.0,43.0,-22.0,36.0,-107.0,-27.759999999999998,61.93,-27.62,22.189999999999998,55.38,-61.43,-2.1,-26.34,40.15,-0.5799999999999983,30.59,-89.78
2025-08-11T16:33:26.265495,48.0,30.0,-49.0,11.0,-2.0,-16.0,-27.0,11.0,-14.0,-58.0,27.0,-135.0,61.24,-23.07,-22.62,0.1899999999999995,-13.62,-29.43,-28.1,8.66,-16.85,-36.58,21.59,-117.78
2025-08-11T16:33:26.269494,-11.0,16.0,-68.0,-4.0,-21.0,63.0,-40.0,-21.0,18.0,2.0,46.0,-45.0,2.24,-37.07,-41.620000000000005,-14.81,-32.62,49.57,-41.1,-23.34,15.15,23.42,40.59,-27.78
2025-08-11T16:33:26.277494,14.0,95.0,-51.0,35.0,-27.0,-4.0,-5.0,74.0,18.0,-80.0,81.0,-7.0,27.240000000000002,41.93,-24.62,24.189999999999998,-38.62,-17.43,-6.1,71.66,15.15,-58.58,75.59,10.219999999999999
2025-08-11T16:33:26.281822,-9.0,12.0,-44.0,-24.0,9.0,-26.0,33.0,-20.0,-4.0,-59.0,22.0,3.0,4.24,-41.07,-17.62,-34.81,-2.619999999999999,-39.43,31.9,-22.34,-6.85,-37.58,16.59,20.22
2025-08-11T16:33:26.289879,8.0,59.0,-17.0,14.0,14.0,-18.0,83.0,-35.0,58.0,-23.0,60.0,-41.0,21.240000000000002,5.93,9.379999999999999,3.1899999999999995,2.380000000000001,-31.43,81.9,-37.34,55.15,-1.5799999999999983,54.59,-23.78
2025-08-11T16:33:26.294139,-77.0,5.0,-34.0,-29.0,-16.0,-12.0,14.0,-15.0,-1.0,-15.0,60.0,-49.0,-63.76,-48.07,-7.620000000000001,-39.81,-27.619999999999997,-25.43,12.9,-17.34,-3.85,6.420000000000002,54.59,-31.78
2025-08-11T16:33:26.302246,-12.0,80.0,-67.0,50.0,5.0,14.0,-19.0,51.0,17.0,-27.0,-19.0,-8.0,1.2400000000000002,26.93,-40.620000000000005,39.19,-6.619999999999999,0.5700000000000003,-20.1,48.66,14.15,-5.579999999999998,-24.41,9.219999999999999
2025-08-11T16:33:26.306557,-49.0,98.0,5.0,-30.0,30.0,-2.0,-27.0,90.0,15.0,-36.0,40.0,10.0,-35.76,44.93,31.38,-40.81,18.380000000000003,-15.43,-28.1,87.66,12.15,-14.579999999999998,34.59,27.22
2025-08-11T16:33:26.314408,-66.0,66.0,-73.0,-12.0,2.0,1.0,30.0,35.0,9.0,-29.0,-3.0,-13.0,-52.76,12.93,-46.620000000000005,-22.810000000000002,-9.62,-12.43,28.9,32.66,6.15,-7.579999999999998,-8.41,4.219999999999999
2025-08-11T16:33:26.318758,8.0,80.0,-86.0,3.0,16.0,-19.0,-13.0,-21.0,-20.0,-114.0,57.0,-41.0,21.240000000000002,26.93,-59.620000000000005,-7.8100000000000005,4.380000000000001,-32.43,-14.1,-23.34,-22.85,-92.58,51.59,-23.78
2025-08-11T16:33:26.326697,74.0,89.0,-85.0,-35.0,-19.0,78.0,-94.0,-14.0,31.0,-98.0,43.0,37.0,87.24,35.93,-58.620000000000005,-45.81,-30.619999999999997,64.57,-95.1,-16.34,28.15,-76.58,37.59,54.22
2025-08-11T16:33:26.330983,-10.0,66.0,-15.0,-20.0,35.0,-9.0,-4.0,19.0,47.0,-79.0,83.0,28.0,3.24,12.93,11.379999999999999,-30.810000000000002,23.380000000000003,-22.43,-5.1,16.66,44.15,-57.58,77.59,45.22
2025-08-11T16:33:26.339079,47.0,8.0,-5.0,50.0,52.0,-36.0,-21.0,8.0,-16.0,-40.0,31.0,32.0,60.24,-45.07,21.38,39.19,40.38,-49.43,-22.1,5.66,-18.85,-18.58,25.59,49.22
2025-08-11T16:33:26.343358,-91.0,23.0,-40.0,81.0,-61.0,-85.0,-11.0,19.0,-31.0,-45.0,-16.0,-7.0,-77.76,-30.07,-13.620000000000001,70.19,-72.62,-98.43,-12.1,16.66,-33.85,-23.58,-21.41,10.219999999999999
2025-08-11T16:33:26.351183,-35.0,23.0,2.0,130.0,-9.0,3.0,-35.0,-83.0,-11.0,-44.0,0.0,83.0,-21.759999999999998,-30.07,28.38,119.19,-20.619999999999997,-10.43,-36.1,-85.34,-13.85,-22.58,-5.41,100.22
2025-08-11T16:33:26.355395,-35.0,23.0,2.0,76.0,0.0,41.0,-12.0,-25.0,35.0,-78.0,-40.0,37.0,-21.759999999999998,-30.07,28.38,65.19,-11.62,27.57,-13.1,-27.34,32.15,-56.58,-45.41,54.22
2025-08-11T16:33:26.363432,-89.0,72.0,-10.0,37.0,25.0,72.0,-58.0,36.0,6.0,31.0,-79.0,51.0,-75.76,18.93,16.38,26.189999999999998,13.38,58.57,-59.1,33.66,3.15,52.42,-84.41,68.22
2025-08-11T16:33:26.367841,-75.0,117.0,-7.0,81.0,-37.0,72.0,4.0,-17.0,45.0,65.0,-116.0,81.0,-61.76,63.93,19.38,70.19,-48.62,58.57,2.9,-19.34,42.15,86.42,-121.41,98.22
2025-08-11T16:33:26.375768,-24.0,131.0,-76.0,77.0,-21.0,-35.0,13.0,51.0,-3.0,23.0,-60.0,7.0,-10.76,77.93,-49.620000000000005,66.19,-32.62,-48.43,11.9,48.66,-5.85,44.42,-65.41,24.22
2025-08-11T16:33:26.379948,2.0,95.0,-61.0,-19.0,-58.0,-19.0,31.0,23.0,23.0,45.0,27.0,45.0,15.24,41.93,-34.620000000000005,-29.810000000000002,-69.62,-32.43,29.9,20.66,20.15,66.42,21.59,62.22
2025-08-11T16:33:26.388059,56.0,49.0,-28.0,1.0,-9.0,-26.0,13.0,-6.0,-15.0,34.0,-49.0,-25.0,69.24,-4.07,-1.620000000000001,-9.81,-20.619999999999997,-39.43,11.9,-8.34,-17.85,55.42,-54.41,-7.780000000000001
2025-08-11T16:33:26.392224,-4.0,-16.0,-49.0,75.0,-39.0,-1.0,10.0,-14.0,-62.0,24.0,-79.0,32.0,9.24,-69.07,-22.62,64.19,-50.62,-14.43,8.9,-16.34,-64.85,45.42,-84.41,49.22
2025-08-11T16:33:26.396549,-43.0,55.0,-46.0,-14.0,2.0,24.0,12.0,-26.0,-7.0,74.0,-75.0,11.0,-29.759999999999998,1.9299999999999997,-19.62,-24.810000000000002,-9.62,10.57,10.9,-28.34,-9.85,95.42,-80.41,28.22
2025-08-11T16:33:26.404591,34.0,7.0,26.0,-31.0,58.0,-42.0,82.0,3.0,-25.0,32.0,8.0,-10.0,47.24,-46.07,52.379999999999995,-41.81,46.38,-55.43,80.9,0.6600000000000001,-27.85,53.42,2.59,7.219999999999999
2025-08-11T16:33:26.408722,48.0,16.0,-11.0,-41.0,23.0,-23.0,31.0,6.0,-8.0,-26.0,-68.0,20.0,61.24,-37.07,15.379999999999999,-51.81,11.38,-36.43,29.9,3.66,-10.85,-4.579999999999998,-73.41,37.22
2025-08-11T16:33:26.416963,-53.0,-15.0,10.0,0.0,75.0,-25.0,-70.0,24.0,75.0,56.0,-51.0,56.0,-39.76,-68.07,36.379999999999995,-10.81,63.38,-38.43,-71.1,21.66,72.15,77.42,-56.41,73.22
2025-08-11T16:33:26.420979,-117.0,72.0,-75.0,16.0,-47.0,-1.0,12.0,21.0,29.0,36.0,-45.0,-2.0,-103.76,18.93,-48.620000000000005,5.1899999999999995,-58.62,-14.43,10.9,18.66,26.15,57.42,-50.41,15.219999999999999
2025-08-11T16:33:26.429049,-94.0,44.0,-115.0,42.0,-23.0,10.0,-5.0,6.0,-3.0,-31.0,23.0,49.0,-80.76,-9.07,-88.62,31.189999999999998,-34.62,-3.4299999999999997,-6.1,3.66,-5.85,-9.579999999999998,17.59,66.22
2025-08-11T16:33:26.433327,-21.0,135.0,-99.0,89.0,83.0,22.0,-51.0,39.0,89.0,11.0,13.0,48.0,-7.76,81.93,-72.62,78.19,71.38,8.57,-52.1,36.66,86.15,32.42,7.59,65.22
2025-08-11T16:33:26.441613,-27.0,89.0,-99.0,-82.0,1.0,18.0,-36.0,1.0,-11.0,-24.0,-14.0,7.0,-13.76,35.93,-72.62,-92.81,-10.62,4.57,-37.1,-1.3399999999999999,-13.85,-2.5799999999999983,-19.41,24.22
2025-08-11T16:33:26.445639,67.0,5.0,-63.0,29.0,-41.0,39.0,23.0,100.0,-29.0,-31.0,-74.0,-47.0,80.24,-48.07,-36.620000000000005,18.189999999999998,-52.62,25.57,21.9,97.66,-31.85,-9.579999999999998,-79.41,-29.78
2025-08-11T16:33:26.453649,28.0,28.0,-36.0,110.0,40.0,-23.0,-54.0,36.0,-3.0,53.0,-64.0,-40.0,41.24,-25.07,-9.620000000000001,99.19,28.380000000000003,-36.43,-55.1,33.66,-5.85,74.42,-69.41,-22.78
2025-08-11T16:33:26.458076,31.0,38.0,-11.0,40.0,-20.0,5.0,28.0,36.0,-8.0,34.0,50.0,-16.0,44.24,-15.07,15.379999999999999,29.189999999999998,-31.619999999999997,-8.43,26.9,33.66,-10.85,55.42,44.59,1.2199999999999989
2025-08-11T16:33:26.466034,-69.0,33.0,3.0,65.0,43.0,-50.0,21.0,34.0,5.0,-15.0,-25.0,41.0,-55.76,-20.07,29.38,54.19,31.380000000000003,-63.43,19.9,31.66,2.15,6.420000000000002,-30.41,58.22
2025-08-11T16:33:26.470271,-55.0,155.0,23.0,54.0,-67.0,27.0,-11.0,41.0,0.0,49.0,-34.0,56.0,-41.76,101.93,49.379999999999995,43.19,-78.62,13.57,-12.1,38.66,-2.85,70.42,-39.41,73.22
2025-08-11T16:33:26.478261,-45.0,83.0,-87.0,-13.0,-25.0,52.0,25.0,43.0,-85.0,32.0,-2.0,48.0,-31.759999999999998,29.93,-60.620000000000005,-23.810000000000002,-36.62,38.57,23.9,40.66,-87.85,53.42,-7.41,65.22
2025-08-11T16:33:26.482524,34.0,78.0,-83.0,-10.0,8.0,-7.0,31.0,6.0,-13.0,48.0,-35.0,-60.0,47.24,24.93,-56.620000000000005,-20.810000000000002,-3.619999999999999,-20.43,29.9,3.66,-15.85,69.42,-40.41,-42.78
2025-08-11T16:33:26.490443,-3.0,61.0,-80.0,6.0,36.0,26.0,105.0,-6.0,-33.0,-77.0,-30.0,50.0,10.24,7.93,-53.620000000000005,-4.8100000000000005,24.380000000000003,12.57,103.9,-8.34,-35.85,-55.58,-35.41,67.22
2025-08-11T16:33:26.494788,10.0,135.0,-100.0,34.0,-11.0,-1.0,72.0,-15.0,-20.0,4.0,35.0,4.0,23.240000000000002,81.93,-73.62,23.189999999999998,-22.619999999999997,-14.43,70.9,-17.34,-22.85,25.42,29.59,21.22
2025-08-11T16:33:26.502758,-27.0,-19.0,-91.0,-17.0,10.0,15.0,-6.0,-3.0,-45.0,50.0,-32.0,46.0,-13.76,-72.07,-64.62,-27.810000000000002,-1.6199999999999992,1.5700000000000003,-7.1,-5.34,-47.85,71.42,-37.41,63.22
2025-08-11T16:33:26.507138,61.0,55.0,7.0,37.0,34.0,18.0,16.0,2.0,19.0,-28.0,-56.0,-19.0,74.24,1.9299999999999997,33.379999999999995,26.189999999999998,22.380000000000003,4.57,14.9,-0.33999999999999986,16.15,-6.579999999999998,-61.41,-1.7800000000000011
2025-08-11T16:33:26.515048,-20.0,28.0,-23.0,81.0,-49.0,-17.0,-11.0,-32.0,-90.0,66.0,-7.0,78.0,-6.76,-25.07,3.379999999999999,70.19,-60.62,-30.43,-12.1,-34.34,-92.85,87.42,-12.41,95.22
2025-08-11T16:33:26.519450,-92.0,18.0,30.0,65.0,22.0,25.0,-24.0,1.0,-21.0,19.0,18.0,12.0,-78.76,-35.07,56.379999999999995,54.19,10.38,11.57,-25.1,-1.3399999999999999,-23.85,40.42,12.59,29.22
2025-08-11T16:33:26.527480,-75.0,103.0,-16.0,-8.0,4.0,29.0,-44.0,29.0,-12.0,41.0,-36.0,-33.0,-61.76,49.93,10.379999999999999,-18.810000000000002,-7.619999999999999,15.57,-45.1,26.66,-14.85,62.42,-41.41,-15.780000000000001
2025-08-11T16:33:26.531905,-64.0,46.0,-39.0,-65.0,-7.0,99.0,32.0,-93.0,-48.0,-3.0,-45.0,52.0,-50.76,-7.07,-12.620000000000001,-75.81,-18.619999999999997,85.57,30.9,-95.34,-50.85,18.42,-50.41,69.22
2025-08-11T16:33:26.539707,-104.0,105.0,-68.0,-30.0,-15.0,26.0,51.0,-23.0,-74.0,3.0,-79.0,24.0,-90.76,51.93,-41.620000000000005,-40.81,-26.619999999999997,12.57,49.9,-25.34,-76.85,24.42,-84.41,41.22
2025-08-11T16:33:26.544099,27.0,61.0,-96.0,61.0,22.0,9.0,-16.0,40.0,15.0,39.0,-19.0,31.0,40.24,7.93,-69.62,50.19,10.38,-4.43,-17.1,37.66,12.15,60.42,-24.41,48.22
2025-08-11T16:33:26.551948,42.0,15.0,-85.0,39.0,-99.0,-22.0,43.0,36.0,33.0,10.0,-32.0,92.0,55.24,-38.07,-58.620000000000005,28.189999999999998,-110.62,-35.43,41.9,33.66,30.15,31.42,-37.41,109.22
2025-08-11T16:33:26.556154,163.0,9.0,-84.0,54.0,27.0,-3.0,-20.0,-27.0,-1.0,39.0,-38.0,9.0,176.24,-44.07,-57.620000000000005,43.19,15.38,-16.43,-21.1,-29.34,-3.85,60.42,-43.41,26.22
2025-08-11T16:33:26.564179,72.0,27.0,-102.0,25.0,-30.0,59.0,9.0,-15.0,55.0,-76.0,-47.0,25.0,85.24,-26.07,-75.62,14.19,-41.62,45.57,7.9,-17.34,52.15,-54.58,-52.41,42.22
2025-08-11T16:33:26.568509,28.0,63.0,-2.0,-45.0,-49.0,16.0,-45.0,51.0,-56.0,-2.0,-58.0,-16.0,41.24,9.93,24.38,-55.81,-60.62,2.5700000000000003,-46.1,48.66,-58.85,19.42,-63.41,1.2199999999999989
2025-08-11T16:33:26.572655,-56.0,38.0,-4.0,38.0,133.0,25.0,14.0,-55.0,42.0,75.0,-59.0,8.0,-42.76,-15.07,22.38,27.189999999999998,121.38,11.57,12.9,-57.34,39.15,96.42,-64.41,25.22
2025-08-11T16:33:26.580687,-63.0,53.0,-42.0,-30.0,28.0,-18.0,-34.0,52.0,-12.0,-12.0,-11.0,14.0,-49.76,-0.07000000000000028,-15.620000000000001,-40.81,16.380000000000003,-31.43,-35.1,49.66,-14.85,9.420000000000002,-16.41,31.22
2025-08-11T16:33:26.588791,-32.0,102.0,-81.0,-26.0,-17.0,-17.0,-54.0,3.0,0.0,-30.0,-55.0,5.0,-18.759999999999998,48.93,-54.620000000000005,-36.81,-28.619999999999997,-30.43,-55.1,0.6600000000000001,-2.85,-8.579999999999998,-60.41,22.22
2025-08-11T16:33:26.593053,-14.0,129.0,-29.0,74.0,-38.0,-1.0,13.0,23.0,23.0,15.0,-64.0,13.0,-0.7599999999999998,75.93,-2.620000000000001,63.19,-49.62,-14.43,11.9,20.66,20.15,36.42,-69.41,30.22
2025-08-11T16:33:26.601015,-94.0,48.0,-31.0,47.0,13.0,32.0,24.0,56.0,-43.0,-25.0,42.0,56.0,-80.76,-5.07,-4.620000000000001,36.19,1.3800000000000008,18.57,22.9,53.66,-45.85,-3.5799999999999983,36.59,73.22
2025-08-11T16:33:26.605362,-35.0,39.0,-76.0,-54.0,-17.0,55.0,19.0,9.0,22.0,74.0,3.0,29.0,-21.759999999999998,-14.07,-49.620000000000005,-64.81,-28.619999999999997,41.57,17.9,6.66,19.15,95.42,-2.41,46.22
2025-08-11T16:33:26.613314,-74.0,-21.0,-65.0,-42.0,16.0,62.0,7.0,-22.0,-28.0,10.0,-49.0,35.0,-60.76,-74.07,-38.620000000000005,-52.81,4.380000000000001,48.57,5.9,-24.34,-30.85,31.42,-54.41,52.22
2025-08-11T16:33:26.617579,31.0,-36.0,-26.0,-8.0,-36.0,40.0,-9.0,8.0,-19.0,-50.0,-3.0,-1.0,44.24,-89.07,0.379999999999999,-18.810000000000002,-47.62,26.57,-10.1,5.66,-21.85,-28.58,-8.41,16.22
2025-08-11T16:33:26.621683,-31.0,-2.0,-4.0,-18.0,43.0,-18.0,64.0,11.0,7.0,112.0,-65.0,0.0,-17.759999999999998,-55.07,22.38,-28.810000000000002,31.380000000000003,-31.43,62.9,8.66,4.15,133.42000000000002,-70.41,17.22
2025-08-11T16:33:26.629932,76.0,-12.0,14.0,-13.0,-30.0,-37.0,-25.0,59.0,-6.0,51.0,-34.0,-8.0,89.24,-65.07,40.379999999999995,-23.810000000000002,-41.62,-50.43,-26.1,56.66,-8.85,72.42,-39.41,9.219999999999999
2025-08-11T16:33:26.633967,-55.0,48.0,-35.0,28.0,57.0,-36.0,62.0,29.0,40.0,64.0,-57.0,37.0,-41.76,-5.07,-8.620000000000001,17.189999999999998,45.38,-49.43,60.9,26.66,37.15,85.42,-62.41,54.22
2025-08-11T16:33:26.642240,-53.0,142.0,9.0,34.0,3.0,31.0,18.0,62.0,0.0,-39.0,-50.0,-11.0,-39.76,88.93,35.379999999999995,23.189999999999998,-8.62,17.57,16.9,59.66,-2.85,-17.58,-55.41,6.219999999999999
2025-08-11T16:33:26.646248,-49.0,117.0,-62.0,-48.0,-40.0,43.0,-23.0,38.0,-9.0,-9.0,-20.0,-9.0,-35.76,63.93,-35.620000000000005,-58.81,-51.62,29.57,-24.1,35.66,-11.85,12.420000000000002,-25.41,8.219999999999999
2025-08-11T16:33:26.654431,-35.0,127.0,-51.0,-6.0,106.0,79.0,-2.0,-55.0,35.0,14.0,-41.0,17.0,-21.759999999999998,73.93,-24.62,-16.810000000000002,94.38,65.57,-3.1,-57.34,32.15,35.42,-46.41,34.22
2025-08-11T16:33:26.658616,97.0,84.0,-61.0,-35.0,26.0,5.0,-59.0,49.0,6.0,56.0,4.0,64.0,110.24,30.93,-34.620000000000005,-45.81,14.38,-8.43,-60.1,46.66,3.15,77.42,-1.4100000000000001,81.22
2025-08-11T16:33:26.666663,-1.0,46.0,-10.0,-40.0,32.0,37.0,-28.0,10.0,19.0,-9.0,-47.0,11.0,12.24,-7.07,16.38,-50.81,20.380000000000003,23.57,-29.1,7.66,16.15,12.420000000000002,-52.41,28.22
2025-08-11T16:33:26.671059,57.0,23.0,-73.0,-46.0,31.0,-29.0,66.0,-19.0,-19.0,-48.0,4.0,20.0,70.24,-30.07,-46.620000000000005,-56.81,19.380000000000003,-42.43,64.9,-21.34,-21.85,-26.58,-1.4100000000000001,37.22
2025-08-11T16:33:26.679027,53.0,-17.0,-40.0,95.0,-2.0,-24.0,20.0,-66.0,4.0,37.0,-64.0,-22.0,66.24,-70.07,-13.620000000000001,84.19,-13.62,-37.43,18.9,-68.34,1.15,58.42,-69.41,-4.780000000000001
2025-08-11T16:33:26.683157,-52.0,0.0,-4.0,65.0,-20.0,-22.0,39.0,25.0,7.0,-28.0,-36.0,52.0,-38.76,-53.07,22.38,54.19,-31.619999999999997,-35.43,37.9,22.66,4.15,-6.579999999999998,-41.41,69.22
2025-08-11T16:33:26.691328,-68.0,17.0,-3.0,-29.0,26.0,96.0,-37.0,31.0,-28.0,60.0,18.0,11.0,-54.76,-36.07,23.38,-39.81,14.38,82.57,-38.1,28.66,-30.85,81.42,12.59,28.22
2025-08-11T16:33:26.695651,-26.0,112.0,12.0,33.0,82.0,15.0,42.0,-56.0,-5.0,4.0,-48.0,39.0,-12.76,58.93,38.379999999999995,22.189999999999998,70.38,1.5700000000000003,40.9,-58.34,-7.85,25.42,-53.41,56.22
2025-08-11T16:33:26.703549,-61.0,96.0,-77.0,3.0,30.0,-49.0,26.0,-58.0,-13.0,48.0,-112.0,90.0,-47.76,42.93,-50.620000000000005,-7.8100000000000005,18.380000000000003,-62.43,24.9,-60.34,-15.85,69.42,-117.41,107.22
2025-08-11T16:33:26.707840,20.0,32.0,-109.0,19.0,62.0,46.0,-3.0,-17.0,-26.0,60.0,19.0,10.0,33.24,-21.07,-82.62,8.19,50.38,32.57,-4.1,-19.34,-28.85,81.42,13.59,27.22
2025-08-11T16:33:26.715837,20.0,18.0,-63.0,-6.0,-23.0,18.0,4.0,-61.0,-33.0,41.0,-63.0,7.0,33.24,-35.07,-36.620000000000005,-16.810000000000002,-34.62,4.57,2.9,-63.34,-35.85,62.42,-68.41,24.22
2025-08-11T16:33:26.720154,29.0,45.0,-66.0,5.0,55.0,53.0,72.0,12.0,-34.0,-36.0,-32.0,2.0,42.24,-8.07,-39.620000000000005,-5.8100000000000005,43.38,39.57,70.9,9.66,-36.85,-14.579999999999998,-37.41,19.22
2025-08-11T16:33:26.728090,49.0,-20.0,-98.0,29.0,-47.0,-23.0,-34.0,-39.0,-18.0,30.0,-43.0,34.0,62.24,-73.07,-71.62,18.189999999999998,-58.62,-36.43,-35.1,-41.34,-20.85,51.42,-48.41,51.22
2025-08-11T16:33:26.732460,70.0,25.0,42.0,-20.0,-22.0,6.0,0.0,-28.0,17.0,-14.0,-13.0,7.0,83.24,-28.07,68.38,-30.810000000000002,-33.62,-7.43,-1.1,-30.34,14.15,7.420000000000002,-18.41,24.22
2025-08-11T16:33:26.740419,24.0,39.0,3.0,3.0,52.0,11.0,-5.0,46.0,-9.0,66.0,-60.0,-2.0,37.24,-14.07,29.38,-7.8100000000000005,40.38,-2.4299999999999997,-6.1,43.66,-11.85,87.42,-65.41,15.219999999999999
2025-08-11T16:33:26.744716,-16.0,5.0,-25.0,38.0,28.0,-70.0,-7.0,-72.0,-1.0,74.0,-71.0,-13.0,-2.76,-48.07,1.379999999999999,27.189999999999998,16.380000000000003,-83.43,-8.1,-74.34,-3.85,95.42,-76.41,4.219999999999999
2025-08-11T16:33:26.752672,20.0,-25.0,-39.0,3.0,-11.0,-39.0,-19.0,38.0,53.0,-14.0,78.0,-67.0,33.24,-78.07,-12.620000000000001,-7.8100000000000005,-22.619999999999997,-52.43,-20.1,35.66,50.15,7.420000000000002,72.59,-49.78
2025-08-11T16:33:26.757191,-47.0,46.0,-26.0,-1.0,44.0,-39.0,34.0,-23.0,-5.0,-8.0,89.0,-50.0,-33.76,-7.07,0.379999999999999,-11.81,32.38,-52.43,32.9,-25.34,-7.85,13.420000000000002,83.59,-32.78
2025-08-11T16:33:26.761110,-55.0,48.0,-5.0,6.0,-20.0,-19.0,63.0,42.0,-68.0,31.0,19.0,-38.0,-41.76,-5.07,21.38,-4.8100000000000005,-31.619999999999997,-32.43,61.9,39.66,-70.85,52.42,13.59,-20.78
2025-08-11T16:33:26.769293,-48.0,35.0,10.0,34.0,23.0,-16.0,37.0,36.0,13.0,40.0,-41.0,-30.0,-34.76,-18.07,36.379999999999995,23.189999999999998,11.38,-29.43,35.9,33.66,10.15,61.42,-46.41,-12.780000000000001
2025-08-11T16:33:26.777203,-83.0,125.0,-5.0,-37.0,13.0,35.0,29.0,-38.0,40.0,55.0,48.0,-24.0,-69.76,71.93,21.38,-47.81,1.3800000000000008,21.57,27.9,-40.34,37.15,76.42,42.59,-6.780000000000001
2025-08-11T16:33:26.781397,-31.0,141.0,-63.0,16.0,-18.0,4.0,-76.0,3.0,-2.0,18.0,-6.0,-3.0,-17.759999999999998,87.93,-36.620000000000005,5.1899999999999995,-29.619999999999997,-9.43,-77.1,0.6600000000000001,-4.85,39.42,-11.41,14.219999999999999
2025-08-11T16:33:26.785528,-72.0,109.0,-48.0,57.0,12.0,9.0,-33.0,-24.0,10.0,-27.0,42.0,-25.0,-58.76,55.93,-21.62,46.19,0.3800000000000008,-4.43,-34.1,-26.34,7.15,-5.579999999999998,36.59,-7.780000000000001
2025-08-11T16:33:26.793765,-14.0,57.0,-64.0,4.0,46.0,72.0,33.0,-19.0,18.0,-47.0,6.0,-40.0,-0.7599999999999998,3.9299999999999997,-37.620000000000005,-6.8100000000000005,34.38,58.57,31.9,-21.34,15.15,-25.58,0.5899999999999999,-22.78
2025-08-11T16:33:26.797760,-12.0,84.0,-97.0,25.0,5.0,50.0,-11.0,-13.0,-46.0,-73.0,7.0,7.0,1.2400000000000002,30.93,-70.62,14.19,-6.619999999999999,36.57,-12.1,-15.34,-48.85,-51.58,1.5899999999999999,24.22
2025-08-11T16:33:26.805981,15.0,57.0,-83.0,-16.0,14.0,1.0,-53.0,-8.0,-2.0,-58.0,-9.0,-8.0,28.240000000000002,3.9299999999999997,-56.620000000000005,-26.810000000000002,2.380000000000001,-12.43,-54.1,-10.34,-4.85,-36.58,-14.41,9.219999999999999
2025-08-11T16:33:26.810185,-37.0,93.0,-82.0,10.0,84.0,15.0,27.0,-13.0,-4.0,-35.0,35.0,29.0,-23.759999999999998,39.93,-55.620000000000005,-0.8100000000000005,72.38,1.5700000000000003,25.9,-15.34,-6.85,-13.579999999999998,29.59,46.22
2025-08-11T16:33:26.818251,-44.0,71.0,-63.0,29.0,51.0,12.0,-13.0,-33.0,-22.0,-28.0,-32.0,26.0,-30.759999999999998,17.93,-36.620000000000005,18.189999999999998,39.38,-1.4299999999999997,-14.1,-35.34,-24.85,-6.579999999999998,-37.41,43.22
2025-08-11T16:33:26.822525,-37.0,-44.0,-62.0,-11.0,11.0,-19.0,-23.0,49.0,-23.0,-66.0,44.0,19.0,-23.759999999999998,-97.07,-35.620000000000005,-21.810000000000002,-0.6199999999999992,-32.43,-24.1,46.66,-25.85,-44.58,38.59,36.22
2025-08-11T16:33:26.830494,-29.0,9.0,27.0,-18.0,36.0,71.0,72.0,-25.0,21.0,-26.0,35.0,20.0,-15.76,-44.07,53.379999999999995,-28.810000000000002,24.380000000000003,57.57,70.9,-27.34,18.15,-4.579999999999998,29.59,37.22
2025-08-11T16:33:26.834741,88.0,51.0,-13.0,31.0,13.0,23.0,-73.0,-13.0,39.0,5.0,2.0,-16.0,101.24,-2.0700000000000003,13.379999999999999,20.189999999999998,1.3800000000000008,9.57,-74.1,-15.34,36.15,26.42,-3.41,1.2199999999999989
2025-08-11T16:33:26.842960,-49.0,48.0,-29.0,-33.0,6.0,87.0,-36.0,3.0,35.0,-40.0,8.0,-37.0,-35.76,-5.07,-2.620000000000001,-43.81,-5.619999999999999,73.57,-37.1,0.6600000000000001,32.15,-18.58,2.59,-19.78
2025-08-11T16:33:26.847366,-26.0,103.0,1.0,-79.0,-13.0,-5.0,1.0,25.0,-9.0,15.0,-36.0,66.0,-12.76,49.93,27.38,-89.81,-24.619999999999997,-18.43,-0.10000000000000009,22.66,-11.85,36.42,-41.41,83.22
2025-08-11T16:33:26.855091,-76.0,36.0,28.0,-20.0,-14.0,40.0,-64.0,-22.0,22.0,-27.0,-22.0,20.0,-62.76,-17.07,54.379999999999995,-30.810000000000002,-25.619999999999997,26.57,-65.1,-24.34,19.15,-5.579999999999998,-27.41,37.22
2025-08-11T16:33:26.859292,-36.0,53.0,8.0,42.0,29.0,-12.0,36.0,51.0,-8.0,56.0,-77.0,-14.0,-22.759999999999998,-0.07000000000000028,34.379999999999995,31.189999999999998,17.380000000000003,-25.43,34.9,48.66,-10.85,77.42,-82.41,3.219999999999999
2025-08-11T16:33:26.867315,-92.0,75.0,-80.0,77.0,21.0,-19.0,-16.0,-10.0,12.0,41.0,1.0,46.0,-78.76,21.93,-53.620000000000005,66.19,9.38,-32.43,-17.1,-12.34,9.15,62.42,-4.41,63.22
2025-08-11T16:33:26.871778,-61.0,80.0,-21.0,83.0,-38.0,-10.0,-13.0,15.0,-60.0,14.0,28.0,28.0,-47.76,26.93,5.379999999999999,72.19,-49.62,-23.43,-14.1,12.66,-62.85,35.42,22.59,45.22
2025-08-11T16:33:26.879566,0.0,132.0,-25.0,5.0,-48.0,11.0,55.0,76.0,-16.0,-17.0,-42.0,33.0,13.24,78.93,1.379999999999999,-5.8100000000000005,-59.62,-2.4299999999999997,53.9,73.66,-18.85,4.420000000000002,-47.41,50.22
2025-08-11T16:33:26.883929,-13.0,-21.0,-65.0,6.0,-20.0,41.0,79.0,37.0,-3.0,72.0,-5.0,7.0,0.2400000000000002,-74.07,-38.620000000000005,-4.8100000000000005,-31.619999999999997,27.57,77.9,34.66,-5.85,93.42,-10.41,24.22
2025-08-11T16:33:26.891912,-29.0,69.0,-80.0,-43.0,-52.0,26.0,6.0,-19.0,-79.0,-3.0,36.0,-22.0,-15.76,15.93,-53.620000000000005,-53.81,-63.62,12.57,4.9,-21.34,-81.85,18.42,30.59,-4.780000000000001
2025-08-11T16:33:26.896141,-32.0,19.0,-50.0,-26.0,38.0,-36.0,-14.0,18.0,32.0,25.0,-89.0,-8.0,-18.759999999999998,-34.07,-23.62,-36.81,26.380000000000003,-49.43,-15.1,15.66,29.15,46.42,-94.41,9.219999999999999
2025-08-11T16:33:26.904164,-46.0,18.0,-30.0,5.0,7.0,2.0,-10.0,-87.0,4.0,61.0,-27.0,-85.0,-32.76,-35.07,-3.620000000000001,-5.8100000000000005,-4.619999999999999,-11.43,-11.1,-89.34,1.15,82.42,-32.41,-67.78
2025-08-11T16:33:26.908502,-17.0,2.0,21.0,26.0,73.0,58.0,26.0,-5.0,-38.0,19.0,9.0,-9.0,-3.76,-51.07,47.379999999999995,15.19,61.38,44.57,24.9,-7.34,-40.85,40.42,3.59,8.219999999999999
2025-08-11T16:33:26.913942,47.0,9.0,-44.0,17.0,36.0,-7.0,8.0,-16.0,-53.0,-11.0,14.0,-25.0,60.24,-44.07,-17.62,6.1899999999999995,24.380000000000003,-20.43,6.9,-18.34,-55.85,10.420000000000002,8.59,-7.780000000000001
2025-08-11T16:33:26.920614,18.0,-2.0,31.0,47.0,33.0,-54.0,24.0,-61.0,20.0,38.0,-21.0,-39.0,31.240000000000002,-55.07,57.379999999999995,36.19,21.380000000000003,-67.43,22.9,-63.34,17.15,59.42,-26.41,-21.78
2025-08-11T16:33:26.924765,-58.0,44.0,-35.0,-27.0,-23.0,-1.0,10.0,2.0,4.0,-57.0,53.0,-5.0,-44.76,-9.07,-8.620000000000001,-37.81,-34.62,-14.43,8.9,-0.33999999999999986,1.15,-35.58,47.59,12.219999999999999
2025-08-11T16:33:26.932950,-95.0,20.0,8.0,22.0,-6.0,-59.0,-16.0,74.0,-7.0,-65.0,-47.0,13.0,-81.76,-33.07,34.379999999999995,11.19,-17.619999999999997,-72.43,-17.1,71.66,-9.85,-43.58,-52.41,30.22
2025-08-11T16:33:26.937298,-47.0,90.0,12.0,104.0,-30.0,63.0,25.0,4.0,-40.0,-83.0,0.0,-20.0,-33.76,36.93,38.379999999999995,93.19,-41.62,49.57,23.9,1.6600000000000001,-42.85,-61.58,-5.41,-2.780000000000001
2025-08-11T16:33:26.945461,-117.0,66.0,-82.0,-62.0,17.0,-19.0,69.0,-7.0,-21.0,-23.0,38.0,-118.0,-103.76,12.93,-55.620000000000005,-72.81,5.380000000000001,-32.43,67.9,-9.34,-23.85,-1.5799999999999983,32.59,-100.78
2025-08-11T16:33:26.949477,-24.0,89.0,-117.0,-29.0,38.0,67.0,-4.0,-18.0,67.0,-30.0,40.0,-23.0,-10.76,35.93,-90.62,-39.81,26.380000000000003,53.57,-5.1,-20.34,64.15,-8.579999999999998,34.59,-5.780000000000001
2025-08-11T16:33:26.957556,27.0,28.0,-97.0,89.0,22.0,-12.0,25.0,6.0,-2.0,-14.0,72.0,-83.0,40.24,-25.07,-70.62,78.19,10.38,-25.43,23.9,3.66,-4.85,7.420000000000002,66.59,-65.78
2025-08-11T16:33:26.961769,54.0,39.0,-27.0,3.0,10.0,38.0,33.0,-10.0,18.0,-22.0,59.0,-71.0,67.24,-14.07,-0.620000000000001,-7.8100000000000005,-1.6199999999999992,24.57,31.9,-12.34,15.15,-0.5799999999999983,53.59,-53.78
2025-08-11T16:33:26.969792,25.0,32.0,9.0,39.0,33.0,5.0,-4.0,-2.0,3.0,7.0,8.0,-57.0,38.24,-21.07,35.379999999999995,28.189999999999998,21.380000000000003,-8.43,-5.1,-4.34,0.1499999999999999,28.42,2.59,-39.78
2025-08-11T16:33:26.974186,-31.0,93.0,4.0,-10.0,44.0,13.0,20.0,-109.0,6.0,0.0,31.0,63.0,-17.759999999999998,39.93,30.38,-20.810000000000002,32.38,-0.4299999999999997,18.9,-111.34,3.15,21.42,25.59,80.22
2025-08-11T16:33:26.982094,-19.0,51.0,23.0,0.0,44.0,-15.0,36.0,32.0,-42.0,-14.0,-28.0,-34.0,-5.76,-2.0700000000000003,49.379999999999995,-10.81,32.38,-28.43,34.9,29.66,-44.85,7.420000000000002,-33.41,-16.78
2025-08-11T16:33:26.986458,-50.0,45.0,26.0,-45.0,20.0,16.0,-3.0,22.0,49.0,-105.0,-51.0,-22.0,-36.76,-8.07,52.379999999999995,-55.81,8.38,2.5700000000000003,-4.1,19.66,46.15,-83.58,-56.41,-4.780000000000001
2025-08-11T16:33:26.994479,-62.0,90.0,22.0,67.0,17.0,24.0,50.0,12.0,26.0,-36.0,-5.0,32.0,-48.76,36.93,48.379999999999995,56.19,5.380000000000001,10.57,48.9,9.66,23.15,-14.579999999999998,-10.41,49.22
2025-08-11T16:33:26.998689,-38.0,139.0,-42.0,-21.0,-22.0,19.0,-28.0,-48.0,-10.0,-116.0,-18.0,-10.0,-24.759999999999998,85.93,-15.620000000000001,-31.810000000000002,-33.62,5.57,-29.1,-50.34,-12.85,-94.58,-23.41,7.219999999999999
2025-08-11T16:33:27.007034,47.0,90.0,-65.0,6.0,85.0,-3.0,-44.0,66.0,-41.0,-50.0,-15.0,18.0,60.24,36.93,-38.620000000000005,-4.8100000000000005,73.38,-16.43,-45.1,63.66,-43.85,-28.58,-20.41,35.22
2025-08-11T16:33:27.010954,32.0,45.0,-53.0,-26.0,27.0,26.0,91.0,35.0,-14.0,-42.0,-73.0,20.0,45.24,-8.07,-26.62,-36.81,15.38,12.57,89.9,32.66,-16.85,-20.58,-78.41,37.22
2025-08-11T16:33:27.018891,33.0,62.0,-93.0,-46.0,27.0,3.0,50.0,-35.0,6.0,-19.0,-86.0,16.0,46.24,8.93,-66.62,-56.81,15.38,-10.43,48.9,-37.34,3.15,2.4200000000000017,-91.41,33.22
2025-08-11T16:33:27.023271,21.0,-43.0,-83.0,89.0,-72.0,-42.0,-33.0,5.0,-7.0,45.0,-7.0,-14.0,34.24,-96.07,-56.620000000000005,78.19,-83.62,-55.43,-34.1,2.66,-9.85,66.42,-12.41,3.219999999999999
2025-08-11T16:33:27.031122,21.0,8.0,-46.0,0.0,-35.0,-19.0,14.0,-49.0,-9.0,-1.0,31.0,30.0,34.24,-45.07,-19.62,-10.81,-46.62,-32.43,12.9,-51.34,-11.85,20.42,25.59,47.22
2025-08-11T16:33:27.035503,-56.0,35.0,-99.0,-20.0,-31.0,80.0,-7.0,101.0,-5.0,69.0,-16.0,-3.0,-42.76,-18.07,-72.62,-30.810000000000002,-42.62,66.57,-8.1,98.66,-7.85,90.42,-21.41,14.219999999999999
2025-08-11T16:33:27.043452,32.0,-15.0,-36.0,8.0,-3.0,27.0,51.0,48.0,23.0,53.0,-13.0,34.0,45.24,-68.07,-9.620000000000001,-2.8100000000000005,-14.62,13.57,49.9,45.66,20.15,74.42,-18.41,51.22
2025-08-11T16:33:27.047683,24.0,62.0,-45.0,-27.0,-33.0,12.0,-13.0,2.0,51.0,1.0,-21.0,31.0,37.24,8.93,-18.62,-37.81,-44.62,-1.4299999999999997,-14.1,-0.33999999999999986,48.15,22.42,-26.41,48.22
2025-08-11T16:33:27.055744,-29.0,-20.0,-88.0,-25.0,70.0,44.0,56.0,103.0,17.0,-14.0,-70.0,26.0,-15.76,-73.07,-61.620000000000005,-35.81,58.38,30.57,54.9,100.66,14.15,7.420000000000002,-75.41,43.22
2025-08-11T16:33:27.060068,-119.0,93.0,28.0,-10.0,-13.0,-21.0,20.0,-11.0,-42.0,48.0,34.0,3.0,-105.76,39.93,54.379999999999995,-20.810000000000002,-24.619999999999997,-34.43,18.9,-13.34,-44.85,69.42,28.59,20.22
2025-08-11T16:33:27.068107,-38.0,43.0,-123.0,-53.0,30.0,-47.0,-13.0,40.0,33.0,108.0,9.0,-14.0,-24.759999999999998,-10.07,-96.62,-63.81,18.380000000000003,-60.43,-14.1,37.66,30.15,129.42000000000002,3.59,3.219999999999999
2025-08-11T16:33:27.072365,-26.0,76.0,-49.0,58.0,-29.0,25.0,-27.0,36.0,16.0,20.0,-71.0,22.0,-12.76,22.93,-22.62,47.19,-40.62,11.57,-28.1,33.66,13.15,41.42,-76.41,39.22
2025-08-11T16:33:27.080396,-52.0,3.0,-90.0,37.0,-36.0,17.0,55.0,23.0,-85.0,0.0,15.0,-17.0,-38.76,-50.07,-63.620000000000005,26.189999999999998,-47.62,3.5700000000000003,53.9,20.66,-87.85,21.42,9.59,0.21999999999999886
2025-08-11T16:33:27.084763,25.0,14.0,-73.0,-8.0,-23.0,15.0,-47.0,-60.0,19.0,104.0,26.0,54.0,38.24,-39.07,-46.620000000000005,-18.810000000000002,-34.62,1.5700000000000003,-48.1,-62.34,16.15,125.42,20.59,71.22
2025-08-11T16:33:27.092730,48.0,69.0,2.0,-3.0,-29.0,59.0,-36.0,-46.0,79.0,52.0,-32.0,-18.0,61.24,15.93,28.38,-13.81,-40.62,45.57,-37.1,-48.34,76.15,73.42,-37.41,-0.7800000000000011
2025-08-11T16:33:27.096971,-2.0,118.0,-22.0,-34.0,10.0,-33.0,21.0,26.0,18.0,50.0,-108.0,-8.0,11.24,64.93,4.379999999999999,-44.81,-1.6199999999999992,-46.43,19.9,23.66,15.15,71.42,-113.41,9.219999999999999
2025-08-11T16:33:27.105026,24.0,-29.0,-19.0,28.0,-31.0,-51.0,-6.0,77.0,45.0,32.0,-6.0,29.0,37.24,-82.07,7.379999999999999,17.189999999999998,-42.62,-64.43,-7.1,74.66,42.15,53.42,-11.41,46.22
2025-08-11T16:33:27.109481,-89.0,91.0,-33.0,61.0,-43.0,-28.0,-17.0,16.0,-10.0,80.0,-65.0,58.0,-75.76,37.93,-6.620000000000001,50.19,-54.62,-41.43,-18.1,13.66,-12.85,101.42,-70.41,75.22
2025-08-11T16:33:27.117354,10.0,108.0,-77.0,31.0,-19.0,58.0,39.0,29.0,-47.0,-11.0,-18.0,-8.0,23.240000000000002,54.93,-50.620000000000005,20.189999999999998,-30.619999999999997,44.57,37.9,26.66,-49.85,10.420000000000002,-23.41,9.219999999999999
2025-08-11T16:33:27.121596,-24.0,99.0,-80.0,1.0,-18.0,-12.0,-10.0,-35.0,-8.0,-6.0,-48.0,38.0,-10.76,45.93,-53.620000000000005,-9.81,-29.619999999999997,-25.43,-11.1,-37.34,-10.85,15.420000000000002,-53.41,55.22
2025-08-11T16:33:27.129602,-17.0,131.0,-113.0,-21.0,15.0,10.0,55.0,-8.0,-25.0,80.0,-62.0,58.0,-3.76,77.93,-86.62,-31.810000000000002,3.380000000000001,-3.4299999999999997,53.9,-10.34,-27.85,101.42,-67.41,75.22
2025-08-11T16:33:27.133659,-13.0,61.0,-103.0,-28.0,24.0,23.0,0.0,-32.0,36.0,24.0,-47.0,14.0,0.2400000000000002,7.93,-76.62,-38.81,12.38,9.57,-1.1,-34.34,33.15,45.42,-52.41,31.22
2025-08-11T16:33:27.141923,-29.0,9.0,-12.0,-7.0,20.0,-36.0,85.0,-54.0,10.0,-5.0,-15.0,29.0,-15.76,-44.07,14.379999999999999,-17.810000000000002,8.38,-49.43,83.9,-56.34,7.15,16.42,-20.41,46.22
2025-08-11T16:33:27.146190,45.0,-23.0,-3.0,-33.0,-2.0,-33.0,37.0,40.0,-31.0,-38.0,-31.0,38.0,58.24,-76.07,23.38,-43.81,-13.62,-46.43,35.9,37.66,-33.85,-16.58,-36.41,55.22
2025-08-11T16:33:27.150423,-22.0,-1.0,1.0,-6.0,7.0,1.0,68.0,0.0,-66.0,-23.0,-53.0,14.0,-8.76,-54.07,27.38,-16.810000000000002,-4.619999999999999,-12.43,66.9,-2.34,-68.85,-1.5799999999999983,-58.41,31.22
2025-08-11T16:33:27.158492,-65.0,20.0,-25.0,17.0,-18.0,-19.0,-32.0,-15.0,-45.0,5.0,-66.0,-65.0,-51.76,-33.07,1.379999999999999,6.1899999999999995,-29.619999999999997,-32.43,-33.1,-17.34,-47.85,26.42,-71.41,-47.78
2025-08-11T16:33:27.162403,-40.0,84.0,-18.0,36.0,20.0,40.0,-22.0,4.0,-13.0,15.0,4.0,-33.0,-26.759999999999998,30.93,8.379999999999999,25.189999999999998,8.38,26.57,-23.1,1.6600000000000001,-15.85,36.42,-1.4100000000000001,-15.780000000000001
2025-08-11T16:33:27.170437,-43.0,150.0,-31.0,31.0,7.0,80.0,21.0,58.0,-62.0,56.0,-31.0,-53.0,-29.759999999999998,96.93,-4.620000000000001,20.189999999999998,-4.619999999999999,66.57,19.9,55.66,-64.85,77.42,-36.41,-35.78
2025-08-11T16:33:27.174670,-40.0,140.0,-50.0,-4.0,65.0,8.0,-22.0,34.0,-17.0,54.0,-39.0,10.0,-26.759999999999998,86.93,-23.62,-14.81,53.38,-5.43,-23.1,31.66,-19.85,75.42,-44.41,27.22
2025-08-11T16:33:27.182829,-25.0,19.0,-139.0,-8.0,26.0,-58.0,1.0,16.0,32.0,68.0,-33.0,-51.0,-11.76,-34.07,-112.62,-18.810000000000002,14.38,-71.43,-0.10000000000000009,13.66,29.15,89.42,-38.41,-33.78
2025-08-11T16:33:27.186908,50.0,26.0,-39.0,-38.0,31.0,-36.0,3.0,35.0,-59.0,-14.0,-46.0,-30.0,63.24,-27.07,-12.620000000000001,-48.81,19.380000000000003,-49.43,1.9,32.66,-61.85,7.420000000000002,-51.41,-12.780000000000001
2025-08-11T16:33:27.195178,-71.0,33.0,-47.0,2.0,8.0,-4.0,59.0,-2.0,-29.0,-47.0,-25.0,-51.0,-57.76,-20.07,-20.62,-8.81,-3.619999999999999,-17.43,57.9,-4.34,-31.85,-25.58,-30.41,-33.78
2025-08-11T16:33:27.199667,-99.0,-18.0,-36.0,60.0,-24.0,-66.0,-32.0,21.0,9.0,-30.0,109.0,-74.0,-85.76,-71.07,-9.620000000000001,49.19,-35.62,-79.43,-33.1,18.66,6.15,-8.579999999999998,103.59,-56.78
2025-08-11T16:33:27.207339,-44.0,89.0,-22.0,-18.0,55.0,4.0,-14.0,-5.0,7.0,-22.0,40.0,-66.0,-30.759999999999998,35.93,4.379999999999999,-28.810000000000002,43.38,-9.43,-15.1,-7.34,4.15,-0.5799999999999983,34.59,-48.78
2025-08-11T16:33:27.211640,-132.0,52.0,32.0,-16.0,6.0,-12.0,69.0,26.0,22.0,-42.0,-59.0,-47.0,-118.76,-1.0700000000000003,58.379999999999995,-26.810000000000002,-5.619999999999999,-25.43,67.9,23.66,19.15,-20.58,-64.41,-29.78
2025-08-11T16:33:27.219733,-84.0,103.0,-59.0,71.0,-30.0,22.0,-41.0,1.0,7.0,-56.0,33.0,-25.0,-70.76,49.93,-32.620000000000005,60.19,-41.62,8.57,-42.1,-1.3399999999999999,4.15,-34.58,27.59,-7.780000000000001
2025-08-11T16:33:27.223846,1.0,85.0,-101.0,-61.0,35.0,-22.0,-15.0,-14.0,15.0,-58.0,-27.0,-23.0,14.24,31.93,-74.62,-71.81,23.380000000000003,-35.43,-16.1,-16.34,12.15,-36.58,-32.41,-5.780000000000001
2025-08-11T16:33:27.232030,-25.0,68.0,-59.0,-41.0,42.0,-26.0,29.0,-5.0,46.0,-14.0,36.0,-43.0,-11.76,14.93,-32.620000000000005,-51.81,30.380000000000003,-39.43,27.9,-7.34,43.15,7.420000000000002,30.59,-25.78
2025-08-11T16:33:27.236091,-1.0,68.0,-51.0,17.0,38.0,-53.0,-13.0,-17.0,43.0,-15.0,93.0,-56.0,12.24,14.93,-24.62,6.1899999999999995,26.380000000000003,-66.43,-14.1,-19.34,40.15,6.420000000000002,87.59,-38.78
2025-08-11T16:33:27.244329,-53.0,12.0,-38.0,8.0,13.0,-20.0,-20.0,-3.0,8.0,-40.0,-37.0,3.0,-39.76,-41.07,-11.620000000000001,-2.8100000000000005,1.3800000000000008,-33.43,-21.1,-5.34,5.15,-18.58,-42.41,20.22
2025-08-11T16:33:27.248697,-52.0,81.0,-71.0,53.0,69.0,27.0,-14.0,18.0,81.0,-42.0,32.0,-43.0,-38.76,27.93,-44.620000000000005,42.19,57.38,13.57,-15.1,15.66,78.15,-20.58,26.59,-25.78
2025-08-11T16:33:27.256646,-76.0,161.0,-7.0,48.0,68.0,-18.0,32.0,27.0,35.0,-36.0,-11.0,-12.0,-62.76,107.93,19.38,37.19,56.38,-31.43,30.9,24.66,32.15,-14.579999999999998,-16.41,5.219999999999999
2025-08-11T16:33:27.260965,-3.0,113.0,-21.0,15.0,25.0,-4.0,-9.0,-22.0,-78.0,-143.0,35.0,-44.0,10.24,59.93,5.379999999999999,4.1899999999999995,13.38,-17.43,-10.1,-24.34,-80.85,-121.58,29.59,-26.78
2025-08-11T16:33:27.268953,11.0,143.0,-67.0,-30.0,95.0,-36.0,-11.0,20.0,0.0,-17.0,26.0,-36.0,24.240000000000002,89.93,-40.620000000000005,-40.81,83.38,-49.43,-12.1,17.66,-2.85,4.420000000000002,20.59,-18.78
2025-08-11T16:33:27.273205,-19.0,62.0,-86.0,58.0,112.0,-65.0,-33.0,38.0,-7.0,-62.0,27.0,-18.0,-5.76,8.93,-59.620000000000005,47.19,100.38,-78.43,-34.1,35.66,-9.85,-40.58,21.59,-0.7800000000000011
2025-08-11T16:33:27.281107,20.0,80.0,7.0,49.0,-13.0,-31.0,32.0,61.0,-44.0,-3.0,51.0,-25.0,33.24,26.93,33.379999999999995,38.19,-24.619999999999997,-44.43,30.9,58.66,-46.85,18.42,45.59,-7.780000000000001
2025-08-11T16:33:27.285514,-135.0,45.0,-26.0,83.0,34.0,-9.0,-4.0,76.0,-32.0,-45.0,49.0,-54.0,-121.76,-8.07,0.379999999999999,72.19,22.380000000000003,-22.43,-5.1,73.66,-34.85,-23.58,43.59,-36.78
2025-08-11T16:33:27.293393,-66.0,68.0,24.0,45.0,-28.0,16.0,45.0,0.0,-32.0,-79.0,-13.0,-71.0,-52.76,14.93,50.379999999999995,34.19,-39.62,2.5700000000000003,43.9,-2.34,-34.85,-57.58,-18.41,-53.78
2025-08-11T16:33:27.297648,-45.0,58.0,-108.0,33.0,13.0,50.0,-37.0,-23.0,-46.0,-94.0,-6.0,-70.0,-31.759999999999998,4.93,-81.62,22.189999999999998,1.3800000000000008,36.57,-38.1,-25.34,-48.85,-72.58,-11.41,-52.78
2025-08-11T16:33:27.305689,11.0,70.0,-30.0,21.0,-32.0,13.0,28.0,53.0,27.0,-66.0,31.0,-18.0,24.240000000000002,16.93,-3.620000000000001,10.19,-43.62,-0.4299999999999997,26.9,50.66,24.15,-44.58,25.59,-0.7800000000000011
2025-08-11T16:33:27.309980,21.0,30.0,-123.0,-33.0,75.0,-33.0,40.0,-56.0,-12.0,-58.0,59.0,-23.0,34.24,-23.07,-96.62,-43.81,63.38,-46.43,38.9,-58.34,-14.85,-36.58,53.59,-5.780000000000001
2025-08-11T16:33:27.317998,4.0,50.0,-36.0,11.0,98.0,43.0,31.0,23.0,2.0,-25.0,-26.0,-15.0,17.240000000000002,-3.0700000000000003,-9.620000000000001,0.1899999999999995,86.38,29.57,29.9,20.66,-0.8500000000000001,-3.5799999999999983,-31.41,2.219999999999999
2025-08-11T16:33:27.322198,-41.0,-19.0,1.0,66.0,-30.0,0.0,-10.0,-33.0,34.0,-77.0,65.0,-54.0,-27.759999999999998,-72.07,27.38,55.19,-41.62,-13.43,-11.1,-35.34,31.15,-55.58,59.59,-36.78
2025-08-11T16:33:27.330202,-55.0,40.0,15.0,32.0,0.0,49.0,-25.0,-19.0,-7.0,-97.0,62.0,-56.0,-41.76,-13.07,41.379999999999995,21.189999999999998,-11.62,35.57,-26.1,-21.34,-9.85,-75.58,56.59,-38.78
2025-08-11T16:33:27.334699,-65.0,106.0,1.0,-45.0,-10.0,8.0,44.0,1.0,53.0,-107.0,85.0,-70.0,-51.76,52.93,27.38,-55.81,-21.619999999999997,-5.43,42.9,-1.3399999999999999,50.15,-85.58,79.59,-52.78
2025-08-11T16:33:27.342690,30.0,133.0,-47.0,-25.0,73.0,76.0,37.0,-23.0,-25.0,-64.0,35.0,-47.0,43.24,79.93,-20.62,-35.81,61.38,62.57,35.9,-25.34,-27.85,-42.58,29.59,-29.78
2025-08-11T16:33:27.346792,-6.0,37.0,-49.0,-18.0,51.0,-12.0,-42.0,9.0,12.0,-76.0,67.0,-46.0,7.24,-16.07,-22.62,-28.810000000000002,39.38,-25.43,-43.1,6.66,9.15,-54.58,61.59,-28.78
2025-08-11T16:33:27.354973,2.0,29.0,-69.0,61.0,59.0,18.0,-39.0,-10.0,14.0,-36.0,80.0,-33.0,15.24,-24.07,-42.620000000000005,50.19,47.38,4.57,-40.1,-12.34,11.15,-14.579999999999998,74.59,-15.780000000000001
2025-08-11T16:33:27.359111,-3.0,95.0,3.0,17.0,-14.0,-60.0,-20.0,28.0,-21.0,-13.0,-15.0,-54.0,10.24,41.93,29.38,6.1899999999999995,-25.619999999999997,-73.43,-21.1,25.66,-23.85,8.420000000000002,-20.41,-36.78
2025-08-11T16:33:27.367196,-24.0,10.0,-27.0,40.0,-22.0,32.0,37.0,13.0,41.0,-2.0,46.0,-75.0,-10.76,-43.07,-0.620000000000001,29.189999999999998,-33.62,18.57,35.9,10.66,38.15,19.42,40.59,-57.78
2025-08-11T16:33:27.371529,-49.0,17.0,51.0,-32.0,8.0,57.0,24.0,-3.0,8.0,-45.0,30.0,-25.0,-35.76,-36.07,77.38,-42.81,-3.619999999999999,43.57,22.9,-5.34,5.15,-23.58,24.59,-7.780000000000001
2025-08-11T16:33:27.379542,-39.0,59.0,22.0,-8.0,15.0,57.0,54.0,-54.0,11.0,-19.0,26.0,-102.0,-25.759999999999998,5.93,48.379999999999995,-18.810000000000002,3.380000000000001,43.57,52.9,-56.34,8.15,2.4200000000000017,20.59,-84.78
2025-08-11T16:33:27.383783,33.0,97.0,-40.0,-41.0,-23.0,-68.0,-17.0,16.0,-7.0,-3.0,5.0,-43.0,46.24,43.93,-13.620000000000001,-51.81,-34.62,-81.43,-18.1,13.66,-9.85,18.42,-0.41000000000000014,-25.78
2025-08-11T16:33:27.391677,-84.0,132.0,-36.0,-38.0,56.0,-18.0,32.0,-57.0,12.0,-55.0,8.0,-46.0,-70.76,78.93,-9.620000000000001,-48.81,44.38,-31.43,30.9,-59.34,9.15,-33.58,2.59,-28.78
2025-08-11T16:33:27.395933,-86.0,155.0,-144.0,54.0,38.0,-10.0,9.0,47.0,10.0,-51.0,32.0,-101.0,-72.76,101.93,-117.62,43.19,26.380000000000003,-23.43,7.9,44.66,7.15,-29.58,26.59,-83.78
2025-08-11T16:33:27.404000,-30.0,112.0,-85.0,-14.0,-40.0,11.0,-28.0,2.0,-8.0,-55.0,77.0,-61.0,-16.759999999999998,58.93,-58.620000000000005,-24.810000000000002,-51.62,-2.4299999999999997,-29.1,-0.33999999999999986,-10.85,-33.58,71.59,-43.78
2025-08-11T16:33:27.408225,12.0,60.0,-87.0,79.0,-26.0,14.0,34.0,-22.0,-98.0,-27.0,24.0,-25.0,25.240000000000002,6.93,-60.620000000000005,68.19,-37.62,0.5700000000000003,32.9,-24.34,-100.85,-5.579999999999998,18.59,-7.780000000000001
2025-08-11T16:33:27.416206,3.0,71.0,-49.0,-2.0,1.0,-24.0,-46.0,50.0,0.0,-37.0,51.0,-60.0,16.240000000000002,17.93,-22.62,-12.81,-10.62,-37.43,-47.1,47.66,-2.85,-15.579999999999998,45.59,-42.78
2025-08-11T16:33:27.420833,-27.0,42.0,19.0,16.0,-21.0,-9.0,-30.0,26.0,15.0,-41.0,29.0,-101.0,-13.76,-11.07,45.379999999999995,5.1899999999999995,-32.62,-22.43,-31.1,23.66,12.15,-19.58,23.59,-83.78
2025-08-11T16:33:27.428529,-9.0,11.0,-15.0,63.0,1.0,36.0,2.0,-55.0,-64.0,-70.0,7.0,-61.0,4.24,-42.07,11.379999999999999,52.19,-10.62,22.57,0.8999999999999999,-57.34,-66.85,-48.58,1.5899999999999999,-43.78
2025-08-11T16:33:27.433107,-81.0,14.0,-18.0,-72.0,7.0,33.0,66.0,40.0,-3.0,-27.0,48.0,-70.0,-67.76,-39.07,8.379999999999999,-82.81,-4.619999999999999,19.57,64.9,37.66,-5.85,-5.579999999999998,42.59,-52.78
2025-08-11T16:33:27.440957,-108.0,53.0,-43.0,101.0,-16.0,22.0,69.0,26.0,24.0,-27.0,59.0,-118.0,-94.76,-0.07000000000000028,-16.62,90.19,-27.619999999999997,8.57,67.9,23.66,21.15,-5.579999999999998,53.59,-100.78
2025-08-11T16:33:27.445075,-90.0,60.0,-12.0,15.0,82.0,3.0,23.0,72.0,-16.0,-52.0,26.0,12.0,-76.76,6.93,14.379999999999999,4.1899999999999995,70.38,-10.43,21.9,69.66,-18.85,-30.58,20.59,29.22
2025-08-11T16:33:27.453021,-78.0,137.0,-109.0,-7.0,31.0,-37.0,-29.0,39.0,30.0,-106.0,33.0,-38.0,-64.76,83.93,-82.62,-17.810000000000002,19.380000000000003,-50.43,-30.1,36.66,27.15,-84.58,27.59,-20.78
2025-08-11T16:33:27.457345,39.0,139.0,-116.0,5.0,-11.0,-59.0,52.0,60.0,-33.0,-47.0,62.0,-54.0,52.24,85.93,-89.62,-5.8100000000000005,-22.619999999999997,-72.43,50.9,57.66,-35.85,-25.58,56.59,-36.78
2025-08-11T16:33:27.465401,7.0,7.0,-95.0,67.0,-45.0,64.0,24.0,-57.0,4.0,-56.0,31.0,-20.0,20.240000000000002,-46.07,-68.62,56.19,-56.62,50.57,22.9,-59.34,1.15,-34.58,25.59,-2.780000000000001
2025-08-11T16:33:27.469745,-6.0,4.0,-97.0,71.0,-49.0,-29.0,-39.0,23.0,46.0,-64.0,69.0,-55.0,7.24,-49.07,-70.62,60.19,-60.62,-42.43,-40.1,20.66,43.15,-42.58,63.59,-37.78
2025-08-11T16:33:27.477609,40.0,44.0,-98.0,1.0,22.0,19.0,-9.0,-8.0,-27.0,-17.0,19.0,-90.0,53.24,-9.07,-71.62,-9.81,10.38,5.57,-10.1,-10.34,-29.85,4.420000000000002,13.59,-72.78
2025-08-11T16:33:27.481840,-4.0,-26.0,-101.0,16.0,58.0,65.0,-18.0,-74.0,23.0,-51.0,95.0,2.0,9.24,-79.07,-74.62,5.1899999999999995,46.38,51.57,-19.1,-76.34,20.15,-29.58,89.59,19.22
2025-08-11T16:33:27.485913,34.0,7.0,-43.0,22.0,-17.0,-60.0,22.0,2.0,43.0,-32.0,42.0,-46.0,47.24,-46.07,-16.62,11.19,-28.619999999999997,-73.43,20.9,-0.33999999999999986,40.15,-10.579999999999998,36.59,-28.78
2025-08-11T16:33:27.494203,-2.0,7.0,-80.0,11.0,64.0,-57.0,-6.0,57.0,-16.0,-57.0,36.0,-29.0,11.24,-46.07,-53.620000000000005,0.1899999999999995,52.38,-70.43,-7.1,54.66,-18.85,-35.58,30.59,-11.780000000000001
2025-08-11T16:33:27.498406,30.0,44.0,-32.0,1.0,20.0,-57.0,-2.0,34.0,-32.0,-21.0,-22.0,-40.0,43.24,-9.07,-5.620000000000001,-9.81,8.38,-70.43,-3.1,31.66,-34.85,0.4200000000000017,-27.41,-22.78
2025-08-11T16:33:27.506434,-22.0,134.0,19.0,10.0,-53.0,-85.0,-33.0,-39.0,-53.0,-10.0,26.0,-59.0,-8.76,80.93,45.379999999999995,-0.8100000000000005,-64.62,-98.43,-34.1,-41.34,-55.85,11.420000000000002,20.59,-41.78
2025-08-11T16:33:27.510694,-46.0,80.0,-74.0,23.0,-10.0,-5.0,-7.0,19.0,-34.0,-60.0,37.0,-36.0,-32.76,26.93,-47.620000000000005,12.19,-21.619999999999997,-18.43,-8.1,16.66,-36.85,-38.58,31.59,-18.78
2025-08-11T16:33:27.518728,-58.0,116.0,-89.0,52.0,-27.0,5.0,26.0,-19.0,27.0,-50.0,44.0,-45.0,-44.76,62.93,-62.620000000000005,41.19,-38.62,-8.43,24.9,-21.34,24.15,-28.58,38.59,-27.78
2025-08-11T16:33:27.522828,59.0,68.0,-138.0,-33.0,51.0,31.0,1.0,10.0,13.0,-68.0,16.0,-39.0,72.24,14.93,-111.62,-43.81,39.38,17.57,-0.10000000000000009,7.66,10.15,-46.58,10.59,-21.78
2025-08-11T16:33:27.531000,28.0,32.0,-68.0,58.0,50.0,-26.0,-30.0,20.0,10.0,-53.0,66.0,-16.0,41.24,-21.07,-41.620000000000005,47.19,38.38,-39.43,-31.1,17.66,7.15,-31.58,60.59,1.2199999999999989
2025-08-11T16:33:27.535138,-1.0,79.0,30.0,77.0,45.0,-43.0,-32.0,-1.0,-26.0,-71.0,67.0,-10.0,12.24,25.93,56.379999999999995,66.19,33.38,-56.43,-33.1,-3.34,-28.85,-49.58,61.59,7.219999999999999
2025-08-11T16:33:27.543456,-74.0,-10.0,-45.0,58.0,-78.0,-33.0,4.0,-32.0,-22.0,-55.0,-20.0,-59.0,-60.76,-63.07,-18.62,47.19,-89.62,-46.43,2.9,-34.34,-24.85,-33.58,-25.41,-41.78
2025-08-11T16:33:27.547429,-58.0,129.0,-65.0,75.0,-65.0,-47.0,-34.0,42.0,3.0,-44.0,17.0,-35.0,-44.76,75.93,-38.620000000000005,64.19,-76.62,-60.43,-35.1,39.66,0.1499999999999999,-22.58,11.59,-17.78
2025-08-11T16:33:27.555706,-36.0,86.0,-126.0,20.0,-32.0,-4.0,49.0,43.0,-73.0,15.0,-25.0,-37.0,-22.759999999999998,32.93,-99.62,9.19,-43.62,-17.43,47.9,40.66,-75.85,36.42,-30.41,-19.78
2025-08-11T16:33:27.559664,36.0,94.0,-108.0,17.0,42.0,28.0,-1.0,47.0,-12.0,-63.0,53.0,-22.0,49.24,40.93,-81.62,6.1899999999999995,30.380000000000003,14.57,-2.1,44.66,-14.85,-41.58,47.59,-4.780000000000001
2025-08-11T16:33:27.567990,34.0,45.0,-92.0,27.0,-21.0,-52.0,-22.0,30.0,-26.0,-23.0,55.0,-80.0,47.24,-8.07,-65.62,16.189999999999998,-32.62,-65.43,-23.1,27.66,-28.85,-1.5799999999999983,49.59,-62.78
2025-08-11T16:33:27.572005,22.0,11.0,-22.0,14.0,114.0,11.0,-16.0,-69.0,-49.0,-72.0,68.0,-117.0,35.24,-42.07,4.379999999999999,3.1899999999999995,102.38,-2.4299999999999997,-17.1,-71.34,-51.85,-50.58,62.59,-99.78
2025-08-11T16:33:27.580252,-61.0,-24.0,-52.0,-8.0,-58.0,-29.0,31.0,42.0,-41.0,-76.0,22.0,-34.0,-47.76,-77.07,-25.62,-18.810000000000002,-69.62,-42.43,29.9,39.66,-43.85,-54.58,16.59,-16.78
2025-08-11T16:33:27.584245,-84.0,135.0,-74.0,23.0,6.0,9.0,-3.0,-39.0,-51.0,-52.0,104.0,-121.0,-70.76,81.93,-47.620000000000005,12.19,-5.619999999999999,-4.43,-4.1,-41.34,-53.85,-30.58,98.59,-103.78
2025-08-11T16:33:27.592626,-50.0,107.0,-8.0,-48.0,53.0,-16.0,22.0,-18.0,-3.0,-55.0,37.0,-106.0,-36.76,53.93,18.38,-58.81,41.38,-29.43,20.9,-20.34,-5.85,-33.58,31.59,-88.78
2025-08-11T16:33:27.597207,36.0,117.0,-72.0,37.0,1.0,-77.0,32.0,13.0,0.0,-28.0,66.0,-47.0,49.24,63.93,-45.620000000000005,26.189999999999998,-10.62,-90.43,30.9,10.66,-2.85,-6.579999999999998,60.59,-29.78
2025-08-11T16:33:27.604739,52.0,126.0,-55.0,32.0,-9.0,-42.0,-25.0,9.0,37.0,-18.0,130.0,-93.0,65.24,72.93,-28.62,21.189999999999998,-20.619999999999997,-55.43,-26.1,6.66,34.15,3.4200000000000017,124.59,-75.78
2025-08-11T16:33:27.609232,38.0,57.0,-109.0,4.0,36.0,-54.0,-33.0,-68.0,-38.0,7.0,86.0,-48.0,51.24,3.9299999999999997,-82.62,-6.8100000000000005,24.380000000000003,-67.43,-34.1,-70.34,-40.85,28.42,80.59,-30.78
2025-08-11T16:33:27.616927,-23.0,49.0,-27.0,68.0,-28.0,-39.0,34.0,-15.0,-36.0,11.0,60.0,-67.0,-9.76,-4.07,-0.620000000000001,57.19,-39.62,-52.43,32.9,-17.34,-38.85,32.42,54.59,-49.78
2025-08-11T16:33:27.621496,-53.0,-27.0,-89.0,-5.0,-30.0,12.0,60.0,0.0,-31.0,-103.0,-22.0,-49.0,-39.76,-80.07,-62.620000000000005,-15.81,-41.62,-1.4299999999999997,58.9,-2.34,-33.85,-81.58,-27.41,-31.78
2025-08-11T16:33:27.629444,-89.0,123.0,-98.0,-54.0,29.0,10.0,29.0,-38.0,-5.0,-17.0,19.0,-80.0,-75.76,69.93,-71.62,-64.81,17.380000000000003,-3.4299999999999997,27.9,-40.34,-7.85,4.420000000000002,13.59,-62.78
2025-08-11T16:33:27.633546,-5.0,111.0,-73.0,2.0,78.0,63.0,53.0,25.0,8.0,-22.0,-19.0,-26.0,8.24,57.93,-46.620000000000005,-8.81,66.38,49.57,51.9,22.66,5.15,-0.5799999999999983,-24.41,-8.780000000000001
2025-08-11T16:33:27.641690,-72.0,101.0,-100.0,5.0,-8.0,44.0,16.0,-15.0,-78.0,-83.0,11.0,-69.0,-58.76,47.93,-73.62,-5.8100000000000005,-19.619999999999997,30.57,14.9,-17.34,-80.85,-61.58,5.59,-51.78
2025-08-11T16:33:27.645749,31.0,30.0,-92.0,49.0,80.0,-51.0,45.0,34.0,-69.0,-32.0,51.0,-70.0,44.24,-23.07,-65.62,38.19,68.38,-64.43,43.9,31.66,-71.85,-10.579999999999998,45.59,-52.78
2025-08-11T16:33:27.653960,27.0,34.0,-106.0,76.0,-64.0,-27.0,32.0,37.0,-71.0,-64.0,26.0,-8.0,40.24,-19.07,-79.62,65.19,-75.62,-40.43,30.9,34.66,-73.85,-42.58,20.59,9.219999999999999
2025-08-11T16:33:27.658205,50.0,5.0,-28.0,47.0,-34.0,31.0,-6.0,-59.0,-44.0,-15.0,-15.0,-68.0,63.24,-48.07,-1.620000000000001,36.19,-45.62,17.57,-7.1,-61.34,-46.85,6.420000000000002,-20.41,-50.78
2025-08-11T16:33:27.666173,28.0,8.0,-40.0,-13.0,-35.0,37.0,62.0,-51.0,-50.0,-28.0,90.0,-20.0,41.24,-45.07,-13.620000000000001,-23.810000000000002,-46.62,23.57,60.9,-53.34,-52.85,-6.579999999999998,84.59,-2.780000000000001
2025-08-11T16:33:27.670539,-11.0,18.0,-20.0,25.0,75.0,1.0,29.0,73.0,-49.0,-55.0,24.0,-67.0,2.24,-35.07,6.379999999999999,14.19,63.38,-12.43,27.9,70.66,-51.85,-33.58,18.59,-49.78
2025-08-11T16:33:27.678412,-3.0,65.0,-39.0,-45.0,36.0,-17.0,-54.0,-40.0,18.0,-35.0,36.0,-68.0,10.24,11.93,-12.620000000000001,-55.81,24.380000000000003,-30.43,-55.1,-42.34,15.15,-13.579999999999998,30.59,-50.78
2025-08-11T16:33:27.682639,-23.0,68.0,-80.0,31.0,18.0,-12.0,15.0,-24.0,-13.0,58.0,83.0,-25.0,-9.76,14.93,-53.620000000000005,20.189999999999998,6.380000000000001,-25.43,13.9,-26.34,-15.85,79.42,77.59,-7.780000000000001
2025-08-11T16:33:27.690670,32.0,155.0,-44.0,29.0,27.0,-12.0,7.0,-16.0,-35.0,-88.0,14.0,-97.0,45.24,101.93,-17.62,18.189999999999998,15.38,-25.43,5.9,-18.34,-37.85,-66.58,8.59,-79.78
2025-08-11T16:33:27.695098,74.0,61.0,-85.0,-8.0,-59.0,22.0,51.0,-37.0,7.0,-72.0,31.0,-39.0,87.24,7.93,-58.620000000000005,-18.810000000000002,-70.62,8.57,49.9,-39.34,4.15,-50.58,25.59,-21.78
2025-08-11T16:33:27.703045,-6.0,30.0,-93.0,34.0,0.0,-67.0,-64.0,-64.0,-20.0,-53.0,46.0,-61.0,7.24,-23.07,-66.62,23.189999999999998,-11.62,-80.43,-65.1,-66.34,-22.85,-31.58,40.59,-43.78
2025-08-11T16:33:27.707200,11.0,66.0,-61.0,73.0,-48.0,53.0,5.0,54.0,-14.0,-45.0,4.0,-60.0,24.240000000000002,12.93,-34.620000000000005,62.19,-59.62,39.57,3.9,51.66,-16.85,-23.58,-1.4100000000000001,-42.78
2025-08-11T16:33:27.715411,81.0,43.0,-126.0,11.0,5.0,31.0,-5.0,-47.0,-58.0,-63.0,28.0,-69.0,94.24,-10.07,-99.62,0.1899999999999995,-6.619999999999999,17.57,-6.1,-49.34,-60.85,-41.58,22.59,-51.78
2025-08-11T16:33:27.719488,1.0,28.0,-52.0,30.0,36.0,-48.0,18.0,-2.0,16.0,-70.0,50.0,-24.0,14.24,-25.07,-25.62,19.189999999999998,24.380000000000003,-61.43,16.9,-4.34,13.15,-48.58,44.59,-6.780000000000001
2025-08-11T16:33:27.727665,-43.0,63.0,-62.0,-26.0,31.0,-24.0,-14.0,62.0,33.0,-26.0,18.0,-21.0,-29.759999999999998,9.93,-35.620000000000005,-36.81,19.380000000000003,-37.43,-15.1,59.66,30.15,-4.579999999999998,12.59,-3.780000000000001
2025-08-11T16:33:27.731936,-24.0,85.0,-23.0,23.0,-18.0,-48.0,13.0,3.0,-29.0,-40.0,-10.0,-27.0,-10.76,31.93,3.379999999999999,12.19,-29.619999999999997,-61.43,11.9,0.6600000000000001,-31.85,-18.58,-15.41,-9.780000000000001
2025-08-11T16:33:27.739974,-38.0,137.0,-66.0,130.0,-12.0,15.0,18.0,-19.0,17.0,-9.0,48.0,-31.0,-24.759999999999998,83.93,-39.620000000000005,119.19,-23.619999999999997,1.5700000000000003,16.9,-21.34,14.15,12.420000000000002,42.59,-13.780000000000001
2025-08-11T16:33:27.744104,53.0,111.0,-85.0,29.0,25.0,-11.0,-43.0,-39.0,-71.0,-64.0,51.0,-31.0,66.24,57.93,-58.620000000000005,18.189999999999998,13.38,-24.43,-44.1,-41.34,-73.85,-42.58,45.59,-13.780000000000001
2025-08-11T16:33:27.752120,1.0,77.0,-40.0,-22.0,0.0,-10.0,-49.0,23.0,6.0,-60.0,19.0,-75.0,14.24,23.93,-13.620000000000001,-32.81,-11.62,-23.43,-50.1,20.66,3.15,-38.58,13.59,-57.78
2025-08-11T16:33:27.756256,41.0,30.0,-163.0,7.0,-4.0,0.0,30.0,-1.0,-75.0,-100.0,42.0,-57.0,54.24,-23.07,-136.62,-3.8100000000000005,-15.62,-13.43,28.9,-3.34,-77.85,-78.58,36.59,-39.78
2025-08-11T16:33:27.764417,-23.0,77.0,-56.0,-17.0,-2.0,-34.0,16.0,12.0,-47.0,-34.0,1.0,-77.0,-9.76,23.93,-29.62,-27.810000000000002,-13.62,-47.43,14.9,9.66,-49.85,-12.579999999999998,-4.41,-59.78
2025-08-11T16:33:27.768567,-36.0,27.0,-111.0,37.0,65.0,-25.0,-2.0,5.0,-111.0,-71.0,61.0,-98.0,-22.759999999999998,-26.07,-84.62,26.189999999999998,53.38,-38.43,-3.1,2.66,-113.85,-49.58,55.59,-80.78
2025-08-11T16:33:27.776638,25.0,50.0,-4.0,30.0,-37.0,-23.0,-33.0,21.0,-26.0,-35.0,0.0,-47.0,38.24,-3.0700000000000003,22.38,19.189999999999998,-48.62,-36.43,-34.1,18.66,-28.85,-13.579999999999998,-5.41,-29.78
2025-08-11T16:33:27.780874,-70.0,76.0,-47.0,27.0,-56.0,-45.0,-8.0,63.0,-18.0,-34.0,83.0,-97.0,-56.76,22.93,-20.62,16.189999999999998,-67.62,-58.43,-9.1,60.66,-20.85,-12.579999999999998,77.59,-79.78
2025-08-11T16:33:27.789052,-64.0,47.0,-43.0,31.0,22.0,39.0,-15.0,2.0,-75.0,-39.0,-10.0,-54.0,-50.76,-6.07,-16.62,20.189999999999998,10.38,25.57,-16.1,-0.33999999999999986,-77.85,-17.58,-15.41,-36.78
2025-08-11T16:33:27.793242,0.0,135.0,-70.0,29.0,29.0,-5.0,3.0,16.0,-11.0,-73.0,56.0,-89.0,13.24,81.93,-43.620000000000005,18.189999999999998,17.380000000000003,-18.43,1.9,13.66,-13.85,-51.58,50.59,-71.78
2025-08-11T16:33:27.801155,18.0,69.0,-80.0,-21.0,56.0,-44.0,-17.0,-15.0,-78.0,-33.0,5.0,-30.0,31.240000000000002,15.93,-53.620000000000005,-31.810000000000002,44.38,-57.43,-18.1,-17.34,-80.85,-11.579999999999998,-0.41000000000000014,-12.780000000000001
2025-08-11T16:33:27.805543,18.0,107.0,-131.0,64.0,-53.0,-64.0,14.0,-7.0,-43.0,-51.0,49.0,-88.0,31.240000000000002,53.93,-104.62,53.19,-64.62,-77.43,12.9,-9.34,-45.85,-29.58,43.59,-70.78
2025-08-11T16:33:27.809794,59.0,58.0,-111.0,15.0,46.0,12.0,-51.0,3.0,4.0,-39.0,65.0,-36.0,72.24,4.93,-84.62,4.1899999999999995,34.38,-1.4299999999999997,-52.1,0.6600000000000001,1.15,-17.58,59.59,-18.78
2025-08-11T16:33:27.817700,38.0,39.0,-61.0,74.0,-42.0,-56.0,31.0,-21.0,-13.0,-34.0,15.0,-111.0,51.24,-14.07,-34.620000000000005,63.19,-53.62,-69.43,29.9,-23.34,-15.85,-12.579999999999998,9.59,-93.78
2025-08-11T16:33:27.825926,-30.0,38.0,-55.0,76.0,49.0,-11.0,-37.0,-5.0,-29.0,-27.0,88.0,-38.0,-16.759999999999998,-15.07,-28.62,65.19,37.38,-24.43,-38.1,-7.34,-31.85,-5.579999999999998,82.59,-20.78
2025-08-11T16:33:27.830124,12.0,46.0,-95.0,26.0,-48.0,10.0,57.0,-23.0,-5.0,-105.0,-11.0,-67.0,25.240000000000002,-7.07,-68.62,15.19,-59.62,-3.4299999999999997,55.9,-25.34,-7.85,-83.58,-16.41,-49.78
2025-08-11T16:33:27.834108,-69.0,39.0,-63.0,-38.0,119.0,30.0,-12.0,8.0,-54.0,-28.0,11.0,-68.0,-55.76,-14.07,-36.620000000000005,-48.81,107.38,16.57,-13.1,5.66,-56.85,-6.579999999999998,5.59,-50.78
2025-08-11T16:33:27.842272,-5.0,22.0,-91.0,-52.0,-17.0,-11.0,-19.0,23.0,39.0,-29.0,36.0,-111.0,8.24,-31.07,-64.62,-62.81,-28.619999999999997,-24.43,-20.1,20.66,36.15,-7.579999999999998,30.59,-93.78
2025-08-11T16:33:27.846785,69.0,41.0,-100.0,21.0,84.0,-61.0,12.0,-48.0,-46.0,-40.0,33.0,-45.0,82.24,-12.07,-73.62,10.19,72.38,-74.43,10.9,-50.34,-48.85,-18.58,27.59,-27.78
2025-08-11T16:33:27.854569,8.0,21.0,-93.0,89.0,-8.0,-56.0,5.0,-32.0,-17.0,-72.0,17.0,-113.0,21.240000000000002,-32.07,-66.62,78.19,-19.619999999999997,-69.43,3.9,-34.34,-19.85,-50.58,11.59,-95.78
2025-08-11T16:33:27.858670,53.0,69.0,-109.0,52.0,30.0,-19.0,-10.0,26.0,33.0,-29.0,81.0,-49.0,66.24,15.93,-82.62,41.19,18.380000000000003,-32.43,-11.1,23.66,30.15,-7.579999999999998,75.59,-31.78
2025-08-11T16:33:27.866875,2.0,76.0,-52.0,82.0,-42.0,-28.0,-54.0,-17.0,-31.0,-32.0,12.0,-56.0,15.24,22.93,-25.62,71.19,-53.62,-41.43,-55.1,-19.34,-33.85,-10.579999999999998,6.59,-38.78
2025-08-11T16:33:27.870931,-78.0,-15.0,-40.0,14.0,22.0,42.0,-8.0,34.0,3.0,-25.0,-12.0,-18.0,-64.76,-68.07,-13.620000000000001,3.1899999999999995,10.38,28.57,-9.1,31.66,0.1499999999999999,-3.5799999999999983,-17.41,-0.7800000000000011
2025-08-11T16:33:27.879249,-42.0,86.0,0.0,14.0,-33.0,-109.0,-19.0,10.0,16.0,-65.0,34.0,-22.0,-28.759999999999998,32.93,26.38,3.1899999999999995,-44.62,-122.43,-20.1,7.66,13.15,-43.58,28.59,-4.780000000000001
2025-08-11T16:33:27.883335,-66.0,116.0,-83.0,68.0,-3.0,-6.0,46.0,23.0,-43.0,-41.0,16.0,-81.0,-52.76,62.93,-56.620000000000005,57.19,-14.62,-19.43,44.9,20.66,-45.85,-19.58,10.59,-63.78
2025-08-11T16:33:27.891437,-30.0,126.0,-63.0,-6.0,-43.0,-37.0,-58.0,-76.0,5.0,-55.0,48.0,-57.0,-16.759999999999998,72.93,-36.620000000000005,-16.810000000000002,-54.62,-50.43,-59.1,-78.34,2.15,-33.58,42.59,-39.78
2025-08-11T16:33:27.895596,62.0,62.0,-35.0,-3.0,-58.0,18.0,-1.0,-20.0,-35.0,-24.0,62.0,-91.0,75.24,8.93,-8.620000000000001,-13.81,-69.62,4.57,-2.1,-22.34,-37.85,-2.5799999999999983,56.59,-73.78
2025-08-11T16:33:27.903814,44.0,67.0,-140.0,-39.0,2.0,19.0,24.0,50.0,-16.0,-135.0,53.0,-56.0,57.24,13.93,-113.62,-49.81,-9.62,5.57,22.9,47.66,-18.85,-113.58,47.59,-38.78
2025-08-11T16:33:27.907839,45.0,9.0,-67.0,26.0,-39.0,13.0,40.0,64.0,19.0,-64.0,15.0,-57.0,58.24,-44.07,-40.620000000000005,15.19,-50.62,-0.4299999999999997,38.9,61.66,16.15,-42.58,9.59,-39.78
2025-08-11T16:33:27.915952,15.0,68.0,-25.0,35.0,15.0,-54.0,12.0,45.0,-18.0,-58.0,-9.0,-106.0,28.240000000000002,14.93,1.379999999999999,24.189999999999998,3.380000000000001,-67.43,10.9,42.66,-20.85,-36.58,-14.41,-88.78
2025-08-11T16:33:27.920269,-26.0,8.0,-48.0,24.0,-18.0,-10.0,-3.0,-35.0,-28.0,-79.0,24.0,-58.0,-12.76,-45.07,-21.62,13.19,-29.619999999999997,-23.43,-4.1,-37.34,-30.85,-57.58,18.59,-40.78
2025-08-11T16:33:27.928352,4.0,57.0,-70.0,17.0,-15.0,-65.0,-61.0,31.0,-82.0,-100.0,44.0,-85.0,17.240000000000002,3.9299999999999997,-43.620000000000005,6.1899999999999995,-26.619999999999997,-78.43,-62.1,28.66,-84.85,-78.58,38.59,-67.78
2025-08-11T16:33:27.933255,-37.0,77.0,-134.0,59.0,-69.0,40.0,-6.0,28.0,-46.0,-47.0,27.0,-45.0,-23.759999999999998,23.93,-107.62,48.19,-80.62,26.57,-7.1,25.66,-48.85,-25.58,21.59,-27.78
2025-08-11T16:33:27.940570,4.0,65.0,-137.0,-46.0,-6.0,-25.0,-37.0,31.0,-41.0,-103.0,57.0,-82.0,17.240000000000002,11.93,-110.62,-56.81,-17.619999999999997,-38.43,-38.1,28.66,-43.85,-81.58,51.59,-64.78
2025-08-11T16:33:27.944804,32.0,57.0,-137.0,-22.0,69.0,7.0,-4.0,37.0,6.0,-54.0,50.0,-77.0,45.24,3.9299999999999997,-110.62,-32.81,57.38,-6.43,-5.1,34.66,3.15,-32.58,44.59,-59.78
2025-08-11T16:33:27.952842,94.0,81.0,-113.0,11.0,14.0,40.0,72.0,21.0,-24.0,-62.0,77.0,-73.0,107.24,27.93,-86.62,0.1899999999999995,2.380000000000001,26.57,70.9,18.66,-26.85,-40.58,71.59,-55.78
2025-08-11T16:33:27.957087,-16.0,52.0,-8.0,29.0,112.0,-28.0,-29.0,28.0,-40.0,-20.0,76.0,-60.0,-2.76,-1.0700000000000003,18.38,18.189999999999998,100.38,-41.43,-30.1,25.66,-42.85,1.4200000000000017,70.59,-42.78
2025-08-11T16:33:27.965486,-28.0,89.0,-1.0,90.0,-42.0,-56.0,-18.0,-29.0,-31.0,-46.0,-10.0,-51.0,-14.76,35.93,25.38,79.19,-53.62,-69.43,-19.1,-31.34,-33.85,-24.58,-15.41,-33.78
2025-08-11T16:33:27.969495,-71.0,71.0,-49.0,27.0,-20.0,-5.0,-76.0,-4.0,-49.0,-6.0,33.0,-53.0,-57.76,17.93,-22.62,16.189999999999998,-31.619999999999997,-18.43,-77.1,-6.34,-51.85,15.420000000000002,27.59,-35.78
2025-08-11T16:33:27.977572,-39.0,122.0,-82.0,109.0,-52.0,-13.0,-30.0,29.0,39.0,-25.0,30.0,-129.0,-25.759999999999998,68.93,-55.620000000000005,98.19,-63.62,-26.43,-31.1,26.66,36.15,-3.5799999999999983,24.59,-111.78
2025-08-11T16:33:27.981685,37.0,58.0,-95.0,-55.0,-1.0,15.0,-40.0,27.0,-11.0,-91.0,71.0,-64.0,50.24,4.93,-68.62,-65.81,-12.62,1.5700000000000003,-41.1,24.66,-13.85,-69.58,65.59,-46.78
2025-08-11T16:33:27.989750,21.0,81.0,-71.0,4.0,-35.0,-31.0,11.0,-24.0,-28.0,-78.0,-7.0,-64.0,34.24,27.93,-44.620000000000005,-6.8100000000000005,-46.62,-44.43,9.9,-26.34,-30.85,-56.58,-12.41,-46.78
2025-08-11T16:33:27.994359,-4.0,28.0,-38.0,15.0,30.0,-23.0,-32.0,-31.0,-25.0,-57.0,100.0,-92.0,9.24,-25.07,-11.620000000000001,4.1899999999999995,18.380000000000003,-36.43,-33.1,-33.34,-27.85,-35.58,94.59,-74.78
2025-08-11T16:33:28.001989,15.0,56.0,1.0,70.0,53.0,5.0,-29.0,18.0,-44.0,-52.0,57.0,-31.0,28.240000000000002,2.9299999999999997,27.38,59.19,41.38,-8.43,-30.1,15.66,-46.85,-30.58,51.59,-13.780000000000001
2025-08-11T16:33:28.006147,-10.0,-28.0,-37.0,96.0,44.0,40.0,48.0,23.0,-33.0,-53.0,44.0,-63.0,3.24,-81.07,-10.620000000000001,85.19,32.38,26.57,46.9,20.66,-35.85,-31.58,38.59,-45.78
2025-08-11T16:33:28.014412,-5.0,62.0,-56.0,-25.0,-46.0,29.0,-38.0,-6.0,30.0,-40.0,50.0,-56.0,8.24,8.93,-29.62,-35.81,-57.62,15.57,-39.1,-8.34,27.15,-18.58,44.59,-38.78
2025-08-11T16:33:28.018693,-16.0,78.0,-114.0,40.0,16.0,-40.0,-39.0,42.0,-6.0,-26.0,-18.0,-67.0,-2.76,24.93,-87.62,29.189999999999998,4.380000000000001,-53.43,-40.1,39.66,-8.85,-4.579999999999998,-23.41,-49.78
2025-08-11T16:33:28.026571,18.0,90.0,-63.0,10.0,46.0,0.0,-28.0,16.0,-58.0,-29.0,39.0,-134.0,31.240000000000002,36.93,-36.620000000000005,-0.8100000000000005,34.38,-13.43,-29.1,13.66,-60.85,-7.579999999999998,33.59,-116.78
2025-08-11T16:33:28.030828,35.0,34.0,-114.0,21.0,32.0,-26.0,-40.0,19.0,-67.0,-95.0,111.0,-27.0,48.24,-19.07,-87.62,10.19,20.380000000000003,-39.43,-41.1,16.66,-69.85,-73.58,105.59,-9.780000000000001
2025-08-11T16:33:28.038964,13.0,17.0,-63.0,47.0,52.0,6.0,-11.0,63.0,-75.0,-20.0,93.0,-74.0,26.240000000000002,-36.07,-36.620000000000005,36.19,40.38,-7.43,-12.1,60.66,-77.85,1.4200000000000017,87.59,-56.78
2025-08-11T16:33:28.043096,65.0,31.0,-37.0,33.0,-42.0,41.0,3.0,39.0,-82.0,-63.0,26.0,-45.0,78.24,-22.07,-10.620000000000001,22.189999999999998,-53.62,27.57,1.9,36.66,-84.85,-41.58,20.59,-27.78
2025-08-11T16:33:28.051225,-58.0,87.0,-26.0,-32.0,-3.0,-21.0,26.0,43.0,-37.0,-70.0,40.0,-83.0,-44.76,33.93,0.379999999999999,-42.81,-14.62,-34.43,24.9,40.66,-39.85,-48.58,34.59,-65.78
2025-08-11T16:33:28.055453,-19.0,111.0,-30.0,49.0,-1.0,23.0,9.0,41.0,-50.0,-38.0,11.0,-69.0,-5.76,57.93,-3.620000000000001,38.19,-12.62,9.57,7.9,38.66,-52.85,-16.58,5.59,-51.78
2025-08-11T16:33:28.063525,-43.0,57.0,-159.0,-6.0,90.0,-40.0,-21.0,-13.0,12.0,-97.0,96.0,-33.0,-29.759999999999998,3.9299999999999997,-132.62,-16.810000000000002,78.38,-53.43,-22.1,-15.34,9.15,-75.58,90.59,-15.780000000000001
2025-08-11T16:33:28.067645,-73.0,102.0,-76.0,97.0,-21.0,-39.0,64.0,-55.0,46.0,-65.0,58.0,-69.0,-59.76,48.93,-49.620000000000005,86.19,-32.62,-52.43,62.9,-57.34,43.15,-43.58,52.59,-51.78
2025-08-11T16:33:28.075765,15.0,-9.0,-90.0,6.0,24.0,-79.0,43.0,-13.0,-13.0,-12.0,16.0,-69.0,28.240000000000002,-62.07,-63.620000000000005,-4.8100000000000005,12.38,-92.43,41.9,-15.34,-15.85,9.420000000000002,10.59,-51.78
2025-08-11T16:33:28.080132,0.0,14.0,-111.0,21.0,-3.0,-15.0,-2.0,-54.0,-51.0,-43.0,11.0,-93.0,13.24,-39.07,-84.62,10.19,-14.62,-28.43,-3.1,-56.34,-53.85,-21.58,5.59,-75.78
2025-08-11T16:33:28.088073,-25.0,63.0,-139.0,-55.0,-56.0,-18.0,-3.0,-4.0,18.0,-64.0,67.0,-86.0,-11.76,9.93,-112.62,-65.81,-67.62,-31.43,-4.1,-6.34,15.15,-42.58,61.59,-68.78
2025-08-11T16:33:28.092195,-24.0,100.0,-35.0,6.0,-39.0,-28.0,0.0,24.0,-36.0,-38.0,81.0,-68.0,-10.76,46.93,-8.620000000000001,-4.8100000000000005,-50.62,-41.43,-1.1,21.66,-38.85,-16.58,75.59,-50.78
2025-08-11T16:33:28.100268,-64.0,54.0,-3.0,22.0,27.0,-50.0,35.0,-5.0,8.0,-46.0,-17.0,-114.0,-50.76,0.9299999999999997,23.38,11.19,15.38,-63.43,33.9,-7.34,5.15,-24.58,-22.41,-96.78
2025-08-11T16:33:28.104516,-45.0,23.0,-67.0,17.0,38.0,-54.0,39.0,-22.0,-58.0,-85.0,72.0,-11.0,-31.759999999999998,-30.07,-40.620000000000005,6.1899999999999995,26.380000000000003,-67.43,37.9,-24.34,-60.85,-63.58,66.59,6.219999999999999
2025-08-11T16:33:28.112584,-6.0,50.0,-28.0,52.0,-70.0,-46.0,27.0,-10.0,-25.0,-67.0,30.0,-24.0,7.24,-3.0700000000000003,-1.620000000000001,41.19,-81.62,-59.43,25.9,-12.34,-27.85,-45.58,24.59,-6.780000000000001
2025-08-11T16:33:28.116839,-19.0,120.0,-104.0,35.0,12.0,4.0,38.0,-4.0,-13.0,-29.0,43.0,-118.0,-5.76,66.93,-77.62,24.189999999999998,0.3800000000000008,-9.43,36.9,-6.34,-15.85,-7.579999999999998,37.59,-100.78
2025-08-11T16:33:28.124991,38.0,89.0,-164.0,28.0,-71.0,-30.0,-58.0,33.0,-39.0,-23.0,13.0,-60.0,51.24,35.93,-137.62,17.189999999999998,-82.62,-43.43,-59.1,30.66,-41.85,-1.5799999999999983,7.59,-42.78
2025-08-11T16:33:28.129148,38.0,73.0,-131.0,4.0,65.0,-47.0,5.0,18.0,42.0,15.0,-39.0,-82.0,51.24,19.93,-104.62,-6.8100000000000005,53.38,-60.43,3.9,15.66,39.15,36.42,-44.41,-64.78
2025-08-11T16:33:28.137183,-32.0,11.0,-30.0,-25.0,32.0,-83.0,51.0,38.0,-26.0,-90.0,25.0,-64.0,-18.759999999999998,-42.07,-3.620000000000001,-35.81,20.380000000000003,-96.43,49.9,35.66,-28.85,-68.58,19.59,-46.78
2025-08-11T16:33:28.141297,-52.0,98.0,-46.0,0.0,-2.0,-55.0,-70.0,50.0,-50.0,-28.0,14.0,-38.0,-38.76,44.93,-19.62,-10.81,-13.62,-68.43,-71.1,47.66,-52.85,-6.579999999999998,8.59,-20.78
2025-08-11T16:33:28.149378,-96.0,156.0,-69.0,37.0,40.0,-68.0,-22.0,-48.0,5.0,-42.0,23.0,-95.0,-82.76,102.93,-42.620000000000005,26.189999999999998,28.380000000000003,-81.43,-23.1,-50.34,2.15,-20.58,17.59,-77.78
2025-08-11T16:33:28.153642,-31.0,53.0,-81.0,32.0,-13.0,29.0,11.0,76.0,-5.0,-33.0,-8.0,-29.0,-17.759999999999998,-0.07000000000000028,-54.620000000000005,21.189999999999998,-24.619999999999997,15.57,9.9,73.66,-7.85,-11.579999999999998,-13.41,-11.780000000000001
2025-08-11T16:33:28.161703,-107.0,71.0,-106.0,-15.0,2.0,-50.0,46.0,22.0,-83.0,-63.0,17.0,-51.0,-93.76,17.93,-79.62,-25.810000000000002,-9.62,-63.43,44.9,19.66,-85.85,-41.58,11.59,-33.78
2025-08-11T16:33:28.166047,16.0,54.0,-138.0,-50.0,8.0,-22.0,7.0,17.0,-73.0,16.0,100.0,-97.0,29.240000000000002,0.9299999999999997,-111.62,-60.81,-3.619999999999999,-35.43,5.9,14.66,-75.85,37.42,94.59,-79.78
2025-08-11T16:33:28.173946,0.0,10.0,-121.0,-20.0,36.0,-68.0,-9.0,11.0,-39.0,14.0,59.0,-41.0,13.24,-43.07,-94.62,-30.810000000000002,24.380000000000003,-81.43,-10.1,8.66,-41.85,35.42,53.59,-23.78
2025-08-11T16:33:28.178428,43.0,25.0,44.0,56.0,35.0,-41.0,16.0,98.0,-38.0,-24.0,63.0,-58.0,56.24,-28.07,70.38,45.19,23.380000000000003,-54.43,14.9,95.66,-40.85,-2.5799999999999983,57.59,-40.78
2025-08-11T16:33:28.186291,-24.0,49.0,-4.0,-2.0,-11.0,-45.0,37.0,-11.0,29.0,-77.0,60.0,-43.0,-10.76,-4.07,22.38,-12.81,-22.619999999999997,-58.43,35.9,-13.34,26.15,-55.58,54.59,-25.78
2025-08-11T16:33:28.190459,-114.0,84.0,-83.0,49.0,-5.0,-30.0,36.0,17.0,6.0,-71.0,-5.0,-61.0,-100.76,30.93,-56.620000000000005,38.19,-16.619999999999997,-43.43,34.9,14.66,3.15,-49.58,-10.41,-43.78
2025-08-11T16:33:28.198554,-40.0,79.0,-41.0,-34.0,20.0,-15.0,66.0,54.0,-18.0,-27.0,-3.0,-97.0,-26.759999999999998,25.93,-14.620000000000001,-44.81,8.38,-28.43,64.9,51.66,-20.85,-5.579999999999998,-8.41,-79.78
2025-08-11T16:33:28.202935,-47.0,50.0,-96.0,3.0,-36.0,28.0,80.0,39.0,-74.0,-66.0,80.0,-51.0,-33.76,-3.0700000000000003,-69.62,-7.8100000000000005,-47.62,14.57,78.9,36.66,-76.85,-44.58,74.59,-33.78
2025-08-11T16:33:28.210967,50.0,104.0,-102.0,-12.0,-20.0,-38.0,43.0,0.0,-57.0,-17.0,85.0,-29.0,63.24,50.93,-75.62,-22.810000000000002,-31.619999999999997,-51.43,41.9,-2.34,-59.85,4.420000000000002,79.59,-11.780000000000001
2025-08-11T16:33:28.215038,57.0,24.0,-51.0,34.0,65.0,-18.0,51.0,17.0,-60.0,-55.0,93.0,-71.0,70.24,-29.07,-24.62,23.189999999999998,53.38,-31.43,49.9,14.66,-62.85,-33.58,87.59,-53.78
2025-08-11T16:33:28.223121,16.0,34.0,-71.0,83.0,-27.0,-48.0,-12.0,-20.0,-89.0,-41.0,60.0,-89.0,29.240000000000002,-19.07,-44.620000000000005,72.19,-38.62,-61.43,-13.1,-22.34,-91.85,-19.58,54.59,-71.78
2025-08-11T16:33:28.227543,-18.0,75.0,-7.0,24.0,-28.0,10.0,50.0,48.0,-7.0,-80.0,-3.0,-35.0,-4.76,21.93,19.38,13.19,-39.62,-3.4299999999999997,48.9,45.66,-9.85,-58.58,-8.41,-17.78
2025-08-11T16:33:28.231709,-68.0,4.0,-22.0,40.0,-31.0,24.0,-42.0,-21.0,-54.0,-41.0,2.0,-74.0,-54.76,-49.07,4.379999999999999,29.189999999999998,-42.62,10.57,-43.1,-23.34,-56.85,-19.58,-3.41,-56.78
2025-08-11T16:33:28.239575,-53.0,5.0,-22.0,84.0,66.0,40.0,3.0,0.0,-38.0,-63.0,-16.0,-65.0,-39.76,-48.07,4.379999999999999,73.19,54.38,26.57,1.9,-2.34,-40.85,-41.58,-21.41,-47.78
2025-08-11T16:33:28.243718,-27.0,48.0,-38.0,-20.0,50.0,61.0,48.0,38.0,-5.0,-22.0,34.0,-21.0,-13.76,-5.07,-11.620000000000001,-30.810000000000002,38.38,47.57,46.9,35.66,-7.85,-0.5799999999999983,28.59,-3.780000000000001
2025-08-11T16:33:28.252015,-57.0,76.0,-73.0,16.0,7.0,-56.0,31.0,-51.0,-9.0,-106.0,39.0,-61.0,-43.76,22.93,-46.620000000000005,5.1899999999999995,-4.619999999999999,-69.43,29.9,-53.34,-11.85,-84.58,33.59,-43.78
2025-08-11T16:33:28.256728,-54.0,96.0,-133.0,-13.0,38.0,-25.0,28.0,30.0,-16.0,-59.0,44.0,-79.0,-40.76,42.93,-106.62,-23.810000000000002,26.380000000000003,-38.43,26.9,27.66,-18.85,-37.58,38.59,-61.78
2025-08-11T16:33:28.264122,58.0,66.0,-60.0,33.0,-5.0,-32.0,47.0,78.0,-20.0,-52.0,94.0,-61.0,71.24,12.93,-33.620000000000005,22.189999999999998,-16.619999999999997,-45.43,45.9,75.66,-22.85,-30.58,88.59,-43.78
2025-08-11T16:33:28.268360,23.0,-57.0,-55.0,33.0,15.0,23.0,44.0,-37.0,0.0,-73.0,13.0,-14.0,36.24,-110.07,-28.62,22.189999999999998,3.380000000000001,9.57,42.9,-39.34,-2.85,-51.58,7.59,3.219999999999999
2025-08-11T16:33:28.276432,17.0,112.0,-35.0,12.0,-75.0,-16.0,-40.0,-28.0,32.0,-37.0,18.0,10.0,30.240000000000002,58.93,-8.620000000000001,1.1899999999999995,-86.62,-29.43,-41.1,-30.34,29.15,-15.579999999999998,12.59,27.22
2025-08-11T16:33:28.280586,-37.0,65.0,-19.0,10.0,30.0,1.0,47.0,34.0,-41.0,-11.0,14.0,-8.0,-23.759999999999998,11.93,7.379999999999999,-0.8100000000000005,18.380000000000003,-12.43,45.9,31.66,-43.85,10.420000000000002,8.59,9.219999999999999
2025-08-11T16:33:28.288733,-77.0,96.0,-7.0,21.0,-16.0,-37.0,11.0,-17.0,-45.0,-77.0,-10.0,-3.0,-63.76,42.93,19.38,10.19,-27.619999999999997,-50.43,9.9,-19.34,-47.85,-55.58,-15.41,14.219999999999999
2025-08-11T16:33:28.292834,37.0,57.0,-74.0,103.0,26.0,17.0,-30.0,63.0,49.0,-26.0,-3.0,24.0,50.24,3.9299999999999997,-47.620000000000005,92.19,14.38,3.5700000000000003,-31.1,60.66,46.15,-4.579999999999998,-8.41,41.22
2025-08-11T16:33:28.301049,23.0,90.0,-59.0,75.0,13.0,-91.0,51.0,-27.0,47.0,56.0,45.0,27.0,36.24,36.93,-32.620000000000005,64.19,1.3800000000000008,-104.43,49.9,-29.34,44.15,77.42,39.59,44.22
2025-08-11T16:33:28.305180,3.0,-13.0,-45.0,50.0,-6.0,15.0,-25.0,-7.0,42.0,49.0,48.0,12.0,16.240000000000002,-66.07,-18.62,39.19,-17.619999999999997,1.5700000000000003,-26.1,-9.34,39.15,70.42,42.59,29.22
2025-08-11T16:33:28.313309,14.0,39.0,10.0,90.0,-2.0,-16.0,1.0,8.0,39.0,42.0,41.0,18.0,27.240000000000002,-14.07,36.379999999999995,79.19,-13.62,-29.43,-0.10000000000000009,5.66,36.15,63.42,35.59,35.22
2025-08-11T16:33:28.317639,55.0,10.0,51.0,-37.0,-18.0,9.0,42.0,22.0,81.0,17.0,-12.0,2.0,68.24,-43.07,77.38,-47.81,-29.619999999999997,-4.43,40.9,19.66,78.15,38.42,-17.41,19.22
2025-08-11T16:33:28.325523,66.0,24.0,32.0,-6.0,-7.0,0.0,2.0,-3.0,81.0,36.0,7.0,17.0,79.24,-29.07,58.379999999999995,-16.810000000000002,-18.619999999999997,-13.43,0.8999999999999999,-5.34,78.15,57.42,1.5899999999999999,34.22
2025-08-11T16:33:28.329806,-8.0,68.0,-10.0,68.0,66.0,35.0,71.0,-8.0,61.0,73.0,87.0,104.0,5.24,14.93,16.38,57.19,54.38,21.57,69.9,-10.34,58.15,94.42,81.59,121.22
2025-08-11T16:33:28.337776,93.0,8.0,59.0,87.0,30.0,-32.0,18.0,58.0,19.0,59.0,87.0,148.0,106.24,-45.07,85.38,76.19,18.380000000000003,-45.43,16.9,55.66,16.15,80.42,81.59,165.22
2025-08-11T16:33:28.342092,18.0,84.0,100.0,98.0,84.0,18.0,48.0,143.0,10.0,63.0,131.0,84.0,31.240000000000002,30.93,126.38,87.19,72.38,4.57,46.9,140.66,7.15,84.42,125.59,101.22
2025-08-11T16:33:28.350101,56.0,184.0,32.0,88.0,9.0,-19.0,31.0,106.0,-71.0,56.0,163.0,36.0,69.24,130.93,58.379999999999995,77.19,-2.619999999999999,-32.43,29.9,103.66,-73.85,77.42,157.59,53.22
2025-08-11T16:33:28.354546,26.0,181.0,21.0,171.0,22.0,-50.0,-17.0,60.0,-106.0,54.0,209.0,66.0,39.24,127.93,47.379999999999995,160.19,10.38,-63.43,-18.1,57.66,-108.85,75.42,203.59,83.22
2025-08-11T16:33:28.362454,106.0,162.0,10.0,138.0,83.0,47.0,41.0,120.0,-154.0,102.0,309.0,36.0,119.24,108.93,36.379999999999995,127.19,71.38,33.57,39.9,117.66,-156.85,123.42,303.59,53.22
2025-08-11T16:33:28.366671,89.0,245.0,55.0,261.0,113.0,-65.0,35.0,91.0,-228.0,92.0,316.0,-12.0,102.24,191.93,81.38,250.19,101.38,-78.43,33.9,88.66,-230.85,113.42,310.59,5.219999999999999
2025-08-11T16:33:28.374816,54.0,318.0,83.0,157.0,97.0,-35.0,40.0,103.0,-201.0,136.0,366.0,9.0,67.24,264.93,109.38,146.19,85.38,-48.43,38.9,100.66,-203.85,157.42000000000002,360.59,26.22
2025-08-11T16:33:28.382999,128.0,331.0,-29.0,192.0,125.0,-73.0,23.0,125.0,-163.0,181.0,383.0,12.0,141.24,277.93,-2.620000000000001,181.19,113.38,-86.43,21.9,122.66,-165.85,202.42000000000002,377.59,29.22
2025-08-11T16:33:28.387261,194.0,370.0,28.0,298.0,170.0,-90.0,63.0,162.0,-254.0,174.0,387.0,24.0,207.24,316.93,54.379999999999995,287.19,158.38,-103.43,61.9,159.66,-256.85,195.42000000000002,381.59,41.22
2025-08-11T16:33:28.395223,94.0,316.0,97.0,228.0,160.0,-109.0,90.0,186.0,-220.0,96.0,408.0,11.0,107.24,262.93,123.38,217.19,148.38,-122.43,88.9,183.66,-222.85,117.42,402.59,28.22
2025-08-11T16:33:28.399537,75.0,468.0,70.0,210.0,146.0,-111.0,60.0,199.0,-281.0,99.0,452.0,58.0,88.24,414.93,96.38,199.19,134.38,-124.43,58.9,196.66,-283.85,120.42,446.59,75.22
2025-08-11T16:33:28.407543,133.0,367.0,-14.0,241.0,203.0,-124.0,0.0,112.0,-306.0,59.0,465.0,-62.0,146.24,313.93,12.379999999999999,230.19,191.38,-137.43,-1.1,109.66,-308.85,80.42,459.59,-44.78
2025-08-11T16:33:28.411769,112.0,339.0,44.0,256.0,143.0,-99.0,-3.0,115.0,-321.0,148.0,464.0,-58.0,125.24,285.93,70.38,245.19,131.38,-112.43,-4.1,112.66,-323.85,169.42000000000002,458.59,-40.78
2025-08-11T16:33:28.419887,104.0,441.0,-38.0,251.0,247.0,-110.0,30.0,73.0,-300.0,150.0,348.0,-43.0,117.24,387.93,-11.620000000000001,240.19,235.38,-123.43,28.9,70.66,-302.85,171.42000000000002,342.59,-25.78
2025-08-11T16:33:28.427979,169.0,422.0,68.0,252.0,201.0,-172.0,62.0,181.0,-317.0,166.0,448.0,-5.0,182.24,368.93,94.38,241.19,189.38,-185.43,60.9,178.66,-319.85,187.42000000000002,442.59,12.219999999999999
2025-08-11T16:33:28.432456,98.0,513.0,100.0,361.0,212.0,-90.0,23.0,176.0,-344.0,67.0,527.0,43.0,111.24,459.93,126.38,350.19,200.38,-103.43,21.9,173.66,-346.85,88.42,521.59,60.22
2025-08-11T16:33:28.440259,122.0,535.0,67.0,334.0,190.0,-126.0,-9.0,184.0,-382.0,62.0,558.0,13.0,135.24,481.93,93.38,323.19,178.38,-139.43,-10.1,181.66,-384.85,83.42,552.59,30.22
2025-08-11T16:33:28.444561,236.0,453.0,18.0,410.0,217.0,-228.0,29.0,136.0,-405.0,34.0,555.0,14.0,249.24,399.93,44.379999999999995,399.19,205.38,-241.43,27.9,133.66,-407.85,55.42,549.59,31.22
2025-08-11T16:33:28.452618,173.0,481.0,84.0,325.0,230.0,-162.0,49.0,215.0,-387.0,190.0,595.0,-30.0,186.24,427.93,110.38,314.19,218.38,-175.43,47.9,212.66,-389.85,211.42000000000002,589.59,-12.780000000000001
2025-08-11T16:33:28.460844,138.0,544.0,58.0,266.0,318.0,-170.0,-35.0,186.0,-339.0,131.0,533.0,-10.0,151.24,490.93,84.38,255.19,306.38,-183.43,-36.1,183.66,-341.85,152.42000000000002,527.59,7.219999999999999
2025-08-11T16:33:28.465046,274.0,424.0,13.0,399.0,201.0,-174.0,26.0,204.0,-372.0,139.0,562.0,19.0,287.24,370.93,39.379999999999995,388.19,189.38,-187.43,24.9,201.66,-374.85,160.42000000000002,556.59,36.22
2025-08-11T16:33:28.473077,141.0,473.0,77.0,288.0,188.0,-228.0,59.0,171.0,-345.0,106.0,455.0,0.0,154.24,419.93,103.38,277.19,176.38,-241.43,57.9,168.66,-347.85,127.42,449.59,17.22
2025-08-11T16:33:28.477320,122.0,538.0,19.0,372.0,230.0,-219.0,37.0,191.0,-368.0,67.0,549.0,68.0,135.24,484.93,45.379999999999995,361.19,218.38,-232.43,35.9,188.66,-370.85,88.42,543.59,85.22
2025-08-11T16:33:28.485393,229.0,460.0,-6.0,307.0,178.0,-166.0,78.0,189.0,-438.0,83.0,525.0,-63.0,242.24,406.93,20.38,296.19,166.38,-179.43,76.9,186.66,-440.85,104.42,519.59,-45.78
2025-08-11T16:33:28.489686,130.0,465.0,76.0,294.0,184.0,-135.0,64.0,150.0,-409.0,172.0,574.0,-19.0,143.24,411.93,102.38,283.19,172.38,-148.43,62.9,147.66,-411.85,193.42000000000002,568.59,-1.7800000000000011
2025-08-11T16:33:28.497774,93.0,489.0,-20.0,397.0,244.0,-132.0,10.0,189.0,-369.0,200.0,437.0,-12.0,106.24,435.93,6.379999999999999,386.19,232.38,-145.43,8.9,186.66,-371.85,221.42000000000002,431.59,5.219999999999999
2025-08-11T16:33:28.505946,231.0,407.0,20.0,352.0,220.0,-163.0,72.0,212.0,-456.0,181.0,512.0,14.0,244.24,353.93,46.379999999999995,341.19,208.38,-176.43,70.9,209.66,-458.85,202.42000000000002,506.59,31.22
2025-08-11T16:33:28.510168,172.0,455.0,42.0,312.0,222.0,-204.0,45.0,110.0,-414.0,67.0,499.0,9.0,185.24,401.93,68.38,301.19,210.38,-217.43,43.9,107.66,-416.85,88.42,493.59,26.22
2025-08-11T16:33:28.518212,141.0,522.0,-9.0,324.0,185.0,-163.0,11.0,206.0,-319.0,47.0,547.0,6.0,154.24,468.93,17.38,313.19,173.38,-176.43,9.9,203.66,-321.85,68.42,541.59,23.22
2025-08-11T16:33:28.522498,136.0,460.0,-13.0,287.0,220.0,-190.0,27.0,145.0,-350.0,130.0,586.0,-50.0,149.24,406.93,13.379999999999999,276.19,208.38,-203.43,25.9,142.66,-352.85,151.42000000000002,580.59,-32.78
2025-08-11T16:33:28.530423,118.0,518.0,80.0,356.0,182.0,-175.0,24.0,163.0,-356.0,99.0,524.0,-10.0,131.24,464.93,106.38,345.19,170.38,-188.43,22.9,160.66,-358.85,120.42,518.59,7.219999999999999
2025-08-11T16:33:28.538594,143.0,481.0,5.0,387.0,163.0,-154.0,40.0,162.0,-385.0,151.0,471.0,-43.0,156.24,427.93,31.38,376.19,151.38,-167.43,38.9,159.66,-387.85,172.42000000000002,465.59,-25.78
2025-08-11T16:33:28.542924,180.0,484.0,29.0,347.0,178.0,-103.0,87.0,169.0,-415.0,117.0,503.0,28.0,193.24,430.93,55.379999999999995,336.19,166.38,-116.43,85.9,166.66,-417.85,138.42000000000002,497.59,45.22
2025-08-11T16:33:28.550766,137.0,420.0,51.0,344.0,235.0,-178.0,41.0,201.0,-388.0,82.0,482.0,49.0,150.24,366.93,77.38,333.19,223.38,-191.43,39.9,198.66,-390.85,103.42,476.59,66.22
2025-08-11T16:33:28.555182,208.0,513.0,8.0,319.0,156.0,-214.0,1.0,163.0,-391.0,67.0,608.0,-4.0,221.24,459.93,34.379999999999995,308.19,144.38,-227.43,-0.10000000000000009,160.66,-393.85,88.42,602.59,13.219999999999999
2025-08-11T16:33:28.563170,225.0,430.0,-21.0,331.0,198.0,-168.0,36.0,223.0,-367.0,73.0,549.0,-136.0,238.24,376.93,5.379999999999999,320.19,186.38,-181.43,34.9,220.66,-369.85,94.42,543.59,-118.78
2025-08-11T16:33:28.567581,132.0,525.0,75.0,352.0,171.0,-246.0,39.0,159.0,-374.0,79.0,569.0,20.0,145.24,471.93,101.38,341.19,159.38,-259.43,37.9,156.66,-376.85,100.42,563.59,37.22
2025-08-11T16:33:28.575509,199.0,589.0,68.0,390.0,192.0,-168.0,95.0,150.0,-362.0,160.0,454.0,-82.0,212.24,535.93,94.38,379.19,180.38,-181.43,93.9,147.66,-364.85,181.42000000000002,448.59,-64.78
2025-08-11T16:33:28.583556,201.0,476.0,26.0,278.0,251.0,-224.0,50.0,122.0,-462.0,153.0,482.0,-35.0,214.24,422.93,52.379999999999995,267.19,239.38,-237.43,48.9,119.66,-464.85,174.42000000000002,476.59,-17.78
2025-08-11T16:33:28.587996,155.0,518.0,54.0,306.0,157.0,-171.0,75.0,146.0,-366.0,53.0,477.0,5.0,168.24,464.93,80.38,295.19,145.38,-184.43,73.9,143.66,-368.85,74.42,471.59,22.22
2025-08-11T16:33:28.596091,162.0,543.0,14.0,247.0,206.0,-216.0,-54.0,148.0,-345.0,68.0,558.0,9.0,175.24,489.93,40.379999999999995,236.19,194.38,-229.43,-55.1,145.66,-347.85,89.42,552.59,26.22
2025-08-11T16:33:28.600227,174.0,421.0,33.0,337.0,289.0,-188.0,20.0,214.0,-399.0,47.0,494.0,-24.0,187.24,367.93,59.379999999999995,326.19,277.38,-201.43,18.9,211.66,-401.85,68.42,488.59,-6.780000000000001
2025-08-11T16:33:28.608317,130.0,456.0,66.0,388.0,221.0,-197.0,-5.0,132.0,-367.0,127.0,557.0,28.0,143.24,402.93,92.38,377.19,209.38,-210.43,-6.1,129.66,-369.85,148.42000000000002,551.59,45.22
2025-08-11T16:33:28.616410,145.0,512.0,-20.0,370.0,242.0,-168.0,3.0,128.0,-364.0,120.0,547.0,-33.0,158.24,458.93,6.379999999999999,359.19,230.38,-181.43,1.9,125.66,-366.85,141.42000000000002,541.59,-15.780000000000001
2025-08-11T16:33:28.620591,203.0,491.0,5.0,324.0,217.0,-233.0,-2.0,144.0,-430.0,117.0,460.0,34.0,216.24,437.93,31.38,313.19,205.38,-246.43,-3.1,141.66,-432.85,138.42000000000002,454.59,51.22
2025-08-11T16:33:28.628663,136.0,529.0,77.0,344.0,208.0,-149.0,50.0,189.0,-429.0,80.0,526.0,-35.0,149.24,475.93,103.38,333.19,196.38,-162.43,48.9,186.66,-431.85,101.42,520.59,-17.78
2025-08-11T16:33:28.634959,156.0,474.0,-13.0,293.0,185.0,-222.0,34.0,157.0,-308.0,42.0,593.0,-4.0,169.24,420.93,13.379999999999999,282.19,173.38,-235.43,32.9,154.66,-310.85,63.42,587.59,13.219999999999999
2025-08-11T16:33:28.640941,173.0,411.0,65.0,334.0,209.0,-176.0,32.0,185.0,-427.0,91.0,623.0,-42.0,186.24,357.93,91.38,323.19,197.38,-189.43,30.9,182.66,-429.85,112.42,617.59,-24.78
2025-08-11T16:33:28.645322,96.0,444.0,-22.0,374.0,231.0,-150.0,78.0,145.0,-432.0,151.0,552.0,-30.0,109.24,390.93,4.379999999999999,363.19,219.38,-163.43,76.9,142.66,-434.85,172.42000000000002,546.59,-12.780000000000001
2025-08-11T16:33:28.653436,150.0,509.0,-19.0,297.0,166.0,-190.0,71.0,169.0,-384.0,119.0,548.0,-38.0,163.24,455.93,7.379999999999999,286.19,154.38,-203.43,69.9,166.66,-386.85,140.42000000000002,542.59,-20.78
2025-08-11T16:33:28.661507,293.0,384.0,38.0,326.0,223.0,-123.0,47.0,134.0,-425.0,140.0,498.0,-58.0,306.24,330.93,64.38,315.19,211.38,-136.43,45.9,131.66,-427.85,161.42000000000002,492.59,-40.78
2025-08-11T16:33:28.666255,183.0,444.0,90.0,312.0,192.0,-123.0,12.0,144.0,-382.0,61.0,554.0,-71.0,196.24,390.93,116.38,301.19,180.38,-136.43,10.9,141.66,-384.85,82.42,548.59,-53.78
2025-08-11T16:33:28.673759,151.0,539.0,-25.0,322.0,267.0,-160.0,60.0,134.0,-389.0,98.0,528.0,-31.0,164.24,485.93,1.379999999999999,311.19,255.38,-173.43,58.9,131.66,-391.85,119.42,522.59,-13.780000000000001
2025-08-11T16:33:28.678207,221.0,446.0,-26.0,385.0,201.0,-191.0,33.0,190.0,-360.0,91.0,562.0,-62.0,234.24,392.93,0.379999999999999,374.19,189.38,-204.43,31.9,187.66,-362.85,112.42,556.59,-44.78
2025-08-11T16:33:28.686243,192.0,455.0,31.0,324.0,147.0,-111.0,4.0,180.0,-389.0,176.0,556.0,-57.0,205.24,401.93,57.379999999999995,313.19,135.38,-124.43,2.9,177.66,-391.85,197.42000000000002,550.59,-39.78
2025-08-11T16:33:28.694313,108.0,555.0,-6.0,285.0,282.0,-134.0,27.0,134.0,-359.0,153.0,491.0,-52.0,121.24,501.93,20.38,274.19,270.38,-147.43,25.9,131.66,-361.85,174.42000000000002,485.59,-34.78
2025-08-11T16:33:28.698855,199.0,490.0,-20.0,324.0,268.0,-193.0,55.0,178.0,-426.0,152.0,537.0,54.0,212.24,436.93,6.379999999999999,313.19,256.38,-206.43,53.9,175.66,-428.85,173.42000000000002,531.59,71.22
2025-08-11T16:33:28.706652,158.0,470.0,110.0,314.0,159.0,-159.0,13.0,142.0,-456.0,97.0,505.0,23.0,171.24,416.93,136.38,303.19,147.38,-172.43,11.9,139.66,-458.85,118.42,499.59,40.22
2025-08-11T16:33:28.710804,121.0,493.0,3.0,319.0,254.0,-208.0,74.0,174.0,-371.0,74.0,558.0,55.0,134.24,439.93,29.38,308.19,242.38,-221.43,72.9,171.66,-373.85,95.42,552.59,72.22
2025-08-11T16:33:28.718880,191.0,454.0,-2.0,363.0,201.0,-206.0,59.0,179.0,-348.0,16.0,481.0,-39.0,204.24,400.93,24.38,352.19,189.38,-219.43,57.9,176.66,-350.85,37.42,475.59,-21.78
2025-08-11T16:33:28.723028,174.0,462.0,65.0,318.0,252.0,-228.0,7.0,225.0,-321.0,155.0,543.0,-49.0,187.24,408.93,91.38,307.19,240.38,-241.43,5.9,222.66,-323.85,176.42000000000002,537.59,-31.78
2025-08-11T16:33:28.731233,120.0,525.0,19.0,304.0,238.0,-216.0,85.0,179.0,-423.0,102.0,509.0,-21.0,133.24,471.93,45.379999999999995,293.19,226.38,-229.43,83.9,176.66,-425.85,123.42,503.59,-3.780000000000001
2025-08-11T16:33:28.739409,246.0,382.0,16.0,339.0,171.0,-231.0,76.0,182.0,-318.0,144.0,540.0,-5.0,259.24,328.93,42.379999999999995,328.19,159.38,-244.43,74.9,179.66,-320.85,165.42000000000002,534.59,12.219999999999999
2025-08-11T16:33:28.743687,132.0,537.0,67.0,282.0,200.0,-112.0,22.0,206.0,-418.0,91.0,493.0,24.0,145.24,483.93,93.38,271.19,188.38,-125.43,20.9,203.66,-420.85,112.42,487.59,41.22
2025-08-11T16:33:28.751555,166.0,589.0,11.0,394.0,199.0,-178.0,102.0,205.0,-340.0,132.0,465.0,62.0,179.24,535.93,37.379999999999995,383.19,187.38,-191.43,100.9,202.66,-342.85,153.42000000000002,459.59,79.22
2025-08-11T16:33:28.755899,196.0,450.0,52.0,382.0,203.0,-129.0,49.0,187.0,-436.0,91.0,570.0,-79.0,209.24,396.93,78.38,371.19,191.38,-142.43,47.9,184.66,-438.85,112.42,564.59,-61.78
2025-08-11T16:33:28.763949,140.0,547.0,120.0,314.0,191.0,-214.0,87.0,198.0,-403.0,130.0,559.0,-27.0,153.24,493.93,146.38,303.19,179.38,-227.43,85.9,195.66,-405.85,151.42000000000002,553.59,-9.780000000000001
2025-08-11T16:33:28.772112,163.0,482.0,-16.0,296.0,189.0,-153.0,96.0,170.0,-423.0,135.0,432.0,42.0,176.24,428.93,10.379999999999999,285.19,177.38,-166.43,94.9,167.66,-425.85,156.42000000000002,426.59,59.22
2025-08-11T16:33:28.776479,142.0,466.0,78.0,389.0,269.0,-127.0,-18.0,170.0,-366.0,91.0,446.0,-14.0,155.24,412.93,104.38,378.19,257.38,-140.43,-19.1,167.66,-368.85,112.42,440.59,3.219999999999999
2025-08-11T16:33:28.784396,179.0,553.0,67.0,309.0,230.0,-190.0,91.0,144.0,-395.0,99.0,591.0,49.0,192.24,499.93,93.38,298.19,218.38,-203.43,89.9,141.66,-397.85,120.42,585.59,66.22
2025-08-11T16:33:28.788718,220.0,519.0,-36.0,317.0,240.0,-193.0,50.0,201.0,-397.0,93.0,543.0,-59.0,233.24,465.93,-9.620000000000001,306.19,228.38,-206.43,48.9,198.66,-399.85,114.42,537.59,-41.78
2025-08-11T16:33:28.796698,199.0,500.0,34.0,372.0,186.0,-132.0,24.0,135.0,-345.0,152.0,524.0,-87.0,212.24,446.93,60.379999999999995,361.19,174.38,-145.43,22.9,132.66,-347.85,173.42000000000002,518.59,-69.78
2025-08-11T16:33:28.804813,141.0,485.0,28.0,259.0,209.0,-204.0,10.0,190.0,-352.0,107.0,484.0,-60.0,154.24,431.93,54.379999999999995,248.19,197.38,-217.43,8.9,187.66,-354.85,128.42000000000002,478.59,-42.78
2025-08-11T16:33:28.809021,195.0,543.0,7.0,273.0,177.0,-184.0,70.0,203.0,-432.0,206.0,472.0,-3.0,208.24,489.93,33.379999999999995,262.19,165.38,-197.43,68.9,200.66,-434.85,227.42000000000002,466.59,14.219999999999999
2025-08-11T16:33:28.817124,170.0,439.0,112.0,311.0,162.0,-174.0,19.0,216.0,-354.0,69.0,565.0,12.0,183.24,385.93,138.38,300.19,150.38,-187.43,17.9,213.66,-356.85,90.42,559.59,29.22
2025-08-11T16:33:28.821561,107.0,504.0,54.0,326.0,184.0,-120.0,96.0,212.0,-432.0,49.0,520.0,-8.0,120.24,450.93,80.38,315.19,172.38,-133.43,94.9,209.66,-434.85,70.42,514.59,9.219999999999999
2025-08-11T16:33:28.829437,138.0,505.0,41.0,361.0,261.0,-195.0,61.0,169.0,-368.0,151.0,477.0,-73.0,151.24,451.93,67.38,350.19,249.38,-208.43,59.9,166.66,-370.85,172.42000000000002,471.59,-55.78
2025-08-11T16:33:28.833569,247.0,460.0,78.0,230.0,216.0,-238.0,52.0,48.0,-389.0,145.0,525.0,-2.0,260.24,406.93,104.38,219.19,204.38,-251.43,50.9,45.66,-391.85,166.42000000000002,519.59,15.219999999999999
2025-08-11T16:33:28.841785,167.0,522.0,61.0,292.0,172.0,-201.0,88.0,181.0,-361.0,89.0,485.0,-115.0,180.24,468.93,87.38,281.19,160.38,-214.43,86.9,178.66,-363.85,110.42,479.59,-97.78
2025-08-11T16:33:28.849938,262.0,482.0,0.0,291.0,141.0,-165.0,-20.0,124.0,-393.0,128.0,488.0,50.0,275.24,428.93,26.38,280.19,129.38,-178.43,-21.1,121.66,-395.85,149.42000000000002,482.59,67.22
2025-08-11T16:33:28.854169,226.0,423.0,31.0,336.0,259.0,-174.0,1.0,213.0,-389.0,88.0,507.0,26.0,239.24,369.93,57.379999999999995,325.19,247.38,-187.43,-0.10000000000000009,210.66,-391.85,109.42,501.59,43.22
2025-08-11T16:33:28.862313,95.0,574.0,27.0,367.0,136.0,-205.0,49.0,187.0,-383.0,50.0,578.0,-25.0,108.24,520.93,53.379999999999995,356.19,124.38,-218.43,47.9,184.66,-385.85,71.42,572.59,-7.780000000000001
2025-08-11T16:33:28.866599,216.0,525.0,14.0,286.0,117.0,-154.0,71.0,143.0,-360.0,43.0,567.0,-67.0,229.24,471.93,40.379999999999995,275.19,105.38,-167.43,69.9,140.66,-362.85,64.42,561.59,-49.78
2025-08-11T16:33:28.874558,249.0,495.0,30.0,270.0,277.0,-104.0,36.0,164.0,-337.0,90.0,481.0,-53.0,262.24,441.93,56.379999999999995,259.19,265.38,-117.43,34.9,161.66,-339.85,111.42,475.59,-35.78
2025-08-11T16:33:28.882563,79.0,502.0,102.0,355.0,201.0,-157.0,33.0,201.0,-438.0,162.0,552.0,-46.0,92.24,448.93,128.38,344.19,189.38,-170.43,31.9,198.66,-440.85,183.42000000000002,546.59,-28.78
2025-08-11T16:33:28.886878,207.0,560.0,-59.0,301.0,172.0,-196.0,28.0,144.0,-376.0,65.0,510.0,22.0,220.24,506.93,-32.620000000000005,290.19,160.38,-209.43,26.9,141.66,-378.85,86.42,504.59,39.22
2025-08-11T16:33:28.895137,195.0,515.0,57.0,293.0,196.0,-177.0,-30.0,226.0,-366.0,127.0,564.0,-84.0,208.24,461.93,83.38,282.19,184.38,-190.43,-31.1,223.66,-368.85,148.42000000000002,558.59,-66.78
2025-08-11T16:33:28.899416,207.0,473.0,55.0,316.0,136.0,-164.0,-23.0,231.0,-421.0,107.0,605.0,34.0,220.24,419.93,81.38,305.19,124.38,-177.43,-24.1,228.66,-423.85,128.42000000000002,599.59,51.22
2025-08-11T16:33:28.907339,227.0,533.0,-42.0,342.0,243.0,-224.0,82.0,257.0,-349.0,68.0,581.0,-58.0,240.24,479.93,-15.620000000000001,331.19,231.38,-237.43,80.9,254.66,-351.85,89.42,575.59,-40.78
2025-08-11T16:33:28.915244,203.0,474.0,79.0,411.0,219.0,-212.0,-25.0,132.0,-310.0,112.0,531.0,-23.0,216.24,420.93,105.38,400.19,207.38,-225.43,-26.1,129.66,-312.85,133.42000000000002,525.59,-5.780000000000001
2025-08-11T16:33:28.919551,87.0,497.0,93.0,284.0,191.0,-122.0,71.0,206.0,-455.0,150.0,444.0,-66.0,100.24,443.93,119.38,273.19,179.38,-135.43,69.9,203.66,-457.85,171.42000000000002,438.59,-48.78
2025-08-11T16:33:28.927851,168.0,508.0,-16.0,334.0,192.0,-194.0,3.0,165.0,-375.0,142.0,517.0,-75.0,181.24,454.93,10.379999999999999,323.19,180.38,-207.43,1.9,162.66,-377.85,163.42000000000002,511.59,-57.78
2025-08-11T16:33:28.932033,241.0,411.0,43.0,376.0,179.0,-160.0,-20.0,105.0,-340.0,81.0,478.0,-56.0,254.24,357.93,69.38,365.19,167.38,-173.43,-21.1,102.66,-342.85,102.42,472.59,-38.78
2025-08-11T16:33:28.939989,76.0,497.0,57.0,277.0,240.0,-130.0,35.0,126.0,-403.0,89.0,554.0,-11.0,89.24,443.93,83.38,266.19,228.38,-143.43,33.9,123.66,-405.85,110.42,548.59,6.219999999999999
2025-08-11T16:33:28.944740,214.0,522.0,0.0,267.0,225.0,-163.0,76.0,210.0,-400.0,71.0,591.0,-100.0,227.24,468.93,26.38,256.19,213.38,-176.43,74.9,207.66,-402.85,92.42,585.59,-82.78
2025-08-11T16:33:28.952286,133.0,458.0,34.0,395.0,190.0,-216.0,21.0,236.0,-337.0,95.0,591.0,-88.0,146.24,404.93,60.379999999999995,384.19,178.38,-229.43,19.9,233.66,-339.85,116.42,585.59,-70.78
2025-08-11T16:33:28.960511,107.0,502.0,127.0,296.0,154.0,-150.0,29.0,159.0,-388.0,202.0,512.0,-64.0,120.24,448.93,153.38,285.19,142.38,-163.43,27.9,156.66,-390.85,223.42000000000002,506.59,-46.78
2025-08-11T16:33:28.964708,244.0,572.0,15.0,316.0,156.0,-206.0,35.0,178.0,-435.0,159.0,465.0,-4.0,257.24,518.93,41.379999999999995,305.19,144.38,-219.43,33.9,175.66,-437.85,180.42000000000002,459.59,13.219999999999999
2025-08-11T16:33:28.972906,126.0,497.0,17.0,288.0,145.0,-228.0,29.0,122.0,-342.0,120.0,472.0,-44.0,139.24,443.93,43.379999999999995,277.19,133.38,-241.43,27.9,119.66,-344.85,141.42000000000002,466.59,-26.78
2025-08-11T16:33:28.977028,164.0,462.0,43.0,288.0,266.0,-177.0,-28.0,170.0,-402.0,8.0,558.0,-55.0,177.24,408.93,69.38,277.19,254.38,-190.43,-29.1,167.66,-404.85,29.42,552.59,-37.78
2025-08-11T16:33:28.985101,168.0,532.0,65.0,331.0,205.0,-152.0,-28.0,92.0,-468.0,79.0,573.0,-53.0,181.24,478.93,91.38,320.19,193.38,-165.43,-29.1,89.66,-470.85,100.42,567.59,-35.78
2025-08-11T16:33:28.993367,213.0,468.0,38.0,298.0,211.0,-178.0,106.0,154.0,-412.0,81.0,574.0,-29.0,226.24,414.93,64.38,287.19,199.38,-191.43,104.9,151.66,-414.85,102.42,568.59,-11.780000000000001
2025-08-11T16:33:28.997595,128.0,495.0,65.0,288.0,176.0,-152.0,-10.0,122.0,-416.0,134.0,543.0,-95.0,141.24,441.93,91.38,277.19,164.38,-165.43,-11.1,119.66,-418.85,155.42000000000002,537.59,-77.78
2025-08-11T16:33:29.005638,190.0,501.0,25.0,308.0,168.0,-209.0,121.0,180.0,-386.0,164.0,526.0,-52.0,203.24,447.93,51.379999999999995,297.19,156.38,-222.43,119.9,177.66,-388.85,185.42000000000002,520.59,-34.78
2025-08-11T16:33:29.009842,220.0,508.0,105.0,318.0,251.0,-148.0,86.0,178.0,-403.0,159.0,559.0,-32.0,233.24,454.93,131.38,307.19,239.38,-161.43,84.9,175.66,-405.85,180.42000000000002,553.59,-14.780000000000001
2025-08-11T16:33:29.017956,91.0,453.0,-19.0,317.0,201.0,-203.0,64.0,135.0,-411.0,131.0,585.0,-10.0,104.24,399.93,7.379999999999999,306.19,189.38,-216.43,62.9,132.66,-413.85,152.42000000000002,579.59,7.219999999999999
2025-08-11T16:33:29.025837,268.0,511.0,17.0,357.0,219.0,-172.0,51.0,167.0,-443.0,101.0,522.0,-57.0,281.24,457.93,43.379999999999995,346.19,207.38,-185.43,49.9,164.66,-445.85,122.42,516.59,-39.78
2025-08-11T16:33:29.030404,208.0,398.0,33.0,339.0,148.0,-139.0,67.0,130.0,-407.0,147.0,508.0,-88.0,221.24,344.93,59.379999999999995,328.19,136.38,-152.43,65.9,127.66,-409.85,168.42000000000002,502.59,-70.78
2025-08-11T16:33:29.038360,140.0,530.0,-29.0,331.0,263.0,-211.0,36.0,136.0,-445.0,180.0,430.0,46.0,153.24,476.93,-2.620000000000001,320.19,251.38,-224.43,34.9,133.66,-447.85,201.42000000000002,424.59,63.22
2025-08-11T16:33:29.042575,206.0,497.0,-60.0,323.0,142.0,-185.0,36.0,170.0,-469.0,107.0,517.0,-68.0,219.24,443.93,-33.620000000000005,312.19,130.38,-198.43,34.9,167.66,-471.85,128.42000000000002,511.59,-50.78
2025-08-11T16:33:29.050657,169.0,477.0,54.0,261.0,134.0,-210.0,19.0,193.0,-430.0,42.0,564.0,47.0,182.24,423.93,80.38,250.19,122.38,-223.43,17.9,190.66,-432.85,63.42,558.59,64.22
2025-08-11T16:33:29.058671,190.0,538.0,-5.0,285.0,171.0,-206.0,51.0,175.0,-386.0,91.0,530.0,-36.0,203.24,484.93,21.38,274.19,159.38,-219.43,49.9,172.66,-388.85,112.42,524.59,-18.78
2025-08-11T16:33:29.063130,219.0,474.0,-30.0,306.0,203.0,-191.0,18.0,149.0,-450.0,166.0,489.0,-25.0,232.24,420.93,-3.620000000000001,295.19,191.38,-204.43,16.9,146.66,-452.85,187.42000000000002,483.59,-7.780000000000001
2025-08-11T16:33:29.071182,93.0,429.0,52.0,276.0,223.0,-145.0,36.0,175.0,-406.0,150.0,498.0,-76.0,106.24,375.93,78.38,265.19,211.38,-158.43,34.9,172.66,-408.85,171.42000000000002,492.59,-58.78
2025-08-11T16:33:29.075181,97.0,490.0,4.0,318.0,124.0,-232.0,50.0,181.0,-404.0,128.0,521.0,52.0,110.24,436.93,30.38,307.19,112.38,-245.43,48.9,178.66,-406.85,149.42000000000002,515.59,69.22
2025-08-11T16:33:29.083416,180.0,504.0,37.0,366.0,181.0,-209.0,40.0,177.0,-399.0,70.0,475.0,-14.0,193.24,450.93,63.379999999999995,355.19,169.38,-222.43,38.9,174.66,-401.85,91.42,469.59,3.219999999999999
2025-08-11T16:33:29.087603,106.0,428.0,99.0,345.0,192.0,-267.0,48.0,144.0,-424.0,105.0,492.0,-12.0,119.24,374.93,125.38,334.19,180.38,-280.43,46.9,141.66,-426.85,126.42,486.59,5.219999999999999
2025-08-11T16:33:29.095733,148.0,478.0,3.0,369.0,135.0,-154.0,87.0,150.0,-437.0,92.0,571.0,-87.0,161.24,424.93,29.38,358.19,123.38,-167.43,85.9,147.66,-439.85,113.42,565.59,-69.78
2025-08-11T16:33:29.103695,226.0,409.0,1.0,323.0,265.0,-135.0,57.0,198.0,-364.0,116.0,586.0,-41.0,239.24,355.93,27.38,312.19,253.38,-148.43,55.9,195.66,-366.85,137.42000000000002,580.59,-23.78
2025-08-11T16:33:29.108123,100.0,469.0,89.0,354.0,182.0,-198.0,36.0,208.0,-331.0,186.0,527.0,-89.0,113.24,415.93,115.38,343.19,170.38,-211.43,34.9,205.66,-333.85,207.42000000000002,521.59,-71.78
2025-08-11T16:33:29.116397,130.0,475.0,-67.0,401.0,210.0,-102.0,58.0,131.0,-416.0,165.0,496.0,-50.0,143.24,421.93,-40.620000000000005,390.19,198.38,-115.43,56.9,128.66,-418.85,186.42000000000002,490.59,-32.78
2025-08-11T16:33:29.120466,173.0,400.0,-8.0,211.0,226.0,-99.0,60.0,173.0,-346.0,129.0,434.0,-62.0,186.24,346.93,18.38,200.19,214.38,-112.43,58.9,170.66,-348.85,150.42000000000002,428.59,-44.78
2025-08-11T16:33:29.128473,162.0,425.0,65.0,240.0,148.0,-177.0,33.0,155.0,-350.0,141.0,542.0,-5.0,175.24,371.93,91.38,229.19,136.38,-190.43,31.9,152.66,-352.85,162.42000000000002,536.59,12.219999999999999
2025-08-11T16:33:29.136611,31.0,424.0,-10.0,231.0,175.0,-105.0,125.0,135.0,-323.0,75.0,452.0,-54.0,44.24,370.93,16.38,220.19,163.38,-118.43,123.9,132.66,-325.85,96.42,446.59,-36.78
2025-08-11T16:33:29.140937,153.0,363.0,-20.0,210.0,265.0,-101.0,83.0,81.0,-282.0,127.0,503.0,-55.0,166.24,309.93,6.379999999999999,199.19,253.38,-114.43,81.9,78.66,-284.85,148.42000000000002,497.59,-37.78
2025-08-11T16:33:29.148912,94.0,309.0,60.0,235.0,178.0,-181.0,27.0,202.0,-292.0,133.0,383.0,-56.0,107.24,255.93,86.38,224.19,166.38,-194.43,25.9,199.66,-294.85,154.42000000000002,377.59,-38.78
2025-08-11T16:33:29.153227,26.0,404.0,12.0,260.0,141.0,-82.0,86.0,141.0,-339.0,115.0,366.0,-80.0,39.24,350.93,38.379999999999995,249.19,129.38,-95.43,84.9,138.66,-341.85,136.42000000000002,360.59,-62.78
2025-08-11T16:33:29.161309,81.0,293.0,4.0,240.0,209.0,-129.0,53.0,94.0,-261.0,87.0,373.0,-62.0,94.24,239.93,30.38,229.19,197.38,-142.43,51.9,91.66,-263.85,108.42,367.59,-44.78
2025-08-11T16:33:29.165545,114.0,246.0,61.0,170.0,133.0,-112.0,47.0,99.0,-224.0,111.0,352.0,24.0,127.24,192.93,87.38,159.19,121.38,-125.43,45.9,96.66,-226.85,132.42000000000002,346.59,41.22
2025-08-11T16:33:29.173614,11.0,361.0,9.0,92.0,100.0,-44.0,121.0,110.0,-214.0,62.0,321.0,-93.0,24.240000000000002,307.93,35.379999999999995,81.19,88.38,-57.43,119.9,107.66,-216.85,83.42,315.59,-75.78
2025-08-11T16:33:29.181521,77.0,182.0,-72.0,144.0,130.0,-64.0,5.0,91.0,-176.0,71.0,239.0,-25.0,90.24,128.93,-45.620000000000005,133.19,118.38,-77.43,3.9,88.66,-178.85,92.42,233.59,-7.780000000000001
2025-08-11T16:33:29.185798,83.0,271.0,-59.0,174.0,110.0,-76.0,-14.0,101.0,-205.0,113.0,197.0,-17.0,96.24,217.93,-32.620000000000005,163.19,98.38,-89.43,-15.1,98.66,-207.85,134.42000000000002,191.59,0.21999999999999886
2025-08-11T16:33:29.193960,73.0,174.0,16.0,126.0,75.0,-2.0,29.0,134.0,-136.0,159.0,264.0,20.0,86.24,120.93,42.379999999999995,115.19,63.38,-15.43,27.9,131.66,-138.85,180.42000000000002,258.59,37.22
2025-08-11T16:33:29.198214,53.0,238.0,64.0,71.0,108.0,-71.0,87.0,79.0,-180.0,24.0,172.0,5.0,66.24,184.93,90.38,60.19,96.38,-84.43,85.9,76.66,-182.85,45.42,166.59,22.22
2025-08-11T16:33:29.206093,2.0,222.0,-55.0,115.0,97.0,-80.0,99.0,94.0,-148.0,72.0,227.0,15.0,15.24,168.93,-28.62,104.19,85.38,-93.43,97.9,91.66,-150.85,93.42,221.59,32.22
2025-08-11T16:33:29.210491,104.0,209.0,-79.0,133.0,59.0,-118.0,110.0,71.0,-138.0,35.0,141.0,35.0,117.24,155.93,-52.620000000000005,122.19,47.38,-131.43,108.9,68.66,-140.85,56.42,135.59,52.22
2025-08-11T16:33:29.218461,69.0,175.0,-4.0,52.0,81.0,-9.0,-46.0,75.0,-150.0,79.0,151.0,62.0,82.24,121.93,22.38,41.19,69.38,-22.43,-47.1,72.66,-152.85,100.42,145.59,79.22
2025-08-11T16:33:29.222665,-17.0,123.0,-15.0,59.0,88.0,-14.0,2.0,81.0,-85.0,72.0,148.0,89.0,-3.76,69.93,11.379999999999999,48.19,76.38,-27.43,0.8999999999999999,78.66,-87.85,93.42,142.59,106.22
2025-08-11T16:33:29.230773,-28.0,169.0,-36.0,20.0,48.0,2.0,94.0,42.0,-108.0,17.0,173.0,54.0,-14.76,115.93,-9.620000000000001,9.19,36.38,-11.43,92.9,39.66,-110.85,38.42,167.59,71.22
2025-08-11T16:33:29.235210,10.0,219.0,-86.0,78.0,30.0,-78.0,80.0,29.0,-116.0,31.0,141.0,20.0,23.240000000000002,165.93,-59.620000000000005,67.19,18.380000000000003,-91.43,78.9,26.66,-118.85,52.42,135.59,37.22
2025-08-11T16:33:29.243165,94.0,118.0,-86.0,46.0,24.0,-30.0,71.0,26.0,-48.0,-36.0,70.0,42.0,107.24,64.93,-59.620000000000005,35.19,12.38,-43.43,69.9,23.66,-50.85,-14.579999999999998,64.59,59.22
2025-08-11T16:33:29.247335,-24.0,127.0,-55.0,40.0,11.0,10.0,29.0,38.0,-32.0,35.0,136.0,7.0,-10.76,73.93,-28.62,29.189999999999998,-0.6199999999999992,-3.4299999999999997,27.9,35.66,-34.85,56.42,130.59,24.22
2025-08-11T16:33:29.255393,30.0,75.0,-25.0,-4.0,14.0,46.0,-2.0,43.0,-9.0,38.0,169.0,25.0,43.24,21.93,1.379999999999999,-14.81,2.380000000000001,32.57,-3.1,40.66,-11.85,59.42,163.59,42.22
2025-08-11T16:33:29.259766,-46.0,9.0,11.0,-4.0,75.0,7.0,-36.0,14.0,-36.0,-37.0,102.0,-24.0,-32.76,-44.07,37.379999999999995,-14.81,63.38,-6.43,-37.1,11.66,-38.85,-15.579999999999998,96.59,-6.780000000000001
2025-08-11T16:33:29.267655,-96.0,79.0,45.0,-5.0,18.0,7.0,60.0,11.0,-27.0,-99.0,70.0,-73.0,-82.76,25.93,71.38,-15.81,6.380000000000001,-6.43,58.9,8.66,-29.85,-77.58,64.59,-55.78
2025-08-11T16:33:29.271870,9.0,80.0,-86.0,71.0,-34.0,-6.0,25.0,-7.0,-58.0,-51.0,147.0,-53.0,22.240000000000002,26.93,-59.620000000000005,60.19,-45.62,-19.43,23.9,-9.34,-60.85,-29.58,141.59,-35.78
2025-08-11T16:33:29.279971,46.0,138.0,11.0,112.0,-8.0,-41.0,-23.0,57.0,-14.0,-28.0,62.0,12.0,59.24,84.93,37.379999999999995,101.19,-19.619999999999997,-54.43,-24.1,54.66,-16.85,-6.579999999999998,56.59,29.22
2025-08-11T16:33:29.284354,-15.0,79.0,-95.0,43.0,6.0,0.0,16.0,-56.0,-39.0,-41.0,20.0,16.0,-1.7599999999999998,25.93,-68.62,32.19,-5.619999999999999,-13.43,14.9,-58.34,-41.85,-19.58,14.59,33.22
2025-08-11T16:33:29.292411,-18.0,119.0,-107.0,77.0,-41.0,32.0,20.0,58.0,-89.0,16.0,39.0,37.0,-4.76,65.93,-80.62,66.19,-52.62,18.57,18.9,55.66,-91.85,37.42,33.59,54.22
2025-08-11T16:33:29.296916,-40.0,108.0,-66.0,-49.0,-1.0,29.0,12.0,37.0,-72.0,-15.0,-30.0,2.0,-26.759999999999998,54.93,-39.620000000000005,-59.81,-12.62,15.57,10.9,34.66,-74.85,6.420000000000002,-35.41,19.22
2025-08-11T16:33:29.304542,9.0,-1.0,-76.0,-39.0,38.0,-6.0,65.0,-9.0,-21.0,-14.0,-3.0,0.0,22.240000000000002,-54.07,-49.620000000000005,-49.81,26.380000000000003,-19.43,63.9,-11.34,-23.85,7.420000000000002,-8.41,17.22
2025-08-11T16:33:29.308863,9.0,21.0,-99.0,12.0,-23.0,-20.0,48.0,23.0,-66.0,21.0,-27.0,44.0,22.240000000000002,-32.07,-72.62,1.1899999999999995,-34.62,-33.43,46.9,20.66,-68.85,42.42,-32.41,61.22
2025-08-11T16:33:29.316935,46.0,24.0,-154.0,24.0,-37.0,17.0,21.0,47.0,-31.0,27.0,41.0,-21.0,59.24,-29.07,-127.62,13.19,-48.62,3.5700000000000003,19.9,44.66,-33.85,48.42,35.59,-3.780000000000001
2025-08-11T16:33:29.321283,-12.0,86.0,-59.0,7.0,33.0,-30.0,68.0,14.0,-70.0,82.0,15.0,-14.0,1.2400000000000002,32.93,-32.620000000000005,-3.8100000000000005,21.380000000000003,-43.43,66.9,11.66,-72.85,103.42,9.59,3.219999999999999
2025-08-11T16:33:29.329133,-59.0,103.0,-46.0,101.0,-15.0,-71.0,-6.0,42.0,3.0,42.0,-19.0,31.0,-45.76,49.93,-19.62,90.19,-26.619999999999997,-84.43,-7.1,39.66,0.1499999999999999,63.42,-24.41,48.22
2025-08-11T16:33:29.333867,0.0,103.0,-56.0,-29.0,-35.0,19.0,-12.0,-19.0,-33.0,57.0,-45.0,-3.0,13.24,49.93,-29.62,-39.81,-46.62,5.57,-13.1,-21.34,-35.85,78.42,-50.41,14.219999999999999
2025-08-11T16:33:29.341370,-35.0,103.0,-84.0,10.0,-15.0,56.0,-30.0,-21.0,-106.0,13.0,-12.0,-32.0,-21.759999999999998,49.93,-57.620000000000005,-0.8100000000000005,-26.619999999999997,42.57,-31.1,-23.34,-108.85,34.42,-17.41,-14.780000000000001
2025-08-11T16:33:29.345535,48.0,132.0,-132.0,23.0,76.0,20.0,4.0,-7.0,-8.0,23.0,3.0,1.0,61.24,78.93,-105.62,12.19,64.38,6.57,2.9,-9.34,-10.85,44.42,-2.41,18.22
2025-08-11T16:33:29.353678,30.0,73.0,-131.0,7.0,53.0,-53.0,72.0,-6.0,-73.0,16.0,-59.0,-49.0,43.24,19.93,-104.62,-3.8100000000000005,41.38,-66.43,70.9,-8.34,-75.85,37.42,-64.41,-31.78
2025-08-11T16:33:29.357969,13.0,94.0,-71.0,4.0,-30.0,-42.0,70.0,15.0,-98.0,-30.0,-45.0,3.0,26.240000000000002,40.93,-44.620000000000005,-6.8100000000000005,-41.62,-55.43,68.9,12.66,-100.85,-8.579999999999998,-50.41,20.22
2025-08-11T16:33:29.365970,117.0,87.0,-57.0,54.0,119.0,-60.0,19.0,6.0,-22.0,-8.0,30.0,-5.0,130.24,33.93,-30.62,43.19,107.38,-73.43,17.9,3.66,-24.85,13.420000000000002,24.59,12.219999999999999
2025-08-11T16:33:29.370244,83.0,26.0,40.0,13.0,41.0,-10.0,2.0,-14.0,-21.0,53.0,-30.0,58.0,96.24,-27.07,66.38,2.1899999999999995,29.380000000000003,-23.43,0.8999999999999999,-16.34,-23.85,74.42,-35.41,75.22
2025-08-11T16:33:29.374139,-16.0,5.0,3.0,69.0,0.0,30.0,-5.0,-25.0,-96.0,-13.0,50.0,22.0,-2.76,-48.07,29.38,58.19,-11.62,16.57,-6.1,-27.34,-98.85,8.420000000000002,44.59,39.22
2025-08-11T16:33:29.382554,-23.0,28.0,-56.0,87.0,-29.0,24.0,-7.0,-51.0,-57.0,-7.0,17.0,-97.0,-9.76,-25.07,-29.62,76.19,-40.62,10.57,-8.1,-53.34,-59.85,14.420000000000002,11.59,-79.78
2025-08-11T16:33:29.386525,-58.0,59.0,12.0,-45.0,-2.0,3.0,-22.0,8.0,-40.0,55.0,-4.0,-42.0,-44.76,5.93,38.379999999999995,-55.81,-13.62,-10.43,-23.1,5.66,-42.85,76.42,-9.41,-24.78
2025-08-11T16:33:29.394591,-38.0,146.0,-25.0,0.0,35.0,-31.0,-26.0,4.0,-6.0,85.0,90.0,-54.0,-24.759999999999998,92.93,1.379999999999999,-10.81,23.380000000000003,-44.43,-27.1,1.6600000000000001,-8.85,106.42,84.59,-36.78
2025-08-11T16:33:29.398801,-6.0,102.0,-39.0,-66.0,102.0,-6.0,24.0,-32.0,17.0,17.0,70.0,-65.0,7.24,48.93,-12.620000000000001,-76.81,90.38,-19.43,22.9,-34.34,14.15,38.42,64.59,-47.78
2025-08-11T16:33:29.407042,-25.0,98.0,-79.0,118.0,34.0,0.0,53.0,42.0,64.0,-1.0,83.0,-32.0,-11.76,44.93,-52.620000000000005,107.19,22.380000000000003,-13.43,51.9,39.66,61.15,20.42,77.59,-14.780000000000001
2025-08-11T16:33:29.411098,-57.0,188.0,-29.0,28.0,-7.0,-23.0,31.0,7.0,-40.0,49.0,81.0,-62.0,-43.76,134.93,-2.620000000000001,17.189999999999998,-18.619999999999997,-36.43,29.9,4.66,-42.85,70.42,75.59,-44.78
2025-08-11T16:33:29.419243,-4.0,86.0,-110.0,52.0,-9.0,14.0,30.0,-6.0,-7.0,92.0,14.0,-45.0,9.24,32.93,-83.62,41.19,-20.619999999999997,0.5700000000000003,28.9,-8.34,-9.85,113.42,8.59,-27.78
2025-08-11T16:33:29.423394,50.0,77.0,-59.0,15.0,5.0,-4.0,6.0,-7.0,3.0,-19.0,72.0,-48.0,63.24,23.93,-32.620000000000005,4.1899999999999995,-6.619999999999999,-17.43,4.9,-9.34,0.1499999999999999,2.4200000000000017,66.59,-30.78
2025-08-11T16:33:29.431468,67.0,99.0,-45.0,-1.0,3.0,11.0,57.0,9.0,12.0,-60.0,76.0,-5.0,80.24,45.93,-18.62,-11.81,-8.62,-2.4299999999999997,55.9,6.66,9.15,-38.58,70.59,12.219999999999999
2025-08-11T16:33:29.435718,54.0,130.0,-141.0,36.0,2.0,30.0,4.0,25.0,-22.0,17.0,-3.0,-71.0,67.24,76.93,-114.62,25.189999999999998,-9.62,16.57,2.9,22.66,-24.85,38.42,-8.41,-53.78
2025-08-11T16:33:29.443709,-7.0,71.0,-120.0,21.0,-19.0,-1.0,-9.0,-13.0,-31.0,-35.0,50.0,-25.0,6.24,17.93,-93.62,10.19,-30.619999999999997,-14.43,-10.1,-15.34,-33.85,-13.579999999999998,44.59,-7.780000000000001
2025-08-11T16:33:29.448132,-28.0,21.0,-113.0,67.0,21.0,-44.0,21.0,26.0,-15.0,-45.0,36.0,-51.0,-14.76,-32.07,-86.62,56.19,9.38,-57.43,19.9,23.66,-17.85,-23.58,30.59,-33.78
2025-08-11T16:33:29.456061,-2.0,33.0,-23.0,24.0,40.0,-19.0,23.0,-37.0,-66.0,-83.0,67.0,-70.0,11.24,-20.07,3.379999999999999,13.19,28.380000000000003,-32.43,21.9,-39.34,-68.85,-61.58,61.59,-52.78
2025-08-11T16:33:29.460271,-71.0,24.0,-46.0,12.0,-2.0,-59.0,-35.0,32.0,-32.0,-28.0,63.0,-91.0,-57.76,-29.07,-19.62,1.1899999999999995,-13.62,-72.43,-36.1,29.66,-34.85,-6.579999999999998,57.59,-73.78
2025-08-11T16:33:29.468393,37.0,96.0,-68.0,36.0,-35.0,-31.0,21.0,-75.0,36.0,-85.0,23.0,-25.0,50.24,42.93,-41.620000000000005,25.189999999999998,-46.62,-44.43,19.9,-77.34,33.15,-63.58,17.59,-7.780000000000001
2025-08-11T16:33:29.472585,-32.0,123.0,-106.0,31.0,-66.0,4.0,-47.0,59.0,-65.0,-34.0,87.0,-63.0,-18.759999999999998,69.93,-79.62,20.189999999999998,-77.62,-9.43,-48.1,56.66,-67.85,-12.579999999999998,81.59,-45.78
2025-08-11T16:33:29.480599,-19.0,142.0,-95.0,42.0,20.0,4.0,-79.0,-14.0,-88.0,-6.0,171.0,-51.0,-5.76,88.93,-68.62,31.189999999999998,8.38,-9.43,-80.1,-16.34,-90.85,15.420000000000002,165.59,-33.78
2025-08-11T16:33:29.484960,-71.0,40.0,-120.0,7.0,2.0,38.0,-14.0,11.0,-32.0,-55.0,87.0,-96.0,-57.76,-13.07,-93.62,-3.8100000000000005,-9.62,24.57,-15.1,8.66,-34.85,-33.58,81.59,-78.78
2025-08-11T16:33:29.492936,92.0,28.0,-137.0,11.0,-8.0,-72.0,26.0,43.0,-76.0,-57.0,26.0,-3.0,105.24,-25.07,-110.62,0.1899999999999995,-19.619999999999997,-85.43,24.9,40.66,-78.85,-35.58,20.59,14.219999999999999
2025-08-11T16:33:29.497182,-2.0,79.0,-57.0,80.0,-35.0,3.0,-26.0,99.0,-4.0,-50.0,72.0,-97.0,11.24,25.93,-30.62,69.19,-46.62,-10.43,-27.1,96.66,-6.85,-28.58,66.59,-79.78
2025-08-11T16:33:29.505272,-8.0,23.0,23.0,40.0,15.0,-16.0,-34.0,-10.0,-31.0,-86.0,16.0,-78.0,5.24,-30.07,49.379999999999995,29.189999999999998,3.380000000000001,-29.43,-35.1,-12.34,-33.85,-64.58,10.59,-60.78
2025-08-11T16:33:29.509490,-37.0,60.0,-39.0,62.0,-20.0,-66.0,-55.0,-9.0,-66.0,23.0,45.0,-26.0,-23.759999999999998,6.93,-12.620000000000001,51.19,-31.619999999999997,-79.43,-56.1,-11.34,-68.85,44.42,39.59,-8.780000000000001
2025-08-11T16:33:29.517492,-64.0,22.0,-78.0,-53.0,-15.0,-66.0,35.0,25.0,-28.0,-61.0,62.0,-111.0,-50.76,-31.07,-51.620000000000005,-63.81,-26.619999999999997,-79.43,33.9,22.66,-30.85,-39.58,56.59,-93.78
2025-08-11T16:33:29.521735,-34.0,108.0,-44.0,-13.0,-20.0,-29.0,64.0,19.0,-24.0,-51.0,-12.0,-92.0,-20.759999999999998,54.93,-17.62,-23.810000000000002,-31.619999999999997,-42.43,62.9,16.66,-26.85,-29.58,-17.41,-74.78
2025-08-11T16:33:29.529831,47.0,75.0,-120.0,-24.0,-43.0,-53.0,34.0,-10.0,-66.0,44.0,49.0,-82.0,60.24,21.93,-93.62,-34.81,-54.62,-66.43,32.9,-12.34,-68.85,65.42,43.59,-64.78
2025-08-11T16:33:29.534002,11.0,65.0,-81.0,3.0,12.0,-34.0,-2.0,8.0,-7.0,-70.0,35.0,-77.0,24.240000000000002,11.93,-54.620000000000005,-7.8100000000000005,0.3800000000000008,-47.43,-3.1,5.66,-9.85,-48.58,29.59,-59.78
2025-08-11T16:33:29.541928,43.0,14.0,-80.0,-37.0,71.0,-45.0,23.0,9.0,15.0,-55.0,101.0,-45.0,56.24,-39.07,-53.620000000000005,-47.81,59.38,-58.43,21.9,6.66,12.15,-33.58,95.59,-27.78
2025-08-11T16:33:29.546382,35.0,51.0,-3.0,9.0,49.0,-12.0,100.0,-20.0,-12.0,-65.0,78.0,-13.0,48.24,-2.0700000000000003,23.38,-1.8100000000000005,37.38,-25.43,98.9,-22.34,-14.85,-43.58,72.59,4.219999999999999
2025-08-11T16:33:29.554312,-73.0,101.0,-60.0,60.0,24.0,-4.0,17.0,11.0,-40.0,-38.0,51.0,-80.0,-59.76,47.93,-33.620000000000005,49.19,12.38,-17.43,15.9,8.66,-42.85,-16.58,45.59,-62.78
2025-08-11T16:33:29.558760,-112.0,162.0,-21.0,55.0,-15.0,53.0,-18.0,-5.0,-11.0,-11.0,76.0,-59.0,-98.76,108.93,5.379999999999999,44.19,-26.619999999999997,39.57,-19.1,-7.34,-13.85,10.420000000000002,70.59,-41.78
2025-08-11T16:33:29.566584,-12.0,153.0,-71.0,-5.0,34.0,18.0,90.0,46.0,32.0,-62.0,58.0,-90.0,1.2400000000000002,99.93,-44.620000000000005,-15.81,22.380000000000003,4.57,88.9,43.66,29.15,-40.58,52.59,-72.78
2025-08-11T16:33:29.571517,-21.0,83.0,-56.0,24.0,-3.0,-20.0,-48.0,46.0,-28.0,-68.0,-23.0,-64.0,-7.76,29.93,-29.62,13.19,-14.62,-33.43,-49.1,43.66,-30.85,-46.58,-28.41,-46.78
2025-08-11T16:33:29.578929,51.0,37.0,-115.0,12.0,43.0,-46.0,-29.0,9.0,-36.0,-27.0,88.0,19.0,64.24,-16.07,-88.62,1.1899999999999995,31.380000000000003,-59.43,-30.1,6.66,-38.85,-5.579999999999998,82.59,36.22
2025-08-11T16:33:29.583256,4.0,53.0,21.0,65.0,20.0,6.0,-21.0,36.0,13.0,-47.0,56.0,-54.0,17.240000000000002,-0.07000000000000028,47.379999999999995,54.19,8.38,-7.43,-22.1,33.66,10.15,-25.58,50.59,-36.78
2025-08-11T16:33:29.591333,-66.0,52.0,-47.0,88.0,-30.0,-14.0,38.0,15.0,-22.0,26.0,2.0,-35.0,-52.76,-1.0700000000000003,-20.62,77.19,-41.62,-27.43,36.9,12.66,-24.85,47.42,-3.41,-17.78
2025-08-11T16:33:29.595545,-65.0,109.0,-67.0,-26.0,-35.0,6.0,-62.0,12.0,-29.0,1.0,74.0,-94.0,-51.76,55.93,-40.620000000000005,-36.81,-46.62,-7.43,-63.1,9.66,-31.85,22.42,68.59,-76.78
2025-08-11T16:33:29.603388,-31.0,101.0,-91.0,26.0,-42.0,-50.0,-14.0,72.0,-51.0,-1.0,20.0,-38.0,-17.759999999999998,47.93,-64.62,15.19,-53.62,-63.43,-15.1,69.66,-53.85,20.42,14.59,-20.78
2025-08-11T16:33:29.607740,43.0,145.0,-61.0,35.0,65.0,-94.0,-45.0,47.0,7.0,-27.0,37.0,-99.0,56.24,91.93,-34.620000000000005,24.189999999999998,53.38,-107.43,-46.1,44.66,4.15,-5.579999999999998,31.59,-81.78
2025-08-11T16:33:29.615672,-9.0,57.0,-114.0,54.0,8.0,-23.0,19.0,-27.0,-68.0,-35.0,15.0,-67.0,4.24,3.9299999999999997,-87.62,43.19,-3.619999999999999,-36.43,17.9,-29.34,-70.85,-13.579999999999998,9.59,-49.78
2025-08-11T16:33:29.620126,31.0,39.0,-69.0,28.0,-84.0,40.0,-39.0,17.0,-69.0,-43.0,38.0,-17.0,44.24,-14.07,-42.620000000000005,17.189999999999998,-95.62,26.57,-40.1,14.66,-71.85,-21.58,32.59,0.21999999999999886
2025-08-11T16:33:29.624055,-65.0,20.0,-30.0,9.0,-36.0,13.0,-7.0,9.0,-38.0,-52.0,39.0,-84.0,-51.76,-33.07,-3.620000000000001,-1.8100000000000005,-47.62,-0.4299999999999997,-8.1,6.66,-40.85,-30.58,33.59,-66.78
2025-08-11T16:33:29.632244,-23.0,62.0,-52.0,65.0,5.0,-24.0,-22.0,71.0,19.0,-51.0,84.0,6.0,-9.76,8.93,-25.62,54.19,-6.619999999999999,-37.43,-23.1,68.66,16.15,-29.58,78.59,23.22
2025-08-11T16:33:29.636359,-43.0,154.0,-55.0,34.0,-16.0,12.0,10.0,65.0,-1.0,-38.0,104.0,-5.0,-29.759999999999998,100.93,-28.62,23.189999999999998,-27.619999999999997,-1.4299999999999997,8.9,62.66,-3.85,-16.58,98.59,12.219999999999999
2025-08-11T16:33:29.644512,-26.0,112.0,-122.0,28.0,44.0,-39.0,31.0,23.0,-47.0,10.0,60.0,-49.0,-12.76,58.93,-95.62,17.189999999999998,32.38,-52.43,29.9,20.66,-49.85,31.42,54.59,-31.78
2025-08-11T16:33:29.648667,-30.0,18.0,-61.0,2.0,13.0,-79.0,-24.0,-47.0,-81.0,-90.0,5.0,-54.0,-16.759999999999998,-35.07,-34.620000000000005,-8.81,1.3800000000000008,-92.43,-25.1,-49.34,-83.85,-68.58,-0.41000000000000014,-36.78
2025-08-11T16:33:29.656994,23.0,125.0,-95.0,51.0,87.0,-21.0,-42.0,5.0,1.0,-5.0,36.0,-39.0,36.24,71.93,-68.62,40.19,75.38,-34.43,-43.1,2.66,-1.85,16.42,30.59,-21.78
2025-08-11T16:33:29.660947,38.0,114.0,-68.0,83.0,62.0,-15.0,-49.0,21.0,-41.0,-17.0,44.0,-47.0,51.24,60.93,-41.620000000000005,72.19,50.38,-28.43,-50.1,18.66,-43.85,4.420000000000002,38.59,-29.78
2025-08-11T16:33:29.669250,-26.0,66.0,-106.0,9.0,-36.0,18.0,-20.0,38.0,-38.0,-63.0,58.0,-113.0,-12.76,12.93,-79.62,-1.8100000000000005,-47.62,4.57,-21.1,35.66,-40.85,-41.58,52.59,-95.78
2025-08-11T16:33:29.673306,56.0,18.0,-23.0,58.0,6.0,83.0,14.0,77.0,-28.0,-3.0,76.0,-58.0,69.24,-35.07,3.379999999999999,47.19,-5.619999999999999,69.57,12.9,74.66,-30.85,18.42,70.59,-40.78
2025-08-11T16:33:29.681559,-28.0,73.0,-53.0,6.0,-42.0,-43.0,-5.0,7.0,-33.0,15.0,37.0,-58.0,-14.76,19.93,-26.62,-4.8100000000000005,-53.62,-56.43,-6.1,4.66,-35.85,36.42,31.59,-40.78
2025-08-11T16:33:29.685720,-22.0,42.0,16.0,-14.0,-49.0,-30.0,3.0,8.0,-32.0,-28.0,40.0,-99.0,-8.76,-11.07,42.379999999999995,-24.810000000000002,-60.62,-43.43,1.9,5.66,-34.85,-6.579999999999998,34.59,-81.78
2025-08-11T16:33:29.693780,-4.0,-24.0,-65.0,55.0,23.0,7.0,-30.0,3.0,-73.0,-82.0,24.0,-76.0,9.24,-77.07,-38.620000000000005,44.19,11.38,-6.43,-31.1,0.6600000000000001,-75.85,-60.58,18.59,-58.78
2025-08-11T16:33:29.698017,-48.0,53.0,-79.0,22.0,-12.0,7.0,53.0,-50.0,23.0,-62.0,-44.0,-127.0,-34.76,-0.07000000000000028,-52.620000000000005,11.19,-23.619999999999997,-6.43,51.9,-52.34,20.15,-40.58,-49.41,-109.78
2025-08-11T16:33:29.705902,-57.0,51.0,0.0,14.0,1.0,17.0,-14.0,-93.0,-8.0,-52.0,60.0,-35.0,-43.76,-2.0700000000000003,26.38,3.1899999999999995,-10.62,3.5700000000000003,-15.1,-95.34,-10.85,-30.58,54.59,-17.78
2025-08-11T16:33:29.710315,-43.0,114.0,-77.0,78.0,-5.0,-97.0,27.0,16.0,-60.0,-35.0,109.0,0.0,-29.759999999999998,60.93,-50.620000000000005,67.19,-16.619999999999997,-110.43,25.9,13.66,-62.85,-13.579999999999998,103.59,17.22
2025-08-11T16:33:29.718326,-26.0,159.0,-140.0,-13.0,-57.0,9.0,9.0,-9.0,-42.0,-14.0,103.0,-8.0,-12.76,105.93,-113.62,-23.810000000000002,-68.62,-4.43,7.9,-11.34,-44.85,7.420000000000002,97.59,9.219999999999999
2025-08-11T16:33:29.722586,51.0,28.0,-21.0,78.0,-53.0,-11.0,31.0,-12.0,38.0,-11.0,50.0,-36.0,64.24,-25.07,5.379999999999999,67.19,-64.62,-24.43,29.9,-14.34,35.15,10.420000000000002,44.59,-18.78
2025-08-11T16:33:29.730697,68.0,50.0,-14.0,103.0,-16.0,2.0,-7.0,-39.0,-49.0,17.0,101.0,-37.0,81.24,-3.0700000000000003,12.379999999999999,92.19,-27.619999999999997,-11.43,-8.1,-41.34,-51.85,38.42,95.59,-19.78
2025-08-11T16:33:29.734778,-46.0,96.0,-87.0,29.0,83.0,-3.0,29.0,60.0,-24.0,-14.0,30.0,-40.0,-32.76,42.93,-60.620000000000005,18.189999999999998,71.38,-16.43,27.9,57.66,-26.85,7.420000000000002,24.59,-22.78
2025-08-11T16:33:29.742962,7.0,121.0,24.0,56.0,63.0,-32.0,16.0,-13.0,-43.0,-20.0,17.0,-145.0,20.240000000000002,67.93,50.379999999999995,45.19,51.38,-45.43,14.9,-15.34,-45.85,1.4200000000000017,11.59,-127.78
2025-08-11T16:33:29.747190,-60.0,138.0,-126.0,75.0,50.0,-9.0,-51.0,36.0,-57.0,-2.0,86.0,-58.0,-46.76,84.93,-99.62,64.19,38.38,-22.43,-52.1,33.66,-59.85,19.42,80.59,-40.78
2025-08-11T16:33:29.755090,15.0,86.0,-9.0,56.0,35.0,-7.0,-26.0,45.0,-69.0,-18.0,55.0,-35.0,28.240000000000002,32.93,17.38,45.19,23.380000000000003,-20.43,-27.1,42.66,-71.85,3.4200000000000017,49.59,-17.78
2025-08-11T16:33:29.759298,-34.0,117.0,-62.0,102.0,37.0,-22.0,-26.0,71.0,-72.0,-39.0,112.0,-39.0,-20.759999999999998,63.93,-35.620000000000005,91.19,25.380000000000003,-35.43,-27.1,68.66,-74.85,-17.58,106.59,-21.78
2025-08-11T16:33:29.767393,43.0,64.0,-100.0,26.0,1.0,-54.0,-27.0,-42.0,-98.0,-28.0,37.0,-108.0,56.24,10.93,-73.62,15.19,-10.62,-67.43,-28.1,-44.34,-100.85,-6.579999999999998,31.59,-90.78
2025-08-11T16:33:29.771657,4.0,28.0,-37.0,63.0,6.0,-26.0,64.0,-32.0,-88.0,50.0,109.0,-66.0,17.240000000000002,-25.07,-10.620000000000001,52.19,-5.619999999999999,-39.43,62.9,-34.34,-90.85,71.42,103.59,-48.78
2025-08-11T16:33:29.779626,-73.0,-6.0,0.0,14.0,16.0,-6.0,21.0,32.0,1.0,3.0,38.0,-69.0,-59.76,-59.07,26.38,3.1899999999999995,4.380000000000001,-19.43,19.9,29.66,-1.85,24.42,32.59,-51.78
2025-08-11T16:33:29.784108,-63.0,31.0,-84.0,68.0,49.0,-25.0,3.0,27.0,-12.0,-22.0,47.0,-37.0,-49.76,-22.07,-57.620000000000005,57.19,37.38,-38.43,1.9,24.66,-14.85,-0.5799999999999983,41.59,-19.78
2025-08-11T16:33:29.791925,-10.0,20.0,-6.0,82.0,9.0,-59.0,18.0,62.0,9.0,-72.0,56.0,11.0,3.24,-33.07,20.38,71.19,-2.619999999999999,-72.43,16.9,59.66,6.15,-50.58,50.59,28.22
2025-08-11T16:33:29.796216,-11.0,41.0,-30.0,28.0,29.0,6.0,49.0,67.0,-28.0,-36.0,63.0,26.0,2.24,-12.07,-3.620000000000001,17.189999999999998,17.380000000000003,-7.43,47.9,64.66,-30.85,-14.579999999999998,57.59,43.22
2025-08-11T16:33:29.804194,-67.0,168.0,-47.0,53.0,-43.0,12.0,78.0,75.0,-10.0,-26.0,31.0,41.0,-53.76,114.93,-20.62,42.19,-54.62,-1.4299999999999997,76.9,72.66,-12.85,-4.579999999999998,25.59,58.22
2025-08-11T16:33:29.808624,-31.0,92.0,-97.0,-26.0,-12.0,32.0,64.0,-68.0,-32.0,-61.0,40.0,-4.0,-17.759999999999998,38.93,-70.62,-36.81,-23.619999999999997,18.57,62.9,-70.34,-34.85,-39.58,34.59,13.219999999999999
2025-08-11T16:33:29.816445,56.0,81.0,-79.0,61.0,32.0,12.0,20.0,-56.0,-32.0,-74.0,59.0,-31.0,69.24,27.93,-52.620000000000005,50.19,20.380000000000003,-1.4299999999999997,18.9,-58.34,-34.85,-52.58,53.59,-13.780000000000001
2025-08-11T16:33:29.820751,50.0,19.0,-112.0,72.0,27.0,-74.0,-1.0,-5.0,-19.0,9.0,66.0,32.0,63.24,-34.07,-85.62,61.19,15.38,-87.43,-2.1,-7.34,-21.85,30.42,60.59,49.22
2025-08-11T16:33:29.828947,5.0,28.0,-90.0,7.0,-51.0,-57.0,57.0,-16.0,-25.0,-56.0,76.0,-6.0,18.240000000000002,-25.07,-63.620000000000005,-3.8100000000000005,-62.62,-70.43,55.9,-18.34,-27.85,-34.58,70.59,11.219999999999999
2025-08-11T16:33:29.833709,21.0,49.0,-105.0,47.0,51.0,-27.0,3.0,-30.0,-50.0,-64.0,13.0,-42.0,34.24,-4.07,-78.62,36.19,39.38,-40.43,1.9,-32.34,-52.85,-42.58,7.59,-24.78
2025-08-11T16:33:29.841022,-3.0,-34.0,-47.0,53.0,-39.0,18.0,-34.0,68.0,-48.0,-72.0,7.0,-55.0,10.24,-87.07,-20.62,42.19,-50.62,4.57,-35.1,65.66,-50.85,-50.58,1.5899999999999999,-37.78
2025-08-11T16:33:29.845376,15.0,21.0,-39.0,25.0,34.0,-48.0,15.0,-7.0,-108.0,-39.0,-23.0,-41.0,28.240000000000002,-32.07,-12.620000000000001,14.19,22.380000000000003,-61.43,13.9,-9.34,-110.85,-17.58,-28.41,-23.78
2025-08-11T16:33:29.853312,-14.0,146.0,-97.0,-49.0,63.0,0.0,-34.0,6.0,-34.0,-84.0,-18.0,4.0,-0.7599999999999998,92.93,-70.62,-59.81,51.38,-13.43,-35.1,3.66,-36.85,-62.58,-23.41,21.22
2025-08-11T16:33:29.857762,-7.0,128.0,-19.0,-17.0,-11.0,-26.0,-74.0,-15.0,-4.0,35.0,-64.0,-39.0,6.24,74.93,7.379999999999999,-27.810000000000002,-22.619999999999997,-39.43,-75.1,-17.34,-6.85,56.42,-69.41,-21.78
2025-08-11T16:33:29.865592,-11.0,118.0,-93.0,75.0,-31.0,-56.0,18.0,-16.0,-59.0,-27.0,-33.0,36.0,2.24,64.93,-66.62,64.19,-42.62,-69.43,16.9,-18.34,-61.85,-5.579999999999998,-38.41,53.22
2025-08-11T16:33:29.869890,38.0,87.0,-161.0,46.0,-55.0,-18.0,-21.0,40.0,-10.0,-1.0,6.0,9.0,51.24,33.93,-134.62,35.19,-66.62,-31.43,-22.1,37.66,-12.85,20.42,0.5899999999999999,26.22
2025-08-11T16:33:29.878066,-50.0,139.0,-88.0,6.0,-4.0,-14.0,9.0,28.0,-81.0,14.0,-10.0,-39.0,-36.76,85.93,-61.620000000000005,-4.8100000000000005,-15.62,-27.43,7.9,25.66,-83.85,35.42,-15.41,-21.78
2025-08-11T16:33:29.882145,-15.0,71.0,-86.0,-51.0,-5.0,70.0,-24.0,33.0,-14.0,-41.0,39.0,-19.0,-1.7599999999999998,17.93,-59.620000000000005,-61.81,-16.619999999999997,56.57,-25.1,30.66,-16.85,-19.58,33.59,-1.7800000000000011
2025-08-11T16:33:29.886524,65.0,-33.0,-42.0,65.0,80.0,-53.0,6.0,26.0,-13.0,-61.0,17.0,31.0,78.24,-86.07,-15.620000000000001,54.19,68.38,-66.43,4.9,23.66,-15.85,-39.58,11.59,48.22
2025-08-11T16:33:29.894520,-22.0,38.0,-58.0,53.0,-4.0,-70.0,39.0,25.0,-20.0,90.0,-27.0,16.0,-8.76,-15.07,-31.62,42.19,-15.62,-83.43,37.9,22.66,-22.85,111.42,-32.41,33.22
2025-08-11T16:33:29.898471,-54.0,25.0,-14.0,137.0,108.0,-55.0,7.0,74.0,-6.0,80.0,9.0,-5.0,-40.76,-28.07,12.379999999999999,126.19,96.38,-68.43,5.9,71.66,-8.85,101.42,3.59,12.219999999999999
2025-08-11T16:33:29.906742,-4.0,70.0,-11.0,89.0,15.0,-4.0,-26.0,-16.0,-13.0,53.0,28.0,-9.0,9.24,16.93,15.379999999999999,78.19,3.380000000000001,-17.43,-27.1,-18.34,-15.85,74.42,22.59,8.219999999999999
2025-08-11T16:33:29.910808,-59.0,123.0,-101.0,19.0,8.0,3.0,45.0,29.0,-26.0,33.0,-34.0,-2.0,-45.76,69.93,-74.62,8.19,-3.619999999999999,-10.43,43.9,26.66,-28.85,54.42,-39.41,15.219999999999999
2025-08-11T16:33:29.919055,-22.0,57.0,-109.0,28.0,95.0,-27.0,-3.0,49.0,-34.0,25.0,-39.0,-11.0,-8.76,3.9299999999999997,-82.62,17.189999999999998,83.38,-40.43,-4.1,46.66,-36.85,46.42,-44.41,6.219999999999999
2025-08-11T16:33:29.923072,-32.0,77.0,-132.0,2.0,-11.0,87.0,1.0,35.0,-14.0,53.0,-8.0,39.0,-18.759999999999998,23.93,-105.62,-8.81,-22.619999999999997,73.57,-0.10000000000000009,32.66,-16.85,74.42,-13.41,56.22
2025-08-11T16:33:29.931301,-23.0,45.0,-93.0,12.0,4.0,-27.0,-44.0,-9.0,-21.0,56.0,-51.0,-43.0,-9.76,-8.07,-66.62,1.1899999999999995,-7.619999999999999,-40.43,-45.1,-11.34,-23.85,77.42,-56.41,-25.78
2025-08-11T16:33:29.935390,33.0,72.0,-107.0,35.0,36.0,-54.0,-11.0,63.0,4.0,3.0,-37.0,59.0,46.24,18.93,-80.62,24.189999999999998,24.380000000000003,-67.43,-12.1,60.66,1.15,24.42,-42.41,76.22
2025-08-11T16:33:29.943679,33.0,73.0,-18.0,61.0,-9.0,-59.0,-22.0,1.0,-40.0,30.0,10.0,-30.0,46.24,19.93,8.379999999999999,50.19,-20.619999999999997,-72.43,-23.1,-1.3399999999999999,-42.85,51.42,4.59,-12.780000000000001
2025-08-11T16:33:29.947743,-87.0,67.0,-19.0,89.0,62.0,-16.0,12.0,27.0,-60.0,45.0,-50.0,-4.0,-73.76,13.93,7.379999999999999,78.19,50.38,-29.43,10.9,24.66,-62.85,66.42,-55.41,13.219999999999999
2025-08-11T16:33:29.955813,1.0,66.0,22.0,29.0,-26.0,-14.0,12.0,6.0,-76.0,-18.0,-50.0,-4.0,14.24,12.93,48.379999999999995,18.189999999999998,-37.62,-27.43,10.9,3.66,-78.85,3.4200000000000017,-55.41,13.219999999999999
2025-08-11T16:33:29.960088,-75.0,149.0,-108.0,-70.0,27.0,-25.0,-25.0,32.0,-47.0,53.0,16.0,-51.0,-61.76,95.93,-81.62,-80.81,15.38,-38.43,-26.1,29.66,-49.85,74.42,10.59,-33.78
2025-08-11T16:33:29.968471,-60.0,69.0,-53.0,-11.0,-20.0,30.0,26.0,23.0,-16.0,78.0,20.0,-26.0,-46.76,15.93,-26.62,-21.810000000000002,-31.619999999999997,16.57,24.9,20.66,-18.85,99.42,14.59,-8.780000000000001
2025-08-11T16:33:29.972275,36.0,106.0,-82.0,-4.0,45.0,18.0,32.0,28.0,-77.0,21.0,-43.0,21.0,49.24,52.93,-55.620000000000005,-14.81,33.38,4.57,30.9,25.66,-79.85,42.42,-48.41,38.22
2025-08-11T16:33:29.980493,-57.0,11.0,-78.0,-55.0,40.0,-2.0,-31.0,38.0,-98.0,17.0,-76.0,21.0,-43.76,-42.07,-51.620000000000005,-65.81,28.380000000000003,-15.43,-32.1,35.66,-100.85,38.42,-81.41,38.22
2025-08-11T16:33:29.984636,-60.0,42.0,-28.0,22.0,71.0,-68.0,47.0,41.0,-62.0,8.0,-71.0,-30.0,-46.76,-11.07,-1.620000000000001,11.19,59.38,-81.43,45.9,38.66,-64.85,29.42,-76.41,-12.780000000000001
2025-08-11T16:33:29.992626,-91.0,58.0,-85.0,51.0,-33.0,-35.0,55.0,-24.0,-56.0,16.0,-2.0,83.0,-77.76,4.93,-58.620000000000005,40.19,-44.62,-48.43,53.9,-26.34,-58.85,37.42,-7.41,100.22
2025-08-11T16:33:29.996887,-72.0,47.0,1.0,41.0,53.0,0.0,21.0,7.0,-70.0,-17.0,-55.0,-11.0,-58.76,-6.07,27.38,30.189999999999998,41.38,-13.43,19.9,4.66,-72.85,4.420000000000002,-60.41,6.219999999999999
2025-08-11T16:33:30.005019,-39.0,99.0,-40.0,1.0,-10.0,-19.0,18.0,32.0,-60.0,-24.0,31.0,0.0,-25.759999999999998,45.93,-13.620000000000001,-9.81,-21.619999999999997,-32.43,16.9,29.66,-62.85,-2.5799999999999983,25.59,17.22
2025-08-11T16:33:30.009270,-46.0,93.0,-72.0,-34.0,-33.0,90.0,79.0,-30.0,-4.0,67.0,-57.0,-13.0,-32.76,39.93,-45.620000000000005,-44.81,-44.62,76.57,77.9,-32.34,-6.85,88.42,-62.41,4.219999999999999
2025-08-11T16:33:30.017284,5.0,30.0,-94.0,84.0,60.0,-8.0,-31.0,-24.0,-21.0,-9.0,-76.0,11.0,18.240000000000002,-23.07,-67.62,73.19,48.38,-21.43,-32.1,-26.34,-23.85,12.420000000000002,-81.41,28.22
2025-08-11T16:33:30.021534,-45.0,101.0,-81.0,7.0,38.0,30.0,100.0,-15.0,4.0,-30.0,-5.0,45.0,-31.759999999999998,47.93,-54.620000000000005,-3.8100000000000005,26.380000000000003,16.57,98.9,-17.34,1.15,-8.579999999999998,-10.41,62.22
2025-08-11T16:33:30.029634,-34.0,25.0,-9.0,21.0,-4.0,-67.0,16.0,-33.0,-27.0,84.0,-52.0,-61.0,-20.759999999999998,-28.07,17.38,10.19,-15.62,-80.43,14.9,-35.34,-29.85,105.42,-57.41,-43.78
2025-08-11T16:33:30.034171,-15.0,1.0,-31.0,54.0,47.0,22.0,-1.0,-36.0,-47.0,39.0,-35.0,-45.0,-1.7599999999999998,-52.07,-4.620000000000001,43.19,35.38,8.57,-2.1,-38.34,-49.85,60.42,-40.41,-27.78
2025-08-11T16:33:30.041802,5.0,15.0,8.0,6.0,-35.0,-8.0,58.0,-84.0,-41.0,44.0,8.0,-51.0,18.240000000000002,-38.07,34.379999999999995,-4.8100000000000005,-46.62,-21.43,56.9,-86.34,-43.85,65.42,2.59,-33.78
2025-08-11T16:33:30.046139,37.0,64.0,-52.0,-23.0,7.0,13.0,83.0,-72.0,-2.0,-15.0,-6.0,35.0,50.24,10.93,-25.62,-33.81,-4.619999999999999,-0.4299999999999997,81.9,-74.34,-4.85,6.420000000000002,-11.41,52.22
2025-08-11T16:33:30.050556,-79.0,75.0,-55.0,3.0,-37.0,-2.0,-11.0,9.0,5.0,44.0,-9.0,38.0,-65.76,21.93,-28.62,-7.8100000000000005,-48.62,-15.43,-12.1,6.66,2.15,65.42,-14.41,55.22
2025-08-11T16:33:30.058448,-6.0,31.0,-36.0,5.0,17.0,50.0,-24.0,-19.0,-18.0,-80.0,20.0,-45.0,7.24,-22.07,-9.620000000000001,-5.8100000000000005,5.380000000000001,36.57,-25.1,-21.34,-20.85,-58.58,14.59,-27.78
2025-08-11T16:33:30.062333,-47.0,129.0,11.0,39.0,-21.0,-8.0,12.0,-3.0,22.0,14.0,-5.0,-7.0,-33.76,75.93,37.379999999999995,28.189999999999998,-32.62,-21.43,10.9,-5.34,19.15,35.42,-10.41,10.219999999999999
2025-08-11T16:33:30.070713,-12.0,99.0,-24.0,-18.0,33.0,47.0,9.0,-38.0,-10.0,31.0,-28.0,-78.0,1.2400000000000002,45.93,2.379999999999999,-28.810000000000002,21.380000000000003,33.57,7.9,-40.34,-12.85,52.42,-33.41,-60.78
2025-08-11T16:33:30.074651,-72.0,64.0,-115.0,-47.0,31.0,-40.0,45.0,-33.0,-38.0,10.0,31.0,11.0,-58.76,10.93,-88.62,-57.81,19.380000000000003,-53.43,43.9,-35.34,-40.85,31.42,25.59,28.22
2025-08-11T16:33:30.082917,35.0,103.0,-103.0,18.0,-4.0,-13.0,89.0,12.0,-34.0,40.0,-72.0,2.0,48.24,49.93,-76.62,7.1899999999999995,-15.62,-26.43,87.9,9.66,-36.85,61.42,-77.41,19.22
2025-08-11T16:33:30.086844,-23.0,-9.0,-50.0,77.0,-8.0,10.0,44.0,5.0,38.0,62.0,7.0,10.0,-9.76,-62.07,-23.62,66.19,-19.619999999999997,-3.4299999999999997,42.9,2.66,35.15,83.42,1.5899999999999999,27.22
2025-08-11T16:33:30.095087,-2.0,53.0,-123.0,98.0,-17.0,7.0,-5.0,2.0,-21.0,6.0,-27.0,-22.0,11.24,-0.07000000000000028,-96.62,87.19,-28.619999999999997,-6.43,-6.1,-0.33999999999999986,-23.85,27.42,-32.41,-4.780000000000001
2025-08-11T16:33:30.099187,33.0,11.0,-37.0,-31.0,31.0,-18.0,19.0,-9.0,0.0,31.0,9.0,39.0,46.24,-42.07,-10.620000000000001,-41.81,19.380000000000003,-31.43,17.9,-11.34,-2.85,52.42,3.59,56.22
2025-08-11T16:33:30.107416,10.0,10.0,-149.0,12.0,-3.0,9.0,-8.0,67.0,-68.0,2.0,-74.0,3.0,23.240000000000002,-43.07,-122.62,1.1899999999999995,-14.62,-4.43,-9.1,64.66,-70.85,23.42,-79.41,20.22
2025-08-11T16:33:30.111655,68.0,50.0,-93.0,58.0,6.0,43.0,74.0,68.0,-20.0,-16.0,5.0,-38.0,81.24,-3.0700000000000003,-66.62,47.19,-5.619999999999999,29.57,72.9,65.66,-22.85,5.420000000000002,-0.41000000000000014,-20.78
2025-08-11T16:33:30.119701,-5.0,13.0,-71.0,-10.0,-10.0,16.0,74.0,-1.0,42.0,-1.0,38.0,-61.0,8.24,-40.07,-44.620000000000005,-20.810000000000002,-21.619999999999997,2.5700000000000003,72.9,-3.34,39.15,20.42,32.59,-43.78
2025-08-11T16:33:30.124081,44.0,26.0,-87.0,-1.0,2.0,21.0,-26.0,-11.0,-18.0,36.0,62.0,-20.0,57.24,-27.07,-60.620000000000005,-11.81,-9.62,7.57,-27.1,-13.34,-20.85,57.42,56.59,-2.780000000000001
2025-08-11T16:33:30.132129,4.0,0.0,-131.0,24.0,-18.0,-18.0,56.0,30.0,-37.0,-30.0,10.0,-26.0,17.240000000000002,-53.07,-104.62,13.19,-29.619999999999997,-31.43,54.9,27.66,-39.85,-8.579999999999998,4.59,-8.780000000000001
2025-08-11T16:33:30.136250,-28.0,65.0,-78.0,-3.0,30.0,21.0,22.0,57.0,23.0,-87.0,23.0,-15.0,-14.76,11.93,-51.620000000000005,-13.81,18.380000000000003,7.57,20.9,54.66,20.15,-65.58,17.59,2.219999999999999
2025-08-11T16:33:30.144153,22.0,51.0,-66.0,15.0,-9.0,18.0,20.0,5.0,33.0,-39.0,29.0,-5.0,35.24,-2.0700000000000003,-39.620000000000005,4.1899999999999995,-20.619999999999997,4.57,18.9,2.66,30.15,-17.58,23.59,12.219999999999999
2025-08-11T16:33:30.148708,14.0,45.0,-13.0,-82.0,4.0,-21.0,-29.0,16.0,65.0,26.0,31.0,24.0,27.240000000000002,-8.07,13.379999999999999,-92.81,-7.619999999999999,-34.43,-30.1,13.66,62.15,47.42,25.59,41.22
2025-08-11T16:33:30.156428,26.0,36.0,-7.0,89.0,85.0,-14.0,33.0,13.0,-14.0,-40.0,89.0,-80.0,39.24,-17.07,19.38,78.19,73.38,-27.43,31.9,10.66,-16.85,-18.58,83.59,-62.78
2025-08-11T16:33:30.160708,-41.0,35.0,-23.0,88.0,34.0,-46.0,62.0,25.0,6.0,-11.0,57.0,-92.0,-27.759999999999998,-18.07,3.379999999999999,77.19,22.380000000000003,-59.43,60.9,22.66,3.15,10.420000000000002,51.59,-74.78
2025-08-11T16:33:30.168709,-59.0,15.0,-29.0,-18.0,31.0,14.0,90.0,-1.0,-25.0,-85.0,53.0,-71.0,-45.76,-38.07,-2.620000000000001,-28.810000000000002,19.380000000000003,0.5700000000000003,88.9,-3.34,-27.85,-63.58,47.59,-53.78
2025-08-11T16:33:30.173115,20.0,72.0,-10.0,64.0,-34.0,23.0,63.0,44.0,-26.0,-57.0,32.0,-75.0,33.24,18.93,16.38,53.19,-45.62,9.57,61.9,41.66,-28.85,-35.58,26.59,-57.78
2025-08-11T16:33:30.181120,3.0,140.0,-98.0,33.0,39.0,12.0,1.0,-71.0,-15.0,-55.0,-16.0,-29.0,16.240000000000002,86.93,-71.62,22.189999999999998,27.380000000000003,-1.4299999999999997,-0.10000000000000009,-73.34,-17.85,-33.58,-21.41,-11.780000000000001
2025-08-11T16:33:30.185403,5.0,97.0,-74.0,-13.0,81.0,32.0,111.0,36.0,-23.0,-77.0,18.0,-57.0,18.240000000000002,43.93,-47.620000000000005,-23.810000000000002,69.38,18.57,109.9,33.66,-25.85,-55.58,12.59,-39.78
2025-08-11T16:33:30.189306,8.0,71.0,-86.0,92.0,39.0,-1.0,29.0,41.0,88.0,-96.0,58.0,-35.0,21.240000000000002,17.93,-59.620000000000005,81.19,27.380000000000003,-14.43,27.9,38.66,85.15,-74.58,52.59,-17.78
2025-08-11T16:33:30.197490,15.0,-9.0,-36.0,-29.0,15.0,-11.0,-6.0,-27.0,-15.0,-74.0,-1.0,-3.0,28.240000000000002,-62.07,-9.620000000000001,-39.81,3.380000000000001,-24.43,-7.1,-29.34,-17.85,-52.58,-6.41,14.219999999999999
2025-08-11T16:33:30.201616,-39.0,-31.0,-84.0,36.0,6.0,2.0,44.0,-6.0,37.0,-99.0,28.0,7.0,-25.759999999999998,-84.07,-57.620000000000005,25.189999999999998,-5.619999999999999,-11.43,42.9,-8.34,34.15,-77.58,22.59,24.22
2025-08-11T16:33:30.209840,15.0,75.0,-50.0,64.0,-39.0,-34.0,39.0,13.0,-15.0,-46.0,64.0,35.0,28.240000000000002,21.93,-23.62,53.19,-50.62,-47.43,37.9,10.66,-17.85,-24.58,58.59,52.22
2025-08-11T16:33:30.214038,-34.0,87.0,-24.0,32.0,-27.0,46.0,-43.0,0.0,-25.0,-25.0,82.0,-20.0,-20.759999999999998,33.93,2.379999999999999,21.189999999999998,-38.62,32.57,-44.1,-2.34,-27.85,-3.5799999999999983,76.59,-2.780000000000001
2025-08-11T16:33:30.222149,-74.0,30.0,88.0,-42.0,-28.0,-13.0,-1.0,-5.0,28.0,-13.0,31.0,-8.0,-60.76,-23.07,114.38,-52.81,-39.62,-26.43,-2.1,-7.34,25.15,8.420000000000002,25.59,9.219999999999999
2025-08-11T16:33:30.226201,-34.0,61.0,-55.0,27.0,-31.0,25.0,22.0,47.0,-31.0,-8.0,-58.0,44.0,-20.759999999999998,7.93,-28.62,16.189999999999998,-42.62,11.57,20.9,44.66,-33.85,13.420000000000002,-63.41,61.22
2025-08-11T16:33:30.234433,-22.0,112.0,-67.0,-33.0,17.0,54.0,-32.0,36.0,-16.0,-51.0,-19.0,15.0,-8.76,58.93,-40.620000000000005,-43.81,5.380000000000001,40.57,-33.1,33.66,-18.85,-29.58,-24.41,32.22
2025-08-11T16:33:30.238475,-49.0,80.0,-42.0,43.0,77.0,-11.0,-37.0,37.0,35.0,-74.0,-80.0,-24.0,-35.76,26.93,-15.620000000000001,32.19,65.38,-24.43,-38.1,34.66,32.15,-52.58,-85.41,-6.780000000000001
2025-08-11T16:33:30.246737,1.0,78.0,-65.0,35.0,70.0,-16.0,40.0,37.0,-31.0,-42.0,-25.0,-7.0,14.24,24.93,-38.620000000000005,24.189999999999998,58.38,-29.43,38.9,34.66,-33.85,-20.58,-30.41,10.219999999999999
2025-08-11T16:33:30.250807,38.0,99.0,-60.0,97.0,68.0,-22.0,-34.0,5.0,12.0,63.0,-20.0,-43.0,51.24,45.93,-33.620000000000005,86.19,56.38,-35.43,-35.1,2.66,9.15,84.42,-25.41,-25.78
2025-08-11T16:33:30.259068,88.0,34.0,-86.0,31.0,34.0,-9.0,-1.0,12.0,31.0,-21.0,13.0,30.0,101.24,-19.07,-59.620000000000005,20.189999999999998,22.380000000000003,-22.43,-2.1,9.66,28.15,0.4200000000000017,7.59,47.22
2025-08-11T16:33:30.263152,30.0,94.0,-113.0,-20.0,-40.0,-33.0,18.0,-28.0,-41.0,8.0,-56.0,-15.0,43.24,40.93,-86.62,-30.810000000000002,-51.62,-46.43,16.9,-30.34,-43.85,29.42,-61.41,2.219999999999999
2025-08-11T16:33:30.271239,-20.0,57.0,-32.0,-19.0,-17.0,-49.0,-38.0,-36.0,-34.0,38.0,52.0,-5.0,-6.76,3.9299999999999997,-5.620000000000001,-29.810000000000002,-28.619999999999997,-62.43,-39.1,-38.34,-36.85,59.42,46.59,12.219999999999999
2025-08-11T16:33:30.275529,-17.0,80.0,-11.0,-28.0,-20.0,35.0,6.0,16.0,-8.0,85.0,-23.0,-3.0,-3.76,26.93,15.379999999999999,-38.81,-31.619999999999997,21.57,4.9,13.66,-10.85,106.42,-28.41,14.219999999999999
2025-08-11T16:33:30.283421,-79.0,76.0,72.0,-22.0,30.0,24.0,23.0,-11.0,6.0,25.0,-34.0,28.0,-65.76,22.93,98.38,-32.81,18.380000000000003,10.57,21.9,-13.34,3.15,46.42,-39.41,45.22
2025-08-11T16:33:30.287733,-56.0,76.0,14.0,15.0,50.0,27.0,40.0,-5.0,-11.0,16.0,-34.0,-55.0,-42.76,22.93,40.379999999999995,4.1899999999999995,38.38,13.57,38.9,-7.34,-13.85,37.42,-39.41,-37.78
2025-08-11T16:33:30.295950,-11.0,38.0,-8.0,30.0,-7.0,-57.0,20.0,-21.0,27.0,3.0,-13.0,-44.0,2.24,-15.07,18.38,19.189999999999998,-18.619999999999997,-70.43,18.9,-23.34,24.15,24.42,-18.41,-26.78
2025-08-11T16:33:30.300088,-74.0,90.0,-24.0,-14.0,39.0,-20.0,-7.0,22.0,-15.0,9.0,24.0,-35.0,-60.76,36.93,2.379999999999999,-24.810000000000002,27.380000000000003,-33.43,-8.1,19.66,-17.85,30.42,18.59,-17.78
2025-08-11T16:33:30.308075,-17.0,70.0,-6.0,0.0,35.0,52.0,6.0,1.0,-11.0,63.0,-43.0,11.0,-3.76,16.93,20.38,-10.81,23.380000000000003,38.57,4.9,-1.3399999999999999,-13.85,84.42,-48.41,28.22
2025-08-11T16:33:30.313085,-54.0,55.0,-86.0,-10.0,-77.0,54.0,36.0,-21.0,-43.0,46.0,-76.0,35.0,-40.76,1.9299999999999997,-59.620000000000005,-20.810000000000002,-88.62,40.57,34.9,-23.34,-45.85,67.42,-81.41,52.22
2025-08-11T16:33:30.320270,41.0,35.0,-60.0,-53.0,73.0,59.0,33.0,-10.0,-1.0,13.0,-78.0,39.0,54.24,-18.07,-33.620000000000005,-63.81,61.38,45.57,31.9,-12.34,-3.85,34.42,-83.41,56.22
2025-08-11T16:33:30.325257,7.0,-5.0,-51.0,5.0,36.0,-12.0,8.0,17.0,-11.0,3.0,-150.0,23.0,20.240000000000002,-58.07,-24.62,-5.8100000000000005,24.380000000000003,-25.43,6.9,14.66,-13.85,24.42,-155.41,40.22
2025-08-11T16:33:30.332931,17.0,46.0,-41.0,-23.0,24.0,-2.0,-80.0,-35.0,-25.0,-11.0,-45.0,35.0,30.240000000000002,-7.07,-14.620000000000001,-33.81,12.38,-15.43,-81.1,-37.34,-27.85,10.420000000000002,-50.41,52.22
2025-08-11T16:33:30.337148,6.0,51.0,-3.0,106.0,56.0,20.0,-19.0,59.0,31.0,53.0,-17.0,46.0,19.240000000000002,-2.0700000000000003,23.38,95.19,44.38,6.57,-20.1,56.66,28.15,74.42,-22.41,63.22
2025-08-11T16:33:30.344869,51.0,24.0,-14.0,50.0,16.0,-33.0,-7.0,-47.0,16.0,35.0,-13.0,-14.0,64.24,-29.07,12.379999999999999,39.19,4.380000000000001,-46.43,-8.1,-49.34,13.15,56.42,-18.41,3.219999999999999
2025-08-11T16:33:30.349208,-67.0,89.0,4.0,58.0,-20.0,35.0,55.0,46.0,54.0,15.0,-47.0,32.0,-53.76,35.93,30.38,47.19,-31.619999999999997,21.57,53.9,43.66,51.15,36.42,-52.41,49.22
2025-08-11T16:33:30.357193,9.0,154.0,-14.0,33.0,33.0,43.0,52.0,11.0,-56.0,-6.0,24.0,63.0,22.240000000000002,100.93,12.379999999999999,22.189999999999998,21.380000000000003,29.57,50.9,8.66,-58.85,15.420000000000002,18.59,80.22
2025-08-11T16:33:30.361415,-26.0,58.0,13.0,49.0,90.0,12.0,-34.0,-2.0,113.0,52.0,-77.0,14.0,-12.76,4.93,39.379999999999995,38.19,78.38,-1.4299999999999997,-35.1,-4.34,110.15,73.42,-82.41,31.22
2025-08-11T16:33:30.369500,14.0,64.0,-34.0,32.0,20.0,-51.0,14.0,-5.0,-20.0,54.0,-71.0,-14.0,27.240000000000002,10.93,-7.620000000000001,21.189999999999998,8.38,-64.43,12.9,-7.34,-22.85,75.42,-76.41,3.219999999999999
2025-08-11T16:33:30.373582,7.0,71.0,-67.0,66.0,12.0,0.0,2.0,-6.0,-4.0,46.0,4.0,-5.0,20.240000000000002,17.93,-40.620000000000005,55.19,0.3800000000000008,-13.43,0.8999999999999999,-8.34,-6.85,67.42,-1.4100000000000001,12.219999999999999
2025-08-11T16:33:30.381885,-51.0,89.0,-55.0,74.0,43.0,-35.0,-14.0,-9.0,11.0,-28.0,22.0,-69.0,-37.76,35.93,-28.62,63.19,31.380000000000003,-48.43,-15.1,-11.34,8.15,-6.579999999999998,16.59,-51.78
2025-08-11T16:33:30.385882,-11.0,5.0,-89.0,58.0,-31.0,-37.0,-14.0,45.0,2.0,-6.0,-9.0,-108.0,2.24,-48.07,-62.620000000000005,47.19,-42.62,-50.43,-15.1,42.66,-0.8500000000000001,15.420000000000002,-14.41,-90.78
2025-08-11T16:33:30.390244,44.0,37.0,-67.0,48.0,25.0,72.0,9.0,80.0,23.0,20.0,17.0,-64.0,57.24,-16.07,-40.620000000000005,37.19,13.38,58.57,7.9,77.66,20.15,41.42,11.59,-46.78
2025-08-11T16:33:30.398444,-35.0,19.0,-60.0,43.0,-29.0,-50.0,-34.0,-22.0,3.0,-47.0,90.0,-59.0,-21.759999999999998,-34.07,-33.620000000000005,32.19,-40.62,-63.43,-35.1,-24.34,0.1499999999999999,-25.58,84.59,-41.78
2025-08-11T16:33:30.402527,-1.0,54.0,-7.0,-27.0,-4.0,11.0,26.0,18.0,-11.0,18.0,74.0,-66.0,12.24,0.9299999999999997,19.38,-37.81,-15.62,-2.4299999999999997,24.9,15.66,-13.85,39.42,68.59,-48.78
2025-08-11T16:33:30.410754,0.0,118.0,-20.0,18.0,-67.0,-20.0,-12.0,-3.0,-68.0,-69.0,75.0,-30.0,13.24,64.93,6.379999999999999,7.1899999999999995,-78.62,-33.43,-13.1,-5.34,-70.85,-47.58,69.59,-12.780000000000001
2025-08-11T16:33:30.414673,-75.0,20.0,32.0,20.0,25.0,27.0,8.0,-5.0,11.0,-25.0,61.0,-85.0,-61.76,-33.07,58.379999999999995,9.19,13.38,13.57,6.9,-7.34,8.15,-3.5799999999999983,55.59,-67.78
2025-08-11T16:33:30.422724,-109.0,82.0,-1.0,-33.0,61.0,-16.0,-7.0,83.0,16.0,-76.0,26.0,-35.0,-95.76,28.93,25.38,-43.81,49.38,-29.43,-8.1,80.66,13.15,-54.58,20.59,-17.78
2025-08-11T16:33:30.426891,-42.0,66.0,-9.0,100.0,-3.0,-37.0,-3.0,8.0,-45.0,-55.0,42.0,-74.0,-28.759999999999998,12.93,17.38,89.19,-14.62,-50.43,-4.1,5.66,-47.85,-33.58,36.59,-56.78
2025-08-11T16:33:30.435099,-136.0,79.0,-47.0,-35.0,17.0,2.0,41.0,92.0,-18.0,6.0,71.0,-10.0,-122.76,25.93,-20.62,-45.81,5.380000000000001,-11.43,39.9,89.66,-20.85,27.42,65.59,7.219999999999999
2025-08-11T16:33:30.439380,-63.0,104.0,-101.0,69.0,45.0,-28.0,19.0,65.0,-35.0,-7.0,-2.0,-103.0,-49.76,50.93,-74.62,58.19,33.38,-41.43,17.9,62.66,-37.85,14.420000000000002,-7.41,-85.78
2025-08-11T16:33:30.447288,49.0,42.0,-97.0,-6.0,-14.0,44.0,2.0,18.0,-57.0,-41.0,-8.0,-62.0,62.24,-11.07,-70.62,-16.810000000000002,-25.619999999999997,30.57,0.8999999999999999,15.66,-59.85,-19.58,-13.41,-44.78
2025-08-11T16:33:30.451668,0.0,63.0,-118.0,-23.0,-4.0,32.0,-3.0,33.0,15.0,16.0,28.0,-34.0,13.24,9.93,-91.62,-33.81,-15.62,18.57,-4.1,30.66,12.15,37.42,22.59,-16.78
2025-08-11T16:33:30.459621,51.0,116.0,-12.0,67.0,-50.0,41.0,44.0,33.0,-1.0,-42.0,28.0,-85.0,64.24,62.93,14.379999999999999,56.19,-61.62,27.57,42.9,30.66,-3.85,-20.58,22.59,-67.78
2025-08-11T16:33:30.464829,25.0,69.0,-28.0,-35.0,21.0,61.0,38.0,-28.0,-26.0,-76.0,36.0,-82.0,38.24,15.93,-1.620000000000001,-45.81,9.38,47.57,36.9,-30.34,-28.85,-54.58,30.59,-64.78
2025-08-11T16:33:30.471993,78.0,45.0,67.0,30.0,57.0,-14.0,42.0,15.0,-12.0,-77.0,80.0,-33.0,91.24,-8.07,93.38,19.189999999999998,45.38,-27.43,40.9,12.66,-14.85,-55.58,74.59,-15.780000000000001
2025-08-11T16:33:30.476993,-92.0,-6.0,-81.0,23.0,6.0,17.0,-28.0,-66.0,24.0,-2.0,87.0,-68.0,-78.76,-59.07,-54.620000000000005,12.19,-5.619999999999999,3.5700000000000003,-29.1,-68.34,21.15,19.42,81.59,-50.78
2025-08-11T16:33:30.484302,-5.0,15.0,-13.0,-8.0,60.0,-23.0,-5.0,5.0,-15.0,-52.0,41.0,-63.0,8.24,-38.07,13.379999999999999,-18.810000000000002,48.38,-36.43,-6.1,2.66,-17.85,-30.58,35.59,-45.78
2025-08-11T16:33:30.489150,4.0,72.0,5.0,15.0,-4.0,27.0,30.0,-6.0,31.0,-22.0,33.0,-80.0,17.240000000000002,18.93,31.38,4.1899999999999995,-15.62,13.57,28.9,-8.34,28.15,-0.5799999999999983,27.59,-62.78
2025-08-11T16:33:30.496574,-44.0,13.0,-47.0,-21.0,47.0,26.0,20.0,32.0,67.0,-49.0,-13.0,-8.0,-30.759999999999998,-40.07,-20.62,-31.810000000000002,35.38,12.57,18.9,29.66,64.15,-27.58,-18.41,9.219999999999999
2025-08-11T16:33:30.501445,-25.0,57.0,-13.0,69.0,62.0,-40.0,42.0,1.0,11.0,-53.0,56.0,13.0,-11.76,3.9299999999999997,13.379999999999999,58.19,50.38,-53.43,40.9,-1.3399999999999999,8.15,-31.58,50.59,30.22
2025-08-11T16:33:30.508650,-14.0,117.0,-76.0,20.0,-27.0,34.0,46.0,-5.0,40.0,-62.0,46.0,43.0,-0.7599999999999998,63.93,-49.620000000000005,9.19,-38.62,20.57,44.9,-7.34,37.15,-40.58,40.59,60.22
2025-08-11T16:33:30.512991,42.0,127.0,-67.0,31.0,-43.0,51.0,14.0,-4.0,10.0,-35.0,-9.0,12.0,55.24,73.93,-40.620000000000005,20.189999999999998,-54.62,37.57,12.9,-6.34,7.15,-13.579999999999998,-14.41,29.22
2025-08-11T16:33:30.520996,30.0,73.0,-63.0,-45.0,-27.0,60.0,-1.0,12.0,17.0,11.0,55.0,13.0,43.24,19.93,-36.620000000000005,-55.81,-38.62,46.57,-2.1,9.66,14.15,32.42,49.59,30.22
2025-08-11T16:33:30.525379,31.0,41.0,29.0,-24.0,58.0,-17.0,-38.0,-25.0,-30.0,8.0,10.0,29.0,44.24,-12.07,55.379999999999995,-34.81,46.38,-30.43,-39.1,-27.34,-32.85,29.42,4.59,46.22
2025-08-11T16:33:30.533258,-30.0,-8.0,35.0,40.0,98.0,20.0,-1.0,-29.0,52.0,-103.0,25.0,-6.0,-16.759999999999998,-61.07,61.379999999999995,29.189999999999998,86.38,6.57,-2.1,-31.34,49.15,-81.58,19.59,11.219999999999999
2025-08-11T16:33:30.537568,16.0,43.0,-40.0,45.0,59.0,-32.0,6.0,-19.0,-16.0,-48.0,64.0,-7.0,29.240000000000002,-10.07,-13.620000000000001,34.19,47.38,-45.43,4.9,-21.34,-18.85,-26.58,58.59,10.219999999999999
2025-08-11T16:33:30.545677,-51.0,83.0,-123.0,58.0,2.0,-18.0,-23.0,-54.0,-27.0,-45.0,25.0,24.0,-37.76,29.93,-96.62,47.19,-9.62,-31.43,-24.1,-56.34,-29.85,-23.58,19.59,41.22
2025-08-11T16:33:30.549809,-7.0,140.0,-63.0,54.0,-26.0,-22.0,-1.0,-12.0,35.0,-26.0,65.0,41.0,6.24,86.93,-36.620000000000005,43.19,-37.62,-35.43,-2.1,-14.34,32.15,-4.579999999999998,59.59,58.22
2025-08-11T16:33:30.553986,27.0,41.0,-46.0,19.0,29.0,0.0,24.0,-16.0,49.0,-75.0,42.0,22.0,40.24,-12.07,-19.62,8.19,17.380000000000003,-13.43,22.9,-18.34,46.15,-53.58,36.59,39.22
2025-08-11T16:33:30.562234,25.0,52.0,-42.0,50.0,28.0,23.0,77.0,-26.0,31.0,-29.0,61.0,-1.0,38.24,-1.0700000000000003,-15.620000000000001,39.19,16.380000000000003,9.57,75.9,-28.34,28.15,-7.579999999999998,55.59,16.22
2025-08-11T16:33:30.570160,12.0,45.0,-16.0,2.0,36.0,-44.0,53.0,-17.0,-30.0,-114.0,-64.0,50.0,25.240000000000002,-8.07,10.379999999999999,-8.81,24.380000000000003,-57.43,51.9,-19.34,-32.85,-92.58,-69.41,67.22
2025-08-11T16:33:30.574602,-29.0,108.0,-43.0,44.0,59.0,49.0,71.0,-11.0,52.0,-23.0,-2.0,7.0,-15.76,54.93,-16.62,33.19,47.38,35.57,69.9,-13.34,49.15,-1.5799999999999983,-7.41,24.22
2025-08-11T16:33:30.582415,-65.0,37.0,-92.0,12.0,15.0,-31.0,-47.0,-1.0,22.0,-70.0,82.0,77.0,-51.76,-16.07,-65.62,1.1899999999999995,3.380000000000001,-44.43,-48.1,-3.34,19.15,-48.58,76.59,94.22
2025-08-11T16:33:30.586640,-22.0,170.0,-34.0,28.0,41.0,67.0,6.0,-5.0,12.0,-79.0,15.0,52.0,-8.76,116.93,-7.620000000000001,17.189999999999998,29.380000000000003,53.57,4.9,-7.34,9.15,-57.58,9.59,69.22
2025-08-11T16:33:30.590826,-20.0,122.0,-50.0,-22.0,43.0,73.0,4.0,-30.0,20.0,-23.0,42.0,37.0,-6.76,68.93,-23.62,-32.81,31.380000000000003,59.57,2.9,-32.34,17.15,-1.5799999999999983,36.59,54.22
2025-08-11T16:33:30.598990,-59.0,104.0,-116.0,0.0,-6.0,16.0,19.0,-33.0,-45.0,-63.0,56.0,-19.0,-45.76,50.93,-89.62,-10.81,-17.619999999999997,2.5700000000000003,17.9,-35.34,-47.85,-41.58,50.59,-1.7800000000000011
2025-08-11T16:33:30.606963,70.0,62.0,-25.0,-19.0,-8.0,11.0,-5.0,14.0,-11.0,-90.0,-45.0,21.0,83.24,8.93,1.379999999999999,-29.810000000000002,-19.619999999999997,-2.4299999999999997,-6.1,11.66,-13.85,-68.58,-50.41,38.22
2025-08-11T16:33:30.611283,-56.0,45.0,-22.0,59.0,23.0,-9.0,-85.0,-13.0,-5.0,-108.0,9.0,6.0,-42.76,-8.07,4.379999999999999,48.19,11.38,-22.43,-86.1,-15.34,-7.85,-86.58,3.59,23.22
2025-08-11T16:33:30.615263,-83.0,87.0,-43.0,48.0,-7.0,-34.0,-7.0,53.0,-43.0,-45.0,26.0,9.0,-69.76,33.93,-16.62,37.19,-18.619999999999997,-47.43,-8.1,50.66,-45.85,-23.58,20.59,26.22
2025-08-11T16:33:30.623512,-75.0,97.0,46.0,100.0,-48.0,18.0,-52.0,-41.0,17.0,-50.0,-5.0,23.0,-61.76,43.93,72.38,89.19,-59.62,4.57,-53.1,-43.34,14.15,-28.58,-10.41,40.22
2025-08-11T16:33:30.628563,-54.0,44.0,-121.0,-6.0,9.0,15.0,19.0,79.0,-30.0,-42.0,100.0,26.0,-40.76,-9.07,-94.62,-16.810000000000002,-2.619999999999999,1.5700000000000003,17.9,76.66,-32.85,-20.58,94.59,43.22
2025-08-11T16:33:30.635739,-7.0,87.0,-44.0,-19.0,28.0,3.0,42.0,11.0,-10.0,58.0,9.0,40.0,6.24,33.93,-17.62,-29.810000000000002,16.380000000000003,-10.43,40.9,8.66,-12.85,79.42,3.59,57.22
2025-08-11T16:33:30.639874,5.0,75.0,-110.0,-10.0,22.0,-33.0,12.0,-14.0,-28.0,7.0,70.0,18.0,18.240000000000002,21.93,-83.62,-20.810000000000002,10.38,-46.43,10.9,-16.34,-30.85,28.42,64.59,35.22
2025-08-11T16:33:30.648075,9.0,28.0,-100.0,56.0,18.0,-42.0,11.0,-23.0,22.0,-38.0,68.0,37.0,22.240000000000002,-25.07,-73.62,45.19,6.380000000000001,-55.43,9.9,-25.34,19.15,-16.58,62.59,54.22
2025-08-11T16:33:30.652139,8.0,35.0,55.0,28.0,-18.0,-51.0,-2.0,-46.0,-47.0,-32.0,39.0,8.0,21.240000000000002,-18.07,81.38,17.189999999999998,-29.619999999999997,-64.43,-3.1,-48.34,-49.85,-10.579999999999998,33.59,25.22
2025-08-11T16:33:30.660352,-32.0,39.0,-29.0,-70.0,-37.0,66.0,2.0,73.0,-54.0,-44.0,56.0,40.0,-18.759999999999998,-14.07,-2.620000000000001,-80.81,-48.62,52.57,0.8999999999999999,70.66,-56.85,-22.58,50.59,57.22
2025-08-11T16:33:30.664978,-31.0,14.0,-35.0,-3.0,27.0,31.0,-52.0,78.0,73.0,-47.0,62.0,59.0,-17.759999999999998,-39.07,-8.620000000000001,-13.81,15.38,17.57,-53.1,75.66,70.15,-25.58,56.59,76.22
2025-08-11T16:33:30.672633,-82.0,103.0,-10.0,55.0,30.0,62.0,-17.0,38.0,-65.0,-34.0,98.0,37.0,-68.76,49.93,16.38,44.19,18.380000000000003,48.57,-18.1,35.66,-67.85,-12.579999999999998,92.59,54.22
2025-08-11T16:33:30.677291,-91.0,69.0,-95.0,17.0,-4.0,-29.0,29.0,59.0,-3.0,-57.0,21.0,11.0,-77.76,15.93,-68.62,6.1899999999999995,-15.62,-42.43,27.9,56.66,-5.85,-35.58,15.59,28.22
2025-08-11T16:33:30.684963,-45.0,83.0,-7.0,6.0,23.0,-5.0,0.0,52.0,-33.0,-58.0,6.0,32.0,-31.759999999999998,29.93,19.38,-4.8100000000000005,11.38,-18.43,-1.1,49.66,-35.85,-36.58,0.5899999999999999,49.22
2025-08-11T16:33:30.689293,-101.0,58.0,-89.0,33.0,30.0,11.0,6.0,11.0,-12.0,14.0,40.0,29.0,-87.76,4.93,-62.620000000000005,22.189999999999998,18.380000000000003,-2.4299999999999997,4.9,8.66,-14.85,35.42,34.59,46.22
2025-08-11T16:33:30.697209,-32.0,100.0,-13.0,-2.0,-13.0,-38.0,104.0,-23.0,33.0,38.0,23.0,19.0,-18.759999999999998,46.93,13.379999999999999,-12.81,-24.619999999999997,-51.43,102.9,-25.34,30.15,59.42,17.59,36.22
2025-08-11T16:33:30.701875,-29.0,21.0,-56.0,76.0,-74.0,4.0,-5.0,-46.0,30.0,73.0,-36.0,-20.0,-15.76,-32.07,-29.62,65.19,-85.62,-9.43,-6.1,-48.34,27.15,94.42,-41.41,-2.780000000000001
2025-08-11T16:33:30.709498,-3.0,42.0,10.0,-15.0,21.0,9.0,62.0,20.0,-67.0,-3.0,-13.0,-22.0,10.24,-11.07,36.379999999999995,-25.810000000000002,9.38,-4.43,60.9,17.66,-69.85,18.42,-18.41,-4.780000000000001
2025-08-11T16:33:30.713911,59.0,13.0,2.0,-33.0,26.0,25.0,38.0,-27.0,86.0,68.0,-42.0,-50.0,72.24,-40.07,28.38,-43.81,14.38,11.57,36.9,-29.34,83.15,89.42,-47.41,-32.78
2025-08-11T16:33:30.721736,-22.0,-25.0,-26.0,-86.0,42.0,12.0,25.0,10.0,-4.0,32.0,-28.0,-4.0,-8.76,-78.07,0.379999999999999,-96.81,30.380000000000003,-1.4299999999999997,23.9,7.66,-6.85,53.42,-33.41,13.219999999999999
2025-08-11T16:33:30.726132,-26.0,-31.0,1.0,7.0,30.0,11.0,34.0,-15.0,5.0,20.0,-27.0,22.0,-12.76,-84.07,27.38,-3.8100000000000005,18.380000000000003,-2.4299999999999997,32.9,-17.34,2.15,41.42,-32.41,39.22
2025-08-11T16:33:30.734101,-67.0,23.0,-18.0,34.0,26.0,-29.0,-15.0,-84.0,-35.0,-43.0,-54.0,15.0,-53.76,-30.07,8.379999999999999,23.189999999999998,14.38,-42.43,-16.1,-86.34,-37.85,-21.58,-59.41,32.22
2025-08-11T16:33:30.738432,-51.0,49.0,-1.0,69.0,-25.0,40.0,-5.0,8.0,62.0,39.0,-64.0,63.0,-37.76,-4.07,25.38,58.19,-36.62,26.57,-6.1,5.66,59.15,60.42,-69.41,80.22
2025-08-11T16:33:30.746370,-24.0,80.0,-24.0,40.0,15.0,-14.0,9.0,-73.0,0.0,21.0,-44.0,62.0,-10.76,26.93,2.379999999999999,29.189999999999998,3.380000000000001,-27.43,7.9,-75.34,-2.85,42.42,-49.41,79.22
2025-08-11T16:33:30.750772,-67.0,84.0,-16.0,66.0,-11.0,23.0,31.0,36.0,-8.0,72.0,-60.0,-14.0,-53.76,30.93,10.379999999999999,55.19,-22.619999999999997,9.57,29.9,33.66,-10.85,93.42,-65.41,3.219999999999999
2025-08-11T16:33:30.758648,-40.0,68.0,-82.0,-49.0,-32.0,46.0,30.0,-26.0,42.0,1.0,-14.0,14.0,-26.759999999999998,14.93,-55.620000000000005,-59.81,-43.62,32.57,28.9,-28.34,39.15,22.42,-19.41,31.22
2025-08-11T16:33:30.762872,-19.0,135.0,-62.0,-25.0,29.0,39.0,43.0,-32.0,53.0,44.0,-63.0,4.0,-5.76,81.93,-35.620000000000005,-35.81,17.380000000000003,25.57,41.9,-34.34,50.15,65.42,-68.41,21.22
2025-08-11T16:33:30.770967,-13.0,56.0,4.0,-52.0,42.0,42.0,-15.0,40.0,-38.0,27.0,-41.0,34.0,0.2400000000000002,2.9299999999999997,30.38,-62.81,30.380000000000003,28.57,-16.1,37.66,-40.85,48.42,-46.41,51.22
2025-08-11T16:33:30.775331,-25.0,30.0,-17.0,80.0,-38.0,13.0,16.0,-28.0,-10.0,34.0,-56.0,19.0,-11.76,-23.07,9.379999999999999,69.19,-49.62,-0.4299999999999997,14.9,-30.34,-12.85,55.42,-61.41,36.22
2025-08-11T16:33:30.783219,-30.0,-11.0,2.0,-5.0,12.0,-36.0,-50.0,20.0,-24.0,22.0,-89.0,35.0,-16.759999999999998,-64.07,28.38,-15.81,0.3800000000000008,-49.43,-51.1,17.66,-26.85,43.42,-94.41,52.22
2025-08-11T16:33:30.787499,-70.0,85.0,31.0,21.0,-36.0,18.0,22.0,-16.0,-35.0,30.0,-48.0,5.0,-56.76,31.93,57.379999999999995,10.19,-47.62,4.57,20.9,-18.34,-37.85,51.42,-53.41,22.22
2025-08-11T16:33:30.795438,-44.0,72.0,-40.0,-71.0,17.0,68.0,10.0,42.0,20.0,-20.0,-27.0,-8.0,-30.759999999999998,18.93,-13.620000000000001,-81.81,5.380000000000001,54.57,8.9,39.66,17.15,1.4200000000000017,-32.41,9.219999999999999
2025-08-11T16:33:30.799764,-32.0,121.0,-55.0,30.0,33.0,34.0,30.0,4.0,-34.0,47.0,-62.0,21.0,-18.759999999999998,67.93,-28.62,19.189999999999998,21.380000000000003,20.57,28.9,1.6600000000000001,-36.85,68.42,-67.41,38.22
2025-08-11T16:33:30.807788,-18.0,53.0,-102.0,-33.0,-2.0,4.0,32.0,28.0,-5.0,86.0,-36.0,45.0,-4.76,-0.07000000000000028,-75.62,-43.81,-13.62,-9.43,30.9,25.66,-7.85,107.42,-41.41,62.22
2025-08-11T16:33:30.812002,-22.0,18.0,-55.0,-31.0,7.0,22.0,-38.0,64.0,-25.0,26.0,21.0,40.0,-8.76,-35.07,-28.62,-41.81,-4.619999999999999,8.57,-39.1,61.66,-27.85,47.42,15.59,57.22
2025-08-11T16:33:30.820028,14.0,32.0,18.0,10.0,-19.0,39.0,26.0,34.0,20.0,40.0,-73.0,11.0,27.240000000000002,-21.07,44.379999999999995,-0.8100000000000005,-30.619999999999997,25.57,24.9,31.66,17.15,61.42,-78.41,28.22
2025-08-11T16:33:30.824299,-44.0,2.0,-46.0,130.0,-55.0,-8.0,29.0,-22.0,-30.0,56.0,-1.0,-7.0,-30.759999999999998,-51.07,-19.62,119.19,-66.62,-21.43,27.9,-24.34,-32.85,77.42,-6.41,10.219999999999999
2025-08-11T16:33:30.832278,18.0,14.0,-37.0,-2.0,15.0,-14.0,36.0,-1.0,16.0,48.0,-37.0,-14.0,31.240000000000002,-39.07,-10.620000000000001,-12.81,3.380000000000001,-27.43,34.9,-3.34,13.15,69.42,-42.41,3.219999999999999
2025-08-11T16:33:30.836832,-98.0,141.0,-60.0,-20.0,18.0,8.0,-17.0,-41.0,-5.0,17.0,-2.0,-31.0,-84.76,87.93,-33.620000000000005,-30.810000000000002,6.380000000000001,-5.43,-18.1,-43.34,-7.85,38.42,-7.41,-13.780000000000001
2025-08-11T16:33:30.844556,-71.0,74.0,-48.0,-71.0,29.0,56.0,-8.0,-28.0,-63.0,-71.0,-29.0,54.0,-57.76,20.93,-21.62,-81.81,17.380000000000003,42.57,-9.1,-30.34,-65.85,-49.58,-34.41,71.22
2025-08-11T16:33:30.848720,28.0,47.0,-36.0,-15.0,64.0,46.0,-40.0,27.0,-2.0,79.0,-7.0,3.0,41.24,-6.07,-9.620000000000001,-25.810000000000002,52.38,32.57,-41.1,24.66,-4.85,100.42,-12.41,20.22
2025-08-11T16:33:30.852925,37.0,123.0,-72.0,-23.0,98.0,-13.0,-7.0,15.0,0.0,13.0,-6.0,40.0,50.24,69.93,-45.620000000000005,-33.81,86.38,-26.43,-8.1,12.66,-2.85,34.42,-11.41,57.22
2025-08-11T16:33:30.861116,-30.0,58.0,-59.0,54.0,50.0,16.0,14.0,-7.0,-24.0,66.0,-9.0,42.0,-16.759999999999998,4.93,-32.620000000000005,43.19,38.38,2.5700000000000003,12.9,-9.34,-26.85,87.42,-14.41,59.22
2025-08-11T16:33:30.865641,-16.0,29.0,-110.0,26.0,89.0,-48.0,21.0,-40.0,27.0,13.0,-36.0,-8.0,-2.76,-24.07,-83.62,15.19,77.38,-61.43,19.9,-42.34,24.15,34.42,-41.41,9.219999999999999
2025-08-11T16:33:30.873423,-64.0,7.0,-35.0,-11.0,33.0,-12.0,51.0,18.0,-52.0,93.0,1.0,50.0,-50.76,-46.07,-8.620000000000001,-21.810000000000002,21.380000000000003,-25.43,49.9,15.66,-54.85,114.42,-4.41,67.22
2025-08-11T16:33:30.878010,-30.0,-4.0,9.0,-10.0,30.0,63.0,64.0,3.0,7.0,11.0,5.0,24.0,-16.759999999999998,-57.07,35.379999999999995,-20.810000000000002,18.380000000000003,49.57,62.9,0.6600000000000001,4.15,32.42,-0.41000000000000014,41.22
2025-08-11T16:33:30.885548,-101.0,-19.0,13.0,-41.0,72.0,45.0,28.0,21.0,10.0,38.0,-75.0,-23.0,-87.76,-72.07,39.379999999999995,-51.81,60.38,31.57,26.9,18.66,7.15,59.42,-80.41,-5.780000000000001
2025-08-11T16:33:30.890606,-49.0,81.0,13.0,-16.0,7.0,-10.0,-82.0,-47.0,15.0,39.0,55.0,-46.0,-35.76,27.93,39.379999999999995,-26.810000000000002,-4.619999999999999,-23.43,-83.1,-49.34,12.15,60.42,49.59,-28.78
2025-08-11T16:33:30.897844,-95.0,85.0,23.0,16.0,23.0,-26.0,66.0,4.0,5.0,10.0,-28.0,12.0,-81.76,31.93,49.379999999999995,5.1899999999999995,11.38,-39.43,64.9,1.6600000000000001,2.15,31.42,-33.41,29.22
2025-08-11T16:33:30.903199,-7.0,53.0,-17.0,50.0,-56.0,-16.0,65.0,-4.0,36.0,-20.0,-26.0,-49.0,6.24,-0.07000000000000028,9.379999999999999,39.19,-67.62,-29.43,63.9,-6.34,33.15,1.4200000000000017,-31.41,-31.78
2025-08-11T16:33:30.910119,21.0,24.0,-84.0,106.0,-32.0,49.0,15.0,-2.0,2.0,16.0,-12.0,-25.0,34.24,-29.07,-57.620000000000005,95.19,-43.62,35.57,13.9,-4.34,-0.8500000000000001,37.42,-17.41,-7.780000000000001
2025-08-11T16:33:30.915228,-32.0,65.0,-47.0,-25.0,24.0,0.0,13.0,5.0,4.0,42.0,-47.0,17.0,-18.759999999999998,11.93,-20.62,-35.81,12.38,-13.43,11.9,2.66,1.15,63.42,-52.41,34.22
2025-08-11T16:33:30.922569,-16.0,14.0,-68.0,-10.0,34.0,-2.0,58.0,-8.0,-42.0,-43.0,-30.0,-29.0,-2.76,-39.07,-41.620000000000005,-20.810000000000002,22.380000000000003,-15.43,56.9,-10.34,-44.85,-21.58,-35.41,-11.780000000000001
2025-08-11T16:33:30.926912,38.0,43.0,-60.0,-58.0,-11.0,-9.0,33.0,-29.0,-104.0,10.0,-27.0,-57.0,51.24,-10.07,-33.620000000000005,-68.81,-22.619999999999997,-22.43,31.9,-31.34,-106.85,31.42,-32.41,-39.78
2025-08-11T16:33:30.934787,55.0,61.0,-3.0,24.0,23.0,-10.0,9.0,-78.0,-9.0,50.0,37.0,-38.0,68.24,7.93,23.38,13.19,11.38,-23.43,7.9,-80.34,-11.85,71.42,31.59,-20.78
2025-08-11T16:33:30.939204,-38.0,113.0,64.0,-38.0,27.0,18.0,-8.0,0.0,-25.0,25.0,-35.0,-107.0,-24.759999999999998,59.93,90.38,-48.81,15.38,4.57,-9.1,-2.34,-27.85,46.42,-40.41,-89.78
2025-08-11T16:33:30.947146,-26.0,-26.0,-35.0,-29.0,-30.0,37.0,-9.0,88.0,49.0,29.0,-14.0,-81.0,-12.76,-79.07,-8.620000000000001,-39.81,-41.62,23.57,-10.1,85.66,46.15,50.42,-19.41,-63.78
2025-08-11T16:33:30.951266,-47.0,78.0,-62.0,-4.0,34.0,23.0,2.0,-1.0,-41.0,32.0,-24.0,-83.0,-33.76,24.93,-35.620000000000005,-14.81,22.380000000000003,9.57,0.8999999999999999,-3.34,-43.85,53.42,-29.41,-65.78
2025-08-11T16:33:30.959298,-56.0,105.0,33.0,43.0,-52.0,48.0,33.0,26.0,-21.0,43.0,72.0,10.0,-42.76,51.93,59.379999999999995,32.19,-63.62,34.57,31.9,23.66,-23.85,64.42,66.59,27.22
2025-08-11T16:33:30.963599,-68.0,45.0,-18.0,-33.0,-7.0,-6.0,75.0,7.0,27.0,-10.0,5.0,3.0,-54.76,-8.07,8.379999999999999,-43.81,-18.619999999999997,-19.43,73.9,4.66,24.15,11.420000000000002,-0.41000000000000014,20.22
2025-08-11T16:33:30.971594,-82.0,136.0,-18.0,-48.0,-14.0,1.0,20.0,17.0,65.0,-23.0,59.0,-43.0,-68.76,82.93,8.379999999999999,-58.81,-25.619999999999997,-12.43,18.9,14.66,62.15,-1.5799999999999983,53.59,-25.78
2025-08-11T16:33:30.975886,30.0,66.0,-89.0,81.0,6.0,-17.0,44.0,18.0,46.0,8.0,51.0,12.0,43.24,12.93,-62.620000000000005,70.19,-5.619999999999999,-30.43,42.9,15.66,43.15,29.42,45.59,29.22
2025-08-11T16:33:30.983915,13.0,59.0,-21.0,-12.0,0.0,-22.0,62.0,-7.0,65.0,-52.0,-32.0,-48.0,26.240000000000002,5.93,5.379999999999999,-22.810000000000002,-11.62,-35.43,60.9,-9.34,62.15,-30.58,-37.41,-30.78
2025-08-11T16:33:30.988190,23.0,28.0,-70.0,-61.0,48.0,-27.0,50.0,56.0,16.0,11.0,33.0,-78.0,36.24,-25.07,-43.620000000000005,-71.81,36.38,-40.43,48.9,53.66,13.15,32.42,27.59,-60.78
2025-08-11T16:33:30.996330,29.0,42.0,-108.0,-25.0,12.0,-35.0,71.0,-28.0,5.0,-16.0,30.0,-36.0,42.24,-11.07,-81.62,-35.81,0.3800000000000008,-48.43,69.9,-30.34,2.15,5.420000000000002,24.59,-18.78
2025-08-11T16:33:31.000573,-39.0,59.0,-15.0,66.0,17.0,42.0,4.0,-20.0,-20.0,-68.0,47.0,-70.0,-25.759999999999998,5.93,11.379999999999999,55.19,5.380000000000001,28.57,2.9,-22.34,-22.85,-46.58,41.59,-52.78
2025-08-11T16:33:31.008558,-47.0,32.0,-78.0,5.0,-8.0,22.0,117.0,50.0,22.0,25.0,35.0,-24.0,-33.76,-21.07,-51.620000000000005,-5.8100000000000005,-19.619999999999997,8.57,115.9,47.66,19.15,46.42,29.59,-6.780000000000001
2025-08-11T16:33:31.012761,18.0,-9.0,-59.0,6.0,-8.0,-7.0,45.0,-66.0,11.0,-7.0,-7.0,-73.0,31.240000000000002,-62.07,-32.620000000000005,-4.8100000000000005,-19.619999999999997,-20.43,43.9,-68.34,8.15,14.420000000000002,-12.41,-55.78
2025-08-11T16:33:31.020747,-58.0,44.0,1.0,-72.0,67.0,44.0,41.0,-53.0,30.0,-22.0,-33.0,-6.0,-44.76,-9.07,27.38,-82.81,55.38,30.57,39.9,-55.34,27.15,-0.5799999999999983,-38.41,11.219999999999999
2025-08-11T16:33:31.025084,-60.0,122.0,18.0,-24.0,38.0,-49.0,57.0,-9.0,-24.0,-15.0,-11.0,37.0,-46.76,68.93,44.379999999999995,-34.81,26.380000000000003,-62.43,55.9,-11.34,-26.85,6.420000000000002,-16.41,54.22
2025-08-11T16:33:31.029177,8.0,58.0,-77.0,40.0,29.0,-1.0,-2.0,-3.0,53.0,-28.0,3.0,44.0,21.240000000000002,4.93,-50.620000000000005,29.189999999999998,17.380000000000003,-14.43,-3.1,-5.34,50.15,-6.579999999999998,-2.41,61.22
2025-08-11T16:33:31.037394,-10.0,121.0,-49.0,96.0,-1.0,-42.0,-3.0,-10.0,65.0,2.0,-34.0,-28.0,3.24,67.93,-22.62,85.19,-12.62,-55.43,-4.1,-12.34,62.15,23.42,-39.41,-10.780000000000001
2025-08-11T16:33:31.041716,-106.0,57.0,-55.0,52.0,24.0,-16.0,-4.0,-1.0,33.0,-16.0,-67.0,17.0,-92.76,3.9299999999999997,-28.62,41.19,12.38,-29.43,-5.1,-3.34,30.15,5.420000000000002,-72.41,34.22
2025-08-11T16:33:31.049444,57.0,9.0,-78.0,71.0,-23.0,6.0,29.0,47.0,-18.0,37.0,-30.0,12.0,70.24,-44.07,-51.620000000000005,60.19,-34.62,-7.43,27.9,44.66,-20.85,58.42,-35.41,29.22
2025-08-11T16:33:31.054005,23.0,140.0,-36.0,50.0,-36.0,75.0,-29.0,12.0,-61.0,43.0,-44.0,-18.0,36.24,86.93,-9.620000000000001,39.19,-47.62,61.57,-30.1,9.66,-63.85,64.42,-49.41,-0.7800000000000011
2025-08-11T16:33:31.061744,10.0,43.0,-38.0,-4.0,42.0,5.0,39.0,7.0,52.0,8.0,-25.0,23.0,23.240000000000002,-10.07,-11.620000000000001,-14.81,30.380000000000003,-8.43,37.9,4.66,49.15,29.42,-30.41,40.22
2025-08-11T16:33:31.066209,21.0,10.0,-65.0,9.0,-33.0,4.0,-10.0,63.0,26.0,11.0,-91.0,23.0,34.24,-43.07,-38.620000000000005,-1.8100000000000005,-44.62,-9.43,-11.1,60.66,23.15,32.42,-96.41,40.22
2025-08-11T16:33:31.073899,-14.0,66.0,-83.0,-17.0,-38.0,-32.0,-8.0,-42.0,5.0,1.0,-33.0,80.0,-0.7599999999999998,12.93,-56.620000000000005,-27.810000000000002,-49.62,-45.43,-9.1,-44.34,2.15,22.42,-38.41,97.22
2025-08-11T16:33:31.078716,20.0,0.0,-21.0,48.0,-44.0,9.0,9.0,25.0,-37.0,-9.0,-44.0,-69.0,33.24,-53.07,5.379999999999999,37.19,-55.62,-4.43,7.9,22.66,-39.85,12.420000000000002,-49.41,-51.78
2025-08-11T16:33:31.086431,35.0,5.0,-64.0,1.0,17.0,69.0,-62.0,61.0,36.0,34.0,-22.0,-66.0,48.24,-48.07,-37.620000000000005,-9.81,5.380000000000001,55.57,-63.1,58.66,33.15,55.42,-27.41,-48.78
2025-08-11T16:33:31.090743,-25.0,74.0,-57.0,-42.0,-16.0,85.0,17.0,-16.0,11.0,63.0,51.0,-15.0,-11.76,20.93,-30.62,-52.81,-27.619999999999997,71.57,15.9,-18.34,8.15,84.42,45.59,2.219999999999999
2025-08-11T16:33:31.098469,-8.0,4.0,-27.0,-30.0,95.0,39.0,5.0,-4.0,31.0,47.0,7.0,-39.0,5.24,-49.07,-0.620000000000001,-40.81,83.38,25.57,3.9,-6.34,28.15,68.42,1.5899999999999999,-21.78
2025-08-11T16:33:31.102809,-42.0,23.0,26.0,-10.0,-44.0,57.0,57.0,-1.0,-48.0,-44.0,33.0,3.0,-28.759999999999998,-30.07,52.379999999999995,-20.810000000000002,-55.62,43.57,55.9,-3.34,-50.85,-22.58,27.59,20.22
2025-08-11T16:33:31.110897,-52.0,8.0,-40.0,15.0,-52.0,-49.0,14.0,71.0,-30.0,-120.0,21.0,-52.0,-38.76,-45.07,-13.620000000000001,4.1899999999999995,-63.62,-62.43,12.9,68.66,-32.85,-98.58,15.59,-34.78
2025-08-11T16:33:31.115118,-15.0,119.0,13.0,3.0,7.0,6.0,-87.0,-10.0,-49.0,-28.0,-7.0,-93.0,-1.7599999999999998,65.93,39.379999999999995,-7.8100000000000005,-4.619999999999999,-7.43,-88.1,-12.34,-51.85,-6.579999999999998,-12.41,-75.78
2025-08-11T16:33:31.123091,-82.0,95.0,-1.0,48.0,99.0,48.0,52.0,50.0,-31.0,-26.0,87.0,-23.0,-68.76,41.93,25.38,37.19,87.38,34.57,50.9,47.66,-33.85,-4.579999999999998,81.59,-5.780000000000001
2025-08-11T16:33:31.127499,-42.0,114.0,-76.0,83.0,5.0,-5.0,28.0,25.0,-6.0,-75.0,49.0,-36.0,-28.759999999999998,60.93,-49.620000000000005,72.19,-6.619999999999999,-18.43,26.9,22.66,-8.85,-53.58,43.59,-18.78
2025-08-11T16:33:31.135396,-51.0,26.0,-46.0,49.0,12.0,81.0,11.0,68.0,-79.0,-13.0,97.0,-45.0,-37.76,-27.07,-19.62,38.19,0.3800000000000008,67.57,9.9,65.66,-81.85,8.420000000000002,91.59,-27.78
2025-08-11T16:33:31.139642,7.0,62.0,-76.0,-21.0,16.0,-7.0,22.0,-6.0,-24.0,-35.0,-4.0,-62.0,20.240000000000002,8.93,-49.620000000000005,-31.810000000000002,4.380000000000001,-20.43,20.9,-8.34,-26.85,-13.579999999999998,-9.41,-44.78
2025-08-11T16:33:31.147570,28.0,92.0,-69.0,38.0,-2.0,-72.0,53.0,-32.0,12.0,-59.0,101.0,-64.0,41.24,38.93,-42.620000000000005,27.189999999999998,-13.62,-85.43,51.9,-34.34,9.15,-37.58,95.59,-46.78
2025-08-11T16:33:31.151941,42.0,16.0,-99.0,-13.0,-3.0,39.0,21.0,-49.0,23.0,-83.0,-27.0,-70.0,55.24,-37.07,-72.62,-23.810000000000002,-14.62,25.57,19.9,-51.34,20.15,-61.58,-32.41,-52.78
2025-08-11T16:33:31.160059,-42.0,45.0,-30.0,-48.0,33.0,-6.0,26.0,-30.0,-29.0,-116.0,-22.0,-41.0,-28.759999999999998,-8.07,-3.620000000000001,-58.81,21.380000000000003,-19.43,24.9,-32.34,-31.85,-94.58,-27.41,-23.78
2025-08-11T16:33:31.164391,-35.0,11.0,-45.0,11.0,23.0,7.0,42.0,-15.0,-73.0,-131.0,60.0,-7.0,-21.759999999999998,-42.07,-18.62,0.1899999999999995,11.38,-6.43,40.9,-17.34,-75.85,-109.58,54.59,10.219999999999999
2025-08-11T16:33:31.172363,-53.0,66.0,19.0,-3.0,-25.0,-23.0,62.0,-5.0,-32.0,3.0,85.0,-35.0,-39.76,12.93,45.379999999999995,-13.81,-36.62,-36.43,60.9,-7.34,-34.85,24.42,79.59,-17.78
2025-08-11T16:33:31.176655,-6.0,92.0,-99.0,-17.0,-20.0,51.0,79.0,-104.0,25.0,4.0,18.0,-66.0,7.24,38.93,-72.62,-27.810000000000002,-31.619999999999997,37.57,77.9,-106.34,22.15,25.42,12.59,-48.78
2025-08-11T16:33:31.184525,51.0,33.0,-49.0,-6.0,-3.0,39.0,-17.0,13.0,-31.0,-13.0,26.0,-18.0,64.24,-20.07,-22.62,-16.810000000000002,-14.62,25.57,-18.1,10.66,-33.85,8.420000000000002,20.59,-0.7800000000000011
2025-08-11T16:33:31.188780,-9.0,-56.0,-50.0,-41.0,25.0,70.0,-39.0,-42.0,39.0,-5.0,8.0,-108.0,4.24,-109.07,-23.62,-51.81,13.38,56.57,-40.1,-44.34,36.15,16.42,2.59,-90.78
2025-08-11T16:33:31.192822,-22.0,26.0,-36.0,35.0,34.0,6.0,4.0,8.0,9.0,21.0,-24.0,-42.0,-8.76,-27.07,-9.620000000000001,24.189999999999998,22.380000000000003,-7.43,2.9,5.66,6.15,42.42,-29.41,-24.78
2025-08-11T16:33:31.200992,-37.0,15.0,-72.0,2.0,2.0,-4.0,51.0,-3.0,-51.0,-70.0,19.0,-29.0,-23.759999999999998,-38.07,-45.620000000000005,-8.81,-9.62,-17.43,49.9,-5.34,-53.85,-48.58,13.59,-11.780000000000001
2025-08-11T16:33:31.205153,40.0,51.0,-65.0,-17.0,80.0,-30.0,26.0,-63.0,13.0,-75.0,-10.0,15.0,53.24,-2.0700000000000003,-38.620000000000005,-27.810000000000002,68.38,-43.43,24.9,-65.34,10.15,-53.58,-15.41,32.22
2025-08-11T16:33:31.213417,57.0,-10.0,32.0,65.0,44.0,5.0,3.0,-1.0,-26.0,20.0,29.0,-3.0,70.24,-63.07,58.379999999999995,54.19,32.38,-8.43,1.9,-3.34,-28.85,41.42,23.59,14.219999999999999
2025-08-11T16:33:31.217996,44.0,48.0,12.0,11.0,33.0,-26.0,-16.0,3.0,8.0,-70.0,-1.0,9.0,57.24,-5.07,38.379999999999995,0.1899999999999995,21.380000000000003,-39.43,-17.1,0.6600000000000001,5.15,-48.58,-6.41,26.22
2025-08-11T16:33:31.225578,37.0,31.0,-12.0,25.0,37.0,22.0,51.0,-13.0,-8.0,15.0,-16.0,35.0,50.24,-22.07,14.379999999999999,14.19,25.380000000000003,8.57,49.9,-15.34,-10.85,36.42,-21.41,52.22
2025-08-11T16:33:31.230647,-99.0,55.0,-39.0,-54.0,-44.0,13.0,-8.0,-27.0,-8.0,24.0,-65.0,34.0,-85.76,1.9299999999999997,-12.620000000000001,-64.81,-55.62,-0.4299999999999997,-9.1,-29.34,-10.85,45.42,-70.41,51.22
2025-08-11T16:33:31.237855,-55.0,130.0,-41.0,51.0,8.0,-25.0,74.0,-3.0,-48.0,27.0,-29.0,42.0,-41.76,76.93,-14.620000000000001,40.19,-3.619999999999999,-38.43,72.9,-5.34,-50.85,48.42,-34.41,59.22
2025-08-11T16:33:31.242762,-34.0,92.0,-47.0,-15.0,-60.0,8.0,40.0,-33.0,-7.0,68.0,-41.0,35.0,-20.759999999999998,38.93,-20.62,-25.810000000000002,-71.62,-5.43,38.9,-35.34,-9.85,89.42,-46.41,52.22
2025-08-11T16:33:31.250092,-24.0,108.0,-111.0,-4.0,58.0,3.0,6.0,-10.0,-8.0,38.0,-44.0,28.0,-10.76,54.93,-84.62,-14.81,46.38,-10.43,4.9,-12.34,-10.85,59.42,-49.41,45.22
2025-08-11T16:33:31.254671,10.0,113.0,-114.0,34.0,58.0,-51.0,-17.0,-18.0,-42.0,31.0,-110.0,52.0,23.240000000000002,59.93,-87.62,23.189999999999998,46.38,-64.43,-18.1,-20.34,-44.85,52.42,-115.41,69.22
2025-08-11T16:33:31.262391,68.0,26.0,-34.0,69.0,59.0,-8.0,-53.0,9.0,11.0,-28.0,-16.0,11.0,81.24,-27.07,-7.620000000000001,58.19,47.38,-21.43,-54.1,6.66,8.15,-6.579999999999998,-21.41,28.22
2025-08-11T16:33:31.266712,42.0,5.0,-18.0,8.0,-107.0,-15.0,20.0,52.0,8.0,46.0,-22.0,31.0,55.24,-48.07,8.379999999999999,-2.8100000000000005,-118.62,-28.43,18.9,49.66,5.15,67.42,-27.41,48.22
2025-08-11T16:33:31.274807,-70.0,-43.0,49.0,94.0,0.0,-10.0,30.0,0.0,47.0,-14.0,14.0,35.0,-56.76,-96.07,75.38,83.19,-11.62,-23.43,28.9,-2.34,44.15,7.420000000000002,8.59,52.22
2025-08-11T16:33:31.278941,-52.0,78.0,-36.0,-46.0,60.0,65.0,-32.0,15.0,1.0,-3.0,-52.0,38.0,-38.76,24.93,-9.620000000000001,-56.81,48.38,51.57,-33.1,12.66,-1.85,18.42,-57.41,55.22
2025-08-11T16:33:31.286965,-9.0,107.0,0.0,-51.0,-67.0,5.0,6.0,43.0,50.0,-44.0,-2.0,31.0,4.24,53.93,26.38,-61.81,-78.62,-8.43,4.9,40.66,47.15,-22.58,-7.41,48.22
2025-08-11T16:33:31.291213,-59.0,93.0,0.0,-6.0,25.0,57.0,34.0,-47.0,60.0,28.0,-11.0,-1.0,-45.76,39.93,26.38,-16.810000000000002,13.38,43.57,32.9,-49.34,57.15,49.42,-16.41,16.22
2025-08-11T16:33:31.299245,-46.0,112.0,-52.0,32.0,-48.0,94.0,34.0,21.0,-36.0,21.0,4.0,43.0,-32.76,58.93,-25.62,21.189999999999998,-59.62,80.57,32.9,18.66,-38.85,42.42,-1.4100000000000001,60.22
2025-08-11T16:33:31.303679,-84.0,58.0,-64.0,-42.0,122.0,10.0,-31.0,-26.0,20.0,-41.0,25.0,-14.0,-70.76,4.93,-37.620000000000005,-52.81,110.38,-3.4299999999999997,-32.1,-28.34,17.15,-19.58,19.59,3.219999999999999
2025-08-11T16:33:31.311430,-2.0,35.0,-70.0,31.0,144.0,34.0,-10.0,-3.0,34.0,97.0,-35.0,1.0,11.24,-18.07,-43.620000000000005,20.189999999999998,132.38,20.57,-11.1,-5.34,31.15,118.42,-40.41,18.22
2025-08-11T16:33:31.315783,26.0,66.0,-68.0,36.0,-48.0,-11.0,7.0,1.0,28.0,28.0,-45.0,5.0,39.24,12.93,-41.620000000000005,25.189999999999998,-59.62,-24.43,5.9,-1.3399999999999999,25.15,49.42,-50.41,22.22
2025-08-11T16:33:31.323803,17.0,57.0,35.0,77.0,47.0,-40.0,-65.0,-20.0,35.0,85.0,-31.0,36.0,30.240000000000002,3.9299999999999997,61.379999999999995,66.19,35.38,-53.43,-66.1,-22.34,32.15,106.42,-36.41,53.22
2025-08-11T16:33:31.328143,9.0,50.0,-151.0,61.0,-59.0,-29.0,-32.0,-9.0,-24.0,-21.0,-24.0,12.0,22.240000000000002,-3.0700000000000003,-124.62,50.19,-70.62,-42.43,-33.1,-11.34,-26.85,0.4200000000000017,-29.41,29.22
2025-08-11T16:33:31.332206,-21.0,-26.0,13.0,17.0,-75.0,40.0,5.0,2.0,-4.0,51.0,1.0,24.0,-7.76,-79.07,39.379999999999995,6.1899999999999995,-86.62,26.57,3.9,-0.33999999999999986,-6.85,72.42,-4.41,41.22
2025-08-11T16:33:31.340371,-3.0,20.0,42.0,60.0,20.0,22.0,7.0,38.0,23.0,12.0,-19.0,55.0,10.24,-33.07,68.38,49.19,8.38,8.57,5.9,35.66,20.15,33.42,-24.41,72.22
2025-08-11T16:33:31.345284,-77.0,12.0,37.0,-70.0,4.0,57.0,-96.0,-22.0,37.0,-23.0,10.0,-9.0,-63.76,-41.07,63.379999999999995,-80.81,-7.619999999999999,43.57,-97.1,-24.34,34.15,-1.5799999999999983,4.59,8.219999999999999
2025-08-11T16:33:31.352496,-22.0,69.0,-48.0,-1.0,69.0,19.0,18.0,64.0,41.0,-35.0,-47.0,35.0,-8.76,15.93,-21.62,-11.81,57.38,5.57,16.9,61.66,38.15,-13.579999999999998,-52.41,52.22
2025-08-11T16:33:31.356621,-69.0,21.0,-105.0,11.0,30.0,-24.0,7.0,50.0,32.0,49.0,-1.0,22.0,-55.76,-32.07,-78.62,0.1899999999999995,18.380000000000003,-37.43,5.9,47.66,29.15,70.42,-6.41,39.22
2025-08-11T16:33:31.365023,2.0,51.0,-132.0,35.0,10.0,57.0,47.0,1.0,33.0,19.0,-90.0,36.0,15.24,-2.0700000000000003,-105.62,24.189999999999998,-1.6199999999999992,43.57,45.9,-1.3399999999999999,30.15,40.42,-95.41,53.22
2025-08-11T16:33:31.368975,-16.0,98.0,-49.0,35.0,-10.0,-11.0,44.0,22.0,-35.0,-12.0,-13.0,1.0,-2.76,44.93,-22.62,24.189999999999998,-21.619999999999997,-24.43,42.9,19.66,-37.85,9.420000000000002,-18.41,18.22
2025-08-11T16:33:31.377147,-36.0,18.0,23.0,3.0,-71.0,65.0,20.0,51.0,27.0,40.0,-3.0,-15.0,-22.759999999999998,-35.07,49.379999999999995,-7.8100000000000005,-82.62,51.57,18.9,48.66,24.15,61.42,-8.41,2.219999999999999
2025-08-11T16:33:31.382268,30.0,-2.0,-76.0,-10.0,10.0,33.0,17.0,-21.0,-53.0,9.0,-9.0,-6.0,43.24,-55.07,-49.620000000000005,-20.810000000000002,-1.6199999999999992,19.57,15.9,-23.34,-55.85,30.42,-14.41,11.219999999999999
2025-08-11T16:33:31.389460,-28.0,67.0,-94.0,-7.0,-11.0,-32.0,34.0,36.0,51.0,42.0,-12.0,7.0,-14.76,13.93,-67.62,-17.810000000000002,-22.619999999999997,-45.43,32.9,33.66,48.15,63.42,-17.41,24.22
2025-08-11T16:33:31.394151,-25.0,55.0,-85.0,-44.0,-27.0,32.0,71.0,26.0,-34.0,20.0,-76.0,-49.0,-11.76,1.9299999999999997,-58.620000000000005,-54.81,-38.62,18.57,69.9,23.66,-36.85,41.42,-81.41,-31.78
2025-08-11T16:33:31.401625,21.0,-4.0,50.0,-12.0,72.0,-14.0,77.0,58.0,21.0,-18.0,-7.0,3.0,34.24,-57.07,76.38,-22.810000000000002,60.38,-27.43,75.9,55.66,18.15,3.4200000000000017,-12.41,20.22
2025-08-11T16:33:31.406728,-78.0,21.0,-80.0,-23.0,-30.0,-86.0,18.0,62.0,-57.0,65.0,-43.0,26.0,-64.76,-32.07,-53.620000000000005,-33.81,-41.62,-99.43,16.9,59.66,-59.85,86.42,-48.41,43.22
2025-08-11T16:33:31.413999,-70.0,9.0,14.0,38.0,38.0,53.0,20.0,31.0,-15.0,49.0,-61.0,4.0,-56.76,-44.07,40.379999999999995,27.189999999999998,26.380000000000003,39.57,18.9,28.66,-17.85,70.42,-66.41,21.22
2025-08-11T16:33:31.418232,-71.0,118.0,21.0,45.0,-8.0,-22.0,31.0,-16.0,-31.0,50.0,-53.0,17.0,-57.76,64.93,47.379999999999995,34.19,-19.619999999999997,-35.43,29.9,-18.34,-33.85,71.42,-58.41,34.22
2025-08-11T16:33:31.426287,-108.0,53.0,-39.0,-13.0,-43.0,8.0,6.0,-4.0,32.0,57.0,-23.0,-28.0,-94.76,-0.07000000000000028,-12.620000000000001,-23.810000000000002,-54.62,-5.43,4.9,-6.34,29.15,78.42,-28.41,-10.780000000000001
2025-08-11T16:33:31.430538,31.0,81.0,-84.0,-62.0,-9.0,55.0,72.0,-42.0,-78.0,26.0,-61.0,19.0,44.24,27.93,-57.620000000000005,-72.81,-20.619999999999997,41.57,70.9,-44.34,-80.85,47.42,-66.41,36.22
2025-08-11T16:33:31.438459,9.0,-1.0,-7.0,10.0,10.0,59.0,59.0,57.0,-3.0,41.0,-8.0,64.0,22.240000000000002,-54.07,19.38,-0.8100000000000005,-1.6199999999999992,45.57,57.9,54.66,-5.85,62.42,-13.41,81.22
2025-08-11T16:33:31.442863,18.0,38.0,-38.0,-36.0,9.0,68.0,17.0,28.0,-3.0,51.0,-84.0,-87.0,31.240000000000002,-15.07,-11.620000000000001,-46.81,-2.619999999999999,54.57,15.9,25.66,-5.85,72.42,-89.41,-69.78
2025-08-11T16:33:31.450791,-8.0,48.0,-7.0,-11.0,37.0,-31.0,83.0,-17.0,-42.0,31.0,42.0,-38.0,5.24,-5.07,19.38,-21.810000000000002,25.380000000000003,-44.43,81.9,-19.34,-44.85,52.42,36.59,-20.78
2025-08-11T16:33:31.455198,51.0,-22.0,-12.0,47.0,61.0,-24.0,-54.0,59.0,40.0,57.0,14.0,-7.0,64.24,-75.07,14.379999999999999,36.19,49.38,-37.43,-55.1,56.66,37.15,78.42,8.59,10.219999999999999
2025-08-11T16:33:31.463126,-12.0,-34.0,-37.0,46.0,-15.0,11.0,39.0,22.0,-2.0,-35.0,28.0,-97.0,1.2400000000000002,-87.07,-10.620000000000001,35.19,-26.619999999999997,-2.4299999999999997,37.9,19.66,-4.85,-13.579999999999998,22.59,-79.78
2025-08-11T16:33:31.467405,-49.0,39.0,-7.0,-1.0,28.0,-5.0,92.0,-49.0,15.0,19.0,73.0,-47.0,-35.76,-14.07,19.38,-11.81,16.380000000000003,-18.43,90.9,-51.34,12.15,40.42,67.59,-29.78
2025-08-11T16:33:31.475339,-72.0,89.0,-6.0,10.0,-36.0,51.0,43.0,-19.0,-32.0,59.0,2.0,-49.0,-58.76,35.93,20.38,-0.8100000000000005,-47.62,37.57,41.9,-21.34,-34.85,80.42,-3.41,-31.78
2025-08-11T16:33:31.479662,-25.0,62.0,-13.0,-96.0,60.0,37.0,59.0,1.0,19.0,-7.0,27.0,-50.0,-11.76,8.93,13.379999999999999,-106.81,48.38,23.57,57.9,-1.3399999999999999,16.15,14.420000000000002,21.59,-32.78
2025-08-11T16:33:31.487640,-13.0,113.0,-103.0,0.0,-5.0,-92.0,46.0,-6.0,13.0,17.0,66.0,-28.0,0.2400000000000002,59.93,-76.62,-10.81,-16.619999999999997,-105.43,44.9,-8.34,10.15,38.42,60.59,-10.780000000000001
2025-08-11T16:33:31.491948,-53.0,-2.0,-80.0,42.0,53.0,37.0,51.0,-35.0,-11.0,1.0,27.0,-28.0,-39.76,-55.07,-53.620000000000005,31.189999999999998,41.38,23.57,49.9,-37.34,-13.85,22.42,21.59,-10.780000000000001
2025-08-11T16:33:31.499980,19.0,-14.0,-13.0,13.0,20.0,21.0,37.0,-33.0,-2.0,-8.0,72.0,-43.0,32.24,-67.07,13.379999999999999,2.1899999999999995,8.38,7.57,35.9,-35.34,-4.85,13.420000000000002,66.59,-25.78
2025-08-11T16:33:31.504303,40.0,23.0,-17.0,36.0,-12.0,51.0,64.0,-80.0,-38.0,75.0,32.0,-65.0,53.24,-30.07,9.379999999999999,25.189999999999998,-23.619999999999997,37.57,62.9,-82.34,-40.85,96.42,26.59,-47.78
2025-08-11T16:33:31.512221,-19.0,15.0,-4.0,-3.0,-2.0,40.0,21.0,-14.0,-4.0,23.0,102.0,-25.0,-5.76,-38.07,22.38,-13.81,-13.62,26.57,19.9,-16.34,-6.85,44.42,96.59,-7.780000000000001
2025-08-11T16:33:31.516474,-46.0,20.0,13.0,-22.0,-2.0,65.0,74.0,29.0,-52.0,29.0,25.0,-52.0,-32.76,-33.07,39.379999999999995,-32.81,-13.62,51.57,72.9,26.66,-54.85,50.42,19.59,-34.78
2025-08-11T16:33:31.520958,-96.0,95.0,-23.0,3.0,84.0,-1.0,63.0,20.0,27.0,-36.0,-3.0,-23.0,-82.76,41.93,3.379999999999999,-7.8100000000000005,72.38,-14.43,61.9,17.66,24.15,-14.579999999999998,-8.41,-5.780000000000001
2025-08-11T16:33:31.528814,-108.0,45.0,-31.0,22.0,17.0,18.0,15.0,-21.0,34.0,44.0,-14.0,-67.0,-94.76,-8.07,-4.620000000000001,11.19,5.380000000000001,4.57,13.9,-23.34,31.15,65.42,-19.41,-49.78
2025-08-11T16:33:31.533679,-38.0,100.0,-52.0,7.0,0.0,9.0,25.0,-30.0,49.0,-14.0,3.0,-51.0,-24.759999999999998,46.93,-25.62,-3.8100000000000005,-11.62,-4.43,23.9,-32.34,46.15,7.420000000000002,-2.41,-33.78
2025-08-11T16:33:31.540949,-72.0,25.0,-74.0,-46.0,-36.0,34.0,11.0,-1.0,5.0,20.0,101.0,-63.0,-58.76,-28.07,-47.620000000000005,-56.81,-47.62,20.57,9.9,-3.34,2.15,41.42,95.59,-45.78
2025-08-11T16:33:31.546310,24.0,64.0,-81.0,6.0,-46.0,40.0,56.0,-17.0,-46.0,-41.0,65.0,-8.0,37.24,10.93,-54.620000000000005,-4.8100000000000005,-57.62,26.57,54.9,-19.34,-48.85,-19.58,59.59,9.219999999999999
2025-08-11T16:33:31.553258,23.0,84.0,-102.0,27.0,2.0,82.0,33.0,-50.0,18.0,-46.0,63.0,-77.0,36.24,30.93,-75.62,16.189999999999998,-9.62,68.57,31.9,-52.34,15.15,-24.58,57.59,-59.78
