timestamp,x1,y1,z1,x2,y2,z2,x3,y3,z3,x4,y4,z4,x1_calib,y1_calib,z1_calib,x2_calib,y2_calib,z2_calib,x3_calib,y3_calib,z3_calib,x4_calib,y4_calib,z4_calib
2025-08-13T14:33:12.142497,28.0,42.0,-11.0,11.0,3.0,-49.0,29.0,83.0,-1.0,-29.0,-23.0,-50.0,51.25,-0.4299999999999997,37.04,9.02,-8.42,-25.97,15.82,90.23,18.18,8.420000000000002,-39.870000000000005,-17.78
2025-08-13T14:33:12.149288,-3.0,0.0,-27.0,-32.0,-40.0,5.0,-67.0,-18.0,-39.0,-77.0,-20.0,-57.0,20.25,-42.43,21.04,-33.98,-51.42,28.03,-80.18,-10.77,-19.82,-39.58,-36.870000000000005,-24.78
2025-08-13T14:33:12.154324,-129.0,-8.0,21.0,-35.0,23.0,41.0,-28.0,-10.0,-33.0,-51.0,36.0,-106.0,-105.75,-50.43,69.03999999999999,-36.98,11.58,64.03,-41.18,-2.7699999999999996,-13.82,-13.579999999999998,19.13,-73.78
2025-08-13T14:33:12.161575,-35.0,99.0,-37.0,-38.0,27.0,-30.0,47.0,-38.0,-37.0,-79.0,85.0,-17.0,-11.75,56.57,11.04,-39.98,15.58,-6.969999999999999,33.82,-30.77,-17.82,-41.58,68.13,15.219999999999999
2025-08-13T14:33:12.165985,-79.0,89.0,-124.0,-21.0,35.0,-39.0,-9.0,-37.0,-46.0,-51.0,47.0,-105.0,-55.75,46.57,-75.96000000000001,-22.98,23.58,-15.969999999999999,-22.18,-29.77,-26.82,-13.579999999999998,30.13,-72.78
2025-08-13T14:33:12.170165,38.0,112.0,-100.0,2.0,8.0,0.0,28.0,-3.0,-67.0,-37.0,73.0,-38.0,61.25,69.57,-51.96,0.020000000000000018,-3.42,23.03,14.82,4.23,-47.82,0.4200000000000017,56.129999999999995,-5.780000000000001
2025-08-13T14:33:12.178240,5.0,78.0,-129.0,18.0,-17.0,-28.0,11.0,-75.0,24.0,-80.0,52.0,-13.0,28.25,35.57,-80.96000000000001,16.02,-28.42,-4.969999999999999,-2.1799999999999997,-67.77,43.18,-42.58,35.129999999999995,19.22
2025-08-13T14:33:12.182205,-24.0,-50.0,-61.0,11.0,-4.0,42.0,-22.0,-40.0,91.0,-74.0,5.0,-22.0,-0.75,-92.43,-12.96,9.02,-15.42,65.03,-35.18,-32.769999999999996,110.18,-36.58,-11.870000000000001,10.219999999999999
2025-08-13T14:33:12.190491,-26.0,89.0,-102.0,-10.0,-20.0,-33.0,0.0,9.0,27.0,-77.0,31.0,5.0,-2.75,46.57,-53.96,-11.98,-31.42,-9.969999999999999,-13.18,16.23,46.18,-39.58,14.129999999999999,37.22
2025-08-13T14:33:12.194709,-45.0,76.0,-36.0,-50.0,40.0,62.0,77.0,-81.0,-33.0,-49.0,49.0,-45.0,-21.75,33.57,12.04,-51.98,28.58,85.03,63.82,-73.77,-13.82,-11.579999999999998,32.129999999999995,-12.780000000000001
2025-08-13T14:33:12.202800,20.0,24.0,12.0,-29.0,21.0,-76.0,-13.0,29.0,29.0,-46.0,116.0,-53.0,43.25,-18.43,60.04,-30.98,9.58,-52.97,-26.18,36.230000000000004,48.18,-8.579999999999998,99.13,-20.78
2025-08-13T14:33:12.206810,-42.0,8.0,-4.0,-11.0,30.0,-27.0,-2.0,60.0,-43.0,-77.0,-35.0,-42.0,-18.75,-34.43,44.04,-12.98,18.58,-3.969999999999999,-15.18,67.23,-23.82,-39.58,-51.870000000000005,-9.780000000000001
2025-08-13T14:33:12.215098,-51.0,45.0,-32.0,11.0,-18.0,-30.0,-73.0,-23.0,10.0,-63.0,49.0,-51.0,-27.75,2.5700000000000003,16.04,9.02,-29.42,-6.969999999999999,-86.18,-15.77,29.18,-25.58,32.129999999999995,-18.78
2025-08-13T14:33:12.219125,-50.0,73.0,-135.0,-70.0,13.0,-25.0,22.0,17.0,-44.0,-43.0,16.0,-77.0,-26.75,30.57,-86.96000000000001,-71.98,1.58,-1.9699999999999989,8.82,24.23,-24.82,-5.579999999999998,-0.870000000000001,-44.78
2025-08-13T14:33:12.227372,-57.0,98.0,-28.0,-12.0,0.0,-25.0,17.0,32.0,9.0,-55.0,17.0,-11.0,-33.75,55.57,20.04,-13.98,-11.42,-1.9699999999999989,3.8200000000000003,39.230000000000004,28.18,-17.58,0.129999999999999,21.22
2025-08-13T14:33:12.231538,30.0,67.0,-80.0,15.0,-23.0,-20.0,25.0,8.0,-3.0,-48.0,37.0,-31.0,53.25,24.57,-31.96,13.02,-34.42,3.030000000000001,11.82,15.23,16.18,-10.579999999999998,20.13,1.2199999999999989
2025-08-13T14:33:12.239546,16.0,23.0,-163.0,-27.0,13.0,31.0,-23.0,-1.0,-25.0,-67.0,63.0,-56.0,39.25,-19.43,-114.96000000000001,-28.98,1.58,54.03,-36.18,6.23,-5.82,-29.58,46.129999999999995,-23.78
2025-08-13T14:33:12.243707,-23.0,27.0,-47.0,-53.0,27.0,-37.0,-50.0,0.0,-56.0,-45.0,45.0,-52.0,0.25,-15.43,1.0399999999999991,-54.98,15.58,-13.969999999999999,-63.18,7.23,-36.82,-7.579999999999998,28.13,-19.78
2025-08-13T14:33:12.252012,-161.0,9.0,-87.0,-45.0,70.0,-90.0,20.0,3.0,15.0,-31.0,46.0,-15.0,-137.75,-33.43,-38.96,-46.98,58.58,-66.97,6.82,10.23,34.18,6.420000000000002,29.13,17.22
2025-08-13T14:33:12.256132,-41.0,69.0,-1.0,-10.0,-30.0,-2.0,-25.0,-4.0,2.0,-105.0,46.0,-26.0,-17.75,26.57,47.04,-11.98,-41.42,21.03,-38.18,3.2300000000000004,21.18,-67.58,29.13,6.219999999999999
2025-08-13T14:33:12.264297,-75.0,50.0,-93.0,25.0,36.0,38.0,6.0,-33.0,-36.0,-62.0,10.0,-25.0,-51.75,7.57,-44.96,23.02,24.58,61.03,-7.18,-25.77,-16.82,-24.58,-6.870000000000001,7.219999999999999
2025-08-13T14:33:12.268651,-18.0,74.0,-84.0,-42.0,-28.0,-62.0,-38.0,-3.0,-69.0,-103.0,19.0,-6.0,5.25,31.57,-35.96,-43.98,-39.42,-38.97,-51.18,4.23,-49.82,-65.58,2.129999999999999,26.22
2025-08-13T14:33:12.276504,-4.0,6.0,-89.0,-13.0,28.0,6.0,35.0,22.0,-73.0,-93.0,0.0,-74.0,19.25,-36.43,-40.96,-14.98,16.58,29.03,21.82,29.23,-53.82,-55.58,-16.87,-41.78
2025-08-13T14:33:12.280993,33.0,56.0,-89.0,-42.0,39.0,43.0,-4.0,28.0,39.0,-58.0,65.0,-77.0,56.25,13.57,-40.96,-43.98,27.58,66.03,-17.18,35.230000000000004,58.18,-20.58,48.129999999999995,-44.78
2025-08-13T14:33:12.288937,-10.0,49.0,-59.0,-35.0,59.0,-100.0,-7.0,14.0,-53.0,-72.0,92.0,-38.0,13.25,6.57,-10.96,-36.98,47.58,-76.97,-20.18,21.23,-33.82,-34.58,75.13,-5.780000000000001
2025-08-13T14:33:12.293683,-16.0,-12.0,-66.0,25.0,46.0,-76.0,15.0,0.0,-35.0,-57.0,45.0,-39.0,7.25,-54.43,-17.96,23.02,34.58,-52.97,1.8200000000000003,7.23,-15.82,-19.58,28.13,-6.780000000000001
2025-08-13T14:33:12.301186,-42.0,52.0,-51.0,9.0,-19.0,-42.0,40.0,20.0,-33.0,-6.0,78.0,-67.0,-18.75,9.57,-2.960000000000001,7.02,-30.42,-18.97,26.82,27.23,-13.82,31.42,61.129999999999995,-34.78
2025-08-13T14:33:12.306115,-39.0,99.0,4.0,-19.0,-14.0,12.0,-9.0,33.0,-103.0,-96.0,51.0,-38.0,-15.75,56.57,52.04,-20.98,-25.42,35.03,-22.18,40.230000000000004,-83.82,-58.58,34.129999999999995,-5.780000000000001
2025-08-13T14:33:12.313629,-3.0,51.0,-147.0,-33.0,-61.0,-15.0,50.0,76.0,-66.0,-80.0,40.0,2.0,20.25,8.57,-98.96000000000001,-34.98,-72.42,8.030000000000001,36.82,83.23,-46.82,-42.58,23.13,34.22
2025-08-13T14:33:12.318216,-23.0,120.0,-98.0,-26.0,48.0,-39.0,10.0,21.0,-40.0,-40.0,87.0,-41.0,0.25,77.57,-49.96,-27.98,36.58,-15.969999999999999,-3.1799999999999997,28.23,-20.82,-2.5799999999999983,70.13,-8.780000000000001
2025-08-13T14:33:12.326326,38.0,33.0,-81.0,-66.0,46.0,-41.0,-38.0,-30.0,-57.0,-98.0,38.0,1.0,61.25,-9.43,-32.96,-67.98,34.58,-17.97,-51.18,-22.77,-37.82,-60.58,21.13,33.22
2025-08-13T14:33:12.332328,27.0,20.0,-85.0,36.0,26.0,-17.0,3.0,61.0,-52.0,-96.0,28.0,-34.0,50.25,-22.43,-36.96,34.02,14.58,6.030000000000001,-10.18,68.23,-32.82,-58.58,11.129999999999999,-1.7800000000000011
2025-08-13T14:33:12.338031,-27.0,63.0,-50.0,39.0,-44.0,-72.0,73.0,21.0,-17.0,-38.0,-5.0,9.0,-3.75,20.57,-1.9600000000000009,37.02,-55.42,-48.97,59.82,28.23,2.1799999999999997,-0.5799999999999983,-21.87,41.22
2025-08-13T14:33:12.344079,10.0,99.0,-57.0,32.0,3.0,-37.0,19.0,23.0,-64.0,-66.0,89.0,-85.0,33.25,56.57,-8.96,30.02,-8.42,-13.969999999999999,5.82,30.23,-44.82,-28.58,72.13,-52.78
2025-08-13T14:33:12.350074,-11.0,24.0,-89.0,0.0,40.0,-18.0,6.0,7.0,-15.0,-109.0,43.0,9.0,12.25,-18.43,-40.96,-1.98,28.58,5.030000000000001,-7.18,14.23,4.18,-71.58,26.13,41.22
2025-08-13T14:33:12.357003,-107.0,-22.0,2.0,-30.0,10.0,-70.0,25.0,8.0,-44.0,5.0,5.0,23.0,-83.75,-64.43,50.04,-31.98,-1.42,-46.97,11.82,15.23,-24.82,42.42,-11.870000000000001,55.22
2025-08-13T14:33:12.362373,-127.0,-27.0,-32.0,-61.0,-24.0,4.0,6.0,-58.0,-47.0,-47.0,-3.0,-27.0,-103.75,-69.43,16.04,-62.98,-35.42,27.03,-7.18,-50.769999999999996,-27.82,-9.579999999999998,-19.87,5.219999999999999
2025-08-13T14:33:12.367697,-54.0,128.0,-37.0,12.0,54.0,-51.0,49.0,25.0,-37.0,-81.0,41.0,-2.0,-30.75,85.57,11.04,10.02,42.58,-27.97,35.82,32.230000000000004,-17.82,-43.58,24.13,30.22
2025-08-13T14:33:12.371257,-22.0,77.0,-84.0,6.0,8.0,-105.0,-1.0,-55.0,44.0,-13.0,52.0,-34.0,1.25,34.57,-35.96,4.02,-3.42,-81.97,-14.18,-47.769999999999996,63.18,24.42,35.129999999999995,-1.7800000000000011
2025-08-13T14:33:12.379052,-44.0,42.0,-79.0,21.0,-11.0,-42.0,2.0,-57.0,32.0,-65.0,136.0,-38.0,-20.75,-0.4299999999999997,-30.96,19.02,-22.42,-18.97,-11.18,-49.769999999999996,51.18,-27.58,119.13,-5.780000000000001
2025-08-13T14:33:12.386959,14.0,82.0,-39.0,23.0,-24.0,-65.0,-18.0,-19.0,3.0,-39.0,13.0,-29.0,37.25,39.57,9.04,21.02,-35.42,-41.97,-31.18,-11.77,22.18,-1.5799999999999983,-3.870000000000001,3.219999999999999
2025-08-13T14:33:12.391509,-39.0,87.0,-95.0,-7.0,48.0,-45.0,25.0,-12.0,-55.0,-68.0,-13.0,-61.0,-15.75,44.57,-46.96,-8.98,36.58,-21.97,11.82,-4.77,-35.82,-30.58,-29.87,-28.78
2025-08-13T14:33:12.399513,117.0,74.0,12.0,-18.0,61.0,-54.0,-4.0,-25.0,12.0,-107.0,39.0,-54.0,140.25,31.57,60.04,-19.98,49.58,-30.97,-17.18,-17.77,31.18,-69.58,22.13,-21.78
2025-08-13T14:33:12.404061,-50.0,-19.0,3.0,14.0,34.0,-47.0,-6.0,-22.0,32.0,-18.0,52.0,-32.0,-26.75,-61.43,51.04,12.02,22.58,-23.97,-19.18,-14.77,51.18,19.42,35.129999999999995,0.21999999999999886
2025-08-13T14:33:12.408237,-28.0,109.0,12.0,-35.0,35.0,21.0,0.0,-2.0,-7.0,-58.0,27.0,-86.0,-4.75,66.57,60.04,-36.98,23.58,44.03,-13.18,5.23,12.18,-20.58,10.129999999999999,-53.78
2025-08-13T14:33:12.415978,-44.0,143.0,-24.0,17.0,34.0,15.0,60.0,-61.0,-3.0,-79.0,-6.0,-40.0,-20.75,100.57,24.04,15.02,22.58,38.03,46.82,-53.769999999999996,16.18,-41.58,-22.87,-7.780000000000001
2025-08-13T14:33:12.424540,-30.0,77.0,-122.0,-17.0,-24.0,-125.0,1.0,66.0,-24.0,-94.0,-17.0,-55.0,-6.75,34.57,-73.96000000000001,-18.98,-35.42,-101.97,-12.18,73.23,-4.82,-56.58,-33.870000000000005,-22.78
2025-08-13T14:33:12.428343,-34.0,32.0,-69.0,33.0,-1.0,-45.0,-35.0,-33.0,-43.0,-106.0,8.0,-82.0,-10.75,-10.43,-20.96,31.02,-12.42,-21.97,-48.18,-25.77,-23.82,-68.58,-8.870000000000001,-49.78
2025-08-13T14:33:12.432892,29.0,9.0,-101.0,-3.0,27.0,28.0,-72.0,-26.0,-59.0,-42.0,97.0,-27.0,52.25,-33.43,-52.96,-4.98,15.58,51.03,-85.18,-18.77,-39.82,-4.579999999999998,80.13,5.219999999999999
2025-08-13T14:33:12.440818,-18.0,46.0,48.0,21.0,51.0,-24.0,-4.0,33.0,-22.0,-42.0,34.0,-35.0,5.25,3.5700000000000003,96.03999999999999,19.02,39.58,-0.9699999999999989,-17.18,40.230000000000004,-2.8200000000000003,-4.579999999999998,17.13,-2.780000000000001
2025-08-13T14:33:12.445286,-88.0,-69.0,-16.0,-24.0,8.0,-50.0,38.0,22.0,-78.0,-120.0,32.0,-25.0,-64.75,-111.43,32.04,-25.98,-3.42,-26.97,24.82,29.23,-58.82,-82.58,15.129999999999999,7.219999999999999
2025-08-13T14:33:12.452834,-36.0,70.0,-30.0,65.0,101.0,-57.0,34.0,32.0,-46.0,-105.0,-9.0,-83.0,-12.75,27.57,18.04,63.02,89.58,-33.97,20.82,39.230000000000004,-26.82,-67.58,-25.87,-50.78
2025-08-13T14:33:12.457420,33.0,112.0,-81.0,-46.0,-55.0,-50.0,31.0,55.0,9.0,-59.0,73.0,-54.0,56.25,69.57,-32.96,-47.98,-66.42,-26.97,17.82,62.230000000000004,28.18,-21.58,56.129999999999995,-21.78
2025-08-13T14:33:12.465044,48.0,7.0,-97.0,-27.0,24.0,-17.0,21.0,-61.0,-64.0,5.0,47.0,-97.0,71.25,-35.43,-48.96,-28.98,12.58,6.030000000000001,7.82,-53.769999999999996,-44.82,42.42,30.13,-64.78
2025-08-13T14:33:12.469838,-67.0,50.0,-69.0,26.0,-63.0,33.0,64.0,22.0,-34.0,-22.0,49.0,-74.0,-43.75,7.57,-20.96,24.02,-74.42,56.03,50.82,29.23,-14.82,15.420000000000002,32.129999999999995,-41.78
2025-08-13T14:33:12.477576,20.0,89.0,-50.0,-50.0,18.0,18.0,100.0,-20.0,-4.0,-11.0,64.0,-25.0,43.25,46.57,-1.9600000000000009,-51.98,6.58,41.03,86.82,-12.77,15.18,26.42,47.129999999999995,7.219999999999999
2025-08-13T14:33:12.481922,34.0,-52.0,-28.0,-5.0,64.0,-76.0,34.0,10.0,-51.0,-44.0,36.0,-21.0,57.25,-94.43,20.04,-6.98,52.58,-52.97,20.82,17.23,-31.82,-6.579999999999998,19.13,11.219999999999999
2025-08-13T14:33:12.489739,-29.0,-11.0,-40.0,-38.0,-10.0,-32.0,76.0,8.0,-78.0,-10.0,-1.0,-4.0,-5.75,-53.43,8.04,-39.98,-21.42,-8.969999999999999,62.82,15.23,-58.82,27.42,-17.87,28.22
2025-08-13T14:33:12.495296,-37.0,29.0,-48.0,13.0,15.0,-42.0,30.0,-5.0,-47.0,-84.0,-22.0,-16.0,-13.75,-13.43,0.03999999999999915,11.02,3.58,-18.97,16.82,2.2300000000000004,-27.82,-46.58,-38.870000000000005,16.22
2025-08-13T14:33:12.501906,-48.0,73.0,11.0,-5.0,87.0,17.0,76.0,6.0,-12.0,-19.0,52.0,-5.0,-24.75,30.57,59.04,-6.98,75.58,40.03,62.82,13.23,7.18,18.42,35.129999999999995,27.22
2025-08-13T14:33:12.507480,-74.0,142.0,-5.0,-55.0,24.0,-28.0,14.0,-9.0,-9.0,-23.0,27.0,-67.0,-50.75,99.57,43.04,-56.98,12.58,-4.969999999999999,0.8200000000000003,-1.7699999999999996,10.18,14.420000000000002,10.129999999999999,-34.78
2025-08-13T14:33:12.514137,10.0,78.0,-37.0,12.0,35.0,-9.0,14.0,-72.0,14.0,-78.0,11.0,-23.0,33.25,35.57,11.04,10.02,23.58,14.030000000000001,0.8200000000000003,-64.77,33.18,-40.58,-5.870000000000001,9.219999999999999
2025-08-13T14:33:12.519764,-58.0,69.0,-109.0,-48.0,-50.0,-68.0,13.0,44.0,-44.0,6.0,61.0,-32.0,-34.75,26.57,-60.96,-49.98,-61.42,-44.97,-0.17999999999999972,51.230000000000004,-24.82,43.42,44.129999999999995,0.21999999999999886
2025-08-13T14:33:12.526682,50.0,60.0,-113.0,-26.0,37.0,-16.0,21.0,1.0,22.0,-125.0,60.0,-81.0,73.25,17.57,-64.96000000000001,-27.98,25.58,7.030000000000001,7.82,8.23,41.18,-87.58,43.129999999999995,-48.78
2025-08-13T14:33:12.533003,-24.0,82.0,-64.0,-75.0,-6.0,-33.0,-16.0,26.0,-48.0,-71.0,35.0,-34.0,-0.75,39.57,-15.96,-76.98,-17.42,-9.969999999999999,-29.18,33.230000000000004,-28.82,-33.58,18.13,-1.7800000000000011
2025-08-13T14:33:12.538856,19.0,24.0,-48.0,40.0,11.0,-72.0,26.0,48.0,-14.0,-75.0,74.0,-83.0,42.25,-18.43,0.03999999999999915,38.02,-0.41999999999999993,-48.97,12.82,55.230000000000004,5.18,-37.58,57.129999999999995,-50.78
2025-08-13T14:33:12.544507,-11.0,22.0,-10.0,-23.0,-75.0,-88.0,-37.0,-62.0,-11.0,-22.0,42.0,-15.0,12.25,-20.43,38.04,-24.98,-86.42,-64.97,-50.18,-54.769999999999996,8.18,15.420000000000002,25.13,17.22
2025-08-13T14:33:12.551165,-74.0,135.0,11.0,83.0,-44.0,26.0,-33.0,67.0,-42.0,-60.0,-20.0,-12.0,-50.75,92.57,59.04,81.02,-55.42,49.03,-46.18,74.23,-22.82,-22.58,-36.870000000000005,20.22
2025-08-13T14:33:12.556645,-38.0,68.0,-65.0,22.0,16.0,-29.0,-2.0,36.0,-16.0,-33.0,52.0,-50.0,-14.75,25.57,-16.96,20.02,4.58,-5.969999999999999,-15.18,43.230000000000004,3.1799999999999997,4.420000000000002,35.129999999999995,-17.78
2025-08-13T14:33:12.563372,-18.0,77.0,-82.0,-28.0,39.0,-38.0,20.0,26.0,-21.0,-96.0,96.0,-22.0,5.25,34.57,-33.96,-29.98,27.58,-14.969999999999999,6.82,33.230000000000004,-1.8200000000000003,-58.58,79.13,10.219999999999999
2025-08-13T14:33:12.569082,-18.0,-27.0,-49.0,-31.0,44.0,-44.0,9.0,12.0,11.0,-64.0,65.0,-20.0,5.25,-69.43,-0.9600000000000009,-32.98,32.58,-20.97,-4.18,19.23,30.18,-26.58,48.129999999999995,12.219999999999999
2025-08-13T14:33:12.575743,-1.0,24.0,-77.0,16.0,113.0,47.0,52.0,10.0,-52.0,-57.0,3.0,-3.0,22.25,-18.43,-28.96,14.02,101.58,70.03,38.82,17.23,-32.82,-19.58,-13.870000000000001,29.22
2025-08-13T14:33:12.580086,-17.0,-25.0,-4.0,25.0,-43.0,-66.0,-23.0,26.0,-32.0,-6.0,33.0,-40.0,6.25,-67.43,44.04,23.02,-54.42,-42.97,-36.18,33.230000000000004,-12.82,31.42,16.13,-7.780000000000001
2025-08-13T14:33:12.587950,-3.0,-8.0,-1.0,54.0,-63.0,13.0,79.0,25.0,18.0,-51.0,67.0,-38.0,20.25,-50.43,47.04,52.02,-74.42,36.03,65.82,32.230000000000004,37.18,-13.579999999999998,50.129999999999995,-5.780000000000001
2025-08-13T14:33:12.592527,25.0,80.0,-41.0,0.0,41.0,16.0,107.0,82.0,-63.0,-89.0,71.0,-84.0,48.25,37.57,7.039999999999999,-1.98,29.58,39.03,93.82,89.23,-43.82,-51.58,54.129999999999995,-51.78
2025-08-13T14:33:12.600375,-83.0,15.0,-39.0,-18.0,-24.0,-3.0,-65.0,43.0,-58.0,-57.0,38.0,-13.0,-59.75,-27.43,9.04,-19.98,-35.42,20.03,-78.18,50.230000000000004,-38.82,-19.58,21.13,19.22
2025-08-13T14:33:12.605749,-44.0,107.0,-28.0,-13.0,-22.0,-68.0,59.0,6.0,-51.0,-21.0,-7.0,-71.0,-20.75,64.57,20.04,-14.98,-33.42,-44.97,45.82,13.23,-31.82,16.42,-23.87,-38.78
2025-08-13T14:33:12.612418,-59.0,137.0,-69.0,44.0,42.0,2.0,93.0,-41.0,24.0,-84.0,0.0,-135.0,-35.75,94.57,-20.96,42.02,30.58,25.03,79.82,-33.769999999999996,43.18,-46.58,-16.87,-102.78
2025-08-13T14:33:12.616967,25.0,118.0,-17.0,24.0,37.0,-39.0,-9.0,-54.0,-141.0,-83.0,38.0,-70.0,48.25,75.57,31.04,22.02,25.58,-15.969999999999999,-22.18,-46.769999999999996,-121.82,-45.58,21.13,-37.78
2025-08-13T14:33:12.624635,-3.0,16.0,-63.0,32.0,-7.0,0.0,14.0,-85.0,6.0,-65.0,21.0,-84.0,20.25,-26.43,-14.96,30.02,-18.42,23.03,0.8200000000000003,-77.77,25.18,-27.58,4.129999999999999,-51.78
2025-08-13T14:33:12.629134,-23.0,9.0,-48.0,19.0,-46.0,-58.0,40.0,-22.0,-27.0,-51.0,14.0,-49.0,0.25,-33.43,0.03999999999999915,17.02,-57.42,-34.97,26.82,-14.77,-7.82,-13.579999999999998,-2.870000000000001,-16.78
2025-08-13T14:33:12.636974,-54.0,-4.0,12.0,28.0,19.0,-41.0,-6.0,-34.0,-76.0,-55.0,10.0,-7.0,-30.75,-46.43,60.04,26.02,7.58,-17.97,-19.18,-26.77,-56.82,-17.58,-6.870000000000001,25.22
2025-08-13T14:33:12.641500,-2.0,77.0,-52.0,-41.0,-5.0,18.0,19.0,3.0,-27.0,-58.0,19.0,-42.0,21.25,34.57,-3.960000000000001,-42.98,-16.42,41.03,5.82,10.23,-7.82,-20.58,2.129999999999999,-9.780000000000001
2025-08-13T14:33:12.649272,-23.0,50.0,-48.0,-77.0,-18.0,11.0,24.0,-84.0,27.0,-74.0,-71.0,-55.0,0.25,7.57,0.03999999999999915,-78.98,-29.42,34.03,10.82,-76.77,46.18,-36.58,-87.87,-22.78
2025-08-13T14:33:12.653925,-52.0,89.0,-52.0,-40.0,20.0,-72.0,-38.0,41.0,-61.0,-125.0,0.0,-47.0,-28.75,46.57,-3.960000000000001,-41.98,8.58,-48.97,-51.18,48.230000000000004,-41.82,-87.58,-16.87,-14.780000000000001
2025-08-13T14:33:12.661661,-33.0,95.0,-82.0,-18.0,67.0,-10.0,-36.0,26.0,-13.0,-2.0,30.0,-19.0,-9.75,52.57,-33.96,-19.98,55.58,13.030000000000001,-49.18,33.230000000000004,6.18,35.42,13.129999999999999,13.219999999999999
2025-08-13T14:33:12.665996,-3.0,56.0,-102.0,27.0,46.0,53.0,-24.0,-6.0,-21.0,48.0,94.0,-54.0,20.25,13.57,-53.96,25.02,34.58,76.03,-37.18,1.2300000000000004,-1.8200000000000003,85.42,77.13,-21.78
2025-08-13T14:33:12.673806,33.0,34.0,-54.0,36.0,0.0,12.0,-2.0,37.0,1.0,-100.0,27.0,-39.0,56.25,-8.43,-5.960000000000001,34.02,-11.42,35.03,-15.18,44.230000000000004,20.18,-62.58,10.129999999999999,-6.780000000000001
2025-08-13T14:33:12.678353,48.0,-49.0,50.0,-32.0,-11.0,-32.0,-4.0,-23.0,-2.0,-19.0,54.0,-15.0,71.25,-91.43,98.03999999999999,-33.98,-22.42,-8.969999999999999,-17.18,-15.77,17.18,18.42,37.129999999999995,17.22
2025-08-13T14:33:12.682724,9.0,-4.0,7.0,-38.0,66.0,-4.0,8.0,-26.0,8.0,-65.0,63.0,-98.0,32.25,-46.43,55.04,-39.98,54.58,19.03,-5.18,-18.77,27.18,-27.58,46.129999999999995,-65.78
2025-08-13T14:33:12.690491,-69.0,-2.0,-35.0,-5.0,46.0,-67.0,13.0,-79.0,-61.0,-95.0,84.0,73.0,-45.75,-44.43,13.04,-6.98,34.58,-43.97,-0.17999999999999972,-71.77,-41.82,-57.58,67.13,105.22
2025-08-13T14:33:12.698477,-28.0,75.0,-47.0,-24.0,40.0,-38.0,-1.0,-27.0,-52.0,-102.0,65.0,-32.0,-4.75,32.57,1.0399999999999991,-25.98,28.58,-14.969999999999999,-14.18,-19.77,-32.82,-64.58,48.129999999999995,0.21999999999999886
2025-08-13T14:33:12.702898,-21.0,42.0,-48.0,47.0,52.0,-29.0,27.0,63.0,14.0,-45.0,52.0,-17.0,2.25,-0.4299999999999997,0.03999999999999915,45.02,40.58,-5.969999999999999,13.82,70.23,33.18,-7.579999999999998,35.129999999999995,15.219999999999999
2025-08-13T14:33:12.710546,-29.0,50.0,-59.0,53.0,14.0,-28.0,36.0,-35.0,-24.0,-106.0,17.0,15.0,-5.75,7.57,-10.96,51.02,2.58,-4.969999999999999,22.82,-27.77,-4.82,-68.58,0.129999999999999,47.22
2025-08-13T14:33:12.714896,35.0,83.0,-35.0,0.0,-12.0,-7.0,-40.0,93.0,-101.0,-56.0,39.0,21.0,58.25,40.57,13.04,-1.98,-23.42,16.03,-53.18,100.23,-81.82,-18.58,22.13,53.22
2025-08-13T14:33:12.722779,-71.0,70.0,-59.0,0.0,-50.0,-17.0,-2.0,25.0,-52.0,-73.0,70.0,69.0,-47.75,27.57,-10.96,-1.98,-61.42,6.030000000000001,-15.18,32.230000000000004,-32.82,-35.58,53.129999999999995,101.22
2025-08-13T14:33:12.727263,53.0,-12.0,-89.0,-36.0,85.0,-11.0,13.0,1.0,-27.0,-42.0,-12.0,-6.0,76.25,-54.43,-40.96,-37.98,73.58,12.030000000000001,-0.17999999999999972,8.23,-7.82,-4.579999999999998,-28.87,26.22
2025-08-13T14:33:12.735152,-52.0,15.0,-51.0,-12.0,13.0,-110.0,12.0,-60.0,-60.0,-84.0,67.0,30.0,-28.75,-27.43,-2.960000000000001,-13.98,1.58,-86.97,-1.1799999999999997,-52.769999999999996,-40.82,-46.58,50.129999999999995,62.22
2025-08-13T14:33:12.739502,3.0,23.0,-9.0,7.0,53.0,-4.0,46.0,-20.0,-2.0,-115.0,32.0,1.0,26.25,-19.43,39.04,5.02,41.58,19.03,32.82,-12.77,17.18,-77.58,15.129999999999999,33.22
2025-08-13T14:33:12.746988,-56.0,20.0,-33.0,-6.0,3.0,2.0,38.0,27.0,-76.0,-64.0,-98.0,70.0,-32.75,-22.43,15.04,-7.98,-8.42,25.03,24.82,34.230000000000004,-56.82,-26.58,-114.87,102.22
2025-08-13T14:33:12.752963,18.0,61.0,20.0,-1.0,-3.0,-52.0,-20.0,-32.0,-15.0,-6.0,-51.0,49.0,41.25,18.57,68.03999999999999,-2.98,-14.42,-28.97,-33.18,-24.77,4.18,31.42,-67.87,81.22
2025-08-13T14:33:12.759517,-28.0,-27.0,-13.0,-10.0,41.0,-27.0,14.0,-27.0,-21.0,36.0,-70.0,64.0,-4.75,-69.43,35.04,-11.98,29.58,-3.969999999999999,0.8200000000000003,-19.77,-1.8200000000000003,73.42,-86.87,96.22
2025-08-13T14:33:12.763957,-93.0,74.0,3.0,-33.0,6.0,3.0,53.0,-4.0,-32.0,-17.0,34.0,21.0,-69.75,31.57,51.04,-34.98,-5.42,26.03,39.82,3.2300000000000004,-12.82,20.42,17.13,53.22
2025-08-13T14:33:12.770090,-17.0,87.0,-63.0,-37.0,-23.0,4.0,61.0,-53.0,-69.0,-25.0,41.0,35.0,6.25,44.57,-14.96,-38.98,-34.42,27.03,47.82,-45.769999999999996,-49.82,12.420000000000002,24.13,67.22
2025-08-13T14:33:12.776317,-46.0,142.0,-69.0,1.0,-65.0,-40.0,44.0,11.0,-86.0,-47.0,6.0,-43.0,-22.75,99.57,-20.96,-0.98,-76.42,-16.97,30.82,18.23,-66.82,-9.579999999999998,-10.870000000000001,-10.780000000000001
2025-08-13T14:33:12.780508,11.0,42.0,-83.0,8.0,82.0,46.0,46.0,-1.0,7.0,-10.0,-7.0,-16.0,34.25,-0.4299999999999997,-34.96,6.02,70.58,69.03,32.82,6.23,26.18,27.42,-23.87,16.22
2025-08-13T14:33:12.788565,-35.0,122.0,-48.0,-17.0,95.0,-92.0,-32.0,-22.0,3.0,11.0,-24.0,-7.0,-11.75,79.57,0.03999999999999915,-18.98,83.58,-68.97,-45.18,-14.77,22.18,48.42,-40.870000000000005,25.22
2025-08-13T14:33:12.792819,74.0,10.0,-92.0,1.0,38.0,-31.0,33.0,-45.0,-49.0,-98.0,32.0,-13.0,97.25,-32.43,-43.96,-0.98,26.58,-7.969999999999999,19.82,-37.769999999999996,-29.82,-60.58,15.129999999999999,19.22
2025-08-13T14:33:12.800747,-19.0,10.0,23.0,-2.0,63.0,-23.0,27.0,-69.0,-40.0,-23.0,-4.0,-110.0,4.25,-32.43,71.03999999999999,-3.98,51.58,0.030000000000001137,13.82,-61.769999999999996,-20.82,14.420000000000002,-20.87,-77.78
2025-08-13T14:33:12.805020,-50.0,-11.0,-75.0,44.0,41.0,-23.0,36.0,-63.0,-87.0,25.0,-52.0,-28.0,-26.75,-53.43,-26.96,42.02,29.58,0.030000000000001137,22.82,-55.769999999999996,-67.82,62.42,-68.87,4.219999999999999
2025-08-13T14:33:12.813172,-48.0,94.0,-93.0,63.0,-13.0,29.0,15.0,-75.0,-47.0,-2.0,-49.0,-29.0,-24.75,51.57,-44.96,61.02,-24.42,52.03,1.8200000000000003,-67.77,-27.82,35.42,-65.87,3.219999999999999
2025-08-13T14:33:12.817507,-12.0,100.0,-104.0,-15.0,30.0,-56.0,16.0,-26.0,-73.0,5.0,23.0,-72.0,11.25,57.57,-55.96,-16.98,18.58,-32.97,2.8200000000000003,-18.77,-53.82,42.42,6.129999999999999,-39.78
2025-08-13T14:33:12.825506,-31.0,52.0,-101.0,-25.0,41.0,-35.0,131.0,27.0,11.0,22.0,-78.0,-48.0,-7.75,9.57,-52.96,-26.98,29.58,-11.969999999999999,117.82,34.230000000000004,30.18,59.42,-94.87,-15.780000000000001
2025-08-13T14:33:12.829673,25.0,50.0,-90.0,-54.0,35.0,-96.0,3.0,17.0,-23.0,-16.0,26.0,-49.0,48.25,7.57,-41.96,-55.98,23.58,-72.97,-10.18,24.23,-3.8200000000000003,21.42,9.129999999999999,-16.78
2025-08-13T14:33:12.837766,10.0,90.0,15.0,10.0,-12.0,-91.0,-17.0,64.0,-31.0,-20.0,-28.0,-20.0,33.25,47.57,63.04,8.02,-23.42,-67.97,-30.18,71.23,-11.82,17.42,-44.870000000000005,12.219999999999999
2025-08-13T14:33:12.841970,-93.0,16.0,-4.0,72.0,15.0,-50.0,0.0,-45.0,-8.0,36.0,32.0,-143.0,-69.75,-26.43,44.04,70.02,3.58,-26.97,-13.18,-37.769999999999996,11.18,73.42,15.129999999999999,-110.78
2025-08-13T14:33:12.849930,-15.0,78.0,13.0,2.0,-29.0,-41.0,-3.0,-8.0,-62.0,-39.0,-17.0,-99.0,8.25,35.57,61.04,0.020000000000000018,-40.42,-17.97,-16.18,-0.7699999999999996,-42.82,-1.5799999999999983,-33.870000000000005,-66.78
2025-08-13T14:33:12.854577,-10.0,1.0,-19.0,-9.0,-9.0,-50.0,2.0,-66.0,9.0,-100.0,28.0,-53.0,13.25,-41.43,29.04,-10.98,-20.42,-26.97,-11.18,-58.769999999999996,28.18,-62.58,11.129999999999999,-20.78
2025-08-13T14:33:12.862463,-44.0,84.0,-78.0,22.0,1.0,20.0,-26.0,-34.0,-31.0,-77.0,47.0,-67.0,-20.75,41.57,-29.96,20.02,-10.42,43.03,-39.18,-26.77,-11.82,-39.58,30.13,-34.78
2025-08-13T14:33:12.866639,-26.0,44.0,-31.0,-69.0,-22.0,-25.0,18.0,10.0,-11.0,-74.0,10.0,-51.0,-2.75,1.5700000000000003,17.04,-70.98,-33.42,-1.9699999999999989,4.82,17.23,8.18,-36.58,-6.870000000000001,-18.78
2025-08-13T14:33:12.874701,-98.0,66.0,-36.0,38.0,62.0,-4.0,-16.0,-52.0,-9.0,-39.0,40.0,-120.0,-74.75,23.57,12.04,36.02,50.58,19.03,-29.18,-44.769999999999996,10.18,-1.5799999999999983,23.13,-87.78
2025-08-13T14:33:12.879088,-41.0,159.0,-91.0,-50.0,49.0,-58.0,0.0,74.0,45.0,-47.0,29.0,-46.0,-17.75,116.57,-42.96,-51.98,37.58,-34.97,-13.18,81.23,64.18,-9.579999999999998,12.129999999999999,-13.780000000000001
2025-08-13T14:33:12.887260,-58.0,39.0,-72.0,-17.0,-13.0,-58.0,-6.0,31.0,-38.0,-127.0,52.0,-41.0,-34.75,-3.4299999999999997,-23.96,-18.98,-24.42,-34.97,-19.18,38.230000000000004,-18.82,-89.58,35.129999999999995,-8.780000000000001
2025-08-13T14:33:12.891278,62.0,-98.0,-8.0,-36.0,-32.0,-28.0,14.0,-20.0,-70.0,-46.0,27.0,-89.0,85.25,-140.43,40.04,-37.98,-43.42,-4.969999999999999,0.8200000000000003,-12.77,-50.82,-8.579999999999998,10.129999999999999,-56.78
2025-08-13T14:33:12.899589,-69.0,24.0,-60.0,-28.0,-40.0,18.0,-38.0,-30.0,-78.0,-76.0,51.0,-54.0,-45.75,-18.43,-11.96,-29.98,-51.42,41.03,-51.18,-22.77,-58.82,-38.58,34.129999999999995,-21.78
2025-08-13T14:33:12.903503,-61.0,77.0,-55.0,-54.0,-12.0,2.0,42.0,65.0,-121.0,-81.0,43.0,-71.0,-37.75,34.57,-6.960000000000001,-55.98,-23.42,25.03,28.82,72.23,-101.82,-43.58,26.13,-38.78
2025-08-13T14:33:12.911312,-115.0,50.0,-28.0,-13.0,7.0,-29.0,-39.0,-43.0,-71.0,-49.0,99.0,-93.0,-91.75,7.57,20.04,-14.98,-4.42,-5.969999999999999,-52.18,-35.769999999999996,-51.82,-11.579999999999998,82.13,-60.78
2025-08-13T14:33:12.915514,6.0,150.0,-110.0,29.0,5.0,-43.0,55.0,1.0,1.0,15.0,54.0,-11.0,29.25,107.57,-61.96,27.02,-6.42,-19.97,41.82,8.23,20.18,52.42,37.129999999999995,21.22
2025-08-13T14:33:12.923428,19.0,118.0,-57.0,-46.0,23.0,-34.0,48.0,-12.0,-36.0,-98.0,75.0,10.0,42.25,75.57,-8.96,-47.98,11.58,-10.969999999999999,34.82,-4.77,-16.82,-60.58,58.129999999999995,42.22
2025-08-13T14:33:12.927850,72.0,72.0,-101.0,70.0,4.0,-5.0,20.0,-60.0,-80.0,-104.0,-6.0,-53.0,95.25,29.57,-52.96,68.02,-7.42,18.03,6.82,-52.769999999999996,-60.82,-66.58,-22.87,-20.78
2025-08-13T14:33:12.935967,27.0,43.0,-26.0,19.0,20.0,-21.0,17.0,-55.0,-84.0,-48.0,-10.0,-44.0,50.25,0.5700000000000003,22.04,17.02,8.58,2.030000000000001,3.8200000000000003,-47.769999999999996,-64.82,-10.579999999999998,-26.87,-11.780000000000001
2025-08-13T14:33:12.940245,-14.0,32.0,8.0,-20.0,-89.0,58.0,88.0,-24.0,-69.0,-53.0,-15.0,-70.0,9.25,-10.43,56.04,-21.98,-100.42,81.03,74.82,-16.77,-49.82,-15.579999999999998,-31.87,-37.78
2025-08-13T14:33:12.944344,-50.0,42.0,-10.0,45.0,-73.0,1.0,0.0,0.0,-9.0,-59.0,48.0,50.0,-26.75,-0.4299999999999997,38.04,43.02,-84.42,24.03,-13.18,7.23,10.18,-21.58,31.13,82.22
2025-08-13T14:33:12.952528,-78.0,91.0,-58.0,-66.0,-39.0,-30.0,80.0,-43.0,-9.0,-72.0,-1.0,14.0,-54.75,48.57,-9.96,-67.98,-50.42,-6.969999999999999,66.82,-35.769999999999996,10.18,-34.58,-17.87,46.22
2025-08-13T14:33:12.956659,-62.0,44.0,-71.0,-73.0,68.0,-4.0,2.0,2.0,-2.0,-54.0,31.0,-59.0,-38.75,1.5700000000000003,-22.96,-74.98,56.58,19.03,-11.18,9.23,17.18,-16.58,14.129999999999999,-26.78
2025-08-13T14:33:12.964689,-86.0,83.0,-73.0,-32.0,28.0,-52.0,39.0,-16.0,-15.0,-23.0,47.0,53.0,-62.75,40.57,-24.96,-33.98,16.58,-28.97,25.82,-8.77,4.18,14.420000000000002,30.13,85.22
2025-08-13T14:33:12.968676,5.0,70.0,-44.0,-39.0,47.0,-80.0,31.0,-47.0,-77.0,-80.0,62.0,-29.0,28.25,27.57,4.039999999999999,-40.98,35.58,-56.97,17.82,-39.769999999999996,-57.82,-42.58,45.129999999999995,3.219999999999999
2025-08-13T14:33:12.976813,23.0,0.0,-114.0,-35.0,63.0,19.0,25.0,56.0,-78.0,-36.0,76.0,3.0,46.25,-42.43,-65.96000000000001,-36.98,51.58,42.03,11.82,63.230000000000004,-58.82,1.4200000000000017,59.129999999999995,35.22
2025-08-13T14:33:12.980979,-79.0,41.0,1.0,24.0,-43.0,-15.0,57.0,-10.0,-63.0,-8.0,17.0,-7.0,-55.75,-1.4299999999999997,49.04,22.02,-54.42,8.030000000000001,43.82,-2.7699999999999996,-43.82,29.42,0.129999999999999,25.22
2025-08-13T14:33:12.989384,-46.0,-32.0,34.0,41.0,11.0,-76.0,-46.0,-47.0,-57.0,-130.0,-52.0,-26.0,-22.75,-74.43,82.03999999999999,39.02,-0.41999999999999993,-52.97,-59.18,-39.769999999999996,-37.82,-92.58,-68.87,6.219999999999999
2025-08-13T14:33:12.993266,-47.0,3.0,-57.0,28.0,-42.0,14.0,26.0,-77.0,-29.0,-30.0,-10.0,1.0,-23.75,-39.43,-8.96,26.02,-53.42,37.03,12.82,-69.77,-9.82,7.420000000000002,-26.87,33.22
2025-08-13T14:33:13.001576,-61.0,117.0,28.0,-46.0,-84.0,21.0,90.0,-20.0,10.0,-79.0,26.0,-10.0,-37.75,74.57,76.03999999999999,-47.98,-95.42,44.03,76.82,-12.77,29.18,-41.58,9.129999999999999,22.22
2025-08-13T14:33:13.005614,-21.0,125.0,-68.0,-74.0,11.0,-52.0,37.0,-4.0,55.0,-57.0,-7.0,-1.0,2.25,82.57,-19.96,-75.98,-0.41999999999999993,-28.97,23.82,3.2300000000000004,74.18,-19.58,-23.87,31.22
2025-08-13T14:33:13.013645,10.0,80.0,-91.0,-6.0,40.0,0.0,-20.0,-100.0,9.0,-15.0,31.0,28.0,33.25,37.57,-42.96,-7.98,28.58,23.03,-33.18,-92.77,28.18,22.42,14.129999999999999,60.22
2025-08-13T14:33:13.018016,-126.0,68.0,-42.0,-20.0,71.0,-17.0,17.0,-26.0,-24.0,-11.0,-6.0,58.0,-102.75,25.57,6.039999999999999,-21.98,59.58,6.030000000000001,3.8200000000000003,-18.77,-4.82,26.42,-22.87,90.22
2025-08-13T14:33:13.026009,11.0,36.0,-82.0,70.0,44.0,28.0,-6.0,29.0,1.0,-33.0,-4.0,18.0,34.25,-6.43,-33.96,68.02,32.58,51.03,-19.18,36.230000000000004,20.18,4.420000000000002,-20.87,50.22
2025-08-13T14:33:13.030352,43.0,89.0,-59.0,-31.0,21.0,5.0,96.0,16.0,-12.0,-22.0,12.0,61.0,66.25,46.57,-10.96,-32.98,9.58,28.03,82.82,23.23,7.18,15.420000000000002,-4.870000000000001,93.22
2025-08-13T14:33:13.038197,64.0,20.0,-127.0,50.0,26.0,-30.0,-53.0,95.0,14.0,-34.0,-64.0,9.0,87.25,-22.43,-78.96000000000001,48.02,14.58,-6.969999999999999,-66.18,102.23,33.18,3.4200000000000017,-80.87,41.22
2025-08-13T14:33:13.042533,15.0,42.0,-95.0,57.0,38.0,-29.0,-1.0,68.0,4.0,0.0,-25.0,12.0,38.25,-0.4299999999999997,-46.96,55.02,26.58,-5.969999999999999,-14.18,75.23,23.18,37.42,-41.870000000000005,44.22
2025-08-13T14:33:13.050709,-19.0,22.0,-104.0,-6.0,5.0,-84.0,66.0,11.0,17.0,-64.0,29.0,-34.0,4.25,-20.43,-55.96,-7.98,-6.42,-60.97,52.82,18.23,36.18,-26.58,12.129999999999999,-1.7800000000000011
2025-08-13T14:33:13.054924,51.0,49.0,-110.0,-36.0,6.0,-63.0,-47.0,-52.0,-19.0,6.0,-4.0,52.0,74.25,6.57,-61.96,-37.98,-5.42,-39.97,-60.18,-44.769999999999996,0.17999999999999972,43.42,-20.87,84.22
2025-08-13T14:33:13.062728,-10.0,-45.0,-95.0,-11.0,73.0,21.0,7.0,72.0,-2.0,30.0,-49.0,14.0,13.25,-87.43,-46.96,-12.98,61.58,44.03,-6.18,79.23,17.18,67.42,-65.87,46.22
2025-08-13T14:33:13.067076,0.0,8.0,-45.0,-7.0,-21.0,-57.0,-11.0,12.0,-55.0,-10.0,18.0,-39.0,23.25,-34.43,3.039999999999999,-8.98,-32.42,-33.97,-24.18,19.23,-35.82,27.42,1.129999999999999,-6.780000000000001
2025-08-13T14:33:13.075255,10.0,50.0,-34.0,44.0,77.0,-62.0,21.0,15.0,-24.0,24.0,-25.0,-7.0,33.25,7.57,14.04,42.02,65.58,-38.97,7.82,22.23,-4.82,61.42,-41.870000000000005,25.22
2025-08-13T14:33:13.079507,-57.0,65.0,-49.0,37.0,-18.0,2.0,-17.0,6.0,31.0,-35.0,3.0,10.0,-33.75,22.57,-0.9600000000000009,35.02,-29.42,25.03,-30.18,13.23,50.18,2.4200000000000017,-13.870000000000001,42.22
2025-08-13T14:33:13.084903,8.0,2.0,-21.0,33.0,26.0,-68.0,-75.0,16.0,-1.0,22.0,-2.0,6.0,31.25,-40.43,27.04,31.02,14.58,-44.97,-88.18,23.23,18.18,59.42,-18.87,38.22
2025-08-13T14:33:13.091825,-48.0,60.0,-47.0,-55.0,-33.0,-8.0,45.0,-7.0,-14.0,17.0,12.0,-50.0,-24.75,17.57,1.0399999999999991,-56.98,-44.42,15.030000000000001,31.82,0.23000000000000043,5.18,54.42,-4.870000000000001,-17.78
2025-08-13T14:33:13.099519,-4.0,-6.0,-25.0,-19.0,32.0,-51.0,26.0,-49.0,25.0,-13.0,1.0,-24.0,19.25,-48.43,23.04,-20.98,20.58,-27.97,12.82,-41.769999999999996,44.18,24.42,-15.870000000000001,8.219999999999999
2025-08-13T14:33:13.103918,-68.0,56.0,-45.0,-46.0,40.0,-2.0,22.0,-13.0,-17.0,-21.0,-3.0,-29.0,-44.75,13.57,3.039999999999999,-47.98,28.58,21.03,8.82,-5.77,2.1799999999999997,16.42,-19.87,3.219999999999999
2025-08-13T14:33:13.111997,-16.0,18.0,-4.0,33.0,48.0,26.0,-89.0,32.0,-17.0,-24.0,-48.0,-30.0,7.25,-24.43,44.04,31.02,36.58,49.03,-102.18,39.230000000000004,2.1799999999999997,13.420000000000002,-64.87,2.219999999999999
2025-08-13T14:33:13.116311,-61.0,62.0,-110.0,14.0,-7.0,-72.0,-88.0,35.0,1.0,-59.0,-96.0,-16.0,-37.75,19.57,-61.96,12.02,-18.42,-48.97,-101.18,42.230000000000004,20.18,-21.58,-112.87,16.22
2025-08-13T14:33:13.124171,-32.0,27.0,-79.0,-13.0,-32.0,-29.0,-57.0,-34.0,-86.0,12.0,-14.0,-93.0,-8.75,-15.43,-30.96,-14.98,-43.42,-5.969999999999999,-70.18,-26.77,-66.82,49.42,-30.87,-60.78
2025-08-13T14:33:13.128580,-19.0,20.0,-62.0,-17.0,72.0,43.0,-45.0,4.0,-23.0,-19.0,-6.0,-39.0,4.25,-22.43,-13.96,-18.98,60.58,66.03,-58.18,11.23,-3.8200000000000003,18.42,-22.87,-6.780000000000001
2025-08-13T14:33:13.132703,-37.0,76.0,-121.0,-38.0,-8.0,2.0,52.0,-31.0,-54.0,26.0,57.0,-70.0,-13.75,33.57,-72.96000000000001,-39.98,-19.42,25.03,38.82,-23.77,-34.82,63.42,40.129999999999995,-37.78
2025-08-13T14:33:13.140714,-10.0,108.0,79.0,-67.0,20.0,-6.0,29.0,11.0,-119.0,-21.0,26.0,-25.0,13.25,65.57,127.03999999999999,-68.98,8.58,17.03,15.82,18.23,-99.82,16.42,9.129999999999999,7.219999999999999
2025-08-13T14:33:13.148731,-112.0,31.0,-50.0,-23.0,45.0,-75.0,-19.0,-29.0,-49.0,-43.0,38.0,-10.0,-88.75,-11.43,-1.9600000000000009,-24.98,33.58,-51.97,-32.18,-21.77,-29.82,-5.579999999999998,21.13,22.22
2025-08-13T14:33:13.153141,-82.0,36.0,-32.0,0.0,80.0,-34.0,84.0,-38.0,-28.0,-51.0,15.0,-43.0,-58.75,-6.43,16.04,-1.98,68.58,-10.969999999999999,70.82,-30.77,-8.82,-13.579999999999998,-1.870000000000001,-10.780000000000001
2025-08-13T14:33:13.157155,-44.0,0.0,-82.0,64.0,26.0,-43.0,0.0,-2.0,-12.0,-21.0,-37.0,-51.0,-20.75,-42.43,-33.96,62.02,14.58,-19.97,-13.18,5.23,7.18,16.42,-53.870000000000005,-18.78
2025-08-13T14:33:13.165276,-14.0,62.0,-127.0,7.0,-73.0,-47.0,70.0,0.0,72.0,-90.0,40.0,-99.0,9.25,19.57,-78.96000000000001,5.02,-84.42,-23.97,56.82,7.23,91.18,-52.58,23.13,-66.78
2025-08-13T14:33:13.169554,22.0,96.0,-171.0,-26.0,-5.0,-40.0,72.0,-69.0,-9.0,-94.0,42.0,-72.0,45.25,53.57,-122.96000000000001,-27.98,-16.42,-16.97,58.82,-61.769999999999996,10.18,-56.58,25.13,-39.78
2025-08-13T14:33:13.177789,-17.0,53.0,-110.0,38.0,85.0,-19.0,40.0,-57.0,8.0,-133.0,14.0,-24.0,6.25,10.57,-61.96,36.02,73.58,4.030000000000001,26.82,-49.769999999999996,27.18,-95.58,-2.870000000000001,8.219999999999999
2025-08-13T14:33:13.181872,-46.0,47.0,-31.0,-15.0,65.0,24.0,-10.0,-12.0,-7.0,-53.0,53.0,-10.0,-22.75,4.57,17.04,-16.98,53.58,47.03,-23.18,-4.77,12.18,-15.579999999999998,36.129999999999995,22.22
2025-08-13T14:33:13.190058,13.0,-17.0,-25.0,-22.0,35.0,-32.0,8.0,18.0,1.0,-55.0,63.0,-91.0,36.25,-59.43,23.04,-23.98,23.58,-8.969999999999999,-5.18,25.23,20.18,-17.58,46.129999999999995,-58.78
2025-08-13T14:33:13.194430,-56.0,20.0,-94.0,16.0,37.0,-37.0,-86.0,34.0,7.0,-67.0,59.0,-10.0,-32.75,-22.43,-45.96,14.02,25.58,-13.969999999999999,-99.18,41.230000000000004,26.18,-29.58,42.129999999999995,22.22
2025-08-13T14:33:13.202550,-64.0,112.0,-10.0,-2.0,-21.0,-43.0,-18.0,22.0,-28.0,-69.0,8.0,-11.0,-40.75,69.57,38.04,-3.98,-32.42,-19.97,-31.18,29.23,-8.82,-31.58,-8.870000000000001,21.22
2025-08-13T14:33:13.207263,-44.0,54.0,-70.0,48.0,-8.0,-29.0,-3.0,-3.0,-70.0,-10.0,82.0,-47.0,-20.75,11.57,-21.96,46.02,-19.42,-5.969999999999999,-16.18,4.23,-50.82,27.42,65.13,-14.780000000000001
2025-08-13T14:33:13.214665,-67.0,99.0,-82.0,62.0,65.0,-31.0,23.0,-17.0,-56.0,-81.0,22.0,-42.0,-43.75,56.57,-33.96,60.02,53.58,-7.969999999999999,9.82,-9.77,-36.82,-43.58,5.129999999999999,-9.780000000000001
2025-08-13T14:33:13.219296,9.0,72.0,-50.0,-118.0,0.0,-51.0,-47.0,9.0,-37.0,-105.0,29.0,-38.0,32.25,29.57,-1.9600000000000009,-119.98,-11.42,-27.97,-60.18,16.23,-17.82,-67.58,12.129999999999999,-5.780000000000001
2025-08-13T14:33:13.227183,3.0,68.0,-96.0,-83.0,51.0,-21.0,26.0,64.0,-19.0,-110.0,-7.0,-40.0,26.25,25.57,-47.96,-84.98,39.58,2.030000000000001,12.82,71.23,0.17999999999999972,-72.58,-23.87,-7.780000000000001
2025-08-13T14:33:13.231718,54.0,53.0,-8.0,8.0,34.0,-21.0,81.0,51.0,-50.0,-52.0,22.0,-92.0,77.25,10.57,40.04,6.02,22.58,2.030000000000001,67.82,58.230000000000004,-30.82,-14.579999999999998,5.129999999999999,-59.78
2025-08-13T14:33:13.239412,-15.0,55.0,-73.0,-5.0,39.0,-30.0,-19.0,-29.0,-28.0,-58.0,-2.0,-13.0,8.25,12.57,-24.96,-6.98,27.58,-6.969999999999999,-32.18,-21.77,-8.82,-20.58,-18.87,19.22
2025-08-13T14:33:13.243924,44.0,8.0,-30.0,42.0,-20.0,14.0,81.0,34.0,-99.0,-90.0,23.0,-55.0,67.25,-34.43,18.04,40.02,-31.42,37.03,67.82,41.230000000000004,-79.82,-52.58,6.129999999999999,-22.78
2025-08-13T14:33:13.251515,-32.0,60.0,-3.0,17.0,47.0,57.0,36.0,37.0,-43.0,-66.0,59.0,-31.0,-8.75,17.57,45.04,15.02,35.58,80.03,22.82,44.230000000000004,-23.82,-28.58,42.129999999999995,1.2199999999999989
2025-08-13T14:33:13.256159,-75.0,10.0,-26.0,-1.0,12.0,-29.0,24.0,5.0,8.0,-2.0,5.0,-43.0,-51.75,-32.43,22.04,-2.98,0.5800000000000001,-5.969999999999999,10.82,12.23,27.18,35.42,-11.870000000000001,-10.780000000000001
2025-08-13T14:33:13.263891,-13.0,32.0,-54.0,-23.0,-16.0,17.0,27.0,49.0,-24.0,-26.0,83.0,-26.0,10.25,-10.43,-5.960000000000001,-24.98,-27.42,40.03,13.82,56.230000000000004,-4.82,11.420000000000002,66.13,6.219999999999999
2025-08-13T14:33:13.269118,-50.0,97.0,-62.0,-1.0,6.0,14.0,51.0,23.0,-47.0,-29.0,46.0,-111.0,-26.75,54.57,-13.96,-2.98,-5.42,37.03,37.82,30.23,-27.82,8.420000000000002,29.13,-78.78
2025-08-13T14:33:13.276103,-65.0,87.0,-78.0,-42.0,76.0,-106.0,21.0,-26.0,-53.0,-118.0,30.0,-68.0,-41.75,44.57,-29.96,-43.98,64.58,-82.97,7.82,-18.77,-33.82,-80.58,13.129999999999999,-35.78
2025-08-13T14:33:13.280629,-5.0,81.0,-121.0,-38.0,-7.0,-38.0,45.0,8.0,-37.0,-63.0,25.0,-54.0,18.25,38.57,-72.96000000000001,-39.98,-18.42,-14.969999999999999,31.82,15.23,-17.82,-25.58,8.129999999999999,-21.78
2025-08-13T14:33:13.288280,-5.0,40.0,-120.0,85.0,-21.0,-91.0,61.0,-14.0,-22.0,-3.0,10.0,-50.0,18.25,-2.4299999999999997,-71.96000000000001,83.02,-32.42,-67.97,47.82,-6.77,-2.8200000000000003,34.42,-6.870000000000001,-17.78
2025-08-13T14:33:13.292828,-7.0,30.0,-77.0,-8.0,33.0,-41.0,14.0,-27.0,27.0,-87.0,39.0,-27.0,16.25,-12.43,-28.96,-9.98,21.58,-17.97,0.8200000000000003,-19.77,46.18,-49.58,22.13,5.219999999999999
2025-08-13T14:33:13.300747,-22.0,-7.0,-13.0,-38.0,-36.0,-67.0,76.0,-37.0,5.0,-9.0,51.0,-40.0,1.25,-49.43,35.04,-39.98,-47.42,-43.97,62.82,-29.77,24.18,28.42,34.129999999999995,-7.780000000000001
2025-08-13T14:33:13.305130,-3.0,-22.0,-90.0,-20.0,-81.0,-3.0,-9.0,-62.0,-8.0,-112.0,40.0,1.0,20.25,-64.43,-41.96,-21.98,-92.42,20.03,-22.18,-54.769999999999996,11.18,-74.58,23.13,33.22
2025-08-13T14:33:13.312798,-36.0,18.0,-102.0,-18.0,51.0,1.0,25.0,-28.0,-94.0,-84.0,53.0,-43.0,-12.75,-24.43,-53.96,-19.98,39.58,24.03,11.82,-20.77,-74.82,-46.58,36.129999999999995,-10.780000000000001
2025-08-13T14:33:13.317295,15.0,5.0,-1.0,-13.0,47.0,-26.0,-37.0,-13.0,7.0,-65.0,23.0,-56.0,38.25,-37.43,47.04,-14.98,35.58,-2.969999999999999,-50.18,-5.77,26.18,-27.58,6.129999999999999,-23.78
2025-08-13T14:33:13.324956,-7.0,104.0,-29.0,17.0,16.0,-20.0,22.0,-23.0,-4.0,-66.0,92.0,-3.0,16.25,61.57,19.04,15.02,4.58,3.030000000000001,8.82,-15.77,15.18,-28.58,75.13,29.22
2025-08-13T14:33:13.329817,-50.0,-9.0,-4.0,33.0,56.0,-10.0,13.0,-62.0,-74.0,-62.0,50.0,-65.0,-26.75,-51.43,44.04,31.02,44.58,13.030000000000001,-0.17999999999999972,-54.769999999999996,-54.82,-24.58,33.129999999999995,-32.78
2025-08-13T14:33:13.337373,-112.0,-4.0,-6.0,55.0,-57.0,-32.0,-18.0,-24.0,-39.0,-87.0,10.0,-115.0,-88.75,-46.43,42.04,53.02,-68.42,-8.969999999999999,-31.18,-16.77,-19.82,-49.58,-6.870000000000001,-82.78
2025-08-13T14:33:13.342091,-91.0,100.0,31.0,24.0,-41.0,15.0,26.0,8.0,-39.0,-81.0,1.0,-23.0,-67.75,57.57,79.03999999999999,22.02,-52.42,38.03,12.82,15.23,-19.82,-43.58,-15.870000000000001,9.219999999999999
2025-08-13T14:33:13.349480,13.0,59.0,-64.0,13.0,29.0,-44.0,-59.0,-50.0,-2.0,-65.0,47.0,-57.0,36.25,16.57,-15.96,11.02,17.58,-20.97,-72.18,-42.769999999999996,17.18,-27.58,30.13,-24.78
2025-08-13T14:33:13.354176,-48.0,112.0,-77.0,-22.0,31.0,-83.0,17.0,-39.0,-4.0,-70.0,83.0,-22.0,-24.75,69.57,-28.96,-23.98,19.58,-59.97,3.8200000000000003,-31.77,15.18,-32.58,66.13,10.219999999999999
2025-08-13T14:33:13.359795,66.0,4.0,-101.0,3.0,37.0,-93.0,21.0,-4.0,-19.0,-69.0,84.0,-20.0,89.25,-38.43,-52.96,1.02,25.58,-69.97,7.82,3.2300000000000004,0.17999999999999972,-31.58,67.13,12.219999999999999
2025-08-13T14:33:13.366417,-35.0,71.0,-99.0,31.0,23.0,-25.0,-57.0,-56.0,-10.0,-91.0,53.0,-26.0,-11.75,28.57,-50.96,29.02,11.58,-1.9699999999999989,-70.18,-48.769999999999996,9.18,-53.58,36.129999999999995,6.219999999999999
2025-08-13T14:33:13.371880,44.0,85.0,-61.0,0.0,42.0,-45.0,17.0,15.0,54.0,-10.0,31.0,-53.0,67.25,42.57,-12.96,-1.98,30.58,-21.97,3.8200000000000003,22.23,73.18,27.42,14.129999999999999,-20.78
2025-08-13T14:33:13.378874,17.0,78.0,-40.0,28.0,-14.0,-85.0,12.0,-9.0,-24.0,-39.0,56.0,-29.0,40.25,35.57,8.04,26.02,-25.42,-61.97,-1.1799999999999997,-1.7699999999999996,-4.82,-1.5799999999999983,39.129999999999995,3.219999999999999
2025-08-13T14:33:13.387786,-20.0,30.0,-42.0,-40.0,83.0,-22.0,79.0,-51.0,-31.0,-74.0,5.0,-41.0,3.25,-12.43,6.039999999999999,-41.98,71.58,1.0300000000000011,65.82,-43.769999999999996,-11.82,-36.58,-11.870000000000001,-8.780000000000001
2025-08-13T14:33:13.393005,4.0,84.0,-63.0,32.0,24.0,14.0,32.0,-3.0,13.0,-20.0,43.0,-72.0,27.25,41.57,-14.96,30.02,12.58,37.03,18.82,4.23,32.18,17.42,26.13,-39.78
2025-08-13T14:33:13.397867,-1.0,103.0,14.0,-37.0,5.0,-38.0,-2.0,23.0,-89.0,-98.0,73.0,-34.0,22.25,60.57,62.04,-38.98,-6.42,-14.969999999999999,-15.18,30.23,-69.82,-60.58,56.129999999999995,-1.7800000000000011
2025-08-13T14:33:13.402827,-74.0,96.0,-32.0,16.0,75.0,-24.0,-11.0,-7.0,-27.0,-10.0,18.0,-119.0,-50.75,53.57,16.04,14.02,63.58,-0.9699999999999989,-24.18,0.23000000000000043,-7.82,27.42,1.129999999999999,-86.78
2025-08-13T14:33:13.407435,-94.0,89.0,-87.0,76.0,-7.0,-67.0,-17.0,-31.0,-53.0,-65.0,20.0,-68.0,-70.75,46.57,-38.96,74.02,-18.42,-43.97,-30.18,-23.77,-33.82,-27.58,3.129999999999999,-35.78
2025-08-13T14:33:13.415341,4.0,97.0,-5.0,5.0,-18.0,-99.0,-29.0,45.0,-55.0,-18.0,43.0,-13.0,27.25,54.57,43.04,3.02,-29.42,-75.97,-42.18,52.230000000000004,-35.82,19.42,26.13,19.22
2025-08-13T14:33:13.419582,-64.0,125.0,-102.0,21.0,47.0,-61.0,5.0,12.0,25.0,-66.0,54.0,-72.0,-40.75,82.57,-53.96,19.02,35.58,-37.97,-8.18,19.23,44.18,-28.58,37.129999999999995,-39.78
2025-08-13T14:33:13.427575,-62.0,18.0,-62.0,44.0,31.0,6.0,20.0,20.0,-20.0,-38.0,12.0,-113.0,-38.75,-24.43,-13.96,42.02,19.58,29.03,6.82,27.23,-0.8200000000000003,-0.5799999999999983,-4.870000000000001,-80.78
2025-08-13T14:33:13.431998,64.0,-47.0,-29.0,22.0,21.0,-16.0,52.0,-12.0,-17.0,-119.0,23.0,-84.0,87.25,-89.43,19.04,20.02,9.58,7.030000000000001,38.82,-4.77,2.1799999999999997,-81.58,6.129999999999999,-51.78
2025-08-13T14:33:13.439866,-92.0,73.0,3.0,-35.0,55.0,6.0,24.0,-18.0,-50.0,-40.0,49.0,-63.0,-68.75,30.57,51.04,-36.98,43.58,29.03,10.82,-10.77,-30.82,-2.5799999999999983,32.129999999999995,-30.78
2025-08-13T14:33:13.444193,-103.0,64.0,26.0,33.0,37.0,-77.0,74.0,-22.0,-20.0,-6.0,2.0,-64.0,-79.75,21.57,74.03999999999999,31.02,25.58,-53.97,60.82,-14.77,-0.8200000000000003,31.42,-14.870000000000001,-31.78
2025-08-13T14:33:13.452186,-16.0,79.0,-49.0,2.0,68.0,-63.0,-37.0,-23.0,-99.0,-55.0,74.0,-21.0,7.25,36.57,-0.9600000000000009,0.020000000000000018,56.58,-39.97,-50.18,-15.77,-79.82,-17.58,57.129999999999995,11.219999999999999
2025-08-13T14:33:13.456690,-10.0,129.0,-123.0,45.0,-14.0,-33.0,33.0,50.0,-118.0,-125.0,33.0,-39.0,13.25,86.57,-74.96000000000001,43.02,-25.42,-9.969999999999999,19.82,57.230000000000004,-98.82,-87.58,16.13,-6.780000000000001
2025-08-13T14:33:13.464421,42.0,60.0,-90.0,30.0,-12.0,-21.0,32.0,-11.0,-32.0,-7.0,111.0,-52.0,65.25,17.57,-41.96,28.02,-23.42,2.030000000000001,18.82,-3.7699999999999996,-12.82,30.42,94.13,-19.78
2025-08-13T14:33:13.468901,42.0,60.0,-54.0,4.0,30.0,-33.0,10.0,25.0,-55.0,-7.0,41.0,-72.0,65.25,17.57,-5.960000000000001,2.02,18.58,-9.969999999999999,-3.1799999999999997,32.230000000000004,-35.82,30.42,24.13,-39.78
2025-08-13T14:33:13.476848,21.0,31.0,28.0,-33.0,102.0,-5.0,22.0,-32.0,-85.0,-83.0,58.0,-61.0,44.25,-11.43,76.03999999999999,-34.98,90.58,18.03,8.82,-24.77,-65.82,-45.58,41.129999999999995,-28.78
2025-08-13T14:33:13.481061,17.0,28.0,-45.0,-52.0,74.0,-63.0,36.0,-28.0,-44.0,-57.0,6.0,-17.0,40.25,-14.43,3.039999999999999,-53.98,62.58,-39.97,22.82,-20.77,-24.82,-19.58,-10.870000000000001,15.219999999999999
2025-08-13T14:33:13.489007,-42.0,119.0,-72.0,15.0,60.0,-98.0,49.0,-35.0,-46.0,-21.0,133.0,-75.0,-18.75,76.57,-23.96,13.02,48.58,-74.97,35.82,-27.77,-26.82,16.42,116.13,-42.78
2025-08-13T14:33:13.493703,-23.0,117.0,-87.0,11.0,-36.0,-47.0,107.0,-42.0,-54.0,-41.0,25.0,-40.0,0.25,74.57,-38.96,9.02,-47.42,-23.97,93.82,-34.769999999999996,-34.82,-3.5799999999999983,8.129999999999999,-7.780000000000001
2025-08-13T14:33:13.501668,-22.0,56.0,-88.0,25.0,16.0,-92.0,15.0,-25.0,-6.0,-127.0,56.0,-12.0,1.25,13.57,-39.96,23.02,4.58,-68.97,1.8200000000000003,-17.77,13.18,-89.58,39.129999999999995,20.22
2025-08-13T14:33:13.506133,5.0,32.0,-94.0,-29.0,8.0,6.0,17.0,2.0,-14.0,2.0,82.0,-92.0,28.25,-10.43,-45.96,-30.98,-3.42,29.03,3.8200000000000003,9.23,5.18,39.42,65.13,-59.78
2025-08-13T14:33:13.513732,10.0,18.0,-112.0,-22.0,11.0,-47.0,6.0,-14.0,18.0,-32.0,55.0,-6.0,33.25,-24.43,-63.96,-23.98,-0.41999999999999993,-23.97,-7.18,-6.77,37.18,5.420000000000002,38.129999999999995,26.22
2025-08-13T14:33:13.518393,45.0,27.0,-59.0,57.0,12.0,-59.0,61.0,66.0,-56.0,-14.0,88.0,-34.0,68.25,-15.43,-10.96,55.02,0.5800000000000001,-35.97,47.82,73.23,-36.82,23.42,71.13,-1.7800000000000011
2025-08-13T14:33:13.527023,46.0,-17.0,-37.0,-2.0,27.0,-57.0,36.0,39.0,-99.0,-6.0,25.0,-33.0,69.25,-59.43,11.04,-3.98,15.58,-33.97,22.82,46.230000000000004,-79.82,31.42,8.129999999999999,-0.7800000000000011
2025-08-13T14:33:13.534538,-124.0,23.0,-87.0,13.0,10.0,-38.0,11.0,-31.0,-26.0,-9.0,26.0,17.0,-100.75,-19.43,-38.96,11.02,-1.42,-14.969999999999999,-2.1799999999999997,-23.77,-6.82,28.42,9.129999999999999,49.22
2025-08-13T14:33:13.539780,-70.0,72.0,-62.0,6.0,-10.0,-14.0,-15.0,17.0,-36.0,-68.0,-31.0,8.0,-46.75,29.57,-13.96,4.02,-21.42,9.030000000000001,-28.18,24.23,-16.82,-30.58,-47.870000000000005,40.22
2025-08-13T14:33:13.543840,-93.0,65.0,-63.0,19.0,28.0,-94.0,14.0,-65.0,-30.0,1.0,-53.0,59.0,-69.75,22.57,-14.96,17.02,16.58,-70.97,0.8200000000000003,-57.769999999999996,-10.82,38.42,-69.87,91.22
2025-08-13T14:33:13.550552,-54.0,84.0,-35.0,-14.0,15.0,-54.0,22.0,-4.0,-31.0,-15.0,-11.0,-41.0,-30.75,41.57,13.04,-15.98,3.58,-30.97,8.82,3.2300000000000004,-11.82,22.42,-27.87,-8.780000000000001
2025-08-13T14:33:13.554840,-67.0,109.0,-120.0,14.0,37.0,-71.0,-59.0,-1.0,-2.0,-47.0,-34.0,-18.0,-43.75,66.57,-71.96000000000001,12.02,25.58,-47.97,-72.18,6.23,17.18,-9.579999999999998,-50.870000000000005,14.219999999999999
2025-08-13T14:33:13.562835,23.0,95.0,-113.0,-44.0,50.0,-48.0,-34.0,-35.0,-9.0,-69.0,1.0,-1.0,46.25,52.57,-64.96000000000001,-45.98,38.58,-24.97,-47.18,-27.77,10.18,-31.58,-15.870000000000001,31.22
2025-08-13T14:33:13.567111,18.0,57.0,-65.0,30.0,59.0,-43.0,28.0,56.0,18.0,-18.0,20.0,8.0,41.25,14.57,-16.96,28.02,47.58,-19.97,14.82,63.230000000000004,37.18,19.42,3.129999999999999,40.22
2025-08-13T14:33:13.574933,-21.0,126.0,-129.0,53.0,54.0,-111.0,24.0,-21.0,-35.0,-72.0,-35.0,12.0,2.25,83.57,-80.96000000000001,51.02,42.58,-87.97,10.82,-13.77,-15.82,-34.58,-51.870000000000005,44.22
2025-08-13T14:33:13.579872,15.0,17.0,-111.0,16.0,-35.0,-7.0,-25.0,15.0,-48.0,-82.0,8.0,15.0,38.25,-25.43,-62.96,14.02,-46.42,16.03,-38.18,22.23,-28.82,-44.58,-8.870000000000001,47.22
2025-08-13T14:33:13.587257,22.0,33.0,-37.0,52.0,54.0,-12.0,-18.0,-26.0,-81.0,40.0,-10.0,-29.0,45.25,-9.43,11.04,50.02,42.58,11.030000000000001,-31.18,-18.77,-61.82,77.42,-26.87,3.219999999999999
2025-08-13T14:33:13.591476,2.0,-52.0,-32.0,-11.0,43.0,-65.0,38.0,-5.0,-32.0,13.0,-54.0,-20.0,25.25,-94.43,16.04,-12.98,31.58,-41.97,24.82,2.2300000000000004,-12.82,50.42,-70.87,12.219999999999999
2025-08-13T14:33:13.599365,-85.0,83.0,-72.0,1.0,-8.0,-71.0,23.0,14.0,8.0,-18.0,-25.0,-30.0,-61.75,40.57,-23.96,-0.98,-19.42,-47.97,9.82,21.23,27.18,19.42,-41.870000000000005,2.219999999999999
2025-08-13T14:33:13.603691,-40.0,4.0,-73.0,-38.0,50.0,-60.0,11.0,-29.0,-101.0,-2.0,-35.0,-22.0,-16.75,-38.43,-24.96,-39.98,38.58,-36.97,-2.1799999999999997,-21.77,-81.82,35.42,-51.870000000000005,10.219999999999999
2025-08-13T14:33:13.611775,21.0,109.0,-45.0,1.0,-5.0,-55.0,24.0,24.0,-13.0,22.0,-23.0,-63.0,44.25,66.57,3.039999999999999,-0.98,-16.42,-31.97,10.82,31.23,6.18,59.42,-39.870000000000005,-30.78
2025-08-13T14:33:13.616210,-108.0,148.0,-110.0,44.0,-24.0,-43.0,6.0,-31.0,-38.0,12.0,-38.0,8.0,-84.75,105.57,-61.96,42.02,-35.42,-19.97,-7.18,-23.77,-18.82,49.42,-54.870000000000005,40.22
2025-08-13T14:33:13.624227,25.0,32.0,-116.0,-9.0,3.0,28.0,31.0,-32.0,-112.0,-43.0,-24.0,-58.0,48.25,-10.43,-67.96000000000001,-10.98,-8.42,51.03,17.82,-24.77,-92.82,-5.579999999999998,-40.870000000000005,-25.78
2025-08-13T14:33:13.628544,57.0,93.0,-100.0,-31.0,-3.0,-65.0,19.0,-4.0,-102.0,22.0,-17.0,-24.0,80.25,50.57,-51.96,-32.98,-14.42,-41.97,5.82,3.2300000000000004,-82.82,59.42,-33.870000000000005,8.219999999999999
2025-08-13T14:33:13.636194,33.0,26.0,-50.0,15.0,15.0,-5.0,18.0,41.0,-41.0,-11.0,-42.0,-45.0,56.25,-16.43,-1.9600000000000009,13.02,3.58,18.03,4.82,48.230000000000004,-21.82,26.42,-58.870000000000005,-12.780000000000001
2025-08-13T14:33:13.640685,-35.0,96.0,-74.0,-47.0,21.0,-88.0,50.0,-18.0,-72.0,-34.0,38.0,-62.0,-11.75,53.57,-25.96,-48.98,9.58,-64.97,36.82,-10.77,-52.82,3.4200000000000017,21.13,-29.78
2025-08-13T14:33:13.648653,-55.0,74.0,22.0,18.0,21.0,-16.0,1.0,-65.0,-48.0,-20.0,62.0,-24.0,-31.75,31.57,70.03999999999999,16.02,9.58,7.030000000000001,-12.18,-57.769999999999996,-28.82,17.42,45.129999999999995,8.219999999999999
2025-08-13T14:33:13.652972,-48.0,68.0,-147.0,55.0,22.0,-73.0,-12.0,-19.0,-42.0,-1.0,-40.0,25.0,-24.75,25.57,-98.96000000000001,53.02,10.58,-49.97,-25.18,-11.77,-22.82,36.42,-56.870000000000005,57.22
2025-08-13T14:33:13.657183,65.0,147.0,-111.0,48.0,7.0,-4.0,-30.0,1.0,-2.0,-51.0,-59.0,25.0,88.25,104.57,-62.96,46.02,-4.42,19.03,-43.18,8.23,17.18,-13.579999999999998,-75.87,57.22
2025-08-13T14:33:13.665341,16.0,140.0,-57.0,37.0,-16.0,-11.0,55.0,-25.0,-50.0,-6.0,-22.0,-24.0,39.25,97.57,-8.96,35.02,-27.42,12.030000000000001,41.82,-17.77,-30.82,31.42,-38.870000000000005,8.219999999999999
2025-08-13T14:33:13.670316,31.0,-24.0,-76.0,22.0,15.0,-19.0,24.0,45.0,14.0,30.0,-64.0,2.0,54.25,-66.43,-27.96,20.02,3.58,4.030000000000001,10.82,52.230000000000004,33.18,67.42,-80.87,34.22
2025-08-13T14:33:13.677597,-41.0,-20.0,-79.0,46.0,62.0,-75.0,-15.0,0.0,-49.0,-17.0,56.0,-66.0,-17.75,-62.43,-30.96,44.02,50.58,-51.97,-28.18,7.23,-29.82,20.42,39.129999999999995,-33.78
2025-08-13T14:33:13.681689,-30.0,30.0,-39.0,-31.0,14.0,-148.0,-2.0,25.0,-29.0,15.0,-21.0,-2.0,-6.75,-12.43,9.04,-32.98,2.58,-124.97,-15.18,32.230000000000004,-9.82,52.42,-37.870000000000005,30.22
2025-08-13T14:33:13.689840,-52.0,96.0,-43.0,40.0,50.0,-60.0,-17.0,-28.0,6.0,28.0,-16.0,42.0,-28.75,53.57,5.039999999999999,38.02,38.58,-36.97,-30.18,-20.77,25.18,65.42,-32.870000000000005,74.22
2025-08-13T14:33:13.693936,-2.0,99.0,-127.0,44.0,-41.0,-69.0,-7.0,51.0,-73.0,-5.0,-57.0,-30.0,21.25,56.57,-78.96000000000001,42.02,-52.42,-45.97,-20.18,58.230000000000004,-53.82,32.42,-73.87,2.219999999999999
2025-08-13T14:33:13.701985,-121.0,99.0,-62.0,18.0,-29.0,-47.0,17.0,34.0,-65.0,-39.0,14.0,-29.0,-97.75,56.57,-13.96,16.02,-40.42,-23.97,3.8200000000000003,41.230000000000004,-45.82,-1.5799999999999983,-2.870000000000001,3.219999999999999
2025-08-13T14:33:13.706206,-44.0,135.0,-99.0,44.0,31.0,-55.0,-30.0,-19.0,-80.0,11.0,-31.0,16.0,-20.75,92.57,-50.96,42.02,19.58,-31.97,-43.18,-11.77,-60.82,48.42,-47.870000000000005,48.22
2025-08-13T14:33:13.714547,-13.0,79.0,-96.0,-1.0,5.0,-87.0,11.0,-19.0,-99.0,-11.0,10.0,-17.0,10.25,36.57,-47.96,-2.98,-6.42,-63.97,-2.1799999999999997,-11.77,-79.82,26.42,-6.870000000000001,15.219999999999999
2025-08-13T14:33:13.718557,54.0,130.0,-109.0,44.0,120.0,-94.0,-39.0,-8.0,-41.0,-3.0,-33.0,-22.0,77.25,87.57,-60.96,42.02,108.58,-70.97,-52.18,-0.7699999999999996,-21.82,34.42,-49.870000000000005,10.219999999999999
2025-08-13T14:33:13.726679,34.0,26.0,-110.0,9.0,30.0,-51.0,3.0,-49.0,-48.0,-38.0,-58.0,-25.0,57.25,-16.43,-61.96,7.02,18.58,-27.97,-10.18,-41.769999999999996,-28.82,-0.5799999999999983,-74.87,7.219999999999999
2025-08-13T14:33:13.732714,22.0,100.0,-25.0,-26.0,-8.0,-41.0,-5.0,5.0,-41.0,20.0,-36.0,-77.0,45.25,57.57,23.04,-27.98,-19.42,-17.97,-18.18,12.23,-21.82,57.42,-52.870000000000005,-44.78
2025-08-13T14:33:13.739758,34.0,103.0,-10.0,56.0,-3.0,-73.0,31.0,-37.0,-27.0,4.0,37.0,-15.0,57.25,60.57,38.04,54.02,-14.42,-49.97,17.82,-29.77,-7.82,41.42,20.13,17.22
2025-08-13T14:33:13.744437,40.0,40.0,-39.0,47.0,-27.0,-29.0,102.0,33.0,-19.0,2.0,-2.0,7.0,63.25,-2.4299999999999997,9.04,45.02,-38.42,-5.969999999999999,88.82,40.230000000000004,0.17999999999999972,39.42,-18.87,39.22
2025-08-13T14:33:13.751772,-50.0,62.0,-111.0,-5.0,35.0,-85.0,19.0,-24.0,-38.0,6.0,-3.0,-2.0,-26.75,19.57,-62.96,-6.98,23.58,-61.97,5.82,-16.77,-18.82,43.42,-19.87,30.22
2025-08-13T14:33:13.755412,-64.0,135.0,-52.0,-3.0,78.0,-36.0,1.0,-22.0,-61.0,-47.0,-55.0,1.0,-40.75,92.57,-3.960000000000001,-4.98,66.58,-12.969999999999999,-12.18,-14.77,-41.82,-9.579999999999998,-71.87,33.22
2025-08-13T14:33:13.763365,-73.0,113.0,-96.0,-32.0,-28.0,-65.0,22.0,3.0,-87.0,-21.0,26.0,9.0,-49.75,70.57,-47.96,-33.98,-39.42,-41.97,8.82,10.23,-67.82,16.42,9.129999999999999,41.22
2025-08-13T14:33:13.767714,-33.0,142.0,-87.0,10.0,14.0,-51.0,36.0,9.0,-59.0,3.0,32.0,-41.0,-9.75,99.57,-38.96,8.02,2.58,-27.97,22.82,16.23,-39.82,40.42,15.129999999999999,-8.780000000000001
2025-08-13T14:33:13.775663,-76.0,23.0,-43.0,57.0,11.0,-96.0,-11.0,15.0,-33.0,-22.0,49.0,-14.0,-52.75,-19.43,5.039999999999999,55.02,-0.41999999999999993,-72.97,-24.18,22.23,-13.82,15.420000000000002,32.129999999999995,18.22
2025-08-13T14:33:13.779928,-48.0,109.0,-76.0,-14.0,29.0,-70.0,25.0,-43.0,-169.0,-35.0,-41.0,-4.0,-24.75,66.57,-27.96,-15.98,17.58,-46.97,11.82,-35.769999999999996,-149.82,2.4200000000000017,-57.870000000000005,28.22
2025-08-13T14:33:13.787812,45.0,99.0,-100.0,12.0,-49.0,-30.0,4.0,-106.0,4.0,26.0,-68.0,-24.0,68.25,56.57,-51.96,10.02,-60.42,-6.969999999999999,-9.18,-98.77,23.18,63.42,-84.87,8.219999999999999
2025-08-13T14:33:13.792226,60.0,10.0,-166.0,-3.0,21.0,-18.0,-5.0,-7.0,-8.0,-35.0,-84.0,32.0,83.25,-32.43,-117.96000000000001,-4.98,9.58,5.030000000000001,-18.18,0.23000000000000043,11.18,2.4200000000000017,-100.87,64.22
2025-08-13T14:33:13.800263,38.0,36.0,-101.0,22.0,45.0,-66.0,-3.0,-24.0,-5.0,-99.0,33.0,42.0,61.25,-6.43,-52.96,20.02,33.58,-42.97,-16.18,-16.77,14.18,-61.58,16.13,74.22
2025-08-13T14:33:13.804481,25.0,55.0,-83.0,-43.0,35.0,-57.0,90.0,-5.0,-70.0,-63.0,-22.0,-45.0,48.25,12.57,-34.96,-44.98,23.58,-33.97,76.82,2.2300000000000004,-50.82,-25.58,-38.870000000000005,-12.780000000000001
2025-08-13T14:33:13.812497,-32.0,85.0,-37.0,21.0,24.0,-33.0,-9.0,-12.0,-63.0,30.0,-44.0,-7.0,-8.75,42.57,11.04,19.02,12.58,-9.969999999999999,-22.18,-4.77,-43.82,67.42,-60.870000000000005,25.22
2025-08-13T14:33:13.816767,-13.0,36.0,-119.0,50.0,-3.0,-24.0,53.0,-47.0,-69.0,12.0,-6.0,25.0,10.25,-6.43,-70.96000000000001,48.02,-14.42,-0.9699999999999989,39.82,-39.769999999999996,-49.82,49.42,-22.87,57.22
2025-08-13T14:33:13.824583,-37.0,10.0,-85.0,25.0,-10.0,-17.0,-44.0,-67.0,-57.0,-17.0,-13.0,34.0,-13.75,-32.43,-36.96,23.02,-21.42,6.030000000000001,-57.18,-59.769999999999996,-37.82,20.42,-29.87,66.22
2025-08-13T14:33:13.828863,-62.0,108.0,-83.0,-5.0,1.0,-5.0,22.0,-14.0,-45.0,6.0,-52.0,13.0,-38.75,65.57,-34.96,-6.98,-10.42,18.03,8.82,-6.77,-25.82,43.42,-68.87,45.22
2025-08-13T14:33:13.836973,-49.0,88.0,-84.0,-44.0,-20.0,-1.0,-8.0,-53.0,-113.0,-10.0,21.0,-10.0,-25.75,45.57,-35.96,-45.98,-31.42,22.03,-21.18,-45.769999999999996,-93.82,27.42,4.129999999999999,22.22
2025-08-13T14:33:13.841283,-51.0,98.0,-114.0,-29.0,53.0,-76.0,-57.0,47.0,-27.0,-41.0,-43.0,6.0,-27.75,55.57,-65.96000000000001,-30.98,41.58,-52.97,-70.18,54.230000000000004,-7.82,-3.5799999999999983,-59.870000000000005,38.22
2025-08-13T14:33:13.849299,-28.0,94.0,-113.0,-3.0,7.0,-57.0,7.0,-74.0,-47.0,-3.0,-55.0,3.0,-4.75,51.57,-64.96000000000001,-4.98,-4.42,-33.97,-6.18,-66.77,-27.82,34.42,-71.87,35.22
2025-08-13T14:33:13.853670,-2.0,100.0,-77.0,-9.0,4.0,-35.0,-3.0,-61.0,-57.0,-61.0,-32.0,51.0,21.25,57.57,-28.96,-10.98,-7.42,-11.969999999999999,-16.18,-53.769999999999996,-37.82,-23.58,-48.870000000000005,83.22
2025-08-13T14:33:13.858008,66.0,111.0,-144.0,-6.0,47.0,-50.0,3.0,-8.0,-55.0,25.0,0.0,-37.0,89.25,68.57,-95.96000000000001,-7.98,35.58,-26.97,-10.18,-0.7699999999999996,-35.82,62.42,-16.87,-4.780000000000001
2025-08-13T14:33:13.865892,38.0,90.0,-93.0,0.0,3.0,-97.0,-9.0,12.0,-53.0,8.0,16.0,3.0,61.25,47.57,-44.96,-1.98,-8.42,-73.97,-22.18,19.23,-33.82,45.42,-0.870000000000001,35.22
2025-08-13T14:33:13.870223,20.0,66.0,-92.0,0.0,10.0,-4.0,41.0,-33.0,-99.0,-23.0,-61.0,-109.0,43.25,23.57,-43.96,-1.98,-1.42,19.03,27.82,-25.77,-79.82,14.420000000000002,-77.87,-76.78
2025-08-13T14:33:13.878369,20.0,67.0,-97.0,-10.0,4.0,-54.0,-1.0,-9.0,-39.0,-36.0,3.0,-86.0,43.25,24.57,-48.96,-11.98,-7.42,-30.97,-14.18,-1.7699999999999996,-19.82,1.4200000000000017,-13.870000000000001,-53.78
2025-08-13T14:33:13.883157,13.0,27.0,-87.0,-60.0,-1.0,-72.0,14.0,43.0,-87.0,-55.0,67.0,-85.0,36.25,-15.43,-38.96,-61.98,-12.42,-48.97,0.8200000000000003,50.230000000000004,-67.82,-17.58,50.129999999999995,-52.78
2025-08-13T14:33:13.890801,-6.0,34.0,-28.0,25.0,57.0,-24.0,-56.0,69.0,28.0,5.0,76.0,-73.0,17.25,-8.43,20.04,23.02,45.58,-0.9699999999999989,-69.18,76.23,47.18,42.42,59.129999999999995,-40.78
2025-08-13T14:33:13.895332,-14.0,36.0,-16.0,23.0,-63.0,-33.0,18.0,-12.0,26.0,-49.0,58.0,-121.0,9.25,-6.43,32.04,21.02,-74.42,-9.969999999999999,4.82,-4.77,45.18,-11.579999999999998,41.129999999999995,-88.78
2025-08-13T14:33:13.904667,-43.0,21.0,-46.0,-83.0,40.0,-17.0,25.0,-33.0,13.0,-65.0,59.0,-68.0,-19.75,-21.43,2.039999999999999,-84.98,28.58,6.030000000000001,11.82,-25.77,32.18,-27.58,42.129999999999995,-35.78
2025-08-13T14:33:13.914324,10.0,116.0,-16.0,-28.0,-35.0,-93.0,-43.0,23.0,-34.0,-87.0,101.0,-33.0,33.25,73.57,32.04,-29.98,-46.42,-69.97,-56.18,30.23,-14.82,-49.58,84.13,-0.7800000000000011
2025-08-13T14:33:13.920259,-23.0,49.0,-103.0,-6.0,56.0,-63.0,32.0,61.0,-50.0,-49.0,54.0,-36.0,0.25,6.57,-54.96,-7.98,44.58,-39.97,18.82,68.23,-30.82,-11.579999999999998,37.129999999999995,-3.780000000000001
2025-08-13T14:33:13.925849,7.0,134.0,-113.0,-105.0,0.0,-19.0,-22.0,23.0,-52.0,-66.0,-18.0,-100.0,30.25,91.57,-64.96000000000001,-106.98,-11.42,4.030000000000001,-35.18,30.23,-32.82,-28.58,-34.870000000000005,-67.78
2025-08-13T14:33:13.929057,30.0,52.0,-62.0,7.0,-60.0,-49.0,-4.0,-6.0,-78.0,-89.0,-18.0,-64.0,53.25,9.57,-13.96,5.02,-71.42,-25.97,-17.18,1.2300000000000004,-58.82,-51.58,-34.870000000000005,-31.78
2025-08-13T14:33:13.931586,53.0,83.0,-152.0,49.0,43.0,-27.0,-39.0,78.0,14.0,-42.0,-6.0,-81.0,76.25,40.57,-103.96000000000001,47.02,31.58,-3.969999999999999,-52.18,85.23,33.18,-4.579999999999998,-22.87,-48.78
2025-08-13T14:33:13.939544,65.0,33.0,-16.0,-45.0,11.0,-9.0,2.0,65.0,-81.0,-104.0,67.0,-109.0,88.25,-9.43,32.04,-46.98,-0.41999999999999993,14.030000000000001,-11.18,72.23,-61.82,-66.58,50.129999999999995,-76.78
2025-08-13T14:33:13.943817,-57.0,76.0,-74.0,56.0,27.0,17.0,40.0,-14.0,-67.0,-51.0,76.0,-94.0,-33.75,33.57,-25.96,54.02,15.58,40.03,26.82,-6.77,-47.82,-13.579999999999998,59.129999999999995,-61.78
2025-08-13T14:33:13.951825,-13.0,82.0,-59.0,-49.0,32.0,-104.0,-41.0,32.0,-30.0,-95.0,81.0,-80.0,10.25,39.57,-10.96,-50.98,20.58,-80.97,-54.18,39.230000000000004,-10.82,-57.58,64.13,-47.78
2025-08-13T14:33:13.955964,-56.0,109.0,-29.0,-22.0,76.0,-55.0,1.0,-8.0,-40.0,-107.0,-3.0,-62.0,-32.75,66.57,19.04,-23.98,64.58,-31.97,-12.18,-0.7699999999999996,-20.82,-69.58,-19.87,-29.78
2025-08-13T14:33:13.964053,50.0,73.0,-95.0,25.0,-32.0,-33.0,5.0,64.0,-86.0,-139.0,71.0,-126.0,73.25,30.57,-46.96,23.02,-43.42,-9.969999999999999,-8.18,71.23,-66.82,-101.58,54.129999999999995,-93.78
2025-08-13T14:33:13.968258,-5.0,18.0,-55.0,23.0,-29.0,-74.0,17.0,-32.0,-89.0,-73.0,58.0,-110.0,18.25,-24.43,-6.960000000000001,21.02,-40.42,-50.97,3.8200000000000003,-24.77,-69.82,-35.58,41.129999999999995,-77.78
2025-08-13T14:33:13.976212,48.0,49.0,-67.0,-46.0,-17.0,-15.0,70.0,-2.0,-26.0,-82.0,1.0,-110.0,71.25,6.57,-18.96,-47.98,-28.42,8.030000000000001,56.82,5.23,-6.82,-44.58,-15.870000000000001,-77.78
2025-08-13T14:33:13.980676,-119.0,-7.0,-74.0,-37.0,50.0,-44.0,32.0,-70.0,-100.0,-83.0,67.0,-46.0,-95.75,-49.43,-25.96,-38.98,38.58,-20.97,18.82,-62.769999999999996,-80.82,-45.58,50.129999999999995,-13.780000000000001
2025-08-13T14:33:13.988525,-70.0,77.0,-40.0,-16.0,11.0,12.0,45.0,-35.0,-27.0,-55.0,38.0,-57.0,-46.75,34.57,8.04,-17.98,-0.41999999999999993,35.03,31.82,-27.77,-7.82,-17.58,21.13,-24.78
2025-08-13T14:33:13.992867,-31.0,122.0,-70.0,63.0,-10.0,-81.0,43.0,-11.0,-117.0,-33.0,-16.0,-40.0,-7.75,79.57,-21.96,61.02,-21.42,-57.97,29.82,-3.7699999999999996,-97.82,4.420000000000002,-32.870000000000005,-7.780000000000001
2025-08-13T14:33:14.000957,55.0,60.0,-107.0,1.0,-58.0,-87.0,-24.0,28.0,-130.0,-70.0,75.0,-75.0,78.25,17.57,-58.96,-0.98,-69.42,-63.97,-37.18,35.230000000000004,-110.82,-32.58,58.129999999999995,-42.78
2025-08-13T14:33:14.005281,68.0,-10.0,-130.0,-10.0,-31.0,4.0,-38.0,21.0,-74.0,-101.0,-3.0,-51.0,91.25,-52.43,-81.96000000000001,-11.98,-42.42,27.03,-51.18,28.23,-54.82,-63.58,-19.87,-18.78
2025-08-13T14:33:14.013204,22.0,55.0,-27.0,-33.0,73.0,-11.0,3.0,53.0,-56.0,-92.0,60.0,-23.0,45.25,12.57,21.04,-34.98,61.58,12.030000000000001,-10.18,60.230000000000004,-36.82,-54.58,43.129999999999995,9.219999999999999
2025-08-13T14:33:14.017750,-92.0,50.0,-79.0,-33.0,43.0,-23.0,-46.0,-30.0,-15.0,-108.0,26.0,-49.0,-68.75,7.57,-30.96,-34.98,31.58,0.030000000000001137,-59.18,-22.77,4.18,-70.58,9.129999999999999,-16.78
2025-08-13T14:33:14.025589,-28.0,70.0,-60.0,23.0,86.0,-61.0,51.0,0.0,-51.0,-58.0,58.0,-88.0,-4.75,27.57,-11.96,21.02,74.58,-37.97,37.82,7.23,-31.82,-20.58,41.129999999999995,-55.78
2025-08-13T14:33:14.030052,-73.0,93.0,-78.0,23.0,47.0,-90.0,28.0,-12.0,-49.0,-88.0,26.0,-78.0,-49.75,50.57,-29.96,21.02,35.58,-66.97,14.82,-4.77,-29.82,-50.58,9.129999999999999,-45.78
2025-08-13T14:33:14.037991,27.0,146.0,-86.0,24.0,-35.0,-23.0,20.0,5.0,-70.0,-106.0,81.0,-119.0,50.25,103.57,-37.96,22.02,-46.42,0.030000000000001137,6.82,12.23,-50.82,-68.58,64.13,-86.78
2025-08-13T14:33:14.044309,11.0,44.0,-28.0,15.0,-26.0,-2.0,20.0,-1.0,-59.0,-70.0,55.0,-55.0,34.25,1.5700000000000003,20.04,13.02,-37.42,21.03,6.82,6.23,-39.82,-32.58,38.129999999999995,-22.78
2025-08-13T14:33:14.050155,21.0,61.0,-8.0,-55.0,-2.0,-63.0,3.0,-14.0,-50.0,-49.0,41.0,-12.0,44.25,18.57,40.04,-56.98,-13.42,-39.97,-10.18,-6.77,-30.82,-11.579999999999998,24.13,20.22
2025-08-13T14:33:14.054819,8.0,109.0,-78.0,-25.0,-16.0,-2.0,-74.0,-25.0,-42.0,17.0,54.0,-61.0,31.25,66.57,-29.96,-26.98,-27.42,21.03,-87.18,-17.77,-22.82,54.42,37.129999999999995,-28.78
2025-08-13T14:33:14.062619,-23.0,33.0,-75.0,-12.0,55.0,-52.0,44.0,29.0,-58.0,-57.0,-8.0,-90.0,0.25,-9.43,-26.96,-13.98,43.58,-28.97,30.82,36.230000000000004,-38.82,-19.58,-24.87,-57.78
2025-08-13T14:33:14.067032,-32.0,108.0,-36.0,-39.0,45.0,-97.0,-41.0,-10.0,-85.0,-27.0,76.0,-57.0,-8.75,65.57,12.04,-40.98,33.58,-73.97,-54.18,-2.7699999999999996,-65.82,10.420000000000002,59.129999999999995,-24.78
2025-08-13T14:33:14.074848,-33.0,107.0,-124.0,31.0,34.0,-71.0,42.0,35.0,-56.0,-75.0,51.0,-75.0,-9.75,64.57,-75.96000000000001,29.02,22.58,-47.97,28.82,42.230000000000004,-36.82,-37.58,34.129999999999995,-42.78
2025-08-13T14:33:14.079240,26.0,84.0,-129.0,0.0,1.0,-33.0,29.0,1.0,-57.0,-96.0,91.0,-21.0,49.25,41.57,-80.96000000000001,-1.98,-10.42,-9.969999999999999,15.82,8.23,-37.82,-58.58,74.13,11.219999999999999
2025-08-13T14:33:14.087185,-20.0,104.0,-108.0,46.0,-2.0,23.0,-27.0,61.0,-28.0,-89.0,100.0,-62.0,3.25,61.57,-59.96,44.02,-13.42,46.03,-40.18,68.23,-8.82,-51.58,83.13,-29.78
2025-08-13T14:33:14.091586,-23.0,53.0,-33.0,18.0,-62.0,-85.0,-4.0,25.0,-64.0,-104.0,41.0,-56.0,0.25,10.57,15.04,16.02,-73.42,-61.97,-17.18,32.230000000000004,-44.82,-66.58,24.13,-23.78
2025-08-13T14:33:14.099329,12.0,25.0,-55.0,-3.0,78.0,-76.0,-106.0,2.0,-63.0,-48.0,55.0,-29.0,35.25,-17.43,-6.960000000000001,-4.98,66.58,-52.97,-119.18,9.23,-43.82,-10.579999999999998,38.129999999999995,3.219999999999999
2025-08-13T14:33:14.103864,-8.0,41.0,-10.0,58.0,20.0,-45.0,3.0,6.0,-10.0,-95.0,32.0,-38.0,15.25,-1.4299999999999997,38.04,56.02,8.58,-21.97,-10.18,13.23,9.18,-57.58,15.129999999999999,-5.780000000000001
2025-08-13T14:33:14.111606,-6.0,116.0,-37.0,-40.0,40.0,-32.0,-39.0,7.0,-24.0,-22.0,-15.0,9.0,17.25,73.57,11.04,-41.98,28.58,-8.969999999999999,-52.18,14.23,-4.82,15.420000000000002,-31.87,41.22
2025-08-13T14:33:14.116099,-62.0,145.0,-128.0,32.0,-13.0,-16.0,-41.0,87.0,-29.0,-63.0,41.0,-87.0,-38.75,102.57,-79.96000000000001,30.02,-24.42,7.030000000000001,-54.18,94.23,-9.82,-25.58,24.13,-54.78
2025-08-13T14:33:14.124793,3.0,115.0,-60.0,21.0,37.0,-37.0,-24.0,-27.0,-104.0,-86.0,118.0,-115.0,26.25,72.57,-11.96,19.02,25.58,-13.969999999999999,-37.18,-19.77,-84.82,-48.58,101.13,-82.78
2025-08-13T14:33:14.128327,-24.0,69.0,-141.0,4.0,-32.0,19.0,38.0,-33.0,-106.0,-79.0,71.0,-32.0,-0.75,26.57,-92.96000000000001,2.02,-43.42,42.03,24.82,-25.77,-86.82,-41.58,54.129999999999995,0.21999999999999886
2025-08-13T14:33:14.136321,16.0,27.0,-54.0,4.0,7.0,-14.0,20.0,30.0,-121.0,-107.0,3.0,-101.0,39.25,-15.43,-5.960000000000001,2.02,-4.42,9.030000000000001,6.82,37.230000000000004,-101.82,-69.58,-13.870000000000001,-68.78
2025-08-13T14:33:14.140630,-3.0,-1.0,-46.0,1.0,36.0,-44.0,24.0,-79.0,-117.0,-40.0,5.0,-83.0,20.25,-43.43,2.039999999999999,-0.98,24.58,-20.97,10.82,-71.77,-97.82,-2.5799999999999983,-11.870000000000001,-50.78
2025-08-13T14:33:14.148428,-19.0,81.0,-37.0,-21.0,65.0,-19.0,26.0,-76.0,-38.0,-90.0,73.0,-61.0,4.25,38.57,11.04,-22.98,53.58,4.030000000000001,12.82,-68.77,-18.82,-52.58,56.129999999999995,-28.78
2025-08-13T14:33:14.153017,-29.0,127.0,-109.0,-47.0,-14.0,-52.0,38.0,8.0,-58.0,-79.0,-5.0,-41.0,-5.75,84.57,-60.96,-48.98,-25.42,-28.97,24.82,15.23,-38.82,-41.58,-21.87,-8.780000000000001
2025-08-13T14:33:14.161679,-58.0,19.0,-105.0,30.0,59.0,-97.0,4.0,-20.0,-27.0,-34.0,48.0,-92.0,-34.75,-23.43,-56.96,28.02,47.58,-73.97,-9.18,-12.77,-7.82,3.4200000000000017,31.13,-59.78
2025-08-13T14:33:14.167518,1.0,134.0,-62.0,49.0,9.0,-44.0,38.0,8.0,-82.0,-89.0,55.0,-42.0,24.25,91.57,-13.96,47.02,-2.42,-20.97,24.82,15.23,-62.82,-51.58,38.129999999999995,-9.780000000000001
2025-08-13T14:33:14.173583,-37.0,89.0,-87.0,26.0,-15.0,-70.0,55.0,-15.0,-52.0,-64.0,65.0,-60.0,-13.75,46.57,-38.96,24.02,-26.42,-46.97,41.82,-7.77,-32.82,-26.58,48.129999999999995,-27.78
2025-08-13T14:33:14.177342,-17.0,62.0,-108.0,0.0,-9.0,-12.0,-6.0,-13.0,18.0,-86.0,-11.0,-100.0,6.25,19.57,-59.96,-1.98,-20.42,11.030000000000001,-19.18,-5.77,37.18,-48.58,-27.87,-67.78
2025-08-13T14:33:14.185228,8.0,33.0,-28.0,3.0,-34.0,-51.0,51.0,-71.0,-48.0,-88.0,33.0,-53.0,31.25,-9.43,20.04,1.02,-45.42,-27.97,37.82,-63.769999999999996,-28.82,-50.58,16.13,-20.78
2025-08-13T14:33:14.189545,-16.0,69.0,-61.0,-71.0,50.0,-64.0,57.0,-63.0,-60.0,-57.0,64.0,-114.0,7.25,26.57,-12.96,-72.98,38.58,-40.97,43.82,-55.769999999999996,-40.82,-19.58,47.129999999999995,-81.78
2025-08-13T14:33:14.197469,1.0,99.0,-91.0,29.0,11.0,-87.0,-82.0,-4.0,-78.0,-59.0,11.0,-52.0,24.25,56.57,-42.96,27.02,-0.41999999999999993,-63.97,-95.18,3.2300000000000004,-58.82,-21.58,-5.870000000000001,-19.78
2025-08-13T14:33:14.201773,-58.0,103.0,-6.0,101.0,-2.0,-65.0,2.0,-74.0,-50.0,-52.0,-7.0,-113.0,-34.75,60.57,42.04,99.02,-13.42,-41.97,-11.18,-66.77,-30.82,-14.579999999999998,-23.87,-80.78
2025-08-13T14:33:14.209786,14.0,107.0,-82.0,67.0,40.0,-110.0,17.0,-41.0,24.0,-77.0,101.0,-79.0,37.25,64.57,-33.96,65.02,28.58,-86.97,3.8200000000000003,-33.769999999999996,43.18,-39.58,84.13,-46.78
2025-08-13T14:33:14.214128,59.0,66.0,-113.0,80.0,11.0,-48.0,-8.0,-8.0,-8.0,-98.0,-20.0,-89.0,82.25,23.57,-64.96000000000001,78.02,-0.41999999999999993,-24.97,-21.18,-0.7699999999999996,11.18,-60.58,-36.870000000000005,-56.78
2025-08-13T14:33:14.222065,20.0,133.0,-84.0,32.0,8.0,-65.0,15.0,15.0,-40.0,-91.0,53.0,-79.0,43.25,90.57,-35.96,30.02,-3.42,-41.97,1.8200000000000003,22.23,-20.82,-53.58,36.129999999999995,-46.78
2025-08-13T14:33:14.226408,5.0,15.0,-141.0,28.0,7.0,18.0,53.0,-17.0,8.0,-87.0,118.0,-62.0,28.25,-27.43,-92.96000000000001,26.02,-4.42,41.03,39.82,-9.77,27.18,-49.58,101.13,-29.78
2025-08-13T14:33:14.234483,-40.0,24.0,-117.0,35.0,-15.0,-71.0,-7.0,-48.0,-78.0,-86.0,34.0,-31.0,-16.75,-18.43,-68.96000000000001,33.02,-26.42,-47.97,-20.18,-40.769999999999996,-58.82,-48.58,17.13,1.2199999999999989
2025-08-13T14:33:14.238765,-5.0,42.0,-80.0,26.0,49.0,-118.0,55.0,7.0,-87.0,-44.0,20.0,-86.0,18.25,-0.4299999999999997,-31.96,24.02,37.58,-94.97,41.82,14.23,-67.82,-6.579999999999998,3.129999999999999,-53.78
2025-08-13T14:33:14.246821,-12.0,54.0,-58.0,68.0,-28.0,-38.0,52.0,-50.0,-14.0,-81.0,40.0,-23.0,11.25,11.57,-9.96,66.02,-39.42,-14.969999999999999,38.82,-42.769999999999996,5.18,-43.58,23.13,9.219999999999999
2025-08-13T14:33:14.251129,-73.0,104.0,-38.0,50.0,38.0,-77.0,-6.0,32.0,-84.0,-57.0,39.0,-40.0,-49.75,61.57,10.04,48.02,26.58,-53.97,-19.18,39.230000000000004,-64.82,-19.58,22.13,-7.780000000000001
2025-08-13T14:33:14.258893,-31.0,124.0,-90.0,-60.0,-28.0,-82.0,67.0,37.0,-62.0,-29.0,83.0,-144.0,-7.75,81.57,-41.96,-61.98,-39.42,-58.97,53.82,44.230000000000004,-42.82,8.420000000000002,66.13,-111.78
2025-08-13T14:33:14.263722,9.0,108.0,-98.0,-22.0,57.0,-34.0,0.0,58.0,-64.0,-105.0,82.0,-85.0,32.25,65.57,-49.96,-23.98,45.58,-10.969999999999999,-13.18,65.23,-44.82,-67.58,65.13,-52.78
2025-08-13T14:33:14.271407,-15.0,31.0,-60.0,-26.0,22.0,-36.0,-19.0,-3.0,-154.0,-89.0,50.0,-82.0,8.25,-11.43,-11.96,-27.98,10.58,-12.969999999999999,-32.18,4.23,-134.82,-51.58,33.129999999999995,-49.78
2025-08-13T14:33:14.275963,63.0,-23.0,-52.0,-18.0,60.0,-20.0,25.0,-42.0,-56.0,-71.0,13.0,-104.0,86.25,-65.43,-3.960000000000001,-19.98,48.58,3.030000000000001,11.82,-34.769999999999996,-36.82,-33.58,-3.870000000000001,-71.78
2025-08-13T14:33:14.283748,11.0,81.0,-79.0,10.0,44.0,-67.0,-6.0,39.0,-47.0,-96.0,72.0,-64.0,34.25,38.57,-30.96,8.02,32.58,-43.97,-19.18,46.230000000000004,-27.82,-58.58,55.129999999999995,-31.78
2025-08-13T14:33:14.288378,-31.0,116.0,-56.0,39.0,-18.0,-42.0,-2.0,-99.0,-72.0,-72.0,59.0,-111.0,-7.75,73.57,-7.960000000000001,37.02,-29.42,-18.97,-15.18,-91.77,-52.82,-34.58,42.129999999999995,-78.78
2025-08-13T14:33:14.296136,-65.0,108.0,-127.0,11.0,-14.0,-66.0,21.0,9.0,0.0,-44.0,64.0,-101.0,-41.75,65.57,-78.96000000000001,9.02,-25.42,-42.97,7.82,16.23,19.18,-6.579999999999998,47.129999999999995,-68.78
2025-08-13T14:33:14.300425,-21.0,90.0,-96.0,-44.0,34.0,-18.0,18.0,-62.0,-36.0,-88.0,82.0,-7.0,2.25,47.57,-47.96,-45.98,22.58,5.030000000000001,4.82,-54.769999999999996,-16.82,-50.58,65.13,25.22
2025-08-13T14:33:14.308303,20.0,48.0,-139.0,48.0,103.0,-58.0,-92.0,18.0,-6.0,-79.0,-10.0,-72.0,43.25,5.57,-90.96000000000001,46.02,91.58,-34.97,-105.18,25.23,13.18,-41.58,-26.87,-39.78
2025-08-13T14:33:14.312939,42.0,46.0,-88.0,4.0,-7.0,-99.0,-50.0,16.0,-40.0,-44.0,115.0,-84.0,65.25,3.5700000000000003,-39.96,2.02,-18.42,-75.97,-63.18,23.23,-20.82,-6.579999999999998,98.13,-51.78
2025-08-13T14:33:14.320530,-20.0,112.0,-38.0,40.0,9.0,-72.0,-66.0,-70.0,-20.0,-74.0,9.0,-4.0,3.25,69.57,10.04,38.02,-2.42,-48.97,-79.18,-62.769999999999996,-0.8200000000000003,-36.58,-7.870000000000001,28.22
2025-08-13T14:33:14.325157,9.0,87.0,-9.0,50.0,-19.0,-69.0,-12.0,-6.0,-113.0,-81.0,56.0,-2.0,32.25,44.57,39.04,48.02,-30.42,-45.97,-25.18,1.2300000000000004,-93.82,-43.58,39.129999999999995,30.22
2025-08-13T14:33:14.332761,18.0,50.0,16.0,26.0,27.0,-60.0,19.0,-37.0,-56.0,-22.0,120.0,-31.0,41.25,7.57,64.03999999999999,24.02,15.58,-36.97,5.82,-29.77,-36.82,15.420000000000002,103.13,1.2199999999999989
2025-08-13T14:33:14.337391,-60.0,130.0,-39.0,-1.0,-55.0,-65.0,73.0,-20.0,-27.0,-41.0,61.0,31.0,-36.75,87.57,9.04,-2.98,-66.42,-41.97,59.82,-12.77,-7.82,-3.5799999999999983,44.129999999999995,63.22
2025-08-13T14:33:14.344929,-28.0,147.0,-40.0,27.0,43.0,-68.0,12.0,0.0,-74.0,-5.0,82.0,-66.0,-4.75,104.57,8.04,25.02,31.58,-44.97,-1.1799999999999997,7.23,-54.82,32.42,65.13,-33.78
2025-08-13T14:33:14.349734,-22.0,137.0,-153.0,-22.0,41.0,-126.0,56.0,-46.0,-58.0,-28.0,74.0,-80.0,1.25,94.57,-104.96000000000001,-23.98,29.58,-102.97,42.82,-38.769999999999996,-38.82,9.420000000000002,57.129999999999995,-47.78
2025-08-13T14:33:14.357660,42.0,147.0,-122.0,21.0,-27.0,-107.0,54.0,-66.0,-44.0,-5.0,112.0,-62.0,65.25,104.57,-73.96000000000001,19.02,-38.42,-83.97,40.82,-58.769999999999996,-24.82,32.42,95.13,-29.78
2025-08-13T14:33:14.361924,45.0,81.0,-102.0,66.0,-8.0,-78.0,58.0,18.0,9.0,-28.0,14.0,-29.0,68.25,38.57,-53.96,64.02,-19.42,-54.97,44.82,25.23,28.18,9.420000000000002,-2.870000000000001,3.219999999999999
2025-08-13T14:33:14.369793,75.0,137.0,4.0,109.0,-64.0,-43.0,89.0,-79.0,15.0,-62.0,131.0,-133.0,98.25,94.57,52.04,107.02,-75.42,-19.97,75.82,-71.77,34.18,-24.58,114.13,-100.78
2025-08-13T14:33:14.374359,-32.0,118.0,-43.0,26.0,-18.0,-62.0,-28.0,-81.0,-4.0,2.0,30.0,-109.0,-8.75,75.57,5.039999999999999,24.02,-29.42,-38.97,-41.18,-73.77,15.18,39.42,13.129999999999999,-76.78
2025-08-13T14:33:14.381993,-17.0,163.0,-30.0,66.0,57.0,-84.0,-2.0,-76.0,15.0,24.0,74.0,-11.0,6.25,120.57,18.04,64.02,45.58,-60.97,-15.18,-68.77,34.18,61.42,57.129999999999995,21.22
2025-08-13T14:33:14.386572,-32.0,146.0,-36.0,61.0,53.0,-112.0,-53.0,14.0,-39.0,-39.0,125.0,-97.0,-8.75,103.57,12.04,59.02,41.58,-88.97,-66.18,21.23,-19.82,-1.5799999999999983,108.13,-64.78
2025-08-13T14:33:14.394340,91.0,140.0,-103.0,34.0,-57.0,-17.0,-14.0,22.0,-8.0,-24.0,118.0,-103.0,114.25,97.57,-54.96,32.02,-68.42,6.030000000000001,-27.18,29.23,11.18,13.420000000000002,101.13,-70.78
2025-08-13T14:33:14.398907,66.0,101.0,-72.0,56.0,31.0,-31.0,40.0,2.0,-14.0,-28.0,75.0,-12.0,89.25,58.57,-23.96,54.02,19.58,-7.969999999999999,26.82,9.23,5.18,9.420000000000002,58.129999999999995,20.22
2025-08-13T14:33:14.406514,40.0,84.0,-45.0,67.0,-8.0,-2.0,13.0,-26.0,-42.0,-46.0,37.0,-58.0,63.25,41.57,3.039999999999999,65.02,-19.42,21.03,-0.17999999999999972,-18.77,-22.82,-8.579999999999998,20.13,-25.78
2025-08-13T14:33:14.411175,17.0,147.0,-32.0,65.0,22.0,-71.0,2.0,-14.0,-48.0,-21.0,83.0,-30.0,40.25,104.57,16.04,63.02,10.58,-47.97,-11.18,-6.77,-28.82,16.42,66.13,2.219999999999999
2025-08-13T14:33:14.418861,-62.0,151.0,-50.0,69.0,10.0,-140.0,12.0,-32.0,-66.0,-130.0,111.0,-99.0,-38.75,108.57,-1.9600000000000009,67.02,-1.42,-116.97,-1.1799999999999997,-24.77,-46.82,-92.58,94.13,-66.78
2025-08-13T14:33:14.423559,-1.0,157.0,-132.0,145.0,-29.0,-93.0,-59.0,-33.0,50.0,73.0,92.0,-121.0,22.25,114.57,-83.96000000000001,143.02,-40.42,-69.97,-72.18,-25.77,69.18,110.42,75.13,-88.78
2025-08-13T14:33:14.431318,54.0,135.0,-112.0,-4.0,-2.0,-70.0,-72.0,-97.0,1.0,69.0,89.0,-37.0,77.25,92.57,-63.96,-5.98,-13.42,-46.97,-85.18,-89.77,20.18,106.42,72.13,-4.780000000000001
2025-08-13T14:33:14.436084,-29.0,114.0,-132.0,17.0,-27.0,-103.0,-4.0,-30.0,25.0,7.0,118.0,-24.0,-5.75,71.57,-83.96000000000001,15.02,-38.42,-79.97,-17.18,-22.77,44.18,44.42,101.13,8.219999999999999
2025-08-13T14:33:14.443673,44.0,124.0,-46.0,82.0,40.0,-76.0,-22.0,-95.0,80.0,40.0,99.0,-19.0,67.25,81.57,2.039999999999999,80.02,28.58,-52.97,-35.18,-87.77,99.18,77.42,82.13,13.219999999999999
2025-08-13T14:33:14.448434,-11.0,139.0,-110.0,29.0,-26.0,-94.0,-27.0,-52.0,21.0,2.0,140.0,28.0,12.25,96.57,-61.96,27.02,-37.42,-70.97,-40.18,-44.769999999999996,40.18,39.42,123.13,60.22
2025-08-13T14:33:14.456111,-53.0,172.0,-86.0,86.0,-25.0,4.0,-87.0,-103.0,41.0,-24.0,103.0,-2.0,-29.75,129.57,-37.96,84.02,-36.42,27.03,-100.18,-95.77,60.18,13.420000000000002,86.13,30.22
2025-08-13T14:33:14.460562,-26.0,151.0,-94.0,94.0,-64.0,-139.0,-35.0,4.0,0.0,7.0,111.0,-77.0,-2.75,108.57,-45.96,92.02,-75.42,-115.97,-48.18,11.23,19.18,44.42,94.13,-44.78
2025-08-13T14:33:14.468163,69.0,187.0,-205.0,110.0,3.0,-91.0,-67.0,-71.0,-42.0,86.0,151.0,-59.0,92.25,144.57,-156.96,108.02,-8.42,-67.97,-80.18,-63.769999999999996,-22.82,123.42,134.13,-26.78
2025-08-13T14:33:14.472894,1.0,130.0,-109.0,66.0,-14.0,-51.0,-56.0,-108.0,34.0,62.0,144.0,0.0,24.25,87.57,-60.96,64.02,-25.42,-27.97,-69.18,-100.77,53.18,99.42,127.13,32.22
2025-08-13T14:33:14.480661,90.0,108.0,-85.0,60.0,39.0,-52.0,-27.0,-118.0,26.0,-3.0,161.0,-47.0,113.25,65.57,-36.96,58.02,27.58,-28.97,-40.18,-110.77,45.18,34.42,144.13,-14.780000000000001
2025-08-13T14:33:14.487491,13.0,96.0,-28.0,76.0,-61.0,-57.0,45.0,-114.0,43.0,1.0,189.0,-51.0,36.25,53.57,20.04,74.02,-72.42,-33.97,31.82,-106.77,62.18,38.42,172.13,-18.78
2025-08-13T14:33:14.492419,31.0,190.0,-58.0,104.0,-79.0,-57.0,-51.0,-88.0,-9.0,-19.0,131.0,-53.0,54.25,147.57,-9.96,102.02,-90.42,-33.97,-64.18,-80.77,10.18,18.42,114.13,-20.78
2025-08-13T14:33:14.497026,-73.0,178.0,-98.0,-4.0,27.0,-6.0,26.0,-39.0,3.0,62.0,73.0,-102.0,-49.75,135.57,-49.96,-5.98,15.58,17.03,12.82,-31.77,22.18,99.42,56.129999999999995,-69.78
2025-08-13T14:33:14.504854,-16.0,120.0,-164.0,48.0,31.0,-63.0,-102.0,-50.0,-30.0,-7.0,125.0,5.0,7.25,77.57,-115.96000000000001,46.02,19.58,-39.97,-115.18,-42.769999999999996,-10.82,30.42,108.13,37.22
2025-08-13T14:33:14.512800,21.0,142.0,-133.0,120.0,4.0,-108.0,20.0,-20.0,43.0,-17.0,111.0,-81.0,44.25,99.57,-84.96000000000001,118.02,-7.42,-84.97,6.82,-12.77,62.18,20.42,94.13,-48.78
2025-08-13T14:33:14.517203,14.0,102.0,-72.0,114.0,-34.0,-89.0,-4.0,7.0,10.0,29.0,29.0,15.0,37.25,59.57,-23.96,112.02,-45.42,-65.97,-17.18,14.23,29.18,66.42,12.129999999999999,47.22
2025-08-13T14:33:14.525043,0.0,83.0,-75.0,33.0,-22.0,-98.0,-39.0,-55.0,-31.0,-64.0,149.0,33.0,23.25,40.57,-26.96,31.02,-33.42,-74.97,-52.18,-47.769999999999996,-11.82,-26.58,132.13,65.22
2025-08-13T14:33:14.529426,2.0,118.0,-91.0,0.0,-36.0,-47.0,-31.0,-92.0,22.0,-9.0,63.0,46.0,25.25,75.57,-42.96,-1.98,-47.42,-23.97,-44.18,-84.77,41.18,28.42,46.129999999999995,78.22
2025-08-13T14:33:14.533629,-43.0,116.0,-98.0,66.0,25.0,-75.0,-40.0,-94.0,8.0,-23.0,103.0,9.0,-19.75,73.57,-49.96,64.02,13.58,-51.97,-53.18,-86.77,27.18,14.420000000000002,86.13,41.22
2025-08-13T14:33:14.541786,-6.0,131.0,-154.0,72.0,-7.0,-152.0,-68.0,-30.0,-29.0,-4.0,77.0,21.0,17.25,88.57,-105.96000000000001,70.02,-18.42,-128.97,-81.18,-22.77,-9.82,33.42,60.129999999999995,53.22
2025-08-13T14:33:14.549771,95.0,198.0,-146.0,33.0,-14.0,-49.0,-27.0,-56.0,-81.0,-18.0,68.0,37.0,118.25,155.57,-97.96000000000001,31.02,-25.42,-25.97,-40.18,-48.769999999999996,-61.82,19.42,51.129999999999995,69.22
2025-08-13T14:33:14.554079,42.0,111.0,-144.0,117.0,-36.0,-39.0,-43.0,-111.0,52.0,25.0,12.0,13.0,65.25,68.57,-95.96000000000001,115.02,-47.42,-15.969999999999999,-56.18,-103.77,71.18,62.42,-4.870000000000001,45.22
2025-08-13T14:33:14.562103,139.0,115.0,-146.0,66.0,-8.0,-19.0,-45.0,-155.0,-4.0,-61.0,84.0,-8.0,162.25,72.57,-97.96000000000001,64.02,-19.42,4.030000000000001,-58.18,-147.77,15.18,-23.58,67.13,24.22
2025-08-13T14:33:14.566407,-55.0,135.0,-81.0,66.0,41.0,-96.0,-39.0,-55.0,60.0,-47.0,21.0,18.0,-31.75,92.57,-32.96,64.02,29.58,-72.97,-52.18,-47.769999999999996,79.18,-9.579999999999998,4.129999999999999,50.22
2025-08-13T14:33:14.574351,-15.0,169.0,-108.0,127.0,-11.0,-144.0,-47.0,-124.0,8.0,-62.0,34.0,46.0,8.25,126.57,-59.96,125.02,-22.42,-120.97,-60.18,-116.77,27.18,-24.58,17.13,78.22
2025-08-13T14:33:14.578803,-2.0,131.0,-109.0,67.0,-28.0,-39.0,-76.0,-15.0,5.0,-46.0,145.0,58.0,21.25,88.57,-60.96,65.02,-39.42,-15.969999999999999,-89.18,-7.77,24.18,-8.579999999999998,128.13,90.22
2025-08-13T14:33:14.586679,92.0,109.0,-135.0,-14.0,2.0,-17.0,-57.0,-52.0,31.0,-97.0,100.0,35.0,115.25,66.57,-86.96000000000001,-15.98,-9.42,6.030000000000001,-70.18,-44.769999999999996,50.18,-59.58,83.13,67.22
2025-08-13T14:33:14.591165,77.0,100.0,-127.0,17.0,36.0,-61.0,3.0,-158.0,8.0,-99.0,104.0,63.0,100.25,57.57,-78.96000000000001,15.02,24.58,-37.97,-10.18,-150.77,27.18,-61.58,87.13,95.22
2025-08-13T14:33:14.598995,35.0,135.0,-88.0,45.0,26.0,-80.0,-54.0,-131.0,35.0,-92.0,97.0,67.0,58.25,92.57,-39.96,43.02,14.58,-56.97,-67.18,-123.77,54.18,-54.58,80.13,99.22
2025-08-13T14:33:14.603375,-15.0,145.0,-98.0,39.0,-15.0,-95.0,-60.0,-72.0,-27.0,-81.0,59.0,88.0,8.25,102.57,-49.96,37.02,-26.42,-71.97,-73.18,-64.77,-7.82,-43.58,42.129999999999995,120.22
2025-08-13T14:33:14.611339,15.0,160.0,-71.0,61.0,-68.0,-68.0,-97.0,-29.0,29.0,-114.0,111.0,18.0,38.25,117.57,-22.96,59.02,-79.42,-44.97,-110.18,-21.77,48.18,-76.58,94.13,50.22
2025-08-13T14:33:14.615806,-54.0,136.0,-156.0,92.0,-31.0,-70.0,-28.0,-135.0,-9.0,-48.0,173.0,66.0,-30.75,93.57,-107.96000000000001,90.02,-42.42,-46.97,-41.18,-127.77,10.18,-10.579999999999998,156.13,98.22
2025-08-13T14:33:14.623645,20.0,125.0,-170.0,38.0,-4.0,-80.0,-48.0,-81.0,-7.0,-44.0,112.0,24.0,43.25,82.57,-121.96000000000001,36.02,-15.42,-56.97,-61.18,-73.77,12.18,-6.579999999999998,95.13,56.22
2025-08-13T14:33:14.627930,49.0,92.0,-60.0,-10.0,-44.0,-112.0,-25.0,-103.0,-10.0,-68.0,120.0,20.0,72.25,49.57,-11.96,-11.98,-55.42,-88.97,-38.18,-95.77,9.18,-30.58,103.13,52.22
2025-08-13T14:33:14.635773,-31.0,66.0,-83.0,83.0,26.0,-130.0,-104.0,-76.0,-1.0,-82.0,175.0,96.0,-7.75,23.57,-34.96,81.02,14.58,-106.97,-117.18,-68.77,18.18,-44.58,158.13,128.22
2025-08-13T14:33:14.640272,19.0,199.0,-105.0,73.0,-55.0,-110.0,-82.0,-150.0,8.0,-44.0,129.0,22.0,42.25,156.57,-56.96,71.02,-66.42,-86.97,-95.18,-142.77,27.18,-6.579999999999998,112.13,54.22
2025-08-13T14:33:14.648430,-55.0,145.0,-141.0,49.0,-33.0,-112.0,-22.0,-71.0,75.0,-106.0,108.0,-12.0,-31.75,102.57,-92.96000000000001,47.02,-44.42,-88.97,-35.18,-63.769999999999996,94.18,-68.58,91.13,20.22
2025-08-13T14:33:14.655833,47.0,114.0,-88.0,-2.0,1.0,-109.0,17.0,-86.0,-41.0,-9.0,157.0,3.0,70.25,71.57,-39.96,-3.98,-10.42,-85.97,3.8200000000000003,-78.77,-21.82,28.42,140.13,35.22
2025-08-13T14:33:14.661651,-10.0,58.0,-94.0,44.0,8.0,-14.0,-71.0,-84.0,-41.0,-23.0,116.0,-12.0,13.25,15.57,-45.96,42.02,-3.42,9.030000000000001,-84.18,-76.77,-21.82,14.420000000000002,99.13,20.22
2025-08-13T14:33:14.665717,-47.0,121.0,-111.0,108.0,-3.0,-82.0,-68.0,-88.0,-4.0,-25.0,113.0,-47.0,-23.75,78.57,-62.96,106.02,-14.42,-58.97,-81.18,-80.77,15.18,12.420000000000002,96.13,-14.780000000000001
2025-08-13T14:33:14.673066,-22.0,174.0,-154.0,46.0,29.0,-79.0,-79.0,-79.0,-32.0,40.0,96.0,-68.0,1.25,131.57,-105.96000000000001,44.02,17.58,-55.97,-92.18,-71.77,-12.82,77.42,79.13,-35.78
2025-08-13T14:33:14.680281,20.0,108.0,-128.0,83.0,-7.0,-57.0,-61.0,-76.0,-17.0,38.0,141.0,-84.0,43.25,65.57,-79.96000000000001,81.02,-18.42,-33.97,-74.18,-68.77,2.1799999999999997,75.42,124.13,-51.78
2025-08-13T14:33:14.685170,-24.0,142.0,-135.0,11.0,5.0,-67.0,-33.0,-66.0,66.0,44.0,164.0,-46.0,-0.75,99.57,-86.96000000000001,9.02,-6.42,-43.97,-46.18,-58.769999999999996,85.18,81.42,147.13,-13.780000000000001
2025-08-13T14:33:14.692873,59.0,60.0,-124.0,-43.0,17.0,-82.0,-67.0,-86.0,24.0,-32.0,133.0,-47.0,82.25,17.57,-75.96000000000001,-44.98,5.58,-58.97,-80.18,-78.77,43.18,5.420000000000002,116.13,-14.780000000000001
2025-08-13T14:33:14.697514,28.0,69.0,-110.0,52.0,-19.0,-83.0,-30.0,-85.0,-5.0,1.0,143.0,-58.0,51.25,26.57,-61.96,50.02,-30.42,-59.97,-43.18,-77.77,14.18,38.42,126.13,-25.78
2025-08-13T14:33:14.701966,-73.0,83.0,-98.0,84.0,14.0,-66.0,-55.0,-55.0,-12.0,-46.0,156.0,-49.0,-49.75,40.57,-49.96,82.02,2.58,-42.97,-68.18,-47.769999999999996,7.18,-8.579999999999998,139.13,-16.78
2025-08-13T14:33:14.709521,-71.0,157.0,-66.0,82.0,-13.0,-137.0,-14.0,-70.0,-3.0,-15.0,106.0,-57.0,-47.75,114.57,-17.96,80.02,-24.42,-113.97,-27.18,-62.769999999999996,16.18,22.42,89.13,-24.78
2025-08-13T14:33:14.717719,-24.0,98.0,-147.0,14.0,-15.0,-45.0,-112.0,-27.0,16.0,-5.0,111.0,7.0,-0.75,55.57,-98.96000000000001,12.02,-26.42,-21.97,-125.18,-19.77,35.18,32.42,94.13,39.22
2025-08-13T14:33:14.722049,7.0,106.0,-161.0,10.0,32.0,-67.0,-35.0,-47.0,-13.0,37.0,67.0,-63.0,30.25,63.57,-112.96000000000001,8.02,20.58,-43.97,-48.18,-39.769999999999996,6.18,74.42,50.129999999999995,-30.78
2025-08-13T14:33:14.729778,79.0,146.0,-132.0,6.0,40.0,-21.0,-49.0,-92.0,4.0,-7.0,131.0,-49.0,102.25,103.57,-83.96000000000001,4.02,28.58,2.030000000000001,-62.18,-84.77,23.18,30.42,114.13,-16.78
2025-08-13T14:33:14.734297,26.0,121.0,-56.0,40.0,8.0,-86.0,-92.0,-102.0,12.0,17.0,127.0,-29.0,49.25,78.57,-7.960000000000001,38.02,-3.42,-62.97,-105.18,-94.77,31.18,54.42,110.13,3.219999999999999
2025-08-13T14:33:14.742326,-34.0,116.0,-63.0,97.0,-52.0,-39.0,-56.0,-56.0,-19.0,-52.0,211.0,-40.0,-10.75,73.57,-14.96,95.02,-63.42,-15.969999999999999,-69.18,-48.769999999999996,0.17999999999999972,-14.579999999999998,194.13,-7.780000000000001
2025-08-13T14:33:14.746637,-2.0,121.0,-116.0,102.0,-35.0,-59.0,-22.0,-5.0,5.0,-70.0,60.0,-14.0,21.25,78.57,-67.96000000000001,100.02,-46.42,-35.97,-35.18,2.2300000000000004,24.18,-32.58,43.129999999999995,18.22
2025-08-13T14:33:14.754517,-102.0,93.0,-133.0,129.0,45.0,-64.0,-89.0,-83.0,-16.0,-67.0,144.0,-72.0,-78.75,50.57,-84.96000000000001,127.02,33.58,-40.97,-102.18,-75.77,3.1799999999999997,-29.58,127.13,-39.78
2025-08-13T14:33:14.758944,35.0,82.0,-117.0,17.0,-31.0,-38.0,-112.0,-71.0,-15.0,-49.0,78.0,-88.0,58.25,39.57,-68.96000000000001,15.02,-42.42,-14.969999999999999,-125.18,-63.769999999999996,4.18,-11.579999999999998,61.129999999999995,-55.78
2025-08-13T14:33:14.766958,67.0,99.0,-85.0,14.0,-27.0,-129.0,3.0,-93.0,-11.0,-19.0,132.0,-48.0,90.25,56.57,-36.96,12.02,-38.42,-105.97,-10.18,-85.77,8.18,18.42,115.13,-15.780000000000001
2025-08-13T14:33:14.771230,1.0,143.0,-22.0,76.0,10.0,-81.0,-19.0,-107.0,75.0,14.0,115.0,-25.0,24.25,100.57,26.04,74.02,-1.42,-57.97,-32.18,-99.77,94.18,51.42,98.13,7.219999999999999
2025-08-13T14:33:14.779311,-16.0,159.0,-77.0,57.0,-34.0,-87.0,-83.0,-60.0,-20.0,35.0,111.0,-15.0,7.25,116.57,-28.96,55.02,-45.42,-63.97,-96.18,-52.769999999999996,-0.8200000000000003,72.42,94.13,17.22
2025-08-13T14:33:14.784119,-27.0,85.0,-71.0,95.0,-84.0,-66.0,-57.0,-77.0,64.0,-46.0,109.0,-66.0,-3.75,42.57,-22.96,93.02,-95.42,-42.97,-70.18,-69.77,83.18,-8.579999999999998,92.13,-33.78
2025-08-13T14:33:14.791863,41.0,152.0,-137.0,45.0,-47.0,-49.0,10.0,5.0,31.0,-50.0,58.0,-4.0,64.25,109.57,-88.96000000000001,43.02,-58.42,-25.97,-3.1799999999999997,12.23,50.18,-12.579999999999998,41.129999999999995,28.22
2025-08-13T14:33:14.796235,-33.0,78.0,-123.0,19.0,-8.0,-67.0,-10.0,-120.0,48.0,-74.0,83.0,-3.0,-9.75,35.57,-74.96000000000001,17.02,-19.42,-43.97,-23.18,-112.77,67.18,-36.58,66.13,29.22
2025-08-13T14:33:14.803786,82.0,67.0,-95.0,77.0,-6.0,-38.0,-75.0,-54.0,24.0,11.0,-16.0,5.0,105.25,24.57,-46.96,75.02,-17.42,-14.969999999999999,-88.18,-46.769999999999996,43.18,48.42,-32.870000000000005,37.22
2025-08-13T14:33:14.808533,2.0,87.0,-117.0,-26.0,35.0,-68.0,-41.0,-93.0,34.0,-10.0,114.0,-53.0,25.25,44.57,-68.96000000000001,-27.98,23.58,-44.97,-54.18,-85.77,53.18,27.42,97.13,-20.78
2025-08-13T14:33:14.816216,-25.0,62.0,-101.0,22.0,18.0,-16.0,11.0,-44.0,21.0,-57.0,121.0,-75.0,-1.75,19.57,-52.96,20.02,6.58,7.030000000000001,-2.1799999999999997,-36.769999999999996,40.18,-19.58,104.13,-42.78
2025-08-13T14:33:14.820858,50.0,162.0,-87.0,112.0,-21.0,-112.0,-12.0,-63.0,-61.0,40.0,80.0,-32.0,73.25,119.57,-38.96,110.02,-32.42,-88.97,-25.18,-55.769999999999996,-41.82,77.42,63.129999999999995,0.21999999999999886
2025-08-13T14:33:14.828626,-58.0,166.0,-110.0,104.0,-35.0,-59.0,21.0,-138.0,1.0,47.0,145.0,-53.0,-34.75,123.57,-61.96,102.02,-46.42,-35.97,7.82,-130.77,20.18,84.42,128.13,-20.78
2025-08-13T14:33:14.833062,60.0,90.0,-119.0,38.0,24.0,-22.0,9.0,-7.0,2.0,-19.0,75.0,-38.0,83.25,47.57,-70.96000000000001,36.02,12.58,1.0300000000000011,-4.18,0.23000000000000043,21.18,18.42,58.129999999999995,-5.780000000000001
2025-08-13T14:33:14.840771,25.0,31.0,-177.0,-2.0,-8.0,-89.0,-71.0,-88.0,57.0,8.0,104.0,-9.0,48.25,-11.43,-128.96,-3.98,-19.42,-65.97,-84.18,-80.77,76.18,45.42,87.13,23.22
2025-08-13T14:33:14.845331,41.0,18.0,-167.0,74.0,-48.0,-54.0,-14.0,-57.0,22.0,-57.0,203.0,-4.0,64.25,-24.43,-118.96000000000001,72.02,-59.42,-30.97,-27.18,-49.769999999999996,41.18,-19.58,186.13,28.22
2025-08-13T14:33:14.853025,12.0,14.0,-107.0,57.0,-14.0,-125.0,-38.0,-100.0,-13.0,-67.0,172.0,0.0,35.25,-28.43,-58.96,55.02,-25.42,-101.97,-51.18,-92.77,6.18,-29.58,155.13,32.22
2025-08-13T14:33:14.857936,-80.0,91.0,-45.0,130.0,-28.0,-119.0,-21.0,-36.0,37.0,-53.0,119.0,-50.0,-56.75,48.57,3.039999999999999,128.02,-39.42,-95.97,-34.18,-28.77,56.18,-15.579999999999998,102.13,-17.78
2025-08-13T14:33:14.866674,-19.0,178.0,-29.0,1.0,-7.0,-72.0,-75.0,-95.0,48.0,-128.0,91.0,-17.0,4.25,135.57,19.04,-0.98,-18.42,-48.97,-88.18,-87.77,67.18,-90.58,74.13,15.219999999999999
2025-08-13T14:33:14.869548,-28.0,166.0,-160.0,13.0,11.0,-85.0,-96.0,23.0,-11.0,-55.0,131.0,-49.0,-4.75,123.57,-111.96000000000001,11.02,-0.41999999999999993,-61.97,-109.18,30.23,8.18,-17.58,114.13,-16.78
2025-08-13T14:33:14.877669,56.0,106.0,-183.0,71.0,-60.0,-88.0,-91.0,-46.0,17.0,-160.0,114.0,-39.0,79.25,63.57,-134.96,69.02,-71.42,-64.97,-104.18,-38.769999999999996,36.18,-122.58,97.13,-6.780000000000001
2025-08-13T14:33:14.882001,20.0,68.0,-70.0,30.0,-51.0,-64.0,-69.0,-14.0,8.0,6.0,110.0,-32.0,43.25,25.57,-21.96,28.02,-62.42,-40.97,-82.18,-6.77,27.18,43.42,93.13,0.21999999999999886
2025-08-13T14:33:14.889940,14.0,110.0,-79.0,45.0,-37.0,-164.0,-59.0,-59.0,15.0,-39.0,105.0,-37.0,37.25,67.57,-30.96,43.02,-48.42,-140.97,-72.18,-51.769999999999996,34.18,-1.5799999999999983,88.13,-4.780000000000001
2025-08-13T14:33:14.895022,34.0,105.0,-103.0,88.0,38.0,-83.0,-50.0,-136.0,20.0,-41.0,144.0,33.0,57.25,62.57,-54.96,86.02,26.58,-59.97,-63.18,-128.77,39.18,-3.5799999999999983,127.13,65.22
2025-08-13T14:33:14.902206,-29.0,123.0,-127.0,51.0,-34.0,-75.0,-34.0,-74.0,91.0,-7.0,76.0,-21.0,-5.75,80.57,-78.96000000000001,49.02,-45.42,-51.97,-47.18,-66.77,110.18,30.42,59.129999999999995,11.219999999999999
2025-08-13T14:33:14.906407,10.0,170.0,-129.0,96.0,15.0,-68.0,-81.0,-51.0,57.0,-45.0,92.0,20.0,33.25,127.57,-80.96000000000001,94.02,3.58,-44.97,-94.18,-43.769999999999996,76.18,-7.579999999999998,75.13,52.22
2025-08-13T14:33:14.914548,-48.0,41.0,-118.0,-44.0,-54.0,-9.0,-109.0,-37.0,-4.0,-13.0,31.0,-56.0,-24.75,-1.4299999999999997,-69.96000000000001,-45.98,-65.42,14.030000000000001,-122.18,-29.77,15.18,24.42,14.129999999999999,-23.78
2025-08-13T14:33:14.918611,19.0,128.0,-100.0,54.0,58.0,-109.0,-115.0,4.0,15.0,22.0,117.0,17.0,42.25,85.57,-51.96,52.02,46.58,-85.97,-128.18,11.23,34.18,59.42,100.13,49.22
2025-08-13T14:33:14.926728,-54.0,90.0,-72.0,70.0,45.0,-73.0,-105.0,-17.0,12.0,23.0,79.0,25.0,-30.75,47.57,-23.96,68.02,33.58,-49.97,-118.18,-9.77,31.18,60.42,62.129999999999995,57.22
2025-08-13T14:33:14.931111,-15.0,122.0,-104.0,42.0,53.0,-96.0,-42.0,-125.0,-2.0,-47.0,58.0,6.0,8.25,79.57,-55.96,40.02,41.58,-72.97,-55.18,-117.77,17.18,-9.579999999999998,41.129999999999995,38.22
2025-08-13T14:33:14.938991,-34.0,152.0,-134.0,97.0,-29.0,-113.0,-28.0,-115.0,-87.0,-65.0,120.0,4.0,-10.75,109.57,-85.96000000000001,95.02,-40.42,-89.97,-41.18,-107.77,-67.82,-27.58,103.13,36.22
2025-08-13T14:33:14.943402,54.0,49.0,-122.0,112.0,-7.0,-83.0,-23.0,-74.0,1.0,57.0,69.0,20.0,77.25,6.57,-73.96000000000001,110.02,-18.42,-59.97,-36.18,-66.77,20.18,94.42,52.129999999999995,52.22
2025-08-13T14:33:14.951483,70.0,92.0,-101.0,25.0,47.0,-18.0,-96.0,-51.0,47.0,-19.0,104.0,14.0,93.25,49.57,-52.96,23.02,35.58,5.030000000000001,-109.18,-43.769999999999996,66.18,18.42,87.13,46.22
2025-08-13T14:33:14.959121,-19.0,102.0,-53.0,-45.0,30.0,-97.0,-31.0,-71.0,-1.0,-6.0,57.0,13.0,4.25,59.57,-4.960000000000001,-46.98,18.58,-73.97,-44.18,-63.769999999999996,18.18,31.42,40.129999999999995,45.22
2025-08-13T14:33:14.964470,-52.0,102.0,-98.0,17.0,-33.0,-93.0,-11.0,-44.0,18.0,4.0,95.0,-55.0,-28.75,59.57,-49.96,15.02,-44.42,-69.97,-24.18,-36.769999999999996,37.18,41.42,78.13,-22.78
2025-08-13T14:33:14.971427,-8.0,113.0,-131.0,107.0,57.0,-73.0,-80.0,-92.0,-30.0,30.0,103.0,17.0,15.25,70.57,-82.96000000000001,105.02,45.58,-49.97,-93.18,-84.77,-10.82,67.42,86.13,49.22
2025-08-13T14:33:14.976039,19.0,136.0,-89.0,36.0,-44.0,-42.0,-78.0,-72.0,28.0,47.0,46.0,63.0,42.25,93.57,-40.96,34.02,-55.42,-18.97,-91.18,-64.77,47.18,84.42,29.13,95.22
2025-08-13T14:33:14.983739,25.0,45.0,-127.0,23.0,-67.0,10.0,-86.0,-46.0,18.0,-100.0,94.0,-24.0,48.25,2.5700000000000003,-78.96000000000001,21.02,-78.42,33.03,-99.18,-38.769999999999996,37.18,-62.58,77.13,8.219999999999999
2025-08-13T14:33:14.988228,54.0,44.0,-74.0,30.0,25.0,-32.0,78.0,-55.0,39.0,-4.0,70.0,60.0,77.25,1.5700000000000003,-25.96,28.02,13.58,-8.969999999999999,64.82,-47.769999999999996,58.18,33.42,53.129999999999995,92.22
2025-08-13T14:33:14.992293,-2.0,126.0,-87.0,11.0,15.0,-33.0,-25.0,-60.0,21.0,-11.0,77.0,45.0,21.25,83.57,-38.96,9.02,3.58,-9.969999999999999,-38.18,-52.769999999999996,40.18,26.42,60.129999999999995,77.22
2025-08-13T14:33:15.000468,-40.0,90.0,-100.0,22.0,-11.0,-112.0,-36.0,-54.0,34.0,-30.0,37.0,68.0,-16.75,47.57,-51.96,20.02,-22.42,-88.97,-49.18,-46.769999999999996,53.18,7.420000000000002,20.13,100.22
2025-08-13T14:33:15.008480,-61.0,133.0,-41.0,80.0,-46.0,-47.0,11.0,-31.0,70.0,-13.0,63.0,3.0,-37.75,90.57,7.039999999999999,78.02,-57.42,-23.97,-2.1799999999999997,-23.77,89.18,24.42,46.129999999999995,35.22
2025-08-13T14:33:15.012858,-58.0,143.0,-168.0,69.0,-71.0,-118.0,-56.0,-69.0,-31.0,-19.0,-6.0,67.0,-34.75,100.57,-119.96000000000001,67.02,-82.42,-94.97,-69.18,-61.769999999999996,-11.82,18.42,-22.87,99.22
2025-08-13T14:33:15.020835,83.0,178.0,-180.0,38.0,-36.0,-64.0,-30.0,-108.0,24.0,-16.0,61.0,54.0,106.25,135.57,-131.96,36.02,-47.42,-40.97,-43.18,-100.77,43.18,21.42,44.129999999999995,86.22
2025-08-13T14:33:15.025115,4.0,116.0,-155.0,2.0,103.0,-95.0,-95.0,-110.0,-14.0,17.0,30.0,35.0,27.25,73.57,-106.96000000000001,0.020000000000000018,91.58,-71.97,-108.18,-102.77,5.18,54.42,13.129999999999999,67.22
2025-08-13T14:33:15.033064,50.0,10.0,-33.0,0.0,-23.0,-132.0,-148.0,-102.0,18.0,61.0,89.0,57.0,73.25,-32.43,15.04,-1.98,-34.42,-108.97,-161.18,-94.77,37.18,98.42,72.13,89.22
2025-08-13T14:33:15.037975,-109.0,77.0,-117.0,66.0,6.0,-52.0,-76.0,-86.0,23.0,37.0,88.0,23.0,-85.75,34.57,-68.96000000000001,64.02,-5.42,-28.97,-89.18,-78.77,42.18,74.42,71.13,55.22
2025-08-13T14:33:15.045279,16.0,127.0,-85.0,112.0,2.0,-72.0,22.0,-146.0,36.0,52.0,81.0,43.0,39.25,84.57,-36.96,110.02,-9.42,-48.97,8.82,-138.77,55.18,89.42,64.13,75.22
2025-08-13T14:33:15.049833,-47.0,176.0,-125.0,100.0,-55.0,-89.0,-78.0,-49.0,32.0,-3.0,50.0,86.0,-23.75,133.57,-76.96000000000001,98.02,-66.42,-65.97,-91.18,-41.769999999999996,51.18,34.42,33.129999999999995,118.22
2025-08-13T14:33:15.057746,-5.0,106.0,-39.0,10.0,-44.0,-58.0,-129.0,-60.0,45.0,-35.0,112.0,41.0,18.25,63.57,9.04,8.02,-55.42,-34.97,-142.18,-52.769999999999996,64.18,2.4200000000000017,95.13,73.22
2025-08-13T14:33:15.062205,62.0,80.0,-123.0,44.0,-7.0,-120.0,-55.0,-38.0,19.0,-26.0,71.0,56.0,85.25,37.57,-74.96000000000001,42.02,-18.42,-96.97,-68.18,-30.77,38.18,11.420000000000002,54.129999999999995,88.22
2025-08-13T14:33:15.070068,71.0,79.0,-77.0,87.0,5.0,-54.0,-144.0,-33.0,-9.0,-86.0,110.0,30.0,94.25,36.57,-28.96,85.02,-6.42,-30.97,-157.18,-25.77,10.18,-48.58,93.13,62.22
2025-08-13T14:33:15.074712,-25.0,49.0,-109.0,80.0,-9.0,-110.0,-124.0,-101.0,-7.0,-72.0,54.0,20.0,-1.75,6.57,-60.96,78.02,-20.42,-86.97,-137.18,-93.77,12.18,-34.58,37.129999999999995,52.22
2025-08-13T14:33:15.082369,-63.0,98.0,-36.0,70.0,-44.0,-67.0,-109.0,-55.0,24.0,-74.0,14.0,37.0,-39.75,55.57,12.04,68.02,-55.42,-43.97,-122.18,-47.769999999999996,43.18,-36.58,-2.870000000000001,69.22
2025-08-13T14:33:15.086942,-71.0,109.0,-121.0,42.0,-27.0,-82.0,-56.0,-28.0,-21.0,-92.0,81.0,-23.0,-47.75,66.57,-72.96000000000001,40.02,-38.42,-58.97,-69.18,-20.77,-1.8200000000000003,-54.58,64.13,9.219999999999999
2025-08-13T14:33:15.094659,36.0,73.0,-184.0,24.0,37.0,-63.0,-96.0,-56.0,-61.0,-50.0,127.0,19.0,59.25,30.57,-135.96,22.02,25.58,-39.97,-109.18,-48.769999999999996,-41.82,-12.579999999999998,110.13,51.22
2025-08-13T14:33:15.099168,22.0,42.0,-173.0,-28.0,32.0,-89.0,-66.0,-3.0,66.0,-79.0,89.0,52.0,45.25,-0.4299999999999997,-124.96000000000001,-29.98,20.58,-65.97,-79.18,4.23,85.18,-41.58,72.13,84.22
2025-08-13T14:33:15.106917,1.0,115.0,-139.0,94.0,-65.0,-52.0,-93.0,-29.0,42.0,-92.0,96.0,12.0,24.25,72.57,-90.96000000000001,92.02,-76.42,-28.97,-106.18,-21.77,61.18,-54.58,79.13,44.22
2025-08-13T14:33:15.111498,16.0,75.0,-107.0,105.0,-13.0,-128.0,-80.0,-79.0,25.0,-53.0,76.0,12.0,39.25,32.57,-58.96,103.02,-24.42,-104.97,-93.18,-71.77,44.18,-15.579999999999998,59.129999999999995,44.22
2025-08-13T14:33:15.119233,-75.0,97.0,-64.0,14.0,-46.0,-71.0,-46.0,-73.0,59.0,-73.0,77.0,-22.0,-51.75,54.57,-15.96,12.02,-57.42,-47.97,-59.18,-65.77,78.18,-35.58,60.129999999999995,10.219999999999999
2025-08-13T14:33:15.124401,-23.0,155.0,-155.0,-44.0,12.0,-115.0,-36.0,-55.0,-13.0,-96.0,102.0,46.0,0.25,112.57,-106.96000000000001,-45.98,0.5800000000000001,-91.97,-49.18,-47.769999999999996,6.18,-58.58,85.13,78.22
2025-08-13T14:33:15.131544,48.0,61.0,-146.0,61.0,21.0,-81.0,-44.0,-60.0,-88.0,-59.0,53.0,-88.0,71.25,18.57,-97.96000000000001,59.02,9.58,-57.97,-57.18,-52.769999999999996,-68.82,-21.58,36.129999999999995,-55.78
2025-08-13T14:33:15.136021,23.0,55.0,-116.0,39.0,12.0,-88.0,-14.0,-67.0,-110.0,-114.0,100.0,44.0,46.25,12.57,-67.96000000000001,37.02,0.5800000000000001,-64.97,-27.18,-59.769999999999996,-90.82,-76.58,83.13,76.22
2025-08-13T14:33:15.144203,20.0,20.0,-103.0,82.0,46.0,-95.0,-22.0,-3.0,-97.0,-133.0,120.0,-142.0,43.25,-22.43,-54.96,80.02,34.58,-71.97,-35.18,4.23,-77.82,-95.58,103.13,-109.78
2025-08-13T14:33:15.148716,-54.0,33.0,-75.0,33.0,20.0,-20.0,-31.0,-45.0,-42.0,-35.0,114.0,-118.0,-30.75,-9.43,-26.96,31.02,8.58,3.030000000000001,-44.18,-37.769999999999996,-22.82,2.4200000000000017,97.13,-85.78
2025-08-13T14:33:15.156084,-23.0,31.0,-83.0,-14.0,29.0,-77.0,-19.0,-85.0,-66.0,-70.0,88.0,-137.0,0.25,-11.43,-34.96,-15.98,17.58,-53.97,-32.18,-77.77,-46.82,-32.58,71.13,-104.78
2025-08-13T14:33:15.164111,-36.0,114.0,-170.0,23.0,68.0,-126.0,-4.0,51.0,-145.0,-150.0,118.0,-99.0,-12.75,71.57,-121.96000000000001,21.02,56.58,-102.97,-17.18,58.230000000000004,-125.82,-112.58,101.13,-66.78
2025-08-13T14:33:15.168357,-34.0,100.0,-137.0,28.0,14.0,-43.0,-74.0,37.0,-87.0,26.0,67.0,-111.0,-10.75,57.57,-88.96000000000001,26.02,2.58,-19.97,-87.18,44.230000000000004,-67.82,63.42,50.129999999999995,-78.78
2025-08-13T14:33:15.176479,48.0,21.0,-47.0,-47.0,-14.0,12.0,-19.0,36.0,-114.0,-37.0,40.0,-70.0,71.25,-21.43,1.0399999999999991,-48.98,-25.42,35.03,-32.18,43.230000000000004,-94.82,0.4200000000000017,23.13,-37.78
2025-08-13T14:33:15.180766,-6.0,10.0,-106.0,21.0,24.0,-80.0,-32.0,-13.0,16.0,-3.0,82.0,-96.0,17.25,-32.43,-57.96,19.02,12.58,-56.97,-45.18,-5.77,35.18,34.42,65.13,-63.78
2025-08-13T14:33:15.188721,-62.0,134.0,-66.0,8.0,23.0,-105.0,-56.0,20.0,-95.0,-77.0,74.0,-164.0,-38.75,91.57,-17.96,6.02,11.58,-81.97,-69.18,27.23,-75.82,-39.58,57.129999999999995,-131.78
2025-08-13T14:33:15.192969,-33.0,111.0,-129.0,42.0,24.0,-80.0,-32.0,9.0,-16.0,-32.0,61.0,-31.0,-9.75,68.57,-80.96000000000001,40.02,12.58,-56.97,-45.18,16.23,3.1799999999999997,5.420000000000002,44.129999999999995,1.2199999999999989
2025-08-13T14:33:15.201056,-4.0,158.0,-100.0,-16.0,-48.0,-42.0,-113.0,43.0,-10.0,1.0,93.0,-109.0,19.25,115.57,-51.96,-17.98,-59.42,-18.97,-126.18,50.230000000000004,9.18,38.42,76.13,-76.78
2025-08-13T14:33:15.205353,21.0,96.0,-95.0,-4.0,-37.0,-28.0,-19.0,13.0,-66.0,1.0,108.0,-111.0,44.25,53.57,-46.96,-5.98,-48.42,-4.969999999999999,-32.18,20.23,-46.82,38.42,91.13,-78.78
2025-08-13T14:33:15.213289,-32.0,21.0,-9.0,-35.0,-38.0,-47.0,-48.0,3.0,-67.0,-80.0,72.0,-84.0,-8.75,-21.43,39.04,-36.98,-49.42,-23.97,-61.18,10.23,-47.82,-42.58,55.129999999999995,-51.78
2025-08-13T14:33:15.217550,18.0,3.0,-54.0,-73.0,111.0,-56.0,-15.0,15.0,-28.0,-6.0,53.0,-61.0,41.25,-39.43,-5.960000000000001,-74.98,99.58,-32.97,-28.18,22.23,-8.82,31.42,36.129999999999995,-28.78
2025-08-13T14:33:15.225558,-45.0,79.0,-51.0,-28.0,34.0,-93.0,-22.0,20.0,-65.0,-67.0,59.0,-99.0,-21.75,36.57,-2.960000000000001,-29.98,22.58,-69.97,-35.18,27.23,-45.82,-29.58,42.129999999999995,-66.78
2025-08-13T14:33:15.229833,-47.0,97.0,-98.0,60.0,55.0,-72.0,-60.0,-4.0,-83.0,-63.0,75.0,-91.0,-23.75,54.57,-49.96,58.02,43.58,-48.97,-73.18,3.2300000000000004,-63.82,-25.58,58.129999999999995,-58.78
2025-08-13T14:33:15.237836,-41.0,147.0,-88.0,11.0,1.0,-110.0,-65.0,31.0,-49.0,-10.0,98.0,-94.0,-17.75,104.57,-39.96,9.02,-10.42,-86.97,-78.18,38.230000000000004,-29.82,27.42,81.13,-61.78
2025-08-13T14:33:15.242401,42.0,22.0,-145.0,16.0,23.0,-86.0,-6.0,-27.0,-57.0,-13.0,39.0,-86.0,65.25,-20.43,-96.96000000000001,14.02,11.58,-62.97,-19.18,-19.77,-37.82,24.42,22.13,-53.78
2025-08-13T14:33:15.250247,-22.0,36.0,-145.0,10.0,-25.0,5.0,-29.0,-11.0,-112.0,-111.0,57.0,-115.0,1.25,-6.43,-96.96000000000001,8.02,-36.42,28.03,-42.18,-3.7699999999999996,-92.82,-73.58,40.129999999999995,-82.78
2025-08-13T14:33:15.255085,-15.0,18.0,-72.0,-59.0,52.0,-73.0,-36.0,46.0,-77.0,-52.0,21.0,-57.0,8.25,-24.43,-23.96,-60.98,40.58,-49.97,-49.18,53.230000000000004,-57.82,-14.579999999999998,4.129999999999999,-24.78
2025-08-13T14:33:15.262761,-44.0,39.0,-85.0,57.0,62.0,-31.0,-3.0,-33.0,-75.0,-17.0,86.0,-106.0,-20.75,-3.4299999999999997,-36.96,55.02,50.58,-7.969999999999999,-16.18,-25.77,-55.82,20.42,69.13,-73.78
2025-08-13T14:33:15.267170,-56.0,72.0,-52.0,-39.0,30.0,-106.0,-38.0,14.0,-67.0,13.0,-4.0,-82.0,-32.75,29.57,-3.960000000000001,-40.98,18.58,-82.97,-51.18,21.23,-47.82,50.42,-20.87,-49.78
2025-08-13T14:33:15.271933,8.0,85.0,-108.0,40.0,-21.0,-85.0,79.0,56.0,-62.0,8.0,34.0,-66.0,31.25,42.57,-59.96,38.02,-32.42,-61.97,65.82,63.230000000000004,-42.82,45.42,17.13,-33.78
2025-08-13T14:33:15.279172,-36.0,130.0,-110.0,6.0,-34.0,-5.0,80.0,-1.0,-82.0,19.0,114.0,-71.0,-12.75,87.57,-61.96,4.02,-45.42,18.03,66.82,6.23,-62.82,56.42,97.13,-38.78
2025-08-13T14:33:15.287068,-34.0,111.0,-78.0,-37.0,-50.0,4.0,22.0,61.0,-49.0,12.0,80.0,-44.0,-10.75,68.57,-29.96,-38.98,-61.42,27.03,8.82,68.23,-29.82,49.42,63.129999999999995,-11.780000000000001
2025-08-13T14:33:15.291795,3.0,87.0,-76.0,-6.0,23.0,-41.0,2.0,20.0,-48.0,-38.0,102.0,-68.0,26.25,44.57,-27.96,-7.98,11.58,-17.97,-11.18,27.23,-28.82,-0.5799999999999983,85.13,-35.78
2025-08-13T14:33:15.301764,-6.0,28.0,-94.0,-53.0,50.0,-23.0,109.0,16.0,-68.0,-49.0,12.0,-80.0,17.25,-14.43,-45.96,-54.98,38.58,0.030000000000001137,95.82,23.23,-48.82,-11.579999999999998,-4.870000000000001,-47.78
2025-08-13T14:33:15.311116,-47.0,27.0,-71.0,44.0,10.0,-53.0,79.0,5.0,-56.0,4.0,29.0,-41.0,-23.75,-15.43,-22.96,42.02,-1.42,-29.97,65.82,12.23,-36.82,41.42,12.129999999999999,-8.780000000000001
2025-08-13T14:33:15.317348,26.0,14.0,-102.0,21.0,4.0,-46.0,-16.0,-58.0,-64.0,-112.0,28.0,-100.0,49.25,-28.43,-53.96,19.02,-7.42,-22.97,-29.18,-50.769999999999996,-44.82,-74.58,11.129999999999999,-67.78
2025-08-13T14:33:15.322123,-36.0,-3.0,-25.0,-44.0,28.0,-119.0,40.0,66.0,-110.0,-58.0,129.0,-115.0,-12.75,-45.43,23.04,-45.98,16.58,-95.97,26.82,73.23,-90.82,-20.58,112.13,-82.78
2025-08-13T14:33:15.326276,-103.0,59.0,-67.0,1.0,-1.0,-41.0,-39.0,-34.0,-35.0,-25.0,43.0,-63.0,-79.75,16.57,-18.96,-0.98,-12.42,-17.97,-52.18,-26.77,-15.82,12.420000000000002,26.13,-30.78
2025-08-13T14:33:15.329037,-55.0,57.0,-87.0,9.0,-14.0,-80.0,-38.0,-38.0,-107.0,-94.0,26.0,-69.0,-31.75,14.57,-38.96,7.02,-25.42,-56.97,-51.18,-30.77,-87.82,-56.58,9.129999999999999,-36.78
2025-08-13T14:33:15.332172,26.0,31.0,-107.0,23.0,-18.0,7.0,0.0,21.0,20.0,-52.0,70.0,-78.0,49.25,-11.43,-58.96,21.02,-29.42,30.03,-13.18,28.23,39.18,-14.579999999999998,53.129999999999995,-45.78
2025-08-13T14:33:15.340432,3.0,73.0,-69.0,-59.0,29.0,-42.0,-51.0,-53.0,-59.0,-19.0,53.0,-24.0,26.25,30.57,-20.96,-60.98,17.58,-18.97,-64.18,-45.769999999999996,-39.82,18.42,36.129999999999995,8.219999999999999
2025-08-13T14:33:15.344324,4.0,48.0,-111.0,-23.0,23.0,-72.0,23.0,1.0,-1.0,-59.0,65.0,-13.0,27.25,5.57,-62.96,-24.98,11.58,-48.97,9.82,8.23,18.18,-21.58,48.129999999999995,19.22
2025-08-13T14:33:15.352692,64.0,24.0,-66.0,80.0,24.0,-63.0,34.0,-40.0,-78.0,-68.0,138.0,-89.0,87.25,-18.43,-17.96,78.02,12.58,-39.97,20.82,-32.769999999999996,-58.82,-30.58,121.13,-56.78
2025-08-13T14:33:15.356595,36.0,52.0,-49.0,3.0,43.0,-75.0,-11.0,49.0,-34.0,-96.0,59.0,-57.0,59.25,9.57,-0.9600000000000009,1.02,31.58,-51.97,-24.18,56.230000000000004,-14.82,-58.58,42.129999999999995,-24.78
2025-08-13T14:33:15.364798,-20.0,-46.0,-49.0,7.0,1.0,-59.0,-13.0,-30.0,-13.0,-97.0,51.0,-30.0,3.25,-88.43,-0.9600000000000009,5.02,-10.42,-35.97,-26.18,-22.77,6.18,-59.58,34.129999999999995,2.219999999999999
2025-08-13T14:33:15.368901,-46.0,39.0,-30.0,-16.0,7.0,-46.0,7.0,78.0,-58.0,-93.0,29.0,-92.0,-22.75,-3.4299999999999997,18.04,-17.98,-4.42,-22.97,-6.18,85.23,-38.82,-55.58,12.129999999999999,-59.78
2025-08-13T14:33:15.377076,-28.0,79.0,-75.0,-58.0,2.0,-56.0,-45.0,10.0,-58.0,-66.0,40.0,-65.0,-4.75,36.57,-26.96,-59.98,-9.42,-32.97,-58.18,17.23,-38.82,-28.58,23.13,-32.78
2025-08-13T14:33:15.381481,-66.0,111.0,-135.0,-28.0,54.0,-39.0,-8.0,-26.0,-54.0,-85.0,44.0,-101.0,-42.75,68.57,-86.96000000000001,-29.98,42.58,-15.969999999999999,-21.18,-18.77,-34.82,-47.58,27.13,-68.78
2025-08-13T14:33:15.389535,50.0,50.0,-76.0,-35.0,34.0,-55.0,-56.0,35.0,-18.0,-36.0,101.0,-43.0,73.25,7.57,-27.96,-36.98,22.58,-31.97,-69.18,42.230000000000004,1.1799999999999997,1.4200000000000017,84.13,-10.780000000000001
2025-08-13T14:33:15.393569,16.0,122.0,-125.0,13.0,-39.0,-50.0,-38.0,32.0,-58.0,-27.0,5.0,-94.0,39.25,79.57,-76.96000000000001,11.02,-50.42,-26.97,-51.18,39.230000000000004,-38.82,10.420000000000002,-11.870000000000001,-61.78
2025-08-13T14:33:15.401868,-41.0,-44.0,-65.0,-40.0,-41.0,-32.0,19.0,9.0,-11.0,-36.0,143.0,-58.0,-17.75,-86.43,-16.96,-41.98,-52.42,-8.969999999999999,5.82,16.23,8.18,1.4200000000000017,126.13,-25.78
2025-08-13T14:33:15.405772,-71.0,35.0,-51.0,63.0,-9.0,-89.0,15.0,-5.0,-106.0,-58.0,44.0,-78.0,-47.75,-7.43,-2.960000000000001,61.02,-20.42,-65.97,1.8200000000000003,2.2300000000000004,-86.82,-20.58,27.13,-45.78
2025-08-13T14:33:15.414401,-69.0,5.0,-68.0,-31.0,43.0,23.0,-43.0,-30.0,-86.0,-114.0,-35.0,-84.0,-45.75,-37.43,-19.96,-32.98,31.58,46.03,-56.18,-22.77,-66.82,-76.58,-51.870000000000005,-51.78
2025-08-13T14:33:15.418089,-62.0,95.0,-79.0,-9.0,-30.0,-92.0,17.0,-6.0,-5.0,-29.0,66.0,-115.0,-38.75,52.57,-30.96,-10.98,-41.42,-68.97,3.8200000000000003,1.2300000000000004,14.18,8.420000000000002,49.129999999999995,-82.78
2025-08-13T14:33:15.426233,-48.0,49.0,-171.0,-1.0,13.0,-53.0,46.0,12.0,-66.0,-107.0,34.0,-92.0,-24.75,6.57,-122.96000000000001,-2.98,1.58,-29.97,32.82,19.23,-46.82,-69.58,17.13,-59.78
2025-08-13T14:33:15.430499,28.0,167.0,-94.0,-37.0,-9.0,-1.0,-2.0,-34.0,-81.0,-61.0,29.0,-99.0,51.25,124.57,-45.96,-38.98,-20.42,22.03,-15.18,-26.77,-61.82,-23.58,12.129999999999999,-66.78
2025-08-13T14:33:15.438687,-16.0,134.0,-104.0,-2.0,-17.0,-11.0,26.0,-55.0,6.0,-55.0,-18.0,-52.0,7.25,91.57,-55.96,-3.98,-28.42,12.030000000000001,12.82,-47.769999999999996,25.18,-17.58,-34.870000000000005,-19.78
2025-08-13T14:33:15.442886,59.0,13.0,-156.0,-36.0,42.0,1.0,-3.0,12.0,10.0,-58.0,67.0,-110.0,82.25,-29.43,-107.96000000000001,-37.98,30.58,24.03,-16.18,19.23,29.18,-20.58,50.129999999999995,-77.78
2025-08-13T14:33:15.450818,-21.0,53.0,-41.0,29.0,6.0,-23.0,-31.0,13.0,-11.0,17.0,30.0,-96.0,2.25,10.57,7.039999999999999,27.02,-5.42,0.030000000000001137,-44.18,20.23,8.18,54.42,13.129999999999999,-63.78
2025-08-13T14:33:15.455193,-106.0,50.0,-60.0,0.0,-31.0,-151.0,13.0,-14.0,-45.0,-10.0,68.0,-62.0,-82.75,7.57,-11.96,-1.98,-42.42,-127.97,-0.17999999999999972,-6.77,-25.82,27.42,51.129999999999995,-29.78
2025-08-13T14:33:15.463148,-56.0,83.0,-69.0,52.0,39.0,-81.0,19.0,16.0,-43.0,-43.0,84.0,-53.0,-32.75,40.57,-20.96,50.02,27.58,-57.97,5.82,23.23,-23.82,-5.579999999999998,67.13,-20.78
2025-08-13T14:33:15.467384,-82.0,116.0,-131.0,-20.0,18.0,-81.0,-33.0,-9.0,-23.0,-77.0,3.0,-95.0,-58.75,73.57,-82.96000000000001,-21.98,6.58,-57.97,-46.18,-1.7699999999999996,-3.8200000000000003,-39.58,-13.870000000000001,-62.78
2025-08-13T14:33:15.475434,-10.0,39.0,-102.0,41.0,-27.0,-53.0,-3.0,-37.0,-42.0,-75.0,31.0,-88.0,13.25,-3.4299999999999997,-53.96,39.02,-38.42,-29.97,-16.18,-29.77,-22.82,-37.58,14.129999999999999,-55.78
2025-08-13T14:33:15.479756,112.0,20.0,-145.0,22.0,-4.0,36.0,-75.0,66.0,-75.0,-73.0,50.0,-56.0,135.25,-22.43,-96.96000000000001,20.02,-15.42,59.03,-88.18,73.23,-55.82,-35.58,33.129999999999995,-23.78
2025-08-13T14:33:15.487810,73.0,-11.0,-78.0,-41.0,39.0,0.0,-20.0,-38.0,-46.0,-67.0,58.0,-54.0,96.25,-53.43,-29.96,-42.98,27.58,23.03,-33.18,-30.77,-26.82,-29.58,41.129999999999995,-21.78
2025-08-13T14:33:15.492021,-44.0,42.0,-32.0,5.0,24.0,-102.0,26.0,-4.0,-37.0,-94.0,66.0,-75.0,-20.75,-0.4299999999999997,16.04,3.02,12.58,-78.97,12.82,3.2300000000000004,-17.82,-56.58,49.129999999999995,-42.78
2025-08-13T14:33:15.499940,-68.0,88.0,-54.0,19.0,46.0,-26.0,69.0,31.0,-72.0,-142.0,41.0,-116.0,-44.75,45.57,-5.960000000000001,17.02,34.58,-2.969999999999999,55.82,38.230000000000004,-52.82,-104.58,24.13,-83.78
2025-08-13T14:33:15.504563,-32.0,63.0,-51.0,40.0,-21.0,-99.0,49.0,-11.0,-68.0,-86.0,61.0,-96.0,-8.75,20.57,-2.960000000000001,38.02,-32.42,-75.97,35.82,-3.7699999999999996,-48.82,-48.58,44.129999999999995,-63.78
2025-08-13T14:33:15.512166,5.0,128.0,-81.0,2.0,34.0,-53.0,-7.0,35.0,-70.0,-95.0,81.0,-71.0,28.25,85.57,-32.96,0.020000000000000018,22.58,-29.97,-20.18,42.230000000000004,-50.82,-57.58,64.13,-38.78
2025-08-13T14:33:15.516715,45.0,67.0,-109.0,16.0,11.0,-42.0,-19.0,114.0,-54.0,-51.0,104.0,-51.0,68.25,24.57,-60.96,14.02,-0.41999999999999993,-18.97,-32.18,121.23,-34.82,-13.579999999999998,87.13,-18.78
2025-08-13T14:33:15.524528,4.0,28.0,-65.0,20.0,47.0,-38.0,28.0,-42.0,-40.0,-62.0,6.0,-113.0,27.25,-14.43,-16.96,18.02,35.58,-14.969999999999999,14.82,-34.769999999999996,-20.82,-24.58,-10.870000000000001,-80.78
2025-08-13T14:33:15.529138,17.0,-17.0,-62.0,29.0,67.0,-101.0,-12.0,-8.0,-33.0,-35.0,57.0,-34.0,40.25,-59.43,-13.96,27.02,55.58,-77.97,-25.18,-0.7699999999999996,-13.82,2.4200000000000017,40.129999999999995,-1.7800000000000011
2025-08-13T14:33:15.537031,-86.0,22.0,-21.0,-12.0,101.0,-2.0,-6.0,-44.0,-126.0,-2.0,31.0,-57.0,-62.75,-20.43,27.04,-13.98,89.58,21.03,-19.18,-36.769999999999996,-106.82,35.42,14.129999999999999,-24.78
2025-08-13T14:33:15.541400,-3.0,91.0,-48.0,-15.0,12.0,-65.0,-22.0,-42.0,-31.0,-83.0,38.0,-85.0,20.25,48.57,0.03999999999999915,-16.98,0.5800000000000001,-41.97,-35.18,-34.769999999999996,-11.82,-45.58,21.13,-52.78
2025-08-13T14:33:15.549255,-72.0,52.0,-91.0,84.0,32.0,-52.0,-8.0,-78.0,-91.0,-78.0,31.0,-37.0,-48.75,9.57,-42.96,82.02,20.58,-28.97,-21.18,-70.77,-71.82,-40.58,14.129999999999999,-4.780000000000001
2025-08-13T14:33:15.553963,23.0,43.0,-147.0,-16.0,13.0,-15.0,73.0,-55.0,-52.0,-32.0,41.0,-45.0,46.25,0.5700000000000003,-98.96000000000001,-17.98,1.58,8.030000000000001,59.82,-47.769999999999996,-32.82,5.420000000000002,24.13,-12.780000000000001
2025-08-13T14:33:15.561909,-25.0,53.0,-71.0,44.0,0.0,-27.0,-55.0,-27.0,-42.0,-109.0,86.0,-89.0,-1.75,10.57,-22.96,42.02,-11.42,-3.969999999999999,-68.18,-19.77,-22.82,-71.58,69.13,-56.78
2025-08-13T14:33:15.566406,74.0,36.0,-48.0,42.0,-26.0,-27.0,49.0,-15.0,-14.0,-95.0,76.0,-34.0,97.25,-6.43,0.03999999999999915,40.02,-37.42,-3.969999999999999,35.82,-7.77,5.18,-57.58,59.129999999999995,-1.7800000000000011
2025-08-13T14:33:15.574022,-65.0,73.0,-68.0,14.0,31.0,-19.0,34.0,-32.0,-41.0,-80.0,17.0,-104.0,-41.75,30.57,-19.96,12.02,19.58,4.030000000000001,20.82,-24.77,-21.82,-42.58,0.129999999999999,-71.78
2025-08-13T14:33:15.578638,-1.0,127.0,-68.0,3.0,-25.0,-90.0,21.0,50.0,-7.0,-93.0,22.0,-29.0,22.25,84.57,-19.96,1.02,-36.42,-66.97,7.82,57.230000000000004,12.18,-55.58,5.129999999999999,3.219999999999999
2025-08-13T14:33:15.586339,-44.0,150.0,2.0,-22.0,29.0,-33.0,-7.0,25.0,-61.0,-70.0,31.0,-73.0,-20.75,107.57,50.04,-23.98,17.58,-9.969999999999999,-20.18,32.230000000000004,-41.82,-32.58,14.129999999999999,-40.78
2025-08-13T14:33:15.595841,-59.0,93.0,-92.0,10.0,-41.0,-51.0,-39.0,27.0,-67.0,-155.0,64.0,-97.0,-35.75,50.57,-43.96,8.02,-52.42,-27.97,-52.18,34.230000000000004,-47.82,-117.58,47.129999999999995,-64.78
2025-08-13T14:33:15.605344,20.0,87.0,-165.0,-65.0,-23.0,-14.0,32.0,-10.0,-79.0,-76.0,95.0,-66.0,43.25,44.57,-116.96000000000001,-66.98,-34.42,9.030000000000001,18.82,-2.7699999999999996,-59.82,-38.58,78.13,-33.78
2025-08-13T14:33:15.611100,-9.0,67.0,-125.0,34.0,48.0,-59.0,-25.0,-12.0,-89.0,-43.0,69.0,-59.0,14.25,24.57,-76.96000000000001,32.02,36.58,-35.97,-38.18,-4.77,-69.82,-5.579999999999998,52.129999999999995,-26.78
2025-08-13T14:33:15.615593,52.0,36.0,-73.0,-105.0,86.0,-11.0,5.0,-4.0,-50.0,-96.0,36.0,-180.0,75.25,-6.43,-24.96,-106.98,74.58,12.030000000000001,-8.18,3.2300000000000004,-30.82,-58.58,19.13,-147.78
2025-08-13T14:33:15.619227,-66.0,95.0,-66.0,-4.0,49.0,-39.0,49.0,-21.0,-77.0,-47.0,38.0,-63.0,-42.75,52.57,-17.96,-5.98,37.58,-15.969999999999999,35.82,-13.77,-57.82,-9.579999999999998,21.13,-30.78
2025-08-13T14:33:15.622776,-72.0,129.0,-91.0,11.0,9.0,-61.0,7.0,-32.0,-139.0,-101.0,41.0,-50.0,-48.75,86.57,-42.96,9.02,-2.42,-37.97,-6.18,-24.77,-119.82,-63.58,24.13,-17.78
2025-08-13T14:33:15.627139,-66.0,140.0,-89.0,-13.0,29.0,-79.0,67.0,-48.0,-84.0,-87.0,44.0,-69.0,-42.75,97.57,-40.96,-14.98,17.58,-55.97,53.82,-40.769999999999996,-64.82,-49.58,27.13,-36.78
2025-08-13T14:33:15.635105,-11.0,40.0,-88.0,35.0,-8.0,13.0,-33.0,9.0,-57.0,-67.0,81.0,-67.0,12.25,-2.4299999999999997,-39.96,33.02,-19.42,36.03,-46.18,16.23,-37.82,-29.58,64.13,-34.78
2025-08-13T14:33:15.639596,47.0,108.0,-93.0,-48.0,-15.0,-58.0,34.0,14.0,-95.0,-96.0,61.0,-32.0,70.25,65.57,-44.96,-49.98,-26.42,-34.97,20.82,21.23,-75.82,-58.58,44.129999999999995,0.21999999999999886
2025-08-13T14:33:15.647422,-3.0,39.0,-122.0,61.0,45.0,-15.0,31.0,35.0,-62.0,-84.0,68.0,-71.0,20.25,-3.4299999999999997,-73.96000000000001,59.02,33.58,8.030000000000001,17.82,42.230000000000004,-42.82,-46.58,51.129999999999995,-38.78
2025-08-13T14:33:15.651722,9.0,-2.0,-64.0,82.0,72.0,-55.0,-29.0,-4.0,-46.0,-128.0,49.0,-86.0,32.25,-44.43,-15.96,80.02,60.58,-31.97,-42.18,3.2300000000000004,-26.82,-90.58,32.129999999999995,-53.78
2025-08-13T14:33:15.659775,30.0,-6.0,-48.0,21.0,-33.0,-97.0,28.0,-72.0,-37.0,-76.0,57.0,-99.0,53.25,-48.43,0.03999999999999915,19.02,-44.42,-73.97,14.82,-64.77,-17.82,-38.58,40.129999999999995,-66.78
2025-08-13T14:33:15.664072,18.0,15.0,-74.0,2.0,30.0,-51.0,-5.0,-35.0,-38.0,-77.0,51.0,-150.0,41.25,-27.43,-25.96,0.020000000000000018,18.58,-27.97,-18.18,-27.77,-18.82,-39.58,34.129999999999995,-117.78
2025-08-13T14:33:15.672031,-63.0,89.0,-62.0,-2.0,21.0,-53.0,-3.0,53.0,-7.0,-67.0,5.0,-103.0,-39.75,46.57,-13.96,-3.98,9.58,-29.97,-16.18,60.230000000000004,12.18,-29.58,-11.870000000000001,-70.78
2025-08-13T14:33:15.676465,-76.0,83.0,-3.0,-24.0,59.0,-34.0,-38.0,-57.0,-65.0,-99.0,65.0,-71.0,-52.75,40.57,45.04,-25.98,47.58,-10.969999999999999,-51.18,-49.769999999999996,-45.82,-61.58,48.129999999999995,-38.78
2025-08-13T14:33:15.684349,-79.0,57.0,-111.0,16.0,-27.0,-11.0,-6.0,-22.0,-83.0,-156.0,39.0,-104.0,-55.75,14.57,-62.96,14.02,-38.42,12.030000000000001,-19.18,-14.77,-63.82,-118.58,22.13,-71.78
2025-08-13T14:33:15.688500,29.0,84.0,-115.0,-10.0,-11.0,-90.0,-23.0,70.0,-52.0,-8.0,63.0,-109.0,52.25,41.57,-66.96000000000001,-11.98,-22.42,-66.97,-36.18,77.23,-32.82,29.42,46.129999999999995,-76.78
2025-08-13T14:33:15.696679,89.0,-5.0,-80.0,21.0,-1.0,-74.0,8.0,-46.0,29.0,-47.0,-2.0,-61.0,112.25,-47.43,-31.96,19.02,-12.42,-50.97,-5.18,-38.769999999999996,48.18,-9.579999999999998,-18.87,-28.78
2025-08-13T14:33:15.700829,-9.0,60.0,-90.0,18.0,73.0,-105.0,-30.0,5.0,-60.0,-69.0,31.0,-118.0,14.25,17.57,-41.96,16.02,61.58,-81.97,-43.18,12.23,-40.82,-31.58,14.129999999999999,-85.78
2025-08-13T14:33:15.708897,-2.0,53.0,-116.0,15.0,-5.0,-104.0,-23.0,49.0,-76.0,-64.0,44.0,-83.0,21.25,10.57,-67.96000000000001,13.02,-16.42,-80.97,-36.18,56.230000000000004,-56.82,-26.58,27.13,-50.78
2025-08-13T14:33:15.713393,4.0,14.0,-1.0,15.0,3.0,-74.0,-4.0,48.0,-82.0,-79.0,114.0,-94.0,27.25,-28.43,47.04,13.02,-8.42,-50.97,-17.18,55.230000000000004,-62.82,-41.58,97.13,-61.78
2025-08-13T14:33:15.721231,-50.0,2.0,-11.0,52.0,-3.0,-60.0,46.0,23.0,-43.0,-32.0,-15.0,-66.0,-26.75,-40.43,37.04,50.02,-14.42,-36.97,32.82,30.23,-23.82,5.420000000000002,-31.87,-33.78
2025-08-13T14:33:15.725686,-76.0,60.0,-77.0,-22.0,-14.0,-80.0,-40.0,-21.0,-84.0,-53.0,93.0,-61.0,-52.75,17.57,-28.96,-23.98,-25.42,-56.97,-53.18,-13.77,-64.82,-15.579999999999998,76.13,-28.78
2025-08-13T14:33:15.733664,-62.0,62.0,-52.0,58.0,65.0,-57.0,-50.0,-99.0,-108.0,-88.0,85.0,-53.0,-38.75,19.57,-3.960000000000001,56.02,53.58,-33.97,-63.18,-91.77,-88.82,-50.58,68.13,-20.78
2025-08-13T14:33:15.738182,-37.0,101.0,-110.0,13.0,12.0,-62.0,19.0,-24.0,-22.0,-58.0,52.0,-67.0,-13.75,58.57,-61.96,11.02,0.5800000000000001,-38.97,5.82,-16.77,-2.8200000000000003,-20.58,35.129999999999995,-34.78
2025-08-13T14:33:15.745809,-50.0,101.0,-58.0,12.0,-3.0,-103.0,21.0,8.0,-57.0,-51.0,119.0,-52.0,-26.75,58.57,-9.96,10.02,-14.42,-79.97,7.82,15.23,-37.82,-13.579999999999998,102.13,-19.78
2025-08-13T14:33:15.750343,57.0,57.0,-78.0,75.0,-60.0,-40.0,-10.0,14.0,-28.0,-27.0,-12.0,-149.0,80.25,14.57,-29.96,73.02,-71.42,-16.97,-23.18,21.23,-8.82,10.420000000000002,-28.87,-116.78
2025-08-13T14:33:15.758106,-8.0,-35.0,-82.0,37.0,-4.0,-25.0,7.0,16.0,-55.0,-21.0,25.0,-48.0,15.25,-77.43,-33.96,35.02,-15.42,-1.9699999999999989,-6.18,23.23,-35.82,16.42,8.129999999999999,-15.780000000000001
2025-08-13T14:33:15.762636,-10.0,39.0,-88.0,27.0,-65.0,-50.0,27.0,19.0,-78.0,-51.0,45.0,-48.0,13.25,-3.4299999999999997,-39.96,25.02,-76.42,-26.97,13.82,26.23,-58.82,-13.579999999999998,28.13,-15.780000000000001
2025-08-13T14:33:15.770557,-28.0,33.0,-27.0,-25.0,-1.0,-21.0,-7.0,79.0,-77.0,-53.0,49.0,-82.0,-4.75,-9.43,21.04,-26.98,-12.42,2.030000000000001,-20.18,86.23,-57.82,-15.579999999999998,32.129999999999995,-49.78
2025-08-13T14:33:15.774976,-68.0,17.0,-52.0,-44.0,51.0,-1.0,-4.0,19.0,-33.0,-91.0,49.0,-21.0,-44.75,-25.43,-3.960000000000001,-45.98,39.58,22.03,-17.18,26.23,-13.82,-53.58,32.129999999999995,11.219999999999999
2025-08-13T14:33:15.782797,-35.0,89.0,-31.0,21.0,19.0,-21.0,-29.0,-46.0,-55.0,-91.0,87.0,-40.0,-11.75,46.57,17.04,19.02,7.58,2.030000000000001,-42.18,-38.769999999999996,-35.82,-53.58,70.13,-7.780000000000001
2025-08-13T14:33:15.787219,-75.0,78.0,-60.0,38.0,25.0,-18.0,-23.0,19.0,-23.0,-35.0,3.0,-47.0,-51.75,35.57,-11.96,36.02,13.58,5.030000000000001,-36.18,26.23,-3.8200000000000003,2.4200000000000017,-13.870000000000001,-14.780000000000001
2025-08-13T14:33:15.794998,20.0,69.0,-184.0,-2.0,7.0,-27.0,-28.0,-52.0,-29.0,-99.0,46.0,-74.0,43.25,26.57,-135.96,-3.98,-4.42,-3.969999999999999,-41.18,-44.769999999999996,-9.82,-61.58,29.13,-41.78
2025-08-13T14:33:15.799567,-12.0,29.0,-55.0,6.0,47.0,-67.0,1.0,4.0,-54.0,-31.0,41.0,-115.0,11.25,-13.43,-6.960000000000001,4.02,35.58,-43.97,-12.18,11.23,-34.82,6.420000000000002,24.13,-82.78
2025-08-13T14:33:15.807643,36.0,49.0,-137.0,-14.0,-1.0,-72.0,36.0,-40.0,-81.0,-128.0,92.0,-73.0,59.25,6.57,-88.96000000000001,-15.98,-12.42,-48.97,22.82,-32.769999999999996,-61.82,-90.58,75.13,-40.78
2025-08-13T14:33:15.814391,31.0,7.0,-85.0,-23.0,17.0,-15.0,45.0,-88.0,-144.0,-45.0,21.0,-61.0,54.25,-35.43,-36.96,-24.98,5.58,8.030000000000001,31.82,-80.77,-124.82,-7.579999999999998,4.129999999999999,-28.78
2025-08-13T14:33:15.819485,-89.0,38.0,-19.0,-38.0,105.0,-91.0,-35.0,-50.0,-92.0,-15.0,94.0,-33.0,-65.75,-4.43,29.04,-39.98,93.58,-67.97,-48.18,-42.769999999999996,-72.82,22.42,77.13,-0.7800000000000011
2025-08-13T14:33:15.824290,-66.0,89.0,-18.0,-31.0,88.0,-4.0,-30.0,-13.0,-42.0,-92.0,14.0,-67.0,-42.75,46.57,30.04,-32.98,76.58,19.03,-43.18,-5.77,-22.82,-54.58,-2.870000000000001,-34.78
2025-08-13T14:33:15.831701,-43.0,51.0,-85.0,-35.0,-13.0,-50.0,6.0,-35.0,-69.0,-87.0,100.0,-57.0,-19.75,8.57,-36.96,-36.98,-24.42,-26.97,-7.18,-27.77,-49.82,-49.58,83.13,-24.78
2025-08-13T14:33:15.836798,47.0,63.0,-84.0,-18.0,50.0,-107.0,-62.0,-35.0,-17.0,-53.0,52.0,-96.0,70.25,20.57,-35.96,-19.98,38.58,-83.97,-75.18,-27.77,2.1799999999999997,-15.579999999999998,35.129999999999995,-63.78
2025-08-13T14:33:15.843865,32.0,98.0,-153.0,-50.0,1.0,-35.0,-31.0,-39.0,-38.0,-46.0,-13.0,-93.0,55.25,55.57,-104.96000000000001,-51.98,-10.42,-11.969999999999999,-44.18,-31.77,-18.82,-8.579999999999998,-29.87,-60.78
2025-08-13T14:33:15.848716,22.0,43.0,-35.0,-11.0,17.0,-37.0,1.0,26.0,-40.0,-14.0,83.0,-149.0,45.25,0.5700000000000003,13.04,-12.98,5.58,-13.969999999999999,-12.18,33.230000000000004,-20.82,23.42,66.13,-116.78
2025-08-13T14:33:15.852232,-31.0,19.0,-36.0,-9.0,48.0,-71.0,65.0,4.0,-4.0,-82.0,92.0,-85.0,-7.75,-23.43,12.04,-10.98,36.58,-47.97,51.82,11.23,15.18,-44.58,75.13,-52.78
2025-08-13T14:33:15.860484,-47.0,40.0,-75.0,77.0,29.0,-24.0,25.0,1.0,-42.0,12.0,52.0,-97.0,-23.75,-2.4299999999999997,-26.96,75.02,17.58,-0.9699999999999989,11.82,8.23,-22.82,49.42,35.129999999999995,-64.78
2025-08-13T14:33:15.864490,-60.0,103.0,-14.0,14.0,16.0,-60.0,10.0,0.0,-69.0,-109.0,49.0,-82.0,-36.75,60.57,34.04,12.02,4.58,-36.97,-3.1799999999999997,7.23,-49.82,-71.58,32.129999999999995,-49.78
2025-08-13T14:33:15.872814,-5.0,89.0,-79.0,90.0,37.0,-54.0,-16.0,18.0,-59.0,-58.0,44.0,-4.0,18.25,46.57,-30.96,88.02,25.58,-30.97,-29.18,25.23,-39.82,-20.58,27.13,28.22
2025-08-13T14:33:15.876799,6.0,93.0,-143.0,32.0,78.0,-88.0,-17.0,30.0,-21.0,-77.0,54.0,-79.0,29.25,50.57,-94.96000000000001,30.02,66.58,-64.97,-30.18,37.230000000000004,-1.8200000000000003,-39.58,37.129999999999995,-46.78
2025-08-13T14:33:15.885135,36.0,133.0,-140.0,-31.0,-19.0,-62.0,-11.0,9.0,-49.0,-77.0,22.0,-67.0,59.25,90.57,-91.96000000000001,-32.98,-30.42,-38.97,-24.18,16.23,-29.82,-39.58,5.129999999999999,-34.78
2025-08-13T14:33:15.889139,14.0,68.0,-83.0,-34.0,-12.0,-67.0,-11.0,-4.0,-4.0,-27.0,-12.0,-69.0,37.25,25.57,-34.96,-35.98,-23.42,-43.97,-24.18,3.2300000000000004,15.18,10.420000000000002,-28.87,-36.78
2025-08-13T14:33:15.897426,57.0,66.0,-25.0,45.0,8.0,-58.0,-3.0,20.0,-27.0,-46.0,7.0,-109.0,80.25,23.57,23.04,43.02,-3.42,-34.97,-16.18,27.23,-7.82,-8.579999999999998,-9.870000000000001,-76.78
2025-08-13T14:33:15.901402,41.0,29.0,-120.0,-16.0,56.0,-83.0,57.0,-3.0,-41.0,-51.0,-6.0,-104.0,64.25,-13.43,-71.96000000000001,-17.98,44.58,-59.97,43.82,4.23,-21.82,-13.579999999999998,-22.87,-71.78
2025-08-13T14:33:15.909791,23.0,25.0,-54.0,-15.0,-20.0,-35.0,81.0,-11.0,-114.0,-74.0,69.0,-70.0,46.25,-17.43,-5.960000000000001,-16.98,-31.42,-11.969999999999999,67.82,-3.7699999999999996,-94.82,-36.58,52.129999999999995,-37.78
2025-08-13T14:33:15.913677,-33.0,25.0,-6.0,23.0,-56.0,-80.0,74.0,-8.0,-77.0,-37.0,-11.0,-67.0,-9.75,-17.43,42.04,21.02,-67.42,-56.97,60.82,-0.7699999999999996,-57.82,0.4200000000000017,-27.87,-34.78
2025-08-13T14:33:15.921909,-75.0,98.0,-29.0,-10.0,13.0,-27.0,43.0,12.0,-75.0,-80.0,23.0,-68.0,-51.75,55.57,19.04,-11.98,1.58,-3.969999999999999,29.82,19.23,-55.82,-42.58,6.129999999999999,-35.78
2025-08-13T14:33:15.926214,-73.0,46.0,-111.0,22.0,47.0,-71.0,32.0,48.0,-115.0,-19.0,51.0,-47.0,-49.75,3.5700000000000003,-62.96,20.02,35.58,-47.97,18.82,55.230000000000004,-95.82,18.42,34.129999999999995,-14.780000000000001
2025-08-13T14:33:15.934223,12.0,192.0,-83.0,27.0,48.0,-59.0,-34.0,-11.0,-4.0,-81.0,54.0,-87.0,35.25,149.57,-34.96,25.02,36.58,-35.97,-47.18,-3.7699999999999996,15.18,-43.58,37.129999999999995,-54.78
2025-08-13T14:33:15.938306,1.0,-2.0,-84.0,-12.0,13.0,-31.0,-4.0,-13.0,-40.0,-108.0,50.0,-102.0,24.25,-44.43,-35.96,-13.98,1.58,-7.969999999999999,-17.18,-5.77,-20.82,-70.58,33.129999999999995,-69.78
2025-08-13T14:33:15.946662,27.0,66.0,-7.0,-16.0,-1.0,-33.0,-73.0,13.0,-83.0,-26.0,28.0,-91.0,50.25,23.57,41.04,-17.98,-12.42,-9.969999999999999,-86.18,20.23,-63.82,11.420000000000002,11.129999999999999,-58.78
2025-08-13T14:33:15.950834,-3.0,-27.0,-15.0,18.0,75.0,-24.0,115.0,-49.0,-32.0,-82.0,87.0,-83.0,20.25,-69.43,33.04,16.02,63.58,-0.9699999999999989,101.82,-41.769999999999996,-12.82,-44.58,70.13,-50.78
2025-08-13T14:33:15.958844,8.0,7.0,-38.0,24.0,-2.0,-76.0,13.0,32.0,-59.0,-26.0,-6.0,-43.0,31.25,-35.43,10.04,22.02,-13.42,-52.97,-0.17999999999999972,39.230000000000004,-39.82,11.420000000000002,-22.87,-10.780000000000001
2025-08-13T14:33:15.963201,-90.0,46.0,-89.0,-72.0,-46.0,-46.0,28.0,-2.0,-27.0,-91.0,31.0,66.0,-66.75,3.5700000000000003,-40.96,-73.98,-57.42,-22.97,14.82,5.23,-7.82,-53.58,14.129999999999999,98.22
2025-08-13T14:33:15.971232,-25.0,131.0,-85.0,6.0,60.0,-128.0,-47.0,-26.0,-4.0,-55.0,37.0,31.0,-1.75,88.57,-36.96,4.02,48.58,-104.97,-60.18,-18.77,15.18,-17.58,20.13,63.22
2025-08-13T14:33:15.975923,-32.0,88.0,-162.0,-97.0,49.0,-75.0,-13.0,52.0,-86.0,-75.0,55.0,3.0,-8.75,45.57,-113.96000000000001,-98.98,37.58,-51.97,-26.18,59.230000000000004,-66.82,-37.58,38.129999999999995,35.22
2025-08-13T14:33:15.983603,-11.0,101.0,-91.0,45.0,54.0,-50.0,-21.0,16.0,-30.0,-38.0,48.0,16.0,12.25,58.57,-42.96,43.02,42.58,-26.97,-34.18,23.23,-10.82,-0.5799999999999983,31.13,48.22
2025-08-13T14:33:15.988290,46.0,40.0,-115.0,23.0,2.0,-51.0,-33.0,-5.0,-2.0,-133.0,13.0,0.0,69.25,-2.4299999999999997,-66.96000000000001,21.02,-9.42,-27.97,-46.18,2.2300000000000004,17.18,-95.58,-3.870000000000001,32.22
2025-08-13T14:33:15.996013,0.0,17.0,-169.0,-11.0,30.0,-37.0,-34.0,-47.0,6.0,-26.0,-4.0,-12.0,23.25,-25.43,-120.96000000000001,-12.98,18.58,-13.969999999999999,-47.18,-39.769999999999996,25.18,11.420000000000002,-20.87,20.22
2025-08-13T14:33:16.000477,-14.0,-10.0,-85.0,-20.0,-2.0,-36.0,-46.0,52.0,-65.0,73.0,-20.0,-67.0,9.25,-52.43,-36.96,-21.98,-13.42,-12.969999999999999,-59.18,59.230000000000004,-45.82,110.42,-36.870000000000005,-34.78
2025-08-13T14:33:16.008029,72.0,23.0,-38.0,-37.0,55.0,-6.0,-10.0,-12.0,-9.0,62.0,17.0,5.0,95.25,-19.43,10.04,-38.98,43.58,17.03,-23.18,-4.77,10.18,99.42,0.129999999999999,37.22
2025-08-13T14:33:16.012725,52.0,59.0,-70.0,-71.0,25.0,-74.0,1.0,-9.0,5.0,-86.0,-71.0,14.0,75.25,16.57,-21.96,-72.98,13.58,-50.97,-12.18,-1.7699999999999996,24.18,-48.58,-87.87,46.22
2025-08-13T14:33:16.020203,55.0,31.0,-38.0,-7.0,35.0,-72.0,6.0,5.0,-63.0,4.0,-2.0,47.0,78.25,-11.43,10.04,-8.98,23.58,-48.97,-7.18,12.23,-43.82,41.42,-18.87,79.22
2025-08-13T14:33:16.025866,-64.0,46.0,-24.0,33.0,54.0,-54.0,-44.0,22.0,-102.0,13.0,-24.0,-85.0,-40.75,3.5700000000000003,24.04,31.02,42.58,-30.97,-57.18,29.23,-82.82,50.42,-40.870000000000005,-52.78
2025-08-13T14:33:16.034310,-23.0,8.0,-37.0,-17.0,7.0,-66.0,-44.0,-7.0,-7.0,49.0,-22.0,-64.0,0.25,-34.43,11.04,-18.98,-4.42,-42.97,-57.18,0.23000000000000043,12.18,86.42,-38.870000000000005,-31.78
2025-08-13T14:33:16.039404,-72.0,52.0,-35.0,62.0,27.0,0.0,-37.0,16.0,-39.0,5.0,59.0,-58.0,-48.75,9.57,13.04,60.02,15.58,23.03,-50.18,23.23,-19.82,42.42,42.129999999999995,-25.78
2025-08-13T14:33:16.044488,-26.0,80.0,-16.0,19.0,36.0,-78.0,38.0,-35.0,-32.0,10.0,32.0,-13.0,-2.75,37.57,32.04,17.02,24.58,-54.97,24.82,-27.77,-12.82,47.42,15.129999999999999,19.22
2025-08-13T14:33:16.048850,-50.0,111.0,-116.0,49.0,-30.0,-9.0,25.0,21.0,-13.0,-21.0,-7.0,-53.0,-26.75,68.57,-67.96000000000001,47.02,-41.42,14.030000000000001,11.82,28.23,6.18,16.42,-23.87,-20.78
2025-08-13T14:33:16.057069,-59.0,171.0,-119.0,10.0,-13.0,-73.0,-4.0,-10.0,-11.0,12.0,8.0,-29.0,-35.75,128.57,-70.96000000000001,8.02,-24.42,-49.97,-17.18,-2.7699999999999996,8.18,49.42,-8.870000000000001,3.219999999999999
2025-08-13T14:33:16.061273,12.0,2.0,-67.0,-1.0,83.0,23.0,-49.0,1.0,-24.0,8.0,62.0,-68.0,35.25,-40.43,-18.96,-2.98,71.58,46.03,-62.18,8.23,-4.82,45.42,45.129999999999995,-35.78
2025-08-13T14:33:16.069171,58.0,-10.0,-40.0,-23.0,21.0,-31.0,38.0,34.0,-22.0,-98.0,-27.0,-28.0,81.25,-52.43,8.04,-24.98,9.58,-7.969999999999999,24.82,41.230000000000004,-2.8200000000000003,-60.58,-43.870000000000005,4.219999999999999
2025-08-13T14:33:16.073772,64.0,56.0,-95.0,39.0,62.0,-82.0,4.0,26.0,-61.0,-74.0,52.0,-36.0,87.25,13.57,-46.96,37.02,50.58,-58.97,-9.18,33.230000000000004,-41.82,-36.58,35.129999999999995,-3.780000000000001
2025-08-13T14:33:16.077697,7.0,13.0,-30.0,27.0,24.0,-5.0,28.0,8.0,-47.0,-38.0,9.0,-78.0,30.25,-29.43,18.04,25.02,12.58,18.03,14.82,15.23,-27.82,-0.5799999999999983,-7.870000000000001,-45.78
2025-08-13T14:33:16.086012,14.0,32.0,-39.0,1.0,14.0,-52.0,-35.0,15.0,-133.0,-39.0,-2.0,-62.0,37.25,-10.43,9.04,-0.98,2.58,-28.97,-48.18,22.23,-113.82,-1.5799999999999983,-18.87,-29.78
2025-08-13T14:33:16.090898,15.0,62.0,-48.0,25.0,32.0,-9.0,14.0,-30.0,6.0,1.0,-9.0,-58.0,38.25,19.57,0.03999999999999915,23.02,20.58,14.030000000000001,0.8200000000000003,-22.77,25.18,38.42,-25.87,-25.78
2025-08-13T14:33:16.098203,36.0,11.0,-103.0,61.0,37.0,-72.0,-8.0,4.0,-44.0,-85.0,-27.0,-32.0,59.25,-31.43,-54.96,59.02,25.58,-48.97,-21.18,11.23,-24.82,-47.58,-43.870000000000005,0.21999999999999886
2025-08-13T14:33:16.103038,-33.0,80.0,-12.0,24.0,-8.0,-65.0,-16.0,-34.0,-67.0,-47.0,-37.0,1.0,-9.75,37.57,36.04,22.02,-19.42,-41.97,-29.18,-26.77,-47.82,-9.579999999999998,-53.870000000000005,33.22
2025-08-13T14:33:16.110580,-33.0,52.0,-93.0,-21.0,20.0,-138.0,-43.0,35.0,-85.0,-50.0,-30.0,-18.0,-9.75,9.57,-44.96,-22.98,8.58,-114.97,-56.18,42.230000000000004,-65.82,-12.579999999999998,-46.870000000000005,14.219999999999999
2025-08-13T14:33:16.114599,-121.0,131.0,-19.0,-34.0,48.0,-66.0,30.0,-20.0,-54.0,-65.0,11.0,-9.0,-97.75,88.57,29.04,-35.98,36.58,-42.97,16.82,-12.77,-34.82,-27.58,-5.870000000000001,23.22
2025-08-13T14:33:16.122867,-101.0,95.0,-91.0,-25.0,-22.0,-11.0,1.0,-67.0,-25.0,-23.0,15.0,56.0,-77.75,52.57,-42.96,-26.98,-33.42,12.030000000000001,-12.18,-59.769999999999996,-5.82,14.420000000000002,-1.870000000000001,88.22
2025-08-13T14:33:16.127018,11.0,79.0,-73.0,3.0,-31.0,-45.0,15.0,25.0,-54.0,-124.0,-28.0,14.0,34.25,36.57,-24.96,1.02,-42.42,-21.97,1.8200000000000003,32.230000000000004,-34.82,-86.58,-44.870000000000005,46.22
2025-08-13T14:33:16.134970,-2.0,12.0,-74.0,14.0,-15.0,-60.0,78.0,49.0,-68.0,-86.0,12.0,-4.0,21.25,-30.43,-25.96,12.02,-26.42,-36.97,64.82,56.230000000000004,-48.82,-48.58,-4.870000000000001,28.22
2025-08-13T14:33:16.139824,17.0,-33.0,-60.0,-48.0,46.0,-50.0,-47.0,-62.0,-34.0,-9.0,-10.0,-35.0,40.25,-75.43,-11.96,-49.98,34.58,-26.97,-60.18,-54.769999999999996,-14.82,28.42,-26.87,-2.780000000000001
2025-08-13T14:33:16.147273,50.0,32.0,-56.0,-49.0,17.0,-91.0,120.0,-17.0,-28.0,47.0,-35.0,61.0,73.25,-10.43,-7.960000000000001,-50.98,5.58,-67.97,106.82,-9.77,-8.82,84.42,-51.870000000000005,93.22
2025-08-13T14:33:16.151990,-85.0,46.0,-23.0,-11.0,36.0,-4.0,50.0,2.0,-8.0,-18.0,33.0,2.0,-61.75,3.5700000000000003,25.04,-12.98,24.58,19.03,36.82,9.23,11.18,19.42,16.13,34.22
2025-08-13T14:33:16.159351,-25.0,81.0,-38.0,8.0,0.0,-9.0,36.0,-36.0,5.0,-31.0,-34.0,6.0,-1.75,38.57,10.04,6.02,-11.42,14.030000000000001,22.82,-28.77,24.18,6.420000000000002,-50.870000000000005,38.22
2025-08-13T14:33:16.163736,-44.0,-1.0,-40.0,44.0,2.0,-44.0,6.0,-61.0,13.0,-27.0,-8.0,-2.0,-20.75,-43.43,8.04,42.02,-9.42,-20.97,-7.18,-53.769999999999996,32.18,10.420000000000002,-24.87,30.22
2025-08-13T14:33:16.171825,-72.0,-6.0,-54.0,-53.0,27.0,-89.0,33.0,-61.0,10.0,-6.0,-19.0,-12.0,-48.75,-48.43,-5.960000000000001,-54.98,15.58,-65.97,19.82,-53.769999999999996,29.18,31.42,-35.870000000000005,20.22
2025-08-13T14:33:16.176016,-30.0,15.0,15.0,-3.0,58.0,-92.0,-10.0,-22.0,14.0,-34.0,-27.0,58.0,-6.75,-27.43,63.04,-4.98,46.58,-68.97,-23.18,-14.77,33.18,3.4200000000000017,-43.870000000000005,90.22
2025-08-13T14:33:16.184061,-17.0,1.0,1.0,-22.0,67.0,-66.0,11.0,-43.0,-19.0,34.0,-15.0,16.0,6.25,-41.43,49.04,-23.98,55.58,-42.97,-2.1799999999999997,-35.769999999999996,0.17999999999999972,71.42,-31.87,48.22
2025-08-13T14:33:16.188374,-47.0,68.0,-29.0,1.0,69.0,-25.0,-10.0,-2.0,-18.0,0.0,-26.0,4.0,-23.75,25.57,19.04,-0.98,57.58,-1.9699999999999989,-23.18,5.23,1.1799999999999997,37.42,-42.870000000000005,36.22
2025-08-13T14:33:16.196195,-47.0,4.0,-46.0,48.0,-13.0,-18.0,-92.0,-8.0,-72.0,-41.0,-37.0,51.0,-23.75,-38.43,2.039999999999999,46.02,-24.42,5.030000000000001,-105.18,-0.7699999999999996,-52.82,-3.5799999999999983,-53.870000000000005,83.22
2025-08-13T14:33:16.200557,-85.0,78.0,-43.0,-10.0,-42.0,-72.0,-21.0,27.0,-37.0,0.0,33.0,-16.0,-61.75,35.57,5.039999999999999,-11.98,-53.42,-48.97,-34.18,34.230000000000004,-17.82,37.42,16.13,16.22
2025-08-13T14:33:16.208400,-69.0,90.0,-70.0,-1.0,-5.0,-63.0,-51.0,-28.0,27.0,6.0,-19.0,-6.0,-45.75,47.57,-21.96,-2.98,-16.42,-39.97,-64.18,-20.77,46.18,43.42,-35.870000000000005,26.22
2025-08-13T14:33:16.212743,-78.0,168.0,-33.0,-33.0,-20.0,-43.0,59.0,-39.0,26.0,-2.0,-11.0,56.0,-54.75,125.57,15.04,-34.98,-31.42,-19.97,45.82,-31.77,45.18,35.42,-27.87,88.22
2025-08-13T14:33:16.220935,-42.0,146.0,-67.0,-11.0,96.0,-16.0,-47.0,-3.0,-35.0,18.0,-35.0,57.0,-18.75,103.57,-18.96,-12.98,84.58,7.030000000000001,-60.18,4.23,-15.82,55.42,-51.870000000000005,89.22
2025-08-13T14:33:16.225108,-48.0,68.0,-108.0,-20.0,67.0,-49.0,-11.0,9.0,-74.0,16.0,-3.0,-34.0,-24.75,25.57,-59.96,-21.98,55.58,-25.97,-24.18,16.23,-54.82,53.42,-19.87,-1.7800000000000011
2025-08-13T14:33:16.229188,30.0,50.0,-85.0,12.0,69.0,-62.0,-36.0,-12.0,1.0,14.0,-15.0,-68.0,53.25,7.57,-36.96,10.02,57.58,-38.97,-49.18,-4.77,20.18,51.42,-31.87,-35.78
2025-08-13T14:33:16.237426,23.0,39.0,-39.0,53.0,-29.0,-90.0,-20.0,-41.0,35.0,50.0,-59.0,27.0,46.25,-3.4299999999999997,9.04,51.02,-40.42,-66.97,-33.18,-33.769999999999996,54.18,87.42,-75.87,59.22
2025-08-13T14:33:16.241476,-55.0,1.0,-65.0,83.0,55.0,48.0,-24.0,9.0,-69.0,-17.0,-68.0,6.0,-31.75,-41.43,-16.96,81.02,43.58,71.03,-37.18,16.23,-49.82,20.42,-84.87,38.22
2025-08-13T14:33:16.249979,-83.0,29.0,-87.0,-77.0,-23.0,-19.0,-37.0,-79.0,-76.0,-18.0,-35.0,0.0,-59.75,-13.43,-38.96,-78.98,-34.42,4.030000000000001,-50.18,-71.77,-56.82,19.42,-51.870000000000005,32.22
2025-08-13T14:33:16.253826,-28.0,60.0,-67.0,-64.0,24.0,59.0,-24.0,-28.0,-79.0,40.0,-22.0,1.0,-4.75,17.57,-18.96,-65.98,12.58,82.03,-37.18,-20.77,-59.82,77.42,-38.870000000000005,33.22
2025-08-13T14:33:16.261834,-120.0,153.0,-30.0,-19.0,35.0,29.0,23.0,-23.0,-23.0,-9.0,-6.0,38.0,-96.75,110.57,18.04,-20.98,23.58,52.03,9.82,-15.77,-3.8200000000000003,28.42,-22.87,70.22
2025-08-13T14:33:16.266020,57.0,139.0,-76.0,17.0,-7.0,-75.0,-2.0,50.0,30.0,31.0,21.0,-10.0,80.25,96.57,-27.96,15.02,-18.42,-51.97,-15.18,57.230000000000004,49.18,68.42,4.129999999999999,22.22
2025-08-13T14:33:16.273983,-31.0,33.0,-92.0,7.0,98.0,31.0,27.0,56.0,-86.0,10.0,2.0,13.0,-7.75,-9.43,-43.96,5.02,86.58,54.03,13.82,63.230000000000004,-66.82,47.42,-14.870000000000001,45.22
2025-08-13T14:33:16.278508,-26.0,56.0,-120.0,22.0,25.0,-29.0,0.0,15.0,-29.0,-7.0,-53.0,-33.0,-2.75,13.57,-71.96000000000001,20.02,13.58,-5.969999999999999,-13.18,22.23,-9.82,30.42,-69.87,-0.7800000000000011
2025-08-13T14:33:16.286373,-18.0,-61.0,-34.0,49.0,-20.0,-12.0,18.0,43.0,-82.0,31.0,-11.0,23.0,5.25,-103.43,14.04,47.02,-31.42,11.030000000000001,4.82,50.230000000000004,-62.82,68.42,-27.87,55.22
2025-08-13T14:33:16.290810,20.0,76.0,-40.0,-15.0,26.0,14.0,13.0,-10.0,-44.0,-85.0,30.0,-98.0,43.25,33.57,8.04,-16.98,14.58,37.03,-0.17999999999999972,-2.7699999999999996,-24.82,-47.58,13.129999999999999,-65.78
2025-08-13T14:33:16.298719,-60.0,37.0,-17.0,23.0,51.0,-28.0,-9.0,8.0,35.0,-4.0,22.0,27.0,-36.75,-5.43,31.04,21.02,39.58,-4.969999999999999,-22.18,15.23,54.18,33.42,5.129999999999999,59.22
2025-08-13T14:33:16.302998,-66.0,110.0,-25.0,-46.0,85.0,-24.0,22.0,-9.0,35.0,38.0,-51.0,27.0,-42.75,67.57,23.04,-47.98,73.58,-0.9699999999999989,8.82,-1.7699999999999996,54.18,75.42,-67.87,59.22
2025-08-13T14:33:16.311239,-47.0,140.0,-95.0,2.0,44.0,-71.0,-39.0,9.0,-51.0,-28.0,-11.0,-17.0,-23.75,97.57,-46.96,0.020000000000000018,32.58,-47.97,-52.18,16.23,-31.82,9.420000000000002,-27.87,15.219999999999999
2025-08-13T14:33:16.315532,-49.0,46.0,-146.0,-34.0,48.0,5.0,1.0,12.0,-30.0,2.0,-5.0,0.0,-25.75,3.5700000000000003,-97.96000000000001,-35.98,36.58,28.03,-12.18,19.23,-10.82,39.42,-21.87,32.22
2025-08-13T14:33:16.323474,26.0,85.0,-172.0,12.0,38.0,-43.0,7.0,13.0,-22.0,-9.0,-18.0,-57.0,49.25,42.57,-123.96000000000001,10.02,26.58,-19.97,-6.18,20.23,-2.8200000000000003,28.42,-34.870000000000005,-24.78
2025-08-13T14:33:16.328176,-28.0,109.0,-85.0,43.0,38.0,-30.0,-61.0,11.0,-36.0,51.0,-59.0,-56.0,-4.75,66.57,-36.96,41.02,26.58,-6.969999999999999,-74.18,18.23,-16.82,88.42,-75.87,-23.78
2025-08-13T14:33:16.335910,19.0,-22.0,-104.0,-9.0,-35.0,-13.0,24.0,-27.0,-25.0,14.0,-76.0,-45.0,42.25,-64.43,-55.96,-10.98,-46.42,10.030000000000001,10.82,-19.77,-5.82,51.42,-92.87,-12.780000000000001
2025-08-13T14:33:16.340576,51.0,73.0,-24.0,-3.0,81.0,27.0,-26.0,-57.0,-30.0,-17.0,-1.0,-53.0,74.25,30.57,24.04,-4.98,69.58,50.03,-39.18,-49.769999999999996,-10.82,20.42,-17.87,-20.78
2025-08-13T14:33:16.348019,-57.0,101.0,-57.0,5.0,94.0,-8.0,18.0,-38.0,-123.0,-58.0,34.0,-69.0,-33.75,58.57,-8.96,3.02,82.58,15.030000000000001,4.82,-30.77,-103.82,-20.58,17.13,-36.78
2025-08-13T14:33:16.352858,-37.0,58.0,-5.0,67.0,51.0,-35.0,57.0,23.0,-26.0,14.0,10.0,18.0,-13.75,15.57,43.04,65.02,39.58,-11.969999999999999,43.82,30.23,-6.82,51.42,-6.870000000000001,50.22
2025-08-13T14:33:16.360304,-72.0,52.0,-56.0,50.0,-15.0,-4.0,59.0,10.0,-60.0,33.0,-41.0,-86.0,-48.75,9.57,-7.960000000000001,48.02,-26.42,19.03,45.82,17.23,-40.82,70.42,-57.870000000000005,-53.78
2025-08-13T14:33:16.365126,-66.0,60.0,-141.0,36.0,-22.0,-38.0,-19.0,9.0,-56.0,41.0,54.0,-24.0,-42.75,17.57,-92.96000000000001,34.02,-33.42,-14.969999999999999,-32.18,16.23,-36.82,78.42,37.129999999999995,8.219999999999999
2025-08-13T14:33:16.372702,28.0,58.0,-89.0,-14.0,19.0,3.0,42.0,-17.0,-50.0,-28.0,-13.0,-64.0,51.25,15.57,-40.96,-15.98,7.58,26.03,28.82,-9.77,-30.82,9.420000000000002,-29.87,-31.78
2025-08-13T14:33:16.377272,-59.0,7.0,-34.0,-10.0,3.0,-23.0,13.0,8.0,-12.0,21.0,45.0,-117.0,-35.75,-35.43,14.04,-11.98,-8.42,0.030000000000001137,-0.17999999999999972,15.23,7.18,58.42,28.13,-84.78
2025-08-13T14:33:16.384920,18.0,-14.0,-53.0,13.0,-3.0,-49.0,0.0,-12.0,-42.0,21.0,-3.0,-50.0,41.25,-56.43,-4.960000000000001,11.02,-14.42,-25.97,-13.18,-4.77,-22.82,58.42,-19.87,-17.78
2025-08-13T14:33:16.389567,-121.0,88.0,-26.0,-12.0,77.0,-37.0,23.0,103.0,-64.0,21.0,-23.0,-4.0,-97.75,45.57,22.04,-13.98,65.58,-13.969999999999999,9.82,110.23,-44.82,58.42,-39.870000000000005,28.22
2025-08-13T14:33:16.397236,-80.0,84.0,17.0,65.0,44.0,-45.0,2.0,1.0,-35.0,18.0,-13.0,-38.0,-56.75,41.57,65.03999999999999,63.02,32.58,-21.97,-11.18,8.23,-15.82,55.42,-29.87,-5.780000000000001
2025-08-13T14:33:16.402045,-54.0,28.0,-85.0,-11.0,6.0,-72.0,-68.0,-72.0,-46.0,-96.0,6.0,-62.0,-30.75,-14.43,-36.96,-12.98,-5.42,-48.97,-81.18,-64.77,-26.82,-58.58,-10.870000000000001,-29.78
2025-08-13T14:33:16.409509,37.0,25.0,-92.0,-32.0,13.0,-41.0,2.0,-102.0,-5.0,-46.0,30.0,-27.0,60.25,-17.43,-43.96,-33.98,1.58,-17.97,-11.18,-94.77,14.18,-8.579999999999998,13.129999999999999,5.219999999999999
2025-08-13T14:33:16.414218,25.0,99.0,-50.0,-61.0,1.0,17.0,16.0,-28.0,-40.0,-64.0,-16.0,-1.0,48.25,56.57,-1.9600000000000009,-62.98,-10.42,40.03,2.8200000000000003,-20.77,-20.82,-26.58,-32.870000000000005,31.22
2025-08-13T14:33:16.421819,29.0,-12.0,20.0,-18.0,24.0,-54.0,47.0,-32.0,-31.0,30.0,-53.0,-48.0,52.25,-54.43,68.03999999999999,-19.98,12.58,-30.97,33.82,-24.77,-11.82,67.42,-69.87,-15.780000000000001
2025-08-13T14:33:16.427340,16.0,-2.0,20.0,63.0,36.0,-12.0,1.0,-58.0,7.0,21.0,-10.0,-114.0,39.25,-44.43,68.03999999999999,61.02,24.58,11.030000000000001,-12.18,-50.769999999999996,26.18,58.42,-26.87,-81.78
2025-08-13T14:33:16.436409,0.0,19.0,-11.0,-23.0,67.0,-5.0,-1.0,12.0,-19.0,-23.0,57.0,-59.0,23.25,-23.43,37.04,-24.98,55.58,18.03,-14.18,19.23,0.17999999999999972,14.420000000000002,40.129999999999995,-26.78
2025-08-13T14:33:16.442115,-53.0,81.0,5.0,32.0,25.0,-4.0,-49.0,15.0,-2.0,33.0,13.0,-64.0,-29.75,38.57,53.04,30.02,13.58,19.03,-62.18,22.23,17.18,70.42,-3.870000000000001,-31.78
2025-08-13T14:33:16.446701,-53.0,28.0,2.0,-45.0,-34.0,-76.0,-42.0,-32.0,-5.0,-82.0,-19.0,-20.0,-29.75,-14.43,50.04,-46.98,-45.42,-52.97,-55.18,-24.77,14.18,-44.58,-35.870000000000005,12.219999999999999
2025-08-13T14:33:16.450427,-29.0,43.0,-83.0,-59.0,40.0,-5.0,-111.0,0.0,-61.0,-93.0,51.0,-58.0,-5.75,0.5700000000000003,-34.96,-60.98,28.58,18.03,-124.18,7.23,-41.82,-55.58,34.129999999999995,-25.78
2025-08-13T14:33:16.454797,-40.0,56.0,-19.0,9.0,69.0,-88.0,-26.0,-35.0,-43.0,-97.0,70.0,-48.0,-16.75,13.57,29.04,7.02,57.58,-64.97,-39.18,-27.77,-23.82,-59.58,53.129999999999995,-15.780000000000001
2025-08-13T14:33:16.462509,-66.0,11.0,-60.0,51.0,70.0,-121.0,18.0,-55.0,-30.0,-77.0,53.0,-69.0,-42.75,-31.43,-11.96,49.02,58.58,-97.97,4.82,-47.769999999999996,-10.82,-39.58,36.129999999999995,-36.78
2025-08-13T14:33:16.466633,23.0,60.0,-76.0,67.0,5.0,-24.0,50.0,-2.0,12.0,-43.0,60.0,-43.0,46.25,17.57,-27.96,65.02,-6.42,-0.9699999999999989,36.82,5.23,31.18,-5.579999999999998,43.129999999999995,-10.780000000000001
2025-08-13T14:33:16.474648,-28.0,71.0,-72.0,24.0,47.0,-34.0,-42.0,6.0,6.0,-42.0,46.0,6.0,-4.75,28.57,-23.96,22.02,35.58,-10.969999999999999,-55.18,13.23,25.18,-4.579999999999998,29.13,38.22
2025-08-13T14:33:16.478840,15.0,79.0,-60.0,-11.0,97.0,-35.0,-7.0,3.0,-9.0,-42.0,9.0,-66.0,38.25,36.57,-11.96,-12.98,85.58,-11.969999999999999,-20.18,10.23,10.18,-4.579999999999998,-7.870000000000001,-33.78
2025-08-13T14:33:16.487272,-29.0,87.0,-127.0,-11.0,89.0,-32.0,-64.0,-5.0,-30.0,-94.0,56.0,-35.0,-5.75,44.57,-78.96000000000001,-12.98,77.58,-8.969999999999999,-77.18,2.2300000000000004,-10.82,-56.58,39.129999999999995,-2.780000000000001
2025-08-13T14:33:16.491434,22.0,14.0,-128.0,-4.0,21.0,-50.0,8.0,46.0,-29.0,-43.0,131.0,-63.0,45.25,-28.43,-79.96000000000001,-5.98,9.58,-26.97,-5.18,53.230000000000004,-9.82,-5.579999999999998,114.13,-30.78
2025-08-13T14:33:16.499498,-6.0,-20.0,-33.0,23.0,-9.0,-17.0,53.0,20.0,-12.0,-43.0,-2.0,-76.0,17.25,-62.43,15.04,21.02,-20.42,6.030000000000001,39.82,27.23,7.18,-5.579999999999998,-18.87,-43.78
2025-08-13T14:33:16.503618,6.0,57.0,-33.0,50.0,54.0,5.0,-35.0,21.0,-25.0,10.0,65.0,-58.0,29.25,14.57,15.04,48.02,42.58,28.03,-48.18,28.23,-5.82,47.42,48.129999999999995,-25.78
2025-08-13T14:33:16.511752,-41.0,9.0,-45.0,-25.0,-22.0,-15.0,72.0,-17.0,19.0,-76.0,34.0,-26.0,-17.75,-33.43,3.039999999999999,-26.98,-33.42,8.030000000000001,58.82,-9.77,38.18,-38.58,17.13,6.219999999999999
2025-08-13T14:33:16.515850,43.0,99.0,-4.0,-26.0,69.0,-1.0,-26.0,-97.0,-43.0,-74.0,12.0,0.0,66.25,56.57,44.04,-27.98,57.58,22.03,-39.18,-89.77,-23.82,-36.58,-4.870000000000001,32.22
2025-08-13T14:33:16.524024,-43.0,8.0,-4.0,-77.0,14.0,-93.0,-13.0,-23.0,25.0,-27.0,76.0,15.0,-19.75,-34.43,44.04,-78.98,2.58,-69.97,-26.18,-15.77,44.18,10.420000000000002,59.129999999999995,47.22
2025-08-13T14:33:16.528280,-98.0,59.0,-15.0,1.0,56.0,-54.0,34.0,34.0,-46.0,-87.0,-2.0,-77.0,-74.75,16.57,33.04,-0.98,44.58,-30.97,20.82,41.230000000000004,-26.82,-49.58,-18.87,-44.78
2025-08-13T14:33:16.536319,-60.0,104.0,-65.0,-18.0,32.0,9.0,-3.0,30.0,-29.0,-94.0,43.0,-9.0,-36.75,61.57,-16.96,-19.98,20.58,32.03,-16.18,37.230000000000004,-9.82,-56.58,26.13,23.22
2025-08-13T14:33:16.540495,-43.0,120.0,-64.0,62.0,40.0,17.0,41.0,-38.0,-51.0,-92.0,71.0,-50.0,-19.75,77.57,-15.96,60.02,28.58,40.03,27.82,-30.77,-31.82,-54.58,54.129999999999995,-17.78
2025-08-13T14:33:16.548397,-29.0,42.0,-27.0,-62.0,19.0,-14.0,21.0,48.0,-24.0,-59.0,72.0,-61.0,-5.75,-0.4299999999999997,21.04,-63.98,7.58,9.030000000000001,7.82,55.230000000000004,-4.82,-21.58,55.129999999999995,-28.78
2025-08-13T14:33:16.552743,-30.0,89.0,-109.0,-69.0,70.0,11.0,4.0,-90.0,-64.0,-34.0,-11.0,-61.0,-6.75,46.57,-60.96,-70.98,58.58,34.03,-9.18,-82.77,-44.82,3.4200000000000017,-27.87,-28.78
2025-08-13T14:33:16.560727,15.0,18.0,-60.0,-52.0,41.0,2.0,18.0,-14.0,-46.0,23.0,-13.0,-62.0,38.25,-24.43,-11.96,-53.98,29.58,25.03,4.82,-6.77,-26.82,60.42,-29.87,-29.78
2025-08-13T14:33:16.565139,-2.0,21.0,-32.0,-13.0,36.0,2.0,39.0,25.0,-26.0,-107.0,30.0,-20.0,21.25,-21.43,16.04,-14.98,24.58,25.03,25.82,32.230000000000004,-6.82,-69.58,13.129999999999999,12.219999999999999
2025-08-13T14:33:16.573156,-18.0,59.0,-42.0,83.0,-26.0,15.0,17.0,-9.0,-55.0,-28.0,23.0,-63.0,5.25,16.57,6.039999999999999,81.02,-37.42,38.03,3.8200000000000003,-1.7699999999999996,-35.82,9.420000000000002,6.129999999999999,-30.78
2025-08-13T14:33:16.577386,-19.0,8.0,-78.0,-17.0,31.0,14.0,27.0,-18.0,-60.0,-26.0,42.0,-30.0,4.25,-34.43,-29.96,-18.98,19.58,37.03,13.82,-10.77,-40.82,11.420000000000002,25.13,2.219999999999999
2025-08-13T14:33:16.585484,-37.0,57.0,-16.0,-58.0,-49.0,-21.0,-8.0,-82.0,-108.0,-70.0,26.0,-75.0,-13.75,14.57,32.04,-59.98,-60.42,2.030000000000001,-21.18,-74.77,-88.82,-32.58,9.129999999999999,-42.78
2025-08-13T14:33:16.589681,-32.0,16.0,-132.0,-44.0,22.0,-69.0,-29.0,3.0,-25.0,-84.0,-5.0,-61.0,-8.75,-26.43,-83.96000000000001,-45.98,10.58,-45.97,-42.18,10.23,-5.82,-46.58,-21.87,-28.78
2025-08-13T14:33:16.597781,47.0,139.0,-48.0,-51.0,39.0,-55.0,39.0,-37.0,-39.0,-64.0,93.0,-79.0,70.25,96.57,0.03999999999999915,-52.98,27.58,-31.97,25.82,-29.77,-19.82,-26.58,76.13,-46.78
2025-08-13T14:33:16.601860,5.0,25.0,-74.0,3.0,70.0,-1.0,76.0,9.0,-94.0,-34.0,3.0,-99.0,28.25,-17.43,-25.96,1.02,58.58,22.03,62.82,16.23,-74.82,3.4200000000000017,-13.870000000000001,-66.78
2025-08-13T14:33:16.609968,-64.0,2.0,-92.0,9.0,63.0,-30.0,-11.0,4.0,-84.0,-47.0,-4.0,-17.0,-40.75,-40.43,-43.96,7.02,51.58,-6.969999999999999,-24.18,11.23,-64.82,-9.579999999999998,-20.87,15.219999999999999
2025-08-13T14:33:16.614469,42.0,-41.0,-78.0,-32.0,90.0,-68.0,32.0,-60.0,-47.0,-58.0,8.0,39.0,65.25,-83.43,-29.96,-33.98,78.58,-44.97,18.82,-52.769999999999996,-27.82,-20.58,-8.870000000000001,71.22
2025-08-13T14:33:16.618641,12.0,21.0,50.0,20.0,1.0,-59.0,43.0,49.0,-16.0,-78.0,17.0,21.0,35.25,-21.43,98.03999999999999,18.02,-10.42,-35.97,29.82,56.230000000000004,3.1799999999999997,-40.58,0.129999999999999,53.22
2025-08-13T14:33:16.627177,-71.0,48.0,-1.0,11.0,60.0,27.0,72.0,-45.0,-36.0,-102.0,15.0,0.0,-47.75,5.57,47.04,9.02,48.58,50.03,58.82,-37.769999999999996,-16.82,-64.58,-1.870000000000001,32.22
2025-08-13T14:33:16.632695,-67.0,76.0,-68.0,-60.0,-2.0,-6.0,37.0,-38.0,8.0,-55.0,12.0,-4.0,-43.75,33.57,-19.96,-61.98,-13.42,17.03,23.82,-30.77,27.18,-17.58,-4.870000000000001,28.22
2025-08-13T14:33:16.638933,-4.0,56.0,-70.0,-12.0,74.0,-2.0,70.0,0.0,18.0,0.0,5.0,12.0,19.25,13.57,-21.96,-13.98,62.58,21.03,56.82,7.23,37.18,37.42,-11.870000000000001,44.22
2025-08-13T14:33:16.647337,-68.0,99.0,15.0,-48.0,23.0,-77.0,55.0,-13.0,14.0,-39.0,11.0,-55.0,-44.75,56.57,63.04,-49.98,11.58,-53.97,41.82,-5.77,33.18,-1.5799999999999983,-5.870000000000001,-22.78
2025-08-13T14:33:16.653022,-44.0,71.0,-104.0,-42.0,44.0,-76.0,77.0,56.0,-4.0,15.0,-47.0,-41.0,-20.75,28.57,-55.96,-43.98,32.58,-52.97,63.82,63.230000000000004,15.18,52.42,-63.870000000000005,-8.780000000000001
2025-08-13T14:33:16.656883,22.0,124.0,2.0,5.0,52.0,70.0,43.0,-21.0,-65.0,-19.0,4.0,-54.0,45.25,81.57,50.04,3.02,40.58,93.03,29.82,-13.77,-45.82,18.42,-12.870000000000001,-21.78
2025-08-13T14:33:16.665904,-2.0,68.0,-39.0,20.0,14.0,-41.0,29.0,1.0,-49.0,28.0,-48.0,-62.0,21.25,25.57,9.04,18.02,2.58,-17.97,15.82,8.23,-29.82,65.42,-64.87,-29.78
2025-08-13T14:33:16.671192,26.0,108.0,-71.0,23.0,68.0,-37.0,63.0,24.0,10.0,2.0,92.0,-34.0,49.25,65.57,-22.96,21.02,56.58,-13.969999999999999,49.82,31.23,29.18,39.42,75.13,-1.7800000000000011
2025-08-13T14:33:16.675496,15.0,-4.0,-101.0,11.0,54.0,-78.0,6.0,45.0,-11.0,75.0,-12.0,-28.0,38.25,-46.43,-52.96,9.02,42.58,-54.97,-7.18,52.230000000000004,8.18,112.42,-28.87,4.219999999999999
2025-08-13T14:33:16.679837,108.0,12.0,-46.0,-22.0,5.0,15.0,20.0,-18.0,-15.0,30.0,3.0,-14.0,131.25,-30.43,2.039999999999999,-23.98,-6.42,38.03,6.82,-10.77,4.18,67.42,-13.870000000000001,18.22
2025-08-13T14:33:16.687773,-57.0,63.0,-67.0,-34.0,4.0,26.0,21.0,-46.0,14.0,10.0,67.0,15.0,-33.75,20.57,-18.96,-35.98,-7.42,49.03,7.82,-38.769999999999996,33.18,47.42,50.129999999999995,47.22
2025-08-13T14:33:16.692069,-51.0,17.0,-79.0,-11.0,24.0,-54.0,39.0,-80.0,36.0,39.0,23.0,-46.0,-27.75,-25.43,-30.96,-12.98,12.58,-30.97,25.82,-72.77,55.18,76.42,6.129999999999999,-13.780000000000001
2025-08-13T14:33:16.700086,-92.0,82.0,-54.0,-12.0,59.0,-6.0,8.0,0.0,19.0,-31.0,77.0,-51.0,-68.75,39.57,-5.960000000000001,-13.98,47.58,17.03,-5.18,7.23,38.18,6.420000000000002,60.129999999999995,-18.78
2025-08-13T14:33:16.704400,-2.0,167.0,-13.0,65.0,21.0,-80.0,35.0,-41.0,23.0,15.0,61.0,-23.0,21.25,124.57,35.04,63.02,9.58,-56.97,21.82,-33.769999999999996,42.18,52.42,44.129999999999995,9.219999999999999
2025-08-13T14:33:16.712496,-38.0,51.0,-55.0,-7.0,29.0,-58.0,-30.0,-92.0,0.0,43.0,17.0,-21.0,-14.75,8.57,-6.960000000000001,-8.98,17.58,-34.97,-43.18,-84.77,19.18,80.42,0.129999999999999,11.219999999999999
2025-08-13T14:33:16.717403,-2.0,34.0,-59.0,22.0,-8.0,-56.0,-35.0,-31.0,-41.0,34.0,34.0,-54.0,21.25,-8.43,-10.96,20.02,-19.42,-32.97,-48.18,-23.77,-21.82,71.42,17.13,-21.78
2025-08-13T14:33:16.729104,-17.0,62.0,-116.0,-57.0,-13.0,7.0,15.0,-40.0,62.0,16.0,49.0,-89.0,6.25,19.57,-67.96000000000001,-58.98,-24.42,30.03,1.8200000000000003,-32.769999999999996,81.18,53.42,32.129999999999995,-56.78
2025-08-13T14:33:16.738762,-24.0,4.0,-71.0,-32.0,93.0,11.0,-10.0,-33.0,-40.0,6.0,72.0,-86.0,-0.75,-38.43,-22.96,-33.98,81.58,34.03,-23.18,-25.77,-20.82,43.42,55.129999999999995,-53.78
2025-08-13T14:33:16.746421,-4.0,17.0,-16.0,-39.0,4.0,-66.0,-32.0,41.0,17.0,-35.0,60.0,-52.0,19.25,-25.43,32.04,-40.98,-7.42,-42.97,-45.18,48.230000000000004,36.18,2.4200000000000017,43.129999999999995,-19.78
2025-08-13T14:33:16.751521,-2.0,-26.0,-34.0,9.0,38.0,-18.0,29.0,56.0,-15.0,-75.0,40.0,-42.0,21.25,-68.43,14.04,7.02,26.58,5.030000000000001,15.82,63.230000000000004,4.18,-37.58,23.13,-9.780000000000001
2025-08-13T14:33:16.756317,-108.0,9.0,-52.0,12.0,-16.0,-67.0,-22.0,-82.0,-28.0,-135.0,24.0,-50.0,-84.75,-33.43,-3.960000000000001,10.02,-27.42,-43.97,-35.18,-74.77,-8.82,-97.58,7.129999999999999,-17.78
2025-08-13T14:33:16.760012,-89.0,70.0,-69.0,11.0,-16.0,28.0,-26.0,16.0,60.0,-126.0,46.0,-56.0,-65.75,27.57,-20.96,9.02,-27.42,51.03,-39.18,23.23,79.18,-88.58,29.13,-23.78
2025-08-13T14:33:16.762954,-85.0,66.0,-44.0,-16.0,-73.0,-27.0,-23.0,2.0,-14.0,-66.0,-14.0,-51.0,-61.75,23.57,4.039999999999999,-17.98,-84.42,-3.969999999999999,-36.18,9.23,5.18,-28.58,-30.87,-18.78
2025-08-13T14:33:16.765912,74.0,148.0,-70.0,-28.0,63.0,49.0,27.0,11.0,-36.0,-62.0,110.0,-56.0,97.25,105.57,-21.96,-29.98,51.58,72.03,13.82,18.23,-16.82,-24.58,93.13,-23.78
2025-08-13T14:33:16.773688,2.0,-62.0,-54.0,-32.0,34.0,-89.0,30.0,7.0,-41.0,-86.0,-42.0,4.0,25.25,-104.43,-5.960000000000001,-33.98,22.58,-65.97,16.82,14.23,-21.82,-48.58,-58.870000000000005,36.22
2025-08-13T14:33:16.778066,70.0,78.0,-44.0,-17.0,42.0,-33.0,17.0,30.0,-53.0,-43.0,2.0,26.0,93.25,35.57,4.039999999999999,-18.98,30.58,-9.969999999999999,3.8200000000000003,37.230000000000004,-33.82,-5.579999999999998,-14.870000000000001,58.22
2025-08-13T14:33:16.785975,38.0,55.0,-47.0,-22.0,-6.0,-65.0,14.0,9.0,-69.0,-80.0,106.0,-24.0,61.25,12.57,1.0399999999999991,-23.98,-17.42,-41.97,0.8200000000000003,16.23,-49.82,-42.58,89.13,8.219999999999999
2025-08-13T14:33:16.790460,-73.0,84.0,-32.0,20.0,-2.0,-70.0,27.0,25.0,5.0,-115.0,42.0,-85.0,-49.75,41.57,16.04,18.02,-13.42,-46.97,13.82,32.230000000000004,24.18,-77.58,25.13,-52.78
2025-08-13T14:33:16.798481,-94.0,66.0,6.0,16.0,23.0,2.0,15.0,-73.0,-22.0,-16.0,54.0,-76.0,-70.75,23.57,54.04,14.02,11.58,25.03,1.8200000000000003,-65.77,-2.8200000000000003,21.42,37.129999999999995,-43.78
2025-08-13T14:33:16.802816,-19.0,25.0,-27.0,25.0,-9.0,25.0,26.0,22.0,-18.0,-98.0,22.0,-51.0,4.25,-17.43,21.04,23.02,-20.42,48.03,12.82,29.23,1.1799999999999997,-60.58,5.129999999999999,-18.78
2025-08-13T14:33:16.810527,-80.0,82.0,-71.0,-32.0,7.0,-21.0,-6.0,-83.0,-31.0,-96.0,57.0,-17.0,-56.75,39.57,-22.96,-33.98,-4.42,2.030000000000001,-19.18,-75.77,-11.82,-58.58,40.129999999999995,15.219999999999999
2025-08-13T14:33:16.814971,-39.0,107.0,-95.0,-18.0,36.0,24.0,45.0,-7.0,-47.0,-86.0,13.0,-83.0,-15.75,64.57,-46.96,-19.98,24.58,47.03,31.82,0.23000000000000043,-27.82,-48.58,-3.870000000000001,-50.78
2025-08-13T14:33:16.822750,-5.0,90.0,-59.0,4.0,99.0,9.0,31.0,-41.0,-47.0,-33.0,-23.0,-74.0,18.25,47.57,-10.96,2.02,87.58,32.03,17.82,-33.769999999999996,-27.82,4.420000000000002,-39.870000000000005,-41.78
2025-08-13T14:33:16.827284,-39.0,78.0,-92.0,12.0,-42.0,-43.0,12.0,-10.0,-56.0,-22.0,56.0,-89.0,-15.75,35.57,-43.96,10.02,-53.42,-19.97,-1.1799999999999997,-2.7699999999999996,-36.82,15.420000000000002,39.129999999999995,-56.78
2025-08-13T14:33:16.833223,41.0,40.0,-63.0,9.0,54.0,-20.0,46.0,4.0,9.0,-41.0,45.0,-70.0,64.25,-2.4299999999999997,-14.96,7.02,42.58,3.030000000000001,32.82,11.23,28.18,-3.5799999999999983,28.13,-37.78
2025-08-13T14:33:16.839574,-24.0,83.0,-120.0,32.0,39.0,-37.0,0.0,57.0,-28.0,-39.0,67.0,-36.0,-0.75,40.57,-71.96000000000001,30.02,27.58,-13.969999999999999,-13.18,64.23,-8.82,-1.5799999999999983,50.129999999999995,-3.780000000000001
2025-08-13T14:33:16.847367,46.0,-45.0,-41.0,13.0,1.0,-50.0,-2.0,-21.0,-80.0,-32.0,-35.0,-59.0,69.25,-87.43,7.039999999999999,11.02,-10.42,-26.97,-15.18,-13.77,-60.82,5.420000000000002,-51.870000000000005,-26.78
2025-08-13T14:33:16.851789,50.0,75.0,-48.0,-35.0,-22.0,-25.0,17.0,-31.0,-43.0,-71.0,27.0,-33.0,73.25,32.57,0.03999999999999915,-36.98,-33.42,-1.9699999999999989,3.8200000000000003,-23.77,-23.82,-33.58,10.129999999999999,-0.7800000000000011
2025-08-13T14:33:16.859792,-156.0,30.0,-101.0,-75.0,59.0,-5.0,-19.0,-53.0,-16.0,-96.0,26.0,-85.0,-132.75,-12.43,-52.96,-76.98,47.58,18.03,-32.18,-45.769999999999996,3.1799999999999997,-58.58,9.129999999999999,-52.78
2025-08-13T14:33:16.864149,-46.0,30.0,-22.0,3.0,12.0,-53.0,54.0,-63.0,-30.0,-47.0,26.0,-35.0,-22.75,-12.43,26.04,1.02,0.5800000000000001,-29.97,40.82,-55.769999999999996,-10.82,-9.579999999999998,9.129999999999999,-2.780000000000001
2025-08-13T14:33:16.868208,7.0,89.0,-53.0,-1.0,-8.0,-33.0,14.0,76.0,37.0,-91.0,49.0,-64.0,30.25,46.57,-4.960000000000001,-2.98,-19.42,-9.969999999999999,0.8200000000000003,83.23,56.18,-53.58,32.129999999999995,-31.78
2025-08-13T14:33:16.876402,-68.0,77.0,-104.0,9.0,-19.0,-56.0,-8.0,31.0,2.0,-132.0,-26.0,-85.0,-44.75,34.57,-55.96,7.02,-30.42,-32.97,-21.18,38.230000000000004,21.18,-94.58,-42.870000000000005,-52.78
2025-08-13T14:33:16.880406,-34.0,86.0,-89.0,-15.0,-32.0,-34.0,-22.0,-9.0,-9.0,-67.0,2.0,-57.0,-10.75,43.57,-40.96,-16.98,-43.42,-10.969999999999999,-35.18,-1.7699999999999996,10.18,-29.58,-14.870000000000001,-24.78
2025-08-13T14:33:16.888697,20.0,100.0,-73.0,49.0,7.0,-26.0,26.0,-1.0,-8.0,-60.0,61.0,-74.0,43.25,57.57,-24.96,47.02,-4.42,-2.969999999999999,12.82,6.23,11.18,-22.58,44.129999999999995,-41.78
2025-08-13T14:33:16.892780,12.0,37.0,-111.0,33.0,18.0,-16.0,1.0,9.0,38.0,-58.0,-8.0,-45.0,35.25,-5.43,-62.96,31.02,6.58,7.030000000000001,-12.18,16.23,57.18,-20.58,-24.87,-12.780000000000001
2025-08-13T14:33:16.900862,-10.0,42.0,-97.0,-22.0,14.0,-3.0,64.0,34.0,-32.0,-91.0,68.0,-16.0,13.25,-0.4299999999999997,-48.96,-23.98,2.58,20.03,50.82,41.230000000000004,-12.82,-53.58,51.129999999999995,16.22
2025-08-13T14:33:16.905281,-20.0,15.0,-60.0,-8.0,6.0,-13.0,-27.0,-42.0,-7.0,-66.0,19.0,-31.0,3.25,-27.43,-11.96,-9.98,-5.42,10.030000000000001,-40.18,-34.769999999999996,12.18,-28.58,2.129999999999999,1.2199999999999989
2025-08-13T14:33:16.913100,28.0,62.0,6.0,-22.0,15.0,-6.0,-23.0,8.0,-8.0,-169.0,-8.0,-25.0,51.25,19.57,54.04,-23.98,3.58,17.03,-36.18,15.23,11.18,-131.57999999999998,-24.87,7.219999999999999
2025-08-13T14:33:16.917647,7.0,-24.0,-16.0,-80.0,103.0,-89.0,65.0,16.0,0.0,-49.0,-12.0,-67.0,30.25,-66.43,32.04,-81.98,91.58,-65.97,51.82,23.23,19.18,-11.579999999999998,-28.87,-34.78
2025-08-13T14:33:16.925578,-59.0,31.0,9.0,11.0,42.0,25.0,8.0,33.0,-36.0,-33.0,55.0,-43.0,-35.75,-11.43,57.04,9.02,30.58,48.03,-5.18,40.230000000000004,-16.82,4.420000000000002,38.129999999999995,-10.780000000000001
2025-08-13T14:33:16.930483,-34.0,39.0,-42.0,11.0,3.0,-43.0,37.0,-19.0,25.0,-57.0,83.0,-61.0,-10.75,-3.4299999999999997,6.039999999999999,9.02,-8.42,-19.97,23.82,-11.77,44.18,-19.58,66.13,-28.78
2025-08-13T14:33:16.937964,-116.0,63.0,-68.0,-17.0,43.0,19.0,-24.0,-8.0,-36.0,-42.0,38.0,-65.0,-92.75,20.57,-19.96,-18.98,31.58,42.03,-37.18,-0.7699999999999996,-16.82,-4.579999999999998,21.13,-32.78
2025-08-13T14:33:16.942491,-2.0,66.0,-78.0,56.0,45.0,-13.0,79.0,34.0,-32.0,-56.0,37.0,-82.0,21.25,23.57,-29.96,54.02,33.58,10.030000000000001,65.82,41.230000000000004,-12.82,-18.58,20.13,-49.78
2025-08-13T14:33:16.950123,42.0,-23.0,-62.0,5.0,50.0,-25.0,-51.0,17.0,-7.0,-78.0,41.0,-62.0,65.25,-65.43,-13.96,3.02,38.58,-1.9699999999999989,-64.18,24.23,12.18,-40.58,24.13,-29.78
2025-08-13T14:33:16.954864,1.0,89.0,-62.0,-94.0,9.0,4.0,-34.0,-3.0,-62.0,-20.0,2.0,-12.0,24.25,46.57,-13.96,-95.98,-2.42,27.03,-47.18,4.23,-42.82,17.42,-14.870000000000001,20.22
2025-08-13T14:33:16.962644,28.0,37.0,-117.0,24.0,10.0,-30.0,-27.0,44.0,-39.0,-37.0,63.0,57.0,51.25,-5.43,-68.96000000000001,22.02,-1.42,-6.969999999999999,-40.18,51.230000000000004,-19.82,0.4200000000000017,46.129999999999995,89.22
2025-08-13T14:33:16.967161,-20.0,75.0,-33.0,-20.0,22.0,-80.0,-14.0,34.0,-24.0,-67.0,59.0,26.0,3.25,32.57,15.04,-21.98,10.58,-56.97,-27.18,41.230000000000004,-4.82,-29.58,42.129999999999995,58.22
2025-08-13T14:33:16.976974,-57.0,58.0,-19.0,-50.0,13.0,-43.0,-80.0,-11.0,22.0,-98.0,28.0,-27.0,-33.75,15.57,29.04,-51.98,1.58,-19.97,-93.18,-3.7699999999999996,41.18,-60.58,11.129999999999999,5.219999999999999
2025-08-13T14:33:16.979791,-38.0,89.0,-35.0,32.0,-55.0,14.0,62.0,-7.0,29.0,-39.0,0.0,65.0,-14.75,46.57,13.04,30.02,-66.42,37.03,48.82,0.23000000000000043,48.18,-1.5799999999999983,-16.87,97.22
2025-08-13T14:33:16.986676,-22.0,115.0,-16.0,58.0,42.0,-55.0,6.0,3.0,-47.0,-63.0,-62.0,24.0,1.25,72.57,32.04,56.02,30.58,-31.97,-7.18,10.23,-27.82,-25.58,-78.87,56.22
2025-08-13T14:33:16.991145,-13.0,86.0,-37.0,-48.0,-37.0,-18.0,44.0,14.0,-96.0,-84.0,-2.0,-12.0,10.25,43.57,11.04,-49.98,-48.42,5.030000000000001,30.82,21.23,-76.82,-46.58,-18.87,20.22
2025-08-13T14:33:16.999011,12.0,79.0,-66.0,-64.0,4.0,-69.0,-1.0,8.0,12.0,-131.0,-72.0,-91.0,35.25,36.57,-17.96,-65.98,-7.42,-45.97,-14.18,15.23,31.18,-93.58,-88.87,-58.78
2025-08-13T14:33:17.003245,17.0,83.0,-49.0,-28.0,94.0,-32.0,86.0,33.0,-15.0,-27.0,-3.0,-57.0,40.25,40.57,-0.9600000000000009,-29.98,82.58,-8.969999999999999,72.82,40.230000000000004,4.18,10.420000000000002,-19.87,-24.78
2025-08-13T14:33:17.011309,24.0,15.0,-42.0,77.0,43.0,-25.0,57.0,3.0,-51.0,-85.0,-43.0,8.0,47.25,-27.43,6.039999999999999,75.02,31.58,-1.9699999999999989,43.82,10.23,-31.82,-47.58,-59.870000000000005,40.22
2025-08-13T14:33:17.015617,6.0,-19.0,56.0,39.0,-48.0,-22.0,80.0,9.0,-28.0,-71.0,5.0,54.0,29.25,-61.43,104.03999999999999,37.02,-59.42,1.0300000000000011,66.82,16.23,-8.82,-33.58,-11.870000000000001,86.22
2025-08-13T14:33:17.023562,46.0,-57.0,-35.0,36.0,-67.0,-12.0,35.0,-81.0,-63.0,-76.0,-21.0,-8.0,69.25,-99.43,13.04,34.02,-78.42,11.030000000000001,21.82,-73.77,-43.82,-38.58,-37.870000000000005,24.22
2025-08-13T14:33:17.027844,-11.0,38.0,-38.0,-62.0,69.0,-66.0,27.0,38.0,-11.0,-65.0,3.0,11.0,12.25,-4.43,10.04,-63.98,57.58,-42.97,13.82,45.230000000000004,8.18,-27.58,-13.870000000000001,43.22
2025-08-13T14:33:17.035792,-37.0,-57.0,-8.0,-5.0,87.0,31.0,-5.0,-15.0,-62.0,-65.0,70.0,-10.0,-13.75,-99.43,40.04,-6.98,75.58,54.03,-18.18,-7.77,-42.82,-27.58,53.129999999999995,22.22
2025-08-13T14:33:17.040090,-94.0,-1.0,12.0,34.0,33.0,-72.0,46.0,-33.0,-62.0,12.0,-12.0,-24.0,-70.75,-43.43,60.04,32.02,21.58,-48.97,32.82,-25.77,-42.82,49.42,-28.87,8.219999999999999
2025-08-13T14:33:17.044642,-59.0,88.0,-92.0,30.0,39.0,-10.0,89.0,26.0,-31.0,53.0,13.0,-42.0,-35.75,45.57,-43.96,28.02,27.58,13.030000000000001,75.82,33.230000000000004,-11.82,90.42,-3.870000000000001,-9.780000000000001
2025-08-13T14:33:17.052366,-42.0,9.0,-136.0,32.0,36.0,-62.0,96.0,-10.0,-24.0,-28.0,-27.0,-23.0,-18.75,-33.43,-87.96000000000001,30.02,24.58,-38.97,82.82,-2.7699999999999996,-4.82,9.420000000000002,-43.870000000000005,9.219999999999999
2025-08-13T14:33:17.057032,21.0,65.0,-108.0,14.0,6.0,-83.0,2.0,14.0,-18.0,-10.0,-27.0,46.0,44.25,22.57,-59.96,12.02,-5.42,-59.97,-11.18,21.23,1.1799999999999997,27.42,-43.870000000000005,78.22
2025-08-13T14:33:17.064590,-45.0,134.0,-148.0,23.0,42.0,-73.0,23.0,-86.0,-61.0,-3.0,-34.0,0.0,-21.75,91.57,-99.96000000000001,21.02,30.58,-49.97,9.82,-78.77,-41.82,34.42,-50.870000000000005,32.22
2025-08-13T14:33:17.068785,-30.0,49.0,-90.0,-17.0,-31.0,0.0,44.0,-14.0,-20.0,30.0,-46.0,31.0,-6.75,6.57,-41.96,-18.98,-42.42,23.03,30.82,-6.77,-0.8200000000000003,67.42,-62.870000000000005,63.22
2025-08-13T14:33:17.077019,8.0,46.0,-10.0,-70.0,64.0,-22.0,35.0,17.0,7.0,-24.0,14.0,-26.0,31.25,3.5700000000000003,38.04,-71.98,52.58,1.0300000000000011,21.82,24.23,26.18,13.420000000000002,-2.870000000000001,6.219999999999999
2025-08-13T14:33:17.081034,-79.0,114.0,-19.0,-45.0,42.0,-61.0,9.0,-5.0,-41.0,-56.0,-71.0,25.0,-55.75,71.57,29.04,-46.98,30.58,-37.97,-4.18,2.2300000000000004,-21.82,-18.58,-87.87,57.22
2025-08-13T14:33:17.089144,-68.0,64.0,-88.0,42.0,-10.0,-84.0,74.0,24.0,-97.0,29.0,3.0,11.0,-44.75,21.57,-39.96,40.02,-21.42,-60.97,60.82,31.23,-77.82,66.42,-13.870000000000001,43.22
2025-08-13T14:33:17.093544,-70.0,25.0,-26.0,37.0,18.0,-60.0,-28.0,43.0,-63.0,41.0,24.0,-42.0,-46.75,-17.43,22.04,35.02,6.58,-36.97,-41.18,50.230000000000004,-43.82,78.42,7.129999999999999,-9.780000000000001
2025-08-13T14:33:17.101611,-33.0,67.0,-106.0,39.0,-13.0,-39.0,7.0,-15.0,-48.0,-1.0,-57.0,-6.0,-9.75,24.57,-57.96,37.02,-24.42,-15.969999999999999,-6.18,-7.77,-28.82,36.42,-73.87,26.22
2025-08-13T14:33:17.105757,-44.0,72.0,-55.0,34.0,43.0,-35.0,2.0,65.0,-23.0,19.0,1.0,37.0,-20.75,29.57,-6.960000000000001,32.02,31.58,-11.969999999999999,-11.18,72.23,-3.8200000000000003,56.42,-15.870000000000001,69.22
2025-08-13T14:33:17.113802,0.0,81.0,-62.0,-32.0,44.0,-42.0,19.0,-15.0,-47.0,32.0,-70.0,39.0,23.25,38.57,-13.96,-33.98,32.58,-18.97,5.82,-7.77,-27.82,69.42,-86.87,71.22
2025-08-13T14:33:17.118241,-24.0,90.0,-79.0,-9.0,6.0,-121.0,48.0,-16.0,-34.0,2.0,-39.0,-34.0,-0.75,47.57,-30.96,-10.98,-5.42,-97.97,34.82,-8.77,-14.82,39.42,-55.870000000000005,-1.7800000000000011
2025-08-13T14:33:17.126155,44.0,99.0,-11.0,-25.0,63.0,-29.0,-20.0,55.0,-57.0,-20.0,-65.0,-7.0,67.25,56.57,37.04,-26.98,51.58,-5.969999999999999,-33.18,62.230000000000004,-37.82,17.42,-81.87,25.22
2025-08-13T14:33:17.130550,7.0,-9.0,-73.0,-30.0,-50.0,-61.0,21.0,-42.0,-38.0,-24.0,-26.0,17.0,30.25,-51.43,-24.96,-31.98,-61.42,-37.97,7.82,-34.769999999999996,-18.82,13.420000000000002,-42.870000000000005,49.22
2025-08-13T14:33:17.138530,4.0,-30.0,-58.0,-26.0,13.0,-15.0,49.0,51.0,-45.0,-2.0,-18.0,51.0,27.25,-72.43,-9.96,-27.98,1.58,8.030000000000001,35.82,58.230000000000004,-25.82,35.42,-34.870000000000005,83.22
2025-08-13T14:33:17.143560,47.0,19.0,-41.0,-23.0,-15.0,-10.0,11.0,15.0,-9.0,-75.0,17.0,-4.0,70.25,-23.43,7.039999999999999,-24.98,-26.42,13.030000000000001,-2.1799999999999997,22.23,10.18,-37.58,0.129999999999999,28.22
2025-08-13T14:33:17.150931,-95.0,-12.0,-34.0,-4.0,30.0,28.0,-4.0,-108.0,-17.0,-13.0,10.0,15.0,-71.75,-54.43,14.04,-5.98,18.58,51.03,-17.18,-100.77,2.1799999999999997,24.42,-6.870000000000001,47.22
2025-08-13T14:33:17.155585,-30.0,73.0,-42.0,0.0,25.0,-66.0,45.0,10.0,-33.0,-6.0,-83.0,35.0,-6.75,30.57,6.039999999999999,-1.98,13.58,-42.97,31.82,17.23,-13.82,31.42,-99.87,67.22
2025-08-13T14:33:17.163084,-55.0,58.0,-20.0,-3.0,90.0,-11.0,67.0,-4.0,-86.0,22.0,-17.0,45.0,-31.75,15.57,28.04,-4.98,78.58,12.030000000000001,53.82,3.2300000000000004,-66.82,59.42,-33.870000000000005,77.22
2025-08-13T14:33:17.167736,-80.0,70.0,-26.0,6.0,25.0,17.0,-2.0,-64.0,17.0,-8.0,-48.0,-2.0,-56.75,27.57,22.04,4.02,13.58,40.03,-15.18,-56.769999999999996,36.18,29.42,-64.87,30.22
2025-08-13T14:33:17.175347,-29.0,67.0,-65.0,-3.0,-49.0,-61.0,29.0,-10.0,-26.0,-36.0,4.0,65.0,-5.75,24.57,-16.96,-4.98,-60.42,-37.97,15.82,-2.7699999999999996,-6.82,1.4200000000000017,-12.870000000000001,97.22
2025-08-13T14:33:17.180054,-47.0,57.0,-8.0,-11.0,58.0,19.0,-55.0,22.0,31.0,-33.0,-24.0,-14.0,-23.75,14.57,40.04,-12.98,46.58,42.03,-68.18,29.23,50.18,4.420000000000002,-40.870000000000005,18.22
2025-08-13T14:33:17.187751,-77.0,38.0,-33.0,-30.0,43.0,-51.0,43.0,27.0,26.0,-34.0,-44.0,10.0,-53.75,-4.43,15.04,-31.98,31.58,-27.97,29.82,34.230000000000004,45.18,3.4200000000000017,-60.870000000000005,42.22
2025-08-13T14:33:17.192195,-21.0,62.0,-80.0,14.0,27.0,34.0,30.0,15.0,-1.0,14.0,-72.0,69.0,2.25,19.57,-31.96,12.02,15.58,57.03,16.82,22.23,18.18,51.42,-88.87,101.22
2025-08-13T14:33:17.200097,-69.0,24.0,-40.0,11.0,-33.0,18.0,-61.0,-17.0,-26.0,12.0,-14.0,16.0,-45.75,-18.43,8.04,9.02,-44.42,41.03,-74.18,-9.77,-6.82,49.42,-30.87,48.22
2025-08-13T14:33:17.204521,9.0,88.0,12.0,23.0,54.0,-100.0,3.0,-29.0,-62.0,-36.0,29.0,-9.0,32.25,45.57,60.04,21.02,42.58,-76.97,-10.18,-21.77,-42.82,1.4200000000000017,12.129999999999999,23.22
2025-08-13T14:33:17.212099,22.0,-37.0,-91.0,-14.0,2.0,-26.0,-54.0,-38.0,-18.0,-47.0,-11.0,-25.0,45.25,-79.43,-42.96,-15.98,-9.42,-2.969999999999999,-67.18,-30.77,1.1799999999999997,-9.579999999999998,-27.87,7.219999999999999
2025-08-13T14:33:17.217002,-30.0,64.0,0.0,35.0,-41.0,-41.0,40.0,-22.0,-56.0,-50.0,3.0,-2.0,-6.75,21.57,48.04,33.02,-52.42,-17.97,26.82,-14.77,-36.82,-12.579999999999998,-13.870000000000001,30.22
2025-08-13T14:33:17.221180,-39.0,57.0,-16.0,-41.0,3.0,6.0,2.0,24.0,-44.0,5.0,31.0,-1.0,-15.75,14.57,32.04,-42.98,-8.42,29.03,-11.18,31.23,-24.82,42.42,14.129999999999999,31.22
2025-08-13T14:33:17.229059,-68.0,51.0,-13.0,-29.0,34.0,-16.0,42.0,-41.0,-61.0,-29.0,-20.0,-15.0,-44.75,8.57,35.04,-30.98,22.58,7.030000000000001,28.82,-33.769999999999996,-41.82,8.420000000000002,-36.870000000000005,17.22
2025-08-13T14:33:17.239485,-63.0,47.0,-26.0,-38.0,26.0,15.0,-54.0,42.0,-96.0,46.0,15.0,-66.0,-39.75,4.57,22.04,-39.98,14.58,38.03,-67.18,49.230000000000004,-76.82,83.42,-1.870000000000001,-33.78
2025-08-13T14:33:17.245779,-11.0,142.0,-75.0,-12.0,-5.0,-91.0,69.0,59.0,-10.0,27.0,-38.0,24.0,12.25,99.57,-26.96,-13.98,-16.42,-67.97,55.82,66.23,9.18,64.42,-54.870000000000005,56.22
2025-08-13T14:33:17.250319,-24.0,28.0,-88.0,58.0,-21.0,-69.0,31.0,-9.0,-74.0,-34.0,18.0,18.0,-0.75,-14.43,-39.96,56.02,-32.42,-45.97,17.82,-1.7699999999999996,-54.82,3.4200000000000017,1.129999999999999,50.22
2025-08-13T14:33:17.253117,-38.0,27.0,-44.0,-14.0,7.0,-7.0,25.0,10.0,-32.0,-4.0,-4.0,7.0,-14.75,-15.43,4.039999999999999,-15.98,-4.42,16.03,11.82,17.23,-12.82,33.42,-20.87,39.22
2025-08-13T14:33:17.257873,-31.0,-11.0,-64.0,22.0,-7.0,-52.0,39.0,76.0,-122.0,49.0,20.0,-20.0,-7.75,-53.43,-15.96,20.02,-18.42,-28.97,25.82,83.23,-102.82,86.42,3.129999999999999,12.219999999999999
2025-08-13T14:33:17.265311,-59.0,46.0,-20.0,-30.0,4.0,-78.0,40.0,16.0,-61.0,26.0,7.0,-1.0,-35.75,3.5700000000000003,28.04,-31.98,-7.42,-54.97,26.82,23.23,-41.82,63.42,-9.870000000000001,31.22
2025-08-13T14:33:17.269402,-56.0,28.0,-42.0,19.0,-13.0,51.0,-12.0,24.0,-32.0,-35.0,28.0,20.0,-32.75,-14.43,6.039999999999999,17.02,-24.42,74.03,-25.18,31.23,-12.82,2.4200000000000017,11.129999999999999,52.22
2025-08-13T14:33:17.277698,-19.0,84.0,-35.0,-39.0,-3.0,-15.0,9.0,44.0,-34.0,-61.0,11.0,40.0,4.25,41.57,13.04,-40.98,-14.42,8.030000000000001,-4.18,51.230000000000004,-14.82,-23.58,-5.870000000000001,72.22
2025-08-13T14:33:17.281707,-91.0,70.0,-10.0,20.0,28.0,30.0,63.0,-34.0,-79.0,-32.0,-41.0,-2.0,-67.75,27.57,38.04,18.02,16.58,53.03,49.82,-26.77,-59.82,5.420000000000002,-57.870000000000005,30.22
2025-08-13T14:33:17.289864,-18.0,62.0,-108.0,12.0,-14.0,13.0,16.0,38.0,-87.0,1.0,-50.0,-8.0,5.25,19.57,-59.96,10.02,-25.42,36.03,2.8200000000000003,45.230000000000004,-67.82,38.42,-66.87,24.22
2025-08-13T14:33:17.294010,27.0,32.0,-98.0,-5.0,36.0,25.0,23.0,37.0,-19.0,-1.0,9.0,-8.0,50.25,-10.43,-49.96,-6.98,24.58,48.03,9.82,44.230000000000004,0.17999999999999972,36.42,-7.870000000000001,24.22
2025-08-13T14:33:17.302245,38.0,4.0,-62.0,-16.0,-31.0,-64.0,65.0,45.0,-31.0,-49.0,-13.0,-70.0,61.25,-38.43,-13.96,-17.98,-42.42,-40.97,51.82,52.230000000000004,-11.82,-11.579999999999998,-29.87,-37.78
2025-08-13T14:33:17.306495,41.0,0.0,-70.0,-47.0,-56.0,-33.0,-33.0,-6.0,-106.0,48.0,-13.0,27.0,64.25,-42.43,-21.96,-48.98,-67.42,-9.969999999999999,-46.18,1.2300000000000004,-86.82,85.42,-29.87,59.22
2025-08-13T14:33:17.314373,-86.0,-10.0,46.0,37.0,-71.0,-47.0,-24.0,16.0,-56.0,65.0,-16.0,45.0,-62.75,-52.43,94.03999999999999,35.02,-82.42,-23.97,-37.18,23.23,-36.82,102.42,-32.870000000000005,77.22
2025-08-13T14:33:17.318879,-55.0,37.0,-25.0,-4.0,-24.0,27.0,10.0,-45.0,-20.0,-9.0,17.0,-49.0,-31.75,-5.43,23.04,-5.98,-35.42,50.03,-3.1799999999999997,-37.769999999999996,-0.8200000000000003,28.42,0.129999999999999,-16.78
2025-08-13T14:33:17.326842,-50.0,128.0,-38.0,0.0,52.0,-85.0,-18.0,-50.0,5.0,-16.0,-3.0,-59.0,-26.75,85.57,10.04,-1.98,40.58,-61.97,-31.18,-42.769999999999996,24.18,21.42,-19.87,-26.78
2025-08-13T14:33:17.331122,-48.0,98.0,-106.0,-25.0,32.0,-60.0,-45.0,-6.0,0.0,-48.0,8.0,-60.0,-24.75,55.57,-57.96,-26.98,20.58,-36.97,-58.18,1.2300000000000004,19.18,-10.579999999999998,-8.870000000000001,-27.78
2025-08-13T14:33:17.339130,-54.0,66.0,-108.0,35.0,21.0,-30.0,-28.0,-22.0,-1.0,8.0,-72.0,-15.0,-30.75,23.57,-59.96,33.02,9.58,-6.969999999999999,-41.18,-14.77,18.18,45.42,-88.87,17.22
2025-08-13T14:33:17.343707,22.0,27.0,-58.0,51.0,6.0,-105.0,0.0,-65.0,17.0,18.0,-44.0,-28.0,45.25,-15.43,-9.96,49.02,-5.42,-81.97,-13.18,-57.769999999999996,36.18,55.42,-60.870000000000005,4.219999999999999
2025-08-13T14:33:17.351413,1.0,30.0,-93.0,26.0,2.0,25.0,-11.0,37.0,-65.0,-71.0,-4.0,-38.0,24.25,-12.43,-44.96,24.02,-9.42,48.03,-24.18,44.230000000000004,-45.82,-33.58,-20.87,-5.780000000000001
2025-08-13T14:33:17.356147,49.0,82.0,-128.0,31.0,9.0,-18.0,61.0,-26.0,-17.0,-2.0,29.0,0.0,72.25,39.57,-79.96000000000001,29.02,-2.42,5.030000000000001,47.82,-18.77,2.1799999999999997,35.42,12.129999999999999,32.22
2025-08-13T14:33:17.363900,12.0,-17.0,-110.0,6.0,-45.0,-7.0,-20.0,-66.0,-14.0,-116.0,-4.0,5.0,35.25,-59.43,-61.96,4.02,-56.42,16.03,-33.18,-58.769999999999996,5.18,-78.58,-20.87,37.22
2025-08-13T14:33:17.368322,-24.0,29.0,-15.0,-33.0,12.0,1.0,17.0,-8.0,8.0,-29.0,-20.0,-62.0,-0.75,-13.43,33.04,-34.98,0.5800000000000001,24.03,3.8200000000000003,-0.7699999999999996,27.18,8.420000000000002,-36.870000000000005,-29.78
2025-08-13T14:33:17.376013,-22.0,25.0,-15.0,-29.0,-30.0,5.0,-16.0,-28.0,-32.0,-73.0,59.0,-92.0,1.25,-17.43,33.04,-30.98,-41.42,28.03,-29.18,-20.77,-12.82,-35.58,42.129999999999995,-59.78
2025-08-13T14:33:17.380918,-74.0,34.0,9.0,-24.0,3.0,9.0,-18.0,-51.0,28.0,-109.0,-14.0,-128.0,-50.75,-8.43,57.04,-25.98,-8.42,32.03,-31.18,-43.769999999999996,47.18,-71.58,-30.87,-95.78
2025-08-13T14:33:17.388192,-43.0,104.0,-3.0,-46.0,104.0,-13.0,116.0,-21.0,-37.0,-88.0,40.0,-75.0,-19.75,61.57,45.04,-47.98,92.58,10.030000000000001,102.82,-13.77,-17.82,-50.58,23.13,-42.78
2025-08-13T14:33:17.393506,-53.0,17.0,-45.0,-23.0,-15.0,-32.0,-5.0,-17.0,-80.0,-91.0,38.0,-9.0,-29.75,-25.43,3.039999999999999,-24.98,-26.42,-8.969999999999999,-18.18,-9.77,-60.82,-53.58,21.13,23.22
2025-08-13T14:33:17.400516,-57.0,107.0,-97.0,1.0,34.0,-42.0,-60.0,48.0,21.0,-40.0,0.0,-46.0,-33.75,64.57,-48.96,-0.98,22.58,-18.97,-73.18,55.230000000000004,40.18,-2.5799999999999983,-16.87,-13.780000000000001
2025-08-13T14:33:17.405196,-19.0,78.0,-47.0,-19.0,54.0,0.0,-7.0,-25.0,-45.0,-33.0,102.0,-48.0,4.25,35.57,1.0399999999999991,-20.98,42.58,23.03,-20.18,-17.77,-25.82,4.420000000000002,85.13,-15.780000000000001
2025-08-13T14:33:17.412828,-25.0,148.0,-129.0,-19.0,-26.0,46.0,-9.0,50.0,-44.0,-66.0,2.0,-64.0,-1.75,105.57,-80.96000000000001,-20.98,-37.42,69.03,-22.18,57.230000000000004,-24.82,-28.58,-14.870000000000001,-31.78
2025-08-13T14:33:17.417339,-8.0,-5.0,-37.0,18.0,36.0,38.0,-57.0,15.0,43.0,-69.0,19.0,-91.0,15.25,-47.43,11.04,16.02,24.58,61.03,-70.18,22.23,62.18,-31.58,2.129999999999999,-58.78
2025-08-13T14:33:17.426108,5.0,86.0,-38.0,17.0,80.0,-41.0,4.0,-31.0,-36.0,-61.0,60.0,-25.0,28.25,43.57,10.04,15.02,68.58,-17.97,-9.18,-23.77,-16.82,-23.58,43.129999999999995,7.219999999999999
2025-08-13T14:33:17.431584,-4.0,39.0,20.0,41.0,37.0,-6.0,54.0,-7.0,21.0,-107.0,13.0,-102.0,19.25,-3.4299999999999997,68.03999999999999,39.02,25.58,17.03,40.82,0.23000000000000043,40.18,-69.58,-3.870000000000001,-69.78
2025-08-13T14:33:17.436848,4.0,14.0,-71.0,-21.0,39.0,-84.0,33.0,36.0,26.0,-89.0,13.0,16.0,27.25,-28.43,-22.96,-22.98,27.58,-60.97,19.82,43.230000000000004,45.18,-51.58,-3.870000000000001,48.22
2025-08-13T14:33:17.441566,-37.0,37.0,35.0,15.0,49.0,-19.0,-12.0,50.0,4.0,-70.0,31.0,-13.0,-13.75,-5.43,83.03999999999999,13.02,37.58,4.030000000000001,-25.18,57.230000000000004,23.18,-32.58,14.129999999999999,19.22
2025-08-13T14:33:17.446791,-124.0,86.0,-60.0,-52.0,-10.0,30.0,28.0,29.0,22.0,-40.0,70.0,-94.0,-100.75,43.57,-11.96,-53.98,-21.42,53.03,14.82,36.230000000000004,41.18,-2.5799999999999983,53.129999999999995,-61.78
2025-08-13T14:33:17.453789,60.0,105.0,-48.0,8.0,84.0,34.0,1.0,-27.0,-40.0,-22.0,100.0,-6.0,83.25,62.57,0.03999999999999915,6.02,72.58,57.03,-12.18,-19.77,-20.82,15.420000000000002,83.13,26.22
2025-08-13T14:33:17.458675,22.0,-47.0,-61.0,23.0,23.0,-65.0,104.0,-29.0,-32.0,-91.0,48.0,0.0,45.25,-89.43,-12.96,21.02,11.58,-41.97,90.82,-21.77,-12.82,-53.58,31.13,32.22
2025-08-13T14:33:17.466146,-85.0,-27.0,-27.0,-10.0,52.0,-82.0,58.0,48.0,26.0,-73.0,3.0,-85.0,-61.75,-69.43,21.04,-11.98,40.58,-58.97,44.82,55.230000000000004,45.18,-35.58,-13.870000000000001,-52.78
2025-08-13T14:33:17.473981,-112.0,39.0,-105.0,-23.0,-9.0,-10.0,45.0,50.0,-55.0,-73.0,54.0,-40.0,-88.75,-3.4299999999999997,-56.96,-24.98,-20.42,13.030000000000001,31.82,57.230000000000004,-35.82,-35.58,37.129999999999995,-7.780000000000001
2025-08-13T14:33:17.478595,-52.0,151.0,-43.0,39.0,1.0,56.0,24.0,-11.0,37.0,7.0,70.0,-51.0,-28.75,108.57,5.039999999999999,37.02,-10.42,79.03,10.82,-3.7699999999999996,56.18,44.42,53.129999999999995,-18.78
2025-08-13T14:33:17.483291,-40.0,69.0,-73.0,-21.0,9.0,-1.0,29.0,-43.0,-44.0,-67.0,4.0,-38.0,-16.75,26.57,-24.96,-22.98,-2.42,22.03,15.82,-35.769999999999996,-24.82,-29.58,-12.870000000000001,-5.780000000000001
2025-08-13T14:33:17.490672,-38.0,47.0,-56.0,19.0,-19.0,65.0,19.0,-72.0,-39.0,-47.0,18.0,-67.0,-14.75,4.57,-7.960000000000001,17.02,-30.42,88.03,5.82,-64.77,-19.82,-9.579999999999998,1.129999999999999,-34.78
2025-08-13T14:33:17.495202,-61.0,96.0,-52.0,-14.0,57.0,39.0,50.0,-21.0,-100.0,-17.0,42.0,15.0,-37.75,53.57,-3.960000000000001,-15.98,45.58,62.03,36.82,-13.77,-80.82,20.42,25.13,47.22
