timestamp,x1,y1,z1,x2,y2,z2,x3,y3,z3,x4,y4,z4,x1_calib,y1_calib,z1_calib,x2_calib,y2_calib,z2_calib,x3_calib,y3_calib,z3_calib,x4_calib,y4_calib,z4_calib
2025-08-13T14:29:23.960832,-73.0,60.0,-99.0,7.0,9.0,-57.0,-41.0,-22.0,8.0,-40.0,84.0,-46.0,-50.44,13.700000000000003,-51.33,9.51,-11.86,-34.32,-56.37,-9.97,31.12,4.890000000000001,56.66,-14.23
2025-08-13T14:29:23.967757,-25.0,63.0,-43.0,22.0,37.0,25.0,9.0,-45.0,-12.0,-53.0,36.0,-65.0,-2.4400000000000013,16.700000000000003,4.670000000000002,24.509999999999998,16.14,47.68,-6.369999999999999,-32.97,11.120000000000001,-8.11,8.66,-33.230000000000004
2025-08-13T14:29:23.970733,-47.0,57.0,-55.0,-19.0,9.0,-56.0,12.0,-73.0,-38.0,-68.0,21.0,-67.0,-24.44,10.700000000000003,-7.329999999999998,-16.490000000000002,-11.86,-33.32,-3.369999999999999,-60.97,-14.879999999999999,-23.11,-6.34,-35.230000000000004
2025-08-13T14:29:23.973407,9.0,2.0,-95.0,38.0,27.0,-24.0,2.0,-45.0,9.0,-69.0,46.0,-38.0,31.56,-44.3,-47.33,40.51,6.140000000000001,-1.3200000000000003,-13.37,-32.97,32.120000000000005,-24.11,18.66,-6.23
2025-08-13T14:29:23.977215,30.0,8.0,-77.0,19.0,21.0,-8.0,-7.0,-85.0,-13.0,-31.0,36.0,14.0,52.56,-38.3,-29.33,21.509999999999998,0.14000000000000057,14.68,-22.369999999999997,-72.97,10.120000000000001,13.89,8.66,45.769999999999996
2025-08-13T14:29:23.983324,-15.0,-7.0,-62.0,-10.0,-18.0,-36.0,7.0,14.0,-26.0,-36.0,-24.0,10.0,7.559999999999999,-53.3,-14.329999999999998,-7.49,-38.86,-13.32,-8.37,26.03,-2.879999999999999,8.89,-51.34,41.769999999999996
2025-08-13T14:29:23.987574,-3.0,41.0,-85.0,13.0,8.0,22.0,-88.0,-5.0,-13.0,-57.0,-4.0,20.0,19.56,-5.299999999999997,-37.33,15.51,-12.86,44.68,-103.37,7.029999999999999,10.120000000000001,-12.11,-31.34,51.769999999999996
2025-08-13T14:29:23.991735,-64.0,3.0,-90.0,-24.0,7.0,54.0,29.0,-32.0,-2.0,-43.0,-11.0,1.0,-41.44,-43.3,-42.33,-21.490000000000002,-13.86,76.68,13.63,-19.97,21.12,1.8900000000000006,-38.34,32.769999999999996
2025-08-13T14:29:23.999692,-22.0,-19.0,-82.0,-21.0,47.0,3.0,0.0,16.0,1.0,25.0,-2.0,-75.0,0.5599999999999987,-65.3,-34.33,-18.490000000000002,26.14,25.68,-15.37,28.03,24.12,69.89,-29.34,-43.230000000000004
2025-08-13T14:29:24.004337,-40.0,-25.0,-62.0,-24.0,-20.0,20.0,41.0,-37.0,-3.0,66.0,11.0,-36.0,-17.44,-71.3,-14.329999999999998,-21.490000000000002,-40.86,42.68,25.630000000000003,-24.97,20.12,110.89,-16.34,-4.23
2025-08-13T14:29:24.012071,-19.0,-19.0,-27.0,49.0,-20.0,28.0,-13.0,-16.0,-79.0,18.0,-37.0,3.0,3.5599999999999987,-65.3,20.67,51.51,-40.86,50.68,-28.369999999999997,-3.9700000000000006,-55.879999999999995,62.89,-64.34,34.769999999999996
2025-08-13T14:29:24.016353,-29.0,-2.0,-12.0,-23.0,37.0,-25.0,-55.0,-50.0,-6.0,4.0,12.0,-11.0,-6.440000000000001,-48.3,35.67,-20.490000000000002,16.14,-2.3200000000000003,-70.37,-37.97,17.12,48.89,-15.34,20.77
2025-08-13T14:29:24.024468,-52.0,67.0,15.0,-1.0,-15.0,-50.0,20.0,-47.0,-24.0,29.0,56.0,-77.0,-29.44,20.700000000000003,62.67,1.5099999999999998,-35.86,-27.32,4.630000000000001,-34.97,-0.879999999999999,73.89,28.66,-45.230000000000004
2025-08-13T14:29:24.028851,-62.0,95.0,-40.0,36.0,9.0,-28.0,-26.0,25.0,26.0,3.0,113.0,-67.0,-39.44,48.7,7.670000000000002,38.51,-11.86,-5.32,-41.37,37.03,49.120000000000005,47.89,85.66,-35.230000000000004
2025-08-13T14:29:24.036741,7.0,63.0,-148.0,14.0,33.0,69.0,-12.0,-35.0,-19.0,-18.0,75.0,-27.0,29.56,16.700000000000003,-100.33,16.509999999999998,12.14,91.68,-27.369999999999997,-22.97,4.120000000000001,26.89,47.66,4.77
2025-08-13T14:29:24.040926,-18.0,41.0,-27.0,-62.0,-6.0,-41.0,10.0,48.0,37.0,-6.0,25.0,-43.0,4.559999999999999,-5.299999999999997,20.67,-59.49,-26.86,-18.32,-5.369999999999999,60.03,60.120000000000005,38.89,-2.34,-11.23
2025-08-13T14:29:24.049003,36.0,5.0,32.0,-78.0,9.0,-21.0,7.0,-26.0,-19.0,3.0,27.0,-42.0,58.56,-41.3,79.67,-75.49,-11.86,1.6799999999999997,-8.37,-13.97,4.120000000000001,47.89,-0.33999999999999986,-10.23
2025-08-13T14:29:24.053408,29.0,45.0,-21.0,-10.0,104.0,-108.0,22.0,-39.0,10.0,-42.0,5.0,-21.0,51.56,-1.2999999999999972,26.67,-7.49,83.14,-85.32,6.630000000000001,-26.97,33.120000000000005,2.8900000000000006,-22.34,10.77
2025-08-13T14:29:24.061167,-90.0,48.0,-38.0,-14.0,57.0,5.0,-35.0,0.0,11.0,-98.0,71.0,-9.0,-67.44,1.7000000000000028,9.670000000000002,-11.49,36.14,27.68,-50.37,12.03,34.120000000000005,-53.11,43.66,22.77
2025-08-13T14:29:24.066568,-61.0,7.0,6.0,-9.0,66.0,-79.0,-17.0,2.0,40.0,-85.0,23.0,-105.0,-38.44,-39.3,53.67,-6.49,45.14,-56.32,-32.37,14.03,63.120000000000005,-40.11,-4.34,-73.23
2025-08-13T14:29:24.073434,-101.0,-54.0,22.0,2.0,51.0,-47.0,-31.0,1.0,-6.0,-74.0,37.0,-72.0,-78.44,-100.3,69.67,4.51,30.14,-24.32,-46.37,13.03,17.12,-29.11,9.66,-40.230000000000004
2025-08-13T14:29:24.078729,-85.0,-105.0,-31.0,93.0,30.0,32.0,17.0,-42.0,13.0,-78.0,18.0,-67.0,-62.44,-151.3,16.67,95.51,9.14,54.68,1.6300000000000008,-29.97,36.120000000000005,-33.11,-9.34,-35.230000000000004
2025-08-13T14:29:24.085752,-59.0,34.0,-51.0,15.0,57.0,7.0,1.0,46.0,5.0,4.0,53.0,-59.0,-36.44,-12.299999999999997,-3.3299999999999983,17.509999999999998,36.14,29.68,-14.37,58.03,28.12,48.89,25.66,-27.23
2025-08-13T14:29:24.091430,-52.0,81.0,-46.0,-23.0,67.0,-35.0,86.0,83.0,-37.0,-65.0,36.0,-37.0,-29.44,34.7,1.6700000000000017,-20.490000000000002,46.14,-12.32,70.63,95.03,-13.879999999999999,-20.11,8.66,-5.23
2025-08-13T14:29:24.098288,-79.0,83.0,-59.0,4.0,25.0,-20.0,-17.0,25.0,39.0,-10.0,6.0,-13.0,-56.44,36.7,-11.329999999999998,6.51,4.140000000000001,2.6799999999999997,-32.37,37.03,62.120000000000005,34.89,-21.34,18.77
2025-08-13T14:29:24.103654,-12.0,74.0,-96.0,-10.0,11.0,-6.0,46.0,18.0,-27.0,-83.0,16.0,-48.0,10.559999999999999,27.700000000000003,-48.33,-7.49,-9.86,16.68,30.630000000000003,30.03,-3.879999999999999,-38.11,-11.34,-16.23
2025-08-13T14:29:24.110607,-15.0,58.0,-61.0,-84.0,109.0,-47.0,-4.0,-18.0,-32.0,-84.0,-15.0,-38.0,7.559999999999999,11.700000000000003,-13.329999999999998,-81.49,88.14,-24.32,-19.369999999999997,-5.970000000000001,-8.879999999999999,-39.11,-42.34,-6.23
2025-08-13T14:29:24.114857,-8.0,31.0,-71.0,14.0,10.0,-66.0,3.0,-19.0,-24.0,-78.0,23.0,-95.0,14.559999999999999,-15.299999999999997,-23.33,16.509999999999998,-10.86,-43.32,-12.37,-6.970000000000001,-0.879999999999999,-33.11,-4.34,-63.230000000000004
2025-08-13T14:29:24.122780,24.0,-28.0,-5.0,22.0,6.0,-60.0,52.0,-18.0,-31.0,-71.0,31.0,-23.0,46.56,-74.3,42.67,24.509999999999998,-14.86,-37.32,36.63,-5.970000000000001,-7.879999999999999,-26.11,3.66,8.77
2025-08-13T14:29:24.126999,-15.0,69.0,-31.0,-35.0,50.0,0.0,13.0,-37.0,6.0,-40.0,10.0,-51.0,7.559999999999999,22.700000000000003,16.67,-32.49,29.14,22.68,-2.369999999999999,-24.97,29.12,4.890000000000001,-17.34,-19.23
2025-08-13T14:29:24.131177,-55.0,34.0,1.0,15.0,-42.0,26.0,48.0,53.0,2.0,-86.0,15.0,-53.0,-32.44,-12.299999999999997,48.67,17.509999999999998,-62.86,48.68,32.63,65.03,25.12,-41.11,-12.34,-21.23
2025-08-13T14:29:24.139290,-68.0,61.0,-119.0,-44.0,47.0,-54.0,60.0,24.0,-14.0,-7.0,22.0,-80.0,-45.44,14.700000000000003,-71.33,-41.49,26.14,-31.32,44.63,36.03,9.120000000000001,37.89,-5.34,-48.230000000000004
2025-08-13T14:29:24.147205,22.0,55.0,-18.0,-10.0,10.0,-12.0,-16.0,50.0,-42.0,-9.0,-4.0,-11.0,44.56,8.700000000000003,29.67,-7.49,-10.86,10.68,-31.369999999999997,62.03,-18.88,35.89,-31.34,20.77
2025-08-13T14:29:24.151467,19.0,60.0,-107.0,24.0,31.0,-3.0,66.0,5.0,-42.0,-30.0,21.0,-49.0,41.56,13.700000000000003,-59.33,26.509999999999998,10.14,19.68,50.63,17.03,-18.88,14.89,-6.34,-17.23
2025-08-13T14:29:24.159595,19.0,21.0,-100.0,35.0,-8.0,-103.0,-6.0,-50.0,-51.0,-21.0,26.0,-40.0,41.56,-25.299999999999997,-52.33,37.51,-28.86,-80.32,-21.369999999999997,-37.97,-27.88,23.89,-1.3399999999999999,-8.23
2025-08-13T14:29:24.163749,-44.0,-54.0,-30.0,33.0,-36.0,-10.0,28.0,-29.0,-15.0,-25.0,-26.0,-68.0,-21.44,-100.3,17.67,35.51,-56.86,12.68,12.63,-16.97,8.120000000000001,19.89,-53.34,-36.230000000000004
2025-08-13T14:29:24.167969,-71.0,6.0,-4.0,25.0,67.0,-46.0,20.0,-44.0,6.0,-53.0,18.0,-49.0,-48.44,-40.3,43.67,27.509999999999998,46.14,-23.32,4.630000000000001,-31.97,29.12,-8.11,-9.34,-17.23
2025-08-13T14:29:24.176041,-31.0,104.0,-26.0,-89.0,26.0,45.0,26.0,-4.0,-67.0,-86.0,-6.0,-51.0,-8.440000000000001,57.7,21.67,-86.49,5.140000000000001,67.68,10.63,8.03,-43.879999999999995,-41.11,-33.34,-19.23
2025-08-13T14:29:24.184265,-42.0,83.0,-63.0,-40.0,48.0,-19.0,25.0,-34.0,-118.0,-64.0,33.0,-24.0,-19.44,36.7,-15.329999999999998,-37.49,27.14,3.6799999999999997,9.63,-21.97,-94.88,-19.11,5.66,7.77
2025-08-13T14:29:24.188555,30.0,61.0,-19.0,-15.0,24.0,-63.0,-4.0,-8.0,38.0,-55.0,41.0,-57.0,52.56,14.700000000000003,28.67,-12.49,3.1400000000000006,-40.32,-19.369999999999997,4.029999999999999,61.120000000000005,-10.11,13.66,-25.23
2025-08-13T14:29:24.193338,-37.0,90.0,-113.0,37.0,49.0,9.0,93.0,-41.0,6.0,-50.0,-13.0,-20.0,-14.440000000000001,43.7,-65.33,39.51,28.14,31.68,77.63,-28.97,29.12,-5.109999999999999,-40.34,11.77
2025-08-13T14:29:24.200627,17.0,2.0,-125.0,-31.0,5.0,18.0,9.0,-3.0,-6.0,-70.0,40.0,-26.0,39.56,-44.3,-77.33,-28.490000000000002,-15.86,40.68,-6.369999999999999,9.03,17.12,-25.11,12.66,5.77
2025-08-13T14:29:24.204763,-5.0,-24.0,-51.0,47.0,-50.0,4.0,15.0,-23.0,6.0,-14.0,63.0,-68.0,17.56,-70.3,-3.3299999999999983,49.51,-70.86,26.68,-0.3699999999999992,-10.97,29.12,30.89,35.66,-36.230000000000004
2025-08-13T14:29:24.212943,-4.0,70.0,-21.0,-8.0,-50.0,-3.0,-55.0,-52.0,22.0,-62.0,57.0,-1.0,18.56,23.700000000000003,26.67,-5.49,-70.86,19.68,-70.37,-39.97,45.120000000000005,-17.11,29.66,30.77
2025-08-13T14:29:24.217194,22.0,23.0,-124.0,-39.0,22.0,-19.0,73.0,55.0,13.0,-30.0,54.0,-50.0,44.56,-23.299999999999997,-76.33,-36.49,1.1400000000000006,3.6799999999999997,57.63,67.03,36.120000000000005,14.89,26.66,-18.23
2025-08-13T14:29:24.225202,38.0,25.0,15.0,-58.0,2.0,-52.0,28.0,-21.0,-17.0,-64.0,58.0,-28.0,60.56,-21.299999999999997,62.67,-55.49,-18.86,-29.32,12.63,-8.97,6.120000000000001,-19.11,30.66,3.7699999999999996
2025-08-13T14:29:24.229689,-38.0,-37.0,-47.0,21.0,107.0,8.0,36.0,-39.0,24.0,-100.0,20.0,-94.0,-15.440000000000001,-83.3,0.6700000000000017,23.509999999999998,86.14,30.68,20.630000000000003,-26.97,47.120000000000005,-55.11,-7.34,-62.230000000000004
2025-08-13T14:29:24.237709,-19.0,48.0,0.0,-5.0,1.0,-41.0,-28.0,9.0,-23.0,-89.0,9.0,-21.0,3.5599999999999987,1.7000000000000028,47.67,-2.49,-19.86,-18.32,-43.37,21.03,0.120000000000001,-44.11,-18.34,10.77
2025-08-13T14:29:24.245345,-29.0,104.0,-26.0,32.0,69.0,-61.0,-12.0,-35.0,31.0,-89.0,44.0,-51.0,-6.440000000000001,57.7,21.67,34.51,48.14,-38.32,-27.369999999999997,-22.97,54.120000000000005,-44.11,16.66,-19.23
2025-08-13T14:29:24.249837,-78.0,1.0,-61.0,2.0,-29.0,-54.0,4.0,-6.0,-48.0,-4.0,-5.0,-10.0,-55.44,-45.3,-13.329999999999998,4.51,-49.86,-31.32,-11.37,6.029999999999999,-24.88,40.89,-32.34,21.77
2025-08-13T14:29:24.254128,-87.0,96.0,-48.0,24.0,1.0,-22.0,-58.0,46.0,-37.0,-83.0,75.0,64.0,-64.44,49.7,-0.3299999999999983,26.509999999999998,-19.86,0.6799999999999997,-73.37,58.03,-13.879999999999999,-38.11,47.66,95.77
2025-08-13T14:29:24.262340,-7.0,26.0,-84.0,26.0,9.0,-18.0,36.0,10.0,-132.0,-88.0,63.0,-29.0,15.559999999999999,-20.299999999999997,-36.33,28.509999999999998,-11.86,4.68,20.630000000000003,22.03,-108.88,-43.11,35.66,2.7699999999999996
2025-08-13T14:29:24.269759,-13.0,87.0,-103.0,-17.0,-1.0,-6.0,-35.0,-50.0,-51.0,-59.0,66.0,-14.0,9.559999999999999,40.7,-55.33,-14.49,-21.86,16.68,-50.37,-37.97,-27.88,-14.11,38.66,17.77
2025-08-13T14:29:24.275870,-6.0,-21.0,54.0,17.0,61.0,-24.0,-32.0,-21.0,3.0,-6.0,-37.0,4.0,16.56,-67.3,101.67,19.509999999999998,40.14,-1.3200000000000003,-47.37,-8.97,26.12,38.89,-64.34,35.769999999999996
2025-08-13T14:29:24.281369,-16.0,15.0,-24.0,-34.0,58.0,-39.0,-18.0,-48.0,-30.0,-30.0,47.0,46.0,6.559999999999999,-31.299999999999997,23.67,-31.490000000000002,37.14,-16.32,-33.37,-35.97,-6.879999999999999,14.89,19.66,77.77
2025-08-13T14:29:24.286573,-65.0,-49.0,-6.0,-58.0,44.0,-90.0,68.0,34.0,5.0,-58.0,-73.0,35.0,-42.44,-95.3,41.67,-55.49,23.14,-67.32,52.63,46.03,28.12,-13.11,-100.34,66.77
2025-08-13T14:29:24.291570,-35.0,-6.0,19.0,-35.0,-19.0,-84.0,-7.0,20.0,-155.0,-34.0,-15.0,-41.0,-12.440000000000001,-52.3,66.67,-32.49,-39.86,-61.32,-22.369999999999997,32.03,-131.88,10.89,-42.34,-9.23
2025-08-13T14:29:24.298717,-84.0,22.0,-48.0,7.0,76.0,-17.0,80.0,8.0,-25.0,63.0,-2.0,3.0,-61.44,-24.299999999999997,-0.3299999999999983,9.51,55.14,5.68,64.63,20.03,-1.879999999999999,107.89,-29.34,34.769999999999996
2025-08-13T14:29:24.303568,-15.0,69.0,-46.0,-32.0,-6.0,-23.0,32.0,47.0,-25.0,48.0,3.0,-15.0,7.559999999999999,22.700000000000003,1.6700000000000017,-29.490000000000002,-26.86,-0.3200000000000003,16.630000000000003,59.03,-1.879999999999999,92.89,-24.34,16.77
2025-08-13T14:29:24.311205,-58.0,62.0,-105.0,12.0,-35.0,-23.0,20.0,28.0,-38.0,-40.0,-84.0,33.0,-35.44,15.700000000000003,-57.33,14.51,-55.86,-0.3200000000000003,4.630000000000001,40.03,-14.879999999999999,4.890000000000001,-111.34,64.77
2025-08-13T14:29:24.315835,91.0,61.0,-69.0,-48.0,9.0,-34.0,116.0,23.0,-30.0,9.0,-4.0,21.0,113.56,14.700000000000003,-21.33,-45.49,-11.86,-11.32,100.63,35.03,-6.879999999999999,53.89,-31.34,52.769999999999996
2025-08-13T14:29:24.323420,-29.0,17.0,-50.0,2.0,106.0,26.0,-1.0,-72.0,-30.0,-46.0,17.0,65.0,-6.440000000000001,-29.299999999999997,-2.3299999999999983,4.51,85.14,48.68,-16.369999999999997,-59.97,-6.879999999999999,-1.1099999999999994,-10.34,96.77
2025-08-13T14:29:24.328135,-12.0,43.0,-96.0,-26.0,60.0,-23.0,40.0,-1.0,-23.0,5.0,-31.0,26.0,10.559999999999999,-3.299999999999997,-48.33,-23.490000000000002,39.14,-0.3200000000000003,24.630000000000003,11.03,0.120000000000001,49.89,-58.34,57.769999999999996
2025-08-13T14:29:24.335671,-5.0,-5.0,-110.0,18.0,112.0,-48.0,79.0,16.0,-16.0,-33.0,-36.0,53.0,17.56,-51.3,-62.33,20.509999999999998,91.14,-25.32,63.63,28.03,7.120000000000001,11.89,-63.34,84.77
2025-08-13T14:29:24.340296,-11.0,70.0,-46.0,6.0,29.0,-25.0,42.0,-60.0,-88.0,51.0,-83.0,69.0,11.559999999999999,23.700000000000003,1.6700000000000017,8.51,8.14,-2.3200000000000003,26.630000000000003,-47.97,-64.88,95.89,-110.34,100.77
2025-08-13T14:29:24.345193,-60.0,-2.0,3.0,-9.0,10.0,67.0,61.0,-36.0,-86.0,58.0,-8.0,-13.0,-37.44,-48.3,50.67,-6.49,-10.86,89.68,45.63,-23.97,-62.879999999999995,102.89,-35.34,18.77
2025-08-13T14:29:24.352903,-47.0,81.0,-78.0,21.0,-21.0,-56.0,40.0,-2.0,-3.0,19.0,0.0,-53.0,-24.44,34.7,-30.33,23.509999999999998,-41.86,-33.32,24.630000000000003,10.03,20.12,63.89,-27.34,-21.23
2025-08-13T14:29:24.357568,-130.0,33.0,28.0,25.0,2.0,-14.0,48.0,14.0,21.0,44.0,62.0,-47.0,-107.44,-13.299999999999997,75.67,27.509999999999998,-18.86,8.68,32.63,26.03,44.120000000000005,88.89,34.66,-15.23
2025-08-13T14:29:24.365304,-50.0,75.0,56.0,-25.0,10.0,-69.0,87.0,-73.0,20.0,21.0,75.0,-14.0,-27.44,28.700000000000003,103.67,-22.490000000000002,-10.86,-46.32,71.63,-60.97,43.120000000000005,65.89,47.66,17.77
2025-08-13T14:29:24.369803,-72.0,58.0,-44.0,-61.0,5.0,-44.0,56.0,-72.0,43.0,19.0,30.0,-10.0,-49.44,11.700000000000003,3.6700000000000017,-58.49,-15.86,-21.32,40.63,-59.97,66.12,63.89,2.66,21.77
2025-08-13T14:29:24.378370,56.0,163.0,-122.0,-21.0,36.0,-78.0,72.0,-69.0,-19.0,-10.0,-10.0,-89.0,78.56,116.7,-74.33,-18.490000000000002,15.14,-55.32,56.63,-56.97,4.120000000000001,34.89,-37.34,-57.230000000000004
2025-08-13T14:29:24.382186,5.0,11.0,-54.0,22.0,37.0,-13.0,26.0,-48.0,-52.0,23.0,4.0,-51.0,27.56,-35.3,-6.329999999999998,24.509999999999998,16.14,9.68,10.63,-35.97,-28.88,67.89,-23.34,-19.23
2025-08-13T14:29:24.389197,14.0,23.0,-35.0,36.0,10.0,6.0,96.0,-37.0,-66.0,4.0,38.0,-50.0,36.56,-23.299999999999997,12.670000000000002,38.51,-10.86,28.68,80.63,-24.97,-42.879999999999995,48.89,10.66,-18.23
2025-08-13T14:29:24.393243,18.0,29.0,25.0,-16.0,-24.0,-6.0,-18.0,-23.0,-13.0,-59.0,49.0,-63.0,40.56,-17.299999999999997,72.67,-13.49,-44.86,16.68,-33.37,-10.97,10.120000000000001,-14.11,21.66,-31.23
2025-08-13T14:29:24.401572,-55.0,-5.0,-9.0,-30.0,6.0,19.0,34.0,-60.0,27.0,-61.0,27.0,-41.0,-32.44,-51.3,38.67,-27.490000000000002,-14.86,41.68,18.630000000000003,-47.97,50.120000000000005,-16.11,-0.33999999999999986,-9.23
2025-08-13T14:29:24.405633,-55.0,19.0,19.0,-13.0,69.0,-36.0,-20.0,7.0,-41.0,-32.0,-12.0,-55.0,-32.44,-27.299999999999997,66.67,-10.49,48.14,-13.32,-35.37,19.03,-17.88,12.89,-39.34,-23.23
2025-08-13T14:29:24.413747,-119.0,77.0,-78.0,-4.0,85.0,-72.0,2.0,-40.0,-3.0,-39.0,73.0,-71.0,-96.44,30.700000000000003,-30.33,-1.4900000000000002,64.14,-49.32,-13.37,-27.97,20.12,5.890000000000001,45.66,-39.230000000000004
2025-08-13T14:29:24.417958,-40.0,62.0,-74.0,21.0,38.0,-46.0,-27.0,-62.0,-46.0,-19.0,84.0,-20.0,-17.44,15.700000000000003,-26.33,23.509999999999998,17.14,-23.32,-42.37,-49.97,-22.88,25.89,56.66,11.77
2025-08-13T14:29:24.425904,-42.0,59.0,-78.0,33.0,-2.0,-100.0,16.0,-27.0,32.0,-36.0,67.0,-28.0,-19.44,12.700000000000003,-30.33,35.51,-22.86,-77.32,0.6300000000000008,-14.97,55.120000000000005,8.89,39.66,3.7699999999999996
2025-08-13T14:29:24.430219,-5.0,87.0,-88.0,26.0,-38.0,13.0,61.0,47.0,-17.0,-96.0,60.0,-29.0,17.56,40.7,-40.33,28.509999999999998,-58.86,35.68,45.63,59.03,6.120000000000001,-51.11,32.66,2.7699999999999996
2025-08-13T14:29:24.438331,78.0,-26.0,-45.0,-4.0,-44.0,-28.0,34.0,28.0,48.0,-25.0,64.0,-89.0,100.56,-72.3,2.6700000000000017,-1.4900000000000002,-64.86,-5.32,18.630000000000003,40.03,71.12,19.89,36.66,-57.230000000000004
2025-08-13T14:29:24.442578,0.0,5.0,-25.0,11.0,84.0,6.0,-23.0,-37.0,-128.0,-30.0,1.0,-19.0,22.56,-41.3,22.67,13.51,63.14,28.68,-38.37,-24.97,-104.88,14.89,-26.34,12.77
2025-08-13T14:29:24.450769,-33.0,-50.0,-10.0,-38.0,1.0,-13.0,-48.0,-34.0,-14.0,-46.0,37.0,-36.0,-10.440000000000001,-96.3,37.67,-35.49,-19.86,9.68,-63.37,-21.97,9.120000000000001,-1.1099999999999994,9.66,-4.23
2025-08-13T14:29:24.454854,-28.0,60.0,-5.0,-77.0,18.0,-59.0,-18.0,39.0,7.0,-46.0,38.0,-52.0,-5.440000000000001,13.700000000000003,42.67,-74.49,-2.8599999999999994,-36.32,-33.37,51.03,30.12,-1.1099999999999994,10.66,-20.23
2025-08-13T14:29:24.462749,-64.0,91.0,13.0,117.0,13.0,-29.0,10.0,34.0,-39.0,15.0,38.0,-1.0,-41.44,44.7,60.67,119.51,-7.859999999999999,-6.32,-5.369999999999999,46.03,-15.879999999999999,59.89,10.66,30.77
2025-08-13T14:29:24.467061,-71.0,51.0,-46.0,9.0,12.0,-66.0,74.0,1.0,-12.0,-79.0,14.0,-75.0,-48.44,4.700000000000003,1.6700000000000017,11.51,-8.86,-43.32,58.63,13.03,11.120000000000001,-34.11,-13.34,-43.230000000000004
2025-08-13T14:29:24.475025,-64.0,88.0,-75.0,68.0,26.0,17.0,-64.0,67.0,25.0,-43.0,48.0,-53.0,-41.44,41.7,-27.33,70.51,5.140000000000001,39.68,-79.37,79.03,48.120000000000005,1.8900000000000006,20.66,-21.23
2025-08-13T14:29:24.479340,-12.0,21.0,-93.0,-31.0,44.0,24.0,42.0,-28.0,-19.0,-23.0,-18.0,11.0,10.559999999999999,-25.299999999999997,-45.33,-28.490000000000002,23.14,46.68,26.630000000000003,-15.97,4.120000000000001,21.89,-45.34,42.769999999999996
2025-08-13T14:29:24.487492,-30.0,28.0,-112.0,70.0,49.0,8.0,26.0,38.0,-99.0,-60.0,42.0,-32.0,-7.440000000000001,-18.299999999999997,-64.33,72.51,28.14,30.68,10.63,50.03,-75.88,-15.11,14.66,-0.23000000000000043
2025-08-13T14:29:24.491686,47.0,4.0,11.0,-32.0,85.0,-92.0,11.0,49.0,-8.0,-37.0,3.0,-103.0,69.56,-42.3,58.67,-29.490000000000002,64.14,-69.32,-4.369999999999999,61.03,15.120000000000001,7.890000000000001,-24.34,-71.23
2025-08-13T14:29:24.499670,-19.0,-4.0,18.0,20.0,78.0,-86.0,59.0,-3.0,-46.0,-1.0,8.0,-59.0,3.5599999999999987,-50.3,65.67,22.509999999999998,57.14,-63.32,43.63,9.03,-22.88,43.89,-19.34,-27.23
2025-08-13T14:29:24.503853,45.0,-8.0,28.0,34.0,76.0,-7.0,40.0,15.0,-21.0,44.0,-24.0,4.0,67.56,-54.3,75.67,36.51,55.14,15.68,24.630000000000003,27.03,2.120000000000001,88.89,-51.34,35.769999999999996
2025-08-13T14:29:24.511979,-4.0,3.0,16.0,52.0,-39.0,-22.0,-1.0,-34.0,-20.0,-46.0,-25.0,-64.0,18.56,-43.3,63.67,54.51,-59.86,0.6799999999999997,-16.369999999999997,-21.97,3.120000000000001,-1.1099999999999994,-52.34,-32.230000000000004
2025-08-13T14:29:24.516386,10.0,129.0,28.0,-31.0,-10.0,71.0,87.0,5.0,-37.0,1.0,-26.0,-49.0,32.56,82.7,75.67,-28.490000000000002,-30.86,93.68,71.63,17.03,-13.879999999999999,45.89,-53.34,-17.23
2025-08-13T14:29:24.524481,-4.0,-24.0,-16.0,27.0,-19.0,-55.0,40.0,-11.0,-60.0,-39.0,30.0,-21.0,18.56,-70.3,31.67,29.509999999999998,-39.86,-32.32,24.630000000000003,1.0299999999999994,-36.879999999999995,5.890000000000001,2.66,10.77
2025-08-13T14:29:24.528694,-36.0,34.0,-6.0,19.0,48.0,-11.0,-16.0,-58.0,-86.0,-60.0,-17.0,-82.0,-13.440000000000001,-12.299999999999997,41.67,21.509999999999998,27.14,11.68,-31.369999999999997,-45.97,-62.879999999999995,-15.11,-44.34,-50.230000000000004
2025-08-13T14:29:24.536468,-153.0,24.0,-90.0,-60.0,-18.0,19.0,30.0,-43.0,-100.0,-67.0,24.0,-29.0,-130.44,-22.299999999999997,-42.33,-57.49,-38.86,41.68,14.63,-30.97,-76.88,-22.11,-3.34,2.7699999999999996
2025-08-13T14:29:24.540916,-33.0,51.0,-51.0,-27.0,58.0,-46.0,77.0,4.0,62.0,-60.0,26.0,-6.0,-10.440000000000001,4.700000000000003,-3.3299999999999983,-24.490000000000002,37.14,-23.32,61.63,16.03,85.12,-15.11,-1.3399999999999999,25.77
2025-08-13T14:29:24.548656,31.0,72.0,-78.0,69.0,64.0,-16.0,31.0,-16.0,30.0,-48.0,63.0,-66.0,53.56,25.700000000000003,-30.33,71.51,43.14,6.68,15.63,-3.9700000000000006,53.120000000000005,-3.1099999999999994,35.66,-34.230000000000004
2025-08-13T14:29:24.553131,46.0,-17.0,-76.0,-29.0,31.0,-47.0,3.0,-30.0,22.0,8.0,51.0,-11.0,68.56,-63.3,-28.33,-26.490000000000002,10.14,-24.32,-12.37,-17.97,45.120000000000005,52.89,23.66,20.77
2025-08-13T14:29:24.560978,23.0,76.0,-76.0,41.0,64.0,20.0,30.0,14.0,-47.0,-59.0,58.0,-81.0,45.56,29.700000000000003,-28.33,43.51,43.14,42.68,14.63,26.03,-23.88,-14.11,30.66,-49.230000000000004
2025-08-13T14:29:24.565528,-13.0,24.0,-31.0,-75.0,-10.0,39.0,57.0,-48.0,-1.0,-62.0,64.0,-67.0,9.559999999999999,-22.299999999999997,16.67,-72.49,-30.86,61.68,41.63,-35.97,22.12,-17.11,36.66,-35.230000000000004
2025-08-13T14:29:24.573359,-8.0,48.0,-4.0,-2.0,30.0,-18.0,-29.0,-41.0,-16.0,-71.0,62.0,-23.0,14.559999999999999,1.7000000000000028,43.67,0.5099999999999998,9.14,4.68,-44.37,-28.97,7.120000000000001,-26.11,34.66,8.77
2025-08-13T14:29:24.577667,-17.0,52.0,14.0,-12.0,20.0,2.0,-12.0,-10.0,-82.0,-100.0,47.0,-15.0,5.559999999999999,5.700000000000003,61.67,-9.49,-0.8599999999999994,24.68,-27.369999999999997,2.0299999999999994,-58.879999999999995,-55.11,19.66,16.77
2025-08-13T14:29:24.581957,-11.0,2.0,-53.0,-46.0,1.0,-1.0,14.0,-42.0,-67.0,-70.0,15.0,-90.0,11.559999999999999,-44.3,-5.329999999999998,-43.49,-19.86,21.68,-1.3699999999999992,-29.97,-43.879999999999995,-25.11,-12.34,-58.230000000000004
2025-08-13T14:29:24.590044,-83.0,109.0,-97.0,-29.0,28.0,5.0,1.0,-50.0,64.0,-28.0,13.0,-44.0,-60.44,62.7,-49.33,-26.490000000000002,7.140000000000001,27.68,-14.37,-37.97,87.12,16.89,-14.34,-12.23
2025-08-13T14:29:24.595518,-88.0,50.0,-101.0,7.0,-38.0,-90.0,38.0,-7.0,-40.0,-48.0,7.0,-10.0,-65.44,3.700000000000003,-53.33,9.51,-58.86,-67.32,22.630000000000003,5.029999999999999,-16.88,-3.1099999999999994,-20.34,21.77
2025-08-13T14:29:24.603405,-60.0,69.0,-44.0,-32.0,23.0,75.0,51.0,-9.0,33.0,-29.0,56.0,-93.0,-37.44,22.700000000000003,3.6700000000000017,-29.490000000000002,2.1400000000000006,97.68,35.63,3.0299999999999994,56.120000000000005,15.89,28.66,-61.230000000000004
2025-08-13T14:29:24.607322,-77.0,114.0,-26.0,-52.0,-27.0,-51.0,53.0,2.0,24.0,-32.0,15.0,9.0,-54.44,67.7,21.67,-49.49,-47.86,-28.32,37.63,14.03,47.120000000000005,12.89,-12.34,40.769999999999996
2025-08-13T14:29:24.614675,7.0,19.0,-66.0,-90.0,94.0,7.0,22.0,-18.0,-52.0,-78.0,-10.0,-76.0,29.56,-27.299999999999997,-18.33,-87.49,73.14,29.68,6.630000000000001,-5.970000000000001,-28.88,-33.11,-37.34,-44.230000000000004
2025-08-13T14:29:24.618691,5.0,17.0,-52.0,-27.0,46.0,-22.0,-19.0,-32.0,-40.0,-43.0,38.0,-19.0,27.56,-29.299999999999997,-4.329999999999998,-24.490000000000002,25.14,0.6799999999999997,-34.37,-19.97,-16.88,1.8900000000000006,10.66,12.77
2025-08-13T14:29:24.626924,52.0,-15.0,30.0,71.0,-26.0,-71.0,33.0,-13.0,-5.0,15.0,-24.0,-77.0,74.56,-61.3,77.67,73.51,-46.86,-48.32,17.630000000000003,-0.9700000000000006,18.12,59.89,-51.34,-45.230000000000004
2025-08-13T14:29:24.631124,-58.0,27.0,0.0,-27.0,-31.0,-11.0,32.0,-13.0,12.0,-59.0,90.0,-55.0,-35.44,-19.299999999999997,47.67,-24.490000000000002,-51.86,11.68,16.630000000000003,-0.9700000000000006,35.120000000000005,-14.11,62.66,-23.23
2025-08-13T14:29:24.639098,-43.0,92.0,-33.0,-49.0,-1.0,-34.0,-67.0,38.0,-64.0,-80.0,103.0,-89.0,-20.44,45.7,14.670000000000002,-46.49,-21.86,-11.32,-82.37,50.03,-40.879999999999995,-35.11,75.66,-57.230000000000004
2025-08-13T14:29:24.643423,-52.0,15.0,-77.0,-25.0,14.0,-12.0,12.0,58.0,-60.0,-23.0,24.0,-49.0,-29.44,-31.299999999999997,-29.33,-22.490000000000002,-6.859999999999999,10.68,-3.369999999999999,70.03,-36.879999999999995,21.89,-3.34,-17.23
2025-08-13T14:29:24.651557,25.0,83.0,-78.0,9.0,72.0,-63.0,-9.0,95.0,-11.0,-69.0,53.0,-63.0,47.56,36.7,-30.33,11.51,51.14,-40.32,-24.369999999999997,107.03,12.120000000000001,-24.11,25.66,-31.23
2025-08-13T14:29:24.655471,-4.0,47.0,-70.0,10.0,73.0,-24.0,-19.0,53.0,3.0,-61.0,-59.0,-58.0,18.56,0.7000000000000028,-22.33,12.51,52.14,-1.3200000000000003,-34.37,65.03,26.12,-16.11,-86.34,-26.23
2025-08-13T14:29:24.663614,25.0,90.0,-16.0,-1.0,92.0,-25.0,25.0,20.0,-34.0,-21.0,41.0,-72.0,47.56,43.7,31.67,1.5099999999999998,71.14,-2.3200000000000003,9.63,32.03,-10.879999999999999,23.89,13.66,-40.230000000000004
2025-08-13T14:29:24.667905,-39.0,11.0,-98.0,-22.0,17.0,-82.0,2.0,-21.0,-34.0,-82.0,52.0,-92.0,-16.44,-35.3,-50.33,-19.490000000000002,-3.8599999999999994,-59.32,-13.37,-8.97,-10.879999999999999,-37.11,24.66,-60.230000000000004
2025-08-13T14:29:24.675881,57.0,27.0,2.0,10.0,3.0,-70.0,18.0,-32.0,-5.0,-57.0,13.0,-82.0,79.56,-19.299999999999997,49.67,12.51,-17.86,-47.32,2.630000000000001,-19.97,18.12,-12.11,-14.34,-50.230000000000004
2025-08-13T14:29:24.680291,25.0,20.0,15.0,24.0,-14.0,-10.0,-21.0,-43.0,-60.0,-75.0,36.0,0.0,47.56,-26.299999999999997,62.67,26.509999999999998,-34.86,12.68,-36.37,-30.97,-36.879999999999995,-30.11,8.66,31.77
2025-08-13T14:29:24.688027,-54.0,9.0,28.0,-22.0,34.0,0.0,-32.0,10.0,-33.0,-32.0,45.0,-80.0,-31.44,-37.3,75.67,-19.490000000000002,13.14,22.68,-47.37,22.03,-9.879999999999999,12.89,17.66,-48.230000000000004
2025-08-13T14:29:24.692570,-68.0,35.0,30.0,-54.0,50.0,37.0,35.0,-5.0,-34.0,-23.0,15.0,-95.0,-45.44,-11.299999999999997,77.67,-51.49,29.14,59.68,19.630000000000003,7.029999999999999,-10.879999999999999,21.89,-12.34,-63.230000000000004
2025-08-13T14:29:24.700375,-62.0,120.0,8.0,11.0,-16.0,-36.0,53.0,25.0,7.0,-88.0,35.0,-53.0,-39.44,73.7,55.67,13.51,-36.86,-13.32,37.63,37.03,30.12,-43.11,7.66,-21.23
2025-08-13T14:29:24.704743,-90.0,38.0,-70.0,-21.0,19.0,-55.0,-13.0,70.0,-20.0,-93.0,-22.0,-67.0,-67.44,-8.299999999999997,-22.33,-18.490000000000002,-1.8599999999999994,-32.32,-28.369999999999997,82.03,3.120000000000001,-48.11,-49.34,-35.230000000000004
2025-08-13T14:29:24.712746,-38.0,20.0,-52.0,51.0,-10.0,-19.0,8.0,-54.0,-40.0,-19.0,51.0,-65.0,-15.440000000000001,-26.299999999999997,-4.329999999999998,53.51,-30.86,3.6799999999999997,-7.369999999999999,-41.97,-16.88,25.89,23.66,-33.230000000000004
2025-08-13T14:29:24.717025,-27.0,47.0,-126.0,32.0,24.0,-75.0,-18.0,-11.0,3.0,-18.0,96.0,-78.0,-4.440000000000001,0.7000000000000028,-78.33,34.51,3.1400000000000006,-52.32,-33.37,1.0299999999999994,26.12,26.89,68.66,-46.230000000000004
2025-08-13T14:29:24.724998,-21.0,-2.0,28.0,103.0,-15.0,19.0,-65.0,19.0,34.0,-49.0,49.0,-58.0,1.5599999999999987,-48.3,75.67,105.51,-35.86,41.68,-80.37,31.03,57.120000000000005,-4.109999999999999,21.66,-26.23
2025-08-13T14:29:24.729334,-5.0,28.0,-43.0,-37.0,-7.0,12.0,-9.0,28.0,-27.0,-33.0,23.0,-43.0,17.56,-18.299999999999997,4.670000000000002,-34.49,-27.86,34.68,-24.369999999999997,40.03,-3.879999999999999,11.89,-4.34,-11.23
2025-08-13T14:29:24.737186,-87.0,127.0,-16.0,-54.0,60.0,-33.0,31.0,6.0,-53.0,-40.0,34.0,-93.0,-64.44,80.7,31.67,-51.49,39.14,-10.32,15.63,18.03,-29.88,4.890000000000001,6.66,-61.230000000000004
2025-08-13T14:29:24.742092,-42.0,114.0,28.0,38.0,12.0,-41.0,42.0,0.0,-16.0,-98.0,33.0,-85.0,-19.44,67.7,75.67,40.51,-8.86,-18.32,26.630000000000003,12.03,7.120000000000001,-53.11,5.66,-53.230000000000004
2025-08-13T14:29:24.749430,-48.0,20.0,-101.0,-48.0,-7.0,-77.0,20.0,-5.0,-93.0,-38.0,40.0,-29.0,-25.44,-26.299999999999997,-53.33,-45.49,-27.86,-54.32,4.630000000000001,7.029999999999999,-69.88,6.890000000000001,12.66,2.7699999999999996
2025-08-13T14:29:24.754365,6.0,-24.0,-78.0,55.0,-7.0,16.0,117.0,-95.0,-42.0,-41.0,46.0,-71.0,28.56,-70.3,-30.33,57.51,-27.86,38.68,101.63,-82.97,-18.88,3.8900000000000006,18.66,-39.230000000000004
2025-08-13T14:29:24.761694,10.0,21.0,-16.0,-3.0,0.0,-21.0,98.0,-15.0,-6.0,-14.0,35.0,-42.0,32.56,-25.299999999999997,31.67,-0.4900000000000002,-20.86,1.6799999999999997,82.63,-2.9700000000000006,17.12,30.89,7.66,-10.23
2025-08-13T14:29:24.766593,-29.0,58.0,-50.0,-27.0,-45.0,-43.0,51.0,80.0,-67.0,52.0,-2.0,-35.0,-6.440000000000001,11.700000000000003,-2.3299999999999983,-24.490000000000002,-65.86,-20.32,35.63,92.03,-43.879999999999995,96.89,-29.34,-3.2300000000000004
2025-08-13T14:29:24.773965,-108.0,25.0,-91.0,-39.0,87.0,-59.0,25.0,68.0,-23.0,-95.0,33.0,-46.0,-85.44,-21.299999999999997,-43.33,-36.49,66.14,-36.32,9.63,80.03,0.120000000000001,-50.11,5.66,-14.23
2025-08-13T14:29:24.779693,-54.0,50.0,-48.0,-9.0,10.0,-18.0,49.0,-3.0,-47.0,-31.0,79.0,6.0,-31.44,3.700000000000003,-0.3299999999999983,-6.49,-10.86,4.68,33.63,9.03,-23.88,13.89,51.66,37.769999999999996
2025-08-13T14:29:24.786462,58.0,78.0,-75.0,-15.0,97.0,-2.0,-10.0,-33.0,-62.0,-54.0,131.0,26.0,80.56,31.700000000000003,-27.33,-12.49,76.14,20.68,-25.369999999999997,-20.97,-38.879999999999995,-9.11,103.66,57.769999999999996
2025-08-13T14:29:24.791966,58.0,-2.0,-95.0,9.0,-4.0,-52.0,50.0,51.0,-39.0,-63.0,55.0,-58.0,80.56,-48.3,-47.33,11.51,-24.86,-29.32,34.63,63.03,-15.879999999999999,-18.11,27.66,-26.23
2025-08-13T14:29:24.795032,-6.0,83.0,-82.0,7.0,33.0,-35.0,73.0,19.0,16.0,-49.0,68.0,-20.0,16.56,36.7,-34.33,9.51,12.14,-12.32,57.63,31.03,39.120000000000005,-4.109999999999999,40.66,11.77
2025-08-13T14:29:24.803246,5.0,20.0,-68.0,46.0,34.0,-33.0,50.0,-59.0,-61.0,-87.0,66.0,-51.0,27.56,-26.299999999999997,-20.33,48.51,13.14,-10.32,34.63,-46.97,-37.879999999999995,-42.11,38.66,-19.23
2025-08-13T14:29:24.810737,40.0,-15.0,-29.0,1.0,57.0,18.0,-15.0,-95.0,-6.0,-62.0,40.0,-41.0,62.56,-61.3,18.67,3.51,36.14,40.68,-30.369999999999997,-82.97,17.12,-17.11,12.66,-9.23
2025-08-13T14:29:24.816324,-12.0,75.0,21.0,-8.0,21.0,-44.0,-22.0,19.0,-73.0,-77.0,79.0,-73.0,10.559999999999999,28.700000000000003,68.67,-5.49,0.14000000000000057,-21.32,-37.37,31.03,-49.879999999999995,-32.11,51.66,-41.230000000000004
2025-08-13T14:29:24.823007,-18.0,109.0,-4.0,-19.0,10.0,-23.0,-7.0,-13.0,-68.0,-49.0,32.0,-78.0,4.559999999999999,62.7,43.67,-16.490000000000002,-10.86,-0.3200000000000003,-22.369999999999997,-0.9700000000000006,-44.879999999999995,-4.109999999999999,4.66,-46.230000000000004
2025-08-13T14:29:24.827609,-63.0,46.0,-39.0,-28.0,84.0,-27.0,25.0,-25.0,-75.0,-85.0,82.0,-86.0,-40.44,-0.29999999999999716,8.670000000000002,-25.490000000000002,63.14,-4.32,9.63,-12.97,-51.879999999999995,-40.11,54.66,-54.230000000000004
2025-08-13T14:29:24.833597,8.0,11.0,-109.0,50.0,-36.0,-40.0,42.0,-60.0,-21.0,9.0,-11.0,11.0,30.56,-35.3,-61.33,52.51,-56.86,-17.32,26.630000000000003,-47.97,2.120000000000001,53.89,-38.34,42.769999999999996
2025-08-13T14:29:24.839755,54.0,42.0,-45.0,6.0,41.0,-23.0,20.0,4.0,-45.0,-35.0,50.0,-50.0,76.56,-4.299999999999997,2.6700000000000017,8.51,20.14,-0.3200000000000003,4.630000000000001,16.03,-21.88,9.89,22.66,-18.23
2025-08-13T14:29:24.845695,11.0,-14.0,-75.0,-12.0,-60.0,-42.0,15.0,4.0,-46.0,-55.0,17.0,-68.0,33.56,-60.3,-27.33,-9.49,-80.86,-19.32,-0.3699999999999992,16.03,-22.88,-10.11,-10.34,-36.230000000000004
2025-08-13T14:29:24.851933,-69.0,10.0,-9.0,-46.0,109.0,-8.0,2.0,37.0,-62.0,-47.0,34.0,-64.0,-46.44,-36.3,38.67,-43.49,88.14,14.68,-13.37,49.03,-38.879999999999995,-2.1099999999999994,6.66,-32.230000000000004
2025-08-13T14:29:24.857902,-9.0,34.0,3.0,-39.0,36.0,5.0,11.0,-37.0,-22.0,-80.0,-23.0,-57.0,13.559999999999999,-12.299999999999997,50.67,-36.49,15.14,27.68,-4.369999999999999,-24.97,1.120000000000001,-35.11,-50.34,-25.23
2025-08-13T14:29:24.864146,-23.0,41.0,-27.0,24.0,77.0,-8.0,56.0,3.0,-47.0,-45.0,4.0,-87.0,-0.4400000000000013,-5.299999999999997,20.67,26.509999999999998,56.14,14.68,40.63,15.03,-23.88,-0.10999999999999943,-23.34,-55.230000000000004
2025-08-13T14:29:24.868740,-57.0,28.0,-70.0,-31.0,72.0,35.0,30.0,6.0,-3.0,-62.0,61.0,-74.0,-34.44,-18.299999999999997,-22.33,-28.490000000000002,51.14,57.68,14.63,18.03,20.12,-17.11,33.66,-42.230000000000004
2025-08-13T14:29:24.876606,-81.0,-7.0,-3.0,27.0,-46.0,3.0,102.0,18.0,-31.0,-98.0,29.0,-59.0,-58.44,-53.3,44.67,29.509999999999998,-66.86,25.68,86.63,30.03,-7.879999999999999,-53.11,1.6600000000000001,-27.23
2025-08-13T14:29:24.880863,-22.0,60.0,-71.0,-15.0,-10.0,12.0,-5.0,-112.0,-70.0,-43.0,27.0,-20.0,0.5599999999999987,13.700000000000003,-23.33,-12.49,-30.86,34.68,-20.369999999999997,-99.97,-46.879999999999995,1.8900000000000006,-0.33999999999999986,11.77
2025-08-13T14:29:24.888771,7.0,20.0,-95.0,34.0,-8.0,-18.0,25.0,-22.0,-25.0,-26.0,25.0,-87.0,29.56,-26.299999999999997,-47.33,36.51,-28.86,4.68,9.63,-9.97,-1.879999999999999,18.89,-2.34,-55.230000000000004
2025-08-13T14:29:24.893082,-64.0,85.0,-107.0,20.0,50.0,66.0,57.0,2.0,20.0,-69.0,49.0,-59.0,-41.44,38.7,-59.33,22.509999999999998,29.14,88.68,41.63,14.03,43.120000000000005,-24.11,21.66,-27.23
2025-08-13T14:29:24.901034,1.0,132.0,-50.0,-5.0,20.0,-5.0,-1.0,-7.0,-34.0,-34.0,-15.0,-11.0,23.56,85.7,-2.3299999999999983,-2.49,-0.8599999999999994,17.68,-16.369999999999997,5.029999999999999,-10.879999999999999,10.89,-42.34,20.77
2025-08-13T14:29:24.905548,-14.0,110.0,-68.0,67.0,45.0,-36.0,25.0,14.0,-11.0,-76.0,37.0,-59.0,8.559999999999999,63.7,-20.33,69.51,24.14,-13.32,9.63,26.03,12.120000000000001,-31.11,9.66,-27.23
2025-08-13T14:29:24.913476,-6.0,58.0,-88.0,26.0,-1.0,-23.0,-12.0,-7.0,-29.0,-83.0,144.0,-70.0,16.56,11.700000000000003,-40.33,28.509999999999998,-21.86,-0.3200000000000003,-27.369999999999997,5.029999999999999,-5.879999999999999,-38.11,116.66,-38.230000000000004
2025-08-13T14:29:24.917690,66.0,24.0,-22.0,13.0,13.0,39.0,-9.0,53.0,3.0,-87.0,81.0,-31.0,88.56,-22.299999999999997,25.67,15.51,-7.859999999999999,61.68,-24.369999999999997,65.03,26.12,-42.11,53.66,0.7699999999999996
2025-08-13T14:29:24.925619,-56.0,-35.0,-32.0,-13.0,22.0,-30.0,14.0,0.0,-57.0,-96.0,80.0,-88.0,-33.44,-81.3,15.670000000000002,-10.49,1.1400000000000006,-7.32,-1.3699999999999992,12.03,-33.879999999999995,-51.11,52.66,-56.230000000000004
2025-08-13T14:29:24.930141,-65.0,99.0,-29.0,-16.0,19.0,-13.0,51.0,-19.0,68.0,-44.0,55.0,-39.0,-42.44,52.7,18.67,-13.49,-1.8599999999999994,9.68,35.63,-6.970000000000001,91.12,0.8900000000000006,27.66,-7.23
2025-08-13T14:29:24.938026,-41.0,103.0,-46.0,-23.0,34.0,-29.0,-38.0,-54.0,0.0,-91.0,11.0,-101.0,-18.44,56.7,1.6700000000000017,-20.490000000000002,13.14,-6.32,-53.37,-41.97,23.12,-46.11,-16.34,-69.23
2025-08-13T14:29:24.942641,10.0,90.0,-19.0,40.0,123.0,-55.0,5.0,-82.0,-36.0,-25.0,-24.0,-50.0,32.56,43.7,28.67,42.51,102.14,-32.32,-10.37,-69.97,-12.879999999999999,19.89,-51.34,-18.23
2025-08-13T14:29:24.950322,6.0,30.0,-116.0,66.0,-9.0,-54.0,-9.0,8.0,-61.0,-46.0,-28.0,-26.0,28.56,-16.299999999999997,-68.33,68.51,-29.86,-31.32,-24.369999999999997,20.03,-37.879999999999995,-1.1099999999999994,-55.34,5.77
2025-08-13T14:29:24.954912,-9.0,9.0,-123.0,20.0,-41.0,-79.0,4.0,72.0,-67.0,-60.0,139.0,-62.0,13.559999999999999,-37.3,-75.33,22.509999999999998,-61.86,-56.32,-11.37,84.03,-43.879999999999995,-15.11,111.66,-30.23
2025-08-13T14:29:24.963111,-51.0,18.0,-40.0,45.0,7.0,-21.0,29.0,12.0,-25.0,-75.0,63.0,-46.0,-28.44,-28.299999999999997,7.670000000000002,47.51,-13.86,1.6799999999999997,13.63,24.03,-1.879999999999999,-30.11,35.66,-14.23
2025-08-13T14:29:24.967197,-83.0,10.0,-26.0,8.0,-57.0,-56.0,58.0,66.0,-7.0,-33.0,10.0,-22.0,-60.44,-36.3,21.67,10.51,-77.86,-33.32,42.63,78.03,16.12,11.89,-17.34,9.77
2025-08-13T14:29:24.974985,-101.0,65.0,-49.0,-22.0,80.0,-14.0,20.0,-22.0,-23.0,-15.0,53.0,-47.0,-78.44,18.700000000000003,-1.3299999999999983,-19.490000000000002,59.14,8.68,4.630000000000001,-9.97,0.120000000000001,29.89,25.66,-15.23
2025-08-13T14:29:24.981085,-18.0,123.0,-99.0,-33.0,55.0,12.0,50.0,41.0,-42.0,-14.0,38.0,-43.0,4.559999999999999,76.7,-51.33,-30.490000000000002,34.14,34.68,34.63,53.03,-18.88,30.89,10.66,-11.23
2025-08-13T14:29:24.989679,62.0,80.0,-46.0,-39.0,77.0,2.0,64.0,-12.0,6.0,-67.0,44.0,-85.0,84.56,33.7,1.6700000000000017,-36.49,56.14,24.68,48.63,0.02999999999999936,29.12,-22.11,16.66,-53.230000000000004
2025-08-13T14:29:24.997199,9.0,26.0,-35.0,-26.0,78.0,-67.0,39.0,35.0,-27.0,-71.0,81.0,-103.0,31.56,-20.299999999999997,12.670000000000002,-23.490000000000002,57.14,-44.32,23.630000000000003,47.03,-3.879999999999999,-26.11,53.66,-71.23
2025-08-13T14:29:25.002088,4.0,-7.0,-16.0,-22.0,12.0,-18.0,54.0,-55.0,1.0,-88.0,11.0,-76.0,26.56,-53.3,31.67,-19.490000000000002,-8.86,4.68,38.63,-42.97,24.12,-43.11,-16.34,-44.230000000000004
2025-08-13T14:29:25.005902,37.0,-3.0,-36.0,-18.0,1.0,21.0,-23.0,1.0,-49.0,-62.0,56.0,-46.0,59.56,-49.3,11.670000000000002,-15.49,-19.86,43.68,-38.37,13.03,-25.88,-17.11,28.66,-14.23
2025-08-13T14:29:25.008470,5.0,7.0,-31.0,5.0,11.0,14.0,15.0,-2.0,4.0,-50.0,34.0,-14.0,27.56,-39.3,16.67,7.51,-9.86,36.68,-0.3699999999999992,10.03,27.12,-5.109999999999999,6.66,17.77
2025-08-13T14:29:25.015706,33.0,-35.0,-51.0,-41.0,62.0,13.0,18.0,-10.0,9.0,-81.0,90.0,-29.0,55.56,-81.3,-3.3299999999999983,-38.49,41.14,35.68,2.630000000000001,2.0299999999999994,32.120000000000005,-36.11,62.66,2.7699999999999996
2025-08-13T14:29:25.024175,-44.0,38.0,-61.0,-56.0,56.0,-102.0,-10.0,-73.0,21.0,-57.0,7.0,-49.0,-21.44,-8.299999999999997,-13.329999999999998,-53.49,35.14,-79.32,-25.369999999999997,-60.97,44.120000000000005,-12.11,-20.34,-17.23
2025-08-13T14:29:25.028097,-65.0,43.0,-92.0,4.0,-40.0,-87.0,-9.0,-24.0,18.0,2.0,28.0,-83.0,-42.44,-3.299999999999997,-44.33,6.51,-60.86,-64.32,-24.369999999999997,-11.97,41.120000000000005,46.89,0.6600000000000001,-51.230000000000004
2025-08-13T14:29:25.032492,-107.0,5.0,1.0,33.0,60.0,-49.0,52.0,-38.0,-34.0,-51.0,8.0,-83.0,-84.44,-41.3,48.67,35.51,39.14,-26.32,36.63,-25.97,-10.879999999999999,-6.109999999999999,-19.34,-51.230000000000004
2025-08-13T14:29:25.040408,-74.0,59.0,-28.0,9.0,20.0,-16.0,113.0,34.0,-28.0,-38.0,96.0,26.0,-51.44,12.700000000000003,19.67,11.51,-0.8599999999999994,6.68,97.63,46.03,-4.879999999999999,6.890000000000001,68.66,57.769999999999996
2025-08-13T14:29:25.048305,-115.0,91.0,-100.0,-27.0,14.0,-26.0,1.0,-38.0,-64.0,-29.0,73.0,-52.0,-92.44,44.7,-52.33,-24.490000000000002,-6.859999999999999,-3.3200000000000003,-14.37,-25.97,-40.879999999999995,15.89,45.66,-20.23
2025-08-13T14:29:25.052733,30.0,85.0,-89.0,-29.0,2.0,9.0,-21.0,33.0,5.0,-43.0,73.0,-126.0,52.56,38.7,-41.33,-26.490000000000002,-18.86,31.68,-36.37,45.03,28.12,1.8900000000000006,45.66,-94.23
2025-08-13T14:29:25.056650,20.0,40.0,-109.0,-11.0,57.0,17.0,31.0,5.0,-24.0,-94.0,13.0,-33.0,42.56,-6.299999999999997,-61.33,-8.49,36.14,39.68,15.63,17.03,-0.879999999999999,-49.11,-14.34,-1.2300000000000004
2025-08-13T14:29:25.064899,-31.0,-17.0,-75.0,-14.0,12.0,14.0,15.0,27.0,-18.0,-87.0,113.0,-56.0,-8.440000000000001,-63.3,-27.33,-11.49,-8.86,36.68,-0.3699999999999992,39.03,5.120000000000001,-42.11,85.66,-24.23
2025-08-13T14:29:25.068944,-37.0,79.0,-22.0,19.0,89.0,-81.0,25.0,40.0,18.0,-52.0,24.0,-33.0,-14.440000000000001,32.7,25.67,21.509999999999998,68.14,-58.32,9.63,52.03,41.120000000000005,-7.109999999999999,-3.34,-1.2300000000000004
2025-08-13T14:29:25.077287,-76.0,31.0,-32.0,13.0,-17.0,-1.0,-31.0,-30.0,-22.0,-67.0,-24.0,-25.0,-53.44,-15.299999999999997,15.670000000000002,15.51,-37.86,21.68,-46.37,-17.97,1.120000000000001,-22.11,-51.34,6.77
2025-08-13T14:29:25.081520,-98.0,87.0,1.0,-4.0,-27.0,-14.0,-32.0,-26.0,-63.0,-80.0,18.0,-80.0,-75.44,40.7,48.67,-1.4900000000000002,-47.86,8.68,-47.37,-13.97,-39.879999999999995,-35.11,-9.34,-48.230000000000004
2025-08-13T14:29:25.089551,6.0,104.0,-88.0,103.0,20.0,-47.0,-31.0,78.0,-43.0,-68.0,58.0,-1.0,28.56,57.7,-40.33,105.51,-0.8599999999999994,-24.32,-46.37,90.03,-19.88,-23.11,30.66,30.77
2025-08-13T14:29:25.097568,-16.0,86.0,-94.0,37.0,-33.0,-90.0,-41.0,-19.0,-10.0,-69.0,48.0,-19.0,6.559999999999999,39.7,-46.33,39.51,-53.86,-67.32,-56.37,-6.970000000000001,13.120000000000001,-24.11,20.66,12.77
2025-08-13T14:29:25.101857,69.0,51.0,-77.0,-30.0,-5.0,26.0,52.0,-15.0,-19.0,-70.0,-58.0,-133.0,91.56,4.700000000000003,-29.33,-27.490000000000002,-25.86,48.68,36.63,-2.9700000000000006,4.120000000000001,-25.11,-85.34,-101.23
2025-08-13T14:29:25.105833,-50.0,72.0,-95.0,-16.0,24.0,32.0,78.0,57.0,-41.0,-8.0,67.0,-13.0,-27.44,25.700000000000003,-47.33,-13.49,3.1400000000000006,54.68,62.63,69.03,-17.88,36.89,39.66,18.77
2025-08-13T14:29:25.114180,8.0,46.0,-66.0,-31.0,23.0,-18.0,29.0,20.0,-77.0,-71.0,44.0,-69.0,30.56,-0.29999999999999716,-18.33,-28.490000000000002,2.1400000000000006,4.68,13.63,32.03,-53.879999999999995,-26.11,16.66,-37.230000000000004
2025-08-13T14:29:25.118734,-30.0,5.0,-59.0,-77.0,73.0,-30.0,70.0,-4.0,-66.0,-79.0,11.0,-77.0,-7.440000000000001,-41.3,-11.329999999999998,-74.49,52.14,-7.32,54.63,8.03,-42.879999999999995,-34.11,-16.34,-45.230000000000004
2025-08-13T14:29:25.126288,28.0,92.0,-60.0,-71.0,-19.0,0.0,28.0,25.0,50.0,-86.0,13.0,-81.0,50.56,45.7,-12.329999999999998,-68.49,-39.86,22.68,12.63,37.03,73.12,-41.11,-14.34,-49.230000000000004
2025-08-13T14:29:25.130379,-11.0,-22.0,-25.0,9.0,16.0,-27.0,40.0,60.0,-55.0,-18.0,59.0,-58.0,11.559999999999999,-68.3,22.67,11.51,-4.859999999999999,-4.32,24.630000000000003,72.03,-31.88,26.89,31.66,-26.23
2025-08-13T14:29:25.138839,-102.0,8.0,-116.0,-13.0,-50.0,-33.0,89.0,-25.0,-43.0,-88.0,53.0,-40.0,-79.44,-38.3,-68.33,-10.49,-70.86,-10.32,73.63,-12.97,-19.88,-43.11,25.66,-8.23
2025-08-13T14:29:25.142885,-39.0,65.0,-65.0,-63.0,9.0,2.0,-2.0,1.0,-54.0,-37.0,48.0,-24.0,-16.44,18.700000000000003,-17.33,-60.49,-11.86,24.68,-17.369999999999997,13.03,-30.88,7.890000000000001,20.66,7.77
2025-08-13T14:29:25.150897,-67.0,101.0,33.0,-33.0,-54.0,0.0,12.0,48.0,-35.0,-54.0,16.0,-80.0,-44.44,54.7,80.67,-30.490000000000002,-74.86,22.68,-3.369999999999999,60.03,-11.879999999999999,-9.11,-11.34,-48.230000000000004
2025-08-13T14:29:25.154967,-67.0,47.0,-81.0,-32.0,40.0,-59.0,7.0,26.0,-24.0,-69.0,-24.0,-57.0,-44.44,0.7000000000000028,-33.33,-29.490000000000002,19.14,-36.32,-8.37,38.03,-0.879999999999999,-24.11,-51.34,-25.23
2025-08-13T14:29:25.163096,-21.0,74.0,-92.0,85.0,33.0,-33.0,8.0,56.0,32.0,-3.0,65.0,-56.0,1.5599999999999987,27.700000000000003,-44.33,87.51,12.14,-10.32,-7.369999999999999,68.03,55.120000000000005,41.89,37.66,-24.23
2025-08-13T14:29:25.167548,11.0,56.0,-53.0,20.0,34.0,-32.0,79.0,-21.0,-79.0,-9.0,19.0,-59.0,33.56,9.700000000000003,-5.329999999999998,22.509999999999998,13.14,-9.32,63.63,-8.97,-55.879999999999995,35.89,-8.34,-27.23
2025-08-13T14:29:25.175377,-3.0,47.0,-125.0,30.0,1.0,-38.0,43.0,-58.0,-36.0,-110.0,36.0,0.0,19.56,0.7000000000000028,-77.33,32.51,-19.86,-15.32,27.630000000000003,-45.97,-12.879999999999999,-65.11,8.66,31.77
2025-08-13T14:29:25.179800,5.0,56.0,-24.0,59.0,30.0,-14.0,46.0,-49.0,-59.0,-72.0,83.0,-69.0,27.56,9.700000000000003,23.67,61.51,9.14,8.68,30.630000000000003,-36.97,-35.879999999999995,-27.11,55.66,-37.230000000000004
2025-08-13T14:29:25.187617,-75.0,-9.0,-18.0,-49.0,38.0,-24.0,38.0,59.0,13.0,-120.0,84.0,2.0,-52.44,-55.3,29.67,-46.49,17.14,-1.3200000000000003,22.630000000000003,71.03,36.120000000000005,-75.11,56.66,33.769999999999996
2025-08-13T14:29:25.191988,63.0,147.0,-34.0,-28.0,40.0,-14.0,35.0,31.0,20.0,-24.0,31.0,-42.0,85.56,100.7,13.670000000000002,-25.490000000000002,19.14,8.68,19.630000000000003,43.03,43.120000000000005,20.89,3.66,-10.23
2025-08-13T14:29:25.200003,-14.0,115.0,-73.0,-21.0,18.0,-30.0,29.0,-50.0,7.0,-55.0,10.0,-62.0,8.559999999999999,68.7,-25.33,-18.490000000000002,-2.8599999999999994,-7.32,13.63,-37.97,30.12,-10.11,-17.34,-30.23
2025-08-13T14:29:25.204384,34.0,81.0,-82.0,25.0,125.0,-24.0,21.0,60.0,9.0,-24.0,90.0,-69.0,56.56,34.7,-34.33,27.509999999999998,104.14,-1.3200000000000003,5.630000000000001,72.03,32.120000000000005,20.89,62.66,-37.230000000000004
2025-08-13T14:29:25.212371,12.0,53.0,-69.0,-5.0,1.0,-62.0,-21.0,5.0,7.0,-60.0,-6.0,-39.0,34.56,6.700000000000003,-21.33,-2.49,-19.86,-39.32,-36.37,17.03,30.12,-15.11,-33.34,-7.23
2025-08-13T14:29:25.216839,-6.0,44.0,-126.0,-20.0,4.0,-51.0,-37.0,30.0,-18.0,-18.0,37.0,-5.0,16.56,-2.299999999999997,-78.33,-17.490000000000002,-16.86,-28.32,-52.37,42.03,5.120000000000001,26.89,9.66,26.77
2025-08-13T14:29:25.224839,27.0,0.0,-80.0,7.0,48.0,12.0,-35.0,63.0,-26.0,-54.0,101.0,14.0,49.56,-46.3,-32.33,9.51,27.14,34.68,-50.37,75.03,-2.879999999999999,-9.11,73.66,45.769999999999996
2025-08-13T14:29:25.229198,19.0,99.0,-96.0,-10.0,-11.0,-32.0,-5.0,25.0,-18.0,-81.0,28.0,-46.0,41.56,52.7,-48.33,-7.49,-31.86,-9.32,-20.369999999999997,37.03,5.120000000000001,-36.11,0.6600000000000001,-14.23
2025-08-13T14:29:25.236892,-5.0,-53.0,-7.0,-15.0,10.0,24.0,-26.0,-23.0,59.0,-73.0,19.0,-49.0,17.56,-99.3,40.67,-12.49,-10.86,46.68,-41.37,-10.97,82.12,-28.11,-8.34,-17.23
2025-08-13T14:29:25.241934,-53.0,-79.0,-10.0,-48.0,69.0,-50.0,14.0,-33.0,2.0,-23.0,81.0,17.0,-30.44,-125.3,37.67,-45.49,48.14,-27.32,-1.3699999999999992,-20.97,25.12,21.89,53.66,48.769999999999996
2025-08-13T14:29:25.249152,-62.0,59.0,-35.0,6.0,22.0,-46.0,-1.0,4.0,2.0,-79.0,-33.0,35.0,-39.44,12.700000000000003,12.670000000000002,8.51,1.1400000000000006,-23.32,-16.369999999999997,16.03,25.12,-34.11,-60.34,66.77
2025-08-13T14:29:25.254024,-1.0,36.0,2.0,20.0,81.0,14.0,-22.0,5.0,-41.0,-68.0,44.0,-21.0,21.56,-10.299999999999997,49.67,22.509999999999998,60.14,36.68,-37.37,17.03,-17.88,-23.11,16.66,10.77
2025-08-13T14:29:25.261377,-14.0,101.0,-99.0,31.0,-32.0,31.0,8.0,39.0,57.0,-74.0,12.0,-17.0,8.559999999999999,54.7,-51.33,33.51,-52.86,53.68,-7.369999999999999,51.03,80.12,-29.11,-15.34,14.77
2025-08-13T14:29:25.266561,-40.0,83.0,-101.0,5.0,-24.0,-38.0,11.0,-6.0,-12.0,-42.0,-40.0,14.0,-17.44,36.7,-53.33,7.51,-44.86,-15.32,-4.369999999999999,6.029999999999999,11.120000000000001,2.8900000000000006,-67.34,45.769999999999996
2025-08-13T14:29:25.270467,55.0,58.0,-43.0,0.0,22.0,16.0,6.0,18.0,4.0,-18.0,-14.0,4.0,77.56,11.700000000000003,4.670000000000002,2.51,1.1400000000000006,38.68,-9.37,30.03,27.12,26.89,-41.34,35.769999999999996
2025-08-13T14:29:25.278290,12.0,58.0,-108.0,-28.0,16.0,-10.0,-14.0,61.0,-34.0,34.0,-51.0,75.0,34.56,11.700000000000003,-60.33,-25.490000000000002,-4.859999999999999,12.68,-29.369999999999997,73.03,-10.879999999999999,78.89,-78.34,106.77
2025-08-13T14:29:25.282955,26.0,76.0,-70.0,-67.0,87.0,25.0,59.0,96.0,25.0,-13.0,-73.0,-9.0,48.56,29.700000000000003,-22.33,-64.49,66.14,47.68,43.63,108.03,48.120000000000005,31.89,-100.34,22.77
2025-08-13T14:29:25.291514,2.0,36.0,-92.0,9.0,85.0,-6.0,-13.0,27.0,-21.0,-20.0,28.0,-30.0,24.56,-10.299999999999997,-44.33,11.51,64.14,16.68,-28.369999999999997,39.03,2.120000000000001,24.89,0.6600000000000001,1.7699999999999996
2025-08-13T14:29:25.298921,-18.0,64.0,-102.0,-4.0,39.0,-73.0,-18.0,35.0,-29.0,36.0,-5.0,-27.0,4.559999999999999,17.700000000000003,-54.33,-1.4900000000000002,18.14,-50.32,-33.37,47.03,-5.879999999999999,80.89,-32.34,4.77
2025-08-13T14:29:25.304894,-11.0,-30.0,-24.0,-17.0,42.0,14.0,-14.0,1.0,-92.0,19.0,-6.0,-18.0,11.559999999999999,-76.3,23.67,-14.49,21.14,36.68,-29.369999999999997,13.03,-68.88,63.89,-33.34,13.77
2025-08-13T14:29:25.308769,-1.0,19.0,-18.0,9.0,-24.0,-50.0,9.0,31.0,-29.0,-81.0,-31.0,-47.0,21.56,-27.299999999999997,29.67,11.51,-44.86,-27.32,-6.369999999999999,43.03,-5.879999999999999,-36.11,-58.34,-15.23
2025-08-13T14:29:25.315560,-95.0,36.0,-13.0,-18.0,-16.0,-37.0,-40.0,48.0,-59.0,-90.0,21.0,25.0,-72.44,-10.299999999999997,34.67,-15.49,-36.86,-14.32,-55.37,60.03,-35.879999999999995,-45.11,-6.34,56.769999999999996
2025-08-13T14:29:25.319452,-49.0,78.0,-22.0,46.0,-11.0,-19.0,30.0,8.0,-88.0,-27.0,-64.0,-7.0,-26.44,31.700000000000003,25.67,48.51,-31.86,3.6799999999999997,14.63,20.03,-64.88,17.89,-91.34,24.77
2025-08-13T14:29:25.326935,-82.0,74.0,-32.0,-55.0,30.0,-92.0,-26.0,15.0,-65.0,73.0,-41.0,-2.0,-59.44,27.700000000000003,15.670000000000002,-52.49,9.14,-69.32,-41.37,27.03,-41.879999999999995,117.89,-68.34,29.77
2025-08-13T14:29:25.331308,-53.0,134.0,-114.0,-65.0,20.0,-11.0,28.0,41.0,-79.0,-58.0,-2.0,25.0,-30.44,87.7,-66.33,-62.49,-0.8599999999999994,11.68,12.63,53.03,-55.879999999999995,-13.11,-29.34,56.769999999999996
2025-08-13T14:29:25.339204,-45.0,23.0,-78.0,88.0,32.0,-54.0,62.0,-16.0,-57.0,20.0,30.0,-5.0,-22.44,-23.299999999999997,-30.33,90.51,11.14,-31.32,46.63,-3.9700000000000006,-33.879999999999995,64.89,2.66,26.77
2025-08-13T14:29:25.343848,24.0,12.0,-87.0,42.0,-17.0,-45.0,112.0,35.0,-48.0,42.0,-43.0,-21.0,46.56,-34.3,-39.33,44.51,-37.86,-22.32,96.63,47.03,-24.88,86.89,-70.34,10.77
2025-08-13T14:29:25.351659,-29.0,58.0,-33.0,45.0,38.0,-43.0,78.0,-10.0,-8.0,48.0,33.0,16.0,-6.440000000000001,11.700000000000003,14.670000000000002,47.51,17.14,-20.32,62.63,2.0299999999999994,15.120000000000001,92.89,5.66,47.769999999999996
2025-08-13T14:29:25.355728,-135.0,95.0,-29.0,-1.0,44.0,-1.0,2.0,45.0,-34.0,31.0,8.0,-70.0,-112.44,48.7,18.67,1.5099999999999998,23.14,21.68,-13.37,57.03,-10.879999999999999,75.89,-19.34,-38.230000000000004
2025-08-13T14:29:25.363882,-40.0,-3.0,-85.0,-16.0,59.0,-4.0,-18.0,-89.0,5.0,22.0,-61.0,21.0,-17.44,-49.3,-37.33,-13.49,38.14,18.68,-33.37,-76.97,28.12,66.89,-88.34,52.769999999999996
2025-08-13T14:29:25.368146,-34.0,5.0,-68.0,-28.0,20.0,-12.0,9.0,-57.0,-48.0,9.0,-57.0,-60.0,-11.440000000000001,-41.3,-20.33,-25.490000000000002,-0.8599999999999994,10.68,-6.369999999999999,-44.97,-24.88,53.89,-84.34,-28.23
2025-08-13T14:29:25.376135,-87.0,-45.0,-78.0,26.0,33.0,-51.0,-26.0,-80.0,1.0,-52.0,-79.0,-7.0,-64.44,-91.3,-30.33,28.509999999999998,12.14,-28.32,-41.37,-67.97,24.12,-7.109999999999999,-106.34,24.77
2025-08-13T14:29:25.380289,-28.0,61.0,-54.0,9.0,50.0,0.0,-9.0,-29.0,-7.0,-43.0,-3.0,38.0,-5.440000000000001,14.700000000000003,-6.329999999999998,11.51,29.14,22.68,-24.369999999999997,-16.97,16.12,1.8900000000000006,-30.34,69.77
2025-08-13T14:29:25.388482,-63.0,76.0,-48.0,-15.0,28.0,-7.0,24.0,-67.0,-14.0,-2.0,-16.0,24.0,-40.44,29.700000000000003,-0.3299999999999983,-12.49,7.140000000000001,15.68,8.63,-54.97,9.120000000000001,42.89,-43.34,55.769999999999996
2025-08-13T14:29:25.392641,-73.0,104.0,-72.0,-22.0,71.0,-72.0,24.0,35.0,-36.0,50.0,-72.0,-51.0,-50.44,57.7,-24.33,-19.490000000000002,50.14,-49.32,8.63,47.03,-12.879999999999999,94.89,-99.34,-19.23
2025-08-13T14:29:25.400595,-10.0,53.0,-86.0,21.0,16.0,6.0,5.0,-33.0,-75.0,-41.0,27.0,-23.0,12.559999999999999,6.700000000000003,-38.33,23.509999999999998,-4.859999999999999,28.68,-10.37,-20.97,-51.879999999999995,3.8900000000000006,-0.33999999999999986,8.77
2025-08-13T14:29:25.405101,-51.0,-3.0,-178.0,-10.0,16.0,-104.0,-82.0,60.0,-3.0,30.0,-25.0,-20.0,-28.44,-49.3,-130.32999999999998,-7.49,-4.859999999999999,-81.32,-97.37,72.03,20.12,74.89,-52.34,11.77
2025-08-13T14:29:25.413000,17.0,34.0,-168.0,14.0,-43.0,-77.0,-18.0,36.0,-26.0,12.0,0.0,-60.0,39.56,-12.299999999999997,-120.33,16.509999999999998,-63.86,-54.32,-33.37,48.03,-2.879999999999999,56.89,-27.34,-28.23
2025-08-13T14:29:25.417315,13.0,36.0,-120.0,82.0,56.0,8.0,-72.0,30.0,-35.0,36.0,-7.0,-38.0,35.56,-10.299999999999997,-72.33,84.51,35.14,30.68,-87.37,42.03,-11.879999999999999,80.89,-34.34,-6.23
2025-08-13T14:29:25.425430,-44.0,83.0,-102.0,13.0,26.0,-34.0,-57.0,-24.0,-12.0,-58.0,-18.0,18.0,-21.44,36.7,-54.33,15.51,5.140000000000001,-11.32,-72.37,-11.97,11.120000000000001,-13.11,-45.34,49.769999999999996
2025-08-13T14:29:25.430432,31.0,0.0,-36.0,-4.0,81.0,-10.0,46.0,27.0,-117.0,21.0,-25.0,-17.0,53.56,-46.3,11.670000000000002,-1.4900000000000002,60.14,12.68,30.630000000000003,39.03,-93.88,65.89,-52.34,14.77
2025-08-13T14:29:25.437464,-76.0,84.0,-56.0,-13.0,36.0,-96.0,21.0,47.0,-20.0,15.0,2.0,-45.0,-53.44,37.7,-8.329999999999998,-10.49,15.14,-73.32,5.630000000000001,59.03,3.120000000000001,59.89,-25.34,-13.23
2025-08-13T14:29:25.442616,-56.0,105.0,-146.0,52.0,15.0,-43.0,4.0,-4.0,-66.0,37.0,-30.0,-25.0,-33.44,58.7,-98.33,54.51,-5.859999999999999,-20.32,-11.37,8.03,-42.879999999999995,81.89,-57.34,6.77
2025-08-13T14:29:25.449805,-33.0,105.0,-124.0,-12.0,-3.0,-46.0,-6.0,-13.0,-62.0,66.0,13.0,-20.0,-10.440000000000001,58.7,-76.33,-9.49,-23.86,-23.32,-21.369999999999997,-0.9700000000000006,-38.879999999999995,110.89,-14.34,11.77
2025-08-13T14:29:25.454297,34.0,39.0,-28.0,-7.0,-25.0,-37.0,7.0,51.0,7.0,-3.0,13.0,-31.0,56.56,-7.299999999999997,19.67,-4.49,-45.86,-14.32,-8.37,63.03,30.12,41.89,-14.34,0.7699999999999996
2025-08-13T14:29:25.458680,18.0,45.0,-77.0,-8.0,4.0,-38.0,12.0,5.0,-18.0,-47.0,37.0,5.0,40.56,-1.2999999999999972,-29.33,-5.49,-16.86,-15.32,-3.369999999999999,17.03,5.120000000000001,-2.1099999999999994,9.66,36.769999999999996
2025-08-13T14:29:25.466522,11.0,129.0,-109.0,33.0,-5.0,0.0,-15.0,3.0,4.0,25.0,9.0,-22.0,33.56,82.7,-61.33,35.51,-25.86,22.68,-30.369999999999997,15.03,27.12,69.89,-18.34,9.77
2025-08-13T14:29:25.470895,30.0,41.0,-100.0,32.0,-24.0,-58.0,-52.0,26.0,-97.0,19.0,13.0,27.0,52.56,-5.299999999999997,-52.33,34.51,-44.86,-35.32,-67.37,38.03,-73.88,63.89,-14.34,58.769999999999996
2025-08-13T14:29:25.478742,81.0,-21.0,-107.0,52.0,162.0,-58.0,64.0,-65.0,-44.0,24.0,-8.0,-37.0,103.56,-67.3,-59.33,54.51,141.14,-35.32,48.63,-52.97,-20.88,68.89,-35.34,-5.23
2025-08-13T14:29:25.483258,67.0,47.0,31.0,21.0,26.0,-53.0,-17.0,18.0,-57.0,-1.0,1.0,-37.0,89.56,0.7000000000000028,78.67,23.509999999999998,5.140000000000001,-30.32,-32.37,30.03,-33.879999999999995,43.89,-26.34,-5.23
2025-08-13T14:29:25.491127,-27.0,28.0,-54.0,6.0,60.0,-56.0,-6.0,23.0,-59.0,57.0,-3.0,0.0,-4.440000000000001,-18.299999999999997,-6.329999999999998,8.51,39.14,-33.32,-21.369999999999997,35.03,-35.879999999999995,101.89,-30.34,31.77
2025-08-13T14:29:25.495632,-31.0,54.0,-74.0,29.0,10.0,-96.0,-28.0,-38.0,-11.0,-24.0,-3.0,20.0,-8.440000000000001,7.700000000000003,-26.33,31.509999999999998,-10.86,-73.32,-43.37,-25.97,12.120000000000001,20.89,-30.34,51.769999999999996
2025-08-13T14:29:25.503325,-72.0,48.0,-46.0,-14.0,-13.0,-23.0,-34.0,6.0,-105.0,-32.0,-42.0,-62.0,-49.44,1.7000000000000028,1.6700000000000017,-11.49,-33.86,-0.3200000000000003,-49.37,18.03,-81.88,12.89,-69.34,-30.23
2025-08-13T14:29:25.508016,-44.0,104.0,-50.0,-39.0,56.0,-69.0,34.0,54.0,-21.0,-1.0,44.0,5.0,-21.44,57.7,-2.3299999999999983,-36.49,35.14,-46.32,18.630000000000003,66.03,2.120000000000001,43.89,16.66,36.769999999999996
2025-08-13T14:29:25.515499,2.0,95.0,-84.0,-36.0,-12.0,-1.0,-39.0,31.0,-76.0,8.0,22.0,-37.0,24.56,48.7,-36.33,-33.49,-32.86,21.68,-54.37,43.03,-52.879999999999995,52.89,-5.34,-5.23
2025-08-13T14:29:25.520084,-8.0,130.0,-62.0,12.0,-21.0,-66.0,65.0,33.0,-7.0,66.0,-33.0,-38.0,14.559999999999999,83.7,-14.329999999999998,14.51,-41.86,-43.32,49.63,45.03,16.12,110.89,-60.34,-6.23
2025-08-13T14:29:25.527615,-25.0,55.0,-76.0,-33.0,30.0,-6.0,14.0,22.0,-77.0,51.0,50.0,7.0,-2.4400000000000013,8.700000000000003,-28.33,-30.490000000000002,9.14,16.68,-1.3699999999999992,34.03,-53.879999999999995,95.89,22.66,38.769999999999996
2025-08-13T14:29:25.532131,-19.0,65.0,-114.0,-54.0,-21.0,2.0,1.0,-46.0,-76.0,21.0,3.0,-86.0,3.5599999999999987,18.700000000000003,-66.33,-51.49,-41.86,24.68,-14.37,-33.97,-52.879999999999995,65.89,-24.34,-54.230000000000004
2025-08-13T14:29:25.540283,46.0,63.0,-77.0,55.0,54.0,-55.0,44.0,14.0,-20.0,17.0,-41.0,-22.0,68.56,16.700000000000003,-29.33,57.51,33.14,-32.32,28.630000000000003,26.03,3.120000000000001,61.89,-68.34,9.77
2025-08-13T14:29:25.544592,45.0,74.0,-68.0,18.0,15.0,-48.0,-44.0,-61.0,9.0,37.0,-33.0,30.0,67.56,27.700000000000003,-20.33,20.509999999999998,-5.859999999999999,-25.32,-59.37,-48.97,32.120000000000005,81.89,-60.34,61.769999999999996
2025-08-13T14:29:25.552557,-18.0,-24.0,-66.0,-34.0,-17.0,-39.0,49.0,-33.0,-28.0,33.0,15.0,35.0,4.559999999999999,-70.3,-18.33,-31.490000000000002,-37.86,-16.32,33.63,-20.97,-4.879999999999999,77.89,-12.34,66.77
2025-08-13T14:29:25.556861,8.0,123.0,-65.0,43.0,-11.0,-12.0,-3.0,-12.0,-32.0,-88.0,-15.0,-6.0,30.56,76.7,-17.33,45.51,-31.86,10.68,-18.369999999999997,0.02999999999999936,-8.879999999999999,-43.11,-42.34,25.77
2025-08-13T14:29:25.564770,-4.0,71.0,-39.0,14.0,48.0,-36.0,-1.0,-17.0,-102.0,38.0,-58.0,9.0,18.56,24.700000000000003,8.670000000000002,16.509999999999998,27.14,-13.32,-16.369999999999997,-4.970000000000001,-78.88,82.89,-85.34,40.769999999999996
2025-08-13T14:29:25.569766,-40.0,155.0,-37.0,-75.0,18.0,-69.0,13.0,-3.0,-32.0,7.0,8.0,21.0,-17.44,108.7,10.670000000000002,-72.49,-2.8599999999999994,-46.32,-2.369999999999999,9.03,-8.879999999999999,51.89,-19.34,52.769999999999996
2025-08-13T14:29:25.576895,-26.0,92.0,-12.0,18.0,38.0,-34.0,-33.0,-42.0,-73.0,-39.0,-31.0,10.0,-3.4400000000000013,45.7,35.67,20.509999999999998,17.14,-11.32,-48.37,-29.97,-49.879999999999995,5.890000000000001,-58.34,41.769999999999996
2025-08-13T14:29:25.582052,-38.0,41.0,-130.0,-29.0,-22.0,-73.0,15.0,-34.0,-16.0,34.0,14.0,-28.0,-15.440000000000001,-5.299999999999997,-82.33,-26.490000000000002,-42.86,-50.32,-0.3699999999999992,-21.97,7.120000000000001,78.89,-13.34,3.7699999999999996
2025-08-13T14:29:25.589391,-48.0,67.0,-122.0,-4.0,94.0,-84.0,-63.0,-47.0,-79.0,29.0,-64.0,-41.0,-25.44,20.700000000000003,-74.33,-1.4900000000000002,73.14,-61.32,-78.37,-34.97,-55.879999999999995,73.89,-91.34,-9.23
2025-08-13T14:29:25.593999,32.0,34.0,-75.0,-29.0,94.0,-36.0,-45.0,-70.0,-70.0,13.0,-53.0,-55.0,54.56,-12.299999999999997,-27.33,-26.490000000000002,73.14,-13.32,-60.37,-57.97,-46.879999999999995,57.89,-80.34,-23.23
2025-08-13T14:29:25.601520,54.0,24.0,-42.0,-69.0,15.0,-37.0,-18.0,12.0,-42.0,84.0,6.0,-1.0,76.56,-22.299999999999997,5.670000000000002,-66.49,-5.859999999999999,-14.32,-33.37,24.03,-18.88,128.89,-21.34,30.77
2025-08-13T14:29:25.606177,-62.0,80.0,-82.0,-29.0,63.0,-57.0,-27.0,-38.0,-41.0,28.0,0.0,9.0,-39.44,33.7,-34.33,-26.490000000000002,42.14,-34.32,-42.37,-25.97,-17.88,72.89,-27.34,40.769999999999996
2025-08-13T14:29:25.613804,-29.0,68.0,-3.0,-51.0,-66.0,-24.0,-1.0,-40.0,-16.0,-19.0,22.0,0.0,-6.440000000000001,21.700000000000003,44.67,-48.49,-86.86,-1.3200000000000003,-16.369999999999997,-27.97,7.120000000000001,25.89,-5.34,31.77
2025-08-13T14:29:25.619826,-39.0,28.0,-18.0,63.0,28.0,-71.0,-23.0,18.0,-7.0,19.0,34.0,25.0,-16.44,-18.299999999999997,29.67,65.51,7.140000000000001,-48.32,-38.37,30.03,16.12,63.89,6.66,56.769999999999996
2025-08-13T14:29:25.627132,-23.0,125.0,-121.0,10.0,3.0,-64.0,-24.0,-13.0,-10.0,4.0,0.0,-18.0,-0.4400000000000013,78.7,-73.33,12.51,-17.86,-41.32,-39.37,-0.9700000000000006,13.120000000000001,48.89,-27.34,13.77
2025-08-13T14:29:25.632859,9.0,82.0,-142.0,45.0,24.0,32.0,-34.0,8.0,-19.0,55.0,22.0,-33.0,31.56,35.7,-94.33,47.51,3.1400000000000006,54.68,-49.37,20.03,4.120000000000001,99.89,-5.34,-1.2300000000000004
2025-08-13T14:29:25.638340,80.0,172.0,-130.0,-17.0,47.0,7.0,61.0,28.0,-31.0,-77.0,28.0,54.0,102.56,125.7,-82.33,-14.49,26.14,29.68,45.63,40.03,-7.879999999999999,-32.11,0.6600000000000001,85.77
2025-08-13T14:29:25.643387,33.0,18.0,-141.0,-15.0,12.0,-33.0,21.0,39.0,22.0,4.0,36.0,-35.0,55.56,-28.299999999999997,-93.33,-12.49,-8.86,-10.32,5.630000000000001,51.03,45.120000000000005,48.89,8.66,-3.2300000000000004
2025-08-13T14:29:25.650722,-39.0,-2.0,-8.0,66.0,14.0,-101.0,53.0,-13.0,-39.0,-29.0,-11.0,-52.0,-16.44,-48.3,39.67,68.51,-6.859999999999999,-78.32,37.63,-0.9700000000000006,-15.879999999999999,15.89,-38.34,-20.23
2025-08-13T14:29:25.655151,-39.0,35.0,-63.0,9.0,-43.0,-69.0,-51.0,12.0,-61.0,-3.0,-17.0,26.0,-16.44,-11.299999999999997,-15.329999999999998,11.51,-63.86,-46.32,-66.37,24.03,-37.879999999999995,41.89,-44.34,57.769999999999996
2025-08-13T14:29:25.662856,-27.0,-18.0,27.0,39.0,10.0,-152.0,-32.0,80.0,-43.0,-9.0,-21.0,-31.0,-4.440000000000001,-64.3,74.67,41.51,-10.86,-129.32,-47.37,92.03,-19.88,35.89,-48.34,0.7699999999999996
2025-08-13T14:29:25.667204,-64.0,107.0,-64.0,0.0,10.0,-62.0,51.0,31.0,-63.0,-2.0,-15.0,19.0,-41.44,60.7,-16.33,2.51,-10.86,-39.32,35.63,43.03,-39.879999999999995,42.89,-42.34,50.769999999999996
2025-08-13T14:29:25.674986,-99.0,119.0,-67.0,-26.0,16.0,-40.0,11.0,-18.0,-69.0,45.0,-2.0,2.0,-76.44,72.7,-19.33,-23.490000000000002,-4.859999999999999,-17.32,-4.369999999999999,-5.970000000000001,-45.879999999999995,89.89,-29.34,33.769999999999996
2025-08-13T14:29:25.679430,-2.0,58.0,-88.0,-36.0,78.0,-79.0,46.0,42.0,3.0,-36.0,-52.0,-36.0,20.56,11.700000000000003,-40.33,-33.49,57.14,-56.32,30.630000000000003,54.03,26.12,8.89,-79.34,-4.23
2025-08-13T14:29:25.684680,-1.0,28.0,-62.0,-41.0,61.0,44.0,11.0,4.0,-29.0,-4.0,-75.0,-7.0,21.56,-18.299999999999997,-14.329999999999998,-38.49,40.14,66.68,-4.369999999999999,16.03,-5.879999999999999,40.89,-102.34,24.77
2025-08-13T14:29:25.691838,32.0,44.0,-111.0,-36.0,82.0,1.0,14.0,31.0,19.0,-2.0,-37.0,-84.0,54.56,-2.299999999999997,-63.33,-33.49,61.14,23.68,-1.3699999999999992,43.03,42.120000000000005,42.89,-64.34,-52.230000000000004
2025-08-13T14:29:25.696703,37.0,31.0,-117.0,11.0,-6.0,-97.0,-1.0,17.0,-50.0,35.0,-2.0,-65.0,59.56,-15.299999999999997,-69.33,13.51,-26.86,-74.32,-16.369999999999997,29.03,-26.88,79.89,-29.34,-33.230000000000004
2025-08-13T14:29:25.703934,-33.0,53.0,-73.0,-66.0,3.0,-120.0,-43.0,64.0,-70.0,-9.0,24.0,-83.0,-10.440000000000001,6.700000000000003,-25.33,-63.49,-17.86,-97.32,-58.37,76.03,-46.879999999999995,35.89,-3.34,-51.230000000000004
2025-08-13T14:29:25.708879,21.0,66.0,-17.0,75.0,99.0,17.0,12.0,18.0,-69.0,27.0,-7.0,-28.0,43.56,19.700000000000003,30.67,77.51,78.14,39.68,-3.369999999999999,30.03,-45.879999999999995,71.89,-34.34,3.7699999999999996
2025-08-13T14:29:25.716344,45.0,43.0,-45.0,7.0,27.0,-24.0,54.0,25.0,-59.0,0.0,-11.0,-63.0,67.56,-3.299999999999997,2.6700000000000017,9.51,6.140000000000001,-1.3200000000000003,38.63,37.03,-35.879999999999995,44.89,-38.34,-31.23
2025-08-13T14:29:25.720724,-63.0,-4.0,-39.0,-15.0,9.0,-10.0,18.0,-39.0,-76.0,10.0,30.0,-37.0,-40.44,-50.3,8.670000000000002,-12.49,-11.86,12.68,2.630000000000001,-26.97,-52.879999999999995,54.89,2.66,-5.23
2025-08-13T14:29:25.728514,-62.0,26.0,-76.0,-24.0,20.0,-46.0,26.0,-14.0,-100.0,50.0,43.0,-81.0,-39.44,-20.299999999999997,-28.33,-21.490000000000002,-0.8599999999999994,-23.32,10.63,-1.9700000000000006,-76.88,94.89,15.66,-49.230000000000004
2025-08-13T14:29:25.733041,-17.0,89.0,-45.0,-2.0,93.0,-123.0,-19.0,0.0,-35.0,-14.0,30.0,-92.0,5.559999999999999,42.7,2.6700000000000017,0.5099999999999998,72.14,-100.32,-34.37,12.03,-11.879999999999999,30.89,2.66,-60.230000000000004
2025-08-13T14:29:25.740839,-39.0,130.0,-50.0,-45.0,-35.0,-39.0,61.0,61.0,-115.0,-10.0,64.0,-62.0,-16.44,83.7,-2.3299999999999983,-42.49,-55.86,-16.32,45.63,73.03,-91.88,34.89,36.66,-30.23
2025-08-13T14:29:25.745333,18.0,15.0,-65.0,-16.0,11.0,-70.0,1.0,39.0,-25.0,37.0,12.0,-14.0,40.56,-31.299999999999997,-17.33,-13.49,-9.86,-47.32,-14.37,51.03,-1.879999999999999,81.89,-15.34,17.77
2025-08-13T14:29:25.753023,11.0,2.0,-105.0,9.0,73.0,-56.0,-13.0,-54.0,-95.0,62.0,21.0,-22.0,33.56,-44.3,-57.33,11.51,52.14,-33.32,-28.369999999999997,-41.97,-71.88,106.89,-6.34,9.77
2025-08-13T14:29:25.757752,35.0,43.0,-117.0,-38.0,53.0,-29.0,39.0,45.0,-55.0,32.0,91.0,-101.0,57.56,-3.299999999999997,-69.33,-35.49,32.14,-6.32,23.630000000000003,57.03,-31.88,76.89,63.66,-69.23
2025-08-13T14:29:25.765647,43.0,63.0,-47.0,-60.0,45.0,-21.0,15.0,-26.0,16.0,43.0,106.0,-71.0,65.56,16.700000000000003,0.6700000000000017,-57.49,24.14,1.6799999999999997,-0.3699999999999992,-13.97,39.120000000000005,87.89,78.66,-39.230000000000004
2025-08-13T14:29:25.770839,-45.0,21.0,-58.0,3.0,11.0,-105.0,-15.0,19.0,14.0,34.0,26.0,-15.0,-22.44,-25.299999999999997,-10.329999999999998,5.51,-9.86,-82.32,-30.369999999999997,31.03,37.120000000000005,78.89,-1.3399999999999999,16.77
2025-08-13T14:29:25.777587,22.0,67.0,-14.0,0.0,25.0,-5.0,-21.0,-10.0,-74.0,-4.0,95.0,-58.0,44.56,20.700000000000003,33.67,2.51,4.140000000000001,17.68,-36.37,2.0299999999999994,-50.879999999999995,40.89,67.66,-26.23
2025-08-13T14:29:25.782132,17.0,116.0,-59.0,9.0,48.0,-67.0,-25.0,-85.0,-114.0,-100.0,40.0,-53.0,39.56,69.7,-11.329999999999998,11.51,27.14,-44.32,-40.37,-72.97,-90.88,-55.11,12.66,-21.23
2025-08-13T14:29:25.790046,-28.0,169.0,-87.0,44.0,25.0,-38.0,2.0,-5.0,63.0,-61.0,83.0,-62.0,-5.440000000000001,122.7,-39.33,46.51,4.140000000000001,-15.32,-13.37,7.029999999999999,86.12,-16.11,55.66,-30.23
2025-08-13T14:29:25.794556,-49.0,121.0,-112.0,-83.0,32.0,-70.0,1.0,22.0,-91.0,-104.0,28.0,-92.0,-26.44,74.7,-64.33,-80.49,11.14,-47.32,-14.37,34.03,-67.88,-59.11,0.6600000000000001,-60.230000000000004
2025-08-13T14:29:25.802404,52.0,55.0,-58.0,-2.0,1.0,-7.0,5.0,-26.0,-31.0,-78.0,111.0,-65.0,74.56,8.700000000000003,-10.329999999999998,0.5099999999999998,-19.86,15.68,-10.37,-13.97,-7.879999999999999,-33.11,83.66,-33.230000000000004
2025-08-13T14:29:25.806605,44.0,1.0,-92.0,-58.0,3.0,-20.0,6.0,-32.0,-60.0,-16.0,32.0,-84.0,66.56,-45.3,-44.33,-55.49,-17.86,2.6799999999999997,-9.37,-19.97,-36.879999999999995,28.89,4.66,-52.230000000000004
2025-08-13T14:29:25.814703,-24.0,35.0,-157.0,-9.0,-13.0,-29.0,-17.0,-35.0,-65.0,-61.0,62.0,-85.0,-1.4400000000000013,-11.299999999999997,-109.33,-6.49,-33.86,-6.32,-32.37,-22.97,-41.879999999999995,-16.11,34.66,-53.230000000000004
2025-08-13T14:29:25.819013,-41.0,29.0,-29.0,2.0,24.0,33.0,-38.0,30.0,-116.0,-32.0,-5.0,-106.0,-18.44,-17.299999999999997,18.67,4.51,3.1400000000000006,55.68,-53.37,42.03,-92.88,12.89,-32.34,-74.23
2025-08-13T14:29:25.826731,-53.0,45.0,-58.0,5.0,65.0,-34.0,28.0,26.0,-34.0,-46.0,56.0,-23.0,-30.44,-1.2999999999999972,-10.329999999999998,7.51,44.14,-11.32,12.63,38.03,-10.879999999999999,-1.1099999999999994,28.66,8.77
2025-08-13T14:29:25.831157,44.0,37.0,-51.0,86.0,11.0,-14.0,26.0,11.0,-77.0,-89.0,50.0,-114.0,66.56,-9.299999999999997,-3.3299999999999983,88.51,-9.86,8.68,10.63,23.03,-53.879999999999995,-44.11,22.66,-82.23
2025-08-13T14:29:25.839086,-37.0,108.0,-86.0,18.0,-23.0,-75.0,-1.0,-44.0,-30.0,-33.0,72.0,-69.0,-14.440000000000001,61.7,-38.33,20.509999999999998,-43.86,-52.32,-16.369999999999997,-31.97,-6.879999999999999,11.89,44.66,-37.230000000000004
2025-08-13T14:29:25.843732,75.0,95.0,-116.0,19.0,-3.0,-50.0,67.0,-101.0,-13.0,-54.0,30.0,-93.0,97.56,48.7,-68.33,21.509999999999998,-23.86,-27.32,51.63,-88.97,10.120000000000001,-9.11,2.66,-61.230000000000004
2025-08-13T14:29:25.851689,-29.0,0.0,-121.0,13.0,25.0,-42.0,-10.0,-24.0,-2.0,-8.0,130.0,-46.0,-6.440000000000001,-46.3,-73.33,15.51,4.140000000000001,-19.32,-25.369999999999997,-11.97,21.12,36.89,102.66,-14.23
2025-08-13T14:29:25.855715,-10.0,94.0,-48.0,6.0,50.0,-63.0,-65.0,-67.0,-9.0,-2.0,33.0,-36.0,12.559999999999999,47.7,-0.3299999999999983,8.51,29.14,-40.32,-80.37,-54.97,14.120000000000001,42.89,5.66,-4.23
2025-08-13T14:29:25.863563,-21.0,50.0,12.0,8.0,51.0,-69.0,7.0,-45.0,-22.0,-35.0,82.0,-18.0,1.5599999999999987,3.700000000000003,59.67,10.51,30.14,-46.32,-8.37,-32.97,1.120000000000001,9.89,54.66,13.77
2025-08-13T14:29:25.867911,-26.0,109.0,-15.0,17.0,-5.0,-83.0,53.0,33.0,-66.0,-87.0,61.0,-73.0,-3.4400000000000013,62.7,32.67,19.509999999999998,-25.86,-60.32,37.63,45.03,-42.879999999999995,-42.11,33.66,-41.230000000000004
2025-08-13T14:29:25.875881,-13.0,72.0,-33.0,38.0,-32.0,-59.0,82.0,-37.0,-34.0,-7.0,-19.0,-49.0,9.559999999999999,25.700000000000003,14.670000000000002,40.51,-52.86,-36.32,66.63,-24.97,-10.879999999999999,37.89,-46.34,-17.23
2025-08-13T14:29:25.880585,-19.0,115.0,-90.0,96.0,50.0,-31.0,0.0,-122.0,34.0,-71.0,31.0,-86.0,3.5599999999999987,68.7,-42.33,98.51,29.14,-8.32,-15.37,-109.97,57.120000000000005,-26.11,3.66,-54.230000000000004
2025-08-13T14:29:25.888119,-86.0,28.0,-71.0,-20.0,5.0,12.0,-29.0,9.0,-10.0,-42.0,33.0,-67.0,-63.44,-18.299999999999997,-23.33,-17.490000000000002,-15.86,34.68,-44.37,21.03,13.120000000000001,2.8900000000000006,5.66,-35.230000000000004
2025-08-13T14:29:25.892685,-63.0,102.0,-55.0,-4.0,29.0,-42.0,112.0,-1.0,-16.0,17.0,33.0,-104.0,-40.44,55.7,-7.329999999999998,-1.4900000000000002,8.14,-19.32,96.63,11.03,7.120000000000001,61.89,5.66,-72.23
2025-08-13T14:29:25.900479,-38.0,140.0,-53.0,-31.0,122.0,3.0,17.0,56.0,-78.0,-66.0,0.0,-81.0,-15.440000000000001,93.7,-5.329999999999998,-28.490000000000002,101.14,25.68,1.6300000000000008,68.03,-54.879999999999995,-21.11,-27.34,-49.230000000000004
2025-08-13T14:29:25.905753,47.0,30.0,-65.0,3.0,45.0,-92.0,32.0,5.0,-52.0,-63.0,43.0,-82.0,69.56,-16.299999999999997,-17.33,5.51,24.14,-69.32,16.630000000000003,17.03,-28.88,-18.11,15.66,-50.230000000000004
2025-08-13T14:29:25.912622,2.0,-30.0,-116.0,63.0,37.0,-65.0,-11.0,24.0,-36.0,-48.0,97.0,-39.0,24.56,-76.3,-68.33,65.51,16.14,-42.32,-26.369999999999997,36.03,-12.879999999999999,-3.1099999999999994,69.66,-7.23
2025-08-13T14:29:25.917528,-50.0,20.0,-56.0,98.0,-21.0,-15.0,-25.0,-8.0,12.0,-56.0,47.0,-63.0,-27.44,-26.299999999999997,-8.329999999999998,100.51,-41.86,7.68,-40.37,4.029999999999999,35.120000000000005,-11.11,19.66,-31.23
2025-08-13T14:29:25.925142,-7.0,0.0,-70.0,-60.0,-28.0,-45.0,29.0,8.0,-13.0,-19.0,53.0,-123.0,15.559999999999999,-46.3,-22.33,-57.49,-48.86,-22.32,13.63,20.03,10.120000000000001,25.89,25.66,-91.23
2025-08-13T14:29:25.929594,-72.0,41.0,-38.0,9.0,81.0,-18.0,-5.0,-17.0,-71.0,-35.0,103.0,-84.0,-49.44,-5.299999999999997,9.670000000000002,11.51,60.14,4.68,-20.369999999999997,-4.970000000000001,-47.879999999999995,9.89,75.66,-52.230000000000004
2025-08-13T14:29:25.937413,-52.0,102.0,-53.0,16.0,63.0,-68.0,-3.0,15.0,-75.0,-16.0,29.0,-39.0,-29.44,55.7,-5.329999999999998,18.509999999999998,42.14,-45.32,-18.369999999999997,27.03,-51.879999999999995,28.89,1.6600000000000001,-7.23
2025-08-13T14:29:25.941764,-45.0,101.0,-46.0,15.0,-11.0,-75.0,20.0,46.0,-44.0,-8.0,80.0,-102.0,-22.44,54.7,1.6700000000000017,17.509999999999998,-31.86,-52.32,4.630000000000001,58.03,-20.88,36.89,52.66,-70.23
2025-08-13T14:29:25.949527,17.0,64.0,-88.0,14.0,2.0,10.0,14.0,-16.0,-88.0,-44.0,48.0,-110.0,39.56,17.700000000000003,-40.33,16.509999999999998,-18.86,32.68,-1.3699999999999992,-3.9700000000000006,-64.88,0.8900000000000006,20.66,-78.23
2025-08-13T14:29:25.954030,18.0,-29.0,-77.0,69.0,18.0,-50.0,48.0,-26.0,-110.0,-83.0,66.0,-83.0,40.56,-75.3,-29.33,71.51,-2.8599999999999994,-27.32,32.63,-13.97,-86.88,-38.11,38.66,-51.230000000000004
2025-08-13T14:29:25.961742,-23.0,-19.0,-48.0,-43.0,18.0,-71.0,-14.0,7.0,-78.0,2.0,46.0,-34.0,-0.4400000000000013,-65.3,-0.3299999999999983,-40.49,-2.8599999999999994,-48.32,-29.369999999999997,19.03,-54.879999999999995,46.89,18.66,-2.2300000000000004
2025-08-13T14:29:25.966168,-8.0,33.0,-37.0,-56.0,40.0,8.0,37.0,20.0,-63.0,-93.0,23.0,-42.0,14.559999999999999,-13.299999999999997,10.670000000000002,-53.49,19.14,30.68,21.630000000000003,32.03,-39.879999999999995,-48.11,-4.34,-10.23
2025-08-13T14:29:25.971303,-24.0,43.0,-76.0,49.0,33.0,-69.0,31.0,16.0,-17.0,-65.0,44.0,-22.0,-1.4400000000000013,-3.299999999999997,-28.33,51.51,12.14,-46.32,15.63,28.03,6.120000000000001,-20.11,16.66,9.77
2025-08-13T14:29:25.978528,-35.0,69.0,-40.0,26.0,-4.0,-50.0,70.0,22.0,-24.0,-58.0,78.0,-35.0,-12.440000000000001,22.700000000000003,7.670000000000002,28.509999999999998,-24.86,-27.32,54.63,34.03,-0.879999999999999,-13.11,50.66,-3.2300000000000004
2025-08-13T14:29:25.986377,-25.0,116.0,-19.0,80.0,38.0,-111.0,-32.0,-11.0,-75.0,-62.0,58.0,-114.0,-2.4400000000000013,69.7,28.67,82.51,17.14,-88.32,-47.37,1.0299999999999994,-51.879999999999995,-17.11,30.66,-82.23
2025-08-13T14:29:25.991182,-31.0,121.0,-114.0,13.0,76.0,-73.0,11.0,-37.0,-19.0,-88.0,-35.0,-85.0,-8.440000000000001,74.7,-66.33,15.51,55.14,-50.32,-4.369999999999999,-24.97,4.120000000000001,-43.11,-62.34,-53.230000000000004
2025-08-13T14:29:25.999588,46.0,79.0,-93.0,-65.0,28.0,-27.0,87.0,29.0,-25.0,-22.0,43.0,-36.0,68.56,32.7,-45.33,-62.49,7.140000000000001,-4.32,71.63,41.03,-1.879999999999999,22.89,15.66,-4.23
2025-08-13T14:29:26.003000,13.0,-6.0,-83.0,60.0,-8.0,-22.0,-55.0,60.0,-13.0,-16.0,60.0,-86.0,35.56,-52.3,-35.33,62.51,-28.86,0.6799999999999997,-70.37,72.03,10.120000000000001,28.89,32.66,-54.230000000000004
2025-08-13T14:29:26.010029,-23.0,14.0,-53.0,-14.0,70.0,-32.0,0.0,2.0,-23.0,-48.0,21.0,-67.0,-0.4400000000000013,-32.3,-5.329999999999998,-11.49,49.14,-9.32,-15.37,14.03,0.120000000000001,-3.1099999999999994,-6.34,-35.230000000000004
2025-08-13T14:29:26.015658,-25.0,90.0,-108.0,-22.0,45.0,-95.0,-51.0,75.0,-55.0,-76.0,44.0,-107.0,-2.4400000000000013,43.7,-60.33,-19.490000000000002,24.14,-72.32,-66.37,87.03,-31.88,-31.11,16.66,-75.23
2025-08-13T14:29:26.019482,-20.0,0.0,-12.0,74.0,3.0,-80.0,-15.0,-24.0,-20.0,-50.0,56.0,-59.0,2.5599999999999987,-46.3,35.67,76.51,-17.86,-57.32,-30.369999999999997,-11.97,3.120000000000001,-5.109999999999999,28.66,-27.23
2025-08-13T14:29:26.027484,-36.0,11.0,-28.0,-51.0,26.0,-33.0,-3.0,43.0,-22.0,-51.0,22.0,-46.0,-13.440000000000001,-35.3,19.67,-48.49,5.140000000000001,-10.32,-18.369999999999997,55.03,1.120000000000001,-6.109999999999999,-5.34,-14.23
2025-08-13T14:29:26.031503,-32.0,23.0,-76.0,-11.0,-8.0,-13.0,15.0,29.0,-75.0,-43.0,95.0,-42.0,-9.440000000000001,-23.299999999999997,-28.33,-8.49,-28.86,9.68,-0.3699999999999992,41.03,-51.879999999999995,1.8900000000000006,67.66,-10.23
2025-08-13T14:29:26.039664,-96.0,73.0,-42.0,43.0,88.0,21.0,52.0,9.0,-56.0,-65.0,56.0,-32.0,-73.44,26.700000000000003,5.670000000000002,45.51,67.14,43.68,36.63,21.03,-32.879999999999995,-20.11,28.66,-0.23000000000000043
2025-08-13T14:29:26.043772,0.0,124.0,-84.0,28.0,-14.0,-48.0,87.0,-19.0,-49.0,-78.0,117.0,-32.0,22.56,77.7,-36.33,30.509999999999998,-34.86,-25.32,71.63,-6.970000000000001,-25.88,-33.11,89.66,-0.23000000000000043
2025-08-13T14:29:26.051884,22.0,61.0,-66.0,76.0,-19.0,-90.0,37.0,-34.0,-20.0,-67.0,82.0,-74.0,44.56,14.700000000000003,-18.33,78.51,-39.86,-67.32,21.630000000000003,-21.97,3.120000000000001,-22.11,54.66,-42.230000000000004
2025-08-13T14:29:26.056245,38.0,45.0,-129.0,51.0,9.0,-4.0,-43.0,14.0,-94.0,-50.0,38.0,-23.0,60.56,-1.2999999999999972,-81.33,53.51,-11.86,18.68,-58.37,26.03,-70.88,-5.109999999999999,10.66,8.77
2025-08-13T14:29:26.064319,30.0,-11.0,-93.0,-38.0,41.0,-53.0,106.0,-15.0,-70.0,-16.0,50.0,-67.0,52.56,-57.3,-45.33,-35.49,20.14,-30.32,90.63,-2.9700000000000006,-46.879999999999995,28.89,22.66,-35.230000000000004
2025-08-13T14:29:26.068325,5.0,61.0,-67.0,-32.0,-5.0,-83.0,37.0,10.0,-64.0,-61.0,22.0,-98.0,27.56,14.700000000000003,-19.33,-29.490000000000002,-25.86,-60.32,21.630000000000003,22.03,-40.879999999999995,-16.11,-5.34,-66.23
2025-08-13T14:29:26.076640,-14.0,65.0,0.0,-70.0,35.0,-32.0,34.0,-9.0,-70.0,-53.0,53.0,-50.0,8.559999999999999,18.700000000000003,47.67,-67.49,14.14,-9.32,18.630000000000003,3.0299999999999994,-46.879999999999995,-8.11,25.66,-18.23
2025-08-13T14:29:26.080645,-7.0,105.0,5.0,-32.0,52.0,-55.0,51.0,28.0,-34.0,-18.0,106.0,-65.0,15.559999999999999,58.7,52.67,-29.490000000000002,31.14,-32.32,35.63,40.03,-10.879999999999999,26.89,78.66,-33.230000000000004
2025-08-13T14:29:26.088758,-94.0,51.0,-41.0,42.0,-2.0,-107.0,-20.0,9.0,-24.0,-64.0,32.0,10.0,-71.44,4.700000000000003,6.670000000000002,44.51,-22.86,-84.32,-35.37,21.03,-0.879999999999999,-19.11,4.66,41.769999999999996
2025-08-13T14:29:26.093134,-51.0,108.0,-66.0,64.0,37.0,-26.0,4.0,2.0,-46.0,-56.0,54.0,17.0,-28.44,61.7,-18.33,66.51,16.14,-3.3200000000000003,-11.37,14.03,-22.88,-11.11,26.66,48.769999999999996
2025-08-13T14:29:26.101161,-57.0,49.0,-134.0,44.0,-57.0,-38.0,-22.0,-10.0,10.0,-22.0,6.0,-9.0,-34.44,2.700000000000003,-86.33,46.51,-77.86,-15.32,-37.37,2.0299999999999994,33.120000000000005,22.89,-21.34,22.77
2025-08-13T14:29:26.105523,11.0,139.0,-122.0,66.0,-2.0,-99.0,28.0,-30.0,15.0,-111.0,52.0,-128.0,33.56,92.7,-74.33,68.51,-22.86,-76.32,12.63,-17.97,38.120000000000005,-66.11,24.66,-96.23
2025-08-13T14:29:26.113547,55.0,52.0,-25.0,-25.0,93.0,-22.0,-6.0,-62.0,41.0,15.0,51.0,-16.0,77.56,5.700000000000003,22.67,-22.490000000000002,72.14,0.6799999999999997,-21.369999999999997,-49.97,64.12,59.89,23.66,15.77
2025-08-13T14:29:26.117830,-27.0,59.0,-34.0,50.0,66.0,-73.0,-69.0,-74.0,14.0,-75.0,122.0,-36.0,-4.440000000000001,12.700000000000003,13.670000000000002,52.51,45.14,-50.32,-84.37,-61.97,37.120000000000005,-30.11,94.66,-4.23
2025-08-13T14:29:26.125821,-72.0,87.0,-33.0,26.0,-1.0,-73.0,-34.0,13.0,-4.0,-87.0,74.0,-41.0,-49.44,40.7,14.670000000000002,28.509999999999998,-21.86,-50.32,-49.37,25.03,19.12,-42.11,46.66,-9.23
2025-08-13T14:29:26.129983,-105.0,38.0,-24.0,44.0,17.0,-81.0,13.0,-19.0,-22.0,-73.0,86.0,-54.0,-82.44,-8.299999999999997,23.67,46.51,-3.8599999999999994,-58.32,-2.369999999999999,-6.970000000000001,1.120000000000001,-28.11,58.66,-22.23
2025-08-13T14:29:26.138234,-60.0,174.0,-15.0,-16.0,-12.0,-8.0,-43.0,-53.0,-39.0,-1.0,66.0,-102.0,-37.44,127.7,32.67,-13.49,-32.86,14.68,-58.37,-40.97,-15.879999999999999,43.89,38.66,-70.23
2025-08-13T14:29:26.142501,-77.0,162.0,-68.0,25.0,-30.0,-63.0,21.0,37.0,23.0,-81.0,103.0,-4.0,-54.44,115.7,-20.33,27.509999999999998,-50.86,-40.32,5.630000000000001,49.03,46.120000000000005,-36.11,75.66,27.77
2025-08-13T14:29:26.150304,-9.0,144.0,-101.0,48.0,3.0,-89.0,-2.0,64.0,-38.0,-11.0,151.0,-73.0,13.559999999999999,97.7,-53.33,50.51,-17.86,-66.32,-17.369999999999997,76.03,-14.879999999999999,33.89,123.66,-41.230000000000004
2025-08-13T14:29:26.156347,12.0,39.0,-98.0,64.0,-2.0,-67.0,-20.0,70.0,-51.0,14.0,70.0,-34.0,34.56,-7.299999999999997,-50.33,66.51,-22.86,-44.32,-35.37,82.03,-27.88,58.89,42.66,-2.2300000000000004
2025-08-13T14:29:26.162603,21.0,49.0,-110.0,49.0,-35.0,-91.0,27.0,6.0,2.0,33.0,112.0,-71.0,43.56,2.700000000000003,-62.33,51.51,-55.86,-68.32,11.63,18.03,25.12,77.89,84.66,-39.230000000000004
2025-08-13T14:29:26.166986,43.0,25.0,33.0,20.0,-60.0,-77.0,10.0,-28.0,-20.0,-29.0,117.0,-77.0,65.56,-21.299999999999997,80.67,22.509999999999998,-80.86,-54.32,-5.369999999999999,-15.97,3.120000000000001,15.89,89.66,-45.230000000000004
2025-08-13T14:29:26.175081,-12.0,75.0,-7.0,32.0,9.0,-83.0,-9.0,54.0,-5.0,-112.0,94.0,-120.0,10.559999999999999,28.700000000000003,40.67,34.51,-11.86,-60.32,-24.369999999999997,66.03,18.12,-67.11,66.66,-88.23
2025-08-13T14:29:26.179408,-48.0,66.0,-8.0,-9.0,-25.0,-44.0,8.0,-14.0,-7.0,-40.0,93.0,-55.0,-25.44,19.700000000000003,39.67,-6.49,-45.86,-21.32,-7.369999999999999,-1.9700000000000006,16.12,4.890000000000001,65.66,-23.23
2025-08-13T14:29:26.188032,9.0,53.0,-30.0,64.0,-9.0,-38.0,-16.0,-20.0,-9.0,36.0,103.0,-65.0,31.56,6.700000000000003,17.67,66.51,-29.86,-15.32,-31.369999999999997,-7.970000000000001,14.120000000000001,80.89,75.66,-33.230000000000004
2025-08-13T14:29:26.191737,-28.0,92.0,20.0,75.0,-3.0,-106.0,-8.0,-95.0,-76.0,-30.0,81.0,-57.0,-5.440000000000001,45.7,67.67,77.51,-23.86,-83.32,-23.369999999999997,-82.97,-52.879999999999995,14.89,53.66,-25.23
2025-08-13T14:29:26.199556,-63.0,119.0,17.0,43.0,-14.0,-37.0,-13.0,-91.0,-58.0,-18.0,38.0,-39.0,-40.44,72.7,64.67,45.51,-34.86,-14.32,-28.369999999999997,-78.97,-34.879999999999995,26.89,10.66,-7.23
2025-08-13T14:29:26.203874,-16.0,156.0,-134.0,47.0,48.0,-26.0,60.0,11.0,-41.0,6.0,113.0,-36.0,6.559999999999999,109.7,-86.33,49.51,27.14,-3.3200000000000003,44.63,23.03,-17.88,50.89,85.66,-4.23
2025-08-13T14:29:26.211768,25.0,112.0,-86.0,-7.0,-48.0,-63.0,-1.0,-40.0,-14.0,-16.0,128.0,-65.0,47.56,65.7,-38.33,-4.49,-68.86,-40.32,-16.369999999999997,-27.97,9.120000000000001,28.89,100.66,-33.230000000000004
2025-08-13T14:29:26.216133,86.0,41.0,-99.0,22.0,-12.0,5.0,-41.0,11.0,76.0,14.0,34.0,-43.0,108.56,-5.299999999999997,-51.33,24.509999999999998,-32.86,27.68,-56.37,23.03,99.12,58.89,6.66,-11.23
2025-08-13T14:29:26.224517,70.0,141.0,-149.0,85.0,-16.0,-101.0,-31.0,-67.0,31.0,-65.0,114.0,-93.0,92.56,94.7,-101.33,87.51,-36.86,-78.32,-46.37,-54.97,54.120000000000005,-20.11,86.66,-61.230000000000004
2025-08-13T14:29:26.228572,46.0,100.0,-84.0,44.0,-10.0,-123.0,-37.0,-54.0,-44.0,60.0,84.0,-12.0,68.56,53.7,-36.33,46.51,-30.86,-100.32,-52.37,-41.97,-20.88,104.89,56.66,19.77
2025-08-13T14:29:26.236598,22.0,142.0,-63.0,-12.0,80.0,-100.0,-49.0,-21.0,40.0,74.0,87.0,-71.0,44.56,95.7,-15.329999999999998,-9.49,59.14,-77.32,-64.37,-8.97,63.120000000000005,118.89,59.66,-39.230000000000004
2025-08-13T14:29:26.240917,-13.0,136.0,-44.0,21.0,-16.0,-26.0,-60.0,-59.0,-73.0,40.0,103.0,-12.0,9.559999999999999,89.7,3.6700000000000017,23.509999999999998,-36.86,-3.3200000000000003,-75.37,-46.97,-49.879999999999995,84.89,75.66,19.77
2025-08-13T14:29:26.248712,40.0,297.0,-140.0,32.0,42.0,-59.0,-39.0,-94.0,13.0,37.0,156.0,15.0,62.56,250.7,-92.33,34.51,21.14,-36.32,-54.37,-81.97,36.120000000000005,81.89,128.66,46.769999999999996
2025-08-13T14:29:26.253048,8.0,132.0,-81.0,4.0,-37.0,-114.0,-90.0,-96.0,56.0,102.0,129.0,-11.0,30.56,85.7,-33.33,6.51,-57.86,-91.32,-105.37,-83.97,79.12,146.89,101.66,20.77
2025-08-13T14:29:26.261048,51.0,164.0,-122.0,66.0,23.0,-151.0,-56.0,-70.0,47.0,-20.0,100.0,-54.0,73.56,117.7,-74.33,68.51,2.1400000000000006,-128.32,-71.37,-57.97,70.12,24.89,72.66,-22.23
2025-08-13T14:29:26.268986,95.0,158.0,-29.0,107.0,-71.0,-58.0,-3.0,-21.0,27.0,10.0,128.0,-48.0,117.56,111.7,18.67,109.51,-91.86,-35.32,-18.369999999999997,-8.97,50.120000000000005,54.89,100.66,-16.23
2025-08-13T14:29:26.273521,33.0,63.0,-77.0,83.0,-25.0,-117.0,-44.0,-90.0,37.0,28.0,87.0,12.0,55.56,16.700000000000003,-29.33,85.51,-45.86,-94.32,-59.37,-77.97,60.120000000000005,72.89,59.66,43.769999999999996
2025-08-13T14:29:26.281484,-22.0,194.0,-59.0,-10.0,-10.0,-99.0,-46.0,-43.0,34.0,52.0,77.0,-8.0,0.5599999999999987,147.7,-11.329999999999998,-7.49,-30.86,-76.32,-61.37,-30.97,57.120000000000005,96.89,49.66,23.77
2025-08-13T14:29:26.285766,-62.0,179.0,-111.0,88.0,-48.0,-78.0,-44.0,-59.0,41.0,-20.0,130.0,13.0,-39.44,132.7,-63.33,90.51,-68.86,-55.32,-59.37,-46.97,64.12,24.89,102.66,44.769999999999996
2025-08-13T14:29:26.293619,61.0,83.0,-170.0,74.0,11.0,-68.0,-11.0,-102.0,-11.0,-2.0,60.0,27.0,83.56,36.7,-122.33,76.51,-9.86,-45.32,-26.369999999999997,-89.97,12.120000000000001,42.89,32.66,58.769999999999996
2025-08-13T14:29:26.297924,79.0,162.0,-116.0,79.0,-19.0,-52.0,-76.0,-38.0,57.0,14.0,76.0,2.0,101.56,115.7,-68.33,81.51,-39.86,-29.32,-91.37,-25.97,80.12,58.89,48.66,33.769999999999996
2025-08-13T14:29:26.305990,80.0,130.0,-63.0,51.0,-9.0,-77.0,-79.0,-82.0,46.0,-5.0,109.0,-23.0,102.56,83.7,-15.329999999999998,53.51,-29.86,-54.32,-94.37,-69.97,69.12,39.89,81.66,8.77
2025-08-13T14:29:26.310249,-6.0,120.0,-32.0,53.0,18.0,-48.0,-15.0,-71.0,94.0,40.0,77.0,-33.0,16.56,73.7,15.670000000000002,55.51,-2.8599999999999994,-25.32,-30.369999999999997,-58.97,117.12,84.89,49.66,-1.2300000000000004
2025-08-13T14:29:26.318174,27.0,71.0,-61.0,96.0,31.0,-62.0,-37.0,-55.0,48.0,-62.0,58.0,-23.0,49.56,24.700000000000003,-13.329999999999998,98.51,10.14,-39.32,-52.37,-42.97,71.12,-17.11,30.66,8.77
2025-08-13T14:29:26.322662,0.0,184.0,-170.0,34.0,-17.0,-48.0,-29.0,-73.0,38.0,30.0,72.0,-42.0,22.56,137.7,-122.33,36.51,-37.86,-25.32,-44.37,-60.97,61.120000000000005,74.89,44.66,-10.23
2025-08-13T14:29:26.330594,86.0,181.0,-60.0,64.0,-47.0,-113.0,-40.0,-45.0,21.0,17.0,40.0,-32.0,108.56,134.7,-12.329999999999998,66.51,-67.86,-90.32,-55.37,-32.97,44.120000000000005,61.89,12.66,-0.23000000000000043
2025-08-13T14:29:26.334818,-46.0,50.0,-123.0,41.0,-28.0,-87.0,-114.0,-102.0,20.0,10.0,50.0,-14.0,-23.44,3.700000000000003,-75.33,43.51,-48.86,-64.32,-129.37,-89.97,43.120000000000005,54.89,22.66,17.77
2025-08-13T14:29:26.342709,33.0,45.0,-58.0,96.0,69.0,-65.0,-26.0,-60.0,14.0,-22.0,20.0,11.0,55.56,-1.2999999999999972,-10.329999999999998,98.51,48.14,-42.32,-41.37,-47.97,37.120000000000005,22.89,-7.34,42.769999999999996
2025-08-13T14:29:26.347263,-50.0,69.0,-80.0,-38.0,-4.0,-106.0,-56.0,-48.0,40.0,18.0,111.0,-54.0,-27.44,22.700000000000003,-32.33,-35.49,-24.86,-83.32,-71.37,-35.97,63.120000000000005,62.89,83.66,-22.23
2025-08-13T14:29:26.354994,25.0,174.0,-64.0,13.0,-27.0,-120.0,-48.0,-76.0,18.0,80.0,6.0,-15.0,47.56,127.7,-16.33,15.51,-47.86,-97.32,-63.37,-63.97,41.120000000000005,124.89,-21.34,16.77
2025-08-13T14:29:26.359386,13.0,101.0,-114.0,37.0,24.0,-73.0,7.0,-76.0,3.0,29.0,64.0,-16.0,35.56,54.7,-66.33,39.51,3.1400000000000006,-50.32,-8.37,-63.97,26.12,73.89,36.66,15.77
2025-08-13T14:29:26.367581,-28.0,119.0,-112.0,106.0,15.0,-118.0,-73.0,-118.0,58.0,-17.0,40.0,-30.0,-5.440000000000001,72.7,-64.33,108.51,-5.859999999999999,-95.32,-88.37,-105.97,81.12,27.89,12.66,1.7699999999999996
2025-08-13T14:29:26.371870,62.0,37.0,-85.0,48.0,-23.0,-45.0,-153.0,-66.0,50.0,-21.0,70.0,50.0,84.56,-9.299999999999997,-37.33,50.51,-43.86,-22.32,-168.37,-53.97,73.12,23.89,42.66,81.77
2025-08-13T14:29:26.379824,3.0,110.0,-43.0,41.0,39.0,-56.0,-52.0,-25.0,21.0,-52.0,103.0,62.0,25.56,63.7,4.670000000000002,43.51,18.14,-33.32,-67.37,-12.97,44.120000000000005,-7.109999999999999,75.66,93.77
2025-08-13T14:29:26.384101,-18.0,82.0,-59.0,48.0,11.0,-113.0,-82.0,-109.0,44.0,38.0,92.0,27.0,4.559999999999999,35.7,-11.329999999999998,50.51,-9.86,-90.32,-97.37,-96.97,67.12,82.89,64.66,58.769999999999996
2025-08-13T14:29:26.393209,-28.0,60.0,-231.0,76.0,-13.0,-108.0,-30.0,-45.0,-1.0,-91.0,89.0,-16.0,-5.440000000000001,13.700000000000003,-183.32999999999998,78.51,-33.86,-85.32,-45.37,-32.97,22.12,-46.11,61.66,15.77
2025-08-13T14:29:26.396658,-27.0,165.0,-155.0,54.0,-14.0,-115.0,-8.0,-119.0,-55.0,-19.0,22.0,-4.0,-4.440000000000001,118.7,-107.33,56.51,-34.86,-92.32,-23.369999999999997,-106.97,-31.88,25.89,-5.34,27.77
2025-08-13T14:29:26.405208,14.0,114.0,-99.0,39.0,-76.0,-57.0,-48.0,-110.0,16.0,-43.0,34.0,-36.0,36.56,67.7,-51.33,41.51,-96.86,-34.32,-63.37,-97.97,39.120000000000005,1.8900000000000006,6.66,-4.23
2025-08-13T14:29:26.409057,-53.0,72.0,-76.0,39.0,-13.0,-79.0,-38.0,-45.0,37.0,22.0,73.0,44.0,-30.44,25.700000000000003,-28.33,41.51,-33.86,-56.32,-53.37,-32.97,60.120000000000005,66.89,45.66,75.77
2025-08-13T14:29:26.417400,-32.0,114.0,-36.0,56.0,-61.0,-142.0,-54.0,-43.0,64.0,-50.0,76.0,1.0,-9.440000000000001,67.7,11.670000000000002,58.51,-81.86,-119.32,-69.37,-30.97,87.12,-5.109999999999999,48.66,32.769999999999996
2025-08-13T14:29:26.422260,-33.0,99.0,-51.0,77.0,44.0,-52.0,-44.0,-86.0,27.0,-13.0,-7.0,11.0,-10.440000000000001,52.7,-3.3299999999999983,79.51,23.14,-29.32,-59.37,-73.97,50.120000000000005,31.89,-34.34,42.769999999999996
2025-08-13T14:29:26.429505,-14.0,168.0,-81.0,30.0,27.0,-118.0,24.0,-91.0,8.0,-1.0,8.0,-31.0,8.559999999999999,121.7,-33.33,32.51,6.140000000000001,-95.32,8.63,-78.97,31.12,43.89,-19.34,0.7699999999999996
2025-08-13T14:29:26.435589,12.0,114.0,-99.0,72.0,-19.0,-49.0,-64.0,-58.0,21.0,38.0,74.0,51.0,34.56,67.7,-51.33,74.51,-39.86,-26.32,-79.37,-45.97,44.120000000000005,82.89,46.66,82.77
2025-08-13T14:29:26.441617,32.0,86.0,-147.0,102.0,-36.0,-46.0,-25.0,-51.0,-44.0,56.0,89.0,39.0,54.56,39.7,-99.33,104.51,-56.86,-23.32,-40.37,-38.97,-20.88,100.89,61.66,70.77
2025-08-13T14:29:26.445629,43.0,120.0,-83.0,1.0,-12.0,-66.0,-53.0,39.0,9.0,23.0,39.0,10.0,65.56,73.7,-35.33,3.51,-32.86,-43.32,-68.37,51.03,32.120000000000005,67.89,11.66,41.769999999999996
2025-08-13T14:29:26.453361,26.0,137.0,-110.0,26.0,-30.0,-45.0,-13.0,-83.0,27.0,-16.0,82.0,28.0,48.56,90.7,-62.33,28.509999999999998,-50.86,-22.32,-28.369999999999997,-70.97,50.120000000000005,28.89,54.66,59.769999999999996
2025-08-13T14:29:26.457959,-41.0,50.0,-62.0,11.0,31.0,-76.0,-62.0,-65.0,20.0,-38.0,101.0,62.0,-18.44,3.700000000000003,-14.329999999999998,13.51,10.14,-53.32,-77.37,-52.97,43.120000000000005,6.890000000000001,73.66,93.77
2025-08-13T14:29:26.465776,-76.0,90.0,-82.0,95.0,-8.0,-120.0,-22.0,-109.0,7.0,-15.0,50.0,5.0,-53.44,43.7,-34.33,97.51,-28.86,-97.32,-37.37,-96.97,30.12,29.89,22.66,36.769999999999996
2025-08-13T14:29:26.470291,-57.0,124.0,-83.0,78.0,-14.0,-55.0,-62.0,-101.0,16.0,-10.0,35.0,31.0,-34.44,77.7,-35.33,80.51,-34.86,-32.32,-77.37,-88.97,39.120000000000005,34.89,7.66,62.769999999999996
2025-08-13T14:29:26.478054,40.0,131.0,-153.0,60.0,1.0,-81.0,-57.0,-71.0,73.0,18.0,96.0,54.0,62.56,84.7,-105.33,62.51,-19.86,-58.32,-72.37,-58.97,96.12,62.89,68.66,85.77
2025-08-13T14:29:26.482713,-2.0,83.0,-98.0,-4.0,-35.0,-76.0,-106.0,-113.0,46.0,13.0,65.0,40.0,20.56,36.7,-50.33,-1.4900000000000002,-55.86,-53.32,-121.37,-100.97,69.12,57.89,37.66,71.77
2025-08-13T14:29:26.490287,21.0,90.0,-119.0,62.0,-22.0,-17.0,-40.0,-60.0,7.0,18.0,69.0,27.0,43.56,43.7,-71.33,64.51,-42.86,5.68,-55.37,-47.97,30.12,62.89,41.66,58.769999999999996
2025-08-13T14:29:26.494960,22.0,54.0,-151.0,40.0,7.0,-103.0,-75.0,-39.0,78.0,-26.0,66.0,75.0,44.56,7.700000000000003,-103.33,42.51,-13.86,-80.32,-90.37,-26.97,101.12,18.89,38.66,106.77
2025-08-13T14:29:26.502738,-46.0,107.0,-90.0,44.0,-70.0,-83.0,-47.0,-91.0,92.0,-3.0,97.0,-8.0,-23.44,60.7,-42.33,46.51,-90.86,-60.32,-62.37,-78.97,115.12,41.89,69.66,23.77
2025-08-13T14:29:26.507012,-14.0,112.0,-145.0,63.0,11.0,-84.0,2.0,-92.0,7.0,-78.0,70.0,-7.0,8.559999999999999,65.7,-97.33,65.51,-9.86,-61.32,-13.37,-79.97,30.12,-33.11,42.66,24.77
2025-08-13T14:29:26.515409,-48.0,110.0,-145.0,55.0,-67.0,-32.0,-93.0,-130.0,2.0,-49.0,157.0,67.0,-25.44,63.7,-97.33,57.51,-87.86,-9.32,-108.37,-117.97,25.12,-4.109999999999999,129.66,98.77
2025-08-13T14:29:26.519367,31.0,91.0,-117.0,-2.0,-12.0,-34.0,-20.0,-25.0,29.0,20.0,63.0,57.0,53.56,44.7,-69.33,0.5099999999999998,-32.86,-11.32,-35.37,-12.97,52.120000000000005,64.89,35.66,88.77
2025-08-13T14:29:26.527171,32.0,79.0,-197.0,-47.0,64.0,-63.0,-19.0,-64.0,51.0,0.0,89.0,3.0,54.56,32.7,-149.32999999999998,-44.49,43.14,-40.32,-34.37,-51.97,74.12,44.89,61.66,34.769999999999996
2025-08-13T14:29:26.531904,10.0,110.0,-149.0,65.0,3.0,-43.0,-59.0,-51.0,76.0,-21.0,78.0,39.0,32.56,63.7,-101.33,67.51,-17.86,-20.32,-74.37,-38.97,99.12,23.89,50.66,70.77
2025-08-13T14:29:26.539620,25.0,45.0,-69.0,95.0,-54.0,-95.0,-71.0,-56.0,21.0,57.0,36.0,107.0,47.56,-1.2999999999999972,-21.33,97.51,-74.86,-72.32,-86.37,-43.97,44.120000000000005,101.89,8.66,138.77
2025-08-13T14:29:26.544068,23.0,41.0,-89.0,137.0,-8.0,-99.0,-36.0,-36.0,11.0,10.0,154.0,-11.0,45.56,-5.299999999999997,-41.33,139.51,-28.86,-76.32,-51.37,-23.97,34.120000000000005,54.89,126.66,20.77
2025-08-13T14:29:26.552663,-29.0,149.0,-78.0,59.0,-84.0,-49.0,-28.0,-49.0,-23.0,9.0,44.0,22.0,-6.440000000000001,102.7,-30.33,61.51,-104.86,-26.32,-43.37,-36.97,0.120000000000001,53.89,16.66,53.769999999999996
2025-08-13T14:29:26.558819,-11.0,69.0,-120.0,11.0,-10.0,-126.0,-25.0,-46.0,42.0,31.0,58.0,-86.0,11.559999999999999,22.700000000000003,-72.33,13.51,-30.86,-103.32,-40.37,-33.97,65.12,75.89,30.66,-54.230000000000004
2025-08-13T14:29:26.564089,64.0,178.0,-116.0,-16.0,-19.0,-70.0,-27.0,-88.0,5.0,-15.0,81.0,73.0,86.56,131.7,-68.33,-13.49,-39.86,-47.32,-42.37,-75.97,28.12,29.89,53.66,104.77
2025-08-13T14:29:26.568690,60.0,139.0,-90.0,22.0,16.0,-103.0,-106.0,-77.0,36.0,-58.0,44.0,26.0,82.56,92.7,-42.33,24.509999999999998,-4.859999999999999,-80.32,-121.37,-64.97,59.120000000000005,-13.11,16.66,57.769999999999996
2025-08-13T14:29:26.576479,48.0,73.0,-93.0,123.0,-19.0,-135.0,-123.0,-66.0,51.0,-61.0,75.0,19.0,70.56,26.700000000000003,-45.33,125.51,-39.86,-112.32,-138.37,-53.97,74.12,-16.11,47.66,50.769999999999996
2025-08-13T14:29:26.581017,-44.0,82.0,-38.0,121.0,-12.0,-68.0,-38.0,-122.0,-9.0,20.0,83.0,25.0,-21.44,35.7,9.670000000000002,123.51,-32.86,-45.32,-53.37,-109.97,14.120000000000001,64.89,55.66,56.769999999999996
2025-08-13T14:29:26.588690,0.0,95.0,-73.0,41.0,15.0,-65.0,-84.0,10.0,12.0,14.0,84.0,-14.0,22.56,48.7,-25.33,43.51,-5.859999999999999,-42.32,-99.37,22.03,35.120000000000005,58.89,56.66,17.77
2025-08-13T14:29:26.593323,-5.0,139.0,-73.0,101.0,-21.0,-58.0,-83.0,-56.0,2.0,9.0,41.0,11.0,17.56,92.7,-25.33,103.51,-41.86,-35.32,-98.37,-43.97,25.12,53.89,13.66,42.769999999999996
2025-08-13T14:29:26.600986,-80.0,114.0,-84.0,41.0,-22.0,-121.0,-71.0,-49.0,60.0,-7.0,22.0,62.0,-57.44,67.7,-36.33,43.51,-42.86,-98.32,-86.37,-36.97,83.12,37.89,-5.34,93.77
2025-08-13T14:29:26.605788,50.0,161.0,-119.0,18.0,27.0,-108.0,-75.0,-84.0,-18.0,-18.0,75.0,-12.0,72.56,114.7,-71.33,20.509999999999998,6.140000000000001,-85.32,-90.37,-71.97,5.120000000000001,26.89,47.66,19.77
2025-08-13T14:29:26.613413,15.0,76.0,-84.0,34.0,39.0,-77.0,-122.0,-62.0,4.0,-15.0,55.0,17.0,37.56,29.700000000000003,-36.33,36.51,18.14,-54.32,-137.37,-49.97,27.12,29.89,27.66,48.769999999999996
2025-08-13T14:29:26.617919,56.0,105.0,-84.0,96.0,-22.0,-31.0,-40.0,-91.0,51.0,-16.0,64.0,36.0,78.56,58.7,-36.33,98.51,-42.86,-8.32,-55.37,-78.97,74.12,28.89,36.66,67.77
2025-08-13T14:29:26.626872,-34.0,106.0,-74.0,52.0,54.0,-107.0,-83.0,-136.0,90.0,3.0,81.0,5.0,-11.440000000000001,59.7,-26.33,54.51,33.14,-84.32,-98.37,-123.97,113.12,47.89,53.66,36.769999999999996
2025-08-13T14:29:26.630731,-17.0,168.0,-91.0,35.0,-27.0,-22.0,-33.0,-65.0,10.0,-66.0,65.0,-2.0,5.559999999999999,121.7,-43.33,37.51,-47.86,0.6799999999999997,-48.37,-52.97,33.120000000000005,-21.11,37.66,29.77
2025-08-13T14:29:26.637980,-101.0,119.0,-116.0,-58.0,2.0,-119.0,-64.0,-76.0,-19.0,29.0,96.0,14.0,-78.44,72.7,-68.33,-55.49,-18.86,-96.32,-79.37,-63.97,4.120000000000001,73.89,68.66,45.769999999999996
2025-08-13T14:29:26.645460,40.0,99.0,-159.0,35.0,8.0,-111.0,-25.0,-6.0,9.0,-65.0,90.0,52.0,62.56,52.7,-111.33,37.51,-12.86,-88.32,-40.37,6.029999999999999,32.120000000000005,-20.11,62.66,83.77
2025-08-13T14:29:26.651421,-1.0,-20.0,-189.0,93.0,4.0,-166.0,-88.0,-56.0,49.0,27.0,108.0,43.0,21.56,-66.3,-141.32999999999998,95.51,-16.86,-143.32,-103.37,-43.97,72.12,71.89,80.66,74.77
2025-08-13T14:29:26.657137,26.0,72.0,-73.0,94.0,-37.0,-108.0,-84.0,-72.0,1.0,14.0,48.0,12.0,48.56,25.700000000000003,-25.33,96.51,-57.86,-85.32,-99.37,-59.97,24.12,58.89,20.66,43.769999999999996
2025-08-13T14:29:26.662328,-32.0,114.0,-89.0,16.0,90.0,-56.0,-67.0,-40.0,-9.0,-17.0,86.0,51.0,-9.440000000000001,67.7,-41.33,18.509999999999998,69.14,-33.32,-82.37,-27.97,14.120000000000001,27.89,58.66,82.77
2025-08-13T14:29:26.666722,-30.0,178.0,-108.0,56.0,10.0,-88.0,-11.0,-106.0,-31.0,-73.0,85.0,33.0,-7.440000000000001,131.7,-60.33,58.51,-10.86,-65.32,-26.369999999999997,-93.97,-7.879999999999999,-28.11,57.66,64.77
2025-08-13T14:29:26.674689,1.0,91.0,-153.0,9.0,28.0,-93.0,-37.0,-142.0,119.0,30.0,84.0,61.0,23.56,44.7,-105.33,11.51,7.140000000000001,-70.32,-52.37,-129.97,142.12,74.89,56.66,92.77
2025-08-13T14:29:26.679605,65.0,140.0,-129.0,94.0,39.0,-100.0,-70.0,-170.0,23.0,-86.0,67.0,45.0,87.56,93.7,-81.33,96.51,18.14,-77.32,-85.37,-157.97,46.120000000000005,-41.11,39.66,76.77
2025-08-13T14:29:26.686885,32.0,73.0,-204.0,115.0,-26.0,-9.0,-109.0,-151.0,19.0,-34.0,80.0,15.0,54.56,26.700000000000003,-156.32999999999998,117.51,-46.86,13.68,-124.37,-138.97,42.120000000000005,10.89,52.66,46.769999999999996
2025-08-13T14:29:26.694834,39.0,121.0,-122.0,17.0,-50.0,-81.0,-31.0,-83.0,23.0,-78.0,52.0,30.0,61.56,74.7,-74.33,19.509999999999998,-70.86,-58.32,-46.37,-70.97,46.120000000000005,-33.11,24.66,61.769999999999996
2025-08-13T14:29:26.699346,-32.0,49.0,-86.0,5.0,-33.0,-84.0,-126.0,-119.0,49.0,-55.0,48.0,5.0,-9.440000000000001,2.700000000000003,-38.33,7.51,-53.86,-61.32,-141.37,-106.97,72.12,-10.11,20.66,36.769999999999996
2025-08-13T14:29:26.707128,-7.0,106.0,-76.0,-40.0,-47.0,-70.0,-65.0,-58.0,-13.0,-3.0,44.0,62.0,15.559999999999999,59.7,-28.33,-37.49,-67.86,-47.32,-80.37,-45.97,10.120000000000001,41.89,16.66,93.77
2025-08-13T14:29:26.711460,20.0,127.0,-180.0,74.0,-2.0,-59.0,-68.0,-65.0,-27.0,-53.0,73.0,45.0,42.56,80.7,-132.32999999999998,76.51,-22.86,-36.32,-83.37,-52.97,-3.879999999999999,-8.11,45.66,76.77
2025-08-13T14:29:26.719427,59.0,67.0,-201.0,132.0,-36.0,-101.0,-64.0,-60.0,40.0,-85.0,85.0,28.0,81.56,20.700000000000003,-153.32999999999998,134.51,-56.86,-78.32,-79.37,-47.97,63.120000000000005,-40.11,57.66,59.769999999999996
2025-08-13T14:29:26.724360,69.0,120.0,-151.0,43.0,-47.0,-56.0,-30.0,-56.0,12.0,-44.0,73.0,15.0,91.56,73.7,-103.33,45.51,-67.86,-33.32,-45.37,-43.97,35.120000000000005,0.8900000000000006,45.66,46.769999999999996
2025-08-13T14:29:26.731957,62.0,96.0,-91.0,77.0,-29.0,-52.0,-68.0,-10.0,88.0,-104.0,106.0,-33.0,84.56,49.7,-43.33,79.51,-49.86,-29.32,-83.37,2.0299999999999994,111.12,-59.11,78.66,-1.2300000000000004
2025-08-13T14:29:26.736055,-59.0,47.0,-105.0,-4.0,-8.0,-63.0,-59.0,-126.0,11.0,-84.0,162.0,7.0,-36.44,0.7000000000000028,-57.33,-1.4900000000000002,-28.86,-40.32,-74.37,-113.97,34.120000000000005,-39.11,134.66,38.769999999999996
2025-08-13T14:29:26.744134,0.0,107.0,-47.0,2.0,-14.0,-47.0,-65.0,-63.0,75.0,-63.0,98.0,48.0,22.56,60.7,0.6700000000000017,4.51,-34.86,-24.32,-80.37,-50.97,98.12,-18.11,70.66,79.77
2025-08-13T14:29:26.748622,-22.0,151.0,-125.0,71.0,32.0,-139.0,-31.0,-47.0,25.0,-86.0,72.0,60.0,0.5599999999999987,104.7,-77.33,73.51,11.14,-116.32,-46.37,-34.97,48.120000000000005,-41.11,44.66,91.77
2025-08-13T14:29:26.756567,66.0,126.0,-102.0,-7.0,3.0,-13.0,-148.0,-110.0,-18.0,-3.0,76.0,52.0,88.56,79.7,-54.33,-4.49,-17.86,9.68,-163.37,-97.97,5.120000000000001,41.89,48.66,83.77
2025-08-13T14:29:26.760819,-28.0,108.0,-104.0,-25.0,-46.0,-34.0,-18.0,-92.0,13.0,-114.0,51.0,-3.0,-5.440000000000001,61.7,-56.33,-22.490000000000002,-66.86,-11.32,-33.37,-79.97,36.120000000000005,-69.11,23.66,28.77
2025-08-13T14:29:26.768693,-52.0,137.0,-28.0,-2.0,36.0,-60.0,-77.0,-111.0,0.0,-66.0,96.0,12.0,-29.44,90.7,19.67,0.5099999999999998,15.14,-37.32,-92.37,-98.97,23.12,-21.11,68.66,43.769999999999996
2025-08-13T14:29:26.773079,-100.0,45.0,-98.0,-22.0,-16.0,-100.0,-127.0,-104.0,62.0,-85.0,37.0,55.0,-77.44,-1.2999999999999972,-50.33,-19.490000000000002,-36.86,-77.32,-142.37,-91.97,85.12,-40.11,9.66,86.77
2025-08-13T14:29:26.781166,-72.0,76.0,-163.0,134.0,-19.0,-60.0,-61.0,-154.0,39.0,-79.0,127.0,63.0,-49.44,29.700000000000003,-115.33,136.51,-39.86,-37.32,-76.37,-141.97,62.120000000000005,-34.11,99.66,94.77
2025-08-13T14:29:26.785555,-6.0,119.0,-124.0,104.0,-4.0,-122.0,-83.0,-31.0,48.0,-82.0,90.0,-20.0,16.56,72.7,-76.33,106.51,-24.86,-99.32,-98.37,-18.97,71.12,-37.11,62.66,11.77
2025-08-13T14:29:26.793543,-31.0,99.0,-41.0,64.0,23.0,-91.0,16.0,-50.0,16.0,-71.0,151.0,-17.0,-8.440000000000001,52.7,6.670000000000002,66.51,2.1400000000000006,-68.32,0.6300000000000008,-37.97,39.120000000000005,-26.11,123.66,14.77
2025-08-13T14:29:26.797759,-17.0,17.0,-106.0,53.0,60.0,-66.0,-75.0,-29.0,31.0,-80.0,125.0,-80.0,5.559999999999999,-29.299999999999997,-58.33,55.51,39.14,-43.32,-90.37,-16.97,54.120000000000005,-35.11,97.66,-48.230000000000004
2025-08-13T14:29:26.805673,-10.0,135.0,-74.0,41.0,11.0,-20.0,8.0,-108.0,47.0,-33.0,79.0,9.0,12.559999999999999,88.7,-26.33,43.51,-9.86,2.6799999999999997,-7.369999999999999,-95.97,70.12,11.89,51.66,40.769999999999996
2025-08-13T14:29:26.810161,-48.0,97.0,-111.0,40.0,-54.0,-45.0,-73.0,-31.0,-1.0,-7.0,117.0,12.0,-25.44,50.7,-63.33,42.51,-74.86,-22.32,-88.37,-18.97,22.12,37.89,89.66,43.769999999999996
2025-08-13T14:29:26.818240,34.0,75.0,-122.0,52.0,21.0,-96.0,-48.0,-67.0,-26.0,-77.0,116.0,-24.0,56.56,28.700000000000003,-74.33,54.51,0.14000000000000057,-73.32,-63.37,-54.97,-2.879999999999999,-32.11,88.66,7.77
2025-08-13T14:29:26.822726,-33.0,105.0,-134.0,70.0,-58.0,-85.0,-21.0,-123.0,77.0,-3.0,116.0,-34.0,-10.440000000000001,58.7,-86.33,72.51,-78.86,-62.32,-36.37,-110.97,100.12,41.89,88.66,-2.2300000000000004
2025-08-13T14:29:26.830389,-30.0,81.0,-78.0,24.0,42.0,-117.0,-36.0,-2.0,60.0,-147.0,125.0,-94.0,-7.440000000000001,34.7,-30.33,26.509999999999998,21.14,-94.32,-51.37,10.03,83.12,-102.11,97.66,-62.230000000000004
2025-08-13T14:29:26.835077,-23.0,132.0,-21.0,95.0,47.0,-125.0,-43.0,-22.0,-13.0,-27.0,164.0,55.0,-0.4400000000000013,85.7,26.67,97.51,26.14,-102.32,-58.37,-9.97,10.120000000000001,17.89,136.66,86.77
2025-08-13T14:29:26.842791,29.0,191.0,-86.0,78.0,-46.0,-77.0,-143.0,-56.0,36.0,-18.0,121.0,2.0,51.56,144.7,-38.33,80.51,-66.86,-54.32,-158.37,-43.97,59.120000000000005,26.89,93.66,33.769999999999996
2025-08-13T14:29:26.851064,-8.0,149.0,-89.0,47.0,2.0,-78.0,-82.0,-48.0,-28.0,-76.0,155.0,-10.0,14.559999999999999,102.7,-41.33,49.51,-18.86,-55.32,-97.37,-35.97,-4.879999999999999,-31.11,127.66,21.77
2025-08-13T14:29:26.857807,-15.0,183.0,-141.0,-33.0,-54.0,-40.0,12.0,-37.0,36.0,-41.0,96.0,-47.0,7.559999999999999,136.7,-93.33,-30.490000000000002,-74.86,-17.32,-3.369999999999999,-24.97,59.120000000000005,3.8900000000000006,68.66,-15.23
2025-08-13T14:29:26.862215,1.0,-10.0,-74.0,78.0,-24.0,-79.0,17.0,-103.0,-38.0,-91.0,48.0,-50.0,23.56,-56.3,-26.33,80.51,-44.86,-56.32,1.6300000000000008,-90.97,-14.879999999999999,-46.11,20.66,-18.23
2025-08-13T14:29:26.867053,40.0,141.0,-48.0,11.0,10.0,-70.0,26.0,-56.0,91.0,-47.0,93.0,-51.0,62.56,94.7,-0.3299999999999983,13.51,-10.86,-47.32,10.63,-43.97,114.12,-2.1099999999999994,65.66,-19.23
2025-08-13T14:29:26.871325,-10.0,-6.0,-93.0,31.0,10.0,-85.0,-78.0,-73.0,-14.0,-16.0,123.0,-23.0,12.559999999999999,-52.3,-45.33,33.51,-10.86,-62.32,-93.37,-60.97,9.120000000000001,28.89,95.66,8.77
2025-08-13T14:29:26.879571,-118.0,48.0,-32.0,41.0,-30.0,-119.0,-41.0,-78.0,-8.0,-92.0,135.0,-54.0,-95.44,1.7000000000000028,15.670000000000002,43.51,-50.86,-96.32,-56.37,-65.97,15.120000000000001,-47.11,107.66,-22.23
2025-08-13T14:29:26.883988,4.0,129.0,-146.0,-15.0,-22.0,-55.0,-16.0,-38.0,48.0,-44.0,113.0,-21.0,26.56,82.7,-98.33,-12.49,-42.86,-32.32,-31.369999999999997,-25.97,71.12,0.8900000000000006,85.66,10.77
2025-08-13T14:29:26.891675,0.0,135.0,-161.0,78.0,43.0,-20.0,-90.0,-76.0,-52.0,-35.0,153.0,21.0,22.56,88.7,-113.33,80.51,22.14,2.6799999999999997,-105.37,-63.97,-28.88,9.89,125.66,52.769999999999996
2025-08-13T14:29:26.896779,-45.0,2.0,-116.0,-31.0,-11.0,-16.0,31.0,-8.0,54.0,-132.0,97.0,24.0,-22.44,-44.3,-68.33,-28.490000000000002,-31.86,6.68,15.63,4.029999999999999,77.12,-87.11,69.66,55.769999999999996
2025-08-13T14:29:26.903982,-31.0,56.0,-72.0,63.0,48.0,-61.0,-82.0,-56.0,-18.0,-110.0,123.0,-31.0,-8.440000000000001,9.700000000000003,-24.33,65.51,27.14,-38.32,-97.37,-43.97,5.120000000000001,-65.11,95.66,0.7699999999999996
2025-08-13T14:29:26.908119,59.0,62.0,-52.0,67.0,-22.0,-40.0,1.0,-54.0,96.0,43.0,146.0,-52.0,81.56,15.700000000000003,-4.329999999999998,69.51,-42.86,-17.32,-14.37,-41.97,119.12,87.89,118.66,-20.23
2025-08-13T14:29:26.916455,-88.0,125.0,-100.0,45.0,26.0,-130.0,-36.0,-99.0,25.0,-33.0,22.0,-36.0,-65.44,78.7,-52.33,47.51,5.140000000000001,-107.32,-51.37,-86.97,48.120000000000005,11.89,-5.34,-4.23
2025-08-13T14:29:26.924388,-42.0,157.0,-195.0,91.0,-27.0,-54.0,-36.0,-107.0,80.0,-22.0,120.0,-78.0,-19.44,110.7,-147.32999999999998,93.51,-47.86,-31.32,-51.37,-94.97,103.12,22.89,92.66,-46.230000000000004
2025-08-13T14:29:26.928639,44.0,106.0,-88.0,20.0,57.0,-86.0,-45.0,-103.0,1.0,5.0,78.0,-69.0,66.56,59.7,-40.33,22.509999999999998,36.14,-63.32,-60.37,-90.97,24.12,49.89,50.66,-37.230000000000004
2025-08-13T14:29:26.936588,22.0,61.0,-33.0,38.0,-15.0,-99.0,-19.0,-10.0,18.0,26.0,148.0,-82.0,44.56,14.700000000000003,14.670000000000002,40.51,-35.86,-76.32,-34.37,2.0299999999999994,41.120000000000005,70.89,120.66,-50.230000000000004
2025-08-13T14:29:26.941058,-72.0,34.0,-48.0,-5.0,37.0,-157.0,-52.0,-22.0,-51.0,26.0,103.0,-90.0,-49.44,-12.299999999999997,-0.3299999999999983,-2.49,16.14,-134.32,-67.37,-9.97,-27.88,70.89,75.66,-58.230000000000004
2025-08-13T14:29:26.948887,-3.0,79.0,-97.0,108.0,-9.0,-80.0,-54.0,2.0,-137.0,2.0,128.0,-42.0,19.56,32.7,-49.33,110.51,-29.86,-57.32,-69.37,14.03,-113.88,46.89,100.66,-10.23
2025-08-13T14:29:26.953623,-51.0,109.0,-153.0,115.0,21.0,-70.0,-18.0,0.0,-4.0,-17.0,58.0,-81.0,-28.44,62.7,-105.33,117.51,0.14000000000000057,-47.32,-33.37,12.03,19.12,27.89,30.66,-49.230000000000004
2025-08-13T14:29:26.961396,-26.0,90.0,-148.0,-24.0,7.0,-87.0,-35.0,-28.0,-107.0,-34.0,80.0,-147.0,-3.4400000000000013,43.7,-100.33,-21.490000000000002,-13.86,-64.32,-50.37,-15.97,-83.88,10.89,52.66,-115.23
2025-08-13T14:29:26.965689,-36.0,33.0,-151.0,-5.0,38.0,-128.0,43.0,-71.0,-51.0,-49.0,52.0,-112.0,-13.440000000000001,-13.299999999999997,-103.33,-2.49,17.14,-105.32,27.630000000000003,-58.97,-27.88,-4.109999999999999,24.66,-80.23
2025-08-13T14:29:26.973626,53.0,-18.0,-66.0,11.0,79.0,-65.0,-23.0,-18.0,-37.0,18.0,83.0,-74.0,75.56,-64.3,-18.33,13.51,58.14,-42.32,-38.37,-5.970000000000001,-13.879999999999999,62.89,55.66,-42.230000000000004
2025-08-13T14:29:26.978130,-66.0,53.0,-88.0,-1.0,10.0,-125.0,-46.0,-134.0,-31.0,-15.0,78.0,-100.0,-43.44,6.700000000000003,-40.33,1.5099999999999998,-10.86,-102.32,-61.37,-121.97,-7.879999999999999,29.89,50.66,-68.23
2025-08-13T14:29:26.986073,-51.0,36.0,-22.0,-2.0,8.0,-55.0,-46.0,-8.0,-76.0,-21.0,58.0,-111.0,-28.44,-10.299999999999997,25.67,0.5099999999999998,-12.86,-32.32,-61.37,4.029999999999999,-52.879999999999995,23.89,30.66,-79.23
2025-08-13T14:29:26.990344,-74.0,186.0,-77.0,59.0,2.0,-70.0,-95.0,-39.0,-38.0,34.0,69.0,-50.0,-51.44,139.7,-29.33,61.51,-18.86,-47.32,-110.37,-26.97,-14.879999999999999,78.89,41.66,-18.23
2025-08-13T14:29:26.998232,-28.0,68.0,-110.0,29.0,55.0,-33.0,-10.0,34.0,-13.0,-26.0,69.0,-130.0,-5.440000000000001,21.700000000000003,-62.33,31.509999999999998,34.14,-10.32,-25.369999999999997,46.03,10.120000000000001,18.89,41.66,-98.23
2025-08-13T14:29:27.002431,23.0,94.0,-175.0,-5.0,37.0,-46.0,-10.0,48.0,13.0,16.0,33.0,-40.0,45.56,47.7,-127.33,-2.49,16.14,-23.32,-25.369999999999997,60.03,36.120000000000005,60.89,5.66,-8.23
2025-08-13T14:29:27.010432,26.0,94.0,-94.0,36.0,10.0,-94.0,-26.0,-35.0,57.0,4.0,104.0,-72.0,48.56,47.7,-46.33,38.51,-10.86,-71.32,-41.37,-22.97,80.12,48.89,76.66,-40.230000000000004
2025-08-13T14:29:27.014809,-7.0,39.0,-46.0,78.0,59.0,-104.0,-1.0,-3.0,-32.0,-12.0,73.0,-87.0,15.559999999999999,-7.299999999999997,1.6700000000000017,80.51,38.14,-81.32,-16.369999999999997,9.03,-8.879999999999999,32.89,45.66,-55.230000000000004
2025-08-13T14:29:27.022638,-2.0,31.0,-72.0,92.0,-2.0,-67.0,-11.0,7.0,-44.0,-37.0,66.0,-78.0,20.56,-15.299999999999997,-24.33,94.51,-22.86,-44.32,-26.369999999999997,19.03,-20.88,7.890000000000001,38.66,-46.230000000000004
2025-08-13T14:29:27.027175,-40.0,77.0,-59.0,19.0,160.0,-6.0,-49.0,-14.0,-51.0,-62.0,80.0,-78.0,-17.44,30.700000000000003,-11.329999999999998,21.509999999999998,139.14,16.68,-64.37,-1.9700000000000006,-27.88,-17.11,52.66,-46.230000000000004
2025-08-13T14:29:27.034998,-52.0,69.0,-55.0,-25.0,68.0,-89.0,-77.0,13.0,-63.0,-55.0,27.0,-81.0,-29.44,22.700000000000003,-7.329999999999998,-22.490000000000002,47.14,-66.32,-92.37,25.03,-39.879999999999995,-10.11,-0.33999999999999986,-49.230000000000004
2025-08-13T14:29:27.039353,-43.0,45.0,-18.0,18.0,-9.0,-44.0,-49.0,-11.0,-8.0,-71.0,39.0,-38.0,-20.44,-1.2999999999999972,29.67,20.509999999999998,-29.86,-21.32,-64.37,1.0299999999999994,15.120000000000001,-26.11,11.66,-6.23
2025-08-13T14:29:27.047987,-65.0,90.0,-114.0,-11.0,-30.0,-83.0,-59.0,34.0,-35.0,-87.0,88.0,-89.0,-42.44,43.7,-66.33,-8.49,-50.86,-60.32,-74.37,46.03,-11.879999999999999,-42.11,60.66,-57.230000000000004
2025-08-13T14:29:27.051575,51.0,68.0,-94.0,7.0,34.0,-84.0,-59.0,52.0,-24.0,-40.0,106.0,-63.0,73.56,21.700000000000003,-46.33,9.51,13.14,-61.32,-74.37,64.03,-0.879999999999999,4.890000000000001,78.66,-31.23
2025-08-13T14:29:27.059514,17.0,31.0,-115.0,-13.0,-25.0,-85.0,-12.0,-17.0,23.0,-55.0,67.0,-49.0,39.56,-15.299999999999997,-67.33,-10.49,-45.86,-62.32,-27.369999999999997,-4.970000000000001,46.120000000000005,-10.11,39.66,-17.23
2025-08-13T14:29:27.063658,8.0,43.0,-82.0,21.0,9.0,-58.0,88.0,48.0,-41.0,-34.0,79.0,-39.0,30.56,-3.299999999999997,-34.33,23.509999999999998,-11.86,-35.32,72.63,60.03,-17.88,10.89,51.66,-7.23
2025-08-13T14:29:27.071781,65.0,75.0,-15.0,68.0,-76.0,-114.0,32.0,-1.0,-74.0,-20.0,70.0,-80.0,87.56,28.700000000000003,32.67,70.51,-96.86,-91.32,16.630000000000003,11.03,-50.879999999999995,24.89,42.66,-48.230000000000004
2025-08-13T14:29:27.075994,-54.0,-16.0,-45.0,-10.0,26.0,19.0,30.0,33.0,-131.0,-86.0,92.0,-72.0,-31.44,-62.3,2.6700000000000017,-7.49,5.140000000000001,41.68,14.63,45.03,-107.88,-41.11,64.66,-40.230000000000004
2025-08-13T14:29:27.083890,-61.0,96.0,35.0,10.0,-18.0,-11.0,41.0,-36.0,-79.0,-59.0,75.0,-46.0,-38.44,49.7,82.67,12.51,-38.86,11.68,25.630000000000003,-23.97,-55.879999999999995,-14.11,47.66,-14.23
2025-08-13T14:29:27.088236,-58.0,100.0,-103.0,-6.0,27.0,13.0,42.0,40.0,-83.0,-77.0,-1.0,-38.0,-35.44,53.7,-55.33,-3.49,6.140000000000001,35.68,26.630000000000003,52.03,-59.879999999999995,-32.11,-28.34,-6.23
2025-08-13T14:29:27.096322,30.0,110.0,-162.0,15.0,62.0,-48.0,34.0,16.0,-93.0,-71.0,33.0,-30.0,52.56,63.7,-114.33,17.509999999999998,41.14,-25.32,18.630000000000003,28.03,-69.88,-26.11,5.66,1.7699999999999996
2025-08-13T14:29:27.100686,20.0,-31.0,-103.0,54.0,48.0,-87.0,-14.0,57.0,-8.0,-41.0,75.0,-60.0,42.56,-77.3,-55.33,56.51,27.14,-64.32,-29.369999999999997,69.03,15.120000000000001,3.8900000000000006,47.66,-28.23
2025-08-13T14:29:27.104796,49.0,5.0,-68.0,3.0,33.0,-77.0,-27.0,-72.0,14.0,-41.0,69.0,-36.0,71.56,-41.3,-20.33,5.51,12.14,-54.32,-42.37,-59.97,37.120000000000005,3.8900000000000006,41.66,-4.23
2025-08-13T14:29:27.112775,-29.0,-16.0,-54.0,42.0,17.0,-7.0,76.0,-75.0,20.0,-44.0,72.0,-73.0,-6.440000000000001,-62.3,-6.329999999999998,44.51,-3.8599999999999994,15.68,60.63,-62.97,43.120000000000005,0.8900000000000006,44.66,-41.230000000000004
2025-08-13T14:29:27.117244,-84.0,115.0,-26.0,42.0,48.0,-31.0,0.0,-40.0,6.0,-101.0,68.0,-21.0,-61.44,68.7,21.67,44.51,27.14,-8.32,-15.37,-27.97,29.12,-56.11,40.66,10.77
2025-08-13T14:29:27.125197,-58.0,97.0,-73.0,-31.0,42.0,-36.0,-19.0,-7.0,-22.0,-100.0,39.0,-40.0,-35.44,50.7,-25.33,-28.490000000000002,21.14,-13.32,-34.37,5.029999999999999,1.120000000000001,-55.11,11.66,-8.23
2025-08-13T14:29:27.133191,-36.0,25.0,-147.0,-73.0,-19.0,-51.0,23.0,-15.0,-34.0,-36.0,77.0,-72.0,-13.440000000000001,-21.299999999999997,-99.33,-70.49,-39.86,-28.32,7.630000000000001,-2.9700000000000006,-10.879999999999999,8.89,49.66,-40.230000000000004
2025-08-13T14:29:27.137428,3.0,74.0,-66.0,0.0,94.0,-34.0,-11.0,-7.0,-28.0,-16.0,56.0,-29.0,25.56,27.700000000000003,-18.33,2.51,73.14,-11.32,-26.369999999999997,5.029999999999999,-4.879999999999999,28.89,28.66,2.7699999999999996
2025-08-13T14:29:27.141563,3.0,97.0,-117.0,8.0,65.0,-65.0,-17.0,-10.0,-75.0,-103.0,5.0,-49.0,25.56,50.7,-69.33,10.51,44.14,-42.32,-32.37,2.0299999999999994,-51.879999999999995,-58.11,-22.34,-17.23
2025-08-13T14:29:27.149632,-25.0,42.0,-105.0,81.0,-2.0,-68.0,23.0,87.0,8.0,-74.0,22.0,-55.0,-2.4400000000000013,-4.299999999999997,-57.33,83.51,-22.86,-45.32,7.630000000000001,99.03,31.12,-29.11,-5.34,-23.23
2025-08-13T14:29:27.153816,47.0,-2.0,-42.0,5.0,14.0,-68.0,23.0,17.0,-102.0,-40.0,46.0,-62.0,69.56,-48.3,5.670000000000002,7.51,-6.859999999999999,-45.32,7.630000000000001,29.03,-78.88,4.890000000000001,18.66,-30.23
2025-08-13T14:29:27.162841,-38.0,-29.0,-53.0,-85.0,66.0,-37.0,-78.0,23.0,-32.0,-105.0,26.0,-99.0,-15.440000000000001,-75.3,-5.329999999999998,-82.49,45.14,-14.32,-93.37,35.03,-8.879999999999999,-60.11,-1.3399999999999999,-67.23
2025-08-13T14:29:27.166739,-40.0,65.0,-47.0,-33.0,49.0,4.0,1.0,52.0,-65.0,-28.0,-19.0,-66.0,-17.44,18.700000000000003,0.6700000000000017,-30.490000000000002,28.14,26.68,-14.37,64.03,-41.879999999999995,16.89,-46.34,-34.230000000000004
2025-08-13T14:29:27.174277,-9.0,113.0,-63.0,-48.0,87.0,-14.0,-77.0,37.0,-55.0,22.0,32.0,-56.0,13.559999999999999,66.7,-15.329999999999998,-45.49,66.14,8.68,-92.37,49.03,-31.88,66.89,4.66,-24.23
2025-08-13T14:29:27.178390,-42.0,71.0,-66.0,39.0,114.0,-58.0,-42.0,-8.0,-32.0,-65.0,89.0,-60.0,-19.44,24.700000000000003,-18.33,41.51,93.14,-35.32,-57.37,4.029999999999999,-8.879999999999999,-20.11,61.66,-28.23
2025-08-13T14:29:27.186540,-39.0,116.0,-89.0,14.0,84.0,-84.0,3.0,-13.0,-41.0,-95.0,36.0,-35.0,-16.44,69.7,-41.33,16.509999999999998,63.14,-61.32,-12.37,-0.9700000000000006,-17.88,-50.11,8.66,-3.2300000000000004
2025-08-13T14:29:27.190700,45.0,59.0,-85.0,-20.0,-7.0,-65.0,-13.0,-36.0,18.0,-71.0,23.0,-56.0,67.56,12.700000000000003,-37.33,-17.490000000000002,-27.86,-42.32,-28.369999999999997,-23.97,41.120000000000005,-26.11,-4.34,-24.23
2025-08-13T14:29:27.198904,18.0,72.0,-73.0,-52.0,-18.0,46.0,70.0,3.0,-20.0,-31.0,94.0,-64.0,40.56,25.700000000000003,-25.33,-49.49,-38.86,68.68,54.63,15.03,3.120000000000001,13.89,66.66,-32.230000000000004
2025-08-13T14:29:27.203240,-8.0,70.0,-30.0,21.0,67.0,-72.0,1.0,-36.0,-75.0,-58.0,18.0,-90.0,14.559999999999999,23.700000000000003,17.67,23.509999999999998,46.14,-49.32,-14.37,-23.97,-51.879999999999995,-13.11,-9.34,-58.230000000000004
2025-08-13T14:29:27.211216,-27.0,85.0,-101.0,-35.0,79.0,-63.0,62.0,5.0,-72.0,-64.0,-29.0,-94.0,-4.440000000000001,38.7,-53.33,-32.49,58.14,-40.32,46.63,17.03,-48.879999999999995,-19.11,-56.34,-62.230000000000004
2025-08-13T14:29:27.215382,-63.0,80.0,-56.0,40.0,8.0,-89.0,-14.0,23.0,-9.0,-91.0,50.0,-76.0,-40.44,33.7,-8.329999999999998,42.51,-12.86,-66.32,-29.369999999999997,35.03,14.120000000000001,-46.11,22.66,-44.230000000000004
2025-08-13T14:29:27.223401,-56.0,95.0,-62.0,34.0,61.0,-9.0,-10.0,22.0,-34.0,14.0,36.0,-86.0,-33.44,48.7,-14.329999999999998,36.51,40.14,13.68,-25.369999999999997,34.03,-10.879999999999999,58.89,8.66,-54.230000000000004
2025-08-13T14:29:27.227793,-36.0,154.0,-110.0,29.0,10.0,-47.0,51.0,-5.0,-21.0,-47.0,24.0,-62.0,-13.440000000000001,107.7,-62.33,31.509999999999998,-10.86,-24.32,35.63,7.029999999999999,2.120000000000001,-2.1099999999999994,-3.34,-30.23
2025-08-13T14:29:27.235767,35.0,113.0,-126.0,3.0,49.0,-48.0,2.0,-46.0,-57.0,-54.0,42.0,12.0,57.56,66.7,-78.33,5.51,28.14,-25.32,-13.37,-33.97,-33.879999999999995,-9.11,14.66,43.769999999999996
2025-08-13T14:29:27.240494,-43.0,34.0,-106.0,-12.0,12.0,-87.0,-25.0,-54.0,-21.0,-43.0,10.0,-11.0,-20.44,-12.299999999999997,-58.33,-9.49,-8.86,-64.32,-40.37,-41.97,2.120000000000001,1.8900000000000006,-17.34,20.77
2025-08-13T14:29:27.248210,-2.0,-1.0,-20.0,30.0,23.0,-70.0,5.0,48.0,-40.0,-62.0,41.0,-100.0,20.56,-47.3,27.67,32.51,2.1400000000000006,-47.32,-10.37,60.03,-16.88,-17.11,13.66,-68.23
2025-08-13T14:29:27.252759,21.0,75.0,-15.0,41.0,-9.0,-24.0,-29.0,-79.0,-85.0,16.0,75.0,-79.0,43.56,28.700000000000003,32.67,43.51,-29.86,-1.3200000000000003,-44.37,-66.97,-61.879999999999995,60.89,47.66,-47.230000000000004
2025-08-13T14:29:27.260209,-34.0,15.0,-27.0,3.0,-3.0,-39.0,44.0,6.0,17.0,-85.0,26.0,-23.0,-11.440000000000001,-31.299999999999997,20.67,5.51,-23.86,-16.32,28.630000000000003,18.03,40.120000000000005,-40.11,-1.3399999999999999,8.77
2025-08-13T14:29:27.264977,-38.0,-13.0,-51.0,12.0,-71.0,-68.0,21.0,-47.0,-33.0,-82.0,30.0,-138.0,-15.440000000000001,-59.3,-3.3299999999999983,14.51,-91.86,-45.32,5.630000000000001,-34.97,-9.879999999999999,-37.11,2.66,-106.23
2025-08-13T14:29:27.272770,-101.0,96.0,-71.0,24.0,11.0,-45.0,26.0,-44.0,-16.0,-28.0,34.0,-60.0,-78.44,49.7,-23.33,26.509999999999998,-9.86,-22.32,10.63,-31.97,7.120000000000001,16.89,6.66,-28.23
2025-08-13T14:29:27.277154,-44.0,167.0,-81.0,-2.0,63.0,-65.0,3.0,-11.0,55.0,-71.0,59.0,-89.0,-21.44,120.7,-33.33,0.5099999999999998,42.14,-42.32,-12.37,1.0299999999999994,78.12,-26.11,31.66,-57.230000000000004
2025-08-13T14:29:27.285017,-22.0,50.0,-76.0,-49.0,62.0,-117.0,-26.0,39.0,-20.0,-130.0,65.0,-46.0,0.5599999999999987,3.700000000000003,-28.33,-46.49,41.14,-94.32,-41.37,51.03,3.120000000000001,-85.11,37.66,-14.23
2025-08-13T14:29:27.289544,51.0,35.0,-88.0,28.0,61.0,-99.0,41.0,-34.0,-22.0,-86.0,37.0,-40.0,73.56,-11.299999999999997,-40.33,30.509999999999998,40.14,-76.32,25.630000000000003,-21.97,1.120000000000001,-41.11,9.66,-8.23
2025-08-13T14:29:27.297430,-22.0,56.0,-60.0,-10.0,-19.0,-53.0,18.0,9.0,-14.0,5.0,27.0,-81.0,0.5599999999999987,9.700000000000003,-12.329999999999998,-7.49,-39.86,-30.32,2.630000000000001,21.03,9.120000000000001,49.89,-0.33999999999999986,-49.230000000000004
2025-08-13T14:29:27.301762,81.0,43.0,-53.0,-8.0,8.0,-88.0,-20.0,46.0,-40.0,-29.0,83.0,-21.0,103.56,-3.299999999999997,-5.329999999999998,-5.49,-12.86,-65.32,-35.37,58.03,-16.88,15.89,55.66,10.77
2025-08-13T14:29:27.309643,-69.0,-14.0,-1.0,-59.0,-8.0,-35.0,-19.0,26.0,-62.0,-73.0,25.0,-119.0,-46.44,-60.3,46.67,-56.49,-28.86,-12.32,-34.37,38.03,-38.879999999999995,-28.11,-2.34,-87.23
2025-08-13T14:29:27.314110,-22.0,-1.0,-55.0,4.0,1.0,24.0,2.0,40.0,-54.0,-34.0,57.0,-102.0,0.5599999999999987,-47.3,-7.329999999999998,6.51,-19.86,46.68,-13.37,52.03,-30.88,10.89,29.66,-70.23
2025-08-13T14:29:27.321721,-42.0,92.0,-86.0,-16.0,55.0,0.0,4.0,-35.0,-68.0,-60.0,48.0,-46.0,-19.44,45.7,-38.33,-13.49,34.14,22.68,-11.37,-22.97,-44.879999999999995,-15.11,20.66,-14.23
2025-08-13T14:29:27.327302,-26.0,73.0,-47.0,-1.0,-8.0,-131.0,-66.0,-42.0,-45.0,-6.0,67.0,-62.0,-3.4400000000000013,26.700000000000003,0.6700000000000017,1.5099999999999998,-28.86,-108.32,-81.37,-29.97,-21.88,38.89,39.66,-30.23
2025-08-13T14:29:27.334177,4.0,99.0,-27.0,-22.0,-9.0,-25.0,-15.0,-43.0,-60.0,-9.0,82.0,-79.0,26.56,52.7,20.67,-19.490000000000002,-29.86,-2.3200000000000003,-30.369999999999997,-30.97,-36.879999999999995,35.89,54.66,-47.230000000000004
2025-08-13T14:29:27.339522,-16.0,101.0,-19.0,48.0,43.0,-38.0,1.0,-12.0,-59.0,66.0,7.0,-105.0,6.559999999999999,54.7,28.67,50.51,22.14,-15.32,-14.37,0.02999999999999936,-35.879999999999995,110.89,-20.34,-73.23
2025-08-13T14:29:27.346563,-8.0,135.0,-91.0,60.0,-23.0,-71.0,-52.0,104.0,-9.0,-47.0,49.0,-45.0,14.559999999999999,88.7,-43.33,62.51,-43.86,-48.32,-67.37,116.03,14.120000000000001,-2.1099999999999994,21.66,-13.23
2025-08-13T14:29:27.351753,62.0,-1.0,-163.0,67.0,26.0,-52.0,62.0,19.0,-95.0,7.0,59.0,-77.0,84.56,-47.3,-115.33,69.51,5.140000000000001,-29.32,46.63,31.03,-71.88,51.89,31.66,-45.230000000000004
2025-08-13T14:29:27.358547,92.0,148.0,-143.0,-81.0,34.0,-86.0,1.0,58.0,-43.0,-87.0,36.0,-58.0,114.56,101.7,-95.33,-78.49,13.14,-63.32,-14.37,70.03,-19.88,-42.11,8.66,-26.23
2025-08-13T14:29:27.363049,-54.0,18.0,-114.0,-14.0,46.0,37.0,4.0,-23.0,-29.0,-42.0,72.0,-101.0,-31.44,-28.299999999999997,-66.33,-11.49,25.14,59.68,-11.37,-10.97,-5.879999999999999,2.8900000000000006,44.66,-69.23
2025-08-13T14:29:27.370919,46.0,-5.0,-42.0,1.0,-49.0,-79.0,84.0,-52.0,-37.0,-2.0,102.0,-62.0,68.56,-51.3,5.670000000000002,3.51,-69.86,-56.32,68.63,-39.97,-13.879999999999999,42.89,74.66,-30.23
2025-08-13T14:29:27.375335,86.0,21.0,-70.0,-49.0,25.0,-117.0,14.0,-4.0,-25.0,-34.0,47.0,-69.0,108.56,-25.299999999999997,-22.33,-46.49,4.140000000000001,-94.32,-1.3699999999999992,8.03,-1.879999999999999,10.89,19.66,-37.230000000000004
2025-08-13T14:29:27.383281,-76.0,-29.0,7.0,-20.0,55.0,-39.0,45.0,-59.0,-45.0,-60.0,51.0,-57.0,-53.44,-75.3,54.67,-17.490000000000002,34.14,-16.32,29.630000000000003,-46.97,-21.88,-15.11,23.66,-25.23
2025-08-13T14:29:27.387662,-65.0,61.0,-55.0,36.0,32.0,-48.0,55.0,-54.0,-21.0,-47.0,-3.0,-53.0,-42.44,14.700000000000003,-7.329999999999998,38.51,11.14,-25.32,39.63,-41.97,2.120000000000001,-2.1099999999999994,-30.34,-21.23
2025-08-13T14:29:27.392094,-109.0,78.0,-78.0,-30.0,11.0,32.0,1.0,5.0,14.0,-29.0,60.0,-87.0,-86.44,31.700000000000003,-30.33,-27.490000000000002,-9.86,54.68,-14.37,17.03,37.120000000000005,15.89,32.66,-55.230000000000004
2025-08-13T14:29:27.399858,-46.0,111.0,-83.0,3.0,-25.0,-58.0,7.0,-58.0,-35.0,-24.0,59.0,-44.0,-23.44,64.7,-35.33,5.51,-45.86,-35.32,-8.37,-45.97,-11.879999999999999,20.89,31.66,-12.23
2025-08-13T14:29:27.407742,-16.0,15.0,-87.0,-5.0,85.0,-26.0,-49.0,-34.0,-104.0,-56.0,57.0,-26.0,6.559999999999999,-31.299999999999997,-39.33,-2.49,64.14,-3.3200000000000003,-64.37,-21.97,-80.88,-11.11,29.66,5.77
2025-08-13T14:29:27.412182,-16.0,16.0,-102.0,-10.0,37.0,-82.0,-20.0,51.0,-20.0,-67.0,11.0,-55.0,6.559999999999999,-30.299999999999997,-54.33,-7.49,16.14,-59.32,-35.37,63.03,3.120000000000001,-22.11,-16.34,-23.23
2025-08-13T14:29:27.420002,-107.0,48.0,-43.0,13.0,65.0,-41.0,-77.0,58.0,-28.0,-19.0,113.0,-84.0,-84.44,1.7000000000000028,4.670000000000002,15.51,44.14,-18.32,-92.37,70.03,-4.879999999999999,25.89,85.66,-52.230000000000004
2025-08-13T14:29:27.427706,-26.0,60.0,9.0,-11.0,-4.0,-74.0,27.0,-89.0,-66.0,-46.0,82.0,-68.0,-3.4400000000000013,13.700000000000003,56.67,-8.49,-24.86,-51.32,11.63,-76.97,-42.879999999999995,-1.1099999999999994,54.66,-36.230000000000004
2025-08-13T14:29:27.434519,-25.0,112.0,-43.0,134.0,-1.0,1.0,23.0,126.0,-53.0,-65.0,32.0,-81.0,-2.4400000000000013,65.7,4.670000000000002,136.51,-21.86,23.68,7.630000000000001,138.03,-29.88,-20.11,4.66,-49.230000000000004
2025-08-13T14:29:27.439818,63.0,106.0,-134.0,-84.0,73.0,-41.0,54.0,-53.0,-77.0,-70.0,73.0,-37.0,85.56,59.7,-86.33,-81.49,52.14,-18.32,38.63,-40.97,-53.879999999999995,-25.11,45.66,-5.23
2025-08-13T14:29:27.444456,-28.0,94.0,-119.0,-15.0,36.0,-21.0,9.0,-24.0,-37.0,-26.0,35.0,-75.0,-5.440000000000001,47.7,-71.33,-12.49,15.14,1.6799999999999997,-6.369999999999999,-11.97,-13.879999999999999,18.89,7.66,-43.230000000000004
2025-08-13T14:29:27.448997,-33.0,27.0,-92.0,9.0,-4.0,-105.0,69.0,10.0,-44.0,-50.0,33.0,-55.0,-10.440000000000001,-19.299999999999997,-44.33,11.51,-24.86,-82.32,53.63,22.03,-20.88,-5.109999999999999,5.66,-23.23
2025-08-13T14:29:27.456759,38.0,46.0,-34.0,55.0,51.0,-45.0,59.0,-55.0,-44.0,-88.0,-3.0,-92.0,60.56,-0.29999999999999716,13.670000000000002,57.51,30.14,-22.32,43.63,-42.97,-20.88,-43.11,-30.34,-60.230000000000004
2025-08-13T14:29:27.461299,-108.0,5.0,-77.0,-24.0,-35.0,42.0,-7.0,3.0,-28.0,-46.0,21.0,-71.0,-85.44,-41.3,-29.33,-21.490000000000002,-55.86,64.68,-22.369999999999997,15.03,-4.879999999999999,-1.1099999999999994,-6.34,-39.230000000000004
2025-08-13T14:29:27.467101,-76.0,65.0,-2.0,47.0,9.0,-6.0,71.0,-3.0,-16.0,-75.0,76.0,-94.0,-53.44,18.700000000000003,45.67,49.51,-11.86,16.68,55.63,9.03,7.120000000000001,-30.11,48.66,-62.230000000000004
2025-08-13T14:29:27.473745,-27.0,109.0,-90.0,55.0,17.0,3.0,41.0,-21.0,-24.0,-108.0,64.0,-41.0,-4.440000000000001,62.7,-42.33,57.51,-3.8599999999999994,25.68,25.630000000000003,-8.97,-0.879999999999999,-63.11,36.66,-9.23
2025-08-13T14:29:27.481678,7.0,145.0,-61.0,-21.0,-16.0,25.0,-30.0,-13.0,0.0,-60.0,97.0,-26.0,29.56,98.7,-13.329999999999998,-18.490000000000002,-36.86,47.68,-45.37,-0.9700000000000006,23.12,-15.11,69.66,5.77
2025-08-13T14:29:27.486731,-6.0,96.0,-114.0,-20.0,94.0,-31.0,-20.0,-11.0,-16.0,-48.0,-15.0,25.0,16.56,49.7,-66.33,-17.490000000000002,73.14,-8.32,-35.37,1.0299999999999994,7.120000000000001,-3.1099999999999994,-42.34,56.769999999999996
2025-08-13T14:29:27.491208,30.0,112.0,-68.0,1.0,26.0,-2.0,-9.0,-42.0,-30.0,-21.0,90.0,4.0,52.56,65.7,-20.33,3.51,5.140000000000001,20.68,-24.369999999999997,-29.97,-6.879999999999999,23.89,62.66,35.769999999999996
2025-08-13T14:29:27.497977,9.0,17.0,-114.0,-60.0,39.0,-59.0,3.0,-43.0,-56.0,-26.0,60.0,-123.0,31.56,-29.299999999999997,-66.33,-57.49,18.14,-36.32,-12.37,-30.97,-32.879999999999995,18.89,32.66,-91.23
2025-08-13T14:29:27.502644,15.0,-30.0,-100.0,-27.0,66.0,-13.0,7.0,-19.0,-51.0,-18.0,74.0,-60.0,37.56,-76.3,-52.33,-24.490000000000002,45.14,9.68,-8.37,-6.970000000000001,-27.88,26.89,46.66,-28.23
2025-08-13T14:29:27.510103,-43.0,11.0,-79.0,-5.0,54.0,-101.0,-9.0,-10.0,24.0,-18.0,5.0,-81.0,-20.44,-35.3,-31.33,-2.49,33.14,-78.32,-24.369999999999997,2.0299999999999994,47.120000000000005,26.89,-22.34,-49.230000000000004
2025-08-13T14:29:27.515126,-65.0,63.0,-56.0,18.0,25.0,-44.0,-98.0,-12.0,-40.0,-52.0,91.0,-98.0,-42.44,16.700000000000003,-8.329999999999998,20.509999999999998,4.140000000000001,-21.32,-113.37,0.02999999999999936,-16.88,-7.109999999999999,63.66,-66.23
2025-08-13T14:29:27.523582,27.0,35.0,-88.0,20.0,-45.0,-34.0,-43.0,1.0,-58.0,-30.0,50.0,-64.0,49.56,-11.299999999999997,-40.33,22.509999999999998,-65.86,-11.32,-58.37,13.03,-34.879999999999995,14.89,22.66,-32.230000000000004
2025-08-13T14:29:27.531133,-26.0,19.0,-59.0,-53.0,65.0,-3.0,-50.0,10.0,14.0,-43.0,58.0,-68.0,-3.4400000000000013,-27.299999999999997,-11.329999999999998,-50.49,44.14,19.68,-65.37,22.03,37.120000000000005,1.8900000000000006,30.66,-36.230000000000004
2025-08-13T14:29:27.537044,-39.0,59.0,-121.0,7.0,-36.0,-79.0,-28.0,9.0,-17.0,-101.0,65.0,-6.0,-16.44,12.700000000000003,-73.33,9.51,-56.86,-56.32,-43.37,21.03,6.120000000000001,-56.11,37.66,25.77
2025-08-13T14:29:27.541863,-32.0,116.0,-147.0,61.0,60.0,-18.0,3.0,9.0,-25.0,-9.0,17.0,-51.0,-9.440000000000001,69.7,-99.33,63.51,39.14,4.68,-12.37,21.03,-1.879999999999999,35.89,-10.34,-19.23
2025-08-13T14:29:27.547019,11.0,156.0,-152.0,46.0,42.0,-63.0,26.0,-24.0,-64.0,-41.0,45.0,-79.0,33.56,109.7,-104.33,48.51,21.14,-40.32,10.63,-11.97,-40.879999999999995,3.8900000000000006,17.66,-47.230000000000004
2025-08-13T14:29:27.551592,-25.0,81.0,-128.0,23.0,45.0,3.0,62.0,17.0,-43.0,4.0,12.0,-63.0,-2.4400000000000013,34.7,-80.33,25.509999999999998,24.14,25.68,46.63,29.03,-19.88,48.89,-15.34,-31.23
2025-08-13T14:29:27.559800,31.0,50.0,-126.0,-56.0,-2.0,-57.0,11.0,-5.0,-45.0,-8.0,78.0,-34.0,53.56,3.700000000000003,-78.33,-53.49,-22.86,-34.32,-4.369999999999999,7.029999999999999,-21.88,36.89,50.66,-2.2300000000000004
2025-08-13T14:29:27.563946,82.0,40.0,-102.0,-18.0,-28.0,-10.0,-32.0,29.0,-51.0,-45.0,35.0,-24.0,104.56,-6.299999999999997,-54.33,-15.49,-48.86,12.68,-47.37,41.03,-27.88,-0.10999999999999943,7.66,7.77
2025-08-13T14:29:27.571884,38.0,20.0,-53.0,-15.0,30.0,-33.0,1.0,0.0,-38.0,-69.0,71.0,-73.0,60.56,-26.299999999999997,-5.329999999999998,-12.49,9.14,-10.32,-14.37,12.03,-14.879999999999999,-24.11,43.66,-41.230000000000004
2025-08-13T14:29:27.576040,47.0,57.0,-7.0,-5.0,-19.0,-70.0,-3.0,-1.0,-84.0,15.0,11.0,-10.0,69.56,10.700000000000003,40.67,-2.49,-39.86,-47.32,-18.369999999999997,11.03,-60.879999999999995,59.89,-16.34,21.77
2025-08-13T14:29:27.583906,0.0,38.0,9.0,36.0,27.0,-74.0,18.0,9.0,-75.0,-64.0,75.0,-125.0,22.56,-8.299999999999997,56.67,38.51,6.140000000000001,-51.32,2.630000000000001,21.03,-51.879999999999995,-19.11,47.66,-93.23
2025-08-13T14:29:27.588477,-32.0,81.0,-12.0,44.0,-27.0,-79.0,11.0,20.0,-17.0,-41.0,21.0,-108.0,-9.440000000000001,34.7,35.67,46.51,-47.86,-56.32,-4.369999999999999,32.03,6.120000000000001,3.8900000000000006,-6.34,-76.23
2025-08-13T14:29:27.596218,-67.0,-17.0,2.0,29.0,-16.0,-53.0,45.0,19.0,-71.0,-68.0,43.0,-86.0,-44.44,-63.3,49.67,31.509999999999998,-36.86,-30.32,29.630000000000003,31.03,-47.879999999999995,-23.11,15.66,-54.230000000000004
2025-08-13T14:29:27.600840,-24.0,104.0,-52.0,5.0,-27.0,-11.0,48.0,-50.0,-40.0,-44.0,52.0,-91.0,-1.4400000000000013,57.7,-4.329999999999998,7.51,-47.86,11.68,32.63,-37.97,-16.88,0.8900000000000006,24.66,-59.230000000000004
2025-08-13T14:29:27.608582,-131.0,72.0,-146.0,-20.0,15.0,-20.0,46.0,19.0,-23.0,-65.0,4.0,-148.0,-108.44,25.700000000000003,-98.33,-17.490000000000002,-5.859999999999999,2.6799999999999997,30.630000000000003,31.03,0.120000000000001,-20.11,-23.34,-116.23
2025-08-13T14:29:27.612941,7.0,96.0,-99.0,-108.0,11.0,-21.0,-8.0,1.0,-53.0,-15.0,92.0,-139.0,29.56,49.7,-51.33,-105.49,-9.86,1.6799999999999997,-23.369999999999997,13.03,-29.88,29.89,64.66,-107.23
2025-08-13T14:29:27.620724,-5.0,-34.0,-159.0,-32.0,22.0,-83.0,81.0,25.0,-7.0,-16.0,109.0,-25.0,17.56,-80.3,-111.33,-29.490000000000002,1.1400000000000006,-60.32,65.63,37.03,16.12,28.89,81.66,6.77
2025-08-13T14:29:27.626075,54.0,29.0,-39.0,71.0,23.0,-26.0,66.0,14.0,-46.0,-88.0,85.0,-82.0,76.56,-17.299999999999997,8.670000000000002,73.51,2.1400000000000006,-3.3200000000000003,50.63,26.03,-22.88,-43.11,57.66,-50.230000000000004
2025-08-13T14:29:27.633035,-34.0,100.0,-26.0,44.0,35.0,-140.0,14.0,-9.0,-50.0,-40.0,2.0,-63.0,-11.440000000000001,53.7,21.67,46.51,14.14,-117.32,-1.3699999999999992,3.0299999999999994,-26.88,4.890000000000001,-25.34,-31.23
2025-08-13T14:29:27.637685,-27.0,115.0,18.0,21.0,11.0,-88.0,0.0,-57.0,-96.0,-55.0,14.0,-64.0,-4.440000000000001,68.7,65.67,23.509999999999998,-9.86,-65.32,-15.37,-44.97,-72.88,-10.11,-13.34,-32.230000000000004
2025-08-13T14:29:27.645102,-49.0,76.0,-79.0,6.0,47.0,19.0,44.0,34.0,-66.0,-15.0,95.0,-69.0,-26.44,29.700000000000003,-31.33,8.51,26.14,41.68,28.630000000000003,46.03,-42.879999999999995,29.89,67.66,-37.230000000000004
2025-08-13T14:29:27.649898,-19.0,142.0,-99.0,29.0,47.0,-63.0,81.0,20.0,-56.0,25.0,29.0,-81.0,3.5599999999999987,95.7,-51.33,31.509999999999998,26.14,-40.32,65.63,32.03,-32.879999999999995,69.89,1.6600000000000001,-49.230000000000004
2025-08-13T14:29:27.657521,47.0,83.0,-94.0,13.0,31.0,-26.0,50.0,2.0,-79.0,-75.0,59.0,-74.0,69.56,36.7,-46.33,15.51,10.14,-3.3200000000000003,34.63,14.03,-55.879999999999995,-30.11,31.66,-42.230000000000004
2025-08-13T14:29:27.661952,1.0,23.0,-113.0,30.0,113.0,-95.0,23.0,-24.0,-48.0,-38.0,29.0,-89.0,23.56,-23.299999999999997,-65.33,32.51,92.14,-72.32,7.630000000000001,-11.97,-24.88,6.890000000000001,1.6600000000000001,-57.230000000000004
2025-08-13T14:29:27.669863,-16.0,-5.0,-55.0,0.0,-47.0,-66.0,89.0,-25.0,-43.0,-57.0,30.0,-63.0,6.559999999999999,-51.3,-7.329999999999998,2.51,-67.86,-43.32,73.63,-12.97,-19.88,-12.11,2.66,-31.23
2025-08-13T14:29:27.674572,69.0,32.0,-60.0,-64.0,-33.0,-20.0,28.0,13.0,-41.0,-45.0,33.0,-35.0,91.56,-14.299999999999997,-12.329999999999998,-61.49,-53.86,2.6799999999999997,12.63,25.03,-17.88,-0.10999999999999943,5.66,-3.2300000000000004
2025-08-13T14:29:27.682299,-67.0,-10.0,-85.0,29.0,8.0,17.0,-29.0,-16.0,-41.0,-55.0,28.0,-62.0,-44.44,-56.3,-37.33,31.509999999999998,-12.86,39.68,-44.37,-3.9700000000000006,-17.88,-10.11,0.6600000000000001,-30.23
2025-08-13T14:29:27.686633,-53.0,104.0,-35.0,53.0,14.0,0.0,-38.0,41.0,-21.0,-75.0,87.0,-80.0,-30.44,57.7,12.670000000000002,55.51,-6.859999999999999,22.68,-53.37,53.03,2.120000000000001,-30.11,59.66,-48.230000000000004
2025-08-13T14:29:27.694515,-76.0,44.0,-101.0,-11.0,85.0,-60.0,-1.0,-55.0,-51.0,-65.0,46.0,-50.0,-53.44,-2.299999999999997,-53.33,-8.49,64.14,-37.32,-16.369999999999997,-42.97,-27.88,-20.11,18.66,-18.23
2025-08-13T14:29:27.698916,-50.0,74.0,-53.0,56.0,96.0,-26.0,-37.0,87.0,2.0,-79.0,2.0,-68.0,-27.44,27.700000000000003,-5.329999999999998,58.51,75.14,-3.3200000000000003,-52.37,99.03,25.12,-34.11,-25.34,-36.230000000000004
2025-08-13T14:29:27.706642,39.0,21.0,-142.0,65.0,-15.0,-63.0,-17.0,-13.0,7.0,-6.0,79.0,-103.0,61.56,-25.299999999999997,-94.33,67.51,-35.86,-40.32,-32.37,-0.9700000000000006,30.12,38.89,51.66,-71.23
2025-08-13T14:29:27.711077,5.0,33.0,-136.0,-17.0,3.0,-37.0,-30.0,-73.0,14.0,-62.0,-7.0,-65.0,27.56,-13.299999999999997,-88.33,-14.49,-17.86,-14.32,-45.37,-60.97,37.120000000000005,-17.11,-34.34,-33.230000000000004
2025-08-13T14:29:27.717623,54.0,-8.0,-60.0,-32.0,38.0,-6.0,33.0,81.0,-5.0,-97.0,72.0,-57.0,76.56,-54.3,-12.329999999999998,-29.490000000000002,17.14,16.68,17.630000000000003,93.03,18.12,-52.11,44.66,-25.23
2025-08-13T14:29:27.723385,-46.0,71.0,-30.0,45.0,-9.0,-18.0,-37.0,20.0,-41.0,6.0,40.0,-41.0,-23.44,24.700000000000003,17.67,47.51,-29.86,4.68,-52.37,32.03,-17.88,50.89,12.66,-9.23
2025-08-13T14:29:27.731019,-29.0,28.0,-66.0,26.0,80.0,-62.0,-78.0,61.0,-19.0,-22.0,9.0,-71.0,-6.440000000000001,-18.299999999999997,-18.33,28.509999999999998,59.14,-39.32,-93.37,73.03,4.120000000000001,22.89,-18.34,-39.230000000000004
2025-08-13T14:29:27.736848,-54.0,74.0,-57.0,-28.0,38.0,-43.0,-47.0,18.0,-52.0,-57.0,116.0,-1.0,-31.44,27.700000000000003,-9.329999999999998,-25.490000000000002,17.14,-20.32,-62.37,30.03,-28.88,-12.11,88.66,30.77
2025-08-13T14:29:27.739927,-9.0,87.0,-138.0,51.0,72.0,-111.0,-17.0,34.0,9.0,-18.0,42.0,-92.0,13.559999999999999,40.7,-90.33,53.51,51.14,-88.32,-32.37,46.03,32.120000000000005,26.89,14.66,-60.230000000000004
2025-08-13T14:29:27.747885,14.0,101.0,-116.0,42.0,-47.0,-52.0,-25.0,-20.0,-90.0,-36.0,52.0,-18.0,36.56,54.7,-68.33,44.51,-67.86,-29.32,-40.37,-7.970000000000001,-66.88,8.89,24.66,13.77
2025-08-13T14:29:27.752124,33.0,13.0,-138.0,-44.0,7.0,-63.0,49.0,-25.0,-33.0,-77.0,6.0,-75.0,55.56,-33.3,-90.33,-41.49,-13.86,-40.32,33.63,-12.97,-9.879999999999999,-32.11,-21.34,-43.230000000000004
2025-08-13T14:29:27.760205,48.0,41.0,-42.0,29.0,26.0,-7.0,-24.0,17.0,-57.0,53.0,58.0,-115.0,70.56,-5.299999999999997,5.670000000000002,31.509999999999998,5.140000000000001,15.68,-39.37,29.03,-33.879999999999995,97.89,30.66,-83.23
2025-08-13T14:29:27.764523,-34.0,-9.0,-99.0,5.0,5.0,-85.0,18.0,45.0,-8.0,2.0,49.0,-86.0,-11.440000000000001,-55.3,-51.33,7.51,-15.86,-62.32,2.630000000000001,57.03,15.120000000000001,46.89,21.66,-54.230000000000004
2025-08-13T14:29:27.772489,-54.0,86.0,-85.0,-68.0,5.0,-103.0,9.0,88.0,-113.0,21.0,16.0,24.0,-31.44,39.7,-37.33,-65.49,-15.86,-80.32,-6.369999999999999,100.03,-89.88,65.89,-11.34,55.769999999999996
2025-08-13T14:29:27.776859,-118.0,133.0,-53.0,68.0,31.0,-89.0,30.0,-1.0,-65.0,43.0,3.0,-12.0,-95.44,86.7,-5.329999999999998,70.51,10.14,-66.32,14.63,11.03,-41.879999999999995,87.89,-24.34,19.77
2025-08-13T14:29:27.784801,-43.0,78.0,-84.0,-2.0,29.0,-43.0,-43.0,9.0,23.0,-54.0,30.0,-36.0,-20.44,31.700000000000003,-36.33,0.5099999999999998,8.14,-20.32,-58.37,21.03,46.120000000000005,-9.11,2.66,-4.23
2025-08-13T14:29:27.789017,-48.0,81.0,-132.0,6.0,1.0,-25.0,-12.0,17.0,-88.0,-82.0,74.0,9.0,-25.44,34.7,-84.33,8.51,-19.86,-2.3200000000000003,-27.369999999999997,29.03,-64.88,-37.11,46.66,40.769999999999996
2025-08-13T14:29:27.797011,-66.0,80.0,-102.0,55.0,39.0,-40.0,6.0,-9.0,-34.0,-30.0,30.0,-13.0,-43.44,33.7,-54.33,57.51,18.14,-17.32,-9.37,3.0299999999999994,-10.879999999999999,14.89,2.66,18.77
2025-08-13T14:29:27.801619,5.0,82.0,-106.0,-19.0,38.0,24.0,-15.0,22.0,-16.0,-46.0,-22.0,13.0,27.56,35.7,-58.33,-16.490000000000002,17.14,46.68,-30.369999999999997,34.03,7.120000000000001,-1.1099999999999994,-49.34,44.769999999999996
2025-08-13T14:29:27.809258,-42.0,58.0,-81.0,-58.0,25.0,2.0,-4.0,31.0,-97.0,-18.0,3.0,43.0,-19.44,11.700000000000003,-33.33,-55.49,4.140000000000001,24.68,-19.369999999999997,43.03,-73.88,26.89,-24.34,74.77
2025-08-13T14:29:27.814053,2.0,25.0,-129.0,54.0,54.0,-20.0,-19.0,9.0,-71.0,65.0,-14.0,-27.0,24.56,-21.299999999999997,-81.33,56.51,33.14,2.6799999999999997,-34.37,21.03,-47.879999999999995,109.89,-41.34,4.77
2025-08-13T14:29:27.822623,60.0,11.0,-12.0,-41.0,31.0,-81.0,51.0,-6.0,-16.0,20.0,-36.0,-8.0,82.56,-35.3,35.67,-38.49,10.14,-58.32,35.63,6.029999999999999,7.120000000000001,64.89,-63.34,23.77
2025-08-13T14:29:27.828898,63.0,-10.0,-32.0,-72.0,22.0,-99.0,0.0,32.0,-101.0,-1.0,-3.0,-11.0,85.56,-56.3,15.670000000000002,-69.49,1.1400000000000006,-76.32,-15.37,44.03,-77.88,43.89,-30.34,20.77
2025-08-13T14:29:27.837908,7.0,58.0,-31.0,6.0,-63.0,11.0,25.0,15.0,-22.0,18.0,24.0,-37.0,29.56,11.700000000000003,16.67,8.51,-83.86,33.68,9.63,27.03,1.120000000000001,62.89,-3.34,-5.23
2025-08-13T14:29:27.845513,-63.0,-10.0,19.0,-27.0,-33.0,13.0,13.0,4.0,-17.0,-10.0,19.0,-8.0,-40.44,-56.3,66.67,-24.490000000000002,-53.86,35.68,-2.369999999999999,16.03,6.120000000000001,34.89,-8.34,23.77
2025-08-13T14:29:27.850561,-44.0,106.0,-40.0,-64.0,41.0,20.0,-5.0,42.0,-63.0,38.0,64.0,-30.0,-21.44,59.7,7.670000000000002,-61.49,20.14,42.68,-20.369999999999997,54.03,-39.879999999999995,82.89,36.66,1.7699999999999996
2025-08-13T14:29:27.854416,-39.0,88.0,-120.0,-7.0,30.0,-37.0,-9.0,8.0,-59.0,-13.0,26.0,5.0,-16.44,41.7,-72.33,-4.49,9.14,-14.32,-24.369999999999997,20.03,-35.879999999999995,31.89,-1.3399999999999999,36.769999999999996
2025-08-13T14:29:27.858226,-39.0,74.0,-23.0,-24.0,26.0,-61.0,6.0,39.0,-60.0,47.0,-1.0,-67.0,-16.44,27.700000000000003,24.67,-21.490000000000002,5.140000000000001,-38.32,-9.37,51.03,-36.879999999999995,91.89,-28.34,-35.230000000000004
2025-08-13T14:29:27.862364,-40.0,92.0,-72.0,4.0,87.0,-78.0,-27.0,0.0,-37.0,41.0,-33.0,-13.0,-17.44,45.7,-24.33,6.51,66.14,-55.32,-42.37,12.03,-13.879999999999999,85.89,-60.34,18.77
2025-08-13T14:29:27.870345,-33.0,98.0,-79.0,59.0,-19.0,-27.0,-7.0,27.0,-16.0,4.0,41.0,-9.0,-10.440000000000001,51.7,-31.33,61.51,-39.86,-4.32,-22.369999999999997,39.03,7.120000000000001,48.89,13.66,22.77
2025-08-13T14:29:27.874842,-54.0,124.0,-127.0,82.0,12.0,-64.0,-67.0,48.0,-45.0,29.0,-2.0,-29.0,-31.44,77.7,-79.33,84.51,-8.86,-41.32,-82.37,60.03,-21.88,73.89,-29.34,2.7699999999999996
2025-08-13T14:29:27.882756,58.0,136.0,-99.0,58.0,-27.0,-72.0,-14.0,53.0,-37.0,39.0,4.0,12.0,80.56,89.7,-51.33,60.51,-47.86,-49.32,-29.369999999999997,65.03,-13.879999999999999,83.89,-23.34,43.769999999999996
2025-08-13T14:29:27.887100,-11.0,9.0,-107.0,45.0,-13.0,-8.0,94.0,-38.0,-24.0,-32.0,-43.0,-30.0,11.559999999999999,-37.3,-59.33,47.51,-33.86,14.68,78.63,-25.97,-0.879999999999999,12.89,-70.34,1.7699999999999996
2025-08-13T14:29:27.891177,10.0,7.0,-18.0,8.0,1.0,-69.0,2.0,-15.0,34.0,17.0,-50.0,11.0,32.56,-39.3,29.67,10.51,-19.86,-46.32,-13.37,-2.9700000000000006,57.120000000000005,61.89,-77.34,42.769999999999996
2025-08-13T14:29:27.899364,17.0,89.0,-9.0,-7.0,28.0,-70.0,41.0,15.0,-50.0,39.0,-31.0,-18.0,39.56,42.7,38.67,-4.49,7.140000000000001,-47.32,25.630000000000003,27.03,-26.88,83.89,-58.34,13.77
2025-08-13T14:29:27.904304,-39.0,14.0,-49.0,-55.0,73.0,-10.0,15.0,33.0,-18.0,91.0,62.0,1.0,-16.44,-32.3,-1.3299999999999983,-52.49,52.14,12.68,-0.3699999999999992,45.03,5.120000000000001,135.89,34.66,32.769999999999996
2025-08-13T14:29:27.911540,-127.0,25.0,-68.0,-93.0,-17.0,52.0,31.0,-50.0,-54.0,-14.0,71.0,6.0,-104.44,-21.299999999999997,-20.33,-90.49,-37.86,74.68,15.63,-37.97,-30.88,30.89,43.66,37.769999999999996
2025-08-13T14:29:27.915998,-55.0,93.0,-31.0,-42.0,-22.0,-142.0,97.0,43.0,-20.0,-40.0,43.0,-30.0,-32.44,46.7,16.67,-39.49,-42.86,-119.32,81.63,55.03,3.120000000000001,4.890000000000001,15.66,1.7699999999999996
2025-08-13T14:29:27.924171,-42.0,56.0,-103.0,-7.0,42.0,-44.0,-7.0,-66.0,-5.0,16.0,47.0,-62.0,-19.44,9.700000000000003,-55.33,-4.49,21.14,-21.32,-22.369999999999997,-53.97,18.12,60.89,19.66,-30.23
2025-08-13T14:29:27.928328,9.0,109.0,-93.0,41.0,71.0,-25.0,15.0,-39.0,-89.0,76.0,71.0,-49.0,31.56,62.7,-45.33,43.51,50.14,-2.3200000000000003,-0.3699999999999992,-26.97,-65.88,120.89,43.66,-17.23
2025-08-13T14:29:27.936112,-10.0,69.0,-103.0,26.0,48.0,9.0,15.0,-44.0,24.0,34.0,38.0,-61.0,12.559999999999999,22.700000000000003,-55.33,28.509999999999998,27.14,31.68,-0.3699999999999992,-31.97,47.120000000000005,78.89,10.66,-29.23
2025-08-13T14:29:27.940563,-16.0,53.0,-162.0,18.0,43.0,-105.0,42.0,-57.0,51.0,-7.0,61.0,-5.0,6.559999999999999,6.700000000000003,-114.33,20.509999999999998,22.14,-82.32,26.630000000000003,-44.97,74.12,37.89,33.66,26.77
2025-08-13T14:29:27.948338,-24.0,94.0,-31.0,-1.0,1.0,-40.0,17.0,-55.0,-5.0,52.0,56.0,-41.0,-1.4400000000000013,47.7,16.67,1.5099999999999998,-19.86,-17.32,1.6300000000000008,-42.97,18.12,96.89,28.66,-9.23
2025-08-13T14:29:27.953655,62.0,19.0,-34.0,-27.0,16.0,-48.0,11.0,34.0,3.0,-4.0,-8.0,-80.0,84.56,-27.299999999999997,13.670000000000002,-24.490000000000002,-4.859999999999999,-25.32,-4.369999999999999,46.03,26.12,40.89,-35.34,-48.230000000000004
2025-08-13T14:29:27.960528,26.0,-11.0,-99.0,-48.0,12.0,-47.0,3.0,-27.0,-87.0,-59.0,48.0,-75.0,48.56,-57.3,-51.33,-45.49,-8.86,-24.32,-12.37,-14.97,-63.879999999999995,-14.11,20.66,-43.230000000000004
2025-08-13T14:29:27.965714,-25.0,32.0,-76.0,123.0,69.0,20.0,25.0,-25.0,-22.0,-71.0,30.0,-67.0,-2.4400000000000013,-14.299999999999997,-28.33,125.51,48.14,42.68,9.63,-12.97,1.120000000000001,-26.11,2.66,-35.230000000000004
2025-08-13T14:29:27.972874,-44.0,92.0,-54.0,23.0,4.0,-66.0,32.0,105.0,-96.0,-86.0,83.0,-19.0,-21.44,45.7,-6.329999999999998,25.509999999999998,-16.86,-43.32,16.630000000000003,117.03,-72.88,-41.11,55.66,12.77
2025-08-13T14:29:27.978065,-17.0,55.0,-54.0,-5.0,-5.0,-32.0,-19.0,20.0,-11.0,-16.0,106.0,-79.0,5.559999999999999,8.700000000000003,-6.329999999999998,-2.49,-25.86,-9.32,-34.37,32.03,12.120000000000001,28.89,78.66,-47.230000000000004
2025-08-13T14:29:27.985381,-14.0,91.0,-108.0,-33.0,-7.0,12.0,-28.0,36.0,-35.0,-63.0,57.0,-98.0,8.559999999999999,44.7,-60.33,-30.490000000000002,-27.86,34.68,-43.37,48.03,-11.879999999999999,-18.11,29.66,-66.23
2025-08-13T14:29:27.989638,77.0,56.0,-71.0,-31.0,-8.0,-59.0,73.0,-9.0,28.0,-72.0,28.0,12.0,99.56,9.700000000000003,-23.33,-28.490000000000002,-28.86,-36.32,57.63,3.0299999999999994,51.120000000000005,-27.11,0.6600000000000001,43.769999999999996
2025-08-13T14:29:27.997521,-1.0,55.0,-89.0,0.0,39.0,10.0,14.0,19.0,-48.0,-87.0,60.0,-9.0,21.56,8.700000000000003,-41.33,2.51,18.14,32.68,-1.3699999999999992,31.03,-24.88,-42.11,32.66,22.77
2025-08-13T14:29:28.002423,-24.0,19.0,-57.0,-41.0,39.0,5.0,65.0,-20.0,1.0,-88.0,48.0,-67.0,-1.4400000000000013,-27.299999999999997,-9.329999999999998,-38.49,18.14,27.68,49.63,-7.970000000000001,24.12,-43.11,20.66,-35.230000000000004
2025-08-13T14:29:28.009736,-25.0,40.0,-28.0,-95.0,53.0,-29.0,-56.0,6.0,-17.0,-58.0,32.0,-12.0,-2.4400000000000013,-6.299999999999997,19.67,-92.49,32.14,-6.32,-71.37,18.03,6.120000000000001,-13.11,4.66,19.77
2025-08-13T14:29:28.014764,23.0,76.0,-6.0,75.0,42.0,-39.0,54.0,-5.0,-24.0,-112.0,-4.0,-58.0,45.56,29.700000000000003,41.67,77.51,21.14,-16.32,38.63,7.029999999999999,-0.879999999999999,-67.11,-31.34,-26.23
2025-08-13T14:29:28.022063,-50.0,16.0,13.0,-26.0,9.0,-92.0,-11.0,-49.0,-28.0,-37.0,3.0,-105.0,-27.44,-30.299999999999997,60.67,-23.490000000000002,-11.86,-69.32,-26.369999999999997,-36.97,-4.879999999999999,7.890000000000001,-24.34,-73.23
2025-08-13T14:29:28.027111,-20.0,132.0,-50.0,-8.0,21.0,-5.0,-37.0,38.0,-19.0,-51.0,-2.0,-44.0,2.5599999999999987,85.7,-2.3299999999999983,-5.49,0.14000000000000057,17.68,-52.37,50.03,4.120000000000001,-6.109999999999999,-29.34,-12.23
2025-08-13T14:29:28.034347,-38.0,186.0,-44.0,-22.0,18.0,15.0,56.0,30.0,17.0,-66.0,51.0,-76.0,-15.440000000000001,139.7,3.6700000000000017,-19.490000000000002,-2.8599999999999994,37.68,40.63,42.03,40.120000000000005,-21.11,23.66,-44.230000000000004
2025-08-13T14:29:28.038800,33.0,82.0,-35.0,0.0,88.0,17.0,2.0,-27.0,-124.0,-45.0,-5.0,-65.0,55.56,35.7,12.670000000000002,2.51,67.14,39.68,-13.37,-14.97,-100.88,-0.10999999999999943,-32.34,-33.230000000000004
2025-08-13T14:29:28.046586,21.0,113.0,-78.0,-52.0,54.0,7.0,3.0,15.0,-9.0,1.0,11.0,-76.0,43.56,66.7,-30.33,-49.49,33.14,29.68,-12.37,27.03,14.120000000000001,45.89,-16.34,-44.230000000000004
2025-08-13T14:29:28.051787,63.0,149.0,-136.0,-16.0,42.0,-18.0,27.0,-21.0,-92.0,-4.0,18.0,-6.0,85.56,102.7,-88.33,-13.49,21.14,4.68,11.63,-8.97,-68.88,40.89,-9.34,25.77
2025-08-13T14:29:28.059055,18.0,6.0,-64.0,10.0,26.0,-11.0,-49.0,60.0,34.0,-21.0,56.0,-69.0,40.56,-40.3,-16.33,12.51,5.140000000000001,11.68,-64.37,72.03,57.120000000000005,23.89,28.66,-37.230000000000004
2025-08-13T14:29:28.063244,-29.0,30.0,-135.0,36.0,-4.0,3.0,37.0,-27.0,-46.0,-46.0,41.0,-21.0,-6.440000000000001,-16.299999999999997,-87.33,38.51,-24.86,25.68,21.630000000000003,-14.97,-22.88,-1.1099999999999994,13.66,10.77
2025-08-13T14:29:28.071198,14.0,14.0,-20.0,15.0,-21.0,-6.0,16.0,31.0,-47.0,14.0,47.0,-71.0,36.56,-32.3,27.67,17.509999999999998,-41.86,16.68,0.6300000000000008,43.03,-23.88,58.89,19.66,-39.230000000000004
2025-08-13T14:29:28.075580,22.0,-5.0,3.0,46.0,-44.0,27.0,14.0,-49.0,-71.0,-59.0,66.0,-48.0,44.56,-51.3,50.67,48.51,-64.86,49.68,-1.3699999999999992,-36.97,-47.879999999999995,-14.11,38.66,-16.23
2025-08-13T14:29:28.083492,-72.0,49.0,-31.0,-51.0,75.0,-23.0,-49.0,-13.0,35.0,-25.0,13.0,-46.0,-49.44,2.700000000000003,16.67,-48.49,54.14,-0.3200000000000003,-64.37,-0.9700000000000006,58.120000000000005,19.89,-14.34,-14.23
2025-08-13T14:29:28.087737,-77.0,125.0,-98.0,-66.0,16.0,-30.0,36.0,22.0,-56.0,-34.0,73.0,-67.0,-54.44,78.7,-50.33,-63.49,-4.859999999999999,-7.32,20.630000000000003,34.03,-32.879999999999995,10.89,45.66,-35.230000000000004
2025-08-13T14:29:28.095944,-24.0,109.0,-95.0,54.0,28.0,-82.0,16.0,-9.0,-8.0,-50.0,18.0,-100.0,-1.4400000000000013,62.7,-47.33,56.51,7.140000000000001,-59.32,0.6300000000000008,3.0299999999999994,15.120000000000001,-5.109999999999999,-9.34,-68.23
2025-08-13T14:29:28.100011,-49.0,38.0,-76.0,44.0,34.0,-88.0,91.0,-17.0,12.0,-28.0,38.0,-36.0,-26.44,-8.299999999999997,-28.33,46.51,13.14,-65.32,75.63,-4.970000000000001,35.120000000000005,16.89,10.66,-4.23
2025-08-13T14:29:28.108218,38.0,-31.0,-87.0,82.0,28.0,9.0,102.0,-28.0,-31.0,-32.0,16.0,-46.0,60.56,-77.3,-39.33,84.51,7.140000000000001,31.68,86.63,-15.97,-7.879999999999999,12.89,-11.34,-14.23
2025-08-13T14:29:28.112540,-37.0,3.0,-73.0,-32.0,13.0,118.0,-9.0,-14.0,-14.0,-2.0,50.0,-11.0,-14.440000000000001,-43.3,-25.33,-29.490000000000002,-7.859999999999999,140.68,-24.369999999999997,-1.9700000000000006,9.120000000000001,42.89,22.66,20.77
2025-08-13T14:29:28.120480,-2.0,64.0,-27.0,-30.0,31.0,30.0,68.0,-55.0,-37.0,-28.0,-8.0,33.0,20.56,17.700000000000003,20.67,-27.490000000000002,10.14,52.68,52.63,-42.97,-13.879999999999999,16.89,-35.34,64.77
2025-08-13T14:29:28.126594,-104.0,1.0,-7.0,-22.0,59.0,11.0,29.0,-59.0,-6.0,-111.0,20.0,-1.0,-81.44,-45.3,40.67,-19.490000000000002,38.14,33.68,13.63,-46.97,17.12,-66.11,-7.34,30.77
2025-08-13T14:29:28.129989,-2.0,101.0,19.0,86.0,4.0,31.0,-35.0,5.0,-49.0,1.0,64.0,-89.0,20.56,54.7,66.67,88.51,-16.86,53.68,-50.37,17.03,-25.88,45.89,36.66,-57.230000000000004
2025-08-13T14:29:28.137171,-7.0,45.0,-55.0,44.0,-10.0,-114.0,54.0,39.0,-58.0,-66.0,21.0,-68.0,15.559999999999999,-1.2999999999999972,-7.329999999999998,46.51,-30.86,-91.32,38.63,51.03,-34.879999999999995,-21.11,-6.34,-36.230000000000004
2025-08-13T14:29:28.145334,-122.0,91.0,-67.0,31.0,65.0,-10.0,39.0,29.0,-27.0,-62.0,86.0,-8.0,-99.44,44.7,-19.33,33.51,44.14,12.68,23.630000000000003,41.03,-3.879999999999999,-17.11,58.66,23.77
2025-08-13T14:29:28.151317,30.0,50.0,-83.0,44.0,-26.0,62.0,-44.0,61.0,-20.0,-23.0,-3.0,-35.0,52.56,3.700000000000003,-35.33,46.51,-46.86,84.68,-59.37,73.03,3.120000000000001,21.89,-30.34,-3.2300000000000004
2025-08-13T14:29:28.157723,14.0,28.0,-50.0,-12.0,45.0,-2.0,49.0,-9.0,-9.0,-71.0,-7.0,24.0,36.56,-18.299999999999997,-2.3299999999999983,-9.49,24.14,20.68,33.63,3.0299999999999994,14.120000000000001,-26.11,-34.34,55.769999999999996
2025-08-13T14:29:28.165009,0.0,1.0,-67.0,-88.0,-72.0,-7.0,29.0,26.0,-19.0,-8.0,-8.0,-18.0,22.56,-45.3,-19.33,-85.49,-92.86,15.68,13.63,38.03,4.120000000000001,36.89,-35.34,13.77
2025-08-13T14:29:28.168340,12.0,-15.0,-67.0,-34.0,-3.0,-24.0,62.0,1.0,-52.0,-33.0,81.0,-5.0,34.56,-61.3,-19.33,-31.490000000000002,-23.86,-1.3200000000000003,46.63,13.03,-28.88,11.89,53.66,26.77
2025-08-13T14:29:28.173673,-56.0,3.0,-92.0,-34.0,16.0,-66.0,0.0,44.0,-20.0,-50.0,-64.0,-18.0,-33.44,-43.3,-44.33,-31.490000000000002,-4.859999999999999,-43.32,-15.37,56.03,3.120000000000001,-5.109999999999999,-91.34,13.77
2025-08-13T14:29:28.177921,37.0,7.0,-37.0,18.0,65.0,-1.0,20.0,-37.0,-64.0,-17.0,-70.0,7.0,59.56,-39.3,10.670000000000002,20.509999999999998,44.14,21.68,4.630000000000001,-24.97,-40.879999999999995,27.89,-97.34,38.769999999999996
2025-08-13T14:29:28.185911,0.0,46.0,-49.0,26.0,62.0,33.0,78.0,-28.0,-47.0,32.0,-36.0,32.0,22.56,-0.29999999999999716,-1.3299999999999983,28.509999999999998,41.14,55.68,62.63,-15.97,-23.88,76.89,-63.34,63.769999999999996
2025-08-13T14:29:28.190276,2.0,15.0,-75.0,-12.0,118.0,-46.0,34.0,-35.0,-87.0,17.0,-35.0,-14.0,24.56,-31.299999999999997,-27.33,-9.49,97.14,-23.32,18.630000000000003,-22.97,-63.879999999999995,61.89,-62.34,17.77
2025-08-13T14:29:28.198256,-77.0,51.0,-58.0,38.0,84.0,-12.0,-11.0,-13.0,14.0,19.0,21.0,-31.0,-54.44,4.700000000000003,-10.329999999999998,40.51,63.14,10.68,-26.369999999999997,-0.9700000000000006,37.120000000000005,63.89,-6.34,0.7699999999999996
2025-08-13T14:29:28.202620,-88.0,96.0,-22.0,25.0,22.0,-7.0,30.0,-37.0,21.0,52.0,-15.0,39.0,-65.44,49.7,25.67,27.509999999999998,1.1400000000000006,15.68,14.63,-24.97,44.120000000000005,96.89,-42.34,70.77
2025-08-13T14:29:28.210566,-51.0,95.0,-62.0,-9.0,-5.0,-9.0,-19.0,-61.0,-32.0,23.0,-22.0,-7.0,-28.44,48.7,-14.329999999999998,-6.49,-25.86,13.68,-34.37,-48.97,-8.879999999999999,67.89,-49.34,24.77
2025-08-13T14:29:28.216157,-51.0,28.0,-89.0,-36.0,-76.0,27.0,15.0,22.0,-30.0,-50.0,-72.0,11.0,-28.44,-18.299999999999997,-41.33,-33.49,-96.86,49.68,-0.3699999999999992,34.03,-6.879999999999999,-5.109999999999999,-99.34,42.769999999999996
2025-08-13T14:29:28.222778,48.0,113.0,-57.0,8.0,7.0,29.0,-18.0,-13.0,-5.0,50.0,-41.0,18.0,70.56,66.7,-9.329999999999998,10.51,-13.86,51.68,-33.37,-0.9700000000000006,18.12,94.89,-68.34,49.769999999999996
2025-08-13T14:29:28.227513,30.0,34.0,-87.0,-3.0,48.0,-25.0,-30.0,-39.0,-46.0,0.0,22.0,13.0,52.56,-12.299999999999997,-39.33,-0.4900000000000002,27.14,-2.3200000000000003,-45.37,-26.97,-22.88,44.89,-5.34,44.769999999999996
2025-08-13T14:29:28.235159,29.0,8.0,-50.0,22.0,58.0,7.0,7.0,-48.0,-36.0,26.0,-12.0,-54.0,51.56,-38.3,-2.3299999999999983,24.509999999999998,37.14,29.68,-8.37,-35.97,-12.879999999999999,70.89,-39.34,-22.23
2025-08-13T14:29:28.239738,41.0,25.0,-95.0,30.0,71.0,-81.0,-1.0,-49.0,-77.0,-53.0,-52.0,34.0,63.56,-21.299999999999997,-47.33,32.51,50.14,-58.32,-16.369999999999997,-36.97,-53.879999999999995,-8.11,-79.34,65.77
2025-08-13T14:29:28.247502,-8.0,-36.0,-42.0,17.0,3.0,-26.0,-63.0,14.0,-16.0,4.0,-51.0,-31.0,14.559999999999999,-82.3,5.670000000000002,19.509999999999998,-17.86,-3.3200000000000003,-78.37,26.03,7.120000000000001,48.89,-78.34,0.7699999999999996
2025-08-13T14:29:28.251726,-22.0,15.0,-91.0,62.0,36.0,-14.0,53.0,60.0,20.0,57.0,6.0,21.0,0.5599999999999987,-31.299999999999997,-43.33,64.51,15.14,8.68,37.63,72.03,43.120000000000005,101.89,-21.34,52.769999999999996
2025-08-13T14:29:28.255694,-31.0,-4.0,2.0,52.0,-8.0,-53.0,-13.0,20.0,-19.0,46.0,3.0,14.0,-8.440000000000001,-50.3,49.67,54.51,-28.86,-30.32,-28.369999999999997,32.03,4.120000000000001,90.89,-24.34,45.769999999999996
2025-08-13T14:29:28.263954,-71.0,101.0,-17.0,12.0,26.0,-47.0,72.0,56.0,-4.0,-67.0,16.0,-1.0,-48.44,54.7,30.67,14.51,5.140000000000001,-24.32,56.63,68.03,19.12,-22.11,-11.34,30.77
2025-08-13T14:29:28.271907,-25.0,38.0,-93.0,-32.0,62.0,49.0,-23.0,-68.0,22.0,30.0,-53.0,53.0,-2.4400000000000013,-8.299999999999997,-45.33,-29.490000000000002,41.14,71.68,-38.37,-55.97,45.120000000000005,74.89,-80.34,84.77
2025-08-13T14:29:28.276104,-9.0,74.0,-72.0,-39.0,32.0,1.0,21.0,17.0,-2.0,3.0,-64.0,61.0,13.559999999999999,27.700000000000003,-24.33,-36.49,11.14,23.68,5.630000000000001,29.03,21.12,47.89,-91.34,92.77
2025-08-13T14:29:28.284122,-57.0,84.0,-162.0,-40.0,75.0,-11.0,36.0,-22.0,-54.0,-54.0,-36.0,18.0,-34.44,37.7,-114.33,-37.49,54.14,11.68,20.630000000000003,-9.97,-30.88,-9.11,-63.34,49.769999999999996
2025-08-13T14:29:28.288516,-25.0,-6.0,-69.0,-11.0,71.0,-13.0,-43.0,26.0,-24.0,-2.0,-43.0,6.0,-2.4400000000000013,-52.3,-21.33,-8.49,50.14,9.68,-58.37,38.03,-0.879999999999999,42.89,-70.34,37.769999999999996
2025-08-13T14:29:28.292701,18.0,-2.0,-82.0,36.0,43.0,-87.0,62.0,-10.0,14.0,13.0,10.0,22.0,40.56,-48.3,-34.33,38.51,22.14,-64.32,46.63,2.0299999999999994,37.120000000000005,57.89,-17.34,53.769999999999996
2025-08-13T14:29:28.300648,34.0,-9.0,-84.0,-3.0,-4.0,-66.0,47.0,27.0,49.0,6.0,16.0,-2.0,56.56,-55.3,-36.33,-0.4900000000000002,-24.86,-43.32,31.630000000000003,39.03,72.12,50.89,-11.34,29.77
2025-08-13T14:29:28.305042,37.0,58.0,-45.0,10.0,45.0,-62.0,5.0,-68.0,-3.0,1.0,-6.0,-33.0,59.56,11.700000000000003,2.6700000000000017,12.51,24.14,-39.32,-10.37,-55.97,20.12,45.89,-33.34,-1.2300000000000004
2025-08-13T14:29:28.313187,-65.0,14.0,-100.0,-12.0,29.0,-136.0,-7.0,-57.0,63.0,-13.0,-46.0,-61.0,-42.44,-32.3,-52.33,-9.49,8.14,-113.32,-22.369999999999997,-44.97,86.12,31.89,-73.34,-29.23
2025-08-13T14:29:28.317576,-8.0,64.0,-7.0,22.0,-20.0,-21.0,43.0,59.0,-50.0,6.0,3.0,-8.0,14.559999999999999,17.700000000000003,40.67,24.509999999999998,-40.86,1.6799999999999997,27.630000000000003,71.03,-26.88,50.89,-24.34,23.77
2025-08-13T14:29:28.326926,3.0,14.0,-14.0,17.0,72.0,-3.0,-28.0,53.0,38.0,-75.0,122.0,-51.0,25.56,-32.3,33.67,19.509999999999998,51.14,19.68,-43.37,65.03,61.120000000000005,-30.11,94.66,-19.23
2025-08-13T14:29:28.332344,-122.0,-14.0,-32.0,-34.0,32.0,15.0,0.0,78.0,-36.0,-60.0,35.0,-53.0,-99.44,-60.3,15.670000000000002,-31.490000000000002,11.14,37.68,-15.37,90.03,-12.879999999999999,-15.11,7.66,-21.23
2025-08-13T14:29:28.338278,-66.0,69.0,-6.0,-29.0,-2.0,-53.0,-1.0,27.0,-36.0,-94.0,82.0,-50.0,-43.44,22.700000000000003,41.67,-26.490000000000002,-22.86,-30.32,-16.369999999999997,39.03,-12.879999999999999,-49.11,54.66,-18.23
2025-08-13T14:29:28.342300,-50.0,70.0,-67.0,-48.0,37.0,-47.0,-7.0,45.0,-36.0,-61.0,15.0,-59.0,-27.44,23.700000000000003,-19.33,-45.49,16.14,-24.32,-22.369999999999997,57.03,-12.879999999999999,-16.11,-12.34,-27.23
2025-08-13T14:29:28.350098,-42.0,86.0,-100.0,104.0,34.0,-49.0,-45.0,23.0,-33.0,-77.0,-25.0,-96.0,-19.44,39.7,-52.33,106.51,13.14,-26.32,-60.37,35.03,-9.879999999999999,-32.11,-52.34,-64.23
2025-08-13T14:29:28.355638,7.0,36.0,-139.0,37.0,17.0,-28.0,-53.0,24.0,-16.0,-36.0,-16.0,-29.0,29.56,-10.299999999999997,-91.33,39.51,-3.8599999999999994,-5.32,-68.37,36.03,7.120000000000001,8.89,-43.34,2.7699999999999996
2025-08-13T14:29:28.362213,-43.0,45.0,-41.0,1.0,17.0,6.0,-9.0,-49.0,1.0,-47.0,38.0,-88.0,-20.44,-1.2999999999999972,6.670000000000002,3.51,-3.8599999999999994,28.68,-24.369999999999997,-36.97,24.12,-2.1099999999999994,10.66,-56.230000000000004
2025-08-13T14:29:28.367017,-88.0,6.0,-56.0,50.0,99.0,88.0,16.0,7.0,15.0,1.0,27.0,-43.0,-65.44,-40.3,-8.329999999999998,52.51,78.14,110.68,0.6300000000000008,19.03,38.120000000000005,45.89,-0.33999999999999986,-11.23
2025-08-13T14:29:28.375165,-3.0,26.0,-25.0,20.0,18.0,-15.0,20.0,12.0,-54.0,-88.0,38.0,-73.0,19.56,-20.299999999999997,22.67,22.509999999999998,-2.8599999999999994,7.68,4.630000000000001,24.03,-30.88,-43.11,10.66,-41.230000000000004
2025-08-13T14:29:28.380360,-70.0,29.0,-22.0,38.0,20.0,-3.0,5.0,-37.0,-37.0,11.0,38.0,-37.0,-47.44,-17.299999999999997,25.67,40.51,-0.8599999999999994,19.68,-10.37,-24.97,-13.879999999999999,55.89,10.66,-5.23
2025-08-13T14:29:28.386720,-81.0,104.0,-40.0,-30.0,33.0,17.0,2.0,14.0,-61.0,-59.0,47.0,-30.0,-58.44,57.7,7.670000000000002,-27.490000000000002,12.14,39.68,-13.37,26.03,-37.879999999999995,-14.11,19.66,1.7699999999999996
2025-08-13T14:29:28.392746,8.0,47.0,-40.0,-12.0,41.0,-38.0,-2.0,21.0,7.0,-58.0,21.0,-60.0,30.56,0.7000000000000028,7.670000000000002,-9.49,20.14,-15.32,-17.369999999999997,33.03,30.12,-13.11,-6.34,-28.23
2025-08-13T14:29:28.399012,-82.0,97.0,-82.0,-30.0,53.0,-9.0,0.0,9.0,-27.0,4.0,-32.0,-52.0,-59.44,50.7,-34.33,-27.490000000000002,32.14,13.68,-15.37,21.03,-3.879999999999999,48.89,-59.34,-20.23
2025-08-13T14:29:28.405302,-41.0,92.0,-26.0,56.0,16.0,-55.0,-10.0,-6.0,34.0,-64.0,-3.0,55.0,-18.44,45.7,21.67,58.51,-4.859999999999999,-32.32,-25.369999999999997,6.029999999999999,57.120000000000005,-19.11,-30.34,86.77
2025-08-13T14:29:28.411200,15.0,84.0,-94.0,56.0,-39.0,-19.0,37.0,0.0,-50.0,-47.0,51.0,-26.0,37.56,37.7,-46.33,58.51,-59.86,3.6799999999999997,21.630000000000003,12.03,-26.88,-2.1099999999999994,23.66,5.77
2025-08-13T14:29:28.415918,-12.0,41.0,-115.0,6.0,-70.0,-6.0,-9.0,23.0,16.0,-63.0,79.0,-14.0,10.559999999999999,-5.299999999999997,-67.33,8.51,-90.86,16.68,-24.369999999999997,35.03,39.120000000000005,-18.11,51.66,17.77
2025-08-13T14:29:28.422460,1.0,16.0,-59.0,27.0,8.0,-52.0,84.0,68.0,-57.0,18.0,-2.0,12.0,23.56,-30.299999999999997,-11.329999999999998,29.509999999999998,-12.86,-29.32,68.63,80.03,-33.879999999999995,62.89,-29.34,43.769999999999996
2025-08-13T14:29:28.428008,-43.0,13.0,-58.0,-35.0,36.0,-16.0,41.0,-10.0,-80.0,-23.0,-19.0,26.0,-20.44,-33.3,-10.329999999999998,-32.49,15.14,6.68,25.630000000000003,2.0299999999999994,-56.879999999999995,21.89,-46.34,57.769999999999996
2025-08-13T14:29:28.432238,-43.0,-11.0,-57.0,4.0,23.0,-69.0,82.0,31.0,-75.0,-22.0,-43.0,35.0,-20.44,-57.3,-9.329999999999998,6.51,2.1400000000000006,-46.32,66.63,43.03,-51.879999999999995,22.89,-70.34,66.77
2025-08-13T14:29:28.440234,-45.0,-3.0,-12.0,56.0,56.0,-40.0,42.0,43.0,-3.0,-76.0,-3.0,27.0,-22.44,-49.3,35.67,58.51,35.14,-17.32,26.630000000000003,55.03,20.12,-31.11,-30.34,58.769999999999996
2025-08-13T14:29:28.445485,-73.0,45.0,-61.0,-10.0,-2.0,-39.0,-19.0,-7.0,-23.0,-36.0,27.0,78.0,-50.44,-1.2999999999999972,-13.329999999999998,-7.49,-22.86,-16.32,-34.37,5.029999999999999,0.120000000000001,8.89,-0.33999999999999986,109.77
2025-08-13T14:29:28.452389,-17.0,-18.0,19.0,5.0,51.0,-38.0,6.0,42.0,-25.0,-65.0,-29.0,15.0,5.559999999999999,-64.3,66.67,7.51,30.14,-15.32,-9.37,54.03,-1.879999999999999,-20.11,-56.34,46.769999999999996
2025-08-13T14:29:28.457676,-18.0,52.0,-30.0,-43.0,79.0,-28.0,2.0,32.0,-33.0,-8.0,-39.0,72.0,4.559999999999999,5.700000000000003,17.67,-40.49,58.14,-5.32,-13.37,44.03,-9.879999999999999,36.89,-66.34,103.77
2025-08-13T14:29:28.464691,-84.0,54.0,-46.0,-77.0,19.0,35.0,62.0,17.0,0.0,-38.0,-13.0,-26.0,-61.44,7.700000000000003,1.6700000000000017,-74.49,-1.8599999999999994,57.68,46.63,29.03,23.12,6.890000000000001,-40.34,5.77
2025-08-13T14:29:28.470113,-81.0,102.0,-89.0,-11.0,57.0,-6.0,76.0,-74.0,8.0,-40.0,-57.0,-17.0,-58.44,55.7,-41.33,-8.49,36.14,16.68,60.63,-61.97,31.12,4.890000000000001,-84.34,14.77
2025-08-13T14:29:28.476965,-59.0,84.0,-106.0,41.0,27.0,0.0,56.0,-97.0,-83.0,0.0,-14.0,-8.0,-36.44,37.7,-58.33,43.51,6.140000000000001,22.68,40.63,-84.97,-59.879999999999995,44.89,-41.34,23.77
2025-08-13T14:29:28.481542,20.0,75.0,-103.0,6.0,15.0,8.0,89.0,-20.0,-27.0,-2.0,26.0,1.0,42.56,28.700000000000003,-55.33,8.51,-5.859999999999999,30.68,73.63,-7.970000000000001,-3.879999999999999,42.89,-1.3399999999999999,32.769999999999996
2025-08-13T14:29:28.489199,-13.0,29.0,-107.0,78.0,37.0,7.0,18.0,9.0,-39.0,7.0,-51.0,5.0,9.559999999999999,-17.299999999999997,-59.33,80.51,16.14,29.68,2.630000000000001,21.03,-15.879999999999999,51.89,-78.34,36.769999999999996
2025-08-13T14:29:28.494079,-29.0,77.0,-70.0,-39.0,4.0,-87.0,18.0,-36.0,-84.0,7.0,-16.0,2.0,-6.440000000000001,30.700000000000003,-22.33,-36.49,-16.86,-64.32,2.630000000000001,-23.97,-60.879999999999995,51.89,-43.34,33.769999999999996
2025-08-13T14:29:28.501516,-3.0,88.0,-34.0,-12.0,-2.0,10.0,65.0,27.0,-12.0,-38.0,-14.0,-3.0,19.56,41.7,13.670000000000002,-9.49,-22.86,32.68,49.63,39.03,11.120000000000001,6.890000000000001,-41.34,28.77
2025-08-13T14:29:28.505962,62.0,-21.0,-63.0,11.0,6.0,18.0,-10.0,-34.0,-80.0,14.0,-26.0,18.0,84.56,-67.3,-15.329999999999998,13.51,-14.86,40.68,-25.369999999999997,-21.97,-56.879999999999995,58.89,-53.34,49.769999999999996
2025-08-13T14:29:28.513748,-29.0,81.0,-71.0,-20.0,17.0,-39.0,-42.0,-12.0,-30.0,0.0,23.0,41.0,-6.440000000000001,34.7,-23.33,-17.490000000000002,-3.8599999999999994,-16.32,-57.37,0.02999999999999936,-6.879999999999999,44.89,-4.34,72.77
2025-08-13T14:29:28.518177,-1.0,-11.0,-89.0,3.0,45.0,-27.0,-4.0,-10.0,-37.0,-7.0,2.0,1.0,21.56,-57.3,-41.33,5.51,24.14,-4.32,-19.369999999999997,2.0299999999999994,-13.879999999999999,37.89,-25.34,32.769999999999996
2025-08-13T14:29:28.525957,-40.0,73.0,5.0,-97.0,25.0,12.0,49.0,-95.0,-80.0,14.0,-31.0,-75.0,-17.44,26.700000000000003,52.67,-94.49,4.140000000000001,34.68,33.63,-82.97,-56.879999999999995,58.89,-58.34,-43.230000000000004
2025-08-13T14:29:28.530674,-91.0,108.0,-36.0,27.0,29.0,-34.0,-35.0,53.0,-20.0,-10.0,-41.0,-33.0,-68.44,61.7,11.670000000000002,29.509999999999998,8.14,-11.32,-50.37,65.03,3.120000000000001,34.89,-68.34,-1.2300000000000004
2025-08-13T14:29:28.538345,-27.0,31.0,-43.0,5.0,-10.0,21.0,77.0,5.0,-33.0,8.0,-26.0,-75.0,-4.440000000000001,-15.299999999999997,4.670000000000002,7.51,-30.86,43.68,61.63,17.03,-9.879999999999999,52.89,-53.34,-43.230000000000004
2025-08-13T14:29:28.542662,-24.0,99.0,-35.0,11.0,-10.0,-30.0,22.0,5.0,-11.0,9.0,85.0,-19.0,-1.4400000000000013,52.7,12.670000000000002,13.51,-30.86,-7.32,6.630000000000001,17.03,12.120000000000001,53.89,57.66,12.77
2025-08-13T14:29:28.550417,28.0,49.0,-92.0,-63.0,16.0,31.0,64.0,-42.0,-1.0,32.0,86.0,29.0,50.56,2.700000000000003,-44.33,-60.49,-4.859999999999999,53.68,48.63,-29.97,22.12,76.89,58.66,60.769999999999996
2025-08-13T14:29:28.554966,33.0,65.0,-100.0,-44.0,64.0,-17.0,-23.0,-10.0,54.0,-7.0,39.0,-12.0,55.56,18.700000000000003,-52.33,-41.49,43.14,5.68,-38.37,2.0299999999999994,77.12,37.89,11.66,19.77
2025-08-13T14:29:28.562704,-15.0,19.0,-71.0,-12.0,58.0,-24.0,64.0,19.0,-51.0,-21.0,54.0,-48.0,7.559999999999999,-27.299999999999997,-23.33,-9.49,37.14,-1.3200000000000003,48.63,31.03,-27.88,23.89,26.66,-16.23
2025-08-13T14:29:28.567265,-60.0,0.0,-35.0,-94.0,29.0,-73.0,-12.0,19.0,-39.0,31.0,63.0,-41.0,-37.44,-46.3,12.670000000000002,-91.49,8.14,-50.32,-27.369999999999997,31.03,-15.879999999999999,75.89,35.66,-9.23
2025-08-13T14:29:28.575123,-15.0,142.0,-35.0,55.0,93.0,-31.0,46.0,-30.0,-28.0,81.0,26.0,-73.0,7.559999999999999,95.7,12.670000000000002,57.51,72.14,-8.32,30.630000000000003,-17.97,-4.879999999999999,125.89,-1.3399999999999999,-41.230000000000004
2025-08-13T14:29:28.579530,-80.0,63.0,-55.0,13.0,44.0,-22.0,54.0,15.0,-46.0,59.0,20.0,-40.0,-57.44,16.700000000000003,-7.329999999999998,15.51,23.14,0.6799999999999997,38.63,27.03,-22.88,103.89,-7.34,-8.23
2025-08-13T14:29:28.587215,-34.0,42.0,-53.0,-37.0,9.0,-34.0,-27.0,-7.0,24.0,48.0,36.0,-72.0,-11.440000000000001,-4.299999999999997,-5.329999999999998,-34.49,-11.86,-11.32,-42.37,5.029999999999999,47.120000000000005,92.89,8.66,-40.230000000000004
2025-08-13T14:29:28.591735,26.0,108.0,-148.0,7.0,18.0,-49.0,-52.0,-6.0,41.0,37.0,36.0,-16.0,48.56,61.7,-100.33,9.51,-2.8599999999999994,-26.32,-67.37,6.029999999999999,64.12,81.89,8.66,15.77
2025-08-13T14:29:28.596678,3.0,8.0,-43.0,33.0,53.0,-13.0,-19.0,-19.0,33.0,46.0,27.0,-45.0,25.56,-38.3,4.670000000000002,35.51,32.14,9.68,-34.37,-6.970000000000001,56.120000000000005,90.89,-0.33999999999999986,-13.23
2025-08-13T14:29:28.604008,-23.0,22.0,-40.0,-46.0,28.0,-60.0,50.0,-7.0,-11.0,9.0,59.0,-30.0,-0.4400000000000013,-24.299999999999997,7.670000000000002,-43.49,7.140000000000001,-37.32,34.63,5.029999999999999,12.120000000000001,53.89,31.66,1.7699999999999996
2025-08-13T14:29:28.611668,-7.0,12.0,-33.0,83.0,92.0,11.0,-19.0,-65.0,15.0,34.0,-6.0,-60.0,15.559999999999999,-34.3,14.670000000000002,85.51,71.14,33.68,-34.37,-52.97,38.120000000000005,78.89,-33.34,-28.23
2025-08-13T14:29:28.616181,-109.0,137.0,15.0,-2.0,2.0,-4.0,-54.0,-7.0,14.0,-18.0,-15.0,-14.0,-86.44,90.7,62.67,0.5099999999999998,-18.86,18.68,-69.37,5.029999999999999,37.120000000000005,26.89,-42.34,17.77
2025-08-13T14:29:28.621340,-35.0,47.0,-59.0,39.0,28.0,-8.0,14.0,-2.0,-16.0,22.0,80.0,-20.0,-12.440000000000001,0.7000000000000028,-11.329999999999998,41.51,7.140000000000001,14.68,-1.3699999999999992,10.03,7.120000000000001,66.89,52.66,11.77
2025-08-13T14:29:28.628480,-8.0,147.0,-84.0,-20.0,33.0,15.0,-14.0,-10.0,54.0,4.0,21.0,-33.0,14.559999999999999,100.7,-36.33,-17.490000000000002,12.14,37.68,-29.369999999999997,2.0299999999999994,77.12,48.89,-6.34,-1.2300000000000004
2025-08-13T14:29:28.632909,1.0,-13.0,-63.0,20.0,66.0,-27.0,-13.0,-61.0,11.0,-32.0,56.0,-91.0,23.56,-59.3,-15.329999999999998,22.509999999999998,45.14,-4.32,-28.369999999999997,-48.97,34.120000000000005,12.89,28.66,-59.230000000000004
2025-08-13T14:29:28.640680,9.0,-46.0,-37.0,6.0,89.0,-20.0,24.0,-71.0,-2.0,-12.0,23.0,-17.0,31.56,-92.3,10.670000000000002,8.51,68.14,2.6799999999999997,8.63,-58.97,21.12,32.89,-4.34,14.77
2025-08-13T14:29:28.644768,-78.0,-45.0,-48.0,34.0,5.0,8.0,89.0,42.0,19.0,-65.0,27.0,-53.0,-55.44,-91.3,-0.3299999999999983,36.51,-15.86,30.68,73.63,54.03,42.120000000000005,-20.11,-0.33999999999999986,-21.23
2025-08-13T14:29:28.652926,-63.0,96.0,-82.0,-14.0,-33.0,-49.0,34.0,30.0,-31.0,51.0,-3.0,-10.0,-40.44,49.7,-34.33,-11.49,-53.86,-26.32,18.630000000000003,42.03,-7.879999999999999,95.89,-30.34,21.77
2025-08-13T14:29:28.657047,-120.0,39.0,-135.0,7.0,-77.0,-6.0,33.0,3.0,-1.0,15.0,69.0,-70.0,-97.44,-7.299999999999997,-87.33,9.51,-97.86,16.68,17.630000000000003,15.03,22.12,59.89,41.66,-38.230000000000004
2025-08-13T14:29:28.665297,-76.0,119.0,-47.0,-12.0,-48.0,20.0,-7.0,12.0,18.0,-30.0,79.0,-19.0,-53.44,72.7,0.6700000000000017,-9.49,-68.86,42.68,-22.369999999999997,24.03,41.120000000000005,14.89,51.66,12.77
2025-08-13T14:29:28.669645,43.0,44.0,-57.0,-54.0,76.0,10.0,-20.0,17.0,12.0,-8.0,79.0,-56.0,65.56,-2.299999999999997,-9.329999999999998,-51.49,55.14,32.68,-35.37,29.03,35.120000000000005,36.89,51.66,-24.23
2025-08-13T14:29:28.677512,4.0,-17.0,-125.0,-20.0,123.0,-61.0,-15.0,-12.0,-37.0,-36.0,-21.0,-3.0,26.56,-63.3,-77.33,-17.490000000000002,102.14,-38.32,-30.369999999999997,0.02999999999999936,-13.879999999999999,8.89,-48.34,28.77
2025-08-13T14:29:28.681723,-54.0,-6.0,-26.0,-2.0,9.0,-25.0,20.0,-6.0,-89.0,-42.0,71.0,5.0,-31.44,-52.3,21.67,0.5099999999999998,-11.86,-2.3200000000000003,4.630000000000001,6.029999999999999,-65.88,2.8900000000000006,43.66,36.769999999999996
2025-08-13T14:29:28.689783,18.0,28.0,51.0,110.0,14.0,-13.0,0.0,84.0,-5.0,-24.0,13.0,3.0,40.56,-18.299999999999997,98.67,112.51,-6.859999999999999,9.68,-15.37,96.03,18.12,20.89,-14.34,34.769999999999996
2025-08-13T14:29:28.694037,-101.0,36.0,10.0,-5.0,18.0,-33.0,50.0,-16.0,-68.0,-70.0,22.0,18.0,-78.44,-10.299999999999997,57.67,-2.49,-2.8599999999999994,-10.32,34.63,-3.9700000000000006,-44.879999999999995,-25.11,-5.34,49.769999999999996
2025-08-13T14:29:28.702058,-26.0,49.0,-26.0,-2.0,-6.0,18.0,31.0,-54.0,-30.0,-5.0,44.0,-10.0,-3.4400000000000013,2.700000000000003,21.67,0.5099999999999998,-26.86,40.68,15.63,-41.97,-6.879999999999999,39.89,16.66,21.77
2025-08-13T14:29:28.706362,-60.0,53.0,-47.0,-36.0,-17.0,21.0,23.0,-47.0,28.0,-54.0,54.0,24.0,-37.44,6.700000000000003,0.6700000000000017,-33.49,-37.86,43.68,7.630000000000001,-34.97,51.120000000000005,-9.11,26.66,55.769999999999996
2025-08-13T14:29:28.714229,-77.0,-1.0,-82.0,49.0,23.0,32.0,83.0,-22.0,-23.0,-8.0,49.0,-8.0,-54.44,-47.3,-34.33,51.51,2.1400000000000006,54.68,67.63,-9.97,0.120000000000001,36.89,21.66,23.77
2025-08-13T14:29:28.718691,-82.0,75.0,-120.0,-30.0,48.0,-11.0,15.0,-19.0,-5.0,-82.0,-16.0,-11.0,-59.44,28.700000000000003,-72.33,-27.490000000000002,27.14,11.68,-0.3699999999999992,-6.970000000000001,18.12,-37.11,-43.34,20.77
2025-08-13T14:29:28.726654,-48.0,46.0,-75.0,-21.0,14.0,-51.0,56.0,-32.0,-62.0,8.0,-25.0,-2.0,-25.44,-0.29999999999999716,-27.33,-18.490000000000002,-6.859999999999999,-28.32,40.63,-19.97,-38.879999999999995,52.89,-52.34,29.77
2025-08-13T14:29:28.731014,-27.0,73.0,-95.0,28.0,49.0,-24.0,-22.0,-31.0,-63.0,4.0,9.0,-33.0,-4.440000000000001,26.700000000000003,-47.33,30.509999999999998,28.14,-1.3200000000000003,-37.37,-18.97,-39.879999999999995,48.89,-18.34,-1.2300000000000004
2025-08-13T14:29:28.738919,1.0,92.0,-140.0,3.0,-18.0,-70.0,94.0,-15.0,-27.0,49.0,-23.0,-1.0,23.56,45.7,-92.33,5.51,-38.86,-47.32,78.63,-2.9700000000000006,-3.879999999999999,93.89,-50.34,30.77
2025-08-13T14:29:28.743573,18.0,73.0,-39.0,-7.0,29.0,36.0,-20.0,-54.0,-18.0,4.0,-29.0,-16.0,40.56,26.700000000000003,8.670000000000002,-4.49,8.14,58.68,-35.37,-41.97,5.120000000000001,48.89,-56.34,15.77
2025-08-13T14:29:28.751267,-51.0,59.0,-73.0,-60.0,-44.0,-13.0,6.0,-43.0,-15.0,34.0,-46.0,55.0,-28.44,12.700000000000003,-25.33,-57.49,-64.86,9.68,-9.37,-30.97,8.120000000000001,78.89,-73.34,86.77
2025-08-13T14:29:28.755792,9.0,8.0,-9.0,-15.0,-40.0,-17.0,-3.0,-33.0,12.0,36.0,6.0,44.0,31.56,-38.3,38.67,-12.49,-60.86,5.68,-18.369999999999997,-20.97,35.120000000000005,80.89,-21.34,75.77
2025-08-13T14:29:28.763539,42.0,-5.0,-54.0,-105.0,57.0,42.0,27.0,10.0,-15.0,-84.0,-45.0,24.0,64.56,-51.3,-6.329999999999998,-102.49,36.14,64.68,11.63,22.03,8.120000000000001,-39.11,-72.34,55.769999999999996
2025-08-13T14:29:28.768014,-92.0,4.0,-64.0,2.0,12.0,-28.0,15.0,12.0,27.0,-25.0,-56.0,-1.0,-69.44,-42.3,-16.33,4.51,-8.86,-5.32,-0.3699999999999992,24.03,50.120000000000005,19.89,-83.34,30.77
2025-08-13T14:29:28.772348,-95.0,-17.0,-54.0,14.0,40.0,-2.0,10.0,-5.0,-1.0,-26.0,7.0,64.0,-72.44,-63.3,-6.329999999999998,16.509999999999998,19.14,20.68,-5.369999999999999,7.029999999999999,22.12,18.89,-20.34,95.77
2025-08-13T14:29:28.780260,-96.0,-40.0,13.0,-44.0,88.0,-57.0,17.0,-16.0,18.0,15.0,52.0,8.0,-73.44,-86.3,60.67,-41.49,67.14,-34.32,1.6300000000000008,-3.9700000000000006,41.120000000000005,59.89,24.66,39.769999999999996
2025-08-13T14:29:28.784594,-70.0,95.0,-6.0,22.0,33.0,-73.0,36.0,-26.0,9.0,-7.0,-29.0,21.0,-47.44,48.7,41.67,24.509999999999998,12.14,-50.32,20.630000000000003,-13.97,32.120000000000005,37.89,-56.34,52.769999999999996
2025-08-13T14:29:28.792785,-51.0,32.0,-34.0,-30.0,14.0,-39.0,-36.0,1.0,9.0,23.0,50.0,59.0,-28.44,-14.299999999999997,13.670000000000002,-27.490000000000002,-6.859999999999999,-16.32,-51.37,13.03,32.120000000000005,67.89,22.66,90.77
2025-08-13T14:29:28.796929,-30.0,77.0,-71.0,-23.0,55.0,35.0,21.0,-65.0,36.0,-28.0,-32.0,27.0,-7.440000000000001,30.700000000000003,-23.33,-20.490000000000002,34.14,57.68,5.630000000000001,-52.97,59.120000000000005,16.89,-59.34,58.769999999999996
2025-08-13T14:29:28.805219,17.0,79.0,-90.0,24.0,8.0,-8.0,46.0,-30.0,-37.0,-10.0,-67.0,38.0,39.56,32.7,-42.33,26.509999999999998,-12.86,14.68,30.630000000000003,-17.97,-13.879999999999999,34.89,-94.34,69.77
2025-08-13T14:29:28.809201,12.0,120.0,-85.0,-60.0,8.0,-14.0,42.0,-93.0,9.0,80.0,-47.0,19.0,34.56,73.7,-37.33,-57.49,-12.86,8.68,26.630000000000003,-80.97,32.120000000000005,124.89,-74.34,50.769999999999996
2025-08-13T14:29:28.818157,45.0,12.0,-93.0,14.0,47.0,12.0,42.0,34.0,-24.0,22.0,-22.0,-28.0,67.56,-34.3,-45.33,16.509999999999998,26.14,34.68,26.630000000000003,46.03,-0.879999999999999,66.89,-49.34,3.7699999999999996
2025-08-13T14:29:28.823415,-32.0,-9.0,11.0,11.0,45.0,-36.0,5.0,-19.0,-10.0,-1.0,-31.0,-27.0,-9.440000000000001,-55.3,58.67,13.51,24.14,-13.32,-10.37,-6.970000000000001,13.120000000000001,43.89,-58.34,4.77
2025-08-13T14:29:28.830012,-81.0,-33.0,-17.0,1.0,75.0,-95.0,2.0,15.0,-15.0,20.0,9.0,17.0,-58.44,-79.3,30.67,3.51,54.14,-72.32,-13.37,27.03,8.120000000000001,64.89,-18.34,48.769999999999996
2025-08-13T14:29:28.833430,-124.0,40.0,15.0,-15.0,48.0,-92.0,26.0,62.0,16.0,-15.0,-3.0,55.0,-101.44,-6.299999999999997,62.67,-12.49,27.14,-69.32,10.63,74.03,39.120000000000005,29.89,-30.34,86.77
2025-08-13T14:29:28.842096,-55.0,68.0,-28.0,13.0,24.0,-79.0,-5.0,16.0,14.0,26.0,38.0,39.0,-32.44,21.700000000000003,19.67,15.51,3.1400000000000006,-56.32,-20.369999999999997,28.03,37.120000000000005,70.89,10.66,70.77
2025-08-13T14:29:28.845962,-37.0,87.0,-13.0,-38.0,4.0,24.0,50.0,6.0,34.0,-3.0,-37.0,46.0,-14.440000000000001,40.7,34.67,-35.49,-16.86,46.68,34.63,18.03,57.120000000000005,41.89,-64.34,77.77
2025-08-13T14:29:28.853879,-71.0,101.0,-6.0,23.0,26.0,8.0,-58.0,-10.0,-11.0,101.0,-29.0,-12.0,-48.44,54.7,41.67,25.509999999999998,5.140000000000001,30.68,-73.37,2.0299999999999994,12.120000000000001,145.89,-56.34,19.77
2025-08-13T14:29:28.858098,-86.0,71.0,-112.0,-78.0,50.0,7.0,-1.0,66.0,-13.0,1.0,0.0,42.0,-63.44,24.700000000000003,-64.33,-75.49,29.14,29.68,-16.369999999999997,78.03,10.120000000000001,45.89,-27.34,73.77
2025-08-13T14:29:28.866110,-4.0,87.0,-80.0,12.0,48.0,-26.0,54.0,36.0,0.0,26.0,-48.0,-4.0,18.56,40.7,-32.33,14.51,27.14,-3.3200000000000003,38.63,48.03,23.12,70.89,-75.34,27.77
2025-08-13T14:29:28.870425,-56.0,49.0,-32.0,-39.0,-32.0,-39.0,53.0,-9.0,0.0,5.0,15.0,17.0,-33.44,2.700000000000003,15.670000000000002,-36.49,-52.86,-16.32,37.63,3.0299999999999994,23.12,49.89,-12.34,48.769999999999996
2025-08-13T14:29:28.878259,-81.0,59.0,-75.0,-6.0,-15.0,-11.0,-24.0,15.0,-5.0,27.0,18.0,-4.0,-58.44,12.700000000000003,-27.33,-3.49,-35.86,11.68,-39.37,27.03,18.12,71.89,-9.34,27.77
2025-08-13T14:29:28.882756,-70.0,77.0,-44.0,-66.0,33.0,-27.0,19.0,17.0,-6.0,-13.0,-14.0,24.0,-47.44,30.700000000000003,3.6700000000000017,-63.49,12.14,-4.32,3.630000000000001,29.03,17.12,31.89,-41.34,55.769999999999996
2025-08-13T14:29:28.890347,-9.0,73.0,-92.0,-22.0,12.0,-72.0,48.0,13.0,-83.0,8.0,21.0,3.0,13.559999999999999,26.700000000000003,-44.33,-19.490000000000002,-8.86,-49.32,32.63,25.03,-59.879999999999995,52.89,-6.34,34.769999999999996
2025-08-13T14:29:28.894935,38.0,88.0,-58.0,-24.0,10.0,-9.0,-75.0,-64.0,-16.0,-13.0,-41.0,7.0,60.56,41.7,-10.329999999999998,-21.490000000000002,-10.86,13.68,-90.37,-51.97,7.120000000000001,31.89,-68.34,38.769999999999996
2025-08-13T14:29:28.902866,17.0,-14.0,-32.0,-54.0,-27.0,-7.0,49.0,13.0,-20.0,22.0,-37.0,0.0,39.56,-60.3,15.670000000000002,-51.49,-47.86,15.68,33.63,25.03,3.120000000000001,66.89,-64.34,31.77
2025-08-13T14:29:28.907241,19.0,30.0,16.0,1.0,-6.0,20.0,43.0,36.0,-51.0,19.0,-4.0,52.0,41.56,-16.299999999999997,63.67,3.51,-26.86,42.68,27.630000000000003,48.03,-27.88,63.89,-31.34,83.77
2025-08-13T14:29:28.912231,0.0,18.0,-44.0,43.0,29.0,-67.0,33.0,83.0,-7.0,31.0,-27.0,9.0,22.56,-28.299999999999997,3.6700000000000017,45.51,8.14,-44.32,17.630000000000003,95.03,16.12,75.89,-54.34,40.769999999999996
2025-08-13T14:29:28.919173,31.0,35.0,-65.0,2.0,-46.0,-47.0,5.0,-3.0,-48.0,30.0,-14.0,39.0,53.56,-11.299999999999997,-17.33,4.51,-66.86,-24.32,-10.37,9.03,-24.88,74.89,-41.34,70.77
2025-08-13T14:29:28.925638,28.0,-7.0,-5.0,-49.0,27.0,-25.0,91.0,-18.0,-22.0,-10.0,9.0,6.0,50.56,-53.3,42.67,-46.49,6.140000000000001,-2.3200000000000003,75.63,-5.970000000000001,1.120000000000001,34.89,-18.34,37.769999999999996
2025-08-13T14:29:28.931755,11.0,-13.0,7.0,-14.0,61.0,-25.0,-89.0,-35.0,21.0,14.0,4.0,52.0,33.56,-59.3,54.67,-11.49,40.14,-2.3200000000000003,-104.37,-22.97,44.120000000000005,58.89,-23.34,83.77
2025-08-13T14:29:28.936976,-49.0,21.0,-71.0,11.0,53.0,33.0,-26.0,12.0,-84.0,17.0,-34.0,18.0,-26.44,-25.299999999999997,-23.33,13.51,32.14,55.68,-41.37,24.03,-60.879999999999995,61.89,-61.34,49.769999999999996
2025-08-13T14:29:28.943874,-69.0,53.0,-59.0,80.0,26.0,-50.0,-20.0,-44.0,-57.0,-37.0,-35.0,-19.0,-46.44,6.700000000000003,-11.329999999999998,82.51,5.140000000000001,-27.32,-35.37,-31.97,-33.879999999999995,7.890000000000001,-62.34,12.77
2025-08-13T14:29:28.948162,-20.0,58.0,-105.0,49.0,13.0,-49.0,51.0,66.0,15.0,25.0,58.0,-16.0,2.5599999999999987,11.700000000000003,-57.33,51.51,-7.859999999999999,-26.32,35.63,78.03,38.120000000000005,69.89,30.66,15.77
2025-08-13T14:29:28.956053,24.0,68.0,-83.0,33.0,36.0,-13.0,37.0,22.0,5.0,7.0,17.0,109.0,46.56,21.700000000000003,-35.33,35.51,15.14,9.68,21.630000000000003,34.03,28.12,51.89,-10.34,140.77
2025-08-13T14:29:28.960331,43.0,66.0,-89.0,-46.0,25.0,-80.0,94.0,-47.0,-46.0,-18.0,22.0,16.0,65.56,19.700000000000003,-41.33,-43.49,4.140000000000001,-57.32,78.63,-34.97,-22.88,26.89,-5.34,47.769999999999996
2025-08-13T14:29:28.968637,102.0,27.0,-107.0,-10.0,3.0,-34.0,-14.0,33.0,-58.0,37.0,-38.0,32.0,124.56,-19.299999999999997,-59.33,-7.49,-17.86,-11.32,-29.369999999999997,45.03,-34.879999999999995,81.89,-65.34,63.769999999999996
2025-08-13T14:29:28.972578,-19.0,31.0,-6.0,-16.0,15.0,15.0,40.0,14.0,4.0,72.0,5.0,-51.0,3.5599999999999987,-15.299999999999997,41.67,-13.49,-5.859999999999999,37.68,24.630000000000003,26.03,27.12,116.89,-22.34,-19.23
2025-08-13T14:29:28.981051,-14.0,-14.0,-41.0,27.0,45.0,-27.0,30.0,-86.0,32.0,45.0,-31.0,-9.0,8.559999999999999,-60.3,6.670000000000002,29.509999999999998,24.14,-4.32,14.63,-73.97,55.120000000000005,89.89,-58.34,22.77
2025-08-13T14:29:28.985716,-44.0,30.0,-34.0,-18.0,-25.0,-57.0,46.0,15.0,-5.0,15.0,-101.0,22.0,-21.44,-16.299999999999997,13.670000000000002,-15.49,-45.86,-34.32,30.630000000000003,27.03,18.12,59.89,-128.34,53.769999999999996
2025-08-13T14:29:28.993165,-80.0,88.0,29.0,90.0,-74.0,-48.0,-4.0,-3.0,-26.0,10.0,-31.0,2.0,-57.44,41.7,76.67,92.51,-94.86,-25.32,-19.369999999999997,9.03,-2.879999999999999,54.89,-58.34,33.769999999999996
2025-08-13T14:29:28.998011,-79.0,47.0,-15.0,-53.0,-95.0,-1.0,-17.0,-54.0,-40.0,0.0,6.0,-71.0,-56.44,0.7000000000000028,32.67,-50.49,-115.86,21.68,-32.37,-41.97,-16.88,44.89,-21.34,-39.230000000000004
2025-08-13T14:29:29.005577,-65.0,91.0,10.0,-20.0,-28.0,-50.0,-53.0,26.0,-63.0,32.0,14.0,13.0,-42.44,44.7,57.67,-17.490000000000002,-48.86,-27.32,-68.37,38.03,-39.879999999999995,76.89,-13.34,44.769999999999996
2025-08-13T14:29:29.009520,-87.0,78.0,-77.0,-9.0,85.0,23.0,-18.0,-2.0,-7.0,-4.0,-92.0,-10.0,-64.44,31.700000000000003,-29.33,-6.49,64.14,45.68,-33.37,10.03,16.12,40.89,-119.34,21.77
2025-08-13T14:29:29.017568,-5.0,92.0,-66.0,20.0,40.0,25.0,5.0,10.0,10.0,73.0,-4.0,-25.0,17.56,45.7,-18.33,22.509999999999998,19.14,47.68,-10.37,22.03,33.120000000000005,117.89,-31.34,6.77
2025-08-13T14:29:29.021833,-104.0,61.0,-118.0,-2.0,63.0,-16.0,13.0,2.0,36.0,-18.0,-79.0,-1.0,-81.44,14.700000000000003,-70.33,0.5099999999999998,42.14,6.68,-2.369999999999999,14.03,59.120000000000005,26.89,-106.34,30.77
2025-08-13T14:29:29.030119,-34.0,79.0,-77.0,-54.0,59.0,-14.0,-16.0,-25.0,12.0,56.0,29.0,35.0,-11.440000000000001,32.7,-29.33,-51.49,38.14,8.68,-31.369999999999997,-12.97,35.120000000000005,100.89,1.6600000000000001,66.77
2025-08-13T14:29:29.034209,6.0,130.0,-96.0,74.0,38.0,27.0,37.0,-40.0,19.0,10.0,1.0,-21.0,28.56,83.7,-48.33,76.51,17.14,49.68,21.630000000000003,-27.97,42.120000000000005,54.89,-26.34,10.77
2025-08-13T14:29:29.042807,52.0,22.0,-114.0,61.0,-27.0,-24.0,-57.0,-65.0,-33.0,-10.0,-65.0,-51.0,74.56,-24.299999999999997,-66.33,63.51,-47.86,-1.3200000000000003,-72.37,-52.97,-9.879999999999999,34.89,-92.34,-19.23
2025-08-13T14:29:29.046836,0.0,-13.0,-50.0,-40.0,13.0,9.0,-26.0,-20.0,4.0,-23.0,-56.0,17.0,22.56,-59.3,-2.3299999999999983,-37.49,-7.859999999999999,31.68,-41.37,-7.970000000000001,27.12,21.89,-83.34,48.769999999999996
2025-08-13T14:29:29.054340,28.0,2.0,-36.0,-18.0,-23.0,32.0,-32.0,40.0,20.0,42.0,-48.0,55.0,50.56,-44.3,11.670000000000002,-15.49,-43.86,54.68,-47.37,52.03,43.120000000000005,86.89,-75.34,86.77
2025-08-13T14:29:29.058860,-90.0,-18.0,-75.0,-29.0,25.0,-67.0,-29.0,15.0,-22.0,56.0,-55.0,54.0,-67.44,-64.3,-27.33,-26.490000000000002,4.140000000000001,-44.32,-44.37,27.03,1.120000000000001,100.89,-82.34,85.77
2025-08-13T14:29:29.066635,-23.0,67.0,-33.0,-61.0,22.0,1.0,-6.0,-21.0,27.0,-22.0,-73.0,-25.0,-0.4400000000000013,20.700000000000003,14.670000000000002,-58.49,1.1400000000000006,23.68,-21.369999999999997,-8.97,50.120000000000005,22.89,-100.34,6.77
2025-08-13T14:29:29.070963,-38.0,85.0,-127.0,5.0,83.0,-18.0,9.0,27.0,22.0,-11.0,-38.0,-1.0,-15.440000000000001,38.7,-79.33,7.51,62.14,4.68,-6.369999999999999,39.03,45.120000000000005,33.89,-65.34,30.77
2025-08-13T14:29:29.079021,-14.0,48.0,-53.0,99.0,34.0,-11.0,9.0,22.0,6.0,13.0,23.0,-2.0,8.559999999999999,1.7000000000000028,-5.329999999999998,101.51,13.14,11.68,-6.369999999999999,34.03,29.12,57.89,-4.34,29.77
2025-08-13T14:29:29.083377,-51.0,63.0,-77.0,-35.0,-55.0,20.0,-6.0,63.0,-48.0,-21.0,-48.0,18.0,-28.44,16.700000000000003,-29.33,-32.49,-75.86,42.68,-21.369999999999997,75.03,-24.88,23.89,-75.34,49.769999999999996
2025-08-13T14:29:29.091388,41.0,34.0,-54.0,21.0,-22.0,-13.0,-22.0,32.0,28.0,-15.0,-50.0,-16.0,63.56,-12.299999999999997,-6.329999999999998,23.509999999999998,-42.86,9.68,-37.37,44.03,51.120000000000005,29.89,-77.34,15.77
2025-08-13T14:29:29.095855,19.0,1.0,-22.0,6.0,93.0,-34.0,6.0,-19.0,-28.0,56.0,-52.0,31.0,41.56,-45.3,25.67,8.51,72.14,-11.32,-9.37,-6.970000000000001,-4.879999999999999,100.89,-79.34,62.769999999999996
2025-08-13T14:29:29.103604,-18.0,51.0,-106.0,14.0,44.0,-20.0,15.0,-30.0,-43.0,53.0,-65.0,9.0,4.559999999999999,4.700000000000003,-58.33,16.509999999999998,23.14,2.6799999999999997,-0.3699999999999992,-17.97,-19.88,97.89,-92.34,40.769999999999996
2025-08-13T14:29:29.109342,-24.0,31.0,-9.0,17.0,29.0,-18.0,38.0,-69.0,-19.0,-20.0,-41.0,5.0,-1.4400000000000013,-15.299999999999997,38.67,19.509999999999998,8.14,4.68,22.630000000000003,-56.97,4.120000000000001,24.89,-68.34,36.769999999999996
2025-08-13T14:29:29.115768,-53.0,5.0,10.0,8.0,-4.0,-92.0,46.0,14.0,-59.0,31.0,-74.0,-42.0,-30.44,-41.3,57.67,10.51,-24.86,-69.32,30.630000000000003,26.03,-35.879999999999995,75.89,-101.34,-10.23
2025-08-13T14:29:29.120414,-51.0,16.0,-35.0,11.0,62.0,10.0,14.0,20.0,-9.0,46.0,-66.0,-5.0,-28.44,-30.299999999999997,12.670000000000002,13.51,41.14,32.68,-1.3699999999999992,32.03,14.120000000000001,90.89,-93.34,26.77
2025-08-13T14:29:29.128132,-77.0,103.0,-42.0,46.0,22.0,-68.0,-47.0,7.0,-23.0,67.0,-57.0,-7.0,-54.44,56.7,5.670000000000002,48.51,1.1400000000000006,-45.32,-62.37,19.03,0.120000000000001,111.89,-84.34,24.77
2025-08-13T14:29:29.133490,-77.0,113.0,-40.0,1.0,3.0,-12.0,67.0,-1.0,-60.0,79.0,-32.0,-50.0,-54.44,66.7,7.670000000000002,3.51,-17.86,10.68,51.63,11.03,-36.879999999999995,123.89,-59.34,-18.23
2025-08-13T14:29:29.137017,9.0,68.0,-31.0,10.0,5.0,-29.0,31.0,20.0,-26.0,37.0,-1.0,-26.0,31.56,21.700000000000003,16.67,12.51,-15.86,-6.32,15.63,32.03,-2.879999999999999,81.89,-28.34,5.77
2025-08-13T14:29:29.148504,34.0,71.0,-86.0,-28.0,35.0,23.0,38.0,4.0,-27.0,21.0,-17.0,0.0,56.56,24.700000000000003,-38.33,-25.490000000000002,14.14,45.68,22.630000000000003,16.03,-3.879999999999999,65.89,-44.34,31.77
2025-08-13T14:29:29.157323,24.0,34.0,-90.0,0.0,44.0,-98.0,13.0,-34.0,-25.0,26.0,-50.0,18.0,46.56,-12.299999999999997,-42.33,2.51,23.14,-75.32,-2.369999999999999,-21.97,-1.879999999999999,70.89,-77.34,49.769999999999996
2025-08-13T14:29:29.162736,37.0,-22.0,-40.0,35.0,-7.0,-64.0,-20.0,-90.0,-75.0,19.0,10.0,26.0,59.56,-68.3,7.670000000000002,37.51,-27.86,-41.32,-35.37,-77.97,-51.879999999999995,63.89,-17.34,57.769999999999996
2025-08-13T14:29:29.166976,16.0,64.0,-41.0,-53.0,51.0,-62.0,-62.0,44.0,-10.0,5.0,-98.0,6.0,38.56,17.700000000000003,6.670000000000002,-50.49,30.14,-39.32,-77.37,56.03,13.120000000000001,49.89,-125.34,37.769999999999996
2025-08-13T14:29:29.170241,10.0,-8.0,-42.0,-42.0,31.0,-1.0,50.0,22.0,1.0,39.0,-16.0,9.0,32.56,-54.3,5.670000000000002,-39.49,10.14,21.68,34.63,34.03,24.12,83.89,-43.34,40.769999999999996
2025-08-13T14:29:29.174017,-24.0,-70.0,-11.0,77.0,26.0,27.0,31.0,-33.0,4.0,61.0,-39.0,39.0,-1.4400000000000013,-116.3,36.67,79.51,5.140000000000001,49.68,15.63,-20.97,27.12,105.89,-66.34,70.77
2025-08-13T14:29:29.181724,22.0,33.0,-78.0,-25.0,8.0,-46.0,0.0,24.0,-26.0,32.0,8.0,35.0,44.56,-13.299999999999997,-30.33,-22.490000000000002,-12.86,-23.32,-15.37,36.03,-2.879999999999999,76.89,-19.34,66.77
2025-08-13T14:29:29.185479,-69.0,-24.0,0.0,-19.0,58.0,-29.0,-36.0,82.0,0.0,-66.0,-44.0,22.0,-46.44,-70.3,47.67,-16.490000000000002,37.14,-6.32,-51.37,94.03,23.12,-21.11,-71.34,53.769999999999996
2025-08-13T14:29:29.193574,-19.0,99.0,-7.0,17.0,69.0,34.0,36.0,15.0,-43.0,5.0,-16.0,-1.0,3.5599999999999987,52.7,40.67,19.509999999999998,48.14,56.68,20.630000000000003,27.03,-19.88,49.89,-43.34,30.77
2025-08-13T14:29:29.197727,-39.0,100.0,-19.0,-28.0,45.0,11.0,46.0,-17.0,-70.0,5.0,-23.0,19.0,-16.44,53.7,28.67,-25.490000000000002,24.14,33.68,30.630000000000003,-4.970000000000001,-46.879999999999995,49.89,-50.34,50.769999999999996
2025-08-13T14:29:29.205885,-83.0,114.0,7.0,70.0,14.0,-24.0,-41.0,12.0,-32.0,-22.0,-22.0,-24.0,-60.44,67.7,54.67,72.51,-6.859999999999999,-1.3200000000000003,-56.37,24.03,-8.879999999999999,22.89,-49.34,7.77
2025-08-13T14:29:29.210177,34.0,79.0,-127.0,15.0,52.0,52.0,33.0,8.0,-40.0,80.0,28.0,48.0,56.56,32.7,-79.33,17.509999999999998,31.14,74.68,17.630000000000003,20.03,-16.88,124.89,0.6600000000000001,79.77
2025-08-13T14:29:29.218179,49.0,3.0,-76.0,-26.0,-32.0,-16.0,-2.0,13.0,-65.0,44.0,-42.0,-26.0,71.56,-43.3,-28.33,-23.490000000000002,-52.86,6.68,-17.369999999999997,25.03,-41.879999999999995,88.89,-69.34,5.77
2025-08-13T14:29:29.222372,31.0,31.0,-106.0,7.0,-31.0,-29.0,18.0,76.0,-23.0,-8.0,65.0,4.0,53.56,-15.299999999999997,-58.33,9.51,-51.86,-6.32,2.630000000000001,88.03,0.120000000000001,36.89,37.66,35.769999999999996
2025-08-13T14:29:29.230502,4.0,27.0,-79.0,-22.0,111.0,33.0,-25.0,25.0,-39.0,-15.0,9.0,2.0,26.56,-19.299999999999997,-31.33,-19.490000000000002,90.14,55.68,-40.37,37.03,-15.879999999999999,29.89,-18.34,33.769999999999996
2025-08-13T14:29:29.234628,26.0,37.0,-83.0,-4.0,23.0,-10.0,55.0,11.0,18.0,35.0,-62.0,33.0,48.56,-9.299999999999997,-35.33,-1.4900000000000002,2.1400000000000006,12.68,39.63,23.03,41.120000000000005,79.89,-89.34,64.77
2025-08-13T14:29:29.242955,-39.0,31.0,-100.0,-11.0,96.0,-105.0,-27.0,83.0,-44.0,34.0,-15.0,0.0,-16.44,-15.299999999999997,-52.33,-8.49,75.14,-82.32,-42.37,95.03,-20.88,78.89,-42.34,31.77
2025-08-13T14:29:29.246936,51.0,50.0,-123.0,-33.0,-22.0,-1.0,39.0,24.0,-28.0,66.0,-80.0,19.0,73.56,3.700000000000003,-75.33,-30.490000000000002,-42.86,21.68,23.630000000000003,36.03,-4.879999999999999,110.89,-107.34,50.769999999999996
2025-08-13T14:29:29.255085,-52.0,21.0,-14.0,67.0,38.0,-33.0,-29.0,9.0,-31.0,24.0,-34.0,40.0,-29.44,-25.299999999999997,33.67,69.51,17.14,-10.32,-44.37,21.03,-7.879999999999999,68.89,-61.34,71.77
2025-08-13T14:29:29.259454,-59.0,67.0,9.0,69.0,-28.0,7.0,30.0,-22.0,-77.0,7.0,-80.0,51.0,-36.44,20.700000000000003,56.67,71.51,-48.86,29.68,14.63,-9.97,-53.879999999999995,51.89,-107.34,82.77
2025-08-13T14:29:29.267243,-91.0,83.0,8.0,-7.0,17.0,-25.0,30.0,-20.0,61.0,33.0,22.0,-14.0,-68.44,36.7,55.67,-4.49,-3.8599999999999994,-2.3200000000000003,14.63,-7.970000000000001,84.12,77.89,-5.34,17.77
2025-08-13T14:29:29.271549,-47.0,103.0,-22.0,-18.0,-26.0,39.0,0.0,-6.0,-3.0,65.0,-22.0,-19.0,-24.44,56.7,25.67,-15.49,-46.86,61.68,-15.37,6.029999999999999,20.12,109.89,-49.34,12.77
2025-08-13T14:29:29.279593,-64.0,7.0,-11.0,-1.0,20.0,-45.0,8.0,20.0,-4.0,56.0,24.0,56.0,-41.44,-39.3,36.67,1.5099999999999998,-0.8599999999999994,-22.32,-7.369999999999999,32.03,19.12,100.89,-3.34,87.77
2025-08-13T14:29:29.283826,-8.0,25.0,-96.0,10.0,3.0,-65.0,-50.0,-13.0,21.0,5.0,-33.0,24.0,14.559999999999999,-21.299999999999997,-48.33,12.51,-17.86,-42.32,-65.37,-0.9700000000000006,44.120000000000005,49.89,-60.34,55.769999999999996
2025-08-13T14:29:29.291927,-82.0,38.0,-73.0,-70.0,93.0,41.0,-12.0,16.0,-5.0,69.0,-41.0,-5.0,-59.44,-8.299999999999997,-25.33,-67.49,72.14,63.68,-27.369999999999997,28.03,18.12,113.89,-68.34,26.77
2025-08-13T14:29:29.296332,-69.0,69.0,-65.0,-54.0,20.0,-48.0,42.0,-35.0,-34.0,6.0,-5.0,41.0,-46.44,22.700000000000003,-17.33,-51.49,-0.8599999999999994,-25.32,26.630000000000003,-22.97,-10.879999999999999,50.89,-32.34,72.77
2025-08-13T14:29:29.301671,-48.0,56.0,-72.0,18.0,14.0,-83.0,67.0,-14.0,0.0,13.0,40.0,-44.0,-25.44,9.700000000000003,-24.33,20.509999999999998,-6.859999999999999,-60.32,51.63,-1.9700000000000006,23.12,57.89,12.66,-12.23
