timestamp,x1,y1,z1,x2,y2,z2,x3,y3,z3,x4,y4,z4,x1_calib,y1_calib,z1_calib,x2_calib,y2_calib,z2_calib,x3_calib,y3_calib,z3_calib,x4_calib,y4_calib,z4_calib
2025-08-08T20:43:47.388128,85.0,30.0,69.0,-2.0,15.0,13.0,-34.0,45.0,3.0,-10.0,1.0,-49.0,52.24,40.59,63.6,22.41,12.44,19.04,-44.72,12.729999999999997,29.86,-11.65,-26.01,-22.29
2025-08-08T20:43:47.392443,25.0,-25.0,24.0,-17.0,84.0,22.0,52.0,81.0,-8.0,0.0,31.0,-44.0,-7.759999999999998,-14.41,18.6,7.41,81.44,28.04,41.28,48.73,18.86,-1.65,3.9899999999999984,-17.29
2025-08-08T20:43:47.400545,45.0,33.0,48.0,-54.0,15.0,-49.0,3.0,-13.0,18.0,-17.0,33.0,-20.0,12.240000000000002,43.59,42.6,-29.59,12.44,-42.96,-7.720000000000001,-45.27,44.86,-18.65,5.989999999999998,6.710000000000001
2025-08-08T20:43:47.405590,87.0,-18.0,43.0,-36.0,12.0,35.0,-40.0,19.0,-50.0,-35.0,90.0,-38.0,54.24,-7.41,37.6,-11.59,9.44,41.04,-50.72,-13.270000000000003,-23.14,-36.65,62.989999999999995,-11.29
2025-08-08T20:43:47.409299,58.0,52.0,-19.0,1.0,14.0,16.0,-41.0,76.0,-1.0,7.0,59.0,-42.0,25.240000000000002,62.59,-24.4,25.41,11.44,22.04,-51.72,43.73,25.86,5.35,31.99,-15.29
2025-08-08T20:43:47.417582,0.0,17.0,18.0,55.0,51.0,-61.0,13.0,67.0,-77.0,-39.0,-11.0,-68.0,-32.76,27.59,12.6,79.41,48.44,-54.96,2.2799999999999994,34.73,-50.14,-40.65,-38.010000000000005,-41.29
2025-08-08T20:43:47.425132,79.0,-46.0,47.0,-14.0,-13.0,-53.0,32.0,0.0,-93.0,25.0,75.0,-73.0,46.24,-35.41,41.6,10.41,-15.56,-46.96,21.28,-32.27,-66.14,23.35,47.989999999999995,-46.29
2025-08-08T20:43:47.429531,33.0,6.0,41.0,18.0,-89.0,25.0,57.0,33.0,-99.0,-1.0,-10.0,-15.0,0.240000000000002,16.59,35.6,42.41,-91.56,31.04,46.28,0.7299999999999969,-72.14,-2.65,-37.010000000000005,11.71
2025-08-08T20:43:47.437382,17.0,-15.0,47.0,-53.0,-13.0,-19.0,-31.0,81.0,-48.0,25.0,40.0,-18.0,-15.759999999999998,-4.41,41.6,-28.59,-15.56,-12.96,-41.72,48.73,-21.14,23.35,12.989999999999998,8.71
2025-08-08T20:43:47.442191,39.0,28.0,-18.0,-56.0,5.0,49.0,-5.0,150.0,-33.0,33.0,30.0,-83.0,6.240000000000002,38.59,-23.4,-31.59,2.44,55.04,-15.72,117.72999999999999,-6.140000000000001,31.35,2.9899999999999984,-56.29
2025-08-08T20:43:47.445700,-6.0,1.0,9.0,-2.0,-8.0,-4.0,66.0,-9.0,-25.0,19.0,-11.0,19.0,-38.76,11.59,3.5999999999999996,22.41,-10.56,2.04,55.28,-41.27,1.8599999999999994,17.35,-38.010000000000005,45.71
2025-08-08T20:43:47.454287,-12.0,62.0,38.0,12.0,34.0,-62.0,-6.0,-26.0,-94.0,25.0,44.0,-46.0,-44.76,72.59,32.6,36.41,31.44,-55.96,-16.72,-58.27,-67.14,23.35,16.99,-19.29
2025-08-08T20:43:47.458368,94.0,-1.0,-7.0,-42.0,-32.0,40.0,41.0,66.0,-47.0,1.0,26.0,33.0,61.24,9.59,-12.4,-17.59,-34.56,46.04,30.28,33.73,-20.14,-0.6499999999999999,-1.0100000000000016,59.71
2025-08-08T20:43:47.466603,-22.0,28.0,-59.0,-16.0,20.0,-42.0,-15.0,-34.0,-50.0,26.0,-29.0,32.0,-54.76,38.59,-64.4,8.41,17.44,-35.96,-25.72,-66.27000000000001,-23.14,24.35,-56.010000000000005,58.71
2025-08-08T20:43:47.470325,29.0,28.0,-8.0,-77.0,-32.0,-44.0,-13.0,-17.0,45.0,-16.0,-23.0,-11.0,-3.759999999999998,38.59,-13.4,-52.59,-34.56,-37.96,-23.72,-49.27,71.86,-17.65,-50.010000000000005,15.71
2025-08-08T20:43:47.478926,113.0,-2.0,-7.0,-100.0,32.0,-31.0,43.0,5.0,-31.0,12.0,149.0,23.0,80.24000000000001,8.59,-12.4,-75.59,29.44,-24.96,32.28,-27.270000000000003,-4.140000000000001,10.35,121.99,49.71
2025-08-08T20:43:47.482546,-16.0,36.0,85.0,-5.0,-10.0,27.0,17.0,50.0,-19.0,14.0,38.0,-18.0,-48.76,46.59,79.6,19.41,-12.56,33.04,6.279999999999999,17.729999999999997,7.859999999999999,12.35,10.989999999999998,8.71
2025-08-08T20:43:47.491150,86.0,-117.0,32.0,-60.0,11.0,20.0,0.0,36.0,52.0,-19.0,56.0,-54.0,53.24,-106.41,26.6,-35.59,8.44,26.04,-10.72,3.729999999999997,78.86,-20.65,28.99,-27.29
2025-08-08T20:43:47.494858,0.0,1.0,31.0,5.0,28.0,-37.0,-112.0,37.0,-82.0,19.0,134.0,-55.0,-32.76,11.59,25.6,29.41,25.44,-30.96,-122.72,4.729999999999997,-55.14,17.35,106.99,-28.29
2025-08-08T20:43:47.502918,1.0,5.0,54.0,7.0,-22.0,34.0,51.0,62.0,-12.0,-29.0,58.0,-11.0,-31.759999999999998,15.59,48.6,31.41,-24.56,40.04,40.28,29.729999999999997,14.86,-30.65,30.99,15.71
2025-08-08T20:43:47.507148,-53.0,-49.0,33.0,-28.0,12.0,26.0,33.0,55.0,-31.0,23.0,57.0,-52.0,-85.75999999999999,-38.41,27.6,-3.59,9.44,32.04,22.28,22.729999999999997,-4.140000000000001,21.35,29.99,-25.29
2025-08-08T20:43:47.515643,32.0,-10.0,42.0,-11.0,-11.0,-24.0,-11.0,25.0,-57.0,28.0,48.0,-83.0,-0.759999999999998,0.5899999999999999,36.6,13.41,-13.56,-17.96,-21.72,-7.270000000000003,-30.14,26.35,20.99,-56.29
2025-08-08T20:43:47.519672,60.0,21.0,-46.0,-40.0,-46.0,2.0,66.0,9.0,10.0,25.0,-35.0,-35.0,27.240000000000002,31.59,-51.4,-15.59,-48.56,8.04,55.28,-23.270000000000003,36.86,23.35,-62.010000000000005,-8.29
2025-08-08T20:43:47.527722,75.0,24.0,20.0,-20.0,50.0,14.0,14.0,30.0,-36.0,-35.0,14.0,-5.0,42.24,34.59,14.6,4.41,47.44,20.04,3.2799999999999994,-2.270000000000003,-9.14,-36.65,-13.010000000000002,21.71
2025-08-08T20:43:47.532068,103.0,18.0,-57.0,-27.0,-89.0,-5.0,-30.0,118.0,0.0,28.0,11.0,-54.0,70.24000000000001,28.59,-62.4,-2.59,-91.56,1.04,-40.72,85.72999999999999,26.86,26.35,-16.01,-27.29
2025-08-08T20:43:47.539845,53.0,-14.0,12.0,2.0,-9.0,-26.0,71.0,17.0,-103.0,-14.0,30.0,-43.0,20.240000000000002,-3.41,6.6,26.41,-11.56,-19.96,60.28,-15.270000000000003,-76.14,-15.65,2.9899999999999984,-16.29
2025-08-08T20:43:47.545207,109.0,-85.0,-42.0,-11.0,-1.0,-13.0,18.0,-11.0,-40.0,-28.0,67.0,-44.0,76.24000000000001,-74.41,-47.4,13.41,-3.56,-6.96,7.279999999999999,-43.27,-13.14,-29.65,39.989999999999995,-17.29
2025-08-08T20:43:47.552084,28.0,32.0,59.0,-31.0,-34.0,24.0,56.0,77.0,-75.0,4.0,46.0,-53.0,-4.759999999999998,42.59,53.6,-6.59,-36.56,30.04,45.28,44.73,-48.14,2.35,18.99,-26.29
2025-08-08T20:43:47.556873,13.0,1.0,95.0,-13.0,21.0,32.0,21.0,60.0,-62.0,19.0,-30.0,19.0,-19.759999999999998,11.59,89.6,11.41,18.44,38.04,10.28,27.729999999999997,-35.14,17.35,-57.010000000000005,45.71
2025-08-08T20:43:47.565057,52.0,15.0,79.0,31.0,38.0,-57.0,5.0,23.0,-89.0,22.0,78.0,-24.0,19.240000000000002,25.59,73.6,55.41,35.44,-50.96,-5.720000000000001,-9.270000000000003,-62.14,20.35,50.989999999999995,2.710000000000001
2025-08-08T20:43:47.568928,52.0,-13.0,-35.0,-56.0,-40.0,2.0,46.0,95.0,-28.0,-9.0,35.0,3.0,19.240000000000002,-2.41,-40.4,-31.59,-42.56,8.04,35.28,62.73,-1.1400000000000006,-10.65,7.989999999999998,29.71
2025-08-08T20:43:47.576633,-7.0,-9.0,-30.0,-30.0,47.0,-15.0,-1.0,28.0,-91.0,-70.0,43.0,5.0,-39.76,1.5899999999999999,-35.4,-5.59,44.44,-8.96,-11.72,-4.270000000000003,-64.14,-71.65,15.989999999999998,31.71
2025-08-08T20:43:47.581612,25.0,-68.0,38.0,-24.0,-5.0,-12.0,35.0,61.0,-38.0,-47.0,78.0,-72.0,-7.759999999999998,-57.41,32.6,0.41000000000000014,-7.5600000000000005,-5.96,24.28,28.729999999999997,-11.14,-48.65,50.989999999999995,-45.29
2025-08-08T20:43:47.589291,42.0,-76.0,5.0,-49.0,15.0,-13.0,46.0,35.0,-2.0,46.0,65.0,8.0,9.240000000000002,-65.41,-0.40000000000000036,-24.59,12.44,-6.96,35.28,2.729999999999997,24.86,44.35,37.989999999999995,34.71
2025-08-08T20:43:47.593096,98.0,7.0,-40.0,-32.0,3.0,2.0,27.0,4.0,-54.0,18.0,43.0,-20.0,65.24000000000001,17.59,-45.4,-7.59,0.43999999999999995,8.04,16.28,-28.270000000000003,-27.14,16.35,15.989999999999998,6.710000000000001
2025-08-08T20:43:47.601227,19.0,-51.0,59.0,2.0,-20.0,-1.0,39.0,42.0,-46.0,0.0,22.0,-85.0,-13.759999999999998,-40.41,53.6,26.41,-22.56,5.04,28.28,9.729999999999997,-19.14,-1.65,-5.010000000000002,-58.29
2025-08-08T20:43:47.606028,23.0,-51.0,101.0,-3.0,-47.0,40.0,-40.0,72.0,-76.0,27.0,39.0,38.0,-9.759999999999998,-40.41,95.6,21.41,-49.56,46.04,-50.72,39.73,-49.14,25.35,11.989999999999998,64.71000000000001
2025-08-08T20:43:47.613804,56.0,-30.0,18.0,-16.0,24.0,-11.0,46.0,-31.0,-19.0,3.0,45.0,-20.0,23.240000000000002,-19.41,12.6,8.41,21.44,-4.96,35.28,-63.27,7.859999999999999,1.35,17.99,6.710000000000001
2025-08-08T20:43:47.618520,60.0,-58.0,-12.0,-8.0,-34.0,-48.0,8.0,7.0,-1.0,42.0,49.0,18.0,27.240000000000002,-47.41,-17.4,16.41,-36.56,-41.96,-2.7200000000000006,-25.270000000000003,25.86,40.35,21.99,44.71
2025-08-08T20:43:47.625746,-16.0,-17.0,39.0,-24.0,44.0,-25.0,31.0,78.0,-41.0,-16.0,-67.0,15.0,-48.76,-6.41,33.6,0.41000000000000014,41.44,-18.96,20.28,45.73,-14.14,-17.65,-94.01,41.71
2025-08-08T20:43:47.630760,-45.0,61.0,38.0,-38.0,34.0,-26.0,22.0,-10.0,-5.0,-21.0,20.0,-54.0,-77.75999999999999,71.59,32.6,-13.59,31.44,-19.96,11.28,-42.27,21.86,-22.65,-7.010000000000002,-27.29
2025-08-08T20:43:47.638252,29.0,-64.0,-52.0,-48.0,-12.0,-6.0,22.0,56.0,-38.0,-31.0,64.0,33.0,-3.759999999999998,-53.41,-57.4,-23.59,-14.56,0.040000000000000036,11.28,23.729999999999997,-11.14,-32.65,36.989999999999995,59.71
2025-08-08T20:43:47.642977,73.0,-1.0,25.0,-8.0,38.0,-56.0,-5.0,82.0,-66.0,-77.0,31.0,-60.0,40.24,9.59,19.6,16.41,35.44,-49.96,-15.72,49.73,-39.14,-78.65,3.9899999999999984,-33.29
2025-08-08T20:43:47.650670,74.0,104.0,20.0,19.0,-7.0,-15.0,25.0,16.0,-69.0,-41.0,30.0,-30.0,41.24,114.59,14.6,43.41,-9.56,-8.96,14.28,-16.270000000000003,-42.14,-42.65,2.9899999999999984,-3.289999999999999
2025-08-08T20:43:47.655392,73.0,-17.0,11.0,-1.0,63.0,13.0,-21.0,31.0,-54.0,-67.0,-7.0,-16.0,40.24,-6.41,5.6,23.41,60.44,19.04,-31.72,-1.2700000000000031,-27.14,-68.65,-34.010000000000005,10.71
2025-08-08T20:43:47.662646,-20.0,4.0,28.0,-25.0,-7.0,37.0,16.0,-16.0,8.0,8.0,38.0,-27.0,-52.76,14.59,22.6,-0.5899999999999999,-9.56,43.04,5.279999999999999,-48.27,34.86,6.35,10.989999999999998,-0.28999999999999915
2025-08-08T20:43:47.668645,49.0,-6.0,48.0,-11.0,73.0,-10.0,38.0,3.0,-51.0,-20.0,38.0,-115.0,16.240000000000002,4.59,42.6,13.41,70.44,-3.96,27.28,-29.270000000000003,-24.14,-21.65,10.989999999999998,-88.28999999999999
2025-08-08T20:43:47.675074,24.0,-48.0,12.0,-10.0,-63.0,-53.0,-42.0,36.0,9.0,33.0,31.0,-37.0,-8.759999999999998,-37.41,6.6,14.41,-65.56,-46.96,-52.72,3.729999999999997,35.86,31.35,3.9899999999999984,-10.29
2025-08-08T20:43:47.680870,-10.0,3.0,-57.0,-31.0,26.0,15.0,-98.0,50.0,-8.0,-5.0,2.0,-27.0,-42.76,13.59,-62.4,-6.59,23.44,21.04,-108.72,17.729999999999997,18.86,-6.65,-25.01,-0.28999999999999915
2025-08-08T20:43:47.687181,-22.0,-25.0,27.0,17.0,13.0,-40.0,-67.0,54.0,8.0,12.0,-14.0,-10.0,-54.76,-14.41,21.6,41.41,10.44,-33.96,-77.72,21.729999999999997,34.86,10.35,-41.010000000000005,16.71
2025-08-08T20:43:47.692264,40.0,15.0,59.0,0.0,9.0,-14.0,26.0,74.0,13.0,-78.0,30.0,-38.0,7.240000000000002,25.59,53.6,24.41,6.4399999999999995,-7.96,15.28,41.73,39.86,-79.65,2.9899999999999984,-11.29
2025-08-08T20:43:47.699507,-5.0,-29.0,52.0,-24.0,18.0,-1.0,11.0,26.0,-52.0,-51.0,-7.0,23.0,-37.76,-18.41,46.6,0.41000000000000014,15.44,5.04,0.27999999999999936,-6.270000000000003,-25.14,-52.65,-34.010000000000005,49.71
2025-08-08T20:43:47.704657,19.0,22.0,56.0,16.0,-3.0,-12.0,13.0,7.0,-34.0,-48.0,56.0,17.0,-13.759999999999998,32.59,50.6,40.41,-5.5600000000000005,-5.96,2.2799999999999994,-25.270000000000003,-7.140000000000001,-49.65,28.99,43.71
2025-08-08T20:43:47.708595,41.0,16.0,10.0,45.0,-39.0,-19.0,-12.0,82.0,6.0,37.0,44.0,-50.0,8.240000000000002,26.59,4.6,69.41,-41.56,-12.96,-22.72,49.73,32.86,35.35,16.99,-23.29
2025-08-08T20:43:47.716699,-58.0,-13.0,6.0,-11.0,5.0,-46.0,18.0,32.0,-54.0,58.0,-20.0,-51.0,-90.75999999999999,-2.41,0.5999999999999996,13.41,2.44,-39.96,7.279999999999999,-0.2700000000000031,-27.14,56.35,-47.010000000000005,-24.29
2025-08-08T20:43:47.721138,67.0,37.0,-59.0,-36.0,-7.0,-42.0,32.0,10.0,4.0,-7.0,-18.0,8.0,34.24,47.59,-64.4,-11.59,-9.56,-35.96,21.28,-22.270000000000003,30.86,-8.65,-45.010000000000005,34.71
2025-08-08T20:43:47.728424,-8.0,27.0,-10.0,9.0,31.0,5.0,5.0,37.0,-20.0,-56.0,32.0,-11.0,-40.76,37.59,-15.4,33.41,28.44,11.04,-5.720000000000001,4.729999999999997,6.859999999999999,-57.65,4.989999999999998,15.71
2025-08-08T20:43:47.734696,-71.0,-13.0,-15.0,-5.0,-49.0,25.0,37.0,-1.0,14.0,8.0,38.0,-9.0,-103.75999999999999,-2.41,-20.4,19.41,-51.56,31.04,26.28,-33.27,40.86,6.35,10.989999999999998,17.71
2025-08-08T20:43:47.740567,40.0,59.0,-21.0,-74.0,-10.0,25.0,4.0,44.0,-13.0,39.0,36.0,0.0,7.240000000000002,69.59,-26.4,-49.59,-12.56,31.04,-6.720000000000001,11.729999999999997,13.86,37.35,8.989999999999998,26.71
2025-08-08T20:43:47.746124,-54.0,0.0,-38.0,-7.0,-49.0,-26.0,-101.0,14.0,31.0,9.0,24.0,-19.0,-86.75999999999999,10.59,-43.4,17.41,-51.56,-19.96,-111.72,-18.270000000000003,57.86,7.35,-3.0100000000000016,7.710000000000001
2025-08-08T20:43:47.752835,-4.0,25.0,-44.0,-1.0,-32.0,-6.0,17.0,78.0,-31.0,40.0,15.0,0.0,-36.76,35.59,-49.4,23.41,-34.56,0.040000000000000036,6.279999999999999,45.73,-4.140000000000001,38.35,-12.010000000000002,26.71
2025-08-08T20:43:47.759011,-20.0,15.0,-41.0,16.0,-29.0,-18.0,-17.0,20.0,-55.0,-41.0,-8.0,-32.0,-52.76,25.59,-46.4,40.41,-31.56,-11.96,-27.72,-12.270000000000003,-28.14,-42.65,-35.010000000000005,-5.289999999999999
2025-08-08T20:43:47.765130,8.0,-52.0,-13.0,-56.0,1.0,-36.0,-14.0,65.0,-67.0,18.0,42.0,17.0,-24.759999999999998,-41.41,-18.4,-31.59,-1.56,-29.96,-24.72,32.73,-40.14,16.35,14.989999999999998,43.71
2025-08-08T20:43:47.770545,9.0,30.0,2.0,-6.0,-16.0,-4.0,93.0,51.0,-22.0,-26.0,47.0,1.0,-23.759999999999998,40.59,-3.4000000000000004,18.41,-18.56,2.04,82.28,18.729999999999997,4.859999999999999,-27.65,19.99,27.71
2025-08-08T20:43:47.777419,48.0,-40.0,-24.0,24.0,-4.0,-9.0,-22.0,110.0,-77.0,-8.0,-1.0,8.0,15.240000000000002,-29.41,-29.4,48.41,-6.5600000000000005,-2.96,-32.72,77.72999999999999,-50.14,-9.65,-28.01,34.71
2025-08-08T20:43:47.782726,92.0,21.0,40.0,-55.0,21.0,16.0,30.0,-7.0,-47.0,4.0,26.0,-28.0,59.24,31.59,34.6,-30.59,18.44,22.04,19.28,-39.27,-20.14,2.35,-1.0100000000000016,-1.2899999999999991
2025-08-08T20:43:47.789840,127.0,80.0,4.0,-23.0,-31.0,20.0,20.0,43.0,-73.0,38.0,15.0,-24.0,94.24000000000001,90.59,-1.4000000000000004,1.4100000000000001,-33.56,26.04,9.28,10.729999999999997,-46.14,36.35,-12.010000000000002,2.710000000000001
2025-08-08T20:43:47.795036,84.0,30.0,-9.0,-29.0,30.0,18.0,73.0,4.0,-75.0,-33.0,64.0,-47.0,51.24,40.59,-14.4,-4.59,27.44,24.04,62.28,-28.270000000000003,-48.14,-34.65,36.989999999999995,-20.29
2025-08-08T20:43:47.801886,32.0,59.0,10.0,-55.0,-29.0,-17.0,45.0,23.0,-62.0,9.0,31.0,35.0,-0.759999999999998,69.59,4.6,-30.59,-31.56,-10.96,34.28,-9.270000000000003,-35.14,7.35,3.9899999999999984,61.71
2025-08-08T20:43:47.807456,16.0,12.0,-48.0,-57.0,83.0,-31.0,14.0,23.0,-38.0,-49.0,36.0,-55.0,-16.759999999999998,22.59,-53.4,-32.59,80.44,-24.96,3.2799999999999994,-9.270000000000003,-11.14,-50.65,8.989999999999998,-28.29
2025-08-08T20:43:47.814426,60.0,-34.0,-41.0,-51.0,-19.0,-6.0,-19.0,42.0,-108.0,-54.0,-6.0,-76.0,27.240000000000002,-23.41,-46.4,-26.59,-21.56,0.040000000000000036,-29.72,9.729999999999997,-81.14,-55.65,-33.010000000000005,-49.29
2025-08-08T20:43:47.819444,75.0,-22.0,-35.0,-42.0,53.0,-31.0,-24.0,30.0,-9.0,16.0,27.0,-7.0,42.24,-11.41,-40.4,-17.59,50.44,-24.96,-34.72,-2.270000000000003,17.86,14.35,-0.010000000000001563,19.71
2025-08-08T20:43:47.826617,24.0,-8.0,34.0,-30.0,45.0,44.0,34.0,-9.0,-45.0,10.0,-14.0,9.0,-8.759999999999998,2.59,28.6,-5.59,42.44,50.04,23.28,-41.27,-18.14,8.35,-41.010000000000005,35.71
2025-08-08T20:43:47.837243,58.0,3.0,38.0,-36.0,-5.0,14.0,18.0,16.0,16.0,19.0,-48.0,-19.0,25.240000000000002,13.59,32.6,-11.59,-7.5600000000000005,20.04,7.279999999999999,-16.270000000000003,42.86,17.35,-75.01,7.710000000000001
2025-08-08T20:43:47.845210,48.0,-37.0,48.0,11.0,-2.0,5.0,-14.0,43.0,-71.0,9.0,-23.0,-11.0,15.240000000000002,-26.41,42.6,35.41,-4.5600000000000005,11.04,-24.72,10.729999999999997,-44.14,7.35,-50.010000000000005,15.71
2025-08-08T20:43:47.850529,38.0,-29.0,28.0,-9.0,32.0,-13.0,-30.0,61.0,-103.0,11.0,-7.0,56.0,5.240000000000002,-18.41,22.6,15.41,29.44,-6.96,-40.72,28.729999999999997,-76.14,9.35,-34.010000000000005,82.71000000000001
2025-08-08T20:43:47.854447,76.0,20.0,28.0,-19.0,34.0,4.0,13.0,26.0,17.0,21.0,2.0,-45.0,43.24,30.59,22.6,5.41,31.44,10.04,2.2799999999999994,-6.270000000000003,43.86,19.35,-25.01,-18.29
2025-08-08T20:43:47.858158,54.0,-27.0,-51.0,-11.0,-54.0,-79.0,22.0,36.0,-30.0,39.0,-3.0,-59.0,21.240000000000002,-16.41,-56.4,13.41,-56.56,-72.96,11.28,3.729999999999997,-3.1400000000000006,37.35,-30.01,-32.29
2025-08-08T20:43:47.860928,58.0,0.0,0.0,-45.0,21.0,44.0,24.0,71.0,-88.0,-11.0,78.0,1.0,25.240000000000002,10.59,-5.4,-20.59,18.44,50.04,13.28,38.73,-61.14,-12.65,50.989999999999995,27.71
2025-08-08T20:43:47.867638,44.0,3.0,6.0,-73.0,18.0,7.0,-23.0,7.0,-58.0,-40.0,-64.0,49.0,11.240000000000002,13.59,0.5999999999999996,-48.59,15.44,13.04,-33.72,-25.270000000000003,-31.14,-41.65,-91.01,75.71000000000001
2025-08-08T20:43:47.872087,61.0,-16.0,4.0,-26.0,-32.0,-36.0,-12.0,5.0,-35.0,-70.0,17.0,5.0,28.240000000000002,-5.41,-1.4000000000000004,-1.5899999999999999,-34.56,-29.96,-22.72,-27.270000000000003,-8.14,-71.65,-10.010000000000002,31.71
2025-08-08T20:43:47.879937,89.0,-9.0,70.0,-4.0,-13.0,-5.0,-1.0,37.0,-26.0,23.0,4.0,-12.0,56.24,1.5899999999999999,64.6,20.41,-15.56,1.04,-11.72,4.729999999999997,0.8599999999999994,21.35,-23.01,14.71
2025-08-08T20:43:47.884843,2.0,-44.0,27.0,-39.0,-20.0,51.0,35.0,-42.0,-62.0,-19.0,30.0,-37.0,-30.759999999999998,-33.41,21.6,-14.59,-22.56,57.04,24.28,-74.27000000000001,-35.14,-20.65,2.9899999999999984,-10.29
2025-08-08T20:43:47.892085,49.0,46.0,71.0,30.0,-5.0,10.0,13.0,-19.0,-3.0,-44.0,52.0,-2.0,16.240000000000002,56.59,65.6,54.41,-7.5600000000000005,16.04,2.2799999999999994,-51.27,23.86,-45.65,24.99,24.71
2025-08-08T20:43:47.896858,124.0,16.0,10.0,-17.0,-8.0,-28.0,42.0,49.0,-70.0,66.0,4.0,-30.0,91.24000000000001,26.59,4.6,7.41,-10.56,-21.96,31.28,16.729999999999997,-43.14,64.35,-23.01,-3.289999999999999
2025-08-08T20:43:47.904343,55.0,-54.0,45.0,2.0,-40.0,-3.0,45.0,9.0,-33.0,-22.0,4.0,15.0,22.240000000000002,-43.41,39.6,26.41,-42.56,3.04,34.28,-23.270000000000003,-6.140000000000001,-23.65,-23.01,41.71
2025-08-08T20:43:47.909086,-19.0,-56.0,23.0,-35.0,47.0,14.0,3.0,44.0,32.0,-42.0,8.0,-51.0,-51.76,-45.41,17.6,-10.59,44.44,20.04,-7.720000000000001,11.729999999999997,58.86,-43.65,-19.01,-24.29
2025-08-08T20:43:47.916583,43.0,-8.0,73.0,-104.0,11.0,18.0,-16.0,43.0,11.0,-30.0,-23.0,-46.0,10.240000000000002,2.59,67.6,-79.59,8.44,24.04,-26.72,10.729999999999997,37.86,-31.65,-50.010000000000005,-19.29
2025-08-08T20:43:47.921509,47.0,-80.0,0.0,9.0,-14.0,35.0,26.0,31.0,27.0,-36.0,-1.0,-41.0,14.240000000000002,-69.41,-5.4,33.41,-16.56,41.04,15.28,-1.2700000000000031,53.86,-37.65,-28.01,-14.29
2025-08-08T20:43:47.929591,37.0,-25.0,49.0,-54.0,36.0,-10.0,-12.0,1.0,-63.0,-15.0,64.0,-6.0,4.240000000000002,-14.41,43.6,-29.59,33.44,-3.96,-22.72,-31.270000000000003,-36.14,-16.65,36.989999999999995,20.71
2025-08-08T20:43:47.934059,33.0,-17.0,-5.0,-65.0,-19.0,-32.0,-27.0,77.0,-57.0,-34.0,48.0,-45.0,0.240000000000002,-6.41,-10.4,-40.59,-21.56,-25.96,-37.72,44.73,-30.14,-35.65,20.99,-18.29
2025-08-08T20:43:47.941431,-15.0,67.0,-54.0,-26.0,-22.0,31.0,32.0,20.0,-31.0,6.0,69.0,-13.0,-47.76,77.59,-59.4,-1.5899999999999999,-24.56,37.04,21.28,-12.270000000000003,-4.140000000000001,4.35,41.989999999999995,13.71
2025-08-08T20:43:47.946439,-30.0,16.0,-56.0,-69.0,2.0,0.0,47.0,93.0,-108.0,42.0,-30.0,-72.0,-62.76,26.59,-61.4,-44.59,-0.56,6.04,36.28,60.73,-81.14,40.35,-57.010000000000005,-45.29
2025-08-08T20:43:47.953461,67.0,11.0,-40.0,-2.0,-18.0,20.0,19.0,27.0,-62.0,-51.0,6.0,-14.0,34.24,21.59,-45.4,22.41,-20.56,26.04,8.28,-5.270000000000003,-35.14,-52.65,-21.01,12.71
2025-08-08T20:43:47.958545,32.0,42.0,-53.0,-37.0,18.0,-28.0,-7.0,22.0,-53.0,1.0,-41.0,14.0,-0.759999999999998,52.59,-58.4,-12.59,15.44,-21.96,-17.72,-10.270000000000003,-26.14,-0.6499999999999999,-68.01,40.71
2025-08-08T20:43:47.966037,4.0,37.0,-4.0,-36.0,18.0,-32.0,41.0,72.0,-107.0,9.0,11.0,62.0,-28.759999999999998,47.59,-9.4,-11.59,15.44,-25.96,30.28,39.73,-80.14,7.35,-16.01,88.71000000000001
2025-08-08T20:43:47.971384,-40.0,-27.0,-17.0,-4.0,-59.0,-50.0,-23.0,43.0,-42.0,-41.0,-5.0,9.0,-72.75999999999999,-16.41,-22.4,20.41,-61.56,-43.96,-33.72,10.729999999999997,-15.14,-42.65,-32.010000000000005,35.71
2025-08-08T20:43:47.978010,31.0,11.0,-14.0,19.0,-18.0,-15.0,-3.0,-6.0,-35.0,45.0,19.0,13.0,-1.759999999999998,21.59,-19.4,43.41,-20.56,-8.96,-13.72,-38.27,-8.14,43.35,-8.010000000000002,39.71
2025-08-08T20:43:47.983002,93.0,28.0,-39.0,-30.0,49.0,2.0,-30.0,9.0,-56.0,11.0,-25.0,2.0,60.24,38.59,-44.4,-5.59,46.44,8.04,-40.72,-23.270000000000003,-29.14,9.35,-52.010000000000005,28.71
2025-08-08T20:43:47.990303,-9.0,-17.0,-36.0,-23.0,-9.0,-24.0,6.0,113.0,3.0,-9.0,-16.0,-4.0,-41.76,-6.41,-41.4,1.4100000000000001,-11.56,-17.96,-4.720000000000001,80.72999999999999,29.86,-10.65,-43.010000000000005,22.71
2025-08-08T20:43:47.995031,62.0,-4.0,-39.0,12.0,26.0,22.0,71.0,-12.0,-8.0,-42.0,-17.0,-16.0,29.240000000000002,6.59,-44.4,36.41,23.44,28.04,60.28,-44.27,18.86,-43.65,-44.010000000000005,10.71
2025-08-08T20:43:48.002731,68.0,-76.0,-83.0,73.0,56.0,-33.0,36.0,55.0,-63.0,-2.0,35.0,16.0,35.24,-65.41,-88.4,97.41,53.44,-26.96,25.28,22.729999999999997,-36.14,-3.65,7.989999999999998,42.71
2025-08-08T20:43:48.008057,-8.0,32.0,-71.0,-6.0,9.0,-42.0,-40.0,60.0,-15.0,-28.0,27.0,-32.0,-40.76,42.59,-76.4,18.41,6.4399999999999995,-35.96,-50.72,27.729999999999997,11.86,-29.65,-0.010000000000001563,-5.289999999999999
2025-08-08T20:43:48.014827,22.0,63.0,31.0,6.0,18.0,-36.0,-28.0,15.0,-11.0,-24.0,101.0,4.0,-10.759999999999998,73.59,25.6,30.41,15.44,-29.96,-38.72,-17.270000000000003,15.86,-25.65,73.99,30.71
2025-08-08T20:43:48.020286,100.0,8.0,-13.0,2.0,91.0,50.0,-16.0,78.0,2.0,-41.0,8.0,-48.0,67.24000000000001,18.59,-18.4,26.41,88.44,56.04,-26.72,45.73,28.86,-42.65,-19.01,-21.29
2025-08-08T20:43:48.027206,43.0,-14.0,44.0,10.0,-22.0,-16.0,19.0,3.0,-39.0,-21.0,-2.0,-35.0,10.240000000000002,-3.41,38.6,34.41,-24.56,-9.96,8.28,-29.270000000000003,-12.14,-22.65,-29.01,-8.29
2025-08-08T20:43:48.032032,53.0,10.0,-13.0,-26.0,-1.0,-34.0,18.0,9.0,-34.0,61.0,18.0,-35.0,20.240000000000002,20.59,-18.4,-1.5899999999999999,-3.56,-27.96,7.279999999999999,-23.270000000000003,-7.140000000000001,59.35,-9.010000000000002,-8.29
2025-08-08T20:43:48.039551,74.0,-65.0,-51.0,-74.0,-35.0,-41.0,2.0,67.0,-24.0,-11.0,107.0,-85.0,41.24,-54.41,-56.4,-49.59,-37.56,-34.96,-8.72,34.73,2.8599999999999994,-12.65,79.99,-58.29
2025-08-08T20:43:48.044526,16.0,-8.0,39.0,-16.0,-57.0,-22.0,5.0,-7.0,-70.0,15.0,58.0,-11.0,-16.759999999999998,2.59,33.6,8.41,-59.56,-15.96,-5.720000000000001,-39.27,-43.14,13.35,30.99,15.71
2025-08-08T20:43:48.051674,68.0,-36.0,40.0,13.0,-13.0,42.0,43.0,42.0,-14.0,-17.0,-33.0,-24.0,35.24,-25.41,34.6,37.41,-15.56,48.04,32.28,9.729999999999997,12.86,-18.65,-60.010000000000005,2.710000000000001
2025-08-08T20:43:48.056525,17.0,-73.0,34.0,3.0,-25.0,40.0,-55.0,-3.0,-6.0,-8.0,7.0,22.0,-15.759999999999998,-62.41,28.6,27.41,-27.56,46.04,-65.72,-35.27,20.86,-9.65,-20.01,48.71
2025-08-08T20:43:48.061200,88.0,-16.0,-15.0,1.0,-14.0,-33.0,-29.0,-2.0,-46.0,-9.0,2.0,-4.0,55.24,-5.41,-20.4,25.41,-16.56,-26.96,-39.72,-34.27,-19.14,-10.65,-25.01,22.71
2025-08-08T20:43:48.068710,73.0,-22.0,-1.0,25.0,-43.0,0.0,23.0,-16.0,-17.0,-24.0,25.0,11.0,40.24,-11.41,-6.4,49.41,-45.56,6.04,12.28,-48.27,9.86,-25.65,-2.0100000000000016,37.71
2025-08-08T20:43:48.072748,-44.0,20.0,34.0,-19.0,44.0,2.0,23.0,67.0,11.0,-38.0,-5.0,-12.0,-76.75999999999999,30.59,28.6,5.41,41.44,8.04,12.28,34.73,37.86,-39.65,-32.010000000000005,14.71
2025-08-08T20:43:48.081069,7.0,-40.0,-7.0,-54.0,99.0,-11.0,20.0,65.0,-33.0,-21.0,52.0,-57.0,-25.759999999999998,-29.41,-12.4,-29.59,96.44,-4.96,9.28,32.73,-6.140000000000001,-22.65,24.99,-30.29
2025-08-08T20:43:48.085255,13.0,-44.0,-22.0,5.0,-44.0,-38.0,31.0,-19.0,-50.0,15.0,44.0,-55.0,-19.759999999999998,-33.41,-27.4,29.41,-46.56,-31.96,20.28,-51.27,-23.14,13.35,16.99,-28.29
2025-08-08T20:43:48.093487,94.0,-15.0,-39.0,0.0,20.0,-10.0,60.0,32.0,-107.0,82.0,38.0,2.0,61.24,-4.41,-44.4,24.41,17.44,-3.96,49.28,-0.2700000000000031,-80.14,80.35,10.989999999999998,28.71
2025-08-08T20:43:48.097664,-5.0,55.0,-35.0,35.0,-25.0,-9.0,12.0,59.0,-47.0,12.0,2.0,-54.0,-37.76,65.59,-40.4,59.41,-27.56,-2.96,1.2799999999999994,26.729999999999997,-20.14,10.35,-25.01,-27.29
2025-08-08T20:43:48.105766,51.0,-11.0,-25.0,-85.0,34.0,2.0,23.0,47.0,-1.0,-58.0,-18.0,29.0,18.240000000000002,-0.41000000000000014,-30.4,-60.59,31.44,8.04,12.28,14.729999999999997,25.86,-59.65,-45.010000000000005,55.71
2025-08-08T20:43:48.111128,14.0,19.0,-56.0,-33.0,12.0,-18.0,-27.0,-7.0,-65.0,-16.0,-28.0,-30.0,-18.759999999999998,29.59,-61.4,-8.59,9.44,-11.96,-37.72,-39.27,-38.14,-17.65,-55.010000000000005,-3.289999999999999
2025-08-08T20:43:48.117927,34.0,-8.0,-3.0,-71.0,-92.0,-57.0,-5.0,-15.0,-63.0,-103.0,47.0,-21.0,1.240000000000002,2.59,-8.4,-46.59,-94.56,-50.96,-15.72,-47.27,-36.14,-104.65,19.99,5.710000000000001
2025-08-08T20:43:48.122416,-22.0,18.0,-48.0,-21.0,-74.0,6.0,-32.0,37.0,-41.0,56.0,10.0,-30.0,-54.76,28.59,-53.4,3.41,-76.56,12.04,-42.72,4.729999999999997,-14.14,54.35,-17.01,-3.289999999999999
2025-08-08T20:43:48.129604,49.0,37.0,14.0,7.0,25.0,-49.0,-27.0,1.0,0.0,18.0,38.0,8.0,16.240000000000002,47.59,8.6,31.41,22.44,-42.96,-37.72,-31.270000000000003,26.86,16.35,10.989999999999998,34.71
2025-08-08T20:43:48.134374,84.0,6.0,-21.0,-14.0,0.0,88.0,-24.0,172.0,-2.0,-22.0,36.0,13.0,51.24,16.59,-26.4,10.41,-2.56,94.04,-34.72,139.73,24.86,-23.65,8.989999999999998,39.71
2025-08-08T20:43:48.142453,-1.0,-25.0,-75.0,-38.0,-71.0,12.0,-76.0,19.0,36.0,-2.0,61.0,24.0,-33.76,-14.41,-80.4,-13.59,-73.56,18.04,-86.72,-13.270000000000003,62.86,-3.65,33.989999999999995,50.71
2025-08-08T20:43:48.146803,57.0,-17.0,-5.0,-35.0,64.0,-61.0,-51.0,32.0,45.0,-19.0,60.0,4.0,24.240000000000002,-6.41,-10.4,-10.59,61.44,-54.96,-61.72,-0.2700000000000031,71.86,-20.65,32.989999999999995,30.71
2025-08-08T20:43:48.154280,1.0,43.0,11.0,-17.0,-16.0,48.0,-9.0,45.0,-34.0,-75.0,-5.0,-49.0,-31.759999999999998,53.59,5.6,7.41,-18.56,54.04,-19.72,12.729999999999997,-7.140000000000001,-76.65,-32.010000000000005,-22.29
2025-08-08T20:43:48.159219,84.0,38.0,27.0,-41.0,-19.0,1.0,-43.0,-8.0,-31.0,-14.0,30.0,26.0,51.24,48.59,21.6,-16.59,-21.56,7.04,-53.72,-40.27,-4.140000000000001,-15.65,2.9899999999999984,52.71
2025-08-08T20:43:48.166758,83.0,20.0,-18.0,50.0,-7.0,-3.0,-111.0,34.0,-56.0,-46.0,2.0,-101.0,50.24,30.59,-23.4,74.41,-9.56,3.04,-121.72,1.7299999999999969,-29.14,-47.65,-25.01,-74.28999999999999
2025-08-08T20:43:48.171279,18.0,-15.0,-16.0,-41.0,34.0,-13.0,51.0,54.0,-95.0,5.0,22.0,-68.0,-14.759999999999998,-4.41,-21.4,-16.59,31.44,-6.96,40.28,21.729999999999997,-68.14,3.35,-5.010000000000002,-41.29
2025-08-08T20:43:48.178640,81.0,38.0,16.0,35.0,-5.0,20.0,-29.0,70.0,-97.0,19.0,59.0,-8.0,48.24,48.59,10.6,59.41,-7.5600000000000005,26.04,-39.72,37.73,-70.14,17.35,31.99,18.71
2025-08-08T20:43:48.183401,64.0,-16.0,13.0,-41.0,52.0,-37.0,37.0,109.0,-12.0,17.0,8.0,-103.0,31.240000000000002,-5.41,7.6,-16.59,49.44,-30.96,26.28,76.72999999999999,14.86,15.35,-19.01,-76.28999999999999
2025-08-08T20:43:48.191017,28.0,-1.0,-66.0,-6.0,26.0,13.0,66.0,-23.0,-60.0,0.0,68.0,-54.0,-4.759999999999998,9.59,-71.4,18.41,23.44,19.04,55.28,-55.27,-33.14,-1.65,40.989999999999995,-27.29
2025-08-08T20:43:48.195840,86.0,-63.0,21.0,48.0,5.0,-10.0,42.0,4.0,-80.0,44.0,17.0,-30.0,53.24,-52.41,15.6,72.41,2.44,-3.96,31.28,-28.270000000000003,-53.14,42.35,-10.010000000000002,-3.289999999999999
2025-08-08T20:43:48.203260,85.0,-29.0,-32.0,40.0,4.0,-18.0,-23.0,97.0,-74.0,-73.0,46.0,-28.0,52.24,-18.41,-37.4,64.41,1.44,-11.96,-33.72,64.72999999999999,-47.14,-74.65,18.99,-1.2899999999999991
2025-08-08T20:43:48.208316,55.0,-74.0,-19.0,-53.0,5.0,-23.0,6.0,1.0,-46.0,27.0,-32.0,-52.0,22.240000000000002,-63.41,-24.4,-28.59,2.44,-16.96,-4.720000000000001,-31.270000000000003,-19.14,25.35,-59.010000000000005,-25.29
2025-08-08T20:43:48.215646,131.0,-13.0,-70.0,5.0,-19.0,0.0,20.0,-18.0,-48.0,1.0,-12.0,-55.0,98.24000000000001,-2.41,-75.4,29.41,-21.56,6.04,9.28,-50.27,-21.14,-0.6499999999999999,-39.010000000000005,-28.29
2025-08-08T20:43:48.220340,51.0,-35.0,-50.0,26.0,38.0,-20.0,-36.0,27.0,-51.0,35.0,32.0,-43.0,18.240000000000002,-24.41,-55.4,50.41,35.44,-13.96,-46.72,-5.270000000000003,-24.14,33.35,4.989999999999998,-16.29
2025-08-08T20:43:48.228245,48.0,-19.0,21.0,-31.0,12.0,-45.0,33.0,43.0,-21.0,-19.0,15.0,-57.0,15.240000000000002,-8.41,15.6,-6.59,9.44,-38.96,22.28,10.729999999999997,5.859999999999999,-20.65,-12.010000000000002,-30.29
2025-08-08T20:43:48.233236,85.0,-27.0,-30.0,-43.0,-32.0,-6.0,-25.0,50.0,-57.0,37.0,27.0,-5.0,52.24,-16.41,-35.4,-18.59,-34.56,0.040000000000000036,-35.72,17.729999999999997,-30.14,35.35,-0.010000000000001563,21.71
2025-08-08T20:43:48.240252,22.0,33.0,-8.0,-14.0,-79.0,-1.0,-85.0,64.0,-7.0,39.0,-16.0,-51.0,-10.759999999999998,43.59,-13.4,10.41,-81.56,5.04,-95.72,31.729999999999997,19.86,37.35,-43.010000000000005,-24.29
2025-08-08T20:43:48.244830,1.0,-24.0,5.0,-61.0,28.0,-32.0,-11.0,82.0,-13.0,58.0,12.0,-37.0,-31.759999999999998,-13.41,-0.40000000000000036,-36.59,25.44,-25.96,-21.72,49.73,13.86,56.35,-15.010000000000002,-10.29
2025-08-08T20:43:48.249065,96.0,3.0,-5.0,-26.0,-11.0,18.0,-18.0,76.0,-50.0,-38.0,43.0,14.0,63.24,13.59,-10.4,-1.5899999999999999,-13.56,24.04,-28.72,43.73,-23.14,-39.65,15.989999999999998,40.71
2025-08-08T20:43:48.256654,-5.0,-2.0,29.0,20.0,49.0,8.0,77.0,57.0,-111.0,-44.0,27.0,-61.0,-37.76,8.59,23.6,44.41,46.44,14.04,66.28,24.729999999999997,-84.14,-45.65,-0.010000000000001563,-34.29
2025-08-08T20:43:48.261517,3.0,-26.0,-21.0,11.0,40.0,44.0,79.0,63.0,-26.0,-27.0,27.0,-37.0,-29.759999999999998,-15.41,-26.4,35.41,37.44,50.04,68.28,30.729999999999997,0.8599999999999994,-28.65,-0.010000000000001563,-10.29
2025-08-08T20:43:48.269202,2.0,2.0,-82.0,-23.0,74.0,-31.0,7.0,-21.0,-74.0,7.0,151.0,-78.0,-30.759999999999998,12.59,-87.4,1.4100000000000001,71.44,-24.96,-3.7200000000000006,-53.27,-47.14,5.35,123.99,-51.29
2025-08-08T20:43:48.273943,23.0,26.0,9.0,-9.0,35.0,5.0,66.0,30.0,-107.0,42.0,37.0,-52.0,-9.759999999999998,36.59,3.5999999999999996,15.41,32.44,11.04,55.28,-2.270000000000003,-80.14,40.35,9.989999999999998,-25.29
2025-08-08T20:43:48.281466,39.0,28.0,3.0,-92.0,-43.0,-10.0,25.0,-29.0,-53.0,57.0,12.0,-96.0,6.240000000000002,38.59,-2.4000000000000004,-67.59,-45.56,-3.96,14.28,-61.27,-26.14,55.35,-15.010000000000002,-69.28999999999999
2025-08-08T20:43:48.286003,78.0,41.0,-75.0,-30.0,-3.0,-58.0,-47.0,47.0,-97.0,4.0,59.0,-27.0,45.24,51.59,-80.4,-5.59,-5.5600000000000005,-51.96,-57.72,14.729999999999997,-70.14,2.35,31.99,-0.28999999999999915
2025-08-08T20:43:48.293703,24.0,41.0,-12.0,24.0,2.0,-23.0,40.0,19.0,-102.0,7.0,87.0,28.0,-8.759999999999998,51.59,-17.4,48.41,-0.56,-16.96,29.28,-13.270000000000003,-75.14,5.35,59.989999999999995,54.71
2025-08-08T20:43:48.298565,15.0,-1.0,23.0,-4.0,-21.0,-30.0,-26.0,22.0,-86.0,-4.0,129.0,-67.0,-17.759999999999998,9.59,17.6,20.41,-23.56,-23.96,-36.72,-10.270000000000003,-59.14,-5.65,101.99,-40.29
2025-08-08T20:43:48.306106,25.0,6.0,-85.0,-37.0,-21.0,-62.0,17.0,23.0,-57.0,-46.0,33.0,-55.0,-7.759999999999998,16.59,-90.4,-12.59,-23.56,-55.96,6.279999999999999,-9.270000000000003,-30.14,-47.65,5.989999999999998,-28.29
2025-08-08T20:43:48.311442,-30.0,-17.0,5.0,-27.0,-7.0,-31.0,30.0,-23.0,-39.0,32.0,-28.0,-49.0,-62.76,-6.41,-0.40000000000000036,-2.59,-9.56,-24.96,19.28,-55.27,-12.14,30.35,-55.010000000000005,-22.29
2025-08-08T20:43:48.318170,42.0,79.0,-33.0,-49.0,-43.0,-78.0,-78.0,40.0,-12.0,-32.0,78.0,-47.0,9.240000000000002,89.59,-38.4,-24.59,-45.56,-71.96,-88.72,7.729999999999997,14.86,-33.65,50.989999999999995,-20.29
2025-08-08T20:43:48.323135,51.0,-20.0,-20.0,-32.0,-10.0,-22.0,-53.0,33.0,-20.0,31.0,-7.0,-39.0,18.240000000000002,-9.41,-25.4,-7.59,-12.56,-15.96,-63.72,0.7299999999999969,6.859999999999999,29.35,-34.010000000000005,-12.29
2025-08-08T20:43:48.330811,100.0,-1.0,13.0,-65.0,-9.0,8.0,5.0,84.0,35.0,-34.0,60.0,-78.0,67.24000000000001,9.59,7.6,-40.59,-11.56,14.04,-5.720000000000001,51.73,61.86,-35.65,32.989999999999995,-51.29
2025-08-08T20:43:48.335427,78.0,-21.0,-12.0,-7.0,28.0,-49.0,-49.0,92.0,-18.0,-18.0,-36.0,4.0,45.24,-10.41,-17.4,17.41,25.44,-42.96,-59.72,59.73,8.86,-19.65,-63.010000000000005,30.71
2025-08-08T20:43:48.343114,72.0,-11.0,64.0,-31.0,37.0,-11.0,-5.0,55.0,-38.0,-6.0,91.0,-62.0,39.24,-0.41000000000000014,58.6,-6.59,34.44,-4.96,-15.72,22.729999999999997,-11.14,-7.65,63.989999999999995,-35.29
2025-08-08T20:43:48.347358,-1.0,13.0,35.0,-115.0,10.0,-69.0,35.0,12.0,-79.0,38.0,2.0,-41.0,-33.76,23.59,29.6,-90.59,7.4399999999999995,-62.96,24.28,-20.270000000000003,-52.14,36.35,-25.01,-14.29
2025-08-08T20:43:48.355008,18.0,-49.0,26.0,-44.0,-52.0,-10.0,-27.0,79.0,-65.0,-1.0,31.0,-9.0,-14.759999999999998,-38.41,20.6,-19.59,-54.56,-3.96,-37.72,46.73,-38.14,-2.65,3.9899999999999984,17.71
2025-08-08T20:43:48.360024,-19.0,24.0,-45.0,-16.0,13.0,-74.0,-1.0,10.0,-39.0,-39.0,2.0,3.0,-51.76,34.59,-50.4,8.41,10.44,-67.96,-11.72,-22.270000000000003,-12.14,-40.65,-25.01,29.71
2025-08-08T20:43:48.367318,-23.0,-98.0,53.0,-45.0,59.0,-38.0,34.0,49.0,9.0,19.0,58.0,-13.0,-55.76,-87.41,47.6,-20.59,56.44,-31.96,23.28,16.729999999999997,35.86,17.35,30.99,13.71
2025-08-08T20:43:48.372814,51.0,25.0,-5.0,-23.0,11.0,-75.0,52.0,80.0,-45.0,54.0,104.0,-20.0,18.240000000000002,35.59,-10.4,1.4100000000000001,8.44,-68.96,41.28,47.73,-18.14,52.35,76.99,6.710000000000001
2025-08-08T20:43:48.379507,53.0,15.0,-13.0,-81.0,0.0,-50.0,7.0,0.0,-77.0,-19.0,82.0,-33.0,20.240000000000002,25.59,-18.4,-56.59,-2.56,-43.96,-3.7200000000000006,-32.27,-50.14,-20.65,54.989999999999995,-6.289999999999999
2025-08-08T20:43:48.384887,24.0,-20.0,-47.0,-70.0,7.0,-30.0,23.0,-4.0,-121.0,5.0,15.0,-34.0,-8.759999999999998,-9.41,-52.4,-45.59,4.4399999999999995,-23.96,12.28,-36.27,-94.14,3.35,-12.010000000000002,-7.289999999999999
2025-08-08T20:43:48.391716,14.0,25.0,-14.0,1.0,34.0,-46.0,15.0,-26.0,-50.0,3.0,37.0,-104.0,-18.759999999999998,35.59,-19.4,25.41,31.44,-39.96,4.279999999999999,-58.27,-23.14,1.35,9.989999999999998,-77.28999999999999
2025-08-08T20:43:48.397098,-1.0,15.0,-102.0,-35.0,52.0,-26.0,62.0,1.0,-24.0,-57.0,59.0,-66.0,-33.76,25.59,-107.4,-10.59,49.44,-19.96,51.28,-31.270000000000003,2.8599999999999994,-58.65,31.99,-39.29
2025-08-08T20:43:48.404182,26.0,-23.0,-65.0,-39.0,28.0,-88.0,37.0,51.0,-31.0,-42.0,1.0,-54.0,-6.759999999999998,-12.41,-70.4,-14.59,25.44,-81.96,26.28,18.729999999999997,-4.140000000000001,-43.65,-26.01,-27.29
2025-08-08T20:43:48.409057,94.0,48.0,-53.0,-53.0,14.0,-22.0,23.0,0.0,-105.0,-20.0,-5.0,-31.0,61.24,58.59,-58.4,-28.59,11.44,-15.96,12.28,-32.27,-78.14,-21.65,-32.010000000000005,-4.289999999999999
2025-08-08T20:43:48.413110,5.0,66.0,-58.0,-42.0,2.0,3.0,27.0,35.0,-74.0,31.0,11.0,-47.0,-27.759999999999998,76.59,-63.4,-17.59,-0.56,9.04,16.28,2.729999999999997,-47.14,29.35,-16.01,-20.29
2025-08-08T20:43:48.421108,82.0,-17.0,5.0,-6.0,83.0,-99.0,29.0,14.0,-13.0,12.0,-6.0,-18.0,49.24,-6.41,-0.40000000000000036,18.41,80.44,-92.96,18.28,-18.270000000000003,13.86,10.35,-33.010000000000005,8.71
2025-08-08T20:43:48.425554,41.0,-20.0,-71.0,0.0,-28.0,-45.0,14.0,27.0,-48.0,-37.0,5.0,-19.0,8.240000000000002,-9.41,-76.4,24.41,-30.56,-38.96,3.2799999999999994,-5.270000000000003,-21.14,-38.65,-22.01,7.710000000000001
2025-08-08T20:43:48.433349,-8.0,29.0,5.0,-93.0,-5.0,-89.0,37.0,-20.0,-48.0,-40.0,-29.0,-4.0,-40.76,39.59,-0.40000000000000036,-68.59,-7.5600000000000005,-82.96,26.28,-52.27,-21.14,-41.65,-56.010000000000005,22.71
2025-08-08T20:43:48.437636,5.0,52.0,-15.0,-39.0,-32.0,-64.0,-39.0,-72.0,-7.0,27.0,38.0,-15.0,-27.759999999999998,62.59,-20.4,-14.59,-34.56,-57.96,-49.72,-104.27000000000001,19.86,25.35,10.989999999999998,11.71
2025-08-08T20:43:48.445087,60.0,-13.0,-22.0,48.0,40.0,-33.0,18.0,58.0,-8.0,37.0,5.0,-57.0,27.240000000000002,-2.41,-27.4,72.41,37.44,-26.96,7.279999999999999,25.729999999999997,18.86,35.35,-22.01,-30.29
2025-08-08T20:43:48.450156,25.0,-45.0,-53.0,-21.0,17.0,-20.0,-27.0,-16.0,-89.0,-81.0,7.0,-45.0,-7.759999999999998,-34.41,-58.4,3.41,14.44,-13.96,-37.72,-48.27,-62.14,-82.65,-20.01,-18.29
2025-08-08T20:43:48.457328,88.0,11.0,-5.0,23.0,-63.0,-36.0,-29.0,38.0,-40.0,8.0,104.0,-18.0,55.24,21.59,-10.4,47.41,-65.56,-29.96,-39.72,5.729999999999997,-13.14,6.35,76.99,8.71
2025-08-08T20:43:48.462122,47.0,41.0,-6.0,86.0,-52.0,-10.0,18.0,79.0,-45.0,-64.0,29.0,-43.0,14.240000000000002,51.59,-11.4,110.41,-54.56,-3.96,7.279999999999999,46.73,-18.14,-65.65,1.9899999999999984,-16.29
2025-08-08T20:43:48.470141,111.0,0.0,-8.0,12.0,15.0,-83.0,11.0,53.0,-107.0,-32.0,38.0,-50.0,78.24000000000001,10.59,-13.4,36.41,12.44,-76.96,0.27999999999999936,20.729999999999997,-80.14,-33.65,10.989999999999998,-23.29
2025-08-08T20:43:48.474503,8.0,74.0,-80.0,-7.0,44.0,-47.0,7.0,6.0,-109.0,1.0,42.0,-84.0,-24.759999999999998,84.59,-85.4,17.41,41.44,-40.96,-3.7200000000000006,-26.270000000000003,-82.14,-0.6499999999999999,14.989999999999998,-57.29
2025-08-08T20:43:48.482146,82.0,-7.0,15.0,19.0,64.0,-31.0,-14.0,14.0,-130.0,11.0,13.0,-101.0,49.24,3.59,9.6,43.41,61.44,-24.96,-24.72,-18.270000000000003,-103.14,9.35,-14.010000000000002,-74.28999999999999
2025-08-08T20:43:48.487131,11.0,51.0,-26.0,32.0,-16.0,-99.0,76.0,87.0,-36.0,-25.0,99.0,-30.0,-21.759999999999998,61.59,-31.4,56.41,-18.56,-92.96,65.28,54.73,-9.14,-26.65,71.99,-3.289999999999999
2025-08-08T20:43:48.494587,-32.0,71.0,-59.0,-19.0,-13.0,-53.0,-66.0,-31.0,-46.0,-42.0,0.0,-17.0,-64.75999999999999,81.59,-64.4,5.41,-15.56,-46.96,-76.72,-63.27,-19.14,-43.65,-27.01,9.71
2025-08-08T20:43:48.499773,36.0,78.0,-20.0,49.0,-11.0,-35.0,-13.0,51.0,-48.0,-8.0,48.0,-72.0,3.240000000000002,88.59,-25.4,73.41,-13.56,-28.96,-23.72,18.729999999999997,-21.14,-9.65,20.99,-45.29
2025-08-08T20:43:48.506764,100.0,30.0,-13.0,-60.0,50.0,-71.0,-53.0,-23.0,-66.0,-82.0,104.0,-79.0,67.24000000000001,40.59,-18.4,-35.59,47.44,-64.96,-63.72,-55.27,-39.14,-83.65,76.99,-52.29
2025-08-08T20:43:48.511782,89.0,9.0,-69.0,-56.0,-13.0,-41.0,-15.0,42.0,-125.0,-21.0,85.0,-86.0,56.24,19.59,-74.4,-31.59,-15.56,-34.96,-25.72,9.729999999999997,-98.14,-22.65,57.989999999999995,-59.29
2025-08-08T20:43:48.518895,12.0,14.0,18.0,-45.0,-28.0,-120.0,55.0,-14.0,-101.0,13.0,104.0,-40.0,-20.759999999999998,24.59,12.6,-20.59,-30.56,-113.96,44.28,-46.27,-74.14,11.35,76.99,-13.29
2025-08-08T20:43:48.523688,41.0,-30.0,-46.0,-35.0,52.0,-45.0,32.0,-38.0,-31.0,7.0,6.0,-72.0,8.240000000000002,-19.41,-51.4,-10.59,49.44,-38.96,21.28,-70.27000000000001,-4.140000000000001,5.35,-21.01,-45.29
2025-08-08T20:43:48.531209,14.0,-21.0,5.0,52.0,90.0,-35.0,-12.0,-20.0,-42.0,-3.0,41.0,-105.0,-18.759999999999998,-10.41,-0.40000000000000036,76.41,87.44,-28.96,-22.72,-52.27,-15.14,-4.65,13.989999999999998,-78.28999999999999
2025-08-08T20:43:48.536040,10.0,-6.0,-41.0,25.0,1.0,-6.0,-31.0,17.0,-93.0,35.0,15.0,-33.0,-22.759999999999998,4.59,-46.4,49.41,-1.56,0.040000000000000036,-41.72,-15.270000000000003,-66.14,33.35,-12.010000000000002,-6.289999999999999
2025-08-08T20:43:48.543296,18.0,-37.0,-6.0,-18.0,-23.0,-25.0,-17.0,30.0,-61.0,-87.0,57.0,13.0,-14.759999999999998,-26.41,-11.4,6.41,-25.56,-18.96,-27.72,-2.270000000000003,-34.14,-88.65,29.99,39.71
2025-08-08T20:43:48.548962,-37.0,-11.0,12.0,28.0,12.0,-38.0,-39.0,-6.0,-83.0,54.0,77.0,-39.0,-69.75999999999999,-0.41000000000000014,6.6,52.41,9.44,-31.96,-49.72,-38.27,-56.14,52.35,49.989999999999995,-12.29
2025-08-08T20:43:48.555589,10.0,-36.0,-24.0,3.0,5.0,-84.0,-19.0,-22.0,-7.0,-20.0,113.0,-6.0,-22.759999999999998,-25.41,-29.4,27.41,2.44,-77.96,-29.72,-54.27,19.86,-21.65,85.99,20.71
2025-08-08T20:43:48.560501,3.0,11.0,15.0,-25.0,11.0,9.0,16.0,85.0,-94.0,-51.0,67.0,-65.0,-29.759999999999998,21.59,9.6,-0.5899999999999999,8.44,15.04,5.279999999999999,52.73,-67.14,-52.65,39.989999999999995,-38.29
2025-08-08T20:43:48.568422,44.0,-33.0,-93.0,14.0,-27.0,-36.0,58.0,46.0,-31.0,-16.0,124.0,-53.0,11.240000000000002,-22.41,-98.4,38.41,-29.56,-29.96,47.28,13.729999999999997,-4.140000000000001,-17.65,96.99,-26.29
2025-08-08T20:43:48.573444,-36.0,1.0,3.0,14.0,38.0,-31.0,16.0,51.0,-83.0,-61.0,5.0,-6.0,-68.75999999999999,11.59,-2.4000000000000004,38.41,35.44,-24.96,5.279999999999999,18.729999999999997,-56.14,-62.65,-22.01,20.71
2025-08-08T20:43:48.580148,59.0,17.0,-87.0,-21.0,-7.0,-102.0,24.0,6.0,-87.0,-48.0,24.0,-89.0,26.240000000000002,27.59,-92.4,3.41,-9.56,-95.96,13.28,-26.270000000000003,-60.14,-49.65,-3.0100000000000016,-62.29
2025-08-08T20:43:48.585771,28.0,32.0,4.0,-130.0,39.0,-87.0,-25.0,41.0,-80.0,-88.0,68.0,-59.0,-4.759999999999998,42.59,-1.4000000000000004,-105.59,36.44,-80.96,-35.72,8.729999999999997,-53.14,-89.65,40.989999999999995,-32.29
2025-08-08T20:43:48.592369,109.0,50.0,-79.0,-40.0,-36.0,-95.0,0.0,-2.0,3.0,-32.0,81.0,-61.0,76.24000000000001,60.59,-84.4,-15.59,-38.56,-88.96,-10.72,-34.27,29.86,-33.65,53.989999999999995,-34.29
2025-08-08T20:43:48.597722,-1.0,62.0,-86.0,-29.0,-14.0,-78.0,59.0,14.0,-38.0,43.0,-25.0,-75.0,-33.76,72.59,-91.4,-4.59,-16.56,-71.96,48.28,-18.270000000000003,-11.14,41.35,-52.010000000000005,-48.29
2025-08-08T20:43:48.605110,28.0,37.0,-82.0,10.0,-49.0,-10.0,-37.0,7.0,-76.0,-9.0,60.0,-67.0,-4.759999999999998,47.59,-87.4,34.41,-51.56,-3.96,-47.72,-25.270000000000003,-49.14,-10.65,32.989999999999995,-40.29
2025-08-08T20:43:48.609561,45.0,5.0,-174.0,-61.0,-43.0,-18.0,-15.0,56.0,-74.0,30.0,32.0,-96.0,12.240000000000002,15.59,-179.4,-36.59,-45.56,-11.96,-25.72,23.729999999999997,-47.14,28.35,4.989999999999998,-69.28999999999999
2025-08-08T20:43:48.617035,70.0,11.0,-130.0,16.0,41.0,-97.0,-51.0,39.0,-23.0,21.0,41.0,-69.0,37.24,21.59,-135.4,40.41,38.44,-90.96,-61.72,6.729999999999997,3.8599999999999994,19.35,13.989999999999998,-42.29
2025-08-08T20:43:48.622236,74.0,-48.0,-60.0,-27.0,-23.0,-70.0,11.0,126.0,-79.0,-34.0,20.0,-64.0,41.24,-37.41,-65.4,-2.59,-25.56,-63.96,0.27999999999999936,93.72999999999999,-52.14,-35.65,-7.010000000000002,-37.29
2025-08-08T20:43:48.629207,118.0,-3.0,-68.0,-32.0,39.0,-47.0,8.0,64.0,-158.0,10.0,38.0,-30.0,85.24000000000001,7.59,-73.4,-7.59,36.44,-40.96,-2.7200000000000006,31.729999999999997,-131.14,8.35,10.989999999999998,-3.289999999999999
2025-08-08T20:43:48.633718,95.0,2.0,-113.0,-69.0,-9.0,-9.0,4.0,24.0,-116.0,4.0,50.0,9.0,62.24,12.59,-118.4,-44.59,-11.56,-2.96,-6.720000000000001,-8.270000000000003,-89.14,2.35,22.99,35.71
2025-08-08T20:43:48.641509,7.0,-33.0,8.0,-25.0,-13.0,-51.0,19.0,-25.0,-92.0,-23.0,27.0,-84.0,-25.759999999999998,-22.41,2.5999999999999996,-0.5899999999999999,-15.56,-44.96,8.28,-57.27,-65.14,-24.65,-0.010000000000001563,-57.29
2025-08-08T20:43:48.646016,-21.0,-11.0,-50.0,-15.0,21.0,-77.0,-37.0,6.0,-127.0,-22.0,54.0,-43.0,-53.76,-0.41000000000000014,-55.4,9.41,18.44,-70.96,-47.72,-26.270000000000003,-100.14,-23.65,26.99,-16.29
2025-08-08T20:43:48.654044,-21.0,8.0,-13.0,13.0,-21.0,-46.0,27.0,-39.0,-85.0,-16.0,111.0,-71.0,-53.76,18.59,-18.4,37.41,-23.56,-39.96,16.28,-71.27000000000001,-58.14,-17.65,83.99,-44.29
2025-08-08T20:43:48.659146,51.0,-8.0,-17.0,-57.0,-59.0,-62.0,23.0,-58.0,-130.0,-23.0,47.0,-68.0,18.240000000000002,2.59,-22.4,-32.59,-61.56,-55.96,12.28,-90.27000000000001,-103.14,-24.65,19.99,-41.29
2025-08-08T20:43:48.666308,74.0,-17.0,-121.0,-74.0,-46.0,-26.0,-10.0,26.0,-25.0,-48.0,53.0,-125.0,41.24,-6.41,-126.4,-49.59,-48.56,-19.96,-20.72,-6.270000000000003,1.8599999999999994,-49.65,25.99,-98.28999999999999
2025-08-08T20:43:48.671003,123.0,-113.0,-42.0,-16.0,-14.0,-24.0,-32.0,64.0,-113.0,-33.0,56.0,-90.0,90.24000000000001,-102.41,-47.4,8.41,-16.56,-17.96,-42.72,31.729999999999997,-86.14,-34.65,28.99,-63.29
2025-08-08T20:43:48.678395,17.0,6.0,-7.0,-10.0,8.0,-65.0,-25.0,43.0,-82.0,14.0,36.0,-166.0,-15.759999999999998,16.59,-12.4,14.41,5.4399999999999995,-58.96,-35.72,10.729999999999997,-55.14,12.35,8.989999999999998,-139.29
2025-08-08T20:43:48.682881,47.0,62.0,-23.0,14.0,11.0,-96.0,54.0,46.0,-133.0,-71.0,19.0,-70.0,14.240000000000002,72.59,-28.4,38.41,8.44,-89.96,43.28,13.729999999999997,-106.14,-72.65,-8.010000000000002,-43.29
2025-08-08T20:43:48.690620,2.0,1.0,15.0,-17.0,14.0,-48.0,-10.0,-61.0,-115.0,-90.0,54.0,-30.0,-30.759999999999998,11.59,9.6,7.41,11.44,-41.96,-20.72,-93.27000000000001,-88.14,-91.65,26.99,-3.289999999999999
2025-08-08T20:43:48.695285,27.0,-50.0,-41.0,-8.0,-70.0,-59.0,-9.0,19.0,-70.0,-13.0,64.0,-137.0,-5.759999999999998,-39.41,-46.4,16.41,-72.56,-52.96,-19.72,-13.270000000000003,-43.14,-14.65,36.989999999999995,-110.28999999999999
2025-08-08T20:43:48.702922,8.0,-35.0,-76.0,66.0,35.0,-69.0,31.0,-3.0,-45.0,-18.0,-37.0,-53.0,-24.759999999999998,-24.41,-81.4,90.41,32.44,-62.96,20.28,-35.27,-18.14,-19.65,-64.01,-26.29
2025-08-08T20:43:48.707830,20.0,-103.0,-64.0,-38.0,8.0,-54.0,-72.0,8.0,-99.0,-67.0,45.0,-147.0,-12.759999999999998,-92.41,-69.4,-13.59,5.4399999999999995,-47.96,-82.72,-24.270000000000003,-72.14,-68.65,17.99,-120.28999999999999
2025-08-08T20:43:48.712544,96.0,49.0,-72.0,11.0,32.0,-53.0,-56.0,15.0,-75.0,16.0,58.0,-92.0,63.24,59.59,-77.4,35.41,29.44,-46.96,-66.72,-17.270000000000003,-48.14,14.35,30.99,-65.28999999999999
2025-08-08T20:43:48.720393,33.0,29.0,-119.0,15.0,11.0,-36.0,-6.0,80.0,-126.0,-59.0,-3.0,-63.0,0.240000000000002,39.59,-124.4,39.41,8.44,-29.96,-16.72,47.73,-99.14,-60.65,-30.01,-36.29
2025-08-08T20:43:48.727472,77.0,79.0,-111.0,-5.0,-70.0,-77.0,17.0,36.0,-136.0,-48.0,15.0,-83.0,44.24,89.59,-116.4,19.41,-72.56,-70.96,6.279999999999999,3.729999999999997,-109.14,-49.65,-12.010000000000002,-56.29
2025-08-08T20:43:48.732108,101.0,35.0,-111.0,-16.0,6.0,-57.0,-1.0,-32.0,-96.0,3.0,46.0,-100.0,68.24000000000001,45.59,-116.4,8.41,3.44,-50.96,-11.72,-64.27000000000001,-69.14,1.35,18.99,-73.28999999999999
2025-08-08T20:43:48.739774,47.0,-15.0,-44.0,16.0,-55.0,-99.0,3.0,57.0,-114.0,-38.0,96.0,-100.0,14.240000000000002,-4.41,-49.4,40.41,-57.56,-92.96,-7.720000000000001,24.729999999999997,-87.14,-39.65,68.99,-73.28999999999999
2025-08-08T20:43:48.744501,71.0,-12.0,2.0,-41.0,-1.0,-99.0,63.0,-32.0,-84.0,-70.0,67.0,-121.0,38.24,-1.4100000000000001,-3.4000000000000004,-16.59,-3.56,-92.96,52.28,-64.27000000000001,-57.14,-71.65,39.989999999999995,-94.28999999999999
2025-08-08T20:43:48.752172,86.0,-15.0,-7.0,-35.0,-24.0,-94.0,-123.0,51.0,-121.0,32.0,18.0,-155.0,53.24,-4.41,-12.4,-10.59,-26.56,-87.96,-133.72,18.729999999999997,-94.14,30.35,-9.010000000000002,-128.29
2025-08-08T20:43:48.757218,105.0,30.0,-2.0,-26.0,-15.0,-112.0,-23.0,-14.0,-131.0,-43.0,40.0,-66.0,72.24000000000001,40.59,-7.4,-1.5899999999999999,-17.56,-105.96,-33.72,-46.27,-104.14,-44.65,12.989999999999998,-39.29
2025-08-08T20:43:48.764395,60.0,31.0,-92.0,31.0,-9.0,-70.0,-5.0,98.0,-97.0,-97.0,27.0,-62.0,27.240000000000002,41.59,-97.4,55.41,-11.56,-63.96,-15.72,65.72999999999999,-70.14,-98.65,-0.010000000000001563,-35.29
2025-08-08T20:43:48.770137,-9.0,18.0,-131.0,-33.0,-34.0,-116.0,33.0,64.0,-129.0,-58.0,-12.0,-68.0,-41.76,28.59,-136.4,-8.59,-36.56,-109.96,22.28,31.729999999999997,-102.14,-59.65,-39.010000000000005,-41.29
2025-08-08T20:43:48.776843,23.0,-31.0,-117.0,10.0,-16.0,-96.0,9.0,-71.0,-115.0,-15.0,36.0,-115.0,-9.759999999999998,-20.41,-122.4,34.41,-18.56,-89.96,-1.7200000000000006,-103.27000000000001,-88.14,-16.65,8.989999999999998,-88.28999999999999
2025-08-08T20:43:48.782245,73.0,-11.0,-118.0,-3.0,-24.0,-64.0,88.0,18.0,-92.0,-66.0,26.0,-152.0,40.24,-0.41000000000000014,-123.4,21.41,-26.56,-57.96,77.28,-14.270000000000003,-65.14,-67.65,-1.0100000000000016,-125.28999999999999
2025-08-08T20:43:48.789140,16.0,46.0,-22.0,-3.0,-11.0,-96.0,-50.0,-8.0,-93.0,13.0,85.0,-68.0,-16.759999999999998,56.59,-27.4,21.41,-13.56,-89.96,-60.72,-40.27,-66.14,11.35,57.989999999999995,-41.29
2025-08-08T20:43:48.794649,80.0,93.0,-58.0,-26.0,-57.0,-63.0,-56.0,-54.0,-104.0,-12.0,24.0,-81.0,47.24,103.59,-63.4,-1.5899999999999999,-59.56,-56.96,-66.72,-86.27000000000001,-77.14,-13.65,-3.0100000000000016,-54.29
2025-08-08T20:43:48.801255,126.0,73.0,-27.0,6.0,-51.0,-33.0,8.0,75.0,-147.0,61.0,8.0,-82.0,93.24000000000001,83.59,-32.4,30.41,-53.56,-26.96,-2.7200000000000006,42.73,-120.14,59.35,-19.01,-55.29
2025-08-08T20:43:48.807330,62.0,-32.0,-30.0,23.0,2.0,-177.0,27.0,33.0,-151.0,-50.0,37.0,-132.0,29.240000000000002,-21.41,-35.4,47.41,-0.56,-170.96,16.28,0.7299999999999969,-124.14,-51.65,9.989999999999998,-105.28999999999999
2025-08-08T20:43:48.813769,53.0,46.0,-82.0,35.0,-21.0,-93.0,-32.0,40.0,-170.0,-35.0,53.0,-127.0,20.240000000000002,56.59,-87.4,59.41,-23.56,-86.96,-42.72,7.729999999999997,-143.14,-36.65,25.99,-100.28999999999999
2025-08-08T20:43:48.819466,-10.0,59.0,-135.0,12.0,-69.0,-78.0,11.0,9.0,-142.0,-49.0,3.0,-59.0,-42.76,69.59,-140.4,36.41,-71.56,-71.96,0.27999999999999936,-23.270000000000003,-115.14,-50.65,-24.01,-32.29
2025-08-08T20:43:48.826247,70.0,27.0,-145.0,29.0,-60.0,-36.0,7.0,45.0,-157.0,-41.0,81.0,-103.0,37.24,37.59,-150.4,53.41,-62.56,-29.96,-3.7200000000000006,12.729999999999997,-130.14,-42.65,53.989999999999995,-76.28999999999999
2025-08-08T20:43:48.833847,88.0,48.0,-119.0,0.0,-48.0,-120.0,16.0,80.0,-119.0,-33.0,56.0,-117.0,55.24,58.59,-124.4,24.41,-50.56,-113.96,5.279999999999999,47.73,-92.14,-34.65,28.99,-90.28999999999999
2025-08-08T20:43:48.838729,101.0,8.0,-78.0,48.0,-4.0,-157.0,-26.0,13.0,-91.0,-47.0,109.0,-119.0,68.24000000000001,18.59,-83.4,72.41,-6.5600000000000005,-150.96,-36.72,-19.270000000000003,-64.14,-48.65,81.99,-92.28999999999999
2025-08-08T20:43:48.843985,55.0,27.0,-22.0,-4.0,-46.0,-82.0,-42.0,3.0,-156.0,-39.0,35.0,-130.0,22.240000000000002,37.59,-27.4,20.41,-48.56,-75.96,-52.72,-29.270000000000003,-129.14,-40.65,7.989999999999998,-103.28999999999999
2025-08-08T20:43:48.851135,53.0,-9.0,-117.0,19.0,-38.0,-133.0,-19.0,29.0,-203.0,-1.0,25.0,-165.0,20.240000000000002,1.5899999999999999,-122.4,43.41,-40.56,-126.96,-29.72,-3.270000000000003,-176.14,-2.65,-2.0100000000000016,-138.29
2025-08-08T20:43:48.856485,56.0,-1.0,-155.0,9.0,-94.0,-76.0,9.0,-47.0,-190.0,-148.0,23.0,-124.0,23.240000000000002,9.59,-160.4,33.41,-96.56,-69.96,-1.7200000000000006,-79.27000000000001,-163.14,-149.65,-4.010000000000002,-97.28999999999999
2025-08-08T20:43:48.863209,115.0,0.0,-164.0,0.0,9.0,-80.0,-13.0,30.0,-159.0,-71.0,58.0,-102.0,82.24000000000001,10.59,-169.4,24.41,6.4399999999999995,-73.96,-23.72,-2.270000000000003,-132.14,-72.65,30.99,-75.28999999999999
2025-08-08T20:43:48.868973,34.0,5.0,-168.0,-32.0,-57.0,-106.0,-106.0,47.0,-95.0,-56.0,53.0,-148.0,1.240000000000002,15.59,-173.4,-7.59,-59.56,-99.96,-116.72,14.729999999999997,-68.14,-57.65,25.99,-121.28999999999999
2025-08-08T20:43:48.875795,140.0,69.0,-136.0,-32.0,20.0,-161.0,-19.0,-5.0,-155.0,-30.0,81.0,-163.0,107.24000000000001,79.59,-141.4,-7.59,17.44,-154.96,-29.72,-37.27,-128.14,-31.65,53.989999999999995,-136.29
2025-08-08T20:43:48.881683,53.0,20.0,-104.0,13.0,-31.0,-177.0,-70.0,-40.0,-130.0,-16.0,68.0,-114.0,20.240000000000002,30.59,-109.4,37.41,-33.56,-170.96,-80.72,-72.27000000000001,-103.14,-17.65,40.989999999999995,-87.28999999999999
2025-08-08T20:43:48.888440,71.0,71.0,-68.0,-54.0,-32.0,-116.0,42.0,17.0,-163.0,-44.0,82.0,-108.0,38.24,81.59,-73.4,-29.59,-34.56,-109.96,31.28,-15.270000000000003,-136.14,-45.65,54.989999999999995,-81.28999999999999
2025-08-08T20:43:48.893887,29.0,30.0,-163.0,-13.0,13.0,-127.0,3.0,38.0,-154.0,-9.0,49.0,-96.0,-3.759999999999998,40.59,-168.4,11.41,10.44,-120.96,-7.720000000000001,5.729999999999997,-127.14,-10.65,21.99,-69.28999999999999
2025-08-08T20:43:48.900909,-16.0,23.0,-63.0,-14.0,-32.0,-176.0,-51.0,-54.0,-171.0,-38.0,93.0,-54.0,-48.76,33.59,-68.4,10.41,-34.56,-169.96,-61.72,-86.27000000000001,-144.14,-39.65,65.99,-27.29
2025-08-08T20:43:48.907802,108.0,-35.0,-153.0,2.0,-16.0,-125.0,-35.0,-3.0,-149.0,-71.0,56.0,-130.0,75.24000000000001,-24.41,-158.4,26.41,-18.56,-118.96,-45.72,-35.27,-122.14,-72.65,28.99,-103.28999999999999
2025-08-08T20:43:48.913326,101.0,7.0,-150.0,-12.0,-46.0,-90.0,-6.0,76.0,-187.0,25.0,8.0,-155.0,68.24000000000001,17.59,-155.4,12.41,-48.56,-83.96,-16.72,43.73,-160.14,23.35,-19.01,-128.29
2025-08-08T20:43:48.918177,84.0,21.0,-88.0,4.0,10.0,-139.0,7.0,35.0,-153.0,33.0,29.0,-169.0,51.24,31.59,-93.4,28.41,7.4399999999999995,-132.96,-3.7200000000000006,2.729999999999997,-126.14,31.35,1.9899999999999984,-142.29
2025-08-08T20:43:48.925622,30.0,-17.0,-157.0,-85.0,-53.0,-110.0,14.0,-98.0,-155.0,-16.0,-2.0,-151.0,-2.759999999999998,-6.41,-162.4,-60.59,-55.56,-103.96,3.2799999999999994,-130.27,-128.14,-17.65,-29.01,-124.28999999999999
2025-08-08T20:43:48.932406,74.0,62.0,-106.0,25.0,-42.0,-136.0,13.0,8.0,-103.0,-19.0,29.0,-112.0,41.24,72.59,-111.4,49.41,-44.56,-129.96,2.2799999999999994,-24.270000000000003,-76.14,-20.65,1.9899999999999984,-85.28999999999999
2025-08-08T20:43:48.937990,96.0,14.0,-177.0,39.0,2.0,-125.0,-34.0,23.0,-136.0,-71.0,82.0,-133.0,63.24,24.59,-182.4,63.41,-0.56,-118.96,-44.72,-9.270000000000003,-109.14,-72.65,54.989999999999995,-106.28999999999999
2025-08-08T20:43:48.945021,33.0,14.0,-157.0,-12.0,-29.0,-96.0,-6.0,-36.0,-167.0,-64.0,37.0,-141.0,0.240000000000002,24.59,-162.4,12.41,-31.56,-89.96,-16.72,-68.27000000000001,-140.14,-65.65,9.989999999999998,-114.28999999999999
2025-08-08T20:43:48.950438,14.0,-32.0,-88.0,-5.0,-8.0,-97.0,-69.0,-5.0,-150.0,-68.0,-6.0,-125.0,-18.759999999999998,-21.41,-93.4,19.41,-10.56,-90.96,-79.72,-37.27,-123.14,-69.65,-33.010000000000005,-98.28999999999999
2025-08-08T20:43:48.957505,105.0,4.0,-124.0,-30.0,-71.0,-144.0,-36.0,-7.0,-156.0,-14.0,98.0,-127.0,72.24000000000001,14.59,-129.4,-5.59,-73.56,-137.96,-46.72,-39.27,-129.14,-15.65,70.99,-100.28999999999999
2025-08-08T20:43:48.962632,45.0,-12.0,-113.0,15.0,6.0,-104.0,-25.0,35.0,-170.0,-23.0,10.0,-120.0,12.240000000000002,-1.4100000000000001,-118.4,39.41,3.44,-97.96,-35.72,2.729999999999997,-143.14,-24.65,-17.01,-93.28999999999999
2025-08-08T20:43:48.969932,40.0,50.0,-136.0,35.0,-54.0,-114.0,-26.0,-41.0,-166.0,-72.0,64.0,-101.0,7.240000000000002,60.59,-141.4,59.41,-56.56,-107.96,-36.72,-73.27000000000001,-139.14,-73.65,36.989999999999995,-74.28999999999999
2025-08-08T20:43:48.977525,91.0,25.0,-114.0,32.0,-56.0,-136.0,-39.0,-40.0,-71.0,-15.0,32.0,-67.0,58.24,35.59,-119.4,56.41,-58.56,-129.96,-49.72,-72.27000000000001,-44.14,-16.65,4.989999999999998,-40.29
2025-08-08T20:43:48.984969,52.0,40.0,-90.0,47.0,18.0,-149.0,-61.0,45.0,-88.0,-29.0,70.0,-105.0,19.240000000000002,50.59,-95.4,71.41,15.44,-142.96,-71.72,12.729999999999997,-61.14,-30.65,42.989999999999995,-78.28999999999999
2025-08-08T20:43:48.992325,82.0,59.0,-153.0,-17.0,2.0,-128.0,-58.0,67.0,-162.0,-88.0,59.0,-166.0,49.24,69.59,-158.4,7.41,-0.56,-121.96,-68.72,34.73,-135.14,-89.65,31.99,-139.29
2025-08-08T20:43:48.999695,117.0,-18.0,-126.0,8.0,-45.0,-88.0,-37.0,-25.0,-136.0,-31.0,2.0,-161.0,84.24000000000001,-7.41,-131.4,32.41,-47.56,-81.96,-47.72,-57.27,-109.14,-32.65,-25.01,-134.29
2025-08-08T20:43:49.006644,67.0,-12.0,-14.0,6.0,-3.0,-139.0,-29.0,111.0,-129.0,12.0,-6.0,-146.0,34.24,-1.4100000000000001,-19.4,30.41,-5.5600000000000005,-132.96,-39.72,78.72999999999999,-102.14,10.35,-33.010000000000005,-119.28999999999999
2025-08-08T20:43:49.013507,32.0,19.0,-94.0,-43.0,-40.0,-108.0,-19.0,-1.0,-125.0,-32.0,153.0,-105.0,-0.759999999999998,29.59,-99.4,-18.59,-42.56,-101.96,-29.72,-33.27,-98.14,-33.65,125.99,-78.28999999999999
2025-08-08T20:43:49.017573,63.0,20.0,-179.0,-19.0,-17.0,-141.0,-30.0,33.0,-152.0,-38.0,21.0,-178.0,30.240000000000002,30.59,-184.4,5.41,-19.56,-134.96,-40.72,0.7299999999999969,-125.14,-39.65,-6.010000000000002,-151.29
2025-08-08T20:43:49.021364,44.0,25.0,-165.0,24.0,-24.0,-121.0,-87.0,24.0,-123.0,-45.0,46.0,-113.0,11.240000000000002,35.59,-170.4,48.41,-26.56,-114.96,-97.72,-8.270000000000003,-96.14,-46.65,18.99,-86.28999999999999
2025-08-08T20:43:49.026764,95.0,-6.0,-159.0,57.0,-13.0,-138.0,-89.0,-33.0,-144.0,-33.0,99.0,-97.0,62.24,4.59,-164.4,81.41,-15.56,-131.96,-99.72,-65.27000000000001,-117.14,-34.65,71.99,-70.28999999999999
2025-08-08T20:43:49.032737,126.0,28.0,-89.0,-14.0,-42.0,-81.0,-22.0,-18.0,-215.0,-26.0,55.0,-112.0,93.24000000000001,38.59,-94.4,10.41,-44.56,-74.96,-32.72,-50.27,-188.14,-27.65,27.99,-85.28999999999999
2025-08-08T20:43:49.039390,14.0,-60.0,-151.0,-20.0,-11.0,-154.0,-22.0,17.0,-142.0,-43.0,50.0,-140.0,-18.759999999999998,-49.41,-156.4,4.41,-13.56,-147.96,-32.72,-15.270000000000003,-115.14,-44.65,22.99,-113.28999999999999
2025-08-08T20:43:49.044415,67.0,22.0,-90.0,-6.0,-57.0,-136.0,-37.0,-3.0,-150.0,-51.0,71.0,-141.0,34.24,32.59,-95.4,18.41,-59.56,-129.96,-47.72,-35.27,-123.14,-52.65,43.989999999999995,-114.28999999999999
2025-08-08T20:43:49.051526,11.0,-12.0,-131.0,-42.0,-61.0,-118.0,-70.0,28.0,-118.0,-75.0,9.0,-105.0,-21.759999999999998,-1.4100000000000001,-136.4,-17.59,-63.56,-111.96,-80.72,-4.270000000000003,-91.14,-76.65,-18.01,-78.28999999999999
2025-08-08T20:43:49.057209,77.0,20.0,-171.0,47.0,-10.0,-63.0,-16.0,63.0,-115.0,-36.0,74.0,-160.0,44.24,30.59,-176.4,71.41,-12.56,-56.96,-26.72,30.729999999999997,-88.14,-37.65,46.989999999999995,-133.29
2025-08-08T20:43:49.063978,37.0,-11.0,-159.0,17.0,-63.0,-144.0,-23.0,44.0,-117.0,-110.0,149.0,-163.0,4.240000000000002,-0.41000000000000014,-164.4,41.41,-65.56,-137.96,-33.72,11.729999999999997,-90.14,-111.65,121.99,-136.29
2025-08-08T20:43:49.069702,84.0,-10.0,-113.0,29.0,-28.0,-123.0,-36.0,4.0,-177.0,-30.0,80.0,-165.0,51.24,0.5899999999999999,-118.4,53.41,-30.56,-116.96,-46.72,-28.270000000000003,-150.14,-31.65,52.989999999999995,-138.29
2025-08-08T20:43:49.076408,46.0,30.0,-144.0,-29.0,28.0,-123.0,-1.0,36.0,-175.0,-30.0,50.0,-170.0,13.240000000000002,40.59,-149.4,-4.59,25.44,-116.96,-11.72,3.729999999999997,-148.14,-31.65,22.99,-143.29
2025-08-08T20:43:49.082213,29.0,56.0,-126.0,-36.0,28.0,-80.0,-37.0,-40.0,-126.0,-91.0,53.0,-154.0,-3.759999999999998,66.59,-131.4,-11.59,25.44,-73.96,-47.72,-72.27000000000001,-99.14,-92.65,25.99,-127.28999999999999
2025-08-08T20:43:49.089162,26.0,37.0,-152.0,-76.0,-25.0,-115.0,-99.0,85.0,-167.0,-47.0,128.0,-178.0,-6.759999999999998,47.59,-157.4,-51.59,-27.56,-108.96,-109.72,52.73,-140.14,-48.65,100.99,-151.29
2025-08-08T20:43:49.096143,97.0,-11.0,-121.0,54.0,17.0,-137.0,-41.0,-1.0,-171.0,-62.0,142.0,-188.0,64.24000000000001,-0.41000000000000014,-126.4,78.41,14.44,-130.96,-51.72,-33.27,-144.14,-63.65,114.99,-161.29
2025-08-08T20:43:49.101454,119.0,21.0,-66.0,-32.0,-7.0,-135.0,-10.0,-45.0,-182.0,-41.0,68.0,-155.0,86.24000000000001,31.59,-71.4,-7.59,-9.56,-128.96,-20.72,-77.27000000000001,-155.14,-42.65,40.989999999999995,-128.29
2025-08-08T20:43:49.108476,32.0,59.0,-80.0,38.0,-32.0,-133.0,8.0,21.0,-112.0,-58.0,65.0,-129.0,-0.759999999999998,69.59,-85.4,62.41,-34.56,-126.96,-2.7200000000000006,-11.270000000000003,-85.14,-59.65,37.989999999999995,-102.28999999999999
2025-08-08T20:43:49.113857,158.0,88.0,-95.0,-22.0,11.0,-146.0,-71.0,61.0,-164.0,-40.0,-6.0,-180.0,125.24000000000001,98.59,-100.4,2.41,8.44,-139.96,-81.72,28.729999999999997,-137.14,-41.65,-33.010000000000005,-153.29
2025-08-08T20:43:49.120891,-15.0,47.0,-158.0,18.0,-34.0,-103.0,-57.0,62.0,-145.0,14.0,126.0,-112.0,-47.76,57.59,-163.4,42.41,-36.56,-96.96,-67.72,29.729999999999997,-118.14,12.35,98.99,-85.28999999999999
2025-08-08T20:43:49.126648,49.0,27.0,-115.0,5.0,-44.0,-86.0,-58.0,35.0,-133.0,-80.0,83.0,-179.0,16.240000000000002,37.59,-120.4,29.41,-46.56,-79.96,-68.72,2.729999999999997,-106.14,-81.65,55.989999999999995,-152.29
2025-08-08T20:43:49.133533,62.0,-37.0,-123.0,32.0,-21.0,-139.0,-41.0,-11.0,-140.0,17.0,57.0,-139.0,29.240000000000002,-26.41,-128.4,56.41,-23.56,-132.96,-51.72,-43.27,-113.14,15.35,29.99,-112.28999999999999
2025-08-08T20:43:49.138928,97.0,55.0,-155.0,24.0,12.0,-152.0,-24.0,24.0,-114.0,-30.0,60.0,-160.0,64.24000000000001,65.59,-160.4,48.41,9.44,-145.96,-34.72,-8.270000000000003,-87.14,-31.65,32.989999999999995,-133.29
2025-08-08T20:43:49.145790,28.0,3.0,-116.0,-7.0,-76.0,-76.0,-44.0,-30.0,-123.0,-54.0,31.0,-109.0,-4.759999999999998,13.59,-121.4,17.41,-78.56,-69.96,-54.72,-62.27,-96.14,-55.65,3.9899999999999984,-82.28999999999999
2025-08-08T20:43:49.151716,113.0,30.0,-159.0,-2.0,-53.0,-164.0,-59.0,25.0,-91.0,-21.0,36.0,-102.0,80.24000000000001,40.59,-164.4,22.41,-55.56,-157.96,-69.72,-7.270000000000003,-64.14,-22.65,8.989999999999998,-75.28999999999999
2025-08-08T20:43:49.158434,66.0,45.0,-112.0,27.0,-28.0,-128.0,-29.0,16.0,-178.0,-46.0,87.0,-165.0,33.24,55.59,-117.4,51.41,-30.56,-121.96,-39.72,-16.270000000000003,-151.14,-47.65,59.989999999999995,-138.29
2025-08-08T20:43:49.164148,86.0,-31.0,-143.0,-7.0,43.0,-162.0,2.0,14.0,-148.0,-52.0,65.0,-170.0,53.24,-20.41,-148.4,17.41,40.44,-155.96,-8.72,-18.270000000000003,-121.14,-53.65,37.989999999999995,-143.29
2025-08-08T20:43:49.171401,105.0,-5.0,-104.0,14.0,-22.0,-130.0,17.0,-67.0,-155.0,-43.0,76.0,-118.0,72.24000000000001,5.59,-109.4,38.41,-24.56,-123.96,6.279999999999999,-99.27000000000001,-128.14,-44.65,48.989999999999995,-91.28999999999999
2025-08-08T20:43:49.176412,98.0,33.0,-112.0,40.0,-45.0,-118.0,-14.0,10.0,-164.0,-27.0,67.0,-175.0,65.24000000000001,43.59,-117.4,64.41,-47.56,-111.96,-24.72,-22.270000000000003,-137.14,-28.65,39.989999999999995,-148.29
2025-08-08T20:43:49.183662,63.0,73.0,-81.0,7.0,-2.0,-171.0,-10.0,52.0,-122.0,-15.0,23.0,-116.0,30.240000000000002,83.59,-86.4,31.41,-4.5600000000000005,-164.96,-20.72,19.729999999999997,-95.14,-16.65,-4.010000000000002,-89.28999999999999
2025-08-08T20:43:49.190156,4.0,18.0,-179.0,1.0,-32.0,-127.0,-72.0,20.0,-117.0,-69.0,14.0,-82.0,-28.759999999999998,28.59,-184.4,25.41,-34.56,-120.96,-82.72,-12.270000000000003,-90.14,-70.65,-13.010000000000002,-55.29
2025-08-08T20:43:49.197808,66.0,42.0,-125.0,38.0,66.0,-162.0,-33.0,76.0,-145.0,-114.0,71.0,-162.0,33.24,52.59,-130.4,62.41,63.44,-155.96,-43.72,43.73,-118.14,-115.65,43.989999999999995,-135.29
2025-08-08T20:43:49.205379,104.0,31.0,-124.0,19.0,-3.0,-79.0,-29.0,-10.0,-130.0,-65.0,87.0,-138.0,71.24000000000001,41.59,-129.4,43.41,-5.5600000000000005,-72.96,-39.72,-42.27,-103.14,-66.65,59.989999999999995,-111.28999999999999
2025-08-08T20:43:49.212211,48.0,21.0,-145.0,43.0,-35.0,-149.0,-30.0,10.0,-132.0,-9.0,65.0,-162.0,15.240000000000002,31.59,-150.4,67.41,-37.56,-142.96,-40.72,-22.270000000000003,-105.14,-10.65,37.989999999999995,-135.29
2025-08-08T20:43:49.216514,53.0,97.0,-95.0,-27.0,-62.0,-128.0,-68.0,14.0,-67.0,-45.0,27.0,-180.0,20.240000000000002,107.59,-100.4,-2.59,-64.56,-121.96,-78.72,-18.270000000000003,-40.14,-46.65,-0.010000000000001563,-153.29
2025-08-08T20:43:49.220815,139.0,14.0,-158.0,31.0,-42.0,-83.0,-51.0,-11.0,-92.0,-88.0,8.0,-214.0,106.24000000000001,24.59,-163.4,55.41,-44.56,-76.96,-61.72,-43.27,-65.14,-89.65,-19.01,-187.29
2025-08-08T20:43:49.227635,25.0,75.0,-91.0,-6.0,-38.0,-97.0,-114.0,32.0,-143.0,-67.0,56.0,-118.0,-7.759999999999998,85.59,-96.4,18.41,-40.56,-90.96,-124.72,-0.2700000000000031,-116.14,-68.65,28.99,-91.28999999999999
2025-08-08T20:43:49.233546,54.0,61.0,-155.0,-31.0,-42.0,-88.0,-11.0,14.0,-227.0,-26.0,91.0,-132.0,21.240000000000002,71.59,-160.4,-6.59,-44.56,-81.96,-21.72,-18.270000000000003,-200.14,-27.65,63.989999999999995,-105.28999999999999
2025-08-08T20:43:49.240149,76.0,60.0,-90.0,-1.0,-68.0,-152.0,-5.0,-16.0,-91.0,-66.0,108.0,-82.0,43.24,70.59,-95.4,23.41,-70.56,-145.96,-15.72,-48.27,-64.14,-67.65,80.99,-55.29
2025-08-08T20:43:49.245469,6.0,15.0,-92.0,3.0,15.0,-101.0,-55.0,-113.0,-122.0,-32.0,72.0,-129.0,-26.759999999999998,25.59,-97.4,27.41,12.44,-94.96,-65.72,-145.27,-95.14,-33.65,44.989999999999995,-102.28999999999999
2025-08-08T20:43:49.252625,37.0,42.0,-73.0,28.0,-49.0,-105.0,-52.0,-2.0,-144.0,-34.0,91.0,-139.0,4.240000000000002,52.59,-78.4,52.41,-51.56,-98.96,-62.72,-34.27,-117.14,-35.65,63.989999999999995,-112.28999999999999
2025-08-08T20:43:49.258218,39.0,61.0,-125.0,38.0,-40.0,-86.0,-45.0,-41.0,-111.0,-26.0,50.0,-103.0,6.240000000000002,71.59,-130.4,62.41,-42.56,-79.96,-55.72,-73.27000000000001,-84.14,-27.65,22.99,-76.28999999999999
2025-08-08T20:43:49.265155,54.0,-33.0,-156.0,-41.0,-29.0,-93.0,-63.0,-35.0,-120.0,-118.0,28.0,-139.0,21.240000000000002,-22.41,-161.4,-16.59,-31.56,-86.96,-73.72,-67.27000000000001,-93.14,-119.65,0.9899999999999984,-112.28999999999999
2025-08-08T20:43:49.270342,50.0,14.0,-111.0,4.0,-52.0,-106.0,-44.0,-90.0,-95.0,-62.0,56.0,-178.0,17.240000000000002,24.59,-116.4,28.41,-54.56,-99.96,-54.72,-122.27000000000001,-68.14,-63.65,28.99,-151.29
2025-08-08T20:43:49.277362,33.0,-32.0,-132.0,46.0,-42.0,-180.0,39.0,-10.0,-89.0,-65.0,28.0,-226.0,0.240000000000002,-21.41,-137.4,70.41,-44.56,-173.96,28.28,-42.27,-62.14,-66.65,0.9899999999999984,-199.29
2025-08-08T20:43:49.282645,33.0,-15.0,-95.0,60.0,-95.0,-124.0,-3.0,-56.0,-69.0,-56.0,-4.0,-150.0,0.240000000000002,-4.41,-100.4,84.41,-97.56,-117.96,-13.72,-88.27000000000001,-42.14,-57.65,-31.01,-123.28999999999999
2025-08-08T20:43:49.289647,50.0,7.0,-80.0,-2.0,68.0,-133.0,1.0,28.0,-124.0,-39.0,109.0,-124.0,17.240000000000002,17.59,-85.4,22.41,65.44,-126.96,-9.72,-4.270000000000003,-97.14,-40.65,81.99,-97.28999999999999
2025-08-08T20:43:49.295204,-1.0,17.0,-117.0,8.0,-85.0,-117.0,-53.0,41.0,-186.0,-87.0,7.0,-183.0,-33.76,27.59,-122.4,32.41,-87.56,-110.96,-63.72,8.729999999999997,-159.14,-88.65,-20.01,-156.29
2025-08-08T20:43:49.302331,115.0,15.0,-104.0,30.0,-58.0,-95.0,-52.0,4.0,-152.0,-87.0,36.0,-134.0,82.24000000000001,25.59,-109.4,54.41,-60.56,-88.96,-62.72,-28.270000000000003,-125.14,-88.65,8.989999999999998,-107.28999999999999
2025-08-08T20:43:49.309259,108.0,-22.0,-109.0,21.0,-13.0,-164.0,-19.0,-43.0,-79.0,-43.0,110.0,-116.0,75.24000000000001,-11.41,-114.4,45.41,-15.56,-157.96,-29.72,-75.27000000000001,-52.14,-44.65,82.99,-89.28999999999999
2025-08-08T20:43:49.314758,69.0,10.0,-140.0,-34.0,-79.0,-109.0,-82.0,-30.0,-136.0,-90.0,49.0,-137.0,36.24,20.59,-145.4,-9.59,-81.56,-102.96,-92.72,-62.27,-109.14,-91.65,21.99,-110.28999999999999
2025-08-08T20:43:49.321587,102.0,21.0,-45.0,-1.0,-12.0,-26.0,-13.0,13.0,-100.0,-9.0,61.0,-143.0,69.24000000000001,31.59,-50.4,23.41,-14.56,-19.96,-23.72,-19.270000000000003,-73.14,-10.65,33.989999999999995,-116.28999999999999
2025-08-08T20:43:49.327333,116.0,37.0,-37.0,43.0,-30.0,-53.0,-21.0,37.0,-179.0,-22.0,-14.0,-166.0,83.24000000000001,47.59,-42.4,67.41,-32.56,-46.96,-31.72,4.729999999999997,-152.14,-23.65,-41.010000000000005,-139.29
2025-08-08T20:43:49.334563,104.0,112.0,-124.0,4.0,-26.0,-187.0,-13.0,-13.0,-163.0,-9.0,107.0,-207.0,71.24000000000001,122.59,-129.4,28.41,-28.56,-180.96,-23.72,-45.27,-136.14,-10.65,79.99,-180.29
2025-08-08T20:43:49.339865,109.0,-71.0,-163.0,1.0,-12.0,-95.0,-37.0,-37.0,-134.0,-55.0,89.0,-109.0,76.24000000000001,-60.41,-168.4,25.41,-14.56,-88.96,-47.72,-69.27000000000001,-107.14,-56.65,61.989999999999995,-82.28999999999999
2025-08-08T20:43:49.346359,55.0,22.0,-72.0,-29.0,-51.0,-101.0,-89.0,-23.0,-86.0,-44.0,8.0,-183.0,22.240000000000002,32.59,-77.4,-4.59,-53.56,-94.96,-99.72,-55.27,-59.14,-45.65,-19.01,-156.29
2025-08-08T20:43:49.352147,49.0,-1.0,-54.0,14.0,-10.0,-147.0,-15.0,16.0,-165.0,-53.0,98.0,-155.0,16.240000000000002,9.59,-59.4,38.41,-12.56,-140.96,-25.72,-16.270000000000003,-138.14,-54.65,70.99,-128.29
2025-08-08T20:43:49.358821,24.0,60.0,-9.0,-6.0,-22.0,-112.0,-26.0,9.0,-137.0,-66.0,44.0,-97.0,-8.759999999999998,70.59,-14.4,18.41,-24.56,-105.96,-36.72,-23.270000000000003,-110.14,-67.65,16.99,-70.28999999999999
2025-08-08T20:43:49.364416,39.0,48.0,-157.0,59.0,-8.0,-156.0,1.0,-2.0,-136.0,-76.0,42.0,-87.0,6.240000000000002,58.59,-162.4,83.41,-10.56,-149.96,-9.72,-34.27,-109.14,-77.65,14.989999999999998,-60.29
2025-08-08T20:43:49.371300,70.0,86.0,-119.0,-10.0,55.0,-106.0,1.0,55.0,-159.0,-66.0,-3.0,-118.0,37.24,96.59,-124.4,14.41,52.44,-99.96,-9.72,22.729999999999997,-132.14,-67.65,-30.01,-91.28999999999999
2025-08-08T20:43:49.377082,154.0,-4.0,-159.0,-46.0,-58.0,-77.0,-46.0,-47.0,-144.0,-72.0,94.0,-161.0,121.24000000000001,6.59,-164.4,-21.59,-60.56,-70.96,-56.72,-79.27000000000001,-117.14,-73.65,66.99,-134.29
2025-08-08T20:43:49.383803,63.0,35.0,-162.0,0.0,51.0,-122.0,-35.0,-25.0,-130.0,-83.0,52.0,-104.0,30.240000000000002,45.59,-167.4,24.41,48.44,-115.96,-45.72,-57.27,-103.14,-84.65,24.99,-77.28999999999999
2025-08-08T20:43:49.391392,89.0,-6.0,-103.0,64.0,-39.0,-187.0,-45.0,-32.0,-149.0,-24.0,87.0,-146.0,56.24,4.59,-108.4,88.41,-41.56,-180.96,-55.72,-64.27000000000001,-122.14,-25.65,59.989999999999995,-119.28999999999999
2025-08-08T20:43:49.397883,29.0,30.0,-112.0,19.0,-23.0,-104.0,-45.0,25.0,-165.0,29.0,10.0,-84.0,-3.759999999999998,40.59,-117.4,43.41,-25.56,-97.96,-55.72,-7.270000000000003,-138.14,27.35,-17.01,-57.29
2025-08-08T20:43:49.403390,37.0,16.0,-184.0,28.0,14.0,-94.0,-5.0,-15.0,-158.0,-50.0,-14.0,-146.0,4.240000000000002,26.59,-189.4,52.41,11.44,-87.96,-15.72,-47.27,-131.14,-51.65,-41.010000000000005,-119.28999999999999
2025-08-08T20:43:49.410406,79.0,83.0,-155.0,-58.0,-54.0,-139.0,-21.0,-18.0,-120.0,-43.0,-18.0,-125.0,46.24,93.59,-160.4,-33.59,-56.56,-132.96,-31.72,-50.27,-93.14,-44.65,-45.010000000000005,-98.28999999999999
2025-08-08T20:43:49.418620,130.0,3.0,-140.0,23.0,-53.0,-154.0,-78.0,-78.0,-128.0,-29.0,11.0,-180.0,97.24000000000001,13.59,-145.4,47.41,-55.56,-147.96,-88.72,-110.27000000000001,-101.14,-30.65,-16.01,-153.29
2025-08-08T20:43:49.425258,93.0,6.0,-91.0,-40.0,-73.0,-127.0,-67.0,64.0,-140.0,-44.0,36.0,-151.0,60.24,16.59,-96.4,-15.59,-75.56,-120.96,-77.72,31.729999999999997,-113.14,-45.65,8.989999999999998,-124.28999999999999
2025-08-08T20:43:49.429676,66.0,-22.0,-156.0,19.0,-35.0,-136.0,-51.0,31.0,-170.0,30.0,32.0,-95.0,33.24,-11.41,-161.4,43.41,-37.56,-129.96,-61.72,-1.2700000000000031,-143.14,28.35,4.989999999999998,-68.28999999999999
2025-08-08T20:43:49.435529,46.0,-6.0,-130.0,-13.0,-78.0,-121.0,-65.0,52.0,-135.0,-33.0,60.0,-148.0,13.240000000000002,4.59,-135.4,11.41,-80.56,-114.96,-75.72,19.729999999999997,-108.14,-34.65,32.989999999999995,-121.28999999999999
2025-08-08T20:43:49.440499,103.0,48.0,-105.0,48.0,-5.0,-74.0,0.0,-60.0,-128.0,-73.0,96.0,-64.0,70.24000000000001,58.59,-110.4,72.41,-7.5600000000000005,-67.96,-10.72,-92.27000000000001,-101.14,-74.65,68.99,-37.29
2025-08-08T20:43:49.446416,85.0,7.0,-115.0,-9.0,-45.0,-164.0,14.0,-77.0,-102.0,-112.0,86.0,-156.0,52.24,17.59,-120.4,15.41,-47.56,-157.96,3.2799999999999994,-109.27000000000001,-75.14,-113.65,58.989999999999995,-129.29
2025-08-08T20:43:49.453127,115.0,56.0,-106.0,52.0,-1.0,-125.0,-79.0,13.0,-174.0,-49.0,90.0,-152.0,82.24000000000001,66.59,-111.4,76.41,-3.56,-118.96,-89.72,-19.270000000000003,-147.14,-50.65,62.989999999999995,-125.28999999999999
2025-08-08T20:43:49.458582,47.0,32.0,-169.0,21.0,-65.0,-70.0,-2.0,-5.0,-100.0,-22.0,53.0,-160.0,14.240000000000002,42.59,-174.4,45.41,-67.56,-63.96,-12.72,-37.27,-73.14,-23.65,25.99,-133.29
2025-08-08T20:43:49.465672,100.0,-20.0,-120.0,-1.0,5.0,-128.0,-34.0,-5.0,-116.0,17.0,60.0,-127.0,67.24000000000001,-9.41,-125.4,23.41,2.44,-121.96,-44.72,-37.27,-89.14,15.35,32.989999999999995,-100.28999999999999
2025-08-08T20:43:49.470923,91.0,-26.0,-122.0,46.0,-115.0,-95.0,-35.0,84.0,-146.0,10.0,73.0,-90.0,58.24,-15.41,-127.4,70.41,-117.56,-88.96,-45.72,51.73,-119.14,8.35,45.989999999999995,-63.29
2025-08-08T20:43:49.477978,41.0,27.0,-93.0,20.0,-30.0,-123.0,17.0,17.0,-111.0,-83.0,119.0,-158.0,8.240000000000002,37.59,-98.4,44.41,-32.56,-116.96,6.279999999999999,-15.270000000000003,-84.14,-84.65,91.99,-131.29
2025-08-08T20:43:49.483442,22.0,2.0,-164.0,38.0,-31.0,-157.0,6.0,-4.0,-145.0,-19.0,72.0,-148.0,-10.759999999999998,12.59,-169.4,62.41,-33.56,-150.96,-4.720000000000001,-36.27,-118.14,-20.65,44.989999999999995,-121.28999999999999
2025-08-08T20:43:49.490193,108.0,30.0,-139.0,12.0,-17.0,-197.0,-14.0,19.0,-127.0,-49.0,58.0,-170.0,75.24000000000001,40.59,-144.4,36.41,-19.56,-190.96,-24.72,-13.270000000000003,-100.14,-50.65,30.99,-143.29
2025-08-08T20:43:49.496495,106.0,13.0,-114.0,-4.0,-85.0,-100.0,-16.0,42.0,-115.0,-35.0,17.0,-47.0,73.24000000000001,23.59,-119.4,20.41,-87.56,-93.96,-26.72,9.729999999999997,-88.14,-36.65,-10.010000000000002,-20.29
2025-08-08T20:43:49.503408,38.0,21.0,-81.0,42.0,-65.0,-164.0,27.0,-38.0,-121.0,-86.0,50.0,-158.0,5.240000000000002,31.59,-86.4,66.41,-67.56,-157.96,16.28,-70.27000000000001,-94.14,-87.65,22.99,-131.29
2025-08-08T20:43:49.510689,54.0,23.0,-89.0,52.0,-66.0,-57.0,36.0,8.0,-109.0,-88.0,98.0,-158.0,21.240000000000002,33.59,-94.4,76.41,-68.56,-50.96,25.28,-24.270000000000003,-82.14,-89.65,70.99,-131.29
2025-08-08T20:43:49.516989,40.0,14.0,-185.0,19.0,-26.0,-109.0,-38.0,-4.0,-106.0,-87.0,107.0,-120.0,7.240000000000002,24.59,-190.4,43.41,-28.56,-102.96,-48.72,-36.27,-79.14,-88.65,79.99,-93.28999999999999
2025-08-08T20:43:49.524471,62.0,82.0,-150.0,42.0,-92.0,-137.0,-20.0,-49.0,-133.0,-52.0,22.0,-164.0,29.240000000000002,92.59,-155.4,66.41,-94.56,-130.96,-30.72,-81.27000000000001,-106.14,-53.65,-5.010000000000002,-137.29
2025-08-08T20:43:49.534254,-7.0,-36.0,-149.0,21.0,-33.0,-118.0,-2.0,-57.0,-86.0,-39.0,61.0,-111.0,-39.76,-25.41,-154.4,45.41,-35.56,-111.96,-12.72,-89.27000000000001,-59.14,-40.65,33.989999999999995,-84.28999999999999
2025-08-08T20:43:49.539697,73.0,11.0,-43.0,-4.0,-93.0,-119.0,-50.0,9.0,-139.0,18.0,45.0,-95.0,40.24,21.59,-48.4,20.41,-95.56,-112.96,-60.72,-23.270000000000003,-112.14,16.35,17.99,-68.28999999999999
2025-08-08T20:43:49.545611,52.0,15.0,-67.0,35.0,-50.0,-136.0,-73.0,32.0,-205.0,-104.0,12.0,-181.0,19.240000000000002,25.59,-72.4,59.41,-52.56,-129.96,-83.72,-0.2700000000000031,-178.14,-105.65,-15.010000000000002,-154.29
2025-08-08T20:43:49.552659,3.0,67.0,-124.0,32.0,-49.0,-83.0,-76.0,8.0,-121.0,-90.0,115.0,-137.0,-29.759999999999998,77.59,-129.4,56.41,-51.56,-76.96,-86.72,-24.270000000000003,-94.14,-91.65,87.99,-110.28999999999999
2025-08-08T20:43:49.560153,83.0,69.0,-192.0,-18.0,21.0,-176.0,-12.0,-14.0,-136.0,-1.0,65.0,-208.0,50.24,79.59,-197.4,6.41,18.44,-169.96,-22.72,-46.27,-109.14,-2.65,37.989999999999995,-181.29
2025-08-08T20:43:49.567452,98.0,25.0,-189.0,93.0,-60.0,-119.0,-30.0,-53.0,-151.0,-84.0,86.0,-159.0,65.24000000000001,35.59,-194.4,117.41,-62.56,-112.96,-40.72,-85.27000000000001,-124.14,-85.65,58.989999999999995,-132.29
2025-08-08T20:43:49.572505,117.0,47.0,-130.0,17.0,-78.0,-138.0,-70.0,-19.0,-111.0,-94.0,5.0,-158.0,84.24000000000001,57.59,-135.4,41.41,-80.56,-131.96,-80.72,-51.27,-84.14,-95.65,-22.01,-131.29
2025-08-08T20:43:49.575849,91.0,24.0,-161.0,72.0,-19.0,-104.0,-74.0,-44.0,-157.0,-71.0,61.0,-189.0,58.24,34.59,-166.4,96.41,-21.56,-97.96,-84.72,-76.27000000000001,-130.14,-72.65,33.989999999999995,-162.29
2025-08-08T20:43:49.578455,50.0,22.0,-118.0,69.0,-1.0,-181.0,15.0,-70.0,-162.0,-52.0,22.0,-168.0,17.240000000000002,32.59,-123.4,93.41,-3.56,-174.96,4.279999999999999,-102.27000000000001,-135.14,-53.65,-5.010000000000002,-141.29
2025-08-08T20:43:49.585693,121.0,72.0,-157.0,77.0,-33.0,-101.0,23.0,15.0,-197.0,-62.0,59.0,-168.0,88.24000000000001,82.59,-162.4,101.41,-35.56,-94.96,12.28,-17.270000000000003,-170.14,-63.65,31.99,-141.29
2025-08-08T20:43:49.591739,94.0,7.0,-186.0,28.0,-66.0,-180.0,-2.0,-43.0,-176.0,-25.0,106.0,-201.0,61.24,17.59,-191.4,52.41,-68.56,-173.96,-12.72,-75.27000000000001,-149.14,-26.65,78.99,-174.29
2025-08-08T20:43:49.597461,123.0,-47.0,-145.0,60.0,-66.0,-105.0,-25.0,-72.0,-232.0,2.0,60.0,-215.0,90.24000000000001,-36.41,-150.4,84.41,-68.56,-98.96,-35.72,-104.27000000000001,-205.14,0.3500000000000001,32.989999999999995,-188.29
2025-08-08T20:43:49.604402,119.0,-8.0,-137.0,112.0,-85.0,-148.0,-2.0,-22.0,-172.0,17.0,-10.0,-225.0,86.24000000000001,2.59,-142.4,136.41,-87.56,-141.96,-12.72,-54.27,-145.14,15.35,-37.010000000000005,-198.29
2025-08-08T20:43:49.611932,146.0,-6.0,-107.0,153.0,-17.0,-122.0,13.0,-55.0,-237.0,-59.0,13.0,-178.0,113.24000000000001,4.59,-112.4,177.41,-19.56,-115.96,2.2799999999999994,-87.27000000000001,-210.14,-60.65,-14.010000000000002,-151.29
2025-08-08T20:43:49.617028,190.0,-27.0,-153.0,126.0,-22.0,-180.0,21.0,-77.0,-204.0,-16.0,82.0,-178.0,157.24,-16.41,-158.4,150.41,-24.56,-173.96,10.28,-109.27000000000001,-177.14,-17.65,54.989999999999995,-151.29
2025-08-08T20:43:49.623117,99.0,-37.0,-182.0,100.0,-41.0,-152.0,3.0,-94.0,-239.0,-20.0,41.0,-279.0,66.24000000000001,-26.41,-187.4,124.41,-43.56,-145.96,-7.720000000000001,-126.27000000000001,-212.14,-21.65,13.989999999999998,-252.29
2025-08-08T20:43:49.629626,194.0,45.0,-177.0,78.0,-37.0,-147.0,-50.0,14.0,-259.0,41.0,95.0,-232.0,161.24,55.59,-182.4,102.41,-39.56,-140.96,-60.72,-18.270000000000003,-232.14,39.35,67.99,-205.29
2025-08-08T20:43:49.634121,210.0,-11.0,-149.0,140.0,-63.0,-203.0,86.0,-59.0,-185.0,24.0,15.0,-264.0,177.24,-0.41000000000000014,-154.4,164.41,-65.56,-196.96,75.28,-91.27000000000001,-158.14,22.35,-12.010000000000002,-237.29
2025-08-08T20:43:49.642083,204.0,21.0,-146.0,114.0,-69.0,-127.0,48.0,-63.0,-210.0,26.0,62.0,-173.0,171.24,31.59,-151.4,138.41,-71.56,-120.96,37.28,-95.27000000000001,-183.14,24.35,34.989999999999995,-146.29
2025-08-08T20:43:49.649128,121.0,11.0,-171.0,104.0,-18.0,-219.0,-9.0,-42.0,-175.0,-9.0,59.0,-233.0,88.24000000000001,21.59,-176.4,128.41,-20.56,-212.96,-19.72,-74.27000000000001,-148.14,-10.65,31.99,-206.29
2025-08-08T20:43:49.654724,149.0,48.0,-189.0,94.0,-64.0,-113.0,-10.0,-91.0,-261.0,-14.0,33.0,-241.0,116.24000000000001,58.59,-194.4,118.41,-66.56,-106.96,-20.72,-123.27000000000001,-234.14,-15.65,5.989999999999998,-214.29
2025-08-08T20:43:49.661754,204.0,-42.0,-181.0,100.0,-33.0,-129.0,61.0,-82.0,-265.0,-49.0,33.0,-287.0,171.24,-31.41,-186.4,124.41,-35.56,-122.96,50.28,-114.27000000000001,-238.14,-50.65,5.989999999999998,-260.29
2025-08-08T20:43:49.667106,269.0,-64.0,-175.0,126.0,-92.0,-175.0,-15.0,-48.0,-253.0,-7.0,128.0,-272.0,236.24,-53.41,-180.4,150.41,-94.56,-168.96,-25.72,-80.27000000000001,-226.14,-8.65,100.99,-245.29
2025-08-08T20:43:49.674247,198.0,-6.0,-184.0,161.0,-16.0,-146.0,23.0,-134.0,-257.0,-48.0,64.0,-293.0,165.24,4.59,-189.4,185.41,-18.56,-139.96,12.28,-166.27,-230.14,-49.65,36.989999999999995,-266.29
2025-08-08T20:43:49.679653,208.0,-12.0,-200.0,225.0,-2.0,-199.0,61.0,-77.0,-248.0,-9.0,53.0,-322.0,175.24,-1.4100000000000001,-205.4,249.41,-4.5600000000000005,-192.96,50.28,-109.27000000000001,-221.14,-10.65,25.99,-295.29
2025-08-08T20:43:49.686955,309.0,-8.0,-229.0,225.0,-153.0,-162.0,65.0,-78.0,-238.0,21.0,52.0,-327.0,276.24,2.59,-234.4,249.41,-155.56,-155.96,54.28,-110.27000000000001,-211.14,19.35,24.99,-300.29
2025-08-08T20:43:49.694205,255.0,-44.0,-183.0,157.0,-149.0,-97.0,54.0,-115.0,-306.0,-49.0,53.0,-325.0,222.24,-33.41,-188.4,181.41,-151.56,-90.96,43.28,-147.27,-279.14,-50.65,25.99,-298.29
2025-08-08T20:43:49.699279,307.0,3.0,-202.0,193.0,-66.0,-107.0,61.0,-158.0,-262.0,1.0,55.0,-391.0,274.24,13.59,-207.4,217.41,-68.56,-100.96,50.28,-190.27,-235.14,-0.6499999999999999,27.99,-364.29
2025-08-08T20:43:49.706734,295.0,10.0,-187.0,228.0,-147.0,-202.0,-4.0,-139.0,-287.0,-11.0,66.0,-351.0,262.24,20.59,-192.4,252.41,-149.56,-195.96,-14.72,-171.27,-260.14,-12.65,38.989999999999995,-324.29
2025-08-08T20:43:49.712022,349.0,-4.0,-250.0,163.0,-124.0,-158.0,58.0,-157.0,-258.0,-29.0,39.0,-344.0,316.24,6.59,-255.4,187.41,-126.56,-151.96,47.28,-189.27,-231.14,-30.65,11.989999999999998,-317.29
2025-08-08T20:43:49.719047,220.0,6.0,-212.0,127.0,-89.0,-149.0,35.0,-153.0,-229.0,74.0,125.0,-367.0,187.24,16.59,-217.4,151.41,-91.56,-142.96,24.28,-185.27,-202.14,72.35,97.99,-340.29
2025-08-08T20:43:49.724754,292.0,11.0,-209.0,268.0,-81.0,-70.0,57.0,-145.0,-268.0,-28.0,74.0,-297.0,259.24,21.59,-214.4,292.41,-83.56,-63.96,46.28,-177.27,-241.14,-29.65,46.989999999999995,-270.29
2025-08-08T20:43:49.731820,371.0,-64.0,-217.0,183.0,-98.0,-133.0,33.0,-203.0,-347.0,0.0,83.0,-286.0,338.24,-53.41,-222.4,207.41,-100.56,-126.96,22.28,-235.27,-320.14,-1.65,55.989999999999995,-259.29
2025-08-08T20:43:49.739188,303.0,-74.0,-164.0,204.0,-149.0,-70.0,81.0,-180.0,-290.0,0.0,43.0,-361.0,270.24,-63.41,-169.4,228.41,-151.56,-63.96,70.28,-212.27,-263.14,-1.65,15.989999999999998,-334.29
2025-08-08T20:43:49.744296,285.0,-2.0,-241.0,237.0,-168.0,-151.0,17.0,-105.0,-275.0,4.0,59.0,-348.0,252.24,8.59,-246.4,261.41,-170.56,-144.96,6.279999999999999,-137.27,-248.14,2.35,31.99,-321.29
2025-08-08T20:43:49.751874,257.0,-25.0,-224.0,227.0,-155.0,-165.0,35.0,-67.0,-355.0,29.0,52.0,-304.0,224.24,-14.41,-229.4,251.41,-157.56,-158.96,24.28,-99.27000000000001,-328.14,27.35,24.99,-277.29
2025-08-08T20:43:49.756797,320.0,-30.0,-229.0,206.0,-85.0,-161.0,81.0,-194.0,-353.0,-12.0,56.0,-329.0,287.24,-19.41,-234.4,230.41,-87.56,-154.96,70.28,-226.27,-326.14,-13.65,28.99,-302.29
2025-08-08T20:43:49.764567,355.0,-17.0,-185.0,231.0,-154.0,-147.0,-8.0,-181.0,-269.0,99.0,80.0,-248.0,322.24,-6.41,-190.4,255.41,-156.56,-140.96,-18.72,-213.27,-242.14,97.35,52.989999999999995,-221.29
2025-08-08T20:43:49.769377,267.0,-27.0,-229.0,290.0,-135.0,-141.0,59.0,-125.0,-243.0,96.0,56.0,-336.0,234.24,-16.41,-234.4,314.41,-137.56,-134.96,48.28,-157.27,-216.14,94.35,28.99,-309.29
2025-08-08T20:43:49.776990,335.0,30.0,-214.0,189.0,-164.0,-183.0,15.0,-124.0,-339.0,39.0,69.0,-253.0,302.24,40.59,-219.4,213.41,-166.56,-176.96,4.279999999999999,-156.27,-312.14,37.35,41.989999999999995,-226.29
2025-08-08T20:43:49.784578,306.0,12.0,-205.0,172.0,-128.0,-144.0,41.0,-153.0,-292.0,40.0,120.0,-410.0,273.24,22.59,-210.4,196.41,-130.56,-137.96,30.28,-185.27,-265.14,38.35,92.99,-383.29
2025-08-08T20:43:49.789086,272.0,-11.0,-206.0,85.0,-147.0,-112.0,11.0,-167.0,-245.0,70.0,17.0,-348.0,239.24,-0.41000000000000014,-211.4,109.41,-149.56,-105.96,0.27999999999999936,-199.27,-218.14,68.35,-10.010000000000002,-321.29
2025-08-08T20:43:49.797053,373.0,-8.0,-242.0,211.0,-87.0,-127.0,126.0,-140.0,-351.0,-24.0,9.0,-377.0,340.24,2.59,-247.4,235.41,-89.56,-120.96,115.28,-172.27,-324.14,-25.65,-18.01,-350.29
2025-08-08T20:43:49.802391,317.0,9.0,-159.0,235.0,-77.0,-140.0,89.0,-142.0,-296.0,-1.0,81.0,-371.0,284.24,19.59,-164.4,259.41,-79.56,-133.96,78.28,-174.27,-269.14,-2.65,53.989999999999995,-344.29
2025-08-08T20:43:49.809335,368.0,57.0,-165.0,148.0,-173.0,-138.0,-2.0,-148.0,-330.0,-27.0,12.0,-328.0,335.24,67.59,-170.4,172.41,-175.56,-131.96,-12.72,-180.27,-303.14,-28.65,-15.010000000000002,-301.29
2025-08-08T20:43:49.817049,256.0,22.0,-220.0,148.0,-116.0,-117.0,111.0,-109.0,-212.0,-49.0,22.0,-279.0,223.24,32.59,-225.4,172.41,-118.56,-110.96,100.28,-141.27,-185.14,-50.65,-5.010000000000002,-252.29
2025-08-08T20:43:49.822064,285.0,-3.0,-200.0,154.0,-152.0,-102.0,12.0,-131.0,-193.0,-35.0,36.0,-274.0,252.24,7.59,-205.4,178.41,-154.56,-95.96,1.2799999999999994,-163.27,-166.14,-36.65,8.989999999999998,-247.29
2025-08-08T20:43:49.829523,356.0,14.0,-204.0,182.0,-121.0,-114.0,40.0,-82.0,-274.0,13.0,34.0,-323.0,323.24,24.59,-209.4,206.41,-123.56,-107.96,29.28,-114.27000000000001,-247.14,11.35,6.989999999999998,-296.29
2025-08-08T20:43:49.834872,291.0,16.0,-248.0,250.0,-116.0,-144.0,8.0,-177.0,-327.0,-51.0,94.0,-283.0,258.24,26.59,-253.4,274.41,-118.56,-137.96,-2.7200000000000006,-209.27,-300.14,-52.65,66.99,-256.29
2025-08-08T20:43:49.842389,340.0,-15.0,-219.0,206.0,-81.0,-118.0,23.0,-115.0,-254.0,-3.0,51.0,-364.0,307.24,-4.41,-224.4,230.41,-83.56,-111.96,12.28,-147.27,-227.14,-4.65,23.99,-337.29
2025-08-08T20:43:49.847354,232.0,56.0,-188.0,210.0,-68.0,-128.0,49.0,-148.0,-303.0,20.0,115.0,-274.0,199.24,66.59,-193.4,234.41,-70.56,-121.96,38.28,-180.27,-276.14,18.35,87.99,-247.29
2025-08-08T20:43:49.854765,242.0,8.0,-229.0,219.0,-117.0,-174.0,45.0,-159.0,-229.0,9.0,46.0,-431.0,209.24,18.59,-234.4,243.41,-119.56,-167.96,34.28,-191.27,-202.14,7.35,18.99,-404.29
2025-08-08T20:43:49.862107,289.0,20.0,-218.0,173.0,-135.0,-110.0,146.0,-147.0,-277.0,53.0,79.0,-390.0,256.24,30.59,-223.4,197.41,-137.56,-103.96,135.28,-179.27,-250.14,51.35,51.989999999999995,-363.29
2025-08-08T20:43:49.867280,236.0,4.0,-250.0,150.0,-76.0,-154.0,74.0,-91.0,-284.0,-15.0,58.0,-300.0,203.24,14.59,-255.4,174.41,-78.56,-147.96,63.28,-123.27000000000001,-257.14,-16.65,30.99,-273.29
2025-08-08T20:43:49.874431,306.0,16.0,-171.0,223.0,-50.0,-146.0,98.0,-145.0,-276.0,20.0,75.0,-333.0,273.24,26.59,-176.4,247.41,-52.56,-139.96,87.28,-177.27,-249.14,18.35,47.989999999999995,-306.29
2025-08-08T20:43:49.880008,256.0,10.0,-177.0,180.0,-105.0,-130.0,24.0,-75.0,-272.0,21.0,102.0,-299.0,223.24,20.59,-182.4,204.41,-107.56,-123.96,13.28,-107.27000000000001,-245.14,19.35,74.99,-272.29
2025-08-08T20:43:49.887673,297.0,-19.0,-224.0,175.0,-76.0,-111.0,86.0,-212.0,-305.0,47.0,15.0,-324.0,264.24,-8.41,-229.4,199.41,-78.56,-104.96,75.28,-244.27,-278.14,45.35,-12.010000000000002,-297.29
2025-08-08T20:43:49.894881,282.0,-93.0,-178.0,232.0,-133.0,-154.0,22.0,-75.0,-249.0,49.0,60.0,-384.0,249.24,-82.41,-183.4,256.41,-135.56,-147.96,11.28,-107.27000000000001,-222.14,47.35,32.989999999999995,-357.29
2025-08-08T20:43:49.900082,282.0,-60.0,-251.0,270.0,-79.0,-180.0,61.0,-193.0,-283.0,-3.0,138.0,-339.0,249.24,-49.41,-256.4,294.41,-81.56,-173.96,50.28,-225.27,-256.14,-4.65,110.99,-312.29
2025-08-08T20:43:49.907286,326.0,41.0,-195.0,179.0,-67.0,-116.0,58.0,-177.0,-236.0,-7.0,30.0,-273.0,293.24,51.59,-200.4,203.41,-69.56,-109.96,47.28,-209.27,-209.14,-8.65,2.9899999999999984,-246.29
2025-08-08T20:43:49.912439,329.0,-31.0,-240.0,175.0,-73.0,-180.0,46.0,-143.0,-316.0,3.0,-10.0,-304.0,296.24,-20.41,-245.4,199.41,-75.56,-173.96,35.28,-175.27,-289.14,1.35,-37.010000000000005,-277.29
2025-08-08T20:43:49.919842,316.0,21.0,-193.0,269.0,-70.0,-143.0,44.0,-123.0,-332.0,-53.0,-3.0,-344.0,283.24,31.59,-198.4,293.41,-72.56,-136.96,33.28,-155.27,-305.14,-54.65,-30.01,-317.29
2025-08-08T20:43:49.925195,292.0,30.0,-190.0,194.0,-131.0,-126.0,73.0,-114.0,-216.0,1.0,60.0,-335.0,259.24,40.59,-195.4,218.41,-133.56,-119.96,62.28,-146.27,-189.14,-0.6499999999999999,32.989999999999995,-308.29
2025-08-08T20:43:49.932561,300.0,-56.0,-194.0,194.0,-81.0,-86.0,27.0,-99.0,-303.0,24.0,6.0,-350.0,267.24,-45.41,-199.4,218.41,-83.56,-79.96,16.28,-131.27,-276.14,22.35,-21.01,-323.29
2025-08-08T20:43:49.939923,333.0,-51.0,-192.0,209.0,-159.0,-82.0,10.0,-108.0,-253.0,-10.0,67.0,-372.0,300.24,-40.41,-197.4,233.41,-161.56,-75.96,-0.7200000000000006,-140.27,-226.14,-11.65,39.989999999999995,-345.29
2025-08-08T20:43:49.945167,277.0,-20.0,-207.0,235.0,-125.0,-118.0,116.0,-155.0,-290.0,-29.0,59.0,-346.0,244.24,-9.41,-212.4,259.41,-127.56,-111.96,105.28,-187.27,-263.14,-30.65,31.99,-319.29
2025-08-08T20:43:49.952436,267.0,6.0,-221.0,249.0,-108.0,-113.0,72.0,-106.0,-315.0,40.0,-1.0,-348.0,234.24,16.59,-226.4,273.41,-110.56,-106.96,61.28,-138.27,-288.14,38.35,-28.01,-321.29
2025-08-08T20:43:49.957605,301.0,-30.0,-174.0,212.0,-109.0,-154.0,49.0,-180.0,-301.0,15.0,6.0,-332.0,268.24,-19.41,-179.4,236.41,-111.56,-147.96,38.28,-212.27,-274.14,13.35,-21.01,-305.29
2025-08-08T20:43:49.965168,194.0,-37.0,-155.0,229.0,-29.0,-132.0,112.0,-105.0,-278.0,-44.0,44.0,-351.0,161.24,-26.41,-160.4,253.41,-31.56,-125.96,101.28,-137.27,-251.14,-45.65,16.99,-324.29
2025-08-08T20:43:49.972665,354.0,-21.0,-196.0,242.0,-126.0,-141.0,63.0,-132.0,-234.0,19.0,101.0,-344.0,321.24,-10.41,-201.4,266.41,-128.56,-134.96,52.28,-164.27,-207.14,17.35,73.99,-317.29
2025-08-08T20:43:49.977724,297.0,18.0,-204.0,194.0,-142.0,-153.0,61.0,-125.0,-281.0,-3.0,35.0,-320.0,264.24,28.59,-209.4,218.41,-144.56,-146.96,50.28,-157.27,-254.14,-4.65,7.989999999999998,-293.29
2025-08-08T20:43:49.985020,267.0,5.0,-186.0,198.0,-60.0,-162.0,97.0,-111.0,-306.0,-16.0,89.0,-263.0,234.24,15.59,-191.4,222.41,-62.56,-155.96,86.28,-143.27,-279.14,-17.65,61.989999999999995,-236.29
2025-08-08T20:43:49.990340,219.0,16.0,-262.0,162.0,-125.0,-144.0,8.0,-129.0,-231.0,-20.0,82.0,-343.0,186.24,26.59,-267.4,186.41,-127.56,-137.96,-2.7200000000000006,-161.27,-204.14,-21.65,54.989999999999995,-316.29
2025-08-08T20:43:49.997561,290.0,-110.0,-224.0,226.0,-122.0,-133.0,-9.0,-100.0,-317.0,27.0,62.0,-364.0,257.24,-99.41,-229.4,250.41,-124.56,-126.96,-19.72,-132.27,-290.14,25.35,34.989999999999995,-337.29
2025-08-08T20:43:50.002998,298.0,3.0,-147.0,154.0,-76.0,-118.0,52.0,-102.0,-285.0,-65.0,17.0,-285.0,265.24,13.59,-152.4,178.41,-78.56,-111.96,41.28,-134.27,-258.14,-66.65,-10.010000000000002,-258.29
2025-08-08T20:43:50.010376,273.0,83.0,-206.0,215.0,-111.0,-153.0,132.0,-163.0,-225.0,-77.0,68.0,-408.0,240.24,93.59,-211.4,239.41,-113.56,-146.96,121.28,-195.27,-198.14,-78.65,40.989999999999995,-381.29
2025-08-08T20:43:50.017877,318.0,53.0,-257.0,113.0,-127.0,-97.0,31.0,-120.0,-253.0,30.0,44.0,-330.0,285.24,63.59,-262.4,137.41,-129.56,-90.96,20.28,-152.27,-226.14,28.35,16.99,-303.29
2025-08-08T20:43:50.023365,296.0,-5.0,-162.0,238.0,-146.0,-144.0,31.0,-80.0,-263.0,-23.0,114.0,-267.0,263.24,5.59,-167.4,262.41,-148.56,-137.96,20.28,-112.27000000000001,-236.14,-24.65,86.99,-240.29
2025-08-08T20:43:50.030301,248.0,47.0,-221.0,235.0,-63.0,-155.0,37.0,-142.0,-223.0,-53.0,33.0,-362.0,215.24,57.59,-226.4,259.41,-65.56,-148.96,26.28,-174.27,-196.14,-54.65,5.989999999999998,-335.29
2025-08-08T20:43:50.034578,298.0,-19.0,-176.0,238.0,-133.0,-133.0,69.0,-110.0,-318.0,8.0,136.0,-363.0,265.24,-8.41,-181.4,262.41,-135.56,-126.96,58.28,-142.27,-291.14,6.35,108.99,-336.29
2025-08-08T20:43:50.043122,315.0,48.0,-204.0,198.0,-85.0,-179.0,21.0,-82.0,-288.0,-48.0,94.0,-302.0,282.24,58.59,-209.4,222.41,-87.56,-172.96,10.28,-114.27000000000001,-261.14,-49.65,66.99,-275.29
2025-08-08T20:43:50.047481,241.0,5.0,-212.0,200.0,-69.0,-174.0,17.0,-154.0,-176.0,31.0,119.0,-331.0,208.24,15.59,-217.4,224.41,-71.56,-167.96,6.279999999999999,-186.27,-149.14,29.35,91.99,-304.29
2025-08-08T20:43:50.055115,320.0,-1.0,-248.0,150.0,-154.0,-176.0,0.0,-66.0,-301.0,61.0,17.0,-306.0,287.24,9.59,-253.4,174.41,-156.56,-169.96,-10.72,-98.27000000000001,-274.14,59.35,-10.010000000000002,-279.29
2025-08-08T20:43:50.062912,290.0,14.0,-145.0,192.0,-115.0,-136.0,50.0,-171.0,-282.0,61.0,83.0,-364.0,257.24,24.59,-150.4,216.41,-117.56,-129.96,39.28,-203.27,-255.14,59.35,55.989999999999995,-337.29
2025-08-08T20:43:50.068147,290.0,-11.0,-124.0,211.0,-135.0,-186.0,73.0,-196.0,-320.0,-7.0,12.0,-305.0,257.24,-0.41000000000000014,-129.4,235.41,-137.56,-179.96,62.28,-228.27,-293.14,-8.65,-15.010000000000002,-278.29
2025-08-08T20:43:50.075159,226.0,2.0,-226.0,179.0,-80.0,-109.0,25.0,-86.0,-329.0,6.0,85.0,-332.0,193.24,12.59,-231.4,203.41,-82.56,-102.96,14.28,-118.27000000000001,-302.14,4.35,57.989999999999995,-305.29
2025-08-08T20:43:50.080896,288.0,-1.0,-241.0,193.0,-103.0,-122.0,24.0,-77.0,-262.0,-39.0,141.0,-326.0,255.24,9.59,-246.4,217.41,-105.56,-115.96,13.28,-109.27000000000001,-235.14,-40.65,113.99,-299.29
2025-08-08T20:43:50.087812,311.0,-24.0,-176.0,196.0,-84.0,-135.0,84.0,-119.0,-285.0,-15.0,51.0,-342.0,278.24,-13.41,-181.4,220.41,-86.56,-128.96,73.28,-151.27,-258.14,-16.65,23.99,-315.29
2025-08-08T20:43:50.095524,231.0,43.0,-202.0,208.0,-174.0,-196.0,18.0,-159.0,-257.0,-14.0,62.0,-313.0,198.24,53.59,-207.4,232.41,-176.56,-189.96,7.279999999999999,-191.27,-230.14,-15.65,34.989999999999995,-286.29
2025-08-08T20:43:50.100945,346.0,53.0,-216.0,182.0,-123.0,-148.0,33.0,-111.0,-281.0,-13.0,40.0,-309.0,313.24,63.59,-221.4,206.41,-125.56,-141.96,22.28,-143.27,-254.14,-14.65,12.989999999999998,-282.29
2025-08-08T20:43:50.107987,284.0,-48.0,-199.0,211.0,-60.0,-117.0,17.0,-74.0,-285.0,9.0,60.0,-313.0,251.24,-37.41,-204.4,235.41,-62.56,-110.96,6.279999999999999,-106.27000000000001,-258.14,7.35,32.989999999999995,-286.29
2025-08-08T20:43:50.112877,300.0,20.0,-220.0,232.0,-184.0,-156.0,29.0,-154.0,-215.0,-11.0,24.0,-351.0,267.24,30.59,-225.4,256.41,-186.56,-149.96,18.28,-186.27,-188.14,-12.65,-3.0100000000000016,-324.29
2025-08-08T20:43:50.120875,305.0,-15.0,-203.0,190.0,-113.0,-105.0,56.0,-105.0,-246.0,-2.0,63.0,-365.0,272.24,-4.41,-208.4,214.41,-115.56,-98.96,45.28,-137.27,-219.14,-3.65,35.989999999999995,-338.29
2025-08-08T20:43:50.126008,293.0,-1.0,-123.0,237.0,-127.0,-113.0,78.0,-77.0,-260.0,-8.0,62.0,-335.0,260.24,9.59,-128.4,261.41,-129.56,-106.96,67.28,-109.27000000000001,-233.14,-9.65,34.989999999999995,-308.29
2025-08-08T20:43:50.133678,219.0,-26.0,-245.0,201.0,-68.0,-103.0,75.0,-87.0,-250.0,-55.0,95.0,-363.0,186.24,-15.41,-250.4,225.41,-70.56,-96.96,64.28,-119.27000000000001,-223.14,-56.65,67.99,-336.29
2025-08-08T20:43:50.140588,295.0,2.0,-249.0,228.0,-88.0,-181.0,110.0,-121.0,-261.0,-27.0,57.0,-392.0,262.24,12.59,-254.4,252.41,-90.56,-174.96,99.28,-153.27,-234.14,-28.65,29.99,-365.29
2025-08-08T20:43:50.145784,277.0,-8.0,-238.0,175.0,-140.0,-141.0,19.0,-75.0,-344.0,-29.0,-22.0,-377.0,244.24,2.59,-243.4,199.41,-142.56,-134.96,8.28,-107.27000000000001,-317.14,-30.65,-49.010000000000005,-350.29
2025-08-08T20:43:50.153372,290.0,25.0,-149.0,236.0,-81.0,-201.0,25.0,-132.0,-300.0,-18.0,106.0,-347.0,257.24,35.59,-154.4,260.41,-83.56,-194.96,14.28,-164.27,-273.14,-19.65,78.99,-320.29
2025-08-08T20:43:50.157821,218.0,-71.0,-123.0,238.0,-135.0,-170.0,-5.0,-88.0,-343.0,-9.0,38.0,-347.0,185.24,-60.41,-128.4,262.41,-137.56,-163.96,-15.72,-120.27000000000001,-316.14,-10.65,10.989999999999998,-320.29
2025-08-08T20:43:50.165867,262.0,1.0,-205.0,276.0,-192.0,-140.0,20.0,-147.0,-300.0,67.0,8.0,-311.0,229.24,11.59,-210.4,300.41,-194.56,-133.96,9.28,-179.27,-273.14,65.35,-19.01,-284.29
2025-08-08T20:43:50.171135,269.0,-101.0,-297.0,190.0,-84.0,-158.0,31.0,-134.0,-305.0,-12.0,111.0,-297.0,236.24,-90.41,-302.4,214.41,-86.56,-151.96,20.28,-166.27,-278.14,-13.65,83.99,-270.29
2025-08-08T20:43:50.178360,282.0,-45.0,-173.0,208.0,-135.0,-122.0,-22.0,-112.0,-298.0,44.0,32.0,-352.0,249.24,-34.41,-178.4,232.41,-137.56,-115.96,-32.72,-144.27,-271.14,42.35,4.989999999999998,-325.29
2025-08-08T20:43:50.185627,263.0,-46.0,-160.0,197.0,-115.0,-95.0,6.0,-79.0,-357.0,1.0,111.0,-273.0,230.24,-35.41,-165.4,221.41,-117.56,-88.96,-4.720000000000001,-111.27000000000001,-330.14,-0.6499999999999999,83.99,-246.29
2025-08-08T20:43:50.190555,261.0,30.0,-189.0,184.0,-138.0,-166.0,51.0,-98.0,-283.0,-41.0,97.0,-371.0,228.24,40.59,-194.4,208.41,-140.56,-159.96,40.28,-130.27,-256.14,-42.65,69.99,-344.29
2025-08-08T20:43:50.198298,344.0,-54.0,-249.0,207.0,-94.0,-109.0,46.0,-118.0,-210.0,15.0,107.0,-361.0,311.24,-43.41,-254.4,231.41,-96.56,-102.96,35.28,-150.27,-183.14,13.35,79.99,-334.29
2025-08-08T20:43:50.203581,272.0,22.0,-182.0,236.0,-133.0,-129.0,65.0,-60.0,-296.0,4.0,34.0,-261.0,239.24,32.59,-187.4,260.41,-135.56,-122.96,54.28,-92.27000000000001,-269.14,2.35,6.989999999999998,-234.29
2025-08-08T20:43:50.211168,199.0,-41.0,-208.0,205.0,-97.0,-120.0,43.0,-143.0,-232.0,-21.0,42.0,-313.0,166.24,-30.41,-213.4,229.41,-99.56,-113.96,32.28,-175.27,-205.14,-22.65,14.989999999999998,-286.29
2025-08-08T20:43:50.218461,335.0,-59.0,-218.0,199.0,-115.0,-203.0,48.0,-146.0,-283.0,2.0,97.0,-357.0,302.24,-48.41,-223.4,223.41,-117.56,-196.96,37.28,-178.27,-256.14,0.3500000000000001,69.99,-330.29
2025-08-08T20:43:50.223728,254.0,-27.0,-185.0,257.0,-102.0,-150.0,47.0,-115.0,-312.0,13.0,77.0,-319.0,221.24,-16.41,-190.4,281.41,-104.56,-143.96,36.28,-147.27,-285.14,11.35,49.989999999999995,-292.29
2025-08-08T20:43:50.230779,353.0,-77.0,-227.0,154.0,-169.0,-142.0,43.0,-109.0,-343.0,6.0,55.0,-384.0,320.24,-66.41,-232.4,178.41,-171.56,-135.96,32.28,-141.27,-316.14,4.35,27.99,-357.29
2025-08-08T20:43:50.236456,321.0,-57.0,-203.0,212.0,-62.0,-177.0,-23.0,-156.0,-248.0,9.0,84.0,-328.0,288.24,-46.41,-208.4,236.41,-64.56,-170.96,-33.72,-188.27,-221.14,7.35,56.989999999999995,-301.29
2025-08-08T20:43:50.243467,296.0,-37.0,-243.0,208.0,-145.0,-115.0,44.0,-120.0,-292.0,-15.0,29.0,-341.0,263.24,-26.41,-248.4,232.41,-147.56,-108.96,33.28,-152.27,-265.14,-16.65,1.9899999999999984,-314.29
2025-08-08T20:43:50.248809,271.0,-3.0,-180.0,291.0,-132.0,-92.0,-23.0,-149.0,-279.0,-37.0,140.0,-324.0,238.24,7.59,-185.4,315.41,-134.56,-85.96,-33.72,-181.27,-252.14,-38.65,112.99,-297.29
2025-08-08T20:43:50.256404,305.0,-15.0,-208.0,244.0,-136.0,-145.0,16.0,-106.0,-320.0,-42.0,64.0,-370.0,272.24,-4.41,-213.4,268.41,-138.56,-138.96,5.279999999999999,-138.27,-293.14,-43.65,36.989999999999995,-343.29
2025-08-08T20:43:50.263942,318.0,23.0,-209.0,220.0,-90.0,-102.0,74.0,-158.0,-241.0,9.0,-17.0,-354.0,285.24,33.59,-214.4,244.41,-92.56,-95.96,63.28,-190.27,-214.14,7.35,-44.010000000000005,-327.29
2025-08-08T20:43:50.269379,249.0,-22.0,-249.0,224.0,-111.0,-195.0,79.0,-179.0,-321.0,-46.0,45.0,-349.0,216.24,-11.41,-254.4,248.41,-113.56,-188.96,68.28,-211.27,-294.14,-47.65,17.99,-322.29
2025-08-08T20:43:50.275883,308.0,34.0,-248.0,242.0,-114.0,-156.0,4.0,-86.0,-285.0,40.0,77.0,-371.0,275.24,44.59,-253.4,266.41,-116.56,-149.96,-6.720000000000001,-118.27000000000001,-258.14,38.35,49.989999999999995,-344.29
2025-08-08T20:43:50.281614,268.0,-66.0,-215.0,181.0,-53.0,-138.0,7.0,-116.0,-278.0,-32.0,74.0,-276.0,235.24,-55.41,-220.4,205.41,-55.56,-131.96,-3.7200000000000006,-148.27,-251.14,-33.65,46.989999999999995,-249.29
2025-08-08T20:43:50.288561,219.0,-73.0,-167.0,229.0,-68.0,-146.0,56.0,-170.0,-301.0,11.0,130.0,-335.0,186.24,-62.41,-172.4,253.41,-70.56,-139.96,45.28,-202.27,-274.14,9.35,102.99,-308.29
2025-08-08T20:43:50.296207,258.0,25.0,-201.0,212.0,-103.0,-124.0,-1.0,-96.0,-256.0,20.0,76.0,-329.0,225.24,35.59,-206.4,236.41,-105.56,-117.96,-11.72,-128.27,-229.14,18.35,48.989999999999995,-302.29
2025-08-08T20:43:50.301608,347.0,-31.0,-195.0,212.0,-116.0,-144.0,41.0,-133.0,-351.0,45.0,61.0,-326.0,314.24,-20.41,-200.4,236.41,-118.56,-137.96,30.28,-165.27,-324.14,43.35,33.989999999999995,-299.29
2025-08-08T20:43:50.308601,275.0,27.0,-172.0,118.0,-90.0,-183.0,87.0,-131.0,-272.0,-8.0,101.0,-341.0,242.24,37.59,-177.4,142.41,-92.56,-176.96,76.28,-163.27,-245.14,-9.65,73.99,-314.29
2025-08-08T20:43:50.314068,350.0,9.0,-220.0,178.0,-83.0,-105.0,51.0,-160.0,-291.0,39.0,108.0,-393.0,317.24,19.59,-225.4,202.41,-85.56,-98.96,40.28,-192.27,-264.14,37.35,80.99,-366.29
2025-08-08T20:43:50.321574,285.0,-85.0,-179.0,188.0,-54.0,-159.0,69.0,-65.0,-344.0,-25.0,52.0,-284.0,252.24,-74.41,-184.4,212.41,-56.56,-152.96,58.28,-97.27000000000001,-317.14,-26.65,24.99,-257.29
2025-08-08T20:43:50.325853,285.0,-47.0,-96.0,175.0,-92.0,-107.0,95.0,-118.0,-301.0,-43.0,127.0,-347.0,252.24,-36.41,-101.4,199.41,-94.56,-100.96,84.28,-150.27,-274.14,-44.65,99.99,-320.29
2025-08-08T20:43:50.333275,319.0,-16.0,-246.0,210.0,-75.0,-167.0,-23.0,-114.0,-208.0,59.0,60.0,-345.0,286.24,-5.41,-251.4,234.41,-77.56,-160.96,-33.72,-146.27,-181.14,57.35,32.989999999999995,-318.29
2025-08-08T20:43:50.341440,355.0,-72.0,-255.0,196.0,-88.0,-120.0,51.0,-139.0,-324.0,40.0,10.0,-361.0,322.24,-61.41,-260.4,220.41,-90.56,-113.96,40.28,-171.27,-297.14,38.35,-17.01,-334.29
2025-08-08T20:43:50.347068,266.0,16.0,-224.0,209.0,-115.0,-139.0,16.0,-102.0,-292.0,75.0,44.0,-330.0,233.24,26.59,-229.4,233.41,-117.56,-132.96,5.279999999999999,-134.27,-265.14,73.35,16.99,-303.29
2025-08-08T20:43:50.354098,324.0,9.0,-243.0,210.0,-145.0,-113.0,10.0,-177.0,-320.0,-2.0,157.0,-355.0,291.24,19.59,-248.4,234.41,-147.56,-106.96,-0.7200000000000006,-209.27,-293.14,-3.65,129.99,-328.29
2025-08-08T20:43:50.359506,291.0,-85.0,-160.0,206.0,-115.0,-145.0,-32.0,-162.0,-308.0,10.0,40.0,-283.0,258.24,-74.41,-165.4,230.41,-117.56,-138.96,-42.72,-194.27,-281.14,8.35,12.989999999999998,-256.29
2025-08-08T20:43:50.366407,269.0,-7.0,-174.0,125.0,-61.0,-101.0,-7.0,-137.0,-283.0,-59.0,84.0,-267.0,236.24,3.59,-179.4,149.41,-63.56,-94.96,-17.72,-169.27,-256.14,-60.65,56.989999999999995,-240.29
2025-08-08T20:43:50.370981,245.0,-5.0,-226.0,227.0,-96.0,-168.0,82.0,-121.0,-269.0,-50.0,94.0,-302.0,212.24,5.59,-231.4,251.41,-98.56,-161.96,71.28,-153.27,-242.14,-51.65,66.99,-275.29
2025-08-08T20:43:50.378584,366.0,-41.0,-252.0,108.0,-90.0,-139.0,63.0,-95.0,-243.0,11.0,24.0,-318.0,333.24,-30.41,-257.4,132.41,-92.56,-132.96,52.28,-127.27000000000001,-216.14,9.35,-3.0100000000000016,-291.29
2025-08-08T20:43:50.386513,331.0,-4.0,-158.0,213.0,-133.0,-194.0,43.0,-56.0,-333.0,15.0,-4.0,-297.0,298.24,6.59,-163.4,237.41,-135.56,-187.96,32.28,-88.27000000000001,-306.14,13.35,-31.01,-270.29
2025-08-08T20:43:50.391585,249.0,70.0,-158.0,172.0,-49.0,-168.0,40.0,-90.0,-190.0,0.0,106.0,-268.0,216.24,80.59,-163.4,196.41,-51.56,-161.96,29.28,-122.27000000000001,-163.14,-1.65,78.99,-241.29
2025-08-08T20:43:50.399243,244.0,33.0,-171.0,98.0,-140.0,-127.0,20.0,-77.0,-209.0,-89.0,114.0,-298.0,211.24,43.59,-176.4,122.41,-142.56,-120.96,9.28,-109.27000000000001,-182.14,-90.65,86.99,-271.29
2025-08-08T20:43:50.404457,212.0,-7.0,-226.0,78.0,-91.0,-166.0,38.0,-67.0,-267.0,-28.0,13.0,-241.0,179.24,3.59,-231.4,102.41,-93.56,-159.96,27.28,-99.27000000000001,-240.14,-29.65,-14.010000000000002,-214.29
2025-08-08T20:43:50.411080,185.0,-82.0,-109.0,127.0,-58.0,-121.0,22.0,-81.0,-213.0,-5.0,69.0,-185.0,152.24,-71.41,-114.4,151.41,-60.56,-114.96,11.28,-113.27000000000001,-186.14,-6.65,41.989999999999995,-158.29
2025-08-08T20:43:50.416649,106.0,-28.0,-144.0,89.0,36.0,-166.0,22.0,-92.0,-184.0,-54.0,31.0,-272.0,73.24000000000001,-17.41,-149.4,113.41,33.44,-159.96,11.28,-124.27000000000001,-157.14,-55.65,3.9899999999999984,-245.29
2025-08-08T20:43:50.424077,193.0,59.0,-190.0,67.0,-89.0,-139.0,-91.0,-9.0,-124.0,-40.0,95.0,-251.0,160.24,69.59,-195.4,91.41,-91.56,-132.96,-101.72,-41.27,-97.14,-41.65,67.99,-224.29
2025-08-08T20:43:50.428159,243.0,44.0,-167.0,88.0,-62.0,-106.0,40.0,-46.0,-186.0,-25.0,4.0,-245.0,210.24,54.59,-172.4,112.41,-64.56,-99.96,29.28,-78.27000000000001,-159.14,-26.65,-23.01,-218.29
2025-08-08T20:43:50.436709,143.0,-49.0,-171.0,108.0,4.0,-153.0,-15.0,-39.0,-154.0,-24.0,10.0,-227.0,110.24000000000001,-38.41,-176.4,132.41,1.44,-146.96,-25.72,-71.27000000000001,-127.14,-25.65,-17.01,-200.29
2025-08-08T20:43:50.444067,125.0,-16.0,-104.0,33.0,-25.0,-139.0,-46.0,0.0,-135.0,25.0,42.0,-178.0,92.24000000000001,-5.41,-109.4,57.41,-27.56,-132.96,-56.72,-32.27,-108.14,23.35,14.989999999999998,-151.29
2025-08-08T20:43:50.448451,56.0,4.0,-93.0,33.0,-25.0,-148.0,30.0,37.0,-274.0,-31.0,87.0,-145.0,23.240000000000002,14.59,-98.4,57.41,-27.56,-141.96,19.28,4.729999999999997,-247.14,-32.65,59.989999999999995,-118.28999999999999
2025-08-08T20:43:50.456561,123.0,69.0,-169.0,9.0,-79.0,-189.0,46.0,16.0,-219.0,-83.0,109.0,-232.0,90.24000000000001,79.59,-174.4,33.41,-81.56,-182.96,35.28,-16.270000000000003,-192.14,-84.65,81.99,-205.29
2025-08-08T20:43:50.461102,82.0,48.0,-187.0,61.0,-51.0,-177.0,-2.0,-11.0,-192.0,-45.0,3.0,-159.0,49.24,58.59,-192.4,85.41,-53.56,-170.96,-12.72,-43.27,-165.14,-46.65,-24.01,-132.29
2025-08-08T20:43:50.468326,71.0,54.0,-160.0,59.0,-28.0,-55.0,-60.0,-76.0,-90.0,-122.0,6.0,-143.0,38.24,64.59,-165.4,83.41,-30.56,-48.96,-70.72,-108.27000000000001,-63.14,-123.65,-21.01,-116.28999999999999
2025-08-08T20:43:50.473577,103.0,-15.0,-159.0,30.0,-17.0,-111.0,-26.0,91.0,-169.0,-84.0,103.0,-171.0,70.24000000000001,-4.41,-164.4,54.41,-19.56,-104.96,-36.72,58.73,-142.14,-85.65,75.99,-144.29
2025-08-08T20:43:50.481694,163.0,6.0,-153.0,34.0,-54.0,-145.0,-89.0,32.0,-192.0,-41.0,120.0,-183.0,130.24,16.59,-158.4,58.41,-56.56,-138.96,-99.72,-0.2700000000000031,-165.14,-42.65,92.99,-156.29
2025-08-08T20:43:50.486151,21.0,-17.0,-112.0,50.0,-17.0,-163.0,-30.0,-34.0,-209.0,-15.0,41.0,-207.0,-11.759999999999998,-6.41,-117.4,74.41,-19.56,-156.96,-40.72,-66.27000000000001,-182.14,-16.65,13.989999999999998,-180.29
2025-08-08T20:43:50.493490,77.0,90.0,-74.0,8.0,-13.0,-42.0,-43.0,-67.0,-100.0,-43.0,5.0,-139.0,44.24,100.59,-79.4,32.41,-15.56,-35.96,-53.72,-99.27000000000001,-73.14,-44.65,-22.01,-112.28999999999999
2025-08-08T20:43:50.498186,97.0,43.0,-139.0,30.0,-25.0,-150.0,-38.0,-55.0,-164.0,-39.0,79.0,-94.0,64.24000000000001,53.59,-144.4,54.41,-27.56,-143.96,-48.72,-87.27000000000001,-137.14,-40.65,51.989999999999995,-67.28999999999999
2025-08-08T20:43:50.505432,117.0,81.0,-98.0,0.0,-46.0,-127.0,-62.0,5.0,-130.0,-111.0,58.0,-104.0,84.24000000000001,91.59,-103.4,24.41,-48.56,-120.96,-72.72,-27.270000000000003,-103.14,-112.65,30.99,-77.28999999999999
2025-08-08T20:43:50.513556,120.0,20.0,-215.0,-46.0,-45.0,-131.0,-28.0,-11.0,-113.0,-52.0,-13.0,-201.0,87.24000000000001,30.59,-220.4,-21.59,-47.56,-124.96,-38.72,-43.27,-86.14,-53.65,-40.010000000000005,-174.29
2025-08-08T20:43:50.517791,89.0,-29.0,-86.0,17.0,5.0,-121.0,-36.0,-33.0,-172.0,-49.0,5.0,-179.0,56.24,-18.41,-91.4,41.41,2.44,-114.96,-46.72,-65.27000000000001,-145.14,-50.65,-22.01,-152.29
2025-08-08T20:43:50.525750,75.0,9.0,-132.0,33.0,-76.0,-107.0,-45.0,-68.0,-195.0,-36.0,70.0,-82.0,42.24,19.59,-137.4,57.41,-78.56,-100.96,-55.72,-100.27000000000001,-168.14,-37.65,42.989999999999995,-55.29
2025-08-08T20:43:50.531169,43.0,-10.0,-78.0,-26.0,-36.0,-81.0,-43.0,-47.0,-113.0,-33.0,30.0,-121.0,10.240000000000002,0.5899999999999999,-83.4,-1.5899999999999999,-38.56,-74.96,-53.72,-79.27000000000001,-86.14,-34.65,2.9899999999999984,-94.28999999999999
2025-08-08T20:43:50.538111,121.0,30.0,-120.0,45.0,-60.0,-128.0,-78.0,33.0,-131.0,-67.0,66.0,-117.0,88.24000000000001,40.59,-125.4,69.41,-62.56,-121.96,-88.72,0.7299999999999969,-104.14,-68.65,38.989999999999995,-90.28999999999999
2025-08-08T20:43:50.542766,85.0,93.0,-147.0,24.0,-50.0,-150.0,-53.0,77.0,-113.0,-75.0,55.0,-124.0,52.24,103.59,-152.4,48.41,-52.56,-143.96,-63.72,44.73,-86.14,-76.65,27.99,-97.28999999999999
2025-08-08T20:43:50.550443,88.0,-3.0,-119.0,87.0,-101.0,-96.0,24.0,-57.0,-130.0,-43.0,69.0,-151.0,55.24,7.59,-124.4,111.41,-103.56,-89.96,13.28,-89.27000000000001,-103.14,-44.65,41.989999999999995,-124.28999999999999
2025-08-08T20:43:50.555062,42.0,-54.0,-48.0,127.0,-51.0,-152.0,17.0,-40.0,-177.0,-70.0,29.0,-153.0,9.240000000000002,-43.41,-53.4,151.41,-53.56,-145.96,6.279999999999999,-72.27000000000001,-150.14,-71.65,1.9899999999999984,-126.28999999999999
2025-08-08T20:43:50.562831,103.0,71.0,-130.0,-1.0,-10.0,-92.0,55.0,-10.0,-180.0,-29.0,36.0,-126.0,70.24000000000001,81.59,-135.4,23.41,-12.56,-85.96,44.28,-42.27,-153.14,-30.65,8.989999999999998,-99.28999999999999
2025-08-08T20:43:50.567866,63.0,15.0,-129.0,38.0,-58.0,-152.0,-46.0,-58.0,-123.0,-60.0,48.0,-81.0,30.240000000000002,25.59,-134.4,62.41,-60.56,-145.96,-56.72,-90.27000000000001,-96.14,-61.65,20.99,-54.29
2025-08-08T20:43:50.575430,142.0,103.0,-133.0,-40.0,-3.0,-159.0,-89.0,11.0,-78.0,-77.0,75.0,-147.0,109.24000000000001,113.59,-138.4,-15.59,-5.5600000000000005,-152.96,-99.72,-21.270000000000003,-51.14,-78.65,47.989999999999995,-120.28999999999999
2025-08-08T20:43:50.580540,62.0,-18.0,-162.0,-27.0,39.0,-151.0,-68.0,10.0,-112.0,-44.0,30.0,-174.0,29.240000000000002,-7.41,-167.4,-2.59,36.44,-144.96,-78.72,-22.270000000000003,-85.14,-45.65,2.9899999999999984,-147.29
2025-08-08T20:43:50.587557,55.0,14.0,-56.0,19.0,15.0,-92.0,16.0,-3.0,-141.0,-92.0,4.0,-76.0,22.240000000000002,24.59,-61.4,43.41,12.44,-85.96,5.279999999999999,-35.27,-114.14,-93.65,-23.01,-49.29
2025-08-08T20:43:50.592312,92.0,-14.0,-133.0,66.0,-25.0,-83.0,-8.0,27.0,-119.0,-25.0,49.0,-155.0,59.24,-3.41,-138.4,90.41,-27.56,-76.96,-18.72,-5.270000000000003,-92.14,-26.65,21.99,-128.29
2025-08-08T20:43:50.599628,37.0,18.0,-153.0,22.0,31.0,-102.0,25.0,39.0,-130.0,-66.0,-19.0,-137.0,4.240000000000002,28.59,-158.4,46.41,28.44,-95.96,14.28,6.729999999999997,-103.14,-67.65,-46.010000000000005,-110.28999999999999
2025-08-08T20:43:50.607527,33.0,22.0,-101.0,10.0,22.0,-125.0,-52.0,33.0,-98.0,-10.0,59.0,-153.0,0.240000000000002,32.59,-106.4,34.41,19.44,-118.96,-62.72,0.7299999999999969,-71.14,-11.65,31.99,-126.28999999999999
2025-08-08T20:43:50.612476,-4.0,11.0,-68.0,64.0,-51.0,-151.0,7.0,-12.0,-151.0,-91.0,62.0,-124.0,-36.76,21.59,-73.4,88.41,-53.56,-144.96,-3.7200000000000006,-44.27,-124.14,-92.65,34.989999999999995,-97.28999999999999
2025-08-08T20:43:50.619996,97.0,30.0,-139.0,31.0,-41.0,-115.0,-75.0,81.0,-129.0,-88.0,42.0,-130.0,64.24000000000001,40.59,-144.4,55.41,-43.56,-108.96,-85.72,48.73,-102.14,-89.65,14.989999999999998,-103.28999999999999
2025-08-08T20:43:50.624653,115.0,-45.0,-142.0,68.0,-84.0,-87.0,-68.0,15.0,-154.0,-64.0,27.0,-116.0,82.24000000000001,-34.41,-147.4,92.41,-86.56,-80.96,-78.72,-17.270000000000003,-127.14,-65.65,-0.010000000000001563,-89.28999999999999
2025-08-08T20:43:50.632145,58.0,49.0,-127.0,23.0,-21.0,-138.0,3.0,-24.0,-178.0,-68.0,75.0,-214.0,25.240000000000002,59.59,-132.4,47.41,-23.56,-131.96,-7.720000000000001,-56.27,-151.14,-69.65,47.989999999999995,-187.29
2025-08-08T20:43:50.636769,88.0,-47.0,-54.0,45.0,-2.0,-163.0,-22.0,71.0,-116.0,-33.0,12.0,-99.0,55.24,-36.41,-59.4,69.41,-4.5600000000000005,-156.96,-32.72,38.73,-89.14,-34.65,-15.010000000000002,-72.28999999999999
2025-08-08T20:43:50.644736,72.0,39.0,-77.0,-33.0,-51.0,-112.0,-28.0,-55.0,-102.0,3.0,98.0,-82.0,39.24,49.59,-82.4,-8.59,-53.56,-105.96,-38.72,-87.27000000000001,-75.14,1.35,70.99,-55.29
2025-08-08T20:43:50.648820,80.0,83.0,-179.0,-15.0,-23.0,-66.0,-59.0,24.0,-128.0,-19.0,7.0,-143.0,47.24,93.59,-184.4,9.41,-25.56,-59.96,-69.72,-8.270000000000003,-101.14,-20.65,-20.01,-116.28999999999999
2025-08-08T20:43:50.656971,74.0,56.0,-104.0,-3.0,-1.0,-61.0,-48.0,14.0,-205.0,-76.0,55.0,-207.0,41.24,66.59,-109.4,21.41,-3.56,-54.96,-58.72,-18.270000000000003,-178.14,-77.65,27.99,-180.29
2025-08-08T20:43:50.662021,56.0,50.0,-121.0,67.0,3.0,-131.0,-10.0,98.0,-189.0,-49.0,62.0,-175.0,23.240000000000002,60.59,-126.4,91.41,0.43999999999999995,-124.96,-20.72,65.72999999999999,-162.14,-50.65,34.989999999999995,-148.29
2025-08-08T20:43:50.669815,79.0,-5.0,-75.0,17.0,-17.0,-179.0,-39.0,-33.0,-144.0,-37.0,-23.0,-148.0,46.24,5.59,-80.4,41.41,-19.56,-172.96,-49.72,-65.27000000000001,-117.14,-38.65,-50.010000000000005,-121.28999999999999
2025-08-08T20:43:50.674512,105.0,-47.0,-112.0,4.0,-32.0,-99.0,-12.0,-49.0,-117.0,-24.0,39.0,-124.0,72.24000000000001,-36.41,-117.4,28.41,-34.56,-92.96,-22.72,-81.27000000000001,-90.14,-25.65,11.989999999999998,-97.28999999999999
2025-08-08T20:43:50.681333,26.0,-29.0,-105.0,77.0,24.0,-166.0,-26.0,41.0,-84.0,-75.0,55.0,-128.0,-6.759999999999998,-18.41,-110.4,101.41,21.44,-159.96,-36.72,8.729999999999997,-57.14,-76.65,27.99,-101.28999999999999
2025-08-08T20:43:50.686434,-4.0,43.0,-184.0,-15.0,8.0,-100.0,-4.0,-30.0,-41.0,-22.0,62.0,-100.0,-36.76,53.59,-189.4,9.41,5.4399999999999995,-93.96,-14.72,-62.27,-14.14,-23.65,34.989999999999995,-73.28999999999999
2025-08-08T20:43:50.693931,102.0,85.0,-162.0,52.0,-7.0,-124.0,-83.0,9.0,-146.0,-53.0,44.0,-149.0,69.24000000000001,95.59,-167.4,76.41,-9.56,-117.96,-93.72,-23.270000000000003,-119.14,-54.65,16.99,-122.28999999999999
2025-08-08T20:43:50.699267,94.0,-54.0,-130.0,9.0,-13.0,-191.0,-6.0,-8.0,-172.0,-31.0,46.0,-185.0,61.24,-43.41,-135.4,33.41,-15.56,-184.96,-16.72,-40.27,-145.14,-32.65,18.99,-158.29
2025-08-08T20:43:50.706651,120.0,-34.0,-24.0,31.0,-14.0,-101.0,-68.0,-13.0,-166.0,35.0,46.0,-146.0,87.24000000000001,-23.41,-29.4,55.41,-16.56,-94.96,-78.72,-45.27,-139.14,33.35,18.99,-119.28999999999999
2025-08-08T20:43:50.710604,69.0,37.0,-89.0,30.0,-83.0,-102.0,9.0,-79.0,-104.0,-17.0,61.0,-95.0,36.24,47.59,-94.4,54.41,-85.56,-95.96,-1.7200000000000006,-111.27000000000001,-77.14,-18.65,33.989999999999995,-68.28999999999999
2025-08-08T20:43:50.718731,36.0,77.0,-82.0,14.0,13.0,-46.0,-74.0,-12.0,-120.0,-52.0,20.0,-159.0,3.240000000000002,87.59,-87.4,38.41,10.44,-39.96,-84.72,-44.27,-93.14,-53.65,-7.010000000000002,-132.29
2025-08-08T20:43:50.723039,67.0,9.0,-73.0,42.0,-38.0,-100.0,8.0,47.0,-105.0,-53.0,68.0,-118.0,34.24,19.59,-78.4,66.41,-40.56,-93.96,-2.7200000000000006,14.729999999999997,-78.14,-54.65,40.989999999999995,-91.28999999999999
2025-08-08T20:43:50.731792,52.0,38.0,-174.0,-41.0,-67.0,-131.0,-45.0,-19.0,-160.0,-80.0,58.0,-189.0,19.240000000000002,48.59,-179.4,-16.59,-69.56,-124.96,-55.72,-51.27,-133.14,-81.65,30.99,-162.29
2025-08-08T20:43:50.738831,127.0,8.0,-106.0,4.0,45.0,-73.0,-49.0,-31.0,-196.0,35.0,78.0,-196.0,94.24000000000001,18.59,-111.4,28.41,42.44,-66.96,-59.72,-63.27,-169.14,33.35,50.989999999999995,-169.29
2025-08-08T20:43:50.744404,135.0,17.0,-105.0,1.0,-14.0,-170.0,-38.0,-47.0,-155.0,-30.0,91.0,-126.0,102.24000000000001,27.59,-110.4,25.41,-16.56,-163.96,-48.72,-79.27000000000001,-128.14,-31.65,63.989999999999995,-99.28999999999999
2025-08-08T20:43:50.751296,91.0,-18.0,-142.0,-3.0,-17.0,-51.0,-9.0,-41.0,-90.0,-69.0,25.0,-140.0,58.24,-7.41,-147.4,21.41,-19.56,-44.96,-19.72,-73.27000000000001,-63.14,-70.65,-2.0100000000000016,-113.28999999999999
2025-08-08T20:43:50.756675,69.0,76.0,-112.0,-11.0,-26.0,-123.0,-3.0,11.0,-119.0,-54.0,14.0,-159.0,36.24,86.59,-117.4,13.41,-28.56,-116.96,-13.72,-21.270000000000003,-92.14,-55.65,-13.010000000000002,-132.29
2025-08-08T20:43:50.763633,40.0,39.0,-138.0,13.0,-37.0,-122.0,67.0,24.0,-89.0,-76.0,48.0,-110.0,7.240000000000002,49.59,-143.4,37.41,-39.56,-115.96,56.28,-8.270000000000003,-62.14,-77.65,20.99,-83.28999999999999
2025-08-08T20:43:50.768345,79.0,56.0,-114.0,-34.0,-60.0,-130.0,-31.0,73.0,-144.0,-98.0,61.0,-144.0,46.24,66.59,-119.4,-9.59,-62.56,-123.96,-41.72,40.73,-117.14,-99.65,33.989999999999995,-117.28999999999999
2025-08-08T20:43:50.775851,79.0,-40.0,-110.0,-3.0,-62.0,-75.0,-68.0,-64.0,-134.0,-50.0,1.0,-155.0,46.24,-29.41,-115.4,21.41,-64.56,-68.96,-78.72,-96.27000000000001,-107.14,-51.65,-26.01,-128.29
2025-08-08T20:43:50.781151,13.0,-64.0,-130.0,-57.0,-40.0,-139.0,-21.0,-25.0,-139.0,-53.0,21.0,-140.0,-19.759999999999998,-53.41,-135.4,-32.59,-42.56,-132.96,-31.72,-57.27,-112.14,-54.65,-6.010000000000002,-113.28999999999999
2025-08-08T20:43:50.787987,58.0,77.0,-80.0,69.0,-48.0,-93.0,-29.0,63.0,-157.0,37.0,58.0,-72.0,25.240000000000002,87.59,-85.4,93.41,-50.56,-86.96,-39.72,30.729999999999997,-130.14,35.35,30.99,-45.29
2025-08-08T20:43:50.793145,80.0,13.0,-73.0,-19.0,-12.0,-119.0,-50.0,-5.0,-144.0,-51.0,84.0,-119.0,47.24,23.59,-78.4,5.41,-14.56,-112.96,-60.72,-37.27,-117.14,-52.65,56.989999999999995,-92.28999999999999
2025-08-08T20:43:50.800762,88.0,61.0,-176.0,71.0,-36.0,-91.0,26.0,33.0,-130.0,-47.0,80.0,-158.0,55.24,71.59,-181.4,95.41,-38.56,-84.96,15.28,0.7299999999999969,-103.14,-48.65,52.989999999999995,-131.29
2025-08-08T20:43:50.805493,97.0,22.0,-142.0,31.0,-4.0,-130.0,-28.0,-19.0,-120.0,-58.0,54.0,-187.0,64.24000000000001,32.59,-147.4,55.41,-6.5600000000000005,-123.96,-38.72,-51.27,-93.14,-59.65,26.99,-160.29
2025-08-08T20:43:50.813302,102.0,4.0,-97.0,-2.0,-11.0,-95.0,5.0,-48.0,-95.0,38.0,34.0,-177.0,69.24000000000001,14.59,-102.4,22.41,-13.56,-88.96,-5.720000000000001,-80.27000000000001,-68.14,36.35,6.989999999999998,-150.29
2025-08-08T20:43:50.818267,135.0,5.0,-84.0,59.0,4.0,-124.0,2.0,14.0,-122.0,-3.0,57.0,-159.0,102.24000000000001,15.59,-89.4,83.41,1.44,-117.96,-8.72,-18.270000000000003,-95.14,-4.65,29.99,-132.29
2025-08-08T20:43:50.825351,107.0,48.0,-113.0,59.0,-70.0,-146.0,-83.0,-42.0,-147.0,-36.0,34.0,-117.0,74.24000000000001,58.59,-118.4,83.41,-72.56,-139.96,-93.72,-74.27000000000001,-120.14,-37.65,6.989999999999998,-90.28999999999999
2025-08-08T20:43:50.833089,55.0,50.0,-79.0,-35.0,-46.0,-99.0,-42.0,-19.0,-121.0,-35.0,50.0,-149.0,22.240000000000002,60.59,-84.4,-10.59,-48.56,-92.96,-52.72,-51.27,-94.14,-36.65,22.99,-122.28999999999999
2025-08-08T20:43:50.837505,43.0,58.0,-147.0,79.0,-30.0,-100.0,28.0,32.0,-154.0,-101.0,44.0,-155.0,10.240000000000002,68.59,-152.4,103.41,-32.56,-93.96,17.28,-0.2700000000000031,-127.14,-102.65,16.99,-128.29
2025-08-08T20:43:50.845096,8.0,79.0,-118.0,90.0,-42.0,-132.0,-6.0,0.0,-140.0,-68.0,49.0,-164.0,-24.759999999999998,89.59,-123.4,114.41,-44.56,-125.96,-16.72,-32.27,-113.14,-69.65,21.99,-137.29
2025-08-08T20:43:50.850070,105.0,4.0,-181.0,-9.0,49.0,-72.0,-96.0,-34.0,-141.0,24.0,103.0,-193.0,72.24000000000001,14.59,-186.4,15.41,46.44,-65.96,-106.72,-66.27000000000001,-114.14,22.35,75.99,-166.29
2025-08-08T20:43:50.857665,111.0,-28.0,-118.0,17.0,-13.0,-108.0,-69.0,68.0,-104.0,-67.0,65.0,-174.0,78.24000000000001,-17.41,-123.4,41.41,-15.56,-101.96,-79.72,35.73,-77.14,-68.65,37.989999999999995,-147.29
2025-08-08T20:43:50.862421,80.0,32.0,-113.0,19.0,-49.0,-157.0,-49.0,33.0,-173.0,-37.0,75.0,-72.0,47.24,42.59,-118.4,43.41,-51.56,-150.96,-59.72,0.7299999999999969,-146.14,-38.65,47.989999999999995,-45.29
2025-08-08T20:43:50.870196,2.0,55.0,-131.0,23.0,-37.0,-185.0,-39.0,7.0,-222.0,-116.0,36.0,-140.0,-30.759999999999998,65.59,-136.4,47.41,-39.56,-178.96,-49.72,-25.270000000000003,-195.14,-117.65,8.989999999999998,-113.28999999999999
2025-08-08T20:43:50.875948,107.0,-10.0,-142.0,16.0,-13.0,-127.0,-46.0,-13.0,-165.0,-79.0,100.0,-138.0,74.24000000000001,0.5899999999999999,-147.4,40.41,-15.56,-120.96,-56.72,-45.27,-138.14,-80.65,72.99,-111.28999999999999
2025-08-08T20:43:50.882334,43.0,6.0,-145.0,59.0,-20.0,-111.0,-30.0,-24.0,-152.0,-15.0,72.0,-84.0,10.240000000000002,16.59,-150.4,83.41,-22.56,-104.96,-40.72,-56.27,-125.14,-16.65,44.989999999999995,-57.29
2025-08-08T20:43:50.887258,62.0,12.0,-90.0,-8.0,-50.0,-154.0,-27.0,-19.0,-184.0,25.0,54.0,-198.0,29.240000000000002,22.59,-95.4,16.41,-52.56,-147.96,-37.72,-51.27,-157.14,23.35,26.99,-171.29
2025-08-08T20:43:50.894510,62.0,-51.0,-121.0,-44.0,-6.0,-98.0,-27.0,4.0,-112.0,-79.0,24.0,-123.0,29.240000000000002,-40.41,-126.4,-19.59,-8.56,-91.96,-37.72,-28.270000000000003,-85.14,-80.65,-3.0100000000000016,-96.28999999999999
2025-08-08T20:43:50.899073,16.0,33.0,-111.0,-63.0,-36.0,-79.0,-63.0,54.0,-165.0,-92.0,19.0,-191.0,-16.759999999999998,43.59,-116.4,-38.59,-38.56,-72.96,-73.72,21.729999999999997,-138.14,-93.65,-8.010000000000002,-164.29
2025-08-08T20:43:50.907087,173.0,9.0,-201.0,-1.0,-35.0,-160.0,0.0,23.0,-127.0,-10.0,28.0,-165.0,140.24,19.59,-206.4,23.41,-37.56,-153.96,-10.72,-9.270000000000003,-100.14,-11.65,0.9899999999999984,-138.29
2025-08-08T20:43:50.911609,153.0,-48.0,-118.0,15.0,-15.0,-103.0,6.0,51.0,-152.0,-63.0,77.0,-117.0,120.24000000000001,-37.41,-123.4,39.41,-17.56,-96.96,-4.720000000000001,18.729999999999997,-125.14,-64.65,49.989999999999995,-90.28999999999999
2025-08-08T20:43:50.919592,57.0,11.0,-143.0,-17.0,-15.0,-141.0,8.0,-66.0,-90.0,-8.0,106.0,-165.0,24.240000000000002,21.59,-148.4,7.41,-17.56,-134.96,-2.7200000000000006,-98.27000000000001,-63.14,-9.65,78.99,-138.29
2025-08-08T20:43:50.927266,30.0,-56.0,-84.0,-12.0,-11.0,-112.0,-52.0,-15.0,-162.0,4.0,125.0,-155.0,-2.759999999999998,-45.41,-89.4,12.41,-13.56,-105.96,-62.72,-47.27,-135.14,2.35,97.99,-128.29
2025-08-08T20:43:50.931748,78.0,-46.0,-122.0,31.0,6.0,-164.0,-34.0,42.0,-166.0,-34.0,32.0,-151.0,45.24,-35.41,-127.4,55.41,3.44,-157.96,-44.72,9.729999999999997,-139.14,-35.65,4.989999999999998,-124.28999999999999
2025-08-08T20:43:50.939411,54.0,35.0,-156.0,-9.0,-68.0,-162.0,34.0,6.0,-160.0,-86.0,48.0,-150.0,21.240000000000002,45.59,-161.4,15.41,-70.56,-155.96,23.28,-26.270000000000003,-133.14,-87.65,20.99,-123.28999999999999
2025-08-08T20:43:50.944812,70.0,79.0,-126.0,21.0,-4.0,-97.0,-74.0,66.0,-173.0,-89.0,58.0,-160.0,37.24,89.59,-131.4,45.41,-6.5600000000000005,-90.96,-84.72,33.73,-146.14,-90.65,30.99,-133.29
2025-08-08T20:43:50.951636,85.0,-2.0,-110.0,-5.0,-24.0,-113.0,35.0,11.0,-112.0,-21.0,46.0,-98.0,52.24,8.59,-115.4,19.41,-26.56,-106.96,24.28,-21.270000000000003,-85.14,-22.65,18.99,-71.28999999999999
2025-08-08T20:43:50.957409,83.0,-36.0,-165.0,-3.0,3.0,-133.0,-17.0,-17.0,-131.0,-43.0,25.0,-107.0,50.24,-25.41,-170.4,21.41,0.43999999999999995,-126.96,-27.72,-49.27,-104.14,-44.65,-2.0100000000000016,-80.28999999999999
2025-08-08T20:43:50.964144,73.0,-1.0,-140.0,34.0,-34.0,-85.0,-72.0,19.0,-161.0,-52.0,70.0,-136.0,40.24,9.59,-145.4,58.41,-36.56,-78.96,-82.72,-13.270000000000003,-134.14,-53.65,42.989999999999995,-109.28999999999999
2025-08-08T20:43:50.969556,-33.0,33.0,-78.0,-1.0,-55.0,-63.0,-48.0,83.0,-144.0,3.0,-8.0,-178.0,-65.75999999999999,43.59,-83.4,23.41,-57.56,-56.96,-58.72,50.73,-117.14,1.35,-35.010000000000005,-151.29
2025-08-08T20:43:50.976326,8.0,57.0,-107.0,13.0,23.0,-165.0,-41.0,-57.0,-158.0,-63.0,54.0,-161.0,-24.759999999999998,67.59,-112.4,37.41,20.44,-158.96,-51.72,-89.27000000000001,-131.14,-64.65,26.99,-134.29
2025-08-08T20:43:50.981822,64.0,7.0,-109.0,33.0,11.0,-106.0,-59.0,51.0,-111.0,-4.0,41.0,-134.0,31.240000000000002,17.59,-114.4,57.41,8.44,-99.96,-69.72,18.729999999999997,-84.14,-5.65,13.989999999999998,-107.28999999999999
2025-08-08T20:43:50.988880,131.0,9.0,-140.0,-84.0,-78.0,-132.0,-53.0,-5.0,-167.0,-37.0,10.0,-74.0,98.24000000000001,19.59,-145.4,-59.59,-80.56,-125.96,-63.72,-37.27,-140.14,-38.65,-17.01,-47.29
2025-08-08T20:43:50.994549,60.0,-24.0,-192.0,-53.0,-62.0,-160.0,4.0,8.0,-132.0,-13.0,59.0,-125.0,27.240000000000002,-13.41,-197.4,-28.59,-64.56,-153.96,-6.720000000000001,-24.270000000000003,-105.14,-14.65,31.99,-98.28999999999999
2025-08-08T20:43:51.001172,114.0,83.0,-104.0,19.0,-50.0,-134.0,-63.0,8.0,-155.0,-21.0,105.0,-192.0,81.24000000000001,93.59,-109.4,43.41,-52.56,-127.96,-73.72,-24.270000000000003,-128.14,-22.65,77.99,-165.29
2025-08-08T20:43:51.007149,41.0,32.0,-126.0,4.0,-56.0,-122.0,47.0,-35.0,-182.0,-45.0,67.0,-193.0,8.240000000000002,42.59,-131.4,28.41,-58.56,-115.96,36.28,-67.27000000000001,-155.14,-46.65,39.989999999999995,-166.29
2025-08-08T20:43:51.013352,102.0,-14.0,-200.0,-38.0,5.0,-83.0,-43.0,75.0,-158.0,-9.0,51.0,-133.0,69.24000000000001,-3.41,-205.4,-13.59,2.44,-76.96,-53.72,42.73,-131.14,-10.65,23.99,-106.28999999999999
2025-08-08T20:43:51.018219,148.0,26.0,-146.0,67.0,-12.0,-83.0,29.0,-20.0,-176.0,31.0,-16.0,-147.0,115.24000000000001,36.59,-151.4,91.41,-14.56,-76.96,18.28,-52.27,-149.14,29.35,-43.010000000000005,-120.28999999999999
2025-08-08T20:43:51.026048,126.0,-21.0,-131.0,-1.0,-71.0,-126.0,-29.0,0.0,-91.0,-40.0,121.0,-119.0,93.24000000000001,-10.41,-136.4,23.41,-73.56,-119.96,-39.72,-32.27,-64.14,-41.65,93.99,-92.28999999999999
2025-08-08T20:43:51.033491,97.0,14.0,-119.0,62.0,-24.0,-108.0,-61.0,-13.0,-130.0,-21.0,69.0,-196.0,64.24000000000001,24.59,-124.4,86.41,-26.56,-101.96,-71.72,-45.27,-103.14,-22.65,41.989999999999995,-169.29
2025-08-08T20:43:51.038358,66.0,-24.0,-144.0,32.0,-10.0,-158.0,-61.0,43.0,-128.0,-15.0,21.0,-154.0,33.24,-13.41,-149.4,56.41,-12.56,-151.96,-71.72,10.729999999999997,-101.14,-16.65,-6.010000000000002,-127.28999999999999
2025-08-08T20:43:51.045699,78.0,36.0,-82.0,47.0,9.0,-146.0,31.0,41.0,-140.0,-14.0,30.0,-189.0,45.24,46.59,-87.4,71.41,6.4399999999999995,-139.96,20.28,8.729999999999997,-113.14,-15.65,2.9899999999999984,-162.29
2025-08-08T20:43:51.050558,64.0,12.0,-150.0,-62.0,-3.0,-143.0,-17.0,2.0,-169.0,-93.0,25.0,-105.0,31.240000000000002,22.59,-155.4,-37.59,-5.5600000000000005,-136.96,-27.72,-30.270000000000003,-142.14,-94.65,-2.0100000000000016,-78.28999999999999
2025-08-08T20:43:51.058106,105.0,80.0,-118.0,37.0,-8.0,-93.0,18.0,-34.0,-172.0,-60.0,12.0,-101.0,72.24000000000001,90.59,-123.4,61.41,-10.56,-86.96,7.279999999999999,-66.27000000000001,-145.14,-61.65,-15.010000000000002,-74.28999999999999
2025-08-08T20:43:51.063718,80.0,5.0,-137.0,-13.0,4.0,-118.0,-6.0,-52.0,-169.0,-81.0,7.0,-134.0,47.24,15.59,-142.4,11.41,1.44,-111.96,-16.72,-84.27000000000001,-142.14,-82.65,-20.01,-107.28999999999999
2025-08-08T20:43:51.070497,121.0,-3.0,-112.0,-3.0,16.0,-142.0,-35.0,-41.0,-157.0,-41.0,121.0,-176.0,88.24000000000001,7.59,-117.4,21.41,13.44,-135.96,-45.72,-73.27000000000001,-130.14,-42.65,93.99,-149.29
2025-08-08T20:43:51.076315,51.0,49.0,-116.0,-14.0,23.0,-169.0,-56.0,22.0,-210.0,-64.0,104.0,-153.0,18.240000000000002,59.59,-121.4,10.41,20.44,-162.96,-66.72,-10.270000000000003,-183.14,-65.65,76.99,-126.28999999999999
2025-08-08T20:43:51.083151,17.0,46.0,-159.0,25.0,-12.0,-131.0,-29.0,24.0,-169.0,-41.0,-24.0,-126.0,-15.759999999999998,56.59,-164.4,49.41,-14.56,-124.96,-39.72,-8.270000000000003,-142.14,-42.65,-51.010000000000005,-99.28999999999999
2025-08-08T20:43:51.087903,110.0,20.0,-127.0,2.0,114.0,-95.0,-16.0,-48.0,-136.0,-22.0,34.0,-94.0,77.24000000000001,30.59,-132.4,26.41,111.44,-88.96,-26.72,-80.27000000000001,-109.14,-23.65,6.989999999999998,-67.28999999999999
2025-08-08T20:43:51.095186,67.0,-54.0,-125.0,81.0,-75.0,-127.0,-85.0,17.0,-122.0,-25.0,30.0,-156.0,34.24,-43.41,-130.4,105.41,-77.56,-120.96,-95.72,-15.270000000000003,-95.14,-26.65,2.9899999999999984,-129.29
2025-08-08T20:43:51.100073,112.0,10.0,-60.0,61.0,12.0,-86.0,-3.0,-27.0,-123.0,-26.0,40.0,-169.0,79.24000000000001,20.59,-65.4,85.41,9.44,-79.96,-13.72,-59.27,-96.14,-27.65,12.989999999999998,-142.29
2025-08-08T20:43:51.108496,27.0,18.0,-90.0,-62.0,-51.0,-145.0,-39.0,12.0,-150.0,-41.0,82.0,-144.0,-5.759999999999998,28.59,-95.4,-37.59,-53.56,-138.96,-49.72,-20.270000000000003,-123.14,-42.65,54.989999999999995,-117.28999999999999
2025-08-08T20:43:51.113823,44.0,-14.0,-110.0,50.0,-12.0,-81.0,-9.0,-4.0,-140.0,-53.0,78.0,-206.0,11.240000000000002,-3.41,-115.4,74.41,-14.56,-74.96,-19.72,-36.27,-113.14,-54.65,50.989999999999995,-179.29
2025-08-08T20:43:51.120270,59.0,-3.0,-125.0,-28.0,-94.0,-75.0,25.0,-27.0,-141.0,-50.0,62.0,-138.0,26.240000000000002,7.59,-130.4,-3.59,-96.56,-68.96,14.28,-59.27,-114.14,-51.65,34.989999999999995,-111.28999999999999
2025-08-08T20:43:51.127774,57.0,24.0,-128.0,59.0,-73.0,-126.0,-8.0,-55.0,-118.0,-59.0,119.0,-121.0,24.240000000000002,34.59,-133.4,83.41,-75.56,-119.96,-18.72,-87.27000000000001,-91.14,-60.65,91.99,-94.28999999999999
2025-08-08T20:43:51.133446,120.0,14.0,-150.0,34.0,-31.0,-136.0,-34.0,-54.0,-142.0,-86.0,70.0,-131.0,87.24000000000001,24.59,-155.4,58.41,-33.56,-129.96,-44.72,-86.27000000000001,-115.14,-87.65,42.989999999999995,-104.28999999999999
2025-08-08T20:43:51.140006,114.0,-39.0,-123.0,46.0,-1.0,-106.0,7.0,35.0,-169.0,20.0,62.0,-45.0,81.24000000000001,-28.41,-128.4,70.41,-3.56,-99.96,-3.7200000000000006,2.729999999999997,-142.14,18.35,34.989999999999995,-18.29
2025-08-08T20:43:51.144973,91.0,45.0,-131.0,1.0,45.0,-141.0,-46.0,3.0,-158.0,-49.0,32.0,-134.0,58.24,55.59,-136.4,25.41,42.44,-134.96,-56.72,-29.270000000000003,-131.14,-50.65,4.989999999999998,-107.28999999999999
2025-08-08T20:43:51.152473,-39.0,62.0,-75.0,36.0,10.0,-116.0,28.0,-32.0,-170.0,46.0,98.0,-88.0,-71.75999999999999,72.59,-80.4,60.41,7.4399999999999995,-109.96,17.28,-64.27000000000001,-143.14,44.35,70.99,-61.29
2025-08-08T20:43:51.157530,146.0,45.0,-146.0,32.0,-23.0,-148.0,-8.0,-69.0,-144.0,-13.0,31.0,-140.0,113.24000000000001,55.59,-151.4,56.41,-25.56,-141.96,-18.72,-101.27000000000001,-117.14,-14.65,3.9899999999999984,-113.28999999999999
2025-08-08T20:43:51.164776,107.0,30.0,-116.0,-13.0,-13.0,-106.0,-36.0,-28.0,-152.0,-55.0,51.0,-107.0,74.24000000000001,40.59,-121.4,11.41,-15.56,-99.96,-46.72,-60.27,-125.14,-56.65,23.99,-80.28999999999999
2025-08-08T20:43:51.170708,56.0,-24.0,-80.0,-27.0,-43.0,-91.0,-24.0,45.0,-111.0,-52.0,62.0,-172.0,23.240000000000002,-13.41,-85.4,-2.59,-45.56,-84.96,-34.72,12.729999999999997,-84.14,-53.65,34.989999999999995,-145.29
2025-08-08T20:43:51.177262,31.0,13.0,-133.0,6.0,-45.0,-145.0,0.0,-27.0,-183.0,-61.0,41.0,-84.0,-1.759999999999998,23.59,-138.4,30.41,-47.56,-138.96,-10.72,-59.27,-156.14,-62.65,13.989999999999998,-57.29
2025-08-08T20:43:51.183117,61.0,36.0,-126.0,-8.0,-7.0,-182.0,-32.0,43.0,-177.0,-50.0,63.0,-167.0,28.240000000000002,46.59,-131.4,16.41,-9.56,-175.96,-42.72,10.729999999999997,-150.14,-51.65,35.989999999999995,-140.29
2025-08-08T20:43:51.190078,26.0,47.0,-105.0,-7.0,-17.0,-175.0,8.0,-34.0,-90.0,-30.0,75.0,-110.0,-6.759999999999998,57.59,-110.4,17.41,-19.56,-168.96,-2.7200000000000006,-66.27000000000001,-63.14,-31.65,47.989999999999995,-83.28999999999999
2025-08-08T20:43:51.194790,125.0,32.0,-68.0,1.0,-1.0,-122.0,-35.0,-73.0,-130.0,-124.0,78.0,-102.0,92.24000000000001,42.59,-73.4,25.41,-3.56,-115.96,-45.72,-105.27000000000001,-103.14,-125.65,50.989999999999995,-75.28999999999999
2025-08-08T20:43:51.202029,94.0,-6.0,-105.0,-48.0,45.0,-111.0,-30.0,61.0,-112.0,-34.0,97.0,-133.0,61.24,4.59,-110.4,-23.59,42.44,-104.96,-40.72,28.729999999999997,-85.14,-35.65,69.99,-106.28999999999999
2025-08-08T20:43:51.206609,84.0,60.0,-74.0,39.0,-87.0,-109.0,5.0,72.0,-118.0,-5.0,61.0,-113.0,51.24,70.59,-79.4,63.41,-89.56,-102.96,-5.720000000000001,39.73,-91.14,-6.65,33.989999999999995,-86.28999999999999
2025-08-08T20:43:51.214657,66.0,25.0,-124.0,27.0,6.0,-86.0,-51.0,32.0,-134.0,-10.0,96.0,-132.0,33.24,35.59,-129.4,51.41,3.44,-79.96,-61.72,-0.2700000000000031,-107.14,-11.65,68.99,-105.28999999999999
2025-08-08T20:43:51.219366,71.0,42.0,-53.0,-10.0,-37.0,-112.0,18.0,-15.0,-139.0,-62.0,-39.0,-166.0,38.24,52.59,-58.4,14.41,-39.56,-105.96,7.279999999999999,-47.27,-112.14,-63.65,-66.01,-139.29
2025-08-08T20:43:51.226686,-50.0,-26.0,-135.0,-16.0,-2.0,-99.0,21.0,-52.0,-95.0,-62.0,34.0,-93.0,-82.75999999999999,-15.41,-140.4,8.41,-4.5600000000000005,-92.96,10.28,-84.27000000000001,-68.14,-63.65,6.989999999999998,-66.28999999999999
2025-08-08T20:43:51.232073,16.0,104.0,-127.0,-51.0,-59.0,-93.0,-2.0,2.0,-87.0,11.0,61.0,-115.0,-16.759999999999998,114.59,-132.4,-26.59,-61.56,-86.96,-12.72,-30.270000000000003,-60.14,9.35,33.989999999999995,-88.28999999999999
2025-08-08T20:43:51.238726,102.0,10.0,-166.0,13.0,-37.0,-94.0,-53.0,-7.0,-40.0,-67.0,108.0,-103.0,69.24000000000001,20.59,-171.4,37.41,-39.56,-87.96,-63.72,-39.27,-13.14,-68.65,80.99,-76.28999999999999
2025-08-08T20:43:51.246701,26.0,-41.0,-56.0,-27.0,-95.0,-113.0,-56.0,89.0,-173.0,-55.0,108.0,-159.0,-6.759999999999998,-30.41,-61.4,-2.59,-97.56,-106.96,-66.72,56.73,-146.14,-56.65,80.99,-132.29
2025-08-08T20:43:51.252011,2.0,14.0,-73.0,-21.0,-23.0,-116.0,63.0,47.0,-118.0,51.0,17.0,-106.0,-30.759999999999998,24.59,-78.4,3.41,-25.56,-109.96,52.28,14.729999999999997,-91.14,49.35,-10.010000000000002,-79.28999999999999
2025-08-08T20:43:51.258809,48.0,26.0,-50.0,24.0,-1.0,-81.0,96.0,-55.0,-149.0,-18.0,74.0,-110.0,15.240000000000002,36.59,-55.4,48.41,-3.56,-74.96,85.28,-87.27000000000001,-122.14,-19.65,46.989999999999995,-83.28999999999999
2025-08-08T20:43:51.264590,51.0,12.0,-121.0,-31.0,-35.0,-107.0,39.0,-60.0,-109.0,64.0,35.0,-103.0,18.240000000000002,22.59,-126.4,-6.59,-37.56,-100.96,28.28,-92.27000000000001,-82.14,62.35,7.989999999999998,-76.28999999999999
2025-08-08T20:43:51.271110,69.0,44.0,-65.0,65.0,-54.0,-69.0,-83.0,-28.0,-18.0,-36.0,5.0,-131.0,36.24,54.59,-70.4,89.41,-56.56,-62.96,-93.72,-60.27,8.86,-37.65,-22.01,-104.28999999999999
2025-08-08T20:43:51.276550,25.0,-45.0,-87.0,-25.0,-2.0,-40.0,-40.0,65.0,-95.0,-69.0,47.0,-123.0,-7.759999999999998,-34.41,-92.4,-0.5899999999999999,-4.5600000000000005,-33.96,-50.72,32.73,-68.14,-70.65,19.99,-96.28999999999999
2025-08-08T20:43:51.283729,16.0,-84.0,-19.0,-39.0,-77.0,-90.0,-59.0,-4.0,-91.0,-76.0,78.0,-140.0,-16.759999999999998,-73.41,-24.4,-14.59,-79.56,-83.96,-69.72,-36.27,-64.14,-77.65,50.989999999999995,-113.28999999999999
2025-08-08T20:43:51.288871,65.0,-19.0,-80.0,45.0,2.0,-69.0,11.0,6.0,-123.0,-24.0,25.0,-160.0,32.24,-8.41,-85.4,69.41,-0.56,-62.96,0.27999999999999936,-26.270000000000003,-96.14,-25.65,-2.0100000000000016,-133.29
2025-08-08T20:43:51.296008,69.0,50.0,-69.0,-49.0,-46.0,-25.0,-11.0,-41.0,-197.0,29.0,43.0,-108.0,36.24,60.59,-74.4,-24.59,-48.56,-18.96,-21.72,-73.27000000000001,-170.14,27.35,15.989999999999998,-81.28999999999999
2025-08-08T20:43:51.301222,9.0,27.0,-108.0,79.0,9.0,-58.0,38.0,12.0,-78.0,14.0,53.0,-103.0,-23.759999999999998,37.59,-113.4,103.41,6.4399999999999995,-51.96,27.28,-20.270000000000003,-51.14,12.35,25.99,-76.28999999999999
2025-08-08T20:43:51.308010,36.0,46.0,-95.0,11.0,-10.0,-120.0,-53.0,-61.0,-80.0,-69.0,47.0,-56.0,3.240000000000002,56.59,-100.4,35.41,-12.56,-113.96,-63.72,-93.27000000000001,-53.14,-70.65,19.99,-29.29
2025-08-08T20:43:51.313113,48.0,37.0,-31.0,27.0,72.0,-60.0,-48.0,15.0,-102.0,-28.0,58.0,-81.0,15.240000000000002,47.59,-36.4,51.41,69.44,-53.96,-58.72,-17.270000000000003,-75.14,-29.65,30.99,-54.29
2025-08-08T20:43:51.320896,99.0,-57.0,-111.0,-21.0,-37.0,-67.0,-16.0,68.0,-87.0,-33.0,120.0,-126.0,66.24000000000001,-46.41,-116.4,3.41,-39.56,-60.96,-26.72,35.73,-60.14,-34.65,92.99,-99.28999999999999
2025-08-08T20:43:51.326259,31.0,-17.0,-73.0,57.0,-96.0,-44.0,-16.0,6.0,-123.0,-55.0,-17.0,-100.0,-1.759999999999998,-6.41,-78.4,81.41,-98.56,-37.96,-26.72,-26.270000000000003,-96.14,-56.65,-44.010000000000005,-73.28999999999999
2025-08-08T20:43:51.332612,-8.0,-28.0,-51.0,8.0,16.0,-81.0,-10.0,-25.0,-80.0,-98.0,-44.0,-130.0,-40.76,-17.41,-56.4,32.41,13.44,-74.96,-20.72,-57.27,-53.14,-99.65,-71.01,-103.28999999999999
2025-08-08T20:43:51.338289,10.0,-8.0,-58.0,19.0,-31.0,-36.0,-17.0,40.0,-77.0,-44.0,57.0,-74.0,-22.759999999999998,2.59,-63.4,43.41,-33.56,-29.96,-27.72,7.729999999999997,-50.14,-45.65,29.99,-47.29
2025-08-08T20:43:51.344859,0.0,45.0,-66.0,22.0,-37.0,-83.0,59.0,30.0,-82.0,16.0,-12.0,-107.0,-32.76,55.59,-71.4,46.41,-39.56,-76.96,48.28,-2.270000000000003,-55.14,14.35,-39.010000000000005,-80.28999999999999
2025-08-08T20:43:51.350546,20.0,-16.0,-51.0,17.0,21.0,-114.0,-46.0,51.0,-56.0,-52.0,46.0,-48.0,-12.759999999999998,-5.41,-56.4,41.41,18.44,-107.96,-56.72,18.729999999999997,-29.14,-53.65,18.99,-21.29
2025-08-08T20:43:51.357081,79.0,10.0,-99.0,58.0,-9.0,-18.0,36.0,128.0,-78.0,-72.0,37.0,-62.0,46.24,20.59,-104.4,82.41,-11.56,-11.96,25.28,95.72999999999999,-51.14,-73.65,9.989999999999998,-35.29
2025-08-08T20:43:51.362227,47.0,22.0,-59.0,20.0,-54.0,-11.0,41.0,1.0,-83.0,-67.0,48.0,-106.0,14.240000000000002,32.59,-64.4,44.41,-56.56,-4.96,30.28,-31.270000000000003,-56.14,-68.65,20.99,-79.28999999999999
2025-08-08T20:43:51.369316,68.0,49.0,-71.0,4.0,-12.0,-91.0,36.0,9.0,-149.0,1.0,41.0,-170.0,35.24,59.59,-76.4,28.41,-14.56,-84.96,25.28,-23.270000000000003,-122.14,-0.6499999999999999,13.989999999999998,-143.29
2025-08-08T20:43:51.374420,30.0,27.0,-55.0,-15.0,-36.0,-24.0,-25.0,22.0,-143.0,-1.0,-45.0,-97.0,-2.759999999999998,37.59,-60.4,9.41,-38.56,-17.96,-35.72,-10.270000000000003,-116.14,-2.65,-72.01,-70.28999999999999
2025-08-08T20:43:51.381697,23.0,-15.0,-92.0,27.0,-18.0,-90.0,40.0,-13.0,-91.0,-33.0,33.0,-124.0,-9.759999999999998,-4.41,-97.4,51.41,-20.56,-83.96,29.28,-45.27,-64.14,-34.65,5.989999999999998,-97.28999999999999
2025-08-08T20:43:51.386686,109.0,12.0,-15.0,-48.0,25.0,14.0,-21.0,39.0,-45.0,-28.0,51.0,-47.0,76.24000000000001,22.59,-20.4,-23.59,22.44,20.04,-31.72,6.729999999999997,-18.14,-29.65,23.99,-20.29
2025-08-08T20:43:51.394015,25.0,-23.0,-73.0,1.0,-9.0,-34.0,-25.0,46.0,-96.0,-39.0,15.0,-23.0,-7.759999999999998,-12.41,-78.4,25.41,-11.56,-27.96,-35.72,13.729999999999997,-69.14,-40.65,-12.010000000000002,3.710000000000001
2025-08-08T20:43:51.398378,73.0,10.0,-20.0,-62.0,-14.0,-96.0,-8.0,97.0,-126.0,-88.0,23.0,-56.0,40.24,20.59,-25.4,-37.59,-16.56,-89.96,-18.72,64.72999999999999,-99.14,-89.65,-4.010000000000002,-29.29
2025-08-08T20:43:51.406331,-15.0,69.0,14.0,28.0,-12.0,-71.0,18.0,38.0,-7.0,-63.0,54.0,-58.0,-47.76,79.59,8.6,52.41,-14.56,-64.96,7.279999999999999,5.729999999999997,19.86,-64.65,26.99,-31.29
2025-08-08T20:43:51.410525,5.0,16.0,-13.0,-32.0,-1.0,4.0,-37.0,89.0,-67.0,-51.0,-4.0,-95.0,-27.759999999999998,26.59,-18.4,-7.59,-3.56,10.04,-47.72,56.73,-40.14,-52.65,-31.01,-68.28999999999999
2025-08-08T20:43:51.418543,43.0,11.0,-40.0,-20.0,-36.0,-108.0,17.0,39.0,-68.0,-21.0,22.0,-112.0,10.240000000000002,21.59,-45.4,4.41,-38.56,-101.96,6.279999999999999,6.729999999999997,-41.14,-22.65,-5.010000000000002,-85.28999999999999
2025-08-08T20:43:51.423795,51.0,15.0,-75.0,-38.0,15.0,-23.0,41.0,76.0,-118.0,-15.0,44.0,-65.0,18.240000000000002,25.59,-80.4,-13.59,12.44,-16.96,30.28,43.73,-91.14,-16.65,16.99,-38.29
2025-08-08T20:43:51.431557,-14.0,5.0,-107.0,23.0,-20.0,-61.0,-47.0,22.0,-93.0,23.0,99.0,-51.0,-46.76,15.59,-112.4,47.41,-22.56,-54.96,-57.72,-10.270000000000003,-66.14,21.35,71.99,-24.29
2025-08-08T20:43:51.439287,23.0,64.0,-13.0,7.0,15.0,-80.0,-18.0,59.0,-95.0,35.0,97.0,-107.0,-9.759999999999998,74.59,-18.4,31.41,12.44,-73.96,-28.72,26.729999999999997,-68.14,33.35,69.99,-80.28999999999999
2025-08-08T20:43:51.444654,23.0,-80.0,6.0,-12.0,-31.0,-33.0,-42.0,13.0,-63.0,36.0,47.0,-87.0,-9.759999999999998,-69.41,0.5999999999999996,12.41,-33.56,-26.96,-52.72,-19.270000000000003,-36.14,34.35,19.99,-60.29
2025-08-08T20:43:51.448564,48.0,-37.0,-58.0,-50.0,14.0,-72.0,1.0,50.0,-54.0,14.0,61.0,-1.0,15.240000000000002,-26.41,-63.4,-25.59,11.44,-65.96,-9.72,17.729999999999997,-27.14,12.35,33.989999999999995,25.71
2025-08-08T20:43:51.455590,121.0,-69.0,-106.0,-17.0,35.0,-20.0,-33.0,65.0,-67.0,-65.0,-1.0,-40.0,88.24000000000001,-58.41,-111.4,7.41,32.44,-13.96,-43.72,32.73,-40.14,-66.65,-28.01,-13.29
2025-08-08T20:43:51.460585,9.0,19.0,-35.0,19.0,-26.0,-36.0,-25.0,20.0,-98.0,-13.0,-7.0,-34.0,-23.759999999999998,29.59,-40.4,43.41,-28.56,-29.96,-35.72,-12.270000000000003,-71.14,-14.65,-34.010000000000005,-7.289999999999999
2025-08-08T20:43:51.467735,-17.0,-36.0,-31.0,7.0,46.0,-98.0,15.0,58.0,-34.0,-15.0,35.0,-38.0,-49.76,-25.41,-36.4,31.41,43.44,-91.96,4.279999999999999,25.729999999999997,-7.140000000000001,-16.65,7.989999999999998,-11.29
2025-08-08T20:43:51.472498,7.0,-49.0,15.0,-51.0,-32.0,-65.0,-5.0,9.0,-92.0,-50.0,36.0,-27.0,-25.759999999999998,-38.41,9.6,-26.59,-34.56,-58.96,-15.72,-23.270000000000003,-65.14,-51.65,8.989999999999998,-0.28999999999999915
2025-08-08T20:43:51.480103,-9.0,-1.0,-24.0,-32.0,-28.0,-73.0,-25.0,11.0,-127.0,-35.0,20.0,-103.0,-41.76,9.59,-29.4,-7.59,-30.56,-66.96,-35.72,-21.270000000000003,-100.14,-36.65,-7.010000000000002,-76.28999999999999
2025-08-08T20:43:51.484522,33.0,-35.0,-29.0,-33.0,0.0,7.0,6.0,95.0,-57.0,7.0,-23.0,-35.0,0.240000000000002,-24.41,-34.4,-8.59,-2.56,13.04,-4.720000000000001,62.73,-30.14,5.35,-50.010000000000005,-8.29
2025-08-08T20:43:51.489555,61.0,11.0,-73.0,-27.0,3.0,-62.0,-27.0,42.0,-75.0,-95.0,61.0,-68.0,28.240000000000002,21.59,-78.4,-2.59,0.43999999999999995,-55.96,-37.72,9.729999999999997,-48.14,-96.65,33.989999999999995,-41.29
2025-08-08T20:43:51.496681,-34.0,11.0,10.0,1.0,24.0,-37.0,28.0,-30.0,-66.0,47.0,77.0,-41.0,-66.75999999999999,21.59,4.6,25.41,21.44,-30.96,17.28,-62.27,-39.14,45.35,49.989999999999995,-14.29
2025-08-08T20:43:51.504453,39.0,21.0,-79.0,0.0,-51.0,-61.0,-11.0,46.0,-121.0,-79.0,124.0,-71.0,6.240000000000002,31.59,-84.4,24.41,-53.56,-54.96,-21.72,13.729999999999997,-94.14,-80.65,96.99,-44.29
2025-08-08T20:43:51.509157,44.0,-30.0,-2.0,-15.0,-11.0,-21.0,-3.0,9.0,-116.0,-1.0,48.0,-33.0,11.240000000000002,-19.41,-7.4,9.41,-13.56,-14.96,-13.72,-23.270000000000003,-89.14,-2.65,20.99,-6.289999999999999
2025-08-08T20:43:51.514269,-1.0,4.0,-40.0,-61.0,32.0,-39.0,-23.0,30.0,-92.0,-33.0,46.0,-117.0,-33.76,14.59,-45.4,-36.59,29.44,-32.96,-33.72,-2.270000000000003,-65.14,-34.65,18.99,-90.28999999999999
2025-08-08T20:43:51.521623,-37.0,-19.0,-78.0,-29.0,31.0,-18.0,-25.0,25.0,-44.0,30.0,83.0,-39.0,-69.75999999999999,-8.41,-83.4,-4.59,28.44,-11.96,-35.72,-7.270000000000003,-17.14,28.35,55.989999999999995,-12.29
2025-08-08T20:43:51.526385,54.0,26.0,-85.0,17.0,47.0,-4.0,8.0,66.0,-82.0,29.0,5.0,-96.0,21.240000000000002,36.59,-90.4,41.41,44.44,2.04,-2.7200000000000006,33.73,-55.14,27.35,-22.01,-69.28999999999999
2025-08-08T20:43:51.534051,86.0,33.0,-22.0,-83.0,-4.0,-19.0,5.0,47.0,-50.0,55.0,-22.0,-40.0,53.24,43.59,-27.4,-58.59,-6.5600000000000005,-12.96,-5.720000000000001,14.729999999999997,-23.14,53.35,-49.010000000000005,-13.29
2025-08-08T20:43:51.538823,54.0,26.0,-68.0,16.0,14.0,-100.0,14.0,59.0,-105.0,29.0,-55.0,9.0,21.240000000000002,36.59,-73.4,40.41,11.44,-93.96,3.2799999999999994,26.729999999999997,-78.14,27.35,-82.01,35.71
2025-08-08T20:43:51.546126,41.0,-46.0,-15.0,-5.0,-2.0,-38.0,73.0,69.0,-97.0,-55.0,27.0,-54.0,8.240000000000002,-35.41,-20.4,19.41,-4.5600000000000005,-31.96,62.28,36.73,-70.14,-56.65,-0.010000000000001563,-27.29
2025-08-08T20:43:51.551280,88.0,-28.0,38.0,40.0,-18.0,-12.0,-66.0,-13.0,-128.0,-19.0,44.0,-28.0,55.24,-17.41,32.6,64.41,-20.56,-5.96,-76.72,-45.27,-101.14,-20.65,16.99,-1.2899999999999991
2025-08-08T20:43:51.558017,38.0,61.0,-22.0,-58.0,-8.0,9.0,28.0,89.0,-25.0,-33.0,105.0,-54.0,5.240000000000002,71.59,-27.4,-33.59,-10.56,15.04,17.28,56.73,1.8599999999999994,-34.65,77.99,-27.29
2025-08-08T20:43:51.563319,79.0,-13.0,-53.0,44.0,-12.0,-18.0,-24.0,0.0,-86.0,-7.0,71.0,-92.0,46.24,-2.41,-58.4,68.41,-14.56,-11.96,-34.72,-32.27,-59.14,-8.65,43.989999999999995,-65.28999999999999
2025-08-08T20:43:51.570464,43.0,62.0,16.0,-17.0,-22.0,-11.0,32.0,29.0,-41.0,24.0,46.0,-48.0,10.240000000000002,72.59,10.6,7.41,-24.56,-4.96,21.28,-3.270000000000003,-14.14,22.35,18.99,-21.29
2025-08-08T20:43:51.575841,-8.0,-25.0,-56.0,27.0,48.0,-39.0,31.0,51.0,-107.0,-16.0,21.0,-54.0,-40.76,-14.41,-61.4,51.41,45.44,-32.96,20.28,18.729999999999997,-80.14,-17.65,-6.010000000000002,-27.29
2025-08-08T20:43:51.582897,53.0,19.0,-49.0,-78.0,-78.0,-39.0,-66.0,1.0,-24.0,-32.0,74.0,-69.0,20.240000000000002,29.59,-54.4,-53.59,-80.56,-32.96,-76.72,-31.270000000000003,2.8599999999999994,-33.65,46.989999999999995,-42.29
2025-08-08T20:43:51.588223,66.0,39.0,-93.0,-24.0,2.0,-76.0,-20.0,86.0,-13.0,-6.0,34.0,-33.0,33.24,49.59,-98.4,0.41000000000000014,-0.56,-69.96,-30.72,53.73,13.86,-7.65,6.989999999999998,-6.289999999999999
2025-08-08T20:43:51.595348,77.0,4.0,-56.0,-40.0,54.0,-32.0,32.0,72.0,-35.0,-28.0,10.0,-54.0,44.24,14.59,-61.4,-15.59,51.44,-25.96,21.28,39.73,-8.14,-29.65,-17.01,-27.29
2025-08-08T20:43:51.600460,48.0,-7.0,-26.0,21.0,1.0,-17.0,-58.0,-55.0,-65.0,50.0,39.0,0.0,15.240000000000002,3.59,-31.4,45.41,-1.56,-10.96,-68.72,-87.27000000000001,-38.14,48.35,11.989999999999998,26.71
2025-08-08T20:43:51.607897,21.0,-6.0,14.0,-60.0,-17.0,-84.0,-31.0,37.0,-87.0,32.0,31.0,-67.0,-11.759999999999998,4.59,8.6,-35.59,-19.56,-77.96,-41.72,4.729999999999997,-60.14,30.35,3.9899999999999984,-40.29
2025-08-08T20:43:51.613269,68.0,-34.0,-59.0,35.0,-48.0,11.0,-38.0,102.0,-106.0,-84.0,33.0,-50.0,35.24,-23.41,-64.4,59.41,-50.56,17.04,-48.72,69.72999999999999,-79.14,-85.65,5.989999999999998,-23.29
2025-08-08T20:43:51.619782,78.0,-11.0,-41.0,-44.0,59.0,24.0,-59.0,4.0,-83.0,-21.0,5.0,26.0,45.24,-0.41000000000000014,-46.4,-19.59,56.44,30.04,-69.72,-28.270000000000003,-56.14,-22.65,-22.01,52.71
2025-08-08T20:43:51.624793,93.0,-1.0,-86.0,8.0,-32.0,-50.0,37.0,19.0,-58.0,-10.0,24.0,-87.0,60.24,9.59,-91.4,32.41,-34.56,-43.96,26.28,-13.270000000000003,-31.14,-11.65,-3.0100000000000016,-60.29
2025-08-08T20:43:51.631644,0.0,-25.0,-60.0,-5.0,-2.0,-22.0,6.0,30.0,-49.0,-46.0,73.0,-100.0,-32.76,-14.41,-65.4,19.41,-4.5600000000000005,-15.96,-4.720000000000001,-2.270000000000003,-22.14,-47.65,45.989999999999995,-73.28999999999999
2025-08-08T20:43:51.636908,103.0,22.0,-28.0,-23.0,-9.0,-55.0,38.0,66.0,-71.0,4.0,55.0,-14.0,70.24000000000001,32.59,-33.4,1.4100000000000001,-11.56,-48.96,27.28,33.73,-44.14,2.35,27.99,12.71
2025-08-08T20:43:51.644007,-25.0,-24.0,-27.0,0.0,8.0,-97.0,-9.0,-4.0,-60.0,6.0,58.0,-26.0,-57.76,-13.41,-32.4,24.41,5.4399999999999995,-90.96,-19.72,-36.27,-33.14,4.35,30.99,0.7100000000000009
2025-08-08T20:43:51.649027,66.0,-18.0,12.0,22.0,19.0,-29.0,11.0,22.0,-89.0,4.0,122.0,-98.0,33.24,-7.41,6.6,46.41,16.44,-22.96,0.27999999999999936,-10.270000000000003,-62.14,2.35,94.99,-71.28999999999999
2025-08-08T20:43:51.656292,84.0,-24.0,-6.0,-15.0,-52.0,-13.0,-19.0,17.0,-42.0,4.0,46.0,-91.0,51.24,-13.41,-11.4,9.41,-54.56,-6.96,-29.72,-15.270000000000003,-15.14,2.35,18.99,-64.28999999999999
2025-08-08T20:43:51.661051,12.0,22.0,-18.0,-25.0,-8.0,-6.0,39.0,-37.0,-39.0,11.0,55.0,-4.0,-20.759999999999998,32.59,-23.4,-0.5899999999999999,-10.56,0.040000000000000036,28.28,-69.27000000000001,-12.14,9.35,27.99,22.71
2025-08-08T20:43:51.668626,43.0,-36.0,-28.0,43.0,30.0,-37.0,45.0,-13.0,-76.0,26.0,51.0,-49.0,10.240000000000002,-25.41,-33.4,67.41,27.44,-30.96,34.28,-45.27,-49.14,24.35,23.99,-22.29
2025-08-08T20:43:51.674302,58.0,-45.0,-15.0,-37.0,-70.0,18.0,1.0,10.0,-13.0,-32.0,66.0,-55.0,25.240000000000002,-34.41,-20.4,-12.59,-72.56,24.04,-9.72,-22.270000000000003,13.86,-33.65,38.989999999999995,-28.29
2025-08-08T20:43:51.681124,41.0,42.0,-62.0,-24.0,14.0,-46.0,2.0,93.0,-71.0,10.0,-32.0,-24.0,8.240000000000002,52.59,-67.4,0.41000000000000014,11.44,-39.96,-8.72,60.73,-44.14,8.35,-59.010000000000005,2.710000000000001
2025-08-08T20:43:51.685913,26.0,89.0,-67.0,30.0,-58.0,-78.0,-49.0,45.0,-79.0,68.0,-19.0,35.0,-6.759999999999998,99.59,-72.4,54.41,-60.56,-71.96,-59.72,12.729999999999997,-52.14,66.35,-46.010000000000005,61.71
2025-08-08T20:43:51.692963,105.0,5.0,-98.0,-50.0,37.0,49.0,3.0,65.0,-61.0,28.0,67.0,-82.0,72.24000000000001,15.59,-103.4,-25.59,34.44,55.04,-7.720000000000001,32.73,-34.14,26.35,39.989999999999995,-55.29
2025-08-08T20:43:51.698675,55.0,37.0,16.0,-103.0,-32.0,-49.0,2.0,54.0,-41.0,-110.0,34.0,-14.0,22.240000000000002,47.59,10.6,-78.59,-34.56,-42.96,-8.72,21.729999999999997,-14.14,-111.65,6.989999999999998,12.71
2025-08-08T20:43:51.705451,72.0,-94.0,-29.0,-83.0,46.0,-48.0,22.0,46.0,-41.0,19.0,93.0,-23.0,39.24,-83.41,-34.4,-58.59,43.44,-41.96,11.28,13.729999999999997,-14.14,17.35,65.99,3.710000000000001
2025-08-08T20:43:51.710286,31.0,-22.0,-10.0,-4.0,-31.0,18.0,61.0,40.0,15.0,24.0,73.0,-67.0,-1.759999999999998,-11.41,-15.4,20.41,-33.56,24.04,50.28,7.729999999999997,41.86,22.35,45.989999999999995,-40.29
2025-08-08T20:43:51.717531,3.0,-59.0,-24.0,30.0,32.0,-42.0,17.0,15.0,-81.0,22.0,32.0,-38.0,-29.759999999999998,-48.41,-29.4,54.41,29.44,-35.96,6.279999999999999,-17.270000000000003,-54.14,20.35,4.989999999999998,-11.29
2025-08-08T20:43:51.722541,118.0,-1.0,-14.0,-35.0,-43.0,10.0,-1.0,59.0,-83.0,-28.0,71.0,-36.0,85.24000000000001,9.59,-19.4,-10.59,-45.56,16.04,-11.72,26.729999999999997,-56.14,-29.65,43.989999999999995,-9.29
2025-08-08T20:43:51.729710,65.0,-34.0,11.0,6.0,39.0,42.0,-34.0,30.0,4.0,-48.0,0.0,-34.0,32.24,-23.41,5.6,30.41,36.44,48.04,-44.72,-2.270000000000003,30.86,-49.65,-27.01,-7.289999999999999
2025-08-08T20:43:51.734855,143.0,-64.0,-23.0,7.0,8.0,-78.0,41.0,57.0,8.0,-40.0,19.0,-16.0,110.24000000000001,-53.41,-28.4,31.41,5.4399999999999995,-71.96,30.28,24.729999999999997,34.86,-41.65,-8.010000000000002,10.71
2025-08-08T20:43:51.739139,39.0,37.0,-8.0,-37.0,1.0,-2.0,53.0,70.0,-29.0,2.0,64.0,-52.0,6.240000000000002,47.59,-13.4,-12.59,-1.56,4.04,42.28,37.73,-2.1400000000000006,0.3500000000000001,36.989999999999995,-25.29
2025-08-08T20:43:51.746722,19.0,8.0,28.0,-54.0,-1.0,-25.0,1.0,98.0,-34.0,47.0,56.0,-38.0,-13.759999999999998,18.59,22.6,-29.59,-3.56,-18.96,-9.72,65.72999999999999,-7.140000000000001,45.35,28.99,-11.29
2025-08-08T20:43:51.751598,51.0,51.0,-21.0,-51.0,14.0,43.0,4.0,-29.0,-60.0,34.0,24.0,-48.0,18.240000000000002,61.59,-26.4,-26.59,11.44,49.04,-6.720000000000001,-61.27,-33.14,32.35,-3.0100000000000016,-21.29
2025-08-08T20:43:51.759374,2.0,-21.0,-13.0,-75.0,-28.0,11.0,-30.0,58.0,-10.0,56.0,53.0,-21.0,-30.759999999999998,-10.41,-18.4,-50.59,-30.56,17.04,-40.72,25.729999999999997,16.86,54.35,25.99,5.710000000000001
2025-08-08T20:43:51.763839,-56.0,1.0,-46.0,-23.0,-29.0,-37.0,-6.0,6.0,-17.0,40.0,2.0,-12.0,-88.75999999999999,11.59,-51.4,1.4100000000000001,-31.56,-30.96,-16.72,-26.270000000000003,9.86,38.35,-25.01,14.71
2025-08-08T20:43:51.771777,80.0,-23.0,-58.0,-17.0,-38.0,-24.0,-12.0,42.0,-24.0,62.0,45.0,-3.0,47.24,-12.41,-63.4,7.41,-40.56,-17.96,-22.72,9.729999999999997,2.8599999999999994,60.35,17.99,23.71
2025-08-08T20:43:51.776303,48.0,8.0,-54.0,-21.0,-15.0,17.0,4.0,52.0,-64.0,6.0,117.0,-49.0,15.240000000000002,18.59,-59.4,3.41,-17.56,23.04,-6.720000000000001,19.729999999999997,-37.14,4.35,89.99,-22.29
2025-08-08T20:43:51.783765,65.0,-24.0,-5.0,17.0,21.0,25.0,-38.0,18.0,-50.0,-13.0,-23.0,-39.0,32.24,-13.41,-10.4,41.41,18.44,31.04,-48.72,-14.270000000000003,-23.14,-14.65,-50.010000000000005,-12.29
2025-08-08T20:43:51.788621,66.0,48.0,-15.0,-26.0,8.0,-23.0,-21.0,30.0,-29.0,-3.0,75.0,-17.0,33.24,58.59,-20.4,-1.5899999999999999,5.4399999999999995,-16.96,-31.72,-2.270000000000003,-2.1400000000000006,-4.65,47.989999999999995,9.71
2025-08-08T20:43:51.796143,28.0,25.0,-41.0,-8.0,-6.0,-44.0,62.0,48.0,-66.0,-69.0,34.0,-60.0,-4.759999999999998,35.59,-46.4,16.41,-8.56,-37.96,51.28,15.729999999999997,-39.14,-70.65,6.989999999999998,-33.29
2025-08-08T20:43:51.800593,60.0,-7.0,22.0,-19.0,-43.0,5.0,9.0,28.0,-51.0,-8.0,62.0,-56.0,27.240000000000002,3.59,16.6,5.41,-45.56,11.04,-1.7200000000000006,-4.270000000000003,-24.14,-9.65,34.989999999999995,-29.29
2025-08-08T20:43:51.808268,30.0,-32.0,-21.0,-36.0,-35.0,14.0,4.0,-17.0,-66.0,-17.0,14.0,-24.0,-2.759999999999998,-21.41,-26.4,-11.59,-37.56,20.04,-6.720000000000001,-49.27,-39.14,-18.65,-13.010000000000002,2.710000000000001
2025-08-08T20:43:51.813469,110.0,27.0,-17.0,-19.0,-70.0,-18.0,15.0,44.0,33.0,31.0,68.0,-120.0,77.24000000000001,37.59,-22.4,5.41,-72.56,-11.96,4.279999999999999,11.729999999999997,59.86,29.35,40.989999999999995,-93.28999999999999
2025-08-08T20:43:51.820514,79.0,16.0,-2.0,7.0,1.0,-7.0,-19.0,109.0,-44.0,-22.0,-30.0,-73.0,46.24,26.59,-7.4,31.41,-1.56,-0.96,-29.72,76.72999999999999,-17.14,-23.65,-57.010000000000005,-46.29
2025-08-08T20:43:51.825335,56.0,-37.0,27.0,43.0,69.0,-28.0,19.0,21.0,-23.0,-3.0,-5.0,27.0,23.240000000000002,-26.41,21.6,67.41,66.44,-21.96,8.28,-11.270000000000003,3.8599999999999994,-4.65,-32.010000000000005,53.71
2025-08-08T20:43:51.832688,60.0,-65.0,54.0,-91.0,-3.0,34.0,-1.0,57.0,-59.0,15.0,-5.0,-28.0,27.240000000000002,-54.41,48.6,-66.59,-5.5600000000000005,40.04,-11.72,24.729999999999997,-32.14,13.35,-32.010000000000005,-1.2899999999999991
2025-08-08T20:43:51.837647,142.0,-10.0,38.0,43.0,57.0,24.0,-38.0,44.0,-52.0,-21.0,18.0,1.0,109.24000000000001,0.5899999999999999,32.6,67.41,54.44,30.04,-48.72,11.729999999999997,-25.14,-22.65,-9.010000000000002,27.71
2025-08-08T20:43:51.845182,48.0,-51.0,1.0,-63.0,-73.0,9.0,82.0,37.0,-100.0,-22.0,-16.0,12.0,15.240000000000002,-40.41,-4.4,-38.59,-75.56,15.04,71.28,4.729999999999997,-73.14,-23.65,-43.010000000000005,38.71
2025-08-08T20:43:51.850092,-20.0,29.0,-12.0,9.0,36.0,-44.0,22.0,56.0,-54.0,-48.0,-11.0,-5.0,-52.76,39.59,-17.4,33.41,33.44,-37.96,11.28,23.729999999999997,-27.14,-49.65,-38.010000000000005,21.71
2025-08-08T20:43:51.857475,46.0,48.0,-45.0,-72.0,13.0,-81.0,54.0,-14.0,-92.0,-43.0,42.0,-27.0,13.240000000000002,58.59,-50.4,-47.59,10.44,-74.96,43.28,-46.27,-65.14,-44.65,14.989999999999998,-0.28999999999999915
2025-08-08T20:43:51.862263,6.0,52.0,-62.0,18.0,85.0,18.0,43.0,-24.0,-27.0,-11.0,76.0,-24.0,-26.759999999999998,62.59,-67.4,42.41,82.44,24.04,32.28,-56.27,-0.14000000000000057,-12.65,48.989999999999995,2.710000000000001
2025-08-08T20:43:51.869284,62.0,73.0,-54.0,-25.0,-5.0,-37.0,-1.0,13.0,-52.0,2.0,68.0,-47.0,29.240000000000002,83.59,-59.4,-0.5899999999999999,-7.5600000000000005,-30.96,-11.72,-19.270000000000003,-25.14,0.3500000000000001,40.989999999999995,-20.29
2025-08-08T20:43:51.874616,54.0,45.0,-16.0,7.0,-6.0,12.0,-1.0,39.0,-98.0,19.0,-2.0,-36.0,21.240000000000002,55.59,-21.4,31.41,-8.56,18.04,-11.72,6.729999999999997,-71.14,17.35,-29.01,-9.29
2025-08-08T20:43:51.881622,46.0,53.0,-1.0,-23.0,12.0,-12.0,10.0,2.0,-56.0,1.0,-12.0,-49.0,13.240000000000002,63.59,-6.4,1.4100000000000001,9.44,-5.96,-0.7200000000000006,-30.270000000000003,-29.14,-0.6499999999999999,-39.010000000000005,-22.29
2025-08-08T20:43:51.887243,33.0,-18.0,-51.0,-5.0,37.0,12.0,96.0,3.0,-17.0,-35.0,-23.0,-5.0,0.240000000000002,-7.41,-56.4,19.41,34.44,18.04,85.28,-29.270000000000003,9.86,-36.65,-50.010000000000005,21.71
2025-08-08T20:43:51.894076,3.0,64.0,30.0,-37.0,29.0,14.0,60.0,-28.0,-40.0,-52.0,29.0,-39.0,-29.759999999999998,74.59,24.6,-12.59,26.44,20.04,49.28,-60.27,-13.14,-53.65,1.9899999999999984,-12.29
2025-08-08T20:43:51.899492,-5.0,-14.0,7.0,-38.0,-34.0,-9.0,41.0,6.0,55.0,-36.0,70.0,-2.0,-37.76,-3.41,1.5999999999999996,-13.59,-36.56,-2.96,30.28,-26.270000000000003,81.86,-37.65,42.989999999999995,24.71
2025-08-08T20:43:51.906239,38.0,18.0,-96.0,-5.0,-41.0,17.0,33.0,96.0,-2.0,-30.0,9.0,-14.0,5.240000000000002,28.59,-101.4,19.41,-43.56,23.04,22.28,63.73,24.86,-31.65,-18.01,12.71
2025-08-08T20:43:51.911440,42.0,-48.0,-79.0,-13.0,11.0,2.0,7.0,26.0,-72.0,5.0,45.0,-97.0,9.240000000000002,-37.41,-84.4,11.41,8.44,8.04,-3.7200000000000006,-6.270000000000003,-45.14,3.35,17.99,-70.28999999999999
2025-08-08T20:43:51.918233,90.0,22.0,-28.0,34.0,-39.0,25.0,25.0,55.0,-32.0,29.0,45.0,-107.0,57.24,32.59,-33.4,58.41,-41.56,31.04,14.28,22.729999999999997,-5.140000000000001,27.35,17.99,-80.28999999999999
2025-08-08T20:43:51.923859,36.0,-42.0,41.0,14.0,94.0,-21.0,17.0,92.0,-41.0,-40.0,-10.0,-68.0,3.240000000000002,-31.41,35.6,38.41,91.44,-14.96,6.279999999999999,59.73,-14.14,-41.65,-37.010000000000005,-41.29
2025-08-08T20:43:51.931076,91.0,-28.0,22.0,-18.0,23.0,-24.0,-30.0,111.0,-2.0,22.0,62.0,-29.0,58.24,-17.41,16.6,6.41,20.44,-17.96,-40.72,78.72999999999999,24.86,20.35,34.989999999999995,-2.289999999999999
2025-08-08T20:43:51.937876,53.0,-1.0,30.0,24.0,2.0,8.0,-15.0,105.0,-94.0,-17.0,-24.0,3.0,20.240000000000002,9.59,24.6,48.41,-0.56,14.04,-25.72,72.72999999999999,-67.14,-18.65,-51.010000000000005,29.71
2025-08-08T20:43:51.942562,3.0,32.0,-14.0,-61.0,-28.0,-26.0,6.0,91.0,-94.0,5.0,3.0,0.0,-29.759999999999998,42.59,-19.4,-36.59,-30.56,-19.96,-4.720000000000001,58.73,-67.14,3.35,-24.01,26.71
2025-08-08T20:43:51.948637,-23.0,-26.0,43.0,13.0,22.0,42.0,58.0,78.0,-57.0,-54.0,16.0,-24.0,-55.76,-15.41,37.6,37.41,19.44,48.04,47.28,45.73,-30.14,-55.65,-11.010000000000002,2.710000000000001
2025-08-08T20:43:51.953530,-23.0,-36.0,-9.0,-22.0,70.0,15.0,5.0,41.0,-67.0,-38.0,62.0,-11.0,-55.76,-25.41,-14.4,2.41,67.44,21.04,-5.720000000000001,8.729999999999997,-40.14,-39.65,34.989999999999995,15.71
2025-08-08T20:43:51.960548,-3.0,9.0,-42.0,31.0,27.0,11.0,12.0,34.0,-71.0,-21.0,58.0,-24.0,-35.76,19.59,-47.4,55.41,24.44,17.04,1.2799999999999994,1.7299999999999969,-44.14,-22.65,30.99,2.710000000000001
2025-08-08T20:43:51.965753,53.0,15.0,53.0,-52.0,-3.0,-10.0,7.0,55.0,-76.0,-68.0,-44.0,-38.0,20.240000000000002,25.59,47.6,-27.59,-5.5600000000000005,-3.96,-3.7200000000000006,22.729999999999997,-49.14,-69.65,-71.01,-11.29
2025-08-08T20:43:51.973177,57.0,8.0,-30.0,11.0,6.0,-31.0,24.0,20.0,-39.0,-36.0,-22.0,-31.0,24.240000000000002,18.59,-35.4,35.41,3.44,-24.96,13.28,-12.270000000000003,-12.14,-37.65,-49.010000000000005,-4.289999999999999
2025-08-08T20:43:51.980377,-28.0,-60.0,-18.0,8.0,25.0,-9.0,17.0,18.0,-8.0,-43.0,18.0,-53.0,-60.76,-49.41,-23.4,32.41,22.44,-2.96,6.279999999999999,-14.270000000000003,18.86,-44.65,-9.010000000000002,-26.29
2025-08-08T20:43:51.984991,3.0,53.0,-36.0,-43.0,-28.0,19.0,5.0,45.0,25.0,-17.0,39.0,-36.0,-29.759999999999998,63.59,-41.4,-18.59,-30.56,25.04,-5.720000000000001,12.729999999999997,51.86,-18.65,11.989999999999998,-9.29
2025-08-08T20:43:51.990574,66.0,44.0,27.0,-8.0,-7.0,6.0,53.0,37.0,-51.0,40.0,21.0,-47.0,33.24,54.59,21.6,16.41,-9.56,12.04,42.28,4.729999999999997,-24.14,38.35,-6.010000000000002,-20.29
2025-08-08T20:43:51.996576,30.0,3.0,41.0,68.0,-7.0,11.0,63.0,16.0,1.0,-58.0,121.0,-65.0,-2.759999999999998,13.59,35.6,92.41,-9.56,17.04,52.28,-16.270000000000003,27.86,-59.65,93.99,-38.29
2025-08-08T20:43:52.002414,62.0,8.0,-13.0,-38.0,6.0,-26.0,13.0,38.0,-60.0,-24.0,28.0,8.0,29.240000000000002,18.59,-18.4,-13.59,3.44,-19.96,2.2799999999999994,5.729999999999997,-33.14,-25.65,0.9899999999999984,34.71
2025-08-08T20:43:52.008784,-21.0,39.0,61.0,-8.0,72.0,-9.0,35.0,33.0,-9.0,-48.0,19.0,-58.0,-53.76,49.59,55.6,16.41,69.44,-2.96,24.28,0.7299999999999969,17.86,-49.65,-8.010000000000002,-31.29
2025-08-08T20:43:52.014616,63.0,13.0,19.0,6.0,-45.0,7.0,101.0,39.0,-13.0,-31.0,36.0,-51.0,30.240000000000002,23.59,13.6,30.41,-47.56,13.04,90.28,6.729999999999997,13.86,-32.65,8.989999999999998,-24.29
2025-08-08T20:43:52.021221,-30.0,49.0,68.0,14.0,-8.0,-47.0,-26.0,96.0,47.0,-22.0,6.0,17.0,-62.76,59.59,62.6,38.41,-10.56,-40.96,-36.72,63.73,73.86,-23.65,-21.01,43.71
2025-08-08T20:43:52.026467,21.0,-55.0,-67.0,-4.0,-27.0,9.0,1.0,21.0,-13.0,14.0,53.0,-58.0,-11.759999999999998,-44.41,-72.4,20.41,-29.56,15.04,-9.72,-11.270000000000003,13.86,12.35,25.99,-31.29
2025-08-08T20:43:52.034181,0.0,4.0,6.0,4.0,38.0,-23.0,3.0,-15.0,-67.0,-20.0,7.0,-61.0,-32.76,14.59,0.5999999999999996,28.41,35.44,-16.96,-7.720000000000001,-47.27,-40.14,-21.65,-20.01,-34.29
2025-08-08T20:43:52.040191,-31.0,64.0,38.0,-18.0,28.0,2.0,-27.0,30.0,0.0,27.0,35.0,-27.0,-63.76,74.59,32.6,6.41,25.44,8.04,-37.72,-2.270000000000003,26.86,25.35,7.989999999999998,-0.28999999999999915
2025-08-08T20:43:52.048065,35.0,-47.0,-25.0,-41.0,-14.0,44.0,-44.0,119.0,-50.0,-13.0,18.0,-3.0,2.240000000000002,-36.41,-30.4,-16.59,-16.56,50.04,-54.72,86.72999999999999,-23.14,-14.65,-9.010000000000002,23.71
2025-08-08T20:43:52.055265,37.0,-28.0,-69.0,18.0,19.0,-6.0,-15.0,85.0,-17.0,6.0,40.0,-16.0,4.240000000000002,-17.41,-74.4,42.41,16.44,0.040000000000000036,-25.72,52.73,9.86,4.35,12.989999999999998,10.71
2025-08-08T20:43:52.062618,59.0,-27.0,-56.0,-31.0,4.0,-9.0,29.0,-3.0,-110.0,-26.0,19.0,17.0,26.240000000000002,-16.41,-61.4,-6.59,1.44,-2.96,18.28,-35.27,-83.14,-27.65,-8.010000000000002,43.71
2025-08-08T20:43:52.068188,84.0,-28.0,-48.0,-14.0,32.0,23.0,14.0,21.0,-31.0,39.0,41.0,20.0,51.24,-17.41,-53.4,10.41,29.44,29.04,3.2799999999999994,-11.270000000000003,-4.140000000000001,37.35,13.989999999999998,46.71
2025-08-08T20:43:52.073124,38.0,-104.0,-53.0,-8.0,-52.0,-52.0,28.0,39.0,-38.0,-1.0,14.0,61.0,5.240000000000002,-93.41,-58.4,16.41,-54.56,-45.96,17.28,6.729999999999997,-11.14,-2.65,-13.010000000000002,87.71000000000001
2025-08-08T20:43:52.077307,41.0,-25.0,-9.0,-30.0,13.0,-9.0,18.0,12.0,-45.0,-14.0,-5.0,-57.0,8.240000000000002,-14.41,-14.4,-5.59,10.44,-2.96,7.279999999999999,-20.270000000000003,-18.14,-15.65,-32.010000000000005,-30.29
2025-08-08T20:43:52.082024,24.0,-1.0,-48.0,29.0,24.0,-16.0,-12.0,5.0,-72.0,-88.0,39.0,-30.0,-8.759999999999998,9.59,-53.4,53.41,21.44,-9.96,-22.72,-27.270000000000003,-45.14,-89.65,11.989999999999998,-3.289999999999999
2025-08-08T20:43:52.087331,45.0,-66.0,-3.0,-31.0,30.0,-2.0,32.0,135.0,-101.0,-74.0,2.0,0.0,12.240000000000002,-55.41,-8.4,-6.59,27.44,4.04,21.28,102.72999999999999,-74.14,-75.65,-25.01,26.71
2025-08-08T20:43:52.094419,53.0,-36.0,-22.0,-34.0,11.0,-16.0,49.0,69.0,-46.0,-34.0,-13.0,3.0,20.240000000000002,-25.41,-27.4,-9.59,8.44,-9.96,38.28,36.73,-19.14,-35.65,-40.010000000000005,29.71
2025-08-08T20:43:52.099042,71.0,-3.0,-9.0,-23.0,77.0,39.0,16.0,12.0,-53.0,-20.0,11.0,7.0,38.24,7.59,-14.4,1.4100000000000001,74.44,45.04,5.279999999999999,-20.270000000000003,-26.14,-21.65,-16.01,33.71
2025-08-08T20:43:52.103417,83.0,-87.0,29.0,-66.0,-10.0,-31.0,1.0,48.0,-35.0,-51.0,19.0,5.0,50.24,-76.41,23.6,-41.59,-12.56,-24.96,-9.72,15.729999999999997,-8.14,-52.65,-8.010000000000002,31.71
2025-08-08T20:43:52.111484,115.0,8.0,37.0,-74.0,13.0,-50.0,32.0,-39.0,24.0,-14.0,97.0,-34.0,82.24000000000001,18.59,31.6,-49.59,10.44,-43.96,21.28,-71.27000000000001,50.86,-15.65,69.99,-7.289999999999999
2025-08-08T20:43:52.115623,-16.0,-7.0,20.0,60.0,-5.0,-40.0,-9.0,-7.0,35.0,-57.0,47.0,-20.0,-48.76,3.59,14.6,84.41,-7.5600000000000005,-33.96,-19.72,-39.27,61.86,-58.65,19.99,6.710000000000001
2025-08-08T20:43:52.123656,21.0,-58.0,67.0,-82.0,-13.0,-2.0,3.0,-17.0,-58.0,25.0,38.0,-18.0,-11.759999999999998,-47.41,61.6,-57.59,-15.56,4.04,-7.720000000000001,-49.27,-31.14,23.35,10.989999999999998,8.71
2025-08-08T20:43:52.128366,12.0,-53.0,8.0,-46.0,70.0,-4.0,-11.0,-2.0,-58.0,-27.0,-2.0,-49.0,-20.759999999999998,-42.41,2.5999999999999996,-21.59,67.44,2.04,-21.72,-34.27,-31.14,-28.65,-29.01,-22.29
2025-08-08T20:43:52.136041,23.0,-39.0,58.0,-42.0,47.0,-16.0,-35.0,132.0,41.0,-12.0,85.0,-46.0,-9.759999999999998,-28.41,52.6,-17.59,44.44,-9.96,-45.72,99.72999999999999,67.86,-13.65,57.989999999999995,-19.29
2025-08-08T20:43:52.140204,64.0,-3.0,-32.0,-24.0,-17.0,62.0,1.0,80.0,17.0,66.0,39.0,-22.0,31.240000000000002,7.59,-37.4,0.41000000000000014,-19.56,68.04,-9.72,47.73,43.86,64.35,11.989999999999998,4.710000000000001
2025-08-08T20:43:52.147634,45.0,14.0,17.0,-30.0,41.0,-4.0,9.0,31.0,-3.0,15.0,19.0,-49.0,12.240000000000002,24.59,11.6,-5.59,38.44,2.04,-1.7200000000000006,-1.2700000000000031,23.86,13.35,-8.010000000000002,-22.29
2025-08-08T20:43:52.152529,-23.0,38.0,17.0,-23.0,-3.0,-17.0,115.0,101.0,-37.0,0.0,-4.0,-48.0,-55.76,48.59,11.6,1.4100000000000001,-5.5600000000000005,-10.96,104.28,68.72999999999999,-10.14,-1.65,-31.01,-21.29
2025-08-08T20:43:52.160323,42.0,24.0,-80.0,-80.0,-8.0,-1.0,-38.0,128.0,-34.0,-47.0,62.0,3.0,9.240000000000002,34.59,-85.4,-55.59,-10.56,5.04,-48.72,95.72999999999999,-7.140000000000001,-48.65,34.989999999999995,29.71
2025-08-08T20:43:52.164615,26.0,3.0,-74.0,-21.0,50.0,-22.0,10.0,-6.0,-47.0,21.0,-14.0,-43.0,-6.759999999999998,13.59,-79.4,3.41,47.44,-15.96,-0.7200000000000006,-38.27,-20.14,19.35,-41.010000000000005,-16.29
2025-08-08T20:43:52.172126,42.0,19.0,0.0,28.0,-47.0,-18.0,-6.0,102.0,-66.0,59.0,11.0,27.0,9.240000000000002,29.59,-5.4,52.41,-49.56,-11.96,-16.72,69.72999999999999,-39.14,57.35,-16.01,53.71
2025-08-08T20:43:52.177321,107.0,39.0,54.0,-43.0,-19.0,11.0,-84.0,128.0,-37.0,22.0,-3.0,23.0,74.24000000000001,49.59,48.6,-18.59,-21.56,17.04,-94.72,95.72999999999999,-10.14,20.35,-30.01,49.71
2025-08-08T20:43:52.184605,6.0,86.0,50.0,-66.0,-25.0,-17.0,-9.0,13.0,-24.0,-10.0,51.0,-18.0,-26.759999999999998,96.59,44.6,-41.59,-27.56,-10.96,-19.72,-19.270000000000003,2.8599999999999994,-11.65,23.99,8.71
2025-08-08T20:43:52.189422,55.0,-73.0,44.0,-53.0,-4.0,-25.0,62.0,-11.0,4.0,-5.0,36.0,-27.0,22.240000000000002,-62.41,38.6,-28.59,-6.5600000000000005,-18.96,51.28,-43.27,30.86,-6.65,8.989999999999998,-0.28999999999999915
2025-08-08T20:43:52.197064,68.0,-55.0,-57.0,-23.0,24.0,-3.0,23.0,21.0,-26.0,58.0,6.0,6.0,35.24,-44.41,-62.4,1.4100000000000001,21.44,3.04,12.28,-11.270000000000003,0.8599999999999994,56.35,-21.01,32.71
2025-08-08T20:43:52.202215,102.0,-26.0,-51.0,-4.0,65.0,-28.0,5.0,32.0,-57.0,-8.0,46.0,-24.0,69.24000000000001,-15.41,-56.4,20.41,62.44,-21.96,-5.720000000000001,-0.2700000000000031,-30.14,-9.65,18.99,2.710000000000001
2025-08-08T20:43:52.209020,49.0,-35.0,-40.0,-33.0,-18.0,19.0,7.0,-41.0,0.0,-84.0,25.0,-22.0,16.240000000000002,-24.41,-45.4,-8.59,-20.56,25.04,-3.7200000000000006,-73.27000000000001,26.86,-85.65,-2.0100000000000016,4.710000000000001
2025-08-08T20:43:52.214119,82.0,56.0,4.0,-80.0,41.0,14.0,-55.0,1.0,-24.0,0.0,28.0,-10.0,49.24,66.59,-1.4000000000000004,-55.59,38.44,20.04,-65.72,-31.270000000000003,2.8599999999999994,-1.65,0.9899999999999984,16.71
2025-08-08T20:43:52.222065,109.0,17.0,-37.0,-60.0,-12.0,-13.0,-18.0,85.0,-29.0,23.0,28.0,-83.0,76.24000000000001,27.59,-42.4,-35.59,-14.56,-6.96,-28.72,52.73,-2.1400000000000006,21.35,0.9899999999999984,-56.29
2025-08-08T20:43:52.226052,35.0,-78.0,52.0,-97.0,-2.0,-22.0,29.0,73.0,-63.0,2.0,-28.0,-13.0,2.240000000000002,-67.41,46.6,-72.59,-4.5600000000000005,-15.96,18.28,40.73,-36.14,0.3500000000000001,-55.010000000000005,13.71
2025-08-08T20:43:52.233637,109.0,-52.0,77.0,-43.0,-9.0,-22.0,-42.0,-11.0,-23.0,40.0,-19.0,-26.0,76.24000000000001,-41.41,71.6,-18.59,-11.56,-15.96,-52.72,-43.27,3.8599999999999994,38.35,-46.010000000000005,0.7100000000000009
2025-08-08T20:43:52.238679,33.0,-80.0,-28.0,-7.0,33.0,-26.0,-14.0,32.0,-22.0,-32.0,0.0,-45.0,0.240000000000002,-69.41,-33.4,17.41,30.44,-19.96,-24.72,-0.2700000000000031,4.859999999999999,-33.65,-27.01,-18.29
2025-08-08T20:43:52.246283,10.0,-30.0,20.0,-50.0,-29.0,20.0,80.0,5.0,-76.0,-23.0,-9.0,-89.0,-22.759999999999998,-19.41,14.6,-25.59,-31.56,26.04,69.28,-27.270000000000003,-49.14,-24.65,-36.010000000000005,-62.29
2025-08-08T20:43:52.250838,9.0,-18.0,41.0,-18.0,20.0,30.0,61.0,104.0,-46.0,-50.0,17.0,5.0,-23.759999999999998,-7.41,35.6,6.41,17.44,36.04,50.28,71.72999999999999,-19.14,-51.65,-10.010000000000002,31.71
2025-08-08T20:43:52.258116,28.0,87.0,21.0,8.0,25.0,-3.0,21.0,52.0,-2.0,-29.0,53.0,-7.0,-4.759999999999998,97.59,15.6,32.41,22.44,3.04,10.28,19.729999999999997,24.86,-30.65,25.99,19.71
2025-08-08T20:43:52.263051,51.0,75.0,20.0,-38.0,11.0,14.0,-3.0,33.0,-76.0,-48.0,33.0,39.0,18.240000000000002,85.59,14.6,-13.59,8.44,20.04,-13.72,0.7299999999999969,-49.14,-49.65,5.989999999999998,65.71000000000001
2025-08-08T20:43:52.270765,15.0,-15.0,40.0,-29.0,13.0,19.0,-26.0,-20.0,36.0,-49.0,-26.0,16.0,-17.759999999999998,-4.41,34.6,-4.59,10.44,25.04,-36.72,-52.27,62.86,-50.65,-53.010000000000005,42.71
2025-08-08T20:43:52.275655,28.0,-84.0,5.0,6.0,-26.0,-4.0,75.0,25.0,-44.0,-30.0,47.0,-26.0,-4.759999999999998,-73.41,-0.40000000000000036,30.41,-28.56,2.04,64.28,-7.270000000000003,-17.14,-31.65,19.99,0.7100000000000009
2025-08-08T20:43:52.283074,58.0,-27.0,-5.0,-3.0,79.0,-13.0,59.0,-10.0,35.0,24.0,98.0,-41.0,25.240000000000002,-16.41,-10.4,21.41,76.44,-6.96,48.28,-42.27,61.86,22.35,70.99,-14.29
2025-08-08T20:43:52.287361,25.0,-3.0,25.0,-77.0,-50.0,46.0,-14.0,0.0,-31.0,4.0,-38.0,10.0,-7.759999999999998,7.59,19.6,-52.59,-52.56,52.04,-24.72,-32.27,-4.140000000000001,2.35,-65.01,36.71
2025-08-08T20:43:52.294986,84.0,7.0,-36.0,-33.0,43.0,-32.0,6.0,48.0,4.0,-15.0,47.0,20.0,51.24,17.59,-41.4,-8.59,40.44,-25.96,-4.720000000000001,15.729999999999997,30.86,-16.65,19.99,46.71
2025-08-08T20:43:52.299708,47.0,-27.0,17.0,2.0,7.0,-16.0,-55.0,56.0,-24.0,21.0,71.0,-33.0,14.240000000000002,-16.41,11.6,26.41,4.4399999999999995,-9.96,-65.72,23.729999999999997,2.8599999999999994,19.35,43.989999999999995,-6.289999999999999
2025-08-08T20:43:52.307497,47.0,13.0,7.0,-39.0,-30.0,-14.0,-48.0,77.0,32.0,32.0,54.0,5.0,14.240000000000002,23.59,1.5999999999999996,-14.59,-32.56,-7.96,-58.72,44.73,58.86,30.35,26.99,31.71
2025-08-08T20:43:52.312101,9.0,15.0,9.0,-18.0,26.0,8.0,-40.0,82.0,-27.0,17.0,61.0,-68.0,-23.759999999999998,25.59,3.5999999999999996,6.41,23.44,14.04,-50.72,49.73,-0.14000000000000057,15.35,33.989999999999995,-41.29
2025-08-08T20:43:52.319583,85.0,-13.0,-45.0,-9.0,-33.0,-38.0,50.0,47.0,16.0,-12.0,44.0,-24.0,52.24,-2.41,-50.4,15.41,-35.56,-31.96,39.28,14.729999999999997,42.86,-13.65,16.99,2.710000000000001
2025-08-08T20:43:52.324759,33.0,-65.0,-12.0,9.0,-13.0,-55.0,69.0,53.0,-46.0,69.0,-14.0,36.0,0.240000000000002,-54.41,-17.4,33.41,-15.56,-48.96,58.28,20.729999999999997,-19.14,67.35,-41.010000000000005,62.71
2025-08-08T20:43:52.331840,10.0,-27.0,63.0,12.0,-2.0,-3.0,55.0,3.0,-60.0,-19.0,-26.0,-30.0,-22.759999999999998,-16.41,57.6,36.41,-4.5600000000000005,3.04,44.28,-29.270000000000003,-33.14,-20.65,-53.010000000000005,-3.289999999999999
2025-08-08T20:43:52.336855,55.0,-30.0,-14.0,-55.0,19.0,-15.0,84.0,65.0,10.0,-83.0,4.0,-8.0,22.240000000000002,-19.41,-19.4,-30.59,16.44,-8.96,73.28,32.73,36.86,-84.65,-23.01,18.71
2025-08-08T20:43:52.341308,31.0,0.0,-28.0,58.0,54.0,1.0,23.0,10.0,-12.0,8.0,62.0,-39.0,-1.759999999999998,10.59,-33.4,82.41,51.44,7.04,12.28,-22.270000000000003,14.86,6.35,34.989999999999995,-12.29
2025-08-08T20:43:52.348900,12.0,-16.0,33.0,16.0,-4.0,33.0,68.0,-56.0,-18.0,23.0,-19.0,-16.0,-20.759999999999998,-5.41,27.6,40.41,-6.5600000000000005,39.04,57.28,-88.27000000000001,8.86,21.35,-46.010000000000005,10.71
2025-08-08T20:43:52.353448,33.0,-84.0,15.0,-49.0,35.0,-7.0,-32.0,11.0,-29.0,-60.0,79.0,3.0,0.240000000000002,-73.41,9.6,-24.59,32.44,-0.96,-42.72,-21.270000000000003,-2.1400000000000006,-61.65,51.989999999999995,29.71
2025-08-08T20:43:52.361115,40.0,-71.0,71.0,-48.0,-2.0,17.0,18.0,37.0,36.0,43.0,56.0,-40.0,7.240000000000002,-60.41,65.6,-23.59,-4.5600000000000005,23.04,7.279999999999999,4.729999999999997,62.86,41.35,28.99,-13.29
2025-08-08T20:43:52.365440,1.0,-80.0,11.0,-19.0,5.0,-10.0,-6.0,37.0,-44.0,-15.0,58.0,-52.0,-31.759999999999998,-69.41,5.6,5.41,2.44,-3.96,-16.72,4.729999999999997,-17.14,-16.65,30.99,-25.29
2025-08-08T20:43:52.372876,19.0,-3.0,6.0,-46.0,16.0,31.0,-38.0,80.0,13.0,-44.0,41.0,-17.0,-13.759999999999998,7.59,0.5999999999999996,-21.59,13.44,37.04,-48.72,47.73,39.86,-45.65,13.989999999999998,9.71
2025-08-08T20:43:52.377490,62.0,-106.0,38.0,-39.0,-11.0,-38.0,49.0,6.0,-52.0,-12.0,2.0,-41.0,29.240000000000002,-95.41,32.6,-14.59,-13.56,-31.96,38.28,-26.270000000000003,-25.14,-13.65,-25.01,-14.29
2025-08-08T20:43:52.385787,54.0,2.0,33.0,-22.0,-53.0,12.0,40.0,-1.0,-54.0,30.0,34.0,1.0,21.240000000000002,12.59,27.6,2.41,-55.56,18.04,29.28,-33.27,-27.14,28.35,6.989999999999998,27.71
2025-08-08T20:43:52.390744,63.0,-18.0,66.0,55.0,-7.0,-54.0,18.0,58.0,-61.0,-18.0,-25.0,61.0,30.240000000000002,-7.41,60.6,79.41,-9.56,-47.96,7.279999999999999,25.729999999999997,-34.14,-19.65,-52.010000000000005,87.71000000000001
2025-08-08T20:43:52.398240,53.0,57.0,48.0,-32.0,-21.0,-29.0,-30.0,28.0,-72.0,-72.0,46.0,7.0,20.240000000000002,67.59,42.6,-7.59,-23.56,-22.96,-40.72,-4.270000000000003,-45.14,-73.65,18.99,33.71
2025-08-08T20:43:52.402064,-12.0,51.0,-7.0,-66.0,2.0,34.0,-2.0,43.0,-15.0,60.0,-10.0,-54.0,-44.76,61.59,-12.4,-41.59,-0.56,40.04,-12.72,10.729999999999997,11.86,58.35,-37.010000000000005,-27.29
2025-08-08T20:43:52.411245,54.0,-1.0,43.0,-38.0,21.0,-41.0,21.0,38.0,-14.0,-37.0,49.0,-38.0,21.240000000000002,9.59,37.6,-13.59,18.44,-34.96,10.28,5.729999999999997,12.86,-38.65,21.99,-11.29
2025-08-08T20:43:52.418400,23.0,-36.0,34.0,1.0,35.0,13.0,13.0,93.0,14.0,36.0,11.0,4.0,-9.759999999999998,-25.41,28.6,25.41,32.44,19.04,2.2799999999999994,60.73,40.86,34.35,-16.01,30.71
2025-08-08T20:43:52.425356,11.0,0.0,-21.0,-29.0,-6.0,34.0,34.0,-30.0,-15.0,-47.0,-5.0,-33.0,-21.759999999999998,10.59,-26.4,-4.59,-8.56,40.04,23.28,-62.27,11.86,-48.65,-32.010000000000005,-6.289999999999999
2025-08-08T20:43:52.429047,31.0,13.0,20.0,-10.0,-35.0,-30.0,33.0,-20.0,-42.0,3.0,-32.0,17.0,-1.759999999999998,23.59,14.6,14.41,-37.56,-23.96,22.28,-52.27,-15.14,1.35,-59.010000000000005,43.71
2025-08-08T20:43:52.434639,99.0,5.0,-15.0,-59.0,-11.0,-35.0,5.0,19.0,-18.0,-2.0,13.0,17.0,66.24000000000001,15.59,-20.4,-34.59,-13.56,-28.96,-5.720000000000001,-13.270000000000003,8.86,-3.65,-14.010000000000002,43.71
2025-08-08T20:43:52.440066,86.0,-16.0,-27.0,46.0,13.0,-37.0,3.0,20.0,-1.0,14.0,26.0,18.0,53.24,-5.41,-32.4,70.41,10.44,-30.96,-7.720000000000001,-12.270000000000003,25.86,12.35,-1.0100000000000016,44.71
2025-08-08T20:43:52.446927,45.0,32.0,2.0,-26.0,8.0,-41.0,-46.0,48.0,34.0,-66.0,55.0,-49.0,12.240000000000002,42.59,-3.4000000000000004,-1.5899999999999999,5.4399999999999995,-34.96,-56.72,15.729999999999997,60.86,-67.65,27.99,-22.29
2025-08-08T20:43:52.452140,54.0,-12.0,-25.0,-50.0,9.0,-35.0,-51.0,48.0,-92.0,-30.0,27.0,-33.0,21.240000000000002,-1.4100000000000001,-30.4,-25.59,6.4399999999999995,-28.96,-61.72,15.729999999999997,-65.14,-31.65,-0.010000000000001563,-6.289999999999999
2025-08-08T20:43:52.459122,58.0,16.0,4.0,-88.0,-34.0,19.0,46.0,95.0,-27.0,-20.0,15.0,11.0,25.240000000000002,26.59,-1.4000000000000004,-63.59,-36.56,25.04,35.28,62.73,-0.14000000000000057,-21.65,-12.010000000000002,37.71
2025-08-08T20:43:52.463700,25.0,-37.0,-28.0,-15.0,33.0,21.0,-33.0,24.0,-42.0,7.0,-12.0,-31.0,-7.759999999999998,-26.41,-33.4,9.41,30.44,27.04,-43.72,-8.270000000000003,-15.14,5.35,-39.010000000000005,-4.289999999999999
2025-08-08T20:43:52.471495,38.0,-104.0,64.0,-43.0,63.0,-35.0,19.0,20.0,31.0,-31.0,-58.0,68.0,5.240000000000002,-93.41,58.6,-18.59,60.44,-28.96,8.28,-12.270000000000003,57.86,-32.65,-85.01,94.71000000000001
2025-08-08T20:43:52.476025,-8.0,10.0,55.0,-41.0,46.0,-17.0,30.0,-14.0,-41.0,23.0,15.0,-29.0,-40.76,20.59,49.6,-16.59,43.44,-10.96,19.28,-46.27,-14.14,21.35,-12.010000000000002,-2.289999999999999
2025-08-08T20:43:52.483431,17.0,-2.0,57.0,59.0,-49.0,4.0,31.0,26.0,-94.0,-1.0,83.0,-36.0,-15.759999999999998,8.59,51.6,83.41,-51.56,10.04,20.28,-6.270000000000003,-67.14,-2.65,55.989999999999995,-9.29
2025-08-08T20:43:52.488154,3.0,16.0,37.0,25.0,57.0,-4.0,23.0,84.0,-54.0,31.0,46.0,-54.0,-29.759999999999998,26.59,31.6,49.41,54.44,2.04,12.28,51.73,-27.14,29.35,18.99,-27.29
2025-08-08T20:43:52.495930,50.0,39.0,22.0,-161.0,1.0,-52.0,39.0,44.0,43.0,28.0,118.0,-55.0,17.240000000000002,49.59,16.6,-136.59,-1.56,-45.96,28.28,11.729999999999997,69.86,26.35,90.99,-28.29
2025-08-08T20:43:52.500682,86.0,28.0,31.0,-9.0,10.0,-12.0,-2.0,61.0,-10.0,18.0,0.0,-19.0,53.24,38.59,25.6,15.41,7.4399999999999995,-5.96,-12.72,28.729999999999997,16.86,16.35,-27.01,7.710000000000001
2025-08-08T20:43:52.508336,33.0,30.0,-35.0,-37.0,16.0,-36.0,1.0,53.0,-72.0,-4.0,59.0,-60.0,0.240000000000002,40.59,-40.4,-12.59,13.44,-29.96,-9.72,20.729999999999997,-45.14,-5.65,31.99,-33.29
2025-08-08T20:43:52.513039,40.0,-2.0,-20.0,-56.0,-27.0,-16.0,12.0,-48.0,-64.0,-20.0,76.0,-29.0,7.240000000000002,8.59,-25.4,-31.59,-29.56,-9.96,1.2799999999999994,-80.27000000000001,-37.14,-21.65,48.989999999999995,-2.289999999999999
2025-08-08T20:43:52.520566,19.0,35.0,12.0,-38.0,-55.0,29.0,17.0,74.0,-49.0,89.0,10.0,13.0,-13.759999999999998,45.59,6.6,-13.59,-57.56,35.04,6.279999999999999,41.73,-22.14,87.35,-17.01,39.71
2025-08-08T20:43:52.525930,100.0,47.0,7.0,-21.0,66.0,0.0,30.0,59.0,-36.0,45.0,50.0,-61.0,67.24000000000001,57.59,1.5999999999999996,3.41,63.44,6.04,19.28,26.729999999999997,-9.14,43.35,22.99,-34.29
2025-08-08T20:43:52.532958,-10.0,48.0,65.0,-60.0,21.0,18.0,32.0,8.0,-48.0,30.0,-16.0,-25.0,-42.76,58.59,59.6,-35.59,18.44,24.04,21.28,-24.270000000000003,-21.14,28.35,-43.010000000000005,1.7100000000000009
2025-08-08T20:43:52.537539,84.0,21.0,-8.0,-6.0,29.0,-47.0,31.0,66.0,-11.0,29.0,39.0,-99.0,51.24,31.59,-13.4,18.41,26.44,-40.96,20.28,33.73,15.86,27.35,11.989999999999998,-72.28999999999999
2025-08-08T20:43:52.545358,4.0,-25.0,-2.0,48.0,-19.0,30.0,13.0,30.0,-16.0,-11.0,31.0,-76.0,-28.759999999999998,-14.41,-7.4,72.41,-21.56,36.04,2.2799999999999994,-2.270000000000003,10.86,-12.65,3.9899999999999984,-49.29
2025-08-08T20:43:52.549993,86.0,24.0,-7.0,-105.0,25.0,-39.0,-33.0,30.0,-54.0,41.0,43.0,34.0,53.24,34.59,-12.4,-80.59,22.44,-32.96,-43.72,-2.270000000000003,-27.14,39.35,15.989999999999998,60.71
2025-08-08T20:43:52.557407,51.0,-95.0,1.0,-22.0,24.0,-15.0,42.0,4.0,-18.0,75.0,-64.0,-33.0,18.240000000000002,-84.41,-4.4,2.41,21.44,-8.96,31.28,-28.270000000000003,8.86,73.35,-91.01,-6.289999999999999
2025-08-08T20:43:52.562109,99.0,-22.0,-2.0,-64.0,-5.0,51.0,26.0,51.0,0.0,26.0,91.0,31.0,66.24000000000001,-11.41,-7.4,-39.59,-7.5600000000000005,57.04,15.28,18.729999999999997,26.86,24.35,63.989999999999995,57.71
2025-08-08T20:43:52.569725,-11.0,-30.0,-61.0,-22.0,26.0,44.0,20.0,42.0,-63.0,-16.0,-11.0,-40.0,-43.76,-19.41,-66.4,2.41,23.44,50.04,9.28,9.729999999999997,-36.14,-17.65,-38.010000000000005,-13.29
2025-08-08T20:43:52.574484,55.0,-55.0,54.0,-27.0,68.0,-16.0,45.0,53.0,-2.0,-23.0,-2.0,22.0,22.240000000000002,-44.41,48.6,-2.59,65.44,-9.96,34.28,20.729999999999997,24.86,-24.65,-29.01,48.71
2025-08-08T20:43:52.581663,85.0,-75.0,50.0,-5.0,6.0,-29.0,46.0,79.0,-42.0,29.0,60.0,10.0,52.24,-64.41,44.6,19.41,3.44,-22.96,35.28,46.73,-15.14,27.35,32.989999999999995,36.71
2025-08-08T20:43:52.586871,82.0,-74.0,23.0,-54.0,-17.0,-16.0,41.0,69.0,-79.0,-21.0,49.0,2.0,49.24,-63.41,17.6,-29.59,-19.56,-9.96,30.28,36.73,-52.14,-22.65,21.99,28.71
2025-08-08T20:43:52.592148,45.0,-77.0,22.0,3.0,8.0,52.0,24.0,102.0,-63.0,-11.0,49.0,-10.0,12.240000000000002,-66.41,16.6,27.41,5.4399999999999995,58.04,13.28,69.72999999999999,-36.14,-12.65,21.99,16.71
2025-08-08T20:43:52.599476,68.0,-61.0,55.0,-13.0,-16.0,-6.0,28.0,63.0,-72.0,-61.0,48.0,-35.0,35.24,-50.41,49.6,11.41,-18.56,0.040000000000000036,17.28,30.729999999999997,-45.14,-62.65,20.99,-8.29
2025-08-08T20:43:52.604167,108.0,-9.0,4.0,-1.0,32.0,28.0,37.0,87.0,-35.0,-28.0,20.0,44.0,75.24000000000001,1.5899999999999999,-1.4000000000000004,23.41,29.44,34.04,26.28,54.73,-8.14,-29.65,-7.010000000000002,70.71000000000001
2025-08-08T20:43:52.611480,43.0,-53.0,14.0,-35.0,7.0,3.0,77.0,-33.0,-35.0,-60.0,51.0,-45.0,10.240000000000002,-42.41,8.6,-10.59,4.4399999999999995,9.04,66.28,-65.27000000000001,-8.14,-61.65,23.99,-18.29
2025-08-08T20:43:52.616203,19.0,3.0,22.0,-17.0,-2.0,28.0,56.0,28.0,-6.0,75.0,0.0,-24.0,-13.759999999999998,13.59,16.6,7.41,-4.5600000000000005,34.04,45.28,-4.270000000000003,20.86,73.35,-27.01,2.710000000000001
2025-08-08T20:43:52.624168,63.0,-42.0,-27.0,-9.0,-37.0,-7.0,-31.0,-51.0,-6.0,49.0,9.0,-39.0,30.240000000000002,-31.41,-32.4,15.41,-39.56,-0.96,-41.72,-83.27000000000001,20.86,47.35,-18.01,-12.29
2025-08-08T20:43:52.628580,12.0,-69.0,68.0,5.0,-38.0,-35.0,79.0,25.0,-14.0,60.0,52.0,-40.0,-20.759999999999998,-58.41,62.6,29.41,-40.56,-28.96,68.28,-7.270000000000003,12.86,58.35,24.99,-13.29
2025-08-08T20:43:52.635552,31.0,41.0,56.0,35.0,18.0,25.0,58.0,-41.0,-15.0,44.0,60.0,-35.0,-1.759999999999998,51.59,50.6,59.41,15.44,31.04,47.28,-73.27000000000001,11.86,42.35,32.989999999999995,-8.29
2025-08-08T20:43:52.640065,4.0,-32.0,42.0,-48.0,-1.0,-9.0,-22.0,31.0,-68.0,57.0,-67.0,-53.0,-28.759999999999998,-21.41,36.6,-23.59,-3.56,-2.96,-32.72,-1.2700000000000031,-41.14,55.35,-94.01,-26.29
2025-08-08T20:43:52.648169,7.0,-14.0,39.0,38.0,-49.0,32.0,-9.0,-13.0,-16.0,-16.0,50.0,-26.0,-25.759999999999998,-3.41,33.6,62.41,-51.56,38.04,-19.72,-45.27,10.86,-17.65,22.99,0.7100000000000009
2025-08-08T20:43:52.652231,46.0,91.0,26.0,-24.0,44.0,38.0,6.0,-4.0,-25.0,-42.0,-55.0,45.0,13.240000000000002,101.59,20.6,0.41000000000000014,41.44,44.04,-4.720000000000001,-36.27,1.8599999999999994,-43.65,-82.01,71.71000000000001
2025-08-08T20:43:52.659898,-5.0,15.0,52.0,-37.0,-34.0,31.0,-19.0,67.0,-19.0,8.0,-6.0,18.0,-37.76,25.59,46.6,-12.59,-36.56,37.04,-29.72,34.73,7.859999999999999,6.35,-33.010000000000005,44.71
2025-08-08T20:43:52.664619,57.0,23.0,-5.0,-43.0,-43.0,-15.0,5.0,40.0,-47.0,-18.0,39.0,21.0,24.240000000000002,33.59,-10.4,-18.59,-45.56,-8.96,-5.720000000000001,7.729999999999997,-20.14,-19.65,11.989999999999998,47.71
2025-08-08T20:43:52.672041,-27.0,10.0,95.0,-100.0,-44.0,1.0,-24.0,52.0,-28.0,63.0,-70.0,18.0,-59.76,20.59,89.6,-75.59,-46.56,7.04,-34.72,19.729999999999997,-1.1400000000000006,61.35,-97.01,44.71
2025-08-08T20:43:52.677837,-49.0,21.0,-42.0,-59.0,-4.0,-2.0,-5.0,10.0,-14.0,-52.0,53.0,19.0,-81.75999999999999,31.59,-47.4,-34.59,-6.5600000000000005,4.04,-15.72,-22.270000000000003,12.86,-53.65,25.99,45.71
2025-08-08T20:43:52.684945,31.0,-32.0,-23.0,-39.0,100.0,29.0,-5.0,-14.0,22.0,40.0,5.0,-47.0,-1.759999999999998,-21.41,-28.4,-14.59,97.44,35.04,-15.72,-46.27,48.86,38.35,-22.01,-20.29
2025-08-08T20:43:52.690188,47.0,29.0,19.0,-7.0,-40.0,81.0,24.0,23.0,-27.0,61.0,54.0,-12.0,14.240000000000002,39.59,13.6,17.41,-42.56,87.04,13.28,-9.270000000000003,-0.14000000000000057,59.35,26.99,14.71
2025-08-08T20:43:52.697083,91.0,-20.0,-35.0,-2.0,46.0,33.0,23.0,35.0,-25.0,-68.0,-5.0,-5.0,58.24,-9.41,-40.4,22.41,43.44,39.04,12.28,2.729999999999997,1.8599999999999994,-69.65,-32.010000000000005,21.71
2025-08-08T20:43:52.701612,-14.0,17.0,55.0,23.0,4.0,-47.0,46.0,5.0,-21.0,-27.0,26.0,-12.0,-46.76,27.59,49.6,47.41,1.44,-40.96,35.28,-27.270000000000003,5.859999999999999,-28.65,-1.0100000000000016,14.71
2025-08-08T20:43:52.709145,104.0,-1.0,59.0,-73.0,-8.0,28.0,-35.0,11.0,9.0,-44.0,36.0,-40.0,71.24000000000001,9.59,53.6,-48.59,-10.56,34.04,-45.72,-21.270000000000003,35.86,-45.65,8.989999999999998,-13.29
2025-08-08T20:43:52.713932,37.0,-82.0,-57.0,-69.0,45.0,-7.0,24.0,43.0,19.0,25.0,14.0,-35.0,4.240000000000002,-71.41,-62.4,-44.59,42.44,-0.96,13.28,10.729999999999997,45.86,23.35,-13.010000000000002,-8.29
2025-08-08T20:43:52.721491,61.0,-74.0,-12.0,-33.0,-32.0,9.0,-21.0,36.0,-17.0,-44.0,33.0,-14.0,28.240000000000002,-63.41,-17.4,-8.59,-34.56,15.04,-31.72,3.729999999999997,9.86,-45.65,5.989999999999998,12.71
2025-08-08T20:43:52.725795,98.0,11.0,65.0,-46.0,-58.0,-51.0,17.0,32.0,-71.0,-4.0,28.0,7.0,65.24000000000001,21.59,59.6,-21.59,-60.56,-44.96,6.279999999999999,-0.2700000000000031,-44.14,-5.65,0.9899999999999984,33.71
2025-08-08T20:43:52.733722,74.0,-61.0,34.0,-57.0,-27.0,-9.0,25.0,90.0,-65.0,13.0,-41.0,-17.0,41.24,-50.41,28.6,-32.59,-29.56,-2.96,14.28,57.73,-38.14,11.35,-68.01,9.71
2025-08-08T20:43:52.738252,-24.0,-12.0,24.0,-22.0,-53.0,6.0,58.0,-9.0,-45.0,11.0,20.0,-29.0,-56.76,-1.4100000000000001,18.6,2.41,-55.56,12.04,47.28,-41.27,-18.14,9.35,-7.010000000000002,-2.289999999999999
2025-08-08T20:43:52.745560,-25.0,21.0,76.0,-79.0,10.0,-11.0,-35.0,5.0,-39.0,-42.0,56.0,-25.0,-57.76,31.59,70.6,-54.59,7.4399999999999995,-4.96,-45.72,-27.270000000000003,-12.14,-43.65,28.99,1.7100000000000009
2025-08-08T20:43:52.750503,-10.0,62.0,80.0,-46.0,11.0,-13.0,47.0,61.0,16.0,-42.0,40.0,29.0,-42.76,72.59,74.6,-21.59,8.44,-6.96,36.28,28.729999999999997,42.86,-43.65,12.989999999999998,55.71
2025-08-08T20:43:52.757807,-1.0,-57.0,34.0,21.0,35.0,-35.0,11.0,72.0,36.0,11.0,10.0,-27.0,-33.76,-46.41,28.6,45.41,32.44,-28.96,0.27999999999999936,39.73,62.86,9.35,-17.01,-0.28999999999999915
2025-08-08T20:43:52.762820,56.0,-11.0,3.0,-47.0,5.0,49.0,1.0,73.0,-63.0,-26.0,46.0,-61.0,23.240000000000002,-0.41000000000000014,-2.4000000000000004,-22.59,2.44,55.04,-9.72,40.73,-36.14,-27.65,18.99,-34.29
2025-08-08T20:43:52.770302,98.0,-3.0,1.0,-19.0,-1.0,20.0,96.0,-2.0,8.0,-37.0,80.0,-11.0,65.24000000000001,7.59,-4.4,5.41,-3.56,26.04,85.28,-34.27,34.86,-38.65,52.989999999999995,15.71
2025-08-08T20:43:52.775537,77.0,39.0,71.0,-66.0,-35.0,55.0,12.0,52.0,-44.0,-4.0,67.0,-32.0,44.24,49.59,65.6,-41.59,-37.56,61.04,1.2799999999999994,19.729999999999997,-17.14,-5.65,39.989999999999995,-5.289999999999999
2025-08-08T20:43:52.782724,4.0,-3.0,36.0,-5.0,-13.0,9.0,-22.0,44.0,-17.0,-34.0,23.0,-44.0,-28.759999999999998,7.59,30.6,19.41,-15.56,15.04,-32.72,11.729999999999997,9.86,-35.65,-4.010000000000002,-17.29
2025-08-08T20:43:52.787343,28.0,-5.0,65.0,-54.0,-60.0,-16.0,13.0,82.0,-21.0,-34.0,49.0,-57.0,-4.759999999999998,5.59,59.6,-29.59,-62.56,-9.96,2.2799999999999994,49.73,5.859999999999999,-35.65,21.99,-30.29
2025-08-08T20:43:52.794677,4.0,-18.0,-4.0,-45.0,-5.0,22.0,41.0,-5.0,4.0,-34.0,82.0,-52.0,-28.759999999999998,-7.41,-9.4,-20.59,-7.5600000000000005,28.04,30.28,-37.27,30.86,-35.65,54.989999999999995,-25.29
2025-08-08T20:43:52.799649,38.0,18.0,31.0,4.0,27.0,-5.0,-13.0,98.0,1.0,1.0,91.0,-34.0,5.240000000000002,28.59,25.6,28.41,24.44,1.04,-23.72,65.72999999999999,27.86,-0.6499999999999999,63.989999999999995,-7.289999999999999
2025-08-08T20:43:52.804452,-6.0,31.0,20.0,-26.0,3.0,19.0,10.0,41.0,9.0,-30.0,46.0,-23.0,-38.76,41.59,14.6,-1.5899999999999999,0.43999999999999995,25.04,-0.7200000000000006,8.729999999999997,35.86,-31.65,18.99,3.710000000000001
